ISO-10303-21;
HEADER;
/* Generated by software containing ST-Developer
 * from STEP Tools, Inc. (www.steptools.com) 
 */

FILE_DESCRIPTION(
/* description */ (''),
/* implementation_level */ '2;1');

FILE_NAME(
/* name */ 'Foot.step',
/* time_stamp */ '2026-08-13T12:53:03-04:00',
/* author */ (''),
/* organization */ (''),
/* preprocessor_version */ 'ST-DEVELOPER v20.1',
/* originating_system */ 'Autodesk Translation Framework v15.8.0.0',
/* authorisation */ '');

FILE_SCHEMA (('AUTOMOTIVE_DESIGN { 1 0 10303 214 3 1 1 }'));
ENDSEC;

DATA;
#10=MECHANICAL_DESIGN_GEOMETRIC_PRESENTATION_REPRESENTATION('',(#17),#4308);
#11=ITEM_DEFINED_TRANSFORMATION($,$,#2474,#2769);
#12=(
REPRESENTATION_RELATIONSHIP($,$,#4319,#4318)
REPRESENTATION_RELATIONSHIP_WITH_TRANSFORMATION(#11)
SHAPE_REPRESENTATION_RELATIONSHIP()
);
#13=CONTEXT_DEPENDENT_SHAPE_REPRESENTATION(#12,#4317);
#14=NEXT_ASSEMBLY_USAGE_OCCURRENCE('Foot:1','Foot:1','Foot:1',#4321,#4322,
'Foot:1');
#15=SHAPE_REPRESENTATION_RELATIONSHIP('SRR','None',#4319,#16);
#16=ADVANCED_BREP_SHAPE_REPRESENTATION('',(#18),#4307);
#17=STYLED_ITEM('',(#4334),#18);
#18=MANIFOLD_SOLID_BREP('RightFootMount',#2460);
#19=B_SPLINE_CURVE_WITH_KNOTS('',3,(#3923,#3924,#3925,#3926,#3927,#3928,
#3929,#3930),.UNSPECIFIED.,.F.,.F.,(4,2,2,4),(-0.0151750438825876,-0.00653108228464935,
-0.00220910148568019,0.00211287931328897),.UNSPECIFIED.);
#20=CONICAL_SURFACE('',#2576,50.6724144791388,2.62131374753064E-5);
#21=CONICAL_SURFACE('',#2580,300.179855351614,0.775416166724704);
#22=CONICAL_SURFACE('',#2604,2.,0.785398163397426);
#23=CONICAL_SURFACE('',#2605,2.,0.785398163397426);
#24=CONICAL_SURFACE('',#2606,2.,0.785398163397426);
#25=CONICAL_SURFACE('',#2635,2.,0.785398163397454);
#26=CONICAL_SURFACE('',#2636,2.,0.785398163397454);
#27=CONICAL_SURFACE('',#2637,2.,0.785398163397422);
#28=CONICAL_SURFACE('',#2638,2.,0.785398163397422);
#29=CONICAL_SURFACE('',#2762,4.59999999999999,0.785398163397454);
#30=CONICAL_SURFACE('',#2763,4.59999999999999,0.785398163397454);
#31=CONICAL_SURFACE('',#2764,4.59999999999999,0.785398163397454);
#32=CONICAL_SURFACE('',#2765,4.59999999999999,0.785398163397454);
#33=CONICAL_SURFACE('',#2766,4.59999999999999,0.785398163397454);
#34=CONICAL_SURFACE('',#2767,4.59999999999999,0.785398163397454);
#35=ELLIPSE('',#2551,70.7106940718748,50.000000000006);
#36=ELLIPSE('',#2558,155.531343796369,49.8978806158318);
#37=ELLIPSE('',#2581,397.214296128083,303.367300870175);
#38=(
BOUNDED_CURVE()
B_SPLINE_CURVE(2,(#3788,#3789,#3790),.UNSPECIFIED.,.F.,.F.)
B_SPLINE_CURVE_WITH_KNOTS((3,3),(24.7244565512053,28.2735286587605),
 .UNSPECIFIED.)
CURVE()
GEOMETRIC_REPRESENTATION_ITEM()
RATIONAL_B_SPLINE_CURVE((1.03345379333955,1.03299414345129,1.03171321168067))
REPRESENTATION_ITEM('')
);
#39=(
BOUNDED_CURVE()
B_SPLINE_CURVE(2,(#3830,#3831,#3832),.UNSPECIFIED.,.F.,.F.)
B_SPLINE_CURVE_WITH_KNOTS((3,3),(6.90924079251408,16.4376554132854),
 .UNSPECIFIED.)
CURVE()
GEOMETRIC_REPRESENTATION_ITEM()
RATIONAL_B_SPLINE_CURVE((1.0157338244028,1.02299589409216,1.02036427805205))
REPRESENTATION_ITEM('')
);
#40=(
BOUNDED_CURVE()
B_SPLINE_CURVE(2,(#3848,#3849,#3850),.UNSPECIFIED.,.F.,.F.)
B_SPLINE_CURVE_WITH_KNOTS((3,3),(25.7277582462974,29.5265454341382),
 .UNSPECIFIED.)
CURVE()
GEOMETRIC_REPRESENTATION_ITEM()
RATIONAL_B_SPLINE_CURVE((1.03885998341771,1.03950720518246,1.03949835047638))
REPRESENTATION_ITEM('')
);
#41=(
BOUNDED_CURVE()
B_SPLINE_CURVE(2,(#3887,#3888,#3889),.UNSPECIFIED.,.F.,.F.)
B_SPLINE_CURVE_WITH_KNOTS((3,3),(-30.7076221838489,-22.3207953100731),
 .UNSPECIFIED.)
CURVE()
GEOMETRIC_REPRESENTATION_ITEM()
RATIONAL_B_SPLINE_CURVE((0.998426440606545,0.998338660530817,0.998416207062809))
REPRESENTATION_ITEM('')
);
#42=(
BOUNDED_CURVE()
B_SPLINE_CURVE(2,(#3893,#3894,#3895),.UNSPECIFIED.,.F.,.F.)
B_SPLINE_CURVE_WITH_KNOTS((3,3),(-31.703910536701,-28.3455639780759),
 .UNSPECIFIED.)
CURVE()
GEOMETRIC_REPRESENTATION_ITEM()
RATIONAL_B_SPLINE_CURVE((1.04388346245153,1.04398839468839,1.04357868701186))
REPRESENTATION_ITEM('')
);
#43=LINE('',#3672,#235);
#44=LINE('',#3676,#236);
#45=LINE('',#3680,#237);
#46=LINE('',#3684,#238);
#47=LINE('',#3686,#239);
#48=LINE('',#3687,#240);
#49=LINE('',#3692,#241);
#50=LINE('',#3696,#242);
#51=LINE('',#3698,#243);
#52=LINE('',#3700,#244);
#53=LINE('',#3704,#245);
#54=LINE('',#3706,#246);
#55=LINE('',#3708,#247);
#56=LINE('',#3712,#248);
#57=LINE('',#3713,#249);
#58=LINE('',#3717,#250);
#59=LINE('',#3719,#251);
#60=LINE('',#3721,#252);
#61=LINE('',#3723,#253);
#62=LINE('',#3725,#254);
#63=LINE('',#3727,#255);
#64=LINE('',#3729,#256);
#65=LINE('',#3731,#257);
#66=LINE('',#3733,#258);
#67=LINE('',#3734,#259);
#68=LINE('',#3738,#260);
#69=LINE('',#3740,#261);
#70=LINE('',#3742,#262);
#71=LINE('',#3743,#263);
#72=LINE('',#3747,#264);
#73=LINE('',#3749,#265);
#74=LINE('',#3751,#266);
#75=LINE('',#3752,#267);
#76=LINE('',#3756,#268);
#77=LINE('',#3758,#269);
#78=LINE('',#3760,#270);
#79=LINE('',#3762,#271);
#80=LINE('',#3764,#272);
#81=LINE('',#3766,#273);
#82=LINE('',#3768,#274);
#83=LINE('',#3770,#275);
#84=LINE('',#3772,#276);
#85=LINE('',#3773,#277);
#86=LINE('',#3776,#278);
#87=LINE('',#3778,#279);
#88=LINE('',#3780,#280);
#89=LINE('',#3782,#281);
#90=LINE('',#3784,#282);
#91=LINE('',#3786,#283);
#92=LINE('',#3791,#284);
#93=LINE('',#3793,#285);
#94=LINE('',#3795,#286);
#95=LINE('',#3796,#287);
#96=LINE('',#3800,#288);
#97=LINE('',#3801,#289);
#98=LINE('',#3803,#290);
#99=LINE('',#3805,#291);
#100=LINE('',#3806,#292);
#101=LINE('',#3808,#293);
#102=LINE('',#3810,#294);
#103=LINE('',#3811,#295);
#104=LINE('',#3814,#296);
#105=LINE('',#3816,#297);
#106=LINE('',#3818,#298);
#107=LINE('',#3819,#299);
#108=LINE('',#3821,#300);
#109=LINE('',#3822,#301);
#110=LINE('',#3827,#302);
#111=LINE('',#3829,#303);
#112=LINE('',#3833,#304);
#113=LINE('',#3836,#305);
#114=LINE('',#3838,#306);
#115=LINE('',#3839,#307);
#116=LINE('',#3844,#308);
#117=LINE('',#3845,#309);
#118=LINE('',#3852,#310);
#119=LINE('',#3854,#311);
#120=LINE('',#3857,#312);
#121=LINE('',#3860,#313);
#122=LINE('',#3862,#314);
#123=LINE('',#3866,#315);
#124=LINE('',#3868,#316);
#125=LINE('',#3869,#317);
#126=LINE('',#3871,#318);
#127=LINE('',#3873,#319);
#128=LINE('',#3874,#320);
#129=LINE('',#3876,#321);
#130=LINE('',#3878,#322);
#131=LINE('',#3879,#323);
#132=LINE('',#3881,#324);
#133=LINE('',#3883,#325);
#134=LINE('',#3884,#326);
#135=LINE('',#3890,#327);
#136=LINE('',#3897,#328);
#137=LINE('',#3903,#329);
#138=LINE('',#3932,#330);
#139=LINE('',#3935,#331);
#140=LINE('',#3937,#332);
#141=LINE('',#3943,#333);
#142=LINE('',#3945,#334);
#143=LINE('',#3946,#335);
#144=LINE('',#3950,#336);
#145=LINE('',#3953,#337);
#146=LINE('',#3954,#338);
#147=LINE('',#3956,#339);
#148=LINE('',#3959,#340);
#149=LINE('',#3965,#341);
#150=LINE('',#3971,#342);
#151=LINE('',#3978,#343);
#152=LINE('',#3983,#344);
#153=LINE('',#3985,#345);
#154=LINE('',#3987,#346);
#155=LINE('',#3989,#347);
#156=LINE('',#3991,#348);
#157=LINE('',#3995,#349);
#158=LINE('',#3996,#350);
#159=LINE('',#4001,#351);
#160=LINE('',#4003,#352);
#161=LINE('',#4007,#353);
#162=LINE('',#4009,#354);
#163=LINE('',#4016,#355);
#164=LINE('',#4023,#356);
#165=LINE('',#4030,#357);
#166=LINE('',#4037,#358);
#167=LINE('',#4041,#359);
#168=LINE('',#4043,#360);
#169=LINE('',#4045,#361);
#170=LINE('',#4047,#362);
#171=LINE('',#4049,#363);
#172=LINE('',#4050,#364);
#173=LINE('',#4052,#365);
#174=LINE('',#4053,#366);
#175=LINE('',#4062,#367);
#176=LINE('',#4063,#368);
#177=LINE('',#4067,#369);
#178=LINE('',#4071,#370);
#179=LINE('',#4075,#371);
#180=LINE('',#4079,#372);
#181=LINE('',#4083,#373);
#182=LINE('',#4087,#374);
#183=LINE('',#4091,#375);
#184=LINE('',#4095,#376);
#185=LINE('',#4099,#377);
#186=LINE('',#4103,#378);
#187=LINE('',#4107,#379);
#188=LINE('',#4111,#380);
#189=LINE('',#4115,#381);
#190=LINE('',#4119,#382);
#191=LINE('',#4127,#383);
#192=LINE('',#4128,#384);
#193=LINE('',#4132,#385);
#194=LINE('',#4136,#386);
#195=LINE('',#4140,#387);
#196=LINE('',#4144,#388);
#197=LINE('',#4148,#389);
#198=LINE('',#4152,#390);
#199=LINE('',#4156,#391);
#200=LINE('',#4160,#392);
#201=LINE('',#4164,#393);
#202=LINE('',#4168,#394);
#203=LINE('',#4172,#395);
#204=LINE('',#4176,#396);
#205=LINE('',#4180,#397);
#206=LINE('',#4184,#398);
#207=LINE('',#4192,#399);
#208=LINE('',#4193,#400);
#209=LINE('',#4197,#401);
#210=LINE('',#4201,#402);
#211=LINE('',#4205,#403);
#212=LINE('',#4209,#404);
#213=LINE('',#4213,#405);
#214=LINE('',#4217,#406);
#215=LINE('',#4221,#407);
#216=LINE('',#4225,#408);
#217=LINE('',#4229,#409);
#218=LINE('',#4233,#410);
#219=LINE('',#4237,#411);
#220=LINE('',#4241,#412);
#221=LINE('',#4245,#413);
#222=LINE('',#4249,#414);
#223=LINE('',#4257,#415);
#224=LINE('',#4263,#416);
#225=LINE('',#4269,#417);
#226=LINE('',#4275,#418);
#227=LINE('',#4281,#419);
#228=LINE('',#4287,#420);
#229=LINE('',#4290,#421);
#230=LINE('',#4292,#422);
#231=LINE('',#4294,#423);
#232=LINE('',#4296,#424);
#233=LINE('',#4298,#425);
#234=LINE('',#4300,#426);
#235=VECTOR('',#2888,1000.);
#236=VECTOR('',#2891,10.);
#237=VECTOR('',#2896,18.5);
#238=VECTOR('',#2901,10.);
#239=VECTOR('',#2902,10.);
#240=VECTOR('',#2903,10.);
#241=VECTOR('',#2908,10.);
#242=VECTOR('',#2913,1000.);
#243=VECTOR('',#2914,1000.);
#244=VECTOR('',#2915,1000.);
#245=VECTOR('',#2918,1000.);
#246=VECTOR('',#2919,1000.);
#247=VECTOR('',#2920,1000.);
#248=VECTOR('',#2923,1000.);
#249=VECTOR('',#2924,1000.);
#250=VECTOR('',#2927,1000.);
#251=VECTOR('',#2928,1000.);
#252=VECTOR('',#2929,1000.);
#253=VECTOR('',#2930,1000.);
#254=VECTOR('',#2931,1000.);
#255=VECTOR('',#2932,1000.);
#256=VECTOR('',#2933,1000.);
#257=VECTOR('',#2934,1000.);
#258=VECTOR('',#2935,1000.);
#259=VECTOR('',#2936,1000.);
#260=VECTOR('',#2939,1000.);
#261=VECTOR('',#2940,1000.);
#262=VECTOR('',#2941,1000.);
#263=VECTOR('',#2942,1000.);
#264=VECTOR('',#2945,1000.);
#265=VECTOR('',#2946,1000.);
#266=VECTOR('',#2947,1000.);
#267=VECTOR('',#2948,1000.);
#268=VECTOR('',#2951,1000.);
#269=VECTOR('',#2952,1000.);
#270=VECTOR('',#2953,1000.);
#271=VECTOR('',#2954,1000.);
#272=VECTOR('',#2955,1000.);
#273=VECTOR('',#2956,1000.);
#274=VECTOR('',#2957,1000.);
#275=VECTOR('',#2958,1000.);
#276=VECTOR('',#2959,1000.);
#277=VECTOR('',#2960,1000.);
#278=VECTOR('',#2963,1000.);
#279=VECTOR('',#2964,1000.);
#280=VECTOR('',#2965,1000.);
#281=VECTOR('',#2966,1000.);
#282=VECTOR('',#2967,1000.);
#283=VECTOR('',#2968,1000.);
#284=VECTOR('',#2969,1000.);
#285=VECTOR('',#2970,1000.);
#286=VECTOR('',#2971,1000.);
#287=VECTOR('',#2972,1000.);
#288=VECTOR('',#2975,1000.);
#289=VECTOR('',#2976,1000.);
#290=VECTOR('',#2977,1000.);
#291=VECTOR('',#2978,1000.);
#292=VECTOR('',#2979,1000.);
#293=VECTOR('',#2980,1000.);
#294=VECTOR('',#2981,999.999999999999);
#295=VECTOR('',#2982,999.999999999999);
#296=VECTOR('',#2985,1000.);
#297=VECTOR('',#2986,1000.);
#298=VECTOR('',#2987,1000.);
#299=VECTOR('',#2988,1000.);
#300=VECTOR('',#2989,1000.);
#301=VECTOR('',#2990,1000.);
#302=VECTOR('',#2995,1000.);
#303=VECTOR('',#2996,1000.);
#304=VECTOR('',#2997,1000.);
#305=VECTOR('',#3000,1000.);
#306=VECTOR('',#3001,1000.);
#307=VECTOR('',#3002,1000.);
#308=VECTOR('',#3007,1000.);
#309=VECTOR('',#3008,1000.);
#310=VECTOR('',#3011,1000.);
#311=VECTOR('',#3012,1000.);
#312=VECTOR('',#3015,1000.);
#313=VECTOR('',#3018,10.);
#314=VECTOR('',#3021,1000.);
#315=VECTOR('',#3026,1000.);
#316=VECTOR('',#3027,1000.);
#317=VECTOR('',#3028,1000.);
#318=VECTOR('',#3029,1000.);
#319=VECTOR('',#3030,1000.);
#320=VECTOR('',#3031,1000.);
#321=VECTOR('',#3032,1000.);
#322=VECTOR('',#3033,1000.);
#323=VECTOR('',#3034,1000.);
#324=VECTOR('',#3035,1000.);
#325=VECTOR('',#3036,1000.);
#326=VECTOR('',#3037,1000.);
#327=VECTOR('',#3040,1000.);
#328=VECTOR('',#3043,1000.);
#329=VECTOR('',#3052,1000.);
#330=VECTOR('',#3075,1000.);
#331=VECTOR('',#3078,1000.);
#332=VECTOR('',#3081,1000.);
#333=VECTOR('',#3090,1000.);
#334=VECTOR('',#3091,1000.);
#335=VECTOR('',#3092,1000.);
#336=VECTOR('',#3099,1000.);
#337=VECTOR('',#3102,1000.);
#338=VECTOR('',#3103,1000.);
#339=VECTOR('',#3106,1000.);
#340=VECTOR('',#3111,1000.);
#341=VECTOR('',#3118,2.);
#342=VECTOR('',#3125,2.);
#343=VECTOR('',#3134,2.);
#344=VECTOR('',#3143,2.);
#345=VECTOR('',#3146,2.);
#346=VECTOR('',#3149,2.);
#347=VECTOR('',#3152,1000.);
#348=VECTOR('',#3155,1000.);
#349=VECTOR('',#3160,1000.);
#350=VECTOR('',#3161,1000.);
#351=VECTOR('',#3168,1000.);
#352=VECTOR('',#3171,1000.);
#353=VECTOR('',#3176,1000.);
#354=VECTOR('',#3179,1000.);
#355=VECTOR('',#3186,2.);
#356=VECTOR('',#3195,2.);
#357=VECTOR('',#3204,2.);
#358=VECTOR('',#3213,2.);
#359=VECTOR('',#3220,2.);
#360=VECTOR('',#3223,2.);
#361=VECTOR('',#3226,2.);
#362=VECTOR('',#3229,2.);
#363=VECTOR('',#3232,1000.);
#364=VECTOR('',#3233,1000.);
#365=VECTOR('',#3236,1000.);
#366=VECTOR('',#3237,1000.);
#367=VECTOR('',#3250,10.);
#368=VECTOR('',#3251,1000.);
#369=VECTOR('',#3256,10.);
#370=VECTOR('',#3261,10.);
#371=VECTOR('',#3266,10.);
#372=VECTOR('',#3271,10.);
#373=VECTOR('',#3276,10.);
#374=VECTOR('',#3281,10.);
#375=VECTOR('',#3286,10.);
#376=VECTOR('',#3291,10.);
#377=VECTOR('',#3296,10.);
#378=VECTOR('',#3301,10.);
#379=VECTOR('',#3306,10.);
#380=VECTOR('',#3311,10.);
#381=VECTOR('',#3316,10.);
#382=VECTOR('',#3321,10.);
#383=VECTOR('',#3332,10.);
#384=VECTOR('',#3333,1000.);
#385=VECTOR('',#3338,10.);
#386=VECTOR('',#3343,10.);
#387=VECTOR('',#3348,10.);
#388=VECTOR('',#3353,10.);
#389=VECTOR('',#3358,10.);
#390=VECTOR('',#3363,10.);
#391=VECTOR('',#3368,10.);
#392=VECTOR('',#3373,10.);
#393=VECTOR('',#3378,10.);
#394=VECTOR('',#3383,10.);
#395=VECTOR('',#3388,10.);
#396=VECTOR('',#3393,10.);
#397=VECTOR('',#3398,10.);
#398=VECTOR('',#3403,10.);
#399=VECTOR('',#3414,10.);
#400=VECTOR('',#3415,1000.);
#401=VECTOR('',#3420,10.);
#402=VECTOR('',#3425,10.);
#403=VECTOR('',#3430,10.);
#404=VECTOR('',#3435,10.);
#405=VECTOR('',#3440,10.);
#406=VECTOR('',#3445,10.);
#407=VECTOR('',#3450,10.);
#408=VECTOR('',#3455,10.);
#409=VECTOR('',#3460,10.);
#410=VECTOR('',#3465,10.);
#411=VECTOR('',#3470,10.);
#412=VECTOR('',#3475,10.);
#413=VECTOR('',#3480,10.);
#414=VECTOR('',#3485,10.);
#415=VECTOR('',#3496,2.09999999999999);
#416=VECTOR('',#3503,2.09999999999999);
#417=VECTOR('',#3510,2.09999999999999);
#418=VECTOR('',#3517,2.09999999999999);
#419=VECTOR('',#3524,2.09999999999999);
#420=VECTOR('',#3531,2.09999999999999);
#421=VECTOR('',#3536,4.59999999999999);
#422=VECTOR('',#3539,4.59999999999999);
#423=VECTOR('',#3542,4.59999999999999);
#424=VECTOR('',#3545,4.59999999999999);
#425=VECTOR('',#3548,4.59999999999999);
#426=VECTOR('',#3551,4.59999999999999);
#427=CYLINDRICAL_SURFACE('',#2531,28.5000003367839);
#428=CYLINDRICAL_SURFACE('',#2534,18.5);
#429=CYLINDRICAL_SURFACE('',#2577,28.5000003909203);
#430=CYLINDRICAL_SURFACE('',#2579,49.8978806344734);
#431=CYLINDRICAL_SURFACE('',#2584,28.5000003909202);
#432=CYLINDRICAL_SURFACE('',#2589,50.);
#433=CYLINDRICAL_SURFACE('',#2592,2.);
#434=CYLINDRICAL_SURFACE('',#2595,2.);
#435=CYLINDRICAL_SURFACE('',#2599,2.);
#436=CYLINDRICAL_SURFACE('',#2619,2.);
#437=CYLINDRICAL_SURFACE('',#2623,2.);
#438=CYLINDRICAL_SURFACE('',#2627,2.);
#439=CYLINDRICAL_SURFACE('',#2631,2.);
#440=CYLINDRICAL_SURFACE('',#2645,0.200000000000006);
#441=CYLINDRICAL_SURFACE('',#2647,2.);
#442=CYLINDRICAL_SURFACE('',#2649,0.200000000000033);
#443=CYLINDRICAL_SURFACE('',#2651,0.349999999999961);
#444=CYLINDRICAL_SURFACE('',#2653,0.200000000000006);
#445=CYLINDRICAL_SURFACE('',#2655,1.99999999999997);
#446=CYLINDRICAL_SURFACE('',#2657,0.199999999999978);
#447=CYLINDRICAL_SURFACE('',#2659,0.349999999999989);
#448=CYLINDRICAL_SURFACE('',#2661,0.200000000000006);
#449=CYLINDRICAL_SURFACE('',#2663,1.99999999999997);
#450=CYLINDRICAL_SURFACE('',#2665,0.200000000000006);
#451=CYLINDRICAL_SURFACE('',#2667,0.349999999999961);
#452=CYLINDRICAL_SURFACE('',#2669,0.200000000000006);
#453=CYLINDRICAL_SURFACE('',#2671,2.);
#454=CYLINDRICAL_SURFACE('',#2673,0.200000000000006);
#455=CYLINDRICAL_SURFACE('',#2675,0.349999999999989);
#456=CYLINDRICAL_SURFACE('',#2678,0.199999999999978);
#457=CYLINDRICAL_SURFACE('',#2680,2.);
#458=CYLINDRICAL_SURFACE('',#2682,0.200000000000006);
#459=CYLINDRICAL_SURFACE('',#2684,0.349999999999989);
#460=CYLINDRICAL_SURFACE('',#2686,0.199999999999978);
#461=CYLINDRICAL_SURFACE('',#2688,1.99999999999997);
#462=CYLINDRICAL_SURFACE('',#2690,0.200000000000006);
#463=CYLINDRICAL_SURFACE('',#2692,0.349999999999961);
#464=CYLINDRICAL_SURFACE('',#2694,0.200000000000033);
#465=CYLINDRICAL_SURFACE('',#2696,2.);
#466=CYLINDRICAL_SURFACE('',#2698,0.200000000000006);
#467=CYLINDRICAL_SURFACE('',#2700,0.349999999999989);
#468=CYLINDRICAL_SURFACE('',#2702,0.200000000000033);
#469=CYLINDRICAL_SURFACE('',#2704,2.);
#470=CYLINDRICAL_SURFACE('',#2706,0.200000000000033);
#471=CYLINDRICAL_SURFACE('',#2708,0.349999999999961);
#472=CYLINDRICAL_SURFACE('',#2711,0.200000000000006);
#473=CYLINDRICAL_SURFACE('',#2713,2.00000000000003);
#474=CYLINDRICAL_SURFACE('',#2715,0.199999999999978);
#475=CYLINDRICAL_SURFACE('',#2717,0.349999999999989);
#476=CYLINDRICAL_SURFACE('',#2719,0.200000000000006);
#477=CYLINDRICAL_SURFACE('',#2721,2.);
#478=CYLINDRICAL_SURFACE('',#2723,0.200000000000006);
#479=CYLINDRICAL_SURFACE('',#2725,0.349999999999989);
#480=CYLINDRICAL_SURFACE('',#2727,0.200000000000006);
#481=CYLINDRICAL_SURFACE('',#2729,1.99999999999997);
#482=CYLINDRICAL_SURFACE('',#2731,0.200000000000033);
#483=CYLINDRICAL_SURFACE('',#2733,0.349999999999989);
#484=CYLINDRICAL_SURFACE('',#2735,0.199999999999978);
#485=CYLINDRICAL_SURFACE('',#2737,2.);
#486=CYLINDRICAL_SURFACE('',#2739,0.199999999999978);
#487=CYLINDRICAL_SURFACE('',#2741,0.349999999999989);
#488=CYLINDRICAL_SURFACE('',#2744,2.09999999999999);
#489=CYLINDRICAL_SURFACE('',#2747,2.09999999999999);
#490=CYLINDRICAL_SURFACE('',#2750,2.09999999999999);
#491=CYLINDRICAL_SURFACE('',#2753,2.09999999999999);
#492=CYLINDRICAL_SURFACE('',#2756,2.09999999999999);
#493=CYLINDRICAL_SURFACE('',#2759,2.09999999999999);
#494=FACE_BOUND('',#653,.T.);
#495=FACE_BOUND('',#654,.T.);
#496=FACE_BOUND('',#655,.T.);
#497=FACE_BOUND('',#656,.T.);
#498=FACE_BOUND('',#657,.T.);
#499=FACE_BOUND('',#658,.T.);
#500=FACE_BOUND('',#659,.T.);
#501=FACE_BOUND('',#660,.T.);
#502=FACE_BOUND('',#661,.T.);
#503=FACE_BOUND('',#666,.T.);
#504=FACE_BOUND('',#685,.T.);
#505=FACE_BOUND('',#686,.T.);
#506=FACE_BOUND('',#687,.T.);
#507=FACE_BOUND('',#688,.T.);
#508=FACE_BOUND('',#689,.T.);
#509=FACE_BOUND('',#690,.T.);
#510=FACE_BOUND('',#691,.T.);
#511=FACE_BOUND('',#692,.T.);
#512=FACE_BOUND('',#693,.T.);
#513=FACE_BOUND('',#718,.T.);
#514=FACE_BOUND('',#720,.T.);
#515=FACE_BOUND('',#724,.T.);
#516=FACE_BOUND('',#727,.T.);
#517=FACE_OUTER_BOUND('',#652,.T.);
#518=FACE_OUTER_BOUND('',#662,.T.);
#519=FACE_OUTER_BOUND('',#663,.T.);
#520=FACE_OUTER_BOUND('',#664,.T.);
#521=FACE_OUTER_BOUND('',#665,.T.);
#522=FACE_OUTER_BOUND('',#667,.T.);
#523=FACE_OUTER_BOUND('',#668,.T.);
#524=FACE_OUTER_BOUND('',#669,.T.);
#525=FACE_OUTER_BOUND('',#670,.T.);
#526=FACE_OUTER_BOUND('',#671,.T.);
#527=FACE_OUTER_BOUND('',#672,.T.);
#528=FACE_OUTER_BOUND('',#673,.T.);
#529=FACE_OUTER_BOUND('',#674,.T.);
#530=FACE_OUTER_BOUND('',#675,.T.);
#531=FACE_OUTER_BOUND('',#676,.T.);
#532=FACE_OUTER_BOUND('',#677,.T.);
#533=FACE_OUTER_BOUND('',#678,.T.);
#534=FACE_OUTER_BOUND('',#679,.T.);
#535=FACE_OUTER_BOUND('',#680,.T.);
#536=FACE_OUTER_BOUND('',#681,.T.);
#537=FACE_OUTER_BOUND('',#682,.T.);
#538=FACE_OUTER_BOUND('',#683,.T.);
#539=FACE_OUTER_BOUND('',#684,.T.);
#540=FACE_OUTER_BOUND('',#694,.T.);
#541=FACE_OUTER_BOUND('',#695,.T.);
#542=FACE_OUTER_BOUND('',#696,.T.);
#543=FACE_OUTER_BOUND('',#697,.T.);
#544=FACE_OUTER_BOUND('',#698,.T.);
#545=FACE_OUTER_BOUND('',#699,.T.);
#546=FACE_OUTER_BOUND('',#700,.T.);
#547=FACE_OUTER_BOUND('',#701,.T.);
#548=FACE_OUTER_BOUND('',#702,.T.);
#549=FACE_OUTER_BOUND('',#703,.T.);
#550=FACE_OUTER_BOUND('',#704,.T.);
#551=FACE_OUTER_BOUND('',#705,.T.);
#552=FACE_OUTER_BOUND('',#706,.T.);
#553=FACE_OUTER_BOUND('',#707,.T.);
#554=FACE_OUTER_BOUND('',#708,.T.);
#555=FACE_OUTER_BOUND('',#709,.T.);
#556=FACE_OUTER_BOUND('',#710,.T.);
#557=FACE_OUTER_BOUND('',#711,.T.);
#558=FACE_OUTER_BOUND('',#712,.T.);
#559=FACE_OUTER_BOUND('',#713,.T.);
#560=FACE_OUTER_BOUND('',#714,.T.);
#561=FACE_OUTER_BOUND('',#715,.T.);
#562=FACE_OUTER_BOUND('',#716,.T.);
#563=FACE_OUTER_BOUND('',#717,.T.);
#564=FACE_OUTER_BOUND('',#719,.T.);
#565=FACE_OUTER_BOUND('',#721,.T.);
#566=FACE_OUTER_BOUND('',#722,.T.);
#567=FACE_OUTER_BOUND('',#723,.T.);
#568=FACE_OUTER_BOUND('',#725,.T.);
#569=FACE_OUTER_BOUND('',#726,.T.);
#570=FACE_OUTER_BOUND('',#728,.T.);
#571=FACE_OUTER_BOUND('',#729,.T.);
#572=FACE_OUTER_BOUND('',#730,.T.);
#573=FACE_OUTER_BOUND('',#731,.T.);
#574=FACE_OUTER_BOUND('',#732,.T.);
#575=FACE_OUTER_BOUND('',#733,.T.);
#576=FACE_OUTER_BOUND('',#734,.T.);
#577=FACE_OUTER_BOUND('',#735,.T.);
#578=FACE_OUTER_BOUND('',#736,.T.);
#579=FACE_OUTER_BOUND('',#737,.T.);
#580=FACE_OUTER_BOUND('',#738,.T.);
#581=FACE_OUTER_BOUND('',#739,.T.);
#582=FACE_OUTER_BOUND('',#740,.T.);
#583=FACE_OUTER_BOUND('',#741,.T.);
#584=FACE_OUTER_BOUND('',#742,.T.);
#585=FACE_OUTER_BOUND('',#743,.T.);
#586=FACE_OUTER_BOUND('',#744,.T.);
#587=FACE_OUTER_BOUND('',#745,.T.);
#588=FACE_OUTER_BOUND('',#746,.T.);
#589=FACE_OUTER_BOUND('',#747,.T.);
#590=FACE_OUTER_BOUND('',#748,.T.);
#591=FACE_OUTER_BOUND('',#749,.T.);
#592=FACE_OUTER_BOUND('',#750,.T.);
#593=FACE_OUTER_BOUND('',#751,.T.);
#594=FACE_OUTER_BOUND('',#752,.T.);
#595=FACE_OUTER_BOUND('',#753,.T.);
#596=FACE_OUTER_BOUND('',#754,.T.);
#597=FACE_OUTER_BOUND('',#755,.T.);
#598=FACE_OUTER_BOUND('',#756,.T.);
#599=FACE_OUTER_BOUND('',#757,.T.);
#600=FACE_OUTER_BOUND('',#758,.T.);
#601=FACE_OUTER_BOUND('',#759,.T.);
#602=FACE_OUTER_BOUND('',#760,.T.);
#603=FACE_OUTER_BOUND('',#761,.T.);
#604=FACE_OUTER_BOUND('',#762,.T.);
#605=FACE_OUTER_BOUND('',#763,.T.);
#606=FACE_OUTER_BOUND('',#764,.T.);
#607=FACE_OUTER_BOUND('',#765,.T.);
#608=FACE_OUTER_BOUND('',#766,.T.);
#609=FACE_OUTER_BOUND('',#767,.T.);
#610=FACE_OUTER_BOUND('',#768,.T.);
#611=FACE_OUTER_BOUND('',#769,.T.);
#612=FACE_OUTER_BOUND('',#770,.T.);
#613=FACE_OUTER_BOUND('',#771,.T.);
#614=FACE_OUTER_BOUND('',#772,.T.);
#615=FACE_OUTER_BOUND('',#773,.T.);
#616=FACE_OUTER_BOUND('',#774,.T.);
#617=FACE_OUTER_BOUND('',#775,.T.);
#618=FACE_OUTER_BOUND('',#776,.T.);
#619=FACE_OUTER_BOUND('',#777,.T.);
#620=FACE_OUTER_BOUND('',#778,.T.);
#621=FACE_OUTER_BOUND('',#779,.T.);
#622=FACE_OUTER_BOUND('',#780,.T.);
#623=FACE_OUTER_BOUND('',#781,.T.);
#624=FACE_OUTER_BOUND('',#782,.T.);
#625=FACE_OUTER_BOUND('',#783,.T.);
#626=FACE_OUTER_BOUND('',#784,.T.);
#627=FACE_OUTER_BOUND('',#785,.T.);
#628=FACE_OUTER_BOUND('',#786,.T.);
#629=FACE_OUTER_BOUND('',#787,.T.);
#630=FACE_OUTER_BOUND('',#788,.T.);
#631=FACE_OUTER_BOUND('',#789,.T.);
#632=FACE_OUTER_BOUND('',#790,.T.);
#633=FACE_OUTER_BOUND('',#791,.T.);
#634=FACE_OUTER_BOUND('',#792,.T.);
#635=FACE_OUTER_BOUND('',#793,.T.);
#636=FACE_OUTER_BOUND('',#794,.T.);
#637=FACE_OUTER_BOUND('',#795,.T.);
#638=FACE_OUTER_BOUND('',#796,.T.);
#639=FACE_OUTER_BOUND('',#797,.T.);
#640=FACE_OUTER_BOUND('',#798,.T.);
#641=FACE_OUTER_BOUND('',#799,.T.);
#642=FACE_OUTER_BOUND('',#800,.T.);
#643=FACE_OUTER_BOUND('',#801,.T.);
#644=FACE_OUTER_BOUND('',#802,.T.);
#645=FACE_OUTER_BOUND('',#803,.T.);
#646=FACE_OUTER_BOUND('',#804,.T.);
#647=FACE_OUTER_BOUND('',#805,.T.);
#648=FACE_OUTER_BOUND('',#806,.T.);
#649=FACE_OUTER_BOUND('',#807,.T.);
#650=FACE_OUTER_BOUND('',#808,.T.);
#651=FACE_OUTER_BOUND('',#809,.T.);
#652=EDGE_LOOP('',(#1558));
#653=EDGE_LOOP('',(#1559,#1560,#1561,#1562,#1563,#1564,#1565,#1566,#1567,
#1568,#1569,#1570,#1571,#1572,#1573,#1574));
#654=EDGE_LOOP('',(#1575,#1576,#1577,#1578,#1579,#1580,#1581,#1582,#1583,
#1584,#1585,#1586,#1587,#1588,#1589,#1590));
#655=EDGE_LOOP('',(#1591,#1592,#1593,#1594,#1595,#1596,#1597,#1598,#1599,
#1600,#1601,#1602,#1603,#1604,#1605,#1606));
#656=EDGE_LOOP('',(#1607));
#657=EDGE_LOOP('',(#1608));
#658=EDGE_LOOP('',(#1609));
#659=EDGE_LOOP('',(#1610));
#660=EDGE_LOOP('',(#1611));
#661=EDGE_LOOP('',(#1612));
#662=EDGE_LOOP('',(#1613,#1614,#1615,#1616));
#663=EDGE_LOOP('',(#1617,#1618,#1619,#1620));
#664=EDGE_LOOP('',(#1621,#1622,#1623,#1624));
#665=EDGE_LOOP('',(#1625,#1626,#1627,#1628,#1629));
#666=EDGE_LOOP('',(#1630));
#667=EDGE_LOOP('',(#1631,#1632,#1633,#1634,#1635,#1636,#1637,#1638,#1639,
#1640,#1641,#1642));
#668=EDGE_LOOP('',(#1643,#1644,#1645,#1646,#1647,#1648,#1649,#1650,#1651,
#1652));
#669=EDGE_LOOP('',(#1653,#1654,#1655,#1656));
#670=EDGE_LOOP('',(#1657,#1658,#1659,#1660));
#671=EDGE_LOOP('',(#1661,#1662,#1663,#1664,#1665,#1666,#1667,#1668,#1669,
#1670));
#672=EDGE_LOOP('',(#1671,#1672,#1673,#1674,#1675,#1676,#1677,#1678,#1679,
#1680,#1681,#1682,#1683));
#673=EDGE_LOOP('',(#1684,#1685,#1686,#1687,#1688,#1689,#1690,#1691,#1692,
#1693));
#674=EDGE_LOOP('',(#1694,#1695,#1696,#1697,#1698,#1699,#1700,#1701));
#675=EDGE_LOOP('',(#1702,#1703,#1704,#1705,#1706,#1707,#1708));
#676=EDGE_LOOP('',(#1709,#1710,#1711,#1712));
#677=EDGE_LOOP('',(#1713,#1714,#1715,#1716));
#678=EDGE_LOOP('',(#1717,#1718,#1719,#1720,#1721,#1722));
#679=EDGE_LOOP('',(#1723,#1724,#1725,#1726,#1727));
#680=EDGE_LOOP('',(#1728,#1729,#1730,#1731,#1732));
#681=EDGE_LOOP('',(#1733,#1734,#1735,#1736,#1737,#1738,#1739,#1740,#1741,
#1742,#1743,#1744,#1745,#1746,#1747,#1748));
#682=EDGE_LOOP('',(#1749,#1750,#1751,#1752,#1753));
#683=EDGE_LOOP('',(#1754,#1755,#1756,#1757,#1758,#1759,#1760));
#684=EDGE_LOOP('',(#1761,#1762,#1763,#1764,#1765,#1766));
#685=EDGE_LOOP('',(#1767));
#686=EDGE_LOOP('',(#1768));
#687=EDGE_LOOP('',(#1769));
#688=EDGE_LOOP('',(#1770));
#689=EDGE_LOOP('',(#1771));
#690=EDGE_LOOP('',(#1772));
#691=EDGE_LOOP('',(#1773));
#692=EDGE_LOOP('',(#1774));
#693=EDGE_LOOP('',(#1775));
#694=EDGE_LOOP('',(#1776,#1777,#1778,#1779,#1780));
#695=EDGE_LOOP('',(#1781,#1782,#1783,#1784,#1785,#1786,#1787));
#696=EDGE_LOOP('',(#1788,#1789,#1790,#1791,#1792));
#697=EDGE_LOOP('',(#1793,#1794,#1795,#1796,#1797,#1798,#1799));
#698=EDGE_LOOP('',(#1800,#1801,#1802,#1803));
#699=EDGE_LOOP('',(#1804,#1805,#1806,#1807,#1808));
#700=EDGE_LOOP('',(#1809,#1810,#1811,#1812));
#701=EDGE_LOOP('',(#1813,#1814,#1815,#1816,#1817));
#702=EDGE_LOOP('',(#1818,#1819,#1820,#1821));
#703=EDGE_LOOP('',(#1822,#1823,#1824,#1825,#1826,#1827));
#704=EDGE_LOOP('',(#1828,#1829,#1830));
#705=EDGE_LOOP('',(#1831,#1832,#1833,#1834));
#706=EDGE_LOOP('',(#1835,#1836,#1837,#1838,#1839,#1840));
#707=EDGE_LOOP('',(#1841,#1842,#1843,#1844));
#708=EDGE_LOOP('',(#1845,#1846,#1847,#1848));
#709=EDGE_LOOP('',(#1849));
#710=EDGE_LOOP('',(#1850,#1851,#1852,#1853));
#711=EDGE_LOOP('',(#1854));
#712=EDGE_LOOP('',(#1855));
#713=EDGE_LOOP('',(#1856,#1857,#1858,#1859));
#714=EDGE_LOOP('',(#1860,#1861,#1862,#1863));
#715=EDGE_LOOP('',(#1864,#1865,#1866,#1867));
#716=EDGE_LOOP('',(#1868,#1869,#1870,#1871));
#717=EDGE_LOOP('',(#1872,#1873,#1874,#1875));
#718=EDGE_LOOP('',(#1876));
#719=EDGE_LOOP('',(#1877,#1878,#1879,#1880));
#720=EDGE_LOOP('',(#1881));
#721=EDGE_LOOP('',(#1882,#1883,#1884,#1885));
#722=EDGE_LOOP('',(#1886,#1887,#1888,#1889));
#723=EDGE_LOOP('',(#1890,#1891,#1892,#1893));
#724=EDGE_LOOP('',(#1894));
#725=EDGE_LOOP('',(#1895,#1896,#1897,#1898));
#726=EDGE_LOOP('',(#1899,#1900,#1901,#1902));
#727=EDGE_LOOP('',(#1903));
#728=EDGE_LOOP('',(#1904,#1905,#1906,#1907));
#729=EDGE_LOOP('',(#1908));
#730=EDGE_LOOP('',(#1909,#1910,#1911,#1912));
#731=EDGE_LOOP('',(#1913));
#732=EDGE_LOOP('',(#1914,#1915,#1916,#1917));
#733=EDGE_LOOP('',(#1918));
#734=EDGE_LOOP('',(#1919,#1920,#1921,#1922));
#735=EDGE_LOOP('',(#1923));
#736=EDGE_LOOP('',(#1924,#1925,#1926,#1927));
#737=EDGE_LOOP('',(#1928,#1929,#1930,#1931));
#738=EDGE_LOOP('',(#1932,#1933,#1934,#1935));
#739=EDGE_LOOP('',(#1936,#1937,#1938,#1939));
#740=EDGE_LOOP('',(#1940,#1941,#1942,#1943));
#741=EDGE_LOOP('',(#1944,#1945,#1946,#1947));
#742=EDGE_LOOP('',(#1948,#1949,#1950,#1951,#1952));
#743=EDGE_LOOP('',(#1953,#1954,#1955,#1956,#1957));
#744=EDGE_LOOP('',(#1958,#1959,#1960,#1961,#1962));
#745=EDGE_LOOP('',(#1963,#1964,#1965,#1966,#1967));
#746=EDGE_LOOP('',(#1968,#1969,#1970,#1971));
#747=EDGE_LOOP('',(#1972,#1973,#1974,#1975));
#748=EDGE_LOOP('',(#1976,#1977,#1978,#1979));
#749=EDGE_LOOP('',(#1980,#1981,#1982,#1983));
#750=EDGE_LOOP('',(#1984,#1985,#1986,#1987));
#751=EDGE_LOOP('',(#1988,#1989,#1990,#1991));
#752=EDGE_LOOP('',(#1992,#1993,#1994,#1995));
#753=EDGE_LOOP('',(#1996,#1997,#1998,#1999));
#754=EDGE_LOOP('',(#2000,#2001,#2002,#2003));
#755=EDGE_LOOP('',(#2004,#2005,#2006,#2007));
#756=EDGE_LOOP('',(#2008,#2009,#2010,#2011));
#757=EDGE_LOOP('',(#2012,#2013,#2014,#2015));
#758=EDGE_LOOP('',(#2016,#2017,#2018,#2019));
#759=EDGE_LOOP('',(#2020,#2021,#2022,#2023));
#760=EDGE_LOOP('',(#2024,#2025,#2026,#2027));
#761=EDGE_LOOP('',(#2028,#2029,#2030,#2031));
#762=EDGE_LOOP('',(#2032,#2033,#2034,#2035,#2036,#2037,#2038,#2039,#2040,
#2041,#2042,#2043,#2044,#2045,#2046,#2047));
#763=EDGE_LOOP('',(#2048,#2049,#2050,#2051));
#764=EDGE_LOOP('',(#2052,#2053,#2054,#2055));
#765=EDGE_LOOP('',(#2056,#2057,#2058,#2059));
#766=EDGE_LOOP('',(#2060,#2061,#2062,#2063));
#767=EDGE_LOOP('',(#2064,#2065,#2066,#2067));
#768=EDGE_LOOP('',(#2068,#2069,#2070,#2071));
#769=EDGE_LOOP('',(#2072,#2073,#2074,#2075));
#770=EDGE_LOOP('',(#2076,#2077,#2078,#2079));
#771=EDGE_LOOP('',(#2080,#2081,#2082,#2083));
#772=EDGE_LOOP('',(#2084,#2085,#2086,#2087));
#773=EDGE_LOOP('',(#2088,#2089,#2090,#2091));
#774=EDGE_LOOP('',(#2092,#2093,#2094,#2095));
#775=EDGE_LOOP('',(#2096,#2097,#2098,#2099));
#776=EDGE_LOOP('',(#2100,#2101,#2102,#2103));
#777=EDGE_LOOP('',(#2104,#2105,#2106,#2107));
#778=EDGE_LOOP('',(#2108,#2109,#2110,#2111));
#779=EDGE_LOOP('',(#2112,#2113,#2114,#2115,#2116,#2117,#2118,#2119,#2120,
#2121,#2122,#2123,#2124,#2125,#2126,#2127));
#780=EDGE_LOOP('',(#2128,#2129,#2130,#2131));
#781=EDGE_LOOP('',(#2132,#2133,#2134,#2135));
#782=EDGE_LOOP('',(#2136,#2137,#2138,#2139));
#783=EDGE_LOOP('',(#2140,#2141,#2142,#2143));
#784=EDGE_LOOP('',(#2144,#2145,#2146,#2147));
#785=EDGE_LOOP('',(#2148,#2149,#2150,#2151));
#786=EDGE_LOOP('',(#2152,#2153,#2154,#2155));
#787=EDGE_LOOP('',(#2156,#2157,#2158,#2159));
#788=EDGE_LOOP('',(#2160,#2161,#2162,#2163));
#789=EDGE_LOOP('',(#2164,#2165,#2166,#2167));
#790=EDGE_LOOP('',(#2168,#2169,#2170,#2171));
#791=EDGE_LOOP('',(#2172,#2173,#2174,#2175));
#792=EDGE_LOOP('',(#2176,#2177,#2178,#2179));
#793=EDGE_LOOP('',(#2180,#2181,#2182,#2183));
#794=EDGE_LOOP('',(#2184,#2185,#2186,#2187));
#795=EDGE_LOOP('',(#2188,#2189,#2190,#2191));
#796=EDGE_LOOP('',(#2192,#2193,#2194,#2195,#2196,#2197,#2198,#2199,#2200,
#2201,#2202,#2203,#2204,#2205,#2206,#2207));
#797=EDGE_LOOP('',(#2208,#2209,#2210,#2211,#2212));
#798=EDGE_LOOP('',(#2213,#2214,#2215,#2216,#2217));
#799=EDGE_LOOP('',(#2218,#2219,#2220,#2221,#2222));
#800=EDGE_LOOP('',(#2223,#2224,#2225,#2226,#2227));
#801=EDGE_LOOP('',(#2228,#2229,#2230,#2231,#2232));
#802=EDGE_LOOP('',(#2233,#2234,#2235,#2236,#2237));
#803=EDGE_LOOP('',(#2238,#2239,#2240,#2241,#2242));
#804=EDGE_LOOP('',(#2243,#2244,#2245,#2246,#2247));
#805=EDGE_LOOP('',(#2248,#2249,#2250,#2251,#2252));
#806=EDGE_LOOP('',(#2253,#2254,#2255,#2256,#2257));
#807=EDGE_LOOP('',(#2258,#2259,#2260,#2261,#2262));
#808=EDGE_LOOP('',(#2263,#2264,#2265,#2266,#2267));
#809=EDGE_LOOP('',(#2268,#2269,#2270,#2271));
#810=CIRCLE('',#2476,18.5);
#811=CIRCLE('',#2477,0.200000000000006);
#812=CIRCLE('',#2478,2.);
#813=CIRCLE('',#2479,0.200000000000033);
#814=CIRCLE('',#2480,0.349999999999961);
#815=CIRCLE('',#2481,0.200000000000006);
#816=CIRCLE('',#2482,1.99999999999997);
#817=CIRCLE('',#2483,0.199999999999978);
#818=CIRCLE('',#2484,0.349999999999989);
#819=CIRCLE('',#2485,0.200000000000006);
#820=CIRCLE('',#2486,1.99999999999997);
#821=CIRCLE('',#2487,0.200000000000006);
#822=CIRCLE('',#2488,0.349999999999961);
#823=CIRCLE('',#2489,0.200000000000006);
#824=CIRCLE('',#2490,2.);
#825=CIRCLE('',#2491,0.200000000000006);
#826=CIRCLE('',#2492,0.349999999999989);
#827=CIRCLE('',#2493,0.199999999999978);
#828=CIRCLE('',#2494,2.);
#829=CIRCLE('',#2495,0.200000000000006);
#830=CIRCLE('',#2496,0.349999999999989);
#831=CIRCLE('',#2497,0.199999999999978);
#832=CIRCLE('',#2498,1.99999999999997);
#833=CIRCLE('',#2499,0.200000000000006);
#834=CIRCLE('',#2500,0.349999999999961);
#835=CIRCLE('',#2501,0.200000000000033);
#836=CIRCLE('',#2502,2.);
#837=CIRCLE('',#2503,0.200000000000006);
#838=CIRCLE('',#2504,0.349999999999989);
#839=CIRCLE('',#2505,0.200000000000033);
#840=CIRCLE('',#2506,2.);
#841=CIRCLE('',#2507,0.200000000000033);
#842=CIRCLE('',#2508,0.349999999999961);
#843=CIRCLE('',#2509,0.200000000000006);
#844=CIRCLE('',#2510,2.00000000000003);
#845=CIRCLE('',#2511,0.199999999999978);
#846=CIRCLE('',#2512,0.349999999999989);
#847=CIRCLE('',#2513,0.200000000000006);
#848=CIRCLE('',#2514,2.);
#849=CIRCLE('',#2515,0.200000000000006);
#850=CIRCLE('',#2516,0.349999999999989);
#851=CIRCLE('',#2517,0.200000000000006);
#852=CIRCLE('',#2518,1.99999999999997);
#853=CIRCLE('',#2519,0.200000000000033);
#854=CIRCLE('',#2520,0.349999999999989);
#855=CIRCLE('',#2521,0.199999999999978);
#856=CIRCLE('',#2522,2.);
#857=CIRCLE('',#2523,0.199999999999978);
#858=CIRCLE('',#2524,0.349999999999989);
#859=CIRCLE('',#2525,2.09999999999999);
#860=CIRCLE('',#2526,2.09999999999999);
#861=CIRCLE('',#2527,2.09999999999999);
#862=CIRCLE('',#2528,2.09999999999999);
#863=CIRCLE('',#2529,2.09999999999999);
#864=CIRCLE('',#2530,2.09999999999999);
#865=CIRCLE('',#2532,28.5000003367839);
#866=CIRCLE('',#2533,28.5000003367839);
#867=CIRCLE('',#2535,18.5);
#868=CIRCLE('',#2538,28.5000003909204);
#869=CIRCLE('',#2539,28.5000003909202);
#870=CIRCLE('',#2541,50.6718380907134);
#871=CIRCLE('',#2542,50.);
#872=CIRCLE('',#2554,4371.13213052071);
#873=CIRCLE('',#2556,49.8978806360974);
#874=CIRCLE('',#2563,49.8978806364305);
#875=CIRCLE('',#2564,59.4026033692655);
#876=CIRCLE('',#2566,28.5000003909204);
#877=CIRCLE('',#2567,4.59999999999999);
#878=CIRCLE('',#2568,4.59999999999999);
#879=CIRCLE('',#2569,4.59999999999999);
#880=CIRCLE('',#2570,4.59999999999999);
#881=CIRCLE('',#2571,4.59999999999999);
#882=CIRCLE('',#2572,4.59999999999999);
#883=CIRCLE('',#2573,2.49999999999995);
#884=CIRCLE('',#2574,2.49999999999995);
#885=CIRCLE('',#2575,2.49999999999995);
#886=CIRCLE('',#2578,28.5000003909203);
#887=CIRCLE('',#2585,28.5000003909202);
#888=CIRCLE('',#2593,2.);
#889=CIRCLE('',#2594,2.);
#890=CIRCLE('',#2596,2.);
#891=CIRCLE('',#2597,2.);
#892=CIRCLE('',#2600,2.);
#893=CIRCLE('',#2601,2.);
#894=CIRCLE('',#2609,2.5);
#895=CIRCLE('',#2611,2.5);
#896=CIRCLE('',#2615,2.5);
#897=CIRCLE('',#2618,2.5);
#898=CIRCLE('',#2620,2.);
#899=CIRCLE('',#2621,2.);
#900=CIRCLE('',#2624,2.);
#901=CIRCLE('',#2625,2.);
#902=CIRCLE('',#2628,2.);
#903=CIRCLE('',#2629,2.);
#904=CIRCLE('',#2632,2.);
#905=CIRCLE('',#2633,2.);
#906=CIRCLE('',#2646,0.200000000000006);
#907=CIRCLE('',#2648,2.);
#908=CIRCLE('',#2650,0.200000000000033);
#909=CIRCLE('',#2652,0.349999999999961);
#910=CIRCLE('',#2654,0.200000000000006);
#911=CIRCLE('',#2656,1.99999999999997);
#912=CIRCLE('',#2658,0.199999999999978);
#913=CIRCLE('',#2660,0.349999999999989);
#914=CIRCLE('',#2662,0.200000000000006);
#915=CIRCLE('',#2664,1.99999999999997);
#916=CIRCLE('',#2666,0.200000000000006);
#917=CIRCLE('',#2668,0.349999999999961);
#918=CIRCLE('',#2670,0.200000000000006);
#919=CIRCLE('',#2672,2.);
#920=CIRCLE('',#2674,0.200000000000006);
#921=CIRCLE('',#2676,0.349999999999989);
#922=CIRCLE('',#2679,0.199999999999978);
#923=CIRCLE('',#2681,2.);
#924=CIRCLE('',#2683,0.200000000000006);
#925=CIRCLE('',#2685,0.349999999999989);
#926=CIRCLE('',#2687,0.199999999999978);
#927=CIRCLE('',#2689,1.99999999999997);
#928=CIRCLE('',#2691,0.200000000000006);
#929=CIRCLE('',#2693,0.349999999999961);
#930=CIRCLE('',#2695,0.200000000000033);
#931=CIRCLE('',#2697,2.);
#932=CIRCLE('',#2699,0.200000000000006);
#933=CIRCLE('',#2701,0.349999999999989);
#934=CIRCLE('',#2703,0.200000000000033);
#935=CIRCLE('',#2705,2.);
#936=CIRCLE('',#2707,0.200000000000033);
#937=CIRCLE('',#2709,0.349999999999961);
#938=CIRCLE('',#2712,0.200000000000006);
#939=CIRCLE('',#2714,2.00000000000003);
#940=CIRCLE('',#2716,0.199999999999978);
#941=CIRCLE('',#2718,0.349999999999989);
#942=CIRCLE('',#2720,0.200000000000006);
#943=CIRCLE('',#2722,2.);
#944=CIRCLE('',#2724,0.200000000000006);
#945=CIRCLE('',#2726,0.349999999999989);
#946=CIRCLE('',#2728,0.200000000000006);
#947=CIRCLE('',#2730,1.99999999999997);
#948=CIRCLE('',#2732,0.200000000000033);
#949=CIRCLE('',#2734,0.349999999999989);
#950=CIRCLE('',#2736,0.199999999999978);
#951=CIRCLE('',#2738,2.);
#952=CIRCLE('',#2740,0.199999999999978);
#953=CIRCLE('',#2742,0.349999999999989);
#954=CIRCLE('',#2745,2.09999999999999);
#955=CIRCLE('',#2746,2.09999999999999);
#956=CIRCLE('',#2748,2.09999999999999);
#957=CIRCLE('',#2749,2.09999999999999);
#958=CIRCLE('',#2751,2.09999999999999);
#959=CIRCLE('',#2752,2.09999999999999);
#960=CIRCLE('',#2754,2.09999999999999);
#961=CIRCLE('',#2755,2.09999999999999);
#962=CIRCLE('',#2757,2.09999999999999);
#963=CIRCLE('',#2758,2.09999999999999);
#964=CIRCLE('',#2760,2.09999999999999);
#965=CIRCLE('',#2761,2.09999999999999);
#966=VERTEX_POINT('',#3559);
#967=VERTEX_POINT('',#3561);
#968=VERTEX_POINT('',#3562);
#969=VERTEX_POINT('',#3564);
#970=VERTEX_POINT('',#3566);
#971=VERTEX_POINT('',#3568);
#972=VERTEX_POINT('',#3570);
#973=VERTEX_POINT('',#3572);
#974=VERTEX_POINT('',#3574);
#975=VERTEX_POINT('',#3576);
#976=VERTEX_POINT('',#3578);
#977=VERTEX_POINT('',#3580);
#978=VERTEX_POINT('',#3582);
#979=VERTEX_POINT('',#3584);
#980=VERTEX_POINT('',#3586);
#981=VERTEX_POINT('',#3588);
#982=VERTEX_POINT('',#3590);
#983=VERTEX_POINT('',#3593);
#984=VERTEX_POINT('',#3594);
#985=VERTEX_POINT('',#3596);
#986=VERTEX_POINT('',#3598);
#987=VERTEX_POINT('',#3600);
#988=VERTEX_POINT('',#3602);
#989=VERTEX_POINT('',#3604);
#990=VERTEX_POINT('',#3606);
#991=VERTEX_POINT('',#3608);
#992=VERTEX_POINT('',#3610);
#993=VERTEX_POINT('',#3612);
#994=VERTEX_POINT('',#3614);
#995=VERTEX_POINT('',#3616);
#996=VERTEX_POINT('',#3618);
#997=VERTEX_POINT('',#3620);
#998=VERTEX_POINT('',#3622);
#999=VERTEX_POINT('',#3625);
#1000=VERTEX_POINT('',#3626);
#1001=VERTEX_POINT('',#3628);
#1002=VERTEX_POINT('',#3630);
#1003=VERTEX_POINT('',#3632);
#1004=VERTEX_POINT('',#3634);
#1005=VERTEX_POINT('',#3636);
#1006=VERTEX_POINT('',#3638);
#1007=VERTEX_POINT('',#3640);
#1008=VERTEX_POINT('',#3642);
#1009=VERTEX_POINT('',#3644);
#1010=VERTEX_POINT('',#3646);
#1011=VERTEX_POINT('',#3648);
#1012=VERTEX_POINT('',#3650);
#1013=VERTEX_POINT('',#3652);
#1014=VERTEX_POINT('',#3654);
#1015=VERTEX_POINT('',#3657);
#1016=VERTEX_POINT('',#3659);
#1017=VERTEX_POINT('',#3661);
#1018=VERTEX_POINT('',#3663);
#1019=VERTEX_POINT('',#3665);
#1020=VERTEX_POINT('',#3667);
#1021=VERTEX_POINT('',#3670);
#1022=VERTEX_POINT('',#3671);
#1023=VERTEX_POINT('',#3673);
#1024=VERTEX_POINT('',#3675);
#1025=VERTEX_POINT('',#3679);
#1026=VERTEX_POINT('',#3683);
#1027=VERTEX_POINT('',#3685);
#1028=VERTEX_POINT('',#3689);
#1029=VERTEX_POINT('',#3690);
#1030=VERTEX_POINT('',#3695);
#1031=VERTEX_POINT('',#3697);
#1032=VERTEX_POINT('',#3699);
#1033=VERTEX_POINT('',#3701);
#1034=VERTEX_POINT('',#3703);
#1035=VERTEX_POINT('',#3705);
#1036=VERTEX_POINT('',#3707);
#1037=VERTEX_POINT('',#3709);
#1038=VERTEX_POINT('',#3711);
#1039=VERTEX_POINT('',#3715);
#1040=VERTEX_POINT('',#3716);
#1041=VERTEX_POINT('',#3718);
#1042=VERTEX_POINT('',#3720);
#1043=VERTEX_POINT('',#3722);
#1044=VERTEX_POINT('',#3724);
#1045=VERTEX_POINT('',#3726);
#1046=VERTEX_POINT('',#3728);
#1047=VERTEX_POINT('',#3730);
#1048=VERTEX_POINT('',#3732);
#1049=VERTEX_POINT('',#3736);
#1050=VERTEX_POINT('',#3737);
#1051=VERTEX_POINT('',#3739);
#1052=VERTEX_POINT('',#3741);
#1053=VERTEX_POINT('',#3745);
#1054=VERTEX_POINT('',#3746);
#1055=VERTEX_POINT('',#3748);
#1056=VERTEX_POINT('',#3750);
#1057=VERTEX_POINT('',#3754);
#1058=VERTEX_POINT('',#3755);
#1059=VERTEX_POINT('',#3757);
#1060=VERTEX_POINT('',#3759);
#1061=VERTEX_POINT('',#3761);
#1062=VERTEX_POINT('',#3763);
#1063=VERTEX_POINT('',#3765);
#1064=VERTEX_POINT('',#3767);
#1065=VERTEX_POINT('',#3769);
#1066=VERTEX_POINT('',#3771);
#1067=VERTEX_POINT('',#3775);
#1068=VERTEX_POINT('',#3777);
#1069=VERTEX_POINT('',#3779);
#1070=VERTEX_POINT('',#3781);
#1071=VERTEX_POINT('',#3783);
#1072=VERTEX_POINT('',#3785);
#1073=VERTEX_POINT('',#3787);
#1074=VERTEX_POINT('',#3792);
#1075=VERTEX_POINT('',#3794);
#1076=VERTEX_POINT('',#3798);
#1077=VERTEX_POINT('',#3799);
#1078=VERTEX_POINT('',#3802);
#1079=VERTEX_POINT('',#3804);
#1080=VERTEX_POINT('',#3807);
#1081=VERTEX_POINT('',#3809);
#1082=VERTEX_POINT('',#3813);
#1083=VERTEX_POINT('',#3815);
#1084=VERTEX_POINT('',#3817);
#1085=VERTEX_POINT('',#3820);
#1086=VERTEX_POINT('',#3824);
#1087=VERTEX_POINT('',#3826);
#1088=VERTEX_POINT('',#3828);
#1089=VERTEX_POINT('',#3835);
#1090=VERTEX_POINT('',#3837);
#1091=VERTEX_POINT('',#3841);
#1092=VERTEX_POINT('',#3843);
#1093=VERTEX_POINT('',#3847);
#1094=VERTEX_POINT('',#3851);
#1095=VERTEX_POINT('',#3853);
#1096=VERTEX_POINT('',#3855);
#1097=VERTEX_POINT('',#3859);
#1098=VERTEX_POINT('',#3865);
#1099=VERTEX_POINT('',#3867);
#1100=VERTEX_POINT('',#3870);
#1101=VERTEX_POINT('',#3872);
#1102=VERTEX_POINT('',#3875);
#1103=VERTEX_POINT('',#3877);
#1104=VERTEX_POINT('',#3880);
#1105=VERTEX_POINT('',#3882);
#1106=VERTEX_POINT('',#3886);
#1107=VERTEX_POINT('',#3892);
#1108=VERTEX_POINT('',#3896);
#1109=VERTEX_POINT('',#3898);
#1110=VERTEX_POINT('',#3904);
#1111=VERTEX_POINT('',#3906);
#1112=VERTEX_POINT('',#3908);
#1113=VERTEX_POINT('',#3910);
#1114=VERTEX_POINT('',#3912);
#1115=VERTEX_POINT('',#3914);
#1116=VERTEX_POINT('',#3916);
#1117=VERTEX_POINT('',#3918);
#1118=VERTEX_POINT('',#3920);
#1119=VERTEX_POINT('',#3933);
#1120=VERTEX_POINT('',#3942);
#1121=VERTEX_POINT('',#3944);
#1122=VERTEX_POINT('',#3952);
#1123=VERTEX_POINT('',#3962);
#1124=VERTEX_POINT('',#3964);
#1125=VERTEX_POINT('',#3968);
#1126=VERTEX_POINT('',#3970);
#1127=VERTEX_POINT('',#3975);
#1128=VERTEX_POINT('',#3977);
#1129=VERTEX_POINT('',#3992);
#1130=VERTEX_POINT('',#3997);
#1131=VERTEX_POINT('',#4004);
#1132=VERTEX_POINT('',#4010);
#1133=VERTEX_POINT('',#4013);
#1134=VERTEX_POINT('',#4015);
#1135=VERTEX_POINT('',#4020);
#1136=VERTEX_POINT('',#4022);
#1137=VERTEX_POINT('',#4027);
#1138=VERTEX_POINT('',#4029);
#1139=VERTEX_POINT('',#4034);
#1140=VERTEX_POINT('',#4036);
#1141=VERTEX_POINT('',#4059);
#1142=VERTEX_POINT('',#4060);
#1143=VERTEX_POINT('',#4065);
#1144=VERTEX_POINT('',#4069);
#1145=VERTEX_POINT('',#4073);
#1146=VERTEX_POINT('',#4077);
#1147=VERTEX_POINT('',#4081);
#1148=VERTEX_POINT('',#4085);
#1149=VERTEX_POINT('',#4089);
#1150=VERTEX_POINT('',#4093);
#1151=VERTEX_POINT('',#4097);
#1152=VERTEX_POINT('',#4101);
#1153=VERTEX_POINT('',#4105);
#1154=VERTEX_POINT('',#4109);
#1155=VERTEX_POINT('',#4113);
#1156=VERTEX_POINT('',#4117);
#1157=VERTEX_POINT('',#4124);
#1158=VERTEX_POINT('',#4125);
#1159=VERTEX_POINT('',#4130);
#1160=VERTEX_POINT('',#4134);
#1161=VERTEX_POINT('',#4138);
#1162=VERTEX_POINT('',#4142);
#1163=VERTEX_POINT('',#4146);
#1164=VERTEX_POINT('',#4150);
#1165=VERTEX_POINT('',#4154);
#1166=VERTEX_POINT('',#4158);
#1167=VERTEX_POINT('',#4162);
#1168=VERTEX_POINT('',#4166);
#1169=VERTEX_POINT('',#4170);
#1170=VERTEX_POINT('',#4174);
#1171=VERTEX_POINT('',#4178);
#1172=VERTEX_POINT('',#4182);
#1173=VERTEX_POINT('',#4189);
#1174=VERTEX_POINT('',#4190);
#1175=VERTEX_POINT('',#4195);
#1176=VERTEX_POINT('',#4199);
#1177=VERTEX_POINT('',#4203);
#1178=VERTEX_POINT('',#4207);
#1179=VERTEX_POINT('',#4211);
#1180=VERTEX_POINT('',#4215);
#1181=VERTEX_POINT('',#4219);
#1182=VERTEX_POINT('',#4223);
#1183=VERTEX_POINT('',#4227);
#1184=VERTEX_POINT('',#4231);
#1185=VERTEX_POINT('',#4235);
#1186=VERTEX_POINT('',#4239);
#1187=VERTEX_POINT('',#4243);
#1188=VERTEX_POINT('',#4247);
#1189=VERTEX_POINT('',#4254);
#1190=VERTEX_POINT('',#4255);
#1191=VERTEX_POINT('',#4260);
#1192=VERTEX_POINT('',#4261);
#1193=VERTEX_POINT('',#4266);
#1194=VERTEX_POINT('',#4267);
#1195=VERTEX_POINT('',#4272);
#1196=VERTEX_POINT('',#4273);
#1197=VERTEX_POINT('',#4278);
#1198=VERTEX_POINT('',#4279);
#1199=VERTEX_POINT('',#4284);
#1200=VERTEX_POINT('',#4285);
#1201=EDGE_CURVE('',#966,#966,#810,.T.);
#1202=EDGE_CURVE('',#967,#968,#811,.T.);
#1203=EDGE_CURVE('',#968,#969,#812,.T.);
#1204=EDGE_CURVE('',#969,#970,#813,.T.);
#1205=EDGE_CURVE('',#970,#971,#814,.T.);
#1206=EDGE_CURVE('',#971,#972,#815,.T.);
#1207=EDGE_CURVE('',#972,#973,#816,.T.);
#1208=EDGE_CURVE('',#973,#974,#817,.T.);
#1209=EDGE_CURVE('',#974,#975,#818,.T.);
#1210=EDGE_CURVE('',#975,#976,#819,.T.);
#1211=EDGE_CURVE('',#976,#977,#820,.T.);
#1212=EDGE_CURVE('',#977,#978,#821,.T.);
#1213=EDGE_CURVE('',#978,#979,#822,.T.);
#1214=EDGE_CURVE('',#979,#980,#823,.T.);
#1215=EDGE_CURVE('',#980,#981,#824,.T.);
#1216=EDGE_CURVE('',#981,#982,#825,.T.);
#1217=EDGE_CURVE('',#982,#967,#826,.T.);
#1218=EDGE_CURVE('',#983,#984,#827,.T.);
#1219=EDGE_CURVE('',#984,#985,#828,.T.);
#1220=EDGE_CURVE('',#985,#986,#829,.T.);
#1221=EDGE_CURVE('',#986,#987,#830,.T.);
#1222=EDGE_CURVE('',#987,#988,#831,.T.);
#1223=EDGE_CURVE('',#988,#989,#832,.T.);
#1224=EDGE_CURVE('',#989,#990,#833,.T.);
#1225=EDGE_CURVE('',#990,#991,#834,.T.);
#1226=EDGE_CURVE('',#991,#992,#835,.T.);
#1227=EDGE_CURVE('',#992,#993,#836,.T.);
#1228=EDGE_CURVE('',#993,#994,#837,.T.);
#1229=EDGE_CURVE('',#994,#995,#838,.T.);
#1230=EDGE_CURVE('',#995,#996,#839,.T.);
#1231=EDGE_CURVE('',#996,#997,#840,.T.);
#1232=EDGE_CURVE('',#997,#998,#841,.T.);
#1233=EDGE_CURVE('',#998,#983,#842,.T.);
#1234=EDGE_CURVE('',#999,#1000,#843,.T.);
#1235=EDGE_CURVE('',#1000,#1001,#844,.T.);
#1236=EDGE_CURVE('',#1001,#1002,#845,.T.);
#1237=EDGE_CURVE('',#1002,#1003,#846,.T.);
#1238=EDGE_CURVE('',#1003,#1004,#847,.T.);
#1239=EDGE_CURVE('',#1004,#1005,#848,.T.);
#1240=EDGE_CURVE('',#1005,#1006,#849,.T.);
#1241=EDGE_CURVE('',#1006,#1007,#850,.T.);
#1242=EDGE_CURVE('',#1007,#1008,#851,.T.);
#1243=EDGE_CURVE('',#1008,#1009,#852,.T.);
#1244=EDGE_CURVE('',#1009,#1010,#853,.T.);
#1245=EDGE_CURVE('',#1010,#1011,#854,.T.);
#1246=EDGE_CURVE('',#1011,#1012,#855,.T.);
#1247=EDGE_CURVE('',#1012,#1013,#856,.T.);
#1248=EDGE_CURVE('',#1013,#1014,#857,.T.);
#1249=EDGE_CURVE('',#1014,#999,#858,.T.);
#1250=EDGE_CURVE('',#1015,#1015,#859,.T.);
#1251=EDGE_CURVE('',#1016,#1016,#860,.T.);
#1252=EDGE_CURVE('',#1017,#1017,#861,.T.);
#1253=EDGE_CURVE('',#1018,#1018,#862,.T.);
#1254=EDGE_CURVE('',#1019,#1019,#863,.T.);
#1255=EDGE_CURVE('',#1020,#1020,#864,.T.);
#1256=EDGE_CURVE('',#1021,#1022,#43,.T.);
#1257=EDGE_CURVE('',#1021,#1023,#865,.T.);
#1258=EDGE_CURVE('',#1024,#1023,#44,.T.);
#1259=EDGE_CURVE('',#1022,#1024,#866,.T.);
#1260=EDGE_CURVE('',#966,#1025,#45,.T.);
#1261=EDGE_CURVE('',#1025,#1025,#867,.T.);
#1262=EDGE_CURVE('',#1024,#1026,#46,.T.);
#1263=EDGE_CURVE('',#1023,#1027,#47,.T.);
#1264=EDGE_CURVE('',#1026,#1027,#48,.T.);
#1265=EDGE_CURVE('',#1028,#1029,#868,.T.);
#1266=EDGE_CURVE('',#1027,#1028,#49,.T.);
#1267=EDGE_CURVE('',#1029,#1021,#869,.T.);
#1268=EDGE_CURVE('',#1030,#1026,#50,.T.);
#1269=EDGE_CURVE('',#1030,#1031,#51,.T.);
#1270=EDGE_CURVE('',#1032,#1031,#52,.T.);
#1271=EDGE_CURVE('',#1033,#1032,#870,.T.);
#1272=EDGE_CURVE('',#1033,#1034,#53,.T.);
#1273=EDGE_CURVE('',#1034,#1035,#54,.T.);
#1274=EDGE_CURVE('',#1035,#1036,#55,.T.);
#1275=EDGE_CURVE('',#1036,#1037,#871,.T.);
#1276=EDGE_CURVE('',#1038,#1037,#56,.T.);
#1277=EDGE_CURVE('',#1038,#1022,#57,.T.);
#1278=EDGE_CURVE('',#1039,#1040,#58,.T.);
#1279=EDGE_CURVE('',#1041,#1040,#59,.T.);
#1280=EDGE_CURVE('',#1041,#1042,#60,.T.);
#1281=EDGE_CURVE('',#1042,#1043,#61,.T.);
#1282=EDGE_CURVE('',#1043,#1044,#62,.T.);
#1283=EDGE_CURVE('',#1045,#1044,#63,.T.);
#1284=EDGE_CURVE('',#1045,#1046,#64,.T.);
#1285=EDGE_CURVE('',#1047,#1046,#65,.T.);
#1286=EDGE_CURVE('',#1047,#1048,#66,.T.);
#1287=EDGE_CURVE('',#1039,#1048,#67,.T.);
#1288=EDGE_CURVE('',#1049,#1050,#68,.T.);
#1289=EDGE_CURVE('',#1050,#1051,#69,.T.);
#1290=EDGE_CURVE('',#1051,#1052,#70,.T.);
#1291=EDGE_CURVE('',#1052,#1049,#71,.T.);
#1292=EDGE_CURVE('',#1053,#1054,#72,.T.);
#1293=EDGE_CURVE('',#1053,#1055,#73,.T.);
#1294=EDGE_CURVE('',#1055,#1056,#74,.T.);
#1295=EDGE_CURVE('',#1056,#1054,#75,.T.);
#1296=EDGE_CURVE('',#1057,#1058,#76,.T.);
#1297=EDGE_CURVE('',#1057,#1059,#77,.T.);
#1298=EDGE_CURVE('',#1060,#1059,#78,.T.);
#1299=EDGE_CURVE('',#1060,#1061,#79,.T.);
#1300=EDGE_CURVE('',#1061,#1062,#80,.T.);
#1301=EDGE_CURVE('',#1062,#1063,#81,.T.);
#1302=EDGE_CURVE('',#1064,#1063,#82,.T.);
#1303=EDGE_CURVE('',#1064,#1065,#83,.T.);
#1304=EDGE_CURVE('',#1066,#1065,#84,.T.);
#1305=EDGE_CURVE('',#1066,#1058,#85,.T.);
#1306=EDGE_CURVE('',#1067,#1040,#86,.T.);
#1307=EDGE_CURVE('',#1068,#1067,#87,.T.);
#1308=EDGE_CURVE('',#1068,#1069,#88,.T.);
#1309=EDGE_CURVE('',#1069,#1070,#89,.T.);
#1310=EDGE_CURVE('',#1070,#1071,#90,.T.);
#1311=EDGE_CURVE('',#1071,#1072,#91,.T.);
#1312=EDGE_CURVE('',#1073,#1072,#38,.T.);
#1313=EDGE_CURVE('',#1073,#1064,#92,.T.);
#1314=EDGE_CURVE('',#1063,#1074,#93,.T.);
#1315=EDGE_CURVE('',#1074,#1075,#94,.T.);
#1316=EDGE_CURVE('',#1075,#1041,#95,.T.);
#1317=EDGE_CURVE('',#1076,#1077,#96,.T.);
#1318=EDGE_CURVE('',#1076,#1039,#97,.T.);
#1319=EDGE_CURVE('',#1078,#1048,#98,.T.);
#1320=EDGE_CURVE('',#1078,#1079,#99,.T.);
#1321=EDGE_CURVE('',#1066,#1079,#100,.T.);
#1322=EDGE_CURVE('',#1065,#1080,#101,.T.);
#1323=EDGE_CURVE('',#1080,#1081,#102,.T.);
#1324=EDGE_CURVE('',#1077,#1081,#103,.T.);
#1325=EDGE_CURVE('',#1082,#1031,#104,.T.);
#1326=EDGE_CURVE('',#1083,#1082,#105,.T.);
#1327=EDGE_CURVE('',#1084,#1083,#106,.T.);
#1328=EDGE_CURVE('',#1077,#1084,#107,.T.);
#1329=EDGE_CURVE('',#1081,#1085,#108,.T.);
#1330=EDGE_CURVE('',#1032,#1085,#109,.T.);
#1331=EDGE_CURVE('',#1036,#1086,#35,.T.);
#1332=EDGE_CURVE('',#1035,#1087,#110,.T.);
#1333=EDGE_CURVE('',#1087,#1088,#111,.T.);
#1334=EDGE_CURVE('',#1072,#1088,#39,.T.);
#1335=EDGE_CURVE('',#1071,#1086,#112,.T.);
#1336=EDGE_CURVE('',#1069,#1089,#113,.T.);
#1337=EDGE_CURVE('',#1090,#1068,#114,.T.);
#1338=EDGE_CURVE('',#1089,#1090,#115,.T.);
#1339=EDGE_CURVE('',#1088,#1091,#872,.T.);
#1340=EDGE_CURVE('',#1092,#1087,#116,.T.);
#1341=EDGE_CURVE('',#1091,#1092,#117,.T.);
#1342=EDGE_CURVE('',#1091,#1093,#40,.T.);
#1343=EDGE_CURVE('',#1094,#1092,#118,.T.);
#1344=EDGE_CURVE('',#1095,#1094,#119,.T.);
#1345=EDGE_CURVE('',#1096,#1095,#873,.T.);
#1346=EDGE_CURVE('',#1093,#1096,#120,.T.);
#1347=EDGE_CURVE('',#1097,#1033,#121,.T.);
#1348=EDGE_CURVE('',#1095,#1097,#36,.T.);
#1349=EDGE_CURVE('',#1034,#1094,#122,.T.);
#1350=EDGE_CURVE('',#1074,#1098,#123,.T.);
#1351=EDGE_CURVE('',#1099,#1098,#124,.T.);
#1352=EDGE_CURVE('',#1099,#1056,#125,.T.);
#1353=EDGE_CURVE('',#1055,#1100,#126,.T.);
#1354=EDGE_CURVE('',#1100,#1101,#127,.T.);
#1355=EDGE_CURVE('',#1079,#1101,#128,.T.);
#1356=EDGE_CURVE('',#1078,#1102,#129,.T.);
#1357=EDGE_CURVE('',#1103,#1102,#130,.T.);
#1358=EDGE_CURVE('',#1103,#1050,#131,.T.);
#1359=EDGE_CURVE('',#1049,#1104,#132,.T.);
#1360=EDGE_CURVE('',#1104,#1105,#133,.T.);
#1361=EDGE_CURVE('',#1075,#1105,#134,.T.);
#1362=EDGE_CURVE('',#1106,#1073,#41,.F.);
#1363=EDGE_CURVE('',#1080,#1106,#135,.T.);
#1364=EDGE_CURVE('',#1107,#1106,#42,.T.);
#1365=EDGE_CURVE('',#1108,#1107,#136,.T.);
#1366=EDGE_CURVE('',#1109,#1108,#874,.T.);
#1367=EDGE_CURVE('',#1085,#1109,#875,.T.);
#1368=EDGE_CURVE('',#1090,#1084,#876,.T.);
#1369=EDGE_CURVE('',#1067,#1076,#137,.T.);
#1370=EDGE_CURVE('',#1110,#1110,#877,.T.);
#1371=EDGE_CURVE('',#1111,#1111,#878,.T.);
#1372=EDGE_CURVE('',#1112,#1112,#879,.T.);
#1373=EDGE_CURVE('',#1113,#1113,#880,.T.);
#1374=EDGE_CURVE('',#1114,#1114,#881,.T.);
#1375=EDGE_CURVE('',#1115,#1115,#882,.T.);
#1376=EDGE_CURVE('',#1116,#1116,#883,.T.);
#1377=EDGE_CURVE('',#1117,#1117,#884,.T.);
#1378=EDGE_CURVE('',#1118,#1118,#885,.T.);
#1379=EDGE_CURVE('',#1097,#1109,#19,.T.);
#1380=EDGE_CURVE('',#1029,#1089,#138,.T.);
#1381=EDGE_CURVE('',#1083,#1119,#886,.T.);
#1382=EDGE_CURVE('',#1119,#1028,#139,.T.);
#1383=EDGE_CURVE('',#1096,#1108,#140,.T.);
#1384=EDGE_CURVE('',#1107,#1093,#37,.T.);
#1385=EDGE_CURVE('',#1038,#1120,#141,.T.);
#1386=EDGE_CURVE('',#1120,#1121,#142,.T.);
#1387=EDGE_CURVE('',#1121,#1021,#143,.T.);
#1388=EDGE_CURVE('',#1089,#1121,#887,.T.);
#1389=EDGE_CURVE('',#1070,#1120,#144,.T.);
#1390=EDGE_CURVE('',#1122,#1082,#145,.T.);
#1391=EDGE_CURVE('',#1122,#1119,#146,.T.);
#1392=EDGE_CURVE('',#1037,#1086,#147,.T.);
#1393=EDGE_CURVE('',#1122,#1030,#148,.T.);
#1394=EDGE_CURVE('',#1123,#1123,#888,.T.);
#1395=EDGE_CURVE('',#1123,#1124,#149,.T.);
#1396=EDGE_CURVE('',#1124,#1124,#889,.T.);
#1397=EDGE_CURVE('',#1125,#1125,#890,.T.);
#1398=EDGE_CURVE('',#1125,#1126,#150,.T.);
#1399=EDGE_CURVE('',#1126,#1126,#891,.T.);
#1400=EDGE_CURVE('',#1127,#1127,#892,.T.);
#1401=EDGE_CURVE('',#1127,#1128,#151,.T.);
#1402=EDGE_CURVE('',#1128,#1128,#893,.T.);
#1403=EDGE_CURVE('',#1128,#1116,#152,.T.);
#1404=EDGE_CURVE('',#1126,#1117,#153,.T.);
#1405=EDGE_CURVE('',#1124,#1118,#154,.T.);
#1406=EDGE_CURVE('',#1047,#1102,#155,.T.);
#1407=EDGE_CURVE('',#1046,#1103,#156,.T.);
#1408=EDGE_CURVE('',#1129,#1129,#894,.T.);
#1409=EDGE_CURVE('',#1100,#1057,#157,.T.);
#1410=EDGE_CURVE('',#1058,#1101,#158,.T.);
#1411=EDGE_CURVE('',#1130,#1130,#895,.T.);
#1412=EDGE_CURVE('',#1042,#1105,#159,.T.);
#1413=EDGE_CURVE('',#1104,#1043,#160,.T.);
#1414=EDGE_CURVE('',#1131,#1131,#896,.T.);
#1415=EDGE_CURVE('',#1062,#1098,#161,.T.);
#1416=EDGE_CURVE('',#1061,#1099,#162,.T.);
#1417=EDGE_CURVE('',#1132,#1132,#897,.T.);
#1418=EDGE_CURVE('',#1133,#1133,#898,.T.);
#1419=EDGE_CURVE('',#1133,#1134,#163,.T.);
#1420=EDGE_CURVE('',#1134,#1134,#899,.T.);
#1421=EDGE_CURVE('',#1135,#1135,#900,.T.);
#1422=EDGE_CURVE('',#1135,#1136,#164,.T.);
#1423=EDGE_CURVE('',#1136,#1136,#901,.T.);
#1424=EDGE_CURVE('',#1137,#1137,#902,.T.);
#1425=EDGE_CURVE('',#1137,#1138,#165,.T.);
#1426=EDGE_CURVE('',#1138,#1138,#903,.T.);
#1427=EDGE_CURVE('',#1139,#1139,#904,.T.);
#1428=EDGE_CURVE('',#1139,#1140,#166,.T.);
#1429=EDGE_CURVE('',#1140,#1140,#905,.T.);
#1430=EDGE_CURVE('',#1136,#1131,#167,.T.);
#1431=EDGE_CURVE('',#1134,#1132,#168,.T.);
#1432=EDGE_CURVE('',#1140,#1129,#169,.T.);
#1433=EDGE_CURVE('',#1138,#1130,#170,.T.);
#1434=EDGE_CURVE('',#1059,#1053,#171,.T.);
#1435=EDGE_CURVE('',#1054,#1060,#172,.T.);
#1436=EDGE_CURVE('',#1051,#1045,#173,.T.);
#1437=EDGE_CURVE('',#1044,#1052,#174,.T.);
#1438=EDGE_CURVE('',#1141,#1142,#906,.T.);
#1439=EDGE_CURVE('',#1142,#968,#175,.T.);
#1440=EDGE_CURVE('',#1141,#967,#176,.T.);
#1441=EDGE_CURVE('',#1142,#1143,#907,.T.);
#1442=EDGE_CURVE('',#1143,#969,#177,.T.);
#1443=EDGE_CURVE('',#1143,#1144,#908,.T.);
#1444=EDGE_CURVE('',#1144,#970,#178,.T.);
#1445=EDGE_CURVE('',#1144,#1145,#909,.T.);
#1446=EDGE_CURVE('',#1145,#971,#179,.T.);
#1447=EDGE_CURVE('',#1145,#1146,#910,.T.);
#1448=EDGE_CURVE('',#1146,#972,#180,.T.);
#1449=EDGE_CURVE('',#1146,#1147,#911,.T.);
#1450=EDGE_CURVE('',#1147,#973,#181,.T.);
#1451=EDGE_CURVE('',#1147,#1148,#912,.T.);
#1452=EDGE_CURVE('',#1148,#974,#182,.T.);
#1453=EDGE_CURVE('',#1148,#1149,#913,.T.);
#1454=EDGE_CURVE('',#1149,#975,#183,.T.);
#1455=EDGE_CURVE('',#1149,#1150,#914,.T.);
#1456=EDGE_CURVE('',#1150,#976,#184,.T.);
#1457=EDGE_CURVE('',#1150,#1151,#915,.T.);
#1458=EDGE_CURVE('',#1151,#977,#185,.T.);
#1459=EDGE_CURVE('',#1151,#1152,#916,.T.);
#1460=EDGE_CURVE('',#1152,#978,#186,.T.);
#1461=EDGE_CURVE('',#1152,#1153,#917,.T.);
#1462=EDGE_CURVE('',#1153,#979,#187,.T.);
#1463=EDGE_CURVE('',#1153,#1154,#918,.T.);
#1464=EDGE_CURVE('',#1154,#980,#188,.T.);
#1465=EDGE_CURVE('',#1154,#1155,#919,.T.);
#1466=EDGE_CURVE('',#1155,#981,#189,.T.);
#1467=EDGE_CURVE('',#1155,#1156,#920,.T.);
#1468=EDGE_CURVE('',#1156,#982,#190,.T.);
#1469=EDGE_CURVE('',#1156,#1141,#921,.T.);
#1470=EDGE_CURVE('',#1157,#1158,#922,.T.);
#1471=EDGE_CURVE('',#1158,#984,#191,.T.);
#1472=EDGE_CURVE('',#1157,#983,#192,.T.);
#1473=EDGE_CURVE('',#1158,#1159,#923,.T.);
#1474=EDGE_CURVE('',#1159,#985,#193,.T.);
#1475=EDGE_CURVE('',#1159,#1160,#924,.T.);
#1476=EDGE_CURVE('',#1160,#986,#194,.T.);
#1477=EDGE_CURVE('',#1160,#1161,#925,.T.);
#1478=EDGE_CURVE('',#1161,#987,#195,.T.);
#1479=EDGE_CURVE('',#1161,#1162,#926,.T.);
#1480=EDGE_CURVE('',#1162,#988,#196,.T.);
#1481=EDGE_CURVE('',#1162,#1163,#927,.T.);
#1482=EDGE_CURVE('',#1163,#989,#197,.T.);
#1483=EDGE_CURVE('',#1163,#1164,#928,.T.);
#1484=EDGE_CURVE('',#1164,#990,#198,.T.);
#1485=EDGE_CURVE('',#1164,#1165,#929,.T.);
#1486=EDGE_CURVE('',#1165,#991,#199,.T.);
#1487=EDGE_CURVE('',#1165,#1166,#930,.T.);
#1488=EDGE_CURVE('',#1166,#992,#200,.T.);
#1489=EDGE_CURVE('',#1166,#1167,#931,.T.);
#1490=EDGE_CURVE('',#1167,#993,#201,.T.);
#1491=EDGE_CURVE('',#1167,#1168,#932,.T.);
#1492=EDGE_CURVE('',#1168,#994,#202,.T.);
#1493=EDGE_CURVE('',#1168,#1169,#933,.T.);
#1494=EDGE_CURVE('',#1169,#995,#203,.T.);
#1495=EDGE_CURVE('',#1169,#1170,#934,.T.);
#1496=EDGE_CURVE('',#1170,#996,#204,.T.);
#1497=EDGE_CURVE('',#1170,#1171,#935,.T.);
#1498=EDGE_CURVE('',#1171,#997,#205,.T.);
#1499=EDGE_CURVE('',#1171,#1172,#936,.T.);
#1500=EDGE_CURVE('',#1172,#998,#206,.T.);
#1501=EDGE_CURVE('',#1172,#1157,#937,.T.);
#1502=EDGE_CURVE('',#1173,#1174,#938,.T.);
#1503=EDGE_CURVE('',#1174,#1000,#207,.T.);
#1504=EDGE_CURVE('',#1173,#999,#208,.T.);
#1505=EDGE_CURVE('',#1174,#1175,#939,.T.);
#1506=EDGE_CURVE('',#1175,#1001,#209,.T.);
#1507=EDGE_CURVE('',#1175,#1176,#940,.T.);
#1508=EDGE_CURVE('',#1176,#1002,#210,.T.);
#1509=EDGE_CURVE('',#1176,#1177,#941,.T.);
#1510=EDGE_CURVE('',#1177,#1003,#211,.T.);
#1511=EDGE_CURVE('',#1177,#1178,#942,.T.);
#1512=EDGE_CURVE('',#1178,#1004,#212,.T.);
#1513=EDGE_CURVE('',#1178,#1179,#943,.T.);
#1514=EDGE_CURVE('',#1179,#1005,#213,.T.);
#1515=EDGE_CURVE('',#1179,#1180,#944,.T.);
#1516=EDGE_CURVE('',#1180,#1006,#214,.T.);
#1517=EDGE_CURVE('',#1180,#1181,#945,.T.);
#1518=EDGE_CURVE('',#1181,#1007,#215,.T.);
#1519=EDGE_CURVE('',#1181,#1182,#946,.T.);
#1520=EDGE_CURVE('',#1182,#1008,#216,.T.);
#1521=EDGE_CURVE('',#1182,#1183,#947,.T.);
#1522=EDGE_CURVE('',#1183,#1009,#217,.T.);
#1523=EDGE_CURVE('',#1183,#1184,#948,.T.);
#1524=EDGE_CURVE('',#1184,#1010,#218,.T.);
#1525=EDGE_CURVE('',#1184,#1185,#949,.T.);
#1526=EDGE_CURVE('',#1185,#1011,#219,.T.);
#1527=EDGE_CURVE('',#1185,#1186,#950,.T.);
#1528=EDGE_CURVE('',#1186,#1012,#220,.T.);
#1529=EDGE_CURVE('',#1186,#1187,#951,.T.);
#1530=EDGE_CURVE('',#1187,#1013,#221,.T.);
#1531=EDGE_CURVE('',#1187,#1188,#952,.T.);
#1532=EDGE_CURVE('',#1188,#1014,#222,.T.);
#1533=EDGE_CURVE('',#1188,#1173,#953,.T.);
#1534=EDGE_CURVE('',#1189,#1190,#954,.T.);
#1535=EDGE_CURVE('',#1190,#1015,#223,.T.);
#1536=EDGE_CURVE('',#1190,#1189,#955,.T.);
#1537=EDGE_CURVE('',#1191,#1192,#956,.T.);
#1538=EDGE_CURVE('',#1192,#1016,#224,.T.);
#1539=EDGE_CURVE('',#1192,#1191,#957,.T.);
#1540=EDGE_CURVE('',#1193,#1194,#958,.T.);
#1541=EDGE_CURVE('',#1194,#1017,#225,.T.);
#1542=EDGE_CURVE('',#1194,#1193,#959,.T.);
#1543=EDGE_CURVE('',#1195,#1196,#960,.T.);
#1544=EDGE_CURVE('',#1196,#1018,#226,.T.);
#1545=EDGE_CURVE('',#1196,#1195,#961,.T.);
#1546=EDGE_CURVE('',#1197,#1198,#962,.T.);
#1547=EDGE_CURVE('',#1198,#1019,#227,.T.);
#1548=EDGE_CURVE('',#1198,#1197,#963,.T.);
#1549=EDGE_CURVE('',#1199,#1200,#964,.T.);
#1550=EDGE_CURVE('',#1200,#1020,#228,.T.);
#1551=EDGE_CURVE('',#1200,#1199,#965,.T.);
#1552=EDGE_CURVE('',#1193,#1110,#229,.T.);
#1553=EDGE_CURVE('',#1189,#1111,#230,.T.);
#1554=EDGE_CURVE('',#1199,#1112,#231,.T.);
#1555=EDGE_CURVE('',#1191,#1113,#232,.T.);
#1556=EDGE_CURVE('',#1197,#1114,#233,.T.);
#1557=EDGE_CURVE('',#1195,#1115,#234,.T.);
#1558=ORIENTED_EDGE('',*,*,#1201,.T.);
#1559=ORIENTED_EDGE('',*,*,#1202,.T.);
#1560=ORIENTED_EDGE('',*,*,#1203,.T.);
#1561=ORIENTED_EDGE('',*,*,#1204,.T.);
#1562=ORIENTED_EDGE('',*,*,#1205,.T.);
#1563=ORIENTED_EDGE('',*,*,#1206,.T.);
#1564=ORIENTED_EDGE('',*,*,#1207,.T.);
#1565=ORIENTED_EDGE('',*,*,#1208,.T.);
#1566=ORIENTED_EDGE('',*,*,#1209,.T.);
#1567=ORIENTED_EDGE('',*,*,#1210,.T.);
#1568=ORIENTED_EDGE('',*,*,#1211,.T.);
#1569=ORIENTED_EDGE('',*,*,#1212,.T.);
#1570=ORIENTED_EDGE('',*,*,#1213,.T.);
#1571=ORIENTED_EDGE('',*,*,#1214,.T.);
#1572=ORIENTED_EDGE('',*,*,#1215,.T.);
#1573=ORIENTED_EDGE('',*,*,#1216,.T.);
#1574=ORIENTED_EDGE('',*,*,#1217,.T.);
#1575=ORIENTED_EDGE('',*,*,#1218,.T.);
#1576=ORIENTED_EDGE('',*,*,#1219,.T.);
#1577=ORIENTED_EDGE('',*,*,#1220,.T.);
#1578=ORIENTED_EDGE('',*,*,#1221,.T.);
#1579=ORIENTED_EDGE('',*,*,#1222,.T.);
#1580=ORIENTED_EDGE('',*,*,#1223,.T.);
#1581=ORIENTED_EDGE('',*,*,#1224,.T.);
#1582=ORIENTED_EDGE('',*,*,#1225,.T.);
#1583=ORIENTED_EDGE('',*,*,#1226,.T.);
#1584=ORIENTED_EDGE('',*,*,#1227,.T.);
#1585=ORIENTED_EDGE('',*,*,#1228,.T.);
#1586=ORIENTED_EDGE('',*,*,#1229,.T.);
#1587=ORIENTED_EDGE('',*,*,#1230,.T.);
#1588=ORIENTED_EDGE('',*,*,#1231,.T.);
#1589=ORIENTED_EDGE('',*,*,#1232,.T.);
#1590=ORIENTED_EDGE('',*,*,#1233,.T.);
#1591=ORIENTED_EDGE('',*,*,#1234,.T.);
#1592=ORIENTED_EDGE('',*,*,#1235,.T.);
#1593=ORIENTED_EDGE('',*,*,#1236,.T.);
#1594=ORIENTED_EDGE('',*,*,#1237,.T.);
#1595=ORIENTED_EDGE('',*,*,#1238,.T.);
#1596=ORIENTED_EDGE('',*,*,#1239,.T.);
#1597=ORIENTED_EDGE('',*,*,#1240,.T.);
#1598=ORIENTED_EDGE('',*,*,#1241,.T.);
#1599=ORIENTED_EDGE('',*,*,#1242,.T.);
#1600=ORIENTED_EDGE('',*,*,#1243,.T.);
#1601=ORIENTED_EDGE('',*,*,#1244,.T.);
#1602=ORIENTED_EDGE('',*,*,#1245,.T.);
#1603=ORIENTED_EDGE('',*,*,#1246,.T.);
#1604=ORIENTED_EDGE('',*,*,#1247,.T.);
#1605=ORIENTED_EDGE('',*,*,#1248,.T.);
#1606=ORIENTED_EDGE('',*,*,#1249,.T.);
#1607=ORIENTED_EDGE('',*,*,#1250,.T.);
#1608=ORIENTED_EDGE('',*,*,#1251,.T.);
#1609=ORIENTED_EDGE('',*,*,#1252,.T.);
#1610=ORIENTED_EDGE('',*,*,#1253,.T.);
#1611=ORIENTED_EDGE('',*,*,#1254,.T.);
#1612=ORIENTED_EDGE('',*,*,#1255,.T.);
#1613=ORIENTED_EDGE('',*,*,#1256,.F.);
#1614=ORIENTED_EDGE('',*,*,#1257,.T.);
#1615=ORIENTED_EDGE('',*,*,#1258,.F.);
#1616=ORIENTED_EDGE('',*,*,#1259,.F.);
#1617=ORIENTED_EDGE('',*,*,#1201,.F.);
#1618=ORIENTED_EDGE('',*,*,#1260,.T.);
#1619=ORIENTED_EDGE('',*,*,#1261,.T.);
#1620=ORIENTED_EDGE('',*,*,#1260,.F.);
#1621=ORIENTED_EDGE('',*,*,#1262,.F.);
#1622=ORIENTED_EDGE('',*,*,#1258,.T.);
#1623=ORIENTED_EDGE('',*,*,#1263,.T.);
#1624=ORIENTED_EDGE('',*,*,#1264,.F.);
#1625=ORIENTED_EDGE('',*,*,#1265,.F.);
#1626=ORIENTED_EDGE('',*,*,#1266,.F.);
#1627=ORIENTED_EDGE('',*,*,#1263,.F.);
#1628=ORIENTED_EDGE('',*,*,#1257,.F.);
#1629=ORIENTED_EDGE('',*,*,#1267,.F.);
#1630=ORIENTED_EDGE('',*,*,#1261,.F.);
#1631=ORIENTED_EDGE('',*,*,#1259,.T.);
#1632=ORIENTED_EDGE('',*,*,#1262,.T.);
#1633=ORIENTED_EDGE('',*,*,#1268,.F.);
#1634=ORIENTED_EDGE('',*,*,#1269,.T.);
#1635=ORIENTED_EDGE('',*,*,#1270,.F.);
#1636=ORIENTED_EDGE('',*,*,#1271,.F.);
#1637=ORIENTED_EDGE('',*,*,#1272,.T.);
#1638=ORIENTED_EDGE('',*,*,#1273,.T.);
#1639=ORIENTED_EDGE('',*,*,#1274,.T.);
#1640=ORIENTED_EDGE('',*,*,#1275,.T.);
#1641=ORIENTED_EDGE('',*,*,#1276,.F.);
#1642=ORIENTED_EDGE('',*,*,#1277,.T.);
#1643=ORIENTED_EDGE('',*,*,#1278,.T.);
#1644=ORIENTED_EDGE('',*,*,#1279,.F.);
#1645=ORIENTED_EDGE('',*,*,#1280,.T.);
#1646=ORIENTED_EDGE('',*,*,#1281,.T.);
#1647=ORIENTED_EDGE('',*,*,#1282,.T.);
#1648=ORIENTED_EDGE('',*,*,#1283,.F.);
#1649=ORIENTED_EDGE('',*,*,#1284,.T.);
#1650=ORIENTED_EDGE('',*,*,#1285,.F.);
#1651=ORIENTED_EDGE('',*,*,#1286,.T.);
#1652=ORIENTED_EDGE('',*,*,#1287,.F.);
#1653=ORIENTED_EDGE('',*,*,#1288,.T.);
#1654=ORIENTED_EDGE('',*,*,#1289,.T.);
#1655=ORIENTED_EDGE('',*,*,#1290,.T.);
#1656=ORIENTED_EDGE('',*,*,#1291,.T.);
#1657=ORIENTED_EDGE('',*,*,#1292,.F.);
#1658=ORIENTED_EDGE('',*,*,#1293,.T.);
#1659=ORIENTED_EDGE('',*,*,#1294,.T.);
#1660=ORIENTED_EDGE('',*,*,#1295,.T.);
#1661=ORIENTED_EDGE('',*,*,#1296,.F.);
#1662=ORIENTED_EDGE('',*,*,#1297,.T.);
#1663=ORIENTED_EDGE('',*,*,#1298,.F.);
#1664=ORIENTED_EDGE('',*,*,#1299,.T.);
#1665=ORIENTED_EDGE('',*,*,#1300,.T.);
#1666=ORIENTED_EDGE('',*,*,#1301,.T.);
#1667=ORIENTED_EDGE('',*,*,#1302,.F.);
#1668=ORIENTED_EDGE('',*,*,#1303,.T.);
#1669=ORIENTED_EDGE('',*,*,#1304,.F.);
#1670=ORIENTED_EDGE('',*,*,#1305,.T.);
#1671=ORIENTED_EDGE('',*,*,#1306,.F.);
#1672=ORIENTED_EDGE('',*,*,#1307,.F.);
#1673=ORIENTED_EDGE('',*,*,#1308,.T.);
#1674=ORIENTED_EDGE('',*,*,#1309,.T.);
#1675=ORIENTED_EDGE('',*,*,#1310,.T.);
#1676=ORIENTED_EDGE('',*,*,#1311,.T.);
#1677=ORIENTED_EDGE('',*,*,#1312,.F.);
#1678=ORIENTED_EDGE('',*,*,#1313,.T.);
#1679=ORIENTED_EDGE('',*,*,#1302,.T.);
#1680=ORIENTED_EDGE('',*,*,#1314,.T.);
#1681=ORIENTED_EDGE('',*,*,#1315,.T.);
#1682=ORIENTED_EDGE('',*,*,#1316,.T.);
#1683=ORIENTED_EDGE('',*,*,#1279,.T.);
#1684=ORIENTED_EDGE('',*,*,#1317,.F.);
#1685=ORIENTED_EDGE('',*,*,#1318,.T.);
#1686=ORIENTED_EDGE('',*,*,#1287,.T.);
#1687=ORIENTED_EDGE('',*,*,#1319,.F.);
#1688=ORIENTED_EDGE('',*,*,#1320,.T.);
#1689=ORIENTED_EDGE('',*,*,#1321,.F.);
#1690=ORIENTED_EDGE('',*,*,#1304,.T.);
#1691=ORIENTED_EDGE('',*,*,#1322,.T.);
#1692=ORIENTED_EDGE('',*,*,#1323,.T.);
#1693=ORIENTED_EDGE('',*,*,#1324,.F.);
#1694=ORIENTED_EDGE('',*,*,#1325,.F.);
#1695=ORIENTED_EDGE('',*,*,#1326,.F.);
#1696=ORIENTED_EDGE('',*,*,#1327,.F.);
#1697=ORIENTED_EDGE('',*,*,#1328,.F.);
#1698=ORIENTED_EDGE('',*,*,#1324,.T.);
#1699=ORIENTED_EDGE('',*,*,#1329,.T.);
#1700=ORIENTED_EDGE('',*,*,#1330,.F.);
#1701=ORIENTED_EDGE('',*,*,#1270,.T.);
#1702=ORIENTED_EDGE('',*,*,#1331,.F.);
#1703=ORIENTED_EDGE('',*,*,#1274,.F.);
#1704=ORIENTED_EDGE('',*,*,#1332,.T.);
#1705=ORIENTED_EDGE('',*,*,#1333,.T.);
#1706=ORIENTED_EDGE('',*,*,#1334,.F.);
#1707=ORIENTED_EDGE('',*,*,#1311,.F.);
#1708=ORIENTED_EDGE('',*,*,#1335,.T.);
#1709=ORIENTED_EDGE('',*,*,#1336,.F.);
#1710=ORIENTED_EDGE('',*,*,#1308,.F.);
#1711=ORIENTED_EDGE('',*,*,#1337,.F.);
#1712=ORIENTED_EDGE('',*,*,#1338,.F.);
#1713=ORIENTED_EDGE('',*,*,#1339,.F.);
#1714=ORIENTED_EDGE('',*,*,#1333,.F.);
#1715=ORIENTED_EDGE('',*,*,#1340,.F.);
#1716=ORIENTED_EDGE('',*,*,#1341,.F.);
#1717=ORIENTED_EDGE('',*,*,#1342,.F.);
#1718=ORIENTED_EDGE('',*,*,#1341,.T.);
#1719=ORIENTED_EDGE('',*,*,#1343,.F.);
#1720=ORIENTED_EDGE('',*,*,#1344,.F.);
#1721=ORIENTED_EDGE('',*,*,#1345,.F.);
#1722=ORIENTED_EDGE('',*,*,#1346,.F.);
#1723=ORIENTED_EDGE('',*,*,#1347,.F.);
#1724=ORIENTED_EDGE('',*,*,#1348,.F.);
#1725=ORIENTED_EDGE('',*,*,#1344,.T.);
#1726=ORIENTED_EDGE('',*,*,#1349,.F.);
#1727=ORIENTED_EDGE('',*,*,#1272,.F.);
#1728=ORIENTED_EDGE('',*,*,#1343,.T.);
#1729=ORIENTED_EDGE('',*,*,#1340,.T.);
#1730=ORIENTED_EDGE('',*,*,#1332,.F.);
#1731=ORIENTED_EDGE('',*,*,#1273,.F.);
#1732=ORIENTED_EDGE('',*,*,#1349,.T.);
#1733=ORIENTED_EDGE('',*,*,#1350,.T.);
#1734=ORIENTED_EDGE('',*,*,#1351,.F.);
#1735=ORIENTED_EDGE('',*,*,#1352,.T.);
#1736=ORIENTED_EDGE('',*,*,#1294,.F.);
#1737=ORIENTED_EDGE('',*,*,#1353,.T.);
#1738=ORIENTED_EDGE('',*,*,#1354,.T.);
#1739=ORIENTED_EDGE('',*,*,#1355,.F.);
#1740=ORIENTED_EDGE('',*,*,#1320,.F.);
#1741=ORIENTED_EDGE('',*,*,#1356,.T.);
#1742=ORIENTED_EDGE('',*,*,#1357,.F.);
#1743=ORIENTED_EDGE('',*,*,#1358,.T.);
#1744=ORIENTED_EDGE('',*,*,#1288,.F.);
#1745=ORIENTED_EDGE('',*,*,#1359,.T.);
#1746=ORIENTED_EDGE('',*,*,#1360,.T.);
#1747=ORIENTED_EDGE('',*,*,#1361,.F.);
#1748=ORIENTED_EDGE('',*,*,#1315,.F.);
#1749=ORIENTED_EDGE('',*,*,#1313,.F.);
#1750=ORIENTED_EDGE('',*,*,#1362,.F.);
#1751=ORIENTED_EDGE('',*,*,#1363,.F.);
#1752=ORIENTED_EDGE('',*,*,#1322,.F.);
#1753=ORIENTED_EDGE('',*,*,#1303,.F.);
#1754=ORIENTED_EDGE('',*,*,#1364,.F.);
#1755=ORIENTED_EDGE('',*,*,#1365,.F.);
#1756=ORIENTED_EDGE('',*,*,#1366,.F.);
#1757=ORIENTED_EDGE('',*,*,#1367,.F.);
#1758=ORIENTED_EDGE('',*,*,#1329,.F.);
#1759=ORIENTED_EDGE('',*,*,#1323,.F.);
#1760=ORIENTED_EDGE('',*,*,#1363,.T.);
#1761=ORIENTED_EDGE('',*,*,#1328,.T.);
#1762=ORIENTED_EDGE('',*,*,#1368,.F.);
#1763=ORIENTED_EDGE('',*,*,#1337,.T.);
#1764=ORIENTED_EDGE('',*,*,#1307,.T.);
#1765=ORIENTED_EDGE('',*,*,#1369,.T.);
#1766=ORIENTED_EDGE('',*,*,#1317,.T.);
#1767=ORIENTED_EDGE('',*,*,#1370,.T.);
#1768=ORIENTED_EDGE('',*,*,#1371,.T.);
#1769=ORIENTED_EDGE('',*,*,#1372,.T.);
#1770=ORIENTED_EDGE('',*,*,#1373,.T.);
#1771=ORIENTED_EDGE('',*,*,#1374,.T.);
#1772=ORIENTED_EDGE('',*,*,#1375,.T.);
#1773=ORIENTED_EDGE('',*,*,#1376,.T.);
#1774=ORIENTED_EDGE('',*,*,#1377,.T.);
#1775=ORIENTED_EDGE('',*,*,#1378,.T.);
#1776=ORIENTED_EDGE('',*,*,#1379,.F.);
#1777=ORIENTED_EDGE('',*,*,#1347,.T.);
#1778=ORIENTED_EDGE('',*,*,#1271,.T.);
#1779=ORIENTED_EDGE('',*,*,#1330,.T.);
#1780=ORIENTED_EDGE('',*,*,#1367,.T.);
#1781=ORIENTED_EDGE('',*,*,#1265,.T.);
#1782=ORIENTED_EDGE('',*,*,#1380,.T.);
#1783=ORIENTED_EDGE('',*,*,#1338,.T.);
#1784=ORIENTED_EDGE('',*,*,#1368,.T.);
#1785=ORIENTED_EDGE('',*,*,#1327,.T.);
#1786=ORIENTED_EDGE('',*,*,#1381,.T.);
#1787=ORIENTED_EDGE('',*,*,#1382,.T.);
#1788=ORIENTED_EDGE('',*,*,#1366,.T.);
#1789=ORIENTED_EDGE('',*,*,#1383,.F.);
#1790=ORIENTED_EDGE('',*,*,#1345,.T.);
#1791=ORIENTED_EDGE('',*,*,#1348,.T.);
#1792=ORIENTED_EDGE('',*,*,#1379,.T.);
#1793=ORIENTED_EDGE('',*,*,#1334,.T.);
#1794=ORIENTED_EDGE('',*,*,#1339,.T.);
#1795=ORIENTED_EDGE('',*,*,#1342,.T.);
#1796=ORIENTED_EDGE('',*,*,#1384,.F.);
#1797=ORIENTED_EDGE('',*,*,#1364,.T.);
#1798=ORIENTED_EDGE('',*,*,#1362,.T.);
#1799=ORIENTED_EDGE('',*,*,#1312,.T.);
#1800=ORIENTED_EDGE('',*,*,#1384,.T.);
#1801=ORIENTED_EDGE('',*,*,#1346,.T.);
#1802=ORIENTED_EDGE('',*,*,#1383,.T.);
#1803=ORIENTED_EDGE('',*,*,#1365,.T.);
#1804=ORIENTED_EDGE('',*,*,#1277,.F.);
#1805=ORIENTED_EDGE('',*,*,#1385,.T.);
#1806=ORIENTED_EDGE('',*,*,#1386,.T.);
#1807=ORIENTED_EDGE('',*,*,#1387,.T.);
#1808=ORIENTED_EDGE('',*,*,#1256,.T.);
#1809=ORIENTED_EDGE('',*,*,#1267,.T.);
#1810=ORIENTED_EDGE('',*,*,#1387,.F.);
#1811=ORIENTED_EDGE('',*,*,#1388,.F.);
#1812=ORIENTED_EDGE('',*,*,#1380,.F.);
#1813=ORIENTED_EDGE('',*,*,#1386,.F.);
#1814=ORIENTED_EDGE('',*,*,#1389,.F.);
#1815=ORIENTED_EDGE('',*,*,#1309,.F.);
#1816=ORIENTED_EDGE('',*,*,#1336,.T.);
#1817=ORIENTED_EDGE('',*,*,#1388,.T.);
#1818=ORIENTED_EDGE('',*,*,#1326,.T.);
#1819=ORIENTED_EDGE('',*,*,#1390,.F.);
#1820=ORIENTED_EDGE('',*,*,#1391,.T.);
#1821=ORIENTED_EDGE('',*,*,#1381,.F.);
#1822=ORIENTED_EDGE('',*,*,#1389,.T.);
#1823=ORIENTED_EDGE('',*,*,#1385,.F.);
#1824=ORIENTED_EDGE('',*,*,#1276,.T.);
#1825=ORIENTED_EDGE('',*,*,#1392,.T.);
#1826=ORIENTED_EDGE('',*,*,#1335,.F.);
#1827=ORIENTED_EDGE('',*,*,#1310,.F.);
#1828=ORIENTED_EDGE('',*,*,#1331,.T.);
#1829=ORIENTED_EDGE('',*,*,#1392,.F.);
#1830=ORIENTED_EDGE('',*,*,#1275,.F.);
#1831=ORIENTED_EDGE('',*,*,#1269,.F.);
#1832=ORIENTED_EDGE('',*,*,#1393,.F.);
#1833=ORIENTED_EDGE('',*,*,#1390,.T.);
#1834=ORIENTED_EDGE('',*,*,#1325,.T.);
#1835=ORIENTED_EDGE('',*,*,#1266,.T.);
#1836=ORIENTED_EDGE('',*,*,#1382,.F.);
#1837=ORIENTED_EDGE('',*,*,#1391,.F.);
#1838=ORIENTED_EDGE('',*,*,#1393,.T.);
#1839=ORIENTED_EDGE('',*,*,#1268,.T.);
#1840=ORIENTED_EDGE('',*,*,#1264,.T.);
#1841=ORIENTED_EDGE('',*,*,#1394,.F.);
#1842=ORIENTED_EDGE('',*,*,#1395,.T.);
#1843=ORIENTED_EDGE('',*,*,#1396,.T.);
#1844=ORIENTED_EDGE('',*,*,#1395,.F.);
#1845=ORIENTED_EDGE('',*,*,#1397,.F.);
#1846=ORIENTED_EDGE('',*,*,#1398,.T.);
#1847=ORIENTED_EDGE('',*,*,#1399,.T.);
#1848=ORIENTED_EDGE('',*,*,#1398,.F.);
#1849=ORIENTED_EDGE('',*,*,#1397,.T.);
#1850=ORIENTED_EDGE('',*,*,#1400,.F.);
#1851=ORIENTED_EDGE('',*,*,#1401,.T.);
#1852=ORIENTED_EDGE('',*,*,#1402,.T.);
#1853=ORIENTED_EDGE('',*,*,#1401,.F.);
#1854=ORIENTED_EDGE('',*,*,#1400,.T.);
#1855=ORIENTED_EDGE('',*,*,#1394,.T.);
#1856=ORIENTED_EDGE('',*,*,#1402,.F.);
#1857=ORIENTED_EDGE('',*,*,#1403,.T.);
#1858=ORIENTED_EDGE('',*,*,#1376,.F.);
#1859=ORIENTED_EDGE('',*,*,#1403,.F.);
#1860=ORIENTED_EDGE('',*,*,#1399,.F.);
#1861=ORIENTED_EDGE('',*,*,#1404,.T.);
#1862=ORIENTED_EDGE('',*,*,#1377,.F.);
#1863=ORIENTED_EDGE('',*,*,#1404,.F.);
#1864=ORIENTED_EDGE('',*,*,#1396,.F.);
#1865=ORIENTED_EDGE('',*,*,#1405,.T.);
#1866=ORIENTED_EDGE('',*,*,#1378,.F.);
#1867=ORIENTED_EDGE('',*,*,#1405,.F.);
#1868=ORIENTED_EDGE('',*,*,#1406,.T.);
#1869=ORIENTED_EDGE('',*,*,#1356,.F.);
#1870=ORIENTED_EDGE('',*,*,#1319,.T.);
#1871=ORIENTED_EDGE('',*,*,#1286,.F.);
#1872=ORIENTED_EDGE('',*,*,#1285,.T.);
#1873=ORIENTED_EDGE('',*,*,#1407,.T.);
#1874=ORIENTED_EDGE('',*,*,#1357,.T.);
#1875=ORIENTED_EDGE('',*,*,#1406,.F.);
#1876=ORIENTED_EDGE('',*,*,#1408,.T.);
#1877=ORIENTED_EDGE('',*,*,#1354,.F.);
#1878=ORIENTED_EDGE('',*,*,#1409,.T.);
#1879=ORIENTED_EDGE('',*,*,#1296,.T.);
#1880=ORIENTED_EDGE('',*,*,#1410,.T.);
#1881=ORIENTED_EDGE('',*,*,#1411,.T.);
#1882=ORIENTED_EDGE('',*,*,#1321,.T.);
#1883=ORIENTED_EDGE('',*,*,#1355,.T.);
#1884=ORIENTED_EDGE('',*,*,#1410,.F.);
#1885=ORIENTED_EDGE('',*,*,#1305,.F.);
#1886=ORIENTED_EDGE('',*,*,#1316,.F.);
#1887=ORIENTED_EDGE('',*,*,#1361,.T.);
#1888=ORIENTED_EDGE('',*,*,#1412,.F.);
#1889=ORIENTED_EDGE('',*,*,#1280,.F.);
#1890=ORIENTED_EDGE('',*,*,#1360,.F.);
#1891=ORIENTED_EDGE('',*,*,#1413,.T.);
#1892=ORIENTED_EDGE('',*,*,#1281,.F.);
#1893=ORIENTED_EDGE('',*,*,#1412,.T.);
#1894=ORIENTED_EDGE('',*,*,#1414,.T.);
#1895=ORIENTED_EDGE('',*,*,#1415,.T.);
#1896=ORIENTED_EDGE('',*,*,#1350,.F.);
#1897=ORIENTED_EDGE('',*,*,#1314,.F.);
#1898=ORIENTED_EDGE('',*,*,#1301,.F.);
#1899=ORIENTED_EDGE('',*,*,#1300,.F.);
#1900=ORIENTED_EDGE('',*,*,#1416,.T.);
#1901=ORIENTED_EDGE('',*,*,#1351,.T.);
#1902=ORIENTED_EDGE('',*,*,#1415,.F.);
#1903=ORIENTED_EDGE('',*,*,#1417,.T.);
#1904=ORIENTED_EDGE('',*,*,#1418,.F.);
#1905=ORIENTED_EDGE('',*,*,#1419,.T.);
#1906=ORIENTED_EDGE('',*,*,#1420,.T.);
#1907=ORIENTED_EDGE('',*,*,#1419,.F.);
#1908=ORIENTED_EDGE('',*,*,#1418,.T.);
#1909=ORIENTED_EDGE('',*,*,#1421,.F.);
#1910=ORIENTED_EDGE('',*,*,#1422,.T.);
#1911=ORIENTED_EDGE('',*,*,#1423,.T.);
#1912=ORIENTED_EDGE('',*,*,#1422,.F.);
#1913=ORIENTED_EDGE('',*,*,#1421,.T.);
#1914=ORIENTED_EDGE('',*,*,#1424,.F.);
#1915=ORIENTED_EDGE('',*,*,#1425,.T.);
#1916=ORIENTED_EDGE('',*,*,#1426,.T.);
#1917=ORIENTED_EDGE('',*,*,#1425,.F.);
#1918=ORIENTED_EDGE('',*,*,#1424,.T.);
#1919=ORIENTED_EDGE('',*,*,#1427,.F.);
#1920=ORIENTED_EDGE('',*,*,#1428,.T.);
#1921=ORIENTED_EDGE('',*,*,#1429,.T.);
#1922=ORIENTED_EDGE('',*,*,#1428,.F.);
#1923=ORIENTED_EDGE('',*,*,#1427,.T.);
#1924=ORIENTED_EDGE('',*,*,#1423,.F.);
#1925=ORIENTED_EDGE('',*,*,#1430,.T.);
#1926=ORIENTED_EDGE('',*,*,#1414,.F.);
#1927=ORIENTED_EDGE('',*,*,#1430,.F.);
#1928=ORIENTED_EDGE('',*,*,#1420,.F.);
#1929=ORIENTED_EDGE('',*,*,#1431,.T.);
#1930=ORIENTED_EDGE('',*,*,#1417,.F.);
#1931=ORIENTED_EDGE('',*,*,#1431,.F.);
#1932=ORIENTED_EDGE('',*,*,#1429,.F.);
#1933=ORIENTED_EDGE('',*,*,#1432,.T.);
#1934=ORIENTED_EDGE('',*,*,#1408,.F.);
#1935=ORIENTED_EDGE('',*,*,#1432,.F.);
#1936=ORIENTED_EDGE('',*,*,#1426,.F.);
#1937=ORIENTED_EDGE('',*,*,#1433,.T.);
#1938=ORIENTED_EDGE('',*,*,#1411,.F.);
#1939=ORIENTED_EDGE('',*,*,#1433,.F.);
#1940=ORIENTED_EDGE('',*,*,#1298,.T.);
#1941=ORIENTED_EDGE('',*,*,#1434,.T.);
#1942=ORIENTED_EDGE('',*,*,#1292,.T.);
#1943=ORIENTED_EDGE('',*,*,#1435,.T.);
#1944=ORIENTED_EDGE('',*,*,#1290,.F.);
#1945=ORIENTED_EDGE('',*,*,#1436,.T.);
#1946=ORIENTED_EDGE('',*,*,#1283,.T.);
#1947=ORIENTED_EDGE('',*,*,#1437,.T.);
#1948=ORIENTED_EDGE('',*,*,#1353,.F.);
#1949=ORIENTED_EDGE('',*,*,#1293,.F.);
#1950=ORIENTED_EDGE('',*,*,#1434,.F.);
#1951=ORIENTED_EDGE('',*,*,#1297,.F.);
#1952=ORIENTED_EDGE('',*,*,#1409,.F.);
#1953=ORIENTED_EDGE('',*,*,#1358,.F.);
#1954=ORIENTED_EDGE('',*,*,#1407,.F.);
#1955=ORIENTED_EDGE('',*,*,#1284,.F.);
#1956=ORIENTED_EDGE('',*,*,#1436,.F.);
#1957=ORIENTED_EDGE('',*,*,#1289,.F.);
#1958=ORIENTED_EDGE('',*,*,#1359,.F.);
#1959=ORIENTED_EDGE('',*,*,#1291,.F.);
#1960=ORIENTED_EDGE('',*,*,#1437,.F.);
#1961=ORIENTED_EDGE('',*,*,#1282,.F.);
#1962=ORIENTED_EDGE('',*,*,#1413,.F.);
#1963=ORIENTED_EDGE('',*,*,#1352,.F.);
#1964=ORIENTED_EDGE('',*,*,#1416,.F.);
#1965=ORIENTED_EDGE('',*,*,#1299,.F.);
#1966=ORIENTED_EDGE('',*,*,#1435,.F.);
#1967=ORIENTED_EDGE('',*,*,#1295,.F.);
#1968=ORIENTED_EDGE('',*,*,#1438,.T.);
#1969=ORIENTED_EDGE('',*,*,#1439,.T.);
#1970=ORIENTED_EDGE('',*,*,#1202,.F.);
#1971=ORIENTED_EDGE('',*,*,#1440,.F.);
#1972=ORIENTED_EDGE('',*,*,#1441,.T.);
#1973=ORIENTED_EDGE('',*,*,#1442,.T.);
#1974=ORIENTED_EDGE('',*,*,#1203,.F.);
#1975=ORIENTED_EDGE('',*,*,#1439,.F.);
#1976=ORIENTED_EDGE('',*,*,#1443,.T.);
#1977=ORIENTED_EDGE('',*,*,#1444,.T.);
#1978=ORIENTED_EDGE('',*,*,#1204,.F.);
#1979=ORIENTED_EDGE('',*,*,#1442,.F.);
#1980=ORIENTED_EDGE('',*,*,#1445,.T.);
#1981=ORIENTED_EDGE('',*,*,#1446,.T.);
#1982=ORIENTED_EDGE('',*,*,#1205,.F.);
#1983=ORIENTED_EDGE('',*,*,#1444,.F.);
#1984=ORIENTED_EDGE('',*,*,#1447,.T.);
#1985=ORIENTED_EDGE('',*,*,#1448,.T.);
#1986=ORIENTED_EDGE('',*,*,#1206,.F.);
#1987=ORIENTED_EDGE('',*,*,#1446,.F.);
#1988=ORIENTED_EDGE('',*,*,#1449,.T.);
#1989=ORIENTED_EDGE('',*,*,#1450,.T.);
#1990=ORIENTED_EDGE('',*,*,#1207,.F.);
#1991=ORIENTED_EDGE('',*,*,#1448,.F.);
#1992=ORIENTED_EDGE('',*,*,#1451,.T.);
#1993=ORIENTED_EDGE('',*,*,#1452,.T.);
#1994=ORIENTED_EDGE('',*,*,#1208,.F.);
#1995=ORIENTED_EDGE('',*,*,#1450,.F.);
#1996=ORIENTED_EDGE('',*,*,#1453,.T.);
#1997=ORIENTED_EDGE('',*,*,#1454,.T.);
#1998=ORIENTED_EDGE('',*,*,#1209,.F.);
#1999=ORIENTED_EDGE('',*,*,#1452,.F.);
#2000=ORIENTED_EDGE('',*,*,#1455,.T.);
#2001=ORIENTED_EDGE('',*,*,#1456,.T.);
#2002=ORIENTED_EDGE('',*,*,#1210,.F.);
#2003=ORIENTED_EDGE('',*,*,#1454,.F.);
#2004=ORIENTED_EDGE('',*,*,#1457,.T.);
#2005=ORIENTED_EDGE('',*,*,#1458,.T.);
#2006=ORIENTED_EDGE('',*,*,#1211,.F.);
#2007=ORIENTED_EDGE('',*,*,#1456,.F.);
#2008=ORIENTED_EDGE('',*,*,#1459,.T.);
#2009=ORIENTED_EDGE('',*,*,#1460,.T.);
#2010=ORIENTED_EDGE('',*,*,#1212,.F.);
#2011=ORIENTED_EDGE('',*,*,#1458,.F.);
#2012=ORIENTED_EDGE('',*,*,#1461,.T.);
#2013=ORIENTED_EDGE('',*,*,#1462,.T.);
#2014=ORIENTED_EDGE('',*,*,#1213,.F.);
#2015=ORIENTED_EDGE('',*,*,#1460,.F.);
#2016=ORIENTED_EDGE('',*,*,#1463,.T.);
#2017=ORIENTED_EDGE('',*,*,#1464,.T.);
#2018=ORIENTED_EDGE('',*,*,#1214,.F.);
#2019=ORIENTED_EDGE('',*,*,#1462,.F.);
#2020=ORIENTED_EDGE('',*,*,#1465,.T.);
#2021=ORIENTED_EDGE('',*,*,#1466,.T.);
#2022=ORIENTED_EDGE('',*,*,#1215,.F.);
#2023=ORIENTED_EDGE('',*,*,#1464,.F.);
#2024=ORIENTED_EDGE('',*,*,#1467,.T.);
#2025=ORIENTED_EDGE('',*,*,#1468,.T.);
#2026=ORIENTED_EDGE('',*,*,#1216,.F.);
#2027=ORIENTED_EDGE('',*,*,#1466,.F.);
#2028=ORIENTED_EDGE('',*,*,#1469,.T.);
#2029=ORIENTED_EDGE('',*,*,#1440,.T.);
#2030=ORIENTED_EDGE('',*,*,#1217,.F.);
#2031=ORIENTED_EDGE('',*,*,#1468,.F.);
#2032=ORIENTED_EDGE('',*,*,#1438,.F.);
#2033=ORIENTED_EDGE('',*,*,#1469,.F.);
#2034=ORIENTED_EDGE('',*,*,#1467,.F.);
#2035=ORIENTED_EDGE('',*,*,#1465,.F.);
#2036=ORIENTED_EDGE('',*,*,#1463,.F.);
#2037=ORIENTED_EDGE('',*,*,#1461,.F.);
#2038=ORIENTED_EDGE('',*,*,#1459,.F.);
#2039=ORIENTED_EDGE('',*,*,#1457,.F.);
#2040=ORIENTED_EDGE('',*,*,#1455,.F.);
#2041=ORIENTED_EDGE('',*,*,#1453,.F.);
#2042=ORIENTED_EDGE('',*,*,#1451,.F.);
#2043=ORIENTED_EDGE('',*,*,#1449,.F.);
#2044=ORIENTED_EDGE('',*,*,#1447,.F.);
#2045=ORIENTED_EDGE('',*,*,#1445,.F.);
#2046=ORIENTED_EDGE('',*,*,#1443,.F.);
#2047=ORIENTED_EDGE('',*,*,#1441,.F.);
#2048=ORIENTED_EDGE('',*,*,#1470,.T.);
#2049=ORIENTED_EDGE('',*,*,#1471,.T.);
#2050=ORIENTED_EDGE('',*,*,#1218,.F.);
#2051=ORIENTED_EDGE('',*,*,#1472,.F.);
#2052=ORIENTED_EDGE('',*,*,#1473,.T.);
#2053=ORIENTED_EDGE('',*,*,#1474,.T.);
#2054=ORIENTED_EDGE('',*,*,#1219,.F.);
#2055=ORIENTED_EDGE('',*,*,#1471,.F.);
#2056=ORIENTED_EDGE('',*,*,#1475,.T.);
#2057=ORIENTED_EDGE('',*,*,#1476,.T.);
#2058=ORIENTED_EDGE('',*,*,#1220,.F.);
#2059=ORIENTED_EDGE('',*,*,#1474,.F.);
#2060=ORIENTED_EDGE('',*,*,#1477,.T.);
#2061=ORIENTED_EDGE('',*,*,#1478,.T.);
#2062=ORIENTED_EDGE('',*,*,#1221,.F.);
#2063=ORIENTED_EDGE('',*,*,#1476,.F.);
#2064=ORIENTED_EDGE('',*,*,#1479,.T.);
#2065=ORIENTED_EDGE('',*,*,#1480,.T.);
#2066=ORIENTED_EDGE('',*,*,#1222,.F.);
#2067=ORIENTED_EDGE('',*,*,#1478,.F.);
#2068=ORIENTED_EDGE('',*,*,#1481,.T.);
#2069=ORIENTED_EDGE('',*,*,#1482,.T.);
#2070=ORIENTED_EDGE('',*,*,#1223,.F.);
#2071=ORIENTED_EDGE('',*,*,#1480,.F.);
#2072=ORIENTED_EDGE('',*,*,#1483,.T.);
#2073=ORIENTED_EDGE('',*,*,#1484,.T.);
#2074=ORIENTED_EDGE('',*,*,#1224,.F.);
#2075=ORIENTED_EDGE('',*,*,#1482,.F.);
#2076=ORIENTED_EDGE('',*,*,#1485,.T.);
#2077=ORIENTED_EDGE('',*,*,#1486,.T.);
#2078=ORIENTED_EDGE('',*,*,#1225,.F.);
#2079=ORIENTED_EDGE('',*,*,#1484,.F.);
#2080=ORIENTED_EDGE('',*,*,#1487,.T.);
#2081=ORIENTED_EDGE('',*,*,#1488,.T.);
#2082=ORIENTED_EDGE('',*,*,#1226,.F.);
#2083=ORIENTED_EDGE('',*,*,#1486,.F.);
#2084=ORIENTED_EDGE('',*,*,#1489,.T.);
#2085=ORIENTED_EDGE('',*,*,#1490,.T.);
#2086=ORIENTED_EDGE('',*,*,#1227,.F.);
#2087=ORIENTED_EDGE('',*,*,#1488,.F.);
#2088=ORIENTED_EDGE('',*,*,#1491,.T.);
#2089=ORIENTED_EDGE('',*,*,#1492,.T.);
#2090=ORIENTED_EDGE('',*,*,#1228,.F.);
#2091=ORIENTED_EDGE('',*,*,#1490,.F.);
#2092=ORIENTED_EDGE('',*,*,#1493,.T.);
#2093=ORIENTED_EDGE('',*,*,#1494,.T.);
#2094=ORIENTED_EDGE('',*,*,#1229,.F.);
#2095=ORIENTED_EDGE('',*,*,#1492,.F.);
#2096=ORIENTED_EDGE('',*,*,#1495,.T.);
#2097=ORIENTED_EDGE('',*,*,#1496,.T.);
#2098=ORIENTED_EDGE('',*,*,#1230,.F.);
#2099=ORIENTED_EDGE('',*,*,#1494,.F.);
#2100=ORIENTED_EDGE('',*,*,#1497,.T.);
#2101=ORIENTED_EDGE('',*,*,#1498,.T.);
#2102=ORIENTED_EDGE('',*,*,#1231,.F.);
#2103=ORIENTED_EDGE('',*,*,#1496,.F.);
#2104=ORIENTED_EDGE('',*,*,#1499,.T.);
#2105=ORIENTED_EDGE('',*,*,#1500,.T.);
#2106=ORIENTED_EDGE('',*,*,#1232,.F.);
#2107=ORIENTED_EDGE('',*,*,#1498,.F.);
#2108=ORIENTED_EDGE('',*,*,#1501,.T.);
#2109=ORIENTED_EDGE('',*,*,#1472,.T.);
#2110=ORIENTED_EDGE('',*,*,#1233,.F.);
#2111=ORIENTED_EDGE('',*,*,#1500,.F.);
#2112=ORIENTED_EDGE('',*,*,#1470,.F.);
#2113=ORIENTED_EDGE('',*,*,#1501,.F.);
#2114=ORIENTED_EDGE('',*,*,#1499,.F.);
#2115=ORIENTED_EDGE('',*,*,#1497,.F.);
#2116=ORIENTED_EDGE('',*,*,#1495,.F.);
#2117=ORIENTED_EDGE('',*,*,#1493,.F.);
#2118=ORIENTED_EDGE('',*,*,#1491,.F.);
#2119=ORIENTED_EDGE('',*,*,#1489,.F.);
#2120=ORIENTED_EDGE('',*,*,#1487,.F.);
#2121=ORIENTED_EDGE('',*,*,#1485,.F.);
#2122=ORIENTED_EDGE('',*,*,#1483,.F.);
#2123=ORIENTED_EDGE('',*,*,#1481,.F.);
#2124=ORIENTED_EDGE('',*,*,#1479,.F.);
#2125=ORIENTED_EDGE('',*,*,#1477,.F.);
#2126=ORIENTED_EDGE('',*,*,#1475,.F.);
#2127=ORIENTED_EDGE('',*,*,#1473,.F.);
#2128=ORIENTED_EDGE('',*,*,#1502,.T.);
#2129=ORIENTED_EDGE('',*,*,#1503,.T.);
#2130=ORIENTED_EDGE('',*,*,#1234,.F.);
#2131=ORIENTED_EDGE('',*,*,#1504,.F.);
#2132=ORIENTED_EDGE('',*,*,#1505,.T.);
#2133=ORIENTED_EDGE('',*,*,#1506,.T.);
#2134=ORIENTED_EDGE('',*,*,#1235,.F.);
#2135=ORIENTED_EDGE('',*,*,#1503,.F.);
#2136=ORIENTED_EDGE('',*,*,#1507,.T.);
#2137=ORIENTED_EDGE('',*,*,#1508,.T.);
#2138=ORIENTED_EDGE('',*,*,#1236,.F.);
#2139=ORIENTED_EDGE('',*,*,#1506,.F.);
#2140=ORIENTED_EDGE('',*,*,#1509,.T.);
#2141=ORIENTED_EDGE('',*,*,#1510,.T.);
#2142=ORIENTED_EDGE('',*,*,#1237,.F.);
#2143=ORIENTED_EDGE('',*,*,#1508,.F.);
#2144=ORIENTED_EDGE('',*,*,#1511,.T.);
#2145=ORIENTED_EDGE('',*,*,#1512,.T.);
#2146=ORIENTED_EDGE('',*,*,#1238,.F.);
#2147=ORIENTED_EDGE('',*,*,#1510,.F.);
#2148=ORIENTED_EDGE('',*,*,#1513,.T.);
#2149=ORIENTED_EDGE('',*,*,#1514,.T.);
#2150=ORIENTED_EDGE('',*,*,#1239,.F.);
#2151=ORIENTED_EDGE('',*,*,#1512,.F.);
#2152=ORIENTED_EDGE('',*,*,#1515,.T.);
#2153=ORIENTED_EDGE('',*,*,#1516,.T.);
#2154=ORIENTED_EDGE('',*,*,#1240,.F.);
#2155=ORIENTED_EDGE('',*,*,#1514,.F.);
#2156=ORIENTED_EDGE('',*,*,#1517,.T.);
#2157=ORIENTED_EDGE('',*,*,#1518,.T.);
#2158=ORIENTED_EDGE('',*,*,#1241,.F.);
#2159=ORIENTED_EDGE('',*,*,#1516,.F.);
#2160=ORIENTED_EDGE('',*,*,#1519,.T.);
#2161=ORIENTED_EDGE('',*,*,#1520,.T.);
#2162=ORIENTED_EDGE('',*,*,#1242,.F.);
#2163=ORIENTED_EDGE('',*,*,#1518,.F.);
#2164=ORIENTED_EDGE('',*,*,#1521,.T.);
#2165=ORIENTED_EDGE('',*,*,#1522,.T.);
#2166=ORIENTED_EDGE('',*,*,#1243,.F.);
#2167=ORIENTED_EDGE('',*,*,#1520,.F.);
#2168=ORIENTED_EDGE('',*,*,#1523,.T.);
#2169=ORIENTED_EDGE('',*,*,#1524,.T.);
#2170=ORIENTED_EDGE('',*,*,#1244,.F.);
#2171=ORIENTED_EDGE('',*,*,#1522,.F.);
#2172=ORIENTED_EDGE('',*,*,#1525,.T.);
#2173=ORIENTED_EDGE('',*,*,#1526,.T.);
#2174=ORIENTED_EDGE('',*,*,#1245,.F.);
#2175=ORIENTED_EDGE('',*,*,#1524,.F.);
#2176=ORIENTED_EDGE('',*,*,#1527,.T.);
#2177=ORIENTED_EDGE('',*,*,#1528,.T.);
#2178=ORIENTED_EDGE('',*,*,#1246,.F.);
#2179=ORIENTED_EDGE('',*,*,#1526,.F.);
#2180=ORIENTED_EDGE('',*,*,#1529,.T.);
#2181=ORIENTED_EDGE('',*,*,#1530,.T.);
#2182=ORIENTED_EDGE('',*,*,#1247,.F.);
#2183=ORIENTED_EDGE('',*,*,#1528,.F.);
#2184=ORIENTED_EDGE('',*,*,#1531,.T.);
#2185=ORIENTED_EDGE('',*,*,#1532,.T.);
#2186=ORIENTED_EDGE('',*,*,#1248,.F.);
#2187=ORIENTED_EDGE('',*,*,#1530,.F.);
#2188=ORIENTED_EDGE('',*,*,#1533,.T.);
#2189=ORIENTED_EDGE('',*,*,#1504,.T.);
#2190=ORIENTED_EDGE('',*,*,#1249,.F.);
#2191=ORIENTED_EDGE('',*,*,#1532,.F.);
#2192=ORIENTED_EDGE('',*,*,#1502,.F.);
#2193=ORIENTED_EDGE('',*,*,#1533,.F.);
#2194=ORIENTED_EDGE('',*,*,#1531,.F.);
#2195=ORIENTED_EDGE('',*,*,#1529,.F.);
#2196=ORIENTED_EDGE('',*,*,#1527,.F.);
#2197=ORIENTED_EDGE('',*,*,#1525,.F.);
#2198=ORIENTED_EDGE('',*,*,#1523,.F.);
#2199=ORIENTED_EDGE('',*,*,#1521,.F.);
#2200=ORIENTED_EDGE('',*,*,#1519,.F.);
#2201=ORIENTED_EDGE('',*,*,#1517,.F.);
#2202=ORIENTED_EDGE('',*,*,#1515,.F.);
#2203=ORIENTED_EDGE('',*,*,#1513,.F.);
#2204=ORIENTED_EDGE('',*,*,#1511,.F.);
#2205=ORIENTED_EDGE('',*,*,#1509,.F.);
#2206=ORIENTED_EDGE('',*,*,#1507,.F.);
#2207=ORIENTED_EDGE('',*,*,#1505,.F.);
#2208=ORIENTED_EDGE('',*,*,#1534,.T.);
#2209=ORIENTED_EDGE('',*,*,#1535,.T.);
#2210=ORIENTED_EDGE('',*,*,#1250,.F.);
#2211=ORIENTED_EDGE('',*,*,#1535,.F.);
#2212=ORIENTED_EDGE('',*,*,#1536,.T.);
#2213=ORIENTED_EDGE('',*,*,#1537,.T.);
#2214=ORIENTED_EDGE('',*,*,#1538,.T.);
#2215=ORIENTED_EDGE('',*,*,#1251,.F.);
#2216=ORIENTED_EDGE('',*,*,#1538,.F.);
#2217=ORIENTED_EDGE('',*,*,#1539,.T.);
#2218=ORIENTED_EDGE('',*,*,#1540,.T.);
#2219=ORIENTED_EDGE('',*,*,#1541,.T.);
#2220=ORIENTED_EDGE('',*,*,#1252,.F.);
#2221=ORIENTED_EDGE('',*,*,#1541,.F.);
#2222=ORIENTED_EDGE('',*,*,#1542,.T.);
#2223=ORIENTED_EDGE('',*,*,#1543,.T.);
#2224=ORIENTED_EDGE('',*,*,#1544,.T.);
#2225=ORIENTED_EDGE('',*,*,#1253,.F.);
#2226=ORIENTED_EDGE('',*,*,#1544,.F.);
#2227=ORIENTED_EDGE('',*,*,#1545,.T.);
#2228=ORIENTED_EDGE('',*,*,#1546,.T.);
#2229=ORIENTED_EDGE('',*,*,#1547,.T.);
#2230=ORIENTED_EDGE('',*,*,#1254,.F.);
#2231=ORIENTED_EDGE('',*,*,#1547,.F.);
#2232=ORIENTED_EDGE('',*,*,#1548,.T.);
#2233=ORIENTED_EDGE('',*,*,#1549,.T.);
#2234=ORIENTED_EDGE('',*,*,#1550,.T.);
#2235=ORIENTED_EDGE('',*,*,#1255,.F.);
#2236=ORIENTED_EDGE('',*,*,#1550,.F.);
#2237=ORIENTED_EDGE('',*,*,#1551,.T.);
#2238=ORIENTED_EDGE('',*,*,#1540,.F.);
#2239=ORIENTED_EDGE('',*,*,#1552,.T.);
#2240=ORIENTED_EDGE('',*,*,#1370,.F.);
#2241=ORIENTED_EDGE('',*,*,#1552,.F.);
#2242=ORIENTED_EDGE('',*,*,#1542,.F.);
#2243=ORIENTED_EDGE('',*,*,#1534,.F.);
#2244=ORIENTED_EDGE('',*,*,#1553,.T.);
#2245=ORIENTED_EDGE('',*,*,#1371,.F.);
#2246=ORIENTED_EDGE('',*,*,#1553,.F.);
#2247=ORIENTED_EDGE('',*,*,#1536,.F.);
#2248=ORIENTED_EDGE('',*,*,#1549,.F.);
#2249=ORIENTED_EDGE('',*,*,#1554,.T.);
#2250=ORIENTED_EDGE('',*,*,#1372,.F.);
#2251=ORIENTED_EDGE('',*,*,#1554,.F.);
#2252=ORIENTED_EDGE('',*,*,#1551,.F.);
#2253=ORIENTED_EDGE('',*,*,#1537,.F.);
#2254=ORIENTED_EDGE('',*,*,#1555,.T.);
#2255=ORIENTED_EDGE('',*,*,#1373,.F.);
#2256=ORIENTED_EDGE('',*,*,#1555,.F.);
#2257=ORIENTED_EDGE('',*,*,#1539,.F.);
#2258=ORIENTED_EDGE('',*,*,#1546,.F.);
#2259=ORIENTED_EDGE('',*,*,#1556,.T.);
#2260=ORIENTED_EDGE('',*,*,#1374,.F.);
#2261=ORIENTED_EDGE('',*,*,#1556,.F.);
#2262=ORIENTED_EDGE('',*,*,#1548,.F.);
#2263=ORIENTED_EDGE('',*,*,#1543,.F.);
#2264=ORIENTED_EDGE('',*,*,#1557,.T.);
#2265=ORIENTED_EDGE('',*,*,#1375,.F.);
#2266=ORIENTED_EDGE('',*,*,#1557,.F.);
#2267=ORIENTED_EDGE('',*,*,#1545,.F.);
#2268=ORIENTED_EDGE('',*,*,#1306,.T.);
#2269=ORIENTED_EDGE('',*,*,#1278,.F.);
#2270=ORIENTED_EDGE('',*,*,#1318,.F.);
#2271=ORIENTED_EDGE('',*,*,#1369,.F.);
#2272=PLANE('',#2475);
#2273=PLANE('',#2536);
#2274=PLANE('',#2537);
#2275=PLANE('',#2540);
#2276=PLANE('',#2543);
#2277=PLANE('',#2544);
#2278=PLANE('',#2545);
#2279=PLANE('',#2546);
#2280=PLANE('',#2547);
#2281=PLANE('',#2548);
#2282=PLANE('',#2549);
#2283=PLANE('',#2550);
#2284=PLANE('',#2552);
#2285=PLANE('',#2553);
#2286=PLANE('',#2555);
#2287=PLANE('',#2557);
#2288=PLANE('',#2559);
#2289=PLANE('',#2560);
#2290=PLANE('',#2561);
#2291=PLANE('',#2562);
#2292=PLANE('',#2565);
#2293=PLANE('',#2582);
#2294=PLANE('',#2583);
#2295=PLANE('',#2586);
#2296=PLANE('',#2587);
#2297=PLANE('',#2588);
#2298=PLANE('',#2590);
#2299=PLANE('',#2591);
#2300=PLANE('',#2598);
#2301=PLANE('',#2602);
#2302=PLANE('',#2603);
#2303=PLANE('',#2607);
#2304=PLANE('',#2608);
#2305=PLANE('',#2610);
#2306=PLANE('',#2612);
#2307=PLANE('',#2613);
#2308=PLANE('',#2614);
#2309=PLANE('',#2616);
#2310=PLANE('',#2617);
#2311=PLANE('',#2622);
#2312=PLANE('',#2626);
#2313=PLANE('',#2630);
#2314=PLANE('',#2634);
#2315=PLANE('',#2639);
#2316=PLANE('',#2640);
#2317=PLANE('',#2641);
#2318=PLANE('',#2642);
#2319=PLANE('',#2643);
#2320=PLANE('',#2644);
#2321=PLANE('',#2677);
#2322=PLANE('',#2710);
#2323=PLANE('',#2743);
#2324=PLANE('',#2768);
#2325=ADVANCED_FACE('',(#517,#494,#495,#496,#497,#498,#499,#500,#501,#502),
#2272,.T.);
#2326=ADVANCED_FACE('',(#518),#427,.F.);
#2327=ADVANCED_FACE('',(#519),#428,.T.);
#2328=ADVANCED_FACE('',(#520),#2273,.F.);
#2329=ADVANCED_FACE('',(#521,#503),#2274,.T.);
#2330=ADVANCED_FACE('',(#522),#2275,.T.);
#2331=ADVANCED_FACE('',(#523),#2276,.T.);
#2332=ADVANCED_FACE('',(#524),#2277,.F.);
#2333=ADVANCED_FACE('',(#525),#2278,.T.);
#2334=ADVANCED_FACE('',(#526),#2279,.T.);
#2335=ADVANCED_FACE('',(#527),#2280,.T.);
#2336=ADVANCED_FACE('',(#528),#2281,.F.);
#2337=ADVANCED_FACE('',(#529),#2282,.F.);
#2338=ADVANCED_FACE('',(#530),#2283,.F.);
#2339=ADVANCED_FACE('',(#531),#2284,.T.);
#2340=ADVANCED_FACE('',(#532),#2285,.F.);
#2341=ADVANCED_FACE('',(#533),#2286,.F.);
#2342=ADVANCED_FACE('',(#534),#2287,.T.);
#2343=ADVANCED_FACE('',(#535),#2288,.T.);
#2344=ADVANCED_FACE('',(#536),#2289,.T.);
#2345=ADVANCED_FACE('',(#537),#2290,.T.);
#2346=ADVANCED_FACE('',(#538),#2291,.T.);
#2347=ADVANCED_FACE('',(#539,#504,#505,#506,#507,#508,#509,#510,#511,#512),
#2292,.F.);
#2348=ADVANCED_FACE('',(#540),#20,.F.);
#2349=ADVANCED_FACE('',(#541),#429,.T.);
#2350=ADVANCED_FACE('',(#542),#430,.F.);
#2351=ADVANCED_FACE('',(#543),#21,.F.);
#2352=ADVANCED_FACE('',(#544),#2293,.F.);
#2353=ADVANCED_FACE('',(#545),#2294,.T.);
#2354=ADVANCED_FACE('',(#546),#431,.T.);
#2355=ADVANCED_FACE('',(#547),#2295,.T.);
#2356=ADVANCED_FACE('',(#548),#2296,.T.);
#2357=ADVANCED_FACE('',(#549),#2297,.F.);
#2358=ADVANCED_FACE('',(#550),#432,.F.);
#2359=ADVANCED_FACE('',(#551),#2298,.T.);
#2360=ADVANCED_FACE('',(#552),#2299,.F.);
#2361=ADVANCED_FACE('',(#553),#433,.F.);
#2362=ADVANCED_FACE('',(#554),#434,.F.);
#2363=ADVANCED_FACE('',(#555),#2300,.T.);
#2364=ADVANCED_FACE('',(#556),#435,.F.);
#2365=ADVANCED_FACE('',(#557),#2301,.T.);
#2366=ADVANCED_FACE('',(#558),#2302,.F.);
#2367=ADVANCED_FACE('',(#559),#22,.F.);
#2368=ADVANCED_FACE('',(#560),#23,.F.);
#2369=ADVANCED_FACE('',(#561),#24,.F.);
#2370=ADVANCED_FACE('',(#562),#2303,.T.);
#2371=ADVANCED_FACE('',(#563,#513),#2304,.F.);
#2372=ADVANCED_FACE('',(#564,#514),#2305,.F.);
#2373=ADVANCED_FACE('',(#565),#2306,.T.);
#2374=ADVANCED_FACE('',(#566),#2307,.T.);
#2375=ADVANCED_FACE('',(#567,#515),#2308,.T.);
#2376=ADVANCED_FACE('',(#568),#2309,.T.);
#2377=ADVANCED_FACE('',(#569,#516),#2310,.T.);
#2378=ADVANCED_FACE('',(#570),#436,.F.);
#2379=ADVANCED_FACE('',(#571),#2311,.F.);
#2380=ADVANCED_FACE('',(#572),#437,.F.);
#2381=ADVANCED_FACE('',(#573),#2312,.T.);
#2382=ADVANCED_FACE('',(#574),#438,.F.);
#2383=ADVANCED_FACE('',(#575),#2313,.T.);
#2384=ADVANCED_FACE('',(#576),#439,.F.);
#2385=ADVANCED_FACE('',(#577),#2314,.T.);
#2386=ADVANCED_FACE('',(#578),#25,.F.);
#2387=ADVANCED_FACE('',(#579),#26,.F.);
#2388=ADVANCED_FACE('',(#580),#27,.F.);
#2389=ADVANCED_FACE('',(#581),#28,.F.);
#2390=ADVANCED_FACE('',(#582),#2315,.F.);
#2391=ADVANCED_FACE('',(#583),#2316,.F.);
#2392=ADVANCED_FACE('',(#584),#2317,.T.);
#2393=ADVANCED_FACE('',(#585),#2318,.F.);
#2394=ADVANCED_FACE('',(#586),#2319,.T.);
#2395=ADVANCED_FACE('',(#587),#2320,.F.);
#2396=ADVANCED_FACE('',(#588),#440,.T.);
#2397=ADVANCED_FACE('',(#589),#441,.F.);
#2398=ADVANCED_FACE('',(#590),#442,.T.);
#2399=ADVANCED_FACE('',(#591),#443,.F.);
#2400=ADVANCED_FACE('',(#592),#444,.T.);
#2401=ADVANCED_FACE('',(#593),#445,.F.);
#2402=ADVANCED_FACE('',(#594),#446,.T.);
#2403=ADVANCED_FACE('',(#595),#447,.F.);
#2404=ADVANCED_FACE('',(#596),#448,.T.);
#2405=ADVANCED_FACE('',(#597),#449,.F.);
#2406=ADVANCED_FACE('',(#598),#450,.T.);
#2407=ADVANCED_FACE('',(#599),#451,.F.);
#2408=ADVANCED_FACE('',(#600),#452,.T.);
#2409=ADVANCED_FACE('',(#601),#453,.F.);
#2410=ADVANCED_FACE('',(#602),#454,.T.);
#2411=ADVANCED_FACE('',(#603),#455,.F.);
#2412=ADVANCED_FACE('',(#604),#2321,.T.);
#2413=ADVANCED_FACE('',(#605),#456,.T.);
#2414=ADVANCED_FACE('',(#606),#457,.F.);
#2415=ADVANCED_FACE('',(#607),#458,.T.);
#2416=ADVANCED_FACE('',(#608),#459,.F.);
#2417=ADVANCED_FACE('',(#609),#460,.T.);
#2418=ADVANCED_FACE('',(#610),#461,.F.);
#2419=ADVANCED_FACE('',(#611),#462,.T.);
#2420=ADVANCED_FACE('',(#612),#463,.F.);
#2421=ADVANCED_FACE('',(#613),#464,.T.);
#2422=ADVANCED_FACE('',(#614),#465,.F.);
#2423=ADVANCED_FACE('',(#615),#466,.T.);
#2424=ADVANCED_FACE('',(#616),#467,.F.);
#2425=ADVANCED_FACE('',(#617),#468,.T.);
#2426=ADVANCED_FACE('',(#618),#469,.F.);
#2427=ADVANCED_FACE('',(#619),#470,.T.);
#2428=ADVANCED_FACE('',(#620),#471,.F.);
#2429=ADVANCED_FACE('',(#621),#2322,.T.);
#2430=ADVANCED_FACE('',(#622),#472,.T.);
#2431=ADVANCED_FACE('',(#623),#473,.F.);
#2432=ADVANCED_FACE('',(#624),#474,.T.);
#2433=ADVANCED_FACE('',(#625),#475,.F.);
#2434=ADVANCED_FACE('',(#626),#476,.T.);
#2435=ADVANCED_FACE('',(#627),#477,.F.);
#2436=ADVANCED_FACE('',(#628),#478,.T.);
#2437=ADVANCED_FACE('',(#629),#479,.F.);
#2438=ADVANCED_FACE('',(#630),#480,.T.);
#2439=ADVANCED_FACE('',(#631),#481,.F.);
#2440=ADVANCED_FACE('',(#632),#482,.T.);
#2441=ADVANCED_FACE('',(#633),#483,.F.);
#2442=ADVANCED_FACE('',(#634),#484,.T.);
#2443=ADVANCED_FACE('',(#635),#485,.F.);
#2444=ADVANCED_FACE('',(#636),#486,.T.);
#2445=ADVANCED_FACE('',(#637),#487,.F.);
#2446=ADVANCED_FACE('',(#638),#2323,.T.);
#2447=ADVANCED_FACE('',(#639),#488,.F.);
#2448=ADVANCED_FACE('',(#640),#489,.F.);
#2449=ADVANCED_FACE('',(#641),#490,.F.);
#2450=ADVANCED_FACE('',(#642),#491,.F.);
#2451=ADVANCED_FACE('',(#643),#492,.F.);
#2452=ADVANCED_FACE('',(#644),#493,.F.);
#2453=ADVANCED_FACE('',(#645),#29,.F.);
#2454=ADVANCED_FACE('',(#646),#30,.F.);
#2455=ADVANCED_FACE('',(#647),#31,.F.);
#2456=ADVANCED_FACE('',(#648),#32,.F.);
#2457=ADVANCED_FACE('',(#649),#33,.F.);
#2458=ADVANCED_FACE('',(#650),#34,.F.);
#2459=ADVANCED_FACE('',(#651),#2324,.F.);
#2460=CLOSED_SHELL('',(#2325,#2326,#2327,#2328,#2329,#2330,#2331,#2332,
#2333,#2334,#2335,#2336,#2337,#2338,#2339,#2340,#2341,#2342,#2343,#2344,
#2345,#2346,#2347,#2348,#2349,#2350,#2351,#2352,#2353,#2354,#2355,#2356,
#2357,#2358,#2359,#2360,#2361,#2362,#2363,#2364,#2365,#2366,#2367,#2368,
#2369,#2370,#2371,#2372,#2373,#2374,#2375,#2376,#2377,#2378,#2379,#2380,
#2381,#2382,#2383,#2384,#2385,#2386,#2387,#2388,#2389,#2390,#2391,#2392,
#2393,#2394,#2395,#2396,#2397,#2398,#2399,#2400,#2401,#2402,#2403,#2404,
#2405,#2406,#2407,#2408,#2409,#2410,#2411,#2412,#2413,#2414,#2415,#2416,
#2417,#2418,#2419,#2420,#2421,#2422,#2423,#2424,#2425,#2426,#2427,#2428,
#2429,#2430,#2431,#2432,#2433,#2434,#2435,#2436,#2437,#2438,#2439,#2440,
#2441,#2442,#2443,#2444,#2445,#2446,#2447,#2448,#2449,#2450,#2451,#2452,
#2453,#2454,#2455,#2456,#2457,#2458,#2459));
#2461=DERIVED_UNIT_ELEMENT(#2463,1.);
#2462=DERIVED_UNIT_ELEMENT(#4310,-3.);
#2463=(
MASS_UNIT()
NAMED_UNIT(*)
SI_UNIT(.KILO.,.GRAM.)
);
#2464=DERIVED_UNIT((#2461,#2462));
#2465=MEASURE_REPRESENTATION_ITEM('density measure',
POSITIVE_RATIO_MEASURE(7850.),#2464);
#2466=PROPERTY_DEFINITION_REPRESENTATION(#2471,#2468);
#2467=PROPERTY_DEFINITION_REPRESENTATION(#2472,#2469);
#2468=REPRESENTATION('material name',(#2470),#4307);
#2469=REPRESENTATION('density',(#2465),#4307);
#2470=DESCRIPTIVE_REPRESENTATION_ITEM('Steel','Steel');
#2471=PROPERTY_DEFINITION('material property','material name',#4322);
#2472=PROPERTY_DEFINITION('material property','density of part',#4322);
#2473=AXIS2_PLACEMENT_3D('',#3556,#2770,#2771);
#2474=AXIS2_PLACEMENT_3D('',#3557,#2772,#2773);
#2475=AXIS2_PLACEMENT_3D('',#3558,#2774,#2775);
#2476=AXIS2_PLACEMENT_3D('',#3560,#2776,#2777);
#2477=AXIS2_PLACEMENT_3D('',#3563,#2778,#2779);
#2478=AXIS2_PLACEMENT_3D('',#3565,#2780,#2781);
#2479=AXIS2_PLACEMENT_3D('',#3567,#2782,#2783);
#2480=AXIS2_PLACEMENT_3D('',#3569,#2784,#2785);
#2481=AXIS2_PLACEMENT_3D('',#3571,#2786,#2787);
#2482=AXIS2_PLACEMENT_3D('',#3573,#2788,#2789);
#2483=AXIS2_PLACEMENT_3D('',#3575,#2790,#2791);
#2484=AXIS2_PLACEMENT_3D('',#3577,#2792,#2793);
#2485=AXIS2_PLACEMENT_3D('',#3579,#2794,#2795);
#2486=AXIS2_PLACEMENT_3D('',#3581,#2796,#2797);
#2487=AXIS2_PLACEMENT_3D('',#3583,#2798,#2799);
#2488=AXIS2_PLACEMENT_3D('',#3585,#2800,#2801);
#2489=AXIS2_PLACEMENT_3D('',#3587,#2802,#2803);
#2490=AXIS2_PLACEMENT_3D('',#3589,#2804,#2805);
#2491=AXIS2_PLACEMENT_3D('',#3591,#2806,#2807);
#2492=AXIS2_PLACEMENT_3D('',#3592,#2808,#2809);
#2493=AXIS2_PLACEMENT_3D('',#3595,#2810,#2811);
#2494=AXIS2_PLACEMENT_3D('',#3597,#2812,#2813);
#2495=AXIS2_PLACEMENT_3D('',#3599,#2814,#2815);
#2496=AXIS2_PLACEMENT_3D('',#3601,#2816,#2817);
#2497=AXIS2_PLACEMENT_3D('',#3603,#2818,#2819);
#2498=AXIS2_PLACEMENT_3D('',#3605,#2820,#2821);
#2499=AXIS2_PLACEMENT_3D('',#3607,#2822,#2823);
#2500=AXIS2_PLACEMENT_3D('',#3609,#2824,#2825);
#2501=AXIS2_PLACEMENT_3D('',#3611,#2826,#2827);
#2502=AXIS2_PLACEMENT_3D('',#3613,#2828,#2829);
#2503=AXIS2_PLACEMENT_3D('',#3615,#2830,#2831);
#2504=AXIS2_PLACEMENT_3D('',#3617,#2832,#2833);
#2505=AXIS2_PLACEMENT_3D('',#3619,#2834,#2835);
#2506=AXIS2_PLACEMENT_3D('',#3621,#2836,#2837);
#2507=AXIS2_PLACEMENT_3D('',#3623,#2838,#2839);
#2508=AXIS2_PLACEMENT_3D('',#3624,#2840,#2841);
#2509=AXIS2_PLACEMENT_3D('',#3627,#2842,#2843);
#2510=AXIS2_PLACEMENT_3D('',#3629,#2844,#2845);
#2511=AXIS2_PLACEMENT_3D('',#3631,#2846,#2847);
#2512=AXIS2_PLACEMENT_3D('',#3633,#2848,#2849);
#2513=AXIS2_PLACEMENT_3D('',#3635,#2850,#2851);
#2514=AXIS2_PLACEMENT_3D('',#3637,#2852,#2853);
#2515=AXIS2_PLACEMENT_3D('',#3639,#2854,#2855);
#2516=AXIS2_PLACEMENT_3D('',#3641,#2856,#2857);
#2517=AXIS2_PLACEMENT_3D('',#3643,#2858,#2859);
#2518=AXIS2_PLACEMENT_3D('',#3645,#2860,#2861);
#2519=AXIS2_PLACEMENT_3D('',#3647,#2862,#2863);
#2520=AXIS2_PLACEMENT_3D('',#3649,#2864,#2865);
#2521=AXIS2_PLACEMENT_3D('',#3651,#2866,#2867);
#2522=AXIS2_PLACEMENT_3D('',#3653,#2868,#2869);
#2523=AXIS2_PLACEMENT_3D('',#3655,#2870,#2871);
#2524=AXIS2_PLACEMENT_3D('',#3656,#2872,#2873);
#2525=AXIS2_PLACEMENT_3D('',#3658,#2874,#2875);
#2526=AXIS2_PLACEMENT_3D('',#3660,#2876,#2877);
#2527=AXIS2_PLACEMENT_3D('',#3662,#2878,#2879);
#2528=AXIS2_PLACEMENT_3D('',#3664,#2880,#2881);
#2529=AXIS2_PLACEMENT_3D('',#3666,#2882,#2883);
#2530=AXIS2_PLACEMENT_3D('',#3668,#2884,#2885);
#2531=AXIS2_PLACEMENT_3D('',#3669,#2886,#2887);
#2532=AXIS2_PLACEMENT_3D('',#3674,#2889,#2890);
#2533=AXIS2_PLACEMENT_3D('',#3677,#2892,#2893);
#2534=AXIS2_PLACEMENT_3D('',#3678,#2894,#2895);
#2535=AXIS2_PLACEMENT_3D('',#3681,#2897,#2898);
#2536=AXIS2_PLACEMENT_3D('',#3682,#2899,#2900);
#2537=AXIS2_PLACEMENT_3D('',#3688,#2904,#2905);
#2538=AXIS2_PLACEMENT_3D('',#3691,#2906,#2907);
#2539=AXIS2_PLACEMENT_3D('',#3693,#2909,#2910);
#2540=AXIS2_PLACEMENT_3D('',#3694,#2911,#2912);
#2541=AXIS2_PLACEMENT_3D('',#3702,#2916,#2917);
#2542=AXIS2_PLACEMENT_3D('',#3710,#2921,#2922);
#2543=AXIS2_PLACEMENT_3D('',#3714,#2925,#2926);
#2544=AXIS2_PLACEMENT_3D('',#3735,#2937,#2938);
#2545=AXIS2_PLACEMENT_3D('',#3744,#2943,#2944);
#2546=AXIS2_PLACEMENT_3D('',#3753,#2949,#2950);
#2547=AXIS2_PLACEMENT_3D('',#3774,#2961,#2962);
#2548=AXIS2_PLACEMENT_3D('',#3797,#2973,#2974);
#2549=AXIS2_PLACEMENT_3D('',#3812,#2983,#2984);
#2550=AXIS2_PLACEMENT_3D('',#3823,#2991,#2992);
#2551=AXIS2_PLACEMENT_3D('',#3825,#2993,#2994);
#2552=AXIS2_PLACEMENT_3D('',#3834,#2998,#2999);
#2553=AXIS2_PLACEMENT_3D('',#3840,#3003,#3004);
#2554=AXIS2_PLACEMENT_3D('',#3842,#3005,#3006);
#2555=AXIS2_PLACEMENT_3D('',#3846,#3009,#3010);
#2556=AXIS2_PLACEMENT_3D('',#3856,#3013,#3014);
#2557=AXIS2_PLACEMENT_3D('',#3858,#3016,#3017);
#2558=AXIS2_PLACEMENT_3D('',#3861,#3019,#3020);
#2559=AXIS2_PLACEMENT_3D('',#3863,#3022,#3023);
#2560=AXIS2_PLACEMENT_3D('',#3864,#3024,#3025);
#2561=AXIS2_PLACEMENT_3D('',#3885,#3038,#3039);
#2562=AXIS2_PLACEMENT_3D('',#3891,#3041,#3042);
#2563=AXIS2_PLACEMENT_3D('',#3899,#3044,#3045);
#2564=AXIS2_PLACEMENT_3D('',#3900,#3046,#3047);
#2565=AXIS2_PLACEMENT_3D('',#3901,#3048,#3049);
#2566=AXIS2_PLACEMENT_3D('',#3902,#3050,#3051);
#2567=AXIS2_PLACEMENT_3D('',#3905,#3053,#3054);
#2568=AXIS2_PLACEMENT_3D('',#3907,#3055,#3056);
#2569=AXIS2_PLACEMENT_3D('',#3909,#3057,#3058);
#2570=AXIS2_PLACEMENT_3D('',#3911,#3059,#3060);
#2571=AXIS2_PLACEMENT_3D('',#3913,#3061,#3062);
#2572=AXIS2_PLACEMENT_3D('',#3915,#3063,#3064);
#2573=AXIS2_PLACEMENT_3D('',#3917,#3065,#3066);
#2574=AXIS2_PLACEMENT_3D('',#3919,#3067,#3068);
#2575=AXIS2_PLACEMENT_3D('',#3921,#3069,#3070);
#2576=AXIS2_PLACEMENT_3D('',#3922,#3071,#3072);
#2577=AXIS2_PLACEMENT_3D('',#3931,#3073,#3074);
#2578=AXIS2_PLACEMENT_3D('',#3934,#3076,#3077);
#2579=AXIS2_PLACEMENT_3D('',#3936,#3079,#3080);
#2580=AXIS2_PLACEMENT_3D('',#3938,#3082,#3083);
#2581=AXIS2_PLACEMENT_3D('',#3939,#3084,#3085);
#2582=AXIS2_PLACEMENT_3D('',#3940,#3086,#3087);
#2583=AXIS2_PLACEMENT_3D('',#3941,#3088,#3089);
#2584=AXIS2_PLACEMENT_3D('',#3947,#3093,#3094);
#2585=AXIS2_PLACEMENT_3D('',#3948,#3095,#3096);
#2586=AXIS2_PLACEMENT_3D('',#3949,#3097,#3098);
#2587=AXIS2_PLACEMENT_3D('',#3951,#3100,#3101);
#2588=AXIS2_PLACEMENT_3D('',#3955,#3104,#3105);
#2589=AXIS2_PLACEMENT_3D('',#3957,#3107,#3108);
#2590=AXIS2_PLACEMENT_3D('',#3958,#3109,#3110);
#2591=AXIS2_PLACEMENT_3D('',#3960,#3112,#3113);
#2592=AXIS2_PLACEMENT_3D('',#3961,#3114,#3115);
#2593=AXIS2_PLACEMENT_3D('',#3963,#3116,#3117);
#2594=AXIS2_PLACEMENT_3D('',#3966,#3119,#3120);
#2595=AXIS2_PLACEMENT_3D('',#3967,#3121,#3122);
#2596=AXIS2_PLACEMENT_3D('',#3969,#3123,#3124);
#2597=AXIS2_PLACEMENT_3D('',#3972,#3126,#3127);
#2598=AXIS2_PLACEMENT_3D('',#3973,#3128,#3129);
#2599=AXIS2_PLACEMENT_3D('',#3974,#3130,#3131);
#2600=AXIS2_PLACEMENT_3D('',#3976,#3132,#3133);
#2601=AXIS2_PLACEMENT_3D('',#3979,#3135,#3136);
#2602=AXIS2_PLACEMENT_3D('',#3980,#3137,#3138);
#2603=AXIS2_PLACEMENT_3D('',#3981,#3139,#3140);
#2604=AXIS2_PLACEMENT_3D('',#3982,#3141,#3142);
#2605=AXIS2_PLACEMENT_3D('',#3984,#3144,#3145);
#2606=AXIS2_PLACEMENT_3D('',#3986,#3147,#3148);
#2607=AXIS2_PLACEMENT_3D('',#3988,#3150,#3151);
#2608=AXIS2_PLACEMENT_3D('',#3990,#3153,#3154);
#2609=AXIS2_PLACEMENT_3D('',#3993,#3156,#3157);
#2610=AXIS2_PLACEMENT_3D('',#3994,#3158,#3159);
#2611=AXIS2_PLACEMENT_3D('',#3998,#3162,#3163);
#2612=AXIS2_PLACEMENT_3D('',#3999,#3164,#3165);
#2613=AXIS2_PLACEMENT_3D('',#4000,#3166,#3167);
#2614=AXIS2_PLACEMENT_3D('',#4002,#3169,#3170);
#2615=AXIS2_PLACEMENT_3D('',#4005,#3172,#3173);
#2616=AXIS2_PLACEMENT_3D('',#4006,#3174,#3175);
#2617=AXIS2_PLACEMENT_3D('',#4008,#3177,#3178);
#2618=AXIS2_PLACEMENT_3D('',#4011,#3180,#3181);
#2619=AXIS2_PLACEMENT_3D('',#4012,#3182,#3183);
#2620=AXIS2_PLACEMENT_3D('',#4014,#3184,#3185);
#2621=AXIS2_PLACEMENT_3D('',#4017,#3187,#3188);
#2622=AXIS2_PLACEMENT_3D('',#4018,#3189,#3190);
#2623=AXIS2_PLACEMENT_3D('',#4019,#3191,#3192);
#2624=AXIS2_PLACEMENT_3D('',#4021,#3193,#3194);
#2625=AXIS2_PLACEMENT_3D('',#4024,#3196,#3197);
#2626=AXIS2_PLACEMENT_3D('',#4025,#3198,#3199);
#2627=AXIS2_PLACEMENT_3D('',#4026,#3200,#3201);
#2628=AXIS2_PLACEMENT_3D('',#4028,#3202,#3203);
#2629=AXIS2_PLACEMENT_3D('',#4031,#3205,#3206);
#2630=AXIS2_PLACEMENT_3D('',#4032,#3207,#3208);
#2631=AXIS2_PLACEMENT_3D('',#4033,#3209,#3210);
#2632=AXIS2_PLACEMENT_3D('',#4035,#3211,#3212);
#2633=AXIS2_PLACEMENT_3D('',#4038,#3214,#3215);
#2634=AXIS2_PLACEMENT_3D('',#4039,#3216,#3217);
#2635=AXIS2_PLACEMENT_3D('',#4040,#3218,#3219);
#2636=AXIS2_PLACEMENT_3D('',#4042,#3221,#3222);
#2637=AXIS2_PLACEMENT_3D('',#4044,#3224,#3225);
#2638=AXIS2_PLACEMENT_3D('',#4046,#3227,#3228);
#2639=AXIS2_PLACEMENT_3D('',#4048,#3230,#3231);
#2640=AXIS2_PLACEMENT_3D('',#4051,#3234,#3235);
#2641=AXIS2_PLACEMENT_3D('',#4054,#3238,#3239);
#2642=AXIS2_PLACEMENT_3D('',#4055,#3240,#3241);
#2643=AXIS2_PLACEMENT_3D('',#4056,#3242,#3243);
#2644=AXIS2_PLACEMENT_3D('',#4057,#3244,#3245);
#2645=AXIS2_PLACEMENT_3D('',#4058,#3246,#3247);
#2646=AXIS2_PLACEMENT_3D('',#4061,#3248,#3249);
#2647=AXIS2_PLACEMENT_3D('',#4064,#3252,#3253);
#2648=AXIS2_PLACEMENT_3D('',#4066,#3254,#3255);
#2649=AXIS2_PLACEMENT_3D('',#4068,#3257,#3258);
#2650=AXIS2_PLACEMENT_3D('',#4070,#3259,#3260);
#2651=AXIS2_PLACEMENT_3D('',#4072,#3262,#3263);
#2652=AXIS2_PLACEMENT_3D('',#4074,#3264,#3265);
#2653=AXIS2_PLACEMENT_3D('',#4076,#3267,#3268);
#2654=AXIS2_PLACEMENT_3D('',#4078,#3269,#3270);
#2655=AXIS2_PLACEMENT_3D('',#4080,#3272,#3273);
#2656=AXIS2_PLACEMENT_3D('',#4082,#3274,#3275);
#2657=AXIS2_PLACEMENT_3D('',#4084,#3277,#3278);
#2658=AXIS2_PLACEMENT_3D('',#4086,#3279,#3280);
#2659=AXIS2_PLACEMENT_3D('',#4088,#3282,#3283);
#2660=AXIS2_PLACEMENT_3D('',#4090,#3284,#3285);
#2661=AXIS2_PLACEMENT_3D('',#4092,#3287,#3288);
#2662=AXIS2_PLACEMENT_3D('',#4094,#3289,#3290);
#2663=AXIS2_PLACEMENT_3D('',#4096,#3292,#3293);
#2664=AXIS2_PLACEMENT_3D('',#4098,#3294,#3295);
#2665=AXIS2_PLACEMENT_3D('',#4100,#3297,#3298);
#2666=AXIS2_PLACEMENT_3D('',#4102,#3299,#3300);
#2667=AXIS2_PLACEMENT_3D('',#4104,#3302,#3303);
#2668=AXIS2_PLACEMENT_3D('',#4106,#3304,#3305);
#2669=AXIS2_PLACEMENT_3D('',#4108,#3307,#3308);
#2670=AXIS2_PLACEMENT_3D('',#4110,#3309,#3310);
#2671=AXIS2_PLACEMENT_3D('',#4112,#3312,#3313);
#2672=AXIS2_PLACEMENT_3D('',#4114,#3314,#3315);
#2673=AXIS2_PLACEMENT_3D('',#4116,#3317,#3318);
#2674=AXIS2_PLACEMENT_3D('',#4118,#3319,#3320);
#2675=AXIS2_PLACEMENT_3D('',#4120,#3322,#3323);
#2676=AXIS2_PLACEMENT_3D('',#4121,#3324,#3325);
#2677=AXIS2_PLACEMENT_3D('',#4122,#3326,#3327);
#2678=AXIS2_PLACEMENT_3D('',#4123,#3328,#3329);
#2679=AXIS2_PLACEMENT_3D('',#4126,#3330,#3331);
#2680=AXIS2_PLACEMENT_3D('',#4129,#3334,#3335);
#2681=AXIS2_PLACEMENT_3D('',#4131,#3336,#3337);
#2682=AXIS2_PLACEMENT_3D('',#4133,#3339,#3340);
#2683=AXIS2_PLACEMENT_3D('',#4135,#3341,#3342);
#2684=AXIS2_PLACEMENT_3D('',#4137,#3344,#3345);
#2685=AXIS2_PLACEMENT_3D('',#4139,#3346,#3347);
#2686=AXIS2_PLACEMENT_3D('',#4141,#3349,#3350);
#2687=AXIS2_PLACEMENT_3D('',#4143,#3351,#3352);
#2688=AXIS2_PLACEMENT_3D('',#4145,#3354,#3355);
#2689=AXIS2_PLACEMENT_3D('',#4147,#3356,#3357);
#2690=AXIS2_PLACEMENT_3D('',#4149,#3359,#3360);
#2691=AXIS2_PLACEMENT_3D('',#4151,#3361,#3362);
#2692=AXIS2_PLACEMENT_3D('',#4153,#3364,#3365);
#2693=AXIS2_PLACEMENT_3D('',#4155,#3366,#3367);
#2694=AXIS2_PLACEMENT_3D('',#4157,#3369,#3370);
#2695=AXIS2_PLACEMENT_3D('',#4159,#3371,#3372);
#2696=AXIS2_PLACEMENT_3D('',#4161,#3374,#3375);
#2697=AXIS2_PLACEMENT_3D('',#4163,#3376,#3377);
#2698=AXIS2_PLACEMENT_3D('',#4165,#3379,#3380);
#2699=AXIS2_PLACEMENT_3D('',#4167,#3381,#3382);
#2700=AXIS2_PLACEMENT_3D('',#4169,#3384,#3385);
#2701=AXIS2_PLACEMENT_3D('',#4171,#3386,#3387);
#2702=AXIS2_PLACEMENT_3D('',#4173,#3389,#3390);
#2703=AXIS2_PLACEMENT_3D('',#4175,#3391,#3392);
#2704=AXIS2_PLACEMENT_3D('',#4177,#3394,#3395);
#2705=AXIS2_PLACEMENT_3D('',#4179,#3396,#3397);
#2706=AXIS2_PLACEMENT_3D('',#4181,#3399,#3400);
#2707=AXIS2_PLACEMENT_3D('',#4183,#3401,#3402);
#2708=AXIS2_PLACEMENT_3D('',#4185,#3404,#3405);
#2709=AXIS2_PLACEMENT_3D('',#4186,#3406,#3407);
#2710=AXIS2_PLACEMENT_3D('',#4187,#3408,#3409);
#2711=AXIS2_PLACEMENT_3D('',#4188,#3410,#3411);
#2712=AXIS2_PLACEMENT_3D('',#4191,#3412,#3413);
#2713=AXIS2_PLACEMENT_3D('',#4194,#3416,#3417);
#2714=AXIS2_PLACEMENT_3D('',#4196,#3418,#3419);
#2715=AXIS2_PLACEMENT_3D('',#4198,#3421,#3422);
#2716=AXIS2_PLACEMENT_3D('',#4200,#3423,#3424);
#2717=AXIS2_PLACEMENT_3D('',#4202,#3426,#3427);
#2718=AXIS2_PLACEMENT_3D('',#4204,#3428,#3429);
#2719=AXIS2_PLACEMENT_3D('',#4206,#3431,#3432);
#2720=AXIS2_PLACEMENT_3D('',#4208,#3433,#3434);
#2721=AXIS2_PLACEMENT_3D('',#4210,#3436,#3437);
#2722=AXIS2_PLACEMENT_3D('',#4212,#3438,#3439);
#2723=AXIS2_PLACEMENT_3D('',#4214,#3441,#3442);
#2724=AXIS2_PLACEMENT_3D('',#4216,#3443,#3444);
#2725=AXIS2_PLACEMENT_3D('',#4218,#3446,#3447);
#2726=AXIS2_PLACEMENT_3D('',#4220,#3448,#3449);
#2727=AXIS2_PLACEMENT_3D('',#4222,#3451,#3452);
#2728=AXIS2_PLACEMENT_3D('',#4224,#3453,#3454);
#2729=AXIS2_PLACEMENT_3D('',#4226,#3456,#3457);
#2730=AXIS2_PLACEMENT_3D('',#4228,#3458,#3459);
#2731=AXIS2_PLACEMENT_3D('',#4230,#3461,#3462);
#2732=AXIS2_PLACEMENT_3D('',#4232,#3463,#3464);
#2733=AXIS2_PLACEMENT_3D('',#4234,#3466,#3467);
#2734=AXIS2_PLACEMENT_3D('',#4236,#3468,#3469);
#2735=AXIS2_PLACEMENT_3D('',#4238,#3471,#3472);
#2736=AXIS2_PLACEMENT_3D('',#4240,#3473,#3474);
#2737=AXIS2_PLACEMENT_3D('',#4242,#3476,#3477);
#2738=AXIS2_PLACEMENT_3D('',#4244,#3478,#3479);
#2739=AXIS2_PLACEMENT_3D('',#4246,#3481,#3482);
#2740=AXIS2_PLACEMENT_3D('',#4248,#3483,#3484);
#2741=AXIS2_PLACEMENT_3D('',#4250,#3486,#3487);
#2742=AXIS2_PLACEMENT_3D('',#4251,#3488,#3489);
#2743=AXIS2_PLACEMENT_3D('',#4252,#3490,#3491);
#2744=AXIS2_PLACEMENT_3D('',#4253,#3492,#3493);
#2745=AXIS2_PLACEMENT_3D('',#4256,#3494,#3495);
#2746=AXIS2_PLACEMENT_3D('',#4258,#3497,#3498);
#2747=AXIS2_PLACEMENT_3D('',#4259,#3499,#3500);
#2748=AXIS2_PLACEMENT_3D('',#4262,#3501,#3502);
#2749=AXIS2_PLACEMENT_3D('',#4264,#3504,#3505);
#2750=AXIS2_PLACEMENT_3D('',#4265,#3506,#3507);
#2751=AXIS2_PLACEMENT_3D('',#4268,#3508,#3509);
#2752=AXIS2_PLACEMENT_3D('',#4270,#3511,#3512);
#2753=AXIS2_PLACEMENT_3D('',#4271,#3513,#3514);
#2754=AXIS2_PLACEMENT_3D('',#4274,#3515,#3516);
#2755=AXIS2_PLACEMENT_3D('',#4276,#3518,#3519);
#2756=AXIS2_PLACEMENT_3D('',#4277,#3520,#3521);
#2757=AXIS2_PLACEMENT_3D('',#4280,#3522,#3523);
#2758=AXIS2_PLACEMENT_3D('',#4282,#3525,#3526);
#2759=AXIS2_PLACEMENT_3D('',#4283,#3527,#3528);
#2760=AXIS2_PLACEMENT_3D('',#4286,#3529,#3530);
#2761=AXIS2_PLACEMENT_3D('',#4288,#3532,#3533);
#2762=AXIS2_PLACEMENT_3D('',#4289,#3534,#3535);
#2763=AXIS2_PLACEMENT_3D('',#4291,#3537,#3538);
#2764=AXIS2_PLACEMENT_3D('',#4293,#3540,#3541);
#2765=AXIS2_PLACEMENT_3D('',#4295,#3543,#3544);
#2766=AXIS2_PLACEMENT_3D('',#4297,#3546,#3547);
#2767=AXIS2_PLACEMENT_3D('',#4299,#3549,#3550);
#2768=AXIS2_PLACEMENT_3D('',#4301,#3552,#3553);
#2769=AXIS2_PLACEMENT_3D('',#4302,#3554,#3555);
#2770=DIRECTION('axis',(0.,0.,1.));
#2771=DIRECTION('refdir',(1.,0.,0.));
#2772=DIRECTION('axis',(0.,0.,1.));
#2773=DIRECTION('refdir',(1.,0.,0.));
#2774=DIRECTION('center_axis',(4.34374758384592E-15,1.,0.));
#2775=DIRECTION('ref_axis',(0.,0.,-1.));
#2776=DIRECTION('center_axis',(4.34374758384592E-15,1.,0.));
#2777=DIRECTION('ref_axis',(-1.,0.,0.));
#2778=DIRECTION('center_axis',(4.34374758384592E-15,1.,0.));
#2779=DIRECTION('ref_axis',(0.,0.,-1.));
#2780=DIRECTION('center_axis',(-4.34374758384592E-15,-1.,0.));
#2781=DIRECTION('ref_axis',(0.,0.,-1.));
#2782=DIRECTION('center_axis',(4.34374758384592E-15,1.,0.));
#2783=DIRECTION('ref_axis',(0.,0.,-1.));
#2784=DIRECTION('center_axis',(-4.34374758384592E-15,-1.,0.));
#2785=DIRECTION('ref_axis',(0.,0.,-1.));
#2786=DIRECTION('center_axis',(4.34374758384592E-15,1.,0.));
#2787=DIRECTION('ref_axis',(0.,0.,-1.));
#2788=DIRECTION('center_axis',(-4.34374758384592E-15,-1.,0.));
#2789=DIRECTION('ref_axis',(0.,0.,-1.));
#2790=DIRECTION('center_axis',(4.34374758384592E-15,1.,0.));
#2791=DIRECTION('ref_axis',(0.,0.,-1.));
#2792=DIRECTION('center_axis',(-4.34374758384592E-15,-1.,0.));
#2793=DIRECTION('ref_axis',(0.,0.,-1.));
#2794=DIRECTION('center_axis',(4.34374758384592E-15,1.,0.));
#2795=DIRECTION('ref_axis',(0.,0.,-1.));
#2796=DIRECTION('center_axis',(-4.34374758384592E-15,-1.,0.));
#2797=DIRECTION('ref_axis',(0.,0.,-1.));
#2798=DIRECTION('center_axis',(4.34374758384592E-15,1.,0.));
#2799=DIRECTION('ref_axis',(0.,0.,-1.));
#2800=DIRECTION('center_axis',(-4.34374758384592E-15,-1.,0.));
#2801=DIRECTION('ref_axis',(0.,0.,-1.));
#2802=DIRECTION('center_axis',(4.34374758384592E-15,1.,0.));
#2803=DIRECTION('ref_axis',(0.,0.,-1.));
#2804=DIRECTION('center_axis',(-4.34374758384592E-15,-1.,0.));
#2805=DIRECTION('ref_axis',(0.,0.,-1.));
#2806=DIRECTION('center_axis',(4.34374758384592E-15,1.,0.));
#2807=DIRECTION('ref_axis',(0.,0.,-1.));
#2808=DIRECTION('center_axis',(-4.34374758384592E-15,-1.,0.));
#2809=DIRECTION('ref_axis',(0.,0.,-1.));
#2810=DIRECTION('center_axis',(4.34374758384592E-15,1.,0.));
#2811=DIRECTION('ref_axis',(0.,0.,-1.));
#2812=DIRECTION('center_axis',(-4.34374758384592E-15,-1.,0.));
#2813=DIRECTION('ref_axis',(0.,0.,-1.));
#2814=DIRECTION('center_axis',(4.34374758384592E-15,1.,0.));
#2815=DIRECTION('ref_axis',(0.,0.,-1.));
#2816=DIRECTION('center_axis',(-4.34374758384592E-15,-1.,0.));
#2817=DIRECTION('ref_axis',(0.,0.,-1.));
#2818=DIRECTION('center_axis',(4.34374758384592E-15,1.,0.));
#2819=DIRECTION('ref_axis',(0.,0.,-1.));
#2820=DIRECTION('center_axis',(-4.34374758384592E-15,-1.,0.));
#2821=DIRECTION('ref_axis',(0.,0.,-1.));
#2822=DIRECTION('center_axis',(4.34374758384592E-15,1.,0.));
#2823=DIRECTION('ref_axis',(0.,0.,-1.));
#2824=DIRECTION('center_axis',(-4.34374758384592E-15,-1.,0.));
#2825=DIRECTION('ref_axis',(0.,0.,-1.));
#2826=DIRECTION('center_axis',(4.34374758384592E-15,1.,0.));
#2827=DIRECTION('ref_axis',(0.,0.,-1.));
#2828=DIRECTION('center_axis',(-4.34374758384592E-15,-1.,0.));
#2829=DIRECTION('ref_axis',(0.,0.,-1.));
#2830=DIRECTION('center_axis',(4.34374758384592E-15,1.,0.));
#2831=DIRECTION('ref_axis',(0.,0.,-1.));
#2832=DIRECTION('center_axis',(-4.34374758384592E-15,-1.,0.));
#2833=DIRECTION('ref_axis',(0.,0.,-1.));
#2834=DIRECTION('center_axis',(4.34374758384592E-15,1.,0.));
#2835=DIRECTION('ref_axis',(0.,0.,-1.));
#2836=DIRECTION('center_axis',(-4.34374758384592E-15,-1.,0.));
#2837=DIRECTION('ref_axis',(0.,0.,-1.));
#2838=DIRECTION('center_axis',(4.34374758384592E-15,1.,0.));
#2839=DIRECTION('ref_axis',(0.,0.,-1.));
#2840=DIRECTION('center_axis',(-4.34374758384592E-15,-1.,0.));
#2841=DIRECTION('ref_axis',(0.,0.,-1.));
#2842=DIRECTION('center_axis',(4.34374758384592E-15,1.,0.));
#2843=DIRECTION('ref_axis',(0.,0.,-1.));
#2844=DIRECTION('center_axis',(-4.34374758384592E-15,-1.,0.));
#2845=DIRECTION('ref_axis',(0.,0.,-1.));
#2846=DIRECTION('center_axis',(4.34374758384592E-15,1.,0.));
#2847=DIRECTION('ref_axis',(0.,0.,-1.));
#2848=DIRECTION('center_axis',(-4.34374758384592E-15,-1.,0.));
#2849=DIRECTION('ref_axis',(0.,0.,-1.));
#2850=DIRECTION('center_axis',(4.34374758384592E-15,1.,0.));
#2851=DIRECTION('ref_axis',(0.,0.,-1.));
#2852=DIRECTION('center_axis',(-4.34374758384592E-15,-1.,0.));
#2853=DIRECTION('ref_axis',(0.,0.,-1.));
#2854=DIRECTION('center_axis',(4.34374758384592E-15,1.,0.));
#2855=DIRECTION('ref_axis',(0.,0.,-1.));
#2856=DIRECTION('center_axis',(-4.34374758384592E-15,-1.,0.));
#2857=DIRECTION('ref_axis',(0.,0.,-1.));
#2858=DIRECTION('center_axis',(4.34374758384592E-15,1.,0.));
#2859=DIRECTION('ref_axis',(0.,0.,-1.));
#2860=DIRECTION('center_axis',(-4.34374758384592E-15,-1.,0.));
#2861=DIRECTION('ref_axis',(0.,0.,-1.));
#2862=DIRECTION('center_axis',(4.34374758384592E-15,1.,0.));
#2863=DIRECTION('ref_axis',(0.,0.,-1.));
#2864=DIRECTION('center_axis',(-4.34374758384592E-15,-1.,0.));
#2865=DIRECTION('ref_axis',(0.,0.,-1.));
#2866=DIRECTION('center_axis',(4.34374758384592E-15,1.,0.));
#2867=DIRECTION('ref_axis',(0.,0.,-1.));
#2868=DIRECTION('center_axis',(-4.34374758384592E-15,-1.,0.));
#2869=DIRECTION('ref_axis',(0.,0.,-1.));
#2870=DIRECTION('center_axis',(4.34374758384592E-15,1.,0.));
#2871=DIRECTION('ref_axis',(0.,0.,-1.));
#2872=DIRECTION('center_axis',(-4.34374758384592E-15,-1.,0.));
#2873=DIRECTION('ref_axis',(0.,0.,-1.));
#2874=DIRECTION('center_axis',(-4.34374758384592E-15,-1.,0.));
#2875=DIRECTION('ref_axis',(0.,0.,-1.));
#2876=DIRECTION('center_axis',(-4.34374758384592E-15,-1.,0.));
#2877=DIRECTION('ref_axis',(0.,0.,-1.));
#2878=DIRECTION('center_axis',(-4.34374758384592E-15,-1.,0.));
#2879=DIRECTION('ref_axis',(0.,0.,-1.));
#2880=DIRECTION('center_axis',(-4.34374758384592E-15,-1.,0.));
#2881=DIRECTION('ref_axis',(0.,0.,-1.));
#2882=DIRECTION('center_axis',(-4.34374758384592E-15,-1.,0.));
#2883=DIRECTION('ref_axis',(0.,0.,-1.));
#2884=DIRECTION('center_axis',(-4.34374758384592E-15,-1.,0.));
#2885=DIRECTION('ref_axis',(0.,0.,-1.));
#2886=DIRECTION('center_axis',(0.,-1.,0.));
#2887=DIRECTION('ref_axis',(-1.,0.,0.));
#2888=DIRECTION('',(4.34374758384592E-15,1.,0.));
#2889=DIRECTION('center_axis',(0.,-1.,0.));
#2890=DIRECTION('ref_axis',(-1.,0.,0.));
#2891=DIRECTION('',(0.,-1.,0.));
#2892=DIRECTION('center_axis',(-4.34374758384592E-15,-1.,0.));
#2893=DIRECTION('ref_axis',(-1.,0.,0.));
#2894=DIRECTION('center_axis',(0.,-1.,0.));
#2895=DIRECTION('ref_axis',(-1.,0.,0.));
#2896=DIRECTION('',(0.,-1.,0.));
#2897=DIRECTION('center_axis',(0.,1.,0.));
#2898=DIRECTION('ref_axis',(-1.,0.,0.));
#2899=DIRECTION('center_axis',(0.994389053527387,0.,-0.10578473531142));
#2900=DIRECTION('ref_axis',(0.10578473531142,0.,0.994389053527387));
#2901=DIRECTION('',(0.10578473531142,-4.59502188416763E-16,0.994389053527387));
#2902=DIRECTION('',(0.10578473531142,0.,0.994389053527387));
#2903=DIRECTION('',(-6.59449839385041E-16,-1.,-6.19890667310753E-15));
#2904=DIRECTION('center_axis',(-3.4184479461921E-32,1.,1.65587424070265E-32));
#2905=DIRECTION('ref_axis',(-1.,-3.4184479461921E-32,0.));
#2906=DIRECTION('center_axis',(3.4184479461921E-32,-1.,-1.65587424070265E-32));
#2907=DIRECTION('ref_axis',(0.520583830469714,0.,0.853810561807173));
#2908=DIRECTION('',(-0.510917744522504,-3.16998423442064E-32,0.859629605313845));
#2909=DIRECTION('center_axis',(3.4184479461921E-32,-1.,-1.65587424070265E-32));
#2910=DIRECTION('ref_axis',(0.,0.,-1.));
#2911=DIRECTION('center_axis',(4.34374758384592E-15,1.,0.));
#2912=DIRECTION('ref_axis',(0.,0.,-1.));
#2913=DIRECTION('',(-0.510917744522504,2.21929771831364E-15,0.859629605313845));
#2914=DIRECTION('',(0.926938365440326,-4.02638628525551E-15,0.375213628050496));
#2915=DIRECTION('',(-0.833240730023697,3.61938740780244E-15,0.552910377755362));
#2916=DIRECTION('center_axis',(-3.56008589068248E-13,-1.,3.70784160087953E-14));
#2917=DIRECTION('ref_axis',(0.998169397693528,-3.57599388607619E-13,-0.0604801910392161));
#2918=DIRECTION('',(0.833240741108656,-3.61938745595271E-15,-0.552910361050232));
#2919=DIRECTION('',(0.,0.,-1.));
#2920=DIRECTION('',(-1.,4.34374758384592E-15,2.29526350875966E-8));
#2921=DIRECTION('center_axis',(4.34374758384592E-15,1.,0.));
#2922=DIRECTION('ref_axis',(0.,0.,-1.));
#2923=DIRECTION('',(-1.,4.34374758384592E-15,0.));
#2924=DIRECTION('',(0.400333246483752,-1.73894657214699E-15,0.91636962616609));
#2925=DIRECTION('center_axis',(0.,0.,-1.));
#2926=DIRECTION('ref_axis',(-4.34374758384592E-15,-1.,0.));
#2927=DIRECTION('',(-1.,4.34374758384592E-15,0.));
#2928=DIRECTION('',(-4.34374758384592E-15,-1.,0.));
#2929=DIRECTION('',(1.,-4.34374758384592E-15,0.));
#2930=DIRECTION('',(4.34374758384592E-15,1.,0.));
#2931=DIRECTION('',(0.676715488718903,0.736244624651302,0.));
#2932=DIRECTION('',(-1.,4.34374758384592E-15,0.));
#2933=DIRECTION('',(0.676715488718903,-0.736244624651302,0.));
#2934=DIRECTION('',(4.34374758384592E-15,1.,0.));
#2935=DIRECTION('',(1.,-4.34374758384592E-15,0.));
#2936=DIRECTION('',(4.34374758384592E-15,1.,0.));
#2937=DIRECTION('center_axis',(-3.99253341980739E-15,-0.919144895678407,
-0.393919612038205));
#2938=DIRECTION('ref_axis',(1.,-4.34374758384592E-15,5.91645678915759E-31));
#2939=DIRECTION('',(1.,-4.34374758384592E-15,0.));
#2940=DIRECTION('',(1.71108736302048E-15,0.393919612038205,-0.919144895678407));
#2941=DIRECTION('',(-1.,4.34374758384592E-15,0.));
#2942=DIRECTION('',(-1.71108736302048E-15,-0.393919612038205,0.919144895678407));
#2943=DIRECTION('center_axis',(-3.99253341980739E-15,-0.919144895678407,
0.393919612038205));
#2944=DIRECTION('ref_axis',(1.,-4.34374758384592E-15,-5.91645678915759E-31));
#2945=DIRECTION('',(-1.,4.34374758384592E-15,0.));
#2946=DIRECTION('',(1.71108736302048E-15,0.393919612038205,0.919144895678407));
#2947=DIRECTION('',(-1.,4.34374758384592E-15,0.));
#2948=DIRECTION('',(-1.71108736302048E-15,-0.393919612038205,-0.919144895678407));
#2949=DIRECTION('center_axis',(0.,0.,-1.));
#2950=DIRECTION('ref_axis',(-4.34374758384592E-15,-1.,0.));
#2951=DIRECTION('',(4.34374758384592E-15,1.,0.));
#2952=DIRECTION('',(-0.6767154887189,-0.736244624651304,0.));
#2953=DIRECTION('',(1.,-4.34374758384592E-15,0.));
#2954=DIRECTION('',(-0.67671548871889,0.736244624651314,0.));
#2955=DIRECTION('',(4.34374758384592E-15,1.,0.));
#2956=DIRECTION('',(-1.,4.34374758384592E-15,0.));
#2957=DIRECTION('',(-4.34374758384592E-15,-1.,0.));
#2958=DIRECTION('',(1.,-4.34374758384592E-15,0.));
#2959=DIRECTION('',(4.34374758384592E-15,1.,0.));
#2960=DIRECTION('',(-1.,4.34374758384592E-15,0.));
#2961=DIRECTION('center_axis',(-1.,4.34374758384592E-15,0.));
#2962=DIRECTION('ref_axis',(-4.34374758384592E-15,-1.,0.));
#2963=DIRECTION('',(2.78080069134006E-15,0.640184687913647,-0.768221039389645));
#2964=DIRECTION('',(0.,0.,-1.));
#2965=DIRECTION('',(4.34374758384592E-15,1.,0.));
#2966=DIRECTION('',(0.,0.,-1.));
#2967=DIRECTION('',(4.34374758384592E-15,1.,0.));
#2968=DIRECTION('',(3.07149406526665E-15,0.707106940718497,-0.707106621654562));
#2969=DIRECTION('',(0.,0.,-1.));
#2970=DIRECTION('',(0.,0.,1.));
#2971=DIRECTION('',(-4.34374758384592E-15,-1.,0.));
#2972=DIRECTION('',(0.,0.,-1.));
#2973=DIRECTION('center_axis',(-1.,4.34374758384592E-15,0.));
#2974=DIRECTION('ref_axis',(-4.34374758384592E-15,-1.,0.));
#2975=DIRECTION('',(0.,0.,1.));
#2976=DIRECTION('',(2.78080069134006E-15,0.640184687913647,-0.768221039389645));
#2977=DIRECTION('',(0.,0.,-1.));
#2978=DIRECTION('',(4.34374758384592E-15,1.,0.));
#2979=DIRECTION('',(0.,0.,1.));
#2980=DIRECTION('',(0.,0.,1.));
#2981=DIRECTION('',(-1.67250573192503E-15,-0.385037504974957,0.922900926298516));
#2982=DIRECTION('',(4.3437475838459E-15,0.999999999999996,9.43780813211314E-8));
#2983=DIRECTION('center_axis',(-0.55291037775536,7.86396637799582E-8,-0.833240730023694));
#2984=DIRECTION('ref_axis',(-1.42228590642862E-7,-0.99999999999999,-1.05879118406788E-22));
#2985=DIRECTION('',(4.34374758384592E-15,1.,0.));
#2986=DIRECTION('',(0.833240730023697,-3.61938740780244E-15,-0.552910377755362));
#2987=DIRECTION('',(4.09686139830156E-8,0.999999999999997,6.71926970551521E-8));
#2988=DIRECTION('',(-0.833240730023697,3.61938740780244E-15,0.552910377755362));
#2989=DIRECTION('',(-0.811919004806146,-0.224773347962387,0.538761980544634));
#2990=DIRECTION('',(-1.138897631215E-6,0.99999999999899,8.50112047957487E-7));
#2991=DIRECTION('center_axis',(-1.62299706497112E-8,-0.707106621654562,
-0.707106940718497));
#2992=DIRECTION('ref_axis',(1.,-2.29526497881389E-8,-4.96308367531816E-24));
#2993=DIRECTION('center_axis',(1.62299710197898E-8,0.707106621654563,0.707106940718496));
#2994=DIRECTION('ref_axis',(-1.62299406366819E-8,0.707106940718496,-0.707106621654563));
#2995=DIRECTION('',(3.07149406526665E-15,0.707106940718497,-0.707106621654562));
#2996=DIRECTION('',(-1.,2.29526497881389E-8,0.));
#2997=DIRECTION('',(1.,-2.29526497881389E-8,0.));
#2998=DIRECTION('center_axis',(-0.853810561807173,3.70873756491204E-15,
0.520583830469714));
#2999=DIRECTION('ref_axis',(4.34374758384592E-15,1.,-1.97215226305253E-30));
#3000=DIRECTION('',(0.520583830469714,-2.26128475579207E-15,0.853810561807173));
#3001=DIRECTION('',(-0.520583830469714,2.26128475579207E-15,-0.853810561807173));
#3002=DIRECTION('',(-4.09686139830156E-8,-0.999999999999997,-6.71926970551521E-8));
#3003=DIRECTION('center_axis',(0.,0.,-1.));
#3004=DIRECTION('ref_axis',(-4.34374758384592E-15,-1.,0.));
#3005=DIRECTION('center_axis',(0.,0.,1.));
#3006=DIRECTION('ref_axis',(0.999993878541251,0.00349898271313012,0.));
#3007=DIRECTION('',(-4.34374758384592E-15,-1.,0.));
#3008=DIRECTION('',(0.999999999999995,-9.55691292768444E-8,0.));
#3009=DIRECTION('center_axis',(8.82008411176341E-8,0.922900959598929,0.385037425156788));
#3010=DIRECTION('ref_axis',(1.67250532596329E-15,0.385037425156789,-0.922900959598932));
#3011=DIRECTION('',(1.67250538521506E-15,0.385037425156789,-0.922900959598932));
#3012=DIRECTION('',(0.8119190226372,0.224773260541544,-0.538761990145349));
#3013=DIRECTION('center_axis',(-8.82008409200906E-8,-0.922900959598929,
-0.385037425156788));
#3014=DIRECTION('ref_axis',(0.999996639188553,0.000998169363098161,-0.00239275354393117));
#3015=DIRECTION('',(0.977104453849169,-0.0819207042485147,0.196356523913885));
#3016=DIRECTION('center_axis',(-0.552910361050232,2.44194834067525E-15,
-0.833240741108656));
#3017=DIRECTION('ref_axis',(-4.41653568588743E-15,-1.,1.97215226305253E-30));
#3018=DIRECTION('',(-3.47797870134447E-6,-0.999999999991289,2.30786897080754E-6));
#3019=DIRECTION('center_axis',(-0.552910361049988,-5.85607301515971E-15,
-0.833240741108818));
#3020=DIRECTION('ref_axis',(-0.187286041220482,0.974412256518842,0.124276679670072));
#3021=DIRECTION('',(4.34374758384592E-15,1.,4.82997215503232E-17));
#3022=DIRECTION('center_axis',(-1.,4.34374758384592E-15,0.));
#3023=DIRECTION('ref_axis',(-4.34374758384592E-15,-1.,0.));
#3024=DIRECTION('center_axis',(0.,0.,-1.));
#3025=DIRECTION('ref_axis',(-4.34374758384592E-15,-1.,0.));
#3026=DIRECTION('',(1.,-4.34374758384592E-15,0.));
#3027=DIRECTION('',(4.34374758384592E-15,1.,0.));
#3028=DIRECTION('',(0.67671548871889,-0.736244624651314,0.));
#3029=DIRECTION('',(0.6767154887189,0.736244624651304,0.));
#3030=DIRECTION('',(4.34374758384592E-15,1.,0.));
#3031=DIRECTION('',(-1.,4.34374758384592E-15,0.));
#3032=DIRECTION('',(-1.,4.34374758384592E-15,0.));
#3033=DIRECTION('',(-4.34374758384592E-15,-1.,0.));
#3034=DIRECTION('',(-0.676715488718903,0.736244624651302,0.));
#3035=DIRECTION('',(-0.676715488718903,-0.736244624651302,0.));
#3036=DIRECTION('',(-4.34374758384592E-15,-1.,0.));
#3037=DIRECTION('',(1.,-4.34374758384592E-15,0.));
#3038=DIRECTION('center_axis',(4.34374758384592E-15,1.,0.));
#3039=DIRECTION('ref_axis',(0.,0.,-1.));
#3040=DIRECTION('',(-0.999999999999993,4.34374758384589E-15,1.20666147211665E-7));
#3041=DIRECTION('center_axis',(4.64609962661697E-8,0.922900926298516,0.385037504974957));
#3042=DIRECTION('ref_axis',(1.67250570315765E-15,0.385037504974958,-0.922900926298516));
#3043=DIRECTION('',(-0.977104453849212,0.0819206835908032,-0.196356532532151));
#3044=DIRECTION('center_axis',(4.64609962696704E-8,0.922900926298516,0.385037504974957));
#3045=DIRECTION('ref_axis',(-0.0262020276941098,0.384905310376364,-0.922584064347955));
#3046=DIRECTION('center_axis',(2.50265765038736E-6,0.922901010431943,0.385037303306362));
#3047=DIRECTION('ref_axis',(0.995214717898227,0.0376205260833726,-0.0901796057651737));
#3048=DIRECTION('center_axis',(4.34374758384592E-15,1.,0.));
#3049=DIRECTION('ref_axis',(0.,0.,-1.));
#3050=DIRECTION('center_axis',(4.34374758384592E-15,1.,0.));
#3051=DIRECTION('ref_axis',(0.520583830469714,-2.26128475579207E-15,0.853810561807173));
#3052=DIRECTION('',(1.,-4.34374758384592E-15,0.));
#3053=DIRECTION('center_axis',(4.34374758384592E-15,1.,0.));
#3054=DIRECTION('ref_axis',(0.,0.,-1.));
#3055=DIRECTION('center_axis',(4.34374758384592E-15,1.,0.));
#3056=DIRECTION('ref_axis',(0.,0.,-1.));
#3057=DIRECTION('center_axis',(4.34374758384592E-15,1.,0.));
#3058=DIRECTION('ref_axis',(0.,0.,-1.));
#3059=DIRECTION('center_axis',(4.34374758384592E-15,1.,0.));
#3060=DIRECTION('ref_axis',(0.,0.,-1.));
#3061=DIRECTION('center_axis',(4.34374758384592E-15,1.,0.));
#3062=DIRECTION('ref_axis',(0.,0.,-1.));
#3063=DIRECTION('center_axis',(4.34374758384592E-15,1.,0.));
#3064=DIRECTION('ref_axis',(0.,0.,-1.));
#3065=DIRECTION('center_axis',(4.34374758384592E-15,1.,0.));
#3066=DIRECTION('ref_axis',(0.,0.,-1.));
#3067=DIRECTION('center_axis',(4.34374758384592E-15,1.,0.));
#3068=DIRECTION('ref_axis',(0.,0.,-1.));
#3069=DIRECTION('center_axis',(4.34374758384592E-15,1.,0.));
#3070=DIRECTION('ref_axis',(0.,0.,-1.));
#3071=DIRECTION('center_axis',(-3.06570406178215E-5,0.999999998130379,-5.29092428572934E-5));
#3072=DIRECTION('ref_axis',(-0.999999999530073,-3.0657040660732E-5,-2.39965095701633E-21));
#3073=DIRECTION('center_axis',(4.09686139830156E-8,0.999999999999997,6.71926970551521E-8));
#3074=DIRECTION('ref_axis',(-0.853810561807173,3.70873759105355E-15,0.520583830469714));
#3075=DIRECTION('',(-4.09686139830156E-8,-0.999999999999997,-6.71926970551521E-8));
#3076=DIRECTION('center_axis',(4.34374758384592E-15,1.,0.));
#3077=DIRECTION('ref_axis',(0.,0.,-1.));
#3078=DIRECTION('',(4.09686139830156E-8,0.999999999999997,6.71926970551521E-8));
#3079=DIRECTION('center_axis',(1.85609462157445E-7,-0.922904335368119,-0.385029333634069));
#3080=DIRECTION('ref_axis',(0.212760161366062,0.376213913202911,-0.90177392136169));
#3081=DIRECTION('',(-1.8560946210482E-7,0.92290433536812,0.385029333634069));
#3082=DIRECTION('center_axis',(0.0520462443423329,-0.713568241190093,0.698649807567951));
#3083=DIRECTION('ref_axis',(-0.997350590050159,-0.0727447628809089,0.));
#3084=DIRECTION('center_axis',(-0.212760161366743,-0.376213913203812,0.901773921361154));
#3085=DIRECTION('ref_axis',(-0.522463167275814,0.823692132060068,0.220371301267803));
#3086=DIRECTION('center_axis',(0.212760161366062,0.376213913202911,-0.90177392136169));
#3087=DIRECTION('ref_axis',(-0.870446343981317,0.49226330581261,-3.88578058618805E-16));
#3088=DIRECTION('center_axis',(-0.91636962616609,3.98047834956874E-15,0.400333246483752));
#3089=DIRECTION('ref_axis',(0.400333246483752,-1.73894657214699E-15,0.91636962616609));
#3090=DIRECTION('',(-4.34374758384592E-15,-1.,0.));
#3091=DIRECTION('',(0.400333246483751,-1.73894657214699E-15,0.91636962616609));
#3092=DIRECTION('',(4.34374758384592E-15,1.,0.));
#3093=DIRECTION('center_axis',(4.34374758384592E-15,1.,0.));
#3094=DIRECTION('ref_axis',(0.,0.,-1.));
#3095=DIRECTION('center_axis',(-4.34374758384592E-15,-1.,0.));
#3096=DIRECTION('ref_axis',(-9.73879832804199E-16,4.23028817069951E-30,
-1.));
#3097=DIRECTION('center_axis',(4.34374758384592E-15,1.,0.));
#3098=DIRECTION('ref_axis',(0.,0.,-1.));
#3099=DIRECTION('',(1.,-4.34374758384592E-15,0.));
#3100=DIRECTION('center_axis',(4.34374758384592E-15,1.,0.));
#3101=DIRECTION('ref_axis',(0.,0.,-1.));
#3102=DIRECTION('',(0.926938365440326,-4.0263862852555E-15,0.375213628050496));
#3103=DIRECTION('',(-0.510917744522504,2.21929771831364E-15,0.859629605313845));
#3104=DIRECTION('center_axis',(0.,0.,-1.));
#3105=DIRECTION('ref_axis',(-4.34374758384592E-15,-1.,0.));
#3106=DIRECTION('',(4.34374758384592E-15,1.,0.));
#3107=DIRECTION('center_axis',(-4.34374758384592E-15,-1.,0.));
#3108=DIRECTION('ref_axis',(0.0114669993602127,-4.98097507648866E-17,-0.999934251801424));
#3109=DIRECTION('center_axis',(-0.375213628050496,1.6298332902704E-15,0.926938365440326));
#3110=DIRECTION('ref_axis',(0.926938365440326,-4.02638628525551E-15,0.375213628050496));
#3111=DIRECTION('',(4.34374758384592E-15,1.,0.));
#3112=DIRECTION('center_axis',(-0.859629605313845,3.73401402108444E-15,
-0.510917744522504));
#3113=DIRECTION('ref_axis',(-0.510917744522504,2.21929771831364E-15,0.859629605313845));
#3114=DIRECTION('center_axis',(-4.34374758384592E-15,-1.,0.));
#3115=DIRECTION('ref_axis',(0.,0.,1.));
#3116=DIRECTION('center_axis',(-4.34374758384592E-15,-1.,0.));
#3117=DIRECTION('ref_axis',(0.,0.,1.));
#3118=DIRECTION('',(-4.34374758384592E-15,-1.,0.));
#3119=DIRECTION('center_axis',(-4.34374758384592E-15,-1.,0.));
#3120=DIRECTION('ref_axis',(0.,0.,-1.));
#3121=DIRECTION('center_axis',(-4.34374758384592E-15,-1.,0.));
#3122=DIRECTION('ref_axis',(0.,0.,1.));
#3123=DIRECTION('center_axis',(-4.34374758384592E-15,-1.,0.));
#3124=DIRECTION('ref_axis',(0.,0.,1.));
#3125=DIRECTION('',(-4.34374758384592E-15,-1.,0.));
#3126=DIRECTION('center_axis',(-4.34374758384592E-15,-1.,0.));
#3127=DIRECTION('ref_axis',(0.,0.,-1.));
#3128=DIRECTION('center_axis',(-4.34374758384592E-15,-1.,0.));
#3129=DIRECTION('ref_axis',(0.,0.,1.));
#3130=DIRECTION('center_axis',(-4.34374758384592E-15,-1.,0.));
#3131=DIRECTION('ref_axis',(0.,0.,1.));
#3132=DIRECTION('center_axis',(-4.34374758384592E-15,-1.,0.));
#3133=DIRECTION('ref_axis',(0.,0.,1.));
#3134=DIRECTION('',(-4.34374758384592E-15,-1.,0.));
#3135=DIRECTION('center_axis',(-4.34374758384592E-15,-1.,0.));
#3136=DIRECTION('ref_axis',(0.,0.,-1.));
#3137=DIRECTION('center_axis',(-4.34374758384592E-15,-1.,0.));
#3138=DIRECTION('ref_axis',(0.,0.,1.));
#3139=DIRECTION('center_axis',(4.34374758384592E-15,1.,0.));
#3140=DIRECTION('ref_axis',(0.,0.,-1.));
#3141=DIRECTION('center_axis',(-4.34374758384592E-15,-1.,0.));
#3142=DIRECTION('ref_axis',(0.,0.,1.));
#3143=DIRECTION('',(-2.98489776667665E-15,-0.707106781186563,-0.707106781186532));
#3144=DIRECTION('center_axis',(-4.34374758384592E-15,-1.,0.));
#3145=DIRECTION('ref_axis',(0.,0.,1.));
#3146=DIRECTION('',(-2.98489776667665E-15,-0.707106781186563,-0.707106781186532));
#3147=DIRECTION('center_axis',(-4.34374758384592E-15,-1.,0.));
#3148=DIRECTION('ref_axis',(0.,0.,1.));
#3149=DIRECTION('',(-2.98489776667665E-15,-0.707106781186563,-0.707106781186532));
#3150=DIRECTION('center_axis',(4.34374758384592E-15,1.,0.));
#3151=DIRECTION('ref_axis',(0.,0.,-1.));
#3152=DIRECTION('',(0.,0.,1.));
#3153=DIRECTION('center_axis',(-1.,4.34374758384592E-15,0.));
#3154=DIRECTION('ref_axis',(0.,0.,1.));
#3155=DIRECTION('',(-1.71108736302048E-15,-0.393919612038205,0.919144895678407));
#3156=DIRECTION('center_axis',(-1.,4.34374758384592E-15,0.));
#3157=DIRECTION('ref_axis',(0.,0.,1.));
#3158=DIRECTION('center_axis',(-1.,4.34374758384592E-15,0.));
#3159=DIRECTION('ref_axis',(0.,0.,1.));
#3160=DIRECTION('',(-1.71108736302048E-15,-0.393919612038205,-0.919144895678407));
#3161=DIRECTION('',(0.,0.,1.));
#3162=DIRECTION('center_axis',(-1.,4.34374758384592E-15,0.));
#3163=DIRECTION('ref_axis',(0.,0.,1.));
#3164=DIRECTION('center_axis',(-4.34374758384592E-15,-1.,0.));
#3165=DIRECTION('ref_axis',(0.,0.,1.));
#3166=DIRECTION('center_axis',(4.34374758384592E-15,1.,0.));
#3167=DIRECTION('ref_axis',(0.,0.,-1.));
#3168=DIRECTION('',(0.,0.,1.));
#3169=DIRECTION('center_axis',(-1.,4.34374758384592E-15,0.));
#3170=DIRECTION('ref_axis',(0.,0.,1.));
#3171=DIRECTION('',(1.71108736302048E-15,0.393919612038205,-0.919144895678407));
#3172=DIRECTION('center_axis',(1.,-4.34374758384592E-15,0.));
#3173=DIRECTION('ref_axis',(0.,0.,1.));
#3174=DIRECTION('center_axis',(-4.34374758384592E-15,-1.,0.));
#3175=DIRECTION('ref_axis',(0.,0.,1.));
#3176=DIRECTION('',(0.,0.,1.));
#3177=DIRECTION('center_axis',(-1.,4.34374758384592E-15,0.));
#3178=DIRECTION('ref_axis',(0.,0.,1.));
#3179=DIRECTION('',(1.71108736302048E-15,0.393919612038205,0.919144895678407));
#3180=DIRECTION('center_axis',(1.,-4.34374758384592E-15,0.));
#3181=DIRECTION('ref_axis',(0.,0.,1.));
#3182=DIRECTION('center_axis',(-1.,4.34374758384592E-15,0.));
#3183=DIRECTION('ref_axis',(0.,0.,1.));
#3184=DIRECTION('center_axis',(-1.,4.34374758384592E-15,0.));
#3185=DIRECTION('ref_axis',(0.,0.,-1.));
#3186=DIRECTION('',(-1.,4.34374758384592E-15,0.));
#3187=DIRECTION('center_axis',(-1.,4.34374758384592E-15,0.));
#3188=DIRECTION('ref_axis',(0.,0.,1.));
#3189=DIRECTION('center_axis',(1.,-4.34374758384592E-15,0.));
#3190=DIRECTION('ref_axis',(0.,0.,-1.));
#3191=DIRECTION('center_axis',(-1.,4.34374758384592E-15,0.));
#3192=DIRECTION('ref_axis',(0.,0.,1.));
#3193=DIRECTION('center_axis',(-1.,4.34374758384592E-15,0.));
#3194=DIRECTION('ref_axis',(0.,0.,1.));
#3195=DIRECTION('',(-1.,4.34374758384592E-15,0.));
#3196=DIRECTION('center_axis',(-1.,4.34374758384592E-15,0.));
#3197=DIRECTION('ref_axis',(0.,0.,1.));
#3198=DIRECTION('center_axis',(-1.,4.34374758384592E-15,0.));
#3199=DIRECTION('ref_axis',(0.,0.,1.));
#3200=DIRECTION('center_axis',(1.,-4.34374758384592E-15,0.));
#3201=DIRECTION('ref_axis',(0.,0.,-1.));
#3202=DIRECTION('center_axis',(1.,-4.34374758384592E-15,0.));
#3203=DIRECTION('ref_axis',(0.,0.,-1.));
#3204=DIRECTION('',(1.,-4.34374758384592E-15,0.));
#3205=DIRECTION('center_axis',(1.,-4.34374758384592E-15,0.));
#3206=DIRECTION('ref_axis',(0.,0.,1.));
#3207=DIRECTION('center_axis',(1.,-4.34374758384592E-15,0.));
#3208=DIRECTION('ref_axis',(0.,0.,-1.));
#3209=DIRECTION('center_axis',(1.,-4.34374758384592E-15,0.));
#3210=DIRECTION('ref_axis',(0.,0.,-1.));
#3211=DIRECTION('center_axis',(1.,-4.34374758384592E-15,0.));
#3212=DIRECTION('ref_axis',(0.,0.,-1.));
#3213=DIRECTION('',(1.,-4.34374758384592E-15,0.));
#3214=DIRECTION('center_axis',(1.,-4.34374758384592E-15,0.));
#3215=DIRECTION('ref_axis',(0.,0.,1.));
#3216=DIRECTION('center_axis',(1.,-4.34374758384592E-15,0.));
#3217=DIRECTION('ref_axis',(0.,0.,-1.));
#3218=DIRECTION('center_axis',(-1.,4.34374758384592E-15,0.));
#3219=DIRECTION('ref_axis',(0.,0.,1.));
#3220=DIRECTION('',(-0.707106781186543,2.98489776667656E-15,-0.707106781186552));
#3221=DIRECTION('center_axis',(-1.,4.34374758384592E-15,0.));
#3222=DIRECTION('ref_axis',(0.,0.,1.));
#3223=DIRECTION('',(-0.707106781186543,2.98489776667656E-15,-0.707106781186552));
#3224=DIRECTION('center_axis',(1.,-4.34374758384592E-15,0.));
#3225=DIRECTION('ref_axis',(0.,0.,-1.));
#3226=DIRECTION('',(0.707106781186566,-3.15808897792376E-15,0.707106781186529));
#3227=DIRECTION('center_axis',(1.,-4.34374758384592E-15,0.));
#3228=DIRECTION('ref_axis',(0.,0.,-1.));
#3229=DIRECTION('',(0.707106781186566,-3.15808897792376E-15,0.707106781186529));
#3230=DIRECTION('center_axis',(4.34374758384592E-15,1.,0.));
#3231=DIRECTION('ref_axis',(0.,0.,-1.));
#3232=DIRECTION('',(-0.366508585539334,1.59202078289527E-15,0.930414669234077));
#3233=DIRECTION('',(-0.36650858553933,1.59202078289525E-15,-0.930414669234079));
#3234=DIRECTION('center_axis',(-4.34374758384592E-15,-1.,0.));
#3235=DIRECTION('ref_axis',(0.,0.,1.));
#3236=DIRECTION('',(0.366508585539341,-1.5920207828953E-15,-0.930414669234074));
#3237=DIRECTION('',(0.366508585539336,-1.59202078289528E-15,0.930414669234076));
#3238=DIRECTION('center_axis',(0.707106781186553,-0.649933588627199,0.278543228914585));
#3239=DIRECTION('ref_axis',(2.02615701994091E-15,0.393919612038205,0.919144895678407));
#3240=DIRECTION('center_axis',(-0.70710678118655,-0.649933588627201,-0.278543228914589));
#3241=DIRECTION('ref_axis',(1.69309011255336E-15,0.393919612038205,-0.919144895678407));
#3242=DIRECTION('center_axis',(-0.707106781186551,0.649933588627201,0.278543228914586));
#3243=DIRECTION('ref_axis',(-1.97064586870965E-15,-0.393919612038205,0.919144895678407));
#3244=DIRECTION('center_axis',(0.707106781186563,0.649933588627189,-0.278543228914584));
#3245=DIRECTION('ref_axis',(-1.77635683940025E-15,-0.393919612038205,-0.919144895678407));
#3246=DIRECTION('center_axis',(4.34374758384592E-15,1.,0.));
#3247=DIRECTION('ref_axis',(0.,0.,-1.));
#3248=DIRECTION('center_axis',(4.34374758384592E-15,1.,0.));
#3249=DIRECTION('ref_axis',(0.,0.,-1.));
#3250=DIRECTION('',(5.92118946466749E-15,1.,0.));
#3251=DIRECTION('',(4.34374758384592E-15,1.,0.));
#3252=DIRECTION('center_axis',(4.34374758384592E-15,1.,0.));
#3253=DIRECTION('ref_axis',(0.,0.,-1.));
#3254=DIRECTION('center_axis',(-4.34374758384592E-15,-1.,0.));
#3255=DIRECTION('ref_axis',(0.,0.,-1.));
#3256=DIRECTION('',(5.92118946466749E-15,1.,0.));
#3257=DIRECTION('center_axis',(4.34374758384592E-15,1.,0.));
#3258=DIRECTION('ref_axis',(0.,0.,-1.));
#3259=DIRECTION('center_axis',(4.34374758384592E-15,1.,0.));
#3260=DIRECTION('ref_axis',(0.,0.,-1.));
#3261=DIRECTION('',(5.92118946466749E-15,1.,0.));
#3262=DIRECTION('center_axis',(4.34374758384592E-15,1.,0.));
#3263=DIRECTION('ref_axis',(0.489720951219633,-2.12722419861901E-15,0.871879228985608));
#3264=DIRECTION('center_axis',(-4.34374758384592E-15,-1.,0.));
#3265=DIRECTION('ref_axis',(0.,0.,-1.));
#3266=DIRECTION('',(5.92118946466749E-15,1.,0.));
#3267=DIRECTION('center_axis',(4.34374758384592E-15,1.,0.));
#3268=DIRECTION('ref_axis',(0.,0.,-1.));
#3269=DIRECTION('center_axis',(4.34374758384592E-15,1.,0.));
#3270=DIRECTION('ref_axis',(0.,0.,-1.));
#3271=DIRECTION('',(5.92118946466749E-15,1.,0.));
#3272=DIRECTION('center_axis',(4.34374758384592E-15,1.,0.));
#3273=DIRECTION('ref_axis',(-0.270226709694897,1.17379661732784E-15,0.96279672068795));
#3274=DIRECTION('center_axis',(-4.34374758384592E-15,-1.,0.));
#3275=DIRECTION('ref_axis',(0.,0.,-1.));
#3276=DIRECTION('',(5.92118946466749E-15,1.,0.));
#3277=DIRECTION('center_axis',(4.34374758384592E-15,1.,0.));
#3278=DIRECTION('ref_axis',(0.,0.,-1.));
#3279=DIRECTION('center_axis',(4.34374758384592E-15,1.,0.));
#3280=DIRECTION('ref_axis',(0.,0.,-1.));
#3281=DIRECTION('',(5.92118946466749E-15,1.,0.));
#3282=DIRECTION('center_axis',(4.34374758384592E-15,1.,0.));
#3283=DIRECTION('ref_axis',(-0.87187922898562,3.78722329431173E-15,0.489720951219611));
#3284=DIRECTION('center_axis',(-4.34374758384592E-15,-1.,0.));
#3285=DIRECTION('ref_axis',(0.,0.,-1.));
#3286=DIRECTION('',(5.92118946466749E-15,1.,0.));
#3287=DIRECTION('center_axis',(4.34374758384592E-15,1.,0.));
#3288=DIRECTION('ref_axis',(0.,0.,-1.));
#3289=DIRECTION('center_axis',(4.34374758384592E-15,1.,0.));
#3290=DIRECTION('ref_axis',(0.,0.,-1.));
#3291=DIRECTION('',(5.92118946466749E-15,1.,0.));
#3292=DIRECTION('center_axis',(4.34374758384592E-15,1.,0.));
#3293=DIRECTION('ref_axis',(0.,0.,-1.));
#3294=DIRECTION('center_axis',(-4.34374758384592E-15,-1.,0.));
#3295=DIRECTION('ref_axis',(0.,0.,-1.));
#3296=DIRECTION('',(5.92118946466749E-15,1.,0.));
#3297=DIRECTION('center_axis',(4.34374758384592E-15,1.,0.));
#3298=DIRECTION('ref_axis',(0.,0.,-1.));
#3299=DIRECTION('center_axis',(4.34374758384592E-15,1.,0.));
#3300=DIRECTION('ref_axis',(0.,0.,-1.));
#3301=DIRECTION('',(5.92118946466749E-15,1.,0.));
#3302=DIRECTION('center_axis',(4.34374758384592E-15,1.,0.));
#3303=DIRECTION('ref_axis',(0.,0.,-1.));
#3304=DIRECTION('center_axis',(-4.34374758384592E-15,-1.,0.));
#3305=DIRECTION('ref_axis',(0.,0.,-1.));
#3306=DIRECTION('',(5.92118946466749E-15,1.,0.));
#3307=DIRECTION('center_axis',(4.34374758384592E-15,1.,0.));
#3308=DIRECTION('ref_axis',(-0.269286349219836,1.16971192878635E-15,0.963060154987139));
#3309=DIRECTION('center_axis',(4.34374758384592E-15,1.,0.));
#3310=DIRECTION('ref_axis',(0.,0.,-1.));
#3311=DIRECTION('',(5.92118946466749E-15,1.,0.));
#3312=DIRECTION('center_axis',(4.34374758384592E-15,1.,0.));
#3313=DIRECTION('ref_axis',(0.,0.,-1.));
#3314=DIRECTION('center_axis',(-4.34374758384592E-15,-1.,0.));
#3315=DIRECTION('ref_axis',(0.,0.,-1.));
#3316=DIRECTION('',(5.92118946466749E-15,1.,0.));
#3317=DIRECTION('center_axis',(4.34374758384592E-15,1.,0.));
#3318=DIRECTION('ref_axis',(-0.271166812461469,1.17788018644871E-15,0.962532368193136));
#3319=DIRECTION('center_axis',(4.34374758384592E-15,1.,0.));
#3320=DIRECTION('ref_axis',(0.,0.,-1.));
#3321=DIRECTION('',(5.92118946466749E-15,1.,0.));
#3322=DIRECTION('center_axis',(4.34374758384592E-15,1.,0.));
#3323=DIRECTION('ref_axis',(0.,0.,-1.));
#3324=DIRECTION('center_axis',(-4.34374758384592E-15,-1.,0.));
#3325=DIRECTION('ref_axis',(0.,0.,-1.));
#3326=DIRECTION('center_axis',(4.34374758384592E-15,1.,0.));
#3327=DIRECTION('ref_axis',(0.,0.,-1.));
#3328=DIRECTION('center_axis',(4.34374758384592E-15,1.,0.));
#3329=DIRECTION('ref_axis',(0.,0.,-1.));
#3330=DIRECTION('center_axis',(4.34374758384592E-15,1.,0.));
#3331=DIRECTION('ref_axis',(0.,0.,-1.));
#3332=DIRECTION('',(5.92118946466749E-15,1.,0.));
#3333=DIRECTION('',(4.34374758384592E-15,1.,0.));
#3334=DIRECTION('center_axis',(4.34374758384592E-15,1.,0.));
#3335=DIRECTION('ref_axis',(0.,0.,-1.));
#3336=DIRECTION('center_axis',(-4.34374758384592E-15,-1.,0.));
#3337=DIRECTION('ref_axis',(0.,0.,-1.));
#3338=DIRECTION('',(5.92118946466749E-15,1.,0.));
#3339=DIRECTION('center_axis',(4.34374758384592E-15,1.,0.));
#3340=DIRECTION('ref_axis',(0.,0.,-1.));
#3341=DIRECTION('center_axis',(4.34374758384592E-15,1.,0.));
#3342=DIRECTION('ref_axis',(0.,0.,-1.));
#3343=DIRECTION('',(5.92118946466749E-15,1.,0.));
#3344=DIRECTION('center_axis',(4.34374758384592E-15,1.,0.));
#3345=DIRECTION('ref_axis',(0.489720951219588,-2.12722419861881E-15,0.871879228985633));
#3346=DIRECTION('center_axis',(-4.34374758384592E-15,-1.,0.));
#3347=DIRECTION('ref_axis',(0.,0.,-1.));
#3348=DIRECTION('',(5.92118946466749E-15,1.,0.));
#3349=DIRECTION('center_axis',(4.34374758384592E-15,1.,0.));
#3350=DIRECTION('ref_axis',(0.,0.,-1.));
#3351=DIRECTION('center_axis',(4.34374758384592E-15,1.,0.));
#3352=DIRECTION('ref_axis',(0.,0.,-1.));
#3353=DIRECTION('',(5.92118946466749E-15,1.,0.));
#3354=DIRECTION('center_axis',(4.34374758384592E-15,1.,0.));
#3355=DIRECTION('ref_axis',(-0.270226709694894,1.17379661732783E-15,0.962796720687951));
#3356=DIRECTION('center_axis',(-4.34374758384592E-15,-1.,0.));
#3357=DIRECTION('ref_axis',(0.,0.,-1.));
#3358=DIRECTION('',(5.92118946466749E-15,1.,0.));
#3359=DIRECTION('center_axis',(4.34374758384592E-15,1.,0.));
#3360=DIRECTION('ref_axis',(0.,0.,-1.));
#3361=DIRECTION('center_axis',(4.34374758384592E-15,1.,0.));
#3362=DIRECTION('ref_axis',(0.,0.,-1.));
#3363=DIRECTION('',(5.92118946466749E-15,1.,0.));
#3364=DIRECTION('center_axis',(4.34374758384592E-15,1.,0.));
#3365=DIRECTION('ref_axis',(-0.871879228985582,3.78722329431157E-15,0.489720951219678));
#3366=DIRECTION('center_axis',(-4.34374758384592E-15,-1.,0.));
#3367=DIRECTION('ref_axis',(0.,0.,-1.));
#3368=DIRECTION('',(5.92118946466749E-15,1.,0.));
#3369=DIRECTION('center_axis',(4.34374758384592E-15,1.,0.));
#3370=DIRECTION('ref_axis',(0.,0.,-1.));
#3371=DIRECTION('center_axis',(4.34374758384592E-15,1.,0.));
#3372=DIRECTION('ref_axis',(0.,0.,-1.));
#3373=DIRECTION('',(5.92118946466749E-15,1.,0.));
#3374=DIRECTION('center_axis',(4.34374758384592E-15,1.,0.));
#3375=DIRECTION('ref_axis',(0.,0.,-1.));
#3376=DIRECTION('center_axis',(-4.34374758384592E-15,-1.,0.));
#3377=DIRECTION('ref_axis',(0.,0.,-1.));
#3378=DIRECTION('',(5.92118946466749E-15,1.,0.));
#3379=DIRECTION('center_axis',(4.34374758384592E-15,1.,0.));
#3380=DIRECTION('ref_axis',(0.,0.,-1.));
#3381=DIRECTION('center_axis',(4.34374758384592E-15,1.,0.));
#3382=DIRECTION('ref_axis',(0.,0.,-1.));
#3383=DIRECTION('',(5.92118946466749E-15,1.,0.));
#3384=DIRECTION('center_axis',(4.34374758384592E-15,1.,0.));
#3385=DIRECTION('ref_axis',(0.,0.,-1.));
#3386=DIRECTION('center_axis',(-4.34374758384592E-15,-1.,0.));
#3387=DIRECTION('ref_axis',(0.,0.,-1.));
#3388=DIRECTION('',(5.92118946466749E-15,1.,0.));
#3389=DIRECTION('center_axis',(4.34374758384592E-15,1.,0.));
#3390=DIRECTION('ref_axis',(-0.26928634921954,1.16971192878507E-15,0.963060154987222));
#3391=DIRECTION('center_axis',(4.34374758384592E-15,1.,0.));
#3392=DIRECTION('ref_axis',(0.,0.,-1.));
#3393=DIRECTION('',(5.92118946466749E-15,1.,0.));
#3394=DIRECTION('center_axis',(4.34374758384592E-15,1.,0.));
#3395=DIRECTION('ref_axis',(0.,0.,-1.));
#3396=DIRECTION('center_axis',(-4.34374758384592E-15,-1.,0.));
#3397=DIRECTION('ref_axis',(0.,0.,-1.));
#3398=DIRECTION('',(5.92118946466749E-15,1.,0.));
#3399=DIRECTION('center_axis',(4.34374758384592E-15,1.,0.));
#3400=DIRECTION('ref_axis',(-0.271166812461318,1.17788018644805E-15,0.962532368193178));
#3401=DIRECTION('center_axis',(4.34374758384592E-15,1.,0.));
#3402=DIRECTION('ref_axis',(0.,0.,-1.));
#3403=DIRECTION('',(5.92118946466749E-15,1.,0.));
#3404=DIRECTION('center_axis',(4.34374758384592E-15,1.,0.));
#3405=DIRECTION('ref_axis',(0.,0.,-1.));
#3406=DIRECTION('center_axis',(-4.34374758384592E-15,-1.,0.));
#3407=DIRECTION('ref_axis',(0.,0.,-1.));
#3408=DIRECTION('center_axis',(4.34374758384592E-15,1.,0.));
#3409=DIRECTION('ref_axis',(0.,0.,-1.));
#3410=DIRECTION('center_axis',(4.34374758384592E-15,1.,0.));
#3411=DIRECTION('ref_axis',(0.,0.,-1.));
#3412=DIRECTION('center_axis',(4.34374758384592E-15,1.,0.));
#3413=DIRECTION('ref_axis',(0.,0.,-1.));
#3414=DIRECTION('',(5.92118946466749E-15,1.,0.));
#3415=DIRECTION('',(4.34374758384592E-15,1.,0.));
#3416=DIRECTION('center_axis',(4.34374758384592E-15,1.,0.));
#3417=DIRECTION('ref_axis',(0.,0.,-1.));
#3418=DIRECTION('center_axis',(-4.34374758384592E-15,-1.,0.));
#3419=DIRECTION('ref_axis',(0.,0.,-1.));
#3420=DIRECTION('',(5.92118946466749E-15,1.,0.));
#3421=DIRECTION('center_axis',(4.34374758384592E-15,1.,0.));
#3422=DIRECTION('ref_axis',(0.,0.,-1.));
#3423=DIRECTION('center_axis',(4.34374758384592E-15,1.,0.));
#3424=DIRECTION('ref_axis',(0.,0.,-1.));
#3425=DIRECTION('',(5.92118946466749E-15,1.,0.));
#3426=DIRECTION('center_axis',(4.34374758384592E-15,1.,0.));
#3427=DIRECTION('ref_axis',(0.489720951219648,-2.12722419861907E-15,0.871879228985599));
#3428=DIRECTION('center_axis',(-4.34374758384592E-15,-1.,0.));
#3429=DIRECTION('ref_axis',(0.,0.,-1.));
#3430=DIRECTION('',(5.92118946466749E-15,1.,0.));
#3431=DIRECTION('center_axis',(4.34374758384592E-15,1.,0.));
#3432=DIRECTION('ref_axis',(0.,0.,-1.));
#3433=DIRECTION('center_axis',(4.34374758384592E-15,1.,0.));
#3434=DIRECTION('ref_axis',(0.,0.,-1.));
#3435=DIRECTION('',(5.92118946466749E-15,1.,0.));
#3436=DIRECTION('center_axis',(4.34374758384592E-15,1.,0.));
#3437=DIRECTION('ref_axis',(-0.270226709694885,1.17379661732779E-15,0.962796720687953));
#3438=DIRECTION('center_axis',(-4.34374758384592E-15,-1.,0.));
#3439=DIRECTION('ref_axis',(0.,0.,-1.));
#3440=DIRECTION('',(5.92118946466749E-15,1.,0.));
#3441=DIRECTION('center_axis',(4.34374758384592E-15,1.,0.));
#3442=DIRECTION('ref_axis',(0.,0.,-1.));
#3443=DIRECTION('center_axis',(4.34374758384592E-15,1.,0.));
#3444=DIRECTION('ref_axis',(0.,0.,-1.));
#3445=DIRECTION('',(5.92118946466749E-15,1.,0.));
#3446=DIRECTION('center_axis',(4.34374758384592E-15,1.,0.));
#3447=DIRECTION('ref_axis',(-0.871879228985645,3.78722329431184E-15,0.489720951219567));
#3448=DIRECTION('center_axis',(-4.34374758384592E-15,-1.,0.));
#3449=DIRECTION('ref_axis',(0.,0.,-1.));
#3450=DIRECTION('',(5.92118946466749E-15,1.,0.));
#3451=DIRECTION('center_axis',(4.34374758384592E-15,1.,0.));
#3452=DIRECTION('ref_axis',(0.,0.,-1.));
#3453=DIRECTION('center_axis',(4.34374758384592E-15,1.,0.));
#3454=DIRECTION('ref_axis',(0.,0.,-1.));
#3455=DIRECTION('',(5.92118946466749E-15,1.,0.));
#3456=DIRECTION('center_axis',(4.34374758384592E-15,1.,0.));
#3457=DIRECTION('ref_axis',(0.,0.,-1.));
#3458=DIRECTION('center_axis',(-4.34374758384592E-15,-1.,0.));
#3459=DIRECTION('ref_axis',(0.,0.,-1.));
#3460=DIRECTION('',(5.92118946466749E-15,1.,0.));
#3461=DIRECTION('center_axis',(4.34374758384592E-15,1.,0.));
#3462=DIRECTION('ref_axis',(0.,0.,-1.));
#3463=DIRECTION('center_axis',(4.34374758384592E-15,1.,0.));
#3464=DIRECTION('ref_axis',(0.,0.,-1.));
#3465=DIRECTION('',(5.92118946466749E-15,1.,0.));
#3466=DIRECTION('center_axis',(4.34374758384592E-15,1.,0.));
#3467=DIRECTION('ref_axis',(0.,0.,-1.));
#3468=DIRECTION('center_axis',(-4.34374758384592E-15,-1.,0.));
#3469=DIRECTION('ref_axis',(0.,0.,-1.));
#3470=DIRECTION('',(5.92118946466749E-15,1.,0.));
#3471=DIRECTION('center_axis',(4.34374758384592E-15,1.,0.));
#3472=DIRECTION('ref_axis',(-0.269286349219644,1.16971192878552E-15,0.963060154987193));
#3473=DIRECTION('center_axis',(4.34374758384592E-15,1.,0.));
#3474=DIRECTION('ref_axis',(0.,0.,-1.));
#3475=DIRECTION('',(5.92118946466749E-15,1.,0.));
#3476=DIRECTION('center_axis',(4.34374758384592E-15,1.,0.));
#3477=DIRECTION('ref_axis',(0.,0.,-1.));
#3478=DIRECTION('center_axis',(-4.34374758384592E-15,-1.,0.));
#3479=DIRECTION('ref_axis',(0.,0.,-1.));
#3480=DIRECTION('',(5.92118946466749E-15,1.,0.));
#3481=DIRECTION('center_axis',(4.34374758384592E-15,1.,0.));
#3482=DIRECTION('ref_axis',(-0.271166812461449,1.17788018644862E-15,0.962532368193141));
#3483=DIRECTION('center_axis',(4.34374758384592E-15,1.,0.));
#3484=DIRECTION('ref_axis',(0.,0.,-1.));
#3485=DIRECTION('',(5.92118946466749E-15,1.,0.));
#3486=DIRECTION('center_axis',(4.34374758384592E-15,1.,0.));
#3487=DIRECTION('ref_axis',(0.,0.,-1.));
#3488=DIRECTION('center_axis',(-4.34374758384592E-15,-1.,0.));
#3489=DIRECTION('ref_axis',(0.,0.,-1.));
#3490=DIRECTION('center_axis',(4.34374758384592E-15,1.,0.));
#3491=DIRECTION('ref_axis',(0.,0.,-1.));
#3492=DIRECTION('center_axis',(4.34374758384592E-15,1.,0.));
#3493=DIRECTION('ref_axis',(0.,0.,-1.));
#3494=DIRECTION('center_axis',(-4.34374758384592E-15,-1.,0.));
#3495=DIRECTION('ref_axis',(0.,0.,-1.));
#3496=DIRECTION('',(4.34374758384592E-15,1.,0.));
#3497=DIRECTION('center_axis',(-4.34374758384592E-15,-1.,0.));
#3498=DIRECTION('ref_axis',(0.,0.,-1.));
#3499=DIRECTION('center_axis',(4.34374758384592E-15,1.,0.));
#3500=DIRECTION('ref_axis',(0.,0.,-1.));
#3501=DIRECTION('center_axis',(-4.34374758384592E-15,-1.,0.));
#3502=DIRECTION('ref_axis',(0.,0.,-1.));
#3503=DIRECTION('',(4.34374758384592E-15,1.,0.));
#3504=DIRECTION('center_axis',(-4.34374758384592E-15,-1.,0.));
#3505=DIRECTION('ref_axis',(0.,0.,-1.));
#3506=DIRECTION('center_axis',(4.34374758384592E-15,1.,0.));
#3507=DIRECTION('ref_axis',(0.,0.,-1.));
#3508=DIRECTION('center_axis',(-4.34374758384592E-15,-1.,0.));
#3509=DIRECTION('ref_axis',(0.,0.,-1.));
#3510=DIRECTION('',(4.34374758384592E-15,1.,0.));
#3511=DIRECTION('center_axis',(-4.34374758384592E-15,-1.,0.));
#3512=DIRECTION('ref_axis',(0.,0.,-1.));
#3513=DIRECTION('center_axis',(4.34374758384592E-15,1.,0.));
#3514=DIRECTION('ref_axis',(0.,0.,-1.));
#3515=DIRECTION('center_axis',(-4.34374758384592E-15,-1.,0.));
#3516=DIRECTION('ref_axis',(0.,0.,-1.));
#3517=DIRECTION('',(4.34374758384592E-15,1.,0.));
#3518=DIRECTION('center_axis',(-4.34374758384592E-15,-1.,0.));
#3519=DIRECTION('ref_axis',(0.,0.,-1.));
#3520=DIRECTION('center_axis',(4.34374758384592E-15,1.,0.));
#3521=DIRECTION('ref_axis',(0.,0.,-1.));
#3522=DIRECTION('center_axis',(-4.34374758384592E-15,-1.,0.));
#3523=DIRECTION('ref_axis',(0.,0.,-1.));
#3524=DIRECTION('',(4.34374758384592E-15,1.,0.));
#3525=DIRECTION('center_axis',(-4.34374758384592E-15,-1.,0.));
#3526=DIRECTION('ref_axis',(0.,0.,-1.));
#3527=DIRECTION('center_axis',(4.34374758384592E-15,1.,0.));
#3528=DIRECTION('ref_axis',(0.,0.,-1.));
#3529=DIRECTION('center_axis',(-4.34374758384592E-15,-1.,0.));
#3530=DIRECTION('ref_axis',(0.,0.,-1.));
#3531=DIRECTION('',(4.34374758384592E-15,1.,0.));
#3532=DIRECTION('center_axis',(-4.34374758384592E-15,-1.,0.));
#3533=DIRECTION('ref_axis',(0.,0.,-1.));
#3534=DIRECTION('center_axis',(-4.34374758384592E-15,-1.,0.));
#3535=DIRECTION('ref_axis',(0.,0.,1.));
#3536=DIRECTION('',(-2.98489776667656E-15,-0.707106781186543,-0.707106781186551));
#3537=DIRECTION('center_axis',(-4.34374758384592E-15,-1.,0.));
#3538=DIRECTION('ref_axis',(0.,0.,1.));
#3539=DIRECTION('',(-2.98489776667656E-15,-0.707106781186543,-0.707106781186551));
#3540=DIRECTION('center_axis',(-4.34374758384592E-15,-1.,0.));
#3541=DIRECTION('ref_axis',(0.,0.,1.));
#3542=DIRECTION('',(-2.98489776667656E-15,-0.707106781186543,-0.707106781186551));
#3543=DIRECTION('center_axis',(-4.34374758384592E-15,-1.,0.));
#3544=DIRECTION('ref_axis',(0.,0.,1.));
#3545=DIRECTION('',(-2.98489776667656E-15,-0.707106781186543,-0.707106781186551));
#3546=DIRECTION('center_axis',(-4.34374758384592E-15,-1.,0.));
#3547=DIRECTION('ref_axis',(0.,0.,1.));
#3548=DIRECTION('',(-2.98489776667656E-15,-0.707106781186543,-0.707106781186551));
#3549=DIRECTION('center_axis',(-4.34374758384592E-15,-1.,0.));
#3550=DIRECTION('ref_axis',(0.,0.,1.));
#3551=DIRECTION('',(-2.98489776667656E-15,-0.707106781186543,-0.707106781186551));
#3552=DIRECTION('center_axis',(3.33695828370837E-15,0.768221039389645,0.640184687913647));
#3553=DIRECTION('ref_axis',(2.78080069134006E-15,0.640184687913647,-0.768221039389645));
#3554=DIRECTION('',(0.,0.,1.));
#3555=DIRECTION('',(1.,0.,0.));
#3556=CARTESIAN_POINT('',(0.,0.,0.));
#3557=CARTESIAN_POINT('',(0.,0.,0.));
#3558=CARTESIAN_POINT('Origin',(-126.692298023811,-125.411472167968,-247.226112426417));
#3559=CARTESIAN_POINT('',(-109.40729129426,-125.411472167968,-248.89373364829));
#3560=CARTESIAN_POINT('Origin',(-127.90729129426,-125.411472167968,-248.89373364829));
#3561=CARTESIAN_POINT('',(-133.744415957649,-125.411472167968,-240.518485966024));
#3562=CARTESIAN_POINT('',(-133.799755059135,-125.411472167968,-240.32057439788));
#3563=CARTESIAN_POINT('Origin',(-133.606836764725,-125.411472167968,-240.373324105764));
#3564=CARTESIAN_POINT('',(-134.355983890696,-125.411472167968,-238.338774391569));
#3565=CARTESIAN_POINT('Origin',(-135.728938003238,-125.411472167968,-239.793077319041));
#3566=CARTESIAN_POINT('',(-134.411709432663,-125.411472167968,-238.140971285094));
#3567=CARTESIAN_POINT('Origin',(-134.218688479442,-125.411472167968,-238.193344098821));
#3568=CARTESIAN_POINT('',(-135.003529356255,-125.411472167968,-237.808555273452));
#3569=CARTESIAN_POINT('Origin',(-134.749496100799,-125.411472167968,-238.04931886107));
#3570=CARTESIAN_POINT('',(-135.201440924399,-125.411472167968,-237.863894374938));
#3571=CARTESIAN_POINT('Origin',(-135.148691216515,-125.411472167968,-237.670976080528));
#3572=CARTESIAN_POINT('',(-137.18324093071,-125.411472167968,-238.420123206499));
#3573=CARTESIAN_POINT('Origin',(-135.728938003238,-125.411472167968,-239.793077319041));
#3574=CARTESIAN_POINT('',(-137.381044037185,-125.411472167968,-238.475848748465));
#3575=CARTESIAN_POINT('Origin',(-137.328671223457,-125.411472167968,-238.282827795245));
#3576=CARTESIAN_POINT('',(-137.713460048827,-125.411472167968,-239.067668672058));
#3577=CARTESIAN_POINT('Origin',(-137.472696461209,-125.411472167968,-238.813635416602));
#3578=CARTESIAN_POINT('',(-137.658120947341,-125.411472167968,-239.265580240202));
#3579=CARTESIAN_POINT('Origin',(-137.851039241751,-125.411472167968,-239.212830532318));
#3580=CARTESIAN_POINT('',(-137.10189211578,-125.411472167968,-241.247380246513));
#3581=CARTESIAN_POINT('Origin',(-135.728938003238,-125.411472167968,-239.793077319041));
#3582=CARTESIAN_POINT('',(-137.046166573813,-125.411472167968,-241.445183352988));
#3583=CARTESIAN_POINT('Origin',(-137.239187527034,-125.411472167968,-241.39281053926));
#3584=CARTESIAN_POINT('',(-136.454346650221,-125.411472167968,-241.77759936463));
#3585=CARTESIAN_POINT('Origin',(-136.708379905677,-125.411472167968,-241.536835777012));
#3586=CARTESIAN_POINT('',(-136.256435082077,-125.411472167968,-241.722260263144));
#3587=CARTESIAN_POINT('Origin',(-136.309184789961,-125.411472167968,-241.915178557554));
#3588=CARTESIAN_POINT('',(-134.274635075766,-125.411472167968,-241.166031431583));
#3589=CARTESIAN_POINT('Origin',(-135.728938003238,-125.411472167968,-239.793077319041));
#3590=CARTESIAN_POINT('',(-134.076831969291,-125.411472167968,-241.110305889616));
#3591=CARTESIAN_POINT('Origin',(-134.129204783019,-125.411472167968,-241.303326842837));
#3592=CARTESIAN_POINT('Origin',(-133.985179545267,-125.411472167968,-240.77251922148));
#3593=CARTESIAN_POINT('',(-129.8933363882,-125.411472167968,-260.94320594329));
#3594=CARTESIAN_POINT('',(-129.948675489686,-125.411472167968,-260.745294375145));
#3595=CARTESIAN_POINT('Origin',(-129.755757195276,-125.411472167968,-260.798044083029));
#3596=CARTESIAN_POINT('',(-130.504904321247,-125.411472167968,-258.763494368834));
#3597=CARTESIAN_POINT('Origin',(-131.877858433789,-125.411472167968,-260.217797296306));
#3598=CARTESIAN_POINT('',(-130.560629863213,-125.411472167968,-258.565691262359));
#3599=CARTESIAN_POINT('Origin',(-130.367608909993,-125.411472167968,-258.618064076087));
#3600=CARTESIAN_POINT('',(-131.152449786806,-125.411472167968,-258.233275250718));
#3601=CARTESIAN_POINT('Origin',(-130.89841653135,-125.411472167968,-258.474038838335));
#3602=CARTESIAN_POINT('',(-131.35036135495,-125.411472167968,-258.288614352204));
#3603=CARTESIAN_POINT('Origin',(-131.297611647066,-125.411472167968,-258.095696057793));
#3604=CARTESIAN_POINT('',(-133.332161361261,-125.411472167968,-258.844843183764));
#3605=CARTESIAN_POINT('Origin',(-131.877858433789,-125.411472167968,-260.217797296306));
#3606=CARTESIAN_POINT('',(-133.529964467736,-125.411472167968,-258.900568725731));
#3607=CARTESIAN_POINT('Origin',(-133.477591654008,-125.411472167968,-258.70754777251));
#3608=CARTESIAN_POINT('',(-133.862380479377,-125.411472167968,-259.492388649323));
#3609=CARTESIAN_POINT('Origin',(-133.62161689176,-125.411472167968,-259.238355393867));
#3610=CARTESIAN_POINT('',(-133.807041377891,-125.411472167968,-259.690300217467));
#3611=CARTESIAN_POINT('Origin',(-133.999959672302,-125.411472167968,-259.637550509584));
#3612=CARTESIAN_POINT('',(-133.250812546331,-125.411472167968,-261.672100223778));
#3613=CARTESIAN_POINT('Origin',(-131.877858433789,-125.411472167968,-260.217797296306));
#3614=CARTESIAN_POINT('',(-133.195087004364,-125.411472167968,-261.869903330254));
#3615=CARTESIAN_POINT('Origin',(-133.388107957585,-125.411472167968,-261.817530516526));
#3616=CARTESIAN_POINT('',(-132.603267080772,-125.411472167968,-262.202319341895));
#3617=CARTESIAN_POINT('Origin',(-132.857300336228,-125.411472167968,-261.961555754277));
#3618=CARTESIAN_POINT('',(-132.405355512628,-125.411472167968,-262.146980240409));
#3619=CARTESIAN_POINT('Origin',(-132.458105220511,-125.411472167968,-262.339898534819));
#3620=CARTESIAN_POINT('',(-130.423555506317,-125.411472167968,-261.590751408848));
#3621=CARTESIAN_POINT('Origin',(-131.877858433789,-125.411472167968,-260.217797296306));
#3622=CARTESIAN_POINT('',(-130.225752399841,-125.411472167968,-261.535025866882));
#3623=CARTESIAN_POINT('Origin',(-130.278125213569,-125.411472167968,-261.728046820102));
#3624=CARTESIAN_POINT('Origin',(-130.134099975818,-125.411472167968,-261.197239198745));
#3625=CARTESIAN_POINT('',(-114.130549807431,-125.411472167968,-247.395713215524));
#3626=CARTESIAN_POINT('',(-114.185888908917,-125.411472167968,-247.197801647379));
#3627=CARTESIAN_POINT('Origin',(-113.992970614507,-125.411472167968,-247.250551355263));
#3628=CARTESIAN_POINT('',(-114.742117740478,-125.411472167968,-245.216001641068));
#3629=CARTESIAN_POINT('Origin',(-116.11507185302,-125.411472167968,-246.670304568541));
#3630=CARTESIAN_POINT('',(-114.797843282445,-125.411472167968,-245.018198534593));
#3631=CARTESIAN_POINT('Origin',(-114.604822329224,-125.411472167968,-245.070571348321));
#3632=CARTESIAN_POINT('',(-115.389663206037,-125.411472167968,-244.685782522952));
#3633=CARTESIAN_POINT('Origin',(-115.135629950581,-125.411472167968,-244.926546110569));
#3634=CARTESIAN_POINT('',(-115.587574774181,-125.411472167968,-244.741121624438));
#3635=CARTESIAN_POINT('Origin',(-115.534825066297,-125.411472167968,-244.548203330028));
#3636=CARTESIAN_POINT('',(-117.569374780492,-125.411472167968,-245.297350455999));
#3637=CARTESIAN_POINT('Origin',(-116.11507185302,-125.411472167968,-246.670304568541));
#3638=CARTESIAN_POINT('',(-117.767177886967,-125.411472167968,-245.353075997965));
#3639=CARTESIAN_POINT('Origin',(-117.714805073239,-125.411472167968,-245.160055044744));
#3640=CARTESIAN_POINT('',(-118.099593898609,-125.411472167968,-245.944895921557));
#3641=CARTESIAN_POINT('Origin',(-117.858830310991,-125.411472167968,-245.690862666101));
#3642=CARTESIAN_POINT('',(-118.044254797123,-125.411472167968,-246.142807489702));
#3643=CARTESIAN_POINT('Origin',(-118.237173091533,-125.411472167968,-246.090057781818));
#3644=CARTESIAN_POINT('',(-117.488025965562,-125.411472167968,-248.124607496013));
#3645=CARTESIAN_POINT('Origin',(-116.11507185302,-125.411472167968,-246.670304568541));
#3646=CARTESIAN_POINT('',(-117.432300423595,-125.411472167968,-248.322410602488));
#3647=CARTESIAN_POINT('Origin',(-117.625321376816,-125.411472167968,-248.27003778876));
#3648=CARTESIAN_POINT('',(-116.840480500003,-125.411472167968,-248.654826614129));
#3649=CARTESIAN_POINT('Origin',(-117.094513755459,-125.411472167968,-248.414063026512));
#3650=CARTESIAN_POINT('',(-116.642568931859,-125.411472167968,-248.599487512643));
#3651=CARTESIAN_POINT('Origin',(-116.695318639743,-125.411472167968,-248.792405807054));
#3652=CARTESIAN_POINT('',(-114.660768925548,-125.411472167968,-248.043258681083));
#3653=CARTESIAN_POINT('Origin',(-116.11507185302,-125.411472167968,-246.670304568541));
#3654=CARTESIAN_POINT('',(-114.462965819073,-125.411472167968,-247.987533139116));
#3655=CARTESIAN_POINT('Origin',(-114.515338632801,-125.411472167968,-248.180554092337));
#3656=CARTESIAN_POINT('Origin',(-114.371313395049,-125.411472167968,-247.64974647098));
#3657=CARTESIAN_POINT('',(-125.683862194068,-125.411472167968,-258.58594936858));
#3658=CARTESIAN_POINT('Origin',(-125.683862194068,-125.411472167968,-260.68594936858));
#3659=CARTESIAN_POINT('',(-118.806634943153,-125.411472167968,-238.972083218863));
#3660=CARTESIAN_POINT('Origin',(-118.806634943153,-125.411472167968,-241.072083218863));
#3661=CARTESIAN_POINT('',(-137.00793309546,-125.411472167968,-254.615380363984));
#3662=CARTESIAN_POINT('Origin',(-137.00793309546,-125.411472167968,-256.715380363984));
#3663=CARTESIAN_POINT('',(-139.231354920698,-125.411472167968,-242.823162786828));
#3664=CARTESIAN_POINT('Origin',(-139.231354920698,-125.411472167968,-244.923162786828));
#3665=CARTESIAN_POINT('',(-130.130705844545,-125.411472167968,-235.001514214268));
#3666=CARTESIAN_POINT('Origin',(-130.130705844545,-125.411472167968,-237.101514214268));
#3667=CARTESIAN_POINT('',(-116.583213117915,-125.411472167968,-250.764300796019));
#3668=CARTESIAN_POINT('Origin',(-116.583213117915,-125.411472167968,-252.864300796019));
#3669=CARTESIAN_POINT('Origin',(-127.90729129426,-128.411472167968,-248.89373364829));
#3670=CARTESIAN_POINT('',(-140.331638385502,-129.411472167968,-274.543014701626));
#3671=CARTESIAN_POINT('',(-140.331638407191,-128.411472167968,-274.543014751273));
#3672=CARTESIAN_POINT('',(-140.331638407191,-132.411472167968,-274.543014751273));
#3673=CARTESIAN_POINT('',(-99.5672029338357,-129.411472167968,-251.908598640292));
#3674=CARTESIAN_POINT('Origin',(-127.90729129426,-129.411472167968,-248.89373364829));
#3675=CARTESIAN_POINT('',(-99.5672029338357,-128.411472167968,-251.908598640292));
#3676=CARTESIAN_POINT('',(-99.5672029338357,-128.411472167968,-251.908598640292));
#3677=CARTESIAN_POINT('Origin',(-127.90729129426,-128.411472167968,-248.89373364829));
#3678=CARTESIAN_POINT('Origin',(-127.90729129426,-128.411472167968,-248.89373364829));
#3679=CARTESIAN_POINT('',(-109.40729129426,-129.411472167968,-248.89373364829));
#3680=CARTESIAN_POINT('',(-109.40729129426,-128.411472167968,-248.89373364829));
#3681=CARTESIAN_POINT('Origin',(-127.90729129426,-129.411472167968,-248.89373364829));
#3682=CARTESIAN_POINT('Origin',(-99.5672029338357,-128.411472167968,-251.908598640292));
#3683=CARTESIAN_POINT('',(-98.5643679624632,-128.411472167968,-242.481831015534));
#3684=CARTESIAN_POINT('',(-99.4726952728617,-128.411472167968,-251.020215422521));
#3685=CARTESIAN_POINT('',(-98.5643679624632,-129.411472167968,-242.481831015534));
#3686=CARTESIAN_POINT('',(-99.5672029338357,-129.411472167968,-251.908598640292));
#3687=CARTESIAN_POINT('',(-98.5643679700172,-130.411472167968,-242.481831086543));
#3688=CARTESIAN_POINT('Origin',(-127.485829796754,-129.411472167968,-248.89373364829));
#3689=CARTESIAN_POINT('',(-103.40784723449,-129.411472167968,-234.332577788989));
#3690=CARTESIAN_POINT('',(-152.240892721474,-129.411472167968,-234.057094410783));
#3691=CARTESIAN_POINT('Origin',(-127.907291376198,-129.411472167968,-248.893733782676));
#3692=CARTESIAN_POINT('',(-135.182176421808,-129.411472167968,-180.871615813457));
#3693=CARTESIAN_POINT('Origin',(-127.907291294261,-129.411472167968,-248.89373364829));
#3694=CARTESIAN_POINT('Origin',(-126.692298023811,-128.411472167968,-247.226112426417));
#3695=CARTESIAN_POINT('',(-90.8270465374842,-128.411472167968,-255.500033410775));
#3696=CARTESIAN_POINT('',(-103.823108351756,-128.411472167968,-233.633892318969));
#3697=CARTESIAN_POINT('',(-75.6589470927953,-128.411472167968,-249.360167131614));
#3698=CARTESIAN_POINT('',(-118.765330079434,-128.411472167968,-266.80911837275));
#3699=CARTESIAN_POINT('',(-75.5833482107521,-128.411472167968,-249.41033204359));
#3700=CARTESIAN_POINT('',(-112.074073054469,-128.411472167968,-225.19632073657));
#3701=CARTESIAN_POINT('',(-76.056404128462,-128.411472167968,-253.896962058732));
#3702=CARTESIAN_POINT('Origin',(-126.162426318102,-128.41147216795,-246.345689594916));
#3703=CARTESIAN_POINT('',(-20.2267417480359,-128.411472167968,-290.943636880467));
#3704=CARTESIAN_POINT('',(-48.1055186030252,-128.411472167968,-272.444223906467));
#3705=CARTESIAN_POINT('',(-20.2267417480359,-128.411472167968,-292.726315544307));
#3706=CARTESIAN_POINT('',(-20.2267417480359,-128.411472167968,-296.226631202937));
#3707=CARTESIAN_POINT('',(-103.851000714879,-128.411472167968,-292.72631362491));
#3708=CARTESIAN_POINT('',(-126.69229906816,-128.411472167968,-292.726313100642));
#3709=CARTESIAN_POINT('',(-150.952051042986,-128.411472167968,-293.266456852332));
#3710=CARTESIAN_POINT('Origin',(-127.907284229615,-128.411472167968,-248.893731868201));
#3711=CARTESIAN_POINT('',(-148.511325017962,-128.411472167968,-293.266456852332));
#3712=CARTESIAN_POINT('',(-126.692298023811,-128.411472167968,-293.266456852332));
#3713=CARTESIAN_POINT('',(-128.124412440329,-128.411472167968,-246.600466401788));
#3714=CARTESIAN_POINT('Origin',(-104.976748423756,-110.386009778975,-314.797374763728));
#3715=CARTESIAN_POINT('',(-16.2267412706871,-132.411472167968,-314.797374763728));
#3716=CARTESIAN_POINT('',(-186.226755576314,-132.411472167967,-314.797374763728));
#3717=CARTESIAN_POINT('',(-16.2267412706871,-132.411472167968,-314.797374763728));
#3718=CARTESIAN_POINT('',(-186.226755576314,-125.006875839232,-314.797374763728));
#3719=CARTESIAN_POINT('',(-186.226755576314,-114.619419938722,-314.797374763728));
#3720=CARTESIAN_POINT('',(-181.226755576314,-125.006875839232,-314.797374763728));
#3721=CARTESIAN_POINT('',(-104.976748423756,-125.006875839232,-314.797374763728));
#3722=CARTESIAN_POINT('',(-181.226755576314,-115.201986986898,-314.797374763728));
#3723=CARTESIAN_POINT('',(-181.226755576314,-110.386009778975,-314.797374763728));
#3724=CARTESIAN_POINT('',(-180.476755386368,-114.386010971068,-314.797374763728));
#3725=CARTESIAN_POINT('',(-143.909078163257,-74.6015576220441,-314.797374763728));
#3726=CARTESIAN_POINT('',(-21.9767414611447,-114.386010971068,-314.797374763728));
#3727=CARTESIAN_POINT('',(-104.976748423756,-114.386010971068,-314.797374763728));
#3728=CARTESIAN_POINT('',(-21.2267412711988,-115.201986986898,-314.797374763728));
#3729=CARTESIAN_POINT('',(-61.9789975792956,-70.8648465646381,-314.797374763728));
#3730=CARTESIAN_POINT('',(-21.2267412711988,-125.006875839232,-314.797374763728));
#3731=CARTESIAN_POINT('',(-21.2267412711987,-110.386009778976,-314.797374763728));
#3732=CARTESIAN_POINT('',(-16.2267412711988,-125.006875839232,-314.797374763728));
#3733=CARTESIAN_POINT('',(-104.976748423756,-125.006875839232,-314.797374763728));
#3734=CARTESIAN_POINT('',(-16.2267412711988,-113.3764598717,-314.797374763728));
#3735=CARTESIAN_POINT('Origin',(-108.726748423756,-115.560447540282,-311.422378578425));
#3736=CARTESIAN_POINT('',(-180.226755576314,-117.006875839232,-308.047382393121));
#3737=CARTESIAN_POINT('',(-22.2267412711988,-117.006875839232,-308.047382393121));
#3738=CARTESIAN_POINT('',(-108.726748423756,-117.006875839232,-308.047382393121));
#3739=CARTESIAN_POINT('',(-22.2267412711988,-114.386010971068,-314.162727992117));
#3740=CARTESIAN_POINT('',(-22.2267412711988,-115.560447540282,-311.422378578425));
#3741=CARTESIAN_POINT('',(-180.226755576314,-114.386010971068,-314.162727992117));
#3742=CARTESIAN_POINT('',(-16.2267412706871,-114.386010971068,-314.162727992117));
#3743=CARTESIAN_POINT('',(-180.226755576314,-117.006875839232,-308.047382393122));
#3744=CARTESIAN_POINT('Origin',(-108.726748423756,-105.211574401854,-311.422378578425));
#3745=CARTESIAN_POINT('',(-22.2267412711987,-106.386010971068,-314.162727992117));
#3746=CARTESIAN_POINT('',(-180.226755576314,-106.386010971068,-314.162727992117));
#3747=CARTESIAN_POINT('',(-16.226741270687,-106.386010971068,-314.162727992117));
#3748=CARTESIAN_POINT('',(-22.2267412711987,-103.765146102905,-308.047382393121));
#3749=CARTESIAN_POINT('',(-22.2267412711987,-103.765146102904,-308.047382393122));
#3750=CARTESIAN_POINT('',(-180.226755576314,-103.765146102904,-308.047382393121));
#3751=CARTESIAN_POINT('',(-108.726748423756,-103.765146102904,-308.047382393121));
#3752=CARTESIAN_POINT('',(-180.226755576314,-105.211574401854,-311.422378578425));
#3753=CARTESIAN_POINT('Origin',(-104.976748423756,-110.386009778975,-314.797374763728));
#3754=CARTESIAN_POINT('',(-21.2267412711987,-105.570034955239,-314.797374763728));
#3755=CARTESIAN_POINT('',(-21.2267412711987,-95.7651461029045,-314.797374763728));
#3756=CARTESIAN_POINT('',(-21.2267412711987,-110.386009778976,-314.797374763728));
#3757=CARTESIAN_POINT('',(-21.9767414611446,-106.386010971068,-314.797374763728));
#3758=CARTESIAN_POINT('',(-61.9789963914265,-149.907174085136,-314.797374763728));
#3759=CARTESIAN_POINT('',(-180.476755386368,-106.386010971068,-314.797374763728));
#3760=CARTESIAN_POINT('',(-104.976748423756,-106.386010971068,-314.797374763728));
#3761=CARTESIAN_POINT('',(-181.226755576314,-105.570034955238,-314.797374763728));
#3762=CARTESIAN_POINT('',(-143.909079351127,-146.170463027729,-314.797374763728));
#3763=CARTESIAN_POINT('',(-181.226755576314,-95.7651461029038,-314.797374763728));
#3764=CARTESIAN_POINT('',(-181.226755576314,-110.386009778975,-314.797374763728));
#3765=CARTESIAN_POINT('',(-186.226755576314,-95.7651461029038,-314.797374763728));
#3766=CARTESIAN_POINT('',(-104.976748423756,-95.7651461029042,-314.797374763728));
#3767=CARTESIAN_POINT('',(-186.226755576314,-88.3605450057968,-314.797374763728));
#3768=CARTESIAN_POINT('',(-186.226755576314,-114.619419938722,-314.797374763728));
#3769=CARTESIAN_POINT('',(-16.2267412711986,-88.3605450057976,-314.797374763728));
#3770=CARTESIAN_POINT('',(-114.148276842615,-88.3605450057971,-314.797374763728));
#3771=CARTESIAN_POINT('',(-16.2267412711987,-95.7651461029046,-314.797374763728));
#3772=CARTESIAN_POINT('',(-16.2267412711988,-113.3764598717,-314.797374763728));
#3773=CARTESIAN_POINT('',(-104.976748423756,-95.7651461029042,-314.797374763728));
#3774=CARTESIAN_POINT('Origin',(-186.226755576314,-118.852830098469,-303.839043337743));
#3775=CARTESIAN_POINT('',(-186.226755576878,-142.411470260619,-302.797386207819));
#3776=CARTESIAN_POINT('',(-186.226755576314,-132.243990709372,-314.998352360708));
#3777=CARTESIAN_POINT('',(-186.226755576314,-142.411470260619,-289.797374763728));
#3778=CARTESIAN_POINT('',(-186.226755576314,-142.411470260619,-280.014641688713));
#3779=CARTESIAN_POINT('',(-186.226755576314,-132.411472167968,-289.797374763728));
#3780=CARTESIAN_POINT('',(-186.226755576314,-127.382150656381,-289.797374763728));
#3781=CARTESIAN_POINT('',(-186.226755576314,-132.411472167968,-293.266456852332));
#3782=CARTESIAN_POINT('',(-186.226755576314,-132.411472167968,-293.266456852332));
#3783=CARTESIAN_POINT('',(-186.226755576314,-127.871326806078,-293.266456852332));
#3784=CARTESIAN_POINT('',(-186.226755576314,-169.901644007532,-293.266456852332));
#3785=CARTESIAN_POINT('',(-186.226755576314,-124.848400346057,-296.289381948335));
#3786=CARTESIAN_POINT('',(-186.226755576314,-124.476294996085,-296.661487130405));
#3787=CARTESIAN_POINT('',(-186.226755576314,-88.3605450057968,-296.234183523377));
#3788=CARTESIAN_POINT('Ctrl Pts',(-186.226755576314,-88.3605450057969,-296.234183523378));
#3789=CARTESIAN_POINT('Ctrl Pts',(-186.226755576314,-106.089824637465,-296.263388794591));
#3790=CARTESIAN_POINT('Ctrl Pts',(-186.226755576314,-124.848400346057,-296.289381948335));
#3791=CARTESIAN_POINT('',(-186.226755576314,-88.3605450057969,-303.454460659265));
#3792=CARTESIAN_POINT('',(-186.226755576314,-95.7651461029038,-308.047382393121));
#3793=CARTESIAN_POINT('',(-186.226755576314,-95.7651461029038,-303.839043337743));
#3794=CARTESIAN_POINT('',(-186.226755576314,-125.006875839232,-308.047382393121));
#3795=CARTESIAN_POINT('',(-186.226755576314,-114.619420534769,-308.047382393121));
#3796=CARTESIAN_POINT('',(-186.226755576314,-125.006875839232,-303.839043337743));
#3797=CARTESIAN_POINT('Origin',(-16.2267412711988,-116.366909964424,-300.22594782717));
#3798=CARTESIAN_POINT('',(-16.2267412711989,-142.411470260619,-302.797386207819));
#3799=CARTESIAN_POINT('',(-16.2267412352886,-142.411470260619,-288.797370861471));
#3800=CARTESIAN_POINT('',(-16.2267412711989,-142.411470260619,-278.208093933426));
#3801=CARTESIAN_POINT('',(-16.2267412706872,-142.411470260619,-302.797386207819));
#3802=CARTESIAN_POINT('',(-16.2267412706871,-125.006875839232,-308.047382393121));
#3803=CARTESIAN_POINT('',(-16.2267412711988,-125.006875839232,-300.22594782717));
#3804=CARTESIAN_POINT('',(-16.226741270687,-95.7651461029046,-308.047382393121));
#3805=CARTESIAN_POINT('',(-16.2267412706871,-117.006875839232,-308.047382393121));
#3806=CARTESIAN_POINT('',(-16.2267412711987,-95.7651461029046,-300.22594782717));
#3807=CARTESIAN_POINT('',(-16.2267412711986,-88.3605450056686,-302.797384198427));
#3808=CARTESIAN_POINT('',(-16.2267412711986,-88.3605450057977,-301.647912903978));
#3809=CARTESIAN_POINT('',(-16.2267412708892,-94.2014015505084,-288.797366417387));
#3810=CARTESIAN_POINT('',(-16.2267412711987,-95.4810704446394,-285.730112988276));
#3811=CARTESIAN_POINT('',(-16.2267412711988,-121.104350994872,-288.797368955846));
#3812=CARTESIAN_POINT('Origin',(-60.592223601521,-125.841793725149,-259.357935262646));
#3813=CARTESIAN_POINT('',(-75.6589470617612,-132.411472167968,-249.360167107481));
#3814=CARTESIAN_POINT('',(-75.6589470611627,-132.411472167968,-249.360167107542));
#3815=CARTESIAN_POINT('',(-112.149345448186,-132.411472167968,-225.146372741168));
#3816=CARTESIAN_POINT('',(-121.025042204653,-132.411472167968,-219.256760133714));
#3817=CARTESIAN_POINT('',(-112.149345841145,-142.411470260619,-225.146373392735));
#3818=CARTESIAN_POINT('',(-112.149345516932,-132.411474409197,-225.146372852847));
#3819=CARTESIAN_POINT('',(-82.6911107075612,-142.411470260619,-244.693862191816));
#3820=CARTESIAN_POINT('',(-75.5833682833508,-110.633813770606,-249.410316993513));
#3821=CARTESIAN_POINT('',(-65.7932382471194,-107.923493786975,-255.906716091668));
#3822=CARTESIAN_POINT('',(-75.5833560567474,-121.522638168618,-249.41032618667));
#3823=CARTESIAN_POINT('Origin',(-130.247369880768,-124.476295638522,-296.661487772842));
#3824=CARTESIAN_POINT('',(-150.952051042986,-127.871327615726,-293.266456852332));
#3825=CARTESIAN_POINT('Origin',(-127.907284229616,-172.244073150876,-248.893731868188));
#3826=CARTESIAN_POINT('',(-20.2267417480359,-118.340396960141,-302.797386207819));
#3827=CARTESIAN_POINT('',(-20.2267417480359,-124.476296901154,-296.661489035474));
#3828=CARTESIAN_POINT('',(-93.8747690250035,-118.346956334393,-302.797386207819));
#3829=CARTESIAN_POINT('',(-56.0619549320099,-118.340396137628,-302.797386207819));
#3830=CARTESIAN_POINT('Ctrl Pts',(-186.226755576314,-124.848400346056,-296.289381948336));
#3831=CARTESIAN_POINT('Ctrl Pts',(-140.082717284115,-118.312142747366,-302.825637656835));
#3832=CARTESIAN_POINT('Ctrl Pts',(-93.8748297057813,-118.353569081559,-302.784212401927));
#3833=CARTESIAN_POINT('',(-150.474504607814,-127.871327626687,-293.266456852332));
#3834=CARTESIAN_POINT('Origin',(-169.233824210347,-135.911471214293,-261.927234688043));
#3835=CARTESIAN_POINT('',(-152.24089284438,-132.411472167968,-234.057094612361));
#3836=CARTESIAN_POINT('',(-14.1203087099972,-132.411472167968,-7.52525356284596));
#3837=CARTESIAN_POINT('',(-152.240893254066,-142.411470260619,-234.057095284287));
#3838=CARTESIAN_POINT('',(-161.578689326749,-142.411470260619,-249.372032945077));
#3839=CARTESIAN_POINT('',(-152.24089284438,-132.411472167967,-234.057094612361));
#3840=CARTESIAN_POINT('Origin',(-56.0619546939739,-107.969655361175,-302.797386207819));
#3841=CARTESIAN_POINT('',(-93.8892427460483,-92.7280383626313,-302.796019025807));
#3842=CARTESIAN_POINT('Origin',(-4464.99469411391,-108.017243788597,-302.797386207819));
#3843=CARTESIAN_POINT('',(-20.2267417480358,-92.6949119310874,-302.797386207819));
#3844=CARTESIAN_POINT('',(-20.2267417480359,-115.33664402008,-302.797386207819));
#3845=CARTESIAN_POINT('',(-56.0619532341797,-92.6949085063475,-302.797386207819));
#3846=CARTESIAN_POINT('Origin',(-87.5392264964482,-101.326157306238,-282.109032152276));
#3847=CARTESIAN_POINT('',(-129.455918599499,-93.0861817954971,-301.859521616387));
#3848=CARTESIAN_POINT('Ctrl Pts',(-93.8902615078058,-92.72272650324,-302.730700242152));
#3849=CARTESIAN_POINT('Ctrl Pts',(-111.714987090156,-92.6938423932759,-302.799928838921));
#3850=CARTESIAN_POINT('Ctrl Pts',(-129.455918599499,-93.0861817954971,-301.859521616387));
#3851=CARTESIAN_POINT('',(-20.2267417480358,-97.6403365424578,-290.943636880467));
#3852=CARTESIAN_POINT('',(-20.2267417480358,-98.3865622271007,-289.154999321004));
#3853=CARTESIAN_POINT('',(-75.7691089852165,-113.016794827111,-254.087601394452));
#3854=CARTESIAN_POINT('',(-50.4397828760914,-106.004574324658,-270.895285120432));
#3855=CARTESIAN_POINT('',(-115.050540786785,-94.2939326052847,-298.964652084447));
#3856=CARTESIAN_POINT('Origin',(-125.666821923945,-113.066601362845,-253.968208063725));
#3857=CARTESIAN_POINT('',(-124.442782332841,-93.5064845091328,-300.852093999667));
#3858=CARTESIAN_POINT('Origin',(-48.1055186030251,-118.149003353118,-272.444223906467));
#3859=CARTESIAN_POINT('',(-76.0563984769751,-126.786537835056,-253.896965808867));
#3860=CARTESIAN_POINT('',(-76.0563984769751,-126.786537835056,-253.896965808867));
#3861=CARTESIAN_POINT('Origin',(-125.666837802839,-33.9879924701265,-220.977156963455));
#3862=CARTESIAN_POINT('',(-20.2267417480359,-118.149003353118,-290.943636880467));
#3863=CARTESIAN_POINT('Origin',(-20.2267417480359,-115.33664402008,-296.226631202937));
#3864=CARTESIAN_POINT('Origin',(-108.726748423756,-110.386010971068,-308.047382393121));
#3865=CARTESIAN_POINT('',(-181.226755576314,-95.7651461029038,-308.047382393121));
#3866=CARTESIAN_POINT('',(9.79640345078622,-95.7651461029047,-308.047382393121));
#3867=CARTESIAN_POINT('',(-181.226755576314,-102.677178357337,-308.047382393121));
#3868=CARTESIAN_POINT('',(-181.226755576314,-110.386010971068,-308.047382393121));
#3869=CARTESIAN_POINT('',(-179.506104293856,-104.549191454019,-308.047382393121));
#3870=CARTESIAN_POINT('',(-21.2267412711987,-102.677178357338,-308.047382393121));
#3871=CARTESIAN_POINT('',(-15.5029166864016,-96.4498418277994,-308.047382393121));
#3872=CARTESIAN_POINT('',(-21.2267412711987,-95.7651461029045,-308.047382393121));
#3873=CARTESIAN_POINT('',(-21.2267412711987,-110.386010971069,-308.047382393121));
#3874=CARTESIAN_POINT('',(-108.726748423756,-95.7651461029042,-308.047382393121));
#3875=CARTESIAN_POINT('',(-21.2267412711988,-125.006875839232,-308.047382393121));
#3876=CARTESIAN_POINT('',(9.7964034507861,-125.006875839232,-308.047382393121));
#3877=CARTESIAN_POINT('',(-21.2267412711988,-118.094843584799,-308.047382393121));
#3878=CARTESIAN_POINT('',(-21.2267412711983,-9.99999999999925,-308.047382393121));
#3879=CARTESIAN_POINT('',(-22.9473925536566,-116.222830488117,-308.047382393121));
#3880=CARTESIAN_POINT('',(-181.226755576314,-118.094843584798,-308.047382393121));
#3881=CARTESIAN_POINT('',(-171.428616815166,-107.434784646086,-308.047382393121));
#3882=CARTESIAN_POINT('',(-181.226755576314,-125.006875839232,-308.047382393121));
#3883=CARTESIAN_POINT('',(-181.226755576313,-9.99999999999855,-308.047382393121));
#3884=CARTESIAN_POINT('',(-108.726748423756,-125.006875839232,-308.047382393121));
#3885=CARTESIAN_POINT('Origin',(-123.319805261474,-88.3605450057971,-303.069877980789));
#3886=CARTESIAN_POINT('',(-104.236324294922,-88.3847484150605,-302.73920648676));
#3887=CARTESIAN_POINT('Ctrl Pts',(-186.226755576314,-88.3605450057969,-296.234183523378));
#3888=CARTESIAN_POINT('Ctrl Pts',(-145.434426127908,-88.360545005797,-302.180156018027));
#3889=CARTESIAN_POINT('Ctrl Pts',(-104.23561715845,-88.3605450057972,-302.681043221213));
#3890=CARTESIAN_POINT('',(-105.520576001457,-88.3605450057972,-302.79737342304));
#3891=CARTESIAN_POINT('Origin',(-87.7213441206052,-97.5357768471,-280.805154408109));
#3892=CARTESIAN_POINT('',(-135.420200530049,-88.8943445137615,-301.517899493887));
#3893=CARTESIAN_POINT('Ctrl Pts',(-135.420200528689,-88.8943445135173,-301.51789949405));
#3894=CARTESIAN_POINT('Ctrl Pts',(-119.856964230734,-88.4882959237133,-302.491164014763));
#3895=CARTESIAN_POINT('Ctrl Pts',(-104.236561111839,-88.4090610239076,-302.681084963295));
#3896=CARTESIAN_POINT('',(-115.050541529263,-90.6021418558172,-297.424462405291));
#3897=CARTESIAN_POINT('',(-104.828814428028,-91.4591340319656,-295.370329009495));
#3898=CARTESIAN_POINT('',(-75.7750460972056,-109.675408094857,-251.707530897272));
#3899=CARTESIAN_POINT('Origin',(-125.666822664793,-109.37481491476,-252.428020178489));
#3900=CARTESIAN_POINT('Origin',(-134.893388279161,-111.91016647474,-246.350624817903));
#3901=CARTESIAN_POINT('Origin',(-122.149188595473,-142.411470260619,-256.190240039685));
#3902=CARTESIAN_POINT('Origin',(-127.907291785884,-142.411470260619,-248.893734454603));
#3903=CARTESIAN_POINT('',(-111.687968509615,-142.411470260619,-302.797386207819));
#3904=CARTESIAN_POINT('',(-137.00793309546,-142.411470260619,-261.315380363984));
#3905=CARTESIAN_POINT('Origin',(-137.00793309546,-142.411470260619,-256.715380363984));
#3906=CARTESIAN_POINT('',(-125.683862194068,-142.411470260619,-265.28594936858));
#3907=CARTESIAN_POINT('Origin',(-125.683862194068,-142.411470260619,-260.68594936858));
#3908=CARTESIAN_POINT('',(-116.583213117915,-142.411470260619,-257.464300796019));
#3909=CARTESIAN_POINT('Origin',(-116.583213117915,-142.411470260619,-252.864300796019));
#3910=CARTESIAN_POINT('',(-118.806634943153,-142.411470260619,-245.672083218863));
#3911=CARTESIAN_POINT('Origin',(-118.806634943153,-142.411470260619,-241.072083218863));
#3912=CARTESIAN_POINT('',(-130.130705844545,-142.411470260619,-241.701514214268));
#3913=CARTESIAN_POINT('Origin',(-130.130705844545,-142.411470260619,-237.101514214268));
#3914=CARTESIAN_POINT('',(-139.231354920698,-142.411470260619,-249.523162786828));
#3915=CARTESIAN_POINT('Origin',(-139.231354920698,-142.411470260619,-244.923162786828));
#3916=CARTESIAN_POINT('',(-127.907284019306,-142.411470260619,-251.393731791424));
#3917=CARTESIAN_POINT('Origin',(-127.907284019306,-142.411470260619,-248.893731791424));
#3918=CARTESIAN_POINT('',(-25.2713038760154,-142.411470260619,-300.29737826053));
#3919=CARTESIAN_POINT('Origin',(-25.2713038760154,-142.411470260619,-297.797378260531));
#3920=CARTESIAN_POINT('',(-169.658577453382,-142.411470260619,-293.937697397973));
#3921=CARTESIAN_POINT('Origin',(-169.658577453382,-142.411470260619,-291.437697397973));
#3922=CARTESIAN_POINT('Origin',(-126.16307532653,-111.782845077924,-246.346550522871));
#3923=CARTESIAN_POINT('Ctrl Pts',(-76.0563984769751,-126.786537835056,-253.896965808867));
#3924=CARTESIAN_POINT('Ctrl Pts',(-75.9854871302432,-123.950491876541,-253.426503977263));
#3925=CARTESIAN_POINT('Ctrl Pts',(-75.9249473636893,-121.110946624498,-252.978009924495));
#3926=CARTESIAN_POINT('Ctrl Pts',(-75.8522821492053,-116.838206575926,-252.392648251792));
#3927=CARTESIAN_POINT('Ctrl Pts',(-75.8310975390762,-115.411670621676,-252.212439330263));
#3928=CARTESIAN_POINT('Ctrl Pts',(-75.7963637785783,-112.550328953484,-251.906368958222));
#3929=CARTESIAN_POINT('Ctrl Pts',(-75.7826822193734,-111.114480596799,-251.779311148931));
#3930=CARTESIAN_POINT('Ctrl Pts',(-75.7750452440702,-109.675409285263,-251.707527945675));
#3931=CARTESIAN_POINT('Origin',(-127.907291499104,-132.411472167967,-248.893733984254));
#3932=CARTESIAN_POINT('',(-152.24089284438,-132.411472167967,-234.057094612361));
#3933=CARTESIAN_POINT('',(-103.407847262081,-132.411472167968,-234.332577976761));
#3934=CARTESIAN_POINT('Origin',(-127.907291499104,-132.411472167968,-248.893733984254));
#3935=CARTESIAN_POINT('',(-103.407847112686,-132.411472167967,-234.332577887968));
#3936=CARTESIAN_POINT('Origin',(-125.666823160179,-106.911614743134,-251.400390028384));
#3937=CARTESIAN_POINT('',(-115.050542024564,-88.1393378091073,-296.396997515769));
#3938=CARTESIAN_POINT('Origin',(-126.894181669313,325.050798934467,-87.5686349664673));
#3939=CARTESIAN_POINT('Origin',(-23.2927656577651,186.901397885275,-160.002999132166));
#3940=CARTESIAN_POINT('Origin',(-124.442776637257,-90.7376819515216,-299.696967163325));
#3941=CARTESIAN_POINT('Origin',(-23.6644043328051,-132.411472167968,-7.48972698763415));
#3942=CARTESIAN_POINT('',(-148.511325017962,-132.411472167968,-293.266456852332));
#3943=CARTESIAN_POINT('',(-148.511325017962,-169.901644007532,-293.266456852332));
#3944=CARTESIAN_POINT('',(-140.331638407191,-132.411472167968,-274.543014751273));
#3945=CARTESIAN_POINT('',(-23.6644043328051,-132.411472167968,-7.48972698763415));
#3946=CARTESIAN_POINT('',(-140.331638407191,-132.411472167968,-274.543014751273));
#3947=CARTESIAN_POINT('Origin',(-127.907291294261,-132.411472167968,-248.89373364829));
#3948=CARTESIAN_POINT('Origin',(-127.907291294261,-132.411472167968,-248.89373364829));
#3949=CARTESIAN_POINT('Origin',(9.79640345078606,-132.411472167968,-22.1077080156805));
#3950=CARTESIAN_POINT('',(-150.474505572521,-132.411472167968,-293.266456852332));
#3951=CARTESIAN_POINT('Origin',(9.79640345078606,-132.411472167968,-22.1077080156805));
#3952=CARTESIAN_POINT('',(-90.8270465374843,-132.411472167968,-255.500033410775));
#3953=CARTESIAN_POINT('',(76.8039332951273,-132.411472167969,-187.645006084578));
#3954=CARTESIAN_POINT('',(-167.066522657186,-132.411472167968,-127.225547999501));
#3955=CARTESIAN_POINT('Origin',(-150.474505572521,-169.901644007532,-293.266456852332));
#3956=CARTESIAN_POINT('',(-150.952051042985,-88.0694764353439,-293.266456852332));
#3957=CARTESIAN_POINT('Origin',(-127.907284229615,-88.0694764353441,-248.893731868201));
#3958=CARTESIAN_POINT('Origin',(76.8039332951273,-132.411472167969,-187.645006084578));
#3959=CARTESIAN_POINT('',(-90.8270465374843,-132.411472167968,-255.500033410775));
#3960=CARTESIAN_POINT('Origin',(-167.066522657186,-132.411472167968,-127.225547999501));
#3961=CARTESIAN_POINT('Origin',(-169.658577453382,-133.411470260619,-291.437697397973));
#3962=CARTESIAN_POINT('',(-169.658577453382,-133.411475982665,-293.437697397973));
#3963=CARTESIAN_POINT('Origin',(-169.658577453382,-133.411475982665,-291.437697397973));
#3964=CARTESIAN_POINT('',(-169.658577453382,-141.911470260619,-293.437697397973));
#3965=CARTESIAN_POINT('',(-169.658577453382,-133.411470260619,-293.437697397973));
#3966=CARTESIAN_POINT('Origin',(-169.658577453382,-141.911470260619,-291.437697397973));
#3967=CARTESIAN_POINT('Origin',(-25.2713038760153,-133.411470260619,-297.797378260531));
#3968=CARTESIAN_POINT('',(-25.2713038760153,-133.411470260619,-299.79737826053));
#3969=CARTESIAN_POINT('Origin',(-25.2713038760153,-133.411470260619,-297.797378260531));
#3970=CARTESIAN_POINT('',(-25.2713038760154,-141.911470260619,-299.79737826053));
#3971=CARTESIAN_POINT('',(-25.2713038760153,-133.411470260619,-299.797378260531));
#3972=CARTESIAN_POINT('Origin',(-25.2713038760154,-141.911470260619,-297.797378260531));
#3973=CARTESIAN_POINT('Origin',(-25.2713038760153,-133.411470260619,-297.797378260531));
#3974=CARTESIAN_POINT('Origin',(-127.907284019306,-133.411470260619,-248.893731791424));
#3975=CARTESIAN_POINT('',(-127.907284019306,-133.411470260619,-250.893731791424));
#3976=CARTESIAN_POINT('Origin',(-127.907284019306,-133.411470260619,-248.893731791424));
#3977=CARTESIAN_POINT('',(-127.907284019306,-141.911470260619,-250.893731791424));
#3978=CARTESIAN_POINT('',(-127.907284019306,-133.411470260619,-250.893731791424));
#3979=CARTESIAN_POINT('Origin',(-127.907284019306,-141.911470260619,-248.893731791424));
#3980=CARTESIAN_POINT('Origin',(-127.907284019306,-133.411470260619,-248.893731791424));
#3981=CARTESIAN_POINT('Origin',(-169.658581214131,-133.411475982665,-291.437700151047));
#3982=CARTESIAN_POINT('Origin',(-127.907284019306,-141.911470260619,-248.893731791424));
#3983=CARTESIAN_POINT('',(-127.907284019306,-141.911470260619,-250.893731791424));
#3984=CARTESIAN_POINT('Origin',(-25.2713038760154,-141.911470260619,-297.797378260531));
#3985=CARTESIAN_POINT('',(-25.2713038760154,-141.911470260619,-299.797378260531));
#3986=CARTESIAN_POINT('Origin',(-169.658577453382,-141.911470260619,-291.437697397973));
#3987=CARTESIAN_POINT('',(-169.658577453382,-141.911470260619,-293.437697397973));
#3988=CARTESIAN_POINT('Origin',(9.7964034507861,-125.006875839232,-316.0364730704));
#3989=CARTESIAN_POINT('',(-21.2267412711988,-125.006875839232,-316.0364730704));
#3990=CARTESIAN_POINT('Origin',(-21.2267412711983,-9.99999999999925,-316.0364730704));
#3991=CARTESIAN_POINT('',(-21.2267412711987,-98.4288754166286,-353.934598230942));
#3992=CARTESIAN_POINT('',(-21.2267412711988,-120.386010971068,-308.922378578425));
#3993=CARTESIAN_POINT('Origin',(-21.2267412711988,-120.386010971068,-311.422378578425));
#3994=CARTESIAN_POINT('Origin',(-21.2267412711983,-9.99999999999925,-316.0364730704));
#3995=CARTESIAN_POINT('',(-21.2267412711987,-105.46686607539,-314.556647604155));
#3996=CARTESIAN_POINT('',(-21.2267412711987,-95.7651461029045,-316.0364730704));
#3997=CARTESIAN_POINT('',(-21.2267412711987,-100.386010971068,-308.922378578425));
#3998=CARTESIAN_POINT('Origin',(-21.2267412711987,-100.386010971068,-311.422378578425));
#3999=CARTESIAN_POINT('Origin',(9.79640345078622,-95.7651461029047,-316.0364730704));
#4000=CARTESIAN_POINT('Origin',(9.7964034507861,-125.006875839232,-316.0364730704));
#4001=CARTESIAN_POINT('',(-181.226755576314,-125.006875839232,-316.0364730704));
#4002=CARTESIAN_POINT('Origin',(-181.226755576313,-9.99999999999855,-316.0364730704));
#4003=CARTESIAN_POINT('',(-181.226755576314,-115.305155866746,-314.556647604155));
#4004=CARTESIAN_POINT('',(-181.226755576314,-120.386010971068,-313.922378578425));
#4005=CARTESIAN_POINT('Origin',(-181.226755576314,-120.386010971068,-311.422378578425));
#4006=CARTESIAN_POINT('Origin',(9.79640345078622,-95.7651461029047,-316.0364730704));
#4007=CARTESIAN_POINT('',(-181.226755576314,-95.7651461029038,-316.0364730704));
#4008=CARTESIAN_POINT('Origin',(-181.226755576313,-9.99999999999855,-316.0364730704));
#4009=CARTESIAN_POINT('',(-181.226755576314,-91.188817676924,-281.241232720913));
#4010=CARTESIAN_POINT('',(-181.226755576314,-100.386010971068,-313.922378578425));
#4011=CARTESIAN_POINT('Origin',(-181.226755576314,-100.386010971068,-311.422378578425));
#4012=CARTESIAN_POINT('Origin',(-171.226755576314,-100.386010971068,-311.422378578425));
#4013=CARTESIAN_POINT('',(-171.226755576314,-100.386010971068,-313.422378578425));
#4014=CARTESIAN_POINT('Origin',(-171.226755576314,-100.386010971068,-311.422378578425));
#4015=CARTESIAN_POINT('',(-180.726755576314,-100.386010971068,-313.422378578425));
#4016=CARTESIAN_POINT('',(-171.226755576314,-100.386010971068,-313.422378578425));
#4017=CARTESIAN_POINT('Origin',(-180.726755576314,-100.386010971068,-311.422378578425));
#4018=CARTESIAN_POINT('Origin',(-171.226755576314,-100.386010971068,-311.422378578425));
#4019=CARTESIAN_POINT('Origin',(-171.226755576314,-120.386010971068,-311.422378578425));
#4020=CARTESIAN_POINT('',(-171.226755576314,-120.386010971068,-313.422378578425));
#4021=CARTESIAN_POINT('Origin',(-171.226755576314,-120.386010971068,-311.422378578425));
#4022=CARTESIAN_POINT('',(-180.726755576314,-120.386010971068,-313.422378578425));
#4023=CARTESIAN_POINT('',(-171.226755576314,-120.386010971068,-313.422378578425));
#4024=CARTESIAN_POINT('Origin',(-180.726755576314,-120.386010971068,-311.422378578425));
#4025=CARTESIAN_POINT('Origin',(-171.226755576314,-120.386010971068,-311.422378578425));
#4026=CARTESIAN_POINT('Origin',(-31.2267412711987,-100.386010971068,-311.422378578425));
#4027=CARTESIAN_POINT('',(-31.2267412711987,-100.386010971068,-309.422378578425));
#4028=CARTESIAN_POINT('Origin',(-31.2267412711987,-100.386010971068,-311.422378578425));
#4029=CARTESIAN_POINT('',(-21.7267412711987,-100.386010971068,-309.422378578425));
#4030=CARTESIAN_POINT('',(-31.2267412711987,-100.386010971068,-309.422378578425));
#4031=CARTESIAN_POINT('Origin',(-21.7267412711987,-100.386010971068,-311.422378578425));
#4032=CARTESIAN_POINT('Origin',(-31.2267412711987,-100.386010971068,-311.422378578425));
#4033=CARTESIAN_POINT('Origin',(-31.2267412711988,-120.386010971068,-311.422378578425));
#4034=CARTESIAN_POINT('',(-31.2267412711988,-120.386010971068,-309.422378578425));
#4035=CARTESIAN_POINT('Origin',(-31.2267412711988,-120.386010971068,-311.422378578425));
#4036=CARTESIAN_POINT('',(-21.7267412711988,-120.386010971068,-309.422378578425));
#4037=CARTESIAN_POINT('',(-31.2267412711988,-120.386010971068,-309.422378578425));
#4038=CARTESIAN_POINT('Origin',(-21.7267412711988,-120.386010971068,-311.422378578425));
#4039=CARTESIAN_POINT('Origin',(-31.2267412711988,-120.386010971068,-311.422378578425));
#4040=CARTESIAN_POINT('Origin',(-180.726755576314,-120.386010971068,-311.422378578425));
#4041=CARTESIAN_POINT('',(-180.726755576314,-120.386010971068,-313.422378578425));
#4042=CARTESIAN_POINT('Origin',(-180.726755576314,-100.386010971068,-311.422378578425));
#4043=CARTESIAN_POINT('',(-180.726755576314,-100.386010971068,-313.422378578425));
#4044=CARTESIAN_POINT('Origin',(-21.7267412711988,-120.386010971068,-311.422378578425));
#4045=CARTESIAN_POINT('',(-21.7267412711988,-120.386010971068,-309.422378578425));
#4046=CARTESIAN_POINT('Origin',(-21.7267412711987,-100.386010971068,-311.422378578425));
#4047=CARTESIAN_POINT('',(-21.7267412711987,-100.386010971068,-309.422378578425));
#4048=CARTESIAN_POINT('Origin',(-16.226741270687,-106.386010971068,-315.432021535338));
#4049=CARTESIAN_POINT('',(-33.3188060504165,-106.386010971068,-286.004534187483));
#4050=CARTESIAN_POINT('',(-179.292282822092,-106.386010971068,-311.790485723228));
#4051=CARTESIAN_POINT('Origin',(-16.2267412706871,-114.386010971068,-315.432021535338));
#4052=CARTESIAN_POINT('',(-23.1612140254203,-114.386010971068,-311.790485723228));
#4053=CARTESIAN_POINT('',(-193.923489313944,-114.386010971068,-348.933105802863));
#4054=CARTESIAN_POINT('Origin',(-21.2267412711987,-91.1888176769246,-281.241232720913));
#4055=CARTESIAN_POINT('Origin',(-22.2267412711988,-115.560447540282,-311.422378578425));
#4056=CARTESIAN_POINT('Origin',(-181.226755576314,-98.4288754166279,-353.934598230942));
#4057=CARTESIAN_POINT('Origin',(-180.226755576314,-105.211574401854,-311.422378578425));
#4058=CARTESIAN_POINT('Origin',(-133.606836764725,-142.83351538316,-240.373324105764));
#4059=CARTESIAN_POINT('',(-133.744415957649,-136.911472167968,-240.518485966024));
#4060=CARTESIAN_POINT('',(-133.799755059135,-136.911472167968,-240.32057439788));
#4061=CARTESIAN_POINT('Origin',(-133.606836764725,-136.911472167968,-240.373324105764));
#4062=CARTESIAN_POINT('',(-133.799755059135,-128.411472167968,-240.32057439788));
#4063=CARTESIAN_POINT('',(-133.744415957649,-142.83351538316,-240.518485966024));
#4064=CARTESIAN_POINT('Origin',(-135.728938003238,-142.83351538316,-239.793077319041));
#4065=CARTESIAN_POINT('',(-134.355983890696,-136.911472167968,-238.338774391569));
#4066=CARTESIAN_POINT('Origin',(-135.728938003238,-136.911472167968,-239.793077319041));
#4067=CARTESIAN_POINT('',(-134.355983890696,-128.411472167968,-238.338774391569));
#4068=CARTESIAN_POINT('Origin',(-134.218688479442,-142.83351538316,-238.193344098821));
#4069=CARTESIAN_POINT('',(-134.411709432663,-136.911472167968,-238.140971285094));
#4070=CARTESIAN_POINT('Origin',(-134.218688479442,-136.911472167968,-238.193344098821));
#4071=CARTESIAN_POINT('',(-134.411709432663,-128.411472167968,-238.140971285094));
#4072=CARTESIAN_POINT('Origin',(-134.749496100799,-142.83351538316,-238.04931886107));
#4073=CARTESIAN_POINT('',(-135.003529356255,-136.911472167968,-237.808555273452));
#4074=CARTESIAN_POINT('Origin',(-134.749496100799,-136.911472167968,-238.04931886107));
#4075=CARTESIAN_POINT('',(-135.003529356255,-128.411472167968,-237.808555273452));
#4076=CARTESIAN_POINT('Origin',(-135.148691216515,-142.83351538316,-237.670976080528));
#4077=CARTESIAN_POINT('',(-135.201440924399,-136.911472167968,-237.863894374938));
#4078=CARTESIAN_POINT('Origin',(-135.148691216515,-136.911472167968,-237.670976080528));
#4079=CARTESIAN_POINT('',(-135.201440924399,-128.411472167968,-237.863894374938));
#4080=CARTESIAN_POINT('Origin',(-135.728938003238,-142.83351538316,-239.793077319041));
#4081=CARTESIAN_POINT('',(-137.18324093071,-136.911472167968,-238.420123206499));
#4082=CARTESIAN_POINT('Origin',(-135.728938003238,-136.911472167968,-239.793077319041));
#4083=CARTESIAN_POINT('',(-137.18324093071,-128.411472167968,-238.420123206499));
#4084=CARTESIAN_POINT('Origin',(-137.328671223457,-142.83351538316,-238.282827795245));
#4085=CARTESIAN_POINT('',(-137.381044037185,-136.911472167968,-238.475848748465));
#4086=CARTESIAN_POINT('Origin',(-137.328671223457,-136.911472167968,-238.282827795245));
#4087=CARTESIAN_POINT('',(-137.381044037185,-128.411472167968,-238.475848748465));
#4088=CARTESIAN_POINT('Origin',(-137.472696461209,-142.83351538316,-238.813635416602));
#4089=CARTESIAN_POINT('',(-137.713460048827,-136.911472167968,-239.067668672058));
#4090=CARTESIAN_POINT('Origin',(-137.472696461209,-136.911472167968,-238.813635416602));
#4091=CARTESIAN_POINT('',(-137.713460048827,-128.411472167968,-239.067668672058));
#4092=CARTESIAN_POINT('Origin',(-137.851039241751,-142.83351538316,-239.212830532318));
#4093=CARTESIAN_POINT('',(-137.658120947341,-136.911472167968,-239.265580240202));
#4094=CARTESIAN_POINT('Origin',(-137.851039241751,-136.911472167968,-239.212830532318));
#4095=CARTESIAN_POINT('',(-137.658120947341,-128.411472167968,-239.265580240202));
#4096=CARTESIAN_POINT('Origin',(-135.728938003238,-142.83351538316,-239.793077319041));
#4097=CARTESIAN_POINT('',(-137.10189211578,-136.911472167968,-241.247380246513));
#4098=CARTESIAN_POINT('Origin',(-135.728938003238,-136.911472167968,-239.793077319041));
#4099=CARTESIAN_POINT('',(-137.10189211578,-128.411472167968,-241.247380246513));
#4100=CARTESIAN_POINT('Origin',(-137.239187527034,-142.83351538316,-241.39281053926));
#4101=CARTESIAN_POINT('',(-137.046166573813,-136.911472167968,-241.445183352988));
#4102=CARTESIAN_POINT('Origin',(-137.239187527034,-136.911472167968,-241.39281053926));
#4103=CARTESIAN_POINT('',(-137.046166573813,-128.411472167968,-241.445183352988));
#4104=CARTESIAN_POINT('Origin',(-136.708379905677,-142.83351538316,-241.536835777012));
#4105=CARTESIAN_POINT('',(-136.454346650221,-136.911472167968,-241.77759936463));
#4106=CARTESIAN_POINT('Origin',(-136.708379905677,-136.911472167968,-241.536835777012));
#4107=CARTESIAN_POINT('',(-136.454346650221,-128.411472167968,-241.77759936463));
#4108=CARTESIAN_POINT('Origin',(-136.309184789961,-142.83351538316,-241.915178557554));
#4109=CARTESIAN_POINT('',(-136.256435082077,-136.911472167968,-241.722260263144));
#4110=CARTESIAN_POINT('Origin',(-136.309184789961,-136.911472167968,-241.915178557554));
#4111=CARTESIAN_POINT('',(-136.256435082077,-128.411472167968,-241.722260263144));
#4112=CARTESIAN_POINT('Origin',(-135.728938003238,-142.83351538316,-239.793077319041));
#4113=CARTESIAN_POINT('',(-134.274635075766,-136.911472167968,-241.166031431583));
#4114=CARTESIAN_POINT('Origin',(-135.728938003238,-136.911472167968,-239.793077319041));
#4115=CARTESIAN_POINT('',(-134.274635075766,-128.411472167968,-241.166031431583));
#4116=CARTESIAN_POINT('Origin',(-134.129204783019,-142.83351538316,-241.303326842837));
#4117=CARTESIAN_POINT('',(-134.076831969291,-136.911472167968,-241.110305889616));
#4118=CARTESIAN_POINT('Origin',(-134.129204783019,-136.911472167968,-241.303326842837));
#4119=CARTESIAN_POINT('',(-134.076831969291,-128.411472167968,-241.110305889616));
#4120=CARTESIAN_POINT('Origin',(-133.985179545267,-142.83351538316,-240.77251922148));
#4121=CARTESIAN_POINT('Origin',(-133.985179545267,-136.911472167968,-240.77251922148));
#4122=CARTESIAN_POINT('Origin',(-123.803042299398,-136.911472167968,-237.617420341993));
#4123=CARTESIAN_POINT('Origin',(-129.755757195276,-142.83351538316,-260.798044083029));
#4124=CARTESIAN_POINT('',(-129.8933363882,-136.911472167968,-260.94320594329));
#4125=CARTESIAN_POINT('',(-129.948675489686,-136.911472167968,-260.745294375145));
#4126=CARTESIAN_POINT('Origin',(-129.755757195276,-136.911472167968,-260.798044083029));
#4127=CARTESIAN_POINT('',(-129.948675489686,-128.411472167968,-260.745294375145));
#4128=CARTESIAN_POINT('',(-129.8933363882,-142.83351538316,-260.94320594329));
#4129=CARTESIAN_POINT('Origin',(-131.877858433789,-142.83351538316,-260.217797296306));
#4130=CARTESIAN_POINT('',(-130.504904321247,-136.911472167968,-258.763494368834));
#4131=CARTESIAN_POINT('Origin',(-131.877858433789,-136.911472167968,-260.217797296306));
#4132=CARTESIAN_POINT('',(-130.504904321247,-128.411472167968,-258.763494368834));
#4133=CARTESIAN_POINT('Origin',(-130.367608909993,-142.83351538316,-258.618064076087));
#4134=CARTESIAN_POINT('',(-130.560629863213,-136.911472167968,-258.565691262359));
#4135=CARTESIAN_POINT('Origin',(-130.367608909993,-136.911472167968,-258.618064076087));
#4136=CARTESIAN_POINT('',(-130.560629863213,-128.411472167968,-258.565691262359));
#4137=CARTESIAN_POINT('Origin',(-130.89841653135,-142.83351538316,-258.474038838335));
#4138=CARTESIAN_POINT('',(-131.152449786806,-136.911472167968,-258.233275250718));
#4139=CARTESIAN_POINT('Origin',(-130.89841653135,-136.911472167968,-258.474038838335));
#4140=CARTESIAN_POINT('',(-131.152449786806,-128.411472167968,-258.233275250718));
#4141=CARTESIAN_POINT('Origin',(-131.297611647066,-142.83351538316,-258.095696057793));
#4142=CARTESIAN_POINT('',(-131.35036135495,-136.911472167968,-258.288614352204));
#4143=CARTESIAN_POINT('Origin',(-131.297611647066,-136.911472167968,-258.095696057793));
#4144=CARTESIAN_POINT('',(-131.35036135495,-128.411472167968,-258.288614352204));
#4145=CARTESIAN_POINT('Origin',(-131.877858433789,-142.83351538316,-260.217797296306));
#4146=CARTESIAN_POINT('',(-133.332161361261,-136.911472167968,-258.844843183764));
#4147=CARTESIAN_POINT('Origin',(-131.877858433789,-136.911472167968,-260.217797296306));
#4148=CARTESIAN_POINT('',(-133.332161361261,-128.411472167968,-258.844843183764));
#4149=CARTESIAN_POINT('Origin',(-133.477591654008,-142.83351538316,-258.70754777251));
#4150=CARTESIAN_POINT('',(-133.529964467736,-136.911472167968,-258.900568725731));
#4151=CARTESIAN_POINT('Origin',(-133.477591654008,-136.911472167968,-258.70754777251));
#4152=CARTESIAN_POINT('',(-133.529964467736,-128.411472167968,-258.900568725731));
#4153=CARTESIAN_POINT('Origin',(-133.62161689176,-142.83351538316,-259.238355393867));
#4154=CARTESIAN_POINT('',(-133.862380479377,-136.911472167968,-259.492388649323));
#4155=CARTESIAN_POINT('Origin',(-133.62161689176,-136.911472167968,-259.238355393867));
#4156=CARTESIAN_POINT('',(-133.862380479377,-128.411472167968,-259.492388649323));
#4157=CARTESIAN_POINT('Origin',(-133.999959672302,-142.83351538316,-259.637550509584));
#4158=CARTESIAN_POINT('',(-133.807041377891,-136.911472167968,-259.690300217467));
#4159=CARTESIAN_POINT('Origin',(-133.999959672302,-136.911472167968,-259.637550509584));
#4160=CARTESIAN_POINT('',(-133.807041377891,-128.411472167968,-259.690300217467));
#4161=CARTESIAN_POINT('Origin',(-131.877858433789,-142.83351538316,-260.217797296306));
#4162=CARTESIAN_POINT('',(-133.250812546331,-136.911472167968,-261.672100223778));
#4163=CARTESIAN_POINT('Origin',(-131.877858433789,-136.911472167968,-260.217797296306));
#4164=CARTESIAN_POINT('',(-133.250812546331,-128.411472167968,-261.672100223778));
#4165=CARTESIAN_POINT('Origin',(-133.388107957585,-142.83351538316,-261.817530516526));
#4166=CARTESIAN_POINT('',(-133.195087004364,-136.911472167968,-261.869903330254));
#4167=CARTESIAN_POINT('Origin',(-133.388107957585,-136.911472167968,-261.817530516526));
#4168=CARTESIAN_POINT('',(-133.195087004364,-128.411472167968,-261.869903330254));
#4169=CARTESIAN_POINT('Origin',(-132.857300336228,-142.83351538316,-261.961555754277));
#4170=CARTESIAN_POINT('',(-132.603267080772,-136.911472167968,-262.202319341895));
#4171=CARTESIAN_POINT('Origin',(-132.857300336228,-136.911472167968,-261.961555754277));
#4172=CARTESIAN_POINT('',(-132.603267080772,-128.411472167968,-262.202319341895));
#4173=CARTESIAN_POINT('Origin',(-132.458105220512,-142.83351538316,-262.339898534819));
#4174=CARTESIAN_POINT('',(-132.405355512628,-136.911472167968,-262.146980240409));
#4175=CARTESIAN_POINT('Origin',(-132.458105220512,-136.911472167968,-262.339898534819));
#4176=CARTESIAN_POINT('',(-132.405355512628,-128.411472167968,-262.146980240409));
#4177=CARTESIAN_POINT('Origin',(-131.877858433789,-142.83351538316,-260.217797296306));
#4178=CARTESIAN_POINT('',(-130.423555506317,-136.911472167968,-261.590751408848));
#4179=CARTESIAN_POINT('Origin',(-131.877858433789,-136.911472167968,-260.217797296306));
#4180=CARTESIAN_POINT('',(-130.423555506317,-128.411472167968,-261.590751408848));
#4181=CARTESIAN_POINT('Origin',(-130.278125213569,-142.83351538316,-261.728046820102));
#4182=CARTESIAN_POINT('',(-130.225752399842,-136.911472167968,-261.535025866882));
#4183=CARTESIAN_POINT('Origin',(-130.278125213569,-136.911472167968,-261.728046820102));
#4184=CARTESIAN_POINT('',(-130.225752399841,-128.411472167968,-261.535025866882));
#4185=CARTESIAN_POINT('Origin',(-130.134099975818,-142.83351538316,-261.197239198745));
#4186=CARTESIAN_POINT('Origin',(-130.134099975818,-136.911472167968,-261.197239198745));
#4187=CARTESIAN_POINT('Origin',(-123.803042299398,-136.911472167968,-237.617420341993));
#4188=CARTESIAN_POINT('Origin',(-113.992970614507,-142.83351538316,-247.250551355263));
#4189=CARTESIAN_POINT('',(-114.130549807431,-136.911472167968,-247.395713215524));
#4190=CARTESIAN_POINT('',(-114.185888908917,-136.911472167968,-247.197801647379));
#4191=CARTESIAN_POINT('Origin',(-113.992970614507,-136.911472167968,-247.250551355263));
#4192=CARTESIAN_POINT('',(-114.185888908917,-128.411472167968,-247.197801647379));
#4193=CARTESIAN_POINT('',(-114.130549807431,-142.83351538316,-247.395713215524));
#4194=CARTESIAN_POINT('Origin',(-116.11507185302,-142.83351538316,-246.670304568541));
#4195=CARTESIAN_POINT('',(-114.742117740478,-136.911472167968,-245.216001641068));
#4196=CARTESIAN_POINT('Origin',(-116.11507185302,-136.911472167968,-246.670304568541));
#4197=CARTESIAN_POINT('',(-114.742117740478,-128.411472167968,-245.216001641068));
#4198=CARTESIAN_POINT('Origin',(-114.604822329224,-142.83351538316,-245.070571348321));
#4199=CARTESIAN_POINT('',(-114.797843282445,-136.911472167968,-245.018198534593));
#4200=CARTESIAN_POINT('Origin',(-114.604822329224,-136.911472167968,-245.070571348321));
#4201=CARTESIAN_POINT('',(-114.797843282445,-128.411472167968,-245.018198534593));
#4202=CARTESIAN_POINT('Origin',(-115.135629950581,-142.83351538316,-244.926546110569));
#4203=CARTESIAN_POINT('',(-115.389663206037,-136.911472167968,-244.685782522952));
#4204=CARTESIAN_POINT('Origin',(-115.135629950581,-136.911472167968,-244.926546110569));
#4205=CARTESIAN_POINT('',(-115.389663206037,-128.411472167968,-244.685782522952));
#4206=CARTESIAN_POINT('Origin',(-115.534825066297,-142.83351538316,-244.548203330028));
#4207=CARTESIAN_POINT('',(-115.587574774181,-136.911472167968,-244.741121624438));
#4208=CARTESIAN_POINT('Origin',(-115.534825066297,-136.911472167968,-244.548203330028));
#4209=CARTESIAN_POINT('',(-115.587574774181,-128.411472167968,-244.741121624438));
#4210=CARTESIAN_POINT('Origin',(-116.11507185302,-142.83351538316,-246.670304568541));
#4211=CARTESIAN_POINT('',(-117.569374780492,-136.911472167968,-245.297350455999));
#4212=CARTESIAN_POINT('Origin',(-116.11507185302,-136.911472167968,-246.670304568541));
#4213=CARTESIAN_POINT('',(-117.569374780492,-128.411472167968,-245.297350455999));
#4214=CARTESIAN_POINT('Origin',(-117.714805073239,-142.83351538316,-245.160055044744));
#4215=CARTESIAN_POINT('',(-117.767177886967,-136.911472167968,-245.353075997965));
#4216=CARTESIAN_POINT('Origin',(-117.714805073239,-136.911472167968,-245.160055044744));
#4217=CARTESIAN_POINT('',(-117.767177886967,-128.411472167968,-245.353075997965));
#4218=CARTESIAN_POINT('Origin',(-117.858830310991,-142.83351538316,-245.690862666101));
#4219=CARTESIAN_POINT('',(-118.099593898609,-136.911472167968,-245.944895921557));
#4220=CARTESIAN_POINT('Origin',(-117.858830310991,-136.911472167968,-245.690862666101));
#4221=CARTESIAN_POINT('',(-118.099593898609,-128.411472167968,-245.944895921557));
#4222=CARTESIAN_POINT('Origin',(-118.237173091533,-142.83351538316,-246.090057781818));
#4223=CARTESIAN_POINT('',(-118.044254797123,-136.911472167968,-246.142807489702));
#4224=CARTESIAN_POINT('Origin',(-118.237173091533,-136.911472167968,-246.090057781818));
#4225=CARTESIAN_POINT('',(-118.044254797123,-128.411472167968,-246.142807489702));
#4226=CARTESIAN_POINT('Origin',(-116.11507185302,-142.83351538316,-246.670304568541));
#4227=CARTESIAN_POINT('',(-117.488025965562,-136.911472167968,-248.124607496013));
#4228=CARTESIAN_POINT('Origin',(-116.11507185302,-136.911472167968,-246.670304568541));
#4229=CARTESIAN_POINT('',(-117.488025965562,-128.411472167968,-248.124607496013));
#4230=CARTESIAN_POINT('Origin',(-117.625321376816,-142.83351538316,-248.27003778876));
#4231=CARTESIAN_POINT('',(-117.432300423595,-136.911472167968,-248.322410602488));
#4232=CARTESIAN_POINT('Origin',(-117.625321376816,-136.911472167968,-248.27003778876));
#4233=CARTESIAN_POINT('',(-117.432300423595,-128.411472167968,-248.322410602488));
#4234=CARTESIAN_POINT('Origin',(-117.094513755459,-142.83351538316,-248.414063026512));
#4235=CARTESIAN_POINT('',(-116.840480500003,-136.911472167968,-248.654826614129));
#4236=CARTESIAN_POINT('Origin',(-117.094513755459,-136.911472167968,-248.414063026512));
#4237=CARTESIAN_POINT('',(-116.840480500003,-128.411472167968,-248.654826614129));
#4238=CARTESIAN_POINT('Origin',(-116.695318639743,-142.83351538316,-248.792405807054));
#4239=CARTESIAN_POINT('',(-116.642568931859,-136.911472167968,-248.599487512643));
#4240=CARTESIAN_POINT('Origin',(-116.695318639743,-136.911472167968,-248.792405807054));
#4241=CARTESIAN_POINT('',(-116.642568931859,-128.411472167968,-248.599487512643));
#4242=CARTESIAN_POINT('Origin',(-116.11507185302,-142.83351538316,-246.670304568541));
#4243=CARTESIAN_POINT('',(-114.660768925548,-136.911472167968,-248.043258681083));
#4244=CARTESIAN_POINT('Origin',(-116.11507185302,-136.911472167968,-246.670304568541));
#4245=CARTESIAN_POINT('',(-114.660768925548,-128.411472167968,-248.043258681083));
#4246=CARTESIAN_POINT('Origin',(-114.515338632801,-142.83351538316,-248.180554092337));
#4247=CARTESIAN_POINT('',(-114.462965819073,-136.911472167968,-247.987533139116));
#4248=CARTESIAN_POINT('Origin',(-114.515338632801,-136.911472167968,-248.180554092337));
#4249=CARTESIAN_POINT('',(-114.462965819073,-128.411472167968,-247.987533139116));
#4250=CARTESIAN_POINT('Origin',(-114.371313395049,-142.83351538316,-247.64974647098));
#4251=CARTESIAN_POINT('Origin',(-114.371313395049,-136.911472167968,-247.64974647098));
#4252=CARTESIAN_POINT('Origin',(-123.803042299398,-136.911472167968,-237.617420341993));
#4253=CARTESIAN_POINT('Origin',(-125.683862194068,-139.411495260619,-260.68594936858));
#4254=CARTESIAN_POINT('',(-125.683862194068,-139.911470260619,-262.78594936858));
#4255=CARTESIAN_POINT('',(-125.683862194068,-139.911470260619,-258.58594936858));
#4256=CARTESIAN_POINT('Origin',(-125.683862194068,-139.911470260619,-260.68594936858));
#4257=CARTESIAN_POINT('',(-125.683862194068,-139.411495260619,-258.58594936858));
#4258=CARTESIAN_POINT('Origin',(-125.683862194068,-139.911470260619,-260.68594936858));
#4259=CARTESIAN_POINT('Origin',(-118.806634943153,-139.411495260619,-241.072083218863));
#4260=CARTESIAN_POINT('',(-118.806634943153,-139.911470260619,-243.172083218863));
#4261=CARTESIAN_POINT('',(-118.806634943153,-139.911470260619,-238.972083218863));
#4262=CARTESIAN_POINT('Origin',(-118.806634943153,-139.911470260619,-241.072083218863));
#4263=CARTESIAN_POINT('',(-118.806634943153,-139.411495260619,-238.972083218863));
#4264=CARTESIAN_POINT('Origin',(-118.806634943153,-139.911470260619,-241.072083218863));
#4265=CARTESIAN_POINT('Origin',(-137.00793309546,-139.411495260619,-256.715380363984));
#4266=CARTESIAN_POINT('',(-137.00793309546,-139.911470260619,-258.815380363984));
#4267=CARTESIAN_POINT('',(-137.00793309546,-139.911470260619,-254.615380363984));
#4268=CARTESIAN_POINT('Origin',(-137.00793309546,-139.911470260619,-256.715380363984));
#4269=CARTESIAN_POINT('',(-137.00793309546,-139.411495260619,-254.615380363984));
#4270=CARTESIAN_POINT('Origin',(-137.00793309546,-139.911470260619,-256.715380363984));
#4271=CARTESIAN_POINT('Origin',(-139.231354920698,-139.411495260619,-244.923162786828));
#4272=CARTESIAN_POINT('',(-139.231354920698,-139.911470260619,-247.023162786828));
#4273=CARTESIAN_POINT('',(-139.231354920698,-139.911470260619,-242.823162786828));
#4274=CARTESIAN_POINT('Origin',(-139.231354920698,-139.911470260619,-244.923162786828));
#4275=CARTESIAN_POINT('',(-139.231354920698,-139.411495260619,-242.823162786828));
#4276=CARTESIAN_POINT('Origin',(-139.231354920698,-139.911470260619,-244.923162786828));
#4277=CARTESIAN_POINT('Origin',(-130.130705844545,-139.411495260619,-237.101514214268));
#4278=CARTESIAN_POINT('',(-130.130705844545,-139.911470260619,-239.201514214268));
#4279=CARTESIAN_POINT('',(-130.130705844545,-139.911470260619,-235.001514214268));
#4280=CARTESIAN_POINT('Origin',(-130.130705844545,-139.911470260619,-237.101514214268));
#4281=CARTESIAN_POINT('',(-130.130705844545,-139.411495260619,-235.001514214268));
#4282=CARTESIAN_POINT('Origin',(-130.130705844545,-139.911470260619,-237.101514214268));
#4283=CARTESIAN_POINT('Origin',(-116.583213117915,-139.411495260619,-252.864300796019));
#4284=CARTESIAN_POINT('',(-116.583213117915,-139.911470260619,-254.964300796019));
#4285=CARTESIAN_POINT('',(-116.583213117915,-139.911470260619,-250.764300796019));
#4286=CARTESIAN_POINT('Origin',(-116.583213117915,-139.911470260619,-252.864300796019));
#4287=CARTESIAN_POINT('',(-116.583213117915,-139.411495260619,-250.764300796019));
#4288=CARTESIAN_POINT('Origin',(-116.583213117915,-139.911470260619,-252.864300796019));
#4289=CARTESIAN_POINT('Origin',(-137.00793309546,-142.411470260619,-256.715380363984));
#4290=CARTESIAN_POINT('',(-137.00793309546,-142.411470260619,-261.315380363984));
#4291=CARTESIAN_POINT('Origin',(-125.683862194068,-142.411470260619,-260.68594936858));
#4292=CARTESIAN_POINT('',(-125.683862194068,-142.411470260619,-265.28594936858));
#4293=CARTESIAN_POINT('Origin',(-116.583213117915,-142.411470260619,-252.864300796019));
#4294=CARTESIAN_POINT('',(-116.583213117915,-142.411470260619,-257.464300796019));
#4295=CARTESIAN_POINT('Origin',(-118.806634943153,-142.411470260619,-241.072083218863));
#4296=CARTESIAN_POINT('',(-118.806634943153,-142.411470260619,-245.672083218863));
#4297=CARTESIAN_POINT('Origin',(-130.130705844545,-142.411470260619,-237.101514214268));
#4298=CARTESIAN_POINT('',(-130.130705844545,-142.411470260619,-241.701514214268));
#4299=CARTESIAN_POINT('Origin',(-139.231354920698,-142.411470260619,-244.923162786828));
#4300=CARTESIAN_POINT('',(-139.231354920698,-142.411470260619,-249.523162786828));
#4301=CARTESIAN_POINT('Origin',(-16.2267412706872,-142.411470260619,-302.797386207819));
#4302=CARTESIAN_POINT('',(0.,0.,0.));
#4303=UNCERTAINTY_MEASURE_WITH_UNIT(LENGTH_MEASURE(0.01),#4309,
'DISTANCE_ACCURACY_VALUE',
'Maximum model space distance between geometric entities at asserted c
onnectivities');
#4304=UNCERTAINTY_MEASURE_WITH_UNIT(LENGTH_MEASURE(0.01),#4309,
'DISTANCE_ACCURACY_VALUE',
'Maximum model space distance between geometric entities at asserted c
onnectivities');
#4305=UNCERTAINTY_MEASURE_WITH_UNIT(LENGTH_MEASURE(0.01),#4309,
'DISTANCE_ACCURACY_VALUE',
'Maximum model space distance between geometric entities at asserted c
onnectivities');
#4306=(
GEOMETRIC_REPRESENTATION_CONTEXT(3)
GLOBAL_UNCERTAINTY_ASSIGNED_CONTEXT((#4303))
GLOBAL_UNIT_ASSIGNED_CONTEXT((#4309,#4311,#4312))
REPRESENTATION_CONTEXT('','3D')
);
#4307=(
GEOMETRIC_REPRESENTATION_CONTEXT(3)
GLOBAL_UNCERTAINTY_ASSIGNED_CONTEXT((#4304))
GLOBAL_UNIT_ASSIGNED_CONTEXT((#4309,#4311,#4312))
REPRESENTATION_CONTEXT('','3D')
);
#4308=(
GEOMETRIC_REPRESENTATION_CONTEXT(3)
GLOBAL_UNCERTAINTY_ASSIGNED_CONTEXT((#4305))
GLOBAL_UNIT_ASSIGNED_CONTEXT((#4309,#4311,#4312))
REPRESENTATION_CONTEXT('','3D')
);
#4309=(
LENGTH_UNIT()
NAMED_UNIT(*)
SI_UNIT(.MILLI.,.METRE.)
);
#4310=(
LENGTH_UNIT()
NAMED_UNIT(*)
SI_UNIT($,.METRE.)
);
#4311=(
NAMED_UNIT(*)
PLANE_ANGLE_UNIT()
SI_UNIT($,.RADIAN.)
);
#4312=(
NAMED_UNIT(*)
SI_UNIT($,.STERADIAN.)
SOLID_ANGLE_UNIT()
);
#4313=SHAPE_DEFINITION_REPRESENTATION(#4315,#4318);
#4314=SHAPE_DEFINITION_REPRESENTATION(#4316,#4319);
#4315=PRODUCT_DEFINITION_SHAPE('',$,#4321);
#4316=PRODUCT_DEFINITION_SHAPE('',$,#4322);
#4317=PRODUCT_DEFINITION_SHAPE($,$,#14);
#4318=SHAPE_REPRESENTATION('',(#2473,#2769),#4306);
#4319=SHAPE_REPRESENTATION('',(#2474),#4307);
#4320=PRODUCT_DEFINITION_CONTEXT('part definition',#4328,'design');
#4321=PRODUCT_DEFINITION('Leg (right)','Leg (right) v74',#4323,#4320);
#4322=PRODUCT_DEFINITION('Foot','Foot',#4324,#4320);
#4323=PRODUCT_DEFINITION_FORMATION('',$,#4330);
#4324=PRODUCT_DEFINITION_FORMATION('',$,#4331);
#4325=PRODUCT_RELATED_PRODUCT_CATEGORY('Leg (right) v74',
'Leg (right) v74',(#4330));
#4326=PRODUCT_RELATED_PRODUCT_CATEGORY('Foot','Foot',(#4331));
#4327=APPLICATION_PROTOCOL_DEFINITION('international standard',
'automotive_design',2009,#4328);
#4328=APPLICATION_CONTEXT(
'Core Data for Automotive Mechanical Design Process');
#4329=PRODUCT_CONTEXT('part definition',#4328,'mechanical');
#4330=PRODUCT('Leg (right)','Leg (right) v74',$,(#4329));
#4331=PRODUCT('Foot','Foot',$,(#4329));
#4332=PRESENTATION_STYLE_ASSIGNMENT((#4338));
#4333=PRESENTATION_STYLE_ASSIGNMENT((#4339));
#4334=PRESENTATION_STYLE_ASSIGNMENT((#4340));
#4335=PRESENTATION_STYLE_ASSIGNMENT((#4341));
#4336=PRESENTATION_STYLE_ASSIGNMENT((#4342));
#4337=PRESENTATION_STYLE_ASSIGNMENT((#4343));
#4338=SURFACE_STYLE_USAGE(.BOTH.,#4344);
#4339=SURFACE_STYLE_USAGE(.BOTH.,#4345);
#4340=SURFACE_STYLE_USAGE(.BOTH.,#4346);
#4341=SURFACE_STYLE_USAGE(.BOTH.,#4347);
#4342=SURFACE_STYLE_USAGE(.BOTH.,#4348);
#4343=SURFACE_STYLE_USAGE(.BOTH.,#4349);
#4344=SURFACE_SIDE_STYLE('',(#4350));
#4345=SURFACE_SIDE_STYLE('',(#4351));
#4346=SURFACE_SIDE_STYLE('',(#4352));
#4347=SURFACE_SIDE_STYLE('',(#4353));
#4348=SURFACE_SIDE_STYLE('',(#4354));
#4349=SURFACE_SIDE_STYLE('',(#4355));
#4350=SURFACE_STYLE_FILL_AREA(#4356);
#4351=SURFACE_STYLE_FILL_AREA(#4357);
#4352=SURFACE_STYLE_FILL_AREA(#4358);
#4353=SURFACE_STYLE_FILL_AREA(#4359);
#4354=SURFACE_STYLE_FILL_AREA(#4360);
#4355=SURFACE_STYLE_FILL_AREA(#4361);
#4356=FILL_AREA_STYLE('Steel - Satin',(#4362));
#4357=FILL_AREA_STYLE('Plate',(#4363));
#4358=FILL_AREA_STYLE('ABS (White)',(#4364));
#4359=FILL_AREA_STYLE('Aluminum - Satin',(#4365));
#4360=FILL_AREA_STYLE('ABS (White) (1)',(#4366));
#4361=FILL_AREA_STYLE('Rubber - Soft',(#4367));
#4362=FILL_AREA_STYLE_COLOUR('Steel - Satin',#4368);
#4363=FILL_AREA_STYLE_COLOUR('Plate',#4369);
#4364=FILL_AREA_STYLE_COLOUR('ABS (White)',#4370);
#4365=FILL_AREA_STYLE_COLOUR('Aluminum - Satin',#4371);
#4366=FILL_AREA_STYLE_COLOUR('ABS (White) (1)',#4372);
#4367=FILL_AREA_STYLE_COLOUR('Rubber - Soft',#4373);
#4368=COLOUR_RGB('Steel - Satin',0.627450980392157,0.627450980392157,0.627450980392157);
#4369=COLOUR_RGB('Plate',0.6,0.6,0.6);
#4370=COLOUR_RGB('ABS (White)',0.964705882352941,0.964705882352941,0.952941176470588);
#4371=COLOUR_RGB('Aluminum - Satin',0.96078431372549,0.96078431372549,0.964705882352941);
#4372=COLOUR_RGB('ABS (White) (1)',0.905882352941176,0.262745098039216,
0.184313725490196);
#4373=COLOUR_RGB('Rubber - Soft',0.152941176470588,0.152941176470588,0.152941176470588);
ENDSEC;
END-ISO-10303-21;
