ISO-10303-21;
HEADER;
/* Generated by software containing ST-Developer
 * from STEP Tools, Inc. (www.steptools.com) 
 */

FILE_DESCRIPTION(
/* description */ (''),
/* implementation_level */ '2;1');

FILE_NAME(
/* name */ 'OuterAccent.step',
/* time_stamp */ '2026-08-13T12:53:08-04:00',
/* author */ (''),
/* organization */ (''),
/* preprocessor_version */ 'ST-DEVELOPER v20.1',
/* originating_system */ 'Autodesk Translation Framework v15.8.0.0',
/* authorisation */ '');

FILE_SCHEMA (('AUTOMOTIVE_DESIGN { 1 0 10303 214 3 1 1 }'));
ENDSEC;

DATA;
#10=MECHANICAL_DESIGN_GEOMETRIC_PRESENTATION_REPRESENTATION('',(#17),#3307);
#11=ITEM_DEFINED_TRANSFORMATION($,$,#556,#609);
#12=(
REPRESENTATION_RELATIONSHIP($,$,#3318,#3317)
REPRESENTATION_RELATIONSHIP_WITH_TRANSFORMATION(#11)
SHAPE_REPRESENTATION_RELATIONSHIP()
);
#13=CONTEXT_DEPENDENT_SHAPE_REPRESENTATION(#12,#3316);
#14=NEXT_ASSEMBLY_USAGE_OCCURRENCE('Foot:1','Foot:1','Foot:1',#3320,#3321,
'Foot:1');
#15=SHAPE_REPRESENTATION_RELATIONSHIP('SRR','None',#3318,#16);
#16=ADVANCED_BREP_SHAPE_REPRESENTATION('',(#18),#3306);
#17=STYLED_ITEM('',(#3335),#18);
#18=MANIFOLD_SOLID_BREP('AnkleOuterAccent',#542);
#19=FACE_BOUND('',#120,.T.);
#20=FACE_BOUND('',#121,.T.);
#21=FACE_BOUND('',#122,.T.);
#22=FACE_BOUND('',#126,.T.);
#23=FACE_BOUND('',#127,.T.);
#24=FACE_BOUND('',#128,.T.);
#25=TOROIDAL_SURFACE('',#578,15.5000425553607,2.00002031256369);
#26=TOROIDAL_SURFACE('',#582,26.4999876257119,2.00001239770009);
#27=TOROIDAL_SURFACE('',#586,13.0000205144387,1.99999531067663);
#28=CIRCLE('',#566,12.0000011455548);
#29=CIRCLE('',#568,12.0000011455541);
#30=CIRCLE('',#570,1.59999999999999);
#31=CIRCLE('',#571,1.59999999999999);
#32=CIRCLE('',#573,17.5001864544692);
#33=CIRCLE('',#574,17.5001864544687);
#34=CIRCLE('',#576,28.5000067973465);
#35=CIRCLE('',#577,28.5000067973466);
#36=CIRCLE('',#579,2.00002031251633);
#37=CIRCLE('',#580,17.5000628668377);
#38=CIRCLE('',#581,2.00002031256371);
#39=CIRCLE('',#583,26.5000024628435);
#40=CIRCLE('',#584,2.00000885138288);
#41=CIRCLE('',#585,2.00001594401733);
#42=CIRCLE('',#587,1.99999531067997);
#43=CIRCLE('',#588,13.003201375546);
#44=CIRCLE('',#589,15.0000158250776);
#45=CIRCLE('',#591,29.5000212392312);
#46=CIRCLE('',#592,29.5000212392312);
#47=CIRCLE('',#595,1.59999889089125);
#48=CIRCLE('',#596,1.59999889089125);
#49=CIRCLE('',#598,1.59999973552657);
#50=CIRCLE('',#599,1.59999973552657);
#51=B_SPLINE_SURFACE_WITH_KNOTS('',5,5,((#991,#992,#993,#994,#995,#996,
#997,#998,#999,#1000,#1001,#1002,#1003,#1004,#1005,#1006,#1007,#1008,#1009,
#1010,#1011,#1012,#1013,#1014,#1015,#1016,#1017,#1018,#1019,#1020,#1021,
#1022,#1023,#1024,#1025,#1026,#1027,#1028,#1029,#1030,#1031,#1032,#1033,
#1034,#1035,#1036,#1037,#1038,#1039,#1040,#1041,#1042,#1043,#1044,#1045,
#1046,#1047),(#1048,#1049,#1050,#1051,#1052,#1053,#1054,#1055,#1056,#1057,
#1058,#1059,#1060,#1061,#1062,#1063,#1064,#1065,#1066,#1067,#1068,#1069,
#1070,#1071,#1072,#1073,#1074,#1075,#1076,#1077,#1078,#1079,#1080,#1081,
#1082,#1083,#1084,#1085,#1086,#1087,#1088,#1089,#1090,#1091,#1092,#1093,
#1094,#1095,#1096,#1097,#1098,#1099,#1100,#1101,#1102,#1103,#1104),(#1105,
#1106,#1107,#1108,#1109,#1110,#1111,#1112,#1113,#1114,#1115,#1116,#1117,
#1118,#1119,#1120,#1121,#1122,#1123,#1124,#1125,#1126,#1127,#1128,#1129,
#1130,#1131,#1132,#1133,#1134,#1135,#1136,#1137,#1138,#1139,#1140,#1141,
#1142,#1143,#1144,#1145,#1146,#1147,#1148,#1149,#1150,#1151,#1152,#1153,
#1154,#1155,#1156,#1157,#1158,#1159,#1160,#1161),(#1162,#1163,#1164,#1165,
#1166,#1167,#1168,#1169,#1170,#1171,#1172,#1173,#1174,#1175,#1176,#1177,
#1178,#1179,#1180,#1181,#1182,#1183,#1184,#1185,#1186,#1187,#1188,#1189,
#1190,#1191,#1192,#1193,#1194,#1195,#1196,#1197,#1198,#1199,#1200,#1201,
#1202,#1203,#1204,#1205,#1206,#1207,#1208,#1209,#1210,#1211,#1212,#1213,
#1214,#1215,#1216,#1217,#1218),(#1219,#1220,#1221,#1222,#1223,#1224,#1225,
#1226,#1227,#1228,#1229,#1230,#1231,#1232,#1233,#1234,#1235,#1236,#1237,
#1238,#1239,#1240,#1241,#1242,#1243,#1244,#1245,#1246,#1247,#1248,#1249,
#1250,#1251,#1252,#1253,#1254,#1255,#1256,#1257,#1258,#1259,#1260,#1261,
#1262,#1263,#1264,#1265,#1266,#1267,#1268,#1269,#1270,#1271,#1272,#1273,
#1274,#1275),(#1276,#1277,#1278,#1279,#1280,#1281,#1282,#1283,#1284,#1285,
#1286,#1287,#1288,#1289,#1290,#1291,#1292,#1293,#1294,#1295,#1296,#1297,
#1298,#1299,#1300,#1301,#1302,#1303,#1304,#1305,#1306,#1307,#1308,#1309,
#1310,#1311,#1312,#1313,#1314,#1315,#1316,#1317,#1318,#1319,#1320,#1321,
#1322,#1323,#1324,#1325,#1326,#1327,#1328,#1329,#1330,#1331,#1332),(#1333,
#1334,#1335,#1336,#1337,#1338,#1339,#1340,#1341,#1342,#1343,#1344,#1345,
#1346,#1347,#1348,#1349,#1350,#1351,#1352,#1353,#1354,#1355,#1356,#1357,
#1358,#1359,#1360,#1361,#1362,#1363,#1364,#1365,#1366,#1367,#1368,#1369,
#1370,#1371,#1372,#1373,#1374,#1375,#1376,#1377,#1378,#1379,#1380,#1381,
#1382,#1383,#1384,#1385,#1386,#1387,#1388,#1389),(#1390,#1391,#1392,#1393,
#1394,#1395,#1396,#1397,#1398,#1399,#1400,#1401,#1402,#1403,#1404,#1405,
#1406,#1407,#1408,#1409,#1410,#1411,#1412,#1413,#1414,#1415,#1416,#1417,
#1418,#1419,#1420,#1421,#1422,#1423,#1424,#1425,#1426,#1427,#1428,#1429,
#1430,#1431,#1432,#1433,#1434,#1435,#1436,#1437,#1438,#1439,#1440,#1441,
#1442,#1443,#1444,#1445,#1446),(#1447,#1448,#1449,#1450,#1451,#1452,#1453,
#1454,#1455,#1456,#1457,#1458,#1459,#1460,#1461,#1462,#1463,#1464,#1465,
#1466,#1467,#1468,#1469,#1470,#1471,#1472,#1473,#1474,#1475,#1476,#1477,
#1478,#1479,#1480,#1481,#1482,#1483,#1484,#1485,#1486,#1487,#1488,#1489,
#1490,#1491,#1492,#1493,#1494,#1495,#1496,#1497,#1498,#1499,#1500,#1501,
#1502,#1503),(#1504,#1505,#1506,#1507,#1508,#1509,#1510,#1511,#1512,#1513,
#1514,#1515,#1516,#1517,#1518,#1519,#1520,#1521,#1522,#1523,#1524,#1525,
#1526,#1527,#1528,#1529,#1530,#1531,#1532,#1533,#1534,#1535,#1536,#1537,
#1538,#1539,#1540,#1541,#1542,#1543,#1544,#1545,#1546,#1547,#1548,#1549,
#1550,#1551,#1552,#1553,#1554,#1555,#1556,#1557,#1558,#1559,#1560),(#1561,
#1562,#1563,#1564,#1565,#1566,#1567,#1568,#1569,#1570,#1571,#1572,#1573,
#1574,#1575,#1576,#1577,#1578,#1579,#1580,#1581,#1582,#1583,#1584,#1585,
#1586,#1587,#1588,#1589,#1590,#1591,#1592,#1593,#1594,#1595,#1596,#1597,
#1598,#1599,#1600,#1601,#1602,#1603,#1604,#1605,#1606,#1607,#1608,#1609,
#1610,#1611,#1612,#1613,#1614,#1615,#1616,#1617),(#1618,#1619,#1620,#1621,
#1622,#1623,#1624,#1625,#1626,#1627,#1628,#1629,#1630,#1631,#1632,#1633,
#1634,#1635,#1636,#1637,#1638,#1639,#1640,#1641,#1642,#1643,#1644,#1645,
#1646,#1647,#1648,#1649,#1650,#1651,#1652,#1653,#1654,#1655,#1656,#1657,
#1658,#1659,#1660,#1661,#1662,#1663,#1664,#1665,#1666,#1667,#1668,#1669,
#1670,#1671,#1672,#1673,#1674),(#1675,#1676,#1677,#1678,#1679,#1680,#1681,
#1682,#1683,#1684,#1685,#1686,#1687,#1688,#1689,#1690,#1691,#1692,#1693,
#1694,#1695,#1696,#1697,#1698,#1699,#1700,#1701,#1702,#1703,#1704,#1705,
#1706,#1707,#1708,#1709,#1710,#1711,#1712,#1713,#1714,#1715,#1716,#1717,
#1718,#1719,#1720,#1721,#1722,#1723,#1724,#1725,#1726,#1727,#1728,#1729,
#1730,#1731),(#1732,#1733,#1734,#1735,#1736,#1737,#1738,#1739,#1740,#1741,
#1742,#1743,#1744,#1745,#1746,#1747,#1748,#1749,#1750,#1751,#1752,#1753,
#1754,#1755,#1756,#1757,#1758,#1759,#1760,#1761,#1762,#1763,#1764,#1765,
#1766,#1767,#1768,#1769,#1770,#1771,#1772,#1773,#1774,#1775,#1776,#1777,
#1778,#1779,#1780,#1781,#1782,#1783,#1784,#1785,#1786,#1787,#1788),(#1789,
#1790,#1791,#1792,#1793,#1794,#1795,#1796,#1797,#1798,#1799,#1800,#1801,
#1802,#1803,#1804,#1805,#1806,#1807,#1808,#1809,#1810,#1811,#1812,#1813,
#1814,#1815,#1816,#1817,#1818,#1819,#1820,#1821,#1822,#1823,#1824,#1825,
#1826,#1827,#1828,#1829,#1830,#1831,#1832,#1833,#1834,#1835,#1836,#1837,
#1838,#1839,#1840,#1841,#1842,#1843,#1844,#1845),(#1846,#1847,#1848,#1849,
#1850,#1851,#1852,#1853,#1854,#1855,#1856,#1857,#1858,#1859,#1860,#1861,
#1862,#1863,#1864,#1865,#1866,#1867,#1868,#1869,#1870,#1871,#1872,#1873,
#1874,#1875,#1876,#1877,#1878,#1879,#1880,#1881,#1882,#1883,#1884,#1885,
#1886,#1887,#1888,#1889,#1890,#1891,#1892,#1893,#1894,#1895,#1896,#1897,
#1898,#1899,#1900,#1901,#1902),(#1903,#1904,#1905,#1906,#1907,#1908,#1909,
#1910,#1911,#1912,#1913,#1914,#1915,#1916,#1917,#1918,#1919,#1920,#1921,
#1922,#1923,#1924,#1925,#1926,#1927,#1928,#1929,#1930,#1931,#1932,#1933,
#1934,#1935,#1936,#1937,#1938,#1939,#1940,#1941,#1942,#1943,#1944,#1945,
#1946,#1947,#1948,#1949,#1950,#1951,#1952,#1953,#1954,#1955,#1956,#1957,
#1958,#1959),(#1960,#1961,#1962,#1963,#1964,#1965,#1966,#1967,#1968,#1969,
#1970,#1971,#1972,#1973,#1974,#1975,#1976,#1977,#1978,#1979,#1980,#1981,
#1982,#1983,#1984,#1985,#1986,#1987,#1988,#1989,#1990,#1991,#1992,#1993,
#1994,#1995,#1996,#1997,#1998,#1999,#2000,#2001,#2002,#2003,#2004,#2005,
#2006,#2007,#2008,#2009,#2010,#2011,#2012,#2013,#2014,#2015,#2016),(#2017,
#2018,#2019,#2020,#2021,#2022,#2023,#2024,#2025,#2026,#2027,#2028,#2029,
#2030,#2031,#2032,#2033,#2034,#2035,#2036,#2037,#2038,#2039,#2040,#2041,
#2042,#2043,#2044,#2045,#2046,#2047,#2048,#2049,#2050,#2051,#2052,#2053,
#2054,#2055,#2056,#2057,#2058,#2059,#2060,#2061,#2062,#2063,#2064,#2065,
#2066,#2067,#2068,#2069,#2070,#2071,#2072,#2073),(#2074,#2075,#2076,#2077,
#2078,#2079,#2080,#2081,#2082,#2083,#2084,#2085,#2086,#2087,#2088,#2089,
#2090,#2091,#2092,#2093,#2094,#2095,#2096,#2097,#2098,#2099,#2100,#2101,
#2102,#2103,#2104,#2105,#2106,#2107,#2108,#2109,#2110,#2111,#2112,#2113,
#2114,#2115,#2116,#2117,#2118,#2119,#2120,#2121,#2122,#2123,#2124,#2125,
#2126,#2127,#2128,#2129,#2130),(#2131,#2132,#2133,#2134,#2135,#2136,#2137,
#2138,#2139,#2140,#2141,#2142,#2143,#2144,#2145,#2146,#2147,#2148,#2149,
#2150,#2151,#2152,#2153,#2154,#2155,#2156,#2157,#2158,#2159,#2160,#2161,
#2162,#2163,#2164,#2165,#2166,#2167,#2168,#2169,#2170,#2171,#2172,#2173,
#2174,#2175,#2176,#2177,#2178,#2179,#2180,#2181,#2182,#2183,#2184,#2185,
#2186,#2187),(#2188,#2189,#2190,#2191,#2192,#2193,#2194,#2195,#2196,#2197,
#2198,#2199,#2200,#2201,#2202,#2203,#2204,#2205,#2206,#2207,#2208,#2209,
#2210,#2211,#2212,#2213,#2214,#2215,#2216,#2217,#2218,#2219,#2220,#2221,
#2222,#2223,#2224,#2225,#2226,#2227,#2228,#2229,#2230,#2231,#2232,#2233,
#2234,#2235,#2236,#2237,#2238,#2239,#2240,#2241,#2242,#2243,#2244),(#2245,
#2246,#2247,#2248,#2249,#2250,#2251,#2252,#2253,#2254,#2255,#2256,#2257,
#2258,#2259,#2260,#2261,#2262,#2263,#2264,#2265,#2266,#2267,#2268,#2269,
#2270,#2271,#2272,#2273,#2274,#2275,#2276,#2277,#2278,#2279,#2280,#2281,
#2282,#2283,#2284,#2285,#2286,#2287,#2288,#2289,#2290,#2291,#2292,#2293,
#2294,#2295,#2296,#2297,#2298,#2299,#2300,#2301),(#2302,#2303,#2304,#2305,
#2306,#2307,#2308,#2309,#2310,#2311,#2312,#2313,#2314,#2315,#2316,#2317,
#2318,#2319,#2320,#2321,#2322,#2323,#2324,#2325,#2326,#2327,#2328,#2329,
#2330,#2331,#2332,#2333,#2334,#2335,#2336,#2337,#2338,#2339,#2340,#2341,
#2342,#2343,#2344,#2345,#2346,#2347,#2348,#2349,#2350,#2351,#2352,#2353,
#2354,#2355,#2356,#2357,#2358),(#2359,#2360,#2361,#2362,#2363,#2364,#2365,
#2366,#2367,#2368,#2369,#2370,#2371,#2372,#2373,#2374,#2375,#2376,#2377,
#2378,#2379,#2380,#2381,#2382,#2383,#2384,#2385,#2386,#2387,#2388,#2389,
#2390,#2391,#2392,#2393,#2394,#2395,#2396,#2397,#2398,#2399,#2400,#2401,
#2402,#2403,#2404,#2405,#2406,#2407,#2408,#2409,#2410,#2411,#2412,#2413,
#2414,#2415),(#2416,#2417,#2418,#2419,#2420,#2421,#2422,#2423,#2424,#2425,
#2426,#2427,#2428,#2429,#2430,#2431,#2432,#2433,#2434,#2435,#2436,#2437,
#2438,#2439,#2440,#2441,#2442,#2443,#2444,#2445,#2446,#2447,#2448,#2449,
#2450,#2451,#2452,#2453,#2454,#2455,#2456,#2457,#2458,#2459,#2460,#2461,
#2462,#2463,#2464,#2465,#2466,#2467,#2468,#2469,#2470,#2471,#2472),(#2473,
#2474,#2475,#2476,#2477,#2478,#2479,#2480,#2481,#2482,#2483,#2484,#2485,
#2486,#2487,#2488,#2489,#2490,#2491,#2492,#2493,#2494,#2495,#2496,#2497,
#2498,#2499,#2500,#2501,#2502,#2503,#2504,#2505,#2506,#2507,#2508,#2509,
#2510,#2511,#2512,#2513,#2514,#2515,#2516,#2517,#2518,#2519,#2520,#2521,
#2522,#2523,#2524,#2525,#2526,#2527,#2528,#2529),(#2530,#2531,#2532,#2533,
#2534,#2535,#2536,#2537,#2538,#2539,#2540,#2541,#2542,#2543,#2544,#2545,
#2546,#2547,#2548,#2549,#2550,#2551,#2552,#2553,#2554,#2555,#2556,#2557,
#2558,#2559,#2560,#2561,#2562,#2563,#2564,#2565,#2566,#2567,#2568,#2569,
#2570,#2571,#2572,#2573,#2574,#2575,#2576,#2577,#2578,#2579,#2580,#2581,
#2582,#2583,#2584,#2585,#2586),(#2587,#2588,#2589,#2590,#2591,#2592,#2593,
#2594,#2595,#2596,#2597,#2598,#2599,#2600,#2601,#2602,#2603,#2604,#2605,
#2606,#2607,#2608,#2609,#2610,#2611,#2612,#2613,#2614,#2615,#2616,#2617,
#2618,#2619,#2620,#2621,#2622,#2623,#2624,#2625,#2626,#2627,#2628,#2629,
#2630,#2631,#2632,#2633,#2634,#2635,#2636,#2637,#2638,#2639,#2640,#2641,
#2642,#2643),(#2644,#2645,#2646,#2647,#2648,#2649,#2650,#2651,#2652,#2653,
#2654,#2655,#2656,#2657,#2658,#2659,#2660,#2661,#2662,#2663,#2664,#2665,
#2666,#2667,#2668,#2669,#2670,#2671,#2672,#2673,#2674,#2675,#2676,#2677,
#2678,#2679,#2680,#2681,#2682,#2683,#2684,#2685,#2686,#2687,#2688,#2689,
#2690,#2691,#2692,#2693,#2694,#2695,#2696,#2697,#2698,#2699,#2700),(#2701,
#2702,#2703,#2704,#2705,#2706,#2707,#2708,#2709,#2710,#2711,#2712,#2713,
#2714,#2715,#2716,#2717,#2718,#2719,#2720,#2721,#2722,#2723,#2724,#2725,
#2726,#2727,#2728,#2729,#2730,#2731,#2732,#2733,#2734,#2735,#2736,#2737,
#2738,#2739,#2740,#2741,#2742,#2743,#2744,#2745,#2746,#2747,#2748,#2749,
#2750,#2751,#2752,#2753,#2754,#2755,#2756,#2757),(#2758,#2759,#2760,#2761,
#2762,#2763,#2764,#2765,#2766,#2767,#2768,#2769,#2770,#2771,#2772,#2773,
#2774,#2775,#2776,#2777,#2778,#2779,#2780,#2781,#2782,#2783,#2784,#2785,
#2786,#2787,#2788,#2789,#2790,#2791,#2792,#2793,#2794,#2795,#2796,#2797,
#2798,#2799,#2800,#2801,#2802,#2803,#2804,#2805,#2806,#2807,#2808,#2809,
#2810,#2811,#2812,#2813,#2814),(#2815,#2816,#2817,#2818,#2819,#2820,#2821,
#2822,#2823,#2824,#2825,#2826,#2827,#2828,#2829,#2830,#2831,#2832,#2833,
#2834,#2835,#2836,#2837,#2838,#2839,#2840,#2841,#2842,#2843,#2844,#2845,
#2846,#2847,#2848,#2849,#2850,#2851,#2852,#2853,#2854,#2855,#2856,#2857,
#2858,#2859,#2860,#2861,#2862,#2863,#2864,#2865,#2866,#2867,#2868,#2869,
#2870,#2871)),.UNSPECIFIED.,.F.,.F.,.F.,(6,3,3,3,3,3,3,3,3,3,6),(6,3,3,
3,3,3,3,3,3,3,3,3,3,3,3,3,3,3,6),(-0.0589068485305591,-0.0026904955825317,
0.0535258573654957,0.109742210313523,0.165958563261551,0.194066739735564,
0.222174916209578,0.278391269157605,0.334607622105633,0.362715798579647,
0.39082397505366),(-0.00415982299523434,0.0613573891797065,0.126874601354647,
0.192391813529588,0.257909025704529,0.32342623787947,0.388943450054411,
0.454460662229352,0.519977874404292,0.585495086579233,0.651012298754174,
0.716529510929115,0.782046723104056,0.847563935278997,0.880322541366467,
0.913081147453937,0.945839753541408,0.978598359628878,1.04411557180382),
 .UNSPECIFIED.);
#52=ELLIPSE('',#561,2.05252576760776,2.00000393606142);
#53=CYLINDRICAL_SURFACE('',#560,2.00000348507936);
#54=CYLINDRICAL_SURFACE('',#569,1.59999999999999);
#55=CYLINDRICAL_SURFACE('',#572,17.5001864544687);
#56=CYLINDRICAL_SURFACE('',#575,28.5000067973463);
#57=CYLINDRICAL_SURFACE('',#590,29.5000212392303);
#58=CYLINDRICAL_SURFACE('',#593,12.0000011455008);
#59=CYLINDRICAL_SURFACE('',#594,1.59999889089125);
#60=CYLINDRICAL_SURFACE('',#597,1.59999973552657);
#61=CYLINDRICAL_SURFACE('',#600,15.0000051879564);
#62=CYLINDRICAL_SURFACE('',#601,2.00002468111004);
#63=CYLINDRICAL_SURFACE('',#602,2.00001594401733);
#64=CYLINDRICAL_SURFACE('',#603,2.00000885138288);
#65=FACE_OUTER_BOUND('',#94,.T.);
#66=FACE_OUTER_BOUND('',#95,.T.);
#67=FACE_OUTER_BOUND('',#96,.T.);
#68=FACE_OUTER_BOUND('',#97,.T.);
#69=FACE_OUTER_BOUND('',#98,.T.);
#70=FACE_OUTER_BOUND('',#99,.T.);
#71=FACE_OUTER_BOUND('',#100,.T.);
#72=FACE_OUTER_BOUND('',#101,.T.);
#73=FACE_OUTER_BOUND('',#102,.T.);
#74=FACE_OUTER_BOUND('',#103,.T.);
#75=FACE_OUTER_BOUND('',#104,.T.);
#76=FACE_OUTER_BOUND('',#105,.T.);
#77=FACE_OUTER_BOUND('',#106,.T.);
#78=FACE_OUTER_BOUND('',#107,.T.);
#79=FACE_OUTER_BOUND('',#108,.T.);
#80=FACE_OUTER_BOUND('',#109,.T.);
#81=FACE_OUTER_BOUND('',#110,.T.);
#82=FACE_OUTER_BOUND('',#111,.T.);
#83=FACE_OUTER_BOUND('',#112,.T.);
#84=FACE_OUTER_BOUND('',#113,.T.);
#85=FACE_OUTER_BOUND('',#114,.T.);
#86=FACE_OUTER_BOUND('',#115,.T.);
#87=FACE_OUTER_BOUND('',#116,.T.);
#88=FACE_OUTER_BOUND('',#117,.T.);
#89=FACE_OUTER_BOUND('',#118,.T.);
#90=FACE_OUTER_BOUND('',#119,.T.);
#91=FACE_OUTER_BOUND('',#123,.T.);
#92=FACE_OUTER_BOUND('',#124,.T.);
#93=FACE_OUTER_BOUND('',#125,.T.);
#94=EDGE_LOOP('',(#348,#349,#350,#351));
#95=EDGE_LOOP('',(#352,#353,#354,#355));
#96=EDGE_LOOP('',(#356,#357,#358,#359,#360));
#97=EDGE_LOOP('',(#361,#362,#363,#364));
#98=EDGE_LOOP('',(#365,#366,#367,#368,#369,#370));
#99=EDGE_LOOP('',(#371,#372,#373,#374,#375,#376,#377));
#100=EDGE_LOOP('',(#378,#379,#380,#381,#382,#383,#384));
#101=EDGE_LOOP('',(#385,#386,#387,#388,#389));
#102=EDGE_LOOP('',(#390,#391,#392,#393,#394,#395,#396));
#103=EDGE_LOOP('',(#397,#398,#399,#400,#401,#402,#403));
#104=EDGE_LOOP('',(#404,#405,#406,#407));
#105=EDGE_LOOP('',(#408,#409,#410,#411));
#106=EDGE_LOOP('',(#412,#413,#414,#415,#416,#417));
#107=EDGE_LOOP('',(#418,#419,#420,#421,#422));
#108=EDGE_LOOP('',(#423,#424,#425,#426));
#109=EDGE_LOOP('',(#427,#428,#429,#430));
#110=EDGE_LOOP('',(#431,#432,#433,#434));
#111=EDGE_LOOP('',(#435,#436,#437,#438));
#112=EDGE_LOOP('',(#439,#440,#441,#442));
#113=EDGE_LOOP('',(#443,#444,#445,#446));
#114=EDGE_LOOP('',(#447,#448,#449,#450,#451));
#115=EDGE_LOOP('',(#452,#453,#454,#455));
#116=EDGE_LOOP('',(#456,#457,#458,#459,#460));
#117=EDGE_LOOP('',(#461,#462,#463,#464,#465));
#118=EDGE_LOOP('',(#466,#467,#468,#469,#470,#471,#472,#473));
#119=EDGE_LOOP('',(#474,#475,#476,#477,#478,#479));
#120=EDGE_LOOP('',(#480));
#121=EDGE_LOOP('',(#481));
#122=EDGE_LOOP('',(#482));
#123=EDGE_LOOP('',(#483,#484,#485,#486));
#124=EDGE_LOOP('',(#487,#488,#489,#490));
#125=EDGE_LOOP('',(#491,#492,#493,#494,#495,#496));
#126=EDGE_LOOP('',(#497));
#127=EDGE_LOOP('',(#498));
#128=EDGE_LOOP('',(#499));
#129=B_SPLINE_CURVE_WITH_KNOTS('',3,(#769,#770,#771,#772,#773,#774,#775,
#776,#777,#778,#779,#780,#781,#782),.UNSPECIFIED.,.F.,.F.,(4,2,2,2,2,2,
4),(-0.375857391163051,-0.322036410412326,-0.282019095007362,-0.255354405367353,
-0.199405799071665,-0.0954464478746002,-1.27622508263431E-6),
 .UNSPECIFIED.);
#130=B_SPLINE_CURVE_WITH_KNOTS('',3,(#797,#798,#799,#800,#801,#802,#803,
#804,#805,#806,#807,#808,#809,#810,#811,#812,#813,#814,#815,#816,#817,#818,
#819,#820,#821,#822,#823,#824,#825,#826,#827,#828,#829,#830,#831,#832,#833,
#834,#835,#836,#837,#838,#839,#840,#841,#842,#843,#844,#845,#846,#847,#848,
#849,#850,#851,#852,#853,#854,#855,#856,#857,#858,#859,#860,#861,#862,#863,
#864,#865,#866,#867,#868,#869,#870,#871,#872,#873,#874,#875,#876,#877,#878,
#879,#880,#881,#882,#883,#884,#885,#886,#887,#888,#889,#890,#891,#892,#893,
#894,#895,#896,#897,#898,#899,#900,#901),.UNSPECIFIED.,.F.,.F.,(4,2,2,2,
2,2,2,2,2,2,2,1,1,1,2,2,2,2,2,2,2,2,2,2,2,1,1,2,2,2,2,2,2,2,2,2,2,2,2,2,
2,2,2,2,1,1,2,2,2,2,2,2,2,2,2,4),(0.,0.0312499999998075,0.0468749999997099,
0.0624999999996123,0.0937499999994168,0.124999999999221,0.156249999999026,
0.18749999999883,0.218749999998635,0.234374999998539,0.242187499998489,
0.246093749998465,0.248046874998454,0.249023437498451,0.249511718748452,
0.249999999998453,0.281249999998597,0.296874999998672,0.304687499998707,
0.308593749998727,0.310546874998735,0.312499999998742,0.343749999998865,
0.359374999998927,0.367187499998958,0.371093749998977,0.37304687499899,
0.374023437498993,0.374999999998996,0.406249999999051,0.437499999999106,
0.468749999999162,0.484374999999187,0.492187499999199,0.499999999999212,
0.531249999999263,0.562499999999314,0.593749999999366,0.624999999999417,
0.656249999999468,0.687499999999519,0.718749999999571,0.734374999999597,
0.742187499999612,0.746093749999617,0.748046874999617,0.74902343749962,
0.749999999999622,0.78124999999967,0.812499999999717,0.843749999999764,
0.874999999999811,0.906249999999858,0.937499999999906,0.968749999999953,
1.),.UNSPECIFIED.);
#131=B_SPLINE_CURVE_WITH_KNOTS('',3,(#907,#908,#909,#910,#911,#912,#913,
#914,#915,#916,#917,#918,#919,#920,#921,#922,#923,#924,#925,#926,#927,#928,
#929,#930,#931,#932,#933,#934,#935,#936,#937,#938,#939,#940,#941,#942,#943,
#944,#945,#946,#947,#948,#949,#950,#951,#952,#953,#954,#955,#956,#957,#958,
#959,#960,#961,#962,#963,#964,#965,#966,#967,#968,#969,#970,#971,#972,#973),
 .UNSPECIFIED.,.F.,.F.,(4,3,3,3,3,3,3,3,3,3,3,3,3,3,3,3,3,3,3,3,3,3,4),
(1.05215839824958E-7,0.0678909614909661,0.0854967060834145,0.14229429590784,
0.174965148840471,0.22683052800154,0.25,0.300559884296109,0.334747384545163,
0.359639597042174,0.420441821072675,0.489415369747732,0.5,0.583509298190994,
0.65035804359844,0.66786287382748,0.725084729758698,0.75,0.805452847557253,
0.847660196199226,0.904887993654088,0.948478934783552,1.),.UNSPECIFIED.);
#132=B_SPLINE_CURVE_WITH_KNOTS('',3,(#976,#977,#978,#979),.UNSPECIFIED.,
 .F.,.F.,(4,4),(-0.503445460893614,-0.482710710904714),.UNSPECIFIED.);
#133=B_SPLINE_CURVE_WITH_KNOTS('',3,(#2873,#2874,#2875,#2876,#2877,#2878,
#2879,#2880,#2881,#2882,#2883,#2884,#2885,#2886,#2887,#2888,#2889,#2890,
#2891,#2892,#2893,#2894,#2895,#2896,#2897,#2898,#2899,#2900,#2901,#2902,
#2903,#2904,#2905,#2906,#2907,#2908,#2909,#2910,#2911,#2912,#2913,#2914,
#2915,#2916,#2917,#2918,#2919,#2920,#2921,#2922,#2923,#2924,#2925,#2926,
#2927,#2928,#2929,#2930,#2931,#2932,#2933,#2934,#2935,#2936,#2937,#2938,
#2939,#2940,#2941,#2942,#2943,#2944,#2945,#2946,#2947,#2948,#2949,#2950,
#2951,#2952,#2953,#2954,#2955,#2956,#2957,#2958,#2959,#2960,#2961,#2962,
#2963,#2964,#2965,#2966,#2967,#2968,#2969,#2970,#2971,#2972,#2973,#2974,
#2975,#2976,#2977,#2978,#2979),.UNSPECIFIED.,.F.,.F.,(4,2,2,2,2,2,2,1,1,
1,2,2,2,2,2,2,2,1,2,2,2,2,2,2,2,1,1,2,2,2,2,2,2,2,1,1,2,2,2,2,2,2,2,2,2,
2,2,1,2,2,2,2,2,2,2,2,2,4),(1.48738623208443E-8,0.0312500000003805,0.0468750000005709,
0.0625000000007613,0.0937500000011364,0.109375000001324,0.117187500001418,
0.121093750001466,0.123046875001489,0.124023437501498,0.124511718751503,
0.125000000001508,0.156250000001545,0.187500000001582,0.218750000001618,
0.234375000001637,0.242187500001644,0.246093750001646,0.248046875001646,
0.250000000001647,0.281250000001645,0.312500000001642,0.34375000000164,
0.359375000001639,0.367187500001638,0.371093750001638,0.373046875001637,
0.374023437501637,0.375000000001637,0.406250000001641,0.437500000001645,
0.468750000001649,0.484375000001651,0.492187500001655,0.496093750001656,
0.498046875001654,0.499023437501652,0.500000000001651,0.53125000000154,
0.562500000001429,0.593750000001318,0.625000000001207,0.656250000001097,
0.687500000000986,0.718750000000875,0.73437500000082,0.742187500000792,
0.746093750000778,0.748046875000772,0.750000000000765,0.781250000000669,
0.812500000000574,0.843750000000478,0.875000000000382,0.906250000000287,
0.937500000000191,0.968750000000096,0.999998532845919),.UNSPECIFIED.);
#134=B_SPLINE_CURVE_WITH_KNOTS('',3,(#2981,#2982,#2983,#2984,#2985,#2986,
#2987,#2988,#2989,#2990,#2991,#2992,#2993,#2994,#2995,#2996,#2997,#2998,
#2999,#3000,#3001,#3002,#3003,#3004,#3005,#3006,#3007,#3008,#3009,#3010,
#3011,#3012,#3013,#3014,#3015,#3016,#3017,#3018,#3019,#3020,#3021,#3022,
#3023,#3024,#3025,#3026,#3027,#3028,#3029,#3030,#3031,#3032,#3033,#3034,
#3035,#3036,#3037,#3038,#3039,#3040,#3041,#3042,#3043,#3044,#3045,#3046,
#3047,#3048,#3049,#3050,#3051,#3052,#3053,#3054,#3055,#3056,#3057,#3058,
#3059,#3060,#3061,#3062,#3063,#3064,#3065,#3066,#3067,#3068),
 .UNSPECIFIED.,.F.,.F.,(4,3,3,3,3,3,3,3,3,3,3,3,3,3,3,3,3,3,3,3,3,3,3,3,
3,3,3,3,3,4),(0.,0.0206827684759038,0.0395984340334489,0.0584367173544766,
0.0624999999999979,0.0829583468836947,0.10552729167086,0.124999999999996,
0.156363948748957,0.176368348609549,0.203226119602408,0.214085498477097,
0.249999999999999,0.288473158218424,0.328830252514954,0.372913467507415,
0.403892632873699,0.421093522445681,0.457757036299582,0.499999999999999,
0.551250131249913,0.598291786231232,0.617270819093912,0.680275682408653,
0.734553494280468,0.741742631497841,0.849102257595201,0.873487157663654,
0.944570178372308,0.999999999910043),.UNSPECIFIED.);
#135=B_SPLINE_CURVE_WITH_KNOTS('',3,(#3069,#3070,#3071,#3072,#3073,#3074,
#3075,#3076,#3077,#3078,#3079,#3080),.UNSPECIFIED.,.F.,.F.,(4,2,2,2,2,4),
(-0.304761190096092,-0.178668900841115,-0.129324458582826,-0.0896971290776771,
-0.0483332446652934,-1.00000345504281E-6),.UNSPECIFIED.);
#136=B_SPLINE_CURVE_WITH_KNOTS('',3,(#3133,#3134,#3135,#3136,#3137,#3138,
#3139,#3140,#3141,#3142,#3143,#3144,#3145,#3146,#3147,#3148,#3149,#3150),
 .UNSPECIFIED.,.F.,.F.,(4,2,2,2,2,2,2,2,4),(0.,0.125,0.25,0.375,0.5,0.625,
0.75,0.875,1.),.UNSPECIFIED.);
#137=B_SPLINE_CURVE_WITH_KNOTS('',3,(#3166,#3167,#3168,#3169,#3170,#3171,
#3172,#3173,#3174,#3175,#3176,#3177,#3178,#3179,#3180,#3181,#3182,#3183,
#3184,#3185,#3186,#3187,#3188,#3189,#3190,#3191,#3192,#3193,#3194,#3195,
#3196,#3197,#3198,#3199,#3200,#3201,#3202,#3203,#3204,#3205,#3206,#3207,
#3208,#3209,#3210,#3211,#3212,#3213,#3214,#3215,#3216,#3217,#3218,#3219,
#3220,#3221,#3222,#3223,#3224,#3225,#3226,#3227,#3228,#3229,#3230,#3231,
#3232,#3233,#3234,#3235,#3236,#3237,#3238,#3239,#3240,#3241,#3242,#3243,
#3244,#3245,#3246,#3247,#3248,#3249,#3250,#3251,#3252,#3253,#3254,#3255,
#3256,#3257,#3258,#3259),.UNSPECIFIED.,.F.,.F.,(4,3,3,3,3,3,3,3,3,3,3,3,
3,3,3,3,3,3,3,3,3,3,3,3,3,3,3,3,3,3,3,4),(1.03859458232724E-13,0.0230643959787752,
0.0451837324153874,0.0624999999999791,0.0845147159384647,0.093749999999968,
0.109374999999962,0.118640292118401,0.124999999999955,0.170911743143818,
0.187499999999921,0.218749999999879,0.234374999999856,0.242187499999847,
0.247999795649221,0.249999999999838,0.314448171555476,0.374999999999828,
0.437499999999828,0.468749999999829,0.484374999999811,0.49218749999982,
0.498054518516364,0.49999999999983,0.56262523417033,0.625604149092087,0.689206075769266,
0.749999999999915,0.814480140273909,0.879364448774633,0.944940846377196,
0.999999751163334),.UNSPECIFIED.);
#138=B_SPLINE_CURVE_WITH_KNOTS('',3,(#3284,#3285,#3286,#3287),
 .UNSPECIFIED.,.F.,.F.,(4,4),(1.60718291167381E-6,1.),.UNSPECIFIED.);
#139=LINE('',#767,#181);
#140=LINE('',#784,#182);
#141=LINE('',#785,#183);
#142=LINE('',#788,#184);
#143=LINE('',#790,#185);
#144=LINE('',#791,#186);
#145=LINE('',#794,#187);
#146=LINE('',#796,#188);
#147=LINE('',#906,#189);
#148=LINE('',#981,#190);
#149=LINE('',#983,#191);
#150=LINE('',#984,#192);
#151=LINE('',#987,#193);
#152=LINE('',#989,#194);
#153=LINE('',#990,#195);
#154=LINE('',#3083,#196);
#155=LINE('',#3085,#197);
#156=LINE('',#3086,#198);
#157=LINE('',#3091,#199);
#158=LINE('',#3093,#200);
#159=LINE('',#3095,#201);
#160=LINE('',#3096,#202);
#161=LINE('',#3099,#203);
#162=LINE('',#3101,#204);
#163=LINE('',#3103,#205);
#164=LINE('',#3109,#206);
#165=LINE('',#3116,#207);
#166=LINE('',#3119,#208);
#167=LINE('',#3124,#209);
#168=LINE('',#3128,#210);
#169=LINE('',#3129,#211);
#170=LINE('',#3265,#212);
#171=LINE('',#3268,#213);
#172=LINE('',#3273,#214);
#173=LINE('',#3279,#215);
#174=LINE('',#3283,#216);
#175=LINE('',#3289,#217);
#176=LINE('',#3290,#218);
#177=LINE('',#3292,#219);
#178=LINE('',#3294,#220);
#179=LINE('',#3295,#221);
#180=LINE('',#3297,#222);
#181=VECTOR('',#616,1000.);
#182=VECTOR('',#617,1000.);
#183=VECTOR('',#618,1000.);
#184=VECTOR('',#621,1000.);
#185=VECTOR('',#622,1000.);
#186=VECTOR('',#623,1000.);
#187=VECTOR('',#626,1000.);
#188=VECTOR('',#627,1000.);
#189=VECTOR('',#632,1000.);
#190=VECTOR('',#635,1000.);
#191=VECTOR('',#636,1000.);
#192=VECTOR('',#637,1000.);
#193=VECTOR('',#640,10.);
#194=VECTOR('',#641,1000.);
#195=VECTOR('',#642,10.);
#196=VECTOR('',#645,1000.);
#197=VECTOR('',#646,1000.);
#198=VECTOR('',#647,10.);
#199=VECTOR('',#652,1000.);
#200=VECTOR('',#653,1000.);
#201=VECTOR('',#654,1000.);
#202=VECTOR('',#655,1000.);
#203=VECTOR('',#658,1000.);
#204=VECTOR('',#659,1000.);
#205=VECTOR('',#660,1000.);
#206=VECTOR('',#667,1.59999999999999);
#207=VECTOR('',#674,1000.);
#208=VECTOR('',#677,1000.);
#209=VECTOR('',#682,10.);
#210=VECTOR('',#685,1000.);
#211=VECTOR('',#686,10.);
#212=VECTOR('',#715,1000.);
#213=VECTOR('',#720,1000.);
#214=VECTOR('',#725,1.59999889089125);
#215=VECTOR('',#732,1.59999973552657);
#216=VECTOR('',#739,1000.);
#217=VECTOR('',#742,1000.);
#218=VECTOR('',#743,1000.);
#219=VECTOR('',#746,1000.);
#220=VECTOR('',#749,1000.);
#221=VECTOR('',#750,1000.);
#222=VECTOR('',#753,1000.);
#223=VERTEX_POINT('',#765);
#224=VERTEX_POINT('',#766);
#225=VERTEX_POINT('',#768);
#226=VERTEX_POINT('',#783);
#227=VERTEX_POINT('',#787);
#228=VERTEX_POINT('',#789);
#229=VERTEX_POINT('',#793);
#230=VERTEX_POINT('',#795);
#231=VERTEX_POINT('',#903);
#232=VERTEX_POINT('',#905);
#233=VERTEX_POINT('',#975);
#234=VERTEX_POINT('',#980);
#235=VERTEX_POINT('',#982);
#236=VERTEX_POINT('',#986);
#237=VERTEX_POINT('',#988);
#238=VERTEX_POINT('',#2872);
#239=VERTEX_POINT('',#2980);
#240=VERTEX_POINT('',#3082);
#241=VERTEX_POINT('',#3084);
#242=VERTEX_POINT('',#3088);
#243=VERTEX_POINT('',#3090);
#244=VERTEX_POINT('',#3092);
#245=VERTEX_POINT('',#3094);
#246=VERTEX_POINT('',#3098);
#247=VERTEX_POINT('',#3100);
#248=VERTEX_POINT('',#3102);
#249=VERTEX_POINT('',#3106);
#250=VERTEX_POINT('',#3108);
#251=VERTEX_POINT('',#3112);
#252=VERTEX_POINT('',#3113);
#253=VERTEX_POINT('',#3115);
#254=VERTEX_POINT('',#3117);
#255=VERTEX_POINT('',#3121);
#256=VERTEX_POINT('',#3122);
#257=VERTEX_POINT('',#3125);
#258=VERTEX_POINT('',#3127);
#259=VERTEX_POINT('',#3131);
#260=VERTEX_POINT('',#3132);
#261=VERTEX_POINT('',#3152);
#262=VERTEX_POINT('',#3156);
#263=VERTEX_POINT('',#3157);
#264=VERTEX_POINT('',#3162);
#265=VERTEX_POINT('',#3164);
#266=VERTEX_POINT('',#3262);
#267=VERTEX_POINT('',#3264);
#268=VERTEX_POINT('',#3270);
#269=VERTEX_POINT('',#3272);
#270=VERTEX_POINT('',#3276);
#271=VERTEX_POINT('',#3278);
#272=EDGE_CURVE('',#223,#224,#139,.T.);
#273=EDGE_CURVE('',#225,#224,#129,.T.);
#274=EDGE_CURVE('',#225,#226,#140,.T.);
#275=EDGE_CURVE('',#226,#223,#141,.T.);
#276=EDGE_CURVE('',#226,#227,#142,.T.);
#277=EDGE_CURVE('',#227,#228,#143,.T.);
#278=EDGE_CURVE('',#223,#228,#144,.T.);
#279=EDGE_CURVE('',#228,#229,#145,.T.);
#280=EDGE_CURVE('',#230,#229,#146,.T.);
#281=EDGE_CURVE('',#224,#230,#130,.T.);
#282=EDGE_CURVE('',#229,#231,#52,.T.);
#283=EDGE_CURVE('',#231,#232,#147,.T.);
#284=EDGE_CURVE('',#230,#232,#131,.T.);
#285=EDGE_CURVE('',#233,#225,#132,.T.);
#286=EDGE_CURVE('',#233,#234,#148,.T.);
#287=EDGE_CURVE('',#234,#235,#149,.T.);
#288=EDGE_CURVE('',#235,#227,#150,.T.);
#289=EDGE_CURVE('',#236,#235,#151,.F.);
#290=EDGE_CURVE('',#237,#236,#152,.T.);
#291=EDGE_CURVE('',#231,#237,#153,.F.);
#292=EDGE_CURVE('',#232,#238,#133,.T.);
#293=EDGE_CURVE('',#238,#239,#134,.T.);
#294=EDGE_CURVE('',#239,#233,#135,.T.);
#295=EDGE_CURVE('',#240,#239,#154,.T.);
#296=EDGE_CURVE('',#241,#240,#155,.T.);
#297=EDGE_CURVE('',#234,#241,#156,.F.);
#298=EDGE_CURVE('',#242,#237,#28,.T.);
#299=EDGE_CURVE('',#243,#242,#157,.T.);
#300=EDGE_CURVE('',#244,#243,#158,.T.);
#301=EDGE_CURVE('',#245,#244,#159,.T.);
#302=EDGE_CURVE('',#232,#245,#160,.T.);
#303=EDGE_CURVE('',#241,#246,#161,.T.);
#304=EDGE_CURVE('',#247,#246,#162,.T.);
#305=EDGE_CURVE('',#247,#248,#163,.T.);
#306=EDGE_CURVE('',#236,#248,#29,.T.);
#307=EDGE_CURVE('',#249,#249,#30,.T.);
#308=EDGE_CURVE('',#249,#250,#164,.T.);
#309=EDGE_CURVE('',#250,#250,#31,.T.);
#310=EDGE_CURVE('',#251,#252,#32,.T.);
#311=EDGE_CURVE('',#252,#253,#165,.T.);
#312=EDGE_CURVE('',#253,#254,#33,.T.);
#313=EDGE_CURVE('',#254,#251,#166,.T.);
#314=EDGE_CURVE('',#255,#256,#34,.T.);
#315=EDGE_CURVE('',#256,#244,#167,.T.);
#316=EDGE_CURVE('',#243,#257,#35,.T.);
#317=EDGE_CURVE('',#257,#258,#168,.T.);
#318=EDGE_CURVE('',#258,#255,#169,.T.);
#319=EDGE_CURVE('',#259,#260,#136,.T.);
#320=EDGE_CURVE('',#260,#252,#36,.T.);
#321=EDGE_CURVE('',#251,#261,#37,.T.);
#322=EDGE_CURVE('',#261,#259,#38,.T.);
#323=EDGE_CURVE('',#262,#263,#39,.T.);
#324=EDGE_CURVE('',#263,#256,#40,.T.);
#325=EDGE_CURVE('',#255,#262,#41,.T.);
#326=EDGE_CURVE('',#245,#264,#42,.T.);
#327=EDGE_CURVE('',#264,#265,#43,.T.);
#328=EDGE_CURVE('',#265,#240,#137,.T.);
#329=EDGE_CURVE('',#240,#245,#44,.T.);
#330=EDGE_CURVE('',#246,#266,#45,.T.);
#331=EDGE_CURVE('',#266,#267,#170,.T.);
#332=EDGE_CURVE('',#267,#247,#46,.T.);
#333=EDGE_CURVE('',#248,#242,#171,.T.);
#334=EDGE_CURVE('',#268,#268,#47,.T.);
#335=EDGE_CURVE('',#268,#269,#172,.T.);
#336=EDGE_CURVE('',#269,#269,#48,.T.);
#337=EDGE_CURVE('',#270,#270,#49,.T.);
#338=EDGE_CURVE('',#270,#271,#173,.T.);
#339=EDGE_CURVE('',#271,#271,#50,.T.);
#340=EDGE_CURVE('',#261,#240,#174,.T.);
#341=EDGE_CURVE('',#265,#259,#138,.T.);
#342=EDGE_CURVE('',#260,#262,#175,.T.);
#343=EDGE_CURVE('',#258,#252,#176,.T.);
#344=EDGE_CURVE('',#263,#264,#177,.T.);
#345=EDGE_CURVE('',#253,#257,#178,.T.);
#346=EDGE_CURVE('',#267,#254,#179,.T.);
#347=EDGE_CURVE('',#251,#266,#180,.T.);
#348=ORIENTED_EDGE('',*,*,#272,.T.);
#349=ORIENTED_EDGE('',*,*,#273,.F.);
#350=ORIENTED_EDGE('',*,*,#274,.T.);
#351=ORIENTED_EDGE('',*,*,#275,.T.);
#352=ORIENTED_EDGE('',*,*,#276,.T.);
#353=ORIENTED_EDGE('',*,*,#277,.T.);
#354=ORIENTED_EDGE('',*,*,#278,.F.);
#355=ORIENTED_EDGE('',*,*,#275,.F.);
#356=ORIENTED_EDGE('',*,*,#279,.T.);
#357=ORIENTED_EDGE('',*,*,#280,.F.);
#358=ORIENTED_EDGE('',*,*,#281,.F.);
#359=ORIENTED_EDGE('',*,*,#272,.F.);
#360=ORIENTED_EDGE('',*,*,#278,.T.);
#361=ORIENTED_EDGE('',*,*,#282,.T.);
#362=ORIENTED_EDGE('',*,*,#283,.T.);
#363=ORIENTED_EDGE('',*,*,#284,.F.);
#364=ORIENTED_EDGE('',*,*,#280,.T.);
#365=ORIENTED_EDGE('',*,*,#285,.F.);
#366=ORIENTED_EDGE('',*,*,#286,.T.);
#367=ORIENTED_EDGE('',*,*,#287,.T.);
#368=ORIENTED_EDGE('',*,*,#288,.T.);
#369=ORIENTED_EDGE('',*,*,#276,.F.);
#370=ORIENTED_EDGE('',*,*,#274,.F.);
#371=ORIENTED_EDGE('',*,*,#289,.F.);
#372=ORIENTED_EDGE('',*,*,#290,.F.);
#373=ORIENTED_EDGE('',*,*,#291,.F.);
#374=ORIENTED_EDGE('',*,*,#282,.F.);
#375=ORIENTED_EDGE('',*,*,#279,.F.);
#376=ORIENTED_EDGE('',*,*,#277,.F.);
#377=ORIENTED_EDGE('',*,*,#288,.F.);
#378=ORIENTED_EDGE('',*,*,#281,.T.);
#379=ORIENTED_EDGE('',*,*,#284,.T.);
#380=ORIENTED_EDGE('',*,*,#292,.T.);
#381=ORIENTED_EDGE('',*,*,#293,.T.);
#382=ORIENTED_EDGE('',*,*,#294,.T.);
#383=ORIENTED_EDGE('',*,*,#285,.T.);
#384=ORIENTED_EDGE('',*,*,#273,.T.);
#385=ORIENTED_EDGE('',*,*,#295,.F.);
#386=ORIENTED_EDGE('',*,*,#296,.F.);
#387=ORIENTED_EDGE('',*,*,#297,.F.);
#388=ORIENTED_EDGE('',*,*,#286,.F.);
#389=ORIENTED_EDGE('',*,*,#294,.F.);
#390=ORIENTED_EDGE('',*,*,#291,.T.);
#391=ORIENTED_EDGE('',*,*,#298,.F.);
#392=ORIENTED_EDGE('',*,*,#299,.F.);
#393=ORIENTED_EDGE('',*,*,#300,.F.);
#394=ORIENTED_EDGE('',*,*,#301,.F.);
#395=ORIENTED_EDGE('',*,*,#302,.F.);
#396=ORIENTED_EDGE('',*,*,#283,.F.);
#397=ORIENTED_EDGE('',*,*,#297,.T.);
#398=ORIENTED_EDGE('',*,*,#303,.T.);
#399=ORIENTED_EDGE('',*,*,#304,.F.);
#400=ORIENTED_EDGE('',*,*,#305,.T.);
#401=ORIENTED_EDGE('',*,*,#306,.F.);
#402=ORIENTED_EDGE('',*,*,#289,.T.);
#403=ORIENTED_EDGE('',*,*,#287,.F.);
#404=ORIENTED_EDGE('',*,*,#307,.F.);
#405=ORIENTED_EDGE('',*,*,#308,.T.);
#406=ORIENTED_EDGE('',*,*,#309,.T.);
#407=ORIENTED_EDGE('',*,*,#308,.F.);
#408=ORIENTED_EDGE('',*,*,#310,.T.);
#409=ORIENTED_EDGE('',*,*,#311,.T.);
#410=ORIENTED_EDGE('',*,*,#312,.T.);
#411=ORIENTED_EDGE('',*,*,#313,.T.);
#412=ORIENTED_EDGE('',*,*,#314,.T.);
#413=ORIENTED_EDGE('',*,*,#315,.T.);
#414=ORIENTED_EDGE('',*,*,#300,.T.);
#415=ORIENTED_EDGE('',*,*,#316,.T.);
#416=ORIENTED_EDGE('',*,*,#317,.T.);
#417=ORIENTED_EDGE('',*,*,#318,.T.);
#418=ORIENTED_EDGE('',*,*,#319,.T.);
#419=ORIENTED_EDGE('',*,*,#320,.T.);
#420=ORIENTED_EDGE('',*,*,#310,.F.);
#421=ORIENTED_EDGE('',*,*,#321,.T.);
#422=ORIENTED_EDGE('',*,*,#322,.T.);
#423=ORIENTED_EDGE('',*,*,#323,.T.);
#424=ORIENTED_EDGE('',*,*,#324,.T.);
#425=ORIENTED_EDGE('',*,*,#314,.F.);
#426=ORIENTED_EDGE('',*,*,#325,.T.);
#427=ORIENTED_EDGE('',*,*,#326,.T.);
#428=ORIENTED_EDGE('',*,*,#327,.T.);
#429=ORIENTED_EDGE('',*,*,#328,.T.);
#430=ORIENTED_EDGE('',*,*,#329,.T.);
#431=ORIENTED_EDGE('',*,*,#330,.T.);
#432=ORIENTED_EDGE('',*,*,#331,.T.);
#433=ORIENTED_EDGE('',*,*,#332,.T.);
#434=ORIENTED_EDGE('',*,*,#304,.T.);
#435=ORIENTED_EDGE('',*,*,#298,.T.);
#436=ORIENTED_EDGE('',*,*,#290,.T.);
#437=ORIENTED_EDGE('',*,*,#306,.T.);
#438=ORIENTED_EDGE('',*,*,#333,.T.);
#439=ORIENTED_EDGE('',*,*,#334,.T.);
#440=ORIENTED_EDGE('',*,*,#335,.T.);
#441=ORIENTED_EDGE('',*,*,#336,.T.);
#442=ORIENTED_EDGE('',*,*,#335,.F.);
#443=ORIENTED_EDGE('',*,*,#337,.T.);
#444=ORIENTED_EDGE('',*,*,#338,.T.);
#445=ORIENTED_EDGE('',*,*,#339,.T.);
#446=ORIENTED_EDGE('',*,*,#338,.F.);
#447=ORIENTED_EDGE('',*,*,#329,.F.);
#448=ORIENTED_EDGE('',*,*,#295,.T.);
#449=ORIENTED_EDGE('',*,*,#293,.F.);
#450=ORIENTED_EDGE('',*,*,#292,.F.);
#451=ORIENTED_EDGE('',*,*,#302,.T.);
#452=ORIENTED_EDGE('',*,*,#340,.T.);
#453=ORIENTED_EDGE('',*,*,#328,.F.);
#454=ORIENTED_EDGE('',*,*,#341,.T.);
#455=ORIENTED_EDGE('',*,*,#322,.F.);
#456=ORIENTED_EDGE('',*,*,#342,.T.);
#457=ORIENTED_EDGE('',*,*,#325,.F.);
#458=ORIENTED_EDGE('',*,*,#318,.F.);
#459=ORIENTED_EDGE('',*,*,#343,.T.);
#460=ORIENTED_EDGE('',*,*,#320,.F.);
#461=ORIENTED_EDGE('',*,*,#344,.T.);
#462=ORIENTED_EDGE('',*,*,#326,.F.);
#463=ORIENTED_EDGE('',*,*,#301,.T.);
#464=ORIENTED_EDGE('',*,*,#315,.F.);
#465=ORIENTED_EDGE('',*,*,#324,.F.);
#466=ORIENTED_EDGE('',*,*,#345,.T.);
#467=ORIENTED_EDGE('',*,*,#316,.F.);
#468=ORIENTED_EDGE('',*,*,#299,.T.);
#469=ORIENTED_EDGE('',*,*,#333,.F.);
#470=ORIENTED_EDGE('',*,*,#305,.F.);
#471=ORIENTED_EDGE('',*,*,#332,.F.);
#472=ORIENTED_EDGE('',*,*,#346,.T.);
#473=ORIENTED_EDGE('',*,*,#312,.F.);
#474=ORIENTED_EDGE('',*,*,#296,.T.);
#475=ORIENTED_EDGE('',*,*,#340,.F.);
#476=ORIENTED_EDGE('',*,*,#321,.F.);
#477=ORIENTED_EDGE('',*,*,#347,.T.);
#478=ORIENTED_EDGE('',*,*,#330,.F.);
#479=ORIENTED_EDGE('',*,*,#303,.F.);
#480=ORIENTED_EDGE('',*,*,#309,.F.);
#481=ORIENTED_EDGE('',*,*,#334,.F.);
#482=ORIENTED_EDGE('',*,*,#337,.F.);
#483=ORIENTED_EDGE('',*,*,#347,.F.);
#484=ORIENTED_EDGE('',*,*,#313,.F.);
#485=ORIENTED_EDGE('',*,*,#346,.F.);
#486=ORIENTED_EDGE('',*,*,#331,.F.);
#487=ORIENTED_EDGE('',*,*,#343,.F.);
#488=ORIENTED_EDGE('',*,*,#317,.F.);
#489=ORIENTED_EDGE('',*,*,#345,.F.);
#490=ORIENTED_EDGE('',*,*,#311,.F.);
#491=ORIENTED_EDGE('',*,*,#341,.F.);
#492=ORIENTED_EDGE('',*,*,#327,.F.);
#493=ORIENTED_EDGE('',*,*,#344,.F.);
#494=ORIENTED_EDGE('',*,*,#323,.F.);
#495=ORIENTED_EDGE('',*,*,#342,.F.);
#496=ORIENTED_EDGE('',*,*,#319,.F.);
#497=ORIENTED_EDGE('',*,*,#307,.T.);
#498=ORIENTED_EDGE('',*,*,#339,.F.);
#499=ORIENTED_EDGE('',*,*,#336,.F.);
#500=PLANE('',#557);
#501=PLANE('',#558);
#502=PLANE('',#559);
#503=PLANE('',#562);
#504=PLANE('',#563);
#505=PLANE('',#564);
#506=PLANE('',#565);
#507=PLANE('',#567);
#508=PLANE('',#604);
#509=PLANE('',#605);
#510=PLANE('',#606);
#511=PLANE('',#607);
#512=PLANE('',#608);
#513=ADVANCED_FACE('',(#65),#500,.T.);
#514=ADVANCED_FACE('',(#66),#501,.F.);
#515=ADVANCED_FACE('',(#67),#502,.T.);
#516=ADVANCED_FACE('',(#68),#53,.T.);
#517=ADVANCED_FACE('',(#69),#503,.F.);
#518=ADVANCED_FACE('',(#70),#504,.F.);
#519=ADVANCED_FACE('',(#71),#51,.F.);
#520=ADVANCED_FACE('',(#72),#505,.T.);
#521=ADVANCED_FACE('',(#73),#506,.F.);
#522=ADVANCED_FACE('',(#74),#507,.T.);
#523=ADVANCED_FACE('',(#75),#54,.F.);
#524=ADVANCED_FACE('',(#76),#55,.T.);
#525=ADVANCED_FACE('',(#77),#56,.T.);
#526=ADVANCED_FACE('',(#78),#25,.T.);
#527=ADVANCED_FACE('',(#79),#26,.T.);
#528=ADVANCED_FACE('',(#80),#27,.T.);
#529=ADVANCED_FACE('',(#81),#57,.F.);
#530=ADVANCED_FACE('',(#82),#58,.F.);
#531=ADVANCED_FACE('',(#83),#59,.F.);
#532=ADVANCED_FACE('',(#84),#60,.F.);
#533=ADVANCED_FACE('',(#85),#61,.T.);
#534=ADVANCED_FACE('',(#86),#62,.T.);
#535=ADVANCED_FACE('',(#87),#63,.T.);
#536=ADVANCED_FACE('',(#88),#64,.T.);
#537=ADVANCED_FACE('',(#89),#508,.T.);
#538=ADVANCED_FACE('',(#90,#19,#20,#21),#509,.T.);
#539=ADVANCED_FACE('',(#91),#510,.F.);
#540=ADVANCED_FACE('',(#92),#511,.T.);
#541=ADVANCED_FACE('',(#93,#22,#23,#24),#512,.F.);
#542=CLOSED_SHELL('',(#513,#514,#515,#516,#517,#518,#519,#520,#521,#522,
#523,#524,#525,#526,#527,#528,#529,#530,#531,#532,#533,#534,#535,#536,#537,
#538,#539,#540,#541));
#543=DERIVED_UNIT_ELEMENT(#545,1.);
#544=DERIVED_UNIT_ELEMENT(#3309,-3.);
#545=(
MASS_UNIT()
NAMED_UNIT(*)
SI_UNIT(.KILO.,.GRAM.)
);
#546=DERIVED_UNIT((#543,#544));
#547=MEASURE_REPRESENTATION_ITEM('density measure',
POSITIVE_RATIO_MEASURE(7850.),#546);
#548=PROPERTY_DEFINITION_REPRESENTATION(#553,#550);
#549=PROPERTY_DEFINITION_REPRESENTATION(#554,#551);
#550=REPRESENTATION('material name',(#552),#3306);
#551=REPRESENTATION('density',(#547),#3306);
#552=DESCRIPTIVE_REPRESENTATION_ITEM('Steel','Steel');
#553=PROPERTY_DEFINITION('material property','material name',#3321);
#554=PROPERTY_DEFINITION('material property','density of part',#3321);
#555=AXIS2_PLACEMENT_3D('',#762,#610,#611);
#556=AXIS2_PLACEMENT_3D('',#763,#612,#613);
#557=AXIS2_PLACEMENT_3D('',#764,#614,#615);
#558=AXIS2_PLACEMENT_3D('',#786,#619,#620);
#559=AXIS2_PLACEMENT_3D('',#792,#624,#625);
#560=AXIS2_PLACEMENT_3D('',#902,#628,#629);
#561=AXIS2_PLACEMENT_3D('',#904,#630,#631);
#562=AXIS2_PLACEMENT_3D('',#974,#633,#634);
#563=AXIS2_PLACEMENT_3D('',#985,#638,#639);
#564=AXIS2_PLACEMENT_3D('',#3081,#643,#644);
#565=AXIS2_PLACEMENT_3D('',#3087,#648,#649);
#566=AXIS2_PLACEMENT_3D('',#3089,#650,#651);
#567=AXIS2_PLACEMENT_3D('',#3097,#656,#657);
#568=AXIS2_PLACEMENT_3D('',#3104,#661,#662);
#569=AXIS2_PLACEMENT_3D('',#3105,#663,#664);
#570=AXIS2_PLACEMENT_3D('',#3107,#665,#666);
#571=AXIS2_PLACEMENT_3D('',#3110,#668,#669);
#572=AXIS2_PLACEMENT_3D('',#3111,#670,#671);
#573=AXIS2_PLACEMENT_3D('',#3114,#672,#673);
#574=AXIS2_PLACEMENT_3D('',#3118,#675,#676);
#575=AXIS2_PLACEMENT_3D('',#3120,#678,#679);
#576=AXIS2_PLACEMENT_3D('',#3123,#680,#681);
#577=AXIS2_PLACEMENT_3D('',#3126,#683,#684);
#578=AXIS2_PLACEMENT_3D('',#3130,#687,#688);
#579=AXIS2_PLACEMENT_3D('',#3151,#689,#690);
#580=AXIS2_PLACEMENT_3D('',#3153,#691,#692);
#581=AXIS2_PLACEMENT_3D('',#3154,#693,#694);
#582=AXIS2_PLACEMENT_3D('',#3155,#695,#696);
#583=AXIS2_PLACEMENT_3D('',#3158,#697,#698);
#584=AXIS2_PLACEMENT_3D('',#3159,#699,#700);
#585=AXIS2_PLACEMENT_3D('',#3160,#701,#702);
#586=AXIS2_PLACEMENT_3D('',#3161,#703,#704);
#587=AXIS2_PLACEMENT_3D('',#3163,#705,#706);
#588=AXIS2_PLACEMENT_3D('',#3165,#707,#708);
#589=AXIS2_PLACEMENT_3D('',#3260,#709,#710);
#590=AXIS2_PLACEMENT_3D('',#3261,#711,#712);
#591=AXIS2_PLACEMENT_3D('',#3263,#713,#714);
#592=AXIS2_PLACEMENT_3D('',#3266,#716,#717);
#593=AXIS2_PLACEMENT_3D('',#3267,#718,#719);
#594=AXIS2_PLACEMENT_3D('',#3269,#721,#722);
#595=AXIS2_PLACEMENT_3D('',#3271,#723,#724);
#596=AXIS2_PLACEMENT_3D('',#3274,#726,#727);
#597=AXIS2_PLACEMENT_3D('',#3275,#728,#729);
#598=AXIS2_PLACEMENT_3D('',#3277,#730,#731);
#599=AXIS2_PLACEMENT_3D('',#3280,#733,#734);
#600=AXIS2_PLACEMENT_3D('',#3281,#735,#736);
#601=AXIS2_PLACEMENT_3D('',#3282,#737,#738);
#602=AXIS2_PLACEMENT_3D('',#3288,#740,#741);
#603=AXIS2_PLACEMENT_3D('',#3291,#744,#745);
#604=AXIS2_PLACEMENT_3D('',#3293,#747,#748);
#605=AXIS2_PLACEMENT_3D('',#3296,#751,#752);
#606=AXIS2_PLACEMENT_3D('',#3298,#754,#755);
#607=AXIS2_PLACEMENT_3D('',#3299,#756,#757);
#608=AXIS2_PLACEMENT_3D('',#3300,#758,#759);
#609=AXIS2_PLACEMENT_3D('',#3301,#760,#761);
#610=DIRECTION('axis',(0.,0.,1.));
#611=DIRECTION('refdir',(1.,0.,0.));
#612=DIRECTION('axis',(0.,0.,1.));
#613=DIRECTION('refdir',(1.,0.,0.));
#614=DIRECTION('center_axis',(0.,0.,-1.));
#615=DIRECTION('ref_axis',(-4.34374758384592E-15,-1.,0.));
#616=DIRECTION('',(0.999999999999999,4.91350387134798E-8,0.));
#617=DIRECTION('',(-0.999999999999999,4.9172358872218E-8,0.));
#618=DIRECTION('',(-0.0977871221906141,0.995207354642076,0.));
#619=DIRECTION('center_axis',(0.968948469341729,0.0952069756377606,-0.228198368859709));
#620=DIRECTION('ref_axis',(-0.0977871221906142,0.995207354642076,1.04083408558608E-17));
#621=DIRECTION('',(0.247262742356561,-0.373081502889836,0.894243439139351));
#622=DIRECTION('',(-0.146847846628377,0.964086134144795,-0.221299877745906));
#623=DIRECTION('',(0.247262742356477,-0.373081455492519,0.8942434589137));
#624=DIRECTION('center_axis',(-4.53467734880266E-8,0.92290094147389,0.385037468600921));
#625=DIRECTION('ref_axis',(1.67250555426514E-15,0.385037468600921,-0.922900941473891));
#626=DIRECTION('',(0.522256279410862,-0.328355537949046,0.787039401373347));
#627=DIRECTION('',(-0.811918874609535,-0.224773465244358,0.538762127821573));
#628=DIRECTION('center_axis',(-0.811918874609533,-0.224773465244357,0.538762127821577));
#629=DIRECTION('ref_axis',(0.552910554193185,-1.30364139719341E-7,0.833240612945485));
#630=DIRECTION('center_axis',(0.833238949839352,-2.54984970436346E-7,-0.55291306049916));
#631=DIRECTION('ref_axis',(-1.38595867116211E-6,0.999999999995789,-2.54980361079258E-6));
#632=DIRECTION('',(0.811918874609535,0.224773465244358,-0.538762127821573));
#633=DIRECTION('center_axis',(4.53812157325035E-8,0.922900929980469,0.385037496149638));
#634=DIRECTION('ref_axis',(1.6725056667617E-15,0.385037496149639,-0.92290092998047));
#635=DIRECTION('',(-1.67250569359008E-15,-0.385037496149639,0.92290092998047));
#636=DIRECTION('',(-0.811918891142001,-0.224773404488694,0.538762128254488));
#637=DIRECTION('',(-0.522256265876488,0.328355608363751,-0.787039380977101));
#638=DIRECTION('center_axis',(0.833238953824832,-2.54404000131128E-7,-0.55291305449305));
#639=DIRECTION('ref_axis',(3.05319379228876E-7,0.999999999999953,-1.58818677610181E-22));
#640=DIRECTION('',(-3.49949661454567E-7,-0.999999999999936,-6.72577530381209E-8));
#641=DIRECTION('',(-0.552913054493068,2.40171474453113E-15,-0.833238953824859));
#642=DIRECTION('',(2.84059780837174E-7,0.999999999999959,-3.20381755841904E-8));
#643=DIRECTION('center_axis',(-1.,4.34374758384592E-15,0.));
#644=DIRECTION('ref_axis',(-4.34374758384592E-15,-1.,0.));
#645=DIRECTION('',(4.34374758384592E-15,0.999999999999999,4.36346258706246E-8));
#646=DIRECTION('',(0.,0.,-1.));
#647=DIRECTION('',(4.34374758384573E-15,0.999999999999955,2.99472630238599E-7));
#648=DIRECTION('center_axis',(-0.552910554193182,1.30364141785255E-7,-0.833240612945487));
#649=DIRECTION('ref_axis',(-2.35777994825006E-7,-0.999999999999972,-6.61744490042422E-23));
#650=DIRECTION('center_axis',(0.552910554193182,-1.30364141785255E-7,0.833240612945488));
#651=DIRECTION('ref_axis',(0.833240612945449,-2.54404000330915E-7,-0.552910554193196));
#652=DIRECTION('',(0.833240612945494,-3.61938689924428E-15,-0.552910554193187));
#653=DIRECTION('',(6.79153170524657E-8,0.999999999999991,1.11388048966404E-7));
#654=DIRECTION('',(-0.833240612945494,3.61938689924428E-15,0.552910554193187));
#655=DIRECTION('',(-7.20797128972242E-8,-0.999999999999991,-1.08624695406061E-7));
#656=DIRECTION('center_axis',(-0.552910569590223,2.49532757322415E-7,-0.8332406027285));
#657=DIRECTION('ref_axis',(-4.51307627393206E-7,-0.999999999999898,1.05879118406788E-22));
#658=DIRECTION('',(-0.833240602728526,3.61938685486435E-15,0.55291056959024));
#659=DIRECTION('',(-1.29998197214848E-7,-0.999999999999969,-2.13210181396465E-7));
#660=DIRECTION('',(0.833240602728526,-3.61938685486435E-15,-0.55291056959024));
#661=DIRECTION('center_axis',(-0.552910569590223,2.49532757322415E-7,-0.8332406027285));
#662=DIRECTION('ref_axis',(0.833240602728463,-2.54404000330929E-7,-0.552910569590275));
#663=DIRECTION('center_axis',(4.34374758384592E-15,1.,0.));
#664=DIRECTION('ref_axis',(0.,0.,-1.));
#665=DIRECTION('center_axis',(4.34374758384592E-15,1.,0.));
#666=DIRECTION('ref_axis',(0.,0.,-1.));
#667=DIRECTION('',(4.34374758384592E-15,1.,0.));
#668=DIRECTION('center_axis',(4.34374758384592E-15,1.,0.));
#669=DIRECTION('ref_axis',(0.,0.,-1.));
#670=DIRECTION('center_axis',(4.34374758384592E-15,1.,0.));
#671=DIRECTION('ref_axis',(-0.853810585351728,3.70873766718364E-15,0.520583791854241));
#672=DIRECTION('center_axis',(4.34374758384592E-15,1.,0.));
#673=DIRECTION('ref_axis',(-0.853810476651939,3.70873719501919E-15,0.520583970132954));
#674=DIRECTION('',(4.34374758384592E-15,1.,0.));
#675=DIRECTION('center_axis',(-4.34374758384592E-15,-1.,0.));
#676=DIRECTION('ref_axis',(-0.853810585351728,3.70873766718364E-15,0.520583791854241));
#677=DIRECTION('',(-4.34374758384592E-15,-1.,0.));
#678=DIRECTION('center_axis',(6.79153170524656E-8,0.999999999999992,1.11388048966404E-7));
#679=DIRECTION('ref_axis',(-0.853810585351729,3.70873769031522E-15,0.520583791854239));
#680=DIRECTION('center_axis',(1.74857411458538E-8,0.999999999999999,3.91521993664795E-8));
#681=DIRECTION('ref_axis',(0.552910199733448,-4.22912564366218E-8,0.833240848152992));
#682=DIRECTION('',(-3.22323845246427E-5,0.999999999248449,2.15447486641735E-5));
#683=DIRECTION('center_axis',(-4.34374758384592E-15,-1.,0.));
#684=DIRECTION('ref_axis',(0.520583791854239,-2.2612845880562E-15,0.853810585351729));
#685=DIRECTION('',(-6.79153170524657E-8,-0.999999999999991,-1.11388048966404E-7));
#686=DIRECTION('',(-3.77513672474677E-6,-0.999999999973706,-6.19161058603718E-6));
#687=DIRECTION('center_axis',(-9.08457244551866E-7,0.999999999999434,5.53902853277005E-7));
#688=DIRECTION('ref_axis',(-0.87194694117514,-5.20935468406838E-7,-0.489600379672081));
#689=DIRECTION('center_axis',(-0.520592930764947,-4.43335534077682E-6,-0.853805013113596));
#690=DIRECTION('ref_axis',(-0.853805012606143,3.75693195323663E-5,0.520592930260459));
#691=DIRECTION('center_axis',(2.3875635705232E-7,-0.99999999999995,2.09668358717585E-7));
#692=DIRECTION('ref_axis',(9.8416947372602E-7,-2.09668123740771E-7,-0.999999999999494));
#693=DIRECTION('center_axis',(-0.999999999999075,-9.92059759376667E-7,-9.30764763577377E-7));
#694=DIRECTION('ref_axis',(9.9203631878966E-7,-0.999999999682394,2.51838850780948E-5));
#695=DIRECTION('center_axis',(-4.34374758384592E-15,-1.,0.));
#696=DIRECTION('ref_axis',(0.21696493017681,-9.97252961651099E-16,0.97617939902119));
#697=DIRECTION('center_axis',(4.34374758384592E-15,1.,0.));
#698=DIRECTION('ref_axis',(0.,0.,-1.));
#699=DIRECTION('center_axis',(-0.833240612945494,3.61938689924429E-15,0.552910554193187));
#700=DIRECTION('ref_axis',(-4.34374758384593E-15,-1.,3.54987407349455E-30));
#701=DIRECTION('center_axis',(0.520583791854239,-2.2612845880562E-15,0.853810585351729));
#702=DIRECTION('ref_axis',(-4.34374758384592E-15,-1.,-1.57772181044202E-30));
#703=DIRECTION('center_axis',(9.71581524699937E-7,0.999999999999523,-9.57404394663986E-8));
#704=DIRECTION('ref_axis',(0.,9.57404394664438E-8,0.999999999999995));
#705=DIRECTION('center_axis',(0.83324041926674,3.51289662426225E-7,-0.552910846068391));
#706=DIRECTION('ref_axis',(0.000436117870766276,-0.999999689340571,0.00065659726249756));
#707=DIRECTION('center_axis',(9.71581524699937E-7,0.999999999999523,-9.57404391322701E-8));
#708=DIRECTION('ref_axis',(1.87748075027259E-22,9.57404391323153E-8,0.999999999999995));
#709=DIRECTION('center_axis',(-1.04872604640451E-6,-0.999999999999441,-1.34806325220087E-7));
#710=DIRECTION('ref_axis',(0.552911438531427,-6.92178652891792E-7,0.833240026127303));
#711=DIRECTION('center_axis',(-1.29998197214848E-7,-0.999999999999969,-2.13210181396465E-7));
#712=DIRECTION('ref_axis',(-0.853810442639945,3.7087373329732E-15,0.520584025916068));
#713=DIRECTION('center_axis',(-4.34374758384592E-15,-1.,0.));
#714=DIRECTION('ref_axis',(-0.520584025916068,2.2612856047617E-15,-0.853810442639945));
#715=DIRECTION('',(1.29998197214848E-7,0.999999999999969,2.13210181396465E-7));
#716=DIRECTION('center_axis',(4.34374758384592E-15,1.,0.));
#717=DIRECTION('ref_axis',(-0.520584025916068,2.2612856047617E-15,-0.853810442639945));
#718=DIRECTION('center_axis',(0.552913054493067,-2.40171457983031E-15,0.83323895382486));
#719=DIRECTION('ref_axis',(0.833238953824833,-2.54404000332052E-7,-0.552913054493049));
#720=DIRECTION('',(0.552913054493068,-2.40171474453113E-15,0.833238953824859));
#721=DIRECTION('center_axis',(-4.30990474804258E-15,-1.,1.65776585205242E-16));
#722=DIRECTION('ref_axis',(-1.,4.30990474804258E-15,5.61034975313911E-33));
#723=DIRECTION('center_axis',(4.30990474804258E-15,1.,0.));
#724=DIRECTION('ref_axis',(-1.,4.30990474804258E-15,0.));
#725=DIRECTION('',(-4.30990474804258E-15,-1.,1.65776585205242E-16));
#726=DIRECTION('center_axis',(-4.30990474804258E-15,-1.,0.));
#727=DIRECTION('ref_axis',(-1.,4.30990474804258E-15,0.));
#728=DIRECTION('center_axis',(-5.92510271472496E-15,-1.,2.98113644614275E-15));
#729=DIRECTION('ref_axis',(-1.,5.92510271472496E-15,-4.71423541495834E-30));
#730=DIRECTION('center_axis',(5.92510271472496E-15,1.,0.));
#731=DIRECTION('ref_axis',(-1.,5.92510271472496E-15,0.));
#732=DIRECTION('',(-5.92510271472496E-15,-1.,2.98113644614275E-15));
#733=DIRECTION('center_axis',(-5.92510271472496E-15,-1.,0.));
#734=DIRECTION('ref_axis',(-1.,5.92510271472496E-15,0.));
#735=DIRECTION('center_axis',(7.20797126586919E-8,0.999999999999992,1.08624695046591E-7));
#736=DIRECTION('ref_axis',(0.552910554193182,-1.30364141353842E-7,0.833240612945487));
#737=DIRECTION('center_axis',(-0.999999999999109,-9.08456703000457E-7,-9.78440927970079E-7));
#738=DIRECTION('ref_axis',(1.33423830625736E-6,-0.707103980495999,-0.707109581864744));
#739=DIRECTION('',(0.999999999999521,-4.34374758384384E-15,9.78412148052172E-7));
#740=DIRECTION('center_axis',(-0.520583791854239,2.2612845880562E-15,-0.853810585351729));
#741=DIRECTION('ref_axis',(-4.34374758384592E-15,-1.,-1.57772181044202E-30));
#742=DIRECTION('',(0.520583791854239,-2.2612845880562E-15,0.853810585351729));
#743=DIRECTION('',(-0.520583791854239,2.2612845880562E-15,-0.853810585351729));
#744=DIRECTION('center_axis',(-0.833240612945494,3.61938689924429E-15,0.552910554193187));
#745=DIRECTION('ref_axis',(-4.34374758384593E-15,-1.,3.54987407349455E-30));
#746=DIRECTION('',(0.833240612945494,-3.61938689924428E-15,-0.552910554193187));
#747=DIRECTION('center_axis',(4.34374758384592E-15,1.,0.));
#748=DIRECTION('ref_axis',(0.,0.,-1.));
#749=DIRECTION('',(0.520583791854239,-2.2612845880562E-15,0.853810585351729));
#750=DIRECTION('',(-0.520584025916068,2.2612856047617E-15,-0.853810442639945));
#751=DIRECTION('center_axis',(4.34374758384592E-15,1.,0.));
#752=DIRECTION('ref_axis',(0.,0.,-1.));
#753=DIRECTION('',(0.520584025916068,-2.2612856047617E-15,0.853810442639945));
#754=DIRECTION('center_axis',(-0.853810442639945,3.70873704727968E-15,0.520584025916068));
#755=DIRECTION('ref_axis',(4.34374758384592E-15,1.,-1.97215226305253E-30));
#756=DIRECTION('center_axis',(-0.853810585351729,3.70873766718365E-15,0.520583791854239));
#757=DIRECTION('ref_axis',(4.34374758384593E-15,1.,-3.15544362088405E-30));
#758=DIRECTION('center_axis',(4.34374758384592E-15,1.,0.));
#759=DIRECTION('ref_axis',(0.,0.,-1.));
#760=DIRECTION('',(0.,0.,1.));
#761=DIRECTION('',(1.,0.,0.));
#762=CARTESIAN_POINT('',(0.,0.,0.));
#763=CARTESIAN_POINT('',(0.,0.,0.));
#764=CARTESIAN_POINT('Origin',(-29.8839080123096,-83.5607632931788,-308.937694587946));
#765=CARTESIAN_POINT('',(-87.1360580658303,-82.6686431462719,-308.93769458761));
#766=CARTESIAN_POINT('',(-20.0614730088895,-82.668641986948,-308.937694455386));
#767=CARTESIAN_POINT('',(-27.7554473504838,-82.6686402281293,-308.937694587946));
#768=CARTESIAN_POINT('',(-15.3533146486363,-84.8357156593171,-308.937694587946));
#769=CARTESIAN_POINT('Ctrl Pts',(-15.3533146486369,-84.8357156593173,-308.937694587946));
#770=CARTESIAN_POINT('Ctrl Pts',(-15.413421292809,-84.6918368008369,-308.937694587946));
#771=CARTESIAN_POINT('Ctrl Pts',(-15.5275118787916,-84.4616227573973,-308.937694587946));
#772=CARTESIAN_POINT('Ctrl Pts',(-15.9115356042125,-84.0110430504062,-308.937694587946));
#773=CARTESIAN_POINT('Ctrl Pts',(-16.1040512444656,-83.8393442955991,-308.937694587695));
#774=CARTESIAN_POINT('Ctrl Pts',(-16.4433843188274,-83.5915144897617,-308.937694587695));
#775=CARTESIAN_POINT('Ctrl Pts',(-16.5846713317624,-83.5020412824285,-308.937694587945));
#776=CARTESIAN_POINT('Ctrl Pts',(-17.0416490282163,-83.2472522866921,-308.937694587945));
#777=CARTESIAN_POINT('Ctrl Pts',(-17.323476675711,-83.1372174067618,-308.937694587961));
#778=CARTESIAN_POINT('Ctrl Pts',(-17.8423661549303,-82.9527583817535,-308.937694587961));
#779=CARTESIAN_POINT('Ctrl Pts',(-18.2757918947945,-82.8262966291018,-308.937694587946));
#780=CARTESIAN_POINT('Ctrl Pts',(-19.2209722580457,-82.693416741567,-308.937694587946));
#781=CARTESIAN_POINT('Ctrl Pts',(-19.7433713026127,-82.6745216967653,-308.937694587946));
#782=CARTESIAN_POINT('Ctrl Pts',(-20.0614730446445,-82.6686439219827,-308.937694587946));
#783=CARTESIAN_POINT('',(-86.9231261187098,-84.83571213961,-308.937694588266));
#784=CARTESIAN_POINT('',(-37.8328358001068,-84.835714553946,-308.937694587946));
#785=CARTESIAN_POINT('',(-86.1530529121757,-92.6729661795659,-308.937694587946));
#786=CARTESIAN_POINT('Origin',(-79.1954888870129,-95.5726366901388,-280.605098762751));
#787=CARTESIAN_POINT('',(-71.1788615834178,-108.591389273651,-251.997432863691));
#788=CARTESIAN_POINT('',(-78.8752919426186,-96.9786579016235,-279.832125174849));
#789=CARTESIAN_POINT('',(-71.5439050335614,-106.194804395328,-252.547553772804));
#790=CARTESIAN_POINT('',(-72.4518832897677,-100.233741519624,-253.915878073828));
#791=CARTESIAN_POINT('',(-79.055036976505,-94.8616613145568,-279.71210167437));
#792=CARTESIAN_POINT('Origin',(-25.6269862925699,-89.8377326673612,-291.754010407182));
#793=CARTESIAN_POINT('',(-70.7022216316466,-106.723991779198,-251.279138184091));
#794=CARTESIAN_POINT('',(-73.8637440613015,-104.736263786169,-256.043547582079));
#795=CARTESIAN_POINT('',(-18.0834688712963,-92.1568983459466,-286.195175209285));
#796=CARTESIAN_POINT('',(-70.9647627544502,-106.796674228728,-251.104924658891));
#797=CARTESIAN_POINT('Ctrl Pts',(-20.0614728500255,-82.6686447525017,-308.937694587946));
#798=CARTESIAN_POINT('Ctrl Pts',(-19.7890597528532,-82.7147355638857,-308.819092916987));
#799=CARTESIAN_POINT('Ctrl Pts',(-19.5227084328242,-82.7640272410887,-308.691087836035));
#800=CARTESIAN_POINT('Ctrl Pts',(-19.1298244386211,-82.8469991774602,-308.482786148241));
#801=CARTESIAN_POINT('Ctrl Pts',(-18.9999389341955,-82.8764557453017,-308.41095268211));
#802=CARTESIAN_POINT('Ctrl Pts',(-18.7419775405062,-82.9411275434816,-308.265935432645));
#803=CARTESIAN_POINT('Ctrl Pts',(-18.6138872677207,-82.9763992890371,-308.192989706421));
#804=CARTESIAN_POINT('Ctrl Pts',(-18.2340527763943,-83.0809175356981,-307.965704602203));
#805=CARTESIAN_POINT('Ctrl Pts',(-17.9879104288382,-83.1439279059142,-307.7981725465));
#806=CARTESIAN_POINT('Ctrl Pts',(-17.5053502613055,-83.2834385945519,-307.451064181768));
#807=CARTESIAN_POINT('Ctrl Pts',(-17.2679661045834,-83.3627192098609,-307.273881885107));
#808=CARTESIAN_POINT('Ctrl Pts',(-16.8097370562032,-83.5196025764714,-306.899448695113));
#809=CARTESIAN_POINT('Ctrl Pts',(-16.5892781581355,-83.5962707965666,-306.700886593451));
#810=CARTESIAN_POINT('Ctrl Pts',(-16.1562825600808,-83.7677134844413,-306.292706271623));
#811=CARTESIAN_POINT('Ctrl Pts',(-15.9449894347498,-83.8586998558628,-306.081312281196));
#812=CARTESIAN_POINT('Ctrl Pts',(-15.5373952303076,-84.0409031194048,-305.639346316193));
#813=CARTESIAN_POINT('Ctrl Pts',(-15.3403628267233,-84.1350770809678,-305.410354521548));
#814=CARTESIAN_POINT('Ctrl Pts',(-15.0541465967715,-84.2872606367862,-305.056805431273));
#815=CARTESIAN_POINT('Ctrl Pts',(-14.9603918880041,-84.3393788128006,-304.93702910453));
#816=CARTESIAN_POINT('Ctrl Pts',(-14.8225794103099,-84.4162132830814,-304.752708948949));
#817=CARTESIAN_POINT('Ctrl Pts',(-14.7770941998074,-84.4416171978072,-304.690508319485));
#818=CARTESIAN_POINT('Ctrl Pts',(-14.7093871020316,-84.4795038341852,-304.596166191528));
#819=CARTESIAN_POINT('Ctrl Pts',(-14.6756621132771,-84.4983987027793,-304.548738418532));
#820=CARTESIAN_POINT('Ctrl Pts',(-14.6364994972903,-84.5204347041513,-304.493009183381));
#821=CARTESIAN_POINT('Ctrl Pts',(-14.616959308859,-84.531463184889,-304.465053313149));
#822=CARTESIAN_POINT('Ctrl Pts',(-14.6085933194756,-84.5361932494088,-304.45305350807));
#823=CARTESIAN_POINT('Ctrl Pts',(-14.6030178100605,-84.5393475717189,-304.445049573227));
#824=CARTESIAN_POINT('Ctrl Pts',(-14.5990808628674,-84.5415767120193,-304.439391821354));
#825=CARTESIAN_POINT('Ctrl Pts',(-14.4927500536817,-84.6018107393876,-304.286496695456));
#826=CARTESIAN_POINT('Ctrl Pts',(-14.3617464332798,-84.6805544017496,-304.085060643646));
#827=CARTESIAN_POINT('Ctrl Pts',(-14.1300078073683,-84.8383394885106,-303.712900104835));
#828=CARTESIAN_POINT('Ctrl Pts',(-14.0475032656075,-84.89722938834,-303.576956858555));
#829=CARTESIAN_POINT('Ctrl Pts',(-13.9186999120773,-84.9937684205528,-303.3547089255));
#830=CARTESIAN_POINT('Ctrl Pts',(-13.8748800137683,-85.0273465896049,-303.277590507419));
#831=CARTESIAN_POINT('Ctrl Pts',(-13.8083575197198,-85.0795486314392,-303.157295387991));
#832=CARTESIAN_POINT('Ctrl Pts',(-13.786056990347,-85.0972510836037,-303.116425943205));
#833=CARTESIAN_POINT('Ctrl Pts',(-13.7525617590971,-85.1241646952889,-303.053928853245));
#834=CARTESIAN_POINT('Ctrl Pts',(-13.7413899731418,-85.1331953323503,-303.03289738516));
#835=CARTESIAN_POINT('Ctrl Pts',(-13.7190647599277,-85.1513539963207,-302.990426754466));
#836=CARTESIAN_POINT('Ctrl Pts',(-13.7071026707996,-85.1611480833608,-302.967409841711));
#837=CARTESIAN_POINT('Ctrl Pts',(-13.5316751852522,-85.3056425803199,-302.626211311426));
#838=CARTESIAN_POINT('Ctrl Pts',(-13.4044188942414,-85.423318805361,-302.333200562576));
#839=CARTESIAN_POINT('Ctrl Pts',(-13.2383980319956,-85.5875219297211,-301.939943211786));
#840=CARTESIAN_POINT('Ctrl Pts',(-13.1877890052664,-85.6397117065717,-301.816356961186));
#841=CARTESIAN_POINT('Ctrl Pts',(-13.1189821637125,-85.7132793281458,-301.641716242121));
#842=CARTESIAN_POINT('Ctrl Pts',(-13.0972464139042,-85.7370094472779,-301.585293274639));
#843=CARTESIAN_POINT('Ctrl Pts',(-13.0664783157848,-85.7713251490648,-301.503324658569));
#844=CARTESIAN_POINT('Ctrl Pts',(-13.0515526924951,-85.7881639488656,-301.463007529486));
#845=CARTESIAN_POINT('Ctrl Pts',(-13.0349427035251,-85.8072404718916,-301.417141478096));
#846=CARTESIAN_POINT('Ctrl Pts',(-13.0279958307758,-85.8152937607584,-301.397736203289));
#847=CARTESIAN_POINT('Ctrl Pts',(-13.023402673933,-85.820635388328,-301.384855358659));
#848=CARTESIAN_POINT('Ctrl Pts',(-13.0217237448576,-85.8225919297936,-301.380135059347));
#849=CARTESIAN_POINT('Ctrl Pts',(-12.927438607773,-85.9329512877316,-301.113610951567));
#850=CARTESIAN_POINT('Ctrl Pts',(-12.8468003551202,-86.0386970878689,-300.846639538735));
#851=CARTESIAN_POINT('Ctrl Pts',(-12.6917070436345,-86.2620901485082,-300.308370547229));
#852=CARTESIAN_POINT('Ctrl Pts',(-12.6185685961759,-86.3797336474783,-300.036573655526));
#853=CARTESIAN_POINT('Ctrl Pts',(-12.5015915178388,-86.6106503192724,-299.481438049581));
#854=CARTESIAN_POINT('Ctrl Pts',(-12.4558619636786,-86.7238394260377,-299.199564709265));
#855=CARTESIAN_POINT('Ctrl Pts',(-12.3925771297382,-86.9025120961673,-298.773867713258));
#856=CARTESIAN_POINT('Ctrl Pts',(-12.372869375968,-86.9633091566406,-298.63098963334));
#857=CARTESIAN_POINT('Ctrl Pts',(-12.3468144044742,-87.0554830515183,-298.414695929366));
#858=CARTESIAN_POINT('Ctrl Pts',(-12.3387282430211,-87.0863542193951,-298.342277884753));
#859=CARTESIAN_POINT('Ctrl Pts',(-12.3240315164152,-87.1481356019837,-298.196805934817));
#860=CARTESIAN_POINT('Ctrl Pts',(-12.3175835430207,-87.1782001580523,-298.125756042407));
#861=CARTESIAN_POINT('Ctrl Pts',(-12.2878471623449,-87.3365067625204,-297.748992243566));
#862=CARTESIAN_POINT('Ctrl Pts',(-12.2798301005481,-87.4573187585904,-297.448957880223));
#863=CARTESIAN_POINT('Ctrl Pts',(-12.2680110680141,-87.7037726407995,-296.85698751709));
#864=CARTESIAN_POINT('Ctrl Pts',(-12.2677819892292,-87.8290858646524,-296.564952511541));
#865=CARTESIAN_POINT('Ctrl Pts',(-12.3023435997985,-88.0711901679932,-295.986622079025));
#866=CARTESIAN_POINT('Ctrl Pts',(-12.3379248191356,-88.1869302421311,-295.700111013629));
#867=CARTESIAN_POINT('Ctrl Pts',(-12.4071850515436,-88.4246896288598,-295.133264331514));
#868=CARTESIAN_POINT('Ctrl Pts',(-12.4471211220239,-88.5435332531871,-294.851687831536));
#869=CARTESIAN_POINT('Ctrl Pts',(-12.5542875097345,-88.7726227468267,-294.295672734056));
#870=CARTESIAN_POINT('Ctrl Pts',(-12.6200007961249,-88.8841474619208,-294.022659874147));
#871=CARTESIAN_POINT('Ctrl Pts',(-12.7618635086243,-89.1109725980817,-293.48493463227));
#872=CARTESIAN_POINT('Ctrl Pts',(-12.8393776314366,-89.2249313740912,-293.218687389479));
#873=CARTESIAN_POINT('Ctrl Pts',(-13.014085649111,-89.4447384905275,-292.692484926577));
#874=CARTESIAN_POINT('Ctrl Pts',(-13.1117762597874,-89.5496289619673,-292.433213859662));
#875=CARTESIAN_POINT('Ctrl Pts',(-13.2645011600245,-89.7074680864555,-292.050914060339));
#876=CARTESIAN_POINT('Ctrl Pts',(-13.3164336052192,-89.7605053540605,-291.924502426815));
#877=CARTESIAN_POINT('Ctrl Pts',(-13.3972792647625,-89.8401619689129,-291.736648929186));
#878=CARTESIAN_POINT('Ctrl Pts',(-13.4247240291422,-89.866709731778,-291.674328018848));
#879=CARTESIAN_POINT('Ctrl Pts',(-13.4668078227153,-89.9063466119764,-291.581332323372));
#880=CARTESIAN_POINT('Ctrl Pts',(-13.4880784303939,-89.926118356973,-291.534955885196));
#881=CARTESIAN_POINT('Ctrl Pts',(-13.5133241469498,-89.94906402934,-291.481070168216));
#882=CARTESIAN_POINT('Ctrl Pts',(-13.524238321936,-89.9588679434111,-291.458024123607));
#883=CARTESIAN_POINT('Ctrl Pts',(-13.5315356965457,-89.9653968175521,-291.442670789429));
#884=CARTESIAN_POINT('Ctrl Pts',(-13.534504484669,-89.9680448747374,-291.436441837103));
#885=CARTESIAN_POINT('Ctrl Pts',(-13.6784038253449,-90.095755253558,-291.135867694888));
#886=CARTESIAN_POINT('Ctrl Pts',(-13.8340295059272,-90.209140238015,-290.856403819328));
#887=CARTESIAN_POINT('Ctrl Pts',(-14.1427682685184,-90.4376582077964,-290.310472428363));
#888=CARTESIAN_POINT('Ctrl Pts',(-14.3008262401236,-90.549318855032,-290.043988178501));
#889=CARTESIAN_POINT('Ctrl Pts',(-14.6401897553538,-90.7586199882315,-289.534158569649));
#890=CARTESIAN_POINT('Ctrl Pts',(-14.8194411197007,-90.8586359957788,-289.291668200356));
#891=CARTESIAN_POINT('Ctrl Pts',(-15.1827928420843,-91.0584035441163,-288.82195413269));
#892=CARTESIAN_POINT('Ctrl Pts',(-15.3689277147981,-91.1553921560647,-288.593987978026));
#893=CARTESIAN_POINT('Ctrl Pts',(-15.7546583002594,-91.3357469584346,-288.156618092277));
#894=CARTESIAN_POINT('Ctrl Pts',(-15.9539794310446,-91.4190059220859,-287.947788097711));
#895=CARTESIAN_POINT('Ctrl Pts',(-16.3567899201616,-91.586833432769,-287.548721510673));
#896=CARTESIAN_POINT('Ctrl Pts',(-16.5614321890801,-91.6719617345354,-287.358867831956));
#897=CARTESIAN_POINT('Ctrl Pts',(-16.984418023268,-91.8240828550084,-286.996678338036));
#898=CARTESIAN_POINT('Ctrl Pts',(-17.2035474343011,-91.8876306950416,-286.823689635861));
#899=CARTESIAN_POINT('Ctrl Pts',(-17.6400432870684,-92.0204803697479,-286.496079659218));
#900=CARTESIAN_POINT('Ctrl Pts',(-17.8592971440223,-92.0875107822927,-286.340380982117));
#901=CARTESIAN_POINT('Ctrl Pts',(-18.0834688712963,-92.1568983459466,-286.195175209285));
#902=CARTESIAN_POINT('Origin',(-70.9647626637565,-108.642479328059,-251.875000937979));
#903=CARTESIAN_POINT('',(-69.9511755058103,-108.668014377144,-250.147312174178));
#904=CARTESIAN_POINT('Origin',(-71.0570038028465,-108.668015173962,-251.813793353711));
#905=CARTESIAN_POINT('',(-16.977653896135,-94.0027020500381,-285.298771933234));
#906=CARTESIAN_POINT('',(-69.858939628433,-108.642479588787,-250.208516808177));
#907=CARTESIAN_POINT('Ctrl Pts',(-18.0834691265632,-92.1568193484519,-286.195137951068));
#908=CARTESIAN_POINT('Ctrl Pts',(-18.0474578585806,-92.1774593542864,-286.150703786735));
#909=CARTESIAN_POINT('Ctrl Pts',(-18.0119029034711,-92.1996797102307,-286.107257389464));
#910=CARTESIAN_POINT('Ctrl Pts',(-17.9768122413274,-92.2236851579702,-286.065019254276));
#911=CARTESIAN_POINT('Ctrl Pts',(-17.9677123820948,-92.2299103524208,-286.05406588204));
#912=CARTESIAN_POINT('Ctrl Pts',(-17.9586438623891,-92.2362553601713,-286.043193797607));
#913=CARTESIAN_POINT('Ctrl Pts',(-17.9496070750487,-92.2427231798777,-286.032406855405));
#914=CARTESIAN_POINT('Ctrl Pts',(-17.9204536508354,-92.2635889017912,-285.997607286693));
#915=CARTESIAN_POINT('Ctrl Pts',(-17.8916287975896,-92.2857371271742,-285.963693034809));
#916=CARTESIAN_POINT('Ctrl Pts',(-17.8631549059272,-92.3092349078991,-285.930802373762));
#917=CARTESIAN_POINT('Ctrl Pts',(-17.8467762826476,-92.3227511951338,-285.911883156358));
#918=CARTESIAN_POINT('Ctrl Pts',(-17.8305140057124,-92.3367132503784,-285.893302416727));
#919=CARTESIAN_POINT('Ctrl Pts',(-17.8143742773137,-92.3511264884194,-285.875083895455));
#920=CARTESIAN_POINT('Ctrl Pts',(-17.7887522608123,-92.374007680333,-285.846161769807));
#921=CARTESIAN_POINT('Ctrl Pts',(-17.7634399497858,-92.3980271836667,-285.818155228319));
#922=CARTESIAN_POINT('Ctrl Pts',(-17.7384659648204,-92.4231654492752,-285.791154637722));
#923=CARTESIAN_POINT('Ctrl Pts',(-17.7273095044859,-92.4343952975965,-285.779092845484));
#924=CARTESIAN_POINT('Ctrl Pts',(-17.7162206873467,-92.4458478118262,-285.767231520024));
#925=CARTESIAN_POINT('Ctrl Pts',(-17.7052026835448,-92.4575182455121,-285.755577220471));
#926=CARTESIAN_POINT('Ctrl Pts',(-17.6811594512503,-92.482985195164,-285.730145478349));
#927=CARTESIAN_POINT('Ctrl Pts',(-17.6574425844891,-92.5095110749283,-285.705681058569));
#928=CARTESIAN_POINT('Ctrl Pts',(-17.6341058017303,-92.5370266770553,-285.682225541014));
#929=CARTESIAN_POINT('Ctrl Pts',(-17.618325973958,-92.5556321321046,-285.66636542734));
#930=CARTESIAN_POINT('Ctrl Pts',(-17.6027201294743,-92.5746891812869,-285.650966129933));
#931=CARTESIAN_POINT('Ctrl Pts',(-17.5873073027496,-92.5941647447154,-285.636034076455));
#932=CARTESIAN_POINT('Ctrl Pts',(-17.5760850912625,-92.608345069683,-285.625161920096));
#933=CARTESIAN_POINT('Ctrl Pts',(-17.5649628821128,-92.6227492004237,-285.614535941732));
#934=CARTESIAN_POINT('Ctrl Pts',(-17.5539476579452,-92.6373614009857,-285.604157487858));
#935=CARTESIAN_POINT('Ctrl Pts',(-17.5270416475749,-92.6730534589841,-285.578806865544));
#936=CARTESIAN_POINT('Ctrl Pts',(-17.500773212655,-92.7099856140376,-285.554928313203));
#937=CARTESIAN_POINT('Ctrl Pts',(-17.4752010547556,-92.7479936726557,-285.532513593631));
#938=CARTESIAN_POINT('Ctrl Pts',(-17.4461922067121,-92.7911097053821,-285.507086517959));
#939=CARTESIAN_POINT('Ctrl Pts',(-17.4180824426424,-92.835606462728,-285.483544773981));
#940=CARTESIAN_POINT('Ctrl Pts',(-17.3909683051762,-92.8812854084038,-285.461905870299));
#941=CARTESIAN_POINT('Ctrl Pts',(-17.3868073895035,-92.8882952659445,-285.458585179992));
#942=CARTESIAN_POINT('Ctrl Pts',(-17.3826699465367,-92.8953329728006,-285.455309396226));
#943=CARTESIAN_POINT('Ctrl Pts',(-17.3785563487219,-92.9023978203353,-285.452078672763));
#944=CARTESIAN_POINT('Ctrl Pts',(-17.3461013967427,-92.9581371749828,-285.426589312944));
#945=CARTESIAN_POINT('Ctrl Pts',(-17.3151530375839,-93.015510277629,-285.403932657932));
#946=CARTESIAN_POINT('Ctrl Pts',(-17.2858581685963,-93.0741651028256,-285.384199152995));
#947=CARTESIAN_POINT('Ctrl Pts',(-17.262407783057,-93.1211179758758,-285.368402588108));
#948=CARTESIAN_POINT('Ctrl Pts',(-17.2400174253705,-93.1688946842926,-285.354481111203));
#949=CARTESIAN_POINT('Ctrl Pts',(-17.2187586855578,-93.2172987309627,-285.342468513736));
#950=CARTESIAN_POINT('Ctrl Pts',(-17.2131919299062,-93.2299736826645,-285.339322927712));
#951=CARTESIAN_POINT('Ctrl Pts',(-17.207702618294,-93.2426916873676,-285.336308014713));
#952=CARTESIAN_POINT('Ctrl Pts',(-17.202291678807,-93.2554493129125,-285.333423853795));
#953=CARTESIAN_POINT('Ctrl Pts',(-17.1846037609167,-93.297152945647,-285.323995768042));
#954=CARTESIAN_POINT('Ctrl Pts',(-17.1677556751147,-93.3392789975951,-285.315968114184));
#955=CARTESIAN_POINT('Ctrl Pts',(-17.1517723529529,-93.3816895728202,-285.309324094232));
#956=CARTESIAN_POINT('Ctrl Pts',(-17.1448129703091,-93.4001557851726,-285.306431186445));
#957=CARTESIAN_POINT('Ctrl Pts',(-17.1380171863669,-93.418676018636,-285.30380006609));
#958=CARTESIAN_POINT('Ctrl Pts',(-17.1313853384292,-93.4372393573145,-285.30142674416));
#959=CARTESIAN_POINT('Ctrl Pts',(-17.1166251191279,-93.4785549834315,-285.29614454341));
#960=CARTESIAN_POINT('Ctrl Pts',(-17.1026638122894,-93.5201195234926,-285.292138670105));
#961=CARTESIAN_POINT('Ctrl Pts',(-17.0894917077579,-93.5618296083848,-285.289337949669));
#962=CARTESIAN_POINT('Ctrl Pts',(-17.0794658996559,-93.5935767985199,-285.287206210919));
#963=CARTESIAN_POINT('Ctrl Pts',(-17.0698967484136,-93.6254084690792,-285.285771807041));
#964=CARTESIAN_POINT('Ctrl Pts',(-17.0607688713538,-93.6572836263353,-285.284986968347));
#965=CARTESIAN_POINT('Ctrl Pts',(-17.0483926308084,-93.7005022861654,-285.283922826882));
#966=CARTESIAN_POINT('Ctrl Pts',(-17.0368296975911,-93.7437990941566,-285.284053820724));
#967=CARTESIAN_POINT('Ctrl Pts',(-17.026005383401,-93.7870954460647,-285.285225133123));
#968=CARTESIAN_POINT('Ctrl Pts',(-17.0177604034506,-93.8200746766324,-285.286117332579));
#969=CARTESIAN_POINT('Ctrl Pts',(-17.0099432983666,-93.8530539807936,-285.287612147435));
#970=CARTESIAN_POINT('Ctrl Pts',(-17.0025099923345,-93.8860057137987,-285.289625800204));
#971=CARTESIAN_POINT('Ctrl Pts',(-16.9937244090245,-93.9249520714859,-285.29200577946));
#972=CARTESIAN_POINT('Ctrl Pts',(-16.9854739460951,-93.9638610927226,-285.295111391218));
#973=CARTESIAN_POINT('Ctrl Pts',(-16.9776662227499,-94.0026976108555,-285.298788169173));
#974=CARTESIAN_POINT('Origin',(-45.7817639877209,-94.241593844095,-286.392630297581));
#975=CARTESIAN_POINT('',(-15.2267398406871,-84.8825624530519,-308.825406968708));
#976=CARTESIAN_POINT('Ctrl Pts',(-15.2267398406871,-84.8825624530519,-308.825406968708));
#977=CARTESIAN_POINT('Ctrl Pts',(-15.2686997811164,-84.8669336223206,-308.862867893049));
#978=CARTESIAN_POINT('Ctrl Pts',(-15.3109371362685,-84.851358708188,-308.900199584026));
#979=CARTESIAN_POINT('Ctrl Pts',(-15.3533146486363,-84.8357156593171,-308.937694587946));
#980=CARTESIAN_POINT('',(-15.2267398402581,-93.4621834249424,-288.260811952885));
#981=CARTESIAN_POINT('',(-15.2267398406872,-91.9393557922932,-291.910895523478));
#982=CARTESIAN_POINT('',(-70.7805453853315,-108.841820654616,-251.397170971731));
#983=CARTESIAN_POINT('',(-56.0089204443428,-104.752411645251,-261.199125548911));
#984=CARTESIAN_POINT('',(-75.5045302134265,-105.871732952816,-258.516208766093));
#985=CARTESIAN_POINT('Origin',(-70.5144991447338,-111.083078405206,-250.996238746882));
#986=CARTESIAN_POINT('',(-70.7805520163293,-129.411477890012,-251.397172420953));
#987=CARTESIAN_POINT('',(-70.7805496480632,-121.022923259401,-251.397171791455));
#988=CARTESIAN_POINT('',(-69.9511809000172,-129.411477890012,-250.147311677618));
#989=CARTESIAN_POINT('',(-69.9512060008407,-129.411477890012,-250.147349964629));
#990=CARTESIAN_POINT('',(-69.9511790190783,-121.033708966595,-250.147311777558));
#991=CARTESIAN_POINT('Ctrl Pts',(-16.5631149924303,-95.5371712705135,-285.820943319205));
#992=CARTESIAN_POINT('Ctrl Pts',(-16.3030237996371,-95.3618640865407,-286.000550919544));
#993=CARTESIAN_POINT('Ctrl Pts',(-16.0435576758957,-95.1833998050023,-286.181518951632));
#994=CARTESIAN_POINT('Ctrl Pts',(-15.787293445358,-95.000638313691,-286.366615345952));
#995=CARTESIAN_POINT('Ctrl Pts',(-15.2832390989751,-94.6418393706532,-286.751944628165));
#996=CARTESIAN_POINT('Ctrl Pts',(-14.7976684935519,-94.3017090007184,-287.167385582396));
#997=CARTESIAN_POINT('Ctrl Pts',(-14.5627195557694,-94.1334342152695,-287.383963340557));
#998=CARTESIAN_POINT('Ctrl Pts',(-14.1105921311396,-93.7994605918504,-287.84353537695));
#999=CARTESIAN_POINT('Ctrl Pts',(-13.6699617059501,-93.501756560927,-288.333148827238));
#1000=CARTESIAN_POINT('Ctrl Pts',(-13.4547339247118,-93.3595623788786,-288.5841051533));
#1001=CARTESIAN_POINT('Ctrl Pts',(-13.0522220010326,-93.0582660324249,-289.11209843902));
#1002=CARTESIAN_POINT('Ctrl Pts',(-12.6609492797906,-92.7944737073551,-289.672849387005));
#1003=CARTESIAN_POINT('Ctrl Pts',(-12.4727518146313,-92.6690635442077,-289.956743361084));
#1004=CARTESIAN_POINT('Ctrl Pts',(-12.1333771408495,-92.4005243266556,-290.55004428387));
#1005=CARTESIAN_POINT('Ctrl Pts',(-11.8132570419377,-92.1656931119923,-291.173625059979));
#1006=CARTESIAN_POINT('Ctrl Pts',(-11.6537847096513,-92.067911863234,-291.488593459775));
#1007=CARTESIAN_POINT('Ctrl Pts',(-11.380992386173,-91.8340151702425,-292.129642613678));
#1008=CARTESIAN_POINT('Ctrl Pts',(-11.1260565802301,-91.6405191765851,-292.799719753326));
#1009=CARTESIAN_POINT('Ctrl Pts',(-11.0031858684264,-91.557552162408,-293.137270549951));
#1010=CARTESIAN_POINT('Ctrl Pts',(-10.8082215403986,-91.3717629713643,-293.824891320055));
#1011=CARTESIAN_POINT('Ctrl Pts',(-10.6521511024986,-91.2118909137995,-294.534093965859));
#1012=CARTESIAN_POINT('Ctrl Pts',(-10.5743397450225,-91.1528689667294,-294.891418987234));
#1013=CARTESIAN_POINT('Ctrl Pts',(-10.4690264652066,-91.0135957673785,-295.60457453986));
#1014=CARTESIAN_POINT('Ctrl Pts',(-10.4054491989141,-90.9044265558152,-296.330173974499));
#1015=CARTESIAN_POINT('Ctrl Pts',(-10.3799902671364,-90.8639926052361,-296.696542945946));
#1016=CARTESIAN_POINT('Ctrl Pts',(-10.3720708859979,-90.7806315785386,-297.426771397591));
#1017=CARTESIAN_POINT('Ctrl Pts',(-10.4215184760627,-90.7229325242335,-298.155841857508));
#1018=CARTESIAN_POINT('Ctrl Pts',(-10.4575639082919,-90.7053684561772,-298.519601947842));
#1019=CARTESIAN_POINT('Ctrl Pts',(-10.5609221178255,-90.679605665272,-299.238287928323));
#1020=CARTESIAN_POINT('Ctrl Pts',(-10.7156980093979,-90.6841563730264,-299.942926179541));
#1021=CARTESIAN_POINT('Ctrl Pts',(-10.8041840886422,-90.6957119419214,-300.291931775237));
#1022=CARTESIAN_POINT('Ctrl Pts',(-11.0058801537022,-90.7340561879163,-300.980582835027));
#1023=CARTESIAN_POINT('Ctrl Pts',(-11.250015327901,-90.8057214275612,-301.649501122262));
#1024=CARTESIAN_POINT('Ctrl Pts',(-11.3811509360436,-90.8504906342837,-301.978691342082));
#1025=CARTESIAN_POINT('Ctrl Pts',(-11.6595452627527,-90.956222554333,-302.623842603734));
#1026=CARTESIAN_POINT('Ctrl Pts',(-11.96538468946,-91.0909826176551,-303.239030087333));
#1027=CARTESIAN_POINT('Ctrl Pts',(-12.12392902871,-91.1648303253287,-303.538265046227));
#1028=CARTESIAN_POINT('Ctrl Pts',(-12.4493594903938,-91.3245096981536,-304.119418809177));
#1029=CARTESIAN_POINT('Ctrl Pts',(-12.7852587743457,-91.506099726428,-304.667353743926));
#1030=CARTESIAN_POINT('Ctrl Pts',(-12.954270513923,-91.6018587743722,-304.933354161477));
#1031=CARTESIAN_POINT('Ctrl Pts',(-13.2069228112373,-91.751970158334,-305.32180281269));
#1032=CARTESIAN_POINT('Ctrl Pts',(-13.4546786864779,-91.9097358175746,-305.69696266183));
#1033=CARTESIAN_POINT('Ctrl Pts',(-13.5365201672581,-91.9630618149549,-305.820680264433));
#1034=CARTESIAN_POINT('Ctrl Pts',(-13.6983208643135,-92.0709341586838,-306.065748760364));
#1035=CARTESIAN_POINT('Ctrl Pts',(-13.8556123078217,-92.1807061460481,-306.306688240823));
#1036=CARTESIAN_POINT('Ctrl Pts',(-13.9329446338336,-92.2359319499862,-306.426276909137));
#1037=CARTESIAN_POINT('Ctrl Pts',(-14.0846332216728,-92.3467775699858,-306.663991859152));
#1038=CARTESIAN_POINT('Ctrl Pts',(-14.229764450639,-92.457854787555,-306.899335291213));
#1039=CARTESIAN_POINT('Ctrl Pts',(-14.3005393307242,-92.5133121751291,-307.016552568248));
#1040=CARTESIAN_POINT('Ctrl Pts',(-14.438252551432,-92.6237946612817,-307.250331737085));
#1041=CARTESIAN_POINT('Ctrl Pts',(-14.5679150778158,-92.7329334847785,-307.483234471371));
#1042=CARTESIAN_POINT('Ctrl Pts',(-14.6306389996804,-92.7870470288262,-307.599575477822));
#1043=CARTESIAN_POINT('Ctrl Pts',(-14.8123049103573,-92.9477064091015,-307.948539069786));
#1044=CARTESIAN_POINT('Ctrl Pts',(-14.9742117752718,-93.1025672597822,-308.297962605703));
#1045=CARTESIAN_POINT('Ctrl Pts',(-15.0731469402948,-93.2025544106665,-308.531686715015));
#1046=CARTESIAN_POINT('Ctrl Pts',(-15.1634280374585,-93.2989605014019,-308.766432715532));
#1047=CARTESIAN_POINT('Ctrl Pts',(-15.2456617902398,-93.3917026117125,-309.00225728684));
#1048=CARTESIAN_POINT('Ctrl Pts',(-16.6252769506636,-95.2436222982223,-285.686890969242));
#1049=CARTESIAN_POINT('Ctrl Pts',(-16.3631551278696,-95.067550375508,-285.86426694599));
#1050=CARTESIAN_POINT('Ctrl Pts',(-16.1014236081127,-94.8880538935566,-286.042949630477));
#1051=CARTESIAN_POINT('Ctrl Pts',(-15.8435299713181,-94.7030308235428,-286.226638288817));
#1052=CARTESIAN_POINT('Ctrl Pts',(-15.3374831782959,-94.340849696485,-286.61238493832));
#1053=CARTESIAN_POINT('Ctrl Pts',(-14.8484784048739,-94.0026924084106,-287.029635744033));
#1054=CARTESIAN_POINT('Ctrl Pts',(-14.6117475593896,-93.8351827509132,-287.246418333304));
#1055=CARTESIAN_POINT('Ctrl Pts',(-14.1619056870807,-93.4956545499654,-287.713155875134));
#1056=CARTESIAN_POINT('Ctrl Pts',(-13.7176439440739,-93.1997847353413,-288.208823666845));
#1057=CARTESIAN_POINT('Ctrl Pts',(-13.4988608296351,-93.0612375303224,-288.461696568568));
#1058=CARTESIAN_POINT('Ctrl Pts',(-13.0988123532004,-92.7519266962068,-288.996925999738));
#1059=CARTESIAN_POINT('Ctrl Pts',(-12.7013296623309,-92.4905248190992,-289.564168697251));
#1060=CARTESIAN_POINT('Ctrl Pts',(-12.5100600600614,-92.3662615712999,-289.848888534543));
#1061=CARTESIAN_POINT('Ctrl Pts',(-12.1690735844242,-92.0935424967408,-290.446868307028));
#1062=CARTESIAN_POINT('Ctrl Pts',(-11.8434736845944,-91.8523750632462,-291.076404367049));
#1063=CARTESIAN_POINT('Ctrl Pts',(-11.6766270754579,-91.7595070164371,-291.393365139538));
#1064=CARTESIAN_POINT('Ctrl Pts',(-11.400438568176,-91.515694335645,-292.037712669659));
#1065=CARTESIAN_POINT('Ctrl Pts',(-11.132814927898,-91.3221295406494,-292.713474026186));
#1066=CARTESIAN_POINT('Ctrl Pts',(-11.0026113665807,-91.2401764408286,-293.051588019501));
#1067=CARTESIAN_POINT('Ctrl Pts',(-10.7997025527242,-91.0485732002499,-293.742597256459));
#1068=CARTESIAN_POINT('Ctrl Pts',(-10.6329699904948,-90.8811486060304,-294.458125871157));
#1069=CARTESIAN_POINT('Ctrl Pts',(-10.5441248554517,-90.8263322717689,-294.81895084299));
#1070=CARTESIAN_POINT('Ctrl Pts',(-10.431157954503,-90.6771211977858,-295.536545108639));
#1071=CARTESIAN_POINT('Ctrl Pts',(-10.3548628951482,-90.5636968209672,-296.270027119747));
#1072=CARTESIAN_POINT('Ctrl Pts',(-10.320593224894,-90.5247672406595,-296.641028979247));
#1073=CARTESIAN_POINT('Ctrl Pts',(-10.3037472077393,-90.4353740250789,-297.379024684279));
#1074=CARTESIAN_POINT('Ctrl Pts',(-10.3446663254253,-90.3716002112977,-298.117670941601));
#1075=CARTESIAN_POINT('Ctrl Pts',(-10.3751591760111,-90.3536588923988,-298.487025140052));
#1076=CARTESIAN_POINT('Ctrl Pts',(-10.4718762167671,-90.3225780297257,-299.215064761269));
#1077=CARTESIAN_POINT('Ctrl Pts',(-10.622127446915,-90.3223693790798,-299.92958323037));
#1078=CARTESIAN_POINT('Ctrl Pts',(-10.7082624449529,-90.3326844517678,-300.284058951292));
#1079=CARTESIAN_POINT('Ctrl Pts',(-10.9082625098484,-90.3674854838832,-300.983002303485));
#1080=CARTESIAN_POINT('Ctrl Pts',(-11.1541332549515,-90.4363237773113,-301.662158859782));
#1081=CARTESIAN_POINT('Ctrl Pts',(-11.2866495397556,-90.4803091407252,-301.996602947158));
#1082=CARTESIAN_POINT('Ctrl Pts',(-11.5693429702402,-90.5850002841452,-302.651776325896));
#1083=CARTESIAN_POINT('Ctrl Pts',(-11.8823390839359,-90.7196117324473,-303.275590713695));
#1084=CARTESIAN_POINT('Ctrl Pts',(-12.0451355853102,-90.7935670716474,-303.578672008652));
#1085=CARTESIAN_POINT('Ctrl Pts',(-12.3802783102494,-90.9540031884088,-304.166512589731));
#1086=CARTESIAN_POINT('Ctrl Pts',(-12.7279553360003,-91.1375636178436,-304.719188820857));
#1087=CARTESIAN_POINT('Ctrl Pts',(-12.9032815514062,-91.2346496706185,-304.98709098284));
#1088=CARTESIAN_POINT('Ctrl Pts',(-13.1658961589259,-91.387250478956,-305.377790238131));
#1089=CARTESIAN_POINT('Ctrl Pts',(-13.4240633215927,-91.5481300637001,-305.754479789046));
#1090=CARTESIAN_POINT('Ctrl Pts',(-13.5094091820683,-91.6025566439637,-305.878637305401));
#1091=CARTESIAN_POINT('Ctrl Pts',(-13.6782508597173,-91.7127361767975,-306.124467410584));
#1092=CARTESIAN_POINT('Ctrl Pts',(-13.8425727258844,-91.8249811830897,-306.365974312798));
#1093=CARTESIAN_POINT('Ctrl Pts',(-13.9233989159782,-91.8814734367291,-306.485808712232));
#1094=CARTESIAN_POINT('Ctrl Pts',(-14.0819934199948,-91.9948849842597,-306.723959717192));
#1095=CARTESIAN_POINT('Ctrl Pts',(-14.2337945790606,-92.1085411870444,-306.959664476546));
#1096=CARTESIAN_POINT('Ctrl Pts',(-14.3078273330132,-92.1652780783961,-307.077052766717));
#1097=CARTESIAN_POINT('Ctrl Pts',(-14.4518691667406,-92.2782736981284,-307.311170125371));
#1098=CARTESIAN_POINT('Ctrl Pts',(-14.5874354445681,-92.389791191154,-307.544426343157));
#1099=CARTESIAN_POINT('Ctrl Pts',(-14.6529923250143,-92.4450497322995,-307.66095368033));
#1100=CARTESIAN_POINT('Ctrl Pts',(-14.8427739480422,-92.6089858715394,-308.010516305013));
#1101=CARTESIAN_POINT('Ctrl Pts',(-15.0116074137533,-92.7665994493444,-308.360675315223));
#1102=CARTESIAN_POINT('Ctrl Pts',(-15.1145955534527,-92.8681442343718,-308.594965215475));
#1103=CARTESIAN_POINT('Ctrl Pts',(-15.2084013224783,-92.9658341405085,-308.830335791335));
#1104=CARTESIAN_POINT('Ctrl Pts',(-15.2936910192492,-93.05960938141,-309.066821074724));
#1105=CARTESIAN_POINT('Ctrl Pts',(-16.7016907526462,-94.9560024215543,-285.561427735693));
#1106=CARTESIAN_POINT('Ctrl Pts',(-16.4379927890139,-94.7795147026247,-285.736628271515));
#1107=CARTESIAN_POINT('Ctrl Pts',(-16.1743991753275,-94.599465867664,-285.913047994501));
#1108=CARTESIAN_POINT('Ctrl Pts',(-15.9155834590445,-94.4124975614033,-286.095764404197));
#1109=CARTESIAN_POINT('Ctrl Pts',(-15.4104747339646,-94.0463924169603,-286.484498187895));
#1110=CARTESIAN_POINT('Ctrl Pts',(-14.919320686254,-93.712629373363,-286.905417946077));
#1111=CARTESIAN_POINT('Ctrl Pts',(-14.68028771208,-93.5477690205363,-287.121652058144));
#1112=CARTESIAN_POINT('Ctrl Pts',(-14.2362997554645,-93.2011263523514,-287.597933803843));
#1113=CARTESIAN_POINT('Ctrl Pts',(-13.7908722006611,-92.9060369432853,-288.101758250886));
#1114=CARTESIAN_POINT('Ctrl Pts',(-13.5681496978207,-92.7731216351099,-288.357056371917));
#1115=CARTESIAN_POINT('Ctrl Pts',(-13.1736944949679,-92.4539590535774,-288.900266642359));
#1116=CARTESIAN_POINT('Ctrl Pts',(-12.771719367467,-92.1958966024539,-289.474486159892));
#1117=CARTESIAN_POINT('Ctrl Pts',(-12.5802113268626,-92.0698198514017,-289.760381005936));
#1118=CARTESIAN_POINT('Ctrl Pts',(-12.234383353081,-91.800597964903,-290.360935697413));
#1119=CARTESIAN_POINT('Ctrl Pts',(-11.907254209697,-91.5467046101674,-290.995821758491));
#1120=CARTESIAN_POINT('Ctrl Pts',(-11.733681306104,-91.4580412640873,-291.31412759478));
#1121=CARTESIAN_POINT('Ctrl Pts',(-11.4527842785108,-91.2062475631191,-291.960963815221));
#1122=CARTESIAN_POINT('Ctrl Pts',(-11.17124278688,-91.0144532613443,-292.641241430237));
#1123=CARTESIAN_POINT('Ctrl Pts',(-11.0361049288471,-90.9303984928154,-292.978388263483));
#1124=CARTESIAN_POINT('Ctrl Pts',(-10.8218011786339,-90.7361678383941,-293.670905514211));
#1125=CARTESIAN_POINT('Ctrl Pts',(-10.6436874919249,-90.5582149107451,-294.391045504557));
#1126=CARTESIAN_POINT('Ctrl Pts',(-10.541458752639,-90.5096068251759,-294.754923333569));
#1127=CARTESIAN_POINT('Ctrl Pts',(-10.4206454450523,-90.3475886041328,-295.475242719855));
#1128=CARTESIAN_POINT('Ctrl Pts',(-10.328060096074,-90.2313338540929,-296.216289438509));
#1129=CARTESIAN_POINT('Ctrl Pts',(-10.283253563702,-90.1951602542126,-296.591332589098));
#1130=CARTESIAN_POINT('Ctrl Pts',(-10.2566938072943,-90.0982907464333,-297.335591669813));
#1131=CARTESIAN_POINT('Ctrl Pts',(-10.2863034444233,-90.0274863361839,-298.083373410246));
#1132=CARTESIAN_POINT('Ctrl Pts',(-10.3088925427875,-90.0104605761789,-298.45859516783));
#1133=CARTESIAN_POINT('Ctrl Pts',(-10.3970732145616,-89.9725199642225,-299.19519756044));
#1134=CARTESIAN_POINT('Ctrl Pts',(-10.5404484568132,-89.9668261391698,-299.919574028053));
#1135=CARTESIAN_POINT('Ctrl Pts',(-10.6225633440408,-89.9763065689669,-300.279881064262));
#1136=CARTESIAN_POINT('Ctrl Pts',(-10.8190474349166,-90.0068538468081,-300.989164720368));
#1137=CARTESIAN_POINT('Ctrl Pts',(-11.0652723555323,-90.0719581684766,-301.678709772666));
#1138=CARTESIAN_POINT('Ctrl Pts',(-11.1983363395614,-90.1149887220588,-302.018656690355));
#1139=CARTESIAN_POINT('Ctrl Pts',(-11.4840342558229,-90.2181010974135,-302.684210529248));
#1140=CARTESIAN_POINT('Ctrl Pts',(-11.803295145197,-90.3519308762843,-303.316908157278));
#1141=CARTESIAN_POINT('Ctrl Pts',(-11.9699681411385,-90.4256823469302,-303.623947623516));
#1142=CARTESIAN_POINT('Ctrl Pts',(-12.3142347311504,-90.5863289126529,-304.21864921396));
#1143=CARTESIAN_POINT('Ctrl Pts',(-12.6733927284567,-90.7715032955918,-304.776142323868));
#1144=CARTESIAN_POINT('Ctrl Pts',(-12.8549505422188,-90.8697966131503,-305.045959080559));
#1145=CARTESIAN_POINT('Ctrl Pts',(-13.1275055377125,-91.0247852290908,-305.438891282126));
#1146=CARTESIAN_POINT('Ctrl Pts',(-13.3961944526849,-91.1887806692206,-305.81704910002));
#1147=CARTESIAN_POINT('Ctrl Pts',(-13.485095063978,-91.2443191239264,-305.94162179047));
#1148=CARTESIAN_POINT('Ctrl Pts',(-13.6611018875755,-91.3568472220055,-306.188156992026));
#1149=CARTESIAN_POINT('Ctrl Pts',(-13.8326157564575,-91.4716373337264,-306.430164023478));
#1150=CARTESIAN_POINT('Ctrl Pts',(-13.9170236100761,-91.5294380559612,-306.550208632665));
#1151=CARTESIAN_POINT('Ctrl Pts',(-14.0827079140091,-91.6455072378479,-306.78872275446));
#1152=CARTESIAN_POINT('Ctrl Pts',(-14.2413682542682,-91.7618411276692,-307.024715589924));
#1153=CARTESIAN_POINT('Ctrl Pts',(-14.3187520496049,-91.8199065359443,-307.142239057395));
#1154=CARTESIAN_POINT('Ctrl Pts',(-14.4693005680905,-91.9355086767876,-307.376626073877));
#1155=CARTESIAN_POINT('Ctrl Pts',(-14.6109244437944,-92.0494832795755,-307.610175434461));
#1156=CARTESIAN_POINT('Ctrl Pts',(-14.6793832076441,-92.1059208697645,-307.726861464718));
#1157=CARTESIAN_POINT('Ctrl Pts',(-14.8774598017483,-92.2732178457181,-308.076948335622));
#1158=CARTESIAN_POINT('Ctrl Pts',(-15.0533134459484,-92.4336115218815,-308.42779134204));
#1159=CARTESIAN_POINT('Ctrl Pts',(-15.160375927663,-92.5367047210843,-308.662622164947));
#1160=CARTESIAN_POINT('Ctrl Pts',(-15.2576967270161,-92.6356483726795,-308.898596451558));
#1161=CARTESIAN_POINT('Ctrl Pts',(-15.3460112192881,-92.7304120021069,-309.135721426997));
#1162=CARTESIAN_POINT('Ctrl Pts',(-16.794579815489,-94.6745476144961,-285.44834463829));
#1163=CARTESIAN_POINT('Ctrl Pts',(-16.5299502851717,-94.4982743324378,-285.621735301022));
#1164=CARTESIAN_POINT('Ctrl Pts',(-16.2644260122577,-94.3189410351011,-285.795442489527));
#1165=CARTESIAN_POINT('Ctrl Pts',(-16.0032203026757,-94.1354807184363,-285.979031582876));
#1166=CARTESIAN_POINT('Ctrl Pts',(-15.5047892951441,-93.7572540479579,-286.370002338155));
#1167=CARTESIAN_POINT('Ctrl Pts',(-15.01145369308,-93.4352128420172,-286.797341324229));
#1168=CARTESIAN_POINT('Ctrl Pts',(-14.7753592335652,-93.2687828084309,-287.016882631534));
#1169=CARTESIAN_POINT('Ctrl Pts',(-14.3244557878403,-92.9257963845917,-287.49263820972));
#1170=CARTESIAN_POINT('Ctrl Pts',(-13.8963607745814,-92.6172798975576,-288.016277156825));
#1171=CARTESIAN_POINT('Ctrl Pts',(-13.6784411500427,-92.4744270081507,-288.276989713562));
#1172=CARTESIAN_POINT('Ctrl Pts',(-13.2805062329465,-92.1693059141585,-288.829924478499));
#1173=CARTESIAN_POINT('Ctrl Pts',(-12.8915769628792,-91.8954021869886,-289.40808859168));
#1174=CARTESIAN_POINT('Ctrl Pts',(-12.7043736816131,-91.7645646553188,-289.701726038435));
#1175=CARTESIAN_POINT('Ctrl Pts',(-12.3523807865806,-91.4975620236468,-290.307320774653));
#1176=CARTESIAN_POINT('Ctrl Pts',(-12.0158029407721,-91.2532440925351,-290.936256312692));
#1177=CARTESIAN_POINT('Ctrl Pts',(-11.8512576602338,-91.1420906672548,-291.255997828916));
#1178=CARTESIAN_POINT('Ctrl Pts',(-11.5497220457679,-90.9076911505976,-291.907003899417));
#1179=CARTESIAN_POINT('Ctrl Pts',(-11.2658040338054,-90.7031792477089,-292.581294418797));
#1180=CARTESIAN_POINT('Ctrl Pts',(-11.1300822627301,-90.6109016182053,-292.921404196697));
#1181=CARTESIAN_POINT('Ctrl Pts',(-10.8906427539608,-90.4157444388797,-293.613547632091));
#1182=CARTESIAN_POINT('Ctrl Pts',(-10.686172719233,-90.2507419836666,-294.332456683997));
#1183=CARTESIAN_POINT('Ctrl Pts',(-10.5838896546751,-90.1851903705924,-294.694702412645));
#1184=CARTESIAN_POINT('Ctrl Pts',(-10.4383981561902,-90.0276035760794,-295.423214792057));
#1185=CARTESIAN_POINT('Ctrl Pts',(-10.3130231395039,-89.9170867085408,-296.170079673629));
#1186=CARTESIAN_POINT('Ctrl Pts',(-10.2717577197906,-89.8880276271444,-296.550647339294));
#1187=CARTESIAN_POINT('Ctrl Pts',(-10.2345117125448,-89.7769004062999,-297.297884351117));
#1188=CARTESIAN_POINT('Ctrl Pts',(-10.2522832733742,-89.6869765114181,-298.052504039499));
#1189=CARTESIAN_POINT('Ctrl Pts',(-10.2603279920503,-89.6822390686699,-298.436866962781));
#1190=CARTESIAN_POINT('Ctrl Pts',(-10.3452567799465,-89.6266353758106,-299.176078934855));
#1191=CARTESIAN_POINT('Ctrl Pts',(-10.4751193394085,-89.6172103647456,-299.911990492706));
#1192=CARTESIAN_POINT('Ctrl Pts',(-10.5504228403935,-89.6268789132747,-300.278876809513));
#1193=CARTESIAN_POINT('Ctrl Pts',(-10.740650844853,-89.6528233835781,-300.998725917947));
#1194=CARTESIAN_POINT('Ctrl Pts',(-10.9856657532609,-89.7132260614496,-301.698786594668));
#1195=CARTESIAN_POINT('Ctrl Pts',(-11.1183119196785,-89.7547854012749,-302.044347745767));
#1196=CARTESIAN_POINT('Ctrl Pts',(-11.4051237766426,-89.8558761389534,-302.720772734512));
#1197=CARTESIAN_POINT('Ctrl Pts',(-11.7293692347508,-89.9881944168892,-303.362654872368));
#1198=CARTESIAN_POINT('Ctrl Pts',(-11.899448045312,-90.0612956399377,-303.673737928265));
#1199=CARTESIAN_POINT('Ctrl Pts',(-12.2519728105444,-90.2214921385388,-304.275522065012));
#1200=CARTESIAN_POINT('Ctrl Pts',(-12.6220575699016,-90.4078791955674,-304.837985207257));
#1201=CARTESIAN_POINT('Ctrl Pts',(-12.8096618629961,-90.5072359607517,-305.10975737374));
#1202=CARTESIAN_POINT('Ctrl Pts',(-13.0920009918275,-90.6644898086695,-305.504947456152));
#1203=CARTESIAN_POINT('Ctrl Pts',(-13.3712221816541,-90.8315979901198,-305.884546297626));
#1204=CARTESIAN_POINT('Ctrl Pts',(-13.4636985743601,-90.8882595221355,-306.009519578093));
#1205=CARTESIAN_POINT('Ctrl Pts',(-13.6469441126439,-91.0031801115121,-306.256720726908));
#1206=CARTESIAN_POINT('Ctrl Pts',(-13.8257752291016,-91.1205943186338,-306.499172553676));
#1207=CARTESIAN_POINT('Ctrl Pts',(-13.913837497096,-91.1797497919118,-306.619396581939));
#1208=CARTESIAN_POINT('Ctrl Pts',(-14.0867699805015,-91.2985776126823,-306.858208462906));
#1209=CARTESIAN_POINT('Ctrl Pts',(-14.2524593993524,-91.4176968775284,-307.094420993558));
#1210=CARTESIAN_POINT('Ctrl Pts',(-14.3332784991733,-91.4771437715289,-307.212045828659));
#1211=CARTESIAN_POINT('Ctrl Pts',(-14.4904941212986,-91.5954517949619,-307.446637694859));
#1212=CARTESIAN_POINT('Ctrl Pts',(-14.6383104734902,-91.7119632714415,-307.680423541978));
#1213=CARTESIAN_POINT('Ctrl Pts',(-14.7097298174963,-91.7696132593587,-307.797242616899));
#1214=CARTESIAN_POINT('Ctrl Pts',(-14.9162473508825,-91.9403490240547,-308.147785537711));
#1215=CARTESIAN_POINT('Ctrl Pts',(-15.0991746409267,-92.1035335302604,-308.49926923668));
#1216=CARTESIAN_POINT('Ctrl Pts',(-15.210303983133,-92.2081515788262,-308.734622010344));
#1217=CARTESIAN_POINT('Ctrl Pts',(-15.3111032245623,-92.3083043540798,-308.971183986404));
#1218=CARTESIAN_POINT('Ctrl Pts',(-15.4023881542384,-92.4039983007067,-309.208930831004));
#1219=CARTESIAN_POINT('Ctrl Pts',(-17.0093036700985,-94.1175065662557,-285.239772404044));
#1220=CARTESIAN_POINT('Ctrl Pts',(-16.7455591013223,-93.9401414481578,-285.410409337369));
#1221=CARTESIAN_POINT('Ctrl Pts',(-16.4808743365528,-93.7602837818123,-285.581654287614));
#1222=CARTESIAN_POINT('Ctrl Pts',(-16.2222698888021,-93.5819735392491,-285.766396078939));
#1223=CARTESIAN_POINT('Ctrl Pts',(-15.74927553565,-93.2023069454175,-286.195172375692));
#1224=CARTESIAN_POINT('Ctrl Pts',(-15.2814612318688,-92.8625593110899,-286.65251953964));
#1225=CARTESIAN_POINT('Ctrl Pts',(-15.0561600581631,-92.6962715828618,-286.893959334021));
#1226=CARTESIAN_POINT('Ctrl Pts',(-14.6257550666631,-92.3658404270354,-287.4023755973));
#1227=CARTESIAN_POINT('Ctrl Pts',(-14.2107931531593,-92.0571512356615,-287.942554033108));
#1228=CARTESIAN_POINT('Ctrl Pts',(-14.0075226798119,-91.9079688513596,-288.217487463364));
#1229=CARTESIAN_POINT('Ctrl Pts',(-13.6133894077816,-91.6165801830258,-288.782389472866));
#1230=CARTESIAN_POINT('Ctrl Pts',(-13.2395880956284,-91.3401738887301,-289.371131978344));
#1231=CARTESIAN_POINT('Ctrl Pts',(-13.0567137781633,-91.2071110633398,-289.669638378924));
#1232=CARTESIAN_POINT('Ctrl Pts',(-12.7012267716515,-90.9413446941421,-290.275244107654));
#1233=CARTESIAN_POINT('Ctrl Pts',(-12.3627456168246,-90.697413688951,-290.903479886432));
#1234=CARTESIAN_POINT('Ctrl Pts',(-12.1976181284363,-90.5759110631318,-291.220124400548));
#1235=CARTESIAN_POINT('Ctrl Pts',(-11.8809320583641,-90.3404882325045,-291.865791438937));
#1236=CARTESIAN_POINT('Ctrl Pts',(-11.5839199222395,-90.1204231832658,-292.529630482628));
#1237=CARTESIAN_POINT('Ctrl Pts',(-11.4406344331743,-90.0169441771855,-292.866985884724));
#1238=CARTESIAN_POINT('Ctrl Pts',(-11.1716024723094,-89.8152480408553,-293.551487616374));
#1239=CARTESIAN_POINT('Ctrl Pts',(-10.9265701744051,-89.6377601555132,-294.257443244604));
#1240=CARTESIAN_POINT('Ctrl Pts',(-10.8144347679668,-89.5543059950555,-294.615304283237));
#1241=CARTESIAN_POINT('Ctrl Pts',(-10.6118348055504,-89.3959200654673,-295.34124625801));
#1242=CARTESIAN_POINT('Ctrl Pts',(-10.4494601369607,-89.2669590722533,-296.086651892222));
#1243=CARTESIAN_POINT('Ctrl Pts',(-10.3708178580795,-89.2120395875705,-296.462795118023));
#1244=CARTESIAN_POINT('Ctrl Pts',(-10.2812337908498,-89.1112238015319,-297.222678915846));
#1245=CARTESIAN_POINT('Ctrl Pts',(-10.2422420495436,-89.0395801098997,-297.997568269658));
#1246=CARTESIAN_POINT('Ctrl Pts',(-10.2275924746522,-89.0245097513612,-298.389190731539));
#1247=CARTESIAN_POINT('Ctrl Pts',(-10.2775157206124,-88.9517653327617,-299.146208996325));
#1248=CARTESIAN_POINT('Ctrl Pts',(-10.3839624527791,-88.9329088664217,-299.902409283789));
#1249=CARTESIAN_POINT('Ctrl Pts',(-10.4360357217876,-88.9502963088034,-300.285695408235));
#1250=CARTESIAN_POINT('Ctrl Pts',(-10.6154502064811,-88.9590221232458,-301.022912139889));
#1251=CARTESIAN_POINT('Ctrl Pts',(-10.8521228143586,-89.0053876346825,-301.743713784817));
#1252=CARTESIAN_POINT('Ctrl Pts',(-10.9782977308768,-89.0477632466109,-302.103242620889));
#1253=CARTESIAN_POINT('Ctrl Pts',(-11.2639705524515,-89.1420478811672,-302.801139408254));
#1254=CARTESIAN_POINT('Ctrl Pts',(-11.5958215059454,-89.2682002430291,-303.461179001734));
#1255=CARTESIAN_POINT('Ctrl Pts',(-11.7706452279183,-89.3395717674339,-303.781030525845));
#1256=CARTESIAN_POINT('Ctrl Pts',(-12.1370680493966,-89.4973856411144,-304.397635622831));
#1257=CARTESIAN_POINT('Ctrl Pts',(-12.5274040240291,-89.6852680096983,-304.970511447349));
#1258=CARTESIAN_POINT('Ctrl Pts',(-12.726355579672,-89.7865255755089,-305.246455338287));
#1259=CARTESIAN_POINT('Ctrl Pts',(-13.0275216985911,-89.9480790203451,-305.646393079582));
#1260=CARTESIAN_POINT('Ctrl Pts',(-13.3275394279709,-90.1214048068235,-306.028942308893));
#1261=CARTESIAN_POINT('Ctrl Pts',(-13.4271273412999,-90.1803347772196,-306.154723403931));
#1262=CARTESIAN_POINT('Ctrl Pts',(-13.6248541235064,-90.3001335639194,-306.403242693679));
#1263=CARTESIAN_POINT('Ctrl Pts',(-13.8184632265866,-90.422968748476,-306.646522927618));
#1264=CARTESIAN_POINT('Ctrl Pts',(-13.9139338179608,-90.4849358062471,-306.767065104799));
#1265=CARTESIAN_POINT('Ctrl Pts',(-14.101600246859,-90.6095030116701,-307.006375454723));
#1266=CARTESIAN_POINT('Ctrl Pts',(-14.2816266544449,-90.7344260629596,-307.242911297252));
#1267=CARTESIAN_POINT('Ctrl Pts',(-14.3694571630745,-90.7967488985453,-307.360679087471));
#1268=CARTESIAN_POINT('Ctrl Pts',(-14.5402735771928,-90.9206759187941,-307.595564165858));
#1269=CARTESIAN_POINT('Ctrl Pts',(-14.7006876669564,-91.0424160828386,-307.829720515008));
#1270=CARTESIAN_POINT('Ctrl Pts',(-14.7781150834753,-91.1025514877213,-307.946759965623));
#1271=CARTESIAN_POINT('Ctrl Pts',(-15.0017077706466,-91.2802912757091,-308.298096649374));
#1272=CARTESIAN_POINT('Ctrl Pts',(-15.1987723430936,-91.4490207497763,-308.650796739568));
#1273=CARTESIAN_POINT('Ctrl Pts',(-15.3179374102404,-91.556594421895,-308.887171107112));
#1274=CARTESIAN_POINT('Ctrl Pts',(-15.4255454928325,-91.6590317927321,-309.124888967297));
#1275=CARTESIAN_POINT('Ctrl Pts',(-15.5226011147764,-91.7564321882229,-309.363851753737));
#1276=CARTESIAN_POINT('Ctrl Pts',(-17.3048974733294,-93.5877091140411,-285.122747038688));
#1277=CARTESIAN_POINT('Ctrl Pts',(-17.0490602798144,-93.405805176788,-285.297600358258));
#1278=CARTESIAN_POINT('Ctrl Pts',(-16.8032009723105,-93.2243860981771,-285.490728003656));
#1279=CARTESIAN_POINT('Ctrl Pts',(-16.5802143794284,-93.0424037971002,-285.718799966356));
#1280=CARTESIAN_POINT('Ctrl Pts',(-16.1292519760544,-92.6982599170166,-286.190992576007));
#1281=CARTESIAN_POINT('Ctrl Pts',(-15.6955614730414,-92.3653155200108,-286.692580233874));
#1282=CARTESIAN_POINT('Ctrl Pts',(-15.4829983680386,-92.2074417060213,-286.949465338424));
#1283=CARTESIAN_POINT('Ctrl Pts',(-15.072066797536,-91.8977640958002,-287.485619087341));
#1284=CARTESIAN_POINT('Ctrl Pts',(-14.6729878579847,-91.6113720875638,-288.041700182986));
#1285=CARTESIAN_POINT('Ctrl Pts',(-14.4785094101607,-91.4693761244119,-288.324681847302));
#1286=CARTESIAN_POINT('Ctrl Pts',(-14.1002399263506,-91.1912723242398,-288.899431308501));
#1287=CARTESIAN_POINT('Ctrl Pts',(-13.7312004045069,-90.9298694477691,-289.488576439181));
#1288=CARTESIAN_POINT('Ctrl Pts',(-13.5534827755722,-90.7985122791978,-289.787762350542));
#1289=CARTESIAN_POINT('Ctrl Pts',(-13.2064228020261,-90.5391097181719,-290.392341894534));
#1290=CARTESIAN_POINT('Ctrl Pts',(-12.8662827766714,-90.2910476140796,-291.008359970339));
#1291=CARTESIAN_POINT('Ctrl Pts',(-12.7036743414979,-90.1664274546602,-291.321448282049));
#1292=CARTESIAN_POINT('Ctrl Pts',(-12.3875505588612,-89.9196193753525,-291.953627835356));
#1293=CARTESIAN_POINT('Ctrl Pts',(-12.079783677982,-89.6889821926043,-292.601897300807));
#1294=CARTESIAN_POINT('Ctrl Pts',(-11.931400946072,-89.5739084263233,-292.929520777946));
#1295=CARTESIAN_POINT('Ctrl Pts',(-11.6484422953017,-89.3496041859991,-293.595092306437));
#1296=CARTESIAN_POINT('Ctrl Pts',(-11.3837654699821,-89.1459339268138,-294.279846720697));
#1297=CARTESIAN_POINT('Ctrl Pts',(-11.2564793638425,-89.0489527625626,-294.627585515279));
#1298=CARTESIAN_POINT('Ctrl Pts',(-11.0229887192338,-88.8604196368,-295.332570364799));
#1299=CARTESIAN_POINT('Ctrl Pts',(-10.820311087721,-88.7034340578066,-296.06121735466));
#1300=CARTESIAN_POINT('Ctrl Pts',(-10.7305210612722,-88.6312879173719,-296.429066907412));
#1301=CARTESIAN_POINT('Ctrl Pts',(-10.5665944588232,-88.4963694011669,-297.17698321442));
#1302=CARTESIAN_POINT('Ctrl Pts',(-10.4546782052711,-88.4086107963597,-297.947146455146));
#1303=CARTESIAN_POINT('Ctrl Pts',(-10.4229566275632,-88.3657519476385,-298.332570050808));
#1304=CARTESIAN_POINT('Ctrl Pts',(-10.3761007263988,-88.3058669920336,-299.114310131875));
#1305=CARTESIAN_POINT('Ctrl Pts',(-10.3981255583449,-88.2959038640827,-299.902737008072));
#1306=CARTESIAN_POINT('Ctrl Pts',(-10.447228517995,-88.3001355164122,-300.29048184941));
#1307=CARTESIAN_POINT('Ctrl Pts',(-10.5898796001222,-88.2840698702839,-301.045186004863));
#1308=CARTESIAN_POINT('Ctrl Pts',(-10.7890552878322,-88.3259865958605,-301.795248852145));
#1309=CARTESIAN_POINT('Ctrl Pts',(-10.9031134836037,-88.3658142554722,-302.167474116471));
#1310=CARTESIAN_POINT('Ctrl Pts',(-11.1772220900318,-88.4453569294149,-302.885338292621));
#1311=CARTESIAN_POINT('Ctrl Pts',(-11.5024890619184,-88.5642404580036,-303.567776478994));
#1312=CARTESIAN_POINT('Ctrl Pts',(-11.6772117470174,-88.6320511764406,-303.897644844192));
#1313=CARTESIAN_POINT('Ctrl Pts',(-12.0499878002438,-88.7846089101152,-304.531567639356));
#1314=CARTESIAN_POINT('Ctrl Pts',(-12.4542660701319,-88.9728102063018,-305.117591028114));
#1315=CARTESIAN_POINT('Ctrl Pts',(-12.6619268233623,-89.0753949056878,-305.39873930599));
#1316=CARTESIAN_POINT('Ctrl Pts',(-12.9791600789286,-89.2404981603178,-305.804545327833));
#1317=CARTESIAN_POINT('Ctrl Pts',(-13.2984540339145,-89.41982879872,-306.190707880582));
#1318=CARTESIAN_POINT('Ctrl Pts',(-13.4047736054961,-89.481024950347,-306.317468590686));
#1319=CARTESIAN_POINT('Ctrl Pts',(-13.6164693154064,-89.6058227675654,-306.56753969106));
#1320=CARTESIAN_POINT('Ctrl Pts',(-13.82477446439,-89.734403745723,-306.81168251805));
#1321=CARTESIAN_POINT('Ctrl Pts',(-13.927704620203,-89.7993841511276,-306.932514482672));
#1322=CARTESIAN_POINT('Ctrl Pts',(-14.1303357898099,-89.9301374178258,-307.172201805653));
#1323=CARTESIAN_POINT('Ctrl Pts',(-14.3250740054466,-90.0613276231366,-307.408858304554));
#1324=CARTESIAN_POINT('Ctrl Pts',(-14.4201111755893,-90.1267448136844,-307.526659645018));
#1325=CARTESIAN_POINT('Ctrl Pts',(-14.6048826557981,-90.2566690451518,-307.761623780455));
#1326=CARTESIAN_POINT('Ctrl Pts',(-14.778117042512,-90.3838667474036,-307.995968458889));
#1327=CARTESIAN_POINT('Ctrl Pts',(-14.8616156869497,-90.4465563396964,-308.113151020993));
#1328=CARTESIAN_POINT('Ctrl Pts',(-15.1023152310718,-90.631368242239,-308.465095643919));
#1329=CARTESIAN_POINT('Ctrl Pts',(-15.313104666337,-90.8053346905467,-308.818950674503));
#1330=CARTESIAN_POINT('Ctrl Pts',(-15.4398611547095,-90.9155284714265,-309.056348268919));
#1331=CARTESIAN_POINT('Ctrl Pts',(-15.5537883251145,-91.0198684778827,-309.295213014981));
#1332=CARTESIAN_POINT('Ctrl Pts',(-15.6561371217132,-91.1185843562673,-309.535348782771));
#1333=CARTESIAN_POINT('Ctrl Pts',(-17.4911247828025,-93.3339801968605,-285.122197141358));
#1334=CARTESIAN_POINT('Ctrl Pts',(-17.2458911670123,-93.1494486852437,-285.310355620984));
#1335=CARTESIAN_POINT('Ctrl Pts',(-17.011354179439,-92.9692908947034,-285.519139355095));
#1336=CARTESIAN_POINT('Ctrl Pts',(-16.789374107119,-92.7976360253214,-285.751556412346));
#1337=CARTESIAN_POINT('Ctrl Pts',(-16.3566543121648,-92.4661125897073,-286.240870257767));
#1338=CARTESIAN_POINT('Ctrl Pts',(-15.9282647903822,-92.1541931684899,-286.759222239004));
#1339=CARTESIAN_POINT('Ctrl Pts',(-15.7260361264208,-91.9949113705177,-287.022101744794));
#1340=CARTESIAN_POINT('Ctrl Pts',(-15.3250973815425,-91.7037726351681,-287.5699662896));
#1341=CARTESIAN_POINT('Ctrl Pts',(-14.9313919004323,-91.4198059732614,-288.126261366796));
#1342=CARTESIAN_POINT('Ctrl Pts',(-14.745393586604,-91.2887595673585,-288.419103408915));
#1343=CARTESIAN_POINT('Ctrl Pts',(-14.368344759004,-91.0285766212608,-288.99752005596));
#1344=CARTESIAN_POINT('Ctrl Pts',(-14.0072313826953,-90.7694602094404,-289.583330460761));
#1345=CARTESIAN_POINT('Ctrl Pts',(-13.8243494064308,-90.6488009105973,-289.883752929744));
#1346=CARTESIAN_POINT('Ctrl Pts',(-13.4981422820422,-90.3796835402844,-290.490364392916));
#1347=CARTESIAN_POINT('Ctrl Pts',(-13.1367209385168,-90.1492150337084,-291.094243028045));
#1348=CARTESIAN_POINT('Ctrl Pts',(-12.9852172277824,-90.0125270576004,-291.407249916384));
#1349=CARTESIAN_POINT('Ctrl Pts',(-12.6724152285914,-89.7611960630799,-292.030926248705));
#1350=CARTESIAN_POINT('Ctrl Pts',(-12.367261811106,-89.5193968222032,-292.669098402207));
#1351=CARTESIAN_POINT('Ctrl Pts',(-12.2120018341568,-89.3958522904183,-292.987885960692));
#1352=CARTESIAN_POINT('Ctrl Pts',(-11.9295725384274,-89.1649712846417,-293.646874835891));
#1353=CARTESIAN_POINT('Ctrl Pts',(-11.6527653619461,-88.9444905474498,-294.31710837437));
#1354=CARTESIAN_POINT('Ctrl Pts',(-11.5183143721617,-88.83800523994,-294.656255468864));
#1355=CARTESIAN_POINT('Ctrl Pts',(-11.2802134301415,-88.6426128353434,-295.356861895558));
#1356=CARTESIAN_POINT('Ctrl Pts',(-11.0528113916236,-88.4529816589571,-296.062766657428));
#1357=CARTESIAN_POINT('Ctrl Pts',(-10.9544251265531,-88.3771255846007,-296.4303926343));
#1358=CARTESIAN_POINT('Ctrl Pts',(-10.7735078895513,-88.2245737029203,-297.167756695992));
#1359=CARTESIAN_POINT('Ctrl Pts',(-10.6370023665292,-88.1090183676722,-297.9289582632));
#1360=CARTESIAN_POINT('Ctrl Pts',(-10.5824477660803,-88.0607406523488,-298.313790104945));
#1361=CARTESIAN_POINT('Ctrl Pts',(-10.5077525003243,-87.9821194280204,-299.090936371281));
#1362=CARTESIAN_POINT('Ctrl Pts',(-10.4947011954296,-87.9537697405053,-299.880513176459));
#1363=CARTESIAN_POINT('Ctrl Pts',(-10.5094464301713,-87.9525235692237,-300.276250749903));
#1364=CARTESIAN_POINT('Ctrl Pts',(-10.60508891458,-87.9478247425449,-301.054177691716));
#1365=CARTESIAN_POINT('Ctrl Pts',(-10.7674433272665,-88.0074615297753,-301.829987604025));
#1366=CARTESIAN_POINT('Ctrl Pts',(-10.8858626106137,-88.0323291796931,-302.199853736133));
#1367=CARTESIAN_POINT('Ctrl Pts',(-11.1573780861061,-88.0973914191127,-302.923202996865));
#1368=CARTESIAN_POINT('Ctrl Pts',(-11.4694167162734,-88.2158753136098,-303.62110192975));
#1369=CARTESIAN_POINT('Ctrl Pts',(-11.6416868558745,-88.2823359902293,-303.957065336159));
#1370=CARTESIAN_POINT('Ctrl Pts',(-12.0152851367278,-88.431239843701,-304.600373462301));
#1371=CARTESIAN_POINT('Ctrl Pts',(-12.4248468644815,-88.6190263164548,-305.193693222755));
#1372=CARTESIAN_POINT('Ctrl Pts',(-12.6356166333908,-88.7223784472875,-305.478076361961));
#1373=CARTESIAN_POINT('Ctrl Pts',(-12.9597705034399,-88.889059049888,-305.887329029546));
#1374=CARTESIAN_POINT('Ctrl Pts',(-13.2880710659497,-89.071279275138,-306.275583330342));
#1375=CARTESIAN_POINT('Ctrl Pts',(-13.3975932133501,-89.1335890190201,-306.402906786222));
#1376=CARTESIAN_POINT('Ctrl Pts',(-13.616026433014,-89.2608897982187,-306.653864186285));
#1377=CARTESIAN_POINT('Ctrl Pts',(-13.8315705416816,-89.3924169869109,-306.89848412569));
#1378=CARTESIAN_POINT('Ctrl Pts',(-13.9382049310578,-89.4589547544548,-307.019469551501));
#1379=CARTESIAN_POINT('Ctrl Pts',(-14.148310832955,-89.5929153538066,-307.259338601761));
#1380=CARTESIAN_POINT('Ctrl Pts',(-14.3504484707369,-89.727355280931,-307.496016379346));
#1381=CARTESIAN_POINT('Ctrl Pts',(-14.449114727659,-89.7943720340508,-307.613810654268));
#1382=CARTESIAN_POINT('Ctrl Pts',(-14.6409055011002,-89.9273789528481,-307.848766332813));
#1383=CARTESIAN_POINT('Ctrl Pts',(-14.8205538947377,-90.0573407629782,-308.083165217681));
#1384=CARTESIAN_POINT('Ctrl Pts',(-14.9070758377342,-90.1213110013339,-308.200403610696));
#1385=CARTESIAN_POINT('Ctrl Pts',(-15.1562470822197,-90.3096293847928,-308.552618968195));
#1386=CARTESIAN_POINT('Ctrl Pts',(-15.3736983504083,-90.4860809710795,-308.907054124467));
#1387=CARTESIAN_POINT('Ctrl Pts',(-15.5040789432677,-90.5974659489466,-309.14497531559));
#1388=CARTESIAN_POINT('Ctrl Pts',(-15.6209962671142,-90.7026343063215,-309.384418526892));
#1389=CARTESIAN_POINT('Ctrl Pts',(-15.7258391210834,-90.8018902962103,-309.625132988966));
#1390=CARTESIAN_POINT('Ctrl Pts',(-17.9082351970441,-92.8906152789285,-285.202454692209));
#1391=CARTESIAN_POINT('Ctrl Pts',(-17.6786734925233,-92.7063470720884,-285.409812525062));
#1392=CARTESIAN_POINT('Ctrl Pts',(-17.4584147826792,-92.5310292509297,-285.635638373982));
#1393=CARTESIAN_POINT('Ctrl Pts',(-17.2569431178805,-92.3663823658465,-285.889510584831));
#1394=CARTESIAN_POINT('Ctrl Pts',(-16.8363442590966,-92.0927842684246,-286.421912693734));
#1395=CARTESIAN_POINT('Ctrl Pts',(-16.435408156845,-91.8150351372055,-286.961944430471));
#1396=CARTESIAN_POINT('Ctrl Pts',(-16.2353811023232,-91.6830236524131,-287.245934203995));
#1397=CARTESIAN_POINT('Ctrl Pts',(-15.8485587899193,-91.4264119675306,-287.807611153226));
#1398=CARTESIAN_POINT('Ctrl Pts',(-15.4647273386956,-91.2026719972206,-288.386766219993));
#1399=CARTESIAN_POINT('Ctrl Pts',(-15.2767560111672,-91.0792344580962,-288.679593182934));
#1400=CARTESIAN_POINT('Ctrl Pts',(-14.9140742472572,-90.8209024965791,-289.251978735325));
#1401=CARTESIAN_POINT('Ctrl Pts',(-14.54367516991,-90.5922789628226,-289.831446635631));
#1402=CARTESIAN_POINT('Ctrl Pts',(-14.3723210082,-90.4721416124258,-290.133208133989));
#1403=CARTESIAN_POINT('Ctrl Pts',(-14.0505773760321,-90.2136463553645,-290.731855546562));
#1404=CARTESIAN_POINT('Ctrl Pts',(-13.7005687488434,-89.9771833862502,-291.324090886513));
#1405=CARTESIAN_POINT('Ctrl Pts',(-13.5458486190977,-89.8366833316286,-291.627659491046));
#1406=CARTESIAN_POINT('Ctrl Pts',(-13.2507071545652,-89.574847175229,-292.242064629569));
#1407=CARTESIAN_POINT('Ctrl Pts',(-12.9371861919891,-89.3309804181491,-292.865278059372));
#1408=CARTESIAN_POINT('Ctrl Pts',(-12.7976299144588,-89.192709661908,-293.184096654755));
#1409=CARTESIAN_POINT('Ctrl Pts',(-12.510297106012,-88.9209478850287,-293.80548020808));
#1410=CARTESIAN_POINT('Ctrl Pts',(-12.2335466579605,-88.6702589163192,-294.446609834266));
#1411=CARTESIAN_POINT('Ctrl Pts',(-12.0971398961593,-88.5513377026921,-294.781253948187));
#1412=CARTESIAN_POINT('Ctrl Pts',(-11.8409697417284,-88.2855646488545,-295.432941257481));
#1413=CARTESIAN_POINT('Ctrl Pts',(-11.6091879434381,-88.0797887543095,-296.13045171481));
#1414=CARTESIAN_POINT('Ctrl Pts',(-11.4867257053859,-87.9672959468575,-296.473378819085));
#1415=CARTESIAN_POINT('Ctrl Pts',(-11.2766937415903,-87.7659373135168,-297.183682767938));
#1416=CARTESIAN_POINT('Ctrl Pts',(-11.0938391548321,-87.6017060094493,-297.921742064465));
#1417=CARTESIAN_POINT('Ctrl Pts',(-11.0118298144087,-87.5280655758169,-298.297660966756));
#1418=CARTESIAN_POINT('Ctrl Pts',(-10.8754569872625,-87.4034592675004,-299.061011000359));
#1419=CARTESIAN_POINT('Ctrl Pts',(-10.7973678090611,-87.3322141534087,-299.847896922652));
#1420=CARTESIAN_POINT('Ctrl Pts',(-10.7754774324583,-87.3049865572784,-300.244099780237));
#1421=CARTESIAN_POINT('Ctrl Pts',(-10.7683755436799,-87.285765933281,-301.048798089466));
#1422=CARTESIAN_POINT('Ctrl Pts',(-10.8520165646078,-87.3196761335847,-301.848849007425));
#1423=CARTESIAN_POINT('Ctrl Pts',(-10.9418333904265,-87.3450566857826,-302.234253908083));
#1424=CARTESIAN_POINT('Ctrl Pts',(-11.1458029741931,-87.4224341660122,-303.001607580228));
#1425=CARTESIAN_POINT('Ctrl Pts',(-11.4277657674764,-87.5368193546747,-303.730438890556));
#1426=CARTESIAN_POINT('Ctrl Pts',(-11.6041699830276,-87.5875263496584,-304.070765999929));
#1427=CARTESIAN_POINT('Ctrl Pts',(-11.973232532968,-87.7294448091802,-304.736439369619));
#1428=CARTESIAN_POINT('Ctrl Pts',(-12.3810281347121,-87.9203040176803,-305.351284357667));
#1429=CARTESIAN_POINT('Ctrl Pts',(-12.5971204501181,-88.0228508484184,-305.641719986379));
#1430=CARTESIAN_POINT('Ctrl Pts',(-12.9329902645523,-88.1913339096591,-306.058738311842));
#1431=CARTESIAN_POINT('Ctrl Pts',(-13.2773853011351,-88.3789676203485,-306.452253594199));
#1432=CARTESIAN_POINT('Ctrl Pts',(-13.3927004900748,-88.4434781832346,-306.581056886017));
#1433=CARTESIAN_POINT('Ctrl Pts',(-13.6236213538893,-88.5758082274081,-306.834322666996));
#1434=CARTESIAN_POINT('Ctrl Pts',(-13.8531170670653,-88.7133633114943,-307.080110188379));
#1435=CARTESIAN_POINT('Ctrl Pts',(-13.9670156791361,-88.7830975925431,-307.201428481806));
#1436=CARTESIAN_POINT('Ctrl Pts',(-14.1919230036897,-88.9236651581959,-307.44163405029));
#1437=CARTESIAN_POINT('Ctrl Pts',(-14.4088612270287,-89.0648050655711,-307.67824503217));
#1438=CARTESIAN_POINT('Ctrl Pts',(-14.51478958133,-89.1351121247574,-307.795970670374));
#1439=CARTESIAN_POINT('Ctrl Pts',(-14.7205907343651,-89.2744150251227,-308.030811827081));
#1440=CARTESIAN_POINT('Ctrl Pts',(-14.9129303754033,-89.4099073168595,-308.265254160855));
#1441=CARTESIAN_POINT('Ctrl Pts',(-15.0053939387221,-89.4764011488218,-308.382582244472));
#1442=CARTESIAN_POINT('Ctrl Pts',(-15.2710863200825,-89.6715144092073,-308.735305213261));
#1443=CARTESIAN_POINT('Ctrl Pts',(-15.5011745108577,-89.8524731085239,-309.090948893477));
#1444=CARTESIAN_POINT('Ctrl Pts',(-15.6382836984981,-89.9658910139381,-309.32997282397));
#1445=CARTESIAN_POINT('Ctrl Pts',(-15.760716209782,-90.0723953889552,-309.57060222228));
#1446=CARTESIAN_POINT('Ctrl Pts',(-15.8701623691632,-90.1724506409476,-309.812464429266));
#1447=CARTESIAN_POINT('Ctrl Pts',(-18.391078694707,-92.5922375542632,-285.418609841834));
#1448=CARTESIAN_POINT('Ctrl Pts',(-18.1752747094388,-92.4184063467646,-285.648506782591));
#1449=CARTESIAN_POINT('Ctrl Pts',(-17.9688479488013,-92.2546526653426,-285.895794927313));
#1450=CARTESIAN_POINT('Ctrl Pts',(-17.7613024601577,-92.1383364661978,-286.175872008539));
#1451=CARTESIAN_POINT('Ctrl Pts',(-17.3765061180283,-91.8712376928665,-286.720436129176));
#1452=CARTESIAN_POINT('Ctrl Pts',(-16.9536932237656,-91.6999304349005,-287.292162896596));
#1453=CARTESIAN_POINT('Ctrl Pts',(-16.7668509678482,-91.5630770179496,-287.567690395981));
#1454=CARTESIAN_POINT('Ctrl Pts',(-16.3896574606338,-91.3382442204447,-288.13683610622));
#1455=CARTESIAN_POINT('Ctrl Pts',(-16.0065172677323,-91.1263483704833,-288.706743586379));
#1456=CARTESIAN_POINT('Ctrl Pts',(-15.8254138882373,-91.0113030229407,-288.994883040143));
#1457=CARTESIAN_POINT('Ctrl Pts',(-15.4711591802231,-90.7816774221194,-289.574919367524));
#1458=CARTESIAN_POINT('Ctrl Pts',(-15.1135964278993,-90.558880151131,-290.152768090289));
#1459=CARTESIAN_POINT('Ctrl Pts',(-14.9470938447075,-90.4405215233586,-290.445606079576));
#1460=CARTESIAN_POINT('Ctrl Pts',(-14.6179085890519,-90.1978193881776,-291.02956504692));
#1461=CARTESIAN_POINT('Ctrl Pts',(-14.295005959251,-89.9510719627171,-291.61859023279));
#1462=CARTESIAN_POINT('Ctrl Pts',(-14.1394561112389,-89.8210217282823,-291.914857909132));
#1463=CARTESIAN_POINT('Ctrl Pts',(-13.8356087920635,-89.5578699354016,-292.514639394728));
#1464=CARTESIAN_POINT('Ctrl Pts',(-13.5298493882966,-89.296013864891,-293.120638151317));
#1465=CARTESIAN_POINT('Ctrl Pts',(-13.3870802191446,-89.1595967199795,-293.428371548325));
#1466=CARTESIAN_POINT('Ctrl Pts',(-13.1140065078036,-88.8770100326305,-294.043936569656));
#1467=CARTESIAN_POINT('Ctrl Pts',(-12.8304698017033,-88.6100602274686,-294.667863814515));
#1468=CARTESIAN_POINT('Ctrl Pts',(-12.7074080569966,-88.4684470070841,-294.987012016701));
#1469=CARTESIAN_POINT('Ctrl Pts',(-12.484852005592,-88.1808078720679,-295.624218709641));
#1470=CARTESIAN_POINT('Ctrl Pts',(-12.1992744485173,-87.9184680148039,-296.271859083959));
#1471=CARTESIAN_POINT('Ctrl Pts',(-12.1071319560021,-87.7772727359243,-296.603458405445));
#1472=CARTESIAN_POINT('Ctrl Pts',(-11.8984222393852,-87.5167415879927,-297.277335379157));
#1473=CARTESIAN_POINT('Ctrl Pts',(-11.6885381631308,-87.2945759417815,-297.98262361419));
#1474=CARTESIAN_POINT('Ctrl Pts',(-11.5973083173026,-87.1890583452951,-298.342247151271));
#1475=CARTESIAN_POINT('Ctrl Pts',(-11.4311447317098,-86.9958837217337,-299.073353005655));
#1476=CARTESIAN_POINT('Ctrl Pts',(-11.2979896548936,-86.8550162717329,-299.836340664381));
#1477=CARTESIAN_POINT('Ctrl Pts',(-11.2451888534112,-86.7982938642968,-300.226820200354));
#1478=CARTESIAN_POINT('Ctrl Pts',(-11.1726170816089,-86.7128061312535,-301.020081245101));
#1479=CARTESIAN_POINT('Ctrl Pts',(-11.1827304550435,-86.6995382240851,-301.825447715624));
#1480=CARTESIAN_POINT('Ctrl Pts',(-11.2114616061285,-86.7030962846963,-302.224348870908));
#1481=CARTESIAN_POINT('Ctrl Pts',(-11.2931389001041,-86.7602676152523,-303.032542347499));
#1482=CARTESIAN_POINT('Ctrl Pts',(-11.5159632096794,-86.864909329536,-303.798548197551));
#1483=CARTESIAN_POINT('Ctrl Pts',(-11.6725772812614,-86.9083506853769,-304.155790266769));
#1484=CARTESIAN_POINT('Ctrl Pts',(-11.9938290506744,-87.0545295155601,-304.866682232299));
#1485=CARTESIAN_POINT('Ctrl Pts',(-12.3836630319219,-87.2408104471131,-305.509051010297));
#1486=CARTESIAN_POINT('Ctrl Pts',(-12.603026283701,-87.3378932078974,-305.806234552537));
#1487=CARTESIAN_POINT('Ctrl Pts',(-12.9402764831478,-87.5066336090729,-306.237360464702));
#1488=CARTESIAN_POINT('Ctrl Pts',(-13.2927929249144,-87.6988366895724,-306.640421027041));
#1489=CARTESIAN_POINT('Ctrl Pts',(-13.4117941587358,-87.7652248070389,-306.771668001464));
#1490=CARTESIAN_POINT('Ctrl Pts',(-13.6520315626236,-87.9020533851343,-307.028471845475));
#1491=CARTESIAN_POINT('Ctrl Pts',(-13.893862427692,-88.045482260584,-307.275762563793));
#1492=CARTESIAN_POINT('Ctrl Pts',(-14.014479354582,-88.1184708048968,-307.39748332316));
#1493=CARTESIAN_POINT('Ctrl Pts',(-14.2533778373978,-88.2659168109536,-307.638079483029));
#1494=CARTESIAN_POINT('Ctrl Pts',(-14.4846043095808,-88.4140676813611,-307.874556899789));
#1495=CARTESIAN_POINT('Ctrl Pts',(-14.5975428623093,-88.4877624896933,-307.99216505855));
#1496=CARTESIAN_POINT('Ctrl Pts',(-14.8167628528926,-88.6333520392659,-308.226785259923));
#1497=CARTESIAN_POINT('Ctrl Pts',(-15.0209408764102,-88.7739772815858,-308.46121123542));
#1498=CARTESIAN_POINT('Ctrl Pts',(-15.118832616844,-88.8427015311792,-308.578625734934));
#1499=CARTESIAN_POINT('Ctrl Pts',(-15.3992852489488,-89.0435503347139,-308.931941606836));
#1500=CARTESIAN_POINT('Ctrl Pts',(-15.6398371167263,-89.2276503568103,-309.289087514121));
#1501=CARTESIAN_POINT('Ctrl Pts',(-15.782288662032,-89.3422790707225,-309.529425317405));
#1502=CARTESIAN_POINT('Ctrl Pts',(-15.9091466299756,-89.4494365120306,-309.77132663358));
#1503=CARTESIAN_POINT('Ctrl Pts',(-16.0223894614741,-89.5497417669599,-310.014301278197));
#1504=CARTESIAN_POINT('Ctrl Pts',(-18.6405086867711,-92.4912346068435,-285.556031337744));
#1505=CARTESIAN_POINT('Ctrl Pts',(-18.4282904566024,-92.3317232392154,-285.799810531629));
#1506=CARTESIAN_POINT('Ctrl Pts',(-18.223136944043,-92.1874651146409,-286.061321750744));
#1507=CARTESIAN_POINT('Ctrl Pts',(-18.0236053946434,-92.0668182588921,-286.340517622854));
#1508=CARTESIAN_POINT('Ctrl Pts',(-17.6264278935539,-91.8434479483226,-286.897123199912));
#1509=CARTESIAN_POINT('Ctrl Pts',(-17.2307994523584,-91.6401724206536,-287.456389279669));
#1510=CARTESIAN_POINT('Ctrl Pts',(-17.0389331060493,-91.5311702679456,-287.738235487763));
#1511=CARTESIAN_POINT('Ctrl Pts',(-16.663090238001,-91.3161349915511,-288.307000070188));
#1512=CARTESIAN_POINT('Ctrl Pts',(-16.2933546475633,-91.1072674706046,-288.879612178782));
#1513=CARTESIAN_POINT('Ctrl Pts',(-16.1127598423551,-90.9998025810089,-289.167462636257));
#1514=CARTESIAN_POINT('Ctrl Pts',(-15.7580389530145,-90.780477446197,-289.742934138207));
#1515=CARTESIAN_POINT('Ctrl Pts',(-15.4119404818398,-90.5584544514639,-290.319710812262));
#1516=CARTESIAN_POINT('Ctrl Pts',(-15.2446202342565,-90.4440235734435,-290.609829328629));
#1517=CARTESIAN_POINT('Ctrl Pts',(-14.9178552094241,-90.2071481307702,-291.190273039035));
#1518=CARTESIAN_POINT('Ctrl Pts',(-14.5986589991126,-89.9604798089849,-291.773528709492));
#1519=CARTESIAN_POINT('Ctrl Pts',(-14.4436641614963,-89.8319526392486,-292.067250754464));
#1520=CARTESIAN_POINT('Ctrl Pts',(-14.1389271465889,-89.5716799487549,-292.659767453739));
#1521=CARTESIAN_POINT('Ctrl Pts',(-13.8406949414905,-89.3050828942821,-293.260399284582));
#1522=CARTESIAN_POINT('Ctrl Pts',(-13.6973834867033,-89.1665722056513,-293.562980320823));
#1523=CARTESIAN_POINT('Ctrl Pts',(-13.4150867134207,-88.8868833761506,-294.170905640141));
#1524=CARTESIAN_POINT('Ctrl Pts',(-13.1398692489763,-88.6086495029268,-294.789223868961));
#1525=CARTESIAN_POINT('Ctrl Pts',(-13.0145649232264,-88.464661663179,-295.10120020082));
#1526=CARTESIAN_POINT('Ctrl Pts',(-12.7659030482574,-88.1772368812841,-295.728248981177));
#1527=CARTESIAN_POINT('Ctrl Pts',(-12.5135163323607,-87.8999944451773,-296.369691118325));
#1528=CARTESIAN_POINT('Ctrl Pts',(-12.4113172025993,-87.7470034260705,-296.69108188168));
#1529=CARTESIAN_POINT('Ctrl Pts',(-12.2203304041668,-87.4620580028383,-297.351436859443));
#1530=CARTESIAN_POINT('Ctrl Pts',(-12.0004042604731,-87.2109909321302,-298.038187221079));
#1531=CARTESIAN_POINT('Ctrl Pts',(-11.9179365324675,-87.0739986455815,-298.386007856609));
#1532=CARTESIAN_POINT('Ctrl Pts',(-11.7459955774223,-86.8444860505532,-299.091744222642));
#1533=CARTESIAN_POINT('Ctrl Pts',(-11.5871212485824,-86.6610089500812,-299.841110064868));
#1534=CARTESIAN_POINT('Ctrl Pts',(-11.5253450974608,-86.5933545450363,-300.226118144837));
#1535=CARTESIAN_POINT('Ctrl Pts',(-11.4270021314391,-86.4681951395079,-301.006902848243));
#1536=CARTESIAN_POINT('Ctrl Pts',(-11.3981322689489,-86.4184103016955,-301.809332137392));
#1537=CARTESIAN_POINT('Ctrl Pts',(-11.4005164773062,-86.408842269974,-302.211926800382));
#1538=CARTESIAN_POINT('Ctrl Pts',(-11.4526395257319,-86.4326626294963,-303.02062953404));
#1539=CARTESIAN_POINT('Ctrl Pts',(-11.6190933402441,-86.5199412993706,-303.807353570183));
#1540=CARTESIAN_POINT('Ctrl Pts',(-11.7304291550606,-86.5754937056719,-304.190741617991));
#1541=CARTESIAN_POINT('Ctrl Pts',(-12.0073208931721,-86.7363548189016,-304.938712252238));
#1542=CARTESIAN_POINT('Ctrl Pts',(-12.4068710860927,-86.9017725298123,-305.581001838846));
#1543=CARTESIAN_POINT('Ctrl Pts',(-12.6261446080011,-86.9950238896841,-305.88019332104));
#1544=CARTESIAN_POINT('Ctrl Pts',(-12.9570964846055,-87.1669817279089,-306.325231098306));
#1545=CARTESIAN_POINT('Ctrl Pts',(-13.3087986662348,-87.3625361389392,-306.736689503125));
#1546=CARTESIAN_POINT('Ctrl Pts',(-13.4286936078197,-87.4297839149388,-306.869620163655));
#1547=CARTESIAN_POINT('Ctrl Pts',(-13.6722910653166,-87.5686270935576,-307.128685941772));
#1548=CARTESIAN_POINT('Ctrl Pts',(-13.9197585241784,-87.7147654039617,-307.376722751298));
#1549=CARTESIAN_POINT('Ctrl Pts',(-14.0435326492099,-87.7893431304589,-307.49864770572));
#1550=CARTESIAN_POINT('Ctrl Pts',(-14.2891468516232,-87.9401903422929,-307.739391323821));
#1551=CARTESIAN_POINT('Ctrl Pts',(-14.5273040770706,-88.0918587784246,-307.975764975044));
#1552=CARTESIAN_POINT('Ctrl Pts',(-14.6436271560757,-88.167245356997,-308.09330935075));
#1553=CARTESIAN_POINT('Ctrl Pts',(-14.8692742961167,-88.3159127508109,-308.327818989672));
#1554=CARTESIAN_POINT('Ctrl Pts',(-15.0790014123004,-88.4589271146778,-308.562261471226));
#1555=CARTESIAN_POINT('Ctrl Pts',(-15.1793997289677,-88.5286507855046,-308.67973738517));
#1556=CARTESIAN_POINT('Ctrl Pts',(-15.4665657499837,-88.7319763224146,-309.033423894551));
#1557=CARTESIAN_POINT('Ctrl Pts',(-15.7116279526068,-88.9172034387564,-309.39143437399));
#1558=CARTESIAN_POINT('Ctrl Pts',(-15.8563232978543,-89.0321961833464,-309.632502321862));
#1559=CARTESIAN_POINT('Ctrl Pts',(-15.9850823253113,-89.139495878184,-309.875066805458));
#1560=CARTESIAN_POINT('Ctrl Pts',(-16.100011231933,-89.2397892490855,-310.118584987921));
#1561=CARTESIAN_POINT('Ctrl Pts',(-19.1556633128384,-92.3452695456244,-285.852003795862));
#1562=CARTESIAN_POINT('Ctrl Pts',(-18.9500749062633,-92.2075940588843,-286.114561765203));
#1563=CARTESIAN_POINT('Ctrl Pts',(-18.7499620833086,-92.0851133336586,-286.390849208362));
#1564=CARTESIAN_POINT('Ctrl Pts',(-18.5547194609384,-91.9775725240677,-286.675970855635));
#1565=CARTESIAN_POINT('Ctrl Pts',(-18.167999446441,-91.7755452033561,-287.242384011269));
#1566=CARTESIAN_POINT('Ctrl Pts',(-17.7885085361862,-91.5900342795123,-287.809638958212));
#1567=CARTESIAN_POINT('Ctrl Pts',(-17.6012991417071,-91.4962348329648,-288.093506589111));
#1568=CARTESIAN_POINT('Ctrl Pts',(-17.2335699524158,-91.3058978101921,-288.663594754671));
#1569=CARTESIAN_POINT('Ctrl Pts',(-16.8761322331793,-91.1117330009877,-289.235447715819));
#1570=CARTESIAN_POINT('Ctrl Pts',(-16.6999548551245,-91.0131599400648,-289.521481164373));
#1571=CARTESIAN_POINT('Ctrl Pts',(-16.3533508505111,-90.8110213647571,-290.093379848598));
#1572=CARTESIAN_POINT('Ctrl Pts',(-16.0184860511082,-90.5983439518215,-290.66498107445));
#1573=CARTESIAN_POINT('Ctrl Pts',(-15.8543894372477,-90.4888211115056,-290.950786392468));
#1574=CARTESIAN_POINT('Ctrl Pts',(-15.5324062941671,-90.2618577240882,-291.522615174494));
#1575=CARTESIAN_POINT('Ctrl Pts',(-15.2210218878555,-90.0193871975516,-292.096746546714));
#1576=CARTESIAN_POINT('Ctrl Pts',(-15.0677273569898,-89.8942588836454,-292.384938174132));
#1577=CARTESIAN_POINT('Ctrl Pts',(-14.7654584893008,-89.6372480948419,-292.964784318585));
#1578=CARTESIAN_POINT('Ctrl Pts',(-14.4728021629713,-89.3669517789124,-293.551420805469));
#1579=CARTESIAN_POINT('Ctrl Pts',(-14.3294667723958,-89.2281818562364,-293.846378582482));
#1580=CARTESIAN_POINT('Ctrl Pts',(-14.0472189771938,-88.9459676826317,-294.440079522957));
#1581=CARTESIAN_POINT('Ctrl Pts',(-13.7778745108694,-88.6549719160175,-295.041247877997));
#1582=CARTESIAN_POINT('Ctrl Pts',(-13.6488362156089,-88.5065384121167,-295.343470752182));
#1583=CARTESIAN_POINT('Ctrl Pts',(-13.3920046572853,-88.2090198144535,-295.952205101186));
#1584=CARTESIAN_POINT('Ctrl Pts',(-13.1527239416719,-87.9032405937523,-296.57115271945));
#1585=CARTESIAN_POINT('Ctrl Pts',(-13.0471032995248,-87.743426664337,-296.883061496129));
#1586=CARTESIAN_POINT('Ctrl Pts',(-12.8349718817142,-87.4311113554585,-297.518066004443));
#1587=CARTESIAN_POINT('Ctrl Pts',(-12.6266773389172,-87.1305490582171,-298.176188711629));
#1588=CARTESIAN_POINT('Ctrl Pts',(-12.5475033244177,-86.969793016679,-298.511048755804));
#1589=CARTESIAN_POINT('Ctrl Pts',(-12.3803376055836,-86.6718787704728,-299.176459879479));
#1590=CARTESIAN_POINT('Ctrl Pts',(-12.2215922355872,-86.416269172475,-299.879914928259));
#1591=CARTESIAN_POINT('Ctrl Pts',(-12.1383527512334,-86.2880191466535,-300.247798469125));
#1592=CARTESIAN_POINT('Ctrl Pts',(-12.0133418365394,-86.0825675764787,-300.996810978411));
#1593=CARTESIAN_POINT('Ctrl Pts',(-11.9176653561911,-85.9543366940453,-301.783880270659));
#1594=CARTESIAN_POINT('Ctrl Pts',(-11.8861344261029,-85.9029111772448,-302.180577700075));
#1595=CARTESIAN_POINT('Ctrl Pts',(-11.8620741878281,-85.852017937783,-302.988832595412));
#1596=CARTESIAN_POINT('Ctrl Pts',(-11.9332545421863,-85.8908304261083,-303.80403811834));
#1597=CARTESIAN_POINT('Ctrl Pts',(-11.9906173931279,-85.9286465380606,-304.209902314159));
#1598=CARTESIAN_POINT('Ctrl Pts',(-12.1739336944352,-86.0530731874582,-304.999226728007));
#1599=CARTESIAN_POINT('Ctrl Pts',(-12.5006959834126,-86.2368156148042,-305.712970538919));
#1600=CARTESIAN_POINT('Ctrl Pts',(-12.6966159611867,-86.3380013606003,-306.044716389835));
#1601=CARTESIAN_POINT('Ctrl Pts',(-13.005602397287,-86.5079493440777,-306.51510927229));
#1602=CARTESIAN_POINT('Ctrl Pts',(-13.3573348641605,-86.7007283675622,-306.934999415264));
#1603=CARTESIAN_POINT('Ctrl Pts',(-13.4790591164185,-86.7679048399596,-307.069905067341));
#1604=CARTESIAN_POINT('Ctrl Pts',(-13.7287908511297,-86.9085541573731,-307.332022716807));
#1605=CARTESIAN_POINT('Ctrl Pts',(-13.9864011488655,-87.0597731764461,-307.58169700903));
#1606=CARTESIAN_POINT('Ctrl Pts',(-14.1158951205695,-87.1376148835666,-307.704285130543));
#1607=CARTESIAN_POINT('Ctrl Pts',(-14.3734643849857,-87.2958193387952,-307.946251052701));
#1608=CARTESIAN_POINT('Ctrl Pts',(-14.6241030815013,-87.4549092483315,-308.183176051718));
#1609=CARTESIAN_POINT('Ctrl Pts',(-14.7466275674068,-87.5336549233347,-308.300760901404));
#1610=CARTESIAN_POINT('Ctrl Pts',(-14.9840820678748,-87.6880618868732,-308.535144302375));
#1611=CARTESIAN_POINT('Ctrl Pts',(-15.2038197474787,-87.8349486816224,-308.769532257694));
#1612=CARTESIAN_POINT('Ctrl Pts',(-15.3086189109024,-87.9061590510842,-308.887121123478));
#1613=CARTESIAN_POINT('Ctrl Pts',(-15.6072029041824,-88.1129478453958,-309.241694607338));
#1614=CARTESIAN_POINT('Ctrl Pts',(-15.8591762438129,-88.2992935606901,-309.601906666745));
#1615=CARTESIAN_POINT('Ctrl Pts',(-16.0073186111824,-88.414601847429,-309.844688043496));
#1616=CARTESIAN_POINT('Ctrl Pts',(-16.1392466308594,-88.5218969574251,-310.088644411489));
#1617=CARTESIAN_POINT('Ctrl Pts',(-16.2571961805678,-88.6219837187968,-310.333196824094));
#1618=CARTESIAN_POINT('Ctrl Pts',(-19.7035381816583,-92.2876529123862,-286.17613397843));
#1619=CARTESIAN_POINT('Ctrl Pts',(-19.5036904107867,-92.1656362135779,-286.449068840622));
#1620=CARTESIAN_POINT('Ctrl Pts',(-19.3087725632861,-92.056040767662,-286.731851449247));
#1621=CARTESIAN_POINT('Ctrl Pts',(-19.1179952640266,-91.9584010393193,-287.02073822691));
#1622=CARTESIAN_POINT('Ctrl Pts',(-18.7415510032924,-91.7759670565124,-287.598035031359));
#1623=CARTESIAN_POINT('Ctrl Pts',(-18.3743513887156,-91.6070904810404,-288.173043207158));
#1624=CARTESIAN_POINT('Ctrl Pts',(-18.1930025000842,-91.5227435779834,-288.459590776218));
#1625=CARTESIAN_POINT('Ctrl Pts',(-17.8356163242405,-91.3518282663423,-289.032209019912));
#1626=CARTESIAN_POINT('Ctrl Pts',(-17.4881633786346,-91.1744831602119,-289.603042821014));
#1627=CARTESIAN_POINT('Ctrl Pts',(-17.3169788187229,-91.0834651292483,-289.887958375088));
#1628=CARTESIAN_POINT('Ctrl Pts',(-16.9798827643572,-90.895653486057,-290.456386876251));
#1629=CARTESIAN_POINT('Ctrl Pts',(-16.6534384037799,-90.6946596000504,-291.02243085337));
#1630=CARTESIAN_POINT('Ctrl Pts',(-16.4930981360662,-90.5903002320354,-291.30498207133));
#1631=CARTESIAN_POINT('Ctrl Pts',(-16.1777549797258,-90.3729029802718,-291.869504440923));
#1632=CARTESIAN_POINT('Ctrl Pts',(-15.8717832958271,-90.1381997724853,-292.434612529041));
#1633=CARTESIAN_POINT('Ctrl Pts',(-15.7210196001095,-90.0163455295612,-292.717787790354));
#1634=CARTESIAN_POINT('Ctrl Pts',(-15.4236109714469,-89.7643211843424,-293.286296634391));
#1635=CARTESIAN_POINT('Ctrl Pts',(-15.1348323850311,-89.4962448735353,-293.859621607411));
#1636=CARTESIAN_POINT('Ctrl Pts',(-14.9928496334581,-89.3582227730565,-294.14766863477));
#1637=CARTESIAN_POINT('Ctrl Pts',(-14.7139354330275,-89.0752774303038,-294.726511178624));
#1638=CARTESIAN_POINT('Ctrl Pts',(-14.4463608508872,-88.7797089285496,-295.311264475868));
#1639=CARTESIAN_POINT('Ctrl Pts',(-14.3158977565056,-88.6289610023178,-295.605212387063));
#1640=CARTESIAN_POINT('Ctrl Pts',(-14.0610545474831,-88.3216660294049,-296.196432094477));
#1641=CARTESIAN_POINT('Ctrl Pts',(-13.8233099484559,-88.0017716683829,-296.796910641608));
#1642=CARTESIAN_POINT('Ctrl Pts',(-13.7108732868873,-87.8380619426211,-297.099991701799));
#1643=CARTESIAN_POINT('Ctrl Pts',(-13.490260910815,-87.5098913357499,-297.715333165585));
#1644=CARTESIAN_POINT('Ctrl Pts',(-13.2904890537764,-87.177591777918,-298.348965460777));
#1645=CARTESIAN_POINT('Ctrl Pts',(-13.1984131635935,-87.0092333580246,-298.669142700744));
#1646=CARTESIAN_POINT('Ctrl Pts',(-13.0237033207209,-86.6842553897898,-299.320693776747));
#1647=CARTESIAN_POINT('Ctrl Pts',(-12.8518590804673,-86.3809541495627,-300.004640323016));
#1648=CARTESIAN_POINT('Ctrl Pts',(-12.8146694046932,-86.2046174779975,-300.33239404769));
#1649=CARTESIAN_POINT('Ctrl Pts',(-12.6708486048038,-85.9255476255732,-301.046853360101));
#1650=CARTESIAN_POINT('Ctrl Pts',(-12.5531883321623,-85.6967627931422,-301.79215707805));
#1651=CARTESIAN_POINT('Ctrl Pts',(-12.5107580548442,-85.5931187747666,-302.167304237408));
#1652=CARTESIAN_POINT('Ctrl Pts',(-12.4370980367116,-85.4478550127252,-302.952289524712));
#1653=CARTESIAN_POINT('Ctrl Pts',(-12.4355300535157,-85.3935545479782,-303.764478985384));
#1654=CARTESIAN_POINT('Ctrl Pts',(-12.4589241721884,-85.3914897806864,-304.174029135324));
#1655=CARTESIAN_POINT('Ctrl Pts',(-12.5546004953755,-85.4406667846202,-304.987685022072));
#1656=CARTESIAN_POINT('Ctrl Pts',(-12.7611276397569,-85.5922826870997,-305.768009062493));
#1657=CARTESIAN_POINT('Ctrl Pts',(-12.8871800892966,-85.7064722573398,-306.159586451126));
#1658=CARTESIAN_POINT('Ctrl Pts',(-13.1517821673097,-85.8657249580652,-306.664988111797));
#1659=CARTESIAN_POINT('Ctrl Pts',(-13.4777402344232,-86.0569005593809,-307.112090766408));
#1660=CARTESIAN_POINT('Ctrl Pts',(-13.5933547791575,-86.1240869520122,-307.254483054938));
#1661=CARTESIAN_POINT('Ctrl Pts',(-13.8368425549107,-86.2655762121233,-307.52768177206));
#1662=CARTESIAN_POINT('Ctrl Pts',(-14.0947491972912,-86.4218433639416,-307.785439771736));
#1663=CARTESIAN_POINT('Ctrl Pts',(-14.2251593598115,-86.5035666548151,-307.911995600134));
#1664=CARTESIAN_POINT('Ctrl Pts',(-14.4877121677086,-86.669285400762,-308.159053053872));
#1665=CARTESIAN_POINT('Ctrl Pts',(-14.7471478089923,-86.8342393043968,-308.396960020173));
#1666=CARTESIAN_POINT('Ctrl Pts',(-14.8745088792271,-86.9151124312849,-308.514265324869));
#1667=CARTESIAN_POINT('Ctrl Pts',(-15.1207259601575,-87.0725278545102,-308.74811303948));
#1668=CARTESIAN_POINT('Ctrl Pts',(-15.3467880313284,-87.2206458646815,-308.982755573598));
#1669=CARTESIAN_POINT('Ctrl Pts',(-15.4539432154014,-87.2922178777034,-309.100895956864));
#1670=CARTESIAN_POINT('Ctrl Pts',(-15.7580372090498,-87.4997302412196,-309.457923108598));
#1671=CARTESIAN_POINT('Ctrl Pts',(-16.0125335351799,-87.6860425462567,-309.821913401453));
#1672=CARTESIAN_POINT('Ctrl Pts',(-16.1626994218208,-87.8012678285005,-310.06671526248));
#1673=CARTESIAN_POINT('Ctrl Pts',(-16.2970744213931,-87.9083021036805,-310.312029734416));
#1674=CARTESIAN_POINT('Ctrl Pts',(-16.4178174703543,-88.0080562836988,-310.557353846084));
#1675=CARTESIAN_POINT('Ctrl Pts',(-19.9852668777184,-92.2747257610947,-286.340603129164));
#1676=CARTESIAN_POINT('Ctrl Pts',(-19.7882267987979,-92.1593716110299,-286.617590650848));
#1677=CARTESIAN_POINT('Ctrl Pts',(-19.5958411329711,-92.0556121254434,-286.903201387032));
#1678=CARTESIAN_POINT('Ctrl Pts',(-19.4074328128782,-91.9626255837253,-287.193975807952));
#1679=CARTESIAN_POINT('Ctrl Pts',(-19.0360244927383,-91.7887985344363,-287.775307964328));
#1680=CARTESIAN_POINT('Ctrl Pts',(-18.6743464044186,-91.6282749535674,-288.354078731695));
#1681=CARTESIAN_POINT('Ctrl Pts',(-18.495751448822,-91.5482576043186,-288.642011387564));
#1682=CARTESIAN_POINT('Ctrl Pts',(-18.1435939546918,-91.3859920143025,-289.216307113804));
#1683=CARTESIAN_POINT('Ctrl Pts',(-17.8011314861655,-91.2166113830822,-289.786990150278));
#1684=CARTESIAN_POINT('Ctrl Pts',(-17.6323438521631,-91.1293525425551,-290.071439158242));
#1685=CARTESIAN_POINT('Ctrl Pts',(-17.2998348694503,-90.9485644992032,-290.638390393281));
#1686=CARTESIAN_POINT('Ctrl Pts',(-16.9775410912612,-90.7534208238637,-291.201920305286));
#1687=CARTESIAN_POINT('Ctrl Pts',(-16.8190357606459,-90.6517567239739,-291.482947755193));
#1688=CARTESIAN_POINT('Ctrl Pts',(-16.5069786119264,-90.4393959156777,-292.044037840803));
#1689=CARTESIAN_POINT('Ctrl Pts',(-16.2039131602505,-90.208725681075,-292.604840887408));
#1690=CARTESIAN_POINT('Ctrl Pts',(-16.0544544791915,-90.0887071926241,-292.885595266024));
#1691=CARTESIAN_POINT('Ctrl Pts',(-15.7594774441074,-89.8396867629056,-293.448683384724));
#1692=CARTESIAN_POINT('Ctrl Pts',(-15.47285302455,-89.5732999775066,-294.015605414801));
#1693=CARTESIAN_POINT('Ctrl Pts',(-15.3317906865517,-89.4358665351204,-294.300214021097));
#1694=CARTESIAN_POINT('Ctrl Pts',(-15.0544391065817,-89.1533584113436,-294.871844493973));
#1695=CARTESIAN_POINT('Ctrl Pts',(-14.7879291590609,-88.8563800388419,-295.448716684225));
#1696=CARTESIAN_POINT('Ctrl Pts',(-14.6577974557674,-88.7044331686598,-295.738551738059));
#1697=CARTESIAN_POINT('Ctrl Pts',(-14.4036534632145,-88.3937374824295,-296.321451031973));
#1698=CARTESIAN_POINT('Ctrl Pts',(-14.1654105313862,-88.0690452757901,-296.913293832511));
#1699=CARTESIAN_POINT('Ctrl Pts',(-14.0516764563893,-87.9028646340457,-297.211999954327));
#1700=CARTESIAN_POINT('Ctrl Pts',(-13.8309482740977,-87.5669200810504,-297.817621694431));
#1701=CARTESIAN_POINT('Ctrl Pts',(-13.6283474154183,-87.225548112266,-298.440733274906));
#1702=CARTESIAN_POINT('Ctrl Pts',(-13.5347611738412,-87.0529414756461,-298.75633319444));
#1703=CARTESIAN_POINT('Ctrl Pts',(-13.3500353036899,-86.715715244319,-299.39981210258));
#1704=CARTESIAN_POINT('Ctrl Pts',(-13.1915234319909,-86.3861911803794,-300.065156069535));
#1705=CARTESIAN_POINT('Ctrl Pts',(-13.1341196506459,-86.216251259035,-300.397698266015));
#1706=CARTESIAN_POINT('Ctrl Pts',(-12.9942505321834,-85.9075005855259,-301.093307132155));
#1707=CARTESIAN_POINT('Ctrl Pts',(-12.8873336233576,-85.6289237331102,-301.813322961684));
#1708=CARTESIAN_POINT('Ctrl Pts',(-12.846552006622,-85.4924282405884,-302.172167103504));
#1709=CARTESIAN_POINT('Ctrl Pts',(-12.7556742251102,-85.2970739052452,-302.9377511514));
#1710=CARTESIAN_POINT('Ctrl Pts',(-12.7188317249805,-85.1976843402937,-303.744650767031));
#1711=CARTESIAN_POINT('Ctrl Pts',(-12.7344668137425,-85.1621124048581,-304.149071678862));
#1712=CARTESIAN_POINT('Ctrl Pts',(-12.7901843799901,-85.1667596442309,-304.969844998071));
#1713=CARTESIAN_POINT('Ctrl Pts',(-12.9466434527862,-85.28351214772,-305.770895564808));
#1714=CARTESIAN_POINT('Ctrl Pts',(-13.0551886302941,-85.3769303291646,-306.162271661357));
#1715=CARTESIAN_POINT('Ctrl Pts',(-13.2739949996484,-85.5390549446324,-306.706778568178));
#1716=CARTESIAN_POINT('Ctrl Pts',(-13.5630663731291,-85.7412236721555,-307.190876011987));
#1717=CARTESIAN_POINT('Ctrl Pts',(-13.6630371358773,-85.8151882830155,-307.3486642472));
#1718=CARTESIAN_POINT('Ctrl Pts',(-13.8973592570073,-85.9576856183935,-307.631841926425));
#1719=CARTESIAN_POINT('Ctrl Pts',(-14.158842367613,-86.1115121257557,-307.889159976321));
#1720=CARTESIAN_POINT('Ctrl Pts',(-14.2890349130239,-86.1947646708927,-308.018004284356));
#1721=CARTESIAN_POINT('Ctrl Pts',(-14.5530192945407,-86.3627646108592,-308.267038534335));
#1722=CARTESIAN_POINT('Ctrl Pts',(-14.8154510613911,-86.5287650729381,-308.505215015284));
#1723=CARTESIAN_POINT('Ctrl Pts',(-14.9449571418984,-86.6102113992224,-308.622096076351));
#1724=CARTESIAN_POINT('Ctrl Pts',(-15.1948140714805,-86.7683640890413,-308.855226062603));
#1725=CARTESIAN_POINT('Ctrl Pts',(-15.4233677078157,-86.9159356643777,-309.089696582439));
#1726=CARTESIAN_POINT('Ctrl Pts',(-15.5310246276339,-86.9871023980198,-309.208267227739));
#1727=CARTESIAN_POINT('Ctrl Pts',(-15.8358364900156,-87.1939103426229,-309.567187448517));
#1728=CARTESIAN_POINT('Ctrl Pts',(-16.0901553483102,-87.3802271633633,-309.933786523271));
#1729=CARTESIAN_POINT('Ctrl Pts',(-16.2411586672547,-87.4954300011984,-310.179614203906));
#1730=CARTESIAN_POINT('Ctrl Pts',(-16.3766905419902,-87.6023542601046,-310.425570109824));
#1731=CARTESIAN_POINT('Ctrl Pts',(-16.4988803369287,-87.7019733331854,-310.671181847849));
#1732=CARTESIAN_POINT('Ctrl Pts',(-20.418622317879,-92.2763481004985,-286.589823526851));
#1733=CARTESIAN_POINT('Ctrl Pts',(-20.2256293585596,-92.1700149509252,-286.871799744814));
#1734=CARTESIAN_POINT('Ctrl Pts',(-20.036985907318,-92.0740424480524,-287.160814370381));
#1735=CARTESIAN_POINT('Ctrl Pts',(-19.85211284128,-91.9874308340097,-287.453924087313));
#1736=CARTESIAN_POINT('Ctrl Pts',(-19.4880866587692,-91.8255757253368,-288.040396839107));
#1737=CARTESIAN_POINT('Ctrl Pts',(-19.1342987620888,-91.6763233312054,-288.623729216558));
#1738=CARTESIAN_POINT('Ctrl Pts',(-18.9596698723027,-91.6021816401103,-288.913542764854));
#1739=CARTESIAN_POINT('Ctrl Pts',(-18.6151444790523,-91.4517730586078,-289.490225868714));
#1740=CARTESIAN_POINT('Ctrl Pts',(-18.2799554179948,-91.2936207597712,-290.060958531526));
#1741=CARTESIAN_POINT('Ctrl Pts',(-18.1146942035172,-91.2116935087237,-290.344893245888));
#1742=CARTESIAN_POINT('Ctrl Pts',(-17.7889327614868,-91.0409813288925,-290.909954183062));
#1743=CARTESIAN_POINT('Ctrl Pts',(-17.4726531862351,-90.8545914722344,-291.470027868084));
#1744=CARTESIAN_POINT('Ctrl Pts',(-17.3168929292153,-90.756985473159,-291.748971298501));
#1745=CARTESIAN_POINT('Ctrl Pts',(-17.0098541232676,-90.5522228493998,-292.30525711708));
#1746=CARTESIAN_POINT('Ctrl Pts',(-16.7111345293591,-90.3279323482986,-292.859885642384));
#1747=CARTESIAN_POINT('Ctrl Pts',(-16.5637054452642,-90.2107873404424,-293.137174655014));
#1748=CARTESIAN_POINT('Ctrl Pts',(-16.2725652195091,-89.9666969380529,-293.692503033385));
#1749=CARTESIAN_POINT('Ctrl Pts',(-15.9892578328101,-89.7035470508797,-294.250197244576));
#1750=CARTESIAN_POINT('Ctrl Pts',(-15.8496647732321,-89.5673316817914,-294.529865437687));
#1751=CARTESIAN_POINT('Ctrl Pts',(-15.5749683673354,-89.2861744203954,-295.091040076594));
#1752=CARTESIAN_POINT('Ctrl Pts',(-15.3103346509455,-88.9881713374221,-295.656517000765));
#1753=CARTESIAN_POINT('Ctrl Pts',(-15.1808000091529,-88.8351242831938,-295.940482557368));
#1754=CARTESIAN_POINT('Ctrl Pts',(-14.9279065736929,-88.5208227534586,-296.511413604238));
#1755=CARTESIAN_POINT('Ctrl Pts',(-14.6895175985535,-88.1904891584293,-297.090747447632));
#1756=CARTESIAN_POINT('Ctrl Pts',(-14.5745586249119,-88.0213847366433,-297.383098212061));
#1757=CARTESIAN_POINT('Ctrl Pts',(-14.3522291883406,-87.6772558039395,-297.975051146568));
#1758=CARTESIAN_POINT('Ctrl Pts',(-14.1474757890613,-87.3242707117563,-298.583234444236));
#1759=CARTESIAN_POINT('Ctrl Pts',(-14.0503668378047,-87.1462107758574,-298.891721336882));
#1760=CARTESIAN_POINT('Ctrl Pts',(-13.8639022952713,-86.7915598886246,-299.519174453959));
#1761=CARTESIAN_POINT('Ctrl Pts',(-13.7041370143524,-86.4378113567364,-300.165936412075));
#1762=CARTESIAN_POINT('Ctrl Pts',(-13.6352825074574,-86.2598052302068,-300.492871572878));
#1763=CARTESIAN_POINT('Ctrl Pts',(-13.495106435559,-85.9180634784405,-301.16573382685));
#1764=CARTESIAN_POINT('Ctrl Pts',(-13.3850044812591,-85.5929568439988,-301.858988716746));
#1765=CARTESIAN_POINT('Ctrl Pts',(-13.3271722280102,-85.4429240924334,-302.211347726326));
#1766=CARTESIAN_POINT('Ctrl Pts',(-13.24374123822,-85.1621458970873,-302.937556009742));
#1767=CARTESIAN_POINT('Ctrl Pts',(-13.2119861760569,-84.9603563975067,-303.709143146884));
#1768=CARTESIAN_POINT('Ctrl Pts',(-13.1967417976495,-84.8926212963246,-304.112618559697));
#1769=CARTESIAN_POINT('Ctrl Pts',(-13.2038683603492,-84.8175897718391,-304.930486212964));
#1770=CARTESIAN_POINT('Ctrl Pts',(-13.2946759783507,-84.8755094424512,-305.753146793454));
#1771=CARTESIAN_POINT('Ctrl Pts',(-13.3689648173535,-84.940050780884,-306.157747261501));
#1772=CARTESIAN_POINT('Ctrl Pts',(-13.5269012774588,-85.0783030283511,-306.73938261769));
#1773=CARTESIAN_POINT('Ctrl Pts',(-13.7658072880518,-85.2701273359788,-307.264082865757));
#1774=CARTESIAN_POINT('Ctrl Pts',(-13.8537271765119,-85.3408437385186,-307.432967336396));
#1775=CARTESIAN_POINT('Ctrl Pts',(-14.0494239540234,-85.4910614536424,-307.752908206095));
#1776=CARTESIAN_POINT('Ctrl Pts',(-14.2844965395727,-85.6522268631013,-308.035472794136));
#1777=CARTESIAN_POINT('Ctrl Pts',(-14.4082896040229,-85.7362209217078,-308.170070855844));
#1778=CARTESIAN_POINT('Ctrl Pts',(-14.6676380255724,-85.9060906271637,-308.425289810676));
#1779=CARTESIAN_POINT('Ctrl Pts',(-14.9342802604158,-86.0734397280943,-308.66170446663));
#1780=CARTESIAN_POINT('Ctrl Pts',(-15.0655674781251,-86.1538312636685,-308.77755083747));
#1781=CARTESIAN_POINT('Ctrl Pts',(-15.3177306650322,-86.3090015644704,-309.0100169565));
#1782=CARTESIAN_POINT('Ctrl Pts',(-15.5440951625157,-86.4558555219691,-309.247816344185));
#1783=CARTESIAN_POINT('Ctrl Pts',(-15.6504197243757,-86.5275442351433,-309.368470788952));
#1784=CARTESIAN_POINT('Ctrl Pts',(-15.95255855497,-86.7357499639306,-309.733028343023));
#1785=CARTESIAN_POINT('Ctrl Pts',(-16.207238147956,-86.9231642447364,-310.103532160942));
#1786=CARTESIAN_POINT('Ctrl Pts',(-16.3598441232692,-87.0383112597668,-310.350661951036));
#1787=CARTESIAN_POINT('Ctrl Pts',(-16.4975354699777,-87.1451656710342,-310.597304865665));
#1788=CARTESIAN_POINT('Ctrl Pts',(-16.6222945096304,-87.2446577009492,-310.843073054168));
#1789=CARTESIAN_POINT('Ctrl Pts',(-20.8670205590433,-92.3047015434244,-286.840232853507));
#1790=CARTESIAN_POINT('Ctrl Pts',(-20.6778945861954,-92.2061083831275,-287.125910782709));
#1791=CARTESIAN_POINT('Ctrl Pts',(-20.4928885494907,-92.1168741471309,-287.417467144809));
#1792=CARTESIAN_POINT('Ctrl Pts',(-20.3115106723494,-92.0359515122112,-287.712376402929));
#1793=CARTESIAN_POINT('Ctrl Pts',(-19.9545936666693,-91.8846940805892,-288.302534314476));
#1794=CARTESIAN_POINT('Ctrl Pts',(-19.6081375631003,-91.7453768028981,-288.889163880214));
#1795=CARTESIAN_POINT('Ctrl Pts',(-19.4372140175153,-91.6763200749797,-289.180440833964));
#1796=CARTESIAN_POINT('Ctrl Pts',(-19.0999575936712,-91.5361955505705,-289.7591296235));
#1797=CARTESIAN_POINT('Ctrl Pts',(-18.7717229677823,-91.3881009162332,-290.330069965241));
#1798=CARTESIAN_POINT('Ctrl Pts',(-18.6098332920466,-91.3110489123493,-290.613640103103));
#1799=CARTESIAN_POINT('Ctrl Pts',(-18.2905347489683,-91.1496784602175,-291.177169954054));
#1800=CARTESIAN_POINT('Ctrl Pts',(-17.9800528852047,-90.9717317489022,-291.734222577269));
#1801=CARTESIAN_POINT('Ctrl Pts',(-17.8269897473081,-90.8781087476651,-292.011314741253));
#1802=CARTESIAN_POINT('Ctrl Pts',(-17.5249715595708,-90.6808730819915,-292.563244782334));
#1803=CARTESIAN_POINT('Ctrl Pts',(-17.2306728029518,-90.4631088692819,-293.112144697606));
#1804=CARTESIAN_POINT('Ctrl Pts',(-17.0853332806354,-90.3489523888803,-293.38620756226));
#1805=CARTESIAN_POINT('Ctrl Pts',(-16.798162668902,-90.1101845947161,-293.934317836826));
#1806=CARTESIAN_POINT('Ctrl Pts',(-16.5183462438883,-89.8509207408169,-294.483386948106));
#1807=CARTESIAN_POINT('Ctrl Pts',(-16.3803597541189,-89.7162643917498,-294.758418523564));
#1808=CARTESIAN_POINT('Ctrl Pts',(-16.108580433457,-89.4373040777454,-295.309772002097));
#1809=CARTESIAN_POINT('Ctrl Pts',(-15.8461799770095,-89.1395232465784,-295.864546323364));
#1810=CARTESIAN_POINT('Ctrl Pts',(-15.7175652715225,-88.9860602362547,-296.142994758473));
#1811=CARTESIAN_POINT('Ctrl Pts',(-15.4661827810977,-88.6699358238873,-296.702657891653));
#1812=CARTESIAN_POINT('Ctrl Pts',(-15.2280891469931,-88.336071908257,-297.270136760266));
#1813=CARTESIAN_POINT('Ctrl Pts',(-15.1127813012155,-88.1648612673409,-297.556390610967));
#1814=CARTESIAN_POINT('Ctrl Pts',(-14.8896330686236,-87.8152218162061,-298.135492018784));
#1815=CARTESIAN_POINT('Ctrl Pts',(-14.6831239069135,-87.4540611401916,-298.729662855808));
#1816=CARTESIAN_POINT('Ctrl Pts',(-14.5844416622341,-87.2713546527391,-299.031000711603));
#1817=CARTESIAN_POINT('Ctrl Pts',(-14.3965159903487,-86.90397362895,-299.642894801343));
#1818=CARTESIAN_POINT('Ctrl Pts',(-14.2323987296251,-86.5337067675363,-300.273260810115));
#1819=CARTESIAN_POINT('Ctrl Pts',(-14.1575761425033,-86.3481747503534,-300.593047679681));
#1820=CARTESIAN_POINT('Ctrl Pts',(-14.0141456516952,-85.9825493615661,-301.245717967908));
#1821=CARTESIAN_POINT('Ctrl Pts',(-13.8941898265855,-85.6293441544086,-301.919347140213));
#1822=CARTESIAN_POINT('Ctrl Pts',(-13.8361250189378,-85.4599234352956,-302.261896827857));
#1823=CARTESIAN_POINT('Ctrl Pts',(-13.7328636600906,-85.1481213834409,-302.97004455865));
#1824=CARTESIAN_POINT('Ctrl Pts',(-13.727697905705,-84.8457604985833,-303.702104505839));
#1825=CARTESIAN_POINT('Ctrl Pts',(-13.7048499817064,-84.7394861704761,-304.091462979811));
#1826=CARTESIAN_POINT('Ctrl Pts',(-13.6837917375996,-84.5788372417695,-304.892103918939));
#1827=CARTESIAN_POINT('Ctrl Pts',(-13.7226696191956,-84.5582886389005,-305.717690099956));
#1828=CARTESIAN_POINT('Ctrl Pts',(-13.7651759954371,-84.5818465083377,-306.129011188981));
#1829=CARTESIAN_POINT('Ctrl Pts',(-13.8739866810922,-84.6751223340568,-306.731288812406));
#1830=CARTESIAN_POINT('Ctrl Pts',(-14.0581295386103,-84.8389372449694,-307.290712642588));
#1831=CARTESIAN_POINT('Ctrl Pts',(-14.1293123655427,-84.9005245289293,-307.470700809161));
#1832=CARTESIAN_POINT('Ctrl Pts',(-14.2893594924846,-85.037652522432,-307.817053669131));
#1833=CARTESIAN_POINT('Ctrl Pts',(-14.4844105650773,-85.19584926696,-308.131544948828));
#1834=CARTESIAN_POINT('Ctrl Pts',(-14.5895534409754,-85.27955308866,-308.280489153183));
#1835=CARTESIAN_POINT('Ctrl Pts',(-14.8158185371005,-85.449371261915,-308.558872191806));
#1836=CARTESIAN_POINT('Ctrl Pts',(-15.0722238631722,-85.6124081676909,-308.802152736323));
#1837=CARTESIAN_POINT('Ctrl Pts',(-15.2047242988529,-85.6916619256598,-308.917783514256));
#1838=CARTESIAN_POINT('Ctrl Pts',(-15.4503017160513,-85.8495727214721,-309.157181165582));
#1839=CARTESIAN_POINT('Ctrl Pts',(-15.6712726618067,-86.0005482387136,-309.402279907949));
#1840=CARTESIAN_POINT('Ctrl Pts',(-15.776114785498,-86.0735215787226,-309.525774000434));
#1841=CARTESIAN_POINT('Ctrl Pts',(-16.0752698025683,-86.2843730578331,-309.897573957658));
#1842=CARTESIAN_POINT('Ctrl Pts',(-16.3312862775008,-86.4716552112922,-310.271461543881));
#1843=CARTESIAN_POINT('Ctrl Pts',(-16.485669383248,-86.5865415204069,-310.51976946539));
#1844=CARTESIAN_POINT('Ctrl Pts',(-16.6257611548476,-86.6930766167446,-310.766898005273));
#1845=CARTESIAN_POINT('Ctrl Pts',(-16.7532721215756,-86.792291175063,-311.012656322676));
#1846=CARTESIAN_POINT('Ctrl Pts',(-21.0180946550729,-92.3168795732377,-286.923713774493));
#1847=CARTESIAN_POINT('Ctrl Pts',(-20.8302389426766,-92.2207431024941,-287.210505396035));
#1848=CARTESIAN_POINT('Ctrl Pts',(-20.6464331642173,-92.1336540517743,-287.502825984134));
#1849=CARTESIAN_POINT('Ctrl Pts',(-20.4662124059354,-92.0545573641574,-287.798276622816));
#1850=CARTESIAN_POINT('Ctrl Pts',(-20.1116341625146,-91.9066925176078,-288.389515472546));
#1851=CARTESIAN_POINT('Ctrl Pts',(-19.7675688964685,-91.7705415449597,-288.977105889269));
#1852=CARTESIAN_POINT('Ctrl Pts',(-19.5978524110401,-91.7030984330278,-289.268817618767));
#1853=CARTESIAN_POINT('Ctrl Pts',(-19.2629732655189,-91.5662387852584,-289.848115122096));
#1854=CARTESIAN_POINT('Ctrl Pts',(-18.9370186937518,-91.4213628675271,-290.419127206176));
#1855=CARTESIAN_POINT('Ctrl Pts',(-18.7762347057704,-91.3458816743505,-290.70258708412));
#1856=CARTESIAN_POINT('Ctrl Pts',(-18.4590572710652,-91.1875376077668,-291.265638715885));
#1857=CARTESIAN_POINT('Ctrl Pts',(-18.1504858149125,-91.0123584167251,-291.8217287008));
#1858=CARTESIAN_POINT('Ctrl Pts',(-17.9983156505495,-90.920048213303,-292.098227219509));
#1859=CARTESIAN_POINT('Ctrl Pts',(-17.6979679812205,-90.7253021473964,-292.648752143192));
#1860=CARTESIAN_POINT('Ctrl Pts',(-17.4051497651664,-90.5097163851368,-293.195792134542));
#1861=CARTESIAN_POINT('Ctrl Pts',(-17.2605116118883,-90.3965629637578,-293.468806217258));
#1862=CARTESIAN_POINT('Ctrl Pts',(-16.9746754912328,-90.1595974016652,-294.014569994046));
#1863=CARTESIAN_POINT('Ctrl Pts',(-16.6960400612348,-89.9016817765429,-294.560832331221));
#1864=CARTESIAN_POINT('Ctrl Pts',(-16.5586006098127,-89.7675760752307,-294.834353848434));
#1865=CARTESIAN_POINT('Ctrl Pts',(-16.287820167748,-89.4894260610332,-295.382507849875));
#1866=CARTESIAN_POINT('Ctrl Pts',(-16.0262016381622,-89.1918373053062,-295.933792334902));
#1867=CARTESIAN_POINT('Ctrl Pts',(-15.8979170350084,-89.0383060346427,-296.210440588469));
#1868=CARTESIAN_POINT('Ctrl Pts',(-15.6470709283162,-88.7217437359801,-296.766421688878));
#1869=CARTESIAN_POINT('Ctrl Pts',(-15.4091411105663,-88.3868988426249,-297.330014649006));
#1870=CARTESIAN_POINT('Ctrl Pts',(-15.2937815767259,-88.2150796014531,-297.614265748921));
#1871=CARTESIAN_POINT('Ctrl Pts',(-15.0704407311592,-87.8638494043514,-298.189160834643));
#1872=CARTESIAN_POINT('Ctrl Pts',(-14.8634432616099,-87.500258162804,-298.778735926609));
#1873=CARTESIAN_POINT('Ctrl Pts',(-14.764379473567,-87.3161160684243,-299.077692147726));
#1874=CARTESIAN_POINT('Ctrl Pts',(-14.5758902604411,-86.9449865302511,-299.684519079666));
#1875=CARTESIAN_POINT('Ctrl Pts',(-14.4102870157301,-86.5698285152466,-300.309544064091));
#1876=CARTESIAN_POINT('Ctrl Pts',(-14.3340217052402,-86.3818009697808,-300.626776426034));
#1877=CARTESIAN_POINT('Ctrl Pts',(-14.1889914004961,-86.0093382438142,-301.273138901094));
#1878=CARTESIAN_POINT('Ctrl Pts',(-14.0659787368539,-85.6480388829735,-301.94075677014));
#1879=CARTESIAN_POINT('Ctrl Pts',(-14.0066434164386,-85.4741023361063,-302.280605954145));
#1880=CARTESIAN_POINT('Ctrl Pts',(-13.9035895236663,-85.1479419895001,-302.98130147348));
#1881=CARTESIAN_POINT('Ctrl Pts',(-13.891115436873,-84.8305311972443,-303.707240319118));
#1882=CARTESIAN_POINT('Ctrl Pts',(-13.8771444164065,-84.7011428914242,-304.086707843745));
#1883=CARTESIAN_POINT('Ctrl Pts',(-13.8501608685432,-84.5119114786536,-304.879955874118));
#1884=CARTESIAN_POINT('Ctrl Pts',(-13.8731797232346,-84.4639706675765,-305.705206380376));
#1885=CARTESIAN_POINT('Ctrl Pts',(-13.9054116076462,-84.4722840418025,-306.117499440333));
#1886=CARTESIAN_POINT('Ctrl Pts',(-13.9985346809268,-84.5480767627538,-306.725218800996));
#1887=CARTESIAN_POINT('Ctrl Pts',(-14.165829815249,-84.7006365405055,-307.294358736797));
#1888=CARTESIAN_POINT('Ctrl Pts',(-14.2302035292505,-84.7589742476938,-307.478614796683));
#1889=CARTESIAN_POINT('Ctrl Pts',(-14.3778051656324,-84.8900100292211,-307.833243226706));
#1890=CARTESIAN_POINT('Ctrl Pts',(-14.5599376024008,-85.0444978915982,-308.157278421034));
#1891=CARTESIAN_POINT('Ctrl Pts',(-14.6585553050305,-85.1268362004781,-308.310848157407));
#1892=CARTESIAN_POINT('Ctrl Pts',(-14.8675532180403,-85.2987194157104,-308.601129189915));
#1893=CARTESIAN_POINT('Ctrl Pts',(-15.1181161180133,-85.4564074269085,-308.849274240624));
#1894=CARTESIAN_POINT('Ctrl Pts',(-15.2524007381082,-85.5342245735592,-308.963272908547));
#1895=CARTESIAN_POINT('Ctrl Pts',(-15.494788227124,-85.696523858366,-309.205661677597));
#1896=CARTESIAN_POINT('Ctrl Pts',(-15.7143087115733,-85.8499208808013,-309.453317285307));
#1897=CARTESIAN_POINT('Ctrl Pts',(-15.8187773647699,-85.923261719866,-309.577779011012));
#1898=CARTESIAN_POINT('Ctrl Pts',(-16.1171983930975,-86.1349769686151,-309.952022882659));
#1899=CARTESIAN_POINT('Ctrl Pts',(-16.3737201953648,-86.3219227794519,-310.326986068317));
#1900=CARTESIAN_POINT('Ctrl Pts',(-16.5287117428278,-86.4367005430517,-310.575676225945));
#1901=CARTESIAN_POINT('Ctrl Pts',(-16.6696087193959,-86.543081793874,-310.822956288676));
#1902=CARTESIAN_POINT('Ctrl Pts',(-16.798034879473,-86.6421737437184,-311.06870635755));
#1903=CARTESIAN_POINT('Ctrl Pts',(-21.3233367209693,-92.3462845436196,-287.090516315352));
#1904=CARTESIAN_POINT('Ctrl Pts',(-21.1379852417684,-92.2548392647897,-287.379322764156));
#1905=CARTESIAN_POINT('Ctrl Pts',(-20.9565542573736,-92.171857010225,-287.673020330866));
#1906=CARTESIAN_POINT('Ctrl Pts',(-20.7786280257981,-92.0962790274704,-287.969441263485));
#1907=CARTESIAN_POINT('Ctrl Pts',(-20.4286649113432,-91.9549371986749,-288.562572467257));
#1908=CARTESIAN_POINT('Ctrl Pts',(-20.0892831237937,-91.8248444230364,-289.151825024539));
#1909=CARTESIAN_POINT('Ctrl Pts',(-19.9219279952791,-91.760475156098,-289.444298383804));
#1910=CARTESIAN_POINT('Ctrl Pts',(-19.5917108337394,-91.629836239014,-290.024675199272));
#1911=CARTESIAN_POINT('Ctrl Pts',(-19.2702361641651,-91.4911321920042,-290.595807975807));
#1912=CARTESIAN_POINT('Ctrl Pts',(-19.1116262606265,-91.4186799994491,-290.879057891886));
#1913=CARTESIAN_POINT('Ctrl Pts',(-18.7986239730699,-91.2662017192598,-291.441197572815));
#1914=CARTESIAN_POINT('Ctrl Pts',(-18.4938286325784,-91.0964437448075,-291.995438222105));
#1915=CARTESIAN_POINT('Ctrl Pts',(-18.3434310427078,-91.0067180072218,-292.270791220198));
#1916=CARTESIAN_POINT('Ctrl Pts',(-18.0464136541013,-90.8168900284632,-292.818592484301));
#1917=CARTESIAN_POINT('Ctrl Pts',(-17.7565645915517,-90.6056438481014,-293.362009614399));
#1918=CARTESIAN_POINT('Ctrl Pts',(-17.6133360913149,-90.4944981251443,-293.632978777465));
#1919=CARTESIAN_POINT('Ctrl Pts',(-17.3301863072846,-90.2611655502819,-294.174167513195));
#1920=CARTESIAN_POINT('Ctrl Pts',(-17.053941580136,-90.0060225604133,-294.714953598108));
#1921=CARTESIAN_POINT('Ctrl Pts',(-16.9176155890555,-89.8730661524165,-294.985527269468));
#1922=CARTESIAN_POINT('Ctrl Pts',(-16.6488792251731,-89.5966637713165,-295.527432900686));
#1923=CARTESIAN_POINT('Ctrl Pts',(-16.3888896532158,-89.2996608812373,-296.071892647942));
#1924=CARTESIAN_POINT('Ctrl Pts',(-16.2613051594943,-89.1461146795002,-296.345016983499));
#1925=CARTESIAN_POINT('Ctrl Pts',(-16.0116024910869,-88.8289642240884,-296.893777581962));
#1926=CARTESIAN_POINT('Ctrl Pts',(-15.7741239124404,-88.4924948235796,-297.449726478984));
#1927=CARTESIAN_POINT('Ctrl Pts',(-15.6587646004293,-88.3196255307226,-297.73003161077));
#1928=CARTESIAN_POINT('Ctrl Pts',(-15.4352047218303,-87.9656225045785,-298.296653523637));
#1929=CARTESIAN_POINT('Ctrl Pts',(-15.2274063775294,-87.5976816306032,-298.877184237462));
#1930=CARTESIAN_POINT('Ctrl Pts',(-15.1277424170481,-87.4109151211488,-299.171429183473));
#1931=CARTESIAN_POINT('Ctrl Pts',(-14.9381205742739,-87.0330920484316,-299.76832230221));
#1932=CARTESIAN_POINT('Ctrl Pts',(-14.7696893496136,-86.6491432721846,-300.382880316011));
#1933=CARTESIAN_POINT('Ctrl Pts',(-14.6910648911375,-86.4564209688088,-300.694935063478));
#1934=CARTESIAN_POINT('Ctrl Pts',(-14.5427069555024,-86.0719508457216,-301.329374630033));
#1935=CARTESIAN_POINT('Ctrl Pts',(-14.4149717428509,-85.6958086954174,-301.985486847869));
#1936=CARTESIAN_POINT('Ctrl Pts',(-14.3527429959634,-85.5145341872087,-302.320512010557));
#1937=CARTESIAN_POINT('Ctrl Pts',(-14.2558061029047,-85.1581270053918,-303.005522466187));
#1938=CARTESIAN_POINT('Ctrl Pts',(-14.2344494051664,-84.8114180436058,-303.718485867765));
#1939=CARTESIAN_POINT('Ctrl Pts',(-14.2306250769779,-84.6520818199344,-304.084328321383));
#1940=CARTESIAN_POINT('Ctrl Pts',(-14.1908487220357,-84.408940511599,-304.861423920092));
#1941=CARTESIAN_POINT('Ctrl Pts',(-14.1870396068475,-84.2975412184264,-305.679226027957));
#1942=CARTESIAN_POINT('Ctrl Pts',(-14.2029323450228,-84.2754084632334,-306.090500354145));
#1943=CARTESIAN_POINT('Ctrl Pts',(-14.2643562834001,-84.312832930636,-306.707805513059));
#1944=CARTESIAN_POINT('Ctrl Pts',(-14.3976817299326,-84.4375949230478,-307.293914469408));
#1945=CARTESIAN_POINT('Ctrl Pts',(-14.4501178755064,-84.4878230149896,-307.484752661722));
#1946=CARTESIAN_POINT('Ctrl Pts',(-14.572439883326,-84.6045085460802,-307.85433214635));
#1947=CARTESIAN_POINT('Ctrl Pts',(-14.7285827589,-84.7485552775426,-308.195535265103));
#1948=CARTESIAN_POINT('Ctrl Pts',(-14.8171315291252,-84.8253109720241,-308.35787834283));
#1949=CARTESIAN_POINT('Ctrl Pts',(-14.9964985380214,-84.9925626721545,-308.66307958365));
#1950=CARTESIAN_POINT('Ctrl Pts',(-15.2186306286637,-85.1460024285744,-308.928569701296));
#1951=CARTESIAN_POINT('Ctrl Pts',(-15.348464742238,-85.2302728773567,-309.05010949061));
#1952=CARTESIAN_POINT('Ctrl Pts',(-15.5862695439068,-85.3998084623192,-309.300579450647));
#1953=CARTESIAN_POINT('Ctrl Pts',(-15.8040042937119,-85.553718068736,-309.553394811796));
#1954=CARTESIAN_POINT('Ctrl Pts',(-15.9076092334011,-85.6272087319991,-309.679970871371));
#1955=CARTESIAN_POINT('Ctrl Pts',(-16.2045845365067,-85.8387109479052,-310.05925719765));
#1956=CARTESIAN_POINT('Ctrl Pts',(-16.4618272366151,-86.0246469210838,-310.43638896047));
#1957=CARTESIAN_POINT('Ctrl Pts',(-16.6179473667418,-86.1389097698791,-310.685904108577));
#1958=CARTESIAN_POINT('Ctrl Pts',(-16.7603412708651,-86.2448386819841,-310.933531656518));
#1959=CARTESIAN_POINT('Ctrl Pts',(-16.8904935148619,-86.3435908378218,-311.179311289135));
#1960=CARTESIAN_POINT('Ctrl Pts',(-21.6345331963147,-92.385065007011,-287.256698566736));
#1961=CARTESIAN_POINT('Ctrl Pts',(-21.4516149620444,-92.2979051742168,-287.547139315346));
#1962=CARTESIAN_POINT('Ctrl Pts',(-21.2725052174322,-92.2186917854526,-287.841936001746));
#1963=CARTESIAN_POINT('Ctrl Pts',(-21.0968286868199,-92.1463786678284,-288.139112259816));
#1964=CARTESIAN_POINT('Ctrl Pts',(-20.7513549792593,-92.0110637145012,-288.733638921696));
#1965=CARTESIAN_POINT('Ctrl Pts',(-20.4164725992239,-91.8865077483467,-289.324066585571));
#1966=CARTESIAN_POINT('Ctrl Pts',(-20.2513782590309,-91.8249237689758,-289.617088981109));
#1967=CARTESIAN_POINT('Ctrl Pts',(-19.9256382481829,-91.6999198019875,-290.198250784619));
#1968=CARTESIAN_POINT('Ctrl Pts',(-19.6084801476599,-91.5668638762121,-290.769419099959));
#1969=CARTESIAN_POINT('Ctrl Pts',(-19.4519686914411,-91.4972116315978,-291.052460442531));
#1970=CARTESIAN_POINT('Ctrl Pts',(-19.1430061943824,-91.3502091888959,-291.613742358078));
#1971=CARTESIAN_POINT('Ctrl Pts',(-18.8418962757135,-91.1856118015583,-292.16626029485));
#1972=CARTESIAN_POINT('Ctrl Pts',(-18.6932417633421,-91.0983693200368,-292.440540881995));
#1973=CARTESIAN_POINT('Ctrl Pts',(-18.3995240810425,-90.9132988043845,-292.985776430127));
#1974=CARTESIAN_POINT('Ctrl Pts',(-18.1126500354963,-90.7063153377304,-293.525758124166));
#1975=CARTESIAN_POINT('Ctrl Pts',(-17.9708395342218,-90.5971588195236,-293.794785436149));
#1976=CARTESIAN_POINT('Ctrl Pts',(-17.6904002228992,-90.3674682645437,-294.331630907491));
#1977=CARTESIAN_POINT('Ctrl Pts',(-17.4165926829007,-90.1151974786315,-294.867213940973));
#1978=CARTESIAN_POINT('Ctrl Pts',(-17.2814116682879,-89.9834611799326,-295.134984680916));
#1979=CARTESIAN_POINT('Ctrl Pts',(-17.0147982679696,-89.709006924849,-295.670943598786));
#1980=CARTESIAN_POINT('Ctrl Pts',(-16.7565522628268,-89.412926931856,-296.208886433667));
#1981=CARTESIAN_POINT('Ctrl Pts',(-16.6297354598817,-89.2595730298377,-296.478637893264));
#1982=CARTESIAN_POINT('Ctrl Pts',(-16.3813134780433,-88.9423199128564,-297.020461157079));
#1983=CARTESIAN_POINT('Ctrl Pts',(-16.144520075853,-88.6047998832015,-297.569020193675));
#1984=CARTESIAN_POINT('Ctrl Pts',(-16.0293333273142,-88.4311741533946,-297.845500796842));
#1985=CARTESIAN_POINT('Ctrl Pts',(-15.8058620551597,-88.0750889632304,-298.404121233383));
#1986=CARTESIAN_POINT('Ctrl Pts',(-15.5976003202083,-87.7036715975238,-298.97590522691));
#1987=CARTESIAN_POINT('Ctrl Pts',(-15.497582277903,-87.5147387064863,-299.265570906353));
#1988=CARTESIAN_POINT('Ctrl Pts',(-15.3069097753499,-87.1315781664299,-299.852939351657));
#1989=CARTESIAN_POINT('Ctrl Pts',(-15.1361318205577,-86.7404674361228,-300.457454794053));
#1990=CARTESIAN_POINT('Ctrl Pts',(-15.0559766456235,-86.5436585048527,-300.764352874676));
#1991=CARTESIAN_POINT('Ctrl Pts',(-14.9046372152808,-86.1497168467791,-301.38800286923));
#1992=CARTESIAN_POINT('Ctrl Pts',(-14.7746561782788,-85.7608098789322,-302.033452113893));
#1993=CARTESIAN_POINT('Ctrl Pts',(-14.7129788709298,-85.5712482380633,-302.363025171993));
#1994=CARTESIAN_POINT('Ctrl Pts',(-14.6205666982296,-85.1917911652045,-303.035001831792));
#1995=CARTESIAN_POINT('Ctrl Pts',(-14.5900967081745,-84.8248847845284,-303.737630747293));
#1996=CARTESIAN_POINT('Ctrl Pts',(-14.5870761804867,-84.6561535814239,-304.099702445566));
#1997=CARTESIAN_POINT('Ctrl Pts',(-14.54308627211,-84.3632879257124,-304.857079869412));
#1998=CARTESIAN_POINT('Ctrl Pts',(-14.5210996346781,-84.1731224460993,-305.652501813167));
#1999=CARTESIAN_POINT('Ctrl Pts',(-14.5245280708927,-84.1223022981051,-306.061674968985));
#2000=CARTESIAN_POINT('Ctrl Pts',(-14.5608021092962,-84.1180257626896,-306.682098794309));
#2001=CARTESIAN_POINT('Ctrl Pts',(-14.6612093132363,-84.2067614374771,-307.2803849541));
#2002=CARTESIAN_POINT('Ctrl Pts',(-14.7024579382354,-84.2463549692803,-307.475971293983));
#2003=CARTESIAN_POINT('Ctrl Pts',(-14.8008074705808,-84.3442633858732,-307.856775251931));
#2004=CARTESIAN_POINT('Ctrl Pts',(-14.9312535149407,-84.4755272372582,-308.21160041196));
#2005=CARTESIAN_POINT('Ctrl Pts',(-15.0068223325296,-84.5475696581805,-308.382279557123));
#2006=CARTESIAN_POINT('Ctrl Pts',(-15.166955030442,-84.7053965330453,-308.697506214136));
#2007=CARTESIAN_POINT('Ctrl Pts',(-15.3578181004956,-84.8832480073556,-308.979785171957));
#2008=CARTESIAN_POINT('Ctrl Pts',(-15.4725240938247,-84.9634586072039,-309.119719123416));
#2009=CARTESIAN_POINT('Ctrl Pts',(-15.6959478838572,-85.1199019414225,-309.386492835425));
#2010=CARTESIAN_POINT('Ctrl Pts',(-15.908321561051,-85.2691496489754,-309.646059527071));
#2011=CARTESIAN_POINT('Ctrl Pts',(-16.0097566304584,-85.340999607797,-309.775404182661));
#2012=CARTESIAN_POINT('Ctrl Pts',(-16.3023196422218,-85.5485568260244,-310.161056173398));
#2013=CARTESIAN_POINT('Ctrl Pts',(-16.5591377661506,-85.7326229847664,-310.540815735506));
#2014=CARTESIAN_POINT('Ctrl Pts',(-16.7156572620656,-85.8457070861724,-310.791520068328));
#2015=CARTESIAN_POINT('Ctrl Pts',(-16.8590055924966,-85.9508334762834,-311.039757270357));
#2016=CARTESIAN_POINT('Ctrl Pts',(-16.9904285334753,-86.0490050223406,-311.285797769142));
#2017=CARTESIAN_POINT('Ctrl Pts',(-21.7915616860011,-92.4066189180753,-287.339559514627));
#2018=CARTESIAN_POINT('Ctrl Pts',(-21.6098427133791,-92.3215099322655,-287.630733278697));
#2019=CARTESIAN_POINT('Ctrl Pts',(-21.4318796668338,-92.2441036698274,-287.926016195577));
#2020=CARTESIAN_POINT('Ctrl Pts',(-21.2573154488199,-92.1733626258201,-288.22351888127));
#2021=CARTESIAN_POINT('Ctrl Pts',(-20.9140547969353,-92.0409440904574,-288.818629647473));
#2022=CARTESIAN_POINT('Ctrl Pts',(-20.5813790708896,-91.9190332623688,-289.409531328));
#2023=CARTESIAN_POINT('Ctrl Pts',(-20.4173912729838,-91.8587742601743,-289.702775973175));
#2024=CARTESIAN_POINT('Ctrl Pts',(-20.0938438208285,-91.7364493014289,-290.284252176403));
#2025=CARTESIAN_POINT('Ctrl Pts',(-19.7788023834044,-91.6060884608597,-290.855406942024));
#2026=CARTESIAN_POINT('Ctrl Pts',(-19.623320984547,-91.537777964304,-291.13833936653));
#2027=CARTESIAN_POINT('Ctrl Pts',(-19.316344282709,-91.3934118677598,-291.699197164397));
#2028=CARTESIAN_POINT('Ctrl Pts',(-19.0170540176715,-91.2313213846759,-292.250879031402));
#2029=CARTESIAN_POINT('Ctrl Pts',(-18.8692629929165,-91.1452904812167,-292.524639091441));
#2030=CARTESIAN_POINT('Ctrl Pts',(-18.577185287237,-90.9625488962334,-293.068627476763));
#2031=CARTESIAN_POINT('Ctrl Pts',(-18.2917975801531,-90.7576670377533,-293.606936661241));
#2032=CARTESIAN_POINT('Ctrl Pts',(-18.150696809675,-90.6494950551763,-293.87501826408));
#2033=CARTESIAN_POINT('Ctrl Pts',(-17.871616162056,-90.4216157514186,-294.409749037682));
#2034=CARTESIAN_POINT('Ctrl Pts',(-17.5990360514275,-90.1707928460839,-294.942798504413));
#2035=CARTESIAN_POINT('Ctrl Pts',(-17.4644336546122,-90.0396779819216,-295.209204097492));
#2036=CARTESIAN_POINT('Ctrl Pts',(-17.1988980161735,-89.7662345266564,-295.74226515858));
#2037=CARTESIAN_POINT('Ctrl Pts',(-16.9415483783719,-89.4706837687542,-296.277025971896));
#2038=CARTESIAN_POINT('Ctrl Pts',(-16.8151295009319,-89.3174687061484,-296.545128276588));
#2039=CARTESIAN_POINT('Ctrl Pts',(-16.5673813692112,-89.0002630972176,-297.083552661588));
#2040=CARTESIAN_POINT('Ctrl Pts',(-16.3309850468815,-88.6623363238227,-297.628480074507));
#2041=CARTESIAN_POINT('Ctrl Pts',(-16.2159192459629,-88.4883953113701,-297.903079347447));
#2042=CARTESIAN_POINT('Ctrl Pts',(-15.992564029523,-88.1314097000437,-298.457764953784));
#2043=CARTESIAN_POINT('Ctrl Pts',(-15.784149239356,-87.7584364082293,-299.025251406725));
#2044=CARTESIAN_POINT('Ctrl Pts',(-15.6839927159682,-87.5685271538193,-299.31266950706));
#2045=CARTESIAN_POINT('Ctrl Pts',(-15.4928471957099,-87.1829704701105,-299.895375928533));
#2046=CARTESIAN_POINT('Ctrl Pts',(-15.3210634623524,-86.7885986356027,-300.494975837876));
#2047=CARTESIAN_POINT('Ctrl Pts',(-15.240269164819,-86.589916395696,-300.799350589862));
#2048=CARTESIAN_POINT('Ctrl Pts',(-15.0877051936462,-86.1916654817189,-301.417825033267));
#2049=CARTESIAN_POINT('Ctrl Pts',(-14.9571849966779,-85.7967096034572,-302.058084699384));
#2050=CARTESIAN_POINT('Ctrl Pts',(-14.8962917153621,-85.6029574182447,-302.384878188834));
#2051=CARTESIAN_POINT('Ctrl Pts',(-14.8049103234016,-85.2141278911125,-303.051117714821));
#2052=CARTESIAN_POINT('Ctrl Pts',(-14.7702083104674,-84.8382429017652,-303.748918483539));
#2053=CARTESIAN_POINT('Ctrl Pts',(-14.7619016751288,-84.6683154911735,-304.11138219298));
#2054=CARTESIAN_POINT('Ctrl Pts',(-14.720159668368,-84.351946916674,-304.8580672976));
#2055=CARTESIAN_POINT('Ctrl Pts',(-14.6928190330208,-84.1227405763005,-305.640241835321));
#2056=CARTESIAN_POINT('Ctrl Pts',(-14.689511623065,-84.0567358047382,-306.047935945349));
#2057=CARTESIAN_POINT('Ctrl Pts',(-14.7150737765771,-84.0309445363212,-306.66821072695));
#2058=CARTESIAN_POINT('Ctrl Pts',(-14.8003138149996,-84.1005837967595,-307.271085525267));
#2059=CARTESIAN_POINT('Ctrl Pts',(-14.8359707750984,-84.1342208894132,-307.468737788806));
#2060=CARTESIAN_POINT('Ctrl Pts',(-14.9231170820526,-84.2217914916346,-307.854182798837));
#2061=CARTESIAN_POINT('Ctrl Pts',(-15.0414098433522,-84.3469978698437,-308.215134857144));
#2062=CARTESIAN_POINT('Ctrl Pts',(-15.1082119560184,-84.4167145649923,-308.388968458633));
#2063=CARTESIAN_POINT('Ctrl Pts',(-15.2581693996188,-84.5780008292702,-308.714713731467));
#2064=CARTESIAN_POINT('Ctrl Pts',(-15.4422831974771,-84.7574852347815,-309.008571966404));
#2065=CARTESIAN_POINT('Ctrl Pts',(-15.5468842187135,-84.8339184650691,-309.150863232725));
#2066=CARTESIAN_POINT('Ctrl Pts',(-15.7587073913296,-84.9844217164822,-309.425772105317));
#2067=CARTESIAN_POINT('Ctrl Pts',(-15.9659424468491,-85.1297762231148,-309.689820814427));
#2068=CARTESIAN_POINT('Ctrl Pts',(-16.065721953412,-85.2005753456601,-309.82067520673));
#2069=CARTESIAN_POINT('Ctrl Pts',(-16.354593686939,-85.4053051625876,-310.210067935203));
#2070=CARTESIAN_POINT('Ctrl Pts',(-16.6107701398397,-85.5881222719609,-310.591372650822));
#2071=CARTESIAN_POINT('Ctrl Pts',(-16.7671717445745,-85.700455463054,-310.842816446388));
#2072=CARTESIAN_POINT('Ctrl Pts',(-16.9107833790978,-85.805077212824,-311.091466823893));
#2073=CARTESIAN_POINT('Ctrl Pts',(-17.042666530902,-85.902885009257,-311.337730063143));
#2074=CARTESIAN_POINT('Ctrl Pts',(-22.2667709785355,-92.4772994057935,-287.587275101984));
#2075=CARTESIAN_POINT('Ctrl Pts',(-22.0885982308472,-92.3980876312724,-287.880418962201));
#2076=CARTESIAN_POINT('Ctrl Pts',(-21.9140322356439,-92.3258857183758,-288.176984569334));
#2077=CARTESIAN_POINT('Ctrl Pts',(-21.7427650950448,-92.2596869215406,-288.475321131593));
#2078=CARTESIAN_POINT('Ctrl Pts',(-21.4060482205769,-92.1356221325109,-289.071869710203));
#2079=CARTESIAN_POINT('Ctrl Pts',(-21.0798684657405,-92.0212964121654,-289.66387810255));
#2080=CARTESIAN_POINT('Ctrl Pts',(-20.919131966106,-91.9648210986087,-289.957640578966));
#2081=CARTESIAN_POINT('Ctrl Pts',(-20.6020276380095,-91.8501389117465,-290.539825458712));
#2082=CARTESIAN_POINT('Ctrl Pts',(-20.2932118393749,-91.727485872711,-291.110826166955));
#2083=CARTESIAN_POINT('Ctrl Pts',(-20.1407631163765,-91.6630260202672,-291.393406000723));
#2084=CARTESIAN_POINT('Ctrl Pts',(-19.8396413863498,-91.5262568989132,-291.952982665715));
#2085=CARTESIAN_POINT('Ctrl Pts',(-19.5457387376084,-91.3714480205873,-292.502213126127));
#2086=CARTESIAN_POINT('Ctrl Pts',(-19.4005119606292,-91.2889502459795,-292.774450883447));
#2087=CARTESIAN_POINT('Ctrl Pts',(-19.1133185495864,-91.1130214257189,-293.314792876275));
#2088=CARTESIAN_POINT('Ctrl Pts',(-18.8323786411529,-90.9143273911007,-293.848213547324));
#2089=CARTESIAN_POINT('Ctrl Pts',(-18.6934054496635,-90.8090642253139,-294.113531232645));
#2090=CARTESIAN_POINT('Ctrl Pts',(-18.4184036112173,-90.5865583739514,-294.642084448409));
#2091=CARTESIAN_POINT('Ctrl Pts',(-18.1495240308519,-90.3400806759519,-295.167733950983));
#2092=CARTESIAN_POINT('Ctrl Pts',(-18.0166713463048,-90.2108469363717,-295.430151721308));
#2093=CARTESIAN_POINT('Ctrl Pts',(-17.7544075459554,-89.9405090197893,-295.954742964727));
#2094=CARTESIAN_POINT('Ctrl Pts',(-17.499809353646,-89.6467032356931,-296.480184674974));
#2095=CARTESIAN_POINT('Ctrl Pts',(-17.3746214187904,-89.4940060889242,-296.743450367699));
#2096=CARTESIAN_POINT('Ctrl Pts',(-17.1289860051863,-89.1771805472156,-297.271887619189));
#2097=CARTESIAN_POINT('Ctrl Pts',(-16.8939256845126,-88.8383243286014,-297.806114813755));
#2098=CARTESIAN_POINT('Ctrl Pts',(-16.7793137690898,-88.6635924139233,-298.075166106752));
#2099=CARTESIAN_POINT('Ctrl Pts',(-16.5564971879675,-88.3042536050435,-298.618252236523));
#2100=CARTESIAN_POINT('Ctrl Pts',(-16.3478349066225,-87.9270709541986,-299.173088305667));
#2101=CARTESIAN_POINT('Ctrl Pts',(-16.2473712292819,-87.7345007939976,-299.453898689556));
#2102=CARTESIAN_POINT('Ctrl Pts',(-16.0550162577071,-87.3424158562043,-300.022924483149));
#2103=CARTESIAN_POINT('Ctrl Pts',(-15.880702525703,-86.9390440262316,-300.608128204215));
#2104=CARTESIAN_POINT('Ctrl Pts',(-15.7983398874437,-86.7351635666965,-300.905126101066));
#2105=CARTESIAN_POINT('Ctrl Pts',(-15.6429280239362,-86.3248936844388,-301.508611938763));
#2106=CARTESIAN_POINT('Ctrl Pts',(-15.5116876897253,-85.9128806960828,-302.133794002987));
#2107=CARTESIAN_POINT('Ctrl Pts',(-15.4529030104793,-85.7076374093343,-302.452600403657));
#2108=CARTESIAN_POINT('Ctrl Pts',(-15.3629860845276,-85.294254007668,-303.102915502498));
#2109=CARTESIAN_POINT('Ctrl Pts',(-15.3149803534819,-84.8936378934445,-303.786690689536));
#2110=CARTESIAN_POINT('Ctrl Pts',(-15.2970972017452,-84.7072317693325,-304.142038078614));
#2111=CARTESIAN_POINT('Ctrl Pts',(-15.2518930944951,-84.3356184344265,-304.86370561363));
#2112=CARTESIAN_POINT('Ctrl Pts',(-15.2141350380581,-84.0145010629362,-305.614075740559));
#2113=CARTESIAN_POINT('Ctrl Pts',(-15.1965547482965,-83.9001943016903,-306.011520794403));
#2114=CARTESIAN_POINT('Ctrl Pts',(-15.1925167284903,-83.8027970748537,-306.626505925953));
#2115=CARTESIAN_POINT('Ctrl Pts',(-15.2362215725949,-83.8107054985361,-307.23880816453));
#2116=CARTESIAN_POINT('Ctrl Pts',(-15.256814143311,-83.8258165027417,-307.441539505475));
#2117=CARTESIAN_POINT('Ctrl Pts',(-15.3110456959487,-83.879538059017,-307.8398943276));
#2118=CARTESIAN_POINT('Ctrl Pts',(-15.3958599008758,-83.9819788008655,-308.219364341435));
#2119=CARTESIAN_POINT('Ctrl Pts',(-15.4450334459841,-84.0455924651086,-308.403695375939));
#2120=CARTESIAN_POINT('Ctrl Pts',(-15.5630597047164,-84.1895611970754,-308.759543638062));
#2121=CARTESIAN_POINT('Ctrl Pts',(-15.7152361511562,-84.3478691559866,-309.084048159915));
#2122=CARTESIAN_POINT('Ctrl Pts',(-15.7965912340202,-84.4302519090835,-309.236667168224));
#2123=CARTESIAN_POINT('Ctrl Pts',(-15.9726795916215,-84.580327989503,-309.532195282396));
#2124=CARTESIAN_POINT('Ctrl Pts',(-16.1592547362682,-84.7182515099903,-309.810584708951));
#2125=CARTESIAN_POINT('Ctrl Pts',(-16.2519761409273,-84.7858062958832,-309.946867035537));
#2126=CARTESIAN_POINT('Ctrl Pts',(-16.5246785322791,-84.9819875822711,-310.349542895155));
#2127=CARTESIAN_POINT('Ctrl Pts',(-16.7765561448907,-85.1595183499485,-310.736843116591));
#2128=CARTESIAN_POINT('Ctrl Pts',(-16.9314579618492,-85.2693726457648,-310.991039660298));
#2129=CARTESIAN_POINT('Ctrl Pts',(-17.074956702413,-85.3721511541695,-311.241402699325));
#2130=CARTESIAN_POINT('Ctrl Pts',(-17.2074898800096,-85.4686202981374,-311.488727725212));
#2131=CARTESIAN_POINT('Ctrl Pts',(-22.7538751172821,-92.5647511151075,-287.831949756127));
#2132=CARTESIAN_POINT('Ctrl Pts',(-22.5790951385351,-92.4907202174796,-288.126435724003));
#2133=CARTESIAN_POINT('Ctrl Pts',(-22.4077942260044,-92.4231081798833,-288.423793071492));
#2134=CARTESIAN_POINT('Ctrl Pts',(-22.2396996512345,-92.3609482454275,-288.722551296996));
#2135=CARTESIAN_POINT('Ctrl Pts',(-21.909239601701,-92.2442697891714,-289.3196632777));
#2136=CARTESIAN_POINT('Ctrl Pts',(-21.5891966040123,-92.1365266431415,-289.911900456942));
#2137=CARTESIAN_POINT('Ctrl Pts',(-21.4315144453952,-92.0832913322837,-290.20575881154));
#2138=CARTESIAN_POINT('Ctrl Pts',(-21.1204601435113,-91.9751254529697,-290.787962555041));
#2139=CARTESIAN_POINT('Ctrl Pts',(-20.817501401225,-91.8590778972671,-291.358434141323));
#2140=CARTESIAN_POINT('Ctrl Pts',(-20.6679140066666,-91.7979490779276,-291.640558738514));
#2141=CARTESIAN_POINT('Ctrl Pts',(-20.372340542437,-91.6678299310037,-292.198775454635));
#2142=CARTESIAN_POINT('Ctrl Pts',(-20.083605416069,-91.5195429090021,-292.745676567544));
#2143=CARTESIAN_POINT('Ctrl Pts',(-19.9408585110782,-91.4402463718181,-293.016489160993));
#2144=CARTESIAN_POINT('Ctrl Pts',(-19.6584262043964,-91.2705479438792,-293.553436522913));
#2145=CARTESIAN_POINT('Ctrl Pts',(-19.3818794483977,-91.0776195539444,-294.082334589531));
#2146=CARTESIAN_POINT('Ctrl Pts',(-19.2450182436617,-90.9750930857165,-294.345099534938));
#2147=CARTESIAN_POINT('Ctrl Pts',(-18.974082152014,-90.7576989805276,-294.867959359041));
#2148=CARTESIAN_POINT('Ctrl Pts',(-18.7089340007209,-90.5154809197485,-295.386798512299));
#2149=CARTESIAN_POINT('Ctrl Pts',(-18.5778593739025,-90.3881318319295,-295.645545620614));
#2150=CARTESIAN_POINT('Ctrl Pts',(-18.3189541620128,-90.1210167515532,-296.162327626707));
#2151=CARTESIAN_POINT('Ctrl Pts',(-18.0672614523804,-89.8293013467483,-296.679124424063));
#2152=CARTESIAN_POINT('Ctrl Pts',(-17.9433988122854,-89.6773550040405,-296.937884333059));
#2153=CARTESIAN_POINT('Ctrl Pts',(-17.7001163003339,-89.3614650726251,-297.456966543792));
#2154=CARTESIAN_POINT('Ctrl Pts',(-17.466771957374,-89.0223779237034,-297.981095327255));
#2155=CARTESIAN_POINT('Ctrl Pts',(-17.3528478710207,-88.8472317856704,-298.244899101422));
#2156=CARTESIAN_POINT('Ctrl Pts',(-17.1310703874121,-88.4863871962146,-298.777026931657));
#2157=CARTESIAN_POINT('Ctrl Pts',(-16.9227325364721,-88.1061257405266,-299.319974123625));
#2158=CARTESIAN_POINT('Ctrl Pts',(-16.8222509158898,-87.9115639953798,-299.594603495062));
#2159=CARTESIAN_POINT('Ctrl Pts',(-16.629340826244,-87.5145537029974,-300.150891128895));
#2160=CARTESIAN_POINT('Ctrl Pts',(-16.4538227806845,-87.104086951916,-300.722785064807));
#2161=CARTESIAN_POINT('Ctrl Pts',(-16.3707538606407,-86.8960574844831,-301.013020963333));
#2162=CARTESIAN_POINT('Ctrl Pts',(-16.2145274390691,-86.4759459873322,-301.602994097864));
#2163=CARTESIAN_POINT('Ctrl Pts',(-16.0838392028966,-86.0499198116687,-302.214559556218));
#2164=CARTESIAN_POINT('Ctrl Pts',(-16.0261528488888,-85.8359478271529,-302.526341469473));
#2165=CARTESIAN_POINT('Ctrl Pts',(-15.9324491932917,-85.4066709671715,-303.163892123257));
#2166=CARTESIAN_POINT('Ctrl Pts',(-15.871090851379,-84.9850869183169,-303.833971538964));
#2167=CARTESIAN_POINT('Ctrl Pts',(-15.8450758212638,-84.7790164181012,-304.178453594397));
#2168=CARTESIAN_POINT('Ctrl Pts',(-15.791049388962,-84.3717894390991,-304.880847826382));
#2169=CARTESIAN_POINT('Ctrl Pts',(-15.7450535258596,-84.0126560644375,-305.617449246798));
#2170=CARTESIAN_POINT('Ctrl Pts',(-15.7244755198638,-83.8555274766698,-305.998457677439));
#2171=CARTESIAN_POINT('Ctrl Pts',(-15.7061411527622,-83.6700519646333,-306.589792020041));
#2172=CARTESIAN_POINT('Ctrl Pts',(-15.719796014236,-83.6064211831286,-307.199211291875));
#2173=CARTESIAN_POINT('Ctrl Pts',(-15.7293136251035,-83.6007210264399,-307.4034943529));
#2174=CARTESIAN_POINT('Ctrl Pts',(-15.7587585741518,-83.6154085217082,-307.80943663833));
#2175=CARTESIAN_POINT('Ctrl Pts',(-15.8135340032125,-83.6831911597194,-308.2040383668));
#2176=CARTESIAN_POINT('Ctrl Pts',(-15.8497800026879,-83.7313312215805,-308.396974534762));
#2177=CARTESIAN_POINT('Ctrl Pts',(-15.9341373620715,-83.8451008538306,-308.771562196005));
#2178=CARTESIAN_POINT('Ctrl Pts',(-16.0486104781332,-83.983186809565,-309.118430308076));
#2179=CARTESIAN_POINT('Ctrl Pts',(-16.1151722655493,-84.0534996542246,-309.284010610945));
#2180=CARTESIAN_POINT('Ctrl Pts',(-16.2572678606414,-84.1959057575686,-309.601144692821));
#2181=CARTESIAN_POINT('Ctrl Pts',(-16.4148763756524,-84.3295884807756,-309.897161852209));
#2182=CARTESIAN_POINT('Ctrl Pts',(-16.4959747243153,-84.3932967679697,-310.041111332731));
#2183=CARTESIAN_POINT('Ctrl Pts',(-16.7402974962117,-84.5791683784726,-310.463083470604));
#2184=CARTESIAN_POINT('Ctrl Pts',(-16.9795098744935,-84.7481842754509,-310.860807015064));
#2185=CARTESIAN_POINT('Ctrl Pts',(-17.1291460843959,-84.8543465734565,-311.119676971418));
#2186=CARTESIAN_POINT('Ctrl Pts',(-17.2693568738809,-84.9542297914299,-311.373418455804));
#2187=CARTESIAN_POINT('Ctrl Pts',(-17.399936467567,-85.0485312144575,-311.623205988369));
#2188=CARTESIAN_POINT('Ctrl Pts',(-23.0834740539159,-92.6293666644847,-287.993326306654));
#2189=CARTESIAN_POINT('Ctrl Pts',(-22.9108887328357,-92.5585148586708,-288.288479485698));
#2190=CARTESIAN_POINT('Ctrl Pts',(-22.741703359118,-92.4937216737287,-288.586179040109));
#2191=CARTESIAN_POINT('Ctrl Pts',(-22.5756642558642,-92.4340469083124,-288.885056666929));
#2192=CARTESIAN_POINT('Ctrl Pts',(-22.2492471832613,-92.3218971045575,-289.482216786129));
#2193=CARTESIAN_POINT('Ctrl Pts',(-21.9331466673941,-92.218140050012,-290.074277303369));
#2194=CARTESIAN_POINT('Ctrl Pts',(-21.7774203255973,-92.1668498719217,-290.36803478555));
#2195=CARTESIAN_POINT('Ctrl Pts',(-21.4702344604213,-92.0625776480463,-290.949957945598));
#2196=CARTESIAN_POINT('Ctrl Pts',(-21.1710208691641,-91.950470997575,-291.519879410753));
#2197=CARTESIAN_POINT('Ctrl Pts',(-21.0232659474588,-91.8913358765735,-291.80163237925));
#2198=CARTESIAN_POINT('Ctrl Pts',(-20.7312555329967,-91.7652196644771,-292.358860259775));
#2199=CARTESIAN_POINT('Ctrl Pts',(-20.445862039012,-91.6209051850305,-292.904219173302));
#2200=CARTESIAN_POINT('Ctrl Pts',(-20.3047257529662,-91.5435712144682,-293.174106258531));
#2201=CARTESIAN_POINT('Ctrl Pts',(-20.0253982884977,-91.3777138020092,-293.708872353885));
#2202=CARTESIAN_POINT('Ctrl Pts',(-19.7517372787602,-91.1883781428109,-294.234899017372));
#2203=CARTESIAN_POINT('Ctrl Pts',(-19.616267580785,-91.0875660143651,-294.496048433312));
#2204=CARTESIAN_POINT('Ctrl Pts',(-19.3480170665941,-90.8733916789021,-295.01531409494));
#2205=CARTESIAN_POINT('Ctrl Pts',(-19.0853490726452,-90.6338953402578,-295.529863735501));
#2206=CARTESIAN_POINT('Ctrl Pts',(-18.9554607396875,-90.5077625262557,-295.786299488757));
#2207=CARTESIAN_POINT('Ctrl Pts',(-18.6988074152579,-90.2427573278522,-296.298159113746));
#2208=CARTESIAN_POINT('Ctrl Pts',(-18.4490909454991,-89.9524765111851,-296.809486174231));
#2209=CARTESIAN_POINT('Ctrl Pts',(-18.3261390604358,-89.8010705117726,-297.06538772012));
#2210=CARTESIAN_POINT('Ctrl Pts',(-18.0845016188123,-89.485911789676,-297.578517636118));
#2211=CARTESIAN_POINT('Ctrl Pts',(-17.8524209908973,-89.1468269158852,-298.096198144991));
#2212=CARTESIAN_POINT('Ctrl Pts',(-17.7390261851811,-88.9714928228763,-298.356648354814));
#2213=CARTESIAN_POINT('Ctrl Pts',(-17.5180998649932,-88.6098477810665,-298.881780623085));
#2214=CARTESIAN_POINT('Ctrl Pts',(-17.310176406626,-88.2278197286638,-299.417173222551));
#2215=CARTESIAN_POINT('Ctrl Pts',(-17.2097884016159,-88.032102748881,-299.687889035653));
#2216=CARTESIAN_POINT('Ctrl Pts',(-17.016822861322,-87.6321859680976,-300.236127997561));
#2217=CARTESIAN_POINT('Ctrl Pts',(-16.8409502165536,-87.2174474255796,-300.799669431515));
#2218=CARTESIAN_POINT('Ctrl Pts',(-16.7576542381403,-87.0069073695034,-301.085688930819));
#2219=CARTESIAN_POINT('Ctrl Pts',(-16.6013156002807,-86.5807448335926,-301.667195359773));
#2220=CARTESIAN_POINT('Ctrl Pts',(-16.4701775775752,-86.146597355202,-302.270349658166));
#2221=CARTESIAN_POINT('Ctrl Pts',(-16.4120069806148,-85.9280624030214,-302.57797943915));
#2222=CARTESIAN_POINT('Ctrl Pts',(-16.3144424303401,-85.4889880548474,-303.207283952172));
#2223=CARTESIAN_POINT('Ctrl Pts',(-16.24472699197,-85.0538908620708,-303.868031353119));
#2224=CARTESIAN_POINT('Ctrl Pts',(-16.2142765161127,-84.8395821390565,-304.207282053402));
#2225=CARTESIAN_POINT('Ctrl Pts',(-16.152741484333,-84.4175844925913,-304.900897721861));
#2226=CARTESIAN_POINT('Ctrl Pts',(-16.0985830169835,-84.0364481680153,-305.62955290453));
#2227=CARTESIAN_POINT('Ctrl Pts',(-16.0752630234982,-83.8609502973713,-306.003658479384));
#2228=CARTESIAN_POINT('Ctrl Pts',(-16.0592446850926,-83.6159533939991,-306.569559479866));
#2229=CARTESIAN_POINT('Ctrl Pts',(-16.057885276917,-83.5047608670742,-307.172770926191));
#2230=CARTESIAN_POINT('Ctrl Pts',(-16.0598672597726,-83.4852618489293,-307.37758941008));
#2231=CARTESIAN_POINT('Ctrl Pts',(-16.0758309845622,-83.4710216706436,-307.785267919516));
#2232=CARTESIAN_POINT('Ctrl Pts',(-16.1169213668068,-83.5094850230937,-308.184896539401));
#2233=CARTESIAN_POINT('Ctrl Pts',(-16.145007753073,-83.5419643216758,-308.379835730986));
#2234=CARTESIAN_POINT('Ctrl Pts',(-16.2132067538966,-83.6309461102143,-308.762846851608));
#2235=CARTESIAN_POINT('Ctrl Pts',(-16.3043902411687,-83.7581264751808,-309.123108332055));
#2236=CARTESIAN_POINT('Ctrl Pts',(-16.3557720030681,-83.8283035348075,-309.294741586178));
#2237=CARTESIAN_POINT('Ctrl Pts',(-16.4748030714938,-83.9592854615764,-309.626991449086));
#2238=CARTESIAN_POINT('Ctrl Pts',(-16.6140120128202,-84.0837487265597,-309.936699804387));
#2239=CARTESIAN_POINT('Ctrl Pts',(-16.6867681889623,-84.144213486672,-310.086584341467));
#2240=CARTESIAN_POINT('Ctrl Pts',(-16.909364109359,-84.3208794544299,-310.524139816176));
#2241=CARTESIAN_POINT('Ctrl Pts',(-17.1356057061655,-84.48369641324,-310.931201276087));
#2242=CARTESIAN_POINT('Ctrl Pts',(-17.2796062584114,-84.5865807933299,-311.19434157054));
#2243=CARTESIAN_POINT('Ctrl Pts',(-17.415774463349,-84.6840177394634,-311.45131934711));
#2244=CARTESIAN_POINT('Ctrl Pts',(-17.5435087194374,-84.7764343281154,-311.703583295509));
#2245=CARTESIAN_POINT('Ctrl Pts',(-23.7516361816728,-92.7694067890103,-288.312140149058));
#2246=CARTESIAN_POINT('Ctrl Pts',(-23.5833066914129,-92.7044120593476,-288.608235824197));
#2247=CARTESIAN_POINT('Ctrl Pts',(-23.4182282198292,-92.6448104851642,-288.906295641813));
#2248=CARTESIAN_POINT('Ctrl Pts',(-23.2561788147508,-92.5897139624774,-289.205128328437));
#2249=CARTESIAN_POINT('Ctrl Pts',(-22.9375920924422,-92.4858732333523,-289.801818510133));
#2250=CARTESIAN_POINT('Ctrl Pts',(-22.629090857347,-92.3893387087777,-290.392964604019));
#2251=CARTESIAN_POINT('Ctrl Pts',(-22.4771245207019,-92.3415438091044,-290.686239569311));
#2252=CARTESIAN_POINT('Ctrl Pts',(-22.1773661085679,-92.2442303831853,-291.267086756454));
#2253=CARTESIAN_POINT('Ctrl Pts',(-21.8853401984735,-92.1391388260535,-291.835527793734));
#2254=CARTESIAN_POINT('Ctrl Pts',(-21.7411055571334,-92.0835576206252,-292.11639248413));
#2255=CARTESIAN_POINT('Ctrl Pts',(-21.4559540134775,-91.9646037977844,-292.671442910833));
#2256=CARTESIAN_POINT('Ctrl Pts',(-21.177027460456,-91.827458349149,-293.213685383595));
#2257=CARTESIAN_POINT('Ctrl Pts',(-21.0390188450743,-91.753683870312,-293.481744152784));
#2258=CARTESIAN_POINT('Ctrl Pts',(-20.7657403036782,-91.59482395366,-294.01226245641));
#2259=CARTESIAN_POINT('Ctrl Pts',(-20.4977341131841,-91.4120886958821,-294.53279262778));
#2260=CARTESIAN_POINT('Ctrl Pts',(-20.3649979670068,-91.3144389385952,-294.790865081315));
#2261=CARTESIAN_POINT('Ctrl Pts',(-20.1020341379341,-91.1062277748736,-295.303309874159));
#2262=CARTESIAN_POINT('Ctrl Pts',(-19.8442721316297,-90.8718187572675,-295.809749522403));
#2263=CARTESIAN_POINT('Ctrl Pts',(-19.716737010014,-90.7479723131387,-296.061818477794));
#2264=CARTESIAN_POINT('Ctrl Pts',(-19.4645667845429,-90.4869622701829,-296.564373904083));
#2265=CARTESIAN_POINT('Ctrl Pts',(-19.2188249190486,-90.1994528883585,-297.06533764792));
#2266=CARTESIAN_POINT('Ctrl Pts',(-19.0977178764767,-90.0491086014748,-297.315813905066));
#2267=CARTESIAN_POINT('Ctrl Pts',(-18.8594468480266,-89.7354192248311,-297.817624201646));
#2268=CARTESIAN_POINT('Ctrl Pts',(-18.63003288231,-89.3964209312756,-298.323017699133));
#2269=CARTESIAN_POINT('Ctrl Pts',(-18.5177831633193,-89.2207666966547,-298.577076394134));
#2270=CARTESIAN_POINT('Ctrl Pts',(-18.2987550912178,-88.8576728882385,-299.08889379573));
#2271=CARTESIAN_POINT('Ctrl Pts',(-18.0919127581333,-88.4723643366186,-299.609962742071));
#2272=CARTESIAN_POINT('Ctrl Pts',(-17.9918527534565,-88.2744943947945,-299.873276429698));
#2273=CARTESIAN_POINT('Ctrl Pts',(-17.7991078347454,-87.8691430077162,-300.406332241918));
#2274=CARTESIAN_POINT('Ctrl Pts',(-17.6227979752651,-87.4463883818421,-300.954177186292));
#2275=CARTESIAN_POINT('Ctrl Pts',(-17.5391529205105,-87.2311211665466,-301.232279301914));
#2276=CARTESIAN_POINT('Ctrl Pts',(-17.3821864253766,-86.7937496949734,-301.797950998148));
#2277=CARTESIAN_POINT('Ctrl Pts',(-17.2487571165308,-86.3447675280006,-302.385336669848));
#2278=CARTESIAN_POINT('Ctrl Pts',(-17.1886768400331,-86.1178757790782,-302.685126682234));
#2279=CARTESIAN_POINT('Ctrl Pts',(-17.0823448778251,-85.6607889306736,-303.298735689199));
#2280=CARTESIAN_POINT('Ctrl Pts',(-16.9968259562823,-85.2024201580038,-303.942646037638));
#2281=CARTESIAN_POINT('Ctrl Pts',(-16.9576548718841,-84.9739901193165,-304.272607247506));
#2282=CARTESIAN_POINT('Ctrl Pts',(-16.8812303907545,-84.5237340276772,-304.949461185694));
#2283=CARTESIAN_POINT('Ctrl Pts',(-16.8141710600312,-84.0976253034229,-305.658870378771));
#2284=CARTESIAN_POINT('Ctrl Pts',(-16.7859656375264,-83.8885102340626,-306.0187889539));
#2285=CARTESIAN_POINT('Ctrl Pts',(-16.7500297155577,-83.6065448432969,-306.575099006113));
#2286=CARTESIAN_POINT('Ctrl Pts',(-16.7329811849329,-83.4027965938535,-307.152429376988));
#2287=CARTESIAN_POINT('Ctrl Pts',(-16.730098588376,-83.344622028777,-307.346834026947));
#2288=CARTESIAN_POINT('Ctrl Pts',(-16.7295492327721,-83.2561609859924,-307.740267881908));
#2289=CARTESIAN_POINT('Ctrl Pts',(-16.7420858213619,-83.2308777213847,-308.140541419775));
#2290=CARTESIAN_POINT('Ctrl Pts',(-16.7529966414201,-83.2337598880396,-308.343123328068));
#2291=CARTESIAN_POINT('Ctrl Pts',(-16.7858533448294,-83.282391020709,-308.734548331356));
#2292=CARTESIAN_POINT('Ctrl Pts',(-16.8347965721051,-83.3867836691335,-309.11285153956));
#2293=CARTESIAN_POINT('Ctrl Pts',(-16.8709084711246,-83.4297899720269,-309.300664095994));
#2294=CARTESIAN_POINT('Ctrl Pts',(-16.9542604462761,-83.5272736784489,-309.659559939902));
#2295=CARTESIAN_POINT('Ctrl Pts',(-17.0596202328456,-83.6286559892077,-309.992916067024));
#2296=CARTESIAN_POINT('Ctrl Pts',(-17.116560591692,-83.6794527929216,-310.153539312991));
#2297=CARTESIAN_POINT('Ctrl Pts',(-17.2958771353931,-83.8311310752031,-310.620163655909));
#2298=CARTESIAN_POINT('Ctrl Pts',(-17.4914131443372,-83.978676498377,-311.04731113256));
#2299=CARTESIAN_POINT('Ctrl Pts',(-17.6205118777147,-84.073545428268,-311.320489750129));
#2300=CARTESIAN_POINT('Ctrl Pts',(-17.7452942707912,-84.164785385117,-311.585443716852));
#2301=CARTESIAN_POINT('Ctrl Pts',(-17.8643684887586,-84.2522899868608,-311.844120697825));
#2302=CARTESIAN_POINT('Ctrl Pts',(-24.4363510201867,-92.9279259232659,-288.622460515652));
#2303=CARTESIAN_POINT('Ctrl Pts',(-24.272013566077,-92.8678649718965,-288.918821109867));
#2304=CARTESIAN_POINT('Ctrl Pts',(-24.1107927861819,-92.812622924802,-289.216674256063));
#2305=CARTESIAN_POINT('Ctrl Pts',(-23.9524886691405,-92.7613597507545,-289.514962667017));
#2306=CARTESIAN_POINT('Ctrl Pts',(-23.6412258472218,-92.6644051311462,-290.110201302454));
#2307=CARTESIAN_POINT('Ctrl Pts',(-23.3397739388368,-92.5736791547607,-290.699470140575));
#2308=CARTESIAN_POINT('Ctrl Pts',(-23.1912791133971,-92.5286418439605,-290.99177909351));
#2309=CARTESIAN_POINT('Ctrl Pts',(-22.898359520114,-92.4367421934556,-291.570645568764));
#2310=CARTESIAN_POINT('Ctrl Pts',(-22.6129409116791,-92.3370314100475,-292.136902083395));
#2311=CARTESIAN_POINT('Ctrl Pts',(-22.4719463892235,-92.2841766541513,-292.416596972976));
#2312=CARTESIAN_POINT('Ctrl Pts',(-22.1931283075554,-92.1707486778837,-292.969059507094));
#2313=CARTESIAN_POINT('Ctrl Pts',(-21.9202242452421,-92.0392136146376,-293.508073569254));
#2314=CARTESIAN_POINT('Ctrl Pts',(-21.7851443564298,-91.9682497474753,-293.774321106895));
#2315=CARTESIAN_POINT('Ctrl Pts',(-21.5175595298186,-91.8149599509129,-294.300762322006));
#2316=CARTESIAN_POINT('Ctrl Pts',(-21.2549258908141,-91.6375553332983,-294.816228322973));
#2317=CARTESIAN_POINT('Ctrl Pts',(-21.1247972688971,-91.5424765448116,-295.071502253032));
#2318=CARTESIAN_POINT('Ctrl Pts',(-20.8668928313732,-91.3391408100806,-295.577801035207));
#2319=CARTESIAN_POINT('Ctrl Pts',(-20.6138594580194,-91.1089352030411,-296.077011275901));
#2320=CARTESIAN_POINT('Ctrl Pts',(-20.4886013323831,-90.9869874611194,-296.325197930325));
#2321=CARTESIAN_POINT('Ctrl Pts',(-20.2407902449282,-90.7293100168826,-296.819482757369));
#2322=CARTESIAN_POINT('Ctrl Pts',(-19.998964771807,-90.4441178237706,-297.311211022935));
#2323=CARTESIAN_POINT('Ctrl Pts',(-19.8796920103289,-90.2946563541165,-297.556840569365));
#2324=CARTESIAN_POINT('Ctrl Pts',(-19.6448102455574,-89.982151452221,-298.048511620519));
#2325=CARTESIAN_POINT('Ctrl Pts',(-19.4181707387815,-89.6430785084179,-298.542875287319));
#2326=CARTESIAN_POINT('Ctrl Pts',(-19.3071405028955,-89.4670483795827,-298.791197241395));
#2327=CARTESIAN_POINT('Ctrl Pts',(-19.0901891841604,-89.102454307285,-299.291094381389));
#2328=CARTESIAN_POINT('Ctrl Pts',(-18.8846516299249,-88.7139651310419,-299.799427068023));
#2329=CARTESIAN_POINT('Ctrl Pts',(-18.7850364647317,-88.5140394103943,-300.056186842983));
#2330=CARTESIAN_POINT('Ctrl Pts',(-18.592771616478,-88.1035366355009,-300.575848461952));
#2331=CARTESIAN_POINT('Ctrl Pts',(-18.4160242971127,-87.6733081339353,-301.109912957336));
#2332=CARTESIAN_POINT('Ctrl Pts',(-18.3319092104646,-87.4536621901138,-301.381073959974));
#2333=CARTESIAN_POINT('Ctrl Pts',(-18.1732931096526,-87.0061282458624,-301.932853636349));
#2334=CARTESIAN_POINT('Ctrl Pts',(-18.0353203922344,-86.5441781322854,-302.506314000247));
#2335=CARTESIAN_POINT('Ctrl Pts',(-17.9718734497354,-86.3101231323085,-302.799146433037));
#2336=CARTESIAN_POINT('Ctrl Pts',(-17.8556854539168,-85.8371932096755,-303.39858902053));
#2337=CARTESIAN_POINT('Ctrl Pts',(-17.7562371780844,-85.3594523380822,-304.027768726074));
#2338=CARTESIAN_POINT('Ctrl Pts',(-17.7095464387082,-85.1206696149174,-304.35035573723));
#2339=CARTESIAN_POINT('Ctrl Pts',(-17.6193620782243,-84.6461790547942,-305.01199157287));
#2340=CARTESIAN_POINT('Ctrl Pts',(-17.5391272708694,-84.1893520603775,-305.70573866203));
#2341=CARTESIAN_POINT('Ctrl Pts',(-17.5022120869901,-83.9682092622435,-306.060584653702));
#2342=CARTESIAN_POINT('Ctrl Pts',(-17.4537787137636,-83.6613196418733,-306.606196604791));
#2343=CARTESIAN_POINT('Ctrl Pts',(-17.4277785180125,-83.3944413712483,-307.159564004685));
#2344=CARTESIAN_POINT('Ctrl Pts',(-17.4225809232771,-83.3092046811597,-307.34358552604));
#2345=CARTESIAN_POINT('Ctrl Pts',(-17.4155199853948,-83.1611812004191,-307.718772249859));
#2346=CARTESIAN_POINT('Ctrl Pts',(-17.4099030680199,-83.0825841379878,-308.112412644366));
#2347=CARTESIAN_POINT('Ctrl Pts',(-17.4062594222056,-83.0661523167064,-308.314988199712));
#2348=CARTESIAN_POINT('Ctrl Pts',(-17.4089686096527,-83.0616040011927,-308.71932400097));
#2349=CARTESIAN_POINT('Ctrl Pts',(-17.4411853993727,-83.090528956083,-309.109696515453));
#2350=CARTESIAN_POINT('Ctrl Pts',(-17.4615619172514,-83.1180890018464,-309.299081036285));
#2351=CARTESIAN_POINT('Ctrl Pts',(-17.5163184835207,-83.1769612124469,-309.668327825285));
#2352=CARTESIAN_POINT('Ctrl Pts',(-17.5917881592284,-83.2490347258012,-310.015302111186));
#2353=CARTESIAN_POINT('Ctrl Pts',(-17.6338176041839,-83.2871575232618,-310.183122536202));
#2354=CARTESIAN_POINT('Ctrl Pts',(-17.7699415246952,-83.4055154001731,-310.671362390105));
#2355=CARTESIAN_POINT('Ctrl Pts',(-17.9286985789646,-83.5312962820964,-311.118719229029));
#2356=CARTESIAN_POINT('Ctrl Pts',(-18.0378278921857,-83.6145151016539,-311.403367010522));
#2357=CARTESIAN_POINT('Ctrl Pts',(-18.1462019713138,-83.6963120990258,-311.678254974762));
#2358=CARTESIAN_POINT('Ctrl Pts',(-18.2518416246843,-83.7760218998393,-311.945505551973));
#2359=CARTESIAN_POINT('Ctrl Pts',(-24.7825026421115,-93.0110227134661,-288.77534522773));
#2360=CARTESIAN_POINT('Ctrl Pts',(-24.6200960122787,-92.953217149491,-289.071695010316));
#2361=CARTESIAN_POINT('Ctrl Pts',(-24.460741575908,-92.899961555339,-289.369323257491));
#2362=CARTESIAN_POINT('Ctrl Pts',(-24.3042486016554,-92.8504385693607,-289.667231809389));
#2363=CARTESIAN_POINT('Ctrl Pts',(-23.9965223020777,-92.7565893784283,-290.261536727797));
#2364=CARTESIAN_POINT('Ctrl Pts',(-23.698462755809,-92.6684353881487,-290.849666128655));
#2365=CARTESIAN_POINT('Ctrl Pts',(-23.5516352163618,-92.6246054789848,-291.141391042501));
#2366=CARTESIAN_POINT('Ctrl Pts',(-23.2619955958863,-92.5350544792024,-291.719073105066));
#2367=CARTESIAN_POINT('Ctrl Pts',(-22.9797419952811,-92.4376505895404,-292.284076100751));
#2368=CARTESIAN_POINT('Ctrl Pts',(-22.8402998546988,-92.3859622739965,-292.563117979358));
#2369=CARTESIAN_POINT('Ctrl Pts',(-22.5645194550038,-92.2749010129949,-293.114181248706));
#2370=CARTESIAN_POINT('Ctrl Pts',(-22.2945125041669,-92.1457800484388,-293.651540865491));
#2371=CARTESIAN_POINT('Ctrl Pts',(-22.1608442668571,-92.0760299284525,-293.916879839277));
#2372=CARTESIAN_POINT('Ctrl Pts',(-21.896009066522,-91.9251537943439,-294.441310217609));
#2373=CARTESIAN_POINT('Ctrl Pts',(-21.6359788963096,-91.7500720938833,-294.95433689539));
#2374=CARTESIAN_POINT('Ctrl Pts',(-21.5071157459382,-91.6561162196782,-295.208273634772));
#2375=CARTESIAN_POINT('Ctrl Pts',(-21.2516695714861,-91.4549125428204,-295.71165294091));
#2376=CARTESIAN_POINT('Ctrl Pts',(-21.0009389946714,-91.2265447626098,-296.20745406069));
#2377=CARTESIAN_POINT('Ctrl Pts',(-20.876790961398,-91.1054255778971,-296.453813736331));
#2378=CARTESIAN_POINT('Ctrl Pts',(-20.6311078431988,-90.849195259664,-296.944209572358));
#2379=CARTESIAN_POINT('Ctrl Pts',(-20.3912004576127,-90.5649831456989,-297.431595931958));
#2380=CARTESIAN_POINT('Ctrl Pts',(-20.2728279211918,-90.4158830067365,-297.674945774953));
#2381=CARTESIAN_POINT('Ctrl Pts',(-20.0396136425456,-90.1038244306609,-298.161845243457));
#2382=CARTESIAN_POINT('Ctrl Pts',(-19.8143454201132,-89.7645924420208,-298.651018444614));
#2383=CARTESIAN_POINT('Ctrl Pts',(-19.7039191346077,-89.5883184282231,-298.89664198958));
#2384=CARTESIAN_POINT('Ctrl Pts',(-19.4879973798131,-89.2228725879928,-299.390939270897));
#2385=CARTESIAN_POINT('Ctrl Pts',(-19.2830984049071,-88.8327158918131,-299.893305383141));
#2386=CARTESIAN_POINT('Ctrl Pts',(-19.1836951512028,-88.6317307980627,-300.146999524278));
#2387=CARTESIAN_POINT('Ctrl Pts',(-18.9916280478083,-88.2186062093467,-300.660402995753));
#2388=CARTESIAN_POINT('Ctrl Pts',(-18.8145122115623,-87.7846507084257,-301.188030231022));
#2389=CARTESIAN_POINT('Ctrl Pts',(-18.7300459734213,-87.562839614064,-301.455946166513));
#2390=CARTESIAN_POINT('Ctrl Pts',(-18.5702381950306,-87.110334512722,-302.001215192231));
#2391=CARTESIAN_POINT('Ctrl Pts',(-18.4295867357774,-86.6421100471104,-302.568100851384));
#2392=CARTESIAN_POINT('Ctrl Pts',(-18.3643029901299,-86.4045844845995,-302.857625063163));
#2393=CARTESIAN_POINT('Ctrl Pts',(-18.2432200248154,-85.9240511884978,-303.45034822241));
#2394=CARTESIAN_POINT('Ctrl Pts',(-18.137281989834,-85.4371631875346,-304.072553871502));
#2395=CARTESIAN_POINT('Ctrl Pts',(-18.0871693897933,-85.1933103634173,-304.391554846422));
#2396=CARTESIAN_POINT('Ctrl Pts',(-17.9904871405367,-84.7078017432573,-305.04596154719));
#2397=CARTESIAN_POINT('Ctrl Pts',(-17.9040749578144,-84.2380205887251,-305.732492380644));
#2398=CARTESIAN_POINT('Ctrl Pts',(-17.8637766160518,-84.0108352136708,-306.084221225066));
#2399=CARTESIAN_POINT('Ctrl Pts',(-17.8130242414495,-83.6842117312132,-306.620442533629));
#2400=CARTESIAN_POINT('Ctrl Pts',(-17.780646041117,-83.3996646499518,-307.169443856412));
#2401=CARTESIAN_POINT('Ctrl Pts',(-17.77211925946,-83.3107327351365,-307.353898725339));
#2402=CARTESIAN_POINT('Ctrl Pts',(-17.7575367166363,-83.1531722526993,-307.72920745449));
#2403=CARTESIAN_POINT('Ctrl Pts',(-17.7478646030073,-83.0478786848882,-308.118583341286));
#2404=CARTESIAN_POINT('Ctrl Pts',(-17.7440501915853,-83.0128902379999,-308.319356631285));
#2405=CARTESIAN_POINT('Ctrl Pts',(-17.7432426927989,-82.9732340337981,-308.717175169934));
#2406=CARTESIAN_POINT('Ctrl Pts',(-17.7614264125355,-82.9756389278526,-309.105533777384));
#2407=CARTESIAN_POINT('Ctrl Pts',(-17.7762004066532,-82.9864937656226,-309.296632786277));
#2408=CARTESIAN_POINT('Ctrl Pts',(-17.8167632279175,-83.0231779288062,-309.668695671109));
#2409=CARTESIAN_POINT('Ctrl Pts',(-17.8772444448351,-83.079833316266,-310.020396909388));
#2410=CARTESIAN_POINT('Ctrl Pts',(-17.9118990398536,-83.1111309803686,-310.19089189489));
#2411=CARTESIAN_POINT('Ctrl Pts',(-18.0265020663323,-83.2112963902362,-310.687679037272));
#2412=CARTESIAN_POINT('Ctrl Pts',(-18.1663887128568,-83.3244331312354,-311.144320595021));
#2413=CARTESIAN_POINT('Ctrl Pts',(-18.2647762013967,-83.4007387824069,-311.434722835465));
#2414=CARTESIAN_POINT('Ctrl Pts',(-18.3640791683663,-83.476848463011,-311.714806150825));
#2415=CARTESIAN_POINT('Ctrl Pts',(-18.4620903068083,-83.5517943511313,-311.98669656293));
#2416=CARTESIAN_POINT('Ctrl Pts',(-25.3069601505853,-93.1404463049512,-289.001150824653));
#2417=CARTESIAN_POINT('Ctrl Pts',(-25.1473533782983,-93.0857268564878,-289.297298922095));
#2418=CARTESIAN_POINT('Ctrl Pts',(-24.9907054517891,-93.0351770197219,-289.594432034844));
#2419=CARTESIAN_POINT('Ctrl Pts',(-24.8368376201229,-92.9880114977827,-289.891631228434));
#2420=CARTESIAN_POINT('Ctrl Pts',(-24.534230738884,-92.8983354166877,-290.484268883267));
#2421=CARTESIAN_POINT('Ctrl Pts',(-24.2410672961877,-92.8135638494349,-291.070435676528));
#2422=CARTESIAN_POINT('Ctrl Pts',(-24.0966419394488,-92.7713014443059,-291.361157712745));
#2423=CARTESIAN_POINT('Ctrl Pts',(-23.8117218918889,-92.6847666399092,-291.936818304396));
#2424=CARTESIAN_POINT('Ctrl Pts',(-23.5340158285654,-92.5902803609981,-292.499733285536));
#2425=CARTESIAN_POINT('Ctrl Pts',(-23.3968039226456,-92.5400619881134,-292.777706045077));
#2426=CARTESIAN_POINT('Ctrl Pts',(-23.1253901040129,-92.4319826004185,-293.326528525271));
#2427=CARTESIAN_POINT('Ctrl Pts',(-22.8595552324858,-92.3059103417025,-293.861347109342));
#2428=CARTESIAN_POINT('Ctrl Pts',(-22.7279225431012,-92.2376969861777,-294.125316267582));
#2429=CARTESIAN_POINT('Ctrl Pts',(-22.4670572464544,-92.0898842391728,-294.64676271537));
#2430=CARTESIAN_POINT('Ctrl Pts',(-22.2107942414578,-91.9177600044348,-295.156254103742));
#2431=CARTESIAN_POINT('Ctrl Pts',(-22.0837638668435,-91.8252348506487,-295.408269441469));
#2432=CARTESIAN_POINT('Ctrl Pts',(-21.8318800903645,-91.6267451182628,-295.907480974121));
#2433=CARTESIAN_POINT('Ctrl Pts',(-21.5844895663008,-91.4007004013018,-296.398457130335));
#2434=CARTESIAN_POINT('Ctrl Pts',(-21.4619520631064,-91.280620874044,-296.642238041988));
#2435=CARTESIAN_POINT('Ctrl Pts',(-21.2193568380337,-91.0261824201768,-297.12715283965));
#2436=CARTESIAN_POINT('Ctrl Pts',(-20.9822329809722,-90.7431122767714,-297.608429221175));
#2437=CARTESIAN_POINT('Ctrl Pts',(-20.8651666167611,-90.5944016944106,-297.848571586191));
#2438=CARTESIAN_POINT('Ctrl Pts',(-20.6343703728744,-90.2827265457906,-298.328757965257));
#2439=CARTESIAN_POINT('Ctrl Pts',(-20.4110817346033,-89.9430030786217,-298.810633451101));
#2440=CARTESIAN_POINT('Ctrl Pts',(-20.3015230166553,-89.766243908235,-299.052465058244));
#2441=CARTESIAN_POINT('Ctrl Pts',(-20.087065561747,-89.3992965680443,-299.538900894663));
#2442=CARTESIAN_POINT('Ctrl Pts',(-19.8830202257981,-89.0064515872845,-300.03290522658));
#2443=CARTESIAN_POINT('Ctrl Pts',(-19.7838727830122,-88.803794916411,-300.282306473465));
#2444=CARTESIAN_POINT('Ctrl Pts',(-19.5919394116938,-88.3866007690063,-300.78694808009));
#2445=CARTESIAN_POINT('Ctrl Pts',(-19.4139987368374,-87.9469955806504,-301.305546471421));
#2446=CARTESIAN_POINT('Ctrl Pts',(-19.3288342640829,-87.721932064269,-301.568902370536));
#2447=CARTESIAN_POINT('Ctrl Pts',(-19.1668306271054,-87.2620227434798,-302.104990181502));
#2448=CARTESIAN_POINT('Ctrl Pts',(-19.0218374895193,-86.78456691436,-302.662522797979));
#2449=CARTESIAN_POINT('Ctrl Pts',(-18.9537069061223,-86.5419625547915,-302.94731749801));
#2450=CARTESIAN_POINT('Ctrl Pts',(-18.8254449989699,-86.0503192578646,-303.530383483623));
#2451=CARTESIAN_POINT('Ctrl Pts',(-18.7104328316632,-85.5502186059688,-304.142456237538));
#2452=CARTESIAN_POINT('Ctrl Pts',(-18.655572045562,-85.2991753990223,-304.456253087826));
#2453=CARTESIAN_POINT('Ctrl Pts',(-18.5498023220649,-84.7980746774783,-305.100001867903));
#2454=CARTESIAN_POINT('Ctrl Pts',(-18.4549251322389,-84.3095930999444,-305.775424881456));
#2455=CARTESIAN_POINT('Ctrl Pts',(-18.4106546429674,-84.0717390439079,-306.121202196015));
#2456=CARTESIAN_POINT('Ctrl Pts',(-18.3535592903311,-83.7271125650487,-306.649005287235));
#2457=CARTESIAN_POINT('Ctrl Pts',(-18.3116522901778,-83.4232457943771,-307.192490641956));
#2458=CARTESIAN_POINT('Ctrl Pts',(-18.2994252283972,-83.3277591410135,-307.375528056979));
#2459=CARTESIAN_POINT('Ctrl Pts',(-18.2778137321233,-83.1530040714465,-307.746300050639));
#2460=CARTESIAN_POINT('Ctrl Pts',(-18.2630692712406,-83.0113949501599,-308.122329926084));
#2461=CARTESIAN_POINT('Ctrl Pts',(-18.2579707472858,-82.9462779939215,-308.308581826742));
#2462=CARTESIAN_POINT('Ctrl Pts',(-18.25160529223,-82.8492505103434,-308.694018305617));
#2463=CARTESIAN_POINT('Ctrl Pts',(-18.2559331644319,-82.8210225843867,-309.088540749712));
#2464=CARTESIAN_POINT('Ctrl Pts',(-18.2621808286644,-82.8194171568511,-309.28272314487));
#2465=CARTESIAN_POINT('Ctrl Pts',(-18.2844986697042,-82.8288504852446,-309.660756515205));
#2466=CARTESIAN_POINT('Ctrl Pts',(-18.3249359631749,-82.8613565589272,-310.01891369258));
#2467=CARTESIAN_POINT('Ctrl Pts',(-18.3494670912359,-82.8816363282954,-310.192894334155));
#2468=CARTESIAN_POINT('Ctrl Pts',(-18.4340786741016,-82.9516351319233,-310.700903159186));
#2469=CARTESIAN_POINT('Ctrl Pts',(-18.54637975494,-83.042474272843,-311.170266041993));
#2470=CARTESIAN_POINT('Ctrl Pts',(-18.6285733970125,-83.1066138567074,-311.469101425016));
#2471=CARTESIAN_POINT('Ctrl Pts',(-18.7138178112657,-83.1725199299384,-311.757018967638));
#2472=CARTESIAN_POINT('Ctrl Pts',(-18.7997182882804,-83.2388245562215,-312.036097021865));
#2473=CARTESIAN_POINT('Ctrl Pts',(-25.8386379021264,-93.2757689717254,-289.221607696729));
#2474=CARTESIAN_POINT('Ctrl Pts',(-25.6816888980512,-93.2237164502627,-289.517313485495));
#2475=CARTESIAN_POINT('Ctrl Pts',(-25.5276096947472,-93.1754828521097,-289.813746689444));
#2476=CARTESIAN_POINT('Ctrl Pts',(-25.3762312508431,-93.1303121578334,-290.110056011502));
#2477=CARTESIAN_POINT('Ctrl Pts',(-25.0784704497886,-93.0441118928658,-290.700685191751));
#2478=CARTESIAN_POINT('Ctrl Pts',(-24.7899225268437,-92.9620409940971,-291.284570511919));
#2479=CARTESIAN_POINT('Ctrl Pts',(-24.6477562415761,-92.9209987304718,-291.574130972053));
#2480=CARTESIAN_POINT('Ctrl Pts',(-24.3672659698081,-92.8367603862384,-292.147462761252));
#2481=CARTESIAN_POINT('Ctrl Pts',(-24.0938173104957,-92.7444219868924,-292.708026147238));
#2482=CARTESIAN_POINT('Ctrl Pts',(-23.9586921812907,-92.6952759788806,-292.984814901613));
#2483=CARTESIAN_POINT('Ctrl Pts',(-23.6913652317214,-92.5893665221628,-293.531213129966));
#2484=CARTESIAN_POINT('Ctrl Pts',(-23.4294406049123,-92.465514343817,-294.063413400344));
#2485=CARTESIAN_POINT('Ctrl Pts',(-23.299717945082,-92.3984235920464,-294.32600417689));
#2486=CARTESIAN_POINT('Ctrl Pts',(-23.042581979992,-92.2528547522374,-294.844512567612));
#2487=CARTESIAN_POINT('Ctrl Pts',(-22.7898640883272,-92.0828996889222,-295.350641012286));
#2488=CARTESIAN_POINT('Ctrl Pts',(-22.6645594935363,-91.9914223040303,-295.600852854733));
#2489=CARTESIAN_POINT('Ctrl Pts',(-22.4160305631788,-91.794908500206,-296.096193240691));
#2490=CARTESIAN_POINT('Ctrl Pts',(-22.1717838967034,-91.5705112764121,-296.582753168333));
#2491=CARTESIAN_POINT('Ctrl Pts',(-22.0507612480436,-91.4511509215103,-296.824185371671));
#2492=CARTESIAN_POINT('Ctrl Pts',(-21.8110673385749,-91.1978987318714,-297.304123825139));
#2493=CARTESIAN_POINT('Ctrl Pts',(-21.5765492606567,-90.9154319009211,-297.779874509807));
#2494=CARTESIAN_POINT('Ctrl Pts',(-21.4607022085279,-90.7668573979777,-298.017118962759));
#2495=CARTESIAN_POINT('Ctrl Pts',(-21.2321535050525,-90.4550861513435,-298.491244331657));
#2496=CARTESIAN_POINT('Ctrl Pts',(-21.0106739927237,-90.1144434553449,-298.966541291364));
#2497=CARTESIAN_POINT('Ctrl Pts',(-20.9018960076743,-89.9369973832088,-299.204957533277));
#2498=CARTESIAN_POINT('Ctrl Pts',(-20.6887205521253,-89.5681710261888,-299.684321003005));
#2499=CARTESIAN_POINT('Ctrl Pts',(-20.4853099112864,-89.1723241128574,-300.170814295005));
#2500=CARTESIAN_POINT('Ctrl Pts',(-20.3862954347347,-88.9678579009237,-300.416361047588));
#2501=CARTESIAN_POINT('Ctrl Pts',(-20.1942036738727,-88.5463662044367,-300.913130567414));
#2502=CARTESIAN_POINT('Ctrl Pts',(-20.0150420615437,-88.1010079138273,-301.423579604515));
#2503=CARTESIAN_POINT('Ctrl Pts',(-19.9289517307265,-87.8726787544547,-301.68280377855));
#2504=CARTESIAN_POINT('Ctrl Pts',(-19.7642705741349,-87.4054304657098,-302.210522001937));
#2505=CARTESIAN_POINT('Ctrl Pts',(-19.6146544982687,-86.9189976312021,-302.759401766352));
#2506=CARTESIAN_POINT('Ctrl Pts',(-19.5436488421661,-86.6714895668372,-303.039782687199));
#2507=CARTESIAN_POINT('Ctrl Pts',(-19.4085432049159,-86.1691953578512,-303.613766385811));
#2508=CARTESIAN_POINT('Ctrl Pts',(-19.285298133031,-85.6566591977515,-304.216137277571));
#2509=CARTESIAN_POINT('Ctrl Pts',(-19.2261646264985,-85.3989244367916,-304.524903635259));
#2510=CARTESIAN_POINT('Ctrl Pts',(-19.1121019651865,-84.8834583388113,-305.158184088115));
#2511=CARTESIAN_POINT('Ctrl Pts',(-19.0092186900418,-84.3782406647723,-305.822437463957));
#2512=CARTESIAN_POINT('Ctrl Pts',(-18.9611431231866,-84.1308548508333,-306.162197897121));
#2513=CARTESIAN_POINT('Ctrl Pts',(-18.8971555680761,-83.7724687887417,-306.68218347149));
#2514=CARTESIAN_POINT('Ctrl Pts',(-18.8466888498161,-83.4508154990624,-307.217420619248));
#2515=CARTESIAN_POINT('Ctrl Pts',(-18.8314396078607,-83.3486875633385,-307.397539085744));
#2516=CARTESIAN_POINT('Ctrl Pts',(-18.8040681842347,-83.156627115524,-307.760702594221));
#2517=CARTESIAN_POINT('Ctrl Pts',(-18.7838334741168,-82.9902745926867,-308.127016348546));
#2518=CARTESIAN_POINT('Ctrl Pts',(-18.7760685823793,-82.9110065767295,-308.307572064423));
#2519=CARTESIAN_POINT('Ctrl Pts',(-18.7628629531609,-82.7869110258634,-308.687068076033));
#2520=CARTESIAN_POINT('Ctrl Pts',(-18.7576928565368,-82.7266569651479,-309.079124547788));
#2521=CARTESIAN_POINT('Ctrl Pts',(-18.7582117843227,-82.7090192516144,-309.272030396755));
#2522=CARTESIAN_POINT('Ctrl Pts',(-18.7672520919872,-82.688780912809,-309.649693333687));
#2523=CARTESIAN_POINT('Ctrl Pts',(-18.7919899192436,-82.6949127524372,-310.010532126514));
#2524=CARTESIAN_POINT('Ctrl Pts',(-18.8083027388477,-82.7029549782705,-310.186552320058));
#2525=CARTESIAN_POINT('Ctrl Pts',(-18.8678278335599,-82.7390238000362,-310.702171666498));
#2526=CARTESIAN_POINT('Ctrl Pts',(-18.9550985951004,-82.8036572723811,-311.182464173975));
#2527=CARTESIAN_POINT('Ctrl Pts',(-19.0218593879321,-82.8531796953591,-311.488944341054));
#2528=CARTESIAN_POINT('Ctrl Pts',(-19.0931928780172,-82.9066119547921,-311.784341868986));
#2529=CARTESIAN_POINT('Ctrl Pts',(-19.1667121287872,-82.9621888561388,-312.070531425941));
#2530=CARTESIAN_POINT('Ctrl Pts',(-26.0166313559505,-93.3214615706994,-289.294495374835));
#2531=CARTESIAN_POINT('Ctrl Pts',(-25.8605526243245,-93.270252898205,-289.590029070731));
#2532=CARTESIAN_POINT('Ctrl Pts',(-25.7073144489372,-93.2227492801442,-289.886207988445));
#2533=CARTESIAN_POINT('Ctrl Pts',(-25.5567508075727,-93.1782041550597,-290.18220223192));
#2534=CARTESIAN_POINT('Ctrl Pts',(-25.2605752581362,-93.0930866929112,-290.772127269309));
#2535=CARTESIAN_POINT('Ctrl Pts',(-24.9735351128543,-93.0118420110637,-291.355220069439));
#2536=CARTESIAN_POINT('Ctrl Pts',(-24.8321062274744,-92.9711688614479,-291.644377456775));
#2537=CARTESIAN_POINT('Ctrl Pts',(-24.5530609474767,-92.8876182721235,-292.216902175216));
#2538=CARTESIAN_POINT('Ctrl Pts',(-24.2809997346587,-92.7959127743997,-292.776655103894));
#2539=CARTESIAN_POINT('Ctrl Pts',(-24.1465544843825,-92.7470812728991,-293.053037522418));
#2540=CARTESIAN_POINT('Ctrl Pts',(-23.8805590362074,-92.6418071652701,-293.598608934337));
#2541=CARTESIAN_POINT('Ctrl Pts',(-23.6199086515814,-92.5186046268952,-294.129928508035));
#2542=CARTESIAN_POINT('Ctrl Pts',(-23.4908085762866,-92.4518427102932,-294.392058977597));
#2543=CARTESIAN_POINT('Ctrl Pts',(-23.2348885051311,-92.3069316941082,-294.909592964465));
#2544=CARTESIAN_POINT('Ctrl Pts',(-22.9833268125919,-92.1376122182627,-295.414618835673));
#2545=CARTESIAN_POINT('Ctrl Pts',(-22.8585850974139,-92.0464414025718,-295.664242127397));
#2546=CARTESIAN_POINT('Ctrl Pts',(-22.6111502722465,-91.8505035831932,-296.158323939946));
#2547=CARTESIAN_POINT('Ctrl Pts',(-22.3679283690858,-91.6265790626506,-296.643455847445));
#2548=CARTESIAN_POINT('Ctrl Pts',(-22.2473992758384,-91.5074219448258,-296.884130012896));
#2549=CARTESIAN_POINT('Ctrl Pts',(-22.0086500447867,-91.2544958016524,-297.362464428308));
#2550=CARTESIAN_POINT('Ctrl Pts',(-21.7749787293022,-90.9721676340956,-297.836437025793));
#2551=CARTESIAN_POINT('Ctrl Pts',(-21.6595273134552,-90.8236089439926,-298.072749433553));
#2552=CARTESIAN_POINT('Ctrl Pts',(-21.4317062959569,-90.5117495741004,-298.544926132585));
#2553=CARTESIAN_POINT('Ctrl Pts',(-21.210807845609,-90.1707502399999,-299.018109461144));
#2554=CARTESIAN_POINT('Ctrl Pts',(-21.1022788201102,-89.9930515120353,-299.255428708697));
#2555=CARTESIAN_POINT('Ctrl Pts',(-20.8895069505093,-89.6235545307024,-299.732521379927));
#2556=CARTESIAN_POINT('Ctrl Pts',(-20.6862799620102,-89.2266702777061,-300.216603769388));
#2557=CARTESIAN_POINT('Ctrl Pts',(-20.5872944212074,-89.0215847753578,-300.460913288279));
#2558=CARTESIAN_POINT('Ctrl Pts',(-20.3951145235905,-88.5986340140129,-300.955154934125));
#2559=CARTESIAN_POINT('Ctrl Pts',(-20.215502554797,-88.1513457369137,-301.46298179336));
#2560=CARTESIAN_POINT('Ctrl Pts',(-20.1290800433873,-87.9219262066884,-301.72087445558));
#2561=CARTESIAN_POINT('Ctrl Pts',(-19.9634609900032,-87.4522378407898,-302.245889281466));
#2562=CARTESIAN_POINT('Ctrl Pts',(-19.812285069003,-86.9628399942481,-302.791959073331));
#2563=CARTESIAN_POINT('Ctrl Pts',(-19.7403240056988,-86.7137165881157,-303.070902250259));
#2564=CARTESIAN_POINT('Ctrl Pts',(-19.6029788266732,-86.2079233488242,-303.64191875496));
#2565=CARTESIAN_POINT('Ctrl Pts',(-19.4770750008314,-85.6913277675654,-304.24109874077));
#2566=CARTESIAN_POINT('Ctrl Pts',(-19.4165640026248,-85.431417064964,-304.54820467769));
#2567=CARTESIAN_POINT('Ctrl Pts',(-19.299814476543,-84.9112932349079,-305.178013379251));
#2568=CARTESIAN_POINT('Ctrl Pts',(-19.1942891281738,-84.4007082028561,-305.838533579907));
#2569=CARTESIAN_POINT('Ctrl Pts',(-19.1449191797973,-84.1503441558631,-306.176325363493));
#2570=CARTESIAN_POINT('Ctrl Pts',(-19.078620397086,-83.787581764833,-306.693593629528));
#2571=CARTESIAN_POINT('Ctrl Pts',(-19.025397493977,-83.4599405022687,-307.225729710962));
#2572=CARTESIAN_POINT('Ctrl Pts',(-19.009182764389,-83.3555880846101,-307.404767556477));
#2573=CARTESIAN_POINT('Ctrl Pts',(-18.9799342680368,-83.1577339188208,-307.765175878958));
#2574=CARTESIAN_POINT('Ctrl Pts',(-18.9576163771405,-82.9851724248765,-308.129641767652));
#2575=CARTESIAN_POINT('Ctrl Pts',(-18.9484430669649,-82.9050977496655,-308.31199058244));
#2576=CARTESIAN_POINT('Ctrl Pts',(-18.9327855820364,-82.7751797566715,-308.689588160346));
#2577=CARTESIAN_POINT('Ctrl Pts',(-18.9251122390724,-82.7026780964803,-309.077452401826));
#2578=CARTESIAN_POINT('Ctrl Pts',(-18.924035395216,-82.6790463630528,-309.269491053148));
#2579=CARTESIAN_POINT('Ctrl Pts',(-18.9292638432698,-82.6481283518174,-309.645988213516));
#2580=CARTESIAN_POINT('Ctrl Pts',(-18.9492944018649,-82.6451606374217,-310.007274467916));
#2581=CARTESIAN_POINT('Ctrl Pts',(-18.9631025753392,-82.6489903896101,-310.183802109484));
#2582=CARTESIAN_POINT('Ctrl Pts',(-19.0148819083633,-82.6733614667785,-310.701544273899));
#2583=CARTESIAN_POINT('Ctrl Pts',(-19.0941690969643,-82.7288857852852,-311.185273891286));
#2584=CARTESIAN_POINT('Ctrl Pts',(-19.1559204923921,-82.773275786372,-311.494190939682));
#2585=CARTESIAN_POINT('Ctrl Pts',(-19.2226796400528,-82.8223103193463,-311.792019087944));
#2586=CARTESIAN_POINT('Ctrl Pts',(-19.2920827786193,-82.8740875465343,-312.080547219624));
#2587=CARTESIAN_POINT('Ctrl Pts',(-26.3740876413073,-93.4138873134532,-289.439073116844));
#2588=CARTESIAN_POINT('Ctrl Pts',(-26.2197184472492,-93.3642787106822,-289.734217067042));
#2589=CARTESIAN_POINT('Ctrl Pts',(-26.0681321314664,-93.3181530342043,-290.029848696096));
#2590=CARTESIAN_POINT('Ctrl Pts',(-25.9191683286119,-93.2747820595128,-290.325178845939));
#2591=CARTESIAN_POINT('Ctrl Pts',(-25.6261036243121,-93.1916818147248,-290.913632283716));
#2592=CARTESIAN_POINT('Ctrl Pts',(-25.342018410719,-93.1119448472094,-291.495082186672));
#2593=CARTESIAN_POINT('Ctrl Pts',(-25.2020335760495,-93.0719365687717,-291.783404867182));
#2594=CARTESIAN_POINT('Ctrl Pts',(-24.9258161501001,-92.9896101688858,-292.354260075457));
#2595=CARTESIAN_POINT('Ctrl Pts',(-24.6564674467141,-92.8990090655829,-292.912344242191));
#2596=CARTESIAN_POINT('Ctrl Pts',(-24.5233509484143,-92.8507230917208,-293.187892948716));
#2597=CARTESIAN_POINT('Ctrl Pts',(-24.2599575037798,-92.7465483959631,-293.73177694985));
#2598=CARTESIAN_POINT('Ctrl Pts',(-24.0017972193957,-92.6244682793828,-294.261321201451));
#2599=CARTESIAN_POINT('Ctrl Pts',(-23.8739139321012,-92.5582749872869,-294.522529890753));
#2600=CARTESIAN_POINT('Ctrl Pts',(-23.6203704833916,-92.4145020823953,-295.03812527247));
#2601=CARTESIAN_POINT('Ctrl Pts',(-23.371068832935,-92.2462803170841,-295.540981838762));
#2602=CARTESIAN_POINT('Ctrl Pts',(-23.2474273060949,-92.1556376722822,-295.789452507013));
#2603=CARTESIAN_POINT('Ctrl Pts',(-23.0021304745611,-91.9606866685709,-296.281078877195));
#2604=CARTESIAN_POINT('Ctrl Pts',(-22.7609093674666,-91.7375535718089,-296.763440391544));
#2605=CARTESIAN_POINT('Ctrl Pts',(-22.6413432946444,-91.6187291371723,-297.002646906921));
#2606=CARTESIAN_POINT('Ctrl Pts',(-22.4044356961606,-91.366314212157,-297.47788014207));
#2607=CARTESIAN_POINT('Ctrl Pts',(-22.1724107717658,-91.084135713465,-297.948421788853));
#2608=CARTESIAN_POINT('Ctrl Pts',(-22.0577271270482,-90.9355480849154,-298.182936845756));
#2609=CARTESIAN_POINT('Ctrl Pts',(-21.8313143465159,-90.6233974261731,-298.651357455762));
#2610=CARTESIAN_POINT('Ctrl Pts',(-21.611529344435,-90.2815820671898,-299.120469789509));
#2611=CARTESIAN_POINT('Ctrl Pts',(-21.5034732053035,-90.103329750479,-299.355676790995));
#2612=CARTESIAN_POINT('Ctrl Pts',(-21.2914559901892,-89.7324017980799,-299.828398332541));
#2613=CARTESIAN_POINT('Ctrl Pts',(-21.0885362446841,-89.3333698446979,-300.307840406194));
#2614=CARTESIAN_POINT('Ctrl Pts',(-20.9895760988408,-89.1270141657575,-300.549768252393));
#2615=CARTESIAN_POINT('Ctrl Pts',(-20.7971478791528,-88.7010943548299,-301.039140997551));
#2616=CARTESIAN_POINT('Ctrl Pts',(-20.6165539856198,-88.2499253932428,-301.541905882095));
#2617=CARTESIAN_POINT('Ctrl Pts',(-20.529425198457,-88.0183237751991,-301.7972238663));
#2618=CARTESIAN_POINT('Ctrl Pts',(-20.3618555210547,-87.5437730531415,-302.316999100419));
#2619=CARTESIAN_POINT('Ctrl Pts',(-20.207539745047,-87.0485079601331,-302.85759342787));
#2620=CARTESIAN_POINT('Ctrl Pts',(-20.1336806436603,-86.7961974728749,-303.133726660939));
#2621=CARTESIAN_POINT('Ctrl Pts',(-19.9919416564296,-86.2835216327501,-303.698926898158));
#2622=CARTESIAN_POINT('Ctrl Pts',(-19.8608741156656,-85.7589965557937,-304.291812681851));
#2623=CARTESIAN_POINT('Ctrl Pts',(-19.7976901445008,-85.4948513352766,-304.595632255632));
#2624=CARTESIAN_POINT('Ctrl Pts',(-19.6756930447611,-84.9657026095818,-305.218546856312));
#2625=CARTESIAN_POINT('Ctrl Pts',(-19.5649116334933,-84.4448274539327,-305.871598719844));
#2626=CARTESIAN_POINT('Ctrl Pts',(-19.5129084824387,-84.1888916952095,-306.20551102547));
#2627=CARTESIAN_POINT('Ctrl Pts',(-19.4420081686152,-83.8175592073905,-306.717046943653));
#2628=CARTESIAN_POINT('Ctrl Pts',(-19.3833206217517,-83.4786752372426,-307.24295109519));
#2629=CARTESIAN_POINT('Ctrl Pts',(-19.3651991712952,-83.3701306090102,-307.419801312787));
#2630=CARTESIAN_POINT('Ctrl Pts',(-19.3320529608576,-83.162749065857,-307.775763285068));
#2631=CARTESIAN_POINT('Ctrl Pts',(-19.3053203342628,-82.980931784049,-308.137781692534));
#2632=CARTESIAN_POINT('Ctrl Pts',(-19.2936147847995,-82.8978561251461,-308.320739773637));
#2633=CARTESIAN_POINT('Ctrl Pts',(-19.2731781818917,-82.7564854473088,-308.694685440433));
#2634=CARTESIAN_POINT('Ctrl Pts',(-19.2604992667573,-82.6636145298356,-309.075378008555));
#2635=CARTESIAN_POINT('Ctrl Pts',(-19.2565569254552,-82.6289552014106,-309.264957580019));
#2636=CARTESIAN_POINT('Ctrl Pts',(-19.2549652820916,-82.5774870867603,-309.638631929455));
#2637=CARTESIAN_POINT('Ctrl Pts',(-19.2665041040492,-82.556207284802,-310.000252302669));
#2638=CARTESIAN_POINT('Ctrl Pts',(-19.2757338941,-82.5515405795517,-310.177544724555));
#2639=CARTESIAN_POINT('Ctrl Pts',(-19.3132046733503,-82.5521479965358,-310.698840806262));
#2640=CARTESIAN_POINT('Ctrl Pts',(-19.3773219436948,-82.5888425467401,-311.188946580462));
#2641=CARTESIAN_POINT('Ctrl Pts',(-19.4293851068193,-82.6225397898174,-311.50248800099));
#2642=CARTESIAN_POINT('Ctrl Pts',(-19.487187652693,-82.6623539165242,-311.805005407679));
#2643=CARTESIAN_POINT('Ctrl Pts',(-19.5484452051905,-82.7061233867076,-312.09810009841));
#2644=CARTESIAN_POINT('Ctrl Pts',(-26.7343580211562,-93.508154313821,-289.581260389951));
#2645=CARTESIAN_POINT('Ctrl Pts',(-26.5816369648509,-93.4599754414214,-289.875930368015));
#2646=CARTESIAN_POINT('Ctrl Pts',(-26.4316426249699,-93.4150678226007,-290.170943305647));
#2647=CARTESIAN_POINT('Ctrl Pts',(-26.2842196169727,-93.3727204600283,-290.465547033553));
#2648=CARTESIAN_POINT('Ctrl Pts',(-25.9941476051822,-93.2913469977349,-291.052413354059));
#2649=CARTESIAN_POINT('Ctrl Pts',(-25.7128976763719,-93.2128347602894,-291.632116080704));
#2650=CARTESIAN_POINT('Ctrl Pts',(-25.574296325694,-93.1733482033705,-291.919552825365));
#2651=CARTESIAN_POINT('Ctrl Pts',(-25.3007844779707,-93.0919513241387,-292.488639373118));
#2652=CARTESIAN_POINT('Ctrl Pts',(-25.0340253732537,-93.0021409623971,-293.044969286769));
#2653=CARTESIAN_POINT('Ctrl Pts',(-24.9021764198272,-92.9542383100174,-293.319646704226));
#2654=CARTESIAN_POINT('Ctrl Pts',(-24.6412641517566,-92.8508298548208,-293.861783220585));
#2655=CARTESIAN_POINT('Ctrl Pts',(-24.3854773372246,-92.7295269616291,-294.389528659921));
#2656=CARTESIAN_POINT('Ctrl Pts',(-24.2587538438327,-92.6637280767606,-294.649814619469));
#2657=CARTESIAN_POINT('Ctrl Pts',(-24.007475642289,-92.5207450180383,-295.163493122252));
#2658=CARTESIAN_POINT('Ctrl Pts',(-23.7603272165605,-92.3532788273427,-295.664250839789));
#2659=CARTESIAN_POINT('Ctrl Pts',(-23.6377334439341,-92.2629962788988,-295.911616676771));
#2660=CARTESIAN_POINT('Ctrl Pts',(-23.3944711664348,-92.0687044457154,-296.400907798114));
#2661=CARTESIAN_POINT('Ctrl Pts',(-23.1551495655652,-91.8460555124381,-296.880665702472));
#2662=CARTESIAN_POINT('Ctrl Pts',(-23.0364962193291,-91.7274160838387,-297.118498957609));
#2663=CARTESIAN_POINT('Ctrl Pts',(-22.8013301521765,-91.4752297193159,-297.590839743187));
#2664=CARTESIAN_POINT('Ctrl Pts',(-22.5708518274192,-91.1929438680061,-298.058195811054));
#2665=CARTESIAN_POINT('Ctrl Pts',(-22.456885968292,-91.0442052772049,-298.291044523209));
#2666=CARTESIAN_POINT('Ctrl Pts',(-22.2317807611506,-90.7315318192149,-298.755986667056));
#2667=CARTESIAN_POINT('Ctrl Pts',(-22.0130049865684,-90.3886950306922,-299.221335272789));
#2668=CARTESIAN_POINT('Ctrl Pts',(-21.9053682147493,-90.2097931953533,-299.454590657193));
#2669=CARTESIAN_POINT('Ctrl Pts',(-21.6939940168695,-89.8372575492166,-299.923275432277));
#2670=CARTESIAN_POINT('Ctrl Pts',(-21.4912572277503,-89.4359379785654,-300.398431671459));
#2671=CARTESIAN_POINT('Ctrl Pts',(-21.3922564634778,-89.2282529641512,-300.63815864642));
#2672=CARTESIAN_POINT('Ctrl Pts',(-21.1994377082545,-88.7992723777235,-301.123025786673));
#2673=CARTESIAN_POINT('Ctrl Pts',(-21.0177125289269,-88.3441955323234,-301.621082748717));
#2674=CARTESIAN_POINT('Ctrl Pts',(-20.929803784907,-88.1104172685477,-301.873997637748));
#2675=CARTESIAN_POINT('Ctrl Pts',(-20.7601609616587,-87.631058261959,-302.388859007842));
#2676=CARTESIAN_POINT('Ctrl Pts',(-20.6026911559741,-87.1300767189893,-302.924262881987));
#2677=CARTESIAN_POINT('Ctrl Pts',(-20.5269688321842,-86.8746812986291,-303.197716937291));
#2678=CARTESIAN_POINT('Ctrl Pts',(-20.381006193704,-86.355389252099,-303.757339851926));
#2679=CARTESIAN_POINT('Ctrl Pts',(-20.2450542028845,-85.823359914769,-304.344121481113));
#2680=CARTESIAN_POINT('Ctrl Pts',(-20.1793427940964,-85.5552409616074,-304.644735818447));
#2681=CARTESIAN_POINT('Ctrl Pts',(-20.0523159245475,-85.0177079748774,-305.260892632942));
#2682=CARTESIAN_POINT('Ctrl Pts',(-19.9363267359207,-84.4874977265443,-305.906547058722));
#2683=CARTESIAN_POINT('Ctrl Pts',(-19.8816303675079,-84.2266854427795,-306.236661647041));
#2684=CARTESIAN_POINT('Ctrl Pts',(-19.8061734867798,-83.8474412875624,-306.742195307311));
#2685=CARTESIAN_POINT('Ctrl Pts',(-19.7421157921645,-83.4991123791762,-307.262049956221));
#2686=CARTESIAN_POINT('Ctrl Pts',(-19.7221165200692,-83.3871713536987,-307.43686478156));
#2687=CARTESIAN_POINT('Ctrl Pts',(-19.6849814477157,-83.1731331217064,-307.78936960288));
#2688=CARTESIAN_POINT('Ctrl Pts',(-19.653784972776,-82.9849247986032,-308.148989716658));
#2689=CARTESIAN_POINT('Ctrl Pts',(-19.6397255270708,-82.8987589275443,-308.330933405767));
#2690=CARTESIAN_POINT('Ctrl Pts',(-19.614733421576,-82.747531165679,-308.700292824409));
#2691=CARTESIAN_POINT('Ctrl Pts',(-19.5974011366625,-82.6386441818936,-309.074712674089));
#2692=CARTESIAN_POINT('Ctrl Pts',(-19.5909964225607,-82.5948460106162,-309.261737361811));
#2693=CARTESIAN_POINT('Ctrl Pts',(-19.5837456433837,-82.5251280636847,-309.632160435342));
#2694=CARTESIAN_POINT('Ctrl Pts',(-19.5882691705038,-82.4862755467555,-309.993289335267));
#2695=CARTESIAN_POINT('Ctrl Pts',(-19.5936577291273,-82.4732652646562,-310.170911454588));
#2696=CARTESIAN_POINT('Ctrl Pts',(-19.6189128115587,-82.4501538652774,-310.694476355047));
#2697=CARTESIAN_POINT('Ctrl Pts',(-19.6694515337672,-82.4671640370706,-311.189847164217));
#2698=CARTESIAN_POINT('Ctrl Pts',(-19.7125403983629,-82.4895103106912,-311.507445500483));
#2699=CARTESIAN_POINT('Ctrl Pts',(-19.761847680476,-82.5193942445457,-311.81422517839));
#2700=CARTESIAN_POINT('Ctrl Pts',(-19.8152192621831,-82.5544449393345,-312.111581964613));
#2701=CARTESIAN_POINT('Ctrl Pts',(-26.9151655701502,-93.5556881766223,-289.651757604986));
#2702=CARTESIAN_POINT('Ctrl Pts',(-26.7632533864958,-93.5081828131194,-289.946171263149));
#2703=CARTESIAN_POINT('Ctrl Pts',(-26.6140401909187,-93.4638452899432,-290.240858511519));
#2704=CARTESIAN_POINT('Ctrl Pts',(-26.4673729419333,-93.4219729580418,-290.535084832438));
#2705=CARTESIAN_POINT('Ctrl Pts',(-26.1787680292423,-93.3413918630659,-291.121131491865));
#2706=CARTESIAN_POINT('Ctrl Pts',(-25.8989062310815,-93.2634228572496,-291.699937418708));
#2707=CARTESIAN_POINT('Ctrl Pts',(-25.7609817134559,-93.2241622640099,-291.986919861356));
#2708=CARTESIAN_POINT('Ctrl Pts',(-25.4887925814996,-93.1431584696739,-292.55510018846));
#2709=CARTESIAN_POINT('Ctrl Pts',(-25.2232980124341,-93.0536673561708,-293.110534155536));
#2710=CARTESIAN_POINT('Ctrl Pts',(-25.092067730835,-93.0059170041751,-293.384767661297));
#2711=CARTESIAN_POINT('Ctrl Pts',(-24.8323661372278,-92.9028107273793,-293.926017289721));
#2712=CARTESIAN_POINT('Ctrl Pts',(-24.577736934597,-92.7818122770282,-294.452858544163));
#2713=CARTESIAN_POINT('Ctrl Pts',(-24.4515790317042,-92.7161680107511,-294.712683247937));
#2714=CARTESIAN_POINT('Ctrl Pts',(-24.2014053489156,-92.5734945117901,-295.225409073941));
#2715=CARTESIAN_POINT('Ctrl Pts',(-23.9553063049242,-92.4063217734587,-295.7251346742));
#2716=CARTESIAN_POINT('Ctrl Pts',(-23.8332229777131,-92.3161777199329,-295.971959752535));
#2717=CARTESIAN_POINT('Ctrl Pts',(-23.5909513655293,-92.1221342262163,-296.460112493683));
#2718=CARTESIAN_POINT('Ctrl Pts',(-23.3525532375918,-91.8996507355246,-296.938609160821));
#2719=CARTESIAN_POINT('Ctrl Pts',(-23.2343431525894,-91.781066866562,-297.175778767861));
#2720=CARTESIAN_POINT('Ctrl Pts',(-23.0000216617577,-91.528923890224,-297.646724246159));
#2721=CARTESIAN_POINT('Ctrl Pts',(-22.7702903066534,-91.2465196802956,-298.112547598823));
#2722=CARTESIAN_POINT('Ctrl Pts',(-22.6566700974614,-91.0976748783369,-298.344595271969));
#2723=CARTESIAN_POINT('Ctrl Pts',(-22.4321919107991,-90.7846817863376,-298.807866368703));
#2724=CARTESIAN_POINT('Ctrl Pts',(-22.2138929746882,-90.4412829548783,-299.271408609163));
#2725=CARTESIAN_POINT('Ctrl Pts',(-22.1064516417752,-90.2620325337901,-299.503727627463));
#2726=CARTESIAN_POINT('Ctrl Pts',(-21.8953693884895,-89.8886495411838,-299.970475965222));
#2727=CARTESIAN_POINT('Ctrl Pts',(-21.6926919628382,-89.4861527159937,-300.443575779901));
#2728=CARTESIAN_POINT('Ctrl Pts',(-21.5936541209052,-89.2777892538174,-300.682246320635));
#2729=CARTESIAN_POINT('Ctrl Pts',(-21.4006050248346,-88.8472578793417,-301.164948877936));
#2730=CARTESIAN_POINT('Ctrl Pts',(-21.2182801592618,-88.3902238493997,-301.660737708531));
#2731=CARTESIAN_POINT('Ctrl Pts',(-21.1299655764839,-88.1553606565521,-301.912492665506));
#2732=CARTESIAN_POINT('Ctrl Pts',(-20.9592623746718,-87.6736156487483,-302.424976360133));
#2733=CARTESIAN_POINT('Ctrl Pts',(-20.8002185441008,-87.1698199063834,-302.957855261397));
#2734=CARTESIAN_POINT('Ctrl Pts',(-20.7235756040427,-86.9129113021902,-303.230002328991));
#2735=CARTESIAN_POINT('Ctrl Pts',(-20.5755435383464,-86.3903866369612,-303.786896966152));
#2736=CARTESIAN_POINT('Ctrl Pts',(-20.4372119970658,-85.8547231676422,-304.370677721084));
#2737=CARTESIAN_POINT('Ctrl Pts',(-20.3702686163902,-85.5846890057839,-304.669712725051));
#2738=CARTESIAN_POINT('Ctrl Pts',(-20.2407723431264,-85.0431393196139,-305.282534226409));
#2739=CARTESIAN_POINT('Ctrl Pts',(-20.1221890357346,-84.5085168993104,-305.924526097428));
#2740=CARTESIAN_POINT('Ctrl Pts',(-20.0661391011219,-84.2454203538502,-306.252752993274));
#2741=CARTESIAN_POINT('Ctrl Pts',(-19.988417707657,-83.8624492893902,-306.755293800783));
#2742=CARTESIAN_POINT('Ctrl Pts',(-19.9216927460388,-83.5099546143439,-307.272249379141));
#2743=CARTESIAN_POINT('Ctrl Pts',(-19.9007572931668,-83.3965696953953,-307.446122321821));
#2744=CARTESIAN_POINT('Ctrl Pts',(-19.8616398950158,-83.1797325524934,-307.796963975567));
#2745=CARTESIAN_POINT('Ctrl Pts',(-19.8282874027043,-82.9884618940321,-308.155000853989));
#2746=CARTESIAN_POINT('Ctrl Pts',(-19.8131152812544,-82.9006117917083,-308.336086545659));
#2747=CARTESIAN_POINT('Ctrl Pts',(-19.7859314760467,-82.7446537146932,-308.702986790834));
#2748=CARTESIAN_POINT('Ctrl Pts',(-19.7663315937884,-82.6286685829975,-309.07464399948));
#2749=CARTESIAN_POINT('Ctrl Pts',(-19.758737465973,-82.5808282251741,-309.26050310696));
#2750=CARTESIAN_POINT('Ctrl Pts',(-19.7488314017695,-82.502775042299,-309.629339867207));
#2751=CARTESIAN_POINT('Ctrl Pts',(-19.7501260234195,-82.4555433777435,-309.990088044512));
#2752=CARTESIAN_POINT('Ctrl Pts',(-19.7537469204286,-82.438476580234,-310.167783925859));
#2753=CARTESIAN_POINT('Ctrl Pts',(-19.7733499164828,-82.4037113774128,-310.692187644016));
#2754=CARTESIAN_POINT('Ctrl Pts',(-19.8174972868063,-82.4107584247219,-311.189884691718));
#2755=CARTESIAN_POINT('Ctrl Pts',(-19.8562910222795,-82.4273136488664,-311.509352545905));
#2756=CARTESIAN_POINT('Ctrl Pts',(-19.9014855583909,-82.452089961699,-311.818135911138));
#2757=CARTESIAN_POINT('Ctrl Pts',(-19.9510008398014,-82.482629869522,-312.117526830153));
#2758=CARTESIAN_POINT('Ctrl Pts',(-27.096615996296,-93.6035672694572,-289.72166164989));
#2759=CARTESIAN_POINT('Ctrl Pts',(-26.9454976498675,-93.5566952029405,-290.015801223012));
#2760=CARTESIAN_POINT('Ctrl Pts',(-26.7970508944734,-93.5128898276118,-290.310147827627));
#2761=CARTESIAN_POINT('Ctrl Pts',(-26.6511249009974,-93.4714565900465,-290.603983831205));
#2762=CARTESIAN_POINT('Ctrl Pts',(-26.3639581428884,-93.3915983996728,-291.189187286531));
#2763=CARTESIAN_POINT('Ctrl Pts',(-26.0854553465397,-93.3141050712364,-291.767075817649));
#2764=CARTESIAN_POINT('Ctrl Pts',(-25.9481929691603,-93.2750364038536,-292.053593970484));
#2765=CARTESIAN_POINT('Ctrl Pts',(-25.6772969356541,-93.1943559311848,-292.620848862756));
#2766=CARTESIAN_POINT('Ctrl Pts',(-25.4130370705296,-93.1051101716985,-293.175370501135));
#2767=CARTESIAN_POINT('Ctrl Pts',(-25.2824105522778,-93.0574739368543,-293.449152935334));
#2768=CARTESIAN_POINT('Ctrl Pts',(-25.0238900167541,-92.954591281331,-293.989504432767));
#2769=CARTESIAN_POINT('Ctrl Pts',(-24.7703893916061,-92.8338154092533,-294.515437949154));
#2770=CARTESIAN_POINT('Ctrl Pts',(-24.6447827555037,-92.7682842720709,-294.774801935279));
#2771=CARTESIAN_POINT('Ctrl Pts',(-24.3956853308419,-92.6258369978991,-295.286581355225));
#2772=CARTESIAN_POINT('Ctrl Pts',(-24.1506080582823,-92.4588750370785,-295.785292016742));
#2773=CARTESIAN_POINT('Ctrl Pts',(-24.0290215036721,-92.3688286522881,-296.031587786023));
#2774=CARTESIAN_POINT('Ctrl Pts',(-23.7877133732606,-92.1749535007079,-296.518630738366));
#2775=CARTESIAN_POINT('Ctrl Pts',(-23.5502116991274,-91.9525596945419,-296.995905711823));
#2776=CARTESIAN_POINT('Ctrl Pts',(-23.432431365477,-91.8339948015264,-297.232434073746));
#2777=CARTESIAN_POINT('Ctrl Pts',(-23.1989273695063,-91.5818249271862,-297.70203392728));
#2778=CARTESIAN_POINT('Ctrl Pts',(-22.9699156260865,-91.299238209065,-298.166383302366));
#2779=CARTESIAN_POINT('Ctrl Pts',(-22.8566272808259,-91.1502567519926,-298.397661389937));
#2780=CARTESIAN_POINT('Ctrl Pts',(-22.6327482213675,-90.8368865064766,-298.859328229324));
#2781=CARTESIAN_POINT('Ctrl Pts',(-22.4148972647514,-90.492875492402,-299.321138046904));
#2782=CARTESIAN_POINT('Ctrl Pts',(-22.3076366262965,-90.313253419046,-299.552559302604));
#2783=CARTESIAN_POINT('Ctrl Pts',(-22.0968159488149,-89.9389815135524,-300.017451285094));
#2784=CARTESIAN_POINT('Ctrl Pts',(-21.894165786095,-89.5352768643322,-300.488578947278));
#2785=CARTESIAN_POINT('Ctrl Pts',(-21.7950744072373,-89.326222879082,-300.726235858086));
#2786=CARTESIAN_POINT('Ctrl Pts',(-21.601761515556,-88.894124283681,-301.206859573689));
#2787=CARTESIAN_POINT('Ctrl Pts',(-21.4188067466019,-88.4351349921397,-301.700463815469));
#2788=CARTESIAN_POINT('Ctrl Pts',(-21.3300729995438,-88.1991931642954,-301.951099449555));
#2789=CARTESIAN_POINT('Ctrl Pts',(-21.1582913608627,-87.7150868508039,-302.461283234526));
#2790=CARTESIAN_POINT('Ctrl Pts',(-20.9976808465839,-87.2085294651274,-302.991707472105));
#2791=CARTESIAN_POINT('Ctrl Pts',(-20.9201294355973,-86.9501418366464,-303.26258069698));
#2792=CARTESIAN_POINT('Ctrl Pts',(-20.7700691622388,-86.4244712185494,-303.816809818684));
#2793=CARTESIAN_POINT('Ctrl Pts',(-20.6294152007031,-85.8853057834146,-304.397647347127));
#2794=CARTESIAN_POINT('Ctrl Pts',(-20.5612682725778,-85.6134361086777,-304.695131050074));
#2795=CARTESIAN_POINT('Ctrl Pts',(-20.4293439002101,-85.0680619889566,-305.304673439789));
#2796=CARTESIAN_POINT('Ctrl Pts',(-20.3081822904375,-84.5293036295331,-305.943064335478));
#2797=CARTESIAN_POINT('Ctrl Pts',(-20.2507814656131,-84.2640745237345,-306.26942667815));
#2798=CARTESIAN_POINT('Ctrl Pts',(-20.1708125972742,-83.877695541229,-306.7690565219));
#2799=CARTESIAN_POINT('Ctrl Pts',(-20.1014669307509,-83.521495495792,-307.283199203181));
#2800=CARTESIAN_POINT('Ctrl Pts',(-20.0796143155544,-83.4068386146452,-307.456157737962));
#2801=CARTESIAN_POINT('Ctrl Pts',(-20.0385692310663,-83.1874822851897,-307.805302394618));
#2802=CARTESIAN_POINT('Ctrl Pts',(-20.0031444758228,-82.9933184300147,-308.161630199543));
#2803=CARTESIAN_POINT('Ctrl Pts',(-19.9869098897833,-82.9038310167981,-308.34178367058));
#2804=CARTESIAN_POINT('Ctrl Pts',(-19.9576167113199,-82.7434628611898,-308.706302179819));
#2805=CARTESIAN_POINT('Ctrl Pts',(-19.9358219041828,-82.6210167676432,-309.075376691356));
#2806=CARTESIAN_POINT('Ctrl Pts',(-19.9270800804032,-82.5694901208778,-309.260106739958));
#2807=CARTESIAN_POINT('Ctrl Pts',(-19.914646250153,-82.4837226362078,-309.627304677077));
#2808=CARTESIAN_POINT('Ctrl Pts',(-19.9129139262315,-82.4285428298893,-309.987492348187));
#2809=CARTESIAN_POINT('Ctrl Pts',(-19.9148843729294,-82.4075744609222,-310.165160297008));
#2810=CARTESIAN_POINT('Ctrl Pts',(-19.9292022459144,-82.3614819809161,-310.690081482588));
#2811=CARTESIAN_POINT('Ctrl Pts',(-19.9673204925063,-82.358561951024,-311.18978261843));
#2812=CARTESIAN_POINT('Ctrl Pts',(-20.0020091155255,-82.3692590262829,-311.5109427251));
#2813=CARTESIAN_POINT('Ctrl Pts',(-20.0432320150485,-82.3888265767448,-311.821584710858));
#2814=CARTESIAN_POINT('Ctrl Pts',(-20.0889891492965,-82.414736796029,-312.122894960736));
#2815=CARTESIAN_POINT('Ctrl Pts',(-27.2786813385515,-93.651740638174,-289.790977274508));
#2816=CARTESIAN_POINT('Ctrl Pts',(-27.1283419602165,-93.6054627495581,-290.084826443834));
#2817=CARTESIAN_POINT('Ctrl Pts',(-26.9806470889237,-93.5621525302659,-290.378818739786));
#2818=CARTESIAN_POINT('Ctrl Pts',(-26.8354479909326,-93.5211232821712,-290.672252713291));
#2819=CARTESIAN_POINT('Ctrl Pts',(-26.5496907549902,-93.4419200955294,-291.256591796618));
#2820=CARTESIAN_POINT('Ctrl Pts',(-26.2725182072243,-93.3648364712626,-291.833544748982));
#2821=CARTESIAN_POINT('Ctrl Pts',(-26.1359034849929,-93.3259265443019,-292.119589863011));
#2822=CARTESIAN_POINT('Ctrl Pts',(-25.8662713680176,-93.2455015144137,-292.685902578047));
#2823=CARTESIAN_POINT('Ctrl Pts',(-25.6032167925898,-93.1564294155329,-293.239497791878));
#2824=CARTESIAN_POINT('Ctrl Pts',(-25.4731793190709,-93.1088702849623,-293.512823047551));
#2825=CARTESIAN_POINT('Ctrl Pts',(-25.2158105348046,-93.0061350988095,-294.05226701257));
#2826=CARTESIAN_POINT('Ctrl Pts',(-24.9634095917357,-92.8855023526297,-294.577290485161));
#2827=CARTESIAN_POINT('Ctrl Pts',(-24.8383399175928,-92.820044031573,-294.836194749328));
#2828=CARTESIAN_POINT('Ctrl Pts',(-24.5902904276399,-92.6777418932959,-295.347034621399));
#2829=CARTESIAN_POINT('Ctrl Pts',(-24.3462070684761,-92.5109100225968,-295.844747498914));
#2830=CARTESIAN_POINT('Ctrl Pts',(-24.2251034475936,-92.4209213980444,-296.090525255072));
#2831=CARTESIAN_POINT('Ctrl Pts',(-23.9847312111994,-92.227136272707,-296.576486459243));
#2832=CARTESIAN_POINT('Ctrl Pts',(-23.7480984403505,-92.0047578072968,-297.052578333696));
#2833=CARTESIAN_POINT('Ctrl Pts',(-23.6307340552611,-91.8861759569846,-297.288487301543));
#2834=CARTESIAN_POINT('Ctrl Pts',(-23.3980198379511,-91.6339101314705,-297.756790002405));
#2835=CARTESIAN_POINT('Ctrl Pts',(-23.1696996455829,-91.3510779924174,-298.219722761049));
#2836=CARTESIAN_POINT('Ctrl Pts',(-23.0567290176718,-91.201930090154,-298.450261999167));
#2837=CARTESIAN_POINT('Ctrl Pts',(-22.8334204779668,-90.8881266423835,-298.91038987081));
#2838=CARTESIAN_POINT('Ctrl Pts',(-22.6159880697698,-90.5434552693342,-299.370539522395));
#2839=CARTESIAN_POINT('Ctrl Pts',(-22.5088931623539,-90.3634396238385,-299.6011007172));
#2840=CARTESIAN_POINT('Ctrl Pts',(-22.2983034962884,-89.9882399340274,-300.064214466283));
#2841=CARTESIAN_POINT('Ctrl Pts',(-22.09564912057,-89.5833004861802,-300.533452025406));
#2842=CARTESIAN_POINT('Ctrl Pts',(-21.9964883397516,-89.373545950165,-300.770136945288));
#2843=CARTESIAN_POINT('Ctrl Pts',(-21.802880219051,-88.939868316716,-301.248765218807));
#2844=CARTESIAN_POINT('Ctrl Pts',(-21.6192689892979,-88.47893139907,-301.740266390632));
#2845=CARTESIAN_POINT('Ctrl Pts',(-21.5301050006554,-88.2419203722905,-301.989822463166));
#2846=CARTESIAN_POINT('Ctrl Pts',(-21.3572316351973,-87.7554843831212,-302.497782961632));
#2847=CARTESIAN_POINT('Ctrl Pts',(-21.1950650841518,-87.2462263680919,-303.02582326063));
#2848=CARTESIAN_POINT('Ctrl Pts',(-21.1166181393329,-86.9863985378244,-303.29545650006));
#2849=CARTESIAN_POINT('Ctrl Pts',(-20.9645698640029,-86.4576788846413,-303.84708554126));
#2850=CARTESIAN_POINT('Ctrl Pts',(-20.8216469193746,-85.9151551833667,-304.425043597198));
#2851=CARTESIAN_POINT('Ctrl Pts',(-20.7523229009185,-85.6415356238024,-304.721008171986));
#2852=CARTESIAN_POINT('Ctrl Pts',(-20.6180106564795,-85.0925410356626,-305.327338745416));
#2853=CARTESIAN_POINT('Ctrl Pts',(-20.4942936585203,-84.5499309950195,-305.962208083085));
#2854=CARTESIAN_POINT('Ctrl Pts',(-20.4355508654995,-84.2827268829021,-306.286743998743));
#2855=CARTESIAN_POINT('Ctrl Pts',(-20.3533624009649,-83.8932533962817,-306.783556225742));
#2856=CARTESIAN_POINT('Ctrl Pts',(-20.281456917783,-83.533736666577,-307.294970224268));
#2857=CARTESIAN_POINT('Ctrl Pts',(-20.2587114942615,-83.4179452896126,-307.467039259076));
#2858=CARTESIAN_POINT('Ctrl Pts',(-20.2158016529545,-83.1962954250314,-307.814481073557));
#2859=CARTESIAN_POINT('Ctrl Pts',(-20.1783915324593,-82.9993777432404,-308.169032366487));
#2860=CARTESIAN_POINT('Ctrl Pts',(-20.1611432533265,-82.9083009023156,-308.348218353713));
#2861=CARTESIAN_POINT('Ctrl Pts',(-20.1298219672557,-82.7437939710026,-308.71043902136));
#2862=CARTESIAN_POINT('Ctrl Pts',(-20.1058993496438,-82.6154229003731,-309.07709238794));
#2863=CARTESIAN_POINT('Ctrl Pts',(-20.096044870228,-82.5605180949834,-309.260731926972));
#2864=CARTESIAN_POINT('Ctrl Pts',(-20.0811862975686,-82.4675949885676,-309.626255083362));
#2865=CARTESIAN_POINT('Ctrl Pts',(-20.0765899290208,-82.4048886992388,-309.98571754894));
#2866=CARTESIAN_POINT('Ctrl Pts',(-20.0770059759239,-82.3801826564599,-310.163259449878));
#2867=CARTESIAN_POINT('Ctrl Pts',(-20.0863470981875,-82.3231380619371,-310.688385335415));
#2868=CARTESIAN_POINT('Ctrl Pts',(-20.11876151097,-82.3103298862182,-311.189765069978));
#2869=CARTESIAN_POINT('Ctrl Pts',(-20.1495268874484,-82.3151451608224,-311.512433093159));
#2870=CARTESIAN_POINT('Ctrl Pts',(-20.1869190392973,-82.3294403982001,-311.824778614427));
#2871=CARTESIAN_POINT('Ctrl Pts',(-20.2290214267832,-82.350633228149,-312.12788174228));
#2872=CARTESIAN_POINT('',(-13.9486644838205,-85.9250880712706,-307.64050271061));
#2873=CARTESIAN_POINT('Ctrl Pts',(-16.9776472507633,-94.0026967217144,-285.298759818546));
#2874=CARTESIAN_POINT('Ctrl Pts',(-16.6959297125919,-93.935369679836,-285.482904717587));
#2875=CARTESIAN_POINT('Ctrl Pts',(-16.4461713796959,-93.8729249846547,-285.659626612074));
#2876=CARTESIAN_POINT('Ctrl Pts',(-16.1196685475256,-93.7834469292464,-285.906878818494));
#2877=CARTESIAN_POINT('Ctrl Pts',(-16.0187765846311,-93.7544838492538,-285.986233357837));
#2878=CARTESIAN_POINT('Ctrl Pts',(-15.8317265383649,-93.6994565530599,-286.137033346868));
#2879=CARTESIAN_POINT('Ctrl Pts',(-15.7442998642305,-93.6730609202884,-286.209503200061));
#2880=CARTESIAN_POINT('Ctrl Pts',(-15.5095360578378,-93.6021438574108,-286.406532604609));
#2881=CARTESIAN_POINT('Ctrl Pts',(-15.3280726252177,-93.54675967147,-286.560869067275));
#2882=CARTESIAN_POINT('Ctrl Pts',(-15.0265202496186,-93.4483110920431,-286.833042810069));
#2883=CARTESIAN_POINT('Ctrl Pts',(-14.9212580774508,-93.4127151428677,-286.930660935977));
#2884=CARTESIAN_POINT('Ctrl Pts',(-14.7576775404264,-93.3546566053592,-287.089238379875));
#2885=CARTESIAN_POINT('Ctrl Pts',(-14.7022020350177,-93.3345346036128,-287.144130853154));
#2886=CARTESIAN_POINT('Ctrl Pts',(-14.6176675903717,-93.303309803508,-287.229742113699));
#2887=CARTESIAN_POINT('Ctrl Pts',(-14.5750686889472,-93.2874395856999,-287.273365181369));
#2888=CARTESIAN_POINT('Ctrl Pts',(-14.5247905550871,-93.2685331737396,-287.325721917342));
#2889=CARTESIAN_POINT('Ctrl Pts',(-14.4995045302307,-93.25899306132,-287.352268105314));
#2890=CARTESIAN_POINT('Ctrl Pts',(-14.488635862076,-93.2548870983238,-287.363723989103));
#2891=CARTESIAN_POINT('Ctrl Pts',(-14.4813829748958,-93.2521460881812,-287.371378795478));
#2892=CARTESIAN_POINT('Ctrl Pts',(-14.4766110307326,-93.2503418757899,-287.376423353175));
#2893=CARTESIAN_POINT('Ctrl Pts',(-14.3146552314059,-93.189094197985,-287.547800837007));
#2894=CARTESIAN_POINT('Ctrl Pts',(-14.1532296148307,-93.1242636817095,-287.727568448877));
#2895=CARTESIAN_POINT('Ctrl Pts',(-13.8227408567981,-92.9923567916672,-288.104065111508));
#2896=CARTESIAN_POINT('Ctrl Pts',(-13.6549166574134,-92.9234899200438,-288.301225844765));
#2897=CARTESIAN_POINT('Ctrl Pts',(-13.3243054934781,-92.7678262067123,-288.720546088669));
#2898=CARTESIAN_POINT('Ctrl Pts',(-13.1616127849107,-92.6804996195538,-288.943550301246));
#2899=CARTESIAN_POINT('Ctrl Pts',(-12.9121203368429,-92.553229243817,-289.295138231224));
#2900=CARTESIAN_POINT('Ctrl Pts',(-12.8286323518479,-92.5107571072453,-289.415034491422));
#2901=CARTESIAN_POINT('Ctrl Pts',(-12.7047220453275,-92.4453214751824,-289.59932064944));
#2902=CARTESIAN_POINT('Ctrl Pts',(-12.6636389758965,-92.4232182642186,-289.66150166825));
#2903=CARTESIAN_POINT('Ctrl Pts',(-12.6025277329254,-92.3894453849708,-289.756022813157));
#2904=CARTESIAN_POINT('Ctrl Pts',(-12.5720996403392,-92.372405165202,-289.803596244926));
#2905=CARTESIAN_POINT('Ctrl Pts',(-12.5418870639811,-92.3551105356555,-289.85166350283));
#2906=CARTESIAN_POINT('Ctrl Pts',(-12.5217950046554,-92.3435226179392,-289.883820737292));
#2907=CARTESIAN_POINT('Ctrl Pts',(-12.5110288681662,-92.3372633245203,-289.901162368985));
#2908=CARTESIAN_POINT('Ctrl Pts',(-12.3537679717383,-92.2451815378665,-290.155915378331));
#2909=CARTESIAN_POINT('Ctrl Pts',(-12.2192871760359,-92.1535182036143,-290.398129471659));
#2910=CARTESIAN_POINT('Ctrl Pts',(-11.9602750835788,-91.9790298708699,-290.882528221259));
#2911=CARTESIAN_POINT('Ctrl Pts',(-11.83544702257,-91.8984033138486,-291.12366347772));
#2912=CARTESIAN_POINT('Ctrl Pts',(-11.6059113228516,-91.7316898450526,-291.601793238874));
#2913=CARTESIAN_POINT('Ctrl Pts',(-11.5031683416066,-91.6420626927,-291.839062575335));
#2914=CARTESIAN_POINT('Ctrl Pts',(-11.3574815757803,-91.509010867987,-292.194621529503));
#2915=CARTESIAN_POINT('Ctrl Pts',(-11.3098140298549,-91.4657425004761,-292.313004536983));
#2916=CARTESIAN_POINT('Ctrl Pts',(-11.2403811575876,-91.4017914300116,-292.489701869696));
#2917=CARTESIAN_POINT('Ctrl Pts',(-11.2175911676658,-91.3806190984546,-292.54846304071));
#2918=CARTESIAN_POINT('Ctrl Pts',(-11.1840746630274,-91.3489162677371,-292.636373206007));
#2919=CARTESIAN_POINT('Ctrl Pts',(-11.1674836922176,-91.33307834563,-292.680270889672));
#2920=CARTESIAN_POINT('Ctrl Pts',(-11.1484500178899,-91.3145869597727,-292.731383551873));
#2921=CARTESIAN_POINT('Ctrl Pts',(-11.1403648489519,-91.3066551495306,-292.753267415867));
#2922=CARTESIAN_POINT('Ctrl Pts',(-11.1349910883893,-91.3013653028789,-292.767851887064));
#2923=CARTESIAN_POINT('Ctrl Pts',(-11.1329070578819,-91.2993088867227,-292.773518864064));
#2924=CARTESIAN_POINT('Ctrl Pts',(-11.0251606959441,-91.1925009043103,-293.067560368414));
#2925=CARTESIAN_POINT('Ctrl Pts',(-10.9364132354371,-91.0909098347772,-293.346053760889));
#2926=CARTESIAN_POINT('Ctrl Pts',(-10.7860125265709,-90.8873362644514,-293.891693287209));
#2927=CARTESIAN_POINT('Ctrl Pts',(-10.7192473696394,-90.7908295907154,-294.15875938838));
#2928=CARTESIAN_POINT('Ctrl Pts',(-10.5968661820115,-90.6134486827175,-294.674222464847));
#2929=CARTESIAN_POINT('Ctrl Pts',(-10.5443725932234,-90.5285546237444,-294.922410949238));
#2930=CARTESIAN_POINT('Ctrl Pts',(-10.4819540272783,-90.3979258535299,-295.279963281034));
#2931=CARTESIAN_POINT('Ctrl Pts',(-10.4636069674141,-90.3541388688768,-295.396768524837));
#2932=CARTESIAN_POINT('Ctrl Pts',(-10.4374704659772,-90.2902987882773,-295.56883613864));
#2933=CARTESIAN_POINT('Ctrl Pts',(-10.4289992702734,-90.2693331548151,-295.625664906745));
#2934=CARTESIAN_POINT('Ctrl Pts',(-10.4166748249379,-90.2383952793362,-295.710098846295));
#2935=CARTESIAN_POINT('Ctrl Pts',(-10.4106090628834,-90.2230521957452,-295.75211320868));
#2936=CARTESIAN_POINT('Ctrl Pts',(-10.4037126261266,-90.2053646534431,-295.800768715134));
#2937=CARTESIAN_POINT('Ctrl Pts',(-10.4007971483427,-90.1978282408114,-295.82154282339));
#2938=CARTESIAN_POINT('Ctrl Pts',(-10.398862584337,-90.1928135417476,-295.835374744594));
#2939=CARTESIAN_POINT('Ctrl Pts',(-10.3980849166014,-90.1907934790582,-295.840949443594));
#2940=CARTESIAN_POINT('Ctrl Pts',(-10.3603600087289,-90.0924411320656,-296.112570711411));
#2941=CARTESIAN_POINT('Ctrl Pts',(-10.3287738559066,-90.0023914649136,-296.377350755791));
#2942=CARTESIAN_POINT('Ctrl Pts',(-10.2874445793004,-89.8145902670099,-296.904775935085));
#2943=CARTESIAN_POINT('Ctrl Pts',(-10.2782703119574,-89.714562183335,-297.166978944293));
#2944=CARTESIAN_POINT('Ctrl Pts',(-10.2704140169016,-89.5163884621172,-297.692910305915));
#2945=CARTESIAN_POINT('Ctrl Pts',(-10.269892377828,-89.4224850705467,-297.957350593161));
#2946=CARTESIAN_POINT('Ctrl Pts',(-10.2823195232594,-89.2362591053202,-298.483106355516));
#2947=CARTESIAN_POINT('Ctrl Pts',(-10.2973663639675,-89.1403818321256,-298.74331826757));
#2948=CARTESIAN_POINT('Ctrl Pts',(-10.3422596783938,-88.9451908401225,-299.261136689413));
#2949=CARTESIAN_POINT('Ctrl Pts',(-10.3679848263883,-88.8515841487229,-299.52113881076));
#2950=CARTESIAN_POINT('Ctrl Pts',(-10.4315271661308,-88.6713297317273,-300.041261296262));
#2951=CARTESIAN_POINT('Ctrl Pts',(-10.4718768223012,-88.5817223481889,-300.299946512331));
#2952=CARTESIAN_POINT('Ctrl Pts',(-10.5720253575606,-88.3931705473325,-300.811830650053));
#2953=CARTESIAN_POINT('Ctrl Pts',(-10.6296959961086,-88.2960003315636,-301.066311911271));
#2954=CARTESIAN_POINT('Ctrl Pts',(-10.7207213591963,-88.1585800921024,-301.450717243973));
#2955=CARTESIAN_POINT('Ctrl Pts',(-10.7523650598848,-88.1135786447078,-301.578907274689));
#2956=CARTESIAN_POINT('Ctrl Pts',(-10.8030540960192,-88.0460015862716,-301.770245334493));
#2957=CARTESIAN_POINT('Ctrl Pts',(-10.8204839065791,-88.0234622870871,-301.833868545145));
#2958=CARTESIAN_POINT('Ctrl Pts',(-10.847493728992,-87.9895298084536,-301.928998606998));
#2959=CARTESIAN_POINT('Ctrl Pts',(-10.8612134616365,-87.9725338184709,-301.976488395876));
#2960=CARTESIAN_POINT('Ctrl Pts',(-10.8752535081654,-87.9554853342676,-302.023861336142));
#2961=CARTESIAN_POINT('Ctrl Pts',(-10.8846834948461,-87.9441079943336,-302.055417555592));
#2962=CARTESIAN_POINT('Ctrl Pts',(-10.8888368915548,-87.9391242970905,-302.069218357545));
#2963=CARTESIAN_POINT('Ctrl Pts',(-10.9803120068532,-87.8301346849638,-302.370406240919));
#2964=CARTESIAN_POINT('Ctrl Pts',(-11.0762057918332,-87.7280080285905,-302.646409524429));
#2965=CARTESIAN_POINT('Ctrl Pts',(-11.270055912885,-87.5348243878829,-303.191727661643));
#2966=CARTESIAN_POINT('Ctrl Pts',(-11.370785392549,-87.4420673836221,-303.459407699193));
#2967=CARTESIAN_POINT('Ctrl Pts',(-11.5947929157156,-87.252705967476,-303.974617090513));
#2968=CARTESIAN_POINT('Ctrl Pts',(-11.7155187956057,-87.1581396985944,-304.22384764121));
#2969=CARTESIAN_POINT('Ctrl Pts',(-11.9576358145721,-86.9829251732802,-304.715138583274));
#2970=CARTESIAN_POINT('Ctrl Pts',(-12.080456535267,-86.9009578894972,-304.955957070027));
#2971=CARTESIAN_POINT('Ctrl Pts',(-12.3433693082418,-86.7335302840893,-305.4161675459));
#2972=CARTESIAN_POINT('Ctrl Pts',(-12.4822649218661,-86.6498791428603,-305.637088376749));
#2973=CARTESIAN_POINT('Ctrl Pts',(-12.7612593518476,-86.4918888206961,-306.072578078255));
#2974=CARTESIAN_POINT('Ctrl Pts',(-12.9005041088741,-86.4176138841846,-306.287587272623));
#2975=CARTESIAN_POINT('Ctrl Pts',(-13.1861747100331,-86.2698515522659,-306.699932230974));
#2976=CARTESIAN_POINT('Ctrl Pts',(-13.3338717491672,-86.196035699242,-306.896404700647));
#2977=CARTESIAN_POINT('Ctrl Pts',(-13.6352498984537,-86.056297394487,-307.278237962191));
#2978=CARTESIAN_POINT('Ctrl Pts',(-13.7895250414445,-85.9900052943717,-307.463065707017));
#2979=CARTESIAN_POINT('Ctrl Pts',(-13.9508630049211,-85.92518464442,-307.638517500758));
#2980=CARTESIAN_POINT('',(-15.2267394391003,-93.3093760142478,-308.937696176838));
#2981=CARTESIAN_POINT('Ctrl Pts',(-13.9486644838205,-85.9250880712706,-307.64050271061));
#2982=CARTESIAN_POINT('Ctrl Pts',(-13.9577588942761,-85.9761801860687,-307.653075761151));
#2983=CARTESIAN_POINT('Ctrl Pts',(-13.9679771543891,-86.0274393862725,-307.664761426219));
#2984=CARTESIAN_POINT('Ctrl Pts',(-13.9790318797599,-86.0788322711043,-307.675788050909));
#2985=CARTESIAN_POINT('Ctrl Pts',(-13.9891421069371,-86.1258342294083,-307.685872578284));
#2986=CARTESIAN_POINT('Ctrl Pts',(-13.9999512147274,-86.1729482966243,-307.695406435038));
#2987=CARTESIAN_POINT('Ctrl Pts',(-14.0112684032834,-86.220135065111,-307.704534016781));
#2988=CARTESIAN_POINT('Ctrl Pts',(-14.0225392942688,-86.2671287968966,-307.713624258433));
#2989=CARTESIAN_POINT('Ctrl Pts',(-14.0343139482794,-86.3141945272785,-307.722311546624));
#2990=CARTESIAN_POINT('Ctrl Pts',(-14.0464405837524,-86.3612778518046,-307.730703144363));
#2991=CARTESIAN_POINT('Ctrl Pts',(-14.0490562120783,-86.3714333873266,-307.732513151829));
#2992=CARTESIAN_POINT('Ctrl Pts',(-14.0516883531184,-86.3815896898074,-307.734309275436));
#2993=CARTESIAN_POINT('Ctrl Pts',(-14.0543357062536,-86.3917461339319,-307.736092388002));
#2994=CARTESIAN_POINT('Ctrl Pts',(-14.067664946055,-86.4428831271295,-307.745070236358));
#2995=CARTESIAN_POINT('Ctrl Pts',(-14.0813865977066,-86.4940776514469,-307.753726932511));
#2996=CARTESIAN_POINT('Ctrl Pts',(-14.0953778868674,-86.5453210959778,-307.762153237355));
#2997=CARTESIAN_POINT('Ctrl Pts',(-14.1108125959554,-86.6018511018916,-307.771448847106));
#2998=CARTESIAN_POINT('Ctrl Pts',(-14.1265760406802,-86.6584400090739,-307.780463345032));
#2999=CARTESIAN_POINT('Ctrl Pts',(-14.142554111441,-86.7150697894214,-307.789277586078));
#3000=CARTESIAN_POINT('Ctrl Pts',(-14.1563401486049,-86.7639305228695,-307.796882600254));
#3001=CARTESIAN_POINT('Ctrl Pts',(-14.1702872543094,-86.8128214352972,-307.80433746872));
#3002=CARTESIAN_POINT('Ctrl Pts',(-14.1843417261252,-86.8617325485638,-307.811679972905));
#3003=CARTESIAN_POINT('Ctrl Pts',(-14.206978727937,-86.9405118135647,-307.823506264402));
#3004=CARTESIAN_POINT('Ctrl Pts',(-14.2298930717306,-87.0193197533526,-307.835045436774));
#3005=CARTESIAN_POINT('Ctrl Pts',(-14.2529174522505,-87.0981356903483,-307.846428305048));
#3006=CARTESIAN_POINT('Ctrl Pts',(-14.2676027496328,-87.1484056844639,-307.853688470224));
#3007=CARTESIAN_POINT('Ctrl Pts',(-14.2823338241847,-87.1986794910121,-307.860884453925));
#3008=CARTESIAN_POINT('Ctrl Pts',(-14.2970756492101,-87.2489559442402,-307.868045368937));
#3009=CARTESIAN_POINT('Ctrl Pts',(-14.3168679230752,-87.3164567678862,-307.877659564657));
#3010=CARTESIAN_POINT('Ctrl Pts',(-14.3366785074875,-87.3839621800729,-307.887211325815));
#3011=CARTESIAN_POINT('Ctrl Pts',(-14.356431546703,-87.4514913258437,-307.896773278399));
#3012=CARTESIAN_POINT('Ctrl Pts',(-14.3644182756398,-87.478795325837,-307.90063945426));
#3013=CARTESIAN_POINT('Ctrl Pts',(-14.3723958552299,-87.5061032780761,-307.904507126376));
#3014=CARTESIAN_POINT('Ctrl Pts',(-14.3803602058028,-87.5334167270062,-307.908380484256));
#3015=CARTESIAN_POINT('Ctrl Pts',(-14.4067001727642,-87.6237486801056,-307.921190583166));
#3016=CARTESIAN_POINT('Ctrl Pts',(-14.4328756676812,-87.7141058277598,-307.93405383707));
#3017=CARTESIAN_POINT('Ctrl Pts',(-14.4587216226878,-87.8044454423524,-307.947063203716));
#3018=CARTESIAN_POINT('Ctrl Pts',(-14.4864089209687,-87.9012211217641,-307.960999396622));
#3019=CARTESIAN_POINT('Ctrl Pts',(-14.5137446737228,-87.9980330860607,-307.975122238431));
#3020=CARTESIAN_POINT('Ctrl Pts',(-14.5405637064193,-88.0948422736368,-307.989497080364));
#3021=CARTESIAN_POINT('Ctrl Pts',(-14.5686960012865,-88.1963919693909,-308.004575823005));
#3022=CARTESIAN_POINT('Ctrl Pts',(-14.5962602561195,-88.2979388085923,-308.019931498));
#3023=CARTESIAN_POINT('Ctrl Pts',(-14.6231201317978,-88.3994510924017,-308.035611512118));
#3024=CARTESIAN_POINT('Ctrl Pts',(-14.6524599466392,-88.5103358800591,-308.052739242583));
#3025=CARTESIAN_POINT('Ctrl Pts',(-14.6809595825694,-88.6211793458786,-308.070253587452));
#3026=CARTESIAN_POINT('Ctrl Pts',(-14.7084984963527,-88.7319549367598,-308.08818944998));
#3027=CARTESIAN_POINT('Ctrl Pts',(-14.7278512718762,-88.8098016942852,-308.100793749629));
#3028=CARTESIAN_POINT('Ctrl Pts',(-14.7467308166806,-88.8876152486729,-308.11360564946));
#3029=CARTESIAN_POINT('Ctrl Pts',(-14.7651087554448,-88.9653906065637,-308.126631932825));
#3030=CARTESIAN_POINT('Ctrl Pts',(-14.7753129327202,-89.0085746409521,-308.133864653882));
#3031=CARTESIAN_POINT('Ctrl Pts',(-14.7853626469139,-89.0517469606436,-308.141163403224));
#3032=CARTESIAN_POINT('Ctrl Pts',(-14.7952542332194,-89.0949071149401,-308.148528934712));
#3033=CARTESIAN_POINT('Ctrl Pts',(-14.8163380446136,-89.1869025264777,-308.164228487031));
#3034=CARTESIAN_POINT('Ctrl Pts',(-14.8366807553998,-89.2788138515178,-308.180208730925));
#3035=CARTESIAN_POINT('Ctrl Pts',(-14.8562248855807,-89.3705935075762,-308.196427705717));
#3036=CARTESIAN_POINT('Ctrl Pts',(-14.8787432395245,-89.476340182452,-308.21511488246));
#3037=CARTESIAN_POINT('Ctrl Pts',(-14.9002010672312,-89.5819119380621,-308.234119021856));
#3038=CARTESIAN_POINT('Ctrl Pts',(-14.9205450045235,-89.6872469614948,-308.253367960521));
#3039=CARTESIAN_POINT('Ctrl Pts',(-14.9452267352792,-89.8150418249052,-308.276721213858));
#3040=CARTESIAN_POINT('Ctrl Pts',(-14.9682725072578,-89.9425068453217,-308.300438894264));
#3041=CARTESIAN_POINT('Ctrl Pts',(-14.9896662949754,-90.0695787095414,-308.324410590698));
#3042=CARTESIAN_POINT('Ctrl Pts',(-15.009303301867,-90.1862158897528,-308.346413817723));
#3043=CARTESIAN_POINT('Ctrl Pts',(-15.0275496180586,-90.302522219374,-308.368630810119));
#3044=CARTESIAN_POINT('Ctrl Pts',(-15.0444285334774,-90.4184615864716,-308.390969846512));
#3045=CARTESIAN_POINT('Ctrl Pts',(-15.0512383595889,-90.4652375142976,-308.399982567386));
#3046=CARTESIAN_POINT('Ctrl Pts',(-15.0578259526879,-90.5119538357242,-308.409015096016));
#3047=CARTESIAN_POINT('Ctrl Pts',(-15.064194111655,-90.558608640033,-308.418061205262));
#3048=CARTESIAN_POINT('Ctrl Pts',(-15.0853345453216,-90.713489006684,-308.448091654163));
#3049=CARTESIAN_POINT('Ctrl Pts',(-15.1040434130582,-90.8676789379234,-308.478258725343));
#3050=CARTESIAN_POINT('Ctrl Pts',(-15.1204799989433,-91.021159764826,-308.508344252725));
#3051=CARTESIAN_POINT('Ctrl Pts',(-15.1346398886652,-91.1533813586883,-308.534262515371));
#3052=CARTESIAN_POINT('Ctrl Pts',(-15.1471150329912,-91.2850773036244,-308.560120008825));
#3053=CARTESIAN_POINT('Ctrl Pts',(-15.1580355341001,-91.4162466535448,-308.585773488777));
#3054=CARTESIAN_POINT('Ctrl Pts',(-15.1594819627281,-91.433620133108,-308.589171311591));
#3055=CARTESIAN_POINT('Ctrl Pts',(-15.1609011461165,-91.450984385582,-308.59256555186));
#3056=CARTESIAN_POINT('Ctrl Pts',(-15.1622934101983,-91.4683394177072,-308.595955873583));
#3057=CARTESIAN_POINT('Ctrl Pts',(-15.1830849108654,-91.727512348134,-308.646585547425));
#3058=CARTESIAN_POINT('Ctrl Pts',(-15.1978640540282,-91.9846205758206,-308.696320962589));
#3059=CARTESIAN_POINT('Ctrl Pts',(-15.2079740693816,-92.2400986904877,-308.74451594992));
#3060=CARTESIAN_POINT('Ctrl Pts',(-15.2102703861912,-92.2981261680628,-308.755462615744));
#3061=CARTESIAN_POINT('Ctrl Pts',(-15.2123256354535,-92.3560694910099,-308.766329806841));
#3062=CARTESIAN_POINT('Ctrl Pts',(-15.21415506424,-92.4139335864227,-308.777109962457));
#3063=CARTESIAN_POINT('Ctrl Pts',(-15.2194879269521,-92.5826098853196,-308.808534574522));
#3064=CARTESIAN_POINT('Ctrl Pts',(-15.2229084242606,-92.7506212659447,-308.839225926674));
#3065=CARTESIAN_POINT('Ctrl Pts',(-15.2248258974318,-92.9181707916308,-308.869142296983));
#3066=CARTESIAN_POINT('Ctrl Pts',(-15.2263211236423,-93.0488242193401,-308.892470780365));
#3067=CARTESIAN_POINT('Ctrl Pts',(-15.2269013943817,-93.1791964329661,-308.91532806893));
#3068=CARTESIAN_POINT('Ctrl Pts',(-15.2267402171531,-93.3093761019664,-308.937695671921));
#3069=CARTESIAN_POINT('Ctrl Pts',(-15.2267398406872,-93.3093762678876,-308.937694727649));
#3070=CARTESIAN_POINT('Ctrl Pts',(-15.2267398406871,-91.2580184528857,-308.578662282912));
#3071=CARTESIAN_POINT('Ctrl Pts',(-15.226739839463,-89.5730270224119,-308.654035860228));
#3072=CARTESIAN_POINT('Ctrl Pts',(-15.226739839463,-87.4901486918397,-308.824072177206));
#3073=CARTESIAN_POINT('Ctrl Pts',(-15.2267398406871,-86.9935597693009,-308.874542113433));
#3074=CARTESIAN_POINT('Ctrl Pts',(-15.2267398406871,-86.105869678244,-308.934994391216));
#3075=CARTESIAN_POINT('Ctrl Pts',(-15.2267398406871,-85.8624845255448,-308.940383040678));
#3076=CARTESIAN_POINT('Ctrl Pts',(-15.2267398406871,-85.5321002343477,-308.94387183183));
#3077=CARTESIAN_POINT('Ctrl Pts',(-15.2267398406871,-85.4049547273811,-308.940275094152));
#3078=CARTESIAN_POINT('Ctrl Pts',(-15.2267398406871,-85.1654793014031,-308.915703647996));
#3079=CARTESIAN_POINT('Ctrl Pts',(-15.2267398406871,-85.0306636867648,-308.888825026934));
#3080=CARTESIAN_POINT('Ctrl Pts',(-15.2267398406871,-84.8825624530522,-308.825406968707));
#3081=CARTESIAN_POINT('Origin',(-15.2267398406872,-103.013723629542,-303.009927515542));
#3082=CARTESIAN_POINT('',(-15.2267391497409,-142.411469855775,-308.937697828704));
#3083=CARTESIAN_POINT('',(-15.2267398406873,-116.360422935484,-308.937698991661));
#3084=CARTESIAN_POINT('',(-15.2267397280804,-142.411470260619,-288.260826274406));
#3085=CARTESIAN_POINT('',(-15.2267398406874,-142.411470260619,-287.821018664824));
#3086=CARTESIAN_POINT('',(-15.2267398406873,-116.988242388842,-288.260818997479));
#3087=CARTESIAN_POINT('Origin',(-71.4276237901915,-130.984338944378,-249.167594050477));
#3088=CARTESIAN_POINT('',(-79.9500697218109,-141.411475982683,-243.512385625497));
#3089=CARTESIAN_POINT('Origin',(-79.9500688565543,-129.411474837164,-243.512384321558));
#3090=CARTESIAN_POINT('',(-112.931534479695,-141.411475982665,-221.626990609216));
#3091=CARTESIAN_POINT('',(-98.633167146768,-141.411475982665,-231.114908124615));
#3092=CARTESIAN_POINT('',(-112.931561369832,-142.411469301284,-221.626972922298));
#3093=CARTESIAN_POINT('',(-112.931534376171,-139.8871661483,-221.626990439426));
#3094=CARTESIAN_POINT('',(-16.9776493230703,-142.411469905577,-285.298766196181));
#3095=CARTESIAN_POINT('',(-112.93154675874,-142.41146929936,-221.626982617706));
#3096=CARTESIAN_POINT('',(-16.977651652349,-93.3093775658137,-285.298765396831));
#3097=CARTESIAN_POINT('Origin',(-71.6987836915299,-130.962767953311,-250.787865396626));
#3098=CARTESIAN_POINT('',(-111.59639864791,-142.411470260619,-224.313146293453));
#3099=CARTESIAN_POINT('',(-83.6860333282169,-142.411470260619,-242.833530364812));
#3100=CARTESIAN_POINT('',(-111.596398517912,-141.411475982665,-224.313146080244));
#3101=CARTESIAN_POINT('',(-111.596398647911,-142.411477621838,-224.313146293455));
#3102=CARTESIAN_POINT('',(-80.7794413768777,-141.411475982683,-244.762247180735));
#3103=CARTESIAN_POINT('',(-99.183430864763,-141.411475982665,-232.549975866183));
#3104=CARTESIAN_POINT('Origin',(-80.7794397210496,-129.411474837164,-244.762244685405));
#3105=CARTESIAN_POINT('Origin',(-127.907284019306,-144.461473185987,-248.893731791424));
#3106=CARTESIAN_POINT('',(-127.907284019306,-144.411477890014,-247.293731791424));
#3107=CARTESIAN_POINT('Origin',(-127.907284019306,-144.411477890014,-248.893731791424));
#3108=CARTESIAN_POINT('',(-127.907284019306,-142.411470260619,-247.293731791424));
#3109=CARTESIAN_POINT('',(-127.907284019306,-144.461473185987,-247.293731791424));
#3110=CARTESIAN_POINT('Origin',(-127.907284019306,-142.411470260619,-248.893731791424));
#3111=CARTESIAN_POINT('Origin',(-169.658419589228,-141.411475982665,-291.437805221264));
#3112=CARTESIAN_POINT('',(-187.009836631001,-142.411470260619,-289.16077808404));
#3113=CARTESIAN_POINT('',(-184.600318043249,-142.411470258158,-282.327454585834));
#3114=CARTESIAN_POINT('Origin',(-169.658419589228,-142.411470260619,-291.437805221264));
#3115=CARTESIAN_POINT('',(-184.600264029683,-141.411475982665,-282.327491798639));
#3116=CARTESIAN_POINT('',(-184.600264029683,-141.411475982665,-282.327491798639));
#3117=CARTESIAN_POINT('',(-187.009836631001,-141.411475982665,-289.160778084039));
#3118=CARTESIAN_POINT('Origin',(-169.658419589228,-141.411475982665,-291.437805221264));
#3119=CARTESIAN_POINT('',(-187.009836631001,-141.411475982665,-289.160778084039));
#3120=CARTESIAN_POINT('Origin',(-128.689488929002,-139.887162432921,-245.374353572198));
#3121=CARTESIAN_POINT('',(-153.02306163993,-142.928994169566,-230.537736550907));
#3122=CARTESIAN_POINT('',(-112.931583592988,-142.929055032785,-221.627038233));
#3123=CARTESIAN_POINT('Origin',(-128.689489135597,-142.929113946406,-245.374353911035));
#3124=CARTESIAN_POINT('',(-112.931544684872,-142.929115151707,-221.626984074848));
#3125=CARTESIAN_POINT('',(-153.023096518696,-141.411475982665,-230.537712135554));
#3126=CARTESIAN_POINT('Origin',(-128.689489032526,-141.411475982665,-245.374353741988));
#3127=CARTESIAN_POINT('',(-153.023096569597,-142.411461959804,-230.537712219036));
#3128=CARTESIAN_POINT('',(-153.023096415172,-139.887162432921,-230.537711965763));
#3129=CARTESIAN_POINT('',(-153.023096552587,-142.411462742247,-230.537712191138));
#3130=CARTESIAN_POINT('Origin',(-169.658608233717,-142.411528904117,-291.437685921542));
#3131=CARTESIAN_POINT('',(-169.658590887874,-144.411540630514,-306.93767810861));
#3132=CARTESIAN_POINT('',(-182.892669401791,-144.411565708058,-283.368653607331));
#3133=CARTESIAN_POINT('Ctrl Pts',(-169.658590887874,-144.411540630514,-306.93767810861));
#3134=CARTESIAN_POINT('Ctrl Pts',(-171.026678920743,-144.411541873362,-306.937679479252));
#3135=CARTESIAN_POINT('Ctrl Pts',(-172.394655416916,-144.411543217019,-306.755500978867));
#3136=CARTESIAN_POINT('Ctrl Pts',(-175.035468579056,-144.411546012722,-306.039424652354));
#3137=CARTESIAN_POINT('Ctrl Pts',(-176.308089594007,-144.411547464539,-305.505585301621));
#3138=CARTESIAN_POINT('Ctrl Pts',(-178.669459954538,-144.41155037537,-304.123344554455));
#3139=CARTESIAN_POINT('Ctrl Pts',(-179.758016468636,-144.411551834146,-303.275056032961));
#3140=CARTESIAN_POINT('Ctrl Pts',(-181.675342903419,-144.411554657204,-301.323001011911));
#3141=CARTESIAN_POINT('Ctrl Pts',(-182.50395625362,-144.411556021255,-300.219393918805));
#3142=CARTESIAN_POINT('Ctrl Pts',(-183.843590059434,-144.411558559757,-297.833594109716));
#3143=CARTESIAN_POINT('Ctrl Pts',(-184.354501119427,-144.411559734,-296.551596220146));
#3144=CARTESIAN_POINT('Ctrl Pts',(-185.023062098883,-144.411561810996,-293.898355620526));
#3145=CARTESIAN_POINT('Ctrl Pts',(-185.180657423096,-144.41156271358,-292.527329576326));
#3146=CARTESIAN_POINT('Ctrl Pts',(-185.131543022604,-144.411564184294,-289.791594348203));
#3147=CARTESIAN_POINT('Ctrl Pts',(-184.924837308622,-144.411564752303,-288.427108566711));
#3148=CARTESIAN_POINT('Ctrl Pts',(-184.161471084972,-144.411565514215,-285.799575223189));
#3149=CARTESIAN_POINT('Ctrl Pts',(-183.60487291243,-144.411565708057,-284.536742227734));
#3150=CARTESIAN_POINT('Ctrl Pts',(-182.892669401791,-144.411565708058,-283.368653607331));
#3151=CARTESIAN_POINT('Origin',(-182.892719785318,-142.411545396279,-283.368633271883));
#3152=CARTESIAN_POINT('',(-169.658591010468,-142.411470261576,-308.937748788828));
#3153=CARTESIAN_POINT('Origin',(-169.658608233496,-142.41146659237,-291.437685922));
#3154=CARTESIAN_POINT('Origin',(-169.658592871967,-142.411520318585,-306.937728476892));
#3155=CARTESIAN_POINT('Origin',(-128.689503423739,-142.411465492314,-245.374347029752));
#3156=CARTESIAN_POINT('',(-151.315474348039,-144.41147788998,-231.578882398253));
#3157=CARTESIAN_POINT('',(-114.03737306256,-144.411477889996,-223.293469648936));
#3158=CARTESIAN_POINT('Origin',(-128.689503423739,-144.411477889959,-245.374347029752));
#3159=CARTESIAN_POINT('Origin',(-114.037373638236,-142.411469038631,-223.293470636924));
#3160=CARTESIAN_POINT('Origin',(-151.315462651494,-142.411461945996,-231.578889522895));
#3161=CARTESIAN_POINT('Origin',(-25.2713242884738,-142.411471673377,-297.797375138705));
#3162=CARTESIAN_POINT('',(-18.0825908244577,-144.411473533942,-286.963925300481));
#3163=CARTESIAN_POINT('Origin',(-18.0834630599661,-142.411477619895,-286.965238491883));
#3164=CARTESIAN_POINT('',(-16.0278488305497,-144.411473134874,-306.943888557588));
#3165=CARTESIAN_POINT('Origin',(-25.2713262316299,-144.411464454576,-297.797374947225));
#3166=CARTESIAN_POINT('Ctrl Pts',(-16.0278289495321,-144.411473085555,-306.943908230054));
#3167=CARTESIAN_POINT('Ctrl Pts',(-16.0276848187939,-144.411471373275,-306.945019029468));
#3168=CARTESIAN_POINT('Ctrl Pts',(-16.0263219628873,-144.411468944254,-306.94839510414));
#3169=CARTESIAN_POINT('Ctrl Pts',(-16.0238046044941,-144.411428273272,-306.954147130651));
#3170=CARTESIAN_POINT('Ctrl Pts',(-16.0213903944155,-144.411389268775,-306.959663468895));
#3171=CARTESIAN_POINT('Ctrl Pts',(-16.0179143434233,-144.411314890044,-306.96736517536));
#3172=CARTESIAN_POINT('Ctrl Pts',(-16.0134331373988,-144.411122701003,-306.977348430235));
#3173=CARTESIAN_POINT('Ctrl Pts',(-16.0099249958755,-144.410972244551,-306.985163886782));
#3174=CARTESIAN_POINT('Ctrl Pts',(-16.005800833751,-144.410748656528,-306.994377648976));
#3175=CARTESIAN_POINT('Ctrl Pts',(-16.0010879041683,-144.410390838634,-307.005034101556));
#3176=CARTESIAN_POINT('Ctrl Pts',(-15.9950962084698,-144.409935933485,-307.018581985088));
#3177=CARTESIAN_POINT('Ctrl Pts',(-15.9881558353711,-144.409265507673,-307.034464090278));
#3178=CARTESIAN_POINT('Ctrl Pts',(-15.9802963764922,-144.408211156124,-307.052685005321));
#3179=CARTESIAN_POINT('Ctrl Pts',(-15.9769992939625,-144.407768850346,-307.060328770825));
#3180=CARTESIAN_POINT('Ctrl Pts',(-15.9735404669959,-144.40725839669,-307.068384007745));
#3181=CARTESIAN_POINT('Ctrl Pts',(-15.9699220765629,-144.406664834167,-307.076850407192));
#3182=CARTESIAN_POINT('Ctrl Pts',(-15.9638001911787,-144.405660597118,-307.091174546056));
#3183=CARTESIAN_POINT('Ctrl Pts',(-15.9572223826726,-144.404419131961,-307.106676313719));
#3184=CARTESIAN_POINT('Ctrl Pts',(-15.9502051382639,-144.402858506254,-307.123353613917));
#3185=CARTESIAN_POINT('Ctrl Pts',(-15.9460440618278,-144.401933088458,-307.133242897634));
#3186=CARTESIAN_POINT('Ctrl Pts',(-15.9415364892687,-144.400847691697,-307.144010064156));
#3187=CARTESIAN_POINT('Ctrl Pts',(-15.937028382349,-144.399664041397,-307.154827290147));
#3188=CARTESIAN_POINT('Ctrl Pts',(-15.9339340122265,-144.398851582378,-307.162252247344));
#3189=CARTESIAN_POINT('Ctrl Pts',(-15.9308393888364,-144.397993872158,-307.169700857962));
#3190=CARTESIAN_POINT('Ctrl Pts',(-15.9278563684115,-144.397125388852,-307.17690692234));
#3191=CARTESIAN_POINT('Ctrl Pts',(-15.9063214693102,-144.390855669676,-307.228928647701));
#3192=CARTESIAN_POINT('Ctrl Pts',(-15.8856087597489,-144.382722764103,-307.27920649491));
#3193=CARTESIAN_POINT('Ctrl Pts',(-15.8657287669457,-144.373093924906,-307.327641072385));
#3194=CARTESIAN_POINT('Ctrl Pts',(-15.8585459765671,-144.369614953147,-307.345140848191));
#3195=CARTESIAN_POINT('Ctrl Pts',(-15.8514718897089,-144.365940543413,-307.362400480874));
#3196=CARTESIAN_POINT('Ctrl Pts',(-15.8445069909632,-144.362087486872,-307.379416857187));
#3197=CARTESIAN_POINT('Ctrl Pts',(-15.8313860773138,-144.35482885699,-307.411473375506));
#3198=CARTESIAN_POINT('Ctrl Pts',(-15.8186508980206,-144.346936336736,-307.442665350885));
#3199=CARTESIAN_POINT('Ctrl Pts',(-15.806295620412,-144.338518042192,-307.472975718093));
#3200=CARTESIAN_POINT('Ctrl Pts',(-15.8001179816077,-144.33430889492,-307.488130901697));
#3201=CARTESIAN_POINT('Ctrl Pts',(-15.794035323449,-144.32996826926,-307.503065675375));
#3202=CARTESIAN_POINT('Ctrl Pts',(-15.7880463748467,-144.325509155042,-307.517778694166));
#3203=CARTESIAN_POINT('Ctrl Pts',(-15.7850519005455,-144.323279597933,-307.525135203561));
#3204=CARTESIAN_POINT('Ctrl Pts',(-15.7820808541707,-144.321020415719,-307.532436273661));
#3205=CARTESIAN_POINT('Ctrl Pts',(-15.7791330676676,-144.318733207495,-307.539681755245));
#3206=CARTESIAN_POINT('Ctrl Pts',(-15.7769399916142,-144.317031584403,-307.545072204024));
#3207=CARTESIAN_POINT('Ctrl Pts',(-15.7750179378907,-144.315519357289,-307.549796105237));
#3208=CARTESIAN_POINT('Ctrl Pts',(-15.7727906602627,-144.313740939788,-307.555272765964));
#3209=CARTESIAN_POINT('Ctrl Pts',(-15.7720241799131,-144.313128927145,-307.557157467169));
#3210=CARTESIAN_POINT('Ctrl Pts',(-15.7712215555075,-144.312484980764,-307.559131185821));
#3211=CARTESIAN_POINT('Ctrl Pts',(-15.7703593134933,-144.311789088047,-307.561251296297));
#3212=CARTESIAN_POINT('Ctrl Pts',(-15.7425771915129,-144.289366872453,-307.629562938369));
#3213=CARTESIAN_POINT('Ctrl Pts',(-15.7156277516438,-144.263467425144,-307.695978951681));
#3214=CARTESIAN_POINT('Ctrl Pts',(-15.6896317973389,-144.234436979343,-307.760226763812));
#3215=CARTESIAN_POINT('Ctrl Pts',(-15.6652074804449,-144.207161627206,-307.820590345962));
#3216=CARTESIAN_POINT('Ctrl Pts',(-15.6416251382482,-144.177122981286,-307.879040310391));
#3217=CARTESIAN_POINT('Ctrl Pts',(-15.6189787889365,-144.14462390598,-307.935398819114));
#3218=CARTESIAN_POINT('Ctrl Pts',(-15.5956038245738,-144.111079217754,-307.993570585114));
#3219=CARTESIAN_POINT('Ctrl Pts',(-15.5732181408051,-144.074912604826,-308.049509222398));
#3220=CARTESIAN_POINT('Ctrl Pts',(-15.5518773620956,-144.036461876443,-308.103044766618));
#3221=CARTESIAN_POINT('Ctrl Pts',(-15.5412069727408,-144.017236512251,-308.129812538728));
#3222=CARTESIAN_POINT('Ctrl Pts',(-15.530797331238,-143.99744018952,-308.155980101014));
#3223=CARTESIAN_POINT('Ctrl Pts',(-15.5206527553023,-143.977115330173,-308.181529633269));
#3224=CARTESIAN_POINT('Ctrl Pts',(-15.5155804673344,-143.966952900499,-308.194304399397));
#3225=CARTESIAN_POINT('Ctrl Pts',(-15.510574444118,-143.956658360604,-308.206924676339));
#3226=CARTESIAN_POINT('Ctrl Pts',(-15.5056350524793,-143.946236982266,-308.219388474669));
#3227=CARTESIAN_POINT('Ctrl Pts',(-15.5031653566599,-143.941026293096,-308.225620373834));
#3228=CARTESIAN_POINT('Ctrl Pts',(-15.5007123187266,-143.935783895687,-308.231813154367));
#3229=CARTESIAN_POINT('Ctrl Pts',(-15.4982759798889,-143.930510451941,-308.237966578416));
#3230=CARTESIAN_POINT('Ctrl Pts',(-15.4964463421194,-143.926550209751,-308.242587666779));
#3231=CARTESIAN_POINT('Ctrl Pts',(-15.4948088057235,-143.922974803005,-308.246722821573));
#3232=CARTESIAN_POINT('Ctrl Pts',(-15.4929517531777,-143.91887894992,-308.25141747247));
#3233=CARTESIAN_POINT('Ctrl Pts',(-15.4923359614716,-143.917520780295,-308.252974201218));
#3234=CARTESIAN_POINT('Ctrl Pts',(-15.4916960545905,-143.916105048144,-308.25459216719));
#3235=CARTESIAN_POINT('Ctrl Pts',(-15.4910170991486,-143.914597646072,-308.256308550103));
#3236=CARTESIAN_POINT('Ctrl Pts',(-15.469161458835,-143.866074229868,-308.31155907948));
#3237=CARTESIAN_POINT('Ctrl Pts',(-15.448554960349,-143.814715924777,-308.363902236349));
#3238=CARTESIAN_POINT('Ctrl Pts',(-15.4292511491922,-143.760899073898,-308.413091791811));
#3239=CARTESIAN_POINT('Ctrl Pts',(-15.4098383183005,-143.706778288279,-308.462559149012));
#3240=CARTESIAN_POINT('Ctrl Pts',(-15.3917432023096,-143.650171461835,-308.508836816442));
#3241=CARTESIAN_POINT('Ctrl Pts',(-15.3750179179648,-143.591482131349,-308.55172763864));
#3242=CARTESIAN_POINT('Ctrl Pts',(-15.3581271806462,-143.532212223334,-308.595042753419));
#3243=CARTESIAN_POINT('Ctrl Pts',(-15.3426337366274,-143.470819030371,-308.634903372595));
#3244=CARTESIAN_POINT('Ctrl Pts',(-15.3285850189579,-143.407731895687,-308.671165912772));
#3245=CARTESIAN_POINT('Ctrl Pts',(-15.3151565471779,-143.347430035565,-308.705827474694));
#3246=CARTESIAN_POINT('Ctrl Pts',(-15.3030480647085,-143.285581221521,-308.737202041537));
#3247=CARTESIAN_POINT('Ctrl Pts',(-15.2922936845862,-143.222562798885,-308.76521680403));
#3248=CARTESIAN_POINT('Ctrl Pts',(-15.2808872167915,-143.155723278606,-308.794930230793));
#3249=CARTESIAN_POINT('Ctrl Pts',(-15.2709985152212,-143.087579140736,-308.820853035967));
#3250=CARTESIAN_POINT('Ctrl Pts',(-15.2626062351763,-143.018562117817,-308.842919216698));
#3251=CARTESIAN_POINT('Ctrl Pts',(-15.2541613514471,-142.949112489019,-308.865123710545));
#3252=CARTESIAN_POINT('Ctrl Pts',(-15.2472320256394,-142.878779510162,-308.883422854312));
#3253=CARTESIAN_POINT('Ctrl Pts',(-15.2417943376633,-142.808005395902,-308.897803843976));
#3254=CARTESIAN_POINT('Ctrl Pts',(-15.2362986485359,-142.736476368871,-308.912338228604));
#3255=CARTESIAN_POINT('Ctrl Pts',(-15.2323267955007,-142.664497451787,-308.92287033514));
#3256=CARTESIAN_POINT('Ctrl Pts',(-15.2298478304689,-142.592518189009,-308.929444935421));
#3257=CARTESIAN_POINT('Ctrl Pts',(-15.2277664550861,-142.532083344755,-308.934965066202));
#3258=CARTESIAN_POINT('Ctrl Pts',(-15.2267373828035,-142.471648360308,-308.937696442736));
#3259=CARTESIAN_POINT('Ctrl Pts',(-15.2267378928136,-142.411469855764,-308.937696448828));
#3260=CARTESIAN_POINT('Origin',(-25.2713242884524,-142.41146000761,-297.797375138687));
#3261=CARTESIAN_POINT('Origin',(-127.907272194217,-142.411470260616,-248.893761771334));
#3262=CARTESIAN_POINT('',(-153.094698386372,-142.411470260619,-233.536521950007));
#3263=CARTESIAN_POINT('Origin',(-127.907272194217,-142.411470260619,-248.893761771334));
#3264=CARTESIAN_POINT('',(-153.09469825682,-141.411475982665,-233.536521737528));
#3265=CARTESIAN_POINT('',(-153.094698386372,-142.411470260616,-233.536521950007));
#3266=CARTESIAN_POINT('Origin',(-127.90727206422,-141.411475982665,-248.893761558126));
#3267=CARTESIAN_POINT('Origin',(-79.9500744012145,-129.411474837164,-243.51239267735));
#3268=CARTESIAN_POINT('',(-79.9500744012146,-141.411475982665,-243.51239267735));
#3269=CARTESIAN_POINT('Origin',(-25.2713043993415,-142.411470260619,-297.797383241873));
#3270=CARTESIAN_POINT('',(-23.6713055084502,-142.411470260619,-297.797383241873));
#3271=CARTESIAN_POINT('Origin',(-25.2713043993415,-142.411470260619,-297.797383241873));
#3272=CARTESIAN_POINT('',(-23.6713055084502,-144.411477890014,-297.797383241873));
#3273=CARTESIAN_POINT('',(-23.6713055084503,-142.411470260619,-297.797383241873));
#3274=CARTESIAN_POINT('Origin',(-25.2713043993415,-144.411477890014,-297.797383241873));
#3275=CARTESIAN_POINT('Origin',(-169.658577453382,-142.411470260619,-291.437697397973));
#3276=CARTESIAN_POINT('',(-168.058577717855,-142.411470260619,-291.437697397973));
#3277=CARTESIAN_POINT('Origin',(-169.658577453382,-142.411470260619,-291.437697397973));
#3278=CARTESIAN_POINT('',(-168.058577717855,-144.411477890014,-291.437697397973));
#3279=CARTESIAN_POINT('',(-168.058577717855,-142.411470260619,-291.437697397973));
#3280=CARTESIAN_POINT('Origin',(-169.658577453382,-144.411477890014,-291.437697397973));
#3281=CARTESIAN_POINT('Origin',(-25.2713128337226,-96.3093756103508,-297.79737891383));
#3282=CARTESIAN_POINT('Origin',(-15.2089296722341,-142.411463457815,-306.937672573769));
#3283=CARTESIAN_POINT('',(-92.442665295704,-142.411470260619,-308.937772816044));
#3284=CARTESIAN_POINT('Ctrl Pts',(-16.0280758539056,-144.411472964754,-306.943908209583));
#3285=CARTESIAN_POINT('Ctrl Pts',(-67.238247536882,-144.411532114317,-306.941952968482));
#3286=CARTESIAN_POINT('Ctrl Pts',(-118.448419212887,-144.411582051811,-306.939829495679));
#3287=CARTESIAN_POINT('Ctrl Pts',(-169.658590887874,-144.411540630514,-306.93767810861));
#3288=CARTESIAN_POINT('Origin',(-182.89261407917,-142.411461945996,-283.368642807709));
#3289=CARTESIAN_POINT('',(-182.89261407917,-144.411477890014,-283.368642807709));
#3290=CARTESIAN_POINT('',(-184.600248863044,-142.411461945996,-282.327466923804));
#3291=CARTESIAN_POINT('Origin',(-114.037372761149,-142.411469038631,-223.29347121893));
#3292=CARTESIAN_POINT('',(-114.037372761149,-144.411477890014,-223.29347121893));
#3293=CARTESIAN_POINT('Origin',(-137.431550304792,-141.411475982665,-230.532724197094));
#3294=CARTESIAN_POINT('',(-158.803567018908,-141.411475982665,-240.01827410967));
#3295=CARTESIAN_POINT('',(-158.783501730613,-141.411475982665,-242.866734671942));
#3296=CARTESIAN_POINT('Origin',(-120.72485316094,-142.411470260619,-272.632109814107));
#3297=CARTESIAN_POINT('',(-165.875848805571,-142.411470260619,-254.498901035038));
#3298=CARTESIAN_POINT('Origin',(-170.052267508687,-141.911473121642,-261.348650017024));
#3299=CARTESIAN_POINT('Origin',(-168.81168027419,-141.911473121642,-256.432601967097));
#3300=CARTESIAN_POINT('Origin',(-110.884598786177,-144.411477890014,-275.216935948247));
#3301=CARTESIAN_POINT('',(0.,0.,0.));
#3302=UNCERTAINTY_MEASURE_WITH_UNIT(LENGTH_MEASURE(0.01),#3308,
'DISTANCE_ACCURACY_VALUE',
'Maximum model space distance between geometric entities at asserted c
onnectivities');
#3303=UNCERTAINTY_MEASURE_WITH_UNIT(LENGTH_MEASURE(0.01),#3308,
'DISTANCE_ACCURACY_VALUE',
'Maximum model space distance between geometric entities at asserted c
onnectivities');
#3304=UNCERTAINTY_MEASURE_WITH_UNIT(LENGTH_MEASURE(0.01),#3308,
'DISTANCE_ACCURACY_VALUE',
'Maximum model space distance between geometric entities at asserted c
onnectivities');
#3305=(
GEOMETRIC_REPRESENTATION_CONTEXT(3)
GLOBAL_UNCERTAINTY_ASSIGNED_CONTEXT((#3302))
GLOBAL_UNIT_ASSIGNED_CONTEXT((#3308,#3310,#3311))
REPRESENTATION_CONTEXT('','3D')
);
#3306=(
GEOMETRIC_REPRESENTATION_CONTEXT(3)
GLOBAL_UNCERTAINTY_ASSIGNED_CONTEXT((#3303))
GLOBAL_UNIT_ASSIGNED_CONTEXT((#3308,#3310,#3311))
REPRESENTATION_CONTEXT('','3D')
);
#3307=(
GEOMETRIC_REPRESENTATION_CONTEXT(3)
GLOBAL_UNCERTAINTY_ASSIGNED_CONTEXT((#3304))
GLOBAL_UNIT_ASSIGNED_CONTEXT((#3308,#3310,#3311))
REPRESENTATION_CONTEXT('','3D')
);
#3308=(
LENGTH_UNIT()
NAMED_UNIT(*)
SI_UNIT(.MILLI.,.METRE.)
);
#3309=(
LENGTH_UNIT()
NAMED_UNIT(*)
SI_UNIT($,.METRE.)
);
#3310=(
NAMED_UNIT(*)
PLANE_ANGLE_UNIT()
SI_UNIT($,.RADIAN.)
);
#3311=(
NAMED_UNIT(*)
SI_UNIT($,.STERADIAN.)
SOLID_ANGLE_UNIT()
);
#3312=SHAPE_DEFINITION_REPRESENTATION(#3314,#3317);
#3313=SHAPE_DEFINITION_REPRESENTATION(#3315,#3318);
#3314=PRODUCT_DEFINITION_SHAPE('',$,#3320);
#3315=PRODUCT_DEFINITION_SHAPE('',$,#3321);
#3316=PRODUCT_DEFINITION_SHAPE($,$,#14);
#3317=SHAPE_REPRESENTATION('',(#555,#609),#3305);
#3318=SHAPE_REPRESENTATION('',(#556),#3306);
#3319=PRODUCT_DEFINITION_CONTEXT('part definition',#3327,'design');
#3320=PRODUCT_DEFINITION('Leg (right)','Leg (right) v74',#3322,#3319);
#3321=PRODUCT_DEFINITION('Foot','Foot',#3323,#3319);
#3322=PRODUCT_DEFINITION_FORMATION('',$,#3329);
#3323=PRODUCT_DEFINITION_FORMATION('',$,#3330);
#3324=PRODUCT_RELATED_PRODUCT_CATEGORY('Leg (right) v74',
'Leg (right) v74',(#3329));
#3325=PRODUCT_RELATED_PRODUCT_CATEGORY('Foot','Foot',(#3330));
#3326=APPLICATION_PROTOCOL_DEFINITION('international standard',
'automotive_design',2009,#3327);
#3327=APPLICATION_CONTEXT(
'Core Data for Automotive Mechanical Design Process');
#3328=PRODUCT_CONTEXT('part definition',#3327,'mechanical');
#3329=PRODUCT('Leg (right)','Leg (right) v74',$,(#3328));
#3330=PRODUCT('Foot','Foot',$,(#3328));
#3331=PRESENTATION_STYLE_ASSIGNMENT((#3337));
#3332=PRESENTATION_STYLE_ASSIGNMENT((#3338));
#3333=PRESENTATION_STYLE_ASSIGNMENT((#3339));
#3334=PRESENTATION_STYLE_ASSIGNMENT((#3340));
#3335=PRESENTATION_STYLE_ASSIGNMENT((#3341));
#3336=PRESENTATION_STYLE_ASSIGNMENT((#3342));
#3337=SURFACE_STYLE_USAGE(.BOTH.,#3343);
#3338=SURFACE_STYLE_USAGE(.BOTH.,#3344);
#3339=SURFACE_STYLE_USAGE(.BOTH.,#3345);
#3340=SURFACE_STYLE_USAGE(.BOTH.,#3346);
#3341=SURFACE_STYLE_USAGE(.BOTH.,#3347);
#3342=SURFACE_STYLE_USAGE(.BOTH.,#3348);
#3343=SURFACE_SIDE_STYLE('',(#3349));
#3344=SURFACE_SIDE_STYLE('',(#3350));
#3345=SURFACE_SIDE_STYLE('',(#3351));
#3346=SURFACE_SIDE_STYLE('',(#3352));
#3347=SURFACE_SIDE_STYLE('',(#3353));
#3348=SURFACE_SIDE_STYLE('',(#3354));
#3349=SURFACE_STYLE_FILL_AREA(#3355);
#3350=SURFACE_STYLE_FILL_AREA(#3356);
#3351=SURFACE_STYLE_FILL_AREA(#3357);
#3352=SURFACE_STYLE_FILL_AREA(#3358);
#3353=SURFACE_STYLE_FILL_AREA(#3359);
#3354=SURFACE_STYLE_FILL_AREA(#3360);
#3355=FILL_AREA_STYLE('Steel - Satin',(#3361));
#3356=FILL_AREA_STYLE('Plate',(#3362));
#3357=FILL_AREA_STYLE('ABS (White)',(#3363));
#3358=FILL_AREA_STYLE('Aluminum - Satin',(#3364));
#3359=FILL_AREA_STYLE('ABS (White) (1)',(#3365));
#3360=FILL_AREA_STYLE('Rubber - Soft',(#3366));
#3361=FILL_AREA_STYLE_COLOUR('Steel - Satin',#3367);
#3362=FILL_AREA_STYLE_COLOUR('Plate',#3368);
#3363=FILL_AREA_STYLE_COLOUR('ABS (White)',#3369);
#3364=FILL_AREA_STYLE_COLOUR('Aluminum - Satin',#3370);
#3365=FILL_AREA_STYLE_COLOUR('ABS (White) (1)',#3371);
#3366=FILL_AREA_STYLE_COLOUR('Rubber - Soft',#3372);
#3367=COLOUR_RGB('Steel - Satin',0.627450980392157,0.627450980392157,0.627450980392157);
#3368=COLOUR_RGB('Plate',0.6,0.6,0.6);
#3369=COLOUR_RGB('ABS (White)',0.964705882352941,0.964705882352941,0.952941176470588);
#3370=COLOUR_RGB('Aluminum - Satin',0.96078431372549,0.96078431372549,0.964705882352941);
#3371=COLOUR_RGB('ABS (White) (1)',0.905882352941176,0.262745098039216,
0.184313725490196);
#3372=COLOUR_RGB('Rubber - Soft',0.152941176470588,0.152941176470588,0.152941176470588);
ENDSEC;
END-ISO-10303-21;
