ISO-10303-21;
HEADER;
/* Generated by software containing ST-Developer
 * from STEP Tools, Inc. (www.steptools.com) 
 */

FILE_DESCRIPTION(
/* description */ (''),
/* implementation_level */ '2;1');

FILE_NAME(
/* name */ 'OuterPlate.step',
/* time_stamp */ '2026-08-13T12:50:41-04:00',
/* author */ (''),
/* organization */ (''),
/* preprocessor_version */ 'ST-DEVELOPER v20.1',
/* originating_system */ 'Autodesk Translation Framework v15.8.0.0',
/* authorisation */ '');

FILE_SCHEMA (('AUTOMOTIVE_DESIGN { 1 0 10303 214 3 1 1 }'));
ENDSEC;

DATA;
#10=MECHANICAL_DESIGN_GEOMETRIC_PRESENTATION_REPRESENTATION('',(#17),#2307);
#11=ITEM_DEFINED_TRANSFORMATION($,$,#1299,#1445);
#12=(
REPRESENTATION_RELATIONSHIP($,$,#2318,#2317)
REPRESENTATION_RELATIONSHIP_WITH_TRANSFORMATION(#11)
SHAPE_REPRESENTATION_RELATIONSHIP()
);
#13=CONTEXT_DEPENDENT_SHAPE_REPRESENTATION(#12,#2316);
#14=NEXT_ASSEMBLY_USAGE_OCCURRENCE('Thigh:1','Thigh:1','Thigh:1',#2320,
#2321,'Thigh:1');
#15=SHAPE_REPRESENTATION_RELATIONSHIP('SRR','None',#2318,#16);
#16=ADVANCED_BREP_SHAPE_REPRESENTATION('',(#18),#2306);
#17=STYLED_ITEM('',(#2334),#18);
#18=MANIFOLD_SOLID_BREP('OuterPlate',#1285);
#19=FACE_BOUND('',#221,.T.);
#20=FACE_BOUND('',#222,.T.);
#21=FACE_BOUND('',#223,.T.);
#22=FACE_BOUND('',#224,.T.);
#23=FACE_BOUND('',#225,.T.);
#24=FACE_BOUND('',#226,.T.);
#25=FACE_BOUND('',#227,.T.);
#26=FACE_BOUND('',#228,.T.);
#27=FACE_BOUND('',#229,.T.);
#28=FACE_BOUND('',#230,.T.);
#29=FACE_BOUND('',#231,.T.);
#30=FACE_BOUND('',#232,.T.);
#31=FACE_BOUND('',#233,.T.);
#32=FACE_BOUND('',#234,.T.);
#33=FACE_BOUND('',#235,.T.);
#34=FACE_BOUND('',#236,.T.);
#35=FACE_BOUND('',#237,.T.);
#36=FACE_BOUND('',#238,.T.);
#37=FACE_BOUND('',#239,.T.);
#38=FACE_BOUND('',#240,.T.);
#39=FACE_BOUND('',#241,.T.);
#40=FACE_BOUND('',#242,.T.);
#41=FACE_BOUND('',#243,.T.);
#42=FACE_BOUND('',#244,.T.);
#43=FACE_BOUND('',#245,.T.);
#44=FACE_BOUND('',#246,.T.);
#45=FACE_BOUND('',#247,.T.);
#46=FACE_BOUND('',#248,.T.);
#47=FACE_BOUND('',#249,.T.);
#48=FACE_BOUND('',#250,.T.);
#49=FACE_BOUND('',#251,.T.);
#50=FACE_BOUND('',#252,.T.);
#51=FACE_BOUND('',#254,.T.);
#52=FACE_BOUND('',#255,.T.);
#53=FACE_BOUND('',#256,.T.);
#54=FACE_BOUND('',#257,.T.);
#55=FACE_BOUND('',#258,.T.);
#56=FACE_BOUND('',#259,.T.);
#57=FACE_BOUND('',#260,.T.);
#58=FACE_BOUND('',#261,.T.);
#59=FACE_BOUND('',#262,.T.);
#60=FACE_BOUND('',#263,.T.);
#61=FACE_BOUND('',#264,.T.);
#62=FACE_BOUND('',#265,.T.);
#63=FACE_BOUND('',#266,.T.);
#64=FACE_BOUND('',#267,.T.);
#65=FACE_BOUND('',#268,.T.);
#66=FACE_BOUND('',#269,.T.);
#67=FACE_BOUND('',#270,.T.);
#68=FACE_BOUND('',#271,.T.);
#69=FACE_BOUND('',#272,.T.);
#70=FACE_BOUND('',#273,.T.);
#71=FACE_BOUND('',#274,.T.);
#72=FACE_BOUND('',#275,.T.);
#73=FACE_BOUND('',#276,.T.);
#74=FACE_BOUND('',#277,.T.);
#75=FACE_BOUND('',#278,.T.);
#76=FACE_BOUND('',#279,.T.);
#77=FACE_BOUND('',#280,.T.);
#78=FACE_BOUND('',#281,.T.);
#79=FACE_BOUND('',#282,.T.);
#80=FACE_BOUND('',#283,.T.);
#81=FACE_BOUND('',#284,.T.);
#82=FACE_BOUND('',#285,.T.);
#83=(
BOUNDED_CURVE()
B_SPLINE_CURVE(3,(#2214,#2215,#2216,#2217,#2218,#2219,#2220,#2221,#2222,
#2223,#2224,#2225,#2226,#2227,#2228,#2229,#2230,#2231,#2232,#2233,#2234,
#2235,#2236,#2237,#2238,#2239,#2240,#2241,#2242,#2243,#2244),
 .UNSPECIFIED.,.F.,.F.)
B_SPLINE_CURVE_WITH_KNOTS((4,2,2,1,1,1,2,2,2,2,2,2,2,2,2,2,4),(0.,0.00781249999999977,
0.0117187499999997,0.0156249999999995,0.0312499999999991,0.0624999999999994,
0.125,0.250000000000001,0.312500000000002,0.375000000000002,0.500000000000001,
0.562500000000002,0.625000000000002,0.750000000000001,0.812500000000001,
0.875000000000001,1.),.UNSPECIFIED.)
CURVE()
GEOMETRIC_REPRESENTATION_ITEM()
RATIONAL_B_SPLINE_CURVE((1.,1.,1.,1.,1.,1.,1.,1.,1.,1.,1.,1.,1.,1.,1.,1.,
1.,1.,1.,1.,1.,1.,1.,1.,1.,1.,1.,1.,1.,1.,1.))
REPRESENTATION_ITEM('')
);
#84=(
BOUNDED_CURVE()
B_SPLINE_CURVE(3,(#2246,#2247,#2248,#2249,#2250,#2251,#2252,#2253,#2254,
#2255,#2256,#2257,#2258,#2259,#2260,#2261,#2262,#2263,#2264,#2265,#2266,
#2267,#2268,#2269,#2270,#2271,#2272,#2273,#2274,#2275,#2276),
 .UNSPECIFIED.,.F.,.F.)
B_SPLINE_CURVE_WITH_KNOTS((4,2,2,2,2,2,2,2,2,2,2,1,1,1,2,2,4),(-1.,-0.875000000000001,
-0.812500000000001,-0.750000000000001,-0.625000000000002,-0.562500000000002,
-0.500000000000001,-0.375000000000002,-0.312500000000002,-0.250000000000001,
-0.125,-0.0624999999999994,-0.0312499999999991,-0.0156249999999995,-0.0117187499999997,
-0.00781249999999977,0.),.UNSPECIFIED.)
CURVE()
GEOMETRIC_REPRESENTATION_ITEM()
RATIONAL_B_SPLINE_CURVE((1.,1.,1.,1.,1.,1.,1.,1.,1.,1.,1.,1.,1.,1.,1.,1.,
1.,1.,1.,1.,1.,1.,1.,1.,1.,1.,1.,1.,1.,1.,1.))
REPRESENTATION_ITEM('')
);
#85=(
BOUNDED_SURFACE()
B_SPLINE_SURFACE(3,1,((#2151,#2152),(#2153,#2154),(#2155,#2156),(#2157,
#2158),(#2159,#2160),(#2161,#2162),(#2163,#2164),(#2165,#2166),(#2167,#2168),
(#2169,#2170),(#2171,#2172),(#2173,#2174),(#2175,#2176),(#2177,#2178),(#2179,
#2180),(#2181,#2182),(#2183,#2184),(#2185,#2186),(#2187,#2188),(#2189,#2190),
(#2191,#2192),(#2193,#2194),(#2195,#2196),(#2197,#2198),(#2199,#2200),(#2201,
#2202),(#2203,#2204),(#2205,#2206),(#2207,#2208),(#2209,#2210),(#2211,#2212)),
 .UNSPECIFIED.,.F.,.F.,.F.)
B_SPLINE_SURFACE_WITH_KNOTS((4,2,2,2,2,2,2,2,2,2,2,1,1,1,2,2,4),(2,2),(-1.,
-0.875000000000001,-0.812500000000001,-0.750000000000001,-0.625000000000002,
-0.562500000000002,-0.500000000000001,-0.375000000000002,-0.312500000000002,
-0.250000000000001,-0.125,-0.0624999999999994,-0.0312499999999991,-0.0156249999999995,
-0.0117187499999997,-0.00781249999999977,0.),(0.,0.199999999999999),
 .UNSPECIFIED.)
GEOMETRIC_REPRESENTATION_ITEM()
RATIONAL_B_SPLINE_SURFACE(((1.,1.),(1.,1.),(1.,1.),(1.,1.),(1.,1.),(1.,
1.),(1.,1.),(1.,1.),(1.,1.),(1.,1.),(1.,1.),(1.,1.),(1.,1.),(1.,1.),(1.,
1.),(1.,1.),(1.,1.),(1.,1.),(1.,1.),(1.,1.),(1.,1.),(1.,1.),(1.,1.),(1.,
1.),(1.,1.),(1.,1.),(1.,1.),(1.,1.),(1.,1.),(1.,1.),(1.,1.)))
REPRESENTATION_ITEM('')
SURFACE()
);
#86=PLANE('',#1321);
#87=PLANE('',#1322);
#88=PLANE('',#1326);
#89=PLANE('',#1327);
#90=PLANE('',#1409);
#91=PLANE('',#1416);
#92=PLANE('',#1417);
#93=PLANE('',#1421);
#94=PLANE('',#1425);
#95=PLANE('',#1429);
#96=PLANE('',#1436);
#97=PLANE('',#1437);
#98=PLANE('',#1441);
#99=PLANE('',#1442);
#100=PLANE('',#1443);
#101=PLANE('',#1444);
#102=FACE_OUTER_BOUND('',#162,.T.);
#103=FACE_OUTER_BOUND('',#163,.T.);
#104=FACE_OUTER_BOUND('',#164,.T.);
#105=FACE_OUTER_BOUND('',#165,.T.);
#106=FACE_OUTER_BOUND('',#166,.T.);
#107=FACE_OUTER_BOUND('',#167,.T.);
#108=FACE_OUTER_BOUND('',#168,.T.);
#109=FACE_OUTER_BOUND('',#169,.T.);
#110=FACE_OUTER_BOUND('',#170,.T.);
#111=FACE_OUTER_BOUND('',#171,.T.);
#112=FACE_OUTER_BOUND('',#172,.T.);
#113=FACE_OUTER_BOUND('',#173,.T.);
#114=FACE_OUTER_BOUND('',#174,.T.);
#115=FACE_OUTER_BOUND('',#175,.T.);
#116=FACE_OUTER_BOUND('',#176,.T.);
#117=FACE_OUTER_BOUND('',#177,.T.);
#118=FACE_OUTER_BOUND('',#178,.T.);
#119=FACE_OUTER_BOUND('',#179,.T.);
#120=FACE_OUTER_BOUND('',#180,.T.);
#121=FACE_OUTER_BOUND('',#181,.T.);
#122=FACE_OUTER_BOUND('',#182,.T.);
#123=FACE_OUTER_BOUND('',#183,.T.);
#124=FACE_OUTER_BOUND('',#184,.T.);
#125=FACE_OUTER_BOUND('',#185,.T.);
#126=FACE_OUTER_BOUND('',#186,.T.);
#127=FACE_OUTER_BOUND('',#187,.T.);
#128=FACE_OUTER_BOUND('',#188,.T.);
#129=FACE_OUTER_BOUND('',#189,.T.);
#130=FACE_OUTER_BOUND('',#190,.T.);
#131=FACE_OUTER_BOUND('',#191,.T.);
#132=FACE_OUTER_BOUND('',#192,.T.);
#133=FACE_OUTER_BOUND('',#193,.T.);
#134=FACE_OUTER_BOUND('',#194,.T.);
#135=FACE_OUTER_BOUND('',#195,.T.);
#136=FACE_OUTER_BOUND('',#196,.T.);
#137=FACE_OUTER_BOUND('',#197,.T.);
#138=FACE_OUTER_BOUND('',#198,.T.);
#139=FACE_OUTER_BOUND('',#199,.T.);
#140=FACE_OUTER_BOUND('',#200,.T.);
#141=FACE_OUTER_BOUND('',#201,.T.);
#142=FACE_OUTER_BOUND('',#202,.T.);
#143=FACE_OUTER_BOUND('',#203,.T.);
#144=FACE_OUTER_BOUND('',#204,.T.);
#145=FACE_OUTER_BOUND('',#205,.T.);
#146=FACE_OUTER_BOUND('',#206,.T.);
#147=FACE_OUTER_BOUND('',#207,.T.);
#148=FACE_OUTER_BOUND('',#208,.T.);
#149=FACE_OUTER_BOUND('',#209,.T.);
#150=FACE_OUTER_BOUND('',#210,.T.);
#151=FACE_OUTER_BOUND('',#211,.T.);
#152=FACE_OUTER_BOUND('',#212,.T.);
#153=FACE_OUTER_BOUND('',#213,.T.);
#154=FACE_OUTER_BOUND('',#214,.T.);
#155=FACE_OUTER_BOUND('',#215,.T.);
#156=FACE_OUTER_BOUND('',#216,.T.);
#157=FACE_OUTER_BOUND('',#217,.T.);
#158=FACE_OUTER_BOUND('',#218,.T.);
#159=FACE_OUTER_BOUND('',#219,.T.);
#160=FACE_OUTER_BOUND('',#220,.T.);
#161=FACE_OUTER_BOUND('',#253,.T.);
#162=EDGE_LOOP('',(#834,#835,#836,#837));
#163=EDGE_LOOP('',(#838,#839,#840,#841));
#164=EDGE_LOOP('',(#842,#843,#844,#845));
#165=EDGE_LOOP('',(#846,#847,#848,#849));
#166=EDGE_LOOP('',(#850,#851,#852,#853));
#167=EDGE_LOOP('',(#854,#855,#856,#857));
#168=EDGE_LOOP('',(#858,#859,#860,#861));
#169=EDGE_LOOP('',(#862,#863,#864,#865));
#170=EDGE_LOOP('',(#866,#867,#868,#869));
#171=EDGE_LOOP('',(#870,#871,#872,#873));
#172=EDGE_LOOP('',(#874,#875,#876,#877));
#173=EDGE_LOOP('',(#878,#879,#880,#881));
#174=EDGE_LOOP('',(#882,#883,#884,#885));
#175=EDGE_LOOP('',(#886,#887,#888,#889));
#176=EDGE_LOOP('',(#890,#891,#892,#893));
#177=EDGE_LOOP('',(#894,#895,#896,#897));
#178=EDGE_LOOP('',(#898,#899,#900,#901));
#179=EDGE_LOOP('',(#902,#903,#904,#905));
#180=EDGE_LOOP('',(#906,#907,#908,#909));
#181=EDGE_LOOP('',(#910,#911,#912,#913));
#182=EDGE_LOOP('',(#914,#915,#916,#917));
#183=EDGE_LOOP('',(#918,#919,#920,#921));
#184=EDGE_LOOP('',(#922,#923,#924,#925));
#185=EDGE_LOOP('',(#926,#927,#928,#929));
#186=EDGE_LOOP('',(#930,#931,#932,#933));
#187=EDGE_LOOP('',(#934,#935,#936,#937));
#188=EDGE_LOOP('',(#938,#939,#940,#941));
#189=EDGE_LOOP('',(#942,#943,#944,#945));
#190=EDGE_LOOP('',(#946,#947,#948,#949));
#191=EDGE_LOOP('',(#950,#951,#952,#953));
#192=EDGE_LOOP('',(#954,#955,#956,#957));
#193=EDGE_LOOP('',(#958,#959,#960,#961));
#194=EDGE_LOOP('',(#962,#963,#964,#965));
#195=EDGE_LOOP('',(#966,#967,#968,#969));
#196=EDGE_LOOP('',(#970,#971,#972,#973));
#197=EDGE_LOOP('',(#974,#975,#976,#977));
#198=EDGE_LOOP('',(#978,#979,#980,#981));
#199=EDGE_LOOP('',(#982,#983,#984,#985));
#200=EDGE_LOOP('',(#986,#987,#988,#989));
#201=EDGE_LOOP('',(#990,#991,#992,#993));
#202=EDGE_LOOP('',(#994,#995,#996,#997));
#203=EDGE_LOOP('',(#998,#999,#1000,#1001));
#204=EDGE_LOOP('',(#1002,#1003,#1004,#1005));
#205=EDGE_LOOP('',(#1006,#1007,#1008,#1009));
#206=EDGE_LOOP('',(#1010,#1011,#1012,#1013));
#207=EDGE_LOOP('',(#1014,#1015,#1016,#1017));
#208=EDGE_LOOP('',(#1018,#1019,#1020,#1021));
#209=EDGE_LOOP('',(#1022,#1023,#1024,#1025));
#210=EDGE_LOOP('',(#1026,#1027,#1028,#1029));
#211=EDGE_LOOP('',(#1030,#1031,#1032,#1033));
#212=EDGE_LOOP('',(#1034,#1035,#1036,#1037));
#213=EDGE_LOOP('',(#1038,#1039,#1040,#1041));
#214=EDGE_LOOP('',(#1042,#1043,#1044,#1045));
#215=EDGE_LOOP('',(#1046,#1047,#1048,#1049));
#216=EDGE_LOOP('',(#1050,#1051,#1052,#1053));
#217=EDGE_LOOP('',(#1054,#1055,#1056,#1057));
#218=EDGE_LOOP('',(#1058,#1059,#1060,#1061));
#219=EDGE_LOOP('',(#1062,#1063,#1064,#1065));
#220=EDGE_LOOP('',(#1066,#1067,#1068,#1069,#1070,#1071,#1072,#1073,#1074,
#1075,#1076,#1077,#1078,#1079,#1080,#1081,#1082,#1083,#1084,#1085));
#221=EDGE_LOOP('',(#1086));
#222=EDGE_LOOP('',(#1087));
#223=EDGE_LOOP('',(#1088));
#224=EDGE_LOOP('',(#1089));
#225=EDGE_LOOP('',(#1090));
#226=EDGE_LOOP('',(#1091));
#227=EDGE_LOOP('',(#1092));
#228=EDGE_LOOP('',(#1093));
#229=EDGE_LOOP('',(#1094));
#230=EDGE_LOOP('',(#1095));
#231=EDGE_LOOP('',(#1096));
#232=EDGE_LOOP('',(#1097));
#233=EDGE_LOOP('',(#1098));
#234=EDGE_LOOP('',(#1099));
#235=EDGE_LOOP('',(#1100));
#236=EDGE_LOOP('',(#1101));
#237=EDGE_LOOP('',(#1102));
#238=EDGE_LOOP('',(#1103));
#239=EDGE_LOOP('',(#1104));
#240=EDGE_LOOP('',(#1105));
#241=EDGE_LOOP('',(#1106));
#242=EDGE_LOOP('',(#1107));
#243=EDGE_LOOP('',(#1108));
#244=EDGE_LOOP('',(#1109));
#245=EDGE_LOOP('',(#1110));
#246=EDGE_LOOP('',(#1111));
#247=EDGE_LOOP('',(#1112,#1113,#1114,#1115,#1116,#1117,#1118));
#248=EDGE_LOOP('',(#1119));
#249=EDGE_LOOP('',(#1120));
#250=EDGE_LOOP('',(#1121));
#251=EDGE_LOOP('',(#1122));
#252=EDGE_LOOP('',(#1123));
#253=EDGE_LOOP('',(#1124,#1125,#1126,#1127,#1128,#1129,#1130,#1131,#1132,
#1133,#1134,#1135,#1136,#1137,#1138,#1139,#1140,#1141,#1142,#1143));
#254=EDGE_LOOP('',(#1144));
#255=EDGE_LOOP('',(#1145));
#256=EDGE_LOOP('',(#1146));
#257=EDGE_LOOP('',(#1147));
#258=EDGE_LOOP('',(#1148));
#259=EDGE_LOOP('',(#1149));
#260=EDGE_LOOP('',(#1150));
#261=EDGE_LOOP('',(#1151));
#262=EDGE_LOOP('',(#1152));
#263=EDGE_LOOP('',(#1153));
#264=EDGE_LOOP('',(#1154));
#265=EDGE_LOOP('',(#1155));
#266=EDGE_LOOP('',(#1156));
#267=EDGE_LOOP('',(#1157));
#268=EDGE_LOOP('',(#1158));
#269=EDGE_LOOP('',(#1159));
#270=EDGE_LOOP('',(#1160));
#271=EDGE_LOOP('',(#1161));
#272=EDGE_LOOP('',(#1162));
#273=EDGE_LOOP('',(#1163));
#274=EDGE_LOOP('',(#1164));
#275=EDGE_LOOP('',(#1165));
#276=EDGE_LOOP('',(#1166));
#277=EDGE_LOOP('',(#1167));
#278=EDGE_LOOP('',(#1168));
#279=EDGE_LOOP('',(#1169));
#280=EDGE_LOOP('',(#1170,#1171,#1172,#1173,#1174,#1175,#1176));
#281=EDGE_LOOP('',(#1177));
#282=EDGE_LOOP('',(#1178));
#283=EDGE_LOOP('',(#1179));
#284=EDGE_LOOP('',(#1180));
#285=EDGE_LOOP('',(#1181));
#286=LINE('',#1834,#372);
#287=LINE('',#1840,#373);
#288=LINE('',#1846,#374);
#289=LINE('',#1852,#375);
#290=LINE('',#1858,#376);
#291=LINE('',#1864,#377);
#292=LINE('',#1871,#378);
#293=LINE('',#1874,#379);
#294=LINE('',#1877,#380);
#295=LINE('',#1879,#381);
#296=LINE('',#1880,#382);
#297=LINE('',#1883,#383);
#298=LINE('',#1885,#384);
#299=LINE('',#1886,#385);
#300=LINE('',#1892,#386);
#301=LINE('',#1895,#387);
#302=LINE('',#1898,#388);
#303=LINE('',#1900,#389);
#304=LINE('',#1901,#390);
#305=LINE('',#1904,#391);
#306=LINE('',#1906,#392);
#307=LINE('',#1907,#393);
#308=LINE('',#1912,#394);
#309=LINE('',#1918,#395);
#310=LINE('',#1924,#396);
#311=LINE('',#1930,#397);
#312=LINE('',#1936,#398);
#313=LINE('',#1942,#399);
#314=LINE('',#1948,#400);
#315=LINE('',#1954,#401);
#316=LINE('',#1960,#402);
#317=LINE('',#1966,#403);
#318=LINE('',#1972,#404);
#319=LINE('',#1978,#405);
#320=LINE('',#1984,#406);
#321=LINE('',#1990,#407);
#322=LINE('',#1996,#408);
#323=LINE('',#2002,#409);
#324=LINE('',#2008,#410);
#325=LINE('',#2014,#411);
#326=LINE('',#2020,#412);
#327=LINE('',#2026,#413);
#328=LINE('',#2032,#414);
#329=LINE('',#2038,#415);
#330=LINE('',#2044,#416);
#331=LINE('',#2050,#417);
#332=LINE('',#2057,#418);
#333=LINE('',#2060,#419);
#334=LINE('',#2069,#420);
#335=LINE('',#2071,#421);
#336=LINE('',#2072,#422);
#337=LINE('',#2077,#423);
#338=LINE('',#2084,#424);
#339=LINE('',#2087,#425);
#340=LINE('',#2090,#426);
#341=LINE('',#2092,#427);
#342=LINE('',#2093,#428);
#343=LINE('',#2096,#429);
#344=LINE('',#2098,#430);
#345=LINE('',#2099,#431);
#346=LINE('',#2105,#432);
#347=LINE('',#2108,#433);
#348=LINE('',#2110,#434);
#349=LINE('',#2111,#435);
#350=LINE('',#2117,#436);
#351=LINE('',#2120,#437);
#352=LINE('',#2122,#438);
#353=LINE('',#2123,#439);
#354=LINE('',#2129,#440);
#355=LINE('',#2132,#441);
#356=LINE('',#2134,#442);
#357=LINE('',#2135,#443);
#358=LINE('',#2144,#444);
#359=LINE('',#2147,#445);
#360=LINE('',#2149,#446);
#361=LINE('',#2150,#447);
#362=LINE('',#2277,#448);
#363=LINE('',#2280,#449);
#364=LINE('',#2282,#450);
#365=LINE('',#2283,#451);
#366=LINE('',#2289,#452);
#367=LINE('',#2292,#453);
#368=LINE('',#2294,#454);
#369=LINE('',#2295,#455);
#370=LINE('',#2297,#456);
#371=LINE('',#2298,#457);
#372=VECTOR('',#1454,1.65);
#373=VECTOR('',#1461,1.65);
#374=VECTOR('',#1468,1.65);
#375=VECTOR('',#1475,1.64999999999999);
#376=VECTOR('',#1482,1.65);
#377=VECTOR('',#1489,1.65);
#378=VECTOR('',#1496,10.);
#379=VECTOR('',#1499,10.);
#380=VECTOR('',#1502,10.);
#381=VECTOR('',#1503,10.);
#382=VECTOR('',#1504,10.);
#383=VECTOR('',#1507,10.);
#384=VECTOR('',#1508,10.);
#385=VECTOR('',#1509,10.);
#386=VECTOR('',#1514,10.);
#387=VECTOR('',#1517,10.);
#388=VECTOR('',#1520,10.);
#389=VECTOR('',#1521,10.);
#390=VECTOR('',#1522,10.);
#391=VECTOR('',#1525,10.);
#392=VECTOR('',#1526,10.);
#393=VECTOR('',#1527,10.);
#394=VECTOR('',#1532,1.6);
#395=VECTOR('',#1539,42.5);
#396=VECTOR('',#1546,3.99999999999842);
#397=VECTOR('',#1553,1.6);
#398=VECTOR('',#1560,1.6);
#399=VECTOR('',#1567,3.99999999999842);
#400=VECTOR('',#1574,3.99999999999851);
#401=VECTOR('',#1581,2.10000000000001);
#402=VECTOR('',#1588,1.6);
#403=VECTOR('',#1595,4.00000000000222);
#404=VECTOR('',#1602,1.6);
#405=VECTOR('',#1609,2.10000000000001);
#406=VECTOR('',#1616,2.1);
#407=VECTOR('',#1623,4.00000000000222);
#408=VECTOR('',#1630,1.6);
#409=VECTOR('',#1637,42.5);
#410=VECTOR('',#1644,2.10000000000001);
#411=VECTOR('',#1651,2.10000000000001);
#412=VECTOR('',#1658,1.6);
#413=VECTOR('',#1665,1.6);
#414=VECTOR('',#1672,2.10000000000001);
#415=VECTOR('',#1679,4.00000000000221);
#416=VECTOR('',#1686,4.0000000000022);
#417=VECTOR('',#1693,2.10000000000001);
#418=VECTOR('',#1700,10.);
#419=VECTOR('',#1703,10.);
#420=VECTOR('',#1716,10.);
#421=VECTOR('',#1719,10.);
#422=VECTOR('',#1720,10.);
#423=VECTOR('',#1725,2.1);
#424=VECTOR('',#1732,10.);
#425=VECTOR('',#1735,10.);
#426=VECTOR('',#1738,10.);
#427=VECTOR('',#1739,10.);
#428=VECTOR('',#1740,10.);
#429=VECTOR('',#1743,10.);
#430=VECTOR('',#1744,10.);
#431=VECTOR('',#1745,10.);
#432=VECTOR('',#1752,10.);
#433=VECTOR('',#1755,10.);
#434=VECTOR('',#1756,10.);
#435=VECTOR('',#1757,10.);
#436=VECTOR('',#1764,10.);
#437=VECTOR('',#1767,10.);
#438=VECTOR('',#1768,10.);
#439=VECTOR('',#1769,10.);
#440=VECTOR('',#1776,10.);
#441=VECTOR('',#1779,10.);
#442=VECTOR('',#1780,10.);
#443=VECTOR('',#1781,10.);
#444=VECTOR('',#1794,10.);
#445=VECTOR('',#1797,10.);
#446=VECTOR('',#1798,10.);
#447=VECTOR('',#1799,10.);
#448=VECTOR('',#1800,10.);
#449=VECTOR('',#1803,10.);
#450=VECTOR('',#1804,10.);
#451=VECTOR('',#1805,10.);
#452=VECTOR('',#1812,10.);
#453=VECTOR('',#1815,10.);
#454=VECTOR('',#1816,10.);
#455=VECTOR('',#1817,10.);
#456=VECTOR('',#1820,10.);
#457=VECTOR('',#1821,10.);
#458=CIRCLE('',#1301,1.65);
#459=CIRCLE('',#1302,1.65);
#460=CIRCLE('',#1304,1.65);
#461=CIRCLE('',#1305,1.65);
#462=CIRCLE('',#1307,1.65);
#463=CIRCLE('',#1308,1.65);
#464=CIRCLE('',#1310,1.64999999999999);
#465=CIRCLE('',#1311,1.64999999999999);
#466=CIRCLE('',#1313,1.65);
#467=CIRCLE('',#1314,1.65);
#468=CIRCLE('',#1316,1.65);
#469=CIRCLE('',#1317,1.65);
#470=CIRCLE('',#1319,5.99999999999998);
#471=CIRCLE('',#1320,5.99999999999998);
#472=CIRCLE('',#1324,5.99999999999998);
#473=CIRCLE('',#1325,5.99999999999998);
#474=CIRCLE('',#1329,1.6);
#475=CIRCLE('',#1330,1.6);
#476=CIRCLE('',#1332,42.5);
#477=CIRCLE('',#1333,42.5);
#478=CIRCLE('',#1335,3.99999999999842);
#479=CIRCLE('',#1336,3.99999999999842);
#480=CIRCLE('',#1338,1.65);
#481=CIRCLE('',#1339,1.65);
#482=CIRCLE('',#1341,1.6);
#483=CIRCLE('',#1342,1.6);
#484=CIRCLE('',#1344,3.99999999999842);
#485=CIRCLE('',#1345,3.99999999999842);
#486=CIRCLE('',#1347,3.99999999999851);
#487=CIRCLE('',#1348,3.99999999999851);
#488=CIRCLE('',#1350,2.10000000000001);
#489=CIRCLE('',#1351,2.10000000000001);
#490=CIRCLE('',#1353,1.65);
#491=CIRCLE('',#1354,1.65);
#492=CIRCLE('',#1356,4.00000000000222);
#493=CIRCLE('',#1357,4.00000000000222);
#494=CIRCLE('',#1359,1.6);
#495=CIRCLE('',#1360,1.6);
#496=CIRCLE('',#1362,2.10000000000001);
#497=CIRCLE('',#1363,2.10000000000001);
#498=CIRCLE('',#1365,2.1);
#499=CIRCLE('',#1366,2.1);
#500=CIRCLE('',#1368,4.00000000000222);
#501=CIRCLE('',#1369,4.00000000000222);
#502=CIRCLE('',#1371,1.6);
#503=CIRCLE('',#1372,1.6);
#504=CIRCLE('',#1374,42.5);
#505=CIRCLE('',#1375,42.5);
#506=CIRCLE('',#1377,2.10000000000001);
#507=CIRCLE('',#1378,2.10000000000001);
#508=CIRCLE('',#1380,2.10000000000001);
#509=CIRCLE('',#1381,2.10000000000001);
#510=CIRCLE('',#1383,1.65);
#511=CIRCLE('',#1384,1.65);
#512=CIRCLE('',#1386,1.65);
#513=CIRCLE('',#1387,1.65);
#514=CIRCLE('',#1389,2.10000000000001);
#515=CIRCLE('',#1390,2.10000000000001);
#516=CIRCLE('',#1392,4.00000000000221);
#517=CIRCLE('',#1393,4.00000000000221);
#518=CIRCLE('',#1395,4.0000000000022);
#519=CIRCLE('',#1396,4.0000000000022);
#520=CIRCLE('',#1398,2.10000000000001);
#521=CIRCLE('',#1399,2.10000000000001);
#522=CIRCLE('',#1401,52.0000000000046);
#523=CIRCLE('',#1402,52.0000000000046);
#524=CIRCLE('',#1404,6.);
#525=CIRCLE('',#1405,6.);
#526=CIRCLE('',#1407,52.000000000032);
#527=CIRCLE('',#1408,52.000000000032);
#528=CIRCLE('',#1411,2.1);
#529=CIRCLE('',#1412,2.1);
#530=CIRCLE('',#1414,3.99999999999888);
#531=CIRCLE('',#1415,3.99999999999888);
#532=CIRCLE('',#1419,54.799989619032);
#533=CIRCLE('',#1420,54.799989619032);
#534=CIRCLE('',#1423,54.7999896190314);
#535=CIRCLE('',#1424,54.7999896190314);
#536=CIRCLE('',#1427,54.7999896190332);
#537=CIRCLE('',#1428,54.7999896190332);
#538=CIRCLE('',#1431,54.7999896190228);
#539=CIRCLE('',#1432,54.7999896190228);
#540=CIRCLE('',#1434,54.7999901396061);
#541=CIRCLE('',#1435,54.7999901396061);
#542=CIRCLE('',#1439,54.7999896190335);
#543=CIRCLE('',#1440,54.7999896190335);
#544=VERTEX_POINT('',#1831);
#545=VERTEX_POINT('',#1833);
#546=VERTEX_POINT('',#1837);
#547=VERTEX_POINT('',#1839);
#548=VERTEX_POINT('',#1843);
#549=VERTEX_POINT('',#1845);
#550=VERTEX_POINT('',#1849);
#551=VERTEX_POINT('',#1851);
#552=VERTEX_POINT('',#1855);
#553=VERTEX_POINT('',#1857);
#554=VERTEX_POINT('',#1861);
#555=VERTEX_POINT('',#1863);
#556=VERTEX_POINT('',#1867);
#557=VERTEX_POINT('',#1868);
#558=VERTEX_POINT('',#1870);
#559=VERTEX_POINT('',#1872);
#560=VERTEX_POINT('',#1876);
#561=VERTEX_POINT('',#1878);
#562=VERTEX_POINT('',#1882);
#563=VERTEX_POINT('',#1884);
#564=VERTEX_POINT('',#1888);
#565=VERTEX_POINT('',#1889);
#566=VERTEX_POINT('',#1891);
#567=VERTEX_POINT('',#1893);
#568=VERTEX_POINT('',#1897);
#569=VERTEX_POINT('',#1899);
#570=VERTEX_POINT('',#1903);
#571=VERTEX_POINT('',#1905);
#572=VERTEX_POINT('',#1909);
#573=VERTEX_POINT('',#1911);
#574=VERTEX_POINT('',#1915);
#575=VERTEX_POINT('',#1917);
#576=VERTEX_POINT('',#1921);
#577=VERTEX_POINT('',#1923);
#578=VERTEX_POINT('',#1927);
#579=VERTEX_POINT('',#1929);
#580=VERTEX_POINT('',#1933);
#581=VERTEX_POINT('',#1935);
#582=VERTEX_POINT('',#1939);
#583=VERTEX_POINT('',#1941);
#584=VERTEX_POINT('',#1945);
#585=VERTEX_POINT('',#1947);
#586=VERTEX_POINT('',#1951);
#587=VERTEX_POINT('',#1953);
#588=VERTEX_POINT('',#1957);
#589=VERTEX_POINT('',#1959);
#590=VERTEX_POINT('',#1963);
#591=VERTEX_POINT('',#1965);
#592=VERTEX_POINT('',#1969);
#593=VERTEX_POINT('',#1971);
#594=VERTEX_POINT('',#1975);
#595=VERTEX_POINT('',#1977);
#596=VERTEX_POINT('',#1981);
#597=VERTEX_POINT('',#1983);
#598=VERTEX_POINT('',#1987);
#599=VERTEX_POINT('',#1989);
#600=VERTEX_POINT('',#1993);
#601=VERTEX_POINT('',#1995);
#602=VERTEX_POINT('',#1999);
#603=VERTEX_POINT('',#2001);
#604=VERTEX_POINT('',#2005);
#605=VERTEX_POINT('',#2007);
#606=VERTEX_POINT('',#2011);
#607=VERTEX_POINT('',#2013);
#608=VERTEX_POINT('',#2017);
#609=VERTEX_POINT('',#2019);
#610=VERTEX_POINT('',#2023);
#611=VERTEX_POINT('',#2025);
#612=VERTEX_POINT('',#2029);
#613=VERTEX_POINT('',#2031);
#614=VERTEX_POINT('',#2035);
#615=VERTEX_POINT('',#2037);
#616=VERTEX_POINT('',#2041);
#617=VERTEX_POINT('',#2043);
#618=VERTEX_POINT('',#2047);
#619=VERTEX_POINT('',#2049);
#620=VERTEX_POINT('',#2053);
#621=VERTEX_POINT('',#2054);
#622=VERTEX_POINT('',#2056);
#623=VERTEX_POINT('',#2058);
#624=VERTEX_POINT('',#2065);
#625=VERTEX_POINT('',#2067);
#626=VERTEX_POINT('',#2074);
#627=VERTEX_POINT('',#2076);
#628=VERTEX_POINT('',#2080);
#629=VERTEX_POINT('',#2081);
#630=VERTEX_POINT('',#2083);
#631=VERTEX_POINT('',#2085);
#632=VERTEX_POINT('',#2089);
#633=VERTEX_POINT('',#2091);
#634=VERTEX_POINT('',#2095);
#635=VERTEX_POINT('',#2097);
#636=VERTEX_POINT('',#2101);
#637=VERTEX_POINT('',#2103);
#638=VERTEX_POINT('',#2107);
#639=VERTEX_POINT('',#2109);
#640=VERTEX_POINT('',#2113);
#641=VERTEX_POINT('',#2115);
#642=VERTEX_POINT('',#2119);
#643=VERTEX_POINT('',#2121);
#644=VERTEX_POINT('',#2125);
#645=VERTEX_POINT('',#2127);
#646=VERTEX_POINT('',#2131);
#647=VERTEX_POINT('',#2133);
#648=VERTEX_POINT('',#2140);
#649=VERTEX_POINT('',#2142);
#650=VERTEX_POINT('',#2146);
#651=VERTEX_POINT('',#2148);
#652=VERTEX_POINT('',#2213);
#653=VERTEX_POINT('',#2245);
#654=VERTEX_POINT('',#2279);
#655=VERTEX_POINT('',#2281);
#656=VERTEX_POINT('',#2285);
#657=VERTEX_POINT('',#2287);
#658=VERTEX_POINT('',#2291);
#659=VERTEX_POINT('',#2293);
#660=EDGE_CURVE('',#544,#544,#458,.T.);
#661=EDGE_CURVE('',#544,#545,#286,.T.);
#662=EDGE_CURVE('',#545,#545,#459,.T.);
#663=EDGE_CURVE('',#546,#546,#460,.T.);
#664=EDGE_CURVE('',#546,#547,#287,.T.);
#665=EDGE_CURVE('',#547,#547,#461,.T.);
#666=EDGE_CURVE('',#548,#548,#462,.T.);
#667=EDGE_CURVE('',#548,#549,#288,.T.);
#668=EDGE_CURVE('',#549,#549,#463,.T.);
#669=EDGE_CURVE('',#550,#550,#464,.T.);
#670=EDGE_CURVE('',#550,#551,#289,.T.);
#671=EDGE_CURVE('',#551,#551,#465,.T.);
#672=EDGE_CURVE('',#552,#552,#466,.T.);
#673=EDGE_CURVE('',#552,#553,#290,.T.);
#674=EDGE_CURVE('',#553,#553,#467,.T.);
#675=EDGE_CURVE('',#554,#554,#468,.T.);
#676=EDGE_CURVE('',#554,#555,#291,.T.);
#677=EDGE_CURVE('',#555,#555,#469,.T.);
#678=EDGE_CURVE('',#556,#557,#470,.T.);
#679=EDGE_CURVE('',#558,#557,#292,.T.);
#680=EDGE_CURVE('',#559,#558,#471,.T.);
#681=EDGE_CURVE('',#556,#559,#293,.T.);
#682=EDGE_CURVE('',#557,#560,#294,.T.);
#683=EDGE_CURVE('',#560,#561,#295,.T.);
#684=EDGE_CURVE('',#558,#561,#296,.T.);
#685=EDGE_CURVE('',#562,#559,#297,.T.);
#686=EDGE_CURVE('',#563,#562,#298,.T.);
#687=EDGE_CURVE('',#563,#556,#299,.T.);
#688=EDGE_CURVE('',#564,#565,#472,.T.);
#689=EDGE_CURVE('',#566,#565,#300,.T.);
#690=EDGE_CURVE('',#567,#566,#473,.T.);
#691=EDGE_CURVE('',#564,#567,#301,.T.);
#692=EDGE_CURVE('',#565,#568,#302,.T.);
#693=EDGE_CURVE('',#568,#569,#303,.T.);
#694=EDGE_CURVE('',#566,#569,#304,.T.);
#695=EDGE_CURVE('',#570,#567,#305,.T.);
#696=EDGE_CURVE('',#571,#570,#306,.T.);
#697=EDGE_CURVE('',#571,#564,#307,.T.);
#698=EDGE_CURVE('',#572,#572,#474,.T.);
#699=EDGE_CURVE('',#572,#573,#308,.T.);
#700=EDGE_CURVE('',#573,#573,#475,.T.);
#701=EDGE_CURVE('',#574,#574,#476,.T.);
#702=EDGE_CURVE('',#574,#575,#309,.T.);
#703=EDGE_CURVE('',#575,#575,#477,.T.);
#704=EDGE_CURVE('',#576,#576,#478,.T.);
#705=EDGE_CURVE('',#576,#577,#310,.T.);
#706=EDGE_CURVE('',#577,#577,#479,.T.);
#707=EDGE_CURVE('',#578,#578,#480,.F.);
#708=EDGE_CURVE('',#578,#579,#311,.T.);
#709=EDGE_CURVE('',#579,#579,#481,.F.);
#710=EDGE_CURVE('',#580,#580,#482,.T.);
#711=EDGE_CURVE('',#580,#581,#312,.T.);
#712=EDGE_CURVE('',#581,#581,#483,.T.);
#713=EDGE_CURVE('',#582,#582,#484,.T.);
#714=EDGE_CURVE('',#582,#583,#313,.T.);
#715=EDGE_CURVE('',#583,#583,#485,.T.);
#716=EDGE_CURVE('',#584,#584,#486,.T.);
#717=EDGE_CURVE('',#584,#585,#314,.T.);
#718=EDGE_CURVE('',#585,#585,#487,.T.);
#719=EDGE_CURVE('',#586,#586,#488,.T.);
#720=EDGE_CURVE('',#586,#587,#315,.T.);
#721=EDGE_CURVE('',#587,#587,#489,.T.);
#722=EDGE_CURVE('',#588,#588,#490,.F.);
#723=EDGE_CURVE('',#588,#589,#316,.T.);
#724=EDGE_CURVE('',#589,#589,#491,.F.);
#725=EDGE_CURVE('',#590,#590,#492,.T.);
#726=EDGE_CURVE('',#590,#591,#317,.T.);
#727=EDGE_CURVE('',#591,#591,#493,.T.);
#728=EDGE_CURVE('',#592,#592,#494,.T.);
#729=EDGE_CURVE('',#592,#593,#318,.T.);
#730=EDGE_CURVE('',#593,#593,#495,.T.);
#731=EDGE_CURVE('',#594,#594,#496,.T.);
#732=EDGE_CURVE('',#594,#595,#319,.T.);
#733=EDGE_CURVE('',#595,#595,#497,.T.);
#734=EDGE_CURVE('',#596,#596,#498,.T.);
#735=EDGE_CURVE('',#596,#597,#320,.T.);
#736=EDGE_CURVE('',#597,#597,#499,.T.);
#737=EDGE_CURVE('',#598,#598,#500,.T.);
#738=EDGE_CURVE('',#598,#599,#321,.T.);
#739=EDGE_CURVE('',#599,#599,#501,.T.);
#740=EDGE_CURVE('',#600,#600,#502,.T.);
#741=EDGE_CURVE('',#600,#601,#322,.T.);
#742=EDGE_CURVE('',#601,#601,#503,.T.);
#743=EDGE_CURVE('',#602,#602,#504,.T.);
#744=EDGE_CURVE('',#602,#603,#323,.T.);
#745=EDGE_CURVE('',#603,#603,#505,.T.);
#746=EDGE_CURVE('',#604,#604,#506,.T.);
#747=EDGE_CURVE('',#604,#605,#324,.T.);
#748=EDGE_CURVE('',#605,#605,#507,.T.);
#749=EDGE_CURVE('',#606,#606,#508,.T.);
#750=EDGE_CURVE('',#606,#607,#325,.T.);
#751=EDGE_CURVE('',#607,#607,#509,.T.);
#752=EDGE_CURVE('',#608,#608,#510,.F.);
#753=EDGE_CURVE('',#608,#609,#326,.T.);
#754=EDGE_CURVE('',#609,#609,#511,.F.);
#755=EDGE_CURVE('',#610,#610,#512,.F.);
#756=EDGE_CURVE('',#610,#611,#327,.T.);
#757=EDGE_CURVE('',#611,#611,#513,.F.);
#758=EDGE_CURVE('',#612,#612,#514,.T.);
#759=EDGE_CURVE('',#612,#613,#328,.T.);
#760=EDGE_CURVE('',#613,#613,#515,.T.);
#761=EDGE_CURVE('',#614,#614,#516,.T.);
#762=EDGE_CURVE('',#614,#615,#329,.T.);
#763=EDGE_CURVE('',#615,#615,#517,.T.);
#764=EDGE_CURVE('',#616,#616,#518,.T.);
#765=EDGE_CURVE('',#616,#617,#330,.T.);
#766=EDGE_CURVE('',#617,#617,#519,.T.);
#767=EDGE_CURVE('',#618,#618,#520,.T.);
#768=EDGE_CURVE('',#618,#619,#331,.T.);
#769=EDGE_CURVE('',#619,#619,#521,.T.);
#770=EDGE_CURVE('',#620,#621,#522,.T.);
#771=EDGE_CURVE('',#621,#622,#332,.T.);
#772=EDGE_CURVE('',#623,#622,#523,.T.);
#773=EDGE_CURVE('',#620,#623,#333,.T.);
#774=EDGE_CURVE('',#560,#620,#524,.T.);
#775=EDGE_CURVE('',#561,#623,#525,.T.);
#776=EDGE_CURVE('',#624,#563,#526,.T.);
#777=EDGE_CURVE('',#625,#562,#527,.T.);
#778=EDGE_CURVE('',#624,#625,#334,.T.);
#779=EDGE_CURVE('',#621,#624,#335,.T.);
#780=EDGE_CURVE('',#622,#625,#336,.T.);
#781=EDGE_CURVE('',#626,#626,#528,.T.);
#782=EDGE_CURVE('',#626,#627,#337,.T.);
#783=EDGE_CURVE('',#627,#627,#529,.T.);
#784=EDGE_CURVE('',#628,#629,#530,.T.);
#785=EDGE_CURVE('',#628,#630,#338,.T.);
#786=EDGE_CURVE('',#631,#630,#531,.T.);
#787=EDGE_CURVE('',#629,#631,#339,.T.);
#788=EDGE_CURVE('',#629,#632,#340,.T.);
#789=EDGE_CURVE('',#633,#631,#341,.T.);
#790=EDGE_CURVE('',#632,#633,#342,.T.);
#791=EDGE_CURVE('',#634,#632,#343,.T.);
#792=EDGE_CURVE('',#635,#633,#344,.T.);
#793=EDGE_CURVE('',#634,#635,#345,.T.);
#794=EDGE_CURVE('',#636,#634,#532,.T.);
#795=EDGE_CURVE('',#637,#635,#533,.T.);
#796=EDGE_CURVE('',#636,#637,#346,.T.);
#797=EDGE_CURVE('',#638,#636,#347,.T.);
#798=EDGE_CURVE('',#639,#637,#348,.T.);
#799=EDGE_CURVE('',#638,#639,#349,.T.);
#800=EDGE_CURVE('',#640,#638,#534,.T.);
#801=EDGE_CURVE('',#641,#639,#535,.T.);
#802=EDGE_CURVE('',#640,#641,#350,.T.);
#803=EDGE_CURVE('',#642,#640,#351,.T.);
#804=EDGE_CURVE('',#643,#641,#352,.T.);
#805=EDGE_CURVE('',#642,#643,#353,.T.);
#806=EDGE_CURVE('',#644,#642,#536,.T.);
#807=EDGE_CURVE('',#645,#643,#537,.T.);
#808=EDGE_CURVE('',#644,#645,#354,.T.);
#809=EDGE_CURVE('',#646,#644,#355,.T.);
#810=EDGE_CURVE('',#647,#645,#356,.T.);
#811=EDGE_CURVE('',#646,#647,#357,.T.);
#812=EDGE_CURVE('',#568,#646,#538,.T.);
#813=EDGE_CURVE('',#569,#647,#539,.T.);
#814=EDGE_CURVE('',#648,#571,#540,.T.);
#815=EDGE_CURVE('',#649,#570,#541,.T.);
#816=EDGE_CURVE('',#648,#649,#358,.T.);
#817=EDGE_CURVE('',#648,#650,#359,.T.);
#818=EDGE_CURVE('',#651,#649,#360,.T.);
#819=EDGE_CURVE('',#650,#651,#361,.T.);
#820=EDGE_CURVE('',#650,#652,#83,.T.);
#821=EDGE_CURVE('',#653,#651,#84,.T.);
#822=EDGE_CURVE('',#652,#653,#362,.T.);
#823=EDGE_CURVE('',#652,#654,#363,.T.);
#824=EDGE_CURVE('',#655,#653,#364,.T.);
#825=EDGE_CURVE('',#654,#655,#365,.T.);
#826=EDGE_CURVE('',#656,#654,#542,.T.);
#827=EDGE_CURVE('',#657,#655,#543,.T.);
#828=EDGE_CURVE('',#656,#657,#366,.T.);
#829=EDGE_CURVE('',#658,#656,#367,.T.);
#830=EDGE_CURVE('',#659,#657,#368,.T.);
#831=EDGE_CURVE('',#658,#659,#369,.T.);
#832=EDGE_CURVE('',#628,#658,#370,.T.);
#833=EDGE_CURVE('',#630,#659,#371,.T.);
#834=ORIENTED_EDGE('',*,*,#660,.F.);
#835=ORIENTED_EDGE('',*,*,#661,.T.);
#836=ORIENTED_EDGE('',*,*,#662,.F.);
#837=ORIENTED_EDGE('',*,*,#661,.F.);
#838=ORIENTED_EDGE('',*,*,#663,.F.);
#839=ORIENTED_EDGE('',*,*,#664,.T.);
#840=ORIENTED_EDGE('',*,*,#665,.F.);
#841=ORIENTED_EDGE('',*,*,#664,.F.);
#842=ORIENTED_EDGE('',*,*,#666,.F.);
#843=ORIENTED_EDGE('',*,*,#667,.T.);
#844=ORIENTED_EDGE('',*,*,#668,.F.);
#845=ORIENTED_EDGE('',*,*,#667,.F.);
#846=ORIENTED_EDGE('',*,*,#669,.F.);
#847=ORIENTED_EDGE('',*,*,#670,.T.);
#848=ORIENTED_EDGE('',*,*,#671,.F.);
#849=ORIENTED_EDGE('',*,*,#670,.F.);
#850=ORIENTED_EDGE('',*,*,#672,.F.);
#851=ORIENTED_EDGE('',*,*,#673,.T.);
#852=ORIENTED_EDGE('',*,*,#674,.F.);
#853=ORIENTED_EDGE('',*,*,#673,.F.);
#854=ORIENTED_EDGE('',*,*,#675,.F.);
#855=ORIENTED_EDGE('',*,*,#676,.T.);
#856=ORIENTED_EDGE('',*,*,#677,.F.);
#857=ORIENTED_EDGE('',*,*,#676,.F.);
#858=ORIENTED_EDGE('',*,*,#678,.T.);
#859=ORIENTED_EDGE('',*,*,#679,.F.);
#860=ORIENTED_EDGE('',*,*,#680,.F.);
#861=ORIENTED_EDGE('',*,*,#681,.F.);
#862=ORIENTED_EDGE('',*,*,#679,.T.);
#863=ORIENTED_EDGE('',*,*,#682,.T.);
#864=ORIENTED_EDGE('',*,*,#683,.T.);
#865=ORIENTED_EDGE('',*,*,#684,.F.);
#866=ORIENTED_EDGE('',*,*,#681,.T.);
#867=ORIENTED_EDGE('',*,*,#685,.F.);
#868=ORIENTED_EDGE('',*,*,#686,.F.);
#869=ORIENTED_EDGE('',*,*,#687,.T.);
#870=ORIENTED_EDGE('',*,*,#688,.T.);
#871=ORIENTED_EDGE('',*,*,#689,.F.);
#872=ORIENTED_EDGE('',*,*,#690,.F.);
#873=ORIENTED_EDGE('',*,*,#691,.F.);
#874=ORIENTED_EDGE('',*,*,#689,.T.);
#875=ORIENTED_EDGE('',*,*,#692,.T.);
#876=ORIENTED_EDGE('',*,*,#693,.T.);
#877=ORIENTED_EDGE('',*,*,#694,.F.);
#878=ORIENTED_EDGE('',*,*,#691,.T.);
#879=ORIENTED_EDGE('',*,*,#695,.F.);
#880=ORIENTED_EDGE('',*,*,#696,.F.);
#881=ORIENTED_EDGE('',*,*,#697,.T.);
#882=ORIENTED_EDGE('',*,*,#698,.F.);
#883=ORIENTED_EDGE('',*,*,#699,.T.);
#884=ORIENTED_EDGE('',*,*,#700,.F.);
#885=ORIENTED_EDGE('',*,*,#699,.F.);
#886=ORIENTED_EDGE('',*,*,#701,.F.);
#887=ORIENTED_EDGE('',*,*,#702,.T.);
#888=ORIENTED_EDGE('',*,*,#703,.T.);
#889=ORIENTED_EDGE('',*,*,#702,.F.);
#890=ORIENTED_EDGE('',*,*,#704,.F.);
#891=ORIENTED_EDGE('',*,*,#705,.T.);
#892=ORIENTED_EDGE('',*,*,#706,.T.);
#893=ORIENTED_EDGE('',*,*,#705,.F.);
#894=ORIENTED_EDGE('',*,*,#707,.F.);
#895=ORIENTED_EDGE('',*,*,#708,.T.);
#896=ORIENTED_EDGE('',*,*,#709,.T.);
#897=ORIENTED_EDGE('',*,*,#708,.F.);
#898=ORIENTED_EDGE('',*,*,#710,.F.);
#899=ORIENTED_EDGE('',*,*,#711,.T.);
#900=ORIENTED_EDGE('',*,*,#712,.T.);
#901=ORIENTED_EDGE('',*,*,#711,.F.);
#902=ORIENTED_EDGE('',*,*,#713,.F.);
#903=ORIENTED_EDGE('',*,*,#714,.T.);
#904=ORIENTED_EDGE('',*,*,#715,.T.);
#905=ORIENTED_EDGE('',*,*,#714,.F.);
#906=ORIENTED_EDGE('',*,*,#716,.F.);
#907=ORIENTED_EDGE('',*,*,#717,.T.);
#908=ORIENTED_EDGE('',*,*,#718,.T.);
#909=ORIENTED_EDGE('',*,*,#717,.F.);
#910=ORIENTED_EDGE('',*,*,#719,.F.);
#911=ORIENTED_EDGE('',*,*,#720,.T.);
#912=ORIENTED_EDGE('',*,*,#721,.T.);
#913=ORIENTED_EDGE('',*,*,#720,.F.);
#914=ORIENTED_EDGE('',*,*,#722,.F.);
#915=ORIENTED_EDGE('',*,*,#723,.T.);
#916=ORIENTED_EDGE('',*,*,#724,.T.);
#917=ORIENTED_EDGE('',*,*,#723,.F.);
#918=ORIENTED_EDGE('',*,*,#725,.F.);
#919=ORIENTED_EDGE('',*,*,#726,.T.);
#920=ORIENTED_EDGE('',*,*,#727,.T.);
#921=ORIENTED_EDGE('',*,*,#726,.F.);
#922=ORIENTED_EDGE('',*,*,#728,.F.);
#923=ORIENTED_EDGE('',*,*,#729,.T.);
#924=ORIENTED_EDGE('',*,*,#730,.T.);
#925=ORIENTED_EDGE('',*,*,#729,.F.);
#926=ORIENTED_EDGE('',*,*,#731,.F.);
#927=ORIENTED_EDGE('',*,*,#732,.T.);
#928=ORIENTED_EDGE('',*,*,#733,.T.);
#929=ORIENTED_EDGE('',*,*,#732,.F.);
#930=ORIENTED_EDGE('',*,*,#734,.F.);
#931=ORIENTED_EDGE('',*,*,#735,.T.);
#932=ORIENTED_EDGE('',*,*,#736,.T.);
#933=ORIENTED_EDGE('',*,*,#735,.F.);
#934=ORIENTED_EDGE('',*,*,#737,.F.);
#935=ORIENTED_EDGE('',*,*,#738,.T.);
#936=ORIENTED_EDGE('',*,*,#739,.T.);
#937=ORIENTED_EDGE('',*,*,#738,.F.);
#938=ORIENTED_EDGE('',*,*,#740,.F.);
#939=ORIENTED_EDGE('',*,*,#741,.T.);
#940=ORIENTED_EDGE('',*,*,#742,.T.);
#941=ORIENTED_EDGE('',*,*,#741,.F.);
#942=ORIENTED_EDGE('',*,*,#743,.F.);
#943=ORIENTED_EDGE('',*,*,#744,.T.);
#944=ORIENTED_EDGE('',*,*,#745,.T.);
#945=ORIENTED_EDGE('',*,*,#744,.F.);
#946=ORIENTED_EDGE('',*,*,#746,.F.);
#947=ORIENTED_EDGE('',*,*,#747,.T.);
#948=ORIENTED_EDGE('',*,*,#748,.T.);
#949=ORIENTED_EDGE('',*,*,#747,.F.);
#950=ORIENTED_EDGE('',*,*,#749,.F.);
#951=ORIENTED_EDGE('',*,*,#750,.T.);
#952=ORIENTED_EDGE('',*,*,#751,.T.);
#953=ORIENTED_EDGE('',*,*,#750,.F.);
#954=ORIENTED_EDGE('',*,*,#752,.F.);
#955=ORIENTED_EDGE('',*,*,#753,.T.);
#956=ORIENTED_EDGE('',*,*,#754,.T.);
#957=ORIENTED_EDGE('',*,*,#753,.F.);
#958=ORIENTED_EDGE('',*,*,#755,.F.);
#959=ORIENTED_EDGE('',*,*,#756,.T.);
#960=ORIENTED_EDGE('',*,*,#757,.T.);
#961=ORIENTED_EDGE('',*,*,#756,.F.);
#962=ORIENTED_EDGE('',*,*,#758,.F.);
#963=ORIENTED_EDGE('',*,*,#759,.T.);
#964=ORIENTED_EDGE('',*,*,#760,.T.);
#965=ORIENTED_EDGE('',*,*,#759,.F.);
#966=ORIENTED_EDGE('',*,*,#761,.F.);
#967=ORIENTED_EDGE('',*,*,#762,.T.);
#968=ORIENTED_EDGE('',*,*,#763,.T.);
#969=ORIENTED_EDGE('',*,*,#762,.F.);
#970=ORIENTED_EDGE('',*,*,#764,.F.);
#971=ORIENTED_EDGE('',*,*,#765,.T.);
#972=ORIENTED_EDGE('',*,*,#766,.T.);
#973=ORIENTED_EDGE('',*,*,#765,.F.);
#974=ORIENTED_EDGE('',*,*,#767,.F.);
#975=ORIENTED_EDGE('',*,*,#768,.T.);
#976=ORIENTED_EDGE('',*,*,#769,.T.);
#977=ORIENTED_EDGE('',*,*,#768,.F.);
#978=ORIENTED_EDGE('',*,*,#770,.T.);
#979=ORIENTED_EDGE('',*,*,#771,.T.);
#980=ORIENTED_EDGE('',*,*,#772,.F.);
#981=ORIENTED_EDGE('',*,*,#773,.F.);
#982=ORIENTED_EDGE('',*,*,#774,.T.);
#983=ORIENTED_EDGE('',*,*,#773,.T.);
#984=ORIENTED_EDGE('',*,*,#775,.F.);
#985=ORIENTED_EDGE('',*,*,#683,.F.);
#986=ORIENTED_EDGE('',*,*,#776,.T.);
#987=ORIENTED_EDGE('',*,*,#686,.T.);
#988=ORIENTED_EDGE('',*,*,#777,.F.);
#989=ORIENTED_EDGE('',*,*,#778,.F.);
#990=ORIENTED_EDGE('',*,*,#779,.T.);
#991=ORIENTED_EDGE('',*,*,#778,.T.);
#992=ORIENTED_EDGE('',*,*,#780,.F.);
#993=ORIENTED_EDGE('',*,*,#771,.F.);
#994=ORIENTED_EDGE('',*,*,#781,.F.);
#995=ORIENTED_EDGE('',*,*,#782,.T.);
#996=ORIENTED_EDGE('',*,*,#783,.T.);
#997=ORIENTED_EDGE('',*,*,#782,.F.);
#998=ORIENTED_EDGE('',*,*,#784,.F.);
#999=ORIENTED_EDGE('',*,*,#785,.T.);
#1000=ORIENTED_EDGE('',*,*,#786,.F.);
#1001=ORIENTED_EDGE('',*,*,#787,.F.);
#1002=ORIENTED_EDGE('',*,*,#788,.F.);
#1003=ORIENTED_EDGE('',*,*,#787,.T.);
#1004=ORIENTED_EDGE('',*,*,#789,.F.);
#1005=ORIENTED_EDGE('',*,*,#790,.F.);
#1006=ORIENTED_EDGE('',*,*,#791,.T.);
#1007=ORIENTED_EDGE('',*,*,#790,.T.);
#1008=ORIENTED_EDGE('',*,*,#792,.F.);
#1009=ORIENTED_EDGE('',*,*,#793,.F.);
#1010=ORIENTED_EDGE('',*,*,#794,.T.);
#1011=ORIENTED_EDGE('',*,*,#793,.T.);
#1012=ORIENTED_EDGE('',*,*,#795,.F.);
#1013=ORIENTED_EDGE('',*,*,#796,.F.);
#1014=ORIENTED_EDGE('',*,*,#797,.T.);
#1015=ORIENTED_EDGE('',*,*,#796,.T.);
#1016=ORIENTED_EDGE('',*,*,#798,.F.);
#1017=ORIENTED_EDGE('',*,*,#799,.F.);
#1018=ORIENTED_EDGE('',*,*,#800,.T.);
#1019=ORIENTED_EDGE('',*,*,#799,.T.);
#1020=ORIENTED_EDGE('',*,*,#801,.F.);
#1021=ORIENTED_EDGE('',*,*,#802,.F.);
#1022=ORIENTED_EDGE('',*,*,#803,.T.);
#1023=ORIENTED_EDGE('',*,*,#802,.T.);
#1024=ORIENTED_EDGE('',*,*,#804,.F.);
#1025=ORIENTED_EDGE('',*,*,#805,.F.);
#1026=ORIENTED_EDGE('',*,*,#806,.T.);
#1027=ORIENTED_EDGE('',*,*,#805,.T.);
#1028=ORIENTED_EDGE('',*,*,#807,.F.);
#1029=ORIENTED_EDGE('',*,*,#808,.F.);
#1030=ORIENTED_EDGE('',*,*,#809,.T.);
#1031=ORIENTED_EDGE('',*,*,#808,.T.);
#1032=ORIENTED_EDGE('',*,*,#810,.F.);
#1033=ORIENTED_EDGE('',*,*,#811,.F.);
#1034=ORIENTED_EDGE('',*,*,#812,.T.);
#1035=ORIENTED_EDGE('',*,*,#811,.T.);
#1036=ORIENTED_EDGE('',*,*,#813,.F.);
#1037=ORIENTED_EDGE('',*,*,#693,.F.);
#1038=ORIENTED_EDGE('',*,*,#814,.T.);
#1039=ORIENTED_EDGE('',*,*,#696,.T.);
#1040=ORIENTED_EDGE('',*,*,#815,.F.);
#1041=ORIENTED_EDGE('',*,*,#816,.F.);
#1042=ORIENTED_EDGE('',*,*,#817,.F.);
#1043=ORIENTED_EDGE('',*,*,#816,.T.);
#1044=ORIENTED_EDGE('',*,*,#818,.F.);
#1045=ORIENTED_EDGE('',*,*,#819,.F.);
#1046=ORIENTED_EDGE('',*,*,#820,.F.);
#1047=ORIENTED_EDGE('',*,*,#819,.T.);
#1048=ORIENTED_EDGE('',*,*,#821,.F.);
#1049=ORIENTED_EDGE('',*,*,#822,.F.);
#1050=ORIENTED_EDGE('',*,*,#823,.F.);
#1051=ORIENTED_EDGE('',*,*,#822,.T.);
#1052=ORIENTED_EDGE('',*,*,#824,.F.);
#1053=ORIENTED_EDGE('',*,*,#825,.F.);
#1054=ORIENTED_EDGE('',*,*,#826,.T.);
#1055=ORIENTED_EDGE('',*,*,#825,.T.);
#1056=ORIENTED_EDGE('',*,*,#827,.F.);
#1057=ORIENTED_EDGE('',*,*,#828,.F.);
#1058=ORIENTED_EDGE('',*,*,#829,.T.);
#1059=ORIENTED_EDGE('',*,*,#828,.T.);
#1060=ORIENTED_EDGE('',*,*,#830,.F.);
#1061=ORIENTED_EDGE('',*,*,#831,.F.);
#1062=ORIENTED_EDGE('',*,*,#832,.T.);
#1063=ORIENTED_EDGE('',*,*,#831,.T.);
#1064=ORIENTED_EDGE('',*,*,#833,.F.);
#1065=ORIENTED_EDGE('',*,*,#785,.F.);
#1066=ORIENTED_EDGE('',*,*,#833,.T.);
#1067=ORIENTED_EDGE('',*,*,#830,.T.);
#1068=ORIENTED_EDGE('',*,*,#827,.T.);
#1069=ORIENTED_EDGE('',*,*,#824,.T.);
#1070=ORIENTED_EDGE('',*,*,#821,.T.);
#1071=ORIENTED_EDGE('',*,*,#818,.T.);
#1072=ORIENTED_EDGE('',*,*,#815,.T.);
#1073=ORIENTED_EDGE('',*,*,#695,.T.);
#1074=ORIENTED_EDGE('',*,*,#690,.T.);
#1075=ORIENTED_EDGE('',*,*,#694,.T.);
#1076=ORIENTED_EDGE('',*,*,#813,.T.);
#1077=ORIENTED_EDGE('',*,*,#810,.T.);
#1078=ORIENTED_EDGE('',*,*,#807,.T.);
#1079=ORIENTED_EDGE('',*,*,#804,.T.);
#1080=ORIENTED_EDGE('',*,*,#801,.T.);
#1081=ORIENTED_EDGE('',*,*,#798,.T.);
#1082=ORIENTED_EDGE('',*,*,#795,.T.);
#1083=ORIENTED_EDGE('',*,*,#792,.T.);
#1084=ORIENTED_EDGE('',*,*,#789,.T.);
#1085=ORIENTED_EDGE('',*,*,#786,.T.);
#1086=ORIENTED_EDGE('',*,*,#663,.T.);
#1087=ORIENTED_EDGE('',*,*,#669,.T.);
#1088=ORIENTED_EDGE('',*,*,#675,.T.);
#1089=ORIENTED_EDGE('',*,*,#701,.T.);
#1090=ORIENTED_EDGE('',*,*,#704,.T.);
#1091=ORIENTED_EDGE('',*,*,#707,.T.);
#1092=ORIENTED_EDGE('',*,*,#710,.T.);
#1093=ORIENTED_EDGE('',*,*,#713,.T.);
#1094=ORIENTED_EDGE('',*,*,#716,.T.);
#1095=ORIENTED_EDGE('',*,*,#719,.T.);
#1096=ORIENTED_EDGE('',*,*,#722,.T.);
#1097=ORIENTED_EDGE('',*,*,#725,.T.);
#1098=ORIENTED_EDGE('',*,*,#728,.T.);
#1099=ORIENTED_EDGE('',*,*,#731,.T.);
#1100=ORIENTED_EDGE('',*,*,#734,.T.);
#1101=ORIENTED_EDGE('',*,*,#737,.T.);
#1102=ORIENTED_EDGE('',*,*,#740,.T.);
#1103=ORIENTED_EDGE('',*,*,#743,.T.);
#1104=ORIENTED_EDGE('',*,*,#746,.T.);
#1105=ORIENTED_EDGE('',*,*,#749,.T.);
#1106=ORIENTED_EDGE('',*,*,#752,.T.);
#1107=ORIENTED_EDGE('',*,*,#755,.T.);
#1108=ORIENTED_EDGE('',*,*,#758,.T.);
#1109=ORIENTED_EDGE('',*,*,#761,.T.);
#1110=ORIENTED_EDGE('',*,*,#764,.T.);
#1111=ORIENTED_EDGE('',*,*,#767,.T.);
#1112=ORIENTED_EDGE('',*,*,#780,.T.);
#1113=ORIENTED_EDGE('',*,*,#777,.T.);
#1114=ORIENTED_EDGE('',*,*,#685,.T.);
#1115=ORIENTED_EDGE('',*,*,#680,.T.);
#1116=ORIENTED_EDGE('',*,*,#684,.T.);
#1117=ORIENTED_EDGE('',*,*,#775,.T.);
#1118=ORIENTED_EDGE('',*,*,#772,.T.);
#1119=ORIENTED_EDGE('',*,*,#781,.T.);
#1120=ORIENTED_EDGE('',*,*,#700,.T.);
#1121=ORIENTED_EDGE('',*,*,#672,.T.);
#1122=ORIENTED_EDGE('',*,*,#666,.T.);
#1123=ORIENTED_EDGE('',*,*,#660,.T.);
#1124=ORIENTED_EDGE('',*,*,#832,.F.);
#1125=ORIENTED_EDGE('',*,*,#784,.T.);
#1126=ORIENTED_EDGE('',*,*,#788,.T.);
#1127=ORIENTED_EDGE('',*,*,#791,.F.);
#1128=ORIENTED_EDGE('',*,*,#794,.F.);
#1129=ORIENTED_EDGE('',*,*,#797,.F.);
#1130=ORIENTED_EDGE('',*,*,#800,.F.);
#1131=ORIENTED_EDGE('',*,*,#803,.F.);
#1132=ORIENTED_EDGE('',*,*,#806,.F.);
#1133=ORIENTED_EDGE('',*,*,#809,.F.);
#1134=ORIENTED_EDGE('',*,*,#812,.F.);
#1135=ORIENTED_EDGE('',*,*,#692,.F.);
#1136=ORIENTED_EDGE('',*,*,#688,.F.);
#1137=ORIENTED_EDGE('',*,*,#697,.F.);
#1138=ORIENTED_EDGE('',*,*,#814,.F.);
#1139=ORIENTED_EDGE('',*,*,#817,.T.);
#1140=ORIENTED_EDGE('',*,*,#820,.T.);
#1141=ORIENTED_EDGE('',*,*,#823,.T.);
#1142=ORIENTED_EDGE('',*,*,#826,.F.);
#1143=ORIENTED_EDGE('',*,*,#829,.F.);
#1144=ORIENTED_EDGE('',*,*,#665,.T.);
#1145=ORIENTED_EDGE('',*,*,#671,.T.);
#1146=ORIENTED_EDGE('',*,*,#677,.T.);
#1147=ORIENTED_EDGE('',*,*,#703,.F.);
#1148=ORIENTED_EDGE('',*,*,#706,.F.);
#1149=ORIENTED_EDGE('',*,*,#709,.F.);
#1150=ORIENTED_EDGE('',*,*,#712,.F.);
#1151=ORIENTED_EDGE('',*,*,#715,.F.);
#1152=ORIENTED_EDGE('',*,*,#718,.F.);
#1153=ORIENTED_EDGE('',*,*,#721,.F.);
#1154=ORIENTED_EDGE('',*,*,#724,.F.);
#1155=ORIENTED_EDGE('',*,*,#727,.F.);
#1156=ORIENTED_EDGE('',*,*,#730,.F.);
#1157=ORIENTED_EDGE('',*,*,#733,.F.);
#1158=ORIENTED_EDGE('',*,*,#736,.F.);
#1159=ORIENTED_EDGE('',*,*,#739,.F.);
#1160=ORIENTED_EDGE('',*,*,#742,.F.);
#1161=ORIENTED_EDGE('',*,*,#745,.F.);
#1162=ORIENTED_EDGE('',*,*,#748,.F.);
#1163=ORIENTED_EDGE('',*,*,#751,.F.);
#1164=ORIENTED_EDGE('',*,*,#754,.F.);
#1165=ORIENTED_EDGE('',*,*,#757,.F.);
#1166=ORIENTED_EDGE('',*,*,#760,.F.);
#1167=ORIENTED_EDGE('',*,*,#763,.F.);
#1168=ORIENTED_EDGE('',*,*,#766,.F.);
#1169=ORIENTED_EDGE('',*,*,#769,.F.);
#1170=ORIENTED_EDGE('',*,*,#779,.F.);
#1171=ORIENTED_EDGE('',*,*,#770,.F.);
#1172=ORIENTED_EDGE('',*,*,#774,.F.);
#1173=ORIENTED_EDGE('',*,*,#682,.F.);
#1174=ORIENTED_EDGE('',*,*,#678,.F.);
#1175=ORIENTED_EDGE('',*,*,#687,.F.);
#1176=ORIENTED_EDGE('',*,*,#776,.F.);
#1177=ORIENTED_EDGE('',*,*,#783,.F.);
#1178=ORIENTED_EDGE('',*,*,#698,.T.);
#1179=ORIENTED_EDGE('',*,*,#674,.T.);
#1180=ORIENTED_EDGE('',*,*,#668,.T.);
#1181=ORIENTED_EDGE('',*,*,#662,.T.);
#1182=CYLINDRICAL_SURFACE('',#1300,1.65);
#1183=CYLINDRICAL_SURFACE('',#1303,1.65);
#1184=CYLINDRICAL_SURFACE('',#1306,1.65);
#1185=CYLINDRICAL_SURFACE('',#1309,1.64999999999999);
#1186=CYLINDRICAL_SURFACE('',#1312,1.65);
#1187=CYLINDRICAL_SURFACE('',#1315,1.65);
#1188=CYLINDRICAL_SURFACE('',#1318,5.99999999999998);
#1189=CYLINDRICAL_SURFACE('',#1323,5.99999999999998);
#1190=CYLINDRICAL_SURFACE('',#1328,1.6);
#1191=CYLINDRICAL_SURFACE('',#1331,42.5);
#1192=CYLINDRICAL_SURFACE('',#1334,3.99999999999842);
#1193=CYLINDRICAL_SURFACE('',#1337,1.65);
#1194=CYLINDRICAL_SURFACE('',#1340,1.6);
#1195=CYLINDRICAL_SURFACE('',#1343,3.99999999999842);
#1196=CYLINDRICAL_SURFACE('',#1346,3.99999999999851);
#1197=CYLINDRICAL_SURFACE('',#1349,2.10000000000001);
#1198=CYLINDRICAL_SURFACE('',#1352,1.65);
#1199=CYLINDRICAL_SURFACE('',#1355,4.00000000000222);
#1200=CYLINDRICAL_SURFACE('',#1358,1.6);
#1201=CYLINDRICAL_SURFACE('',#1361,2.10000000000001);
#1202=CYLINDRICAL_SURFACE('',#1364,2.1);
#1203=CYLINDRICAL_SURFACE('',#1367,4.00000000000222);
#1204=CYLINDRICAL_SURFACE('',#1370,1.6);
#1205=CYLINDRICAL_SURFACE('',#1373,42.5);
#1206=CYLINDRICAL_SURFACE('',#1376,2.10000000000001);
#1207=CYLINDRICAL_SURFACE('',#1379,2.10000000000001);
#1208=CYLINDRICAL_SURFACE('',#1382,1.65);
#1209=CYLINDRICAL_SURFACE('',#1385,1.65);
#1210=CYLINDRICAL_SURFACE('',#1388,2.10000000000001);
#1211=CYLINDRICAL_SURFACE('',#1391,4.00000000000221);
#1212=CYLINDRICAL_SURFACE('',#1394,4.0000000000022);
#1213=CYLINDRICAL_SURFACE('',#1397,2.10000000000001);
#1214=CYLINDRICAL_SURFACE('',#1400,52.0000000000046);
#1215=CYLINDRICAL_SURFACE('',#1403,6.);
#1216=CYLINDRICAL_SURFACE('',#1406,52.000000000032);
#1217=CYLINDRICAL_SURFACE('',#1410,2.1);
#1218=CYLINDRICAL_SURFACE('',#1413,3.99999999999888);
#1219=CYLINDRICAL_SURFACE('',#1418,54.799989619032);
#1220=CYLINDRICAL_SURFACE('',#1422,54.7999896190314);
#1221=CYLINDRICAL_SURFACE('',#1426,54.7999896190332);
#1222=CYLINDRICAL_SURFACE('',#1430,54.7999896190228);
#1223=CYLINDRICAL_SURFACE('',#1433,54.7999901396061);
#1224=CYLINDRICAL_SURFACE('',#1438,54.7999896190335);
#1225=ADVANCED_FACE('',(#102),#1182,.F.);
#1226=ADVANCED_FACE('',(#103),#1183,.F.);
#1227=ADVANCED_FACE('',(#104),#1184,.F.);
#1228=ADVANCED_FACE('',(#105),#1185,.F.);
#1229=ADVANCED_FACE('',(#106),#1186,.F.);
#1230=ADVANCED_FACE('',(#107),#1187,.F.);
#1231=ADVANCED_FACE('',(#108),#1188,.T.);
#1232=ADVANCED_FACE('',(#109),#86,.T.);
#1233=ADVANCED_FACE('',(#110),#87,.T.);
#1234=ADVANCED_FACE('',(#111),#1189,.T.);
#1235=ADVANCED_FACE('',(#112),#88,.T.);
#1236=ADVANCED_FACE('',(#113),#89,.T.);
#1237=ADVANCED_FACE('',(#114),#1190,.F.);
#1238=ADVANCED_FACE('',(#115),#1191,.F.);
#1239=ADVANCED_FACE('',(#116),#1192,.F.);
#1240=ADVANCED_FACE('',(#117),#1193,.F.);
#1241=ADVANCED_FACE('',(#118),#1194,.F.);
#1242=ADVANCED_FACE('',(#119),#1195,.F.);
#1243=ADVANCED_FACE('',(#120),#1196,.F.);
#1244=ADVANCED_FACE('',(#121),#1197,.F.);
#1245=ADVANCED_FACE('',(#122),#1198,.F.);
#1246=ADVANCED_FACE('',(#123),#1199,.F.);
#1247=ADVANCED_FACE('',(#124),#1200,.F.);
#1248=ADVANCED_FACE('',(#125),#1201,.F.);
#1249=ADVANCED_FACE('',(#126),#1202,.F.);
#1250=ADVANCED_FACE('',(#127),#1203,.F.);
#1251=ADVANCED_FACE('',(#128),#1204,.F.);
#1252=ADVANCED_FACE('',(#129),#1205,.F.);
#1253=ADVANCED_FACE('',(#130),#1206,.F.);
#1254=ADVANCED_FACE('',(#131),#1207,.F.);
#1255=ADVANCED_FACE('',(#132),#1208,.F.);
#1256=ADVANCED_FACE('',(#133),#1209,.F.);
#1257=ADVANCED_FACE('',(#134),#1210,.F.);
#1258=ADVANCED_FACE('',(#135),#1211,.F.);
#1259=ADVANCED_FACE('',(#136),#1212,.F.);
#1260=ADVANCED_FACE('',(#137),#1213,.F.);
#1261=ADVANCED_FACE('',(#138),#1214,.T.);
#1262=ADVANCED_FACE('',(#139),#1215,.T.);
#1263=ADVANCED_FACE('',(#140),#1216,.T.);
#1264=ADVANCED_FACE('',(#141),#90,.T.);
#1265=ADVANCED_FACE('',(#142),#1217,.F.);
#1266=ADVANCED_FACE('',(#143),#1218,.F.);
#1267=ADVANCED_FACE('',(#144),#91,.T.);
#1268=ADVANCED_FACE('',(#145),#92,.T.);
#1269=ADVANCED_FACE('',(#146),#1219,.T.);
#1270=ADVANCED_FACE('',(#147),#93,.T.);
#1271=ADVANCED_FACE('',(#148),#1220,.T.);
#1272=ADVANCED_FACE('',(#149),#94,.T.);
#1273=ADVANCED_FACE('',(#150),#1221,.T.);
#1274=ADVANCED_FACE('',(#151),#95,.T.);
#1275=ADVANCED_FACE('',(#152),#1222,.T.);
#1276=ADVANCED_FACE('',(#153),#1223,.T.);
#1277=ADVANCED_FACE('',(#154),#96,.T.);
#1278=ADVANCED_FACE('',(#155),#85,.T.);
#1279=ADVANCED_FACE('',(#156),#97,.T.);
#1280=ADVANCED_FACE('',(#157),#1224,.T.);
#1281=ADVANCED_FACE('',(#158),#98,.T.);
#1282=ADVANCED_FACE('',(#159),#99,.T.);
#1283=ADVANCED_FACE('',(#160,#19,#20,#21,#22,#23,#24,#25,#26,#27,#28,#29,
#30,#31,#32,#33,#34,#35,#36,#37,#38,#39,#40,#41,#42,#43,#44,#45,#46,#47,
#48,#49,#50),#100,.T.);
#1284=ADVANCED_FACE('',(#161,#51,#52,#53,#54,#55,#56,#57,#58,#59,#60,#61,
#62,#63,#64,#65,#66,#67,#68,#69,#70,#71,#72,#73,#74,#75,#76,#77,#78,#79,
#80,#81,#82),#101,.F.);
#1285=CLOSED_SHELL('',(#1225,#1226,#1227,#1228,#1229,#1230,#1231,#1232,
#1233,#1234,#1235,#1236,#1237,#1238,#1239,#1240,#1241,#1242,#1243,#1244,
#1245,#1246,#1247,#1248,#1249,#1250,#1251,#1252,#1253,#1254,#1255,#1256,
#1257,#1258,#1259,#1260,#1261,#1262,#1263,#1264,#1265,#1266,#1267,#1268,
#1269,#1270,#1271,#1272,#1273,#1274,#1275,#1276,#1277,#1278,#1279,#1280,
#1281,#1282,#1283,#1284));
#1286=DERIVED_UNIT_ELEMENT(#1288,1.);
#1287=DERIVED_UNIT_ELEMENT(#2309,-3.);
#1288=(
MASS_UNIT()
NAMED_UNIT(*)
SI_UNIT(.KILO.,.GRAM.)
);
#1289=DERIVED_UNIT((#1286,#1287));
#1290=MEASURE_REPRESENTATION_ITEM('density measure',
POSITIVE_RATIO_MEASURE(7850.),#1289);
#1291=PROPERTY_DEFINITION_REPRESENTATION(#1296,#1293);
#1292=PROPERTY_DEFINITION_REPRESENTATION(#1297,#1294);
#1293=REPRESENTATION('material name',(#1295),#2306);
#1294=REPRESENTATION('density',(#1290),#2306);
#1295=DESCRIPTIVE_REPRESENTATION_ITEM('Steel','Steel');
#1296=PROPERTY_DEFINITION('material property','material name',#2321);
#1297=PROPERTY_DEFINITION('material property','density of part',#2321);
#1298=AXIS2_PLACEMENT_3D('',#1828,#1446,#1447);
#1299=AXIS2_PLACEMENT_3D('',#1829,#1448,#1449);
#1300=AXIS2_PLACEMENT_3D('',#1830,#1450,#1451);
#1301=AXIS2_PLACEMENT_3D('',#1832,#1452,#1453);
#1302=AXIS2_PLACEMENT_3D('',#1835,#1455,#1456);
#1303=AXIS2_PLACEMENT_3D('',#1836,#1457,#1458);
#1304=AXIS2_PLACEMENT_3D('',#1838,#1459,#1460);
#1305=AXIS2_PLACEMENT_3D('',#1841,#1462,#1463);
#1306=AXIS2_PLACEMENT_3D('',#1842,#1464,#1465);
#1307=AXIS2_PLACEMENT_3D('',#1844,#1466,#1467);
#1308=AXIS2_PLACEMENT_3D('',#1847,#1469,#1470);
#1309=AXIS2_PLACEMENT_3D('',#1848,#1471,#1472);
#1310=AXIS2_PLACEMENT_3D('',#1850,#1473,#1474);
#1311=AXIS2_PLACEMENT_3D('',#1853,#1476,#1477);
#1312=AXIS2_PLACEMENT_3D('',#1854,#1478,#1479);
#1313=AXIS2_PLACEMENT_3D('',#1856,#1480,#1481);
#1314=AXIS2_PLACEMENT_3D('',#1859,#1483,#1484);
#1315=AXIS2_PLACEMENT_3D('',#1860,#1485,#1486);
#1316=AXIS2_PLACEMENT_3D('',#1862,#1487,#1488);
#1317=AXIS2_PLACEMENT_3D('',#1865,#1490,#1491);
#1318=AXIS2_PLACEMENT_3D('',#1866,#1492,#1493);
#1319=AXIS2_PLACEMENT_3D('',#1869,#1494,#1495);
#1320=AXIS2_PLACEMENT_3D('',#1873,#1497,#1498);
#1321=AXIS2_PLACEMENT_3D('',#1875,#1500,#1501);
#1322=AXIS2_PLACEMENT_3D('',#1881,#1505,#1506);
#1323=AXIS2_PLACEMENT_3D('',#1887,#1510,#1511);
#1324=AXIS2_PLACEMENT_3D('',#1890,#1512,#1513);
#1325=AXIS2_PLACEMENT_3D('',#1894,#1515,#1516);
#1326=AXIS2_PLACEMENT_3D('',#1896,#1518,#1519);
#1327=AXIS2_PLACEMENT_3D('',#1902,#1523,#1524);
#1328=AXIS2_PLACEMENT_3D('',#1908,#1528,#1529);
#1329=AXIS2_PLACEMENT_3D('',#1910,#1530,#1531);
#1330=AXIS2_PLACEMENT_3D('',#1913,#1533,#1534);
#1331=AXIS2_PLACEMENT_3D('',#1914,#1535,#1536);
#1332=AXIS2_PLACEMENT_3D('',#1916,#1537,#1538);
#1333=AXIS2_PLACEMENT_3D('',#1919,#1540,#1541);
#1334=AXIS2_PLACEMENT_3D('',#1920,#1542,#1543);
#1335=AXIS2_PLACEMENT_3D('',#1922,#1544,#1545);
#1336=AXIS2_PLACEMENT_3D('',#1925,#1547,#1548);
#1337=AXIS2_PLACEMENT_3D('',#1926,#1549,#1550);
#1338=AXIS2_PLACEMENT_3D('',#1928,#1551,#1552);
#1339=AXIS2_PLACEMENT_3D('',#1931,#1554,#1555);
#1340=AXIS2_PLACEMENT_3D('',#1932,#1556,#1557);
#1341=AXIS2_PLACEMENT_3D('',#1934,#1558,#1559);
#1342=AXIS2_PLACEMENT_3D('',#1937,#1561,#1562);
#1343=AXIS2_PLACEMENT_3D('',#1938,#1563,#1564);
#1344=AXIS2_PLACEMENT_3D('',#1940,#1565,#1566);
#1345=AXIS2_PLACEMENT_3D('',#1943,#1568,#1569);
#1346=AXIS2_PLACEMENT_3D('',#1944,#1570,#1571);
#1347=AXIS2_PLACEMENT_3D('',#1946,#1572,#1573);
#1348=AXIS2_PLACEMENT_3D('',#1949,#1575,#1576);
#1349=AXIS2_PLACEMENT_3D('',#1950,#1577,#1578);
#1350=AXIS2_PLACEMENT_3D('',#1952,#1579,#1580);
#1351=AXIS2_PLACEMENT_3D('',#1955,#1582,#1583);
#1352=AXIS2_PLACEMENT_3D('',#1956,#1584,#1585);
#1353=AXIS2_PLACEMENT_3D('',#1958,#1586,#1587);
#1354=AXIS2_PLACEMENT_3D('',#1961,#1589,#1590);
#1355=AXIS2_PLACEMENT_3D('',#1962,#1591,#1592);
#1356=AXIS2_PLACEMENT_3D('',#1964,#1593,#1594);
#1357=AXIS2_PLACEMENT_3D('',#1967,#1596,#1597);
#1358=AXIS2_PLACEMENT_3D('',#1968,#1598,#1599);
#1359=AXIS2_PLACEMENT_3D('',#1970,#1600,#1601);
#1360=AXIS2_PLACEMENT_3D('',#1973,#1603,#1604);
#1361=AXIS2_PLACEMENT_3D('',#1974,#1605,#1606);
#1362=AXIS2_PLACEMENT_3D('',#1976,#1607,#1608);
#1363=AXIS2_PLACEMENT_3D('',#1979,#1610,#1611);
#1364=AXIS2_PLACEMENT_3D('',#1980,#1612,#1613);
#1365=AXIS2_PLACEMENT_3D('',#1982,#1614,#1615);
#1366=AXIS2_PLACEMENT_3D('',#1985,#1617,#1618);
#1367=AXIS2_PLACEMENT_3D('',#1986,#1619,#1620);
#1368=AXIS2_PLACEMENT_3D('',#1988,#1621,#1622);
#1369=AXIS2_PLACEMENT_3D('',#1991,#1624,#1625);
#1370=AXIS2_PLACEMENT_3D('',#1992,#1626,#1627);
#1371=AXIS2_PLACEMENT_3D('',#1994,#1628,#1629);
#1372=AXIS2_PLACEMENT_3D('',#1997,#1631,#1632);
#1373=AXIS2_PLACEMENT_3D('',#1998,#1633,#1634);
#1374=AXIS2_PLACEMENT_3D('',#2000,#1635,#1636);
#1375=AXIS2_PLACEMENT_3D('',#2003,#1638,#1639);
#1376=AXIS2_PLACEMENT_3D('',#2004,#1640,#1641);
#1377=AXIS2_PLACEMENT_3D('',#2006,#1642,#1643);
#1378=AXIS2_PLACEMENT_3D('',#2009,#1645,#1646);
#1379=AXIS2_PLACEMENT_3D('',#2010,#1647,#1648);
#1380=AXIS2_PLACEMENT_3D('',#2012,#1649,#1650);
#1381=AXIS2_PLACEMENT_3D('',#2015,#1652,#1653);
#1382=AXIS2_PLACEMENT_3D('',#2016,#1654,#1655);
#1383=AXIS2_PLACEMENT_3D('',#2018,#1656,#1657);
#1384=AXIS2_PLACEMENT_3D('',#2021,#1659,#1660);
#1385=AXIS2_PLACEMENT_3D('',#2022,#1661,#1662);
#1386=AXIS2_PLACEMENT_3D('',#2024,#1663,#1664);
#1387=AXIS2_PLACEMENT_3D('',#2027,#1666,#1667);
#1388=AXIS2_PLACEMENT_3D('',#2028,#1668,#1669);
#1389=AXIS2_PLACEMENT_3D('',#2030,#1670,#1671);
#1390=AXIS2_PLACEMENT_3D('',#2033,#1673,#1674);
#1391=AXIS2_PLACEMENT_3D('',#2034,#1675,#1676);
#1392=AXIS2_PLACEMENT_3D('',#2036,#1677,#1678);
#1393=AXIS2_PLACEMENT_3D('',#2039,#1680,#1681);
#1394=AXIS2_PLACEMENT_3D('',#2040,#1682,#1683);
#1395=AXIS2_PLACEMENT_3D('',#2042,#1684,#1685);
#1396=AXIS2_PLACEMENT_3D('',#2045,#1687,#1688);
#1397=AXIS2_PLACEMENT_3D('',#2046,#1689,#1690);
#1398=AXIS2_PLACEMENT_3D('',#2048,#1691,#1692);
#1399=AXIS2_PLACEMENT_3D('',#2051,#1694,#1695);
#1400=AXIS2_PLACEMENT_3D('',#2052,#1696,#1697);
#1401=AXIS2_PLACEMENT_3D('',#2055,#1698,#1699);
#1402=AXIS2_PLACEMENT_3D('',#2059,#1701,#1702);
#1403=AXIS2_PLACEMENT_3D('',#2061,#1704,#1705);
#1404=AXIS2_PLACEMENT_3D('',#2062,#1706,#1707);
#1405=AXIS2_PLACEMENT_3D('',#2063,#1708,#1709);
#1406=AXIS2_PLACEMENT_3D('',#2064,#1710,#1711);
#1407=AXIS2_PLACEMENT_3D('',#2066,#1712,#1713);
#1408=AXIS2_PLACEMENT_3D('',#2068,#1714,#1715);
#1409=AXIS2_PLACEMENT_3D('',#2070,#1717,#1718);
#1410=AXIS2_PLACEMENT_3D('',#2073,#1721,#1722);
#1411=AXIS2_PLACEMENT_3D('',#2075,#1723,#1724);
#1412=AXIS2_PLACEMENT_3D('',#2078,#1726,#1727);
#1413=AXIS2_PLACEMENT_3D('',#2079,#1728,#1729);
#1414=AXIS2_PLACEMENT_3D('',#2082,#1730,#1731);
#1415=AXIS2_PLACEMENT_3D('',#2086,#1733,#1734);
#1416=AXIS2_PLACEMENT_3D('',#2088,#1736,#1737);
#1417=AXIS2_PLACEMENT_3D('',#2094,#1741,#1742);
#1418=AXIS2_PLACEMENT_3D('',#2100,#1746,#1747);
#1419=AXIS2_PLACEMENT_3D('',#2102,#1748,#1749);
#1420=AXIS2_PLACEMENT_3D('',#2104,#1750,#1751);
#1421=AXIS2_PLACEMENT_3D('',#2106,#1753,#1754);
#1422=AXIS2_PLACEMENT_3D('',#2112,#1758,#1759);
#1423=AXIS2_PLACEMENT_3D('',#2114,#1760,#1761);
#1424=AXIS2_PLACEMENT_3D('',#2116,#1762,#1763);
#1425=AXIS2_PLACEMENT_3D('',#2118,#1765,#1766);
#1426=AXIS2_PLACEMENT_3D('',#2124,#1770,#1771);
#1427=AXIS2_PLACEMENT_3D('',#2126,#1772,#1773);
#1428=AXIS2_PLACEMENT_3D('',#2128,#1774,#1775);
#1429=AXIS2_PLACEMENT_3D('',#2130,#1777,#1778);
#1430=AXIS2_PLACEMENT_3D('',#2136,#1782,#1783);
#1431=AXIS2_PLACEMENT_3D('',#2137,#1784,#1785);
#1432=AXIS2_PLACEMENT_3D('',#2138,#1786,#1787);
#1433=AXIS2_PLACEMENT_3D('',#2139,#1788,#1789);
#1434=AXIS2_PLACEMENT_3D('',#2141,#1790,#1791);
#1435=AXIS2_PLACEMENT_3D('',#2143,#1792,#1793);
#1436=AXIS2_PLACEMENT_3D('',#2145,#1795,#1796);
#1437=AXIS2_PLACEMENT_3D('',#2278,#1801,#1802);
#1438=AXIS2_PLACEMENT_3D('',#2284,#1806,#1807);
#1439=AXIS2_PLACEMENT_3D('',#2286,#1808,#1809);
#1440=AXIS2_PLACEMENT_3D('',#2288,#1810,#1811);
#1441=AXIS2_PLACEMENT_3D('',#2290,#1813,#1814);
#1442=AXIS2_PLACEMENT_3D('',#2296,#1818,#1819);
#1443=AXIS2_PLACEMENT_3D('',#2299,#1822,#1823);
#1444=AXIS2_PLACEMENT_3D('',#2300,#1824,#1825);
#1445=AXIS2_PLACEMENT_3D('',#2301,#1826,#1827);
#1446=DIRECTION('axis',(0.,0.,1.));
#1447=DIRECTION('refdir',(1.,0.,0.));
#1448=DIRECTION('axis',(0.,0.,1.));
#1449=DIRECTION('refdir',(1.,0.,0.));
#1450=DIRECTION('center_axis',(-3.21733602179518E-19,1.,-7.14549162188241E-18));
#1451=DIRECTION('ref_axis',(0.0449805249274681,7.15273115873671E-18,0.998987863978962));
#1452=DIRECTION('center_axis',(4.74131499808961E-15,1.,-3.02082687306957E-16));
#1453=DIRECTION('ref_axis',(0.0449805249274681,7.15273115873671E-18,0.998987863978962));
#1454=DIRECTION('',(-3.21733602179518E-19,1.,-7.14549162188241E-18));
#1455=DIRECTION('center_axis',(-4.74131499808961E-15,-1.,3.02082687306957E-16));
#1456=DIRECTION('ref_axis',(0.0449805249274681,7.15273115873671E-18,0.998987863978962));
#1457=DIRECTION('center_axis',(-3.21733602179518E-19,1.,-7.14549162188241E-18));
#1458=DIRECTION('ref_axis',(0.0449805249274681,7.15273115873671E-18,0.998987863978962));
#1459=DIRECTION('center_axis',(4.74131499808961E-15,1.,-3.02082687306957E-16));
#1460=DIRECTION('ref_axis',(0.0449805249274681,7.15273115873671E-18,0.998987863978962));
#1461=DIRECTION('',(-3.21733602179518E-19,1.,-7.14549162188241E-18));
#1462=DIRECTION('center_axis',(-4.74131499808961E-15,-1.,3.02082687306957E-16));
#1463=DIRECTION('ref_axis',(0.0449805249274681,7.15273115873671E-18,0.998987863978962));
#1464=DIRECTION('center_axis',(-3.21733602179518E-19,1.,-7.14549162188241E-18));
#1465=DIRECTION('ref_axis',(0.0449805249274681,7.15273115873671E-18,0.998987863978962));
#1466=DIRECTION('center_axis',(4.74131499808961E-15,1.,-3.02082687306957E-16));
#1467=DIRECTION('ref_axis',(0.0449805249274681,7.15273115873671E-18,0.998987863978962));
#1468=DIRECTION('',(-3.21733602179518E-19,1.,-7.14549162188241E-18));
#1469=DIRECTION('center_axis',(-4.74131499808961E-15,-1.,3.02082687306957E-16));
#1470=DIRECTION('ref_axis',(0.0449805249274681,7.15273115873671E-18,0.998987863978962));
#1471=DIRECTION('center_axis',(5.07530525542929E-15,1.,0.));
#1472=DIRECTION('ref_axis',(0.998987863978962,-5.07016835616251E-15,-0.044980524927468));
#1473=DIRECTION('center_axis',(4.74131499808961E-15,1.,-3.02082687306957E-16));
#1474=DIRECTION('ref_axis',(0.998987863978962,-5.07016835616251E-15,-0.044980524927468));
#1475=DIRECTION('',(5.07530525542929E-15,1.,0.));
#1476=DIRECTION('center_axis',(-4.74131499808961E-15,-1.,3.02082687306957E-16));
#1477=DIRECTION('ref_axis',(0.998987863978962,-5.07016835616251E-15,-0.044980524927468));
#1478=DIRECTION('center_axis',(-3.21733602179518E-19,1.,-7.14549162188241E-18));
#1479=DIRECTION('ref_axis',(0.0449805249274681,7.15273115873671E-18,0.998987863978962));
#1480=DIRECTION('center_axis',(4.74131499808961E-15,1.,-3.02082687306957E-16));
#1481=DIRECTION('ref_axis',(0.0449805249274681,7.15273115873671E-18,0.998987863978962));
#1482=DIRECTION('',(-3.21733602179518E-19,1.,-7.14549162188241E-18));
#1483=DIRECTION('center_axis',(-4.74131499808961E-15,-1.,3.02082687306957E-16));
#1484=DIRECTION('ref_axis',(0.0449805249274681,7.15273115873671E-18,0.998987863978962));
#1485=DIRECTION('center_axis',(-3.21733602179518E-19,1.,-7.14549162188241E-18));
#1486=DIRECTION('ref_axis',(0.0449805249274681,7.15273115873671E-18,0.998987863978962));
#1487=DIRECTION('center_axis',(4.74131499808961E-15,1.,-3.02082687306957E-16));
#1488=DIRECTION('ref_axis',(0.0449805249274681,7.15273115873671E-18,0.998987863978962));
#1489=DIRECTION('',(-3.21733602179518E-19,1.,-7.14549162188241E-18));
#1490=DIRECTION('center_axis',(-4.74131499808961E-15,-1.,3.02082687306957E-16));
#1491=DIRECTION('ref_axis',(0.0449805249274681,7.15273115873671E-18,0.998987863978962));
#1492=DIRECTION('center_axis',(-1.06761233201368E-16,-1.,4.09422061166791E-16));
#1493=DIRECTION('ref_axis',(-0.999261955166233,1.2240949572086E-16,0.0384128228246512));
#1494=DIRECTION('center_axis',(1.66406099950365E-17,-1.,4.32884835220542E-16));
#1495=DIRECTION('ref_axis',(-0.999261955166233,1.2240949572086E-16,0.0384128228246512));
#1496=DIRECTION('',(1.06761233201368E-16,1.,-4.09422061166791E-16));
#1497=DIRECTION('center_axis',(1.66406099950365E-17,-1.,4.32884835220542E-16));
#1498=DIRECTION('ref_axis',(-0.999261955166233,6.12188931655891E-30,0.0384128228246512));
#1499=DIRECTION('',(-1.06761233201368E-16,-1.,4.09422061166791E-16));
#1500=DIRECTION('center_axis',(0.699877764942198,-3.31430538219362E-15,
-0.714262636667713));
#1501=DIRECTION('ref_axis',(0.714262636667713,-3.17512319578753E-15,0.699877764942198));
#1502=DIRECTION('',(0.714262636667713,-3.17512319578753E-15,0.699877764942198));
#1503=DIRECTION('',(-4.56006193366708E-15,-1.,1.71952754848969E-16));
#1504=DIRECTION('',(0.714262636667713,-3.17512319578753E-15,0.699877764942198));
#1505=DIRECTION('center_axis',(0.699877764942198,-3.31430538219362E-15,
-0.714262636667713));
#1506=DIRECTION('ref_axis',(0.714262636667713,-3.17512319578753E-15,0.699877764942198));
#1507=DIRECTION('',(0.714262636667713,-3.17512319578753E-15,0.699877764942198));
#1508=DIRECTION('',(-4.56006193366708E-15,-1.,1.71952754848969E-16));
#1509=DIRECTION('',(0.714262636667713,-3.17512319578753E-15,0.699877764942198));
#1510=DIRECTION('center_axis',(-1.06761233201368E-16,-1.,4.09422061166791E-16));
#1511=DIRECTION('ref_axis',(-0.999261955166233,1.2240949572086E-16,0.0384128228246512));
#1512=DIRECTION('center_axis',(1.66406099950365E-17,-1.,4.32884835220542E-16));
#1513=DIRECTION('ref_axis',(-0.999261955166233,1.2240949572086E-16,0.0384128228246512));
#1514=DIRECTION('',(1.06761233201368E-16,1.,-4.09422061166791E-16));
#1515=DIRECTION('center_axis',(1.66406099950365E-17,-1.,4.32884835220542E-16));
#1516=DIRECTION('ref_axis',(-0.999261955166233,6.12188931655891E-30,0.0384128228246512));
#1517=DIRECTION('',(-1.06761233201368E-16,-1.,4.09422061166791E-16));
#1518=DIRECTION('center_axis',(-0.699877764942198,3.31430538219362E-15,
0.714262636667713));
#1519=DIRECTION('ref_axis',(-0.714262636667713,3.43875068376987E-15,-0.699877764942198));
#1520=DIRECTION('',(-0.714262636667713,3.43875068376987E-15,-0.699877764942198));
#1521=DIRECTION('',(-4.56006193366708E-15,-1.,1.71952754848969E-16));
#1522=DIRECTION('',(-0.714262636667713,3.43875068376987E-15,-0.699877764942198));
#1523=DIRECTION('center_axis',(-0.699877764942198,3.31430538219362E-15,
0.714262636667713));
#1524=DIRECTION('ref_axis',(-0.714262636667713,3.43875068376987E-15,-0.699877764942198));
#1525=DIRECTION('',(-0.714262636667713,3.43875068376987E-15,-0.699877764942198));
#1526=DIRECTION('',(-4.56006193366708E-15,-1.,1.71952754848969E-16));
#1527=DIRECTION('',(-0.714262636667713,3.43875068376987E-15,-0.699877764942198));
#1528=DIRECTION('center_axis',(-1.0449086512515E-16,-1.,4.6848287148903E-16));
#1529=DIRECTION('ref_axis',(-0.999261955166233,1.2240949572086E-16,0.0384128228246512));
#1530=DIRECTION('center_axis',(-4.74131499808961E-15,-1.,3.02082687306957E-16));
#1531=DIRECTION('ref_axis',(-0.999261955166233,1.2240949572086E-16,0.0384128228246512));
#1532=DIRECTION('',(-1.0449086512515E-16,-1.,4.6848287148903E-16));
#1533=DIRECTION('center_axis',(4.74131499808961E-15,1.,-3.02082687306957E-16));
#1534=DIRECTION('ref_axis',(-0.999261955166233,1.2240949572086E-16,0.0384128228246512));
#1535=DIRECTION('center_axis',(-4.56006193366708E-15,-1.,1.71952754848969E-16));
#1536=DIRECTION('ref_axis',(0.999261955166232,-4.5633015942215E-15,-0.038412822824665));
#1537=DIRECTION('center_axis',(4.74131499808961E-15,1.,-3.02082687306957E-16));
#1538=DIRECTION('ref_axis',(0.999261955166232,-4.74941954379592E-15,-0.038412822824665));
#1539=DIRECTION('',(4.56006193366708E-15,1.,-1.71952754848969E-16));
#1540=DIRECTION('center_axis',(4.74131499808961E-15,1.,-3.02082687306957E-16));
#1541=DIRECTION('ref_axis',(0.999261955166232,-4.74941954379592E-15,-0.038412822824665));
#1542=DIRECTION('center_axis',(-4.56006193366708E-15,-1.,1.71952754848969E-16));
#1543=DIRECTION('ref_axis',(0.999261955166232,-4.5633015942215E-15,-0.038412822824665));
#1544=DIRECTION('center_axis',(4.74131499808961E-15,1.,-3.02082687306957E-16));
#1545=DIRECTION('ref_axis',(0.999261955166232,-4.74941954379592E-15,-0.038412822824665));
#1546=DIRECTION('',(4.56006193366708E-15,1.,-1.71952754848969E-16));
#1547=DIRECTION('center_axis',(4.74131499808961E-15,1.,-3.02082687306957E-16));
#1548=DIRECTION('ref_axis',(0.999261955166232,-4.74941954379592E-15,-0.038412822824665));
#1549=DIRECTION('center_axis',(-4.56006193366708E-15,-1.,1.71952754848969E-16));
#1550=DIRECTION('ref_axis',(0.999261955166232,-4.5633015942215E-15,-0.0384128228246651));
#1551=DIRECTION('center_axis',(-4.74131499808961E-15,-1.,3.02082687306957E-16));
#1552=DIRECTION('ref_axis',(0.999261955166232,-4.5633015942215E-15,-0.0384128228246651));
#1553=DIRECTION('',(4.56006193366708E-15,1.,-1.71952754848969E-16));
#1554=DIRECTION('center_axis',(-4.74131499808961E-15,-1.,3.02082687306957E-16));
#1555=DIRECTION('ref_axis',(0.999261955166232,-4.5633015942215E-15,-0.0384128228246651));
#1556=DIRECTION('center_axis',(-4.56006193366708E-15,-1.,1.71952754848969E-16));
#1557=DIRECTION('ref_axis',(0.999261955166232,-4.5633015942215E-15,-0.038412822824665));
#1558=DIRECTION('center_axis',(4.74131499808961E-15,1.,-3.02082687306957E-16));
#1559=DIRECTION('ref_axis',(0.999261955166232,-4.74941954379592E-15,-0.038412822824665));
#1560=DIRECTION('',(4.56006193366708E-15,1.,-1.71952754848969E-16));
#1561=DIRECTION('center_axis',(4.74131499808961E-15,1.,-3.02082687306957E-16));
#1562=DIRECTION('ref_axis',(0.999261955166232,-4.74941954379592E-15,-0.038412822824665));
#1563=DIRECTION('center_axis',(-4.56006193366708E-15,-1.,1.71952754848969E-16));
#1564=DIRECTION('ref_axis',(0.999261955166232,-4.5633015942215E-15,-0.038412822824665));
#1565=DIRECTION('center_axis',(4.74131499808961E-15,1.,-3.02082687306957E-16));
#1566=DIRECTION('ref_axis',(0.999261955166232,-4.74941954379592E-15,-0.038412822824665));
#1567=DIRECTION('',(4.56006193366708E-15,1.,-1.71952754848969E-16));
#1568=DIRECTION('center_axis',(4.74131499808961E-15,1.,-3.02082687306957E-16));
#1569=DIRECTION('ref_axis',(0.999261955166232,-4.74941954379592E-15,-0.038412822824665));
#1570=DIRECTION('center_axis',(-4.56006193366708E-15,-1.,1.71952754848969E-16));
#1571=DIRECTION('ref_axis',(0.999261955166232,-4.5633015942215E-15,-0.038412822824665));
#1572=DIRECTION('center_axis',(4.74131499808961E-15,1.,-3.02082687306957E-16));
#1573=DIRECTION('ref_axis',(0.999261955166232,-4.74941954379592E-15,-0.038412822824665));
#1574=DIRECTION('',(4.56006193366708E-15,1.,-1.71952754848969E-16));
#1575=DIRECTION('center_axis',(4.74131499808961E-15,1.,-3.02082687306957E-16));
#1576=DIRECTION('ref_axis',(0.999261955166232,-4.74941954379592E-15,-0.038412822824665));
#1577=DIRECTION('center_axis',(-4.56006193366708E-15,-1.,1.71952754848969E-16));
#1578=DIRECTION('ref_axis',(0.999261955166232,-4.5633015942215E-15,-0.038412822824665));
#1579=DIRECTION('center_axis',(4.74131499808961E-15,1.,-3.02082687306957E-16));
#1580=DIRECTION('ref_axis',(0.999261955166232,-4.74941954379592E-15,-0.038412822824665));
#1581=DIRECTION('',(4.56006193366708E-15,1.,-1.71952754848969E-16));
#1582=DIRECTION('center_axis',(4.74131499808961E-15,1.,-3.02082687306957E-16));
#1583=DIRECTION('ref_axis',(0.999261955166232,-4.74941954379592E-15,-0.038412822824665));
#1584=DIRECTION('center_axis',(-4.56006193366708E-15,-1.,1.71952754848969E-16));
#1585=DIRECTION('ref_axis',(0.999261955166232,-4.5633015942215E-15,-0.0384128228246651));
#1586=DIRECTION('center_axis',(-4.74131499808961E-15,-1.,3.02082687306957E-16));
#1587=DIRECTION('ref_axis',(0.999261955166232,-4.5633015942215E-15,-0.0384128228246651));
#1588=DIRECTION('',(4.56006193366708E-15,1.,-1.71952754848969E-16));
#1589=DIRECTION('center_axis',(-4.74131499808961E-15,-1.,3.02082687306957E-16));
#1590=DIRECTION('ref_axis',(0.999261955166232,-4.5633015942215E-15,-0.0384128228246651));
#1591=DIRECTION('center_axis',(-4.56006193366708E-15,-1.,1.71952754848969E-16));
#1592=DIRECTION('ref_axis',(0.999261955166232,-4.5633015942215E-15,-0.0384128228246651));
#1593=DIRECTION('center_axis',(4.74131499808961E-15,1.,-3.02082687306957E-16));
#1594=DIRECTION('ref_axis',(0.999261955166232,-4.74941954379592E-15,-0.0384128228246651));
#1595=DIRECTION('',(4.56006193366708E-15,1.,-1.71952754848969E-16));
#1596=DIRECTION('center_axis',(4.74131499808961E-15,1.,-3.02082687306957E-16));
#1597=DIRECTION('ref_axis',(0.999261955166232,-4.74941954379592E-15,-0.0384128228246651));
#1598=DIRECTION('center_axis',(-4.56006193366708E-15,-1.,1.71952754848969E-16));
#1599=DIRECTION('ref_axis',(0.999261955166232,-4.5633015942215E-15,-0.038412822824665));
#1600=DIRECTION('center_axis',(4.74131499808961E-15,1.,-3.02082687306957E-16));
#1601=DIRECTION('ref_axis',(0.999261955166232,-4.74941954379592E-15,-0.038412822824665));
#1602=DIRECTION('',(4.56006193366708E-15,1.,-1.71952754848969E-16));
#1603=DIRECTION('center_axis',(4.74131499808961E-15,1.,-3.02082687306957E-16));
#1604=DIRECTION('ref_axis',(0.999261955166232,-4.74941954379592E-15,-0.038412822824665));
#1605=DIRECTION('center_axis',(-4.56006193366708E-15,-1.,1.71952754848969E-16));
#1606=DIRECTION('ref_axis',(0.999261955166232,-4.5633015942215E-15,-0.038412822824665));
#1607=DIRECTION('center_axis',(4.74131499808961E-15,1.,-3.02082687306956E-16));
#1608=DIRECTION('ref_axis',(0.999261955166232,-4.74941954379592E-15,-0.038412822824665));
#1609=DIRECTION('',(4.56006193366708E-15,1.,-1.71952754848969E-16));
#1610=DIRECTION('center_axis',(4.74131499808961E-15,1.,-3.02082687306956E-16));
#1611=DIRECTION('ref_axis',(0.999261955166232,-4.74941954379592E-15,-0.038412822824665));
#1612=DIRECTION('center_axis',(-4.56006193366708E-15,-1.,1.71952754848969E-16));
#1613=DIRECTION('ref_axis',(0.999261955166232,-4.5633015942215E-15,-0.0384128228246651));
#1614=DIRECTION('center_axis',(4.74131499808961E-15,1.,-3.02082687306957E-16));
#1615=DIRECTION('ref_axis',(0.999261955166232,-4.74941954379592E-15,-0.0384128228246651));
#1616=DIRECTION('',(4.56006193366708E-15,1.,-1.71952754848969E-16));
#1617=DIRECTION('center_axis',(4.74131499808961E-15,1.,-3.02082687306957E-16));
#1618=DIRECTION('ref_axis',(0.999261955166232,-4.74941954379592E-15,-0.0384128228246651));
#1619=DIRECTION('center_axis',(-4.56006193366708E-15,-1.,1.71952754848969E-16));
#1620=DIRECTION('ref_axis',(0.999261955166232,-4.5633015942215E-15,-0.0384128228246651));
#1621=DIRECTION('center_axis',(4.74131499808961E-15,1.,-3.02082687306957E-16));
#1622=DIRECTION('ref_axis',(0.999261955166232,-4.74941954379592E-15,-0.0384128228246651));
#1623=DIRECTION('',(4.56006193366708E-15,1.,-1.71952754848969E-16));
#1624=DIRECTION('center_axis',(4.74131499808961E-15,1.,-3.02082687306957E-16));
#1625=DIRECTION('ref_axis',(0.999261955166232,-4.74941954379592E-15,-0.0384128228246651));
#1626=DIRECTION('center_axis',(-4.56006193366708E-15,-1.,1.71952754848969E-16));
#1627=DIRECTION('ref_axis',(0.999261955166232,-4.5633015942215E-15,-0.038412822824665));
#1628=DIRECTION('center_axis',(4.74131499808961E-15,1.,-3.02082687306957E-16));
#1629=DIRECTION('ref_axis',(0.999261955166232,-4.74941954379592E-15,-0.038412822824665));
#1630=DIRECTION('',(4.56006193366708E-15,1.,-1.71952754848969E-16));
#1631=DIRECTION('center_axis',(4.74131499808961E-15,1.,-3.02082687306957E-16));
#1632=DIRECTION('ref_axis',(0.999261955166232,-4.74941954379592E-15,-0.038412822824665));
#1633=DIRECTION('center_axis',(-4.56006193366708E-15,-1.,1.71952754848969E-16));
#1634=DIRECTION('ref_axis',(0.999261955166232,-4.5633015942215E-15,-0.038412822824665));
#1635=DIRECTION('center_axis',(4.74131499808961E-15,1.,-3.02082687306957E-16));
#1636=DIRECTION('ref_axis',(0.999261955166232,-4.74941954379592E-15,-0.038412822824665));
#1637=DIRECTION('',(4.56006193366708E-15,1.,-1.71952754848969E-16));
#1638=DIRECTION('center_axis',(4.74131499808961E-15,1.,-3.02082687306957E-16));
#1639=DIRECTION('ref_axis',(0.999261955166232,-4.74941954379592E-15,-0.038412822824665));
#1640=DIRECTION('center_axis',(-4.56006193366708E-15,-1.,1.71952754848969E-16));
#1641=DIRECTION('ref_axis',(0.999261955166232,-4.5633015942215E-15,-0.038412822824665));
#1642=DIRECTION('center_axis',(4.74131499808961E-15,1.,-3.02082687306957E-16));
#1643=DIRECTION('ref_axis',(0.999261955166232,-4.74941954379592E-15,-0.038412822824665));
#1644=DIRECTION('',(4.56006193366708E-15,1.,-1.71952754848969E-16));
#1645=DIRECTION('center_axis',(4.74131499808961E-15,1.,-3.02082687306957E-16));
#1646=DIRECTION('ref_axis',(0.999261955166232,-4.74941954379592E-15,-0.038412822824665));
#1647=DIRECTION('center_axis',(-4.56006193366708E-15,-1.,1.71952754848969E-16));
#1648=DIRECTION('ref_axis',(0.999261955166232,-4.5633015942215E-15,-0.038412822824665));
#1649=DIRECTION('center_axis',(4.74131499808961E-15,1.,-3.02082687306957E-16));
#1650=DIRECTION('ref_axis',(0.999261955166232,-4.74941954379592E-15,-0.038412822824665));
#1651=DIRECTION('',(4.56006193366708E-15,1.,-1.71952754848969E-16));
#1652=DIRECTION('center_axis',(4.74131499808961E-15,1.,-3.02082687306957E-16));
#1653=DIRECTION('ref_axis',(0.999261955166232,-4.74941954379592E-15,-0.038412822824665));
#1654=DIRECTION('center_axis',(-4.56006193366708E-15,-1.,1.71952754848969E-16));
#1655=DIRECTION('ref_axis',(0.999261955166232,-4.5633015942215E-15,-0.0384128228246651));
#1656=DIRECTION('center_axis',(-4.74131499808961E-15,-1.,3.02082687306957E-16));
#1657=DIRECTION('ref_axis',(0.999261955166232,-4.5633015942215E-15,-0.0384128228246651));
#1658=DIRECTION('',(4.56006193366708E-15,1.,-1.71952754848969E-16));
#1659=DIRECTION('center_axis',(-4.74131499808961E-15,-1.,3.02082687306957E-16));
#1660=DIRECTION('ref_axis',(0.999261955166232,-4.5633015942215E-15,-0.0384128228246651));
#1661=DIRECTION('center_axis',(-4.56006193366708E-15,-1.,1.71952754848969E-16));
#1662=DIRECTION('ref_axis',(0.999261955166232,-4.5633015942215E-15,-0.0384128228246651));
#1663=DIRECTION('center_axis',(-4.74131499808961E-15,-1.,3.02082687306957E-16));
#1664=DIRECTION('ref_axis',(0.999261955166232,-4.5633015942215E-15,-0.0384128228246651));
#1665=DIRECTION('',(4.56006193366708E-15,1.,-1.71952754848969E-16));
#1666=DIRECTION('center_axis',(-4.74131499808961E-15,-1.,3.02082687306957E-16));
#1667=DIRECTION('ref_axis',(0.999261955166232,-4.5633015942215E-15,-0.0384128228246651));
#1668=DIRECTION('center_axis',(-4.56006193366708E-15,-1.,1.71952754848969E-16));
#1669=DIRECTION('ref_axis',(0.999261955166232,-4.5633015942215E-15,-0.038412822824665));
#1670=DIRECTION('center_axis',(4.74131499808961E-15,1.,-3.02082687306957E-16));
#1671=DIRECTION('ref_axis',(0.999261955166232,-4.74941954379592E-15,-0.038412822824665));
#1672=DIRECTION('',(4.56006193366708E-15,1.,-1.71952754848969E-16));
#1673=DIRECTION('center_axis',(4.74131499808961E-15,1.,-3.02082687306957E-16));
#1674=DIRECTION('ref_axis',(0.999261955166232,-4.74941954379592E-15,-0.038412822824665));
#1675=DIRECTION('center_axis',(-4.56006193366708E-15,-1.,1.71952754848969E-16));
#1676=DIRECTION('ref_axis',(0.999261955166232,-4.5633015942215E-15,-0.0384128228246651));
#1677=DIRECTION('center_axis',(4.74131499808961E-15,1.,-3.02082687306957E-16));
#1678=DIRECTION('ref_axis',(0.999261955166232,-4.74941954379592E-15,-0.0384128228246651));
#1679=DIRECTION('',(4.56006193366708E-15,1.,-1.71952754848969E-16));
#1680=DIRECTION('center_axis',(4.74131499808961E-15,1.,-3.02082687306957E-16));
#1681=DIRECTION('ref_axis',(0.999261955166232,-4.74941954379592E-15,-0.0384128228246651));
#1682=DIRECTION('center_axis',(-4.56006193366708E-15,-1.,1.71952754848969E-16));
#1683=DIRECTION('ref_axis',(0.999261955166232,-4.5633015942215E-15,-0.0384128228246651));
#1684=DIRECTION('center_axis',(4.74131499808961E-15,1.,-3.02082687306957E-16));
#1685=DIRECTION('ref_axis',(0.999261955166232,-4.74941954379592E-15,-0.0384128228246651));
#1686=DIRECTION('',(4.56006193366708E-15,1.,-1.71952754848969E-16));
#1687=DIRECTION('center_axis',(4.74131499808961E-15,1.,-3.02082687306957E-16));
#1688=DIRECTION('ref_axis',(0.999261955166232,-4.74941954379592E-15,-0.0384128228246651));
#1689=DIRECTION('center_axis',(-4.56006193366708E-15,-1.,1.71952754848969E-16));
#1690=DIRECTION('ref_axis',(0.999261955166232,-4.5633015942215E-15,-0.038412822824665));
#1691=DIRECTION('center_axis',(4.74131499808961E-15,1.,-3.02082687306957E-16));
#1692=DIRECTION('ref_axis',(0.999261955166232,-4.74941954379592E-15,-0.038412822824665));
#1693=DIRECTION('',(4.56006193366708E-15,1.,-1.71952754848969E-16));
#1694=DIRECTION('center_axis',(4.74131499808961E-15,1.,-3.02082687306957E-16));
#1695=DIRECTION('ref_axis',(0.999261955166232,-4.74941954379592E-15,-0.038412822824665));
#1696=DIRECTION('center_axis',(-4.56006193366708E-15,-1.,1.71952754848969E-16));
#1697=DIRECTION('ref_axis',(-0.968711874288324,4.46006276032179E-15,0.248188042848166));
#1698=DIRECTION('center_axis',(-5.40315267628197E-15,-1.,4.71648274757212E-16));
#1699=DIRECTION('ref_axis',(-0.968711874288324,5.35115561833178E-15,0.248188042848166));
#1700=DIRECTION('',(-4.56006193366708E-15,-1.,1.71952754848969E-16));
#1701=DIRECTION('center_axis',(-5.40315267628197E-15,-1.,4.71648274757212E-16));
#1702=DIRECTION('ref_axis',(-0.968711874288324,5.35115561833178E-15,0.248188042848166));
#1703=DIRECTION('',(-4.56006193366708E-15,-1.,1.71952754848969E-16));
#1704=DIRECTION('center_axis',(-4.56006193366708E-15,-1.,1.71952754848969E-16));
#1705=DIRECTION('ref_axis',(0.999261955166232,-4.5633015942215E-15,-0.038412822824665));
#1706=DIRECTION('center_axis',(-4.74131499808961E-15,-1.,3.02082687306957E-16));
#1707=DIRECTION('ref_axis',(0.999261955166232,-4.74941954379592E-15,-0.038412822824665));
#1708=DIRECTION('center_axis',(-4.74131499808961E-15,-1.,3.02082687306957E-16));
#1709=DIRECTION('ref_axis',(0.999261955166232,-4.74941954379592E-15,-0.038412822824665));
#1710=DIRECTION('center_axis',(-4.56006193366708E-15,-1.,1.71952754848969E-16));
#1711=DIRECTION('ref_axis',(0.223769112447335,-8.52808603292842E-16,0.974642182708368));
#1712=DIRECTION('center_axis',(-4.58843276988111E-15,-1.,9.67972036238084E-16));
#1713=DIRECTION('ref_axis',(0.223769112447335,-8.33231502408103E-17,0.974642182708368));
#1714=DIRECTION('center_axis',(-4.58843276988111E-15,-1.,9.67972036238084E-16));
#1715=DIRECTION('ref_axis',(0.223769112447335,-8.33231502408103E-17,0.974642182708368));
#1716=DIRECTION('',(-4.56006193366708E-15,-1.,1.71952754848969E-16));
#1717=DIRECTION('center_axis',(-0.684394076707822,3.24625224560889E-15,
0.729112301204176));
#1718=DIRECTION('ref_axis',(-0.729112301204176,6.31836024175816E-15,-0.684394076707821));
#1719=DIRECTION('',(-0.729112301204176,6.31836024175816E-15,-0.684394076707821));
#1720=DIRECTION('',(-0.729112301204176,6.31836024175816E-15,-0.684394076707821));
#1721=DIRECTION('center_axis',(-4.56006193366708E-15,-1.,1.71952754848969E-16));
#1722=DIRECTION('ref_axis',(0.999261955166232,-4.5633015942215E-15,-0.0384128228246651));
#1723=DIRECTION('center_axis',(4.74131499808961E-15,1.,-3.02082687306957E-16));
#1724=DIRECTION('ref_axis',(0.999261955166232,-4.74941954379592E-15,-0.0384128228246651));
#1725=DIRECTION('',(4.56006193366708E-15,1.,-1.71952754848969E-16));
#1726=DIRECTION('center_axis',(4.74131499808961E-15,1.,-3.02082687306957E-16));
#1727=DIRECTION('ref_axis',(0.999261955166232,-4.74941954379592E-15,-0.0384128228246651));
#1728=DIRECTION('center_axis',(-4.56006193366708E-15,-1.,1.71952754848969E-16));
#1729=DIRECTION('ref_axis',(-0.810941838403721,3.79855916743043E-15,0.585126768082262));
#1730=DIRECTION('center_axis',(-4.74131499808961E-15,-1.,3.02082687306957E-16));
#1731=DIRECTION('ref_axis',(0.999261955166232,-4.74941954379592E-15,-0.0384128228246651));
#1732=DIRECTION('',(-4.56006193366708E-15,-1.,1.71952754848969E-16));
#1733=DIRECTION('center_axis',(4.74131499808961E-15,1.,-3.02082687306957E-16));
#1734=DIRECTION('ref_axis',(0.999261955166232,-4.74941954379592E-15,-0.0384128228246651));
#1735=DIRECTION('',(-4.56006193366708E-15,-1.,1.71952754848969E-16));
#1736=DIRECTION('center_axis',(-0.238442321211293,1.25430481551338E-15,
0.971156660614224));
#1737=DIRECTION('ref_axis',(-0.971156660614224,4.53253034330562E-15,-0.238442321211293));
#1738=DIRECTION('',(0.971156660614224,-4.53253034330562E-15,0.238442321211293));
#1739=DIRECTION('',(-0.971156660614224,4.53253034330562E-15,-0.238442321211293));
#1740=DIRECTION('',(-4.56006193366708E-15,-1.,1.71952754848969E-16));
#1741=DIRECTION('center_axis',(0.866429865553315,-4.03682965163412E-15,
-0.499298796390763));
#1742=DIRECTION('ref_axis',(0.499298796390763,-8.53569010508878E-16,0.866429865553315));
#1743=DIRECTION('',(0.499298796390763,-8.53569010508878E-16,0.866429865553315));
#1744=DIRECTION('',(0.499298796390763,-8.53569010508878E-16,0.866429865553315));
#1745=DIRECTION('',(-4.56006193366708E-15,-1.,1.71952754848969E-16));
#1746=DIRECTION('center_axis',(-4.56006193366708E-15,-1.,1.71952754848969E-16));
#1747=DIRECTION('ref_axis',(0.525348041055777,-2.54193204334053E-15,-0.850887440122874));
#1748=DIRECTION('center_axis',(-4.74131499808961E-15,-1.,3.02082687306957E-16));
#1749=DIRECTION('ref_axis',(0.525348041055777,-2.7478789107828E-15,-0.850887440122874));
#1750=DIRECTION('center_axis',(-4.74131499808961E-15,-1.,3.02082687306957E-16));
#1751=DIRECTION('ref_axis',(0.525348041055777,-2.7478789107828E-15,-0.850887440122874));
#1752=DIRECTION('',(-4.56006193366708E-15,-1.,1.71952754848969E-16));
#1753=DIRECTION('center_axis',(0.262073485701264,-1.36101397439251E-15,
-0.965047920101582));
#1754=DIRECTION('ref_axis',(0.965047920101582,-4.49642831462027E-15,0.262073485701264));
#1755=DIRECTION('',(0.965047920101582,-4.49642831462027E-15,0.262073485701264));
#1756=DIRECTION('',(0.965047920101582,-4.49642831462027E-15,0.262073485701264));
#1757=DIRECTION('',(-4.56006193366708E-15,-1.,1.71952754848969E-16));
#1758=DIRECTION('center_axis',(-4.56006193366708E-15,-1.,1.71952754848969E-16));
#1759=DIRECTION('ref_axis',(-0.390890021886403,1.62421096400241E-15,-0.920437391021055));
#1760=DIRECTION('center_axis',(-4.74131499808961E-15,-1.,3.02082687306957E-16));
#1761=DIRECTION('ref_axis',(-0.390890021886403,1.57528452279613E-15,-0.920437391021055));
#1762=DIRECTION('center_axis',(-4.74131499808961E-15,-1.,3.02082687306957E-16));
#1763=DIRECTION('ref_axis',(-0.390890021886403,1.57528452279613E-15,-0.920437391021055));
#1764=DIRECTION('',(-4.56006193366708E-15,-1.,1.71952754848969E-16));
#1765=DIRECTION('center_axis',(-0.652451520206544,2.84490830468073E-15,
-0.757830465064694));
#1766=DIRECTION('ref_axis',(0.757830465064694,-3.79020725858196E-15,-0.652451520206544));
#1767=DIRECTION('',(0.757830465064694,-3.79020725858196E-15,-0.652451520206544));
#1768=DIRECTION('',(0.757830465064694,-3.79020725858196E-15,-0.652451520206544));
#1769=DIRECTION('',(-4.56006193366708E-15,-1.,1.71952754848969E-16));
#1770=DIRECTION('center_axis',(-4.56006193366708E-15,-1.,1.71952754848969E-16));
#1771=DIRECTION('ref_axis',(-0.992382396305266,4.50414134972686E-15,-0.123195695961419));
#1772=DIRECTION('center_axis',(-4.74131499808961E-15,-1.,3.02082687306957E-16));
#1773=DIRECTION('ref_axis',(-0.992382396305266,4.66798225254158E-15,-0.123195695961419));
#1774=DIRECTION('center_axis',(-4.74131499808961E-15,-1.,3.02082687306957E-16));
#1775=DIRECTION('ref_axis',(-0.992382396305266,4.66798225254158E-15,-0.123195695961419));
#1776=DIRECTION('',(-4.56006193366708E-15,-1.,1.71952754848969E-16));
#1777=DIRECTION('center_axis',(-0.985636895102121,4.52360439037387E-15,
0.168878391197482));
#1778=DIRECTION('ref_axis',(-0.168878391197482,5.0296180705653E-16,-0.985636895102121));
#1779=DIRECTION('',(-0.168878391197482,5.0296180705653E-16,-0.985636895102121));
#1780=DIRECTION('',(-0.168878391197482,5.0296180705653E-16,-0.985636895102121));
#1781=DIRECTION('',(-4.56006193366708E-15,-1.,1.71952754848969E-16));
#1782=DIRECTION('center_axis',(-4.56006193366708E-15,-1.,1.71952754848969E-16));
#1783=DIRECTION('ref_axis',(-0.837929937973846,3.91486041138203E-15,0.545777811061559));
#1784=DIRECTION('center_axis',(-4.74131499808961E-15,-1.,3.02082687306957E-16));
#1785=DIRECTION('ref_axis',(-0.837929937973846,4.13775981010167E-15,0.545777811061559));
#1786=DIRECTION('center_axis',(-4.74131499808961E-15,-1.,3.02082687306957E-16));
#1787=DIRECTION('ref_axis',(-0.837929937973846,4.13775981010167E-15,0.545777811061559));
#1788=DIRECTION('center_axis',(-4.56006193366708E-15,-1.,1.71952754848969E-16));
#1789=DIRECTION('ref_axis',(0.699877772562589,-3.31430541565912E-15,-0.714262629200792));
#1790=DIRECTION('center_axis',(-4.74131499808961E-15,-1.,3.02082687306957E-16));
#1791=DIRECTION('ref_axis',(0.699877772562589,-3.53410735435246E-15,-0.714262629200792));
#1792=DIRECTION('center_axis',(-4.74131499808961E-15,-1.,3.02082687306957E-16));
#1793=DIRECTION('ref_axis',(0.699877772562589,-3.53410735435246E-15,-0.714262629200792));
#1794=DIRECTION('',(-4.56006193366708E-15,-1.,1.71952754848969E-16));
#1795=DIRECTION('center_axis',(0.69987793250986,-3.3143061180791E-15,-0.714262472474737));
#1796=DIRECTION('ref_axis',(0.714262472474736,-5.29686181140769E-15,0.69987793250986));
#1797=DIRECTION('',(-0.714262472474736,5.29686181140769E-15,-0.69987793250986));
#1798=DIRECTION('',(0.714262472474736,-5.29686181140769E-15,0.69987793250986));
#1799=DIRECTION('',(-4.56006193366708E-15,-1.,1.71952754848969E-16));
#1800=DIRECTION('',(-4.56006193366708E-15,-1.,1.71952754848969E-16));
#1801=DIRECTION('center_axis',(0.669413420553364,-3.18030865292165E-15,
-0.742890080956157));
#1802=DIRECTION('ref_axis',(0.742890080956157,-3.32005767776933E-15,0.669413420553364));
#1803=DIRECTION('',(-0.742890080956157,3.32005767776933E-15,-0.669413420553364));
#1804=DIRECTION('',(0.742890080956157,-3.32005767776933E-15,0.669413420553364));
#1805=DIRECTION('',(-4.56006193366708E-15,-1.,1.71952754848969E-16));
#1806=DIRECTION('center_axis',(-4.56006193366708E-15,-1.,1.71952754848969E-16));
#1807=DIRECTION('ref_axis',(0.966157092334215,-4.4500921485521E-15,-0.257954400877937));
#1808=DIRECTION('center_axis',(-4.74131499808961E-15,-1.,3.02082687306957E-16));
#1809=DIRECTION('ref_axis',(0.966157092334215,-4.65877867101472E-15,-0.257954400877937));
#1810=DIRECTION('center_axis',(-4.74131499808961E-15,-1.,3.02082687306957E-16));
#1811=DIRECTION('ref_axis',(0.966157092334215,-4.65877867101472E-15,-0.257954400877937));
#1812=DIRECTION('',(-4.56006193366708E-15,-1.,1.71952754848969E-16));
#1813=DIRECTION('center_axis',(0.866429865553315,-4.03682965163412E-15,
-0.499298796390763));
#1814=DIRECTION('ref_axis',(0.499298796390763,-8.53569010508878E-16,0.866429865553315));
#1815=DIRECTION('',(0.499298796390763,-8.53569010508878E-16,0.866429865553315));
#1816=DIRECTION('',(0.499298796390763,-8.53569010508878E-16,0.866429865553315));
#1817=DIRECTION('',(-4.56006193366708E-15,-1.,1.71952754848969E-16));
#1818=DIRECTION('center_axis',(-0.996804742960844,4.53175632653938E-15,
-0.0798768077151651));
#1819=DIRECTION('ref_axis',(0.0798768077151651,-6.79838561893364E-16,-0.996804742960844));
#1820=DIRECTION('',(0.0798768077151651,-6.79838561893364E-16,-0.996804742960844));
#1821=DIRECTION('',(0.0798768077151651,-6.79838561893364E-16,-0.996804742960844));
#1822=DIRECTION('center_axis',(-4.74131499808961E-15,-1.,3.02082687306957E-16));
#1823=DIRECTION('ref_axis',(0.999261955166232,-4.74941954379592E-15,-0.038412822824665));
#1824=DIRECTION('center_axis',(-4.74131499808961E-15,-1.,3.02082687306957E-16));
#1825=DIRECTION('ref_axis',(0.999261955166232,-4.74941954379592E-15,-0.038412822824665));
#1826=DIRECTION('',(-0.014980707820841,2.70418385217106E-16,0.999887782900256));
#1827=DIRECTION('',(0.999887782900255,3.9339378843154E-15,0.014980707820841));
#1828=CARTESIAN_POINT('',(0.,0.,0.));
#1829=CARTESIAN_POINT('',(0.,0.,0.));
#1830=CARTESIAN_POINT('Origin',(-132.756965287662,-179.749999999999,-72.047807802014));
#1831=CARTESIAN_POINT('',(-132.831183153793,-177.749999999999,-73.6961377775793));
#1832=CARTESIAN_POINT('Origin',(-132.756965287662,-177.749999999999,-72.047807802014));
#1833=CARTESIAN_POINT('',(-132.831183153793,-175.749999999999,-73.6961377775793));
#1834=CARTESIAN_POINT('',(-132.831183153793,-179.749999999999,-73.6961377775793));
#1835=CARTESIAN_POINT('Origin',(-132.756965287662,-175.749999999999,-72.047807802014));
#1836=CARTESIAN_POINT('Origin',(-65.4421509836964,-177.249999999999,-81.6911126719037));
#1837=CARTESIAN_POINT('',(-65.5163688498267,-177.749999999999,-83.3394426474689));
#1838=CARTESIAN_POINT('Origin',(-65.4421509836964,-177.749999999999,-81.6911126719037));
#1839=CARTESIAN_POINT('',(-65.5163688498267,-175.749999999999,-83.3394426474689));
#1840=CARTESIAN_POINT('',(-65.5163688498267,-177.249999999999,-83.3394426474689));
#1841=CARTESIAN_POINT('Origin',(-65.4421509836964,-175.749999999999,-81.6911126719037));
#1842=CARTESIAN_POINT('Origin',(-129.113412808506,-174.749999999999,-6.45565350387295));
#1843=CARTESIAN_POINT('',(-129.187630674636,-177.749999999999,-8.10398347943824));
#1844=CARTESIAN_POINT('Origin',(-129.113412808506,-177.749999999999,-6.45565350387295));
#1845=CARTESIAN_POINT('',(-129.187630674636,-175.749999999999,-8.10398347943824));
#1846=CARTESIAN_POINT('',(-129.187630674636,-174.749999999999,-8.10398347943824));
#1847=CARTESIAN_POINT('Origin',(-129.113412808506,-175.749999999999,-6.45565350387295));
#1848=CARTESIAN_POINT('Origin',(-212.250243497425,-186.182943412795,-88.1658410985502));
#1849=CARTESIAN_POINT('',(-213.89857347299,-177.749999999998,-88.0916232324198));
#1850=CARTESIAN_POINT('Origin',(-212.250243497425,-177.749999999998,-88.1658410985502));
#1851=CARTESIAN_POINT('',(-213.89857347299,-175.749999999998,-88.0916232324198));
#1852=CARTESIAN_POINT('',(-213.89857347299,-186.182943412795,-88.0916232324198));
#1853=CARTESIAN_POINT('Origin',(-212.250243497425,-175.749999999998,-88.1658410985502));
#1854=CARTESIAN_POINT('Origin',(-142.370740413789,-177.749999999999,-78.6678774502274));
#1855=CARTESIAN_POINT('',(-142.444958279919,-177.749999999999,-80.3162074257927));
#1856=CARTESIAN_POINT('Origin',(-142.370740413789,-177.749999999999,-78.6678774502274));
#1857=CARTESIAN_POINT('',(-142.444958279919,-175.749999999999,-80.3162074257927));
#1858=CARTESIAN_POINT('',(-142.444958279919,-177.749999999999,-80.3162074257927));
#1859=CARTESIAN_POINT('Origin',(-142.370740413789,-175.749999999999,-78.6678774502274));
#1860=CARTESIAN_POINT('Origin',(-133.701642397489,-174.749999999999,-148.172398560815));
#1861=CARTESIAN_POINT('',(-133.77586026362,-177.749999999999,-149.82072853638));
#1862=CARTESIAN_POINT('Origin',(-133.701642397489,-177.749999999999,-148.172398560815));
#1863=CARTESIAN_POINT('',(-133.77586026362,-175.749999999999,-149.82072853638));
#1864=CARTESIAN_POINT('',(-133.77586026362,-174.749999999999,-149.82072853638));
#1865=CARTESIAN_POINT('Origin',(-133.701642397489,-175.749999999999,-148.172398560815));
#1866=CARTESIAN_POINT('Origin',(-167.687761582413,-134.25,-44.9719992403829));
#1867=CARTESIAN_POINT('',(-167.352597529828,-175.75,-50.9626306810454));
#1868=CARTESIAN_POINT('',(-161.705187734041,-175.75,-45.4289567316033));
#1869=CARTESIAN_POINT('Origin',(-167.687761582413,-175.75,-44.9719992403828));
#1870=CARTESIAN_POINT('',(-161.705187734041,-177.75,-45.4289567316033));
#1871=CARTESIAN_POINT('',(-161.705187734041,-134.25,-45.4289567316032));
#1872=CARTESIAN_POINT('',(-167.352597529828,-177.75,-50.9626306810454));
#1873=CARTESIAN_POINT('Origin',(-167.687761582413,-177.75,-44.9719992403828));
#1874=CARTESIAN_POINT('',(-167.352597529828,-134.25,-50.9626306810454));
#1875=CARTESIAN_POINT('Origin',(-184.934457011385,-175.749999999999,-68.1904008117738));
#1876=CARTESIAN_POINT('',(-149.689208355486,-175.749999999999,-33.6549728224223));
#1877=CARTESIAN_POINT('',(-144.123336901749,-175.749999999999,-28.2011950759468));
#1878=CARTESIAN_POINT('',(-149.689208355486,-177.749999999999,-33.6549728224223));
#1879=CARTESIAN_POINT('',(-149.689208355486,-175.749999999999,-33.6549728224223));
#1880=CARTESIAN_POINT('',(-144.123336901749,-177.749999999999,-28.2011950759468));
#1881=CARTESIAN_POINT('Origin',(-184.934457011385,-175.749999999999,-68.1904008117738));
#1882=CARTESIAN_POINT('',(-184.934457011385,-177.749999999998,-68.1904008117738));
#1883=CARTESIAN_POINT('',(-144.123336901749,-177.749999999999,-28.2011950759468));
#1884=CARTESIAN_POINT('',(-184.934457011385,-175.749999999998,-68.1904008117738));
#1885=CARTESIAN_POINT('',(-184.934457011385,-175.749999999998,-68.1904008117738));
#1886=CARTESIAN_POINT('',(-144.123336901749,-175.749999999999,-28.2011950759468));
#1887=CARTESIAN_POINT('Origin',(-167.687761582413,-134.25,-44.9719992403829));
#1888=CARTESIAN_POINT('',(-168.022920206223,-175.75,-38.9813674959935));
#1889=CARTESIAN_POINT('',(-173.670335844881,-175.75,-44.5150471706346));
#1890=CARTESIAN_POINT('Origin',(-167.687761582413,-175.75,-44.9719992403828));
#1891=CARTESIAN_POINT('',(-173.670335844881,-177.75,-44.5150471706346));
#1892=CARTESIAN_POINT('',(-173.670335844881,-134.25,-44.5150471706344));
#1893=CARTESIAN_POINT('',(-168.022920206223,-177.75,-38.9813674959935));
#1894=CARTESIAN_POINT('Origin',(-167.687761582413,-177.75,-44.9719992403828));
#1895=CARTESIAN_POINT('',(-168.022920206224,-134.25,-38.9813674959936));
#1896=CARTESIAN_POINT('Origin',(-122.718663696324,-175.749999999999,5.4104852494379));
#1897=CARTESIAN_POINT('',(-218.974583705525,-175.749999999998,-88.9068914410008));
#1898=CARTESIAN_POINT('',(-122.718663696324,-175.749999999999,5.4104852494379));
#1899=CARTESIAN_POINT('',(-218.974583705525,-177.749999999998,-88.9068914410008));
#1900=CARTESIAN_POINT('',(-218.974583705525,-175.749999999998,-88.9068914410008));
#1901=CARTESIAN_POINT('',(-122.718663696324,-177.749999999999,5.4104852494379));
#1902=CARTESIAN_POINT('Origin',(-122.718663696324,-175.749999999999,5.4104852494379));
#1903=CARTESIAN_POINT('',(-122.718663696324,-177.749999999999,5.4104852494379));
#1904=CARTESIAN_POINT('',(-122.718663696324,-177.749999999999,5.4104852494379));
#1905=CARTESIAN_POINT('',(-122.718663696324,-175.749999999999,5.4104852494379));
#1906=CARTESIAN_POINT('',(-122.718663696324,-175.749999999999,5.4104852494379));
#1907=CARTESIAN_POINT('',(-122.718663696324,-175.749999999999,5.4104852494379));
#1908=CARTESIAN_POINT('Origin',(-167.687761582413,-134.25,-44.9719992403829));
#1909=CARTESIAN_POINT('',(-166.088942454147,-175.749999999999,-45.0334597569023));
#1910=CARTESIAN_POINT('Origin',(-167.687761582413,-175.749999999999,-44.9719992403828));
#1911=CARTESIAN_POINT('',(-166.088942454147,-177.749999999999,-45.0334597569023));
#1912=CARTESIAN_POINT('',(-166.088942454147,-134.25,-45.0334597569023));
#1913=CARTESIAN_POINT('Origin',(-167.687761582413,-177.749999999999,-44.9719992403828));
#1914=CARTESIAN_POINT('Origin',(-93.7503194387525,-175.749999999999,-41.1069733040531));
#1915=CARTESIAN_POINT('',(-136.218952533317,-177.749999999999,-39.4744283340049));
#1916=CARTESIAN_POINT('Origin',(-93.7503194387525,-177.749999999999,-41.1069733040531));
#1917=CARTESIAN_POINT('',(-136.218952533317,-175.749999999999,-39.4744283340049));
#1918=CARTESIAN_POINT('',(-136.218952533317,-175.749999999999,-39.4744283340049));
#1919=CARTESIAN_POINT('Origin',(-93.7503194387525,-175.749999999999,-41.1069733040531));
#1920=CARTESIAN_POINT('Origin',(-74.9988312528609,-175.749999999999,4.16312378899726));
#1921=CARTESIAN_POINT('',(-78.9958790735243,-177.749999999999,4.31677508029586));
#1922=CARTESIAN_POINT('Origin',(-74.9988312528609,-177.749999999999,4.16312378899726));
#1923=CARTESIAN_POINT('',(-78.9958790735243,-175.749999999999,4.31677508029586));
#1924=CARTESIAN_POINT('',(-78.9958790735243,-175.749999999999,4.31677508029586));
#1925=CARTESIAN_POINT('Origin',(-74.9988312528609,-175.749999999999,4.16312378899726));
#1926=CARTESIAN_POINT('Origin',(-147.212053911495,-175.749999999999,-28.1902033066409));
#1927=CARTESIAN_POINT('',(-148.860836137519,-177.749999999999,-28.1268221489802));
#1928=CARTESIAN_POINT('Origin',(-147.212053911495,-177.749999999999,-28.1902033066409));
#1929=CARTESIAN_POINT('',(-148.860836137519,-175.749999999999,-28.1268221489802));
#1930=CARTESIAN_POINT('',(-148.860836137519,-175.749999999999,-28.1268221489802));
#1931=CARTESIAN_POINT('Origin',(-147.212053911495,-175.749999999999,-28.1902033066409));
#1932=CARTESIAN_POINT('Origin',(-81.7955220446973,-175.749999999999,-92.1255929846185));
#1933=CARTESIAN_POINT('',(-83.3943411729633,-177.749999999999,-92.064132468099));
#1934=CARTESIAN_POINT('Origin',(-81.7955220446973,-177.749999999999,-92.1255929846185));
#1935=CARTESIAN_POINT('',(-83.3943411729633,-175.749999999999,-92.064132468099));
#1936=CARTESIAN_POINT('',(-83.3943411729633,-175.749999999999,-92.0641324680991));
#1937=CARTESIAN_POINT('Origin',(-81.7955220446973,-175.749999999999,-92.1255929846185));
#1938=CARTESIAN_POINT('Origin',(-218.133068125678,-175.749999999998,-99.6045373224036));
#1939=CARTESIAN_POINT('',(-222.130115946342,-177.749999999998,-99.450886031105));
#1940=CARTESIAN_POINT('Origin',(-218.133068125678,-177.749999999998,-99.6045373224036));
#1941=CARTESIAN_POINT('',(-222.130115946342,-175.749999999998,-99.450886031105));
#1942=CARTESIAN_POINT('',(-222.130115946342,-175.749999999998,-99.450886031105));
#1943=CARTESIAN_POINT('Origin',(-218.133068125678,-175.749999999998,-99.6045373224036));
#1944=CARTESIAN_POINT('Origin',(-112.501807624642,-175.749999999999,-86.3770703971024));
#1945=CARTESIAN_POINT('',(-116.498855445306,-177.749999999999,-86.2234191058038));
#1946=CARTESIAN_POINT('Origin',(-112.501807624642,-177.749999999999,-86.3770703971024));
#1947=CARTESIAN_POINT('',(-116.498855445306,-175.749999999999,-86.2234191058038));
#1948=CARTESIAN_POINT('',(-116.498855445306,-175.749999999999,-86.2234191058038));
#1949=CARTESIAN_POINT('Origin',(-112.501807624642,-175.749999999999,-86.3770703971024));
#1950=CARTESIAN_POINT('Origin',(-192.26703563139,-175.749999999998,-163.892548358708));
#1951=CARTESIAN_POINT('',(-194.365485737239,-177.749999999998,-163.811881430776));
#1952=CARTESIAN_POINT('Origin',(-192.26703563139,-177.749999999998,-163.892548358708));
#1953=CARTESIAN_POINT('',(-194.365485737239,-175.749999999998,-163.811881430776));
#1954=CARTESIAN_POINT('',(-194.365485737239,-175.749999999998,-163.811881430776));
#1955=CARTESIAN_POINT('Origin',(-192.26703563139,-175.749999999998,-163.892548358708));
#1956=CARTESIAN_POINT('Origin',(-203.195626730493,-175.749999999998,-78.6411728830333));
#1957=CARTESIAN_POINT('',(-204.844408956518,-177.749999999998,-78.5777917253726));
#1958=CARTESIAN_POINT('Origin',(-203.195626730493,-177.749999999998,-78.6411728830333));
#1959=CARTESIAN_POINT('',(-204.844408956518,-175.749999999998,-78.5777917253726));
#1960=CARTESIAN_POINT('',(-204.844408956518,-175.749999999998,-78.5777917253726));
#1961=CARTESIAN_POINT('Origin',(-203.195626730493,-175.749999999998,-78.6411728830333));
#1962=CARTESIAN_POINT('Origin',(-127.597557807617,-175.749999999999,-100.525479614306));
#1963=CARTESIAN_POINT('',(-131.594605628284,-177.749999999999,-100.371828323007));
#1964=CARTESIAN_POINT('Origin',(-127.597557807617,-177.749999999999,-100.525479614306));
#1965=CARTESIAN_POINT('',(-131.594605628284,-175.749999999999,-100.371828323007));
#1966=CARTESIAN_POINT('',(-131.594605628284,-175.749999999999,-100.371828323007));
#1967=CARTESIAN_POINT('Origin',(-127.597557807617,-175.749999999999,-100.525479614306));
#1968=CARTESIAN_POINT('Origin',(-223.177707513036,-175.749999999998,-125.513932022557));
#1969=CARTESIAN_POINT('',(-224.776526641302,-177.749999999998,-125.452471506037));
#1970=CARTESIAN_POINT('Origin',(-223.177707513036,-177.749999999998,-125.513932022557));
#1971=CARTESIAN_POINT('',(-224.776526641302,-175.749999999998,-125.452471506037));
#1972=CARTESIAN_POINT('',(-224.776526641302,-175.749999999998,-125.452471506037));
#1973=CARTESIAN_POINT('Origin',(-223.177707513036,-175.749999999998,-125.513932022557));
#1974=CARTESIAN_POINT('Origin',(-139.020416531801,-175.749999999999,-22.3554851181621));
#1975=CARTESIAN_POINT('',(-141.11886663765,-177.749999999999,-22.2748181902303));
#1976=CARTESIAN_POINT('Origin',(-139.020416531801,-177.749999999999,-22.3554851181621));
#1977=CARTESIAN_POINT('',(-141.11886663765,-175.749999999999,-22.2748181902303));
#1978=CARTESIAN_POINT('',(-141.11886663765,-175.749999999999,-22.2748181902303));
#1979=CARTESIAN_POINT('Origin',(-139.020416531801,-175.749999999999,-22.3554851181621));
#1980=CARTESIAN_POINT('Origin',(-48.4802223457012,-175.749999999999,-22.355485118163));
#1981=CARTESIAN_POINT('',(-50.5786724515503,-177.749999999999,-22.2748181902312));
#1982=CARTESIAN_POINT('Origin',(-48.4802223457012,-177.749999999999,-22.355485118163));
#1983=CARTESIAN_POINT('',(-50.5786724515503,-175.749999999999,-22.2748181902312));
#1984=CARTESIAN_POINT('',(-50.5786724515503,-175.749999999999,-22.2748181902312));
#1985=CARTESIAN_POINT('Origin',(-48.4802223457012,-175.749999999999,-22.355485118163));
#1986=CARTESIAN_POINT('Origin',(-218.514534913147,-175.749999999998,-137.105573572517));
#1987=CARTESIAN_POINT('',(-222.511582733814,-177.749999999998,-136.951922281218));
#1988=CARTESIAN_POINT('Origin',(-218.514534913147,-177.749999999998,-137.105573572517));
#1989=CARTESIAN_POINT('',(-222.511582733814,-175.749999999998,-136.951922281218));
#1990=CARTESIAN_POINT('',(-222.511582733814,-175.749999999998,-136.951922281218));
#1991=CARTESIAN_POINT('Origin',(-218.514534913147,-175.749999999998,-137.105573572517));
#1992=CARTESIAN_POINT('Origin',(-123.730147106308,-175.749999999999,-130.872146833865));
#1993=CARTESIAN_POINT('',(-125.328966234574,-177.749999999999,-130.810686317345));
#1994=CARTESIAN_POINT('Origin',(-123.730147106308,-177.749999999999,-130.872146833865));
#1995=CARTESIAN_POINT('',(-125.328966234574,-175.749999999999,-130.810686317345));
#1996=CARTESIAN_POINT('',(-125.328966234574,-175.749999999999,-130.810686317345));
#1997=CARTESIAN_POINT('Origin',(-123.730147106308,-175.749999999999,-130.872146833865));
#1998=CARTESIAN_POINT('Origin',(-173.056046360382,-175.749999999999,-118.815526593412));
#1999=CARTESIAN_POINT('',(-215.524679454947,-177.749999999998,-117.182981623364));
#2000=CARTESIAN_POINT('Origin',(-173.056046360382,-177.749999999999,-118.815526593412));
#2001=CARTESIAN_POINT('',(-215.524679454947,-175.749999999998,-117.182981623364));
#2002=CARTESIAN_POINT('',(-215.524679454947,-175.749999999998,-117.182981623364));
#2003=CARTESIAN_POINT('Origin',(-173.056046360382,-175.749999999999,-118.815526593412));
#2004=CARTESIAN_POINT('Origin',(-139.020416531802,-175.749999999999,-59.8584614899422));
#2005=CARTESIAN_POINT('',(-141.118866637651,-177.749999999999,-59.7777945620104));
#2006=CARTESIAN_POINT('Origin',(-139.020416531802,-177.749999999999,-59.8584614899422));
#2007=CARTESIAN_POINT('',(-141.118866637651,-175.749999999999,-59.7777945620104));
#2008=CARTESIAN_POINT('',(-141.118866637651,-175.749999999999,-59.7777945620104));
#2009=CARTESIAN_POINT('Origin',(-139.020416531802,-175.749999999999,-59.8584614899422));
#2010=CARTESIAN_POINT('Origin',(-154.765999381277,-175.749999999999,-164.274015146177));
#2011=CARTESIAN_POINT('',(-156.864449487126,-177.749999999999,-164.193348218245));
#2012=CARTESIAN_POINT('Origin',(-154.765999381277,-177.749999999999,-164.274015146177));
#2013=CARTESIAN_POINT('',(-156.864449487126,-175.749999999999,-164.193348218245));
#2014=CARTESIAN_POINT('',(-156.864449487126,-175.749999999999,-164.193348218245));
#2015=CARTESIAN_POINT('Origin',(-154.765999381277,-175.749999999999,-164.274015146177));
#2016=CARTESIAN_POINT('Origin',(-89.3983967111346,-175.749999999999,9.0882545019975));
#2017=CARTESIAN_POINT('',(-91.0471789371589,-177.749999999999,9.1516356596582));
#2018=CARTESIAN_POINT('Origin',(-89.3983967111346,-177.749999999999,9.0882545019975));
#2019=CARTESIAN_POINT('',(-91.0471789371589,-175.749999999999,9.1516356596582));
#2020=CARTESIAN_POINT('',(-91.0471789371589,-175.749999999999,9.1516356596582));
#2021=CARTESIAN_POINT('Origin',(-89.3983967111346,-175.749999999999,9.0882545019975));
#2022=CARTESIAN_POINT('Origin',(-53.6004994945536,-175.749999999999,-70.906167226849));
#2023=CARTESIAN_POINT('',(-55.2492817205779,-177.749999999999,-70.8427860691883));
#2024=CARTESIAN_POINT('Origin',(-53.6004994945536,-177.749999999999,-70.906167226849));
#2025=CARTESIAN_POINT('',(-55.2492817205779,-175.749999999999,-70.8427860691883));
#2026=CARTESIAN_POINT('',(-55.2492817205779,-175.749999999999,-70.8427860691883));
#2027=CARTESIAN_POINT('Origin',(-53.6004994945536,-175.749999999999,-70.906167226849));
#2028=CARTESIAN_POINT('Origin',(-191.346093339488,-175.749999999998,-73.3570380406468));
#2029=CARTESIAN_POINT('',(-193.444543445337,-177.749999999998,-73.276371112715));
#2030=CARTESIAN_POINT('Origin',(-191.346093339488,-177.749999999998,-73.3570380406468));
#2031=CARTESIAN_POINT('',(-193.444543445337,-175.749999999998,-73.276371112715));
#2032=CARTESIAN_POINT('',(-193.444543445337,-175.749999999998,-73.276371112715));
#2033=CARTESIAN_POINT('Origin',(-191.346093339488,-175.749999999998,-73.3570380406468));
#2034=CARTESIAN_POINT('Origin',(-112.501807624641,-175.749999999999,4.16312378899767));
#2035=CARTESIAN_POINT('',(-116.498855445308,-177.749999999999,4.31677508029642));
#2036=CARTESIAN_POINT('Origin',(-112.501807624641,-177.749999999999,4.16312378899767));
#2037=CARTESIAN_POINT('',(-116.498855445308,-175.749999999999,4.31677508029642));
#2038=CARTESIAN_POINT('',(-116.498855445308,-175.749999999999,4.31677508029642));
#2039=CARTESIAN_POINT('Origin',(-112.501807624641,-175.749999999999,4.16312378899767));
#2040=CARTESIAN_POINT('Origin',(-74.9988312528619,-175.749999999999,-86.3770703971029));
#2041=CARTESIAN_POINT('',(-78.995879073529,-177.749999999999,-86.2234191058042));
#2042=CARTESIAN_POINT('Origin',(-74.9988312528619,-177.749999999999,-86.3770703971029));
#2043=CARTESIAN_POINT('',(-78.995879073529,-175.749999999999,-86.2234191058042));
#2044=CARTESIAN_POINT('',(-78.995879073529,-175.749999999999,-86.2234191058042));
#2045=CARTESIAN_POINT('Origin',(-74.9988312528619,-175.749999999999,-86.3770703971029));
#2046=CARTESIAN_POINT('Origin',(-153.845057089374,-175.749999999999,-73.7385048281159));
#2047=CARTESIAN_POINT('',(-155.943507195223,-177.749999999999,-73.6578379001841));
#2048=CARTESIAN_POINT('Origin',(-153.845057089374,-177.749999999999,-73.7385048281159));
#2049=CARTESIAN_POINT('',(-155.943507195223,-175.749999999999,-73.6578379001841));
#2050=CARTESIAN_POINT('',(-155.943507195223,-175.749999999999,-73.6578379001841));
#2051=CARTESIAN_POINT('Origin',(-153.845057089374,-175.749999999999,-73.7385048281159));
#2052=CARTESIAN_POINT('Origin',(-93.7503194387518,-175.749999999999,-41.1069733040525));
#2053=CARTESIAN_POINT('',(-145.242538906511,-175.749999999999,-33.8577433942931));
#2054=CARTESIAN_POINT('',(-144.534796445178,-175.749999999999,-52.2844907021282));
#2055=CARTESIAN_POINT('Origin',(-93.7503194387518,-175.749999999999,-41.1069733040525));
#2056=CARTESIAN_POINT('',(-144.534796445178,-177.749999999999,-52.2844907021282));
#2057=CARTESIAN_POINT('',(-144.534796445178,-175.749999999999,-52.2844907021282));
#2058=CARTESIAN_POINT('',(-145.242538906511,-177.749999999999,-33.8577433942931));
#2059=CARTESIAN_POINT('Origin',(-93.7503194387518,-177.749999999999,-41.1069733040525));
#2060=CARTESIAN_POINT('',(-145.242538906511,-175.749999999999,-33.8577433942931));
#2061=CARTESIAN_POINT('Origin',(-147.212053911495,-175.749999999999,-28.1902033066409));
#2062=CARTESIAN_POINT('Origin',(-147.212053911495,-175.749999999999,-28.1902033066409));
#2063=CARTESIAN_POINT('Origin',(-147.212053911495,-177.749999999999,-28.1902033066409));
#2064=CARTESIAN_POINT('Origin',(-173.056046360325,-175.749999999999,-118.815526593426));
#2065=CARTESIAN_POINT('',(-161.420052513056,-175.749999999999,-68.1341330925597));
#2066=CARTESIAN_POINT('Origin',(-173.056046360325,-175.749999999999,-118.815526593426));
#2067=CARTESIAN_POINT('',(-161.420052513056,-177.749999999999,-68.1341330925597));
#2068=CARTESIAN_POINT('Origin',(-173.056046360325,-177.749999999999,-118.815526593426));
#2069=CARTESIAN_POINT('',(-161.420052513056,-175.749999999999,-68.1341330925597));
#2070=CARTESIAN_POINT('Origin',(-144.534796445178,-175.749999999999,-52.2844907021282));
#2071=CARTESIAN_POINT('',(-161.420052513056,-175.749999999999,-68.1341330925597));
#2072=CARTESIAN_POINT('',(-161.420052513056,-177.749999999999,-68.1341330925597));
#2073=CARTESIAN_POINT('Origin',(-48.4802223457016,-175.749999999999,-59.8584614899431));
#2074=CARTESIAN_POINT('',(-50.5786724515507,-177.749999999999,-59.7777945620113));
#2075=CARTESIAN_POINT('Origin',(-48.4802223457016,-177.749999999999,-59.8584614899431));
#2076=CARTESIAN_POINT('',(-50.5786724515507,-175.749999999999,-59.7777945620113));
#2077=CARTESIAN_POINT('',(-50.5786724515507,-175.749999999999,-59.7777945620113));
#2078=CARTESIAN_POINT('Origin',(-48.4802223457016,-175.749999999999,-59.8584614899431));
#2079=CARTESIAN_POINT('Origin',(-127.979024595086,-175.749999999999,-138.02651586442));
#2080=CARTESIAN_POINT('',(-123.991805623244,-175.749999999999,-137.707008633559));
#2081=CARTESIAN_POINT('',(-127.025255310241,-175.749999999999,-141.911142506876));
#2082=CARTESIAN_POINT('Origin',(-127.979024595086,-175.749999999999,-138.02651586442));
#2083=CARTESIAN_POINT('',(-123.991805623244,-177.749999999999,-137.707008633559));
#2084=CARTESIAN_POINT('',(-123.991805623244,-175.749999999999,-137.707008633559));
#2085=CARTESIAN_POINT('',(-127.025255310241,-177.749999999999,-141.911142506876));
#2086=CARTESIAN_POINT('Origin',(-127.979024595086,-177.749999999999,-138.02651586442));
#2087=CARTESIAN_POINT('',(-127.025255310241,-175.749999999999,-141.911142506876));
#2088=CARTESIAN_POINT('Origin',(-124.985232417809,-175.749999999999,-141.410267814334));
#2089=CARTESIAN_POINT('',(-124.985232417809,-175.749999999999,-141.410267814334));
#2090=CARTESIAN_POINT('',(-127.025255310241,-175.749999999999,-141.911142506876));
#2091=CARTESIAN_POINT('',(-124.985232417809,-177.749999999999,-141.410267814334));
#2092=CARTESIAN_POINT('',(-127.025255310241,-177.749999999999,-141.911142506876));
#2093=CARTESIAN_POINT('',(-124.985232417809,-175.749999999999,-141.410267814334));
#2094=CARTESIAN_POINT('Origin',(-134.278545268901,-175.749999999999,-157.536891516055));
#2095=CARTESIAN_POINT('',(-134.278545268901,-175.749999999999,-157.536891516055));
#2096=CARTESIAN_POINT('',(-134.278545268901,-175.749999999999,-157.536891516055));
#2097=CARTESIAN_POINT('',(-134.278545268901,-177.749999999999,-157.536891516055));
#2098=CARTESIAN_POINT('',(-134.278545268901,-177.749999999999,-157.536891516055));
#2099=CARTESIAN_POINT('',(-134.278545268901,-175.749999999999,-157.536891516055));
#2100=CARTESIAN_POINT('Origin',(-173.05603180308,-175.749999999999,-118.815509821473));
#2101=CARTESIAN_POINT('',(-144.266964606845,-175.749999999999,-165.444132707171));
#2102=CARTESIAN_POINT('Origin',(-173.05603180308,-175.749999999999,-118.815509821473));
#2103=CARTESIAN_POINT('',(-144.266964606845,-177.749999999999,-165.444132707171));
#2104=CARTESIAN_POINT('Origin',(-173.05603180308,-177.749999999999,-118.815509821473));
#2105=CARTESIAN_POINT('',(-144.266964606845,-175.749999999999,-165.444132707171));
#2106=CARTESIAN_POINT('Origin',(-174.304474254062,-175.749999999999,-173.601276711173));
#2107=CARTESIAN_POINT('',(-174.304474254062,-175.749999999999,-173.601276711173));
#2108=CARTESIAN_POINT('',(-174.304474254062,-175.749999999999,-173.601276711173));
#2109=CARTESIAN_POINT('',(-174.304474254062,-177.749999999999,-173.601276711173));
#2110=CARTESIAN_POINT('',(-174.304474254062,-177.749999999999,-173.601276711173));
#2111=CARTESIAN_POINT('',(-174.304474254062,-175.749999999999,-173.601276711173));
#2112=CARTESIAN_POINT('Origin',(-173.056031803081,-175.749999999999,-118.815509821473));
#2113=CARTESIAN_POINT('',(-194.476800944639,-175.749999999999,-169.255469294395));
#2114=CARTESIAN_POINT('Origin',(-173.056031803081,-175.749999999999,-118.815509821473));
#2115=CARTESIAN_POINT('',(-194.476800944639,-177.749999999999,-169.255469294395));
#2116=CARTESIAN_POINT('Origin',(-173.056031803081,-177.749999999999,-118.815509821473));
#2117=CARTESIAN_POINT('',(-194.476800944639,-175.749999999999,-169.255469294395));
#2118=CARTESIAN_POINT('Origin',(-219.752442771819,-175.749999999998,-147.494492803523));
#2119=CARTESIAN_POINT('',(-219.752442771819,-175.749999999998,-147.494492803523));
#2120=CARTESIAN_POINT('',(-219.752442771819,-175.749999999998,-147.494492803523));
#2121=CARTESIAN_POINT('',(-219.752442771819,-177.749999999998,-147.494492803523));
#2122=CARTESIAN_POINT('',(-219.752442771819,-177.749999999998,-147.494492803523));
#2123=CARTESIAN_POINT('',(-219.752442771819,-175.749999999998,-147.494492803523));
#2124=CARTESIAN_POINT('Origin',(-173.05603180308,-175.749999999999,-118.815509821472));
#2125=CARTESIAN_POINT('',(-227.43857681872,-175.749999999998,-125.566632681267));
#2126=CARTESIAN_POINT('Origin',(-173.05603180308,-175.749999999999,-118.815509821472));
#2127=CARTESIAN_POINT('',(-227.43857681872,-177.749999999998,-125.566632681267));
#2128=CARTESIAN_POINT('Origin',(-173.05603180308,-177.749999999999,-118.815509821472));
#2129=CARTESIAN_POINT('',(-227.43857681872,-175.749999999998,-125.566632681267));
#2130=CARTESIAN_POINT('Origin',(-222.089119885883,-175.749999999998,-94.3452189504941));
#2131=CARTESIAN_POINT('',(-222.089119885883,-175.749999999998,-94.3452189504941));
#2132=CARTESIAN_POINT('',(-222.089119885883,-175.749999999998,-94.3452189504941));
#2133=CARTESIAN_POINT('',(-222.089119885883,-177.749999999998,-94.3452189504941));
#2134=CARTESIAN_POINT('',(-222.089119885883,-177.749999999998,-94.3452189504941));
#2135=CARTESIAN_POINT('',(-222.089119885883,-175.749999999998,-94.3452189504941));
#2136=CARTESIAN_POINT('Origin',(-173.05603180309,-175.749999999999,-118.815509821467));
#2137=CARTESIAN_POINT('Origin',(-173.05603180309,-175.749999999999,-118.815509821467));
#2138=CARTESIAN_POINT('Origin',(-173.05603180309,-177.749999999999,-118.815509821467));
#2139=CARTESIAN_POINT('Origin',(-93.7503194387525,-175.749999999999,-41.1069733040531));
#2140=CARTESIAN_POINT('',(-55.3970244033932,-175.749999999999,-80.2485583413457));
#2141=CARTESIAN_POINT('Origin',(-93.7503194387525,-175.749999999999,-41.1069733040531));
#2142=CARTESIAN_POINT('',(-55.3970244033932,-177.749999999999,-80.2485583413457));
#2143=CARTESIAN_POINT('Origin',(-93.7503194387525,-177.749999999999,-41.1069733040531));
#2144=CARTESIAN_POINT('',(-55.3970244033932,-175.749999999999,-80.2485583413457));
#2145=CARTESIAN_POINT('Origin',(-67.3568815032723,-175.749999999999,-91.9675557446047));
#2146=CARTESIAN_POINT('',(-67.3568815032723,-175.749999999999,-91.9675557446047));
#2147=CARTESIAN_POINT('',(-55.3970244033932,-175.749999999999,-80.2485583413457));
#2148=CARTESIAN_POINT('',(-67.3568815032723,-177.749999999999,-91.9675557446047));
#2149=CARTESIAN_POINT('',(-55.3970244033932,-177.749999999999,-80.2485583413457));
#2150=CARTESIAN_POINT('',(-67.3568815032723,-175.749999999999,-91.9675557446047));
#2151=CARTESIAN_POINT('Ctrl Pts',(-110.627288918559,-175.749999999999,-95.8652816024678));
#2152=CARTESIAN_POINT('Ctrl Pts',(-110.627288918559,-177.749999999999,-95.8652816024678));
#2153=CARTESIAN_POINT('Ctrl Pts',(-108.850572897804,-175.749999999999,-96.413186793288));
#2154=CARTESIAN_POINT('Ctrl Pts',(-108.850572897804,-177.749999999999,-96.413186793288));
#2155=CARTESIAN_POINT('Ctrl Pts',(-107.052999329501,-175.749999999999,-96.8731167376504));
#2156=CARTESIAN_POINT('Ctrl Pts',(-107.052999329501,-177.749999999999,-96.8731167376504));
#2157=CARTESIAN_POINT('Ctrl Pts',(-104.326872796092,-175.749999999999,-97.4305721155808));
#2158=CARTESIAN_POINT('Ctrl Pts',(-104.326872796092,-177.749999999999,-97.4305721155808));
#2159=CARTESIAN_POINT('Ctrl Pts',(-103.413204862709,-175.749999999999,-97.5943218689937));
#2160=CARTESIAN_POINT('Ctrl Pts',(-103.413204862709,-177.749999999999,-97.5943218689937));
#2161=CARTESIAN_POINT('Ctrl Pts',(-101.576214962053,-175.749999999999,-97.8776615952661));
#2162=CARTESIAN_POINT('Ctrl Pts',(-101.576214962053,-177.749999999999,-97.8776615952661));
#2163=CARTESIAN_POINT('Ctrl Pts',(-100.651631538261,-175.749999999999,-97.9974134973412));
#2164=CARTESIAN_POINT('Ctrl Pts',(-100.651631538261,-177.749999999999,-97.9974134973412));
#2165=CARTESIAN_POINT('Ctrl Pts',(-97.8770106417215,-175.749999999999,-98.2887707121473));
#2166=CARTESIAN_POINT('Ctrl Pts',(-97.8770106417216,-177.749999999999,-98.2887707121473));
#2167=CARTESIAN_POINT('Ctrl Pts',(-96.0242039430613,-175.749999999999,-98.3926632532981));
#2168=CARTESIAN_POINT('Ctrl Pts',(-96.0242039430614,-177.749999999999,-98.3926632532981));
#2169=CARTESIAN_POINT('Ctrl Pts',(-93.2419848977155,-175.749999999999,-98.4127939608882));
#2170=CARTESIAN_POINT('Ctrl Pts',(-93.2419848977155,-177.749999999999,-98.4127939608882));
#2171=CARTESIAN_POINT('Ctrl Pts',(-92.3140781721796,-175.749999999999,-98.3968909967934));
#2172=CARTESIAN_POINT('Ctrl Pts',(-92.3140781721796,-177.749999999999,-98.3968909967934));
#2173=CARTESIAN_POINT('Ctrl Pts',(-90.4575280498843,-175.749999999999,-98.3198851233923));
#2174=CARTESIAN_POINT('Ctrl Pts',(-90.4575280498843,-177.749999999999,-98.3198851233923));
#2175=CARTESIAN_POINT('Ctrl Pts',(-89.5275781007268,-175.749999999999,-98.2586869214594));
#2176=CARTESIAN_POINT('Ctrl Pts',(-89.5275781007268,-177.749999999999,-98.2586869214594));
#2177=CARTESIAN_POINT('Ctrl Pts',(-86.748035823259,-175.749999999999,-98.0081975785264));
#2178=CARTESIAN_POINT('Ctrl Pts',(-86.7480358232591,-177.749999999999,-98.0081975785264));
#2179=CARTESIAN_POINT('Ctrl Pts',(-84.9098251960526,-175.749999999999,-97.752041955737));
#2180=CARTESIAN_POINT('Ctrl Pts',(-84.9098251960526,-177.749999999999,-97.752041955737));
#2181=CARTESIAN_POINT('Ctrl Pts',(-82.1763221637736,-175.749999999999,-97.2341689912065));
#2182=CARTESIAN_POINT('Ctrl Pts',(-82.1763221637736,-177.749999999999,-97.2341689912065));
#2183=CARTESIAN_POINT('Ctrl Pts',(-81.2691235652103,-175.749999999999,-97.0392763541912));
#2184=CARTESIAN_POINT('Ctrl Pts',(-81.2691235652103,-177.749999999999,-97.0392763541912));
#2185=CARTESIAN_POINT('Ctrl Pts',(-79.4629194901193,-175.749999999999,-96.6050291757551));
#2186=CARTESIAN_POINT('Ctrl Pts',(-79.4629194901193,-177.749999999999,-96.6050291757551));
#2187=CARTESIAN_POINT('Ctrl Pts',(-78.5628153989675,-175.749999999999,-96.3653672129718));
#2188=CARTESIAN_POINT('Ctrl Pts',(-78.5628153989675,-177.749999999999,-96.3653672129718));
#2189=CARTESIAN_POINT('Ctrl Pts',(-75.8832598173915,-175.749999999999,-95.582124140297));
#2190=CARTESIAN_POINT('Ctrl Pts',(-75.8832598173915,-177.749999999999,-95.582124140297));
#2191=CARTESIAN_POINT('Ctrl Pts',(-74.128961903468,-175.749999999999,-94.9754747811658));
#2192=CARTESIAN_POINT('Ctrl Pts',(-74.1289619034681,-177.749999999999,-94.9754747811658));
#2193=CARTESIAN_POINT('Ctrl Pts',(-71.5471618573221,-175.749999999999,-93.9391658294424));
#2194=CARTESIAN_POINT('Ctrl Pts',(-71.5471618573221,-177.749999999999,-93.9391658294424));
#2195=CARTESIAN_POINT('Ctrl Pts',(-70.2686726132716,-175.749999999999,-93.3894349853388));
#2196=CARTESIAN_POINT('Ctrl Pts',(-70.2686726132716,-177.749999999999,-93.3894349853388));
#2197=CARTESIAN_POINT('Ctrl Pts',(-68.7991313922635,-175.749999999999,-92.6929825314952));
#2198=CARTESIAN_POINT('Ctrl Pts',(-68.7991313922635,-177.749999999999,-92.6929825314952));
#2199=CARTESIAN_POINT('Ctrl Pts',(-68.1219914337486,-175.749999999999,-92.3568614175279));
#2200=CARTESIAN_POINT('Ctrl Pts',(-68.1219914337486,-177.749999999999,-92.3568614175279));
#2201=CARTESIAN_POINT('Ctrl Pts',(-67.8623803909847,-175.749999999999,-92.2255397669692));
#2202=CARTESIAN_POINT('Ctrl Pts',(-67.8623803909847,-177.749999999999,-92.2255397669692));
#2203=CARTESIAN_POINT('Ctrl Pts',(-67.7586022160559,-175.749999999999,-92.1728476017175));
#2204=CARTESIAN_POINT('Ctrl Pts',(-67.7586022160559,-177.749999999999,-92.1728476017175));
#2205=CARTESIAN_POINT('Ctrl Pts',(-67.7052578467369,-175.749999999999,-92.145643290853));
#2206=CARTESIAN_POINT('Ctrl Pts',(-67.7052578467369,-177.749999999999,-92.145643290853));
#2207=CARTESIAN_POINT('Ctrl Pts',(-67.5559536995377,-175.749999999999,-92.0693200567466));
#2208=CARTESIAN_POINT('Ctrl Pts',(-67.5559536995377,-177.749999999999,-92.0693200567466));
#2209=CARTESIAN_POINT('Ctrl Pts',(-67.456417601405,-175.749999999999,-92.0184379006756));
#2210=CARTESIAN_POINT('Ctrl Pts',(-67.456417601405,-177.749999999999,-92.0184379006756));
#2211=CARTESIAN_POINT('Ctrl Pts',(-67.3568815032723,-175.749999999999,-91.9675557446047));
#2212=CARTESIAN_POINT('Ctrl Pts',(-67.3568815032723,-177.749999999999,-91.9675557446047));
#2213=CARTESIAN_POINT('',(-110.627288918559,-175.749999999999,-95.8652816024678));
#2214=CARTESIAN_POINT('Ctrl Pts',(-67.3568815032723,-175.749999999999,-91.9675557446047));
#2215=CARTESIAN_POINT('Ctrl Pts',(-67.456417601405,-175.749999999999,-92.0184379006756));
#2216=CARTESIAN_POINT('Ctrl Pts',(-67.5559536995377,-175.749999999999,-92.0693200567466));
#2217=CARTESIAN_POINT('Ctrl Pts',(-67.7052578467369,-175.749999999999,-92.145643290853));
#2218=CARTESIAN_POINT('Ctrl Pts',(-67.7586022160559,-175.749999999999,-92.1728476017175));
#2219=CARTESIAN_POINT('Ctrl Pts',(-67.8623803909847,-175.749999999999,-92.2255397669692));
#2220=CARTESIAN_POINT('Ctrl Pts',(-68.1219914337486,-175.749999999999,-92.3568614175279));
#2221=CARTESIAN_POINT('Ctrl Pts',(-68.7991313922635,-175.749999999999,-92.6929825314952));
#2222=CARTESIAN_POINT('Ctrl Pts',(-70.2686726132716,-175.749999999999,-93.3894349853388));
#2223=CARTESIAN_POINT('Ctrl Pts',(-71.5471618573221,-175.749999999999,-93.9391658294424));
#2224=CARTESIAN_POINT('Ctrl Pts',(-74.128961903468,-175.749999999999,-94.9754747811658));
#2225=CARTESIAN_POINT('Ctrl Pts',(-75.8832598173915,-175.749999999999,-95.582124140297));
#2226=CARTESIAN_POINT('Ctrl Pts',(-78.5628153989675,-175.749999999999,-96.3653672129718));
#2227=CARTESIAN_POINT('Ctrl Pts',(-79.4629194901193,-175.749999999999,-96.6050291757551));
#2228=CARTESIAN_POINT('Ctrl Pts',(-81.2691235652103,-175.749999999999,-97.0392763541912));
#2229=CARTESIAN_POINT('Ctrl Pts',(-82.1763221637736,-175.749999999999,-97.2341689912065));
#2230=CARTESIAN_POINT('Ctrl Pts',(-84.9098251960526,-175.749999999999,-97.752041955737));
#2231=CARTESIAN_POINT('Ctrl Pts',(-86.748035823259,-175.749999999999,-98.0081975785264));
#2232=CARTESIAN_POINT('Ctrl Pts',(-89.5275781007268,-175.749999999999,-98.2586869214594));
#2233=CARTESIAN_POINT('Ctrl Pts',(-90.4575280498843,-175.749999999999,-98.3198851233923));
#2234=CARTESIAN_POINT('Ctrl Pts',(-92.3140781721796,-175.749999999999,-98.3968909967934));
#2235=CARTESIAN_POINT('Ctrl Pts',(-93.2419848977155,-175.749999999999,-98.4127939608882));
#2236=CARTESIAN_POINT('Ctrl Pts',(-96.0242039430613,-175.749999999999,-98.3926632532981));
#2237=CARTESIAN_POINT('Ctrl Pts',(-97.8770106417215,-175.749999999999,-98.2887707121473));
#2238=CARTESIAN_POINT('Ctrl Pts',(-100.651631538261,-175.749999999999,-97.9974134973412));
#2239=CARTESIAN_POINT('Ctrl Pts',(-101.576214962053,-175.749999999999,-97.8776615952661));
#2240=CARTESIAN_POINT('Ctrl Pts',(-103.413204862709,-175.749999999999,-97.5943218689937));
#2241=CARTESIAN_POINT('Ctrl Pts',(-104.326872796092,-175.749999999999,-97.4305721155808));
#2242=CARTESIAN_POINT('Ctrl Pts',(-107.052999329501,-175.749999999999,-96.8731167376504));
#2243=CARTESIAN_POINT('Ctrl Pts',(-108.850572897804,-175.749999999999,-96.413186793288));
#2244=CARTESIAN_POINT('Ctrl Pts',(-110.627288918559,-175.749999999999,-95.8652816024678));
#2245=CARTESIAN_POINT('',(-110.627288918559,-177.749999999999,-95.8652816024678));
#2246=CARTESIAN_POINT('Ctrl Pts',(-110.627288918559,-177.749999999999,-95.8652816024678));
#2247=CARTESIAN_POINT('Ctrl Pts',(-108.850572897804,-177.749999999999,-96.413186793288));
#2248=CARTESIAN_POINT('Ctrl Pts',(-107.052999329501,-177.749999999999,-96.8731167376504));
#2249=CARTESIAN_POINT('Ctrl Pts',(-104.326872796092,-177.749999999999,-97.4305721155808));
#2250=CARTESIAN_POINT('Ctrl Pts',(-103.413204862709,-177.749999999999,-97.5943218689937));
#2251=CARTESIAN_POINT('Ctrl Pts',(-101.576214962053,-177.749999999999,-97.8776615952661));
#2252=CARTESIAN_POINT('Ctrl Pts',(-100.651631538261,-177.749999999999,-97.9974134973412));
#2253=CARTESIAN_POINT('Ctrl Pts',(-97.8770106417216,-177.749999999999,-98.2887707121473));
#2254=CARTESIAN_POINT('Ctrl Pts',(-96.0242039430614,-177.749999999999,-98.3926632532981));
#2255=CARTESIAN_POINT('Ctrl Pts',(-93.2419848977155,-177.749999999999,-98.4127939608882));
#2256=CARTESIAN_POINT('Ctrl Pts',(-92.3140781721796,-177.749999999999,-98.3968909967934));
#2257=CARTESIAN_POINT('Ctrl Pts',(-90.4575280498843,-177.749999999999,-98.3198851233923));
#2258=CARTESIAN_POINT('Ctrl Pts',(-89.5275781007268,-177.749999999999,-98.2586869214594));
#2259=CARTESIAN_POINT('Ctrl Pts',(-86.7480358232591,-177.749999999999,-98.0081975785264));
#2260=CARTESIAN_POINT('Ctrl Pts',(-84.9098251960526,-177.749999999999,-97.752041955737));
#2261=CARTESIAN_POINT('Ctrl Pts',(-82.1763221637736,-177.749999999999,-97.2341689912065));
#2262=CARTESIAN_POINT('Ctrl Pts',(-81.2691235652103,-177.749999999999,-97.0392763541912));
#2263=CARTESIAN_POINT('Ctrl Pts',(-79.4629194901193,-177.749999999999,-96.6050291757551));
#2264=CARTESIAN_POINT('Ctrl Pts',(-78.5628153989675,-177.749999999999,-96.3653672129718));
#2265=CARTESIAN_POINT('Ctrl Pts',(-75.8832598173915,-177.749999999999,-95.582124140297));
#2266=CARTESIAN_POINT('Ctrl Pts',(-74.1289619034681,-177.749999999999,-94.9754747811658));
#2267=CARTESIAN_POINT('Ctrl Pts',(-71.5471618573221,-177.749999999999,-93.9391658294424));
#2268=CARTESIAN_POINT('Ctrl Pts',(-70.2686726132716,-177.749999999999,-93.3894349853388));
#2269=CARTESIAN_POINT('Ctrl Pts',(-68.7991313922635,-177.749999999999,-92.6929825314952));
#2270=CARTESIAN_POINT('Ctrl Pts',(-68.1219914337486,-177.749999999999,-92.3568614175279));
#2271=CARTESIAN_POINT('Ctrl Pts',(-67.8623803909847,-177.749999999999,-92.2255397669692));
#2272=CARTESIAN_POINT('Ctrl Pts',(-67.7586022160559,-177.749999999999,-92.1728476017175));
#2273=CARTESIAN_POINT('Ctrl Pts',(-67.7052578467369,-177.749999999999,-92.145643290853));
#2274=CARTESIAN_POINT('Ctrl Pts',(-67.5559536995377,-177.749999999999,-92.0693200567466));
#2275=CARTESIAN_POINT('Ctrl Pts',(-67.456417601405,-177.749999999999,-92.0184379006756));
#2276=CARTESIAN_POINT('Ctrl Pts',(-67.3568815032723,-177.749999999999,-91.9675557446047));
#2277=CARTESIAN_POINT('',(-110.627288918559,-175.749999999999,-95.8652816024678));
#2278=CARTESIAN_POINT('Origin',(-120.168897277018,-175.749999999999,-104.46316284029));
#2279=CARTESIAN_POINT('',(-120.168897277018,-175.749999999999,-104.46316284029));
#2280=CARTESIAN_POINT('',(-110.627288918559,-175.749999999999,-95.8652816024678));
#2281=CARTESIAN_POINT('',(-120.168897277018,-177.749999999999,-104.46316284029));
#2282=CARTESIAN_POINT('',(-110.627288918559,-177.749999999999,-95.8652816024678));
#2283=CARTESIAN_POINT('',(-120.168897277018,-175.749999999999,-104.46316284029));
#2284=CARTESIAN_POINT('Origin',(-173.056031803082,-175.749999999999,-118.815509821472));
#2285=CARTESIAN_POINT('',(-120.110633172811,-175.749999999999,-132.951408311767));
#2286=CARTESIAN_POINT('Origin',(-173.056031803082,-175.749999999999,-118.815509821472));
#2287=CARTESIAN_POINT('',(-120.110633172811,-177.749999999999,-132.951408311767));
#2288=CARTESIAN_POINT('Origin',(-173.056031803082,-177.749999999999,-118.815509821472));
#2289=CARTESIAN_POINT('',(-120.110633172811,-175.749999999999,-132.951408311767));
#2290=CARTESIAN_POINT('Origin',(-123.852556080515,-175.749999999999,-139.444742133656));
#2291=CARTESIAN_POINT('',(-123.852556080515,-175.749999999999,-139.444742133656));
#2292=CARTESIAN_POINT('',(-134.278545268901,-175.749999999999,-157.536891516055));
#2293=CARTESIAN_POINT('',(-123.852556080515,-177.749999999999,-139.444742133656));
#2294=CARTESIAN_POINT('',(-134.278545268901,-177.749999999999,-157.536891516055));
#2295=CARTESIAN_POINT('',(-123.852556080515,-175.749999999999,-139.444742133656));
#2296=CARTESIAN_POINT('Origin',(-123.991805623244,-175.749999999999,-137.707008633559));
#2297=CARTESIAN_POINT('',(-123.991805623244,-175.749999999999,-137.707008633559));
#2298=CARTESIAN_POINT('',(-123.991805623244,-177.749999999999,-137.707008633559));
#2299=CARTESIAN_POINT('Origin',(-133.044984384036,-177.749999999999,-79.9750106011631));
#2300=CARTESIAN_POINT('Origin',(-133.044984384036,-175.749999999999,-79.9750106011631));
#2301=CARTESIAN_POINT('',(-3.74297331701221,8.83852783203167,1.88822716075638));
#2302=UNCERTAINTY_MEASURE_WITH_UNIT(LENGTH_MEASURE(0.01),#2308,
'DISTANCE_ACCURACY_VALUE',
'Maximum model space distance between geometric entities at asserted c
onnectivities');
#2303=UNCERTAINTY_MEASURE_WITH_UNIT(LENGTH_MEASURE(0.01),#2308,
'DISTANCE_ACCURACY_VALUE',
'Maximum model space distance between geometric entities at asserted c
onnectivities');
#2304=UNCERTAINTY_MEASURE_WITH_UNIT(LENGTH_MEASURE(0.01),#2308,
'DISTANCE_ACCURACY_VALUE',
'Maximum model space distance between geometric entities at asserted c
onnectivities');
#2305=(
GEOMETRIC_REPRESENTATION_CONTEXT(3)
GLOBAL_UNCERTAINTY_ASSIGNED_CONTEXT((#2302))
GLOBAL_UNIT_ASSIGNED_CONTEXT((#2308,#2310,#2311))
REPRESENTATION_CONTEXT('','3D')
);
#2306=(
GEOMETRIC_REPRESENTATION_CONTEXT(3)
GLOBAL_UNCERTAINTY_ASSIGNED_CONTEXT((#2303))
GLOBAL_UNIT_ASSIGNED_CONTEXT((#2308,#2310,#2311))
REPRESENTATION_CONTEXT('','3D')
);
#2307=(
GEOMETRIC_REPRESENTATION_CONTEXT(3)
GLOBAL_UNCERTAINTY_ASSIGNED_CONTEXT((#2304))
GLOBAL_UNIT_ASSIGNED_CONTEXT((#2308,#2310,#2311))
REPRESENTATION_CONTEXT('','3D')
);
#2308=(
LENGTH_UNIT()
NAMED_UNIT(*)
SI_UNIT(.MILLI.,.METRE.)
);
#2309=(
LENGTH_UNIT()
NAMED_UNIT(*)
SI_UNIT($,.METRE.)
);
#2310=(
NAMED_UNIT(*)
PLANE_ANGLE_UNIT()
SI_UNIT($,.RADIAN.)
);
#2311=(
NAMED_UNIT(*)
SI_UNIT($,.STERADIAN.)
SOLID_ANGLE_UNIT()
);
#2312=SHAPE_DEFINITION_REPRESENTATION(#2314,#2317);
#2313=SHAPE_DEFINITION_REPRESENTATION(#2315,#2318);
#2314=PRODUCT_DEFINITION_SHAPE('',$,#2320);
#2315=PRODUCT_DEFINITION_SHAPE('',$,#2321);
#2316=PRODUCT_DEFINITION_SHAPE($,$,#14);
#2317=SHAPE_REPRESENTATION('',(#1298,#1445),#2305);
#2318=SHAPE_REPRESENTATION('',(#1299),#2306);
#2319=PRODUCT_DEFINITION_CONTEXT('part definition',#2327,'design');
#2320=PRODUCT_DEFINITION('Leg (right)','Leg (right) v74',#2322,#2319);
#2321=PRODUCT_DEFINITION('Thigh','Thigh',#2323,#2319);
#2322=PRODUCT_DEFINITION_FORMATION('',$,#2329);
#2323=PRODUCT_DEFINITION_FORMATION('',$,#2330);
#2324=PRODUCT_RELATED_PRODUCT_CATEGORY('Leg (right) v74',
'Leg (right) v74',(#2329));
#2325=PRODUCT_RELATED_PRODUCT_CATEGORY('Thigh','Thigh',(#2330));
#2326=APPLICATION_PROTOCOL_DEFINITION('international standard',
'automotive_design',2009,#2327);
#2327=APPLICATION_CONTEXT(
'Core Data for Automotive Mechanical Design Process');
#2328=PRODUCT_CONTEXT('part definition',#2327,'mechanical');
#2329=PRODUCT('Leg (right)','Leg (right) v74',$,(#2328));
#2330=PRODUCT('Thigh','Thigh',$,(#2328));
#2331=PRESENTATION_STYLE_ASSIGNMENT((#2338));
#2332=PRESENTATION_STYLE_ASSIGNMENT((#2339));
#2333=PRESENTATION_STYLE_ASSIGNMENT((#2340));
#2334=PRESENTATION_STYLE_ASSIGNMENT((#2341));
#2335=PRESENTATION_STYLE_ASSIGNMENT((#2342));
#2336=PRESENTATION_STYLE_ASSIGNMENT((#2343));
#2337=PRESENTATION_STYLE_ASSIGNMENT((#2344));
#2338=SURFACE_STYLE_USAGE(.BOTH.,#2345);
#2339=SURFACE_STYLE_USAGE(.BOTH.,#2346);
#2340=SURFACE_STYLE_USAGE(.BOTH.,#2347);
#2341=SURFACE_STYLE_USAGE(.BOTH.,#2348);
#2342=SURFACE_STYLE_USAGE(.BOTH.,#2349);
#2343=SURFACE_STYLE_USAGE(.BOTH.,#2350);
#2344=SURFACE_STYLE_USAGE(.BOTH.,#2351);
#2345=SURFACE_SIDE_STYLE('',(#2352));
#2346=SURFACE_SIDE_STYLE('',(#2353));
#2347=SURFACE_SIDE_STYLE('',(#2354));
#2348=SURFACE_SIDE_STYLE('',(#2355));
#2349=SURFACE_SIDE_STYLE('',(#2356));
#2350=SURFACE_SIDE_STYLE('',(#2357));
#2351=SURFACE_SIDE_STYLE('',(#2358));
#2352=SURFACE_STYLE_FILL_AREA(#2359);
#2353=SURFACE_STYLE_FILL_AREA(#2360);
#2354=SURFACE_STYLE_FILL_AREA(#2361);
#2355=SURFACE_STYLE_FILL_AREA(#2362);
#2356=SURFACE_STYLE_FILL_AREA(#2363);
#2357=SURFACE_STYLE_FILL_AREA(#2364);
#2358=SURFACE_STYLE_FILL_AREA(#2365);
#2359=FILL_AREA_STYLE('Steel - Satin',(#2366));
#2360=FILL_AREA_STYLE('Plate',(#2367));
#2361=FILL_AREA_STYLE('ABS (White)',(#2368));
#2362=FILL_AREA_STYLE('Aluminum - Satin',(#2369));
#2363=FILL_AREA_STYLE('ABS (White) (1)',(#2370));
#2364=FILL_AREA_STYLE('Aluminum - Anodized Glossy (Grey)',(#2371));
#2365=FILL_AREA_STYLE('Opaque(250,182,1)',(#2372));
#2366=FILL_AREA_STYLE_COLOUR('Steel - Satin',#2373);
#2367=FILL_AREA_STYLE_COLOUR('Plate',#2374);
#2368=FILL_AREA_STYLE_COLOUR('ABS (White)',#2375);
#2369=FILL_AREA_STYLE_COLOUR('Aluminum - Satin',#2376);
#2370=FILL_AREA_STYLE_COLOUR('ABS (White) (1)',#2377);
#2371=FILL_AREA_STYLE_COLOUR('Aluminum - Anodized Glossy (Grey)',#2378);
#2372=FILL_AREA_STYLE_COLOUR('Opaque(250,182,1)',#2379);
#2373=COLOUR_RGB('Steel - Satin',0.627450980392157,0.627450980392157,0.627450980392157);
#2374=COLOUR_RGB('Plate',0.6,0.6,0.6);
#2375=COLOUR_RGB('ABS (White)',0.964705882352941,0.964705882352941,0.952941176470588);
#2376=COLOUR_RGB('Aluminum - Satin',0.96078431372549,0.96078431372549,0.964705882352941);
#2377=COLOUR_RGB('ABS (White) (1)',0.905882352941176,0.262745098039216,
0.184313725490196);
#2378=COLOUR_RGB('Aluminum - Anodized Glossy (Grey)',0.537254901960784,
0.537254901960784,0.537254901960784);
#2379=COLOUR_RGB('Opaque(250,182,1)',0.980392156862745,0.713725490196078,
0.00392156862745098);
ENDSEC;
END-ISO-10303-21;
