ISO-10303-21;
HEADER;
/* Generated by software containing ST-Developer
 * from STEP Tools, Inc. (www.steptools.com) 
 */

FILE_DESCRIPTION(
/* description */ (''),
/* implementation_level */ '2;1');

FILE_NAME(
/* name */ 'UpperCableTube.step',
/* time_stamp */ '2026-08-13T12:51:00-04:00',
/* author */ (''),
/* organization */ (''),
/* preprocessor_version */ 'ST-DEVELOPER v20.1',
/* originating_system */ 'Autodesk Translation Framework v15.8.0.0',
/* authorisation */ '');

FILE_SCHEMA (('AUTOMOTIVE_DESIGN { 1 0 10303 214 3 1 1 }'));
ENDSEC;

DATA;
#10=MECHANICAL_DESIGN_GEOMETRIC_PRESENTATION_REPRESENTATION('',(#17),#2828);
#11=ITEM_DEFINED_TRANSFORMATION($,$,#1300,#1436);
#12=(
REPRESENTATION_RELATIONSHIP($,$,#2839,#2838)
REPRESENTATION_RELATIONSHIP_WITH_TRANSFORMATION(#11)
SHAPE_REPRESENTATION_RELATIONSHIP()
);
#13=CONTEXT_DEPENDENT_SHAPE_REPRESENTATION(#12,#2837);
#14=NEXT_ASSEMBLY_USAGE_OCCURRENCE('Thigh:1','Thigh:1','Thigh:1',#2841,
#2842,'Thigh:1');
#15=SHAPE_REPRESENTATION_RELATIONSHIP('SRR','None',#2839,#16);
#16=ADVANCED_BREP_SHAPE_REPRESENTATION('',(#18),#2827);
#17=STYLED_ITEM('',(#2854),#18);
#18=MANIFOLD_SOLID_BREP('UpperCableTube',#1286);
#19=TOROIDAL_SURFACE('',#1421,5.50000809697116,0.499988629851362);
#20=TOROIDAL_SURFACE('',#1422,5.50000868137969,0.499989207700953);
#21=TOROIDAL_SURFACE('',#1423,5.50000778612362,0.499988532203995);
#22=TOROIDAL_SURFACE('',#1424,5.50000795107571,0.499989229866047);
#23=TOROIDAL_SURFACE('',#1425,5.50000704482362,0.499988586345344);
#24=TOROIDAL_SURFACE('',#1426,5.50000845037191,0.499988666970515);
#25=SPHERICAL_SURFACE('',#1417,7.50000104275409);
#26=SPHERICAL_SURFACE('',#1420,4.99436367870078);
#27=CONICAL_SURFACE('',#1412,4.9999248018665,1.46321891454306E-5);
#28=CONICAL_SURFACE('',#1413,2.46391028938593,0.785445224216192);
#29=CONICAL_SURFACE('',#1414,4.07863765531398,0.785111927599691);
#30=CONICAL_SURFACE('',#1415,4.05447698947224,0.785103057261987);
#31=CONICAL_SURFACE('',#1416,2.4771490933022,0.785418064210266);
#32=CONICAL_SURFACE('',#1418,3.0536287897856,0.779164083245803);
#33=CONICAL_SURFACE('',#1419,2.95303544057245,0.77922439835842);
#34=CYLINDRICAL_SURFACE('',#1376,1.60000177439601);
#35=CYLINDRICAL_SURFACE('',#1377,1.59999882441264);
#36=CYLINDRICAL_SURFACE('',#1378,2.49999509834);
#37=CYLINDRICAL_SURFACE('',#1380,2.49998267429395);
#38=CYLINDRICAL_SURFACE('',#1382,2.49993253448893);
#39=CYLINDRICAL_SURFACE('',#1385,2.50000081310483);
#40=CYLINDRICAL_SURFACE('',#1387,5.49999895095628);
#41=CYLINDRICAL_SURFACE('',#1390,5.49988478655873);
#42=CYLINDRICAL_SURFACE('',#1392,5.49999858225705);
#43=CYLINDRICAL_SURFACE('',#1395,5.4999996078101);
#44=CYLINDRICAL_SURFACE('',#1398,5.5000002201002);
#45=CYLINDRICAL_SURFACE('',#1401,5.49999920367407);
#46=CYLINDRICAL_SURFACE('',#1404,7.5000008534564);
#47=CYLINDRICAL_SURFACE('',#1406,2.49994471743665);
#48=CYLINDRICAL_SURFACE('',#1409,1.60000109433486);
#49=CYLINDRICAL_SURFACE('',#1410,2.5000278551903);
#50=CYLINDRICAL_SURFACE('',#1427,0.999999999999996);
#51=CYLINDRICAL_SURFACE('',#1428,1.);
#52=CYLINDRICAL_SURFACE('',#1429,0.999999999999996);
#53=CYLINDRICAL_SURFACE('',#1430,1.00000000000001);
#54=CYLINDRICAL_SURFACE('',#1431,0.999999999999999);
#55=CYLINDRICAL_SURFACE('',#1432,0.999999999999991);
#56=CYLINDRICAL_SURFACE('',#1433,1.00000000000001);
#57=CYLINDRICAL_SURFACE('',#1434,0.999999999999996);
#58=CYLINDRICAL_SURFACE('',#1435,1.);
#59=B_SPLINE_CURVE_WITH_KNOTS('',3,(#1994,#1995,#1996,#1997),
 .UNSPECIFIED.,.F.,.F.,(4,4),(0.,1.),.UNSPECIFIED.);
#60=B_SPLINE_CURVE_WITH_KNOTS('',3,(#1999,#2000,#2001,#2002),
 .UNSPECIFIED.,.F.,.F.,(4,4),(0.,1.),.UNSPECIFIED.);
#61=B_SPLINE_CURVE_WITH_KNOTS('',3,(#2009,#2010,#2011,#2012),
 .UNSPECIFIED.,.F.,.F.,(4,4),(0.,1.),.UNSPECIFIED.);
#62=B_SPLINE_CURVE_WITH_KNOTS('',3,(#2017,#2018,#2019,#2020),
 .UNSPECIFIED.,.F.,.F.,(4,4),(0.,1.),.UNSPECIFIED.);
#63=B_SPLINE_CURVE_WITH_KNOTS('',3,(#2024,#2025,#2026,#2027),
 .UNSPECIFIED.,.F.,.F.,(4,4),(9.69617515378274E-6,1.),.UNSPECIFIED.);
#64=B_SPLINE_CURVE_WITH_KNOTS('',3,(#2032,#2033,#2034,#2035),
 .UNSPECIFIED.,.F.,.F.,(4,4),(0.,0.999990488998856),.UNSPECIFIED.);
#65=B_SPLINE_CURVE_WITH_KNOTS('',3,(#2059,#2060,#2061,#2062,#2063,#2064,
#2065,#2066,#2067,#2068,#2069,#2070,#2071,#2072,#2073,#2074,#2075,#2076),
 .UNSPECIFIED.,.F.,.F.,(4,2,2,2,2,2,2,2,4),(0.0765766279462792,0.0969641308221025,
0.116743143832651,0.135599283284827,0.153628067505899,0.171656851853364,
0.190512992185021,0.210292005967068,0.230680069083428),.UNSPECIFIED.);
#66=B_SPLINE_CURVE_WITH_KNOTS('',3,(#2080,#2081,#2082,#2083,#2084,#2085,
#2086,#2087,#2088,#2089,#2090,#2091,#2092,#2093,#2094,#2095,#2096,#2097),
 .UNSPECIFIED.,.F.,.F.,(4,2,2,2,2,2,2,2,4),(0.0765767294183631,0.0969641386586241,
0.116743152653961,0.135599293043113,0.153628078576921,0.171656864362403,
0.190513006502828,0.210292022034404,0.230679481413043),.UNSPECIFIED.);
#67=B_SPLINE_CURVE_WITH_KNOTS('',3,(#2101,#2102,#2103,#2104,#2105,#2106,
#2107,#2108,#2109,#2110,#2111,#2112,#2113,#2114,#2115,#2116,#2117,#2118),
 .UNSPECIFIED.,.F.,.F.,(4,2,2,2,2,2,2,2,4),(0.0765761760186996,0.0969641299081867,
0.11674314305751,0.135599281208032,0.153628063075939,0.17165684513523,0.190512984617483,
0.210291998935029,0.230679791853679),.UNSPECIFIED.);
#68=B_SPLINE_CURVE_WITH_KNOTS('',3,(#2122,#2123,#2124,#2125,#2126,#2127,
#2128,#2129,#2130,#2131,#2132,#2133,#2134,#2135,#2136,#2137,#2138,#2139),
 .UNSPECIFIED.,.F.,.F.,(4,2,2,2,2,2,2,2,4),(0.0765766850908688,0.0969642456499455,
0.116743282729651,0.135599445211009,0.153628251090544,0.171657057003669,
0.190513219718749,0.210292257003481,0.230679968975323),.UNSPECIFIED.);
#69=B_SPLINE_CURVE_WITH_KNOTS('',3,(#2143,#2144,#2145,#2146,#2147,#2148,
#2149,#2150,#2151,#2152,#2153,#2154,#2155,#2156,#2157,#2158,#2159,#2160),
 .UNSPECIFIED.,.F.,.F.,(4,2,2,2,2,2,2,2,4),(0.0765765935635564,0.0969641169555865,
0.116743128131778,0.135599264736757,0.153628044874128,0.171656825028045,
0.190512961748174,0.210291973025372,0.230679786115993),.UNSPECIFIED.);
#70=B_SPLINE_CURVE_WITH_KNOTS('',3,(#2164,#2165,#2166,#2167,#2168,#2169,
#2170,#2171,#2172,#2173,#2174,#2175,#2176,#2177,#2178,#2179,#2180,#2181),
 .UNSPECIFIED.,.F.,.F.,(4,2,2,2,2,2,2,2,4),(0.0766071921216791,0.0969642454901841,
0.116743282454034,0.135599444099397,0.153628248782111,0.171657053573062,
0.190513215971573,0.210292253596103,0.230679688629848),.UNSPECIFIED.);
#71=B_SPLINE_CURVE_WITH_KNOTS('',3,(#2197,#2198,#2199,#2200,#2201,#2202,
#2203,#2204,#2205,#2206,#2207,#2208,#2209,#2210,#2211,#2212,#2213,#2214,
#2215,#2216,#2217,#2218,#2219,#2220,#2221,#2222,#2223,#2224,#2225,#2226,
#2227,#2228,#2229,#2230),.UNSPECIFIED.,.F.,.F.,(4,2,2,2,2,2,2,2,2,2,2,2,
2,2,2,2,4),(0.,0.0625,0.125,0.1875,0.25,0.3125,0.375,0.4375,0.5,0.5625,
0.625,0.6875,0.75,0.8125,0.875,0.9375,1.),.UNSPECIFIED.);
#72=B_SPLINE_CURVE_WITH_KNOTS('',3,(#2237,#2238,#2239,#2240,#2241,#2242,
#2243,#2244,#2245,#2246,#2247,#2248,#2249,#2250,#2251,#2252,#2253,#2254),
 .UNSPECIFIED.,.F.,.F.,(4,2,2,2,2,2,2,2,4),(-0.230679730166036,-0.210292248234477,
-0.19051321170252,-0.171657049726433,-0.153628244612916,-0.135599439560343,
-0.116743278008326,-0.0969642418483705,-0.076607391282824),
 .UNSPECIFIED.);
#73=B_SPLINE_CURVE_WITH_KNOTS('',3,(#2258,#2259,#2260,#2261,#2262,#2263,
#2264,#2265,#2266,#2267,#2268,#2269,#2270,#2271,#2272,#2273,#2274,#2275),
 .UNSPECIFIED.,.F.,.F.,(4,2,2,2,2,2,2,2,4),(-0.230679722413005,-0.210291962834333,
-0.190512953285275,-0.171656816674637,-0.153628035670073,-0.135599254818143,
-0.116743119269569,-0.0969641106521784,-0.076576584876431),
 .UNSPECIFIED.);
#74=B_SPLINE_CURVE_WITH_KNOTS('',3,(#2279,#2280,#2281,#2282,#2283,#2284,
#2285,#2286,#2287,#2288,#2289,#2290,#2291,#2292,#2293,#2294,#2295,#2296),
 .UNSPECIFIED.,.F.,.F.,(4,2,2,2,2,2,2,2,4),(-0.230680004342012,-0.210292263780919,
-0.190513225049983,-0.171657061671374,-0.153628256121603,-0.13559945070742,
-0.116743288272306,-0.0969642503690241,-0.0765766501383551),
 .UNSPECIFIED.);
#75=B_SPLINE_CURVE_WITH_KNOTS('',3,(#2300,#2301,#2302,#2303,#2304,#2305,
#2306,#2307,#2308,#2309,#2310,#2311,#2312,#2313,#2314,#2315,#2316,#2317),
 .UNSPECIFIED.,.F.,.F.,(4,2,2,2,2,2,2,2,4),(-0.230679581529024,-0.210291982878359,
-0.190512971943771,-0.171656833947395,-0.153628050997754,-0.135599268025905,
-0.116743129875022,-0.0969641188048927,-0.0765762583808981),
 .UNSPECIFIED.);
#76=B_SPLINE_CURVE_WITH_KNOTS('',3,(#2321,#2322,#2323,#2324,#2325,#2326,
#2327,#2328,#2329,#2330,#2331,#2332,#2333,#2334,#2335,#2336,#2337,#2338),
 .UNSPECIFIED.,.F.,.F.,(4,2,2,2,2,2,2,2,4),(-0.230679432466631,-0.210292017949697,
-0.190513003710348,-0.171656862806648,-0.153628077088824,-0.135599291288502,
-0.116743149810751,-0.0969641350678337,-0.0765767175836985),
 .UNSPECIFIED.);
#77=B_SPLINE_CURVE_WITH_KNOTS('',3,(#2341,#2342,#2343,#2344,#2345,#2346,
#2347,#2348,#2349,#2350,#2351,#2352,#2353,#2354,#2355,#2356,#2357,#2358),
 .UNSPECIFIED.,.F.,.F.,(4,2,2,2,2,2,2,2,4),(-0.230680542283934,-0.210694298582735,
-0.19128052552181,-0.172019655049462,-0.153628065375561,-0.135599280940304,
-0.11674314132566,-0.0969641285320858,-0.0765766378157443),
 .UNSPECIFIED.);
#78=B_SPLINE_CURVE_WITH_KNOTS('',3,(#2401,#2402,#2403,#2404,#2405,#2406,
#2407,#2408,#2409,#2410,#2411,#2412,#2413),.UNSPECIFIED.,.F.,.F.,(4,2,2,
2,3,4),(-0.638057886358369,-0.439041578672513,-0.219520789336257,-0.109760394668128,
0.,0.0307292650119472),.UNSPECIFIED.);
#79=B_SPLINE_CURVE_WITH_KNOTS('',3,(#2415,#2416,#2417,#2418,#2419,#2420,
#2421,#2422,#2423,#2424,#2425,#2426),.UNSPECIFIED.,.F.,.F.,(4,2,2,2,2,4),
(-1.72087379090141,-1.69011055859321,-1.57999010727156,-1.4698696559499,
-1.2496287533066,-1.04791749571664),.UNSPECIFIED.);
#80=B_SPLINE_CURVE_WITH_KNOTS('',3,(#2450,#2451,#2452,#2453,#2454,#2455,
#2456,#2457,#2458,#2459,#2460,#2461,#2462,#2463,#2464,#2465,#2466,#2467,
#2468,#2469,#2470,#2471,#2472,#2473,#2474,#2475,#2476,#2477,#2478,#2479,
#2480,#2481,#2482,#2483,#2484,#2485,#2486,#2487,#2488,#2489,#2490,#2491,
#2492,#2493,#2494,#2495,#2496,#2497,#2498,#2499,#2500,#2501,#2502,#2503,
#2504,#2505,#2506,#2507,#2508,#2509,#2510,#2511,#2512,#2513,#2514,#2515,
#2516,#2517,#2518,#2519,#2520,#2521,#2522,#2523,#2524,#2525,#2526,#2527,
#2528,#2529,#2530,#2531,#2532,#2533,#2534,#2535,#2536,#2537,#2538,#2539,
#2540,#2541,#2542,#2543,#2544,#2545,#2546,#2547,#2548,#2549,#2550,#2551,
#2552,#2553,#2554,#2555,#2556,#2557,#2558,#2559,#2560,#2561,#2562,#2563,
#2564,#2565,#2566,#2567,#2568,#2569,#2570,#2571,#2572,#2573,#2574,#2575,
#2576,#2577,#2578,#2579,#2580,#2581,#2582,#2583,#2584,#2585,#2586,#2587,
#2588,#2589,#2590,#2591,#2592,#2593,#2594,#2595,#2596,#2597,#2598,#2599,
#2600,#2601,#2602,#2603,#2604,#2605,#2606,#2607,#2608,#2609,#2610,#2611,
#2612,#2613,#2614,#2615,#2616,#2617,#2618,#2619,#2620,#2621,#2622,#2623,
#2624,#2625,#2626,#2627,#2628,#2629,#2630,#2631,#2632,#2633,#2634,#2635,
#2636,#2637,#2638,#2639,#2640,#2641,#2642,#2643,#2644,#2645,#2646,#2647,
#2648,#2649,#2650,#2651,#2652,#2653,#2654,#2655,#2656,#2657,#2658,#2659,
#2660,#2661,#2662,#2663,#2664,#2665,#2666,#2667,#2668,#2669,#2670,#2671,
#2672,#2673,#2674,#2675,#2676,#2677,#2678,#2679,#2680,#2681,#2682,#2683,
#2684,#2685,#2686,#2687,#2688,#2689,#2690,#2691,#2692,#2693,#2694,#2695,
#2696,#2697,#2698,#2699,#2700,#2701,#2702,#2703,#2704,#2705,#2706,#2707,
#2708,#2709,#2710,#2711,#2712,#2713,#2714,#2715,#2716,#2717,#2718,#2719,
#2720,#2721,#2722,#2723,#2724,#2725,#2726,#2727,#2728,#2729,#2730,#2731,
#2732,#2733,#2734,#2735,#2736,#2737,#2738,#2739,#2740,#2741,#2742,#2743,
#2744,#2745,#2746,#2747,#2748,#2749,#2750,#2751,#2752,#2753,#2754,#2755,
#2756,#2757,#2758,#2759,#2760,#2761,#2762,#2763,#2764,#2765,#2766,#2767,
#2768,#2769,#2770,#2771,#2772,#2773,#2774,#2775,#2776,#2777,#2778,#2779,
#2780,#2781,#2782,#2783,#2784,#2785,#2786,#2787,#2788,#2789,#2790,#2791,
#2792,#2793,#2794,#2795,#2796,#2797,#2798),.UNSPECIFIED.,.F.,.F.,(4,3,3,
3,3,3,3,3,3,3,3,3,3,3,3,3,3,3,3,3,3,3,3,3,3,3,3,3,3,3,3,3,3,3,3,3,3,3,3,
3,3,3,3,3,3,3,3,3,3,3,3,3,3,3,3,3,3,3,3,3,3,3,3,3,3,3,3,3,3,3,3,3,3,3,3,
3,3,3,3,3,3,3,3,3,3,3,3,3,3,3,3,3,3,3,3,3,3,3,3,3,3,3,3,3,3,3,3,3,3,3,3,
3,3,3,3,3,4),(8.22754810574859E-6,0.0185295874989222,0.0234318437991893,
0.0435098608381901,0.0473140577943514,0.068904554877944,0.0719039367685843,
0.0949359884771394,0.0969331073536869,0.122596346302732,0.12500000000022,
0.150791961565153,0.177763898435837,0.205422613116859,0.23414396163492,
0.25000000000044,0.278408926817743,0.304502822671898,0.307139728004422,
0.331472299965832,0.335767865695913,0.358173756808417,0.363929522399062,
0.375000000000661,0.394760910930302,0.403449303159316,0.421323006975654,
0.430883947018606,0.43750000000077,0.45325719518954,0.464499819602286,0.468750000000825,
0.482955396580181,0.484375000000852,0.492187500000866,0.496093750000873,
0.498046875000876,0.499023437500878,0.500000000000879,0.514075686674126,
0.523738887868893,0.536378891777241,0.546982411502916,0.558285789301514,
0.569521182374324,0.579640121157962,0.589691614250378,0.591669782896979,
0.600679768527426,0.609697738072829,0.613252772168321,0.621590404029384,
0.625000000000601,0.632831602551449,0.64085448285133,0.646084647163298,
0.653926633461379,0.661824576400284,0.66679232358188,0.673371702179018,
0.679615795493684,0.685462911764039,0.687500000000462,0.692524665126439,
0.697592133644862,0.702751476667475,0.707396340048726,0.713073170024559,
0.718750000000392,0.724274341078602,0.729352826266015,0.734375000000356,
0.739394669636186,0.74218750000034,0.746093750000331,0.748046875000326,
0.749511718750324,0.749897451504925,0.750000000000325,0.754364994580858,
0.759212384698667,0.762755048737713,0.767841430180217,0.772775168301419,
0.77582758638726,0.781063205915969,0.786223478486874,0.789087001156354,
0.794781569974561,0.800473762596139,0.802666875882526,0.808922070659315,
0.812500000000244,0.819450471397533,0.826400942794821,0.834151915590819,
0.840715190707871,0.849350417725481,0.855270588955401,0.864837301335414,
0.870175456935228,0.875000000000162,0.885927950037594,0.890625000000142,
0.902536660573004,0.906094521856099,0.918944917148676,0.921882831971471,
0.935590831021795,0.937500000000081,0.951959458964828,0.953683061581759,
0.968746756186881,0.969965177151815,0.985472848756351,0.98636723137656,
0.999994363561177),.UNSPECIFIED.);
#81=ELLIPSE('',#1340,1.00931430140583,1.00927513495285);
#82=ELLIPSE('',#1343,1.00923250174242,1.0091923586799);
#83=ELLIPSE('',#1349,10.6066339663251,7.50000405217319);
#84=ELLIPSE('',#1359,10.6066005498145,7.49999589632158);
#85=FACE_BOUND('',#161,.T.);
#86=FACE_BOUND('',#166,.T.);
#87=FACE_BOUND('',#168,.T.);
#88=FACE_BOUND('',#172,.T.);
#89=FACE_BOUND('',#173,.T.);
#90=FACE_BOUND('',#174,.T.);
#91=FACE_OUTER_BOUND('',#160,.T.);
#92=FACE_OUTER_BOUND('',#162,.T.);
#93=FACE_OUTER_BOUND('',#163,.T.);
#94=FACE_OUTER_BOUND('',#164,.T.);
#95=FACE_OUTER_BOUND('',#165,.T.);
#96=FACE_OUTER_BOUND('',#167,.T.);
#97=FACE_OUTER_BOUND('',#169,.T.);
#98=FACE_OUTER_BOUND('',#170,.T.);
#99=FACE_OUTER_BOUND('',#171,.T.);
#100=FACE_OUTER_BOUND('',#175,.T.);
#101=FACE_OUTER_BOUND('',#176,.T.);
#102=FACE_OUTER_BOUND('',#177,.T.);
#103=FACE_OUTER_BOUND('',#178,.T.);
#104=FACE_OUTER_BOUND('',#179,.T.);
#105=FACE_OUTER_BOUND('',#180,.T.);
#106=FACE_OUTER_BOUND('',#181,.T.);
#107=FACE_OUTER_BOUND('',#182,.T.);
#108=FACE_OUTER_BOUND('',#183,.T.);
#109=FACE_OUTER_BOUND('',#184,.T.);
#110=FACE_OUTER_BOUND('',#185,.T.);
#111=FACE_OUTER_BOUND('',#186,.T.);
#112=FACE_OUTER_BOUND('',#187,.T.);
#113=FACE_OUTER_BOUND('',#188,.T.);
#114=FACE_OUTER_BOUND('',#189,.T.);
#115=FACE_OUTER_BOUND('',#190,.T.);
#116=FACE_OUTER_BOUND('',#191,.T.);
#117=FACE_OUTER_BOUND('',#192,.T.);
#118=FACE_OUTER_BOUND('',#193,.T.);
#119=FACE_OUTER_BOUND('',#194,.T.);
#120=FACE_OUTER_BOUND('',#195,.T.);
#121=FACE_OUTER_BOUND('',#196,.T.);
#122=FACE_OUTER_BOUND('',#197,.T.);
#123=FACE_OUTER_BOUND('',#198,.T.);
#124=FACE_OUTER_BOUND('',#199,.T.);
#125=FACE_OUTER_BOUND('',#200,.T.);
#126=FACE_OUTER_BOUND('',#201,.T.);
#127=FACE_OUTER_BOUND('',#202,.T.);
#128=FACE_OUTER_BOUND('',#203,.T.);
#129=FACE_OUTER_BOUND('',#204,.T.);
#130=FACE_OUTER_BOUND('',#205,.T.);
#131=FACE_OUTER_BOUND('',#206,.T.);
#132=FACE_OUTER_BOUND('',#207,.T.);
#133=FACE_OUTER_BOUND('',#208,.T.);
#134=FACE_OUTER_BOUND('',#209,.T.);
#135=FACE_OUTER_BOUND('',#210,.T.);
#136=FACE_OUTER_BOUND('',#211,.T.);
#137=FACE_OUTER_BOUND('',#212,.T.);
#138=FACE_OUTER_BOUND('',#213,.T.);
#139=FACE_OUTER_BOUND('',#214,.T.);
#140=FACE_OUTER_BOUND('',#215,.T.);
#141=FACE_OUTER_BOUND('',#216,.T.);
#142=FACE_OUTER_BOUND('',#217,.T.);
#143=FACE_OUTER_BOUND('',#218,.T.);
#144=FACE_OUTER_BOUND('',#219,.T.);
#145=FACE_OUTER_BOUND('',#220,.T.);
#146=FACE_OUTER_BOUND('',#221,.T.);
#147=FACE_OUTER_BOUND('',#222,.T.);
#148=FACE_OUTER_BOUND('',#223,.T.);
#149=FACE_OUTER_BOUND('',#224,.T.);
#150=FACE_OUTER_BOUND('',#225,.T.);
#151=FACE_OUTER_BOUND('',#226,.T.);
#152=FACE_OUTER_BOUND('',#227,.T.);
#153=FACE_OUTER_BOUND('',#228,.T.);
#154=FACE_OUTER_BOUND('',#229,.T.);
#155=FACE_OUTER_BOUND('',#230,.T.);
#156=FACE_OUTER_BOUND('',#231,.T.);
#157=FACE_OUTER_BOUND('',#232,.T.);
#158=FACE_OUTER_BOUND('',#233,.T.);
#159=FACE_OUTER_BOUND('',#234,.T.);
#160=EDGE_LOOP('',(#810,#811,#812,#813,#814,#815,#816,#817,#818,#819));
#161=EDGE_LOOP('',(#820));
#162=EDGE_LOOP('',(#821,#822,#823,#824));
#163=EDGE_LOOP('',(#825,#826,#827,#828));
#164=EDGE_LOOP('',(#829,#830,#831,#832,#833,#834,#835,#836));
#165=EDGE_LOOP('',(#837,#838,#839,#840,#841,#842,#843,#844,#845,#846));
#166=EDGE_LOOP('',(#847));
#167=EDGE_LOOP('',(#848,#849,#850,#851,#852,#853,#854,#855,#856,#857));
#168=EDGE_LOOP('',(#858));
#169=EDGE_LOOP('',(#859,#860,#861,#862));
#170=EDGE_LOOP('',(#863,#864,#865,#866,#867,#868,#869,#870,#871,#872,#873,
#874,#875,#876,#877,#878,#879,#880,#881,#882,#883,#884));
#171=EDGE_LOOP('',(#885,#886,#887,#888,#889,#890,#891,#892,#893,#894,#895,
#896,#897,#898,#899,#900));
#172=EDGE_LOOP('',(#901));
#173=EDGE_LOOP('',(#902));
#174=EDGE_LOOP('',(#903));
#175=EDGE_LOOP('',(#904,#905,#906,#907));
#176=EDGE_LOOP('',(#908,#909,#910,#911));
#177=EDGE_LOOP('',(#912,#913,#914,#915));
#178=EDGE_LOOP('',(#916,#917,#918,#919));
#179=EDGE_LOOP('',(#920,#921,#922,#923));
#180=EDGE_LOOP('',(#924,#925,#926,#927));
#181=EDGE_LOOP('',(#928,#929,#930,#931));
#182=EDGE_LOOP('',(#932,#933,#934,#935,#936,#937,#938));
#183=EDGE_LOOP('',(#939,#940,#941,#942,#943,#944,#945,#946,#947,#948,#949,
#950,#951,#952,#953,#954,#955));
#184=EDGE_LOOP('',(#956,#957,#958,#959));
#185=EDGE_LOOP('',(#960,#961,#962,#963));
#186=EDGE_LOOP('',(#964,#965,#966,#967,#968,#969,#970,#971,#972,#973,#974,
#975,#976,#977,#978,#979,#980));
#187=EDGE_LOOP('',(#981,#982,#983,#984));
#188=EDGE_LOOP('',(#985,#986,#987,#988,#989,#990,#991));
#189=EDGE_LOOP('',(#992,#993,#994,#995));
#190=EDGE_LOOP('',(#996,#997,#998,#999,#1000,#1001,#1002,#1003));
#191=EDGE_LOOP('',(#1004,#1005,#1006,#1007));
#192=EDGE_LOOP('',(#1008,#1009,#1010,#1011));
#193=EDGE_LOOP('',(#1012,#1013,#1014,#1015));
#194=EDGE_LOOP('',(#1016,#1017,#1018,#1019));
#195=EDGE_LOOP('',(#1020,#1021,#1022,#1023));
#196=EDGE_LOOP('',(#1024,#1025,#1026,#1027));
#197=EDGE_LOOP('',(#1028,#1029,#1030,#1031));
#198=EDGE_LOOP('',(#1032,#1033,#1034,#1035));
#199=EDGE_LOOP('',(#1036,#1037,#1038,#1039));
#200=EDGE_LOOP('',(#1040,#1041,#1042,#1043));
#201=EDGE_LOOP('',(#1044,#1045,#1046,#1047,#1048,#1049));
#202=EDGE_LOOP('',(#1050,#1051,#1052,#1053));
#203=EDGE_LOOP('',(#1054,#1055,#1056,#1057));
#204=EDGE_LOOP('',(#1058,#1059,#1060,#1061));
#205=EDGE_LOOP('',(#1062,#1063,#1064,#1065));
#206=EDGE_LOOP('',(#1066,#1067,#1068,#1069,#1070,#1071,#1072,#1073,#1074,
#1075));
#207=EDGE_LOOP('',(#1076,#1077,#1078,#1079));
#208=EDGE_LOOP('',(#1080,#1081,#1082,#1083));
#209=EDGE_LOOP('',(#1084,#1085,#1086,#1087));
#210=EDGE_LOOP('',(#1088,#1089,#1090,#1091));
#211=EDGE_LOOP('',(#1092,#1093,#1094,#1095,#1096,#1097,#1098,#1099));
#212=EDGE_LOOP('',(#1100,#1101,#1102,#1103));
#213=EDGE_LOOP('',(#1104,#1105,#1106,#1107));
#214=EDGE_LOOP('',(#1108,#1109,#1110,#1111));
#215=EDGE_LOOP('',(#1112,#1113,#1114,#1115));
#216=EDGE_LOOP('',(#1116,#1117));
#217=EDGE_LOOP('',(#1118,#1119,#1120,#1121));
#218=EDGE_LOOP('',(#1122,#1123,#1124,#1125));
#219=EDGE_LOOP('',(#1126,#1127));
#220=EDGE_LOOP('',(#1128,#1129,#1130,#1131));
#221=EDGE_LOOP('',(#1132,#1133,#1134,#1135));
#222=EDGE_LOOP('',(#1136,#1137,#1138,#1139));
#223=EDGE_LOOP('',(#1140,#1141,#1142,#1143));
#224=EDGE_LOOP('',(#1144,#1145,#1146,#1147));
#225=EDGE_LOOP('',(#1148,#1149,#1150,#1151));
#226=EDGE_LOOP('',(#1152,#1153,#1154,#1155));
#227=EDGE_LOOP('',(#1156,#1157,#1158,#1159));
#228=EDGE_LOOP('',(#1160,#1161,#1162,#1163));
#229=EDGE_LOOP('',(#1164,#1165,#1166,#1167));
#230=EDGE_LOOP('',(#1168,#1169,#1170,#1171));
#231=EDGE_LOOP('',(#1172,#1173,#1174,#1175));
#232=EDGE_LOOP('',(#1176,#1177,#1178,#1179));
#233=EDGE_LOOP('',(#1180,#1181,#1182,#1183));
#234=EDGE_LOOP('',(#1184,#1185,#1186,#1187));
#235=CIRCLE('',#1302,1.00000029427958);
#236=CIRCLE('',#1303,0.999999331196333);
#237=CIRCLE('',#1304,1.00000029485952);
#238=CIRCLE('',#1305,2.49998267429396);
#239=CIRCLE('',#1306,2.50002785519031);
#240=CIRCLE('',#1307,1.60000109433486);
#241=CIRCLE('',#1312,1.);
#242=CIRCLE('',#1313,2.49999509833999);
#243=CIRCLE('',#1314,2.49994471743666);
#244=CIRCLE('',#1315,1.);
#245=CIRCLE('',#1316,1.);
#246=CIRCLE('',#1317,1.60000177439602);
#247=CIRCLE('',#1319,1.);
#248=CIRCLE('',#1320,2.49993253448892);
#249=CIRCLE('',#1321,2.50000081310484);
#250=CIRCLE('',#1322,1.);
#251=CIRCLE('',#1323,1.);
#252=CIRCLE('',#1324,1.59999882441264);
#253=CIRCLE('',#1327,1.);
#254=CIRCLE('',#1328,1.);
#255=CIRCLE('',#1329,1.);
#256=CIRCLE('',#1330,1.00000029485961);
#257=CIRCLE('',#1331,0.999999331196562);
#258=CIRCLE('',#1332,1.0000002942796);
#259=CIRCLE('',#1333,1.);
#260=CIRCLE('',#1334,1.);
#261=CIRCLE('',#1335,1.);
#262=CIRCLE('',#1336,4.99998644854976);
#263=CIRCLE('',#1338,7.50000104049426);
#264=CIRCLE('',#1339,0.999718483439844);
#265=CIRCLE('',#1341,1.00008743657151);
#266=CIRCLE('',#1342,1.00014272227984);
#267=CIRCLE('',#1344,1.00005742807829);
#268=CIRCLE('',#1345,1.5999988245579);
#269=CIRCLE('',#1346,1.60000177454126);
#270=CIRCLE('',#1347,1.60000109448012);
#271=CIRCLE('',#1352,7702.68565571661);
#272=CIRCLE('',#1354,7800.33530611408);
#273=CIRCLE('',#1356,7678.45287219373);
#274=CIRCLE('',#1361,7.50000085345706);
#275=CIRCLE('',#1364,5.49988478668634);
#276=CIRCLE('',#1365,4.9875054439447);
#277=CIRCLE('',#1367,7.50000085345644);
#278=CIRCLE('',#1371,7.50000085345693);
#279=CIRCLE('',#1379,2.49999509813799);
#280=CIRCLE('',#1381,2.49998285677406);
#281=CIRCLE('',#1383,2.49991667308259);
#282=CIRCLE('',#1386,2.5000008124855);
#283=CIRCLE('',#1388,5.49999895095637);
#284=CIRCLE('',#1389,5.49999895081163);
#285=CIRCLE('',#1391,5.4998847866709);
#286=CIRCLE('',#1393,5.49999858225707);
#287=CIRCLE('',#1394,5.49999858225708);
#288=CIRCLE('',#1396,5.49999960782088);
#289=CIRCLE('',#1397,5.49999960782087);
#290=CIRCLE('',#1399,5.50000022010284);
#291=CIRCLE('',#1400,5.50000022010226);
#292=CIRCLE('',#1402,5.49999920367752);
#293=CIRCLE('',#1403,5.49999920367723);
#294=CIRCLE('',#1405,7.50000085345642);
#295=CIRCLE('',#1407,2.49994121981296);
#296=CIRCLE('',#1411,2.50002783316595);
#297=LINE('',#1819,#398);
#298=LINE('',#1823,#399);
#299=LINE('',#1827,#400);
#300=LINE('',#1831,#401);
#301=LINE('',#1835,#402);
#302=LINE('',#1842,#403);
#303=LINE('',#1844,#404);
#304=LINE('',#1846,#405);
#305=LINE('',#1847,#406);
#306=LINE('',#1850,#407);
#307=LINE('',#1852,#408);
#308=LINE('',#1853,#409);
#309=LINE('',#1857,#410);
#310=LINE('',#1859,#411);
#311=LINE('',#1861,#412);
#312=LINE('',#1863,#413);
#313=LINE('',#1865,#414);
#314=LINE('',#1866,#415);
#315=LINE('',#1867,#416);
#316=LINE('',#1871,#417);
#317=LINE('',#1875,#418);
#318=LINE('',#1879,#419);
#319=LINE('',#1888,#420);
#320=LINE('',#1892,#421);
#321=LINE('',#1896,#422);
#322=LINE('',#1900,#423);
#323=LINE('',#1904,#424);
#324=LINE('',#1911,#425);
#325=LINE('',#1912,#426);
#326=LINE('',#1913,#427);
#327=LINE('',#1917,#428);
#328=LINE('',#1925,#429);
#329=LINE('',#1929,#430);
#330=LINE('',#1933,#431);
#331=LINE('',#1937,#432);
#332=LINE('',#1941,#433);
#333=LINE('',#1943,#434);
#334=LINE('',#1946,#435);
#335=LINE('',#1950,#436);
#336=LINE('',#1954,#437);
#337=LINE('',#1956,#438);
#338=LINE('',#1960,#439);
#339=LINE('',#1964,#440);
#340=LINE('',#1968,#441);
#341=LINE('',#1972,#442);
#342=LINE('',#1976,#443);
#343=LINE('',#1979,#444);
#344=LINE('',#1988,#445);
#345=LINE('',#1991,#446);
#346=LINE('',#2003,#447);
#347=LINE('',#2007,#448);
#348=LINE('',#2021,#449);
#349=LINE('',#2030,#450);
#350=LINE('',#2036,#451);
#351=LINE('',#2041,#452);
#352=LINE('',#2042,#453);
#353=LINE('',#2044,#454);
#354=LINE('',#2046,#455);
#355=LINE('',#2048,#456);
#356=LINE('',#2051,#457);
#357=LINE('',#2053,#458);
#358=LINE('',#2055,#459);
#359=LINE('',#2057,#460);
#360=LINE('',#2078,#461);
#361=LINE('',#2099,#462);
#362=LINE('',#2120,#463);
#363=LINE('',#2141,#464);
#364=LINE('',#2162,#465);
#365=LINE('',#2182,#466);
#366=LINE('',#2188,#467);
#367=LINE('',#2191,#468);
#368=LINE('',#2196,#469);
#369=LINE('',#2233,#470);
#370=LINE('',#2235,#471);
#371=LINE('',#2256,#472);
#372=LINE('',#2277,#473);
#373=LINE('',#2298,#474);
#374=LINE('',#2319,#475);
#375=LINE('',#2340,#476);
#376=LINE('',#2359,#477);
#377=LINE('',#2361,#478);
#378=LINE('',#2362,#479);
#379=LINE('',#2364,#480);
#380=LINE('',#2365,#481);
#381=LINE('',#2368,#482);
#382=LINE('',#2369,#483);
#383=LINE('',#2371,#484);
#384=LINE('',#2372,#485);
#385=LINE('',#2373,#486);
#386=LINE('',#2374,#487);
#387=LINE('',#2376,#488);
#388=LINE('',#2377,#489);
#389=LINE('',#2379,#490);
#390=LINE('',#2380,#491);
#391=LINE('',#2382,#492);
#392=LINE('',#2384,#493);
#393=LINE('',#2386,#494);
#394=LINE('',#2391,#495);
#395=LINE('',#2394,#496);
#396=LINE('',#2443,#497);
#397=LINE('',#2446,#498);
#398=VECTOR('',#1443,1000.);
#399=VECTOR('',#1446,1000.);
#400=VECTOR('',#1449,1000.);
#401=VECTOR('',#1452,1000.);
#402=VECTOR('',#1455,1000.);
#403=VECTOR('',#1462,1000.);
#404=VECTOR('',#1463,1000.);
#405=VECTOR('',#1464,1000.);
#406=VECTOR('',#1465,1000.);
#407=VECTOR('',#1468,1000.);
#408=VECTOR('',#1469,1000.);
#409=VECTOR('',#1470,1000.);
#410=VECTOR('',#1473,1000.);
#411=VECTOR('',#1474,1000.);
#412=VECTOR('',#1475,1000.);
#413=VECTOR('',#1476,1000.);
#414=VECTOR('',#1477,1000.);
#415=VECTOR('',#1478,1000.);
#416=VECTOR('',#1479,1000.);
#417=VECTOR('',#1482,1000.);
#418=VECTOR('',#1485,1000.);
#419=VECTOR('',#1488,1000.);
#420=VECTOR('',#1499,1000.);
#421=VECTOR('',#1502,1000.);
#422=VECTOR('',#1505,1000.);
#423=VECTOR('',#1508,1000.);
#424=VECTOR('',#1511,1000.);
#425=VECTOR('',#1518,1000.);
#426=VECTOR('',#1519,1000.);
#427=VECTOR('',#1520,1000.);
#428=VECTOR('',#1523,1000.);
#429=VECTOR('',#1534,1000.);
#430=VECTOR('',#1537,1000.);
#431=VECTOR('',#1540,1000.);
#432=VECTOR('',#1543,1000.);
#433=VECTOR('',#1546,1000.);
#434=VECTOR('',#1547,1000.);
#435=VECTOR('',#1550,1000.);
#436=VECTOR('',#1553,1000.);
#437=VECTOR('',#1556,1000.);
#438=VECTOR('',#1557,1000.);
#439=VECTOR('',#1560,1000.);
#440=VECTOR('',#1563,1000.);
#441=VECTOR('',#1566,1000.);
#442=VECTOR('',#1569,1000.);
#443=VECTOR('',#1572,999.999999999999);
#444=VECTOR('',#1575,1000.);
#445=VECTOR('',#1584,1000.);
#446=VECTOR('',#1587,1000.);
#447=VECTOR('',#1590,1000.);
#448=VECTOR('',#1593,1000.);
#449=VECTOR('',#1600,1000.);
#450=VECTOR('',#1607,1000.);
#451=VECTOR('',#1608,1000.);
#452=VECTOR('',#1613,1000.);
#453=VECTOR('',#1614,1000.);
#454=VECTOR('',#1617,1000.);
#455=VECTOR('',#1618,1000.);
#456=VECTOR('',#1621,1000.);
#457=VECTOR('',#1624,1000.);
#458=VECTOR('',#1625,1000.);
#459=VECTOR('',#1626,1000.);
#460=VECTOR('',#1627,999.999999999999);
#461=VECTOR('',#1628,1000.);
#462=VECTOR('',#1629,1000.);
#463=VECTOR('',#1630,1000.);
#464=VECTOR('',#1631,1000.);
#465=VECTOR('',#1632,1000.);
#466=VECTOR('',#1633,1000.);
#467=VECTOR('',#1638,1000.);
#468=VECTOR('',#1641,1000.);
#469=VECTOR('',#1646,1000.);
#470=VECTOR('',#1649,1000.);
#471=VECTOR('',#1650,1000.);
#472=VECTOR('',#1651,1000.);
#473=VECTOR('',#1652,1000.);
#474=VECTOR('',#1653,1000.);
#475=VECTOR('',#1654,1000.);
#476=VECTOR('',#1655,1000.);
#477=VECTOR('',#1656,1000.);
#478=VECTOR('',#1659,1000.);
#479=VECTOR('',#1660,1000.);
#480=VECTOR('',#1663,1000.);
#481=VECTOR('',#1664,1000.);
#482=VECTOR('',#1669,1000.);
#483=VECTOR('',#1670,1000.);
#484=VECTOR('',#1673,1000.);
#485=VECTOR('',#1674,1000.);
#486=VECTOR('',#1675,1000.);
#487=VECTOR('',#1676,1000.);
#488=VECTOR('',#1679,1000.);
#489=VECTOR('',#1680,1000.);
#490=VECTOR('',#1683,1000.);
#491=VECTOR('',#1684,1000.);
#492=VECTOR('',#1687,1.60000177439601);
#493=VECTOR('',#1690,1.59999882441264);
#494=VECTOR('',#1693,1000.);
#495=VECTOR('',#1702,999.999999999999);
#496=VECTOR('',#1707,1000.);
#497=VECTOR('',#1754,1000.);
#498=VECTOR('',#1759,1.60000109433486);
#499=VERTEX_POINT('',#1817);
#500=VERTEX_POINT('',#1818);
#501=VERTEX_POINT('',#1820);
#502=VERTEX_POINT('',#1822);
#503=VERTEX_POINT('',#1824);
#504=VERTEX_POINT('',#1826);
#505=VERTEX_POINT('',#1828);
#506=VERTEX_POINT('',#1830);
#507=VERTEX_POINT('',#1832);
#508=VERTEX_POINT('',#1834);
#509=VERTEX_POINT('',#1837);
#510=VERTEX_POINT('',#1840);
#511=VERTEX_POINT('',#1841);
#512=VERTEX_POINT('',#1843);
#513=VERTEX_POINT('',#1845);
#514=VERTEX_POINT('',#1849);
#515=VERTEX_POINT('',#1851);
#516=VERTEX_POINT('',#1855);
#517=VERTEX_POINT('',#1856);
#518=VERTEX_POINT('',#1858);
#519=VERTEX_POINT('',#1860);
#520=VERTEX_POINT('',#1862);
#521=VERTEX_POINT('',#1864);
#522=VERTEX_POINT('',#1869);
#523=VERTEX_POINT('',#1870);
#524=VERTEX_POINT('',#1872);
#525=VERTEX_POINT('',#1874);
#526=VERTEX_POINT('',#1876);
#527=VERTEX_POINT('',#1878);
#528=VERTEX_POINT('',#1883);
#529=VERTEX_POINT('',#1886);
#530=VERTEX_POINT('',#1887);
#531=VERTEX_POINT('',#1889);
#532=VERTEX_POINT('',#1891);
#533=VERTEX_POINT('',#1893);
#534=VERTEX_POINT('',#1895);
#535=VERTEX_POINT('',#1897);
#536=VERTEX_POINT('',#1899);
#537=VERTEX_POINT('',#1901);
#538=VERTEX_POINT('',#1903);
#539=VERTEX_POINT('',#1906);
#540=VERTEX_POINT('',#1909);
#541=VERTEX_POINT('',#1910);
#542=VERTEX_POINT('',#1915);
#543=VERTEX_POINT('',#1916);
#544=VERTEX_POINT('',#1922);
#545=VERTEX_POINT('',#1924);
#546=VERTEX_POINT('',#1926);
#547=VERTEX_POINT('',#1928);
#548=VERTEX_POINT('',#1930);
#549=VERTEX_POINT('',#1932);
#550=VERTEX_POINT('',#1934);
#551=VERTEX_POINT('',#1936);
#552=VERTEX_POINT('',#1938);
#553=VERTEX_POINT('',#1940);
#554=VERTEX_POINT('',#1942);
#555=VERTEX_POINT('',#1944);
#556=VERTEX_POINT('',#1948);
#557=VERTEX_POINT('',#1949);
#558=VERTEX_POINT('',#1951);
#559=VERTEX_POINT('',#1953);
#560=VERTEX_POINT('',#1955);
#561=VERTEX_POINT('',#1957);
#562=VERTEX_POINT('',#1959);
#563=VERTEX_POINT('',#1961);
#564=VERTEX_POINT('',#1963);
#565=VERTEX_POINT('',#1965);
#566=VERTEX_POINT('',#1967);
#567=VERTEX_POINT('',#1969);
#568=VERTEX_POINT('',#1971);
#569=VERTEX_POINT('',#1973);
#570=VERTEX_POINT('',#1975);
#571=VERTEX_POINT('',#1977);
#572=VERTEX_POINT('',#1980);
#573=VERTEX_POINT('',#1982);
#574=VERTEX_POINT('',#1984);
#575=VERTEX_POINT('',#1987);
#576=VERTEX_POINT('',#1989);
#577=VERTEX_POINT('',#1993);
#578=VERTEX_POINT('',#1998);
#579=VERTEX_POINT('',#2005);
#580=VERTEX_POINT('',#2006);
#581=VERTEX_POINT('',#2014);
#582=VERTEX_POINT('',#2016);
#583=VERTEX_POINT('',#2029);
#584=VERTEX_POINT('',#2031);
#585=VERTEX_POINT('',#2038);
#586=VERTEX_POINT('',#2040);
#587=VERTEX_POINT('',#2045);
#588=VERTEX_POINT('',#2050);
#589=VERTEX_POINT('',#2052);
#590=VERTEX_POINT('',#2054);
#591=VERTEX_POINT('',#2056);
#592=VERTEX_POINT('',#2058);
#593=VERTEX_POINT('',#2077);
#594=VERTEX_POINT('',#2079);
#595=VERTEX_POINT('',#2098);
#596=VERTEX_POINT('',#2100);
#597=VERTEX_POINT('',#2119);
#598=VERTEX_POINT('',#2121);
#599=VERTEX_POINT('',#2140);
#600=VERTEX_POINT('',#2142);
#601=VERTEX_POINT('',#2161);
#602=VERTEX_POINT('',#2163);
#603=VERTEX_POINT('',#2184);
#604=VERTEX_POINT('',#2185);
#605=VERTEX_POINT('',#2187);
#606=VERTEX_POINT('',#2189);
#607=VERTEX_POINT('',#2193);
#608=VERTEX_POINT('',#2195);
#609=VERTEX_POINT('',#2232);
#610=VERTEX_POINT('',#2234);
#611=VERTEX_POINT('',#2236);
#612=VERTEX_POINT('',#2255);
#613=VERTEX_POINT('',#2257);
#614=VERTEX_POINT('',#2276);
#615=VERTEX_POINT('',#2278);
#616=VERTEX_POINT('',#2297);
#617=VERTEX_POINT('',#2299);
#618=VERTEX_POINT('',#2318);
#619=VERTEX_POINT('',#2320);
#620=VERTEX_POINT('',#2339);
#621=EDGE_CURVE('',#499,#500,#297,.T.);
#622=EDGE_CURVE('',#499,#501,#235,.T.);
#623=EDGE_CURVE('',#502,#501,#298,.T.);
#624=EDGE_CURVE('',#502,#503,#236,.T.);
#625=EDGE_CURVE('',#504,#503,#299,.T.);
#626=EDGE_CURVE('',#504,#505,#237,.T.);
#627=EDGE_CURVE('',#506,#505,#300,.T.);
#628=EDGE_CURVE('',#507,#506,#238,.T.);
#629=EDGE_CURVE('',#508,#507,#301,.T.);
#630=EDGE_CURVE('',#500,#508,#239,.T.);
#631=EDGE_CURVE('',#509,#509,#240,.T.);
#632=EDGE_CURVE('',#510,#511,#302,.T.);
#633=EDGE_CURVE('',#510,#512,#303,.T.);
#634=EDGE_CURVE('',#513,#512,#304,.T.);
#635=EDGE_CURVE('',#513,#511,#305,.T.);
#636=EDGE_CURVE('',#503,#514,#306,.T.);
#637=EDGE_CURVE('',#515,#514,#307,.T.);
#638=EDGE_CURVE('',#515,#504,#308,.T.);
#639=EDGE_CURVE('',#516,#517,#309,.T.);
#640=EDGE_CURVE('',#516,#518,#310,.T.);
#641=EDGE_CURVE('',#519,#518,#311,.T.);
#642=EDGE_CURVE('',#520,#519,#312,.T.);
#643=EDGE_CURVE('',#521,#520,#313,.T.);
#644=EDGE_CURVE('',#506,#521,#314,.T.);
#645=EDGE_CURVE('',#505,#517,#315,.T.);
#646=EDGE_CURVE('',#522,#523,#316,.T.);
#647=EDGE_CURVE('',#522,#524,#241,.T.);
#648=EDGE_CURVE('',#525,#524,#317,.T.);
#649=EDGE_CURVE('',#526,#525,#242,.T.);
#650=EDGE_CURVE('',#527,#526,#318,.T.);
#651=EDGE_CURVE('',#519,#527,#243,.T.);
#652=EDGE_CURVE('',#518,#513,#244,.T.);
#653=EDGE_CURVE('',#512,#523,#245,.T.);
#654=EDGE_CURVE('',#528,#528,#246,.T.);
#655=EDGE_CURVE('',#529,#530,#319,.T.);
#656=EDGE_CURVE('',#529,#531,#247,.T.);
#657=EDGE_CURVE('',#532,#531,#320,.T.);
#658=EDGE_CURVE('',#533,#532,#248,.T.);
#659=EDGE_CURVE('',#534,#533,#321,.T.);
#660=EDGE_CURVE('',#535,#534,#249,.T.);
#661=EDGE_CURVE('',#536,#535,#322,.T.);
#662=EDGE_CURVE('',#536,#537,#250,.T.);
#663=EDGE_CURVE('',#538,#537,#323,.T.);
#664=EDGE_CURVE('',#538,#530,#251,.T.);
#665=EDGE_CURVE('',#539,#539,#252,.T.);
#666=EDGE_CURVE('',#540,#541,#324,.T.);
#667=EDGE_CURVE('',#540,#522,#325,.T.);
#668=EDGE_CURVE('',#523,#541,#326,.T.);
#669=EDGE_CURVE('',#542,#543,#327,.T.);
#670=EDGE_CURVE('',#542,#540,#253,.T.);
#671=EDGE_CURVE('',#541,#510,#254,.T.);
#672=EDGE_CURVE('',#511,#516,#255,.T.);
#673=EDGE_CURVE('',#517,#515,#256,.T.);
#674=EDGE_CURVE('',#514,#544,#257,.T.);
#675=EDGE_CURVE('',#545,#544,#328,.T.);
#676=EDGE_CURVE('',#545,#546,#258,.T.);
#677=EDGE_CURVE('',#547,#546,#329,.T.);
#678=EDGE_CURVE('',#547,#548,#259,.T.);
#679=EDGE_CURVE('',#549,#548,#330,.T.);
#680=EDGE_CURVE('',#549,#550,#260,.T.);
#681=EDGE_CURVE('',#551,#550,#331,.T.);
#682=EDGE_CURVE('',#551,#552,#261,.T.);
#683=EDGE_CURVE('',#553,#552,#332,.T.);
#684=EDGE_CURVE('',#554,#553,#333,.T.);
#685=EDGE_CURVE('',#555,#554,#262,.T.);
#686=EDGE_CURVE('',#543,#555,#334,.T.);
#687=EDGE_CURVE('',#556,#557,#335,.T.);
#688=EDGE_CURVE('',#558,#556,#263,.T.);
#689=EDGE_CURVE('',#559,#558,#336,.T.);
#690=EDGE_CURVE('',#560,#559,#337,.T.);
#691=EDGE_CURVE('',#561,#560,#264,.T.);
#692=EDGE_CURVE('',#562,#561,#338,.T.);
#693=EDGE_CURVE('',#563,#562,#81,.T.);
#694=EDGE_CURVE('',#564,#563,#339,.T.);
#695=EDGE_CURVE('',#565,#564,#265,.T.);
#696=EDGE_CURVE('',#566,#565,#340,.T.);
#697=EDGE_CURVE('',#567,#566,#266,.T.);
#698=EDGE_CURVE('',#568,#567,#341,.T.);
#699=EDGE_CURVE('',#569,#568,#82,.T.);
#700=EDGE_CURVE('',#570,#569,#342,.T.);
#701=EDGE_CURVE('',#571,#570,#267,.T.);
#702=EDGE_CURVE('',#557,#571,#343,.T.);
#703=EDGE_CURVE('',#572,#572,#268,.T.);
#704=EDGE_CURVE('',#573,#573,#269,.T.);
#705=EDGE_CURVE('',#574,#574,#270,.T.);
#706=EDGE_CURVE('',#560,#575,#344,.T.);
#707=EDGE_CURVE('',#576,#559,#83,.T.);
#708=EDGE_CURVE('',#575,#576,#345,.T.);
#709=EDGE_CURVE('',#562,#577,#59,.T.);
#710=EDGE_CURVE('',#578,#561,#60,.T.);
#711=EDGE_CURVE('',#577,#578,#346,.T.);
#712=EDGE_CURVE('',#579,#580,#347,.T.);
#713=EDGE_CURVE('',#564,#579,#271,.T.);
#714=EDGE_CURVE('',#580,#563,#61,.T.);
#715=EDGE_CURVE('',#566,#581,#272,.T.);
#716=EDGE_CURVE('',#582,#565,#62,.T.);
#717=EDGE_CURVE('',#581,#582,#348,.T.);
#718=EDGE_CURVE('',#521,#567,#273,.T.);
#719=EDGE_CURVE('',#568,#520,#63,.T.);
#720=EDGE_CURVE('',#570,#583,#349,.T.);
#721=EDGE_CURVE('',#584,#569,#64,.T.);
#722=EDGE_CURVE('',#583,#584,#350,.T.);
#723=EDGE_CURVE('',#557,#585,#84,.T.);
#724=EDGE_CURVE('',#586,#571,#351,.T.);
#725=EDGE_CURVE('',#585,#586,#352,.T.);
#726=EDGE_CURVE('',#524,#542,#353,.T.);
#727=EDGE_CURVE('',#587,#543,#354,.T.);
#728=EDGE_CURVE('',#585,#587,#274,.T.);
#729=EDGE_CURVE('',#525,#586,#355,.T.);
#730=EDGE_CURVE('',#554,#588,#356,.T.);
#731=EDGE_CURVE('',#589,#553,#357,.T.);
#732=EDGE_CURVE('',#590,#589,#358,.T.);
#733=EDGE_CURVE('',#591,#590,#359,.T.);
#734=EDGE_CURVE('',#592,#591,#65,.T.);
#735=EDGE_CURVE('',#593,#592,#360,.T.);
#736=EDGE_CURVE('',#594,#593,#66,.T.);
#737=EDGE_CURVE('',#595,#594,#361,.T.);
#738=EDGE_CURVE('',#596,#595,#67,.T.);
#739=EDGE_CURVE('',#597,#596,#362,.T.);
#740=EDGE_CURVE('',#598,#597,#68,.T.);
#741=EDGE_CURVE('',#599,#598,#363,.T.);
#742=EDGE_CURVE('',#600,#599,#69,.T.);
#743=EDGE_CURVE('',#601,#600,#364,.T.);
#744=EDGE_CURVE('',#602,#601,#70,.T.);
#745=EDGE_CURVE('',#588,#602,#365,.T.);
#746=EDGE_CURVE('',#603,#604,#275,.T.);
#747=EDGE_CURVE('',#605,#603,#366,.T.);
#748=EDGE_CURVE('',#606,#605,#276,.T.);
#749=EDGE_CURVE('',#604,#606,#367,.T.);
#750=EDGE_CURVE('',#607,#590,#277,.T.);
#751=EDGE_CURVE('',#608,#607,#368,.T.);
#752=EDGE_CURVE('',#591,#608,#71,.T.);
#753=EDGE_CURVE('',#609,#555,#369,.T.);
#754=EDGE_CURVE('',#610,#609,#370,.T.);
#755=EDGE_CURVE('',#611,#610,#72,.T.);
#756=EDGE_CURVE('',#612,#611,#371,.T.);
#757=EDGE_CURVE('',#613,#612,#73,.T.);
#758=EDGE_CURVE('',#614,#613,#372,.T.);
#759=EDGE_CURVE('',#615,#614,#74,.T.);
#760=EDGE_CURVE('',#616,#615,#373,.T.);
#761=EDGE_CURVE('',#617,#616,#75,.T.);
#762=EDGE_CURVE('',#618,#617,#374,.T.);
#763=EDGE_CURVE('',#619,#618,#76,.T.);
#764=EDGE_CURVE('',#620,#619,#375,.T.);
#765=EDGE_CURVE('',#608,#620,#77,.T.);
#766=EDGE_CURVE('',#587,#607,#376,.T.);
#767=EDGE_CURVE('',#548,#529,#377,.T.);
#768=EDGE_CURVE('',#530,#549,#378,.T.);
#769=EDGE_CURVE('',#552,#536,#379,.T.);
#770=EDGE_CURVE('',#575,#535,#380,.T.);
#771=EDGE_CURVE('',#589,#576,#278,.T.);
#772=EDGE_CURVE('',#501,#545,#381,.T.);
#773=EDGE_CURVE('',#544,#502,#382,.T.);
#774=EDGE_CURVE('',#546,#499,#383,.T.);
#775=EDGE_CURVE('',#579,#500,#384,.T.);
#776=EDGE_CURVE('',#532,#580,#385,.T.);
#777=EDGE_CURVE('',#531,#547,#386,.T.);
#778=EDGE_CURVE('',#508,#582,#387,.T.);
#779=EDGE_CURVE('',#581,#507,#388,.T.);
#780=EDGE_CURVE('',#537,#551,#389,.T.);
#781=EDGE_CURVE('',#550,#538,#390,.T.);
#782=EDGE_CURVE('',#528,#573,#391,.T.);
#783=EDGE_CURVE('',#539,#572,#392,.T.);
#784=EDGE_CURVE('',#526,#583,#393,.T.);
#785=EDGE_CURVE('',#583,#586,#279,.T.);
#786=EDGE_CURVE('',#581,#521,#280,.T.);
#787=EDGE_CURVE('',#533,#577,#394,.T.);
#788=EDGE_CURVE('',#577,#580,#281,.T.);
#789=EDGE_CURVE('',#534,#578,#395,.T.);
#790=EDGE_CURVE('',#575,#578,#282,.T.);
#791=EDGE_CURVE('',#593,#619,#283,.T.);
#792=EDGE_CURVE('',#620,#592,#284,.T.);
#793=EDGE_CURVE('',#588,#604,#78,.T.);
#794=EDGE_CURVE('',#610,#602,#285,.T.);
#795=EDGE_CURVE('',#603,#609,#79,.T.);
#796=EDGE_CURVE('',#601,#611,#286,.T.);
#797=EDGE_CURVE('',#612,#600,#287,.T.);
#798=EDGE_CURVE('',#599,#613,#288,.T.);
#799=EDGE_CURVE('',#614,#598,#289,.T.);
#800=EDGE_CURVE('',#597,#615,#290,.T.);
#801=EDGE_CURVE('',#616,#596,#291,.T.);
#802=EDGE_CURVE('',#595,#617,#292,.T.);
#803=EDGE_CURVE('',#618,#594,#293,.T.);
#804=EDGE_CURVE('',#556,#558,#294,.T.);
#805=EDGE_CURVE('',#520,#584,#295,.T.);
#806=EDGE_CURVE('',#584,#527,#396,.T.);
#807=EDGE_CURVE('',#509,#574,#397,.T.);
#808=EDGE_CURVE('',#579,#582,#296,.T.);
#809=EDGE_CURVE('',#605,#606,#80,.T.);
#810=ORIENTED_EDGE('',*,*,#621,.F.);
#811=ORIENTED_EDGE('',*,*,#622,.T.);
#812=ORIENTED_EDGE('',*,*,#623,.F.);
#813=ORIENTED_EDGE('',*,*,#624,.T.);
#814=ORIENTED_EDGE('',*,*,#625,.F.);
#815=ORIENTED_EDGE('',*,*,#626,.T.);
#816=ORIENTED_EDGE('',*,*,#627,.F.);
#817=ORIENTED_EDGE('',*,*,#628,.F.);
#818=ORIENTED_EDGE('',*,*,#629,.F.);
#819=ORIENTED_EDGE('',*,*,#630,.F.);
#820=ORIENTED_EDGE('',*,*,#631,.F.);
#821=ORIENTED_EDGE('',*,*,#632,.F.);
#822=ORIENTED_EDGE('',*,*,#633,.T.);
#823=ORIENTED_EDGE('',*,*,#634,.F.);
#824=ORIENTED_EDGE('',*,*,#635,.T.);
#825=ORIENTED_EDGE('',*,*,#625,.T.);
#826=ORIENTED_EDGE('',*,*,#636,.T.);
#827=ORIENTED_EDGE('',*,*,#637,.F.);
#828=ORIENTED_EDGE('',*,*,#638,.T.);
#829=ORIENTED_EDGE('',*,*,#639,.F.);
#830=ORIENTED_EDGE('',*,*,#640,.T.);
#831=ORIENTED_EDGE('',*,*,#641,.F.);
#832=ORIENTED_EDGE('',*,*,#642,.F.);
#833=ORIENTED_EDGE('',*,*,#643,.F.);
#834=ORIENTED_EDGE('',*,*,#644,.F.);
#835=ORIENTED_EDGE('',*,*,#627,.T.);
#836=ORIENTED_EDGE('',*,*,#645,.T.);
#837=ORIENTED_EDGE('',*,*,#646,.F.);
#838=ORIENTED_EDGE('',*,*,#647,.T.);
#839=ORIENTED_EDGE('',*,*,#648,.F.);
#840=ORIENTED_EDGE('',*,*,#649,.F.);
#841=ORIENTED_EDGE('',*,*,#650,.F.);
#842=ORIENTED_EDGE('',*,*,#651,.F.);
#843=ORIENTED_EDGE('',*,*,#641,.T.);
#844=ORIENTED_EDGE('',*,*,#652,.T.);
#845=ORIENTED_EDGE('',*,*,#634,.T.);
#846=ORIENTED_EDGE('',*,*,#653,.T.);
#847=ORIENTED_EDGE('',*,*,#654,.F.);
#848=ORIENTED_EDGE('',*,*,#655,.F.);
#849=ORIENTED_EDGE('',*,*,#656,.T.);
#850=ORIENTED_EDGE('',*,*,#657,.F.);
#851=ORIENTED_EDGE('',*,*,#658,.F.);
#852=ORIENTED_EDGE('',*,*,#659,.F.);
#853=ORIENTED_EDGE('',*,*,#660,.F.);
#854=ORIENTED_EDGE('',*,*,#661,.F.);
#855=ORIENTED_EDGE('',*,*,#662,.T.);
#856=ORIENTED_EDGE('',*,*,#663,.F.);
#857=ORIENTED_EDGE('',*,*,#664,.T.);
#858=ORIENTED_EDGE('',*,*,#665,.F.);
#859=ORIENTED_EDGE('',*,*,#666,.F.);
#860=ORIENTED_EDGE('',*,*,#667,.T.);
#861=ORIENTED_EDGE('',*,*,#646,.T.);
#862=ORIENTED_EDGE('',*,*,#668,.T.);
#863=ORIENTED_EDGE('',*,*,#669,.F.);
#864=ORIENTED_EDGE('',*,*,#670,.T.);
#865=ORIENTED_EDGE('',*,*,#666,.T.);
#866=ORIENTED_EDGE('',*,*,#671,.T.);
#867=ORIENTED_EDGE('',*,*,#632,.T.);
#868=ORIENTED_EDGE('',*,*,#672,.T.);
#869=ORIENTED_EDGE('',*,*,#639,.T.);
#870=ORIENTED_EDGE('',*,*,#673,.T.);
#871=ORIENTED_EDGE('',*,*,#637,.T.);
#872=ORIENTED_EDGE('',*,*,#674,.T.);
#873=ORIENTED_EDGE('',*,*,#675,.F.);
#874=ORIENTED_EDGE('',*,*,#676,.T.);
#875=ORIENTED_EDGE('',*,*,#677,.F.);
#876=ORIENTED_EDGE('',*,*,#678,.T.);
#877=ORIENTED_EDGE('',*,*,#679,.F.);
#878=ORIENTED_EDGE('',*,*,#680,.T.);
#879=ORIENTED_EDGE('',*,*,#681,.F.);
#880=ORIENTED_EDGE('',*,*,#682,.T.);
#881=ORIENTED_EDGE('',*,*,#683,.F.);
#882=ORIENTED_EDGE('',*,*,#684,.F.);
#883=ORIENTED_EDGE('',*,*,#685,.F.);
#884=ORIENTED_EDGE('',*,*,#686,.F.);
#885=ORIENTED_EDGE('',*,*,#687,.F.);
#886=ORIENTED_EDGE('',*,*,#688,.F.);
#887=ORIENTED_EDGE('',*,*,#689,.F.);
#888=ORIENTED_EDGE('',*,*,#690,.F.);
#889=ORIENTED_EDGE('',*,*,#691,.F.);
#890=ORIENTED_EDGE('',*,*,#692,.F.);
#891=ORIENTED_EDGE('',*,*,#693,.F.);
#892=ORIENTED_EDGE('',*,*,#694,.F.);
#893=ORIENTED_EDGE('',*,*,#695,.F.);
#894=ORIENTED_EDGE('',*,*,#696,.F.);
#895=ORIENTED_EDGE('',*,*,#697,.F.);
#896=ORIENTED_EDGE('',*,*,#698,.F.);
#897=ORIENTED_EDGE('',*,*,#699,.F.);
#898=ORIENTED_EDGE('',*,*,#700,.F.);
#899=ORIENTED_EDGE('',*,*,#701,.F.);
#900=ORIENTED_EDGE('',*,*,#702,.F.);
#901=ORIENTED_EDGE('',*,*,#703,.F.);
#902=ORIENTED_EDGE('',*,*,#704,.F.);
#903=ORIENTED_EDGE('',*,*,#705,.F.);
#904=ORIENTED_EDGE('',*,*,#706,.F.);
#905=ORIENTED_EDGE('',*,*,#690,.T.);
#906=ORIENTED_EDGE('',*,*,#707,.F.);
#907=ORIENTED_EDGE('',*,*,#708,.F.);
#908=ORIENTED_EDGE('',*,*,#709,.F.);
#909=ORIENTED_EDGE('',*,*,#692,.T.);
#910=ORIENTED_EDGE('',*,*,#710,.F.);
#911=ORIENTED_EDGE('',*,*,#711,.F.);
#912=ORIENTED_EDGE('',*,*,#712,.F.);
#913=ORIENTED_EDGE('',*,*,#713,.F.);
#914=ORIENTED_EDGE('',*,*,#694,.T.);
#915=ORIENTED_EDGE('',*,*,#714,.F.);
#916=ORIENTED_EDGE('',*,*,#715,.F.);
#917=ORIENTED_EDGE('',*,*,#696,.T.);
#918=ORIENTED_EDGE('',*,*,#716,.F.);
#919=ORIENTED_EDGE('',*,*,#717,.F.);
#920=ORIENTED_EDGE('',*,*,#718,.F.);
#921=ORIENTED_EDGE('',*,*,#643,.T.);
#922=ORIENTED_EDGE('',*,*,#719,.F.);
#923=ORIENTED_EDGE('',*,*,#698,.T.);
#924=ORIENTED_EDGE('',*,*,#720,.F.);
#925=ORIENTED_EDGE('',*,*,#700,.T.);
#926=ORIENTED_EDGE('',*,*,#721,.F.);
#927=ORIENTED_EDGE('',*,*,#722,.F.);
#928=ORIENTED_EDGE('',*,*,#723,.F.);
#929=ORIENTED_EDGE('',*,*,#702,.T.);
#930=ORIENTED_EDGE('',*,*,#724,.F.);
#931=ORIENTED_EDGE('',*,*,#725,.F.);
#932=ORIENTED_EDGE('',*,*,#648,.T.);
#933=ORIENTED_EDGE('',*,*,#726,.T.);
#934=ORIENTED_EDGE('',*,*,#669,.T.);
#935=ORIENTED_EDGE('',*,*,#727,.F.);
#936=ORIENTED_EDGE('',*,*,#728,.F.);
#937=ORIENTED_EDGE('',*,*,#725,.T.);
#938=ORIENTED_EDGE('',*,*,#729,.F.);
#939=ORIENTED_EDGE('',*,*,#730,.F.);
#940=ORIENTED_EDGE('',*,*,#684,.T.);
#941=ORIENTED_EDGE('',*,*,#731,.F.);
#942=ORIENTED_EDGE('',*,*,#732,.F.);
#943=ORIENTED_EDGE('',*,*,#733,.F.);
#944=ORIENTED_EDGE('',*,*,#734,.F.);
#945=ORIENTED_EDGE('',*,*,#735,.F.);
#946=ORIENTED_EDGE('',*,*,#736,.F.);
#947=ORIENTED_EDGE('',*,*,#737,.F.);
#948=ORIENTED_EDGE('',*,*,#738,.F.);
#949=ORIENTED_EDGE('',*,*,#739,.F.);
#950=ORIENTED_EDGE('',*,*,#740,.F.);
#951=ORIENTED_EDGE('',*,*,#741,.F.);
#952=ORIENTED_EDGE('',*,*,#742,.F.);
#953=ORIENTED_EDGE('',*,*,#743,.F.);
#954=ORIENTED_EDGE('',*,*,#744,.F.);
#955=ORIENTED_EDGE('',*,*,#745,.F.);
#956=ORIENTED_EDGE('',*,*,#746,.F.);
#957=ORIENTED_EDGE('',*,*,#747,.F.);
#958=ORIENTED_EDGE('',*,*,#748,.F.);
#959=ORIENTED_EDGE('',*,*,#749,.F.);
#960=ORIENTED_EDGE('',*,*,#733,.T.);
#961=ORIENTED_EDGE('',*,*,#750,.F.);
#962=ORIENTED_EDGE('',*,*,#751,.F.);
#963=ORIENTED_EDGE('',*,*,#752,.F.);
#964=ORIENTED_EDGE('',*,*,#727,.T.);
#965=ORIENTED_EDGE('',*,*,#686,.T.);
#966=ORIENTED_EDGE('',*,*,#753,.F.);
#967=ORIENTED_EDGE('',*,*,#754,.F.);
#968=ORIENTED_EDGE('',*,*,#755,.F.);
#969=ORIENTED_EDGE('',*,*,#756,.F.);
#970=ORIENTED_EDGE('',*,*,#757,.F.);
#971=ORIENTED_EDGE('',*,*,#758,.F.);
#972=ORIENTED_EDGE('',*,*,#759,.F.);
#973=ORIENTED_EDGE('',*,*,#760,.F.);
#974=ORIENTED_EDGE('',*,*,#761,.F.);
#975=ORIENTED_EDGE('',*,*,#762,.F.);
#976=ORIENTED_EDGE('',*,*,#763,.F.);
#977=ORIENTED_EDGE('',*,*,#764,.F.);
#978=ORIENTED_EDGE('',*,*,#765,.F.);
#979=ORIENTED_EDGE('',*,*,#751,.T.);
#980=ORIENTED_EDGE('',*,*,#766,.F.);
#981=ORIENTED_EDGE('',*,*,#679,.T.);
#982=ORIENTED_EDGE('',*,*,#767,.T.);
#983=ORIENTED_EDGE('',*,*,#655,.T.);
#984=ORIENTED_EDGE('',*,*,#768,.T.);
#985=ORIENTED_EDGE('',*,*,#683,.T.);
#986=ORIENTED_EDGE('',*,*,#769,.T.);
#987=ORIENTED_EDGE('',*,*,#661,.T.);
#988=ORIENTED_EDGE('',*,*,#770,.F.);
#989=ORIENTED_EDGE('',*,*,#708,.T.);
#990=ORIENTED_EDGE('',*,*,#771,.F.);
#991=ORIENTED_EDGE('',*,*,#731,.T.);
#992=ORIENTED_EDGE('',*,*,#623,.T.);
#993=ORIENTED_EDGE('',*,*,#772,.T.);
#994=ORIENTED_EDGE('',*,*,#675,.T.);
#995=ORIENTED_EDGE('',*,*,#773,.T.);
#996=ORIENTED_EDGE('',*,*,#677,.T.);
#997=ORIENTED_EDGE('',*,*,#774,.T.);
#998=ORIENTED_EDGE('',*,*,#621,.T.);
#999=ORIENTED_EDGE('',*,*,#775,.F.);
#1000=ORIENTED_EDGE('',*,*,#712,.T.);
#1001=ORIENTED_EDGE('',*,*,#776,.F.);
#1002=ORIENTED_EDGE('',*,*,#657,.T.);
#1003=ORIENTED_EDGE('',*,*,#777,.T.);
#1004=ORIENTED_EDGE('',*,*,#778,.F.);
#1005=ORIENTED_EDGE('',*,*,#629,.T.);
#1006=ORIENTED_EDGE('',*,*,#779,.F.);
#1007=ORIENTED_EDGE('',*,*,#717,.T.);
#1008=ORIENTED_EDGE('',*,*,#663,.T.);
#1009=ORIENTED_EDGE('',*,*,#780,.T.);
#1010=ORIENTED_EDGE('',*,*,#681,.T.);
#1011=ORIENTED_EDGE('',*,*,#781,.T.);
#1012=ORIENTED_EDGE('',*,*,#654,.T.);
#1013=ORIENTED_EDGE('',*,*,#782,.T.);
#1014=ORIENTED_EDGE('',*,*,#704,.T.);
#1015=ORIENTED_EDGE('',*,*,#782,.F.);
#1016=ORIENTED_EDGE('',*,*,#665,.T.);
#1017=ORIENTED_EDGE('',*,*,#783,.T.);
#1018=ORIENTED_EDGE('',*,*,#703,.T.);
#1019=ORIENTED_EDGE('',*,*,#783,.F.);
#1020=ORIENTED_EDGE('',*,*,#784,.F.);
#1021=ORIENTED_EDGE('',*,*,#649,.T.);
#1022=ORIENTED_EDGE('',*,*,#729,.T.);
#1023=ORIENTED_EDGE('',*,*,#785,.F.);
#1024=ORIENTED_EDGE('',*,*,#779,.T.);
#1025=ORIENTED_EDGE('',*,*,#628,.T.);
#1026=ORIENTED_EDGE('',*,*,#644,.T.);
#1027=ORIENTED_EDGE('',*,*,#786,.F.);
#1028=ORIENTED_EDGE('',*,*,#787,.F.);
#1029=ORIENTED_EDGE('',*,*,#658,.T.);
#1030=ORIENTED_EDGE('',*,*,#776,.T.);
#1031=ORIENTED_EDGE('',*,*,#788,.F.);
#1032=ORIENTED_EDGE('',*,*,#789,.F.);
#1033=ORIENTED_EDGE('',*,*,#659,.T.);
#1034=ORIENTED_EDGE('',*,*,#787,.T.);
#1035=ORIENTED_EDGE('',*,*,#711,.T.);
#1036=ORIENTED_EDGE('',*,*,#770,.T.);
#1037=ORIENTED_EDGE('',*,*,#660,.T.);
#1038=ORIENTED_EDGE('',*,*,#789,.T.);
#1039=ORIENTED_EDGE('',*,*,#790,.F.);
#1040=ORIENTED_EDGE('',*,*,#791,.F.);
#1041=ORIENTED_EDGE('',*,*,#735,.T.);
#1042=ORIENTED_EDGE('',*,*,#792,.F.);
#1043=ORIENTED_EDGE('',*,*,#764,.T.);
#1044=ORIENTED_EDGE('',*,*,#793,.F.);
#1045=ORIENTED_EDGE('',*,*,#745,.T.);
#1046=ORIENTED_EDGE('',*,*,#794,.F.);
#1047=ORIENTED_EDGE('',*,*,#754,.T.);
#1048=ORIENTED_EDGE('',*,*,#795,.F.);
#1049=ORIENTED_EDGE('',*,*,#746,.T.);
#1050=ORIENTED_EDGE('',*,*,#796,.F.);
#1051=ORIENTED_EDGE('',*,*,#743,.T.);
#1052=ORIENTED_EDGE('',*,*,#797,.F.);
#1053=ORIENTED_EDGE('',*,*,#756,.T.);
#1054=ORIENTED_EDGE('',*,*,#798,.F.);
#1055=ORIENTED_EDGE('',*,*,#741,.T.);
#1056=ORIENTED_EDGE('',*,*,#799,.F.);
#1057=ORIENTED_EDGE('',*,*,#758,.T.);
#1058=ORIENTED_EDGE('',*,*,#800,.F.);
#1059=ORIENTED_EDGE('',*,*,#739,.T.);
#1060=ORIENTED_EDGE('',*,*,#801,.F.);
#1061=ORIENTED_EDGE('',*,*,#760,.T.);
#1062=ORIENTED_EDGE('',*,*,#802,.F.);
#1063=ORIENTED_EDGE('',*,*,#737,.T.);
#1064=ORIENTED_EDGE('',*,*,#803,.F.);
#1065=ORIENTED_EDGE('',*,*,#762,.T.);
#1066=ORIENTED_EDGE('',*,*,#804,.F.);
#1067=ORIENTED_EDGE('',*,*,#687,.T.);
#1068=ORIENTED_EDGE('',*,*,#723,.T.);
#1069=ORIENTED_EDGE('',*,*,#728,.T.);
#1070=ORIENTED_EDGE('',*,*,#766,.T.);
#1071=ORIENTED_EDGE('',*,*,#750,.T.);
#1072=ORIENTED_EDGE('',*,*,#732,.T.);
#1073=ORIENTED_EDGE('',*,*,#771,.T.);
#1074=ORIENTED_EDGE('',*,*,#707,.T.);
#1075=ORIENTED_EDGE('',*,*,#689,.T.);
#1076=ORIENTED_EDGE('',*,*,#805,.F.);
#1077=ORIENTED_EDGE('',*,*,#642,.T.);
#1078=ORIENTED_EDGE('',*,*,#651,.T.);
#1079=ORIENTED_EDGE('',*,*,#806,.F.);
#1080=ORIENTED_EDGE('',*,*,#806,.T.);
#1081=ORIENTED_EDGE('',*,*,#650,.T.);
#1082=ORIENTED_EDGE('',*,*,#784,.T.);
#1083=ORIENTED_EDGE('',*,*,#722,.T.);
#1084=ORIENTED_EDGE('',*,*,#631,.T.);
#1085=ORIENTED_EDGE('',*,*,#807,.T.);
#1086=ORIENTED_EDGE('',*,*,#705,.T.);
#1087=ORIENTED_EDGE('',*,*,#807,.F.);
#1088=ORIENTED_EDGE('',*,*,#775,.T.);
#1089=ORIENTED_EDGE('',*,*,#630,.T.);
#1090=ORIENTED_EDGE('',*,*,#778,.T.);
#1091=ORIENTED_EDGE('',*,*,#808,.F.);
#1092=ORIENTED_EDGE('',*,*,#753,.T.);
#1093=ORIENTED_EDGE('',*,*,#685,.T.);
#1094=ORIENTED_EDGE('',*,*,#730,.T.);
#1095=ORIENTED_EDGE('',*,*,#793,.T.);
#1096=ORIENTED_EDGE('',*,*,#749,.T.);
#1097=ORIENTED_EDGE('',*,*,#809,.F.);
#1098=ORIENTED_EDGE('',*,*,#747,.T.);
#1099=ORIENTED_EDGE('',*,*,#795,.T.);
#1100=ORIENTED_EDGE('',*,*,#710,.T.);
#1101=ORIENTED_EDGE('',*,*,#691,.T.);
#1102=ORIENTED_EDGE('',*,*,#706,.T.);
#1103=ORIENTED_EDGE('',*,*,#790,.T.);
#1104=ORIENTED_EDGE('',*,*,#713,.T.);
#1105=ORIENTED_EDGE('',*,*,#808,.T.);
#1106=ORIENTED_EDGE('',*,*,#716,.T.);
#1107=ORIENTED_EDGE('',*,*,#695,.T.);
#1108=ORIENTED_EDGE('',*,*,#786,.T.);
#1109=ORIENTED_EDGE('',*,*,#718,.T.);
#1110=ORIENTED_EDGE('',*,*,#697,.T.);
#1111=ORIENTED_EDGE('',*,*,#715,.T.);
#1112=ORIENTED_EDGE('',*,*,#724,.T.);
#1113=ORIENTED_EDGE('',*,*,#701,.T.);
#1114=ORIENTED_EDGE('',*,*,#720,.T.);
#1115=ORIENTED_EDGE('',*,*,#785,.T.);
#1116=ORIENTED_EDGE('',*,*,#688,.T.);
#1117=ORIENTED_EDGE('',*,*,#804,.T.);
#1118=ORIENTED_EDGE('',*,*,#719,.T.);
#1119=ORIENTED_EDGE('',*,*,#805,.T.);
#1120=ORIENTED_EDGE('',*,*,#721,.T.);
#1121=ORIENTED_EDGE('',*,*,#699,.T.);
#1122=ORIENTED_EDGE('',*,*,#714,.T.);
#1123=ORIENTED_EDGE('',*,*,#693,.T.);
#1124=ORIENTED_EDGE('',*,*,#709,.T.);
#1125=ORIENTED_EDGE('',*,*,#788,.T.);
#1126=ORIENTED_EDGE('',*,*,#809,.T.);
#1127=ORIENTED_EDGE('',*,*,#748,.T.);
#1128=ORIENTED_EDGE('',*,*,#792,.T.);
#1129=ORIENTED_EDGE('',*,*,#734,.T.);
#1130=ORIENTED_EDGE('',*,*,#752,.T.);
#1131=ORIENTED_EDGE('',*,*,#765,.T.);
#1132=ORIENTED_EDGE('',*,*,#794,.T.);
#1133=ORIENTED_EDGE('',*,*,#744,.T.);
#1134=ORIENTED_EDGE('',*,*,#796,.T.);
#1135=ORIENTED_EDGE('',*,*,#755,.T.);
#1136=ORIENTED_EDGE('',*,*,#797,.T.);
#1137=ORIENTED_EDGE('',*,*,#742,.T.);
#1138=ORIENTED_EDGE('',*,*,#798,.T.);
#1139=ORIENTED_EDGE('',*,*,#757,.T.);
#1140=ORIENTED_EDGE('',*,*,#799,.T.);
#1141=ORIENTED_EDGE('',*,*,#740,.T.);
#1142=ORIENTED_EDGE('',*,*,#800,.T.);
#1143=ORIENTED_EDGE('',*,*,#759,.T.);
#1144=ORIENTED_EDGE('',*,*,#801,.T.);
#1145=ORIENTED_EDGE('',*,*,#738,.T.);
#1146=ORIENTED_EDGE('',*,*,#802,.T.);
#1147=ORIENTED_EDGE('',*,*,#761,.T.);
#1148=ORIENTED_EDGE('',*,*,#803,.T.);
#1149=ORIENTED_EDGE('',*,*,#736,.T.);
#1150=ORIENTED_EDGE('',*,*,#791,.T.);
#1151=ORIENTED_EDGE('',*,*,#763,.T.);
#1152=ORIENTED_EDGE('',*,*,#647,.F.);
#1153=ORIENTED_EDGE('',*,*,#667,.F.);
#1154=ORIENTED_EDGE('',*,*,#670,.F.);
#1155=ORIENTED_EDGE('',*,*,#726,.F.);
#1156=ORIENTED_EDGE('',*,*,#653,.F.);
#1157=ORIENTED_EDGE('',*,*,#633,.F.);
#1158=ORIENTED_EDGE('',*,*,#671,.F.);
#1159=ORIENTED_EDGE('',*,*,#668,.F.);
#1160=ORIENTED_EDGE('',*,*,#672,.F.);
#1161=ORIENTED_EDGE('',*,*,#635,.F.);
#1162=ORIENTED_EDGE('',*,*,#652,.F.);
#1163=ORIENTED_EDGE('',*,*,#640,.F.);
#1164=ORIENTED_EDGE('',*,*,#676,.F.);
#1165=ORIENTED_EDGE('',*,*,#772,.F.);
#1166=ORIENTED_EDGE('',*,*,#622,.F.);
#1167=ORIENTED_EDGE('',*,*,#774,.F.);
#1168=ORIENTED_EDGE('',*,*,#674,.F.);
#1169=ORIENTED_EDGE('',*,*,#636,.F.);
#1170=ORIENTED_EDGE('',*,*,#624,.F.);
#1171=ORIENTED_EDGE('',*,*,#773,.F.);
#1172=ORIENTED_EDGE('',*,*,#626,.F.);
#1173=ORIENTED_EDGE('',*,*,#638,.F.);
#1174=ORIENTED_EDGE('',*,*,#673,.F.);
#1175=ORIENTED_EDGE('',*,*,#645,.F.);
#1176=ORIENTED_EDGE('',*,*,#656,.F.);
#1177=ORIENTED_EDGE('',*,*,#767,.F.);
#1178=ORIENTED_EDGE('',*,*,#678,.F.);
#1179=ORIENTED_EDGE('',*,*,#777,.F.);
#1180=ORIENTED_EDGE('',*,*,#662,.F.);
#1181=ORIENTED_EDGE('',*,*,#769,.F.);
#1182=ORIENTED_EDGE('',*,*,#682,.F.);
#1183=ORIENTED_EDGE('',*,*,#780,.F.);
#1184=ORIENTED_EDGE('',*,*,#680,.F.);
#1185=ORIENTED_EDGE('',*,*,#768,.F.);
#1186=ORIENTED_EDGE('',*,*,#664,.F.);
#1187=ORIENTED_EDGE('',*,*,#781,.F.);
#1188=PLANE('',#1301);
#1189=PLANE('',#1308);
#1190=PLANE('',#1309);
#1191=PLANE('',#1310);
#1192=PLANE('',#1311);
#1193=PLANE('',#1318);
#1194=PLANE('',#1325);
#1195=PLANE('',#1326);
#1196=PLANE('',#1337);
#1197=PLANE('',#1348);
#1198=PLANE('',#1350);
#1199=PLANE('',#1351);
#1200=PLANE('',#1353);
#1201=PLANE('',#1355);
#1202=PLANE('',#1357);
#1203=PLANE('',#1358);
#1204=PLANE('',#1360);
#1205=PLANE('',#1362);
#1206=PLANE('',#1363);
#1207=PLANE('',#1366);
#1208=PLANE('',#1368);
#1209=PLANE('',#1369);
#1210=PLANE('',#1370);
#1211=PLANE('',#1372);
#1212=PLANE('',#1373);
#1213=PLANE('',#1374);
#1214=PLANE('',#1375);
#1215=PLANE('',#1384);
#1216=PLANE('',#1408);
#1217=ADVANCED_FACE('',(#91,#85),#1188,.T.);
#1218=ADVANCED_FACE('',(#92),#1189,.F.);
#1219=ADVANCED_FACE('',(#93),#1190,.T.);
#1220=ADVANCED_FACE('',(#94),#1191,.F.);
#1221=ADVANCED_FACE('',(#95,#86),#1192,.T.);
#1222=ADVANCED_FACE('',(#96,#87),#1193,.T.);
#1223=ADVANCED_FACE('',(#97),#1194,.F.);
#1224=ADVANCED_FACE('',(#98),#1195,.T.);
#1225=ADVANCED_FACE('',(#99,#88,#89,#90),#1196,.T.);
#1226=ADVANCED_FACE('',(#100),#1197,.T.);
#1227=ADVANCED_FACE('',(#101),#1198,.F.);
#1228=ADVANCED_FACE('',(#102),#1199,.T.);
#1229=ADVANCED_FACE('',(#103),#1200,.F.);
#1230=ADVANCED_FACE('',(#104),#1201,.F.);
#1231=ADVANCED_FACE('',(#105),#1202,.F.);
#1232=ADVANCED_FACE('',(#106),#1203,.T.);
#1233=ADVANCED_FACE('',(#107),#1204,.T.);
#1234=ADVANCED_FACE('',(#108),#1205,.F.);
#1235=ADVANCED_FACE('',(#109),#1206,.T.);
#1236=ADVANCED_FACE('',(#110),#1207,.T.);
#1237=ADVANCED_FACE('',(#111),#1208,.T.);
#1238=ADVANCED_FACE('',(#112),#1209,.F.);
#1239=ADVANCED_FACE('',(#113),#1210,.T.);
#1240=ADVANCED_FACE('',(#114),#1211,.T.);
#1241=ADVANCED_FACE('',(#115),#1212,.T.);
#1242=ADVANCED_FACE('',(#116),#1213,.F.);
#1243=ADVANCED_FACE('',(#117),#1214,.T.);
#1244=ADVANCED_FACE('',(#118),#34,.F.);
#1245=ADVANCED_FACE('',(#119),#35,.F.);
#1246=ADVANCED_FACE('',(#120),#36,.T.);
#1247=ADVANCED_FACE('',(#121),#37,.T.);
#1248=ADVANCED_FACE('',(#122),#38,.T.);
#1249=ADVANCED_FACE('',(#123),#1215,.F.);
#1250=ADVANCED_FACE('',(#124),#39,.T.);
#1251=ADVANCED_FACE('',(#125),#40,.F.);
#1252=ADVANCED_FACE('',(#126),#41,.F.);
#1253=ADVANCED_FACE('',(#127),#42,.F.);
#1254=ADVANCED_FACE('',(#128),#43,.F.);
#1255=ADVANCED_FACE('',(#129),#44,.F.);
#1256=ADVANCED_FACE('',(#130),#45,.F.);
#1257=ADVANCED_FACE('',(#131),#46,.T.);
#1258=ADVANCED_FACE('',(#132),#47,.T.);
#1259=ADVANCED_FACE('',(#133),#1216,.T.);
#1260=ADVANCED_FACE('',(#134),#48,.F.);
#1261=ADVANCED_FACE('',(#135),#49,.T.);
#1262=ADVANCED_FACE('',(#136),#27,.F.);
#1263=ADVANCED_FACE('',(#137),#28,.T.);
#1264=ADVANCED_FACE('',(#138),#29,.T.);
#1265=ADVANCED_FACE('',(#139),#30,.T.);
#1266=ADVANCED_FACE('',(#140),#31,.T.);
#1267=ADVANCED_FACE('',(#141),#25,.T.);
#1268=ADVANCED_FACE('',(#142),#32,.T.);
#1269=ADVANCED_FACE('',(#143),#33,.T.);
#1270=ADVANCED_FACE('',(#144),#26,.F.);
#1271=ADVANCED_FACE('',(#145),#19,.T.);
#1272=ADVANCED_FACE('',(#146),#20,.T.);
#1273=ADVANCED_FACE('',(#147),#21,.T.);
#1274=ADVANCED_FACE('',(#148),#22,.T.);
#1275=ADVANCED_FACE('',(#149),#23,.T.);
#1276=ADVANCED_FACE('',(#150),#24,.T.);
#1277=ADVANCED_FACE('',(#151),#50,.T.);
#1278=ADVANCED_FACE('',(#152),#51,.T.);
#1279=ADVANCED_FACE('',(#153),#52,.T.);
#1280=ADVANCED_FACE('',(#154),#53,.T.);
#1281=ADVANCED_FACE('',(#155),#54,.T.);
#1282=ADVANCED_FACE('',(#156),#55,.T.);
#1283=ADVANCED_FACE('',(#157),#56,.T.);
#1284=ADVANCED_FACE('',(#158),#57,.T.);
#1285=ADVANCED_FACE('',(#159),#58,.T.);
#1286=CLOSED_SHELL('',(#1217,#1218,#1219,#1220,#1221,#1222,#1223,#1224,
#1225,#1226,#1227,#1228,#1229,#1230,#1231,#1232,#1233,#1234,#1235,#1236,
#1237,#1238,#1239,#1240,#1241,#1242,#1243,#1244,#1245,#1246,#1247,#1248,
#1249,#1250,#1251,#1252,#1253,#1254,#1255,#1256,#1257,#1258,#1259,#1260,
#1261,#1262,#1263,#1264,#1265,#1266,#1267,#1268,#1269,#1270,#1271,#1272,
#1273,#1274,#1275,#1276,#1277,#1278,#1279,#1280,#1281,#1282,#1283,#1284,
#1285));
#1287=DERIVED_UNIT_ELEMENT(#1289,1.);
#1288=DERIVED_UNIT_ELEMENT(#2830,-3.);
#1289=(
MASS_UNIT()
NAMED_UNIT(*)
SI_UNIT(.KILO.,.GRAM.)
);
#1290=DERIVED_UNIT((#1287,#1288));
#1291=MEASURE_REPRESENTATION_ITEM('density measure',
POSITIVE_RATIO_MEASURE(7850.),#1290);
#1292=PROPERTY_DEFINITION_REPRESENTATION(#1297,#1294);
#1293=PROPERTY_DEFINITION_REPRESENTATION(#1298,#1295);
#1294=REPRESENTATION('material name',(#1296),#2827);
#1295=REPRESENTATION('density',(#1291),#2827);
#1296=DESCRIPTIVE_REPRESENTATION_ITEM('Steel','Steel');
#1297=PROPERTY_DEFINITION('material property','material name',#2842);
#1298=PROPERTY_DEFINITION('material property','density of part',#2842);
#1299=AXIS2_PLACEMENT_3D('',#1814,#1437,#1438);
#1300=AXIS2_PLACEMENT_3D('',#1815,#1439,#1440);
#1301=AXIS2_PLACEMENT_3D('',#1816,#1441,#1442);
#1302=AXIS2_PLACEMENT_3D('',#1821,#1444,#1445);
#1303=AXIS2_PLACEMENT_3D('',#1825,#1447,#1448);
#1304=AXIS2_PLACEMENT_3D('',#1829,#1450,#1451);
#1305=AXIS2_PLACEMENT_3D('',#1833,#1453,#1454);
#1306=AXIS2_PLACEMENT_3D('',#1836,#1456,#1457);
#1307=AXIS2_PLACEMENT_3D('',#1838,#1458,#1459);
#1308=AXIS2_PLACEMENT_3D('',#1839,#1460,#1461);
#1309=AXIS2_PLACEMENT_3D('',#1848,#1466,#1467);
#1310=AXIS2_PLACEMENT_3D('',#1854,#1471,#1472);
#1311=AXIS2_PLACEMENT_3D('',#1868,#1480,#1481);
#1312=AXIS2_PLACEMENT_3D('',#1873,#1483,#1484);
#1313=AXIS2_PLACEMENT_3D('',#1877,#1486,#1487);
#1314=AXIS2_PLACEMENT_3D('',#1880,#1489,#1490);
#1315=AXIS2_PLACEMENT_3D('',#1881,#1491,#1492);
#1316=AXIS2_PLACEMENT_3D('',#1882,#1493,#1494);
#1317=AXIS2_PLACEMENT_3D('',#1884,#1495,#1496);
#1318=AXIS2_PLACEMENT_3D('',#1885,#1497,#1498);
#1319=AXIS2_PLACEMENT_3D('',#1890,#1500,#1501);
#1320=AXIS2_PLACEMENT_3D('',#1894,#1503,#1504);
#1321=AXIS2_PLACEMENT_3D('',#1898,#1506,#1507);
#1322=AXIS2_PLACEMENT_3D('',#1902,#1509,#1510);
#1323=AXIS2_PLACEMENT_3D('',#1905,#1512,#1513);
#1324=AXIS2_PLACEMENT_3D('',#1907,#1514,#1515);
#1325=AXIS2_PLACEMENT_3D('',#1908,#1516,#1517);
#1326=AXIS2_PLACEMENT_3D('',#1914,#1521,#1522);
#1327=AXIS2_PLACEMENT_3D('',#1918,#1524,#1525);
#1328=AXIS2_PLACEMENT_3D('',#1919,#1526,#1527);
#1329=AXIS2_PLACEMENT_3D('',#1920,#1528,#1529);
#1330=AXIS2_PLACEMENT_3D('',#1921,#1530,#1531);
#1331=AXIS2_PLACEMENT_3D('',#1923,#1532,#1533);
#1332=AXIS2_PLACEMENT_3D('',#1927,#1535,#1536);
#1333=AXIS2_PLACEMENT_3D('',#1931,#1538,#1539);
#1334=AXIS2_PLACEMENT_3D('',#1935,#1541,#1542);
#1335=AXIS2_PLACEMENT_3D('',#1939,#1544,#1545);
#1336=AXIS2_PLACEMENT_3D('',#1945,#1548,#1549);
#1337=AXIS2_PLACEMENT_3D('',#1947,#1551,#1552);
#1338=AXIS2_PLACEMENT_3D('',#1952,#1554,#1555);
#1339=AXIS2_PLACEMENT_3D('',#1958,#1558,#1559);
#1340=AXIS2_PLACEMENT_3D('',#1962,#1561,#1562);
#1341=AXIS2_PLACEMENT_3D('',#1966,#1564,#1565);
#1342=AXIS2_PLACEMENT_3D('',#1970,#1567,#1568);
#1343=AXIS2_PLACEMENT_3D('',#1974,#1570,#1571);
#1344=AXIS2_PLACEMENT_3D('',#1978,#1573,#1574);
#1345=AXIS2_PLACEMENT_3D('',#1981,#1576,#1577);
#1346=AXIS2_PLACEMENT_3D('',#1983,#1578,#1579);
#1347=AXIS2_PLACEMENT_3D('',#1985,#1580,#1581);
#1348=AXIS2_PLACEMENT_3D('',#1986,#1582,#1583);
#1349=AXIS2_PLACEMENT_3D('',#1990,#1585,#1586);
#1350=AXIS2_PLACEMENT_3D('',#1992,#1588,#1589);
#1351=AXIS2_PLACEMENT_3D('',#2004,#1591,#1592);
#1352=AXIS2_PLACEMENT_3D('',#2008,#1594,#1595);
#1353=AXIS2_PLACEMENT_3D('',#2013,#1596,#1597);
#1354=AXIS2_PLACEMENT_3D('',#2015,#1598,#1599);
#1355=AXIS2_PLACEMENT_3D('',#2022,#1601,#1602);
#1356=AXIS2_PLACEMENT_3D('',#2023,#1603,#1604);
#1357=AXIS2_PLACEMENT_3D('',#2028,#1605,#1606);
#1358=AXIS2_PLACEMENT_3D('',#2037,#1609,#1610);
#1359=AXIS2_PLACEMENT_3D('',#2039,#1611,#1612);
#1360=AXIS2_PLACEMENT_3D('',#2043,#1615,#1616);
#1361=AXIS2_PLACEMENT_3D('',#2047,#1619,#1620);
#1362=AXIS2_PLACEMENT_3D('',#2049,#1622,#1623);
#1363=AXIS2_PLACEMENT_3D('',#2183,#1634,#1635);
#1364=AXIS2_PLACEMENT_3D('',#2186,#1636,#1637);
#1365=AXIS2_PLACEMENT_3D('',#2190,#1639,#1640);
#1366=AXIS2_PLACEMENT_3D('',#2192,#1642,#1643);
#1367=AXIS2_PLACEMENT_3D('',#2194,#1644,#1645);
#1368=AXIS2_PLACEMENT_3D('',#2231,#1647,#1648);
#1369=AXIS2_PLACEMENT_3D('',#2360,#1657,#1658);
#1370=AXIS2_PLACEMENT_3D('',#2363,#1661,#1662);
#1371=AXIS2_PLACEMENT_3D('',#2366,#1665,#1666);
#1372=AXIS2_PLACEMENT_3D('',#2367,#1667,#1668);
#1373=AXIS2_PLACEMENT_3D('',#2370,#1671,#1672);
#1374=AXIS2_PLACEMENT_3D('',#2375,#1677,#1678);
#1375=AXIS2_PLACEMENT_3D('',#2378,#1681,#1682);
#1376=AXIS2_PLACEMENT_3D('',#2381,#1685,#1686);
#1377=AXIS2_PLACEMENT_3D('',#2383,#1688,#1689);
#1378=AXIS2_PLACEMENT_3D('',#2385,#1691,#1692);
#1379=AXIS2_PLACEMENT_3D('',#2387,#1694,#1695);
#1380=AXIS2_PLACEMENT_3D('',#2388,#1696,#1697);
#1381=AXIS2_PLACEMENT_3D('',#2389,#1698,#1699);
#1382=AXIS2_PLACEMENT_3D('',#2390,#1700,#1701);
#1383=AXIS2_PLACEMENT_3D('',#2392,#1703,#1704);
#1384=AXIS2_PLACEMENT_3D('',#2393,#1705,#1706);
#1385=AXIS2_PLACEMENT_3D('',#2395,#1708,#1709);
#1386=AXIS2_PLACEMENT_3D('',#2396,#1710,#1711);
#1387=AXIS2_PLACEMENT_3D('',#2397,#1712,#1713);
#1388=AXIS2_PLACEMENT_3D('',#2398,#1714,#1715);
#1389=AXIS2_PLACEMENT_3D('',#2399,#1716,#1717);
#1390=AXIS2_PLACEMENT_3D('',#2400,#1718,#1719);
#1391=AXIS2_PLACEMENT_3D('',#2414,#1720,#1721);
#1392=AXIS2_PLACEMENT_3D('',#2427,#1722,#1723);
#1393=AXIS2_PLACEMENT_3D('',#2428,#1724,#1725);
#1394=AXIS2_PLACEMENT_3D('',#2429,#1726,#1727);
#1395=AXIS2_PLACEMENT_3D('',#2430,#1728,#1729);
#1396=AXIS2_PLACEMENT_3D('',#2431,#1730,#1731);
#1397=AXIS2_PLACEMENT_3D('',#2432,#1732,#1733);
#1398=AXIS2_PLACEMENT_3D('',#2433,#1734,#1735);
#1399=AXIS2_PLACEMENT_3D('',#2434,#1736,#1737);
#1400=AXIS2_PLACEMENT_3D('',#2435,#1738,#1739);
#1401=AXIS2_PLACEMENT_3D('',#2436,#1740,#1741);
#1402=AXIS2_PLACEMENT_3D('',#2437,#1742,#1743);
#1403=AXIS2_PLACEMENT_3D('',#2438,#1744,#1745);
#1404=AXIS2_PLACEMENT_3D('',#2439,#1746,#1747);
#1405=AXIS2_PLACEMENT_3D('',#2440,#1748,#1749);
#1406=AXIS2_PLACEMENT_3D('',#2441,#1750,#1751);
#1407=AXIS2_PLACEMENT_3D('',#2442,#1752,#1753);
#1408=AXIS2_PLACEMENT_3D('',#2444,#1755,#1756);
#1409=AXIS2_PLACEMENT_3D('',#2445,#1757,#1758);
#1410=AXIS2_PLACEMENT_3D('',#2447,#1760,#1761);
#1411=AXIS2_PLACEMENT_3D('',#2448,#1762,#1763);
#1412=AXIS2_PLACEMENT_3D('',#2449,#1764,#1765);
#1413=AXIS2_PLACEMENT_3D('',#2799,#1766,#1767);
#1414=AXIS2_PLACEMENT_3D('',#2800,#1768,#1769);
#1415=AXIS2_PLACEMENT_3D('',#2801,#1770,#1771);
#1416=AXIS2_PLACEMENT_3D('',#2802,#1772,#1773);
#1417=AXIS2_PLACEMENT_3D('',#2803,#1774,#1775);
#1418=AXIS2_PLACEMENT_3D('',#2804,#1776,#1777);
#1419=AXIS2_PLACEMENT_3D('',#2805,#1778,#1779);
#1420=AXIS2_PLACEMENT_3D('',#2806,#1780,#1781);
#1421=AXIS2_PLACEMENT_3D('',#2807,#1782,#1783);
#1422=AXIS2_PLACEMENT_3D('',#2808,#1784,#1785);
#1423=AXIS2_PLACEMENT_3D('',#2809,#1786,#1787);
#1424=AXIS2_PLACEMENT_3D('',#2810,#1788,#1789);
#1425=AXIS2_PLACEMENT_3D('',#2811,#1790,#1791);
#1426=AXIS2_PLACEMENT_3D('',#2812,#1792,#1793);
#1427=AXIS2_PLACEMENT_3D('',#2813,#1794,#1795);
#1428=AXIS2_PLACEMENT_3D('',#2814,#1796,#1797);
#1429=AXIS2_PLACEMENT_3D('',#2815,#1798,#1799);
#1430=AXIS2_PLACEMENT_3D('',#2816,#1800,#1801);
#1431=AXIS2_PLACEMENT_3D('',#2817,#1802,#1803);
#1432=AXIS2_PLACEMENT_3D('',#2818,#1804,#1805);
#1433=AXIS2_PLACEMENT_3D('',#2819,#1806,#1807);
#1434=AXIS2_PLACEMENT_3D('',#2820,#1808,#1809);
#1435=AXIS2_PLACEMENT_3D('',#2821,#1810,#1811);
#1436=AXIS2_PLACEMENT_3D('',#2822,#1812,#1813);
#1437=DIRECTION('axis',(0.,0.,1.));
#1438=DIRECTION('refdir',(1.,0.,0.));
#1439=DIRECTION('axis',(0.,0.,1.));
#1440=DIRECTION('refdir',(1.,0.,0.));
#1441=DIRECTION('center_axis',(2.61678343703377E-5,0.999999999653367,-2.91709765811715E-6));
#1442=DIRECTION('ref_axis',(0.500000229652409,-1.05576429080506E-5,0.866025271130164));
#1443=DIRECTION('',(-0.602286784370367,1.34318807044813E-5,-0.79827979380189));
#1444=DIRECTION('center_axis',(2.61678343535543E-5,0.999999999653367,-2.91709753803626E-6));
#1445=DIRECTION('ref_axis',(0.602554269864967,-1.34394692187927E-5,0.79807791078746));
#1446=DIRECTION('',(-0.79807773314215,2.26416762784373E-5,0.602554504879054));
#1447=DIRECTION('center_axis',(2.61678343703377E-5,0.999999999653367,-2.91709765811715E-6));
#1448=DIRECTION('ref_axis',(0.997811667778427,-2.63034494148771E-5,-0.0661201554245123));
#1449=DIRECTION('',(0.0661201122670471,1.18049394272712E-6,0.997811670984259));
#1450=DIRECTION('center_axis',(2.61678343703377E-5,0.999999999653367,-2.91709765811715E-6));
#1451=DIRECTION('ref_axis',(-0.0657858274492477,-1.18930590628418E-6,-0.997833766168195));
#1452=DIRECTION('',(0.997833785173995,-2.63030520556215E-5,-0.0657855339226439));
#1453=DIRECTION('center_axis',(-2.61678343703377E-5,-0.999999999653367,
2.91709765811715E-6));
#1454=DIRECTION('ref_axis',(0.500000229652399,-1.05576429080503E-5,0.86602527113017));
#1455=DIRECTION('',(0.416281947544555,-1.35455260405411E-5,-0.9092355800149));
#1456=DIRECTION('center_axis',(-2.61678343703377E-5,-0.999999999653367,
2.91709765811715E-6));
#1457=DIRECTION('ref_axis',(0.500000229652409,-1.05576429080506E-5,0.866025271130164));
#1458=DIRECTION('center_axis',(2.61678343703377E-5,0.999999999653367,-2.91709765811715E-6));
#1459=DIRECTION('ref_axis',(0.500000229652409,-1.05576429080506E-5,0.866025271130164));
#1460=DIRECTION('center_axis',(0.997833818998097,-2.63030514441215E-5,-0.0657850208772642));
#1461=DIRECTION('ref_axis',(-2.61678343703377E-5,-0.999999999653368,2.91709765811714E-6));
#1462=DIRECTION('',(-0.0657850209311895,-1.18932716622398E-6,-0.99783381934051));
#1463=DIRECTION('',(2.61678343703377E-5,0.999999999653367,-2.91709765811715E-6));
#1464=DIRECTION('',(0.0657850209311895,1.18932716622398E-6,0.99783381934051));
#1465=DIRECTION('',(-2.61519063606042E-5,-0.99999999965305,3.15869531304209E-6));
#1466=DIRECTION('center_axis',(0.997811111714443,0.00105869172969742,-0.0661200764594845));
#1467=DIRECTION('ref_axis',(0.00120218822975814,-0.999997007871811,0.00213049076183766));
#1468=DIRECTION('',(0.0010951744580005,-0.999999267415223,0.000515521021268895));
#1469=DIRECTION('',(0.0661201122670471,1.18049394272712E-6,0.997811670984259));
#1470=DIRECTION('',(-0.00105649308237264,0.999999439584158,6.82183020719744E-5));
#1471=DIRECTION('center_axis',(0.0657855339829029,1.43143577739681E-6,0.997833785515672));
#1472=DIRECTION('ref_axis',(2.66422911441631E-5,0.999999999640003,-3.19102557214247E-6));
#1473=DIRECTION('',(-0.997833785173995,2.63030520556215E-5,0.0657855339226439));
#1474=DIRECTION('',(2.61519063606042E-5,0.99999999965305,-3.15869531304209E-6));
#1475=DIRECTION('',(-0.997833785173995,2.63030520556215E-5,0.0657855339226439));
#1476=DIRECTION('',(2.57038422430349E-5,0.99999999966476,-3.12915518557398E-6));
#1477=DIRECTION('',(0.997833785176385,-2.62115142652588E-5,-0.0657855339229328));
#1478=DIRECTION('',(-2.62823852175762E-5,-0.999999999649602,3.16729756864722E-6));
#1479=DIRECTION('',(0.00105649308237264,-0.999999439584158,-6.82183020719743E-5));
#1480=DIRECTION('center_axis',(2.61678343703377E-5,0.999999999653367,-2.91709765811715E-6));
#1481=DIRECTION('ref_axis',(0.500000229652409,-1.05576429080506E-5,0.866025271130164));
#1482=DIRECTION('',(-0.909236423165902,2.25784184116825E-5,-0.416280105552369));
#1483=DIRECTION('center_axis',(2.61678343703377E-5,0.999999999653367,-2.91709765811715E-6));
#1484=DIRECTION('ref_axis',(0.500000229652409,-1.05576429080506E-5,0.866025271130164));
#1485=DIRECTION('',(-0.415674710339992,1.35304462419966E-5,0.909513350644558));
#1486=DIRECTION('center_axis',(-2.61678343703377E-5,-0.999999999653367,
2.91709765811715E-6));
#1487=DIRECTION('ref_axis',(0.500000229652399,-1.05576429080503E-5,0.86602527113017));
#1488=DIRECTION('',(0.909513872610891,-2.25874479924878E-5,0.415673567860823));
#1489=DIRECTION('center_axis',(-2.61678343703377E-5,-0.999999999653367,
2.91709765811715E-6));
#1490=DIRECTION('ref_axis',(0.500000229652419,-1.05576429080509E-5,0.866025271130159));
#1491=DIRECTION('center_axis',(2.61678343703377E-5,0.999999999653367,-2.91709765811715E-6));
#1492=DIRECTION('ref_axis',(0.500000229652409,-1.05576429080506E-5,0.866025271130164));
#1493=DIRECTION('center_axis',(2.61678343703377E-5,0.999999999653367,-2.91709765811715E-6));
#1494=DIRECTION('ref_axis',(0.500000229652409,-1.05576429080506E-5,0.866025271130164));
#1495=DIRECTION('center_axis',(2.61678343703377E-5,0.999999999653367,-2.91709765811715E-6));
#1496=DIRECTION('ref_axis',(0.500000229652409,-1.05576429080506E-5,0.866025271130164));
#1497=DIRECTION('center_axis',(2.61678343703377E-5,0.999999999653367,-2.91709765811715E-6));
#1498=DIRECTION('ref_axis',(0.500000229652409,-1.05576429080506E-5,0.866025271130164));
#1499=DIRECTION('',(0.798279629764259,-2.26461791423613E-5,-0.602287001512227));
#1500=DIRECTION('center_axis',(2.61678343703377E-5,0.999999999653367,-2.91709765811715E-6));
#1501=DIRECTION('ref_axis',(0.500000229652409,-1.05576429080506E-5,0.866025271130164));
#1502=DIRECTION('',(-0.602286784370367,1.34318807044813E-5,-0.79827979380189));
#1503=DIRECTION('center_axis',(-2.61678343703377E-5,-0.999999999653367,
2.91709765811715E-6));
#1504=DIRECTION('ref_axis',(0.500000229652419,-1.05576429080509E-5,0.866025271130159));
#1505=DIRECTION('',(-0.909513269377512,2.25874283568957E-5,-0.415674887762103));
#1506=DIRECTION('center_axis',(-2.61678343703377E-5,-0.999999999653367,
2.91709765811715E-6));
#1507=DIRECTION('ref_axis',(0.500000229652419,-1.05576429080509E-5,0.866025271130159));
#1508=DIRECTION('',(-0.415674677555275,1.35304454278002E-5,0.90951336562815));
#1509=DIRECTION('center_axis',(2.61678343703377E-5,0.999999999653367,-2.91709765811715E-6));
#1510=DIRECTION('ref_axis',(0.500000229652409,-1.05576429080506E-5,0.866025271130164));
#1511=DIRECTION('',(0.909236342108016,-2.25784157741124E-5,0.416280282598455));
#1512=DIRECTION('center_axis',(2.61678343703377E-5,0.999999999653367,-2.91709765811715E-6));
#1513=DIRECTION('ref_axis',(0.500000229652409,-1.05576429080506E-5,0.866025271130164));
#1514=DIRECTION('center_axis',(2.61678343703377E-5,0.999999999653367,-2.91709765811715E-6));
#1515=DIRECTION('ref_axis',(0.500000229652409,-1.05576429080506E-5,0.866025271130164));
#1516=DIRECTION('center_axis',(0.41628010534221,-1.35454802944532E-5,-0.909236423441559));
#1517=DIRECTION('ref_axis',(2.61678343703378E-5,0.999999999653368,-2.91709765811715E-6));
#1518=DIRECTION('',(-0.909236423165902,2.25784184116825E-5,-0.416280105552369));
#1519=DIRECTION('',(2.59303635788665E-5,0.99999999965923,-3.02582005816642E-6));
#1520=DIRECTION('',(-2.61678343703377E-5,-0.999999999653367,2.91709765811715E-6));
#1521=DIRECTION('center_axis',(2.61678343703377E-5,0.999999999653367,-2.91709765811715E-6));
#1522=DIRECTION('ref_axis',(0.500000229652409,-1.05576429080506E-5,0.866025271130164));
#1523=DIRECTION('',(-0.415674710339992,1.35304462419966E-5,0.909513350644558));
#1524=DIRECTION('center_axis',(-2.61678343703377E-5,-0.999999999653367,
2.91709765811715E-6));
#1525=DIRECTION('ref_axis',(0.500000229652433,-1.05576429080513E-5,0.86602527113015));
#1526=DIRECTION('center_axis',(-2.61678343703377E-5,-0.999999999653367,
2.91709765811715E-6));
#1527=DIRECTION('ref_axis',(0.500000229652409,-1.05576429080506E-5,0.866025271130164));
#1528=DIRECTION('center_axis',(-2.61678343703377E-5,-0.999999999653367,
2.91709765811715E-6));
#1529=DIRECTION('ref_axis',(0.500000229652385,-1.05576429080499E-5,0.866025271130178));
#1530=DIRECTION('center_axis',(-2.61678342903789E-5,-0.999999999653367,
2.91709756684008E-6));
#1531=DIRECTION('ref_axis',(0.9978116511826,-2.63034496253544E-5,-0.0661204058697568));
#1532=DIRECTION('center_axis',(-2.61678343703377E-5,-0.999999999653367,
2.91709765811715E-6));
#1533=DIRECTION('ref_axis',(0.602554470068447,-1.34394748128972E-5,0.798077759632427));
#1534=DIRECTION('',(0.79807773314215,-2.26416762784373E-5,-0.602554504879054));
#1535=DIRECTION('center_axis',(-2.61678343535543E-5,-0.999999999653367,
2.91709753803626E-6));
#1536=DIRECTION('ref_axis',(-0.798279970716135,2.26461866603683E-5,0.602286549609567));
#1537=DIRECTION('',(-0.602286784370367,1.34318807044813E-5,-0.79827979380189));
#1538=DIRECTION('center_axis',(-2.61678343703377E-5,-0.999999999653367,
2.91709765811715E-6));
#1539=DIRECTION('ref_axis',(0.500000229652409,-1.05576429080506E-5,0.866025271130164));
#1540=DIRECTION('',(-0.798279629764259,2.26461791423613E-5,0.602287001512227));
#1541=DIRECTION('center_axis',(-2.61678343703377E-5,-0.999999999653367,
2.91709765811715E-6));
#1542=DIRECTION('ref_axis',(0.500000229652409,-1.05576429080506E-5,0.866025271130164));
#1543=DIRECTION('',(-0.909236342108016,2.25784157741124E-5,-0.416280282598455));
#1544=DIRECTION('center_axis',(-2.61678343703377E-5,-0.999999999653367,
2.91709765811715E-6));
#1545=DIRECTION('ref_axis',(0.500000229652433,-1.05576429080513E-5,0.86602527113015));
#1546=DIRECTION('',(-0.415674677555275,1.35304454278002E-5,0.90951336562815));
#1547=DIRECTION('',(0.909513401215171,-2.25874326482858E-5,0.415674599295914));
#1548=DIRECTION('center_axis',(2.61678343804441E-5,0.999999999653367,-2.91709765347275E-6));
#1549=DIRECTION('ref_axis',(0.665756741697807,-1.52447647427444E-5,0.746168855321312));
#1550=DIRECTION('',(-0.909513348741173,2.25874309402275E-5,-0.415674714111196));
#1551=DIRECTION('center_axis',(-1.34747343742518E-5,-0.99999999990712,-2.04727807520143E-6));
#1552=DIRECTION('ref_axis',(-0.364240941774109,6.81468973408142E-6,-0.931304749418293));
#1553=DIRECTION('',(0.909513345736141,-1.31064524878154E-5,0.415674721093394));
#1554=DIRECTION('center_axis',(-1.34747343742518E-5,-0.99999999990712,-2.04727807520143E-6));
#1555=DIRECTION('ref_axis',(0.500000229704934,-8.51036483326853E-6,0.866025271122377));
#1556=DIRECTION('',(-0.90951334561019,1.31064524866542E-5,-0.415674721368981));
#1557=DIRECTION('',(0.41568369392669,-3.73920902340565E-6,-0.909509244916994));
#1558=DIRECTION('center_axis',(1.34747343703824E-5,0.99999999990712,2.04727803612593E-6));
#1559=DIRECTION('ref_axis',(-0.0985420429022359,3.36514155838245E-6,-0.995132888497476));
#1560=DIRECTION('',(0.909509031405705,-1.31064136792028E-5,0.41568416089584));
#1561=DIRECTION('center_axis',(1.34747343742518E-5,0.99999999990712,2.04727807520143E-6));
#1562=DIRECTION('ref_axis',(0.625172975595033,-6.82616744420081E-6,-0.780486227001512));
#1563=DIRECTION('',(0.602283743974325,-9.74991888500034E-6,0.79828208776673));
#1564=DIRECTION('center_axis',(1.34747343921709E-5,0.99999999990712,2.04727807361917E-6));
#1565=DIRECTION('ref_axis',(0.99612411621746,-1.32424318312456E-5,-0.0879587682645766));
#1566=DIRECTION('',(-0.416272538888737,3.74769500201801E-6,0.909239887682607));
#1567=DIRECTION('center_axis',(1.34747343940194E-5,0.99999999990712,2.04727810703681E-6));
#1568=DIRECTION('ref_axis',(0.52751148700639,-8.84733799048379E-6,0.849547898001067));
#1569=DIRECTION('',(-0.997832936666106,1.33108261372271E-5,0.0657984067217224));
#1570=DIRECTION('center_axis',(1.34747343742518E-5,0.99999999990712,2.04727807520143E-6));
#1571=DIRECTION('ref_axis',(0.183078064103434,-4.54252526858308E-7,-0.983098378822757));
#1572=DIRECTION('',(-0.909517813828252,1.3106492678883E-5,-0.415664944585535));
#1573=DIRECTION('center_axis',(1.34747343806401E-5,0.99999999990712,2.0472780715131E-6));
#1574=DIRECTION('ref_axis',(-0.866023105957498,1.06457841377112E-5,0.500003979818557));
#1575=DIRECTION('',(0.415683778753573,-3.7392102457972E-6,-0.909509206147562));
#1576=DIRECTION('center_axis',(-1.34747343742518E-5,-0.99999999990712,-2.04727807520146E-6));
#1577=DIRECTION('ref_axis',(0.866025271073157,-1.06458209821276E-5,-0.500000229749278));
#1578=DIRECTION('center_axis',(-1.34747343742518E-5,-0.99999999990712,-2.04727807520146E-6));
#1579=DIRECTION('ref_axis',(0.866025271073157,-1.06458209821276E-5,-0.500000229749278));
#1580=DIRECTION('center_axis',(-1.34747343742518E-5,-0.99999999990712,-2.04727807520146E-6));
#1581=DIRECTION('ref_axis',(0.866025271073157,-1.06458209821276E-5,-0.500000229749278));
#1582=DIRECTION('center_axis',(0.643102265562078,-0.707125241172123,0.293927489912373));
#1583=DIRECTION('ref_axis',(-0.415674788184105,1.35304481752307E-5,0.909513315067474));
#1584=DIRECTION('',(0.643175693751922,0.707083331263787,0.293867639619675));
#1585=DIRECTION('center_axis',(0.64310222416316,-0.707125234143347,0.293927597401321));
#1586=DIRECTION('ref_axis',(0.643143694088249,0.707088327620377,0.293925646546093));
#1587=DIRECTION('',(0.415674677552031,-1.36520798274142E-5,-0.909513365627815));
#1588=DIRECTION('center_axis',(0.293945690381017,0.707096743368919,-0.643125280659606));
#1589=DIRECTION('ref_axis',(0.432561931912923,0.501595102003521,0.74919458667681));
#1590=DIRECTION('',(0.909513269358572,-2.33023501108026E-5,0.415674887764082));
#1591=DIRECTION('center_axis',(-0.564488047102828,-0.707090223549559,0.425883388310309));
#1592=DIRECTION('ref_axis',(-0.602286683048768,1.34318778303166E-5,-0.798279870247082));
#1593=DIRECTION('',(0.602286784367067,-1.35588058467306E-5,0.798279793802234));
#1594=DIRECTION('center_axis',(0.546977177092221,0.706784463951248,-0.448633134373032));
#1595=DIRECTION('ref_axis',(-0.618219532127237,-0.0203150011853957,-0.785742903768922));
#1596=DIRECTION('center_axis',(0.642945171032142,0.707090968041869,0.294353308050143));
#1597=DIRECTION('ref_axis',(0.749359770750635,-0.5012727749469,-0.432649441323562));
#1598=DIRECTION('center_axis',(0.656733823609904,0.706666021242483,0.263294168845483));
#1599=DIRECTION('ref_axis',(0.394227496945369,-0.0240776514220649,-0.918697418824167));
#1600=DIRECTION('',(-0.416281947530086,1.40960343315223E-5,0.909235580013156));
#1601=DIRECTION('center_axis',(0.0465358100325717,0.707108017486292,0.705572583077898));
#1602=DIRECTION('ref_axis',(0.792127601207051,0.404206303121286,-0.457330436252593));
#1603=DIRECTION('center_axis',(0.0213982428575987,0.706870112134607,0.70701963181613));
#1604=DIRECTION('ref_axis',(-0.998674123291331,-0.0180051669874125,0.0482266464731624));
#1605=DIRECTION('center_axis',(-0.293906529090378,0.707117709695544,0.643120126254011));
#1606=DIRECTION('ref_axis',(0.671414929638268,0.631618377851014,-0.387634127779912));
#1607=DIRECTION('',(0.293917519400508,0.707092752871167,-0.64314254300779));
#1608=DIRECTION('',(-0.909513872610891,2.25874479923308E-5,-0.415673567860823));
#1609=DIRECTION('center_axis',(0.643103911734851,-0.707123401167789,0.293928314784799));
#1610=DIRECTION('ref_axis',(-0.415674873056912,1.35304502828226E-5,0.909513276278058));
#1611=DIRECTION('center_axis',(0.643103867714831,-0.70712340584389,0.293928399849287));
#1612=DIRECTION('ref_axis',(0.643138885656395,0.707090156091644,0.293931769148802));
#1613=DIRECTION('',(-0.643134536566035,-0.70708911206624,-0.293943796453282));
#1614=DIRECTION('',(0.415674710335346,-1.37093513524521E-5,-0.909513350644002));
#1615=DIRECTION('center_axis',(0.909513350375565,-2.23262549858272E-5,0.415674710549191));
#1616=DIRECTION('ref_axis',(-2.5777741884662E-5,-0.999999999664131,2.69187751842924E-6));
#1617=DIRECTION('',(-2.59303635788665E-5,-0.99999999965923,3.02582005816642E-6));
#1618=DIRECTION('',(2.61407987328955E-5,0.999999999652252,-3.48626082416992E-6));
#1619=DIRECTION('center_axis',(0.909513350375564,-2.23262549858272E-5,0.415674710549192));
#1620=DIRECTION('ref_axis',(2.58841670348818E-5,0.999999999660728,-2.92474012122928E-6));
#1621=DIRECTION('',(-2.59302911683505E-5,-0.999999999659233,3.02566162098141E-6));
#1622=DIRECTION('center_axis',(-0.415674599093737,1.32316750436141E-5,0.9095134014918));
#1623=DIRECTION('ref_axis',(2.58502600500834E-5,0.999999999662145,-2.73374592642422E-6));
#1624=DIRECTION('',(-6.18921201933437E-5,-0.99999999799031,-1.37384531233213E-5));
#1625=DIRECTION('',(2.65226584686495E-5,0.99999999964533,-2.42643990670772E-6));
#1626=DIRECTION('',(-0.90951340121207,2.27062695689584E-5,-0.415674599296226));
#1627=DIRECTION('',(2.61589991227684E-5,0.999999999654492,-2.59264301342293E-6));
#1628=DIRECTION('',(0.909513401211729,-2.27193306139428E-5,0.415674599296259));
#1629=DIRECTION('',(0.909513401170743,-2.42453349093672E-5,0.415674599299729));
#1630=DIRECTION('',(0.909513401241428,-2.15608625796274E-5,0.415674599292979));
#1631=DIRECTION('',(0.909513401159653,-2.46452314798728E-5,0.415674599300477));
#1632=DIRECTION('',(0.909513401215403,-2.25785289263254E-5,0.41567459929589));
#1633=DIRECTION('',(0.909513401369605,-1.58696286192372E-5,0.415674599268763));
#1634=DIRECTION('center_axis',(0.909513426773181,-2.28108489793411E-5,0.415674543361716));
#1635=DIRECTION('ref_axis',(-2.65015276742563E-5,-0.999999999643999,3.10975569507473E-6));
#1636=DIRECTION('center_axis',(-0.909513426773181,2.28108489793411E-5,-0.415674543361716));
#1637=DIRECTION('ref_axis',(2.8320071772925E-5,0.999999999573861,-7.08880686126319E-6));
#1638=DIRECTION('',(3.16818052677648E-5,0.999999999393811,-1.44444214971495E-5));
#1639=DIRECTION('center_axis',(0.909513426773181,-2.28108489793411E-5,0.415674543361716));
#1640=DIRECTION('ref_axis',(0.415674543151098,-1.35304420899216E-5,-0.909513427054847));
#1641=DIRECTION('',(-2.06557266508054E-5,-0.999999999739809,-9.68110342320258E-6));
#1642=DIRECTION('center_axis',(0.909513386384722,-2.27142639545977E-5,0.415674631738644));
#1643=DIRECTION('ref_axis',(-2.63572703077483E-5,-0.999999999648068,3.02646861462749E-6));
#1644=DIRECTION('center_axis',(-0.909513386384722,2.27142639545977E-5,-0.415674631738644));
#1645=DIRECTION('ref_axis',(-0.415674631531215,1.34194818507642E-5,0.909513386664158));
#1646=DIRECTION('',(2.64936969632767E-5,0.999999999643514,-3.32497581254617E-6));
#1647=DIRECTION('center_axis',(-0.415674713887915,1.40368697967111E-5,0.909513349015377));
#1648=DIRECTION('ref_axis',(2.67061344534151E-5,0.999999999638182,-3.22788554652336E-6));
#1649=DIRECTION('',(6.17334592938392E-5,0.999999998012818,1.27806461261434E-5));
#1650=DIRECTION('',(-0.909513348893595,1.60788301214515E-5,-0.415674714080408));
#1651=DIRECTION('',(-0.909513348738376,2.26932983191004E-5,-0.415674714111551));
#1652=DIRECTION('',(-0.909513348683606,2.46933605925147E-5,-0.415674714117387));
#1653=DIRECTION('',(-0.909513348765477,2.16509707028786E-5,-0.415674714107851));
#1654=DIRECTION('',(-0.909513348734364,2.28444323509493E-5,-0.41567471411205));
#1655=DIRECTION('',(-0.909513348749436,2.22724945188805E-5,-0.415674714110111));
#1656=DIRECTION('',(0.909513348736992,-2.27455041041309E-5,0.415674714111725));
#1657=DIRECTION('center_axis',(0.602287001369515,-1.34318868604714E-5,0.79827963008015));
#1658=DIRECTION('ref_axis',(-2.61678343703378E-5,-0.999999999653368,2.91709765811713E-6));
#1659=DIRECTION('',(2.59623056162089E-5,0.999999999659165,-2.76203006972722E-6));
#1660=DIRECTION('',(-2.61678343703377E-5,-0.999999999653367,2.91709765811715E-6));
#1661=DIRECTION('center_axis',(0.909513365338445,-2.31141027434005E-5,0.41567467776673));
#1662=DIRECTION('ref_axis',(-2.69544705302352E-5,-0.999999999631046,3.37126253522746E-6));
#1663=DIRECTION('',(2.66467031288732E-5,0.999999999641337,-2.69785474744507E-6));
#1664=DIRECTION('',(2.6646848872319E-5,0.999999999641333,-2.69817364012494E-6));
#1665=DIRECTION('center_axis',(0.909513365338445,-2.31141027434005E-5,0.41567467776673));
#1666=DIRECTION('ref_axis',(2.66007246457423E-5,0.999999999642828,-2.59725192702623E-6));
#1667=DIRECTION('center_axis',(0.602554178602831,0.00107132833531222,0.798077260735993));
#1668=DIRECTION('ref_axis',(0.00762439619448655,-0.999961191220821,-0.00441414033610629));
#1669=DIRECTION('',(0.000627379006645779,-0.999999425868897,0.000868710226836725));
#1670=DIRECTION('',(-0.0010951744580005,0.999999267415223,-0.000515521021268895));
#1671=DIRECTION('center_axis',(-0.798279793492709,2.23887181829592E-5,0.602286784513809));
#1672=DIRECTION('ref_axis',(2.59431727086834E-5,0.999999999659591,-2.78738910776464E-6));
#1673=DIRECTION('',(-0.000627379006645779,0.999999425868897,-0.000868710226836725));
#1674=DIRECTION('',(2.61678343703377E-5,0.999999999653367,-2.91709765811715E-6));
#1675=DIRECTION('',(-2.56755658816499E-5,-0.999999999665446,3.14207914620713E-6));
#1676=DIRECTION('',(-2.59623056162089E-5,-0.999999999659165,2.76203006972722E-6));
#1677=DIRECTION('center_axis',(0.909235579739243,-2.25783909671492E-5,0.416281947754715));
#1678=DIRECTION('ref_axis',(-2.61678343703377E-5,-0.999999999653368,2.91709765811717E-6));
#1679=DIRECTION('',(-2.61678343703377E-5,-0.999999999653367,2.91709765811715E-6));
#1680=DIRECTION('',(2.62823852175762E-5,0.999999999649602,-3.16729756864722E-6));
#1681=DIRECTION('center_axis',(0.416280282388295,-1.35454846909121E-5,-0.909236342383674));
#1682=DIRECTION('ref_axis',(2.61678343703378E-5,0.999999999653368,-2.91709765811718E-6));
#1683=DIRECTION('',(-2.66467031288732E-5,-0.999999999641337,2.69785474744507E-6));
#1684=DIRECTION('',(2.61678343703377E-5,0.999999999653367,-2.91709765811715E-6));
#1685=DIRECTION('center_axis',(-2.6167834370388E-5,-0.999999999653367,2.91709765741759E-6));
#1686=DIRECTION('ref_axis',(0.866025270799174,-2.41205553541318E-5,-0.500000229755363));
#1687=DIRECTION('',(-2.6167834370388E-5,-0.999999999653367,2.91709765741759E-6));
#1688=DIRECTION('center_axis',(-2.61678343700354E-5,-0.999999999653367,
2.91709765790203E-6));
#1689=DIRECTION('ref_axis',(0.866025270799174,-2.41205553540687E-5,-0.500000229755363));
#1690=DIRECTION('',(-2.61678343700354E-5,-0.999999999653368,2.91709765790203E-6));
#1691=DIRECTION('center_axis',(-2.5930291163447E-5,-0.999999999659233,3.02566162322248E-6));
#1692=DIRECTION('ref_axis',(0.909513350375564,-2.23262549804358E-5,0.415674710549193));
#1693=DIRECTION('',(-2.59302911683505E-5,-0.999999999659233,3.02566162098141E-6));
#1694=DIRECTION('center_axis',(-1.18083946788214E-5,-0.999999999927454,
-2.37755681023676E-6));
#1695=DIRECTION('ref_axis',(0.909510700724005,-1.17281653501119E-5,0.415680508480947));
#1696=DIRECTION('center_axis',(2.62823852171233E-5,0.999999999649602,-3.16729757551792E-6));
#1697=DIRECTION('ref_axis',(-0.0657855339829092,-1.43143578428225E-6,-0.997833785515671));
#1698=DIRECTION('center_axis',(8.04068831703414E-5,-0.999999984501867,0.000156623746554559));
#1699=DIRECTION('ref_axis',(-0.0658341008873638,-0.000161577479551358,-0.99783056931178));
#1700=DIRECTION('center_axis',(2.567556588625E-5,0.999999999665446,-3.14207914967775E-6));
#1701=DIRECTION('ref_axis',(-0.798279793492707,2.23887181887216E-5,0.602286784513812));
#1702=DIRECTION('',(-2.56755658816499E-5,-0.999999999665446,3.14207914620713E-6));
#1703=DIRECTION('center_axis',(0.0022375169534618,-0.999993522562728,-0.00281928190677742));
#1704=DIRECTION('ref_axis',(-0.79802025625296,-0.00348456363955486,0.602620550949104));
#1705=DIRECTION('center_axis',(0.415674887552127,-1.35304506429951E-5,-0.90951326965331));
#1706=DIRECTION('ref_axis',(2.61678343703378E-5,0.999999999653368,-2.91709765811717E-6));
#1707=DIRECTION('',(-2.6646848872319E-5,-0.999999999641333,2.69817364012494E-6));
#1708=DIRECTION('center_axis',(-2.66468488671312E-5,-0.999999999641333,
2.69817364249592E-6));
#1709=DIRECTION('ref_axis',(0.909513365338444,-2.31141027376965E-5,0.415674677766732));
#1710=DIRECTION('center_axis',(-1.45724059284854E-5,-0.999999999533397,
2.68486836756388E-5));
#1711=DIRECTION('ref_axis',(-0.415683149082515,3.0476636283319E-5,0.909509493430397));
#1712=DIRECTION('center_axis',(-0.909513612885459,2.25205595526983E-5,-0.415674136155792));
#1713=DIRECTION('ref_axis',(-2.61267906582004E-5,-0.999999999654231,2.98818740857381E-6));
#1714=DIRECTION('center_axis',(0.909513323159395,-2.25840231106575E-5,0.415674770085358));
#1715=DIRECTION('ref_axis',(0.151178927558095,0.931535971589814,-0.330735038205216));
#1716=DIRECTION('center_axis',(-0.90951336201051,2.26311748983694E-5,-0.415674685074961));
#1717=DIRECTION('ref_axis',(-0.151129986381415,0.931545927678601,0.330729363440515));
#1718=DIRECTION('center_axis',(0.90951326374879,-1.59988643148283E-5,0.415674900383773));
#1719=DIRECTION('ref_axis',(-2.03911954045526E-5,-0.999999999773324,6.12786187133385E-6));
#1720=DIRECTION('center_axis',(-0.909513367513304,2.26156065962179E-5,-0.415674673035469));
#1721=DIRECTION('ref_axis',(-0.151133008557416,0.931543097965327,0.330735952623154));
#1722=DIRECTION('center_axis',(0.909513313869298,-2.26605508287359E-5,0.415674790408304));
#1723=DIRECTION('ref_axis',(-2.62096779991951E-5,-0.999999999652514,2.83274400758547E-6));
#1724=DIRECTION('center_axis',(0.909513367635332,-2.26059981835287E-5,0.41567467276899));
#1725=DIRECTION('ref_axis',(0.151178847232247,0.931536031278439,-0.330734906805352));
#1726=DIRECTION('center_axis',(-0.909513396083296,2.26437750681479E-5,-0.415674610521607));
#1727=DIRECTION('ref_axis',(-0.151130054257825,0.931545828457027,0.330729611895182));
#1728=DIRECTION('center_axis',(0.909513349294897,-2.46939346910685E-5,0.415674712779823));
#1729=DIRECTION('ref_axis',(-2.81212688345367E-5,-0.999999999602342,2.12361901201449E-6));
#1730=DIRECTION('center_axis',(0.909513396081205,-2.26435783230715E-5,0.415674610526192));
#1731=DIRECTION('ref_axis',(0.15117887996177,0.931536009185165,-0.330734954071809));
#1732=DIRECTION('center_axis',(-0.909513390772334,2.26425166246002E-5,-0.415674622142282));
#1733=DIRECTION('ref_axis',(-0.151129967103185,0.931545915268454,0.330729407204814));
#1734=DIRECTION('center_axis',(0.909513327026113,-2.16305540729263E-5,0.415674761675532));
#1735=DIRECTION('ref_axis',(-2.53505851981373E-5,-0.999999999672788,3.43090596604815E-6));
#1736=DIRECTION('center_axis',(0.909513390788865,-2.26423513775525E-5,0.41567462210612));
#1737=DIRECTION('ref_axis',(0.151178869087309,0.931536022376437,-0.330734921888465));
#1738=DIRECTION('center_axis',(-0.909513341848329,2.25251715025386E-5,-0.415674729196402));
#1739=DIRECTION('ref_axis',(-0.151130062605099,0.931545955506317,0.330729250228645));
#1740=DIRECTION('center_axis',(0.909514120824803,-2.35695476634121E-5,0.415673024701822));
#1741=DIRECTION('ref_axis',(-2.7152423053569E-5,-0.999999999627704,2.70877459031734E-6));
#1742=DIRECTION('center_axis',(0.909513341860513,-2.2525007748882E-5,0.415674729169751));
#1743=DIRECTION('ref_axis',(0.151178939779231,0.93153589918182,-0.330735236560525));
#1744=DIRECTION('center_axis',(-0.909513323155883,2.25842599875297E-5,-0.415674770093031));
#1745=DIRECTION('ref_axis',(-0.151130077658884,0.931545908322695,0.330729376249018));
#1746=DIRECTION('center_axis',(0.909513345501078,-2.27433500359463E-5,0.415674721192157));
#1747=DIRECTION('ref_axis',(-2.63780007583129E-5,-0.999999999647595,3.00185126921611E-6));
#1748=DIRECTION('center_axis',(-0.909513345501078,2.27433500366659E-5,-0.415674721192157));
#1749=DIRECTION('ref_axis',(2.62635206930879E-5,0.999999999651329,-2.75136418734139E-6));
#1750=DIRECTION('center_axis',(2.57038422428801E-5,0.99999999966476,-3.12915518792127E-6));
#1751=DIRECTION('ref_axis',(-0.0657855339829056,-1.43143577974912E-6,-0.997833785515671));
#1752=DIRECTION('center_axis',(-0.000725363020156838,-0.999992538251686,
0.00379437602774549));
#1753=DIRECTION('ref_axis',(0.415290165652191,-0.00375293689597889,-0.909681259440487));
#1754=DIRECTION('',(2.57038422430349E-5,0.99999999966476,-3.12915518557398E-6));
#1755=DIRECTION('center_axis',(0.415673567650848,-1.35304178637277E-5,-0.909513872886689));
#1756=DIRECTION('ref_axis',(2.61678343703378E-5,0.999999999653368,-2.91709765811716E-6));
#1757=DIRECTION('center_axis',(-2.61678343706068E-5,-0.999999999653367,
2.91709765834472E-6));
#1758=DIRECTION('ref_axis',(0.866025270799174,-2.41205553547849E-5,-0.500000229755363));
#1759=DIRECTION('',(-2.61678343706068E-5,-0.999999999653367,2.91709765834472E-6));
#1760=DIRECTION('center_axis',(2.61678343703377E-5,0.999999999653367,-2.91709765811715E-6));
#1761=DIRECTION('ref_axis',(-0.798281898008227,2.26462297275069E-5,0.602283995138117));
#1762=DIRECTION('center_axis',(0.000170956816250041,-0.999999985220429,
-1.82457646417163E-5));
#1763=DIRECTION('ref_axis',(-0.909255005718021,-0.000147848735356288,-0.416239489618024));
#1764=DIRECTION('center_axis',(4.72053516435887E-5,0.999999998859672,7.23268410552276E-6));
#1765=DIRECTION('ref_axis',(-0.908644649571918,4.59130438347688E-5,-0.417570232052429));
#1766=DIRECTION('center_axis',(8.18649326108461E-6,0.999999998647699,-5.1357412553693E-5));
#1767=DIRECTION('ref_axis',(-0.866025270540495,3.27684281597532E-5,0.50000022971144));
#1768=DIRECTION('center_axis',(-0.000278021597861558,0.999999960965944,
2.77867051892586E-5));
#1769=DIRECTION('ref_axis',(-0.866025244439596,-0.00025466709064969,0.500000211137967));
#1770=DIRECTION('center_axis',(-0.000151461236191159,0.999999953792751,
-0.000263579190298729));
#1771=DIRECTION('ref_axis',(-0.866025271174988,6.20397573494611E-7,0.500000229685851));
#1772=DIRECTION('center_axis',(4.60078962225652E-6,0.99999999998706,2.17069741995544E-6));
#1773=DIRECTION('ref_axis',(0.937047282905831,-3.55314443788412E-6,-0.349202505125857));
#1774=DIRECTION('center_axis',(0.444406121230049,-0.458235285107719,0.769755560483658));
#1775=DIRECTION('ref_axis',(-0.48633663097725,-0.845029064682664,-0.222266869351328));
#1776=DIRECTION('center_axis',(0.00117527680541033,0.999979861346865,-0.00623663572245416));
#1777=DIRECTION('ref_axis',(-0.86601784131439,0.00413618683443411,0.499995990467558));
#1778=DIRECTION('center_axis',(-0.00390488826561114,0.999980400806679,0.00489385841105452));
#1779=DIRECTION('ref_axis',(-0.866010590876155,-0.00582867733460264,0.499991682941688));
#1780=DIRECTION('center_axis',(-0.96562420188229,0.164435109891051,0.201323111873198));
#1781=DIRECTION('ref_axis',(0.113425639416239,-0.430331408384311,0.89551633334127));
#1782=DIRECTION('center_axis',(-0.909513362011577,2.26310577086174E-5,-0.415674685072635));
#1783=DIRECTION('ref_axis',(-2.6194607491419E-5,-0.999999999652801,2.87072527814397E-6));
#1784=DIRECTION('center_axis',(-0.909513367643413,2.26061238200371E-5,-0.4156746727513));
#1785=DIRECTION('ref_axis',(-2.61793056583929E-5,-0.999999999653125,2.89722881623391E-6));
#1786=DIRECTION('center_axis',(-0.909513396081083,2.26436603105874E-5,-0.415674610526454));
#1787=DIRECTION('ref_axis',(-2.62023409271767E-5,-0.999999999652637,2.85733058609109E-6));
#1788=DIRECTION('center_axis',(-0.909513390795485,2.26424256576496E-5,-0.41567462209163));
#1789=DIRECTION('ref_axis',(-2.62015833354735E-5,-0.999999999652653,2.85864277098166E-6));
#1790=DIRECTION('center_axis',(-0.909513341855503,2.25250941072327E-5,-0.415674729180707));
#1791=DIRECTION('ref_axis',(-2.61295789106326E-5,-0.999999999654172,2.98335801851415E-6));
#1792=DIRECTION('center_axis',(-0.909513323153224,2.25841419789326E-5,-0.415674770098854));
#1793=DIRECTION('ref_axis',(-2.61658164734265E-5,-0.99999999965341,2.92059275594004E-6));
#1794=DIRECTION('center_axis',(2.59303635788665E-5,0.99999999965923,-3.02582005816642E-6));
#1795=DIRECTION('ref_axis',(0.500000229657969,-1.03447511118103E-5,0.866025271129523));
#1796=DIRECTION('center_axis',(-2.61678343703377E-5,-0.999999999653367,
2.91709765811715E-6));
#1797=DIRECTION('ref_axis',(-0.500000229652409,1.05576429080506E-5,-0.866025271130164));
#1798=DIRECTION('center_axis',(2.61519063606042E-5,0.99999999965305,-3.15869531304209E-6));
#1799=DIRECTION('ref_axis',(-0.752092263746565,1.75868835757783E-5,-0.659057832442092));
#1800=DIRECTION('center_axis',(-0.000627379006645779,0.999999425868897,
-0.000868710226836725));
#1801=DIRECTION('ref_axis',(0.499999968071776,0.00106601466635018,0.866024766124476));
#1802=DIRECTION('center_axis',(-0.0010951744580005,0.999999267415223,-0.000515521021268895));
#1803=DIRECTION('ref_axis',(0.500000003635334,0.00099404196662313,0.866024831194369));
#1804=DIRECTION('center_axis',(-0.00105649308237264,0.999999439584158,6.82183020719743E-5));
#1805=DIRECTION('ref_axis',(0.866024886168166,0.000949058984018049,-0.49999999582446));
#1806=DIRECTION('center_axis',(2.59623056162089E-5,0.999999999659165,-2.76203006972722E-6));
#1807=DIRECTION('ref_axis',(-0.990350143546632,2.53289892897812E-5,-0.138587851327624));
#1808=DIRECTION('center_axis',(-2.66467031288732E-5,-0.999999999641337,
2.69785474744507E-6));
#1809=DIRECTION('ref_axis',(-0.500000229641129,1.09869472984271E-5,-0.866025271131337));
#1810=DIRECTION('center_axis',(-2.61678343703377E-5,-0.999999999653367,
2.91709765811715E-6));
#1811=DIRECTION('ref_axis',(-0.500000229652409,1.05576429080506E-5,-0.866025271130164));
#1812=DIRECTION('',(-0.014980707820841,2.70418385217106E-16,0.999887782900256));
#1813=DIRECTION('',(0.999887782900255,3.9339378843154E-15,0.014980707820841));
#1814=CARTESIAN_POINT('',(0.,0.,0.));
#1815=CARTESIAN_POINT('',(0.,0.,0.));
#1816=CARTESIAN_POINT('Origin',(-116.77979209812,-200.502804352938,-54.160699583007));
#1817=CARTESIAN_POINT('',(-117.181242420965,-200.50277297898,-47.0067146771623));
#1818=CARTESIAN_POINT('',(-120.883048467874,-200.502690423275,-51.9131469371231));
#1819=CARTESIAN_POINT('',(-112.200036007511,-200.502884067206,-40.4045501737961));
#1820=CARTESIAN_POINT('',(-115.780407768147,-200.502809064647,-46.810923258367));
#1821=CARTESIAN_POINT('Origin',(-116.382962215331,-200.502795625173,-47.6090014040125));
#1822=CARTESIAN_POINT('',(-109.665399745875,-200.502982549041,-51.4277988811017));
#1823=CARTESIAN_POINT('',(-112.168681167031,-200.502911530285,-49.5378031643204));
#1824=CARTESIAN_POINT('',(-109.270142812515,-200.502995413007,-52.29199621818));
#1825=CARTESIAN_POINT('Origin',(-110.267953812953,-200.502969109575,-52.2258761069769));
#1826=CARTESIAN_POINT('',(-109.777436428718,-200.503004470115,-59.9475109096682));
#1827=CARTESIAN_POINT('',(-109.478205796213,-200.502999127718,-55.4318528565939));
#1828=CARTESIAN_POINT('',(-110.841034220961,-200.502979355964,-60.8792245446913));
#1829=CARTESIAN_POINT('Origin',(-110.775248374115,-200.502978166658,-59.8813904843023));
#1830=CARTESIAN_POINT('',(-116.963103066142,-200.502817977288,-60.4756066539407));
#1831=CARTESIAN_POINT('',(-117.195115043885,-200.502811861416,-60.4603104873257));
#1832=CARTESIAN_POINT('',(-119.071713567182,-200.502758558438,-59.0217371353325));
#1833=CARTESIAN_POINT('Origin',(-116.798640370982,-200.502815004024,-57.9810394783246));
#1834=CARTESIAN_POINT('',(-121.160433894457,-200.502690592926,-54.4595915763863));
#1835=CARTESIAN_POINT('',(-120.514439715077,-200.502711613129,-55.8705605022313));
#1836=CARTESIAN_POINT('Origin',(-118.887319618179,-200.502747039533,-53.4188751113867));
#1837=CARTESIAN_POINT('',(-116.955513622484,-200.502798875525,-53.8593173540414));
#1838=CARTESIAN_POINT('Origin',(-115.569872241483,-200.50283746844,-54.6593182688177));
#1839=CARTESIAN_POINT('Origin',(-97.5741884082568,-203.928305810424,-57.3100366403699));
#1840=CARTESIAN_POINT('',(-97.3217054237412,-203.353290946573,-53.480579224893));
#1841=CARTESIAN_POINT('',(-97.8000935016036,-203.35329959535,-60.7368177439881));
#1842=CARTESIAN_POINT('',(-97.0256278119806,-203.353285593787,-48.9896442068247));
#1843=CARTESIAN_POINT('',(-97.3216308459523,-200.503311546926,-53.4805875385612));
#1844=CARTESIAN_POINT('',(-97.3217204705155,-203.928301246057,-53.4805775475318));
#1845=CARTESIAN_POINT('',(-97.8000189692091,-200.503320195703,-60.7368267462046));
#1846=CARTESIAN_POINT('',(-97.5740987836936,-200.503316111293,-57.3100466313993));
#1847=CARTESIAN_POINT('',(-97.8001085392408,-203.928310726333,-60.7368159277031));
#1848=CARTESIAN_POINT('Origin',(-109.474286366266,-204.212986872692,-55.4321081888751));
#1849=CARTESIAN_POINT('',(-109.267021585497,-203.35297489202,-52.290526992772));
#1850=CARTESIAN_POINT('',(-109.266081745318,-204.211139071742,-52.2900845907736));
#1851=CARTESIAN_POINT('',(-109.774425443424,-203.352983951096,-59.9477053305383));
#1852=CARTESIAN_POINT('',(-109.475194925102,-203.352978608701,-55.432049000574));
#1853=CARTESIAN_POINT('',(-109.777436429358,-200.503003864389,-59.9475109096269));
#1854=CARTESIAN_POINT('Origin',(-103.852947227332,-205.428149450319,-61.3399305169717));
#1855=CARTESIAN_POINT('',(-96.868045216582,-203.353327087715,-61.8004365503818));
#1856=CARTESIAN_POINT('',(-110.838023235668,-203.352958836945,-60.8794189655614));
#1857=CARTESIAN_POINT('',(-103.852892961957,-203.353142966054,-61.3399370712849));
#1858=CARTESIAN_POINT('',(-96.8679706841876,-200.503347688068,-61.8004455525983));
#1859=CARTESIAN_POINT('',(-96.8680994819573,-205.428333571981,-61.8004299960685));
#1860=CARTESIAN_POINT('',(-90.7425469298315,-200.503509155181,-62.2042846269715));
#1861=CARTESIAN_POINT('',(-103.852818429563,-200.503163566407,-61.3399460735015));
#1862=CARTESIAN_POINT('',(-90.7417567457503,-211.353408884991,-62.2043004374399));
#1863=CARTESIAN_POINT('',(-90.7428258156137,-211.353473898705,-62.2042506757481));
#1864=CARTESIAN_POINT('',(-116.963509279737,-211.352761725936,-60.4755601889829));
#1865=CARTESIAN_POINT('',(-103.853104423328,-211.353127031641,-61.3399116536624));
#1866=CARTESIAN_POINT('',(-116.963388229095,-211.352782720633,-60.4755722888738));
#1867=CARTESIAN_POINT('',(-110.838022089761,-203.354043468536,-60.8794190395532));
#1868=CARTESIAN_POINT('Origin',(-89.6143039699953,-200.503525534038,-57.6981558352663));
#1869=CARTESIAN_POINT('',(-89.4363541175427,-200.503505672632,-49.2932373325147));
#1870=CARTESIAN_POINT('',(-96.7400771322963,-200.503324304497,-52.6371361359969));
#1871=CARTESIAN_POINT('',(-92.7647039210917,-200.5034230221,-50.8170718075044));
#1872=CARTESIAN_POINT('',(-88.1105606618317,-200.503541805543,-49.7867990454062));
#1873=CARTESIAN_POINT('Origin',(-89.0200740122005,-200.503519218112,-50.2024737559562));
#1874=CARTESIAN_POINT('',(-84.7854425161129,-200.503650040014,-57.0622942121158));
#1875=CARTESIAN_POINT('',(-88.4537638730026,-200.503530634085,-49.0358563135554));
#1876=CARTESIAN_POINT('',(-86.0200395522729,-200.503627397526,-60.3752591750836));
#1877=CARTESIAN_POINT('Origin',(-87.0592214339099,-200.503593571547,-58.1014789509944));
#1878=CARTESIAN_POINT('',(-89.5389257920562,-200.503540007259,-61.9834897279482));
#1879=CARTESIAN_POINT('',(-87.7794654549275,-200.50358370282,-61.1793665827517));
#1880=CARTESIAN_POINT('Origin',(-90.578086731683,-200.503506181962,-59.7097553259898));
#1881=CARTESIAN_POINT('Origin',(-96.802185150211,-200.503346498755,-60.8026117670819));
#1882=CARTESIAN_POINT('Origin',(-96.3237970269542,-200.503337849977,-53.5463725594385));
#1883=CARTESIAN_POINT('',(-92.0933927406381,-200.503456350422,-56.2202375827173));
#1884=CARTESIAN_POINT('Origin',(-90.7077507706877,-200.503494943353,-57.0202388375243));
#1885=CARTESIAN_POINT('Origin',(-100.747918730304,-200.503162468759,-33.111151955695));
#1886=CARTESIAN_POINT('',(-108.550792207417,-200.502970294076,-37.2281267321759));
#1887=CARTESIAN_POINT('',(-102.742749096634,-200.503135060882,-41.6101862754968));
#1888=CARTESIAN_POINT('',(-105.557822698713,-200.503055200819,-39.486266065566));
#1889=CARTESIAN_POINT('',(-108.746784999533,-200.50296107978,-35.8275603175826));
#1890=CARTESIAN_POINT('Origin',(-107.948505206048,-200.502983725963,-36.4298471020958));
#1891=CARTESIAN_POINT('',(-105.042532664702,-200.503043690053,-30.9178895979595));
#1892=CARTESIAN_POINT('',(-112.200036007511,-200.502884067206,-40.4045501737961));
#1893=CARTESIAN_POINT('',(-104.086046212503,-200.503066478768,-30.1498441123005));
#1894=CARTESIAN_POINT('Origin',(-103.046887037342,-200.503100303982,-32.4235659256561));
#1895=CARTESIAN_POINT('',(-100.56865058574,-200.503153831998,-28.5422886410424));
#1896=CARTESIAN_POINT('',(-102.444256582151,-200.503107252011,-29.3994969284793));
#1897=CARTESIAN_POINT('',(-97.2556788759616,-200.503244126733,-29.7768855223049));
#1898=CARTESIAN_POINT('Origin',(-99.5294630288723,-200.503187658136,-30.8160725547054));
#1899=CARTESIAN_POINT('',(-93.9300025227402,-200.503352379375,-37.0536027637731));
#1900=CARTESIAN_POINT('',(-93.5873586780441,-200.503363532626,-37.803321650269));
#1901=CARTESIAN_POINT('',(-94.4232356057044,-200.503343337429,-38.3785137839221));
#1902=CARTESIAN_POINT('Origin',(-94.8395158880926,-200.503329791944,-37.4692774415384));
#1903=CARTESIAN_POINT('',(-101.724181812876,-200.503162038253,-41.7211429878003));
#1904=CARTESIAN_POINT('',(-96.4331342616993,-200.503293427053,-39.2987158719425));
#1905=CARTESIAN_POINT('Origin',(-102.140462095265,-200.503148492769,-40.8119066454167));
#1906=CARTESIAN_POINT('',(-102.483768685945,-200.50311812631,-33.4817205393733));
#1907=CARTESIAN_POINT('Origin',(-101.098129270754,-200.50315671917,-34.281720319188));
#1908=CARTESIAN_POINT('Origin',(-92.904540796369,-203.928409250987,-50.8810429756056));
#1909=CARTESIAN_POINT('',(-89.4364280185448,-203.353485072296,-49.2932287089899));
#1910=CARTESIAN_POINT('',(-96.7401517100853,-203.353303704144,-52.6371278223287));
#1911=CARTESIAN_POINT('',(-100.076733654855,-203.353220849189,-54.1647312583157));
#1912=CARTESIAN_POINT('',(-89.4363541175495,-200.503505933982,-49.2932373325139));
#1913=CARTESIAN_POINT('',(-96.7401667568596,-203.928314003628,-52.6371261449675));
#1914=CARTESIAN_POINT('Origin',(-102.614771814051,-203.3531382631,-48.621164057263));
#1915=CARTESIAN_POINT('',(-88.1106345628338,-203.353521205207,-49.7867904218814));
#1916=CARTESIAN_POINT('',(-90.1892888014697,-203.353453543839,-45.2386095141077));
#1917=CARTESIAN_POINT('',(-88.4538377737987,-203.353510033749,-49.0358476904813));
#1918=CARTESIAN_POINT('Origin',(-89.0201479132025,-203.353498617776,-50.2024651324314));
#1919=CARTESIAN_POINT('Origin',(-96.3238716047431,-203.353317249625,-53.5463642457702));
#1920=CARTESIAN_POINT('Origin',(-96.8022596826054,-203.353325898401,-60.8026027648653));
#1921=CARTESIAN_POINT('Origin',(-110.772237388821,-203.352957647639,-59.8815849051723));
#1922=CARTESIAN_POINT('',(-109.662278518858,-203.352962028054,-51.4263296556938));
#1923=CARTESIAN_POINT('Origin',(-110.264832585936,-203.352948588588,-52.2244068815691));
#1924=CARTESIAN_POINT('',(-115.77861974985,-203.352788505836,-46.8084474506588));
#1925=CARTESIAN_POINT('',(-106.522486678895,-203.353051104778,-53.7968953775355));
#1926=CARTESIAN_POINT('',(-117.179454402668,-203.352752420169,-47.0042388694541));
#1927=CARTESIAN_POINT('Origin',(-116.381174197034,-203.352775066363,-47.6065255963043));
#1928=CARTESIAN_POINT('',(-108.74685899157,-203.352940479444,-35.8275524458539));
#1929=CARTESIAN_POINT('',(-112.200109999547,-203.35286346687,-40.4045423020671));
#1930=CARTESIAN_POINT('',(-108.550866199453,-203.35294969374,-37.2281188604471));
#1931=CARTESIAN_POINT('Origin',(-107.948579198084,-203.352963125627,-36.429839230367));
#1932=CARTESIAN_POINT('',(-102.742823674423,-203.353114460529,-41.6101779618286));
#1933=CARTESIAN_POINT('',(-105.807889900691,-203.353027508493,-39.2976430078797));
#1934=CARTESIAN_POINT('',(-101.724256390665,-203.3531414379,-41.7211346741321));
#1935=CARTESIAN_POINT('Origin',(-102.140536673054,-203.353127892416,-40.8118983317484));
#1936=CARTESIAN_POINT('',(-94.4233115482594,-203.353322737042,-38.3785060950917));
#1937=CARTESIAN_POINT('',(-105.072096578121,-203.353058303379,-43.2538933143085));
#1938=CARTESIAN_POINT('',(-93.9300784652951,-203.353331778989,-37.0535950749427));
#1939=CARTESIAN_POINT('Origin',(-94.8395918306477,-203.353309191557,-37.469269752708));
#1940=CARTESIAN_POINT('',(-91.8519843048875,-203.353399422127,-41.6005509420655));
#1941=CARTESIAN_POINT('',(-93.5874346210147,-203.353342932239,-37.8033139605294));
#1942=CARTESIAN_POINT('',(-99.2374313394535,-203.353216007251,-44.9759192797279));
#1943=CARTESIAN_POINT('',(-103.409343922945,-203.353112399328,-46.8826070632132));
#1944=CARTESIAN_POINT('',(-97.5671459444511,-203.353270317459,-48.610510171085));
#1945=CARTESIAN_POINT('Origin',(-102.56620602676,-203.353139783634,-48.706753444554));
#1946=CARTESIAN_POINT('',(-91.5937108230367,-203.353418665533,-45.8804722455507));
#1947=CARTESIAN_POINT('Origin',(-103.81649835873,-212.853259265271,-49.1987822025327));
#1948=CARTESIAN_POINT('',(-102.000784692656,-212.853268407167,-56.6838610739357));
#1949=CARTESIAN_POINT('',(-89.2675732825898,-212.853451898277,-50.8644044342619));
#1950=CARTESIAN_POINT('',(-95.6341930064625,-212.853360152634,-53.7741394666399));
#1951=CARTESIAN_POINT('',(-108.235906208068,-212.853212320529,-43.0411591262785));
#1952=CARTESIAN_POINT('Origin',(-105.11834374934,-212.853240364418,-49.8625084248061));
#1953=CARTESIAN_POINT('',(-95.5028354111827,-212.853395811422,-37.2217671720855));
#1954=CARTESIAN_POINT('',(-101.869312764535,-212.853304066457,-40.1314372129408));
#1955=CARTESIAN_POINT('',(-98.6204644707608,-212.85334255686,-30.4003971017805));
#1956=CARTESIAN_POINT('',(-94.3939721511737,-212.853405784534,-39.6479421803712));
#1957=CARTESIAN_POINT('',(-99.9453607218005,-212.85328859378,-29.9066550389521));
#1958=CARTESIAN_POINT('Origin',(-99.52975374979,-212.853354662768,-30.8159583543729));
#1959=CARTESIAN_POINT('',(-103.461296440826,-212.853223985589,-31.5134980345561));
#1960=CARTESIAN_POINT('',(-106.072677670925,-212.853262626811,-32.7071500351888));
#1961=CARTESIAN_POINT('',(-103.846324755187,-212.853215477282,-31.8226662544396));
#1962=CARTESIAN_POINT('Origin',(-103.041060894937,-212.853304042062,-32.4311639824659));
#1963=CARTESIAN_POINT('',(-119.685625009443,-212.852986180769,-52.8165852226532));
#1964=CARTESIAN_POINT('',(-114.209222546251,-212.853126679507,-45.5581266978419));
#1965=CARTESIAN_POINT('',(-119.796624989464,-212.852940581744,-53.8351531719979));
#1966=CARTESIAN_POINT('Origin',(-118.887210128747,-212.853047551713,-53.418883274248));
#1967=CARTESIAN_POINT('',(-117.708042447361,-212.853008350433,-58.3970113997144));
#1968=CARTESIAN_POINT('',(-118.767265450405,-212.853043713183,-56.0832758894543));
#1969=CARTESIAN_POINT('',(-116.86456604381,-212.853019583561,-58.9785989284216));
#1970=CARTESIAN_POINT('Origin',(-116.798685411418,-212.85306635491,-57.9806076252662));
#1971=CARTESIAN_POINT('',(-90.6458140990465,-212.853466146876,-60.7075235523433));
#1972=CARTESIAN_POINT('',(-104.134764255208,-212.853233236304,-59.817964204763));
#1973=CARTESIAN_POINT('',(-90.1612147114457,-212.853472207097,-60.6186276841705));
#1974=CARTESIAN_POINT('Origin',(-90.5800937454675,-212.853416122397,-59.7004875075263));
#1975=CARTESIAN_POINT('',(-86.6438184523856,-212.853470586788,-59.0110267629751));
#1976=CARTESIAN_POINT('',(-92.7715684755535,-212.853382270993,-61.8115165761321));
#1977=CARTESIAN_POINT('',(-86.1499390062566,-212.85347995508,-57.6857389206174));
#1978=CARTESIAN_POINT('Origin',(-87.0595005329001,-212.853466835132,-58.1014487379393));
#1979=CARTESIAN_POINT('',(-90.4024729060844,-212.85344168939,-48.3812628930263));
#1980=CARTESIAN_POINT('',(-102.484091863706,-212.853309396364,-33.4816845126622));
#1981=CARTESIAN_POINT('Origin',(-101.09845244795,-212.853326429665,-34.2816842925368));
#1982=CARTESIAN_POINT('',(-92.0937159119945,-212.853402851853,-56.2202015567204));
#1983=CARTESIAN_POINT('Origin',(-90.7080739414781,-212.853419885185,-57.0202028115872));
#1984=CARTESIAN_POINT('',(-116.955836802405,-212.853072674838,-53.8592813270895));
#1985=CARTESIAN_POINT('Origin',(-115.570195420839,-212.853089708163,-54.6592822419258));
#1986=CARTESIAN_POINT('Origin',(-95.6931714946772,-212.101898727109,-34.9973814218122));
#1987=CARTESIAN_POINT('',(-97.2559478961054,-211.353215548821,-29.7768975584874));
#1988=CARTESIAN_POINT('',(-97.2887193958792,-211.389266413371,-29.7919213844244));
#1989=CARTESIAN_POINT('',(-94.0754212656216,-211.353312773314,-36.7360238696125));
#1990=CARTESIAN_POINT('Origin',(-92.3851597162258,-212.853374155944,-44.0430689955962));
#1991=CARTESIAN_POINT('',(-94.2999513880854,-211.353305395076,-36.2447426898301));
#1992=CARTESIAN_POINT('Origin',(-102.015884007336,-212.10308253398,-30.0281589170187));
#1993=CARTESIAN_POINT('',(-104.087278861952,-211.352971026346,-30.1502665241492));
#1994=CARTESIAN_POINT('Ctrl Pts',(-103.461326097441,-212.853181285312,-31.5134331331829));
#1995=CARTESIAN_POINT('Ctrl Pts',(-103.670872938341,-212.353123862988,-31.0594495407109));
#1996=CARTESIAN_POINT('Ctrl Pts',(-103.880410175438,-211.853042157465,-30.6054882656266));
#1997=CARTESIAN_POINT('Ctrl Pts',(-104.088173956355,-211.352972797275,-30.1506948077022));
#1998=CARTESIAN_POINT('',(-100.568960457313,-211.353128748639,-28.5422685604612));
#1999=CARTESIAN_POINT('Ctrl Pts',(-100.568981411337,-211.353129935783,-28.542277265045));
#2000=CARTESIAN_POINT('Ctrl Pts',(-100.361143741035,-211.853166735635,-28.997063920723));
#2001=CARTESIAN_POINT('Ctrl Pts',(-100.153263481883,-212.353200359716,-29.4518346004618));
#2002=CARTESIAN_POINT('Ctrl Pts',(-99.9453834221015,-212.853233983801,-29.9066053713313));
#2003=CARTESIAN_POINT('',(-102.327619380675,-211.353074293788,-29.3460288129779));
#2004=CARTESIAN_POINT('Origin',(-117.13314585095,-211.720091688982,-47.5524796468447));
#2005=CARTESIAN_POINT('',(-120.88339991161,-211.352633631179,-51.9132155518633));
#2006=CARTESIAN_POINT('',(-105.042154839935,-211.352947610124,-30.9170168514168));
#2007=CARTESIAN_POINT('',(-114.8133523328,-211.35278884516,-43.8678748799938));
#2008=CARTESIAN_POINT('Origin',(4641.06726641514,-54.872567471128,6000.41729451449));
#2009=CARTESIAN_POINT('Ctrl Pts',(-105.041540400275,-211.352949102816,-30.9162318096986));
#2010=CARTESIAN_POINT('Ctrl Pts',(-104.642358551901,-211.853022817894,-31.2173173761701));
#2011=CARTESIAN_POINT('Ctrl Pts',(-104.244379497788,-212.353109243529,-31.5199636114717));
#2012=CARTESIAN_POINT('Ctrl Pts',(-103.846381281809,-212.853172088548,-31.822623613092));
#2013=CARTESIAN_POINT('Origin',(-119.434461098611,-212.102703739621,-56.4283999133397));
#2014=CARTESIAN_POINT('',(-119.071945014915,-211.352703503717,-59.0218101666588));
#2015=CARTESIAN_POINT('Origin',(-3194.17856156984,-23.5389503901795,7107.12601329495));
#2016=CARTESIAN_POINT('',(-121.160764167353,-211.352635907954,-54.459452799645));
#2017=CARTESIAN_POINT('Ctrl Pts',(-121.16080602201,-211.352636116308,-54.4593437411406));
#2018=CARTESIAN_POINT('Ctrl Pts',(-120.706163411453,-211.852710362705,-54.2511663305159));
#2019=CARTESIAN_POINT('Ctrl Pts',(-120.251438036223,-212.352788821384,-54.0431799981626));
#2020=CARTESIAN_POINT('Ctrl Pts',(-119.79670580026,-212.852859587232,-53.8351901690929));
#2021=CARTESIAN_POINT('',(-120.116366942665,-211.352688713465,-56.7406124105127));
#2022=CARTESIAN_POINT('Origin',(-103.80378764392,-212.103124904765,-60.5915343420007));
#2023=CARTESIAN_POINT('Origin',(7551.40761724612,-74.6010935264456,-429.284738109131));
#2024=CARTESIAN_POINT('Ctrl Pts',(-90.6458152310802,-212.853448755053,-60.7075410182789));
#2025=CARTESIAN_POINT('Ctrl Pts',(-90.6768208916238,-212.353431212875,-61.2065113533937));
#2026=CARTESIAN_POINT('Ctrl Pts',(-90.7078274387194,-211.853414308668,-61.7054822727245));
#2027=CARTESIAN_POINT('Ctrl Pts',(-90.7407818113374,-211.353411040868,-62.2043458173169));
#2028=CARTESIAN_POINT('Origin',(-88.0915257807679,-212.10353578544,-60.4971969950366));
#2029=CARTESIAN_POINT('',(-86.0203436137658,-211.353593995496,-60.3752370015313));
#2030=CARTESIAN_POINT('',(-86.0298596508041,-211.376433805871,-60.3544746283034));
#2031=CARTESIAN_POINT('',(-89.5401684402568,-211.353441647449,-61.9838746458909));
#2032=CARTESIAN_POINT('Ctrl Pts',(-89.5410470545072,-211.353443206758,-61.9842565072263));
#2033=CARTESIAN_POINT('Ctrl Pts',(-89.7489343830039,-211.853438130096,-61.5295705654254));
#2034=CARTESIAN_POINT('Ctrl Pts',(-89.955071383241,-212.353446363148,-61.0741070587711));
#2035=CARTESIAN_POINT('Ctrl Pts',(-90.1612074951261,-212.853454932269,-60.6186435189945));
#2036=CARTESIAN_POINT('',(-87.7797499733235,-211.35354784089,-61.179335205801));
#2037=CARTESIAN_POINT('Origin',(-87.7103525900202,-212.102158572334,-52.464106133315));
#2038=CARTESIAN_POINT('',(-87.9662733473062,-211.353510836953,-50.1030883858702));
#2039=CARTESIAN_POINT('Origin',(-92.3851160606527,-212.853330656171,-44.0430508317934));
#2040=CARTESIAN_POINT('',(-84.7857303524172,-211.353617174014,-57.0622468291467));
#2041=CARTESIAN_POINT('',(-84.8065007105177,-211.376446560151,-57.0717223715398));
#2042=CARTESIAN_POINT('',(-87.7417424145685,-211.35351824773,-50.5943712901686));
#2043=CARTESIAN_POINT('Origin',(-88.4539402030962,-207.303689238404,-49.0358357385745));
#2044=CARTESIAN_POINT('',(-88.1106345628338,-203.353521205381,-49.7867904218814));
#2045=CARTESIAN_POINT('',(-90.1893481818595,-205.625018010972,-45.238601595102));
#2046=CARTESIAN_POINT('',(-90.1894005092936,-207.626766879383,-45.2385946162228));
#2047=CARTESIAN_POINT('Origin',(-91.0208857289619,-212.853407519954,-43.4195515100925));
#2048=CARTESIAN_POINT('',(-84.7857238588253,-211.353613525223,-57.0622613837976));
#2049=CARTESIAN_POINT('Origin',(-93.2566698709394,-207.949811672245,-42.2424670373426));
#2050=CARTESIAN_POINT('',(-99.2377022118124,-207.730032834709,-44.9759793975011));
#2051=CARTESIAN_POINT('',(-99.2376286677664,-206.541465586785,-44.975963081235));
#2052=CARTESIAN_POINT('',(-91.8520445530011,-205.624963379797,-41.6005454300365));
#2053=CARTESIAN_POINT('',(-91.8520976445075,-207.626712373386,-41.6005405731284));
#2054=CARTESIAN_POINT('',(-88.2139914438169,-205.625054204919,-39.9378472593328));
#2055=CARTESIAN_POINT('',(-90.0330166953773,-205.625008792006,-40.7691957494922));
#2056=CARTESIAN_POINT('',(-88.2140598171573,-207.729988944499,-39.9378400171476));
#2057=CARTESIAN_POINT('',(-88.2141240554409,-210.694503395031,-39.9378341163762));
#2058=CARTESIAN_POINT('',(-89.123549558497,-207.729971954191,-40.3535116712911));
#2059=CARTESIAN_POINT('Ctrl Pts',(-89.1235495575997,-207.729971954191,-40.3535116711127));
#2060=CARTESIAN_POINT('Ctrl Pts',(-89.1235458027699,-207.797936445534,-40.3535089662912));
#2061=CARTESIAN_POINT('Ctrl Pts',(-89.109761711832,-207.878062218231,-40.3472080622437));
#2062=CARTESIAN_POINT('Ctrl Pts',(-89.064988534504,-208.002571927006,-40.3267435809315));
#2063=CARTESIAN_POINT('Ctrl Pts',(-89.026669342397,-208.069536467322,-40.3092295994514));
#2064=CARTESIAN_POINT('Ctrl Pts',(-88.9459934689894,-208.162901829248,-40.2723569743088));
#2065=CARTESIAN_POINT('Ctrl Pts',(-88.8901380244753,-208.206689300319,-40.2468287425652));
#2066=CARTESIAN_POINT('Ctrl Pts',(-88.7876318610022,-208.255824734267,-40.1999796708742));
#2067=CARTESIAN_POINT('Ctrl Pts',(-88.7234753766995,-208.270817407706,-40.1706580366616));
#2068=CARTESIAN_POINT('Ctrl Pts',(-88.6141592372717,-208.270820122829,-40.1206973187739));
#2069=CARTESIAN_POINT('Ctrl Pts',(-88.5500019716007,-208.255830636292,-40.0913757636357));
#2070=CARTESIAN_POINT('Ctrl Pts',(-88.4474932450964,-208.206700295088,-40.044526950142));
#2071=CARTESIAN_POINT('Ctrl Pts',(-88.3916355158723,-208.1629155985,-40.0189989482251));
#2072=CARTESIAN_POINT('Ctrl Pts',(-88.3109547716574,-208.069554244326,-39.9821268134946));
#2073=CARTESIAN_POINT('Ctrl Pts',(-88.2726320859982,-208.002591607611,-39.964613183741));
#2074=CARTESIAN_POINT('Ctrl Pts',(-88.2278517895025,-207.878082387488,-39.9441490715057));
#2075=CARTESIAN_POINT('Ctrl Pts',(-88.2140635417779,-207.797954633715,-39.9378485990648));
#2076=CARTESIAN_POINT('Ctrl Pts',(-88.214056842603,-207.729988943595,-39.9378465261136));
#2077=CARTESIAN_POINT('',(-90.0330838787483,-207.729949233512,-40.7691958318414));
#2078=CARTESIAN_POINT('',(-89.5783202686918,-207.729960594213,-40.5613553739688));
#2079=CARTESIAN_POINT('',(-90.9425766609717,-207.729927227485,-41.184861006777));
#2080=CARTESIAN_POINT('Ctrl Pts',(-90.9425766607906,-207.729927227485,-41.1848610071545));
#2081=CARTESIAN_POINT('Ctrl Pts',(-90.9425728010699,-207.797891520103,-41.1848582543976));
#2082=CARTESIAN_POINT('Ctrl Pts',(-90.9287887017853,-207.878016845141,-41.178557346542));
#2083=CARTESIAN_POINT('Ctrl Pts',(-90.8840156215516,-208.002526264027,-41.158092909609));
#2084=CARTESIAN_POINT('Ctrl Pts',(-90.8456964239529,-208.069490805198,-41.1405789256189));
#2085=CARTESIAN_POINT('Ctrl Pts',(-90.7650205408481,-208.162856165829,-41.1037062960444));
#2086=CARTESIAN_POINT('Ctrl Pts',(-90.7091650905713,-208.20664363447,-41.0781780616672));
#2087=CARTESIAN_POINT('Ctrl Pts',(-90.606658917267,-208.255779062389,-41.0313289854831));
#2088=CARTESIAN_POINT('Ctrl Pts',(-90.5425024270859,-208.270771730677,-41.002007348584));
#2089=CARTESIAN_POINT('Ctrl Pts',(-90.4331862793184,-208.270774435257,-40.952046626885));
#2090=CARTESIAN_POINT('Ctrl Pts',(-90.3690290097087,-208.255784941426,-40.9227250699468));
#2091=CARTESIAN_POINT('Ctrl Pts',(-90.2665202776321,-208.206654587193,-40.8758762539065));
#2092=CARTESIAN_POINT('Ctrl Pts',(-90.2106625458492,-208.162869882087,-40.8503482508204));
#2093=CARTESIAN_POINT('Ctrl Pts',(-90.1299817995533,-208.069508513726,-40.813476115139));
#2094=CARTESIAN_POINT('Ctrl Pts',(-90.091659113833,-208.002545868785,-40.7959624853575));
#2095=CARTESIAN_POINT('Ctrl Pts',(-90.0468794943669,-207.878038512128,-40.7754986825177));
#2096=CARTESIAN_POINT('Ctrl Pts',(-90.0330912242481,-207.797913632836,-40.7691981998002));
#2097=CARTESIAN_POINT('Ctrl Pts',(-90.0330838789495,-207.729949233512,-40.7691958315325));
#2098=CARTESIAN_POINT('',(-91.8521109729606,-207.729902981597,-41.6005451629379));
#2099=CARTESIAN_POINT('',(-91.3973444197963,-207.72991510802,-41.3927033608307));
#2100=CARTESIAN_POINT('',(-92.7616036085062,-207.729878905099,-42.0162102725527));
#2101=CARTESIAN_POINT('Ctrl Pts',(-92.7616036086238,-207.729878905099,-42.0162102722455));
#2102=CARTESIAN_POINT('Ctrl Pts',(-92.7616003297175,-207.797844363383,-42.0162077849211));
#2103=CARTESIAN_POINT('Ctrl Pts',(-92.7478162498147,-207.877972280674,-42.0099068858858));
#2104=CARTESIAN_POINT('Ctrl Pts',(-92.703042560039,-208.002483383797,-41.9894421703496));
#2105=CARTESIAN_POINT('Ctrl Pts',(-92.664723363478,-208.069447921687,-41.9719281868338));
#2106=CARTESIAN_POINT('Ctrl Pts',(-92.5840474861249,-208.162813274145,-41.9350555598882));
#2107=CARTESIAN_POINT('Ctrl Pts',(-92.5281920426424,-208.206600737838,-41.9095273286161));
#2108=CARTESIAN_POINT('Ctrl Pts',(-92.425685885173,-208.255736156443,-41.8626782596692));
#2109=CARTESIAN_POINT('Ctrl Pts',(-92.3615294078019,-208.270728820465,-41.8333566286247));
#2110=CARTESIAN_POINT('Ctrl Pts',(-92.252213282445,-208.270731520308,-41.783395917168));
#2111=CARTESIAN_POINT('Ctrl Pts',(-92.1880560269377,-208.255742025215,-41.7540743666751));
#2112=CARTESIAN_POINT('Ctrl Pts',(-92.0855473159419,-208.206611671068,-41.7072255602694));
#2113=CARTESIAN_POINT('Ctrl Pts',(-92.0296895959126,-208.162826966152,-41.681697562555));
#2114=CARTESIAN_POINT('Ctrl Pts',(-91.9490088655659,-208.069465598933,-41.6448254341628));
#2115=CARTESIAN_POINT('Ctrl Pts',(-91.9106861882125,-208.002502953942,-41.6273118082053));
#2116=CARTESIAN_POINT('Ctrl Pts',(-91.8659062075533,-207.877994563102,-41.6068478403046));
#2117=CARTESIAN_POINT('Ctrl Pts',(-91.852117956582,-207.797868094808,-41.6005473663612));
#2118=CARTESIAN_POINT('Ctrl Pts',(-91.8521109728031,-207.729902981597,-41.6005451633291));
#2119=CARTESIAN_POINT('',(-93.6711369356527,-207.729857343848,-42.4318939785115));
#2120=CARTESIAN_POINT('',(-93.216370066691,-207.729868124958,-42.2240520313348));
#2121=CARTESIAN_POINT('',(-94.5806307424134,-207.729836226338,-42.8475596218834));
#2122=CARTESIAN_POINT('Ctrl Pts',(-94.58063074202,-207.729836226338,-42.8475596220623));
#2123=CARTESIAN_POINT('Ctrl Pts',(-94.580627023782,-207.797800870059,-42.847556933962));
#2124=CARTESIAN_POINT('Ctrl Pts',(-94.5668429185274,-207.877926897382,-42.8412560233677));
#2125=CARTESIAN_POINT('Ctrl Pts',(-94.5220696518932,-208.002436860369,-42.8207915012363));
#2126=CARTESIAN_POINT('Ctrl Pts',(-94.4837504142998,-208.069401482966,-42.8032774989663));
#2127=CARTESIAN_POINT('Ctrl Pts',(-94.4030744448104,-208.162766961076,-42.7664048299098));
#2128=CARTESIAN_POINT('Ctrl Pts',(-94.3472189334234,-208.206554487698,-42.7408765676025));
#2129=CARTESIAN_POINT('Ctrl Pts',(-94.244712647432,-208.255689985393,-42.6940274399161));
#2130=CARTESIAN_POINT('Ctrl Pts',(-94.180556086651,-208.270682679919,-42.6647057707503));
#2131=CARTESIAN_POINT('Ctrl Pts',(-94.0712398161803,-208.270685400044,-42.614744992972));
#2132=CARTESIAN_POINT('Ctrl Pts',(-94.007082473231,-208.255695898343,-42.5854234025156));
#2133=CARTESIAN_POINT('Ctrl Pts',(-93.9045736231404,-208.206565502245,-42.5385745325401));
#2134=CARTESIAN_POINT('Ctrl Pts',(-93.8487158265295,-208.162780755347,-42.5130464998262));
#2135=CARTESIAN_POINT('Ctrl Pts',(-93.7680349845565,-208.069419292312,-42.4761743204189));
#2136=CARTESIAN_POINT('Ctrl Pts',(-93.7297122522324,-208.002456576808,-42.4586606693392));
#2137=CARTESIAN_POINT('Ctrl Pts',(-93.6849323191749,-207.8779483731,-42.4381967231912));
#2138=CARTESIAN_POINT('Ctrl Pts',(-93.6711440386123,-207.797822311363,-42.4318962357177));
#2139=CARTESIAN_POINT('Ctrl Pts',(-93.6711369359444,-207.729857343848,-42.4318939783477));
#2140=CARTESIAN_POINT('',(-95.4901640236801,-207.729811579625,-43.2632433076913));
#2141=CARTESIAN_POINT('',(-95.0354007429448,-207.729823902907,-43.055403000365));
#2142=CARTESIAN_POINT('',(-96.3996565609536,-207.729791838732,-43.6789083715612));
#2143=CARTESIAN_POINT('Ctrl Pts',(-96.399656561091,-207.729791838732,-43.6789083712182));
#2144=CARTESIAN_POINT('Ctrl Pts',(-96.399652830665,-207.797756372196,-43.6789056775494));
#2145=CARTESIAN_POINT('Ctrl Pts',(-96.3858687434271,-207.877882244179,-43.6726047751915));
#2146=CARTESIAN_POINT('Ctrl Pts',(-96.3410955496796,-208.00239201278,-43.6521402863742));
#2147=CARTESIAN_POINT('Ctrl Pts',(-96.3027763645509,-208.069356549254,-43.6346263080834));
#2148=CARTESIAN_POINT('Ctrl Pts',(-96.2221005061316,-208.162721905311,-43.597753689791));
#2149=CARTESIAN_POINT('Ctrl Pts',(-96.1662450730223,-208.206509374352,-43.5722254632598));
#2150=CARTESIAN_POINT('Ctrl Pts',(-96.0637389316872,-208.255644806321,-43.5253764016865));
#2151=CARTESIAN_POINT('Ctrl Pts',(-95.9995824628074,-208.270637480973,-43.4960547745226));
#2152=CARTESIAN_POINT('Ctrl Pts',(-95.890266348474,-208.270640201909,-43.4460940681037));
#2153=CARTESIAN_POINT('Ctrl Pts',(-95.8261090973036,-208.255650721045,-43.4167725195927));
#2154=CARTESIAN_POINT('Ctrl Pts',(-95.7236003917534,-208.206520392098,-43.3699237156754));
#2155=CARTESIAN_POINT('Ctrl Pts',(-95.6677426733972,-208.162735703634,-43.3443957187254));
#2156=CARTESIAN_POINT('Ctrl Pts',(-95.5870619423388,-208.069374363839,-43.3075235900076));
#2157=CARTESIAN_POINT('Ctrl Pts',(-95.5487392623722,-208.002411735024,-43.2900099628555));
#2158=CARTESIAN_POINT('Ctrl Pts',(-95.5039592476814,-207.877903297572,-43.269545979402));
#2159=CARTESIAN_POINT('Ctrl Pts',(-95.4901709906386,-207.797776732915,-43.2632455026852));
#2160=CARTESIAN_POINT('Ctrl Pts',(-95.4901640239564,-207.729811579625,-43.2632433074674));
#2161=CARTESIAN_POINT('',(-97.3091904680873,-207.7297692596,-44.0945923427401));
#2162=CARTESIAN_POINT('',(-96.8544248941023,-207.729780549775,-43.8867509872198));
#2163=CARTESIAN_POINT('',(-98.2186841433611,-207.730050612302,-44.5102579222867));
#2164=CARTESIAN_POINT('Ctrl Pts',(-98.2186841435447,-207.730050612302,-44.510257921882));
#2165=CARTESIAN_POINT('Ctrl Pts',(-98.2186477168849,-207.797949840413,-44.5102402860146));
#2166=CARTESIAN_POINT('Ctrl Pts',(-98.2048623987307,-207.877930669555,-44.5039388232016));
#2167=CARTESIAN_POINT('Ctrl Pts',(-98.1601231350847,-208.002346063442,-44.48348984282));
#2168=CARTESIAN_POINT('Ctrl Pts',(-98.1218038963972,-208.069310684734,-44.46597584005));
#2169=CARTESIAN_POINT('Ctrl Pts',(-98.0411279265269,-208.16267615807,-44.4291031708195));
#2170=CARTESIAN_POINT('Ctrl Pts',(-97.9852724164701,-208.206463680983,-44.4035749091201));
#2171=CARTESIAN_POINT('Ctrl Pts',(-97.8827661342786,-208.255599171306,-44.3567257831705));
#2172=CARTESIAN_POINT('Ctrl Pts',(-97.8186095770669,-208.27059186127,-44.3274041156361));
#2173=CARTESIAN_POINT('Ctrl Pts',(-97.7092933136265,-208.270594574109,-44.277443341071));
#2174=CARTESIAN_POINT('Ctrl Pts',(-97.6451359756298,-208.255605068378,-44.2481217528782));
#2175=CARTESIAN_POINT('Ctrl Pts',(-97.5426271326231,-208.206474666414,-44.2012728861402));
#2176=CARTESIAN_POINT('Ctrl Pts',(-97.4867693399163,-208.162689915676,-44.1757448552107));
#2177=CARTESIAN_POINT('Ctrl Pts',(-97.4060885035183,-208.06932844671,-44.1388726783515));
#2178=CARTESIAN_POINT('Ctrl Pts',(-97.3677657743527,-208.002365727415,-44.1213590287153));
#2179=CARTESIAN_POINT('Ctrl Pts',(-97.3229861555778,-207.87785837853,-44.1008952261913));
#2180=CARTESIAN_POINT('Ctrl Pts',(-97.3091978663944,-207.797733634964,-44.0945947347587));
#2181=CARTESIAN_POINT('Ctrl Pts',(-97.3091904682996,-207.7297692596,-44.0945923423612));
#2182=CARTESIAN_POINT('',(-98.7280898374927,-207.730041724735,-44.7430714322473));
#2183=CARTESIAN_POINT('Origin',(-102.845293435125,-215.434501505241,-48.8218554292443));
#2184=CARTESIAN_POINT('',(-100.765977238087,-210.563170741949,-53.3712196366585));
#2185=CARTESIAN_POINT('',(-104.91507172405,-210.52174690728,-44.2928236914209));
#2186=CARTESIAN_POINT('Origin',(-102.844558810701,-212.853334331899,-48.8233211725078));
#2187=CARTESIAN_POINT('',(-100.768458747374,-212.852907545088,-53.3656483894342));
#2188=CARTESIAN_POINT('',(-100.766013634489,-211.708037917988,-53.3712028047292));
#2189=CARTESIAN_POINT('',(-104.912434176793,-212.852891921921,-44.298451431131));
#2190=CARTESIAN_POINT('Origin',(-102.840544609607,-212.683722772599,-48.8320951060298));
#2191=CARTESIAN_POINT('',(-104.915095657645,-211.687265350686,-44.2928352622649));
#2192=CARTESIAN_POINT('Origin',(-87.3828480987318,-213.439095646362,-41.7568504673064));
#2193=CARTESIAN_POINT('',(-86.5512925105357,-205.625108991973,-43.5759016973741));
#2194=CARTESIAN_POINT('Origin',(-87.3828324633826,-212.853498493351,-41.7568526785334));
#2195=CARTESIAN_POINT('',(-86.5513584006031,-207.730047002111,-43.5758993253744));
#2196=CARTESIAN_POINT('',(-86.5514268186597,-210.694559150466,-43.5758848420083));
#2197=CARTESIAN_POINT('Ctrl Pts',(-88.2140598171573,-207.729988944499,-39.9378400171476));
#2198=CARTESIAN_POINT('Ctrl Pts',(-88.4598154568749,-207.960766894144,-39.4001291019057));
#2199=CARTESIAN_POINT('Ctrl Pts',(-88.6887467283947,-208.294831430927,-38.8992362218196));
#2200=CARTESIAN_POINT('Ctrl Pts',(-89.0860100701072,-209.130206578927,-38.0300531200945));
#2201=CARTESIAN_POINT('Ctrl Pts',(-89.254247594189,-209.631318375914,-37.661969758423));
#2202=CARTESIAN_POINT('Ctrl Pts',(-89.510128936116,-210.741398021719,-37.1021512618193));
#2203=CARTESIAN_POINT('Ctrl Pts',(-89.5977118559008,-211.350101678429,-36.9105493599719));
#2204=CARTESIAN_POINT('Ctrl Pts',(-89.6818516830351,-212.603178240316,-36.7265161692747));
#2205=CARTESIAN_POINT('Ctrl Pts',(-89.6783885657382,-213.247252921102,-36.734128678941));
#2206=CARTESIAN_POINT('Ctrl Pts',(-89.5808039709298,-214.494652691475,-36.9477157124831));
#2207=CARTESIAN_POINT('Ctrl Pts',(-89.4867057180426,-215.097680907798,-37.1536394037599));
#2208=CARTESIAN_POINT('Ctrl Pts',(-89.2189748403144,-216.191403734586,-37.7395051578922));
#2209=CARTESIAN_POINT('Ctrl Pts',(-89.0454059338316,-216.681838046018,-38.1193077881792));
#2210=CARTESIAN_POINT('Ctrl Pts',(-88.6392942445936,-217.492117096228,-39.0079410357419));
#2211=CARTESIAN_POINT('Ctrl Pts',(-88.4068481139371,-217.811768993877,-39.5165601637388));
#2212=CARTESIAN_POINT('Ctrl Pts',(-87.910539538393,-218.242467187248,-40.6025272541764));
#2213=CARTESIAN_POINT('Ctrl Pts',(-87.6467952118649,-218.353410979743,-41.1796167631921));
#2214=CARTESIAN_POINT('Ctrl Pts',(-87.1191752518342,-218.353427353258,-42.3340710067117));
#2215=CARTESIAN_POINT('Ctrl Pts',(-86.855425188568,-218.242499930634,-42.9111609883563));
#2216=CARTESIAN_POINT('Ctrl Pts',(-86.3590943369312,-217.811832604329,-43.9971299234854));
#2217=CARTESIAN_POINT('Ctrl Pts',(-86.1266316721505,-217.492195197006,-44.5057504232619));
#2218=CARTESIAN_POINT('Ctrl Pts',(-85.7204780560298,-216.681941589587,-45.394387180042));
#2219=CARTESIAN_POINT('Ctrl Pts',(-85.5468837666323,-216.191518224957,-45.7741919472258));
#2220=CARTESIAN_POINT('Ctrl Pts',(-85.2790962524506,-215.097812494508,-46.3600625315554));
#2221=CARTESIAN_POINT('Ctrl Pts',(-85.1849667593218,-214.494790423914,-46.5659889153804));
#2222=CARTESIAN_POINT('Ctrl Pts',(-85.0873174933128,-213.247397438646,-46.7795816252944));
#2223=CARTESIAN_POINT('Ctrl Pts',(-85.0838209602408,-212.603323395715,-46.7871971178865));
#2224=CARTESIAN_POINT('Ctrl Pts',(-85.1678957032376,-211.350242525867,-46.6031698883446));
#2225=CARTESIAN_POINT('Ctrl Pts',(-85.2554469699417,-210.741533924286,-46.4115709637629));
#2226=CARTESIAN_POINT('Ctrl Pts',(-85.5112704853653,-209.631439368591,-45.8517581184284));
#2227=CARTESIAN_POINT('Ctrl Pts',(-85.6794818496027,-209.130317609886,-45.4836774298185));
#2228=CARTESIAN_POINT('Ctrl Pts',(-86.0767014377932,-208.294918658265,-44.6144990987249));
#2229=CARTESIAN_POINT('Ctrl Pts',(-86.3056151259099,-207.960840284861,-44.1136083153768));
#2230=CARTESIAN_POINT('Ctrl Pts',(-86.5513584006031,-207.730047002111,-43.5758993253744));
#2231=CARTESIAN_POINT('Origin',(-91.5938320697656,-207.949868649591,-45.8804567201374));
#2232=CARTESIAN_POINT('',(-97.5674161272731,-207.730089020249,-48.6105661067801));
#2233=CARTESIAN_POINT('',(-97.5673427666692,-206.541519897112,-48.6105509197854));
#2234=CARTESIAN_POINT('',(-96.5559851724667,-207.730106898777,-48.1483120053241));
#2235=CARTESIAN_POINT('',(-97.0615971178592,-207.730097961083,-48.379391737777));
#2236=CARTESIAN_POINT('',(-95.646491550529,-207.729823062074,-47.7326463117601));
#2237=CARTESIAN_POINT('Ctrl Pts',(-95.64649155042,-207.729823062074,-47.7326463121661));
#2238=CARTESIAN_POINT('Ctrl Pts',(-95.6464989194756,-207.797787536183,-47.7326486311223));
#2239=CARTESIAN_POINT('Ctrl Pts',(-95.6602872322373,-207.877912504052,-47.7389490644965));
#2240=CARTESIAN_POINT('Ctrl Pts',(-95.7050669427477,-208.002419994236,-47.75941280555));
#2241=CARTESIAN_POINT('Ctrl Pts',(-95.7433896914145,-208.069382708851,-47.776926410664));
#2242=CARTESIAN_POINT('Ctrl Pts',(-95.8240705533936,-208.162744171909,-47.8137985288721));
#2243=CARTESIAN_POINT('Ctrl Pts',(-95.879928357553,-208.206528919704,-47.839326534796));
#2244=CARTESIAN_POINT('Ctrl Pts',(-95.9824372119523,-208.25565931866,-47.8861753788867));
#2245=CARTESIAN_POINT('Ctrl Pts',(-96.0465945527541,-208.270648822894,-47.9154969648807));
#2246=CARTESIAN_POINT('Ctrl Pts',(-96.1559108119866,-208.270646108204,-47.9654577542051));
#2247=CARTESIAN_POINT('Ctrl Pts',(-96.2200673617193,-208.255653417539,-47.9947794413837));
#2248=CARTESIAN_POINT('Ctrl Pts',(-96.322573622389,-208.206517927021,-48.0416286166379));
#2249=CARTESIAN_POINT('Ctrl Pts',(-96.3784291147893,-208.162730405093,-48.0671569175556));
#2250=CARTESIAN_POINT('Ctrl Pts',(-96.4591050478762,-208.069364934964,-48.1040296649417));
#2251=CARTESIAN_POINT('Ctrl Pts',(-96.4974242613472,-208.002400317061,-48.1215437213179));
#2252=CARTESIAN_POINT('Ctrl Pts',(-96.5421632548407,-207.877985554771,-48.1419926951939));
#2253=CARTESIAN_POINT('Ctrl Pts',(-96.555948552603,-207.798005689557,-48.1482942215831));
#2254=CARTESIAN_POINT('Ctrl Pts',(-96.5559851722626,-207.730106898777,-48.1483120057674));
#2255=CARTESIAN_POINT('',(-94.7369579448011,-207.729845756005,-47.3169623396954));
#2256=CARTESIAN_POINT('',(-95.19172730242,-207.729834409527,-47.5248054937349));
#2257=CARTESIAN_POINT('',(-93.8274654599668,-207.729866014712,-46.901297161066));
#2258=CARTESIAN_POINT('Ctrl Pts',(-93.8274654600188,-207.729866014712,-46.9012971614322));
#2259=CARTESIAN_POINT('Ctrl Pts',(-93.8274725033593,-207.797831049573,-46.9012993315182));
#2260=CARTESIAN_POINT('Ctrl Pts',(-93.8412607873947,-207.877957361958,-46.9075997517429));
#2261=CARTESIAN_POINT('Ctrl Pts',(-93.8860407817469,-208.002465627238,-46.9280636225086));
#2262=CARTESIAN_POINT('Ctrl Pts',(-93.9243634806072,-208.06942824879,-46.945577204861));
#2263=CARTESIAN_POINT('Ctrl Pts',(-94.0050442363105,-208.16278958217,-46.9824492744999));
#2264=CARTESIAN_POINT('Ctrl Pts',(-94.0609019666612,-208.206574269013,-47.007977246692));
#2265=CARTESIAN_POINT('Ctrl Pts',(-94.1634106846264,-208.255704599389,-47.0548260284292));
#2266=CARTESIAN_POINT('Ctrl Pts',(-94.2275679398388,-208.270694082519,-47.0841475753067));
#2267=CARTESIAN_POINT('Ctrl Pts',(-94.3368840526106,-208.270691366909,-47.1341082976942));
#2268=CARTESIAN_POINT('Ctrl Pts',(-94.4010405162146,-208.255698696321,-47.1634299455091));
#2269=CARTESIAN_POINT('Ctrl Pts',(-94.5035466371474,-208.206563272138,-47.2102790568984));
#2270=CARTESIAN_POINT('Ctrl Pts',(-94.559402052363,-208.162775810352,-47.2358073225394));
#2271=CARTESIAN_POINT('Ctrl Pts',(-94.6400778725496,-208.069410468485,-47.2726800183247));
#2272=CARTESIAN_POINT('Ctrl Pts',(-94.6783970314389,-208.002445942986,-47.290194049754));
#2273=CARTESIAN_POINT('Ctrl Pts',(-94.723170184477,-207.877936176556,-47.3106586370264));
#2274=CARTESIAN_POINT('Ctrl Pts',(-94.7369542428386,-207.797810290872,-47.3169595992262));
#2275=CARTESIAN_POINT('Ctrl Pts',(-94.7369579446337,-207.729845756005,-47.3169623399797));
#2276=CARTESIAN_POINT('',(-92.9179321844588,-207.729890708564,-46.4856133397586));
#2277=CARTESIAN_POINT('',(-93.3726999936765,-207.729878362087,-46.6934557861673));
#2278=CARTESIAN_POINT('',(-92.0084384306523,-207.729911906033,-46.069947580908));
#2279=CARTESIAN_POINT('Ctrl Pts',(-92.008438430638,-207.729911906033,-46.0699475815112));
#2280=CARTESIAN_POINT('Ctrl Pts',(-92.0084455271279,-207.797876936682,-46.0699497758882));
#2281=CARTESIAN_POINT('Ctrl Pts',(-92.0222338331478,-207.878003133285,-46.0762502061623));
#2282=CARTESIAN_POINT('Ctrl Pts',(-92.0670138366244,-208.002511431032,-46.0967140810976));
#2283=CARTESIAN_POINT('Ctrl Pts',(-92.1053365900399,-208.069474152755,-46.1142276883818));
#2284=CARTESIAN_POINT('Ctrl Pts',(-92.1860174598825,-208.162835624157,-46.1510998101836));
#2285=CARTESIAN_POINT('Ctrl Pts',(-92.2418752679983,-208.206620375516,-46.1766278179156));
#2286=CARTESIAN_POINT('Ctrl Pts',(-92.3443841275759,-208.255750776749,-46.2234766643729));
#2287=CARTESIAN_POINT('Ctrl Pts',(-92.4085414699393,-208.270740281298,-46.2527982510806));
#2288=CARTESIAN_POINT('Ctrl Pts',(-92.5178577315907,-208.270737565166,-46.3027590415106));
#2289=CARTESIAN_POINT('Ctrl Pts',(-92.5820142822884,-208.255744872536,-46.3320807291303));
#2290=CARTESIAN_POINT('Ctrl Pts',(-92.6845205449313,-208.206609376613,-46.3789299052863));
#2291=CARTESIAN_POINT('Ctrl Pts',(-92.7403760380792,-208.162821849753,-46.4044582065458));
#2292=CARTESIAN_POINT('Ctrl Pts',(-92.8210519726551,-208.069456369104,-46.4413309546125));
#2293=CARTESIAN_POINT('Ctrl Pts',(-92.8593711862834,-208.002491743071,-46.4588450110608));
#2294=CARTESIAN_POINT('Ctrl Pts',(-92.9041444528338,-207.877981654137,-46.4793096502166));
#2295=CARTESIAN_POINT('Ctrl Pts',(-92.9179285294938,-207.797855439279,-46.4856106207844));
#2296=CARTESIAN_POINT('Ctrl Pts',(-92.9179321842907,-207.729890708564,-46.4856133400614));
#2297=CARTESIAN_POINT('',(-91.0989047272136,-207.729933559005,-45.6542635652477));
#2298=CARTESIAN_POINT('',(-91.5536658889224,-207.729922732713,-45.8621029726133));
#2299=CARTESIAN_POINT('',(-90.1894121440054,-207.729958708266,-45.238598341603));
#2300=CARTESIAN_POINT('Ctrl Pts',(-90.1894121442878,-207.729958708266,-45.2385983411634));
#2301=CARTESIAN_POINT('Ctrl Pts',(-90.1894193549948,-207.797923400946,-45.2386005877461));
#2302=CARTESIAN_POINT('Ctrl Pts',(-90.2032076384978,-207.878048947405,-45.2449010077394));
#2303=CARTESIAN_POINT('Ctrl Pts',(-90.2479874428971,-208.002556723393,-45.2653647916985));
#2304=CARTESIAN_POINT('Ctrl Pts',(-90.286310138347,-208.069519353853,-45.2828783724921));
#2305=CARTESIAN_POINT('Ctrl Pts',(-90.3669908922622,-208.162880701844,-45.3197504413135));
#2306=CARTESIAN_POINT('Ctrl Pts',(-90.4228486236176,-208.206665396686,-45.3452784139646));
#2307=CARTESIAN_POINT('Ctrl Pts',(-90.5253573476467,-208.255795739552,-45.3921271984731));
#2308=CARTESIAN_POINT('Ctrl Pts',(-90.5895146089629,-208.270785228531,-45.4214487481401));
#2309=CARTESIAN_POINT('Ctrl Pts',(-90.6988307340587,-208.270782520328,-45.4714094761599));
#2310=CARTESIAN_POINT('Ctrl Pts',(-90.7629872060781,-208.255789852486,-45.5007311278209));
#2311=CARTESIAN_POINT('Ctrl Pts',(-90.8654933435789,-208.206654430699,-45.5475802467822));
#2312=CARTESIAN_POINT('Ctrl Pts',(-90.9213487699853,-208.162866968239,-45.5731085175378));
#2313=CARTESIAN_POINT('Ctrl Pts',(-91.0020246090089,-208.069501622807,-45.6099812219322));
#2314=CARTESIAN_POINT('Ctrl Pts',(-91.0403437793258,-208.002537093622,-45.6274952585843));
#2315=CARTESIAN_POINT('Ctrl Pts',(-91.0851173208555,-207.878026287767,-45.647960023425));
#2316=CARTESIAN_POINT('Ctrl Pts',(-91.0989013754339,-207.797898812252,-45.6542609839202));
#2317=CARTESIAN_POINT('Ctrl Pts',(-91.098904727391,-207.729933559005,-45.6542635647985));
#2318=CARTESIAN_POINT('',(-89.2798777207002,-207.729981553228,-44.8229139957843));
#2319=CARTESIAN_POINT('',(-89.7346489097194,-207.729970134377,-45.0307579858992));
#2320=CARTESIAN_POINT('',(-88.3703849916109,-207.730004191503,-44.4072487047266));
#2321=CARTESIAN_POINT('Ctrl Pts',(-88.3703849915783,-207.730004191503,-44.4072487048838));
#2322=CARTESIAN_POINT('Ctrl Pts',(-88.3703924075185,-207.797968494539,-44.4072510452703));
#2323=CARTESIAN_POINT('Ctrl Pts',(-88.3841807054298,-207.878093160427,-44.4135514718622));
#2324=CARTESIAN_POINT('Ctrl Pts',(-88.428960314852,-208.002600373006,-44.4340151667197));
#2325=CARTESIAN_POINT('Ctrl Pts',(-88.4672830202095,-208.06956301223,-44.4515287520412));
#2326=CARTESIAN_POINT('Ctrl Pts',(-88.5479637923591,-208.162924369735,-44.4884008291961));
#2327=CARTESIAN_POINT('Ctrl Pts',(-88.6038215348989,-208.206709067361,-44.5139288069588));
#2328=CARTESIAN_POINT('Ctrl Pts',(-88.7063302778379,-208.255839409875,-44.5607776001097));
#2329=CARTESIAN_POINT('Ctrl Pts',(-88.770487550036,-208.270828895821,-44.59009915475));
#2330=CARTESIAN_POINT('Ctrl Pts',(-88.879803692099,-208.270826178161,-44.6400598905245));
#2331=CARTESIAN_POINT('Ctrl Pts',(-88.9439601730722,-208.255833502217,-44.6693815462778));
#2332=CARTESIAN_POINT('Ctrl Pts',(-89.0464663241732,-208.206698063388,-44.716230671455));
#2333=CARTESIAN_POINT('Ctrl Pts',(-89.1023217573167,-208.162910588395,-44.7417589452899));
#2334=CARTESIAN_POINT('Ctrl Pts',(-89.1829976047144,-208.069545219527,-44.7786316535119));
#2335=CARTESIAN_POINT('Ctrl Pts',(-89.2213167778824,-208.002580674957,-44.7961456914672));
#2336=CARTESIAN_POINT('Ctrl Pts',(-89.2660898223106,-207.878071227518,-44.8166102290968));
#2337=CARTESIAN_POINT('Ctrl Pts',(-89.2798738934093,-207.797945862783,-44.8229111971097));
#2338=CARTESIAN_POINT('Ctrl Pts',(-89.2798777209006,-207.729981553228,-44.8229139953067));
#2339=CARTESIAN_POINT('',(-87.4608510628664,-207.730026464419,-43.9915645848834));
#2340=CARTESIAN_POINT('',(-87.9156163008217,-207.730015328786,-44.1994058559839));
#2341=CARTESIAN_POINT('Ctrl Pts',(-86.5513584006025,-207.730047000437,-43.5758993253746));
#2342=CARTESIAN_POINT('Ctrl Pts',(-86.5513653725489,-207.796673752502,-43.5759014834857));
#2343=CARTESIAN_POINT('Ctrl Pts',(-86.5646240224257,-207.875275108697,-43.5819598686463));
#2344=CARTESIAN_POINT('Ctrl Pts',(-86.6077219955922,-207.997762349591,-43.6016550367789));
#2345=CARTESIAN_POINT('Ctrl Pts',(-86.6446770485911,-208.063939495504,-43.6185435763244));
#2346=CARTESIAN_POINT('Ctrl Pts',(-86.7241300171866,-208.158744263474,-43.6548544883765));
#2347=CARTESIAN_POINT('Ctrl Pts',(-86.7806953143781,-208.204217049145,-43.6807058136549));
#2348=CARTESIAN_POINT('Ctrl Pts',(-86.8849715332121,-208.255282023268,-43.7283623661219));
#2349=CARTESIAN_POINT('Ctrl Pts',(-86.950361031878,-208.270874544883,-43.7582470756849));
#2350=CARTESIAN_POINT('Ctrl Pts',(-87.060777086606,-208.270871799136,-43.8087105043371));
#2351=CARTESIAN_POINT('Ctrl Pts',(-87.1249335626488,-208.255879123951,-43.838032157837));
#2352=CARTESIAN_POINT('Ctrl Pts',(-87.227439704164,-208.206743687873,-43.8848812786333));
#2353=CARTESIAN_POINT('Ctrl Pts',(-87.283295131038,-208.162956216049,-43.9104095496027));
#2354=CARTESIAN_POINT('Ctrl Pts',(-87.3639709681883,-208.069590854006,-43.9472822531412));
#2355=CARTESIAN_POINT('Ctrl Pts',(-87.4022901354445,-208.002626314559,-43.9647962883946));
#2356=CARTESIAN_POINT('Ctrl Pts',(-87.447063254883,-207.87811664422,-43.9852608603096));
#2357=CARTESIAN_POINT('Ctrl Pts',(-87.4608473184264,-207.797990928841,-43.9915618248749));
#2358=CARTESIAN_POINT('Ctrl Pts',(-87.4608510627513,-207.730026464419,-43.9915645850648));
#2359=CARTESIAN_POINT('',(-88.3703240929302,-205.625063501539,-44.4072533587464));
#2360=CARTESIAN_POINT('Origin',(-105.807904947465,-203.928037807977,-39.2976413305185));
#2361=CARTESIAN_POINT('',(-108.55079220741,-200.502970036611,-37.2281267321766));
#2362=CARTESIAN_POINT('',(-102.742823674423,-203.353114460529,-41.6101779618286));
#2363=CARTESIAN_POINT('Origin',(-93.5875398808432,-207.303522136824,-37.8033033022595));
#2364=CARTESIAN_POINT('',(-93.9301837245478,-207.303510983863,-37.0535844179329));
#2365=CARTESIAN_POINT('',(-97.2559679933514,-211.353209581372,-29.7768562472141));
#2366=CARTESIAN_POINT('Origin',(-91.020887886245,-212.853407519899,-43.4195524960353));
#2367=CARTESIAN_POINT('Origin',(-112.166710934372,-203.642903335228,-49.5350756210375));
#2368=CARTESIAN_POINT('',(-115.778437802379,-203.642800388147,-46.808195514226));
#2369=CARTESIAN_POINT('',(-109.661962918836,-203.641135102508,-51.4261810963073));
#2370=CARTESIAN_POINT('Origin',(-112.2001638715,-205.427869951147,-40.4045365708367));
#2371=CARTESIAN_POINT('',(-117.178146961462,-205.436724694512,-47.0024285003875));
#2372=CARTESIAN_POINT('',(-120.883330519558,-211.352654561413,-51.9131166964012));
#2373=CARTESIAN_POINT('',(-105.042811243688,-211.35300847195,-30.9178555065114));
#2374=CARTESIAN_POINT('',(-108.74685899157,-203.352940479444,-35.8275524458538));
#2375=CARTESIAN_POINT('Origin',(-120.116250533574,-206.927706644096,-56.7406266660238));
#2376=CARTESIAN_POINT('',(-121.160717814522,-211.352654731012,-54.4595599259813));
#2377=CARTESIAN_POINT('',(-119.071998730119,-211.352722696482,-59.0217027702675));
#2378=CARTESIAN_POINT('Origin',(-96.4332238862625,-203.928283126184,-39.2987058809131));
#2379=CARTESIAN_POINT('',(-94.4233268704191,-203.928334200743,-38.3785045437942));
#2380=CARTESIAN_POINT('',(-101.724181812876,-200.503162038253,-41.7211429878003));
#2381=CARTESIAN_POINT('Origin',(-90.7078031063564,-202.50349494266,-57.020233003329));
#2382=CARTESIAN_POINT('',(-92.0934450763069,-202.503456349729,-56.220231748522));
#2383=CARTESIAN_POINT('Origin',(-101.098181606423,-202.503156718477,-34.2817144849927));
#2384=CARTESIAN_POINT('',(-102.483821021613,-202.503118125617,-33.4817147051781));
#2385=CARTESIAN_POINT('Origin',(-87.0595027766393,-211.353557709694,-58.1014461226743));
#2386=CARTESIAN_POINT('',(-86.0203208950023,-211.353591535673,-60.3752263467636));
#2387=CARTESIAN_POINT('Origin',(-87.0595027769913,-211.353588863684,-58.1014461227537));
#2388=CARTESIAN_POINT('Origin',(-116.798925533919,-211.352779142068,-57.9810051132595));
#2389=CARTESIAN_POINT('Origin',(-116.798925423316,-211.352340701869,-57.9810049704366));
#2390=CARTESIAN_POINT('Origin',(-103.047165616311,-211.353064442235,-32.4235318342099));
#2391=CARTESIAN_POINT('',(-104.086324791472,-211.353030617022,-30.1498100208544));
#2392=CARTESIAN_POINT('Origin',(-103.047185545035,-211.344169093616,-32.4235067247912));
#2393=CARTESIAN_POINT('Origin',(-102.327501239732,-206.928092224459,-29.3460406476359));
#2394=CARTESIAN_POINT('',(-100.568939703095,-211.353117969958,-28.5422593659552));
#2395=CARTESIAN_POINT('Origin',(-99.5297521462269,-211.353151796096,-30.8160432796181));
#2396=CARTESIAN_POINT('Origin',(-99.5297521472131,-211.353213535118,-30.8160432780747));
#2397=CARTESIAN_POINT('Origin',(-88.2923459971351,-212.853473578634,-42.1725279438772));
#2398=CARTESIAN_POINT('Origin',(-89.2018689345578,-212.853451057844,-42.5882063416176));
#2399=CARTESIAN_POINT('Origin',(-88.2923347911534,-212.853473579056,-42.1725228228465));
#2400=CARTESIAN_POINT('Origin',(-98.3896359468805,-212.853412696569,-46.7872875142367));
#2401=CARTESIAN_POINT('Ctrl Pts',(-99.2377021959302,-207.730032837268,-44.975979381074));
#2402=CARTESIAN_POINT('Ctrl Pts',(-99.7257866269665,-207.963828743802,-44.540515377513));
#2403=CARTESIAN_POINT('Ctrl Pts',(-100.284375471038,-208.294466479614,-44.2215242561244));
#2404=CARTESIAN_POINT('Ctrl Pts',(-101.409971897035,-209.003884010711,-43.8018464392798));
#2405=CARTESIAN_POINT('Ctrl Pts',(-102.056154965739,-209.443850338032,-43.6915108653141));
#2406=CARTESIAN_POINT('Ctrl Pts',(-103.021579227137,-210.016937211702,-43.7172715316492));
#2407=CARTESIAN_POINT('Ctrl Pts',(-103.342448800984,-210.191985982224,-43.7564381252375));
#2408=CARTESIAN_POINT('Ctrl Pts',(-103.987512130718,-210.454492760048,-43.9017069735928));
#2409=CARTESIAN_POINT('Ctrl Pts',(-104.312108710726,-210.541261224247,-44.0072649214945));
#2410=CARTESIAN_POINT('Ctrl Pts',(-104.644870493342,-210.541255370774,-44.1593470585603));
#2411=CARTESIAN_POINT('Ctrl Pts',(-104.738032740388,-210.541253731997,-44.2019250058027));
#2412=CARTESIAN_POINT('Ctrl Pts',(-104.827977622793,-210.534446934987,-44.2464836947059));
#2413=CARTESIAN_POINT('Ctrl Pts',(-104.915071819246,-210.521746965878,-44.2928235285622));
#2414=CARTESIAN_POINT('Origin',(-97.3874700087796,-212.853430325255,-46.3292675566393));
#2415=CARTESIAN_POINT('Ctrl Pts',(-100.765977177602,-210.563170800795,-53.3712198148415));
#2416=CARTESIAN_POINT('Ctrl Pts',(-100.674034304845,-210.576136567393,-53.3357274447203));
#2417=CARTESIAN_POINT('Ctrl Pts',(-100.581487632253,-210.583109381973,-53.2968885145616));
#2418=CARTESIAN_POINT('Ctrl Pts',(-100.154369035895,-210.583116895236,-53.1016824773665));
#2419=CARTESIAN_POINT('Ctrl Pts',(-99.8625942581725,-210.49406935644,-52.9253854190683));
#2420=CARTESIAN_POINT('Ctrl Pts',(-99.3314906656912,-210.226986228707,-52.5333312874862));
#2421=CARTESIAN_POINT('Ctrl Pts',(-99.0923981435136,-210.049500028163,-52.3168803854114));
#2422=CARTESIAN_POINT('Ctrl Pts',(-98.4417681860334,-209.469345748083,-51.6049138700251));
#2423=CARTESIAN_POINT('Ctrl Pts',(-98.1019840612957,-209.025064220549,-51.0445227073949));
#2424=CARTESIAN_POINT('Ctrl Pts',(-97.6798548364228,-208.304794755445,-49.9125857299154));
#2425=CARTESIAN_POINT('Ctrl Pts',(-97.5546794891044,-207.967375048619,-49.2730535422421));
#2426=CARTESIAN_POINT('Ctrl Pts',(-97.5674161128284,-207.730089021856,-48.6105661059268));
#2427=CARTESIAN_POINT('Origin',(-95.5684740645506,-212.853292574049,-45.4979356618044));
#2428=CARTESIAN_POINT('Origin',(-96.4779749960354,-212.853269913807,-45.9136047930927));
#2429=CARTESIAN_POINT('Origin',(-95.5684414767492,-212.853292574861,-45.4979207682044));
#2430=CARTESIAN_POINT('Origin',(-93.7494452509554,-212.853338393872,-44.6665846081722));
#2431=CARTESIAN_POINT('Origin',(-94.6589492405145,-212.853313700192,-45.0822550432751));
#2432=CARTESIAN_POINT('Origin',(-93.7494159826669,-212.853338394667,-44.6665712316931));
#2433=CARTESIAN_POINT('Origin',(-91.930375522321,-212.853381866001,-43.8352154135178));
#2434=CARTESIAN_POINT('Origin',(-92.8399222439912,-212.853360234653,-44.2509054375425));
#2435=CARTESIAN_POINT('Origin',(-91.9303882308689,-212.853381865699,-43.8352212217037));
#2436=CARTESIAN_POINT('Origin',(-90.1113636351184,-212.85342897874,-43.0038733544126));
#2437=CARTESIAN_POINT('Origin',(-91.0208961918806,-212.853405408714,-43.419554804835));
#2438=CARTESIAN_POINT('Origin',(-90.1113613545151,-212.853428978798,-43.0038723121034));
#2439=CARTESIAN_POINT('Origin',(-90.9252233645226,-212.853409912093,-43.3758309568274));
#2440=CARTESIAN_POINT('Origin',(-105.118345017937,-212.853054997968,-49.8625108008477));
#2441=CARTESIAN_POINT('Origin',(-90.5783656174497,-211.353470320194,-59.7097213747682));
#2442=CARTESIAN_POINT('Origin',(-90.5783614346513,-211.3439903124,-59.7097426649333));
#2443=CARTESIAN_POINT('',(-89.5392046778228,-211.353504145491,-61.9834557767267));
#2444=CARTESIAN_POINT('Origin',(-87.7796335827941,-206.928565771516,-61.1793478404515));
#2445=CARTESIAN_POINT('Origin',(-115.569924577152,-202.502837467747,-54.6593124346224));
#2446=CARTESIAN_POINT('',(-116.955565958152,-202.502798874832,-53.8593115198461));
#2447=CARTESIAN_POINT('Origin',(-118.887603538244,-211.352711177618,-53.4188434609817));
#2448=CARTESIAN_POINT('Origin',(-118.887603593585,-211.352248205822,-53.4188434551166));
#2449=CARTESIAN_POINT('Origin',(-102.566404957355,-207.567448385628,-48.7067838992684));
#2450=CARTESIAN_POINT('Ctrl Pts',(-100.768458747374,-212.852907545088,-53.3656483894342));
#2451=CARTESIAN_POINT('Ctrl Pts',(-100.866641072941,-212.852946529945,-53.4044375109268));
#2452=CARTESIAN_POINT('Ctrl Pts',(-100.965252778376,-212.852914969676,-53.4397976719052));
#2453=CARTESIAN_POINT('Ctrl Pts',(-101.064071547857,-212.852825930245,-53.4718180289293));
#2454=CARTESIAN_POINT('Ctrl Pts',(-101.090227021135,-212.852802363179,-53.4802932163548));
#2455=CARTESIAN_POINT('Ctrl Pts',(-101.116397120196,-212.852775023859,-53.4885344822238));
#2456=CARTESIAN_POINT('Ctrl Pts',(-101.142577977585,-212.852744684841,-53.4965435840815));
#2457=CARTESIAN_POINT('Ctrl Pts',(-101.249806092265,-212.852620426279,-53.5293462108144));
#2458=CARTESIAN_POINT('Ctrl Pts',(-101.357212334218,-212.852440510434,-53.5582536233637));
#2459=CARTESIAN_POINT('Ctrl Pts',(-101.464542614125,-212.852225354007,-53.5833935733567));
#2460=CARTESIAN_POINT('Ctrl Pts',(-101.484878562806,-212.852184588158,-53.5881568585484));
#2461=CARTESIAN_POINT('Ctrl Pts',(-101.505211863687,-212.852142682467,-53.5927849221575));
#2462=CARTESIAN_POINT('Ctrl Pts',(-101.525540898179,-212.852099945512,-53.5972786685401));
#2463=CARTESIAN_POINT('Ctrl Pts',(-101.640917143142,-212.851857394428,-53.6227826630193));
#2464=CARTESIAN_POINT('Ctrl Pts',(-101.756153119714,-212.851583386609,-53.6439594948269));
#2465=CARTESIAN_POINT('Ctrl Pts',(-101.870967866765,-212.851305764713,-53.6609809351582));
#2466=CARTESIAN_POINT('Ctrl Pts',(-101.88691809115,-212.851267197093,-53.6633455773285));
#2467=CARTESIAN_POINT('Ctrl Pts',(-101.902860238631,-212.851228621218,-53.6656300371067));
#2468=CARTESIAN_POINT('Ctrl Pts',(-101.918793606119,-212.851190169131,-53.6678347867461));
#2469=CARTESIAN_POINT('Ctrl Pts',(-102.041144862897,-212.850894898142,-53.6847649108683));
#2470=CARTESIAN_POINT('Ctrl Pts',(-102.162975046769,-212.850602796722,-53.6969942964337));
#2471=CARTESIAN_POINT('Ctrl Pts',(-102.283984039107,-212.850349584339,-53.7047420246415));
#2472=CARTESIAN_POINT('Ctrl Pts',(-102.294476779653,-212.850327628187,-53.7054138334083));
#2473=CARTESIAN_POINT('Ctrl Pts',(-102.304963370137,-212.850305985135,-53.7060519497386));
#2474=CARTESIAN_POINT('Ctrl Pts',(-102.315443628539,-212.850284689809,-53.7066565184011));
#2475=CARTESIAN_POINT('Ctrl Pts',(-102.450116320673,-212.850011042084,-53.7144253048405));
#2476=CARTESIAN_POINT('Ctrl Pts',(-102.583738778727,-212.849790835338,-53.7166541648775));
#2477=CARTESIAN_POINT('Ctrl Pts',(-102.715950452518,-212.849675587362,-53.7136542733509));
#2478=CARTESIAN_POINT('Ctrl Pts',(-102.728333576845,-212.84966479308,-53.7133732994499));
#2479=CARTESIAN_POINT('Ctrl Pts',(-102.740704361623,-212.849654919626,-53.7130464597065));
#2480=CARTESIAN_POINT('Ctrl Pts',(-102.753062532959,-212.849646009378,-53.7126740113979));
#2481=CARTESIAN_POINT('Ctrl Pts',(-102.885669605456,-212.84955039961,-53.7086775236881));
#2482=CARTESIAN_POINT('Ctrl Pts',(-103.016863582068,-212.849527559283,-53.6994321315792));
#2483=CARTESIAN_POINT('Ctrl Pts',(-103.146425864156,-212.849562234702,-53.6852302387367));
#2484=CARTESIAN_POINT('Ctrl Pts',(-103.281915585808,-212.849598496512,-53.6703786131158));
#2485=CARTESIAN_POINT('Ctrl Pts',(-103.415621370213,-212.849697657176,-53.6501070172455));
#2486=CARTESIAN_POINT('Ctrl Pts',(-103.547336438403,-212.849842223755,-53.6247134798083));
#2487=CARTESIAN_POINT('Ctrl Pts',(-103.682405325288,-212.849990471386,-53.5986733548413));
#2488=CARTESIAN_POINT('Ctrl Pts',(-103.815381543559,-212.850186466527,-53.5672473619197));
#2489=CARTESIAN_POINT('Ctrl Pts',(-103.94607709553,-212.85041129677,-53.5307145189718));
#2490=CARTESIAN_POINT('Ctrl Pts',(-104.081793904543,-212.850644764877,-53.4927781026645));
#2491=CARTESIAN_POINT('Ctrl Pts',(-104.215052228597,-212.850909326181,-53.4493351282544));
#2492=CARTESIAN_POINT('Ctrl Pts',(-104.345667157368,-212.851183753624,-53.4006491008705));
#2493=CARTESIAN_POINT('Ctrl Pts',(-104.417775029336,-212.851335255287,-53.3737712710368));
#2494=CARTESIAN_POINT('Ctrl Pts',(-104.489077633907,-212.851489763045,-53.3452946105774));
#2495=CARTESIAN_POINT('Ctrl Pts',(-104.559545633856,-212.851643699447,-53.3152571512425));
#2496=CARTESIAN_POINT('Ctrl Pts',(-104.685801651113,-212.851919504027,-53.2614396739919));
#2497=CARTESIAN_POINT('Ctrl Pts',(-104.809403007919,-212.852178275307,-53.2026053703008));
#2498=CARTESIAN_POINT('Ctrl Pts',(-104.930206072307,-212.8524179033,-53.1389160315865));
#2499=CARTESIAN_POINT('Ctrl Pts',(-105.041164948061,-212.852638004113,-53.0804167090981));
#2500=CARTESIAN_POINT('Ctrl Pts',(-105.149763482041,-212.852841232304,-53.0178205949926));
#2501=CARTESIAN_POINT('Ctrl Pts',(-105.255879529436,-212.853028009875,-52.9512175473595));
#2502=CARTESIAN_POINT('Ctrl Pts',(-105.266603032465,-212.853046884587,-52.9444870103615));
#2503=CARTESIAN_POINT('Ctrl Pts',(-105.277301169241,-212.85306555726,-52.9377155306573));
#2504=CARTESIAN_POINT('Ctrl Pts',(-105.287973802882,-212.853084004496,-52.9309031854157));
#2505=CARTESIAN_POINT('Ctrl Pts',(-105.386457666865,-212.853254230066,-52.8680409056172));
#2506=CARTESIAN_POINT('Ctrl Pts',(-105.482771472944,-212.853407375784,-52.8017004187493));
#2507=CARTESIAN_POINT('Ctrl Pts',(-105.576799461237,-212.853546146282,-52.7319293363596));
#2508=CARTESIAN_POINT('Ctrl Pts',(-105.593398750651,-212.853570644218,-52.7196122549209));
#2509=CARTESIAN_POINT('Ctrl Pts',(-105.609926751012,-212.85359458069,-52.7071882193042));
#2510=CARTESIAN_POINT('Ctrl Pts',(-105.626382755587,-212.853617819282,-52.6946574431457));
#2511=CARTESIAN_POINT('Ctrl Pts',(-105.712218119268,-212.853739032974,-52.6292962721602));
#2512=CARTESIAN_POINT('Ctrl Pts',(-105.796096149622,-212.853843347197,-52.5610317108262));
#2513=CARTESIAN_POINT('Ctrl Pts',(-105.877907924477,-212.853935903238,-52.48988527864));
#2514=CARTESIAN_POINT('Ctrl Pts',(-105.898924245419,-212.853959679613,-52.4716087376974));
#2515=CARTESIAN_POINT('Ctrl Pts',(-105.919804111702,-212.85398243747,-52.4531419865863));
#2516=CARTESIAN_POINT('Ctrl Pts',(-105.940545459104,-212.854003741848,-52.4344853323737));
#2517=CARTESIAN_POINT('Ctrl Pts',(-105.980438783152,-212.854044718087,-52.3986016485562));
#2518=CARTESIAN_POINT('Ctrl Pts',(-106.019819819707,-212.854081816162,-52.362015341185));
#2519=CARTESIAN_POINT('Ctrl Pts',(-106.058673108045,-212.854114909562,-52.3247279781862));
#2520=CARTESIAN_POINT('Ctrl Pts',(-106.128026608211,-212.854173981605,-52.2581696700861));
#2521=CARTESIAN_POINT('Ctrl Pts',(-106.195698318888,-212.854221779217,-52.1893784207039));
#2522=CARTESIAN_POINT('Ctrl Pts',(-106.261583394897,-212.85427267499,-52.1183679797582));
#2523=CARTESIAN_POINT('Ctrl Pts',(-106.290551461422,-212.854295052625,-52.0871464148472));
#2524=CARTESIAN_POINT('Ctrl Pts',(-106.31917396518,-212.854317401291,-52.0554958851753));
#2525=CARTESIAN_POINT('Ctrl Pts',(-106.347441121517,-212.854337836934,-52.0234178324215));
#2526=CARTESIAN_POINT('Ctrl Pts',(-106.405592131137,-212.854379877005,-51.9574270715519));
#2527=CARTESIAN_POINT('Ctrl Pts',(-106.462239916017,-212.854414608516,-51.889626890919));
#2528=CARTESIAN_POINT('Ctrl Pts',(-106.517294024095,-212.854458011788,-51.820027194255));
#2529=CARTESIAN_POINT('Ctrl Pts',(-106.546743377842,-212.854481228916,-51.7827971643938));
#2530=CARTESIAN_POINT('Ctrl Pts',(-106.575736537449,-212.854506106379,-51.7450523160006));
#2531=CARTESIAN_POINT('Ctrl Pts',(-106.604258346593,-212.854529098618,-51.7067949868922));
#2532=CARTESIAN_POINT('Ctrl Pts',(-106.623995087918,-212.854545008966,-51.6803213854261));
#2533=CARTESIAN_POINT('Ctrl Pts',(-106.643506153643,-212.854561222666,-51.6536022609509));
#2534=CARTESIAN_POINT('Ctrl Pts',(-106.662786348483,-212.854577865698,-51.6266383079212));
#2535=CARTESIAN_POINT('Ctrl Pts',(-106.708705236104,-212.854617503759,-51.5624193132885));
#2536=CARTESIAN_POINT('Ctrl Pts',(-106.753313709271,-212.854651200838,-51.4968135767184));
#2537=CARTESIAN_POINT('Ctrl Pts',(-106.796535386987,-212.854696294109,-51.4298349023238));
#2538=CARTESIAN_POINT('Ctrl Pts',(-106.827373685505,-212.854728467774,-51.38204618924));
#2539=CARTESIAN_POINT('Ctrl Pts',(-106.857505859278,-212.854765466869,-51.3335586778458));
#2540=CARTESIAN_POINT('Ctrl Pts',(-106.886901993953,-212.854797682316,-51.2843802375718));
#2541=CARTESIAN_POINT('Ctrl Pts',(-106.89801495751,-212.854809861097,-51.2657887383622));
#2542=CARTESIAN_POINT('Ctrl Pts',(-106.909022741326,-212.854822110169,-51.2470984142973));
#2543=CARTESIAN_POINT('Ctrl Pts',(-106.919923694901,-212.854834414795,-51.2283096651257));
#2544=CARTESIAN_POINT('Ctrl Pts',(-106.956357999827,-212.8548755406,-51.1655119463975));
#2545=CARTESIAN_POINT('Ctrl Pts',(-106.991598907729,-212.854916124942,-51.1016149795286));
#2546=CARTESIAN_POINT('Ctrl Pts',(-107.025581609779,-212.854956311039,-51.036637458957));
#2547=CARTESIAN_POINT('Ctrl Pts',(-107.028977640281,-212.854960327,-51.0301439893833));
#2548=CARTESIAN_POINT('Ctrl Pts',(-107.032361101403,-212.854964296831,-51.0236397365589));
#2549=CARTESIAN_POINT('Ctrl Pts',(-107.0357319259,-212.854968192364,-51.0171247247305));
#2550=CARTESIAN_POINT('Ctrl Pts',(-107.054282576027,-212.85498963064,-50.9812706762207));
#2551=CARTESIAN_POINT('Ctrl Pts',(-107.072450620568,-212.855010371706,-50.9450904603964));
#2552=CARTESIAN_POINT('Ctrl Pts',(-107.090224651844,-212.855029778374,-50.9085880589962));
#2553=CARTESIAN_POINT('Ctrl Pts',(-107.099111667483,-212.855039481707,-50.8903368582961));
#2554=CARTESIAN_POINT('Ctrl Pts',(-107.107900178687,-212.85504885144,-50.872005110557));
#2555=CARTESIAN_POINT('Ctrl Pts',(-107.116588739129,-212.855057798965,-50.8535933381396));
#2556=CARTESIAN_POINT('Ctrl Pts',(-107.120933019351,-212.855062272727,-50.844387451931));
#2557=CARTESIAN_POINT('Ctrl Pts',(-107.125252311804,-212.855066640937,-50.835161559517));
#2558=CARTESIAN_POINT('Ctrl Pts',(-107.129546433822,-212.855070891627,-50.825915729107));
#2559=CARTESIAN_POINT('Ctrl Pts',(-107.131693494831,-212.855073016972,-50.821292813902));
#2560=CARTESIAN_POINT('Ctrl Pts',(-107.133834263227,-212.855075112937,-50.8166649141964));
#2561=CARTESIAN_POINT('Ctrl Pts',(-107.135968716056,-212.855077177963,-50.8120320387144));
#2562=CARTESIAN_POINT('Ctrl Pts',(-107.138103168885,-212.855079242989,-50.8073991632325));
#2563=CARTESIAN_POINT('Ctrl Pts',(-107.140738026193,-212.855081755091,-50.8016525314472));
#2564=CARTESIAN_POINT('Ctrl Pts',(-107.142353104844,-212.855083278651,-50.7981184937213));
#2565=CARTESIAN_POINT('Ctrl Pts',(-107.165632046077,-212.85510523849,-50.7471806298141));
#2566=CARTESIAN_POINT('Ctrl Pts',(-107.188384411582,-212.855045496955,-50.695134716668));
#2567=CARTESIAN_POINT('Ctrl Pts',(-107.210527635562,-212.854936896032,-50.6419631926661));
#2568=CARTESIAN_POINT('Ctrl Pts',(-107.225729339989,-212.854862339629,-50.6054600261641));
#2569=CARTESIAN_POINT('Ctrl Pts',(-107.24064381549,-212.854763775526,-50.5684265351256));
#2570=CARTESIAN_POINT('Ctrl Pts',(-107.255242646061,-212.854637995379,-50.5308602290969));
#2571=CARTESIAN_POINT('Ctrl Pts',(-107.274338727344,-212.854473467961,-50.4817214141789));
#2572=CARTESIAN_POINT('Ctrl Pts',(-107.292894841906,-212.854260433104,-50.4316711652128));
#2573=CARTESIAN_POINT('Ctrl Pts',(-107.310845342578,-212.85403136263,-50.3807006082841));
#2574=CARTESIAN_POINT('Ctrl Pts',(-107.325903762602,-212.853839198663,-50.3379421321206));
#2575=CARTESIAN_POINT('Ctrl Pts',(-107.340535902427,-212.853634974405,-50.2945360956969));
#2576=CARTESIAN_POINT('Ctrl Pts',(-107.354700730889,-212.853410271348,-50.2504834289694));
#2577=CARTESIAN_POINT('Ctrl Pts',(-107.369800472456,-212.853170737343,-50.2035231791714));
#2578=CARTESIAN_POINT('Ctrl Pts',(-107.384369195106,-212.852904436335,-50.1558286872908));
#2579=CARTESIAN_POINT('Ctrl Pts',(-107.398355883468,-212.852644632146,-50.1073964032176));
#2580=CARTESIAN_POINT('Ctrl Pts',(-107.4122584482,-212.852386390562,-50.0592554175165));
#2581=CARTESIAN_POINT('Ctrl Pts',(-107.425585915826,-212.852134645013,-50.0103853112701));
#2582=CARTESIAN_POINT('Ctrl Pts',(-107.438285600492,-212.851872227325,-49.9607934020303));
#2583=CARTESIAN_POINT('Ctrl Pts',(-107.44972332509,-212.851635885926,-49.9161294111482));
#2584=CARTESIAN_POINT('Ctrl Pts',(-107.460651836994,-212.851384744771,-49.8708809924097));
#2585=CARTESIAN_POINT('Ctrl Pts',(-107.471031721973,-212.851155284804,-49.825047199845));
#2586=CARTESIAN_POINT('Ctrl Pts',(-107.481342421977,-212.850927354254,-49.7795189029341));
#2587=CARTESIAN_POINT('Ctrl Pts',(-107.491111737563,-212.850720818418,-49.7334128459984));
#2588=CARTESIAN_POINT('Ctrl Pts',(-107.500299582084,-212.850520942338,-49.6867384866198));
#2589=CARTESIAN_POINT('Ctrl Pts',(-107.502107781701,-212.850481606033,-49.6775528110715));
#2590=CARTESIAN_POINT('Ctrl Pts',(-107.503893456828,-212.850442370302,-49.668345161401));
#2591=CARTESIAN_POINT('Ctrl Pts',(-107.505656297958,-212.850402891326,-49.6591156669992));
#2592=CARTESIAN_POINT('Ctrl Pts',(-107.513685529074,-212.850223076016,-49.6170779913543));
#2593=CARTESIAN_POINT('Ctrl Pts',(-107.521241239281,-212.850034298686,-49.5745873454788));
#2594=CARTESIAN_POINT('Ctrl Pts',(-107.528293550619,-212.849876377616,-49.5316439832743));
#2595=CARTESIAN_POINT('Ctrl Pts',(-107.535352111141,-212.849718316609,-49.4886625681621));
#2596=CARTESIAN_POINT('Ctrl Pts',(-107.541906333464,-212.849591144132,-49.4452274834189));
#2597=CARTESIAN_POINT('Ctrl Pts',(-107.547925781465,-212.8494833713,-49.4013486279128));
#2598=CARTESIAN_POINT('Ctrl Pts',(-107.550298748325,-212.849440885451,-49.384050850779));
#2599=CARTESIAN_POINT('Ctrl Pts',(-107.552588606323,-212.849400854779,-49.366684226682));
#2600=CARTESIAN_POINT('Ctrl Pts',(-107.554793498723,-212.849360409076,-49.3492498630145));
#2601=CARTESIAN_POINT('Ctrl Pts',(-107.559964639318,-212.849265551648,-49.3083609989172));
#2602=CARTESIAN_POINT('Ctrl Pts',(-107.564668331114,-212.849184481522,-49.2670964218198));
#2603=CARTESIAN_POINT('Ctrl Pts',(-107.56887961726,-212.849130934628,-49.2254621135913));
#2604=CARTESIAN_POINT('Ctrl Pts',(-107.57060178304,-212.849109037131,-49.2084361556256));
#2605=CARTESIAN_POINT('Ctrl Pts',(-107.572241606168,-212.849091139943,-49.1913484633294));
#2606=CARTESIAN_POINT('Ctrl Pts',(-107.573797406292,-212.849075718359,-49.1741998757032));
#2607=CARTESIAN_POINT('Ctrl Pts',(-107.577370969939,-212.849040296063,-49.1348107739648));
#2608=CARTESIAN_POINT('Ctrl Pts',(-107.580501779325,-212.848996309545,-49.0951026527224));
#2609=CARTESIAN_POINT('Ctrl Pts',(-107.583167834767,-212.84898523909,-49.055081944367));
#2610=CARTESIAN_POINT('Ctrl Pts',(-107.585899005501,-212.848973898252,-49.0140837769336));
#2611=CARTESIAN_POINT('Ctrl Pts',(-107.588142415105,-212.848997046631,-48.972757566066));
#2612=CARTESIAN_POINT('Ctrl Pts',(-107.589875754301,-212.849044094804,-48.9311149300382));
#2613=CARTESIAN_POINT('Ctrl Pts',(-107.591005728632,-212.849074765793,-48.9039678431232));
#2614=CARTESIAN_POINT('Ctrl Pts',(-107.591918961128,-212.84911445727,-48.8766863786951));
#2615=CARTESIAN_POINT('Ctrl Pts',(-107.592609650234,-212.849148436549,-48.8492747735251));
#2616=CARTESIAN_POINT('Ctrl Pts',(-107.593645253357,-212.849199384287,-48.8081744525162));
#2617=CARTESIAN_POINT('Ctrl Pts',(-107.59418058858,-212.849242056321,-48.7667688908587));
#2618=CARTESIAN_POINT('Ctrl Pts',(-107.594192838254,-212.849313600651,-48.7250872083117));
#2619=CARTESIAN_POINT('Ctrl Pts',(-107.594205175337,-212.849385655487,-48.6831081053345));
#2620=CARTESIAN_POINT('Ctrl Pts',(-107.593687113433,-212.849486535339,-48.6408496799384));
#2621=CARTESIAN_POINT('Ctrl Pts',(-107.592617731826,-212.849605850084,-48.5983225263463));
#2622=CARTESIAN_POINT('Ctrl Pts',(-107.591945098773,-212.849680898169,-48.5715732640342));
#2623=CARTESIAN_POINT('Ctrl Pts',(-107.591054395286,-212.849762317865,-48.5447172836947));
#2624=CARTESIAN_POINT('Ctrl Pts',(-107.5899402645,-212.84983891311,-48.5177510442382));
#2625=CARTESIAN_POINT('Ctrl Pts',(-107.588464688554,-212.849940357305,-48.4820364451978));
#2626=CARTESIAN_POINT('Ctrl Pts',(-107.586594369306,-212.850060099902,-48.4460938625034));
#2627=CARTESIAN_POINT('Ctrl Pts',(-107.584319707322,-212.850182279216,-48.409994446902));
#2628=CARTESIAN_POINT('Ctrl Pts',(-107.582160962164,-212.850298232269,-48.375734658338));
#2629=CARTESIAN_POINT('Ctrl Pts',(-107.579638401112,-212.850416692807,-48.3413341909066));
#2630=CARTESIAN_POINT('Ctrl Pts',(-107.576743358434,-212.850537633262,-48.3068099304465));
#2631=CARTESIAN_POINT('Ctrl Pts',(-107.57403237218,-212.850650884756,-48.2744805985667));
#2632=CARTESIAN_POINT('Ctrl Pts',(-107.570995073757,-212.85076686671,-48.242042995207));
#2633=CARTESIAN_POINT('Ctrl Pts',(-107.567619201143,-212.850891475762,-48.2094656615037));
#2634=CARTESIAN_POINT('Ctrl Pts',(-107.566443074302,-212.850934888552,-48.1981159807051));
#2635=CARTESIAN_POINT('Ctrl Pts',(-107.565225782778,-212.850979363583,-48.1867488975219));
#2636=CARTESIAN_POINT('Ctrl Pts',(-107.563966536388,-212.851025108623,-48.1753615759995));
#2637=CARTESIAN_POINT('Ctrl Pts',(-107.560860489577,-212.851137942965,-48.1472737021858));
#2638=CARTESIAN_POINT('Ctrl Pts',(-107.557495879139,-212.851286111656,-48.1190448087295));
#2639=CARTESIAN_POINT('Ctrl Pts',(-107.553874973307,-212.851426570912,-48.0907413220454));
#2640=CARTESIAN_POINT('Ctrl Pts',(-107.550223222224,-212.851568226692,-48.0621967277018));
#2641=CARTESIAN_POINT('Ctrl Pts',(-107.546311047801,-212.851702623986,-48.0335766308366));
#2642=CARTESIAN_POINT('Ctrl Pts',(-107.542137401491,-212.851820229203,-48.0049081746075));
#2643=CARTESIAN_POINT('Ctrl Pts',(-107.537888085903,-212.851939966634,-47.9757199519128));
#2644=CARTESIAN_POINT('Ctrl Pts',(-107.533368037229,-212.852043092483,-47.9464819260581));
#2645=CARTESIAN_POINT('Ctrl Pts',(-107.528568336192,-212.852144833384,-47.9171749302112));
#2646=CARTESIAN_POINT('Ctrl Pts',(-107.524247251997,-212.85223642888,-47.8907903709316));
#2647=CARTESIAN_POINT('Ctrl Pts',(-107.519699543213,-212.852327749877,-47.8643492545102));
#2648=CARTESIAN_POINT('Ctrl Pts',(-107.51491039678,-212.852438023985,-47.8378033250236));
#2649=CARTESIAN_POINT('Ctrl Pts',(-107.509057227849,-212.852572798103,-47.8053595875277));
#2650=CARTESIAN_POINT('Ctrl Pts',(-107.502854657576,-212.852718112406,-47.7728212380859));
#2651=CARTESIAN_POINT('Ctrl Pts',(-107.496298832206,-212.852847676664,-47.7402104634135));
#2652=CARTESIAN_POINT('Ctrl Pts',(-107.489743006837,-212.852977240922,-47.7075996887411));
#2653=CARTESIAN_POINT('Ctrl Pts',(-107.482833909585,-212.853091616467,-47.6749155766234));
#2654=CARTESIAN_POINT('Ctrl Pts',(-107.47556084042,-212.853213079347,-47.6421542260262));
#2655=CARTESIAN_POINT('Ctrl Pts',(-107.468483137737,-212.853331279535,-47.6102728986565));
#2656=CARTESIAN_POINT('Ctrl Pts',(-107.461067079815,-212.853470463883,-47.5783484371708));
#2657=CARTESIAN_POINT('Ctrl Pts',(-107.453299374324,-212.853589251772,-47.5463523933243));
#2658=CARTESIAN_POINT('Ctrl Pts',(-107.446158581111,-212.853698452584,-47.5169386709582));
#2659=CARTESIAN_POINT('Ctrl Pts',(-107.438720419119,-212.853790060872,-47.4874645027011));
#2660=CARTESIAN_POINT('Ctrl Pts',(-107.430979621948,-212.853861665322,-47.4579374291123));
#2661=CARTESIAN_POINT('Ctrl Pts',(-107.42332465658,-212.853932475804,-47.4287377587465));
#2662=CARTESIAN_POINT('Ctrl Pts',(-107.41537353884,-212.85398298978,-47.3994862794076));
#2663=CARTESIAN_POINT('Ctrl Pts',(-107.407129163475,-212.854049692078,-47.3702210747063));
#2664=CARTESIAN_POINT('Ctrl Pts',(-107.398888898826,-212.854116361119,-47.3409704618849));
#2665=CARTESIAN_POINT('Ctrl Pts',(-107.390352142436,-212.854177411744,-47.3116898867035));
#2666=CARTESIAN_POINT('Ctrl Pts',(-107.381511340249,-212.854222942995,-47.2823748248132));
#2667=CARTESIAN_POINT('Ctrl Pts',(-107.376592518377,-212.854248275551,-47.2660645890977));
#2668=CARTESIAN_POINT('Ctrl Pts',(-107.371579764257,-212.854269225225,-47.2497444648034));
#2669=CARTESIAN_POINT('Ctrl Pts',(-107.366473337721,-212.854288130354,-47.2334192099569));
#2670=CARTESIAN_POINT('Ctrl Pts',(-107.359331128544,-212.854314572404,-47.2105855543355));
#2671=CARTESIAN_POINT('Ctrl Pts',(-107.352004432639,-212.854333787558,-47.1877374596719));
#2672=CARTESIAN_POINT('Ctrl Pts',(-107.344491288229,-212.854344834198,-47.1648784378234));
#2673=CARTESIAN_POINT('Ctrl Pts',(-107.340734716024,-212.854350357518,-47.1534489268991));
#2674=CARTESIAN_POINT('Ctrl Pts',(-107.336931532189,-212.854353838714,-47.1420166840287));
#2675=CARTESIAN_POINT('Ctrl Pts',(-107.333081496133,-212.854355157966,-47.1305821521608));
#2676=CARTESIAN_POINT('Ctrl Pts',(-107.330193969091,-212.854356147404,-47.1220062532599));
#2677=CARTESIAN_POINT('Ctrl Pts',(-107.327280087713,-212.85435592075,-47.1134290667826));
#2678=CARTESIAN_POINT('Ctrl Pts',(-107.324339751944,-212.854354426569,-47.1048507813955));
#2679=CARTESIAN_POINT('Ctrl Pts',(-107.323565482459,-212.854354033111,-47.1025918881503));
#2680=CARTESIAN_POINT('Ctrl Pts',(-107.323021724664,-212.854351312701,-47.1010081673506));
#2681=CARTESIAN_POINT('Ctrl Pts',(-107.322158018687,-212.854352223027,-47.0984994986015));
#2682=CARTESIAN_POINT('Ctrl Pts',(-107.321928399223,-212.854352465041,-47.0978325596325));
#2683=CARTESIAN_POINT('Ctrl Pts',(-107.321676100012,-212.854352734244,-47.0971001847099));
#2684=CARTESIAN_POINT('Ctrl Pts',(-107.321390594436,-212.854352507895,-47.0962721368647));
#2685=CARTESIAN_POINT('Ctrl Pts',(-107.309237999804,-212.854342873316,-47.0610261360079));
#2686=CARTESIAN_POINT('Ctrl Pts',(-107.296780331217,-212.854365333576,-47.0261791912362));
#2687=CARTESIAN_POINT('Ctrl Pts',(-107.2840227695,-212.85442691473,-46.9916955067886));
#2688=CARTESIAN_POINT('Ctrl Pts',(-107.269855311224,-212.854495301499,-46.9534008724808));
#2689=CARTESIAN_POINT('Ctrl Pts',(-107.255317733001,-212.854611953088,-46.9155548078117));
#2690=CARTESIAN_POINT('Ctrl Pts',(-107.240438709917,-212.854770229828,-46.8781707277763));
#2691=CARTESIAN_POINT('Ctrl Pts',(-107.229564532528,-212.854885904717,-46.8508489664253));
#2692=CARTESIAN_POINT('Ctrl Pts',(-107.21850847202,-212.855023549994,-46.8237753742555));
#2693=CARTESIAN_POINT('Ctrl Pts',(-107.207288801531,-212.855174769693,-46.7969697534025));
#2694=CARTESIAN_POINT('Ctrl Pts',(-107.191180154722,-212.855391883442,-46.7584835715465));
#2695=CARTESIAN_POINT('Ctrl Pts',(-107.174723705002,-212.85562144195,-46.7205224451075));
#2696=CARTESIAN_POINT('Ctrl Pts',(-107.157945562872,-212.855899852059,-46.6830845512393));
#2697=CARTESIAN_POINT('Ctrl Pts',(-107.141670936132,-212.856169907025,-46.6467701760312));
#2698=CARTESIAN_POINT('Ctrl Pts',(-107.125093732482,-212.856486078517,-46.6109484842757));
#2699=CARTESIAN_POINT('Ctrl Pts',(-107.108241898619,-212.85683343612,-46.5756231760715));
#2700=CARTESIAN_POINT('Ctrl Pts',(-107.097815961693,-212.857048340236,-46.5537680214198));
#2701=CARTESIAN_POINT('Ctrl Pts',(-107.087284980113,-212.857274221004,-46.5321029425818));
#2702=CARTESIAN_POINT('Ctrl Pts',(-107.076656164465,-212.857497493535,-46.5106290711911));
#2703=CARTESIAN_POINT('Ctrl Pts',(-107.058425229772,-212.857880458774,-46.4737962988615));
#2704=CARTESIAN_POINT('Ctrl Pts',(-107.039903411206,-212.858263221416,-46.4375205319057));
#2705=CARTESIAN_POINT('Ctrl Pts',(-107.021123165645,-212.858679615863,-46.4018076077668));
#2706=CARTESIAN_POINT('Ctrl Pts',(-107.002613190748,-212.859090017885,-46.3666086362123));
#2707=CARTESIAN_POINT('Ctrl Pts',(-106.983852181143,-212.85953317615,-46.3319563285292));
#2708=CARTESIAN_POINT('Ctrl Pts',(-106.964869274634,-212.859991479577,-46.2978484482936));
#2709=CARTESIAN_POINT('Ctrl Pts',(-106.954335338224,-212.860245799913,-46.2789214077311));
#2710=CARTESIAN_POINT('Ctrl Pts',(-106.943733037182,-212.860503882018,-46.2601618831512));
#2711=CARTESIAN_POINT('Ctrl Pts',(-106.933067074707,-212.860755832851,-46.2415685768718));
#2712=CARTESIAN_POINT('Ctrl Pts',(-106.911856117319,-212.861256877026,-46.2045928395066));
#2713=CARTESIAN_POINT('Ctrl Pts',(-106.890393133521,-212.861746248267,-46.1682750218336));
#2714=CARTESIAN_POINT('Ctrl Pts',(-106.868718535752,-212.862250802617,-46.1326181604074));
#2715=CARTESIAN_POINT('Ctrl Pts',(-106.847052982234,-212.862755146431,-46.0969761776694));
#2716=CARTESIAN_POINT('Ctrl Pts',(-106.825175977662,-212.863274708761,-46.0619944271245));
#2717=CARTESIAN_POINT('Ctrl Pts',(-106.803123757576,-212.863785348411,-46.0276654994891));
#2718=CARTESIAN_POINT('Ctrl Pts',(-106.794627380155,-212.863982089927,-46.0144390975891));
#2719=CARTESIAN_POINT('Ctrl Pts',(-106.786104950596,-212.864176966806,-46.0013095065756));
#2720=CARTESIAN_POINT('Ctrl Pts',(-106.777558383964,-212.86436656921,-45.9882759635255));
#2721=CARTESIAN_POINT('Ctrl Pts',(-106.753181878066,-212.864907352935,-45.9511017095022));
#2722=CARTESIAN_POINT('Ctrl Pts',(-106.728610378312,-212.865427515003,-45.9147123827866));
#2723=CARTESIAN_POINT('Ctrl Pts',(-106.703892372448,-212.865930385593,-45.8791018274193));
#2724=CARTESIAN_POINT('Ctrl Pts',(-106.689753839343,-212.866218024188,-45.8587328292598));
#2725=CARTESIAN_POINT('Ctrl Pts',(-106.67556727338,-212.866499064683,-45.8386184099433));
#2726=CARTESIAN_POINT('Ctrl Pts',(-106.661340981508,-212.866766666994,-45.8187559155894));
#2727=CARTESIAN_POINT('Ctrl Pts',(-106.633705043141,-212.867286510186,-45.7801711125565));
#2728=CARTESIAN_POINT('Ctrl Pts',(-106.605917835176,-212.867759299538,-45.7425352893126));
#2729=CARTESIAN_POINT('Ctrl Pts',(-106.578039710733,-212.868209755093,-45.7058342683219));
#2730=CARTESIAN_POINT('Ctrl Pts',(-106.55016158629,-212.868660210649,-45.6691332473312));
#2731=CARTESIAN_POINT('Ctrl Pts',(-106.522192505269,-212.869088194151,-45.6333668105425));
#2732=CARTESIAN_POINT('Ctrl Pts',(-106.494185706834,-212.869467166386,-45.5985100968206));
#2733=CARTESIAN_POINT('Ctrl Pts',(-106.462953302531,-212.869889785706,-45.5596388571057));
#2734=CARTESIAN_POINT('Ctrl Pts',(-106.431674507406,-212.870257192956,-45.521900008559));
#2735=CARTESIAN_POINT('Ctrl Pts',(-106.400423909295,-212.870589417633,-45.4852661586129));
#2736=CARTESIAN_POINT('Ctrl Pts',(-106.373961905315,-212.870870734832,-45.4542457896706));
#2737=CARTESIAN_POINT('Ctrl Pts',(-106.34751994611,-212.871125855519,-45.4240174283319));
#2738=CARTESIAN_POINT('Ctrl Pts',(-106.321138496415,-212.871338732046,-45.3945588169498));
#2739=CARTESIAN_POINT('Ctrl Pts',(-106.286428720715,-212.871618811291,-45.355800454338));
#2740=CARTESIAN_POINT('Ctrl Pts',(-106.251824435923,-212.871832035123,-45.3183756546446));
#2741=CARTESIAN_POINT('Ctrl Pts',(-106.21741662465,-212.871993691976,-45.282239398537));
#2742=CARTESIAN_POINT('Ctrl Pts',(-106.19382718873,-212.872104521286,-45.2574649689442));
#2743=CARTESIAN_POINT('Ctrl Pts',(-106.170329862156,-212.872189998957,-45.2332959309734));
#2744=CARTESIAN_POINT('Ctrl Pts',(-106.146951070613,-212.872241506727,-45.2097152654329));
#2745=CARTESIAN_POINT('Ctrl Pts',(-106.10917206629,-212.872324740809,-45.1716100424259));
#2746=CARTESIAN_POINT('Ctrl Pts',(-106.071703585876,-212.872325427971,-45.1350422431355));
#2747=CARTESIAN_POINT('Ctrl Pts',(-106.03465380824,-212.872254786289,-45.0999449909262));
#2748=CARTESIAN_POINT('Ctrl Pts',(-106.013980303058,-212.872215368746,-45.0803609806647));
#2749=CARTESIAN_POINT('Ctrl Pts',(-105.993436914927,-212.872152812496,-45.061234655412));
#2750=CARTESIAN_POINT('Ctrl Pts',(-105.973040642039,-212.872062402305,-45.0425533132535));
#2751=CARTESIAN_POINT('Ctrl Pts',(-105.954606803783,-212.871980690963,-45.0256694030584));
#2752=CARTESIAN_POINT('Ctrl Pts',(-105.936293314278,-212.871878433743,-45.0091492570118));
#2753=CARTESIAN_POINT('Ctrl Pts',(-105.918112401865,-212.871755288188,-44.9929838537814));
#2754=CARTESIAN_POINT('Ctrl Pts',(-105.876931278635,-212.871476354319,-44.9563680092423));
#2755=CARTESIAN_POINT('Ctrl Pts',(-105.836428595121,-212.871097373904,-44.9215700502327));
#2756=CARTESIAN_POINT('Ctrl Pts',(-105.796729494586,-212.870647207703,-44.8884816493574));
#2757=CARTESIAN_POINT('Ctrl Pts',(-105.779666032726,-212.87045371733,-44.8742595975033));
#2758=CARTESIAN_POINT('Ctrl Pts',(-105.762750784053,-212.87024645128,-44.8603533034356));
#2759=CARTESIAN_POINT('Ctrl Pts',(-105.745992617743,-212.870025000241,-44.8467539092647));
#2760=CARTESIAN_POINT('Ctrl Pts',(-105.703494115386,-212.869463403148,-44.8122660139576));
#2761=CARTESIAN_POINT('Ctrl Pts',(-105.662007730768,-212.868816684674,-44.7797523605127));
#2762=CARTESIAN_POINT('Ctrl Pts',(-105.621668461807,-212.86811572626,-44.7490756425697));
#2763=CARTESIAN_POINT('Ctrl Pts',(-105.609619636007,-212.867906358911,-44.7399128976783));
#2764=CARTESIAN_POINT('Ctrl Pts',(-105.597672993395,-212.867691830671,-44.7309140221415));
#2765=CARTESIAN_POINT('Ctrl Pts',(-105.585831743827,-212.867472169095,-44.7220753460152));
#2766=CARTESIAN_POINT('Ctrl Pts',(-105.543063146179,-212.866678788502,-44.6901515375675));
#2767=CARTESIAN_POINT('Ctrl Pts',(-105.501671655598,-212.865823705939,-44.660317557852));
#2768=CARTESIAN_POINT('Ctrl Pts',(-105.461797129915,-212.864941995807,-44.6324094796666));
#2769=CARTESIAN_POINT('Ctrl Pts',(-105.452680837585,-212.864740415294,-44.6260290100616));
#2770=CARTESIAN_POINT('Ctrl Pts',(-105.443643726909,-212.864537256542,-44.6197492206878));
#2771=CARTESIAN_POINT('Ctrl Pts',(-105.434687280185,-212.864332616901,-44.6135681853778));
#2772=CARTESIAN_POINT('Ctrl Pts',(-105.392897449441,-212.863377790033,-44.584728130009));
#2773=CARTESIAN_POINT('Ctrl Pts',(-105.352866220416,-212.862395788036,-44.5580374445509));
#2774=CARTESIAN_POINT('Ctrl Pts',(-105.31473115364,-212.861425871823,-44.5333119062874));
#2775=CARTESIAN_POINT('Ctrl Pts',(-105.309419927239,-212.861290787633,-44.5298682796537));
#2776=CARTESIAN_POINT('Ctrl Pts',(-105.3041454354,-212.861155871286,-44.5264627875253));
#2777=CARTESIAN_POINT('Ctrl Pts',(-105.298908006142,-212.86102116575,-44.5230949487254));
#2778=CARTESIAN_POINT('Ctrl Pts',(-105.259241326926,-212.860000947435,-44.4975879729259));
#2779=CARTESIAN_POINT('Ctrl Pts',(-105.221693840395,-212.859008096726,-44.4742340385913));
#2780=CARTESIAN_POINT('Ctrl Pts',(-105.186394010257,-212.858088509129,-44.4528387070439));
#2781=CARTESIAN_POINT('Ctrl Pts',(-105.182186184794,-212.857978892055,-44.4502883315745));
#2782=CARTESIAN_POINT('Ctrl Pts',(-105.178010261434,-212.857870270916,-44.4477658061547));
#2783=CARTESIAN_POINT('Ctrl Pts',(-105.173866429631,-212.857762687686,-44.4452708180694));
#2784=CARTESIAN_POINT('Ctrl Pts',(-105.137650763574,-212.856822447222,-44.4234654795352));
#2785=CARTESIAN_POINT('Ctrl Pts',(-105.103888943613,-212.855965273804,-44.4037616521119));
#2786=CARTESIAN_POINT('Ctrl Pts',(-105.072693629907,-212.855241847796,-44.3859674075485));
#2787=CARTESIAN_POINT('Ctrl Pts',(-105.070170409328,-212.85518333377,-44.384528127133));
#2788=CARTESIAN_POINT('Ctrl Pts',(-105.067663963269,-212.855125676019,-44.3831013528351));
#2789=CARTESIAN_POINT('Ctrl Pts',(-105.065174342853,-212.85506889166,-44.3816869900847));
#2790=CARTESIAN_POINT('Ctrl Pts',(-105.033487251983,-212.854346158529,-44.3636854342238));
#2791=CARTESIAN_POINT('Ctrl Pts',(-105.004528342406,-212.853768129505,-44.3476920785023));
#2792=CARTESIAN_POINT('Ctrl Pts',(-104.978389799069,-212.853389450479,-44.3335309528675));
#2793=CARTESIAN_POINT('Ctrl Pts',(-104.976882296236,-212.853367610712,-44.3327142303463));
#2794=CARTESIAN_POINT('Ctrl Pts',(-104.975384166618,-212.853346425545,-44.3319036106035));
#2795=CARTESIAN_POINT('Ctrl Pts',(-104.973895425012,-212.853325902397,-44.3310990629767));
#2796=CARTESIAN_POINT('Ctrl Pts',(-104.951212427602,-212.853013204399,-44.3188406887516));
#2797=CARTESIAN_POINT('Ctrl Pts',(-104.930710181156,-212.852856385192,-44.3079904329432));
#2798=CARTESIAN_POINT('Ctrl Pts',(-104.912434176793,-212.852891921921,-44.298451431131));
#2799=CARTESIAN_POINT('Origin',(-99.5297364770716,-211.389300660309,-30.8159801497168));
#2800=CARTESIAN_POINT('Origin',(-118.887775167362,-209.772734441439,-53.4188234094392));
#2801=CARTESIAN_POINT('Origin',(-116.798983435619,-209.796928847301,-57.9811476519137));
#2802=CARTESIAN_POINT('Origin',(-87.0594848625747,-211.376433959427,-58.1014456551795));
#2803=CARTESIAN_POINT('Origin',(-105.118343746859,-212.853056252203,-49.8625084244291));
#2804=CARTESIAN_POINT('Origin',(-90.578818819718,-210.783350706456,-59.7071796222979));
#2805=CARTESIAN_POINT('Origin',(-103.044839038878,-210.885412725029,-32.4264100917151));
#2806=CARTESIAN_POINT('Origin',(-102.602575150299,-212.683728740938,-48.723336022965));
#2807=CARTESIAN_POINT('Origin',(-87.8375883910547,-212.85344313273,-41.964690340576));
#2808=CARTESIAN_POINT('Origin',(-96.9327221185711,-212.853217244237,-46.1214370803616));
#2809=CARTESIAN_POINT('Origin',(-95.1136952384683,-212.853262501015,-45.2900881667042));
#2810=CARTESIAN_POINT('Origin',(-93.2946692846746,-212.85330767339,-44.4587379575635));
#2811=CARTESIAN_POINT('Origin',(-91.4756414663098,-212.853352982653,-43.6273896412321));
#2812=CARTESIAN_POINT('Origin',(-89.6566150484303,-212.853397770909,-42.7960395349037));
#2813=CARTESIAN_POINT('Origin',(-89.0202503427923,-207.303678083751,-50.2024531798992));
#2814=CARTESIAN_POINT('Origin',(-96.3238866515174,-203.928327549108,-53.546362568409));
#2815=CARTESIAN_POINT('Origin',(-96.8023139479745,-205.428332140545,-60.8025962105528));
#2816=CARTESIAN_POINT('Origin',(-116.379867167969,-205.43674708323,-47.6047152849013));
#2817=CARTESIAN_POINT('Origin',(-110.264517097439,-203.642206430843,-52.2242583570433));
#2818=CARTESIAN_POINT('Origin',(-110.77003744861,-205.43555678859,-59.8817272515191));
#2819=CARTESIAN_POINT('Origin',(-107.94863307003,-205.42796935244,-36.4298334991373));
#2820=CARTESIAN_POINT('Origin',(-94.8396071528074,-203.928320655259,-37.4692682014106));
#2821=CARTESIAN_POINT('Origin',(-102.140551719828,-203.928138191899,-40.8118966543872));
#2822=CARTESIAN_POINT('',(-3.74297331701221,8.83852783203167,1.88822716075638));
#2823=UNCERTAINTY_MEASURE_WITH_UNIT(LENGTH_MEASURE(0.01),#2829,
'DISTANCE_ACCURACY_VALUE',
'Maximum model space distance between geometric entities at asserted c
onnectivities');
#2824=UNCERTAINTY_MEASURE_WITH_UNIT(LENGTH_MEASURE(0.01),#2829,
'DISTANCE_ACCURACY_VALUE',
'Maximum model space distance between geometric entities at asserted c
onnectivities');
#2825=UNCERTAINTY_MEASURE_WITH_UNIT(LENGTH_MEASURE(0.01),#2829,
'DISTANCE_ACCURACY_VALUE',
'Maximum model space distance between geometric entities at asserted c
onnectivities');
#2826=(
GEOMETRIC_REPRESENTATION_CONTEXT(3)
GLOBAL_UNCERTAINTY_ASSIGNED_CONTEXT((#2823))
GLOBAL_UNIT_ASSIGNED_CONTEXT((#2829,#2831,#2832))
REPRESENTATION_CONTEXT('','3D')
);
#2827=(
GEOMETRIC_REPRESENTATION_CONTEXT(3)
GLOBAL_UNCERTAINTY_ASSIGNED_CONTEXT((#2824))
GLOBAL_UNIT_ASSIGNED_CONTEXT((#2829,#2831,#2832))
REPRESENTATION_CONTEXT('','3D')
);
#2828=(
GEOMETRIC_REPRESENTATION_CONTEXT(3)
GLOBAL_UNCERTAINTY_ASSIGNED_CONTEXT((#2825))
GLOBAL_UNIT_ASSIGNED_CONTEXT((#2829,#2831,#2832))
REPRESENTATION_CONTEXT('','3D')
);
#2829=(
LENGTH_UNIT()
NAMED_UNIT(*)
SI_UNIT(.MILLI.,.METRE.)
);
#2830=(
LENGTH_UNIT()
NAMED_UNIT(*)
SI_UNIT($,.METRE.)
);
#2831=(
NAMED_UNIT(*)
PLANE_ANGLE_UNIT()
SI_UNIT($,.RADIAN.)
);
#2832=(
NAMED_UNIT(*)
SI_UNIT($,.STERADIAN.)
SOLID_ANGLE_UNIT()
);
#2833=SHAPE_DEFINITION_REPRESENTATION(#2835,#2838);
#2834=SHAPE_DEFINITION_REPRESENTATION(#2836,#2839);
#2835=PRODUCT_DEFINITION_SHAPE('',$,#2841);
#2836=PRODUCT_DEFINITION_SHAPE('',$,#2842);
#2837=PRODUCT_DEFINITION_SHAPE($,$,#14);
#2838=SHAPE_REPRESENTATION('',(#1299,#1436),#2826);
#2839=SHAPE_REPRESENTATION('',(#1300),#2827);
#2840=PRODUCT_DEFINITION_CONTEXT('part definition',#2848,'design');
#2841=PRODUCT_DEFINITION('Leg (right)','Leg (right) v74',#2843,#2840);
#2842=PRODUCT_DEFINITION('Thigh','Thigh',#2844,#2840);
#2843=PRODUCT_DEFINITION_FORMATION('',$,#2850);
#2844=PRODUCT_DEFINITION_FORMATION('',$,#2851);
#2845=PRODUCT_RELATED_PRODUCT_CATEGORY('Leg (right) v74',
'Leg (right) v74',(#2850));
#2846=PRODUCT_RELATED_PRODUCT_CATEGORY('Thigh','Thigh',(#2851));
#2847=APPLICATION_PROTOCOL_DEFINITION('international standard',
'automotive_design',2009,#2848);
#2848=APPLICATION_CONTEXT(
'Core Data for Automotive Mechanical Design Process');
#2849=PRODUCT_CONTEXT('part definition',#2848,'mechanical');
#2850=PRODUCT('Leg (right)','Leg (right) v74',$,(#2849));
#2851=PRODUCT('Thigh','Thigh',$,(#2849));
#2852=PRESENTATION_STYLE_ASSIGNMENT((#2859));
#2853=PRESENTATION_STYLE_ASSIGNMENT((#2860));
#2854=PRESENTATION_STYLE_ASSIGNMENT((#2861));
#2855=PRESENTATION_STYLE_ASSIGNMENT((#2862));
#2856=PRESENTATION_STYLE_ASSIGNMENT((#2863));
#2857=PRESENTATION_STYLE_ASSIGNMENT((#2864));
#2858=PRESENTATION_STYLE_ASSIGNMENT((#2865));
#2859=SURFACE_STYLE_USAGE(.BOTH.,#2866);
#2860=SURFACE_STYLE_USAGE(.BOTH.,#2867);
#2861=SURFACE_STYLE_USAGE(.BOTH.,#2868);
#2862=SURFACE_STYLE_USAGE(.BOTH.,#2869);
#2863=SURFACE_STYLE_USAGE(.BOTH.,#2870);
#2864=SURFACE_STYLE_USAGE(.BOTH.,#2871);
#2865=SURFACE_STYLE_USAGE(.BOTH.,#2872);
#2866=SURFACE_SIDE_STYLE('',(#2873));
#2867=SURFACE_SIDE_STYLE('',(#2874));
#2868=SURFACE_SIDE_STYLE('',(#2875));
#2869=SURFACE_SIDE_STYLE('',(#2876));
#2870=SURFACE_SIDE_STYLE('',(#2877));
#2871=SURFACE_SIDE_STYLE('',(#2878));
#2872=SURFACE_SIDE_STYLE('',(#2879));
#2873=SURFACE_STYLE_FILL_AREA(#2880);
#2874=SURFACE_STYLE_FILL_AREA(#2881);
#2875=SURFACE_STYLE_FILL_AREA(#2882);
#2876=SURFACE_STYLE_FILL_AREA(#2883);
#2877=SURFACE_STYLE_FILL_AREA(#2884);
#2878=SURFACE_STYLE_FILL_AREA(#2885);
#2879=SURFACE_STYLE_FILL_AREA(#2886);
#2880=FILL_AREA_STYLE('Steel - Satin',(#2887));
#2881=FILL_AREA_STYLE('Plate',(#2888));
#2882=FILL_AREA_STYLE('ABS (White)',(#2889));
#2883=FILL_AREA_STYLE('Aluminum - Satin',(#2890));
#2884=FILL_AREA_STYLE('ABS (White) (1)',(#2891));
#2885=FILL_AREA_STYLE('Aluminum - Anodized Glossy (Grey)',(#2892));
#2886=FILL_AREA_STYLE('Opaque(250,182,1)',(#2893));
#2887=FILL_AREA_STYLE_COLOUR('Steel - Satin',#2894);
#2888=FILL_AREA_STYLE_COLOUR('Plate',#2895);
#2889=FILL_AREA_STYLE_COLOUR('ABS (White)',#2896);
#2890=FILL_AREA_STYLE_COLOUR('Aluminum - Satin',#2897);
#2891=FILL_AREA_STYLE_COLOUR('ABS (White) (1)',#2898);
#2892=FILL_AREA_STYLE_COLOUR('Aluminum - Anodized Glossy (Grey)',#2899);
#2893=FILL_AREA_STYLE_COLOUR('Opaque(250,182,1)',#2900);
#2894=COLOUR_RGB('Steel - Satin',0.627450980392157,0.627450980392157,0.627450980392157);
#2895=COLOUR_RGB('Plate',0.6,0.6,0.6);
#2896=COLOUR_RGB('ABS (White)',0.964705882352941,0.964705882352941,0.952941176470588);
#2897=COLOUR_RGB('Aluminum - Satin',0.96078431372549,0.96078431372549,0.964705882352941);
#2898=COLOUR_RGB('ABS (White) (1)',0.905882352941176,0.262745098039216,
0.184313725490196);
#2899=COLOUR_RGB('Aluminum - Anodized Glossy (Grey)',0.537254901960784,
0.537254901960784,0.537254901960784);
#2900=COLOUR_RGB('Opaque(250,182,1)',0.980392156862745,0.713725490196078,
0.00392156862745098);
ENDSEC;
END-ISO-10303-21;
