ISO-10303-21;
HEADER;
/* Generated by software containing ST-Developer
 * from STEP Tools, Inc. (www.steptools.com) 
 */

FILE_DESCRIPTION(
/* description */ (''),
/* implementation_level */ '2;1');

FILE_NAME(
/* name */ 'UpperBracket.step',
/* time_stamp */ '2026-08-13T12:51:13-04:00',
/* author */ (''),
/* organization */ (''),
/* preprocessor_version */ 'ST-DEVELOPER v20.1',
/* originating_system */ 'Autodesk Translation Framework v15.8.0.0',
/* authorisation */ '');

FILE_SCHEMA (('AUTOMOTIVE_DESIGN { 1 0 10303 214 3 1 1 }'));
ENDSEC;

DATA;
#10=MECHANICAL_DESIGN_GEOMETRIC_PRESENTATION_REPRESENTATION('',(#17),#7468);
#11=ITEM_DEFINED_TRANSFORMATION($,$,#1849,#2020);
#12=(
REPRESENTATION_RELATIONSHIP($,$,#7479,#7478)
REPRESENTATION_RELATIONSHIP_WITH_TRANSFORMATION(#11)
SHAPE_REPRESENTATION_RELATIONSHIP()
);
#13=CONTEXT_DEPENDENT_SHAPE_REPRESENTATION(#12,#7477);
#14=NEXT_ASSEMBLY_USAGE_OCCURRENCE('Thigh:1','Thigh:1','Thigh:1',#7481,
#7482,'Thigh:1');
#15=SHAPE_REPRESENTATION_RELATIONSHIP('SRR','None',#7479,#16);
#16=ADVANCED_BREP_SHAPE_REPRESENTATION('',(#18),#7467);
#17=STYLED_ITEM('',(#7495),#18);
#18=MANIFOLD_SOLID_BREP('UpperBracket',#1835);
#19=B_SPLINE_SURFACE_WITH_KNOTS('',3,3,((#4337,#4338,#4339,#4340,#4341,
#4342,#4343,#4344,#4345,#4346,#4347,#4348,#4349,#4350,#4351,#4352,#4353,
#4354,#4355,#4356,#4357,#4358,#4359,#4360,#4361,#4362,#4363,#4364,#4365,
#4366,#4367,#4368,#4369,#4370,#4371,#4372,#4373,#4374,#4375,#4376,#4377,
#4378,#4379,#4380,#4381,#4382,#4383,#4384,#4385),(#4386,#4387,#4388,#4389,
#4390,#4391,#4392,#4393,#4394,#4395,#4396,#4397,#4398,#4399,#4400,#4401,
#4402,#4403,#4404,#4405,#4406,#4407,#4408,#4409,#4410,#4411,#4412,#4413,
#4414,#4415,#4416,#4417,#4418,#4419,#4420,#4421,#4422,#4423,#4424,#4425,
#4426,#4427,#4428,#4429,#4430,#4431,#4432,#4433,#4434),(#4435,#4436,#4437,
#4438,#4439,#4440,#4441,#4442,#4443,#4444,#4445,#4446,#4447,#4448,#4449,
#4450,#4451,#4452,#4453,#4454,#4455,#4456,#4457,#4458,#4459,#4460,#4461,
#4462,#4463,#4464,#4465,#4466,#4467,#4468,#4469,#4470,#4471,#4472,#4473,
#4474,#4475,#4476,#4477,#4478,#4479,#4480,#4481,#4482,#4483),(#4484,#4485,
#4486,#4487,#4488,#4489,#4490,#4491,#4492,#4493,#4494,#4495,#4496,#4497,
#4498,#4499,#4500,#4501,#4502,#4503,#4504,#4505,#4506,#4507,#4508,#4509,
#4510,#4511,#4512,#4513,#4514,#4515,#4516,#4517,#4518,#4519,#4520,#4521,
#4522,#4523,#4524,#4525,#4526,#4527,#4528,#4529,#4530,#4531,#4532)),
 .UNSPECIFIED.,.F.,.T.,.F.,(4,4),(4,3,3,3,3,3,3,3,3,3,3,3,3,3,3,3,4),(-0.470711781673019,
-0.12937282988368),(6.28318530717959,6.67588438887831,7.06858347057703,
7.46128255227576,7.85398163397448,8.24668071567321,8.63937979737193,9.03207887907065,
9.42477796076938,9.8174770424681,10.2101761241668,10.6028752058656,10.9955742875643,
11.388273369263,11.7809724509617,12.1736715326604,12.5663706143592),
 .UNSPECIFIED.);
#20=B_SPLINE_SURFACE_WITH_KNOTS('',3,3,((#4576,#4577,#4578,#4579,#4580,
#4581,#4582,#4583,#4584,#4585,#4586,#4587,#4588,#4589,#4590,#4591,#4592,
#4593,#4594,#4595,#4596,#4597,#4598,#4599,#4600,#4601,#4602,#4603,#4604,
#4605,#4606,#4607,#4608,#4609,#4610,#4611,#4612,#4613,#4614,#4615,#4616,
#4617,#4618,#4619,#4620,#4621,#4622,#4623,#4624),(#4625,#4626,#4627,#4628,
#4629,#4630,#4631,#4632,#4633,#4634,#4635,#4636,#4637,#4638,#4639,#4640,
#4641,#4642,#4643,#4644,#4645,#4646,#4647,#4648,#4649,#4650,#4651,#4652,
#4653,#4654,#4655,#4656,#4657,#4658,#4659,#4660,#4661,#4662,#4663,#4664,
#4665,#4666,#4667,#4668,#4669,#4670,#4671,#4672,#4673),(#4674,#4675,#4676,
#4677,#4678,#4679,#4680,#4681,#4682,#4683,#4684,#4685,#4686,#4687,#4688,
#4689,#4690,#4691,#4692,#4693,#4694,#4695,#4696,#4697,#4698,#4699,#4700,
#4701,#4702,#4703,#4704,#4705,#4706,#4707,#4708,#4709,#4710,#4711,#4712,
#4713,#4714,#4715,#4716,#4717,#4718,#4719,#4720,#4721,#4722),(#4723,#4724,
#4725,#4726,#4727,#4728,#4729,#4730,#4731,#4732,#4733,#4734,#4735,#4736,
#4737,#4738,#4739,#4740,#4741,#4742,#4743,#4744,#4745,#4746,#4747,#4748,
#4749,#4750,#4751,#4752,#4753,#4754,#4755,#4756,#4757,#4758,#4759,#4760,
#4761,#4762,#4763,#4764,#4765,#4766,#4767,#4768,#4769,#4770,#4771)),
 .UNSPECIFIED.,.F.,.T.,.F.,(4,4),(4,3,3,3,3,3,3,3,3,3,3,3,3,3,3,3,4),(1.12932706538106,
1.4706894212017),(6.28318530717959,6.67588438887831,7.06858347057703,7.46128255227576,
7.85398163397448,8.24668071567321,8.63937979737193,9.03207887907065,9.42477796076938,
9.8174770424681,10.2101761241668,10.6028752058656,10.9955742875643,11.388273369263,
11.7809724509617,12.1736715326604,12.5663706143592),.UNSPECIFIED.);
#21=B_SPLINE_SURFACE_WITH_KNOTS('',3,3,((#4935,#4936,#4937,#4938,#4939,
#4940,#4941,#4942,#4943,#4944,#4945,#4946,#4947,#4948,#4949,#4950,#4951,
#4952,#4953,#4954,#4955,#4956,#4957,#4958,#4959,#4960,#4961,#4962,#4963,
#4964,#4965,#4966,#4967,#4968,#4969,#4970,#4971,#4972,#4973,#4974,#4975,
#4976,#4977,#4978,#4979,#4980,#4981,#4982,#4983),(#4984,#4985,#4986,#4987,
#4988,#4989,#4990,#4991,#4992,#4993,#4994,#4995,#4996,#4997,#4998,#4999,
#5000,#5001,#5002,#5003,#5004,#5005,#5006,#5007,#5008,#5009,#5010,#5011,
#5012,#5013,#5014,#5015,#5016,#5017,#5018,#5019,#5020,#5021,#5022,#5023,
#5024,#5025,#5026,#5027,#5028,#5029,#5030,#5031,#5032),(#5033,#5034,#5035,
#5036,#5037,#5038,#5039,#5040,#5041,#5042,#5043,#5044,#5045,#5046,#5047,
#5048,#5049,#5050,#5051,#5052,#5053,#5054,#5055,#5056,#5057,#5058,#5059,
#5060,#5061,#5062,#5063,#5064,#5065,#5066,#5067,#5068,#5069,#5070,#5071,
#5072,#5073,#5074,#5075,#5076,#5077,#5078,#5079,#5080,#5081),(#5082,#5083,
#5084,#5085,#5086,#5087,#5088,#5089,#5090,#5091,#5092,#5093,#5094,#5095,
#5096,#5097,#5098,#5099,#5100,#5101,#5102,#5103,#5104,#5105,#5106,#5107,
#5108,#5109,#5110,#5111,#5112,#5113,#5114,#5115,#5116,#5117,#5118,#5119,
#5120,#5121,#5122,#5123,#5124,#5125,#5126,#5127,#5128,#5129,#5130)),
 .UNSPECIFIED.,.F.,.T.,.F.,(4,4),(4,3,3,3,3,3,3,3,3,3,3,3,3,3,3,3,4),(-0.470711781672976,
-0.12937282988338),(8.88178419700125E-16,0.392699081698725,0.785398163397449,
1.17809724509617,1.5707963267949,1.96349540849362,2.35619449019235,2.74889357189107,
3.14159265358979,3.53429173528852,3.92699081698724,4.31968989868597,4.71238898038469,
5.10508806208341,5.49778714378214,5.89048622548086,6.28318530717959),
 .UNSPECIFIED.);
#22=B_SPLINE_SURFACE_WITH_KNOTS('',3,3,((#5174,#5175,#5176,#5177,#5178,
#5179,#5180,#5181,#5182,#5183,#5184,#5185,#5186,#5187,#5188,#5189,#5190,
#5191,#5192,#5193,#5194,#5195,#5196,#5197,#5198,#5199,#5200,#5201,#5202,
#5203,#5204,#5205,#5206,#5207,#5208,#5209,#5210,#5211,#5212,#5213,#5214,
#5215,#5216,#5217,#5218,#5219,#5220,#5221,#5222),(#5223,#5224,#5225,#5226,
#5227,#5228,#5229,#5230,#5231,#5232,#5233,#5234,#5235,#5236,#5237,#5238,
#5239,#5240,#5241,#5242,#5243,#5244,#5245,#5246,#5247,#5248,#5249,#5250,
#5251,#5252,#5253,#5254,#5255,#5256,#5257,#5258,#5259,#5260,#5261,#5262,
#5263,#5264,#5265,#5266,#5267,#5268,#5269,#5270,#5271),(#5272,#5273,#5274,
#5275,#5276,#5277,#5278,#5279,#5280,#5281,#5282,#5283,#5284,#5285,#5286,
#5287,#5288,#5289,#5290,#5291,#5292,#5293,#5294,#5295,#5296,#5297,#5298,
#5299,#5300,#5301,#5302,#5303,#5304,#5305,#5306,#5307,#5308,#5309,#5310,
#5311,#5312,#5313,#5314,#5315,#5316,#5317,#5318,#5319,#5320),(#5321,#5322,
#5323,#5324,#5325,#5326,#5327,#5328,#5329,#5330,#5331,#5332,#5333,#5334,
#5335,#5336,#5337,#5338,#5339,#5340,#5341,#5342,#5343,#5344,#5345,#5346,
#5347,#5348,#5349,#5350,#5351,#5352,#5353,#5354,#5355,#5356,#5357,#5358,
#5359,#5360,#5361,#5362,#5363,#5364,#5365,#5366,#5367,#5368,#5369)),
 .UNSPECIFIED.,.F.,.T.,.F.,(4,4),(4,3,3,3,3,3,3,3,3,3,3,3,3,3,3,3,4),(-0.484631692371231,
-0.129328241459951),(-1.77635683940025E-15,0.392699081698722,0.785398163397447,
1.17809724509617,1.57079632679489,1.96349540849362,2.35619449019234,2.74889357189107,
3.14159265358979,3.53429173528852,3.92699081698724,4.31968989868596,4.71238898038469,
5.10508806208341,5.49778714378214,5.89048622548086,6.28318530717958),
 .UNSPECIFIED.);
#23=B_SPLINE_SURFACE_WITH_KNOTS('',3,3,((#5413,#5414,#5415,#5416,#5417,
#5418,#5419,#5420,#5421,#5422,#5423,#5424,#5425,#5426,#5427,#5428,#5429,
#5430,#5431,#5432,#5433,#5434,#5435,#5436,#5437,#5438,#5439,#5440,#5441,
#5442,#5443,#5444,#5445,#5446,#5447,#5448,#5449,#5450,#5451,#5452,#5453,
#5454,#5455,#5456,#5457,#5458,#5459,#5460,#5461),(#5462,#5463,#5464,#5465,
#5466,#5467,#5468,#5469,#5470,#5471,#5472,#5473,#5474,#5475,#5476,#5477,
#5478,#5479,#5480,#5481,#5482,#5483,#5484,#5485,#5486,#5487,#5488,#5489,
#5490,#5491,#5492,#5493,#5494,#5495,#5496,#5497,#5498,#5499,#5500,#5501,
#5502,#5503,#5504,#5505,#5506,#5507,#5508,#5509,#5510),(#5511,#5512,#5513,
#5514,#5515,#5516,#5517,#5518,#5519,#5520,#5521,#5522,#5523,#5524,#5525,
#5526,#5527,#5528,#5529,#5530,#5531,#5532,#5533,#5534,#5535,#5536,#5537,
#5538,#5539,#5540,#5541,#5542,#5543,#5544,#5545,#5546,#5547,#5548,#5549,
#5550,#5551,#5552,#5553,#5554,#5555,#5556,#5557,#5558,#5559),(#5560,#5561,
#5562,#5563,#5564,#5565,#5566,#5567,#5568,#5569,#5570,#5571,#5572,#5573,
#5574,#5575,#5576,#5577,#5578,#5579,#5580,#5581,#5582,#5583,#5584,#5585,
#5586,#5587,#5588,#5589,#5590,#5591,#5592,#5593,#5594,#5595,#5596,#5597,
#5598,#5599,#5600,#5601,#5602,#5603,#5604,#5605,#5606,#5607,#5608)),
 .UNSPECIFIED.,.F.,.T.,.F.,(4,4),(4,3,3,3,3,3,3,3,3,3,3,3,3,3,3,3,4),(-0.470712227286315,
-0.12937375986994),(8.88178419700125E-16,0.392699081698725,0.785398163397449,
1.17809724509617,1.5707963267949,1.96349540849362,2.35619449019235,2.74889357189107,
3.14159265358979,3.53429173528852,3.92699081698724,4.31968989868597,4.71238898038469,
5.10508806208341,5.49778714378214,5.89048622548086,6.28318530717959),
 .UNSPECIFIED.);
#24=B_SPLINE_SURFACE_WITH_KNOTS('',3,3,((#5647,#5648,#5649,#5650,#5651,
#5652,#5653,#5654,#5655,#5656,#5657,#5658,#5659,#5660,#5661,#5662,#5663,
#5664,#5665,#5666,#5667,#5668,#5669,#5670,#5671,#5672,#5673,#5674,#5675,
#5676,#5677,#5678,#5679,#5680,#5681,#5682,#5683,#5684,#5685,#5686,#5687,
#5688,#5689,#5690,#5691,#5692,#5693,#5694,#5695),(#5696,#5697,#5698,#5699,
#5700,#5701,#5702,#5703,#5704,#5705,#5706,#5707,#5708,#5709,#5710,#5711,
#5712,#5713,#5714,#5715,#5716,#5717,#5718,#5719,#5720,#5721,#5722,#5723,
#5724,#5725,#5726,#5727,#5728,#5729,#5730,#5731,#5732,#5733,#5734,#5735,
#5736,#5737,#5738,#5739,#5740,#5741,#5742,#5743,#5744),(#5745,#5746,#5747,
#5748,#5749,#5750,#5751,#5752,#5753,#5754,#5755,#5756,#5757,#5758,#5759,
#5760,#5761,#5762,#5763,#5764,#5765,#5766,#5767,#5768,#5769,#5770,#5771,
#5772,#5773,#5774,#5775,#5776,#5777,#5778,#5779,#5780,#5781,#5782,#5783,
#5784,#5785,#5786,#5787,#5788,#5789,#5790,#5791,#5792,#5793),(#5794,#5795,
#5796,#5797,#5798,#5799,#5800,#5801,#5802,#5803,#5804,#5805,#5806,#5807,
#5808,#5809,#5810,#5811,#5812,#5813,#5814,#5815,#5816,#5817,#5818,#5819,
#5820,#5821,#5822,#5823,#5824,#5825,#5826,#5827,#5828,#5829,#5830,#5831,
#5832,#5833,#5834,#5835,#5836,#5837,#5838,#5839,#5840,#5841,#5842)),
 .UNSPECIFIED.,.F.,.T.,.F.,(4,4),(4,3,3,3,3,3,3,3,3,3,3,3,3,3,3,3,4),(-0.470712227286013,
-0.129373759869486),(0.,0.392699081698724,0.785398163397448,1.17809724509617,
1.5707963267949,1.96349540849362,2.35619449019234,2.74889357189107,3.14159265358979,
3.53429173528852,3.92699081698724,4.31968989868597,4.71238898038469,5.10508806208341,
5.49778714378214,5.89048622548086,6.28318530717959),.UNSPECIFIED.);
#25=B_SPLINE_SURFACE_WITH_KNOTS('',3,3,((#6236,#6237,#6238,#6239,#6240,
#6241,#6242,#6243,#6244,#6245,#6246,#6247,#6248,#6249,#6250,#6251,#6252,
#6253,#6254,#6255,#6256,#6257,#6258,#6259,#6260,#6261,#6262,#6263,#6264,
#6265,#6266,#6267,#6268,#6269,#6270,#6271,#6272,#6273,#6274,#6275,#6276,
#6277,#6278,#6279,#6280,#6281,#6282,#6283,#6284),(#6285,#6286,#6287,#6288,
#6289,#6290,#6291,#6292,#6293,#6294,#6295,#6296,#6297,#6298,#6299,#6300,
#6301,#6302,#6303,#6304,#6305,#6306,#6307,#6308,#6309,#6310,#6311,#6312,
#6313,#6314,#6315,#6316,#6317,#6318,#6319,#6320,#6321,#6322,#6323,#6324,
#6325,#6326,#6327,#6328,#6329,#6330,#6331,#6332,#6333),(#6334,#6335,#6336,
#6337,#6338,#6339,#6340,#6341,#6342,#6343,#6344,#6345,#6346,#6347,#6348,
#6349,#6350,#6351,#6352,#6353,#6354,#6355,#6356,#6357,#6358,#6359,#6360,
#6361,#6362,#6363,#6364,#6365,#6366,#6367,#6368,#6369,#6370,#6371,#6372,
#6373,#6374,#6375,#6376,#6377,#6378,#6379,#6380,#6381,#6382),(#6383,#6384,
#6385,#6386,#6387,#6388,#6389,#6390,#6391,#6392,#6393,#6394,#6395,#6396,
#6397,#6398,#6399,#6400,#6401,#6402,#6403,#6404,#6405,#6406,#6407,#6408,
#6409,#6410,#6411,#6412,#6413,#6414,#6415,#6416,#6417,#6418,#6419,#6420,
#6421,#6422,#6423,#6424,#6425,#6426,#6427,#6428,#6429,#6430,#6431)),
 .UNSPECIFIED.,.F.,.T.,.F.,(4,4),(4,3,3,3,3,3,3,3,3,3,3,3,3,3,3,3,4),(-0.470712227286013,
-0.129373759869486),(0.,0.392699081698724,0.785398163397448,1.17809724509617,
1.5707963267949,1.96349540849362,2.35619449019234,2.74889357189107,3.14159265358979,
3.53429173528852,3.92699081698724,4.31968989868597,4.71238898038469,5.10508806208341,
5.49778714378214,5.89048622548086,6.28318530717959),.UNSPECIFIED.);
#26=B_SPLINE_SURFACE_WITH_KNOTS('',3,3,((#6432,#6433,#6434,#6435,#6436,
#6437,#6438,#6439,#6440,#6441,#6442,#6443,#6444,#6445,#6446,#6447,#6448,
#6449,#6450,#6451,#6452,#6453,#6454,#6455,#6456,#6457,#6458,#6459,#6460,
#6461,#6462,#6463,#6464,#6465,#6466,#6467,#6468,#6469,#6470,#6471,#6472,
#6473,#6474,#6475,#6476,#6477,#6478,#6479,#6480),(#6481,#6482,#6483,#6484,
#6485,#6486,#6487,#6488,#6489,#6490,#6491,#6492,#6493,#6494,#6495,#6496,
#6497,#6498,#6499,#6500,#6501,#6502,#6503,#6504,#6505,#6506,#6507,#6508,
#6509,#6510,#6511,#6512,#6513,#6514,#6515,#6516,#6517,#6518,#6519,#6520,
#6521,#6522,#6523,#6524,#6525,#6526,#6527,#6528,#6529),(#6530,#6531,#6532,
#6533,#6534,#6535,#6536,#6537,#6538,#6539,#6540,#6541,#6542,#6543,#6544,
#6545,#6546,#6547,#6548,#6549,#6550,#6551,#6552,#6553,#6554,#6555,#6556,
#6557,#6558,#6559,#6560,#6561,#6562,#6563,#6564,#6565,#6566,#6567,#6568,
#6569,#6570,#6571,#6572,#6573,#6574,#6575,#6576,#6577,#6578),(#6579,#6580,
#6581,#6582,#6583,#6584,#6585,#6586,#6587,#6588,#6589,#6590,#6591,#6592,
#6593,#6594,#6595,#6596,#6597,#6598,#6599,#6600,#6601,#6602,#6603,#6604,
#6605,#6606,#6607,#6608,#6609,#6610,#6611,#6612,#6613,#6614,#6615,#6616,
#6617,#6618,#6619,#6620,#6621,#6622,#6623,#6624,#6625,#6626,#6627)),
 .UNSPECIFIED.,.F.,.T.,.F.,(4,4),(4,3,3,3,3,3,3,3,3,3,3,3,3,3,3,3,4),(-0.470712227286315,
-0.12937375986994),(8.88178419700125E-16,0.392699081698725,0.785398163397449,
1.17809724509617,1.5707963267949,1.96349540849362,2.35619449019235,2.74889357189107,
3.14159265358979,3.53429173528852,3.92699081698724,4.31968989868597,4.71238898038469,
5.10508806208341,5.49778714378214,5.89048622548086,6.28318530717959),
 .UNSPECIFIED.);
#27=B_SPLINE_SURFACE_WITH_KNOTS('',3,3,((#6628,#6629,#6630,#6631,#6632,
#6633,#6634,#6635,#6636,#6637,#6638,#6639,#6640,#6641,#6642,#6643,#6644,
#6645,#6646,#6647,#6648,#6649,#6650,#6651,#6652,#6653,#6654,#6655,#6656,
#6657,#6658,#6659,#6660,#6661,#6662,#6663,#6664,#6665,#6666,#6667,#6668,
#6669,#6670,#6671,#6672,#6673,#6674,#6675,#6676),(#6677,#6678,#6679,#6680,
#6681,#6682,#6683,#6684,#6685,#6686,#6687,#6688,#6689,#6690,#6691,#6692,
#6693,#6694,#6695,#6696,#6697,#6698,#6699,#6700,#6701,#6702,#6703,#6704,
#6705,#6706,#6707,#6708,#6709,#6710,#6711,#6712,#6713,#6714,#6715,#6716,
#6717,#6718,#6719,#6720,#6721,#6722,#6723,#6724,#6725),(#6726,#6727,#6728,
#6729,#6730,#6731,#6732,#6733,#6734,#6735,#6736,#6737,#6738,#6739,#6740,
#6741,#6742,#6743,#6744,#6745,#6746,#6747,#6748,#6749,#6750,#6751,#6752,
#6753,#6754,#6755,#6756,#6757,#6758,#6759,#6760,#6761,#6762,#6763,#6764,
#6765,#6766,#6767,#6768,#6769,#6770,#6771,#6772,#6773,#6774),(#6775,#6776,
#6777,#6778,#6779,#6780,#6781,#6782,#6783,#6784,#6785,#6786,#6787,#6788,
#6789,#6790,#6791,#6792,#6793,#6794,#6795,#6796,#6797,#6798,#6799,#6800,
#6801,#6802,#6803,#6804,#6805,#6806,#6807,#6808,#6809,#6810,#6811,#6812,
#6813,#6814,#6815,#6816,#6817,#6818,#6819,#6820,#6821,#6822,#6823)),
 .UNSPECIFIED.,.F.,.T.,.F.,(4,4),(4,3,3,3,3,3,3,3,3,3,3,3,3,3,3,3,4),(-0.484631692371231,
-0.129328241459951),(-1.77635683940025E-15,0.392699081698722,0.785398163397447,
1.17809724509617,1.57079632679489,1.96349540849362,2.35619449019234,2.74889357189107,
3.14159265358979,3.53429173528852,3.92699081698724,4.31968989868596,4.71238898038469,
5.10508806208341,5.49778714378214,5.89048622548086,6.28318530717958),
 .UNSPECIFIED.);
#28=B_SPLINE_SURFACE_WITH_KNOTS('',3,3,((#6824,#6825,#6826,#6827,#6828,
#6829,#6830,#6831,#6832,#6833,#6834,#6835,#6836,#6837,#6838,#6839,#6840,
#6841,#6842,#6843,#6844,#6845,#6846,#6847,#6848,#6849,#6850,#6851,#6852,
#6853,#6854,#6855,#6856,#6857,#6858,#6859,#6860,#6861,#6862,#6863,#6864,
#6865,#6866,#6867,#6868,#6869,#6870,#6871,#6872),(#6873,#6874,#6875,#6876,
#6877,#6878,#6879,#6880,#6881,#6882,#6883,#6884,#6885,#6886,#6887,#6888,
#6889,#6890,#6891,#6892,#6893,#6894,#6895,#6896,#6897,#6898,#6899,#6900,
#6901,#6902,#6903,#6904,#6905,#6906,#6907,#6908,#6909,#6910,#6911,#6912,
#6913,#6914,#6915,#6916,#6917,#6918,#6919,#6920,#6921),(#6922,#6923,#6924,
#6925,#6926,#6927,#6928,#6929,#6930,#6931,#6932,#6933,#6934,#6935,#6936,
#6937,#6938,#6939,#6940,#6941,#6942,#6943,#6944,#6945,#6946,#6947,#6948,
#6949,#6950,#6951,#6952,#6953,#6954,#6955,#6956,#6957,#6958,#6959,#6960,
#6961,#6962,#6963,#6964,#6965,#6966,#6967,#6968,#6969,#6970),(#6971,#6972,
#6973,#6974,#6975,#6976,#6977,#6978,#6979,#6980,#6981,#6982,#6983,#6984,
#6985,#6986,#6987,#6988,#6989,#6990,#6991,#6992,#6993,#6994,#6995,#6996,
#6997,#6998,#6999,#7000,#7001,#7002,#7003,#7004,#7005,#7006,#7007,#7008,
#7009,#7010,#7011,#7012,#7013,#7014,#7015,#7016,#7017,#7018,#7019)),
 .UNSPECIFIED.,.F.,.T.,.F.,(4,4),(4,3,3,3,3,3,3,3,3,3,3,3,3,3,3,3,4),(-0.470711781672976,
-0.12937282988338),(8.88178419700125E-16,0.392699081698725,0.785398163397449,
1.17809724509617,1.5707963267949,1.96349540849362,2.35619449019235,2.74889357189107,
3.14159265358979,3.53429173528852,3.92699081698724,4.31968989868597,4.71238898038469,
5.10508806208341,5.49778714378214,5.89048622548086,6.28318530717959),
 .UNSPECIFIED.);
#29=B_SPLINE_SURFACE_WITH_KNOTS('',3,3,((#7020,#7021,#7022,#7023,#7024,
#7025,#7026,#7027,#7028,#7029,#7030,#7031,#7032,#7033,#7034,#7035,#7036,
#7037,#7038,#7039,#7040,#7041,#7042,#7043,#7044,#7045,#7046,#7047,#7048,
#7049,#7050,#7051,#7052,#7053,#7054,#7055,#7056,#7057,#7058,#7059,#7060,
#7061,#7062,#7063,#7064,#7065,#7066,#7067,#7068),(#7069,#7070,#7071,#7072,
#7073,#7074,#7075,#7076,#7077,#7078,#7079,#7080,#7081,#7082,#7083,#7084,
#7085,#7086,#7087,#7088,#7089,#7090,#7091,#7092,#7093,#7094,#7095,#7096,
#7097,#7098,#7099,#7100,#7101,#7102,#7103,#7104,#7105,#7106,#7107,#7108,
#7109,#7110,#7111,#7112,#7113,#7114,#7115,#7116,#7117),(#7118,#7119,#7120,
#7121,#7122,#7123,#7124,#7125,#7126,#7127,#7128,#7129,#7130,#7131,#7132,
#7133,#7134,#7135,#7136,#7137,#7138,#7139,#7140,#7141,#7142,#7143,#7144,
#7145,#7146,#7147,#7148,#7149,#7150,#7151,#7152,#7153,#7154,#7155,#7156,
#7157,#7158,#7159,#7160,#7161,#7162,#7163,#7164,#7165,#7166),(#7167,#7168,
#7169,#7170,#7171,#7172,#7173,#7174,#7175,#7176,#7177,#7178,#7179,#7180,
#7181,#7182,#7183,#7184,#7185,#7186,#7187,#7188,#7189,#7190,#7191,#7192,
#7193,#7194,#7195,#7196,#7197,#7198,#7199,#7200,#7201,#7202,#7203,#7204,
#7205,#7206,#7207,#7208,#7209,#7210,#7211,#7212,#7213,#7214,#7215)),
 .UNSPECIFIED.,.F.,.T.,.F.,(4,4),(4,3,3,3,3,3,3,3,3,3,3,3,3,3,3,3,4),(1.12932706538106,
1.4706894212017),(0.,0.392699081698725,0.785398163397448,1.17809724509617,
1.5707963267949,1.96349540849362,2.35619449019234,2.74889357189107,3.14159265358979,
3.53429173528852,3.92699081698724,4.31968989868597,4.71238898038469,5.10508806208341,
5.49778714378214,5.89048622548086,6.28318530717959),.UNSPECIFIED.);
#30=B_SPLINE_SURFACE_WITH_KNOTS('',3,3,((#7216,#7217,#7218,#7219,#7220,
#7221,#7222,#7223,#7224,#7225,#7226,#7227,#7228,#7229,#7230,#7231,#7232,
#7233,#7234,#7235,#7236,#7237,#7238,#7239,#7240,#7241,#7242,#7243,#7244,
#7245,#7246,#7247,#7248,#7249,#7250,#7251,#7252,#7253,#7254,#7255,#7256,
#7257,#7258,#7259,#7260,#7261,#7262,#7263,#7264),(#7265,#7266,#7267,#7268,
#7269,#7270,#7271,#7272,#7273,#7274,#7275,#7276,#7277,#7278,#7279,#7280,
#7281,#7282,#7283,#7284,#7285,#7286,#7287,#7288,#7289,#7290,#7291,#7292,
#7293,#7294,#7295,#7296,#7297,#7298,#7299,#7300,#7301,#7302,#7303,#7304,
#7305,#7306,#7307,#7308,#7309,#7310,#7311,#7312,#7313),(#7314,#7315,#7316,
#7317,#7318,#7319,#7320,#7321,#7322,#7323,#7324,#7325,#7326,#7327,#7328,
#7329,#7330,#7331,#7332,#7333,#7334,#7335,#7336,#7337,#7338,#7339,#7340,
#7341,#7342,#7343,#7344,#7345,#7346,#7347,#7348,#7349,#7350,#7351,#7352,
#7353,#7354,#7355,#7356,#7357,#7358,#7359,#7360,#7361,#7362),(#7363,#7364,
#7365,#7366,#7367,#7368,#7369,#7370,#7371,#7372,#7373,#7374,#7375,#7376,
#7377,#7378,#7379,#7380,#7381,#7382,#7383,#7384,#7385,#7386,#7387,#7388,
#7389,#7390,#7391,#7392,#7393,#7394,#7395,#7396,#7397,#7398,#7399,#7400,
#7401,#7402,#7403,#7404,#7405,#7406,#7407,#7408,#7409,#7410,#7411)),
 .UNSPECIFIED.,.F.,.T.,.F.,(4,4),(4,3,3,3,3,3,3,3,3,3,3,3,3,3,3,3,4),(-0.470711781673019,
-0.12937282988368),(6.28318530717959,6.67588438887831,7.06858347057703,
7.46128255227576,7.85398163397448,8.24668071567321,8.63937979737193,9.03207887907065,
9.42477796076938,9.8174770424681,10.2101761241668,10.6028752058656,10.9955742875643,
11.388273369263,11.7809724509617,12.1736715326604,12.5663706143592),
 .UNSPECIFIED.);
#31=ELLIPSE('',#1924,1.07703294748262,1.);
#32=ELLIPSE('',#1948,6.01047555424593,4.24999999999897);
#33=ELLIPSE('',#1949,6.01047555424729,4.25000000000056);
#34=ELLIPSE('',#1953,5.38516494425192,5.);
#35=ELLIPSE('',#1954,5.38516494425191,5.);
#36=ELLIPSE('',#1955,4.57739020261413,4.25);
#37=ELLIPSE('',#1961,4.24268862652591,2.99999999999912);
#38=ELLIPSE('',#1964,4.24268862652592,2.99999999999902);
#39=ELLIPSE('',#1967,7.07114771085502,4.99999999996868);
#40=ELLIPSE('',#1971,7.07114771087309,4.99999999999211);
#41=ELLIPSE('',#1979,5.38516473741308,5.);
#42=ELLIPSE('',#1981,5.38516473741308,5.);
#43=ELLIPSE('',#1990,4.57739002680112,4.25);
#44=ELLIPSE('',#2015,1.41422954217524,0.999999999999641);
#45=ELLIPSE('',#2017,1.41422954217627,1.00000000000029);
#46=FACE_BOUND('',#227,.T.);
#47=FACE_BOUND('',#231,.T.);
#48=FACE_BOUND('',#236,.T.);
#49=FACE_BOUND('',#237,.T.);
#50=FACE_BOUND('',#238,.T.);
#51=FACE_BOUND('',#247,.T.);
#52=FACE_BOUND('',#252,.T.);
#53=FACE_BOUND('',#260,.T.);
#54=FACE_BOUND('',#269,.T.);
#55=FACE_BOUND('',#273,.T.);
#56=FACE_BOUND('',#301,.T.);
#57=FACE_BOUND('',#319,.T.);
#58=FACE_BOUND('',#322,.T.);
#59=FACE_BOUND('',#324,.T.);
#60=B_SPLINE_CURVE_WITH_KNOTS('',3,(#2561,#2562,#2563,#2564,#2565,#2566,
#2567,#2568,#2569,#2570,#2571,#2572,#2573,#2574,#2575,#2576,#2577,#2578,
#2579,#2580,#2581,#2582,#2583,#2584,#2585,#2586,#2587,#2588,#2589,#2590,
#2591,#2592,#2593,#2594,#2595,#2596,#2597,#2598,#2599,#2600,#2601,#2602,
#2603,#2604,#2605,#2606,#2607,#2608,#2609,#2610,#2611,#2612,#2613,#2614,
#2615,#2616,#2617,#2618,#2619,#2620,#2621,#2622,#2623,#2624,#2625,#2626,
#2627,#2628,#2629,#2630,#2631,#2632,#2633,#2634,#2635,#2636,#2637,#2638,
#2639,#2640,#2641,#2642,#2643,#2644,#2645,#2646,#2647,#2648,#2649,#2650,
#2651,#2652,#2653,#2654,#2655,#2656,#2657,#2658,#2659,#2660,#2661,#2662,
#2663,#2664,#2665,#2666,#2667,#2668,#2669,#2670,#2671,#2672,#2673,#2674,
#2675,#2676,#2677,#2678,#2679,#2680,#2681,#2682,#2683,#2684,#2685,#2686,
#2687,#2688,#2689,#2690,#2691,#2692,#2693,#2694,#2695,#2696,#2697,#2698,
#2699,#2700,#2701,#2702,#2703,#2704,#2705),.UNSPECIFIED.,.F.,.F.,(4,3,3,
3,3,3,3,3,3,3,3,3,3,3,3,3,3,3,3,3,3,3,3,3,3,3,3,3,3,3,3,3,3,3,3,3,3,3,3,
3,3,3,3,3,3,3,3,3,4),(-0.350322086203224,-0.345729338239023,-0.339185990529554,
-0.332583191425083,-0.325982049004932,-0.319429975640007,-0.317999274324451,
-0.313874100195667,-0.307220527604558,-0.300516017549425,-0.293823480775737,
-0.287193885218896,-0.285691813203023,-0.282001434351815,-0.273894880347352,
-0.265885444946877,-0.258064362134066,-0.252335582539346,-0.24896901799172,
-0.240076678512946,-0.231343738740461,-0.22281701574867,-0.216611009052208,
-0.21357906608064,-0.204420189713482,-0.195171954519691,-0.185674881084934,
-0.176943560612007,-0.174276322073368,-0.165084043314583,-0.155486412029372,
-0.145636823330915,-0.135386371468278,-0.131080856896533,-0.128910890516564,
-0.119489756059669,-0.109746817869718,-0.0994854957608691,-0.0889063226196266,
-0.0778512362624763,-0.0742704252701017,-0.0728313209603638,-0.0606458671491573,
-0.0480433812472213,-0.0347589586214126,-0.0210625550750883,-0.00672912891455798,
0.,7.7709894173994E-5),.UNSPECIFIED.);
#61=B_SPLINE_CURVE_WITH_KNOTS('',3,(#2706,#2707,#2708,#2709,#2710,#2711,
#2712,#2713,#2714,#2715,#2716,#2717,#2718,#2719,#2720,#2721,#2722,#2723,
#2724,#2725,#2726,#2727,#2728,#2729,#2730,#2731,#2732,#2733,#2734,#2735,
#2736,#2737,#2738,#2739,#2740,#2741,#2742,#2743,#2744,#2745,#2746,#2747,
#2748,#2749,#2750,#2751,#2752,#2753,#2754,#2755,#2756,#2757,#2758,#2759,
#2760,#2761,#2762,#2763,#2764,#2765,#2766,#2767,#2768,#2769,#2770,#2771,
#2772,#2773,#2774,#2775,#2776,#2777,#2778,#2779,#2780,#2781,#2782,#2783,
#2784,#2785,#2786,#2787,#2788,#2789,#2790,#2791,#2792,#2793,#2794,#2795,
#2796,#2797,#2798,#2799,#2800,#2801,#2802,#2803,#2804,#2805,#2806,#2807,
#2808,#2809,#2810,#2811,#2812,#2813,#2814,#2815,#2816,#2817,#2818,#2819,
#2820,#2821,#2822,#2823,#2824,#2825,#2826,#2827,#2828,#2829,#2830,#2831,
#2832,#2833,#2834,#2835,#2836,#2837,#2838,#2839,#2840,#2841,#2842,#2843,
#2844,#2845,#2846,#2847,#2848,#2849,#2850,#2851,#2852,#2853,#2854,#2855,
#2856,#2857,#2858,#2859,#2860,#2861,#2862,#2863,#2864,#2865),
 .UNSPECIFIED.,.F.,.F.,(4,3,3,3,3,3,3,3,3,3,3,3,3,3,3,3,3,3,3,3,3,3,3,3,
3,3,3,3,3,3,3,3,3,3,3,3,3,3,3,3,3,3,3,3,3,3,3,3,3,3,3,3,3,4),(7.7709894173994E-5,
0.0517160436299156,0.0652049703901558,0.0793407774822642,0.0881579415017196,
0.102609932752743,0.11070612271691,0.125162405602976,0.139615560225563,
0.153173244284162,0.166566838979754,0.179775891214139,0.182975024093326,
0.195856796913015,0.199771308700871,0.210508802907038,0.221371465210112,
0.231485541387216,0.241485137336038,0.251353458909541,0.253959452119332,
0.263598008748043,0.265922651845884,0.274028779182083,0.28190433352808,
0.289588175868589,0.297191632761466,0.30470029436821,0.307193727242428,
0.314539001984942,0.315813027734908,0.322925743415381,0.329976597619669,
0.337002376602967,0.34398513790877,0.350070541890337,0.357089272219217,
0.363616780514688,0.370136440798713,0.376649380336508,0.38313509191053,
0.387799572804314,0.39372121824839,0.400026491503583,0.406363377107902,
0.412704975066597,0.419023994797227,0.422379058627395,0.427527576141084,
0.433990692839444,0.440514343564132,0.447045404740594,0.453543517247254,
0.455323720738839),.UNSPECIFIED.);
#62=B_SPLINE_CURVE_WITH_KNOTS('',3,(#2955,#2956,#2957,#2958,#2959,#2960,
#2961,#2962,#2963,#2964,#2965,#2966,#2967,#2968,#2969,#2970,#2971,#2972,
#2973,#2974,#2975,#2976,#2977,#2978,#2979,#2980,#2981,#2982,#2983,#2984,
#2985,#2986,#2987,#2988,#2989,#2990,#2991,#2992,#2993,#2994,#2995,#2996,
#2997,#2998,#2999,#3000,#3001,#3002,#3003,#3004,#3005,#3006,#3007,#3008,
#3009,#3010,#3011,#3012,#3013,#3014,#3015,#3016,#3017,#3018,#3019,#3020,
#3021,#3022,#3023,#3024,#3025,#3026,#3027,#3028,#3029,#3030,#3031,#3032,
#3033,#3034,#3035,#3036,#3037,#3038,#3039,#3040,#3041,#3042,#3043,#3044,
#3045,#3046,#3047,#3048,#3049,#3050,#3051,#3052,#3053,#3054,#3055,#3056,
#3057,#3058,#3059,#3060,#3061,#3062,#3063,#3064,#3065,#3066,#3067,#3068,
#3069,#3070,#3071,#3072,#3073,#3074,#3075,#3076,#3077,#3078,#3079,#3080,
#3081,#3082,#3083,#3084,#3085,#3086,#3087,#3088,#3089,#3090,#3091,#3092,
#3093,#3094,#3095,#3096,#3097,#3098,#3099),.UNSPECIFIED.,.F.,.F.,(4,3,3,
3,3,3,3,3,3,3,3,3,3,3,3,3,3,3,3,3,3,3,3,3,3,3,3,3,3,3,3,3,3,3,3,3,3,3,3,
3,3,3,3,3,3,3,3,3,4),(-0.350347019987314,-0.345753164181071,-0.339208645396648,
-0.332604652069453,-0.32600230024661,-0.319449007143769,-0.318016898635912,
-0.313890485273996,-0.307236487062059,-0.3005315003262,-0.293838439609027,
-0.287208268981388,-0.28570326536271,-0.282011638656942,-0.273904688764722,
-0.265894700461328,-0.258072991854781,-0.25234215829688,-0.248974315827367,
-0.240081419322681,-0.231347972334769,-0.222820948371071,-0.216614077363454,
-0.213580919068064,-0.204421841681529,-0.195171919460781,-0.185673450477164,
-0.176944609521924,-0.174276257761162,-0.165083013515596,-0.155484469517674,
-0.145633989964332,-0.135382720160144,-0.131081308797346,-0.128910418148299,
-0.119489370280667,-0.109746530314397,-0.0994853278613526,-0.0889062873251901,
-0.0778513579081975,-0.0742709514839548,-0.0728311876169418,-0.0606458083688408,
-0.0480434108982287,-0.0347590985834114,-0.0210628213355655,-0.00672954408230323,
0.,7.77101081675946E-5),.UNSPECIFIED.);
#63=B_SPLINE_CURVE_WITH_KNOTS('',3,(#3100,#3101,#3102,#3103,#3104,#3105,
#3106,#3107,#3108,#3109,#3110,#3111,#3112,#3113,#3114,#3115,#3116,#3117,
#3118,#3119,#3120,#3121,#3122,#3123,#3124,#3125,#3126,#3127,#3128,#3129,
#3130,#3131,#3132,#3133,#3134,#3135,#3136,#3137,#3138,#3139,#3140,#3141,
#3142,#3143,#3144,#3145,#3146,#3147,#3148,#3149,#3150,#3151,#3152,#3153,
#3154,#3155,#3156,#3157,#3158,#3159,#3160,#3161,#3162,#3163,#3164,#3165,
#3166,#3167,#3168,#3169,#3170,#3171,#3172,#3173,#3174,#3175,#3176,#3177,
#3178,#3179,#3180,#3181,#3182,#3183,#3184,#3185,#3186,#3187,#3188,#3189,
#3190,#3191,#3192,#3193,#3194,#3195,#3196,#3197,#3198,#3199,#3200,#3201,
#3202,#3203,#3204,#3205,#3206,#3207,#3208,#3209,#3210,#3211,#3212,#3213,
#3214,#3215,#3216,#3217,#3218,#3219,#3220,#3221,#3222,#3223,#3224,#3225,
#3226,#3227,#3228,#3229,#3230,#3231,#3232,#3233,#3234,#3235,#3236,#3237,
#3238,#3239,#3240,#3241,#3242,#3243,#3244,#3245,#3246,#3247,#3248,#3249,
#3250,#3251,#3252,#3253,#3254,#3255,#3256,#3257,#3258,#3259),
 .UNSPECIFIED.,.F.,.F.,(4,3,3,3,3,3,3,3,3,3,3,3,3,3,3,3,3,3,3,3,3,3,3,3,
3,3,3,3,3,3,3,3,3,3,3,3,3,3,3,3,3,3,3,3,3,3,3,3,3,3,3,3,3,4),(7.77101081675946E-5,
0.0517159458645642,0.0652049063165371,0.0793407533018901,0.0881590809917167,
0.102611129738965,0.1107059878424,0.125162939939037,0.139617093972649,0.153175669281903,
0.166570183170899,0.179780173652383,0.182979556073486,0.195862332739243,
0.199775041322032,0.210513711392329,0.221377882708256,0.231493276082173,
0.241494205802102,0.251363868421298,0.253970396656035,0.263610331573461,
0.265933379282115,0.274040905633174,0.281919033528104,0.28960434260818,
0.297209277042845,0.304719419334363,0.307212601346755,0.314559380182623,
0.315832137749801,0.322946450224998,0.329998932138164,0.337026346818645,
0.344010741168787,0.350097889065876,0.357117106116738,0.363646225205755,
0.370167518470821,0.376682095461501,0.38316943733293,0.387835426738779,
0.393757786840979,0.400064622685758,0.406403086789924,0.412746265203288,
0.419066855883878,0.422423205770027,0.427572644652689,0.434037217826887,
0.440562340913503,0.447094878396764,0.45359446157903,0.455375781102862),
 .UNSPECIFIED.);
#64=B_SPLINE_CURVE_WITH_KNOTS('',3,(#3262,#3263,#3264,#3265,#3266,#3267,
#3268,#3269,#3270,#3271,#3272,#3273,#3274,#3275,#3276,#3277,#3278,#3279,
#3280,#3281,#3282,#3283,#3284,#3285,#3286,#3287,#3288,#3289,#3290,#3291,
#3292,#3293,#3294,#3295,#3296,#3297,#3298,#3299,#3300,#3301,#3302,#3303,
#3304,#3305,#3306,#3307,#3308,#3309,#3310,#3311,#3312,#3313,#3314,#3315,
#3316,#3317,#3318,#3319,#3320,#3321,#3322,#3323,#3324,#3325,#3326,#3327,
#3328,#3329,#3330,#3331,#3332,#3333,#3334,#3335,#3336,#3337,#3338,#3339,
#3340,#3341,#3342,#3343,#3344,#3345,#3346,#3347,#3348,#3349,#3350,#3351,
#3352,#3353,#3354,#3355,#3356,#3357,#3358,#3359,#3360,#3361,#3362,#3363,
#3364,#3365,#3366,#3367,#3368,#3369,#3370,#3371,#3372,#3373,#3374,#3375,
#3376,#3377,#3378,#3379,#3380,#3381,#3382,#3383,#3384,#3385,#3386,#3387,
#3388,#3389,#3390,#3391,#3392,#3393,#3394,#3395,#3396,#3397,#3398,#3399,
#3400,#3401,#3402,#3403,#3404,#3405,#3406),.UNSPECIFIED.,.F.,.F.,(4,3,3,
3,3,3,3,3,3,3,3,3,3,3,3,3,3,3,3,3,3,3,3,3,3,3,3,3,3,3,3,3,3,3,3,3,3,3,3,
3,3,3,3,3,3,3,3,3,4),(-0.350347019953078,-0.345753164148503,-0.339208645366544,
-0.332604652041827,-0.326002300221468,-0.319449007121124,-0.318016898613501,
-0.31389048525306,-0.307236487040425,-0.300531500304014,-0.293838439586442,
-0.287208268958577,-0.285703265349001,-0.282011638643996,-0.273904688750531,
-0.265894700446347,-0.258072991839282,-0.252342158286848,-0.248974315817597,
-0.24008141931379,-0.231347972326655,-0.222820948363689,-0.21661407735426,
-0.213580919059057,-0.204421841672853,-0.195171919450847,-0.18567345046649,
-0.17694460951424,-0.174276257753846,-0.165083013509184,-0.155484469512198,
-0.145633989959825,-0.135382720156629,-0.131081308793037,-0.128910418144474,
-0.11948937027779,-0.109746530312508,-0.0994853278604547,-0.0889062873252642,
-0.0778513579092877,-0.0742709514827706,-0.072831187616509,-0.0606458083692354,
-0.0480434108994766,-0.0347590985855395,-0.0210628213386057,-0.00672954408627855,
0.,7.77101082091169E-5),.UNSPECIFIED.);
#65=B_SPLINE_CURVE_WITH_KNOTS('',3,(#3407,#3408,#3409,#3410,#3411,#3412,
#3413,#3414,#3415,#3416,#3417,#3418,#3419,#3420,#3421,#3422,#3423,#3424,
#3425,#3426,#3427,#3428,#3429,#3430,#3431,#3432,#3433,#3434,#3435,#3436,
#3437,#3438,#3439,#3440,#3441,#3442,#3443,#3444,#3445,#3446,#3447,#3448,
#3449,#3450,#3451,#3452,#3453,#3454,#3455,#3456,#3457,#3458,#3459,#3460,
#3461,#3462,#3463,#3464,#3465,#3466,#3467,#3468,#3469,#3470,#3471,#3472,
#3473,#3474,#3475,#3476,#3477,#3478,#3479,#3480,#3481,#3482,#3483,#3484,
#3485,#3486,#3487,#3488,#3489,#3490,#3491,#3492,#3493,#3494,#3495,#3496,
#3497,#3498,#3499,#3500,#3501,#3502,#3503,#3504,#3505,#3506,#3507,#3508,
#3509,#3510,#3511,#3512,#3513,#3514,#3515,#3516,#3517,#3518,#3519,#3520,
#3521,#3522,#3523,#3524,#3525,#3526,#3527,#3528,#3529,#3530,#3531,#3532,
#3533,#3534,#3535,#3536,#3537,#3538,#3539,#3540,#3541,#3542,#3543,#3544,
#3545,#3546,#3547,#3548,#3549,#3550,#3551,#3552,#3553,#3554,#3555,#3556,
#3557,#3558,#3559,#3560,#3561,#3562,#3563,#3564,#3565,#3566),
 .UNSPECIFIED.,.F.,.F.,(4,3,3,3,3,3,3,3,3,3,3,3,3,3,3,3,3,3,3,3,3,3,3,3,
3,3,3,3,3,3,3,3,3,3,3,3,3,3,3,3,3,3,3,3,3,3,3,3,3,3,3,3,3,4),(7.77101082193752E-5,
0.0517159458643985,0.0652049063159577,0.0793407533009498,0.0881590809918795,
0.102611129738593,0.11070598784251,0.125162939936096,0.139617093968224,
0.153175669273479,0.166570183158371,0.179780173635614,0.182979556064609,
0.19586233272608,0.199775041309128,0.21051371137488,0.221377882687199,0.231493276056058,
0.241494205770904,0.251363868384958,0.253970396624156,0.263610331536347,
0.265933379244913,0.274040905592166,0.281919033483352,0.289604342559912,
0.297209276991114,0.304719419279224,0.307212601291761,0.314559380124308,
0.315832137691076,0.322946450163906,0.329998932074793,0.33702634675303,
0.344010741100963,0.350097888994402,0.357117106042815,0.363646225130903,
0.370167518395178,0.376682095385101,0.383169437255773,0.387835426657393,
0.39375778675834,0.400064622600911,0.406403086702808,0.41274626511387,0.419066855792171,
0.422423205681315,0.427572644562644,0.434037217733211,0.440562340816154,
0.447094878295764,0.453594461474473,0.455375781004062),.UNSPECIFIED.);
#66=B_SPLINE_CURVE_WITH_KNOTS('',3,(#3569,#3570,#3571,#3572,#3573,#3574,
#3575,#3576,#3577,#3578,#3579,#3580,#3581,#3582,#3583,#3584,#3585,#3586,
#3587,#3588,#3589,#3590,#3591,#3592,#3593,#3594,#3595,#3596,#3597,#3598,
#3599,#3600,#3601,#3602,#3603,#3604,#3605,#3606,#3607,#3608,#3609,#3610,
#3611,#3612,#3613,#3614,#3615,#3616,#3617,#3618,#3619,#3620,#3621,#3622,
#3623,#3624,#3625,#3626,#3627,#3628,#3629,#3630,#3631,#3632,#3633,#3634,
#3635,#3636,#3637,#3638,#3639,#3640,#3641,#3642,#3643,#3644,#3645,#3646,
#3647,#3648,#3649,#3650,#3651,#3652,#3653,#3654,#3655,#3656,#3657,#3658,
#3659,#3660,#3661,#3662,#3663,#3664,#3665,#3666,#3667,#3668,#3669,#3670,
#3671,#3672,#3673,#3674,#3675,#3676,#3677,#3678,#3679,#3680,#3681,#3682,
#3683,#3684,#3685,#3686,#3687,#3688,#3689,#3690,#3691,#3692,#3693,#3694,
#3695,#3696,#3697,#3698,#3699,#3700,#3701,#3702,#3703,#3704,#3705,#3706,
#3707,#3708,#3709,#3710,#3711,#3712,#3713),.UNSPECIFIED.,.F.,.F.,(4,3,3,
3,3,3,3,3,3,3,3,3,3,3,3,3,3,3,3,3,3,3,3,3,3,3,3,3,3,3,3,3,3,3,3,3,3,3,3,
3,3,3,3,3,3,3,3,3,4),(-0.350343910114352,-0.345750285478943,-0.339206029397781,
-0.332602304388423,-0.326000224439257,-0.319447205586235,-0.318015327483027,
-0.313889181330443,-0.307235268024512,-0.30053037838327,-0.29383742589209,
-0.287207375566627,-0.285702959536183,-0.282011606973961,-0.273904724048524,
-0.26589484074668,-0.258073255209566,-0.252342792869793,-0.248975234599097,
-0.240082437603623,-0.231349078186398,-0.222822092366662,-0.216615291745962,
-0.213582404591962,-0.204423302395079,-0.195173749318206,-0.18567557688967,
-0.176945995804431,-0.174277891784506,-0.165084837316913,-0.155486468285257,
-0.145636157562966,-0.135385036194073,-0.131082449353796,-0.128911762683262,
-0.119490642931204,-0.109747727143491,-0.0994864409654985,-0.0889073125436714,
-0.0778522858119553,-0.0742715555393604,-0.0728319361399892,-0.0606464646982952,
-0.0480439699360989,-0.0347595509657024,-0.0210631615799637,-0.00672976155389367,
0.,7.77108391889693E-5),.UNSPECIFIED.);
#67=B_SPLINE_CURVE_WITH_KNOTS('',3,(#3714,#3715,#3716,#3717,#3718,#3719,
#3720,#3721,#3722,#3723,#3724,#3725,#3726,#3727,#3728,#3729,#3730,#3731,
#3732,#3733,#3734,#3735,#3736,#3737,#3738,#3739,#3740,#3741,#3742,#3743,
#3744,#3745,#3746,#3747,#3748,#3749,#3750,#3751,#3752,#3753,#3754,#3755,
#3756,#3757,#3758,#3759,#3760,#3761,#3762,#3763,#3764,#3765,#3766,#3767,
#3768,#3769,#3770,#3771,#3772,#3773,#3774,#3775,#3776,#3777,#3778,#3779,
#3780,#3781,#3782,#3783,#3784,#3785,#3786,#3787,#3788,#3789,#3790,#3791,
#3792,#3793,#3794,#3795,#3796,#3797,#3798,#3799,#3800,#3801,#3802,#3803,
#3804,#3805,#3806,#3807,#3808,#3809,#3810,#3811,#3812,#3813,#3814,#3815,
#3816,#3817,#3818,#3819,#3820,#3821,#3822,#3823,#3824,#3825,#3826,#3827,
#3828,#3829,#3830,#3831,#3832,#3833,#3834,#3835,#3836,#3837,#3838,#3839,
#3840,#3841,#3842,#3843,#3844,#3845,#3846,#3847,#3848,#3849,#3850,#3851,
#3852,#3853,#3854,#3855,#3856,#3857,#3858,#3859,#3860,#3861,#3862,#3863,
#3864,#3865,#3866,#3867,#3868,#3869,#3870,#3871,#3872,#3873),
 .UNSPECIFIED.,.F.,.F.,(4,3,3,3,3,3,3,3,3,3,3,3,3,3,3,3,3,3,3,3,3,3,3,3,
3,3,3,3,3,3,3,3,3,3,3,3,3,3,3,3,3,3,3,3,3,3,3,3,3,3,3,3,3,4),(7.77108391889693E-5,
0.0517165005367609,0.0652055455348102,0.0793414798581472,0.0881597129713712,
0.10261184966681,0.110707179910058,0.125164068277405,0.139618137374709,
0.153176582885848,0.166570958540404,0.179780803988408,0.182980344666623,
0.195862957753305,0.199776191359504,0.210514638673153,0.221378552581536,
0.231493681091226,0.241494340893541,0.251363730431394,0.253970294306685,
0.263609945551888,0.265933435005643,0.274040661798326,0.281918476400852,
0.289603461808821,0.297208069861997,0.304717884898848,0.307211024950335,
0.314557471360295,0.31583057230742,0.322944527686209,0.329996644009233,
0.33702369080062,0.344007717446978,0.350094594904528,0.357113748420557,
0.36364250240469,0.370163424574453,0.376677629154118,0.383164600106894,
0.387830356213255,0.393752589573361,0.400059069409383,0.406397173289601,
0.412739990880645,0.419060222963986,0.422416380262876,0.427565637137348,
0.434029879774341,0.440554668371405,0.447086870431581,0.453586119617979,
0.455367276943884),.UNSPECIFIED.);
#68=B_SPLINE_CURVE_WITH_KNOTS('',3,(#3956,#3957,#3958,#3959,#3960,#3961,
#3962,#3963,#3964,#3965,#3966,#3967,#3968,#3969,#3970,#3971,#3972,#3973,
#3974,#3975,#3976,#3977,#3978,#3979,#3980,#3981,#3982,#3983,#3984,#3985,
#3986,#3987,#3988,#3989,#3990,#3991,#3992,#3993,#3994,#3995,#3996,#3997,
#3998,#3999,#4000,#4001,#4002,#4003,#4004,#4005,#4006,#4007,#4008,#4009,
#4010,#4011,#4012,#4013,#4014,#4015,#4016,#4017,#4018,#4019,#4020,#4021,
#4022,#4023,#4024,#4025,#4026,#4027,#4028,#4029,#4030,#4031,#4032,#4033,
#4034,#4035,#4036,#4037,#4038,#4039,#4040,#4041,#4042,#4043,#4044,#4045,
#4046,#4047,#4048,#4049,#4050,#4051,#4052,#4053,#4054,#4055,#4056,#4057,
#4058,#4059,#4060,#4061,#4062,#4063,#4064,#4065,#4066,#4067,#4068,#4069,
#4070,#4071,#4072,#4073,#4074,#4075,#4076,#4077,#4078,#4079,#4080,#4081,
#4082,#4083,#4084,#4085,#4086,#4087,#4088,#4089,#4090,#4091,#4092,#4093,
#4094,#4095,#4096,#4097,#4098,#4099,#4100),.UNSPECIFIED.,.F.,.F.,(4,3,3,
3,3,3,3,3,3,3,3,3,3,3,3,3,3,3,3,3,3,3,3,3,3,3,3,3,3,3,3,3,3,3,3,3,3,3,3,
3,3,3,3,3,3,3,3,3,4),(-0.350322086191864,-0.34572933822867,-0.339185990518084,
-0.332583191412566,-0.325982048991485,-0.31942997562578,-0.317999274317007,
-0.313874100188456,-0.307220527596973,-0.300516017541502,-0.293823480767552,
-0.287193885210452,-0.285691813195579,-0.282001434344338,-0.273894880341023,
-0.265885444941423,-0.258064362129387,-0.252335582531287,-0.248969017983784,
-0.240076678505664,-0.231343738733804,-0.22281701574276,-0.216611009044516,
-0.213579066073132,-0.204420189706248,-0.195171954511625,-0.18567488107631,
-0.176943560605598,-0.174276322067271,-0.165084043308743,-0.155486412023791,
-0.145636823325541,-0.135386371463067,-0.13108085689259,-0.12891089051292,
-0.119489756057058,-0.109746817868239,-0.0994854957605261,-0.0889063226203977,
-0.0778512362643645,-0.0742704252688636,-0.0728313209593231,-0.0606458671492192,
-0.0480433812482328,-0.0347589586235692,-0.0210625550784201,-0.00672912891923862,
0.,7.77098942291202E-5),.UNSPECIFIED.);
#69=B_SPLINE_CURVE_WITH_KNOTS('',3,(#4101,#4102,#4103,#4104,#4105,#4106,
#4107,#4108,#4109,#4110,#4111,#4112,#4113,#4114,#4115,#4116,#4117,#4118,
#4119,#4120,#4121,#4122,#4123,#4124,#4125,#4126,#4127,#4128,#4129,#4130,
#4131,#4132,#4133,#4134,#4135,#4136,#4137,#4138,#4139,#4140,#4141,#4142,
#4143,#4144,#4145,#4146,#4147,#4148,#4149,#4150,#4151,#4152,#4153,#4154,
#4155,#4156,#4157,#4158,#4159,#4160,#4161,#4162,#4163,#4164,#4165,#4166,
#4167,#4168,#4169,#4170,#4171,#4172,#4173,#4174,#4175,#4176,#4177,#4178,
#4179,#4180,#4181,#4182,#4183,#4184,#4185,#4186,#4187,#4188,#4189,#4190,
#4191,#4192,#4193,#4194,#4195,#4196,#4197,#4198,#4199,#4200,#4201,#4202,
#4203,#4204,#4205,#4206,#4207,#4208,#4209,#4210,#4211,#4212,#4213,#4214,
#4215,#4216,#4217,#4218,#4219,#4220,#4221,#4222,#4223,#4224,#4225,#4226,
#4227,#4228,#4229,#4230,#4231,#4232,#4233,#4234,#4235,#4236,#4237,#4238,
#4239,#4240,#4241,#4242,#4243,#4244,#4245,#4246,#4247,#4248,#4249,#4250,
#4251,#4252,#4253,#4254,#4255,#4256,#4257,#4258,#4259,#4260),
 .UNSPECIFIED.,.F.,.F.,(4,3,3,3,3,3,3,3,3,3,3,3,3,3,3,3,3,3,3,3,3,3,3,3,
3,3,3,3,3,3,3,3,3,3,3,3,3,3,3,3,3,3,3,3,3,3,3,3,3,3,3,3,3,4),(7.77098942291202E-5,
0.051716043629617,0.0652049703892266,0.0793407774807979,0.0881579415018678,
0.102609932752353,0.110706122716884,0.125162405602888,0.139615560225852,
0.153173244284214,0.1665668389795,0.179775891213495,0.182975024094744,0.195856796914304,
0.199771308702152,0.210508802907863,0.221371465210647,0.231485541386892,
0.241485137334813,0.251353458907392,0.253959452118998,0.263598008746743,
0.265922651844754,0.274028779179616,0.281904333524821,0.289588175863832,
0.297191632755179,0.304700294360404,0.307193727236623,0.314539001977628,
0.315813027727832,0.322925743405373,0.32997659760664,0.337002376586855,
0.343985137889536,0.350070541875177,0.357089272201994,0.363616780495612,
0.370136440777863,0.376649380313901,0.383135091886185,0.387799572778608,
0.39372121822114,0.400026491474367,0.406363377076667,0.412704975033342,
0.419023994761947,0.422379058592816,0.42752757610516,0.433990692802422,
0.440514343525969,0.447045404701272,0.453543517206727,0.455323720696561),
 .UNSPECIFIED.);
#70=B_SPLINE_CURVE_WITH_KNOTS('',3,(#4538,#4539,#4540,#4541,#4542,#4543,
#4544,#4545,#4546,#4547,#4548,#4549,#4550,#4551,#4552,#4553,#4554,#4555,
#4556,#4557,#4558,#4559,#4560,#4561,#4562,#4563,#4564,#4565,#4566,#4567,
#4568,#4569,#4570,#4571),.UNSPECIFIED.,.F.,.F.,(4,2,2,2,2,2,2,2,2,2,2,2,
2,2,2,2,4),(-0.628870136031012,-0.597136862944724,-0.565516544181225,-0.502562929884669,
-0.463616469687335,-0.424700232116838,-0.38579095088313,-0.346897147043851,
-0.314252542801917,-0.2816251090087,-0.242740103123179,-0.203849172840727,
-0.164940575944696,-0.126007092787109,-0.0632134305689912,-0.0316620323687697,
-0.0222173554651246),.UNSPECIFIED.);
#71=B_SPLINE_CURVE_WITH_KNOTS('',3,(#4572,#4573,#4574,#4575),
 .UNSPECIFIED.,.F.,.F.,(4,4),(-0.0222173554651246,-9.99999998901185E-7),
 .UNSPECIFIED.);
#72=B_SPLINE_CURVE_WITH_KNOTS('',3,(#4776,#4777,#4778,#4779,#4780,#4781,
#4782,#4783,#4784,#4785,#4786,#4787,#4788,#4789,#4790,#4791,#4792,#4793,
#4794,#4795),.UNSPECIFIED.,.F.,.F.,(4,2,2,2,2,2,2,2,2,4),(-0.592548713367808,
-0.557562197134977,-0.522826749577517,-0.45285508954967,-0.374560713803264,
-0.29627739455116,-0.217998573006954,-0.139734575276337,-0.0698157139862283,
-0.0373045775643508),.UNSPECIFIED.);
#73=B_SPLINE_CURVE_WITH_KNOTS('',3,(#4797,#4798,#4799,#4800,#4801,#4802),
 .UNSPECIFIED.,.F.,.F.,(4,2,4),(-0.0373045775643509,-0.0350475989001849,
-1.00000005772566E-6),.UNSPECIFIED.);
#74=B_SPLINE_CURVE_WITH_KNOTS('',3,(#4805,#4806,#4807,#4808,#4809,#4810,
#4811,#4812,#4813,#4814,#4815,#4816,#4817,#4818,#4819,#4820,#4821,#4822,
#4823,#4824,#4825,#4826,#4827,#4828,#4829,#4830,#4831,#4832,#4833,#4834,
#4835,#4836,#4837,#4838,#4839,#4840,#4841,#4842,#4843,#4844,#4845,#4846,
#4847,#4848,#4849,#4850,#4851,#4852,#4853,#4854,#4855,#4856,#4857,#4858,
#4859,#4860,#4861,#4862,#4863,#4864,#4865,#4866,#4867,#4868,#4869,#4870,
#4871,#4872,#4873,#4874,#4875,#4876,#4877,#4878,#4879,#4880,#4881,#4882,
#4883,#4884,#4885,#4886,#4887,#4888,#4889,#4890,#4891,#4892,#4893,#4894,
#4895,#4896,#4897,#4898,#4899,#4900,#4901,#4902,#4903,#4904,#4905,#4906,
#4907,#4908,#4909,#4910,#4911,#4912,#4913,#4914,#4915,#4916,#4917,#4918,
#4919,#4920,#4921,#4922,#4923,#4924,#4925,#4926,#4927,#4928,#4929,#4930,
#4931,#4932,#4933,#4934),.UNSPECIFIED.,.F.,.F.,(4,3,3,3,3,3,3,3,3,3,3,3,
3,3,3,3,3,3,3,3,3,3,3,3,3,3,3,3,3,3,3,3,3,3,3,3,3,3,3,3,3,3,3,4),(0.806307691766807,
0.820672919299308,0.834523860353696,0.847645986058338,0.860373945231255,
0.8725430376247,0.879026237461797,0.880582515473502,0.891627059801268,0.902479050039184,
0.912569680566929,0.922358354959075,0.931736030069656,0.935035020752933,
0.937284720168404,0.948057837564398,0.957934164524474,0.967558553770186,
0.976842390524342,0.980377189752379,0.983111303545287,0.992604864113846,
1.00203932542922,1.01139727511667,1.01972322543598,1.02282097366415,1.03136401851962,
1.04003509640016,1.04894594057655,1.05528711964501,1.05871997649913,1.06657458509253,
1.0745461342429,1.08266745230602,1.08853946297012,1.09229676683271,1.09935960621281,
1.1062792315107,1.11341367793191,1.12054812435313,1.12470477678213,1.13114416607583,
1.13762983370149,1.14157859690544),.UNSPECIFIED.);
#75=B_SPLINE_CURVE_WITH_KNOTS('',3,(#5136,#5137,#5138,#5139,#5140,#5141,
#5142,#5143,#5144,#5145,#5146,#5147,#5148,#5149,#5150,#5151,#5152,#5153,
#5154,#5155,#5156,#5157,#5158,#5159,#5160,#5161,#5162,#5163,#5164,#5165,
#5166,#5167,#5168,#5169),.UNSPECIFIED.,.F.,.F.,(4,2,2,2,2,2,2,2,2,2,2,2,
2,2,2,2,4),(-0.628870135972786,-0.597136862880312,-0.565516544110877,-0.502562929801136,
-0.463616469602982,-0.424700232031745,-0.385790950796067,-0.346897146955795,
-0.314252542773218,-0.281625109036864,-0.242740103148963,-0.203849172861738,
-0.164940575963788,-0.126007092803843,-0.0632134305739685,-0.0316620323715051,
-0.0222173554049921),.UNSPECIFIED.);
#76=B_SPLINE_CURVE_WITH_KNOTS('',3,(#5170,#5171,#5172,#5173),
 .UNSPECIFIED.,.F.,.F.,(4,4),(-0.0222173554049921,-1.00000004997491E-6),
 .UNSPECIFIED.);
#77=B_SPLINE_CURVE_WITH_KNOTS('',3,(#5375,#5376,#5377,#5378,#5379,#5380,
#5381,#5382,#5383,#5384,#5385,#5386,#5387,#5388,#5389,#5390,#5391,#5392,
#5393,#5394,#5395,#5396,#5397,#5398,#5399,#5400,#5401,#5402,#5403,#5404,
#5405,#5406,#5407,#5408),.UNSPECIFIED.,.F.,.F.,(4,2,2,2,2,2,2,2,2,2,2,2,
2,2,2,2,4),(-0.628865109318457,-0.597374425335434,-0.565979573865782,-0.503514159973695,
-0.464607593847826,-0.425711171107485,-0.386855541754476,-0.347983455222014,
-0.314448460349433,-0.280911881050392,-0.242039092859424,-0.203181455766826,
-0.164284417787822,-0.125376406575199,-0.0628974970879113,-0.0314967650407322,
-0.0301729442089772),.UNSPECIFIED.);
#78=B_SPLINE_CURVE_WITH_KNOTS('',3,(#5409,#5410,#5411,#5412),
 .UNSPECIFIED.,.F.,.F.,(4,4),(-0.0301729442089773,-1.00000004946491E-6),
 .UNSPECIFIED.);
#79=B_SPLINE_CURVE_WITH_KNOTS('',3,(#5613,#5614,#5615,#5616,#5617,#5618,
#5619,#5620,#5621,#5622,#5623,#5624,#5625,#5626,#5627,#5628,#5629,#5630,
#5631,#5632,#5633,#5634,#5635,#5636,#5637,#5638,#5639,#5640,#5641,#5642,
#5643,#5644,#5645,#5646),.UNSPECIFIED.,.F.,.F.,(4,2,2,2,2,2,2,2,2,2,2,2,
2,2,2,2,4),(-0.62886721022408,-0.59720377539547,-0.565650993393386,-0.502854060180342,
-0.463920511591807,-0.425011979363084,-0.3861208557992,-0.347235886399712,
-0.314614285574077,-0.281975737927228,-0.243082090094047,-0.204172880880646,
-0.165256811166838,-0.126310474428057,-0.0633556250346764,-0.0317348019999682,
-1.00000005009981E-6),.UNSPECIFIED.);
#80=B_SPLINE_CURVE_WITH_KNOTS('',3,(#5847,#5848,#5849,#5850,#5851,#5852,
#5853,#5854,#5855,#5856,#5857,#5858,#5859,#5860,#5861,#5862,#5863,#5864,
#5865,#5866,#5867,#5868,#5869,#5870,#5871,#5872,#5873,#5874,#5875,#5876,
#5877,#5878,#5879,#5880),.UNSPECIFIED.,.F.,.F.,(4,2,2,2,2,2,2,2,2,2,2,2,
2,2,2,2,4),(-0.628867210223455,-0.597203775394618,-0.565650993392315,-0.502854060178717,
-0.463920511590903,-0.425011979362444,-0.386120855798705,-0.34723588639937,
-0.314614285573846,-0.281975737926986,-0.24308209009376,-0.204172880880271,
-0.165256811166595,-0.126310474428023,-0.0633556250352169,-0.0317348020003765,
-1.00000004987777E-6),.UNSPECIFIED.);
#81=B_SPLINE_CURVE_WITH_KNOTS('',3,(#5916,#5917,#5918,#5919,#5920,#5921,
#5922,#5923,#5924,#5925,#5926,#5927,#5928,#5929,#5930,#5931,#5932,#5933,
#5934,#5935),.UNSPECIFIED.,.F.,.F.,(4,2,2,2,2,2,2,2,2,4),(-0.222515493796163,
-0.220883010747247,-0.218806087691883,-0.214491288219404,-0.206980276992728,
-0.193992678284858,-0.171694150115103,-0.133681030732947,-0.0763818413126787,
-9.99999999723444E-7),.UNSPECIFIED.);
#82=B_SPLINE_CURVE_WITH_KNOTS('',3,(#6017,#6018,#6019,#6020,#6021,#6022,
#6023,#6024,#6025,#6026,#6027,#6028,#6029,#6030,#6031,#6032,#6033,#6034,
#6035,#6036,#6037,#6038,#6039,#6040,#6041,#6042),.UNSPECIFIED.,.F.,.F.,
(4,2,2,2,2,2,2,2,2,2,2,2,4),(1.00000005028023E-6,0.0313369689504052,0.062573192218452,
0.124639179656589,0.157528810805985,0.176962059448032,0.25521573361781,
0.333484221220345,0.411756982374029,0.490040816741584,0.568332898742369,
0.617612737546672,0.667157958372071),.UNSPECIFIED.);
#83=B_SPLINE_CURVE_WITH_KNOTS('',3,(#6043,#6044,#6045,#6046,#6047,#6048,
#6049,#6050,#6051,#6052,#6053,#6054,#6055,#6056,#6057,#6058,#6059,#6060,
#6061,#6062,#6063,#6064,#6065,#6066,#6067,#6068,#6069,#6070,#6071,#6072,
#6073,#6074,#6075,#6076),.UNSPECIFIED.,.F.,.F.,(4,2,2,2,2,2,2,2,2,2,2,2,
2,2,2,2,4),(1.00000004779707E-6,0.0315026029657277,0.0629080364512894,0.125397646766828,
0.164306546586655,0.203204088823176,0.242062988183177,0.280936378419239,
0.314433178175752,0.347930068359172,0.386803390942219,0.425662428318214,
0.464559919211553,0.503468917494698,0.565958486445863,0.597363875493987,
0.628865396459611),.UNSPECIFIED.);
#84=B_SPLINE_CURVE_WITH_KNOTS('',3,(#6088,#6089,#6090,#6091,#6092,#6093,
#6094,#6095,#6096,#6097,#6098,#6099,#6100,#6101,#6102,#6103,#6104,#6105,
#6106,#6107,#6108,#6109,#6110,#6111,#6112,#6113,#6114,#6115,#6116,#6117,
#6118,#6119,#6120,#6121),.UNSPECIFIED.,.F.,.F.,(4,2,2,2,2,2,2,2,2,2,2,2,
2,2,2,2,4),(-0.606650935788439,-0.597203762423205,-0.565649985817305,-0.502850648141179,
-0.463916649048271,-0.42500805980698,-0.386116326604458,-0.347231314208947,
-0.314614666161368,-0.28198143805239,-0.243087454204257,-0.204178196189388,
-0.165261840309312,-0.126315458389218,-0.0633580540151157,-0.0317360754163346,
-1.00000005087697E-6),.UNSPECIFIED.);
#85=B_SPLINE_CURVE_WITH_KNOTS('',3,(#6123,#6124,#6125,#6126,#6127,#6128,
#6129,#6130,#6131,#6132,#6133,#6134,#6135,#6136,#6137,#6138,#6139,#6140,
#6141,#6142,#6143,#6144,#6145,#6146,#6147,#6148,#6149,#6150,#6151,#6152,
#6153,#6154,#6155,#6156),.UNSPECIFIED.,.F.,.F.,(4,2,2,2,2,2,2,2,2,2,2,2,
2,2,2,2,4),(1.00000005841261E-6,0.0317340349758775,0.0633541176910863,0.12630724944009,
0.165253459273172,0.204169449089635,0.243078477406503,0.281972032993605,
0.314616748005974,0.347244280367581,0.386129032070958,0.425019695562058,
0.463928039662818,0.502861262741165,0.565654332614593,0.597205447383587,
0.62886715597408),.UNSPECIFIED.);
#86=B_SPLINE_CURVE_WITH_KNOTS('',3,(#6157,#6158,#6159,#6160),
 .UNSPECIFIED.,.F.,.F.,(4,4),(-0.628867184886148,-0.606650935788439),
 .UNSPECIFIED.);
#87=B_SPLINE_CURVE_WITH_KNOTS('',3,(#6163,#6164,#6165,#6166,#6167,#6168,
#6169,#6170,#6171,#6172,#6173,#6174,#6175,#6176,#6177,#6178,#6179,#6180,
#6181,#6182,#6183,#6184,#6185,#6186,#6187,#6188,#6189,#6190,#6191,#6192,
#6193,#6194,#6195,#6196),.UNSPECIFIED.,.F.,.F.,(4,2,2,2,2,2,2,2,2,2,2,2,
2,2,2,2,4),(-0.606650935786745,-0.597203762419894,-0.565649985812372,-0.502850648133709,
-0.463916649040711,-0.425008059799191,-0.386116326596082,-0.347231314200547,
-0.31461466616069,-0.281981438059253,-0.243087454210932,-0.204178196195761,
-0.16526184031561,-0.126315458395146,-0.0633580540183617,-0.0317360754180297,
-1.00000000002876E-6),.UNSPECIFIED.);
#88=B_SPLINE_CURVE_WITH_KNOTS('',3,(#6198,#6199,#6200,#6201,#6202,#6203,
#6204,#6205,#6206,#6207,#6208,#6209,#6210,#6211,#6212,#6213,#6214,#6215,
#6216,#6217,#6218,#6219,#6220,#6221,#6222,#6223,#6224,#6225,#6226,#6227,
#6228,#6229,#6230,#6231),.UNSPECIFIED.,.F.,.F.,(4,2,2,2,2,2,2,2,2,2,2,2,
2,2,2,2,4),(1.00000004866297E-6,0.0317340349717383,0.0633541176827445,0.126307249423104,
0.165253459251589,0.204169449063823,0.243078477376672,0.281972032959816,
0.31461674797555,0.347244280339965,0.38612903203939,0.425019695526655,0.463928039623589,
0.502861262698021,0.565654332562573,0.597205447327059,0.6288671559128),
 .UNSPECIFIED.);
#89=B_SPLINE_CURVE_WITH_KNOTS('',3,(#6232,#6233,#6234,#6235),
 .UNSPECIFIED.,.F.,.F.,(4,4),(-0.628867184884389,-0.606650935786745),
 .UNSPECIFIED.);
#90=PLANE('',#1853);
#91=PLANE('',#1857);
#92=PLANE('',#1860);
#93=PLANE('',#1864);
#94=PLANE('',#1872);
#95=PLANE('',#1876);
#96=PLANE('',#1889);
#97=PLANE('',#1890);
#98=PLANE('',#1902);
#99=PLANE('',#1904);
#100=PLANE('',#1907);
#101=PLANE('',#1908);
#102=PLANE('',#1913);
#103=PLANE('',#1916);
#104=PLANE('',#1925);
#105=PLANE('',#1926);
#106=PLANE('',#1927);
#107=PLANE('',#1928);
#108=PLANE('',#1929);
#109=PLANE('',#1939);
#110=PLANE('',#1940);
#111=PLANE('',#1951);
#112=PLANE('',#1952);
#113=PLANE('',#1956);
#114=PLANE('',#1957);
#115=PLANE('',#1962);
#116=PLANE('',#1968);
#117=PLANE('',#1972);
#118=PLANE('',#1974);
#119=PLANE('',#1977);
#120=PLANE('',#1989);
#121=PLANE('',#1994);
#122=PLANE('',#2005);
#123=PLANE('',#2008);
#124=PLANE('',#2009);
#125=PLANE('',#2012);
#126=PLANE('',#2013);
#127=PLANE('',#2018);
#128=PLANE('',#2019);
#129=FACE_OUTER_BOUND('',#223,.T.);
#130=FACE_OUTER_BOUND('',#224,.T.);
#131=FACE_OUTER_BOUND('',#225,.T.);
#132=FACE_OUTER_BOUND('',#226,.T.);
#133=FACE_OUTER_BOUND('',#228,.T.);
#134=FACE_OUTER_BOUND('',#229,.T.);
#135=FACE_OUTER_BOUND('',#230,.T.);
#136=FACE_OUTER_BOUND('',#232,.T.);
#137=FACE_OUTER_BOUND('',#233,.T.);
#138=FACE_OUTER_BOUND('',#234,.T.);
#139=FACE_OUTER_BOUND('',#235,.T.);
#140=FACE_OUTER_BOUND('',#239,.T.);
#141=FACE_OUTER_BOUND('',#240,.T.);
#142=FACE_OUTER_BOUND('',#241,.T.);
#143=FACE_OUTER_BOUND('',#242,.T.);
#144=FACE_OUTER_BOUND('',#243,.T.);
#145=FACE_OUTER_BOUND('',#244,.T.);
#146=FACE_OUTER_BOUND('',#245,.T.);
#147=FACE_OUTER_BOUND('',#246,.T.);
#148=FACE_OUTER_BOUND('',#248,.T.);
#149=FACE_OUTER_BOUND('',#249,.T.);
#150=FACE_OUTER_BOUND('',#250,.T.);
#151=FACE_OUTER_BOUND('',#251,.T.);
#152=FACE_OUTER_BOUND('',#253,.T.);
#153=FACE_OUTER_BOUND('',#254,.T.);
#154=FACE_OUTER_BOUND('',#255,.T.);
#155=FACE_OUTER_BOUND('',#256,.T.);
#156=FACE_OUTER_BOUND('',#257,.T.);
#157=FACE_OUTER_BOUND('',#258,.T.);
#158=FACE_OUTER_BOUND('',#259,.T.);
#159=FACE_OUTER_BOUND('',#261,.T.);
#160=FACE_OUTER_BOUND('',#262,.T.);
#161=FACE_OUTER_BOUND('',#263,.T.);
#162=FACE_OUTER_BOUND('',#264,.T.);
#163=FACE_OUTER_BOUND('',#265,.T.);
#164=FACE_OUTER_BOUND('',#266,.T.);
#165=FACE_OUTER_BOUND('',#267,.T.);
#166=FACE_OUTER_BOUND('',#268,.T.);
#167=FACE_OUTER_BOUND('',#270,.T.);
#168=FACE_OUTER_BOUND('',#271,.T.);
#169=FACE_OUTER_BOUND('',#272,.T.);
#170=FACE_OUTER_BOUND('',#274,.T.);
#171=FACE_OUTER_BOUND('',#275,.T.);
#172=FACE_OUTER_BOUND('',#276,.T.);
#173=FACE_OUTER_BOUND('',#277,.T.);
#174=FACE_OUTER_BOUND('',#278,.T.);
#175=FACE_OUTER_BOUND('',#279,.T.);
#176=FACE_OUTER_BOUND('',#280,.T.);
#177=FACE_OUTER_BOUND('',#281,.T.);
#178=FACE_OUTER_BOUND('',#282,.T.);
#179=FACE_OUTER_BOUND('',#283,.T.);
#180=FACE_OUTER_BOUND('',#284,.T.);
#181=FACE_OUTER_BOUND('',#285,.T.);
#182=FACE_OUTER_BOUND('',#286,.T.);
#183=FACE_OUTER_BOUND('',#287,.T.);
#184=FACE_OUTER_BOUND('',#288,.T.);
#185=FACE_OUTER_BOUND('',#289,.T.);
#186=FACE_OUTER_BOUND('',#290,.T.);
#187=FACE_OUTER_BOUND('',#291,.T.);
#188=FACE_OUTER_BOUND('',#292,.T.);
#189=FACE_OUTER_BOUND('',#293,.T.);
#190=FACE_OUTER_BOUND('',#294,.T.);
#191=FACE_OUTER_BOUND('',#295,.T.);
#192=FACE_OUTER_BOUND('',#296,.T.);
#193=FACE_OUTER_BOUND('',#297,.T.);
#194=FACE_OUTER_BOUND('',#298,.T.);
#195=FACE_OUTER_BOUND('',#299,.T.);
#196=FACE_OUTER_BOUND('',#300,.T.);
#197=FACE_OUTER_BOUND('',#302,.T.);
#198=FACE_OUTER_BOUND('',#303,.T.);
#199=FACE_OUTER_BOUND('',#304,.T.);
#200=FACE_OUTER_BOUND('',#305,.T.);
#201=FACE_OUTER_BOUND('',#306,.T.);
#202=FACE_OUTER_BOUND('',#307,.T.);
#203=FACE_OUTER_BOUND('',#308,.T.);
#204=FACE_OUTER_BOUND('',#309,.T.);
#205=FACE_OUTER_BOUND('',#310,.T.);
#206=FACE_OUTER_BOUND('',#311,.T.);
#207=FACE_OUTER_BOUND('',#312,.T.);
#208=FACE_OUTER_BOUND('',#313,.T.);
#209=FACE_OUTER_BOUND('',#314,.T.);
#210=FACE_OUTER_BOUND('',#315,.T.);
#211=FACE_OUTER_BOUND('',#316,.T.);
#212=FACE_OUTER_BOUND('',#317,.T.);
#213=FACE_OUTER_BOUND('',#318,.T.);
#214=FACE_OUTER_BOUND('',#320,.T.);
#215=FACE_OUTER_BOUND('',#321,.T.);
#216=FACE_OUTER_BOUND('',#323,.T.);
#217=FACE_OUTER_BOUND('',#325,.T.);
#218=FACE_OUTER_BOUND('',#326,.T.);
#219=FACE_OUTER_BOUND('',#327,.T.);
#220=FACE_OUTER_BOUND('',#328,.T.);
#221=FACE_OUTER_BOUND('',#329,.T.);
#222=FACE_OUTER_BOUND('',#330,.T.);
#223=EDGE_LOOP('',(#1158,#1159,#1160,#1161));
#224=EDGE_LOOP('',(#1162,#1163,#1164,#1165));
#225=EDGE_LOOP('',(#1166,#1167,#1168,#1169));
#226=EDGE_LOOP('',(#1170,#1171,#1172,#1173,#1174,#1175,#1176,#1177));
#227=EDGE_LOOP('',(#1178,#1179));
#228=EDGE_LOOP('',(#1180,#1181,#1182,#1183,#1184,#1185,#1186,#1187,#1188));
#229=EDGE_LOOP('',(#1189,#1190,#1191,#1192));
#230=EDGE_LOOP('',(#1193,#1194,#1195,#1196,#1197,#1198,#1199,#1200));
#231=EDGE_LOOP('',(#1201));
#232=EDGE_LOOP('',(#1202,#1203,#1204,#1205));
#233=EDGE_LOOP('',(#1206,#1207,#1208,#1209,#1210,#1211,#1212));
#234=EDGE_LOOP('',(#1213,#1214,#1215,#1216,#1217,#1218));
#235=EDGE_LOOP('',(#1219,#1220,#1221,#1222,#1223,#1224,#1225,#1226,#1227,
#1228,#1229,#1230,#1231,#1232,#1233,#1234,#1235,#1236,#1237,#1238,#1239,
#1240,#1241,#1242,#1243));
#236=EDGE_LOOP('',(#1244,#1245));
#237=EDGE_LOOP('',(#1246,#1247));
#238=EDGE_LOOP('',(#1248,#1249));
#239=EDGE_LOOP('',(#1250,#1251,#1252,#1253));
#240=EDGE_LOOP('',(#1254,#1255,#1256,#1257,#1258,#1259,#1260,#1261,#1262,
#1263,#1264,#1265,#1266,#1267,#1268,#1269,#1270,#1271,#1272,#1273,#1274,
#1275,#1276,#1277,#1278,#1279,#1280,#1281));
#241=EDGE_LOOP('',(#1282,#1283,#1284,#1285));
#242=EDGE_LOOP('',(#1286,#1287,#1288,#1289));
#243=EDGE_LOOP('',(#1290,#1291,#1292,#1293));
#244=EDGE_LOOP('',(#1294,#1295,#1296,#1297));
#245=EDGE_LOOP('',(#1298,#1299,#1300,#1301,#1302));
#246=EDGE_LOOP('',(#1303,#1304,#1305,#1306,#1307,#1308,#1309,#1310,#1311,
#1312));
#247=EDGE_LOOP('',(#1313,#1314));
#248=EDGE_LOOP('',(#1315,#1316,#1317,#1318));
#249=EDGE_LOOP('',(#1319,#1320,#1321,#1322,#1323,#1324,#1325));
#250=EDGE_LOOP('',(#1326,#1327,#1328,#1329));
#251=EDGE_LOOP('',(#1330,#1331,#1332,#1333,#1334,#1335,#1336,#1337));
#252=EDGE_LOOP('',(#1338));
#253=EDGE_LOOP('',(#1339,#1340,#1341,#1342));
#254=EDGE_LOOP('',(#1343,#1344,#1345,#1346,#1347,#1348));
#255=EDGE_LOOP('',(#1349,#1350,#1351,#1352));
#256=EDGE_LOOP('',(#1353,#1354,#1355,#1356,#1357,#1358));
#257=EDGE_LOOP('',(#1359,#1360,#1361,#1362));
#258=EDGE_LOOP('',(#1363,#1364,#1365,#1366,#1367,#1368));
#259=EDGE_LOOP('',(#1369,#1370,#1371,#1372,#1373,#1374,#1375,#1376,#1377,
#1378,#1379,#1380));
#260=EDGE_LOOP('',(#1381));
#261=EDGE_LOOP('',(#1382,#1383,#1384,#1385,#1386));
#262=EDGE_LOOP('',(#1387,#1388,#1389,#1390,#1391));
#263=EDGE_LOOP('',(#1392,#1393,#1394,#1395,#1396));
#264=EDGE_LOOP('',(#1397,#1398,#1399,#1400,#1401));
#265=EDGE_LOOP('',(#1402,#1403,#1404,#1405));
#266=EDGE_LOOP('',(#1406,#1407,#1408,#1409));
#267=EDGE_LOOP('',(#1410,#1411,#1412,#1413,#1414,#1415));
#268=EDGE_LOOP('',(#1416,#1417,#1418,#1419,#1420,#1421,#1422,#1423,#1424,
#1425,#1426,#1427));
#269=EDGE_LOOP('',(#1428,#1429));
#270=EDGE_LOOP('',(#1430,#1431,#1432,#1433,#1434,#1435));
#271=EDGE_LOOP('',(#1436,#1437,#1438,#1439));
#272=EDGE_LOOP('',(#1440,#1441,#1442,#1443,#1444,#1445));
#273=EDGE_LOOP('',(#1446));
#274=EDGE_LOOP('',(#1447,#1448,#1449,#1450));
#275=EDGE_LOOP('',(#1451,#1452,#1453,#1454));
#276=EDGE_LOOP('',(#1455,#1456,#1457,#1458));
#277=EDGE_LOOP('',(#1459,#1460,#1461,#1462));
#278=EDGE_LOOP('',(#1463,#1464,#1465,#1466));
#279=EDGE_LOOP('',(#1467,#1468,#1469,#1470,#1471,#1472,#1473,#1474,#1475));
#280=EDGE_LOOP('',(#1476,#1477,#1478,#1479,#1480,#1481));
#281=EDGE_LOOP('',(#1482,#1483,#1484,#1485,#1486));
#282=EDGE_LOOP('',(#1487,#1488,#1489,#1490));
#283=EDGE_LOOP('',(#1491,#1492,#1493,#1494,#1495,#1496,#1497,#1498));
#284=EDGE_LOOP('',(#1499,#1500,#1501,#1502));
#285=EDGE_LOOP('',(#1503,#1504,#1505,#1506));
#286=EDGE_LOOP('',(#1507,#1508,#1509,#1510));
#287=EDGE_LOOP('',(#1511,#1512,#1513,#1514));
#288=EDGE_LOOP('',(#1515,#1516,#1517,#1518));
#289=EDGE_LOOP('',(#1519,#1520,#1521,#1522));
#290=EDGE_LOOP('',(#1523,#1524,#1525,#1526));
#291=EDGE_LOOP('',(#1527,#1528,#1529,#1530));
#292=EDGE_LOOP('',(#1531,#1532,#1533,#1534));
#293=EDGE_LOOP('',(#1535,#1536,#1537,#1538,#1539,#1540,#1541,#1542));
#294=EDGE_LOOP('',(#1543,#1544,#1545,#1546));
#295=EDGE_LOOP('',(#1547,#1548,#1549,#1550));
#296=EDGE_LOOP('',(#1551,#1552,#1553,#1554));
#297=EDGE_LOOP('',(#1555,#1556,#1557,#1558));
#298=EDGE_LOOP('',(#1559,#1560,#1561,#1562));
#299=EDGE_LOOP('',(#1563,#1564,#1565,#1566));
#300=EDGE_LOOP('',(#1567,#1568,#1569,#1570,#1571,#1572,#1573,#1574,#1575));
#301=EDGE_LOOP('',(#1576));
#302=EDGE_LOOP('',(#1577,#1578,#1579,#1580,#1581,#1582,#1583,#1584));
#303=EDGE_LOOP('',(#1585,#1586,#1587,#1588,#1589,#1590,#1591,#1592));
#304=EDGE_LOOP('',(#1593,#1594,#1595,#1596,#1597));
#305=EDGE_LOOP('',(#1598,#1599,#1600,#1601,#1602));
#306=EDGE_LOOP('',(#1603,#1604,#1605,#1606));
#307=EDGE_LOOP('',(#1607,#1608,#1609,#1610));
#308=EDGE_LOOP('',(#1611,#1612,#1613,#1614));
#309=EDGE_LOOP('',(#1615,#1616,#1617,#1618));
#310=EDGE_LOOP('',(#1619,#1620,#1621,#1622));
#311=EDGE_LOOP('',(#1623,#1624,#1625,#1626));
#312=EDGE_LOOP('',(#1627,#1628,#1629,#1630));
#313=EDGE_LOOP('',(#1631,#1632,#1633,#1634));
#314=EDGE_LOOP('',(#1635,#1636,#1637,#1638));
#315=EDGE_LOOP('',(#1639,#1640,#1641,#1642));
#316=EDGE_LOOP('',(#1643,#1644,#1645,#1646));
#317=EDGE_LOOP('',(#1647,#1648,#1649,#1650));
#318=EDGE_LOOP('',(#1651));
#319=EDGE_LOOP('',(#1652));
#320=EDGE_LOOP('',(#1653,#1654,#1655,#1656));
#321=EDGE_LOOP('',(#1657));
#322=EDGE_LOOP('',(#1658));
#323=EDGE_LOOP('',(#1659,#1660,#1661,#1662,#1663,#1664,#1665));
#324=EDGE_LOOP('',(#1666));
#325=EDGE_LOOP('',(#1667,#1668,#1669,#1670));
#326=EDGE_LOOP('',(#1671,#1672,#1673,#1674));
#327=EDGE_LOOP('',(#1675,#1676,#1677,#1678));
#328=EDGE_LOOP('',(#1679,#1680,#1681,#1682));
#329=EDGE_LOOP('',(#1683,#1684,#1685,#1686,#1687,#1688,#1689,#1690,#1691));
#330=EDGE_LOOP('',(#1692,#1693,#1694,#1695,#1696,#1697));
#331=LINE('',#2526,#483);
#332=LINE('',#2529,#484);
#333=LINE('',#2532,#485);
#334=LINE('',#2534,#486);
#335=LINE('',#2535,#487);
#336=LINE('',#2541,#488);
#337=LINE('',#2544,#489);
#338=LINE('',#2547,#490);
#339=LINE('',#2549,#491);
#340=LINE('',#2551,#492);
#341=LINE('',#2555,#493);
#342=LINE('',#2558,#494);
#343=LINE('',#2868,#495);
#344=LINE('',#2870,#496);
#345=LINE('',#2872,#497);
#346=LINE('',#2874,#498);
#347=LINE('',#2875,#499);
#348=LINE('',#2876,#500);
#349=LINE('',#2882,#501);
#350=LINE('',#2889,#502);
#351=LINE('',#2893,#503);
#352=LINE('',#2899,#504);
#353=LINE('',#2902,#505);
#354=LINE('',#2905,#506);
#355=LINE('',#2906,#507);
#356=LINE('',#2908,#508);
#357=LINE('',#2909,#509);
#358=LINE('',#2914,#510);
#359=LINE('',#2917,#511);
#360=LINE('',#2920,#512);
#361=LINE('',#2925,#513);
#362=LINE('',#2933,#514);
#363=LINE('',#2939,#515);
#364=LINE('',#2947,#516);
#365=LINE('',#2951,#517);
#366=LINE('',#3876,#518);
#367=LINE('',#3877,#519);
#368=LINE('',#3881,#520);
#369=LINE('',#3883,#521);
#370=LINE('',#3887,#522);
#371=LINE('',#3891,#523);
#372=LINE('',#3895,#524);
#373=LINE('',#3899,#525);
#374=LINE('',#3901,#526);
#375=LINE('',#3907,#527);
#376=LINE('',#3911,#528);
#377=LINE('',#3915,#529);
#378=LINE('',#3919,#530);
#379=LINE('',#3922,#531);
#380=LINE('',#3925,#532);
#381=LINE('',#3930,#533);
#382=LINE('',#3931,#534);
#383=LINE('',#3934,#535);
#384=LINE('',#3936,#536);
#385=LINE('',#3937,#537);
#386=LINE('',#3940,#538);
#387=LINE('',#3944,#539);
#388=LINE('',#3948,#540);
#389=LINE('',#3952,#541);
#390=LINE('',#3953,#542);
#391=LINE('',#4262,#543);
#392=LINE('',#4263,#544);
#393=LINE('',#4266,#545);
#394=LINE('',#4268,#546);
#395=LINE('',#4270,#547);
#396=LINE('',#4271,#548);
#397=LINE('',#4275,#549);
#398=LINE('',#4282,#550);
#399=LINE('',#4286,#551);
#400=LINE('',#4291,#552);
#401=LINE('',#4294,#553);
#402=LINE('',#4297,#554);
#403=LINE('',#4300,#555);
#404=LINE('',#4301,#556);
#405=LINE('',#4303,#557);
#406=LINE('',#4304,#558);
#407=LINE('',#4306,#559);
#408=LINE('',#4308,#560);
#409=LINE('',#4309,#561);
#410=LINE('',#4313,#562);
#411=LINE('',#4321,#563);
#412=LINE('',#4325,#564);
#413=LINE('',#4329,#565);
#414=LINE('',#4534,#566);
#415=LINE('',#4536,#567);
#416=LINE('',#4774,#568);
#417=LINE('',#4804,#569);
#418=LINE('',#5132,#570);
#419=LINE('',#5134,#571);
#420=LINE('',#5371,#572);
#421=LINE('',#5373,#573);
#422=LINE('',#5610,#574);
#423=LINE('',#5612,#575);
#424=LINE('',#5844,#576);
#425=LINE('',#5846,#577);
#426=LINE('',#5884,#578);
#427=LINE('',#5886,#579);
#428=LINE('',#5887,#580);
#429=LINE('',#5889,#581);
#430=LINE('',#5890,#582);
#431=LINE('',#5896,#583);
#432=LINE('',#5900,#584);
#433=LINE('',#5902,#585);
#434=LINE('',#5906,#586);
#435=LINE('',#5910,#587);
#436=LINE('',#5914,#588);
#437=LINE('',#5939,#589);
#438=LINE('',#5944,#590);
#439=LINE('',#5948,#591);
#440=LINE('',#5950,#592);
#441=LINE('',#5951,#593);
#442=LINE('',#5956,#594);
#443=LINE('',#5961,#595);
#444=LINE('',#5962,#596);
#445=LINE('',#5964,#597);
#446=LINE('',#5965,#598);
#447=LINE('',#5967,#599);
#448=LINE('',#5969,#600);
#449=LINE('',#5974,#601);
#450=LINE('',#5975,#602);
#451=LINE('',#5976,#603);
#452=LINE('',#5977,#604);
#453=LINE('',#5982,#605);
#454=LINE('',#5987,#606);
#455=LINE('',#5988,#607);
#456=LINE('',#5990,#608);
#457=LINE('',#5992,#609);
#458=LINE('',#5993,#610);
#459=LINE('',#5997,#611);
#460=LINE('',#5998,#612);
#461=LINE('',#6001,#613);
#462=LINE('',#6002,#614);
#463=LINE('',#6008,#615);
#464=LINE('',#6009,#616);
#465=LINE('',#6010,#617);
#466=LINE('',#6016,#618);
#467=LINE('',#6122,#619);
#468=LINE('',#6197,#620);
#469=LINE('',#7413,#621);
#470=LINE('',#7414,#622);
#471=LINE('',#7416,#623);
#472=LINE('',#7422,#624);
#473=LINE('',#7426,#625);
#474=LINE('',#7430,#626);
#475=LINE('',#7433,#627);
#476=LINE('',#7438,#628);
#477=LINE('',#7443,#629);
#478=LINE('',#7447,#630);
#479=LINE('',#7450,#631);
#480=LINE('',#7451,#632);
#481=LINE('',#7454,#633);
#482=LINE('',#7455,#634);
#483=VECTOR('',#2029,10.);
#484=VECTOR('',#2032,10.);
#485=VECTOR('',#2035,1000.);
#486=VECTOR('',#2036,1000.);
#487=VECTOR('',#2037,1000.);
#488=VECTOR('',#2042,10.);
#489=VECTOR('',#2045,10.);
#490=VECTOR('',#2048,1000.);
#491=VECTOR('',#2049,1000.);
#492=VECTOR('',#2050,1000.);
#493=VECTOR('',#2053,1000.);
#494=VECTOR('',#2056,1000.);
#495=VECTOR('',#2059,10.);
#496=VECTOR('',#2060,10.);
#497=VECTOR('',#2061,1000.);
#498=VECTOR('',#2062,1000.);
#499=VECTOR('',#2063,10.);
#500=VECTOR('',#2064,1000.);
#501=VECTOR('',#2071,10.);
#502=VECTOR('',#2078,1000.);
#503=VECTOR('',#2081,1000.);
#504=VECTOR('',#2088,10.);
#505=VECTOR('',#2091,10.);
#506=VECTOR('',#2094,1000.);
#507=VECTOR('',#2095,10.);
#508=VECTOR('',#2096,10.);
#509=VECTOR('',#2097,10.);
#510=VECTOR('',#2102,10.);
#511=VECTOR('',#2105,10.);
#512=VECTOR('',#2108,1000.);
#513=VECTOR('',#2113,1000.);
#514=VECTOR('',#2120,1000.);
#515=VECTOR('',#2125,999.999999999999);
#516=VECTOR('',#2132,1000.);
#517=VECTOR('',#2135,1000.);
#518=VECTOR('',#2140,1000.);
#519=VECTOR('',#2141,1000.);
#520=VECTOR('',#2146,1000.);
#521=VECTOR('',#2147,10.);
#522=VECTOR('',#2150,1000.);
#523=VECTOR('',#2153,1000.);
#524=VECTOR('',#2156,1000.);
#525=VECTOR('',#2159,1000.);
#526=VECTOR('',#2160,999.999999999999);
#527=VECTOR('',#2165,1000.);
#528=VECTOR('',#2168,1000.);
#529=VECTOR('',#2171,999.999999999999);
#530=VECTOR('',#2174,1000.);
#531=VECTOR('',#2179,1000.);
#532=VECTOR('',#2184,1000.);
#533=VECTOR('',#2189,10.);
#534=VECTOR('',#2190,10.);
#535=VECTOR('',#2193,1000.);
#536=VECTOR('',#2194,10.);
#537=VECTOR('',#2195,10.);
#538=VECTOR('',#2198,1000.);
#539=VECTOR('',#2201,1000.);
#540=VECTOR('',#2204,1000.);
#541=VECTOR('',#2207,1000.);
#542=VECTOR('',#2208,1000.);
#543=VECTOR('',#2211,10.);
#544=VECTOR('',#2212,10.);
#545=VECTOR('',#2215,10.);
#546=VECTOR('',#2216,1000.);
#547=VECTOR('',#2217,1000.);
#548=VECTOR('',#2218,10.);
#549=VECTOR('',#2223,10.);
#550=VECTOR('',#2230,1000.);
#551=VECTOR('',#2233,1000.);
#552=VECTOR('',#2240,10.);
#553=VECTOR('',#2243,10.);
#554=VECTOR('',#2246,10.);
#555=VECTOR('',#2249,10.);
#556=VECTOR('',#2250,10.);
#557=VECTOR('',#2253,10.);
#558=VECTOR('',#2254,1000.);
#559=VECTOR('',#2257,1000.);
#560=VECTOR('',#2260,1000.);
#561=VECTOR('',#2261,1000.);
#562=VECTOR('',#2264,1000.);
#563=VECTOR('',#2271,1000.);
#564=VECTOR('',#2274,1000.);
#565=VECTOR('',#2277,1000.);
#566=VECTOR('',#2286,10.);
#567=VECTOR('',#2287,10.);
#568=VECTOR('',#2288,10.);
#569=VECTOR('',#2289,10.);
#570=VECTOR('',#2290,10.);
#571=VECTOR('',#2291,10.);
#572=VECTOR('',#2292,10.);
#573=VECTOR('',#2293,10.);
#574=VECTOR('',#2294,10.);
#575=VECTOR('',#2295,10.);
#576=VECTOR('',#2296,10.);
#577=VECTOR('',#2297,10.);
#578=VECTOR('',#2300,1000.);
#579=VECTOR('',#2301,1000.);
#580=VECTOR('',#2302,1000.);
#581=VECTOR('',#2303,1000.);
#582=VECTOR('',#2304,1000.);
#583=VECTOR('',#2309,1000.);
#584=VECTOR('',#2312,1000.);
#585=VECTOR('',#2313,1000.);
#586=VECTOR('',#2316,1000.);
#587=VECTOR('',#2319,1000.);
#588=VECTOR('',#2322,1000.);
#589=VECTOR('',#2327,1000.);
#590=VECTOR('',#2332,1000.);
#591=VECTOR('',#2337,1000.);
#592=VECTOR('',#2338,1000.);
#593=VECTOR('',#2339,1000.);
#594=VECTOR('',#2344,10.);
#595=VECTOR('',#2351,1000.);
#596=VECTOR('',#2352,1000.);
#597=VECTOR('',#2355,1000.);
#598=VECTOR('',#2356,1000.);
#599=VECTOR('',#2359,1000.);
#600=VECTOR('',#2362,1000.);
#601=VECTOR('',#2369,1000.);
#602=VECTOR('',#2370,1000.);
#603=VECTOR('',#2371,1000.);
#604=VECTOR('',#2372,1000.);
#605=VECTOR('',#2377,1000.);
#606=VECTOR('',#2384,1000.);
#607=VECTOR('',#2385,1000.);
#608=VECTOR('',#2388,1000.);
#609=VECTOR('',#2391,1000.);
#610=VECTOR('',#2392,1000.);
#611=VECTOR('',#2399,1000.);
#612=VECTOR('',#2400,1000.);
#613=VECTOR('',#2405,10.);
#614=VECTOR('',#2406,10.);
#615=VECTOR('',#2413,10.);
#616=VECTOR('',#2414,1000.);
#617=VECTOR('',#2415,1000.);
#618=VECTOR('',#2426,1.99999999999999);
#619=VECTOR('',#2445,2.00000000026006);
#620=VECTOR('',#2448,2.00000000026007);
#621=VECTOR('',#2451,1000.);
#622=VECTOR('',#2452,10.);
#623=VECTOR('',#2455,1000.);
#624=VECTOR('',#2464,2.2);
#625=VECTOR('',#2469,2.2);
#626=VECTOR('',#2474,2.19999999999999);
#627=VECTOR('',#2477,4.25);
#628=VECTOR('',#2484,4.25);
#629=VECTOR('',#2491,1000.);
#630=VECTOR('',#2496,1000.);
#631=VECTOR('',#2499,1000.);
#632=VECTOR('',#2500,1000.);
#633=VECTOR('',#2503,1000.);
#634=VECTOR('',#2504,1000.);
#635=CIRCLE('',#1851,5.);
#636=CIRCLE('',#1852,5.);
#637=CIRCLE('',#1855,1.);
#638=CIRCLE('',#1856,1.);
#639=CIRCLE('',#1858,1.5);
#640=CIRCLE('',#1859,1.);
#641=CIRCLE('',#1862,1.);
#642=CIRCLE('',#1863,1.);
#643=CIRCLE('',#1865,41.);
#644=CIRCLE('',#1866,1.);
#645=CIRCLE('',#1867,5.);
#646=CIRCLE('',#1868,5.);
#647=CIRCLE('',#1869,2.19999999999999);
#648=CIRCLE('',#1871,1.);
#649=CIRCLE('',#1874,1.5);
#650=CIRCLE('',#1875,1.5);
#651=CIRCLE('',#1877,41.);
#652=CIRCLE('',#1878,5.);
#653=CIRCLE('',#1879,1.);
#654=CIRCLE('',#1880,41.);
#655=CIRCLE('',#1881,1.);
#656=CIRCLE('',#1882,5.);
#657=CIRCLE('',#1883,5.);
#658=CIRCLE('',#1884,1.);
#659=CIRCLE('',#1885,41.);
#660=CIRCLE('',#1886,0.999999999999999);
#661=CIRCLE('',#1887,10.);
#662=CIRCLE('',#1888,60.);
#663=CIRCLE('',#1891,1.);
#664=CIRCLE('',#1892,60.);
#665=CIRCLE('',#1893,0.999999999999999);
#666=CIRCLE('',#1894,1.);
#667=CIRCLE('',#1895,1.);
#668=CIRCLE('',#1896,5.);
#669=CIRCLE('',#1897,5.);
#670=CIRCLE('',#1898,3.);
#671=CIRCLE('',#1899,1.);
#672=CIRCLE('',#1900,1.);
#673=CIRCLE('',#1901,5.);
#674=CIRCLE('',#1906,1.);
#675=CIRCLE('',#1909,1.);
#676=CIRCLE('',#1910,0.999999999999999);
#677=CIRCLE('',#1911,10.);
#678=CIRCLE('',#1915,0.999999999999999);
#679=CIRCLE('',#1917,41.);
#680=CIRCLE('',#1918,1.);
#681=CIRCLE('',#1919,5.);
#682=CIRCLE('',#1920,5.);
#683=CIRCLE('',#1921,2.2);
#684=CIRCLE('',#1930,1.);
#685=CIRCLE('',#1931,41.);
#686=CIRCLE('',#1932,1.);
#687=CIRCLE('',#1933,3.);
#688=CIRCLE('',#1934,3.);
#689=CIRCLE('',#1935,5.);
#690=CIRCLE('',#1936,5.);
#691=CIRCLE('',#1937,5.);
#692=CIRCLE('',#1938,2.2);
#693=CIRCLE('',#1941,4.99999999902394);
#694=CIRCLE('',#1942,4.25000000116269);
#695=CIRCLE('',#1943,0.999999999774002);
#696=CIRCLE('',#1944,0.999999999939377);
#697=CIRCLE('',#1945,3.00000000175039);
#698=CIRCLE('',#1946,4.99999999901062);
#699=CIRCLE('',#1950,4.25);
#700=CIRCLE('',#1965,3.);
#701=CIRCLE('',#1998,2.2);
#702=CIRCLE('',#2000,2.2);
#703=CIRCLE('',#2002,2.19999999999999);
#704=CIRCLE('',#2004,4.25);
#705=CIRCLE('',#2007,4.25);
#706=CIRCLE('',#2010,1.);
#707=CIRCLE('',#2011,1.);
#708=VERTEX_POINT('',#2522);
#709=VERTEX_POINT('',#2523);
#710=VERTEX_POINT('',#2525);
#711=VERTEX_POINT('',#2527);
#712=VERTEX_POINT('',#2531);
#713=VERTEX_POINT('',#2533);
#714=VERTEX_POINT('',#2537);
#715=VERTEX_POINT('',#2538);
#716=VERTEX_POINT('',#2540);
#717=VERTEX_POINT('',#2542);
#718=VERTEX_POINT('',#2546);
#719=VERTEX_POINT('',#2548);
#720=VERTEX_POINT('',#2550);
#721=VERTEX_POINT('',#2552);
#722=VERTEX_POINT('',#2554);
#723=VERTEX_POINT('',#2556);
#724=VERTEX_POINT('',#2559);
#725=VERTEX_POINT('',#2560);
#726=VERTEX_POINT('',#2867);
#727=VERTEX_POINT('',#2869);
#728=VERTEX_POINT('',#2871);
#729=VERTEX_POINT('',#2873);
#730=VERTEX_POINT('',#2878);
#731=VERTEX_POINT('',#2880);
#732=VERTEX_POINT('',#2884);
#733=VERTEX_POINT('',#2886);
#734=VERTEX_POINT('',#2888);
#735=VERTEX_POINT('',#2890);
#736=VERTEX_POINT('',#2892);
#737=VERTEX_POINT('',#2895);
#738=VERTEX_POINT('',#2898);
#739=VERTEX_POINT('',#2900);
#740=VERTEX_POINT('',#2904);
#741=VERTEX_POINT('',#2907);
#742=VERTEX_POINT('',#2911);
#743=VERTEX_POINT('',#2913);
#744=VERTEX_POINT('',#2915);
#745=VERTEX_POINT('',#2919);
#746=VERTEX_POINT('',#2922);
#747=VERTEX_POINT('',#2924);
#748=VERTEX_POINT('',#2926);
#749=VERTEX_POINT('',#2928);
#750=VERTEX_POINT('',#2930);
#751=VERTEX_POINT('',#2932);
#752=VERTEX_POINT('',#2934);
#753=VERTEX_POINT('',#2936);
#754=VERTEX_POINT('',#2938);
#755=VERTEX_POINT('',#2940);
#756=VERTEX_POINT('',#2942);
#757=VERTEX_POINT('',#2944);
#758=VERTEX_POINT('',#2946);
#759=VERTEX_POINT('',#2948);
#760=VERTEX_POINT('',#2950);
#761=VERTEX_POINT('',#2953);
#762=VERTEX_POINT('',#2954);
#763=VERTEX_POINT('',#3260);
#764=VERTEX_POINT('',#3261);
#765=VERTEX_POINT('',#3567);
#766=VERTEX_POINT('',#3568);
#767=VERTEX_POINT('',#3875);
#768=VERTEX_POINT('',#3879);
#769=VERTEX_POINT('',#3882);
#770=VERTEX_POINT('',#3884);
#771=VERTEX_POINT('',#3886);
#772=VERTEX_POINT('',#3888);
#773=VERTEX_POINT('',#3890);
#774=VERTEX_POINT('',#3892);
#775=VERTEX_POINT('',#3894);
#776=VERTEX_POINT('',#3896);
#777=VERTEX_POINT('',#3898);
#778=VERTEX_POINT('',#3900);
#779=VERTEX_POINT('',#3902);
#780=VERTEX_POINT('',#3904);
#781=VERTEX_POINT('',#3906);
#782=VERTEX_POINT('',#3908);
#783=VERTEX_POINT('',#3910);
#784=VERTEX_POINT('',#3912);
#785=VERTEX_POINT('',#3914);
#786=VERTEX_POINT('',#3916);
#787=VERTEX_POINT('',#3918);
#788=VERTEX_POINT('',#3927);
#789=VERTEX_POINT('',#3928);
#790=VERTEX_POINT('',#3933);
#791=VERTEX_POINT('',#3935);
#792=VERTEX_POINT('',#3939);
#793=VERTEX_POINT('',#3941);
#794=VERTEX_POINT('',#3943);
#795=VERTEX_POINT('',#3945);
#796=VERTEX_POINT('',#3947);
#797=VERTEX_POINT('',#3949);
#798=VERTEX_POINT('',#3951);
#799=VERTEX_POINT('',#3954);
#800=VERTEX_POINT('',#3955);
#801=VERTEX_POINT('',#4265);
#802=VERTEX_POINT('',#4267);
#803=VERTEX_POINT('',#4269);
#804=VERTEX_POINT('',#4273);
#805=VERTEX_POINT('',#4277);
#806=VERTEX_POINT('',#4279);
#807=VERTEX_POINT('',#4281);
#808=VERTEX_POINT('',#4283);
#809=VERTEX_POINT('',#4285);
#810=VERTEX_POINT('',#4288);
#811=VERTEX_POINT('',#4293);
#812=VERTEX_POINT('',#4295);
#813=VERTEX_POINT('',#4299);
#814=VERTEX_POINT('',#4311);
#815=VERTEX_POINT('',#4312);
#816=VERTEX_POINT('',#4314);
#817=VERTEX_POINT('',#4316);
#818=VERTEX_POINT('',#4318);
#819=VERTEX_POINT('',#4320);
#820=VERTEX_POINT('',#4322);
#821=VERTEX_POINT('',#4324);
#822=VERTEX_POINT('',#4326);
#823=VERTEX_POINT('',#4328);
#824=VERTEX_POINT('',#4330);
#825=VERTEX_POINT('',#4332);
#826=VERTEX_POINT('',#4335);
#827=VERTEX_POINT('',#4533);
#828=VERTEX_POINT('',#4535);
#829=VERTEX_POINT('',#4537);
#830=VERTEX_POINT('',#4772);
#831=VERTEX_POINT('',#4773);
#832=VERTEX_POINT('',#4775);
#833=VERTEX_POINT('',#4796);
#834=VERTEX_POINT('',#4803);
#835=VERTEX_POINT('',#5131);
#836=VERTEX_POINT('',#5133);
#837=VERTEX_POINT('',#5135);
#838=VERTEX_POINT('',#5370);
#839=VERTEX_POINT('',#5372);
#840=VERTEX_POINT('',#5374);
#841=VERTEX_POINT('',#5609);
#842=VERTEX_POINT('',#5611);
#843=VERTEX_POINT('',#5843);
#844=VERTEX_POINT('',#5845);
#845=VERTEX_POINT('',#5882);
#846=VERTEX_POINT('',#5883);
#847=VERTEX_POINT('',#5885);
#848=VERTEX_POINT('',#5888);
#849=VERTEX_POINT('',#5892);
#850=VERTEX_POINT('',#5893);
#851=VERTEX_POINT('',#5895);
#852=VERTEX_POINT('',#5897);
#853=VERTEX_POINT('',#5899);
#854=VERTEX_POINT('',#5901);
#855=VERTEX_POINT('',#5903);
#856=VERTEX_POINT('',#5905);
#857=VERTEX_POINT('',#5907);
#858=VERTEX_POINT('',#5909);
#859=VERTEX_POINT('',#5911);
#860=VERTEX_POINT('',#5913);
#861=VERTEX_POINT('',#5937);
#862=VERTEX_POINT('',#5938);
#863=VERTEX_POINT('',#5941);
#864=VERTEX_POINT('',#5943);
#865=VERTEX_POINT('',#5947);
#866=VERTEX_POINT('',#5949);
#867=VERTEX_POINT('',#5953);
#868=VERTEX_POINT('',#5955);
#869=VERTEX_POINT('',#5958);
#870=VERTEX_POINT('',#5973);
#871=VERTEX_POINT('',#5979);
#872=VERTEX_POINT('',#5981);
#873=VERTEX_POINT('',#5985);
#874=VERTEX_POINT('',#6006);
#875=VERTEX_POINT('',#6007);
#876=VERTEX_POINT('',#6084);
#877=VERTEX_POINT('',#6087);
#878=VERTEX_POINT('',#6162);
#879=VERTEX_POINT('',#7420);
#880=VERTEX_POINT('',#7424);
#881=VERTEX_POINT('',#7428);
#882=VERTEX_POINT('',#7432);
#883=VERTEX_POINT('',#7437);
#884=VERTEX_POINT('',#7442);
#885=VERTEX_POINT('',#7445);
#886=VERTEX_POINT('',#7449);
#887=VERTEX_POINT('',#7453);
#888=EDGE_CURVE('',#708,#709,#635,.T.);
#889=EDGE_CURVE('',#709,#710,#331,.T.);
#890=EDGE_CURVE('',#710,#711,#636,.T.);
#891=EDGE_CURVE('',#711,#708,#332,.T.);
#892=EDGE_CURVE('',#712,#709,#333,.T.);
#893=EDGE_CURVE('',#712,#713,#334,.T.);
#894=EDGE_CURVE('',#713,#710,#335,.T.);
#895=EDGE_CURVE('',#714,#715,#637,.T.);
#896=EDGE_CURVE('',#715,#716,#336,.T.);
#897=EDGE_CURVE('',#716,#717,#638,.F.);
#898=EDGE_CURVE('',#717,#714,#337,.T.);
#899=EDGE_CURVE('',#714,#718,#338,.T.);
#900=EDGE_CURVE('',#719,#718,#339,.T.);
#901=EDGE_CURVE('',#719,#720,#340,.T.);
#902=EDGE_CURVE('',#721,#720,#639,.T.);
#903=EDGE_CURVE('',#721,#722,#341,.T.);
#904=EDGE_CURVE('',#722,#723,#640,.T.);
#905=EDGE_CURVE('',#723,#715,#342,.T.);
#906=EDGE_CURVE('',#724,#725,#60,.T.);
#907=EDGE_CURVE('',#725,#724,#61,.T.);
#908=EDGE_CURVE('',#726,#711,#343,.T.);
#909=EDGE_CURVE('',#727,#726,#344,.T.);
#910=EDGE_CURVE('',#728,#727,#345,.T.);
#911=EDGE_CURVE('',#728,#729,#346,.T.);
#912=EDGE_CURVE('',#718,#729,#347,.T.);
#913=EDGE_CURVE('',#717,#708,#348,.T.);
#914=EDGE_CURVE('',#730,#727,#641,.T.);
#915=EDGE_CURVE('',#726,#731,#642,.F.);
#916=EDGE_CURVE('',#731,#730,#349,.T.);
#917=EDGE_CURVE('',#730,#732,#643,.T.);
#918=EDGE_CURVE('',#733,#732,#644,.T.);
#919=EDGE_CURVE('',#733,#734,#350,.T.);
#920=EDGE_CURVE('',#734,#735,#645,.T.);
#921=EDGE_CURVE('',#735,#736,#351,.T.);
#922=EDGE_CURVE('',#736,#728,#646,.T.);
#923=EDGE_CURVE('',#737,#737,#647,.T.);
#924=EDGE_CURVE('',#732,#738,#352,.T.);
#925=EDGE_CURVE('',#738,#739,#648,.F.);
#926=EDGE_CURVE('',#739,#733,#353,.T.);
#927=EDGE_CURVE('',#739,#740,#354,.T.);
#928=EDGE_CURVE('',#720,#740,#355,.T.);
#929=EDGE_CURVE('',#719,#741,#356,.T.);
#930=EDGE_CURVE('',#741,#734,#357,.T.);
#931=EDGE_CURVE('',#740,#742,#649,.T.);
#932=EDGE_CURVE('',#743,#742,#358,.T.);
#933=EDGE_CURVE('',#743,#744,#650,.F.);
#934=EDGE_CURVE('',#744,#721,#359,.T.);
#935=EDGE_CURVE('',#745,#742,#360,.T.);
#936=EDGE_CURVE('',#731,#738,#651,.T.);
#937=EDGE_CURVE('',#713,#746,#652,.T.);
#938=EDGE_CURVE('',#747,#746,#361,.T.);
#939=EDGE_CURVE('',#747,#748,#653,.T.);
#940=EDGE_CURVE('',#748,#749,#654,.T.);
#941=EDGE_CURVE('',#749,#750,#655,.T.);
#942=EDGE_CURVE('',#751,#750,#362,.T.);
#943=EDGE_CURVE('',#751,#752,#656,.T.);
#944=EDGE_CURVE('',#752,#753,#657,.T.);
#945=EDGE_CURVE('',#753,#754,#363,.T.);
#946=EDGE_CURVE('',#754,#755,#658,.T.);
#947=EDGE_CURVE('',#756,#755,#659,.T.);
#948=EDGE_CURVE('',#757,#756,#660,.F.);
#949=EDGE_CURVE('',#757,#758,#364,.T.);
#950=EDGE_CURVE('',#759,#758,#661,.T.);
#951=EDGE_CURVE('',#760,#759,#365,.T.);
#952=EDGE_CURVE('',#760,#745,#662,.T.);
#953=EDGE_CURVE('',#761,#762,#62,.T.);
#954=EDGE_CURVE('',#762,#761,#63,.T.);
#955=EDGE_CURVE('',#763,#764,#64,.T.);
#956=EDGE_CURVE('',#764,#763,#65,.T.);
#957=EDGE_CURVE('',#765,#766,#66,.T.);
#958=EDGE_CURVE('',#766,#765,#67,.T.);
#959=EDGE_CURVE('',#723,#767,#366,.T.);
#960=EDGE_CURVE('',#767,#716,#367,.T.);
#961=EDGE_CURVE('',#767,#768,#663,.T.);
#962=EDGE_CURVE('',#744,#768,#368,.T.);
#963=EDGE_CURVE('',#769,#743,#369,.F.);
#964=EDGE_CURVE('',#769,#770,#664,.T.);
#965=EDGE_CURVE('',#771,#770,#370,.T.);
#966=EDGE_CURVE('',#771,#772,#665,.T.);
#967=EDGE_CURVE('',#773,#772,#371,.T.);
#968=EDGE_CURVE('',#773,#774,#666,.T.);
#969=EDGE_CURVE('',#775,#774,#372,.T.);
#970=EDGE_CURVE('',#776,#775,#667,.F.);
#971=EDGE_CURVE('',#777,#776,#373,.T.);
#972=EDGE_CURVE('',#778,#777,#374,.T.);
#973=EDGE_CURVE('',#778,#779,#668,.T.);
#974=EDGE_CURVE('',#780,#779,#669,.T.);
#975=EDGE_CURVE('',#781,#780,#375,.T.);
#976=EDGE_CURVE('',#781,#782,#670,.T.);
#977=EDGE_CURVE('',#783,#782,#376,.T.);
#978=EDGE_CURVE('',#783,#784,#671,.T.);
#979=EDGE_CURVE('',#785,#784,#377,.T.);
#980=EDGE_CURVE('',#785,#786,#672,.T.);
#981=EDGE_CURVE('',#787,#786,#378,.T.);
#982=EDGE_CURVE('',#787,#712,#673,.T.);
#983=EDGE_CURVE('',#745,#769,#379,.T.);
#984=EDGE_CURVE('',#768,#722,#380,.T.);
#985=EDGE_CURVE('',#788,#789,#674,.T.);
#986=EDGE_CURVE('',#789,#776,#381,.T.);
#987=EDGE_CURVE('',#775,#788,#382,.T.);
#988=EDGE_CURVE('',#789,#790,#383,.T.);
#989=EDGE_CURVE('',#790,#791,#384,.T.);
#990=EDGE_CURVE('',#777,#791,#385,.T.);
#991=EDGE_CURVE('',#792,#788,#386,.T.);
#992=EDGE_CURVE('',#792,#793,#675,.T.);
#993=EDGE_CURVE('',#794,#793,#387,.T.);
#994=EDGE_CURVE('',#794,#795,#676,.T.);
#995=EDGE_CURVE('',#796,#795,#388,.T.);
#996=EDGE_CURVE('',#797,#796,#677,.T.);
#997=EDGE_CURVE('',#797,#798,#389,.T.);
#998=EDGE_CURVE('',#790,#798,#390,.T.);
#999=EDGE_CURVE('',#799,#800,#68,.T.);
#1000=EDGE_CURVE('',#800,#799,#69,.T.);
#1001=EDGE_CURVE('',#758,#797,#391,.T.);
#1002=EDGE_CURVE('',#796,#759,#392,.T.);
#1003=EDGE_CURVE('',#801,#757,#393,.T.);
#1004=EDGE_CURVE('',#802,#801,#394,.T.);
#1005=EDGE_CURVE('',#802,#803,#395,.T.);
#1006=EDGE_CURVE('',#798,#803,#396,.T.);
#1007=EDGE_CURVE('',#804,#801,#678,.T.);
#1008=EDGE_CURVE('',#756,#804,#397,.T.);
#1009=EDGE_CURVE('',#804,#805,#679,.T.);
#1010=EDGE_CURVE('',#806,#805,#680,.T.);
#1011=EDGE_CURVE('',#806,#807,#398,.T.);
#1012=EDGE_CURVE('',#807,#808,#681,.T.);
#1013=EDGE_CURVE('',#808,#809,#399,.T.);
#1014=EDGE_CURVE('',#809,#802,#682,.T.);
#1015=EDGE_CURVE('',#810,#810,#683,.T.);
#1016=EDGE_CURVE('',#805,#755,#400,.T.);
#1017=EDGE_CURVE('',#754,#811,#401,.F.);
#1018=EDGE_CURVE('',#811,#812,#31,.T.);
#1019=EDGE_CURVE('',#812,#806,#402,.T.);
#1020=EDGE_CURVE('',#812,#813,#403,.T.);
#1021=EDGE_CURVE('',#813,#807,#404,.T.);
#1022=EDGE_CURVE('',#791,#811,#405,.T.);
#1023=EDGE_CURVE('',#753,#778,#406,.T.);
#1024=EDGE_CURVE('',#774,#792,#407,.T.);
#1025=EDGE_CURVE('',#795,#771,#408,.T.);
#1026=EDGE_CURVE('',#770,#760,#409,.T.);
#1027=EDGE_CURVE('',#814,#815,#410,.T.);
#1028=EDGE_CURVE('',#815,#816,#684,.T.);
#1029=EDGE_CURVE('',#816,#817,#685,.T.);
#1030=EDGE_CURVE('',#817,#818,#686,.T.);
#1031=EDGE_CURVE('',#818,#819,#411,.T.);
#1032=EDGE_CURVE('',#819,#820,#687,.T.);
#1033=EDGE_CURVE('',#820,#821,#412,.T.);
#1034=EDGE_CURVE('',#821,#822,#688,.T.);
#1035=EDGE_CURVE('',#822,#823,#413,.T.);
#1036=EDGE_CURVE('',#823,#824,#689,.T.);
#1037=EDGE_CURVE('',#824,#825,#690,.T.);
#1038=EDGE_CURVE('',#825,#814,#691,.T.);
#1039=EDGE_CURVE('',#826,#826,#692,.T.);
#1040=EDGE_CURVE('',#800,#827,#414,.T.);
#1041=EDGE_CURVE('',#799,#828,#415,.T.);
#1042=EDGE_CURVE('',#829,#828,#70,.F.);
#1043=EDGE_CURVE('',#827,#829,#71,.F.);
#1044=EDGE_CURVE('',#830,#831,#416,.T.);
#1045=EDGE_CURVE('',#832,#830,#72,.F.);
#1046=EDGE_CURVE('',#833,#832,#73,.F.);
#1047=EDGE_CURVE('',#833,#834,#417,.T.);
#1048=EDGE_CURVE('',#831,#834,#74,.T.);
#1049=EDGE_CURVE('',#725,#835,#418,.T.);
#1050=EDGE_CURVE('',#724,#836,#419,.T.);
#1051=EDGE_CURVE('',#837,#836,#75,.F.);
#1052=EDGE_CURVE('',#835,#837,#76,.F.);
#1053=EDGE_CURVE('',#766,#838,#420,.T.);
#1054=EDGE_CURVE('',#765,#839,#421,.T.);
#1055=EDGE_CURVE('',#840,#839,#77,.F.);
#1056=EDGE_CURVE('',#838,#840,#78,.F.);
#1057=EDGE_CURVE('',#764,#841,#422,.T.);
#1058=EDGE_CURVE('',#763,#842,#423,.T.);
#1059=EDGE_CURVE('',#841,#842,#79,.F.);
#1060=EDGE_CURVE('',#762,#843,#424,.T.);
#1061=EDGE_CURVE('',#761,#844,#425,.T.);
#1062=EDGE_CURVE('',#843,#844,#80,.F.);
#1063=EDGE_CURVE('',#845,#846,#426,.T.);
#1064=EDGE_CURVE('',#846,#847,#427,.T.);
#1065=EDGE_CURVE('',#847,#821,#428,.T.);
#1066=EDGE_CURVE('',#820,#848,#429,.T.);
#1067=EDGE_CURVE('',#845,#848,#430,.T.);
#1068=EDGE_CURVE('',#849,#850,#693,.T.);
#1069=EDGE_CURVE('',#849,#851,#431,.T.);
#1070=EDGE_CURVE('',#851,#852,#694,.T.);
#1071=EDGE_CURVE('',#852,#853,#432,.T.);
#1072=EDGE_CURVE('',#854,#853,#433,.T.);
#1073=EDGE_CURVE('',#854,#855,#695,.T.);
#1074=EDGE_CURVE('',#855,#856,#434,.T.);
#1075=EDGE_CURVE('',#856,#857,#696,.T.);
#1076=EDGE_CURVE('',#857,#858,#435,.T.);
#1077=EDGE_CURVE('',#858,#859,#697,.T.);
#1078=EDGE_CURVE('',#860,#859,#436,.T.);
#1079=EDGE_CURVE('',#860,#850,#698,.T.);
#1080=EDGE_CURVE('',#834,#831,#81,.F.);
#1081=EDGE_CURVE('',#861,#862,#437,.T.);
#1082=EDGE_CURVE('',#861,#852,#32,.T.);
#1083=EDGE_CURVE('',#851,#863,#33,.T.);
#1084=EDGE_CURVE('',#863,#864,#438,.T.);
#1085=EDGE_CURVE('',#864,#862,#699,.T.);
#1086=EDGE_CURVE('',#822,#865,#439,.T.);
#1087=EDGE_CURVE('',#865,#866,#440,.T.);
#1088=EDGE_CURVE('',#866,#823,#441,.T.);
#1089=EDGE_CURVE('',#729,#867,#34,.T.);
#1090=EDGE_CURVE('',#868,#867,#442,.T.);
#1091=EDGE_CURVE('',#868,#741,#35,.T.);
#1092=EDGE_CURVE('',#869,#869,#36,.F.);
#1093=EDGE_CURVE('',#857,#783,#443,.T.);
#1094=EDGE_CURVE('',#782,#858,#444,.T.);
#1095=EDGE_CURVE('',#784,#856,#445,.T.);
#1096=EDGE_CURVE('',#855,#785,#446,.T.);
#1097=EDGE_CURVE('',#786,#854,#447,.T.);
#1098=EDGE_CURVE('',#859,#781,#448,.T.);
#1099=EDGE_CURVE('',#865,#847,#37,.T.);
#1100=EDGE_CURVE('',#870,#853,#449,.T.);
#1101=EDGE_CURVE('',#870,#819,#450,.T.);
#1102=EDGE_CURVE('',#818,#747,#451,.T.);
#1103=EDGE_CURVE('',#746,#787,#452,.T.);
#1104=EDGE_CURVE('',#871,#870,#38,.T.);
#1105=EDGE_CURVE('',#871,#872,#453,.T.);
#1106=EDGE_CURVE('',#872,#848,#700,.T.);
#1107=EDGE_CURVE('',#849,#873,#39,.T.);
#1108=EDGE_CURVE('',#850,#825,#454,.T.);
#1109=EDGE_CURVE('',#824,#873,#455,.T.);
#1110=EDGE_CURVE('',#780,#860,#456,.T.);
#1111=EDGE_CURVE('',#779,#752,#457,.T.);
#1112=EDGE_CURVE('',#814,#751,#458,.T.);
#1113=EDGE_CURVE('',#873,#866,#40,.T.);
#1114=EDGE_CURVE('',#793,#773,#459,.T.);
#1115=EDGE_CURVE('',#772,#794,#460,.T.);
#1116=EDGE_CURVE('',#868,#735,#461,.T.);
#1117=EDGE_CURVE('',#867,#736,#462,.T.);
#1118=EDGE_CURVE('',#874,#875,#463,.T.);
#1119=EDGE_CURVE('',#874,#809,#464,.T.);
#1120=EDGE_CURVE('',#808,#875,#465,.T.);
#1121=EDGE_CURVE('',#875,#813,#41,.T.);
#1122=EDGE_CURVE('',#803,#874,#42,.T.);
#1123=EDGE_CURVE('',#840,#832,#466,.T.);
#1124=EDGE_CURVE('',#830,#833,#82,.T.);
#1125=EDGE_CURVE('',#839,#838,#83,.T.);
#1126=EDGE_CURVE('',#876,#876,#43,.F.);
#1127=EDGE_CURVE('',#844,#877,#84,.F.);
#1128=EDGE_CURVE('',#877,#837,#467,.T.);
#1129=EDGE_CURVE('',#836,#835,#85,.T.);
#1130=EDGE_CURVE('',#877,#843,#86,.F.);
#1131=EDGE_CURVE('',#842,#878,#87,.F.);
#1132=EDGE_CURVE('',#878,#829,#468,.T.);
#1133=EDGE_CURVE('',#828,#827,#88,.T.);
#1134=EDGE_CURVE('',#878,#841,#89,.F.);
#1135=EDGE_CURVE('',#816,#749,#469,.T.);
#1136=EDGE_CURVE('',#748,#817,#470,.T.);
#1137=EDGE_CURVE('',#750,#815,#471,.T.);
#1138=EDGE_CURVE('',#879,#879,#701,.T.);
#1139=EDGE_CURVE('',#879,#826,#472,.T.);
#1140=EDGE_CURVE('',#880,#880,#702,.T.);
#1141=EDGE_CURVE('',#880,#810,#473,.T.);
#1142=EDGE_CURVE('',#881,#881,#703,.T.);
#1143=EDGE_CURVE('',#881,#737,#474,.T.);
#1144=EDGE_CURVE('',#869,#882,#475,.T.);
#1145=EDGE_CURVE('',#882,#882,#704,.T.);
#1146=EDGE_CURVE('',#876,#883,#476,.T.);
#1147=EDGE_CURVE('',#883,#883,#705,.T.);
#1148=EDGE_CURVE('',#864,#884,#477,.T.);
#1149=EDGE_CURVE('',#884,#845,#706,.T.);
#1150=EDGE_CURVE('',#872,#885,#707,.T.);
#1151=EDGE_CURVE('',#885,#862,#478,.T.);
#1152=EDGE_CURVE('',#886,#863,#479,.T.);
#1153=EDGE_CURVE('',#886,#884,#480,.T.);
#1154=EDGE_CURVE('',#861,#887,#481,.T.);
#1155=EDGE_CURVE('',#885,#887,#482,.T.);
#1156=EDGE_CURVE('',#887,#871,#44,.T.);
#1157=EDGE_CURVE('',#846,#886,#45,.T.);
#1158=ORIENTED_EDGE('',*,*,#888,.T.);
#1159=ORIENTED_EDGE('',*,*,#889,.T.);
#1160=ORIENTED_EDGE('',*,*,#890,.T.);
#1161=ORIENTED_EDGE('',*,*,#891,.T.);
#1162=ORIENTED_EDGE('',*,*,#889,.F.);
#1163=ORIENTED_EDGE('',*,*,#892,.F.);
#1164=ORIENTED_EDGE('',*,*,#893,.T.);
#1165=ORIENTED_EDGE('',*,*,#894,.T.);
#1166=ORIENTED_EDGE('',*,*,#895,.T.);
#1167=ORIENTED_EDGE('',*,*,#896,.T.);
#1168=ORIENTED_EDGE('',*,*,#897,.T.);
#1169=ORIENTED_EDGE('',*,*,#898,.T.);
#1170=ORIENTED_EDGE('',*,*,#895,.F.);
#1171=ORIENTED_EDGE('',*,*,#899,.T.);
#1172=ORIENTED_EDGE('',*,*,#900,.F.);
#1173=ORIENTED_EDGE('',*,*,#901,.T.);
#1174=ORIENTED_EDGE('',*,*,#902,.F.);
#1175=ORIENTED_EDGE('',*,*,#903,.T.);
#1176=ORIENTED_EDGE('',*,*,#904,.T.);
#1177=ORIENTED_EDGE('',*,*,#905,.T.);
#1178=ORIENTED_EDGE('',*,*,#906,.T.);
#1179=ORIENTED_EDGE('',*,*,#907,.T.);
#1180=ORIENTED_EDGE('',*,*,#891,.F.);
#1181=ORIENTED_EDGE('',*,*,#908,.F.);
#1182=ORIENTED_EDGE('',*,*,#909,.F.);
#1183=ORIENTED_EDGE('',*,*,#910,.F.);
#1184=ORIENTED_EDGE('',*,*,#911,.T.);
#1185=ORIENTED_EDGE('',*,*,#912,.F.);
#1186=ORIENTED_EDGE('',*,*,#899,.F.);
#1187=ORIENTED_EDGE('',*,*,#898,.F.);
#1188=ORIENTED_EDGE('',*,*,#913,.T.);
#1189=ORIENTED_EDGE('',*,*,#914,.T.);
#1190=ORIENTED_EDGE('',*,*,#909,.T.);
#1191=ORIENTED_EDGE('',*,*,#915,.T.);
#1192=ORIENTED_EDGE('',*,*,#916,.T.);
#1193=ORIENTED_EDGE('',*,*,#914,.F.);
#1194=ORIENTED_EDGE('',*,*,#917,.T.);
#1195=ORIENTED_EDGE('',*,*,#918,.F.);
#1196=ORIENTED_EDGE('',*,*,#919,.T.);
#1197=ORIENTED_EDGE('',*,*,#920,.T.);
#1198=ORIENTED_EDGE('',*,*,#921,.T.);
#1199=ORIENTED_EDGE('',*,*,#922,.T.);
#1200=ORIENTED_EDGE('',*,*,#910,.T.);
#1201=ORIENTED_EDGE('',*,*,#923,.T.);
#1202=ORIENTED_EDGE('',*,*,#918,.T.);
#1203=ORIENTED_EDGE('',*,*,#924,.T.);
#1204=ORIENTED_EDGE('',*,*,#925,.T.);
#1205=ORIENTED_EDGE('',*,*,#926,.T.);
#1206=ORIENTED_EDGE('',*,*,#926,.F.);
#1207=ORIENTED_EDGE('',*,*,#927,.T.);
#1208=ORIENTED_EDGE('',*,*,#928,.F.);
#1209=ORIENTED_EDGE('',*,*,#901,.F.);
#1210=ORIENTED_EDGE('',*,*,#929,.T.);
#1211=ORIENTED_EDGE('',*,*,#930,.T.);
#1212=ORIENTED_EDGE('',*,*,#919,.F.);
#1213=ORIENTED_EDGE('',*,*,#902,.T.);
#1214=ORIENTED_EDGE('',*,*,#928,.T.);
#1215=ORIENTED_EDGE('',*,*,#931,.T.);
#1216=ORIENTED_EDGE('',*,*,#932,.F.);
#1217=ORIENTED_EDGE('',*,*,#933,.T.);
#1218=ORIENTED_EDGE('',*,*,#934,.T.);
#1219=ORIENTED_EDGE('',*,*,#935,.T.);
#1220=ORIENTED_EDGE('',*,*,#931,.F.);
#1221=ORIENTED_EDGE('',*,*,#927,.F.);
#1222=ORIENTED_EDGE('',*,*,#925,.F.);
#1223=ORIENTED_EDGE('',*,*,#936,.F.);
#1224=ORIENTED_EDGE('',*,*,#915,.F.);
#1225=ORIENTED_EDGE('',*,*,#908,.T.);
#1226=ORIENTED_EDGE('',*,*,#890,.F.);
#1227=ORIENTED_EDGE('',*,*,#894,.F.);
#1228=ORIENTED_EDGE('',*,*,#937,.T.);
#1229=ORIENTED_EDGE('',*,*,#938,.F.);
#1230=ORIENTED_EDGE('',*,*,#939,.T.);
#1231=ORIENTED_EDGE('',*,*,#940,.T.);
#1232=ORIENTED_EDGE('',*,*,#941,.T.);
#1233=ORIENTED_EDGE('',*,*,#942,.F.);
#1234=ORIENTED_EDGE('',*,*,#943,.T.);
#1235=ORIENTED_EDGE('',*,*,#944,.T.);
#1236=ORIENTED_EDGE('',*,*,#945,.T.);
#1237=ORIENTED_EDGE('',*,*,#946,.T.);
#1238=ORIENTED_EDGE('',*,*,#947,.F.);
#1239=ORIENTED_EDGE('',*,*,#948,.F.);
#1240=ORIENTED_EDGE('',*,*,#949,.T.);
#1241=ORIENTED_EDGE('',*,*,#950,.F.);
#1242=ORIENTED_EDGE('',*,*,#951,.F.);
#1243=ORIENTED_EDGE('',*,*,#952,.T.);
#1244=ORIENTED_EDGE('',*,*,#953,.T.);
#1245=ORIENTED_EDGE('',*,*,#954,.T.);
#1246=ORIENTED_EDGE('',*,*,#955,.T.);
#1247=ORIENTED_EDGE('',*,*,#956,.T.);
#1248=ORIENTED_EDGE('',*,*,#957,.T.);
#1249=ORIENTED_EDGE('',*,*,#958,.T.);
#1250=ORIENTED_EDGE('',*,*,#896,.F.);
#1251=ORIENTED_EDGE('',*,*,#905,.F.);
#1252=ORIENTED_EDGE('',*,*,#959,.T.);
#1253=ORIENTED_EDGE('',*,*,#960,.T.);
#1254=ORIENTED_EDGE('',*,*,#892,.T.);
#1255=ORIENTED_EDGE('',*,*,#888,.F.);
#1256=ORIENTED_EDGE('',*,*,#913,.F.);
#1257=ORIENTED_EDGE('',*,*,#897,.F.);
#1258=ORIENTED_EDGE('',*,*,#960,.F.);
#1259=ORIENTED_EDGE('',*,*,#961,.T.);
#1260=ORIENTED_EDGE('',*,*,#962,.F.);
#1261=ORIENTED_EDGE('',*,*,#933,.F.);
#1262=ORIENTED_EDGE('',*,*,#963,.F.);
#1263=ORIENTED_EDGE('',*,*,#964,.T.);
#1264=ORIENTED_EDGE('',*,*,#965,.F.);
#1265=ORIENTED_EDGE('',*,*,#966,.T.);
#1266=ORIENTED_EDGE('',*,*,#967,.F.);
#1267=ORIENTED_EDGE('',*,*,#968,.T.);
#1268=ORIENTED_EDGE('',*,*,#969,.F.);
#1269=ORIENTED_EDGE('',*,*,#970,.F.);
#1270=ORIENTED_EDGE('',*,*,#971,.F.);
#1271=ORIENTED_EDGE('',*,*,#972,.F.);
#1272=ORIENTED_EDGE('',*,*,#973,.T.);
#1273=ORIENTED_EDGE('',*,*,#974,.F.);
#1274=ORIENTED_EDGE('',*,*,#975,.F.);
#1275=ORIENTED_EDGE('',*,*,#976,.T.);
#1276=ORIENTED_EDGE('',*,*,#977,.F.);
#1277=ORIENTED_EDGE('',*,*,#978,.T.);
#1278=ORIENTED_EDGE('',*,*,#979,.F.);
#1279=ORIENTED_EDGE('',*,*,#980,.T.);
#1280=ORIENTED_EDGE('',*,*,#981,.F.);
#1281=ORIENTED_EDGE('',*,*,#982,.T.);
#1282=ORIENTED_EDGE('',*,*,#963,.T.);
#1283=ORIENTED_EDGE('',*,*,#932,.T.);
#1284=ORIENTED_EDGE('',*,*,#935,.F.);
#1285=ORIENTED_EDGE('',*,*,#983,.T.);
#1286=ORIENTED_EDGE('',*,*,#916,.F.);
#1287=ORIENTED_EDGE('',*,*,#936,.T.);
#1288=ORIENTED_EDGE('',*,*,#924,.F.);
#1289=ORIENTED_EDGE('',*,*,#917,.F.);
#1290=ORIENTED_EDGE('',*,*,#934,.F.);
#1291=ORIENTED_EDGE('',*,*,#962,.T.);
#1292=ORIENTED_EDGE('',*,*,#984,.T.);
#1293=ORIENTED_EDGE('',*,*,#903,.F.);
#1294=ORIENTED_EDGE('',*,*,#985,.T.);
#1295=ORIENTED_EDGE('',*,*,#986,.T.);
#1296=ORIENTED_EDGE('',*,*,#970,.T.);
#1297=ORIENTED_EDGE('',*,*,#987,.T.);
#1298=ORIENTED_EDGE('',*,*,#986,.F.);
#1299=ORIENTED_EDGE('',*,*,#988,.T.);
#1300=ORIENTED_EDGE('',*,*,#989,.T.);
#1301=ORIENTED_EDGE('',*,*,#990,.F.);
#1302=ORIENTED_EDGE('',*,*,#971,.T.);
#1303=ORIENTED_EDGE('',*,*,#985,.F.);
#1304=ORIENTED_EDGE('',*,*,#991,.F.);
#1305=ORIENTED_EDGE('',*,*,#992,.T.);
#1306=ORIENTED_EDGE('',*,*,#993,.F.);
#1307=ORIENTED_EDGE('',*,*,#994,.T.);
#1308=ORIENTED_EDGE('',*,*,#995,.F.);
#1309=ORIENTED_EDGE('',*,*,#996,.F.);
#1310=ORIENTED_EDGE('',*,*,#997,.T.);
#1311=ORIENTED_EDGE('',*,*,#998,.F.);
#1312=ORIENTED_EDGE('',*,*,#988,.F.);
#1313=ORIENTED_EDGE('',*,*,#999,.T.);
#1314=ORIENTED_EDGE('',*,*,#1000,.T.);
#1315=ORIENTED_EDGE('',*,*,#950,.T.);
#1316=ORIENTED_EDGE('',*,*,#1001,.T.);
#1317=ORIENTED_EDGE('',*,*,#996,.T.);
#1318=ORIENTED_EDGE('',*,*,#1002,.T.);
#1319=ORIENTED_EDGE('',*,*,#1001,.F.);
#1320=ORIENTED_EDGE('',*,*,#949,.F.);
#1321=ORIENTED_EDGE('',*,*,#1003,.F.);
#1322=ORIENTED_EDGE('',*,*,#1004,.F.);
#1323=ORIENTED_EDGE('',*,*,#1005,.T.);
#1324=ORIENTED_EDGE('',*,*,#1006,.F.);
#1325=ORIENTED_EDGE('',*,*,#997,.F.);
#1326=ORIENTED_EDGE('',*,*,#1007,.T.);
#1327=ORIENTED_EDGE('',*,*,#1003,.T.);
#1328=ORIENTED_EDGE('',*,*,#948,.T.);
#1329=ORIENTED_EDGE('',*,*,#1008,.T.);
#1330=ORIENTED_EDGE('',*,*,#1007,.F.);
#1331=ORIENTED_EDGE('',*,*,#1009,.T.);
#1332=ORIENTED_EDGE('',*,*,#1010,.F.);
#1333=ORIENTED_EDGE('',*,*,#1011,.T.);
#1334=ORIENTED_EDGE('',*,*,#1012,.T.);
#1335=ORIENTED_EDGE('',*,*,#1013,.T.);
#1336=ORIENTED_EDGE('',*,*,#1014,.T.);
#1337=ORIENTED_EDGE('',*,*,#1004,.T.);
#1338=ORIENTED_EDGE('',*,*,#1015,.T.);
#1339=ORIENTED_EDGE('',*,*,#1008,.F.);
#1340=ORIENTED_EDGE('',*,*,#947,.T.);
#1341=ORIENTED_EDGE('',*,*,#1016,.F.);
#1342=ORIENTED_EDGE('',*,*,#1009,.F.);
#1343=ORIENTED_EDGE('',*,*,#1010,.T.);
#1344=ORIENTED_EDGE('',*,*,#1016,.T.);
#1345=ORIENTED_EDGE('',*,*,#946,.F.);
#1346=ORIENTED_EDGE('',*,*,#1017,.T.);
#1347=ORIENTED_EDGE('',*,*,#1018,.T.);
#1348=ORIENTED_EDGE('',*,*,#1019,.T.);
#1349=ORIENTED_EDGE('',*,*,#1019,.F.);
#1350=ORIENTED_EDGE('',*,*,#1020,.T.);
#1351=ORIENTED_EDGE('',*,*,#1021,.T.);
#1352=ORIENTED_EDGE('',*,*,#1011,.F.);
#1353=ORIENTED_EDGE('',*,*,#972,.T.);
#1354=ORIENTED_EDGE('',*,*,#990,.T.);
#1355=ORIENTED_EDGE('',*,*,#1022,.T.);
#1356=ORIENTED_EDGE('',*,*,#1017,.F.);
#1357=ORIENTED_EDGE('',*,*,#945,.F.);
#1358=ORIENTED_EDGE('',*,*,#1023,.T.);
#1359=ORIENTED_EDGE('',*,*,#987,.F.);
#1360=ORIENTED_EDGE('',*,*,#969,.T.);
#1361=ORIENTED_EDGE('',*,*,#1024,.T.);
#1362=ORIENTED_EDGE('',*,*,#991,.T.);
#1363=ORIENTED_EDGE('',*,*,#1002,.F.);
#1364=ORIENTED_EDGE('',*,*,#995,.T.);
#1365=ORIENTED_EDGE('',*,*,#1025,.T.);
#1366=ORIENTED_EDGE('',*,*,#965,.T.);
#1367=ORIENTED_EDGE('',*,*,#1026,.T.);
#1368=ORIENTED_EDGE('',*,*,#951,.T.);
#1369=ORIENTED_EDGE('',*,*,#1027,.T.);
#1370=ORIENTED_EDGE('',*,*,#1028,.T.);
#1371=ORIENTED_EDGE('',*,*,#1029,.T.);
#1372=ORIENTED_EDGE('',*,*,#1030,.T.);
#1373=ORIENTED_EDGE('',*,*,#1031,.T.);
#1374=ORIENTED_EDGE('',*,*,#1032,.T.);
#1375=ORIENTED_EDGE('',*,*,#1033,.T.);
#1376=ORIENTED_EDGE('',*,*,#1034,.T.);
#1377=ORIENTED_EDGE('',*,*,#1035,.T.);
#1378=ORIENTED_EDGE('',*,*,#1036,.T.);
#1379=ORIENTED_EDGE('',*,*,#1037,.T.);
#1380=ORIENTED_EDGE('',*,*,#1038,.T.);
#1381=ORIENTED_EDGE('',*,*,#1039,.T.);
#1382=ORIENTED_EDGE('',*,*,#1040,.F.);
#1383=ORIENTED_EDGE('',*,*,#999,.F.);
#1384=ORIENTED_EDGE('',*,*,#1041,.T.);
#1385=ORIENTED_EDGE('',*,*,#1042,.F.);
#1386=ORIENTED_EDGE('',*,*,#1043,.F.);
#1387=ORIENTED_EDGE('',*,*,#1044,.F.);
#1388=ORIENTED_EDGE('',*,*,#1045,.F.);
#1389=ORIENTED_EDGE('',*,*,#1046,.F.);
#1390=ORIENTED_EDGE('',*,*,#1047,.T.);
#1391=ORIENTED_EDGE('',*,*,#1048,.F.);
#1392=ORIENTED_EDGE('',*,*,#1049,.F.);
#1393=ORIENTED_EDGE('',*,*,#906,.F.);
#1394=ORIENTED_EDGE('',*,*,#1050,.T.);
#1395=ORIENTED_EDGE('',*,*,#1051,.F.);
#1396=ORIENTED_EDGE('',*,*,#1052,.F.);
#1397=ORIENTED_EDGE('',*,*,#1053,.F.);
#1398=ORIENTED_EDGE('',*,*,#957,.F.);
#1399=ORIENTED_EDGE('',*,*,#1054,.T.);
#1400=ORIENTED_EDGE('',*,*,#1055,.F.);
#1401=ORIENTED_EDGE('',*,*,#1056,.F.);
#1402=ORIENTED_EDGE('',*,*,#1057,.F.);
#1403=ORIENTED_EDGE('',*,*,#955,.F.);
#1404=ORIENTED_EDGE('',*,*,#1058,.T.);
#1405=ORIENTED_EDGE('',*,*,#1059,.F.);
#1406=ORIENTED_EDGE('',*,*,#1060,.F.);
#1407=ORIENTED_EDGE('',*,*,#953,.F.);
#1408=ORIENTED_EDGE('',*,*,#1061,.T.);
#1409=ORIENTED_EDGE('',*,*,#1062,.F.);
#1410=ORIENTED_EDGE('',*,*,#1063,.T.);
#1411=ORIENTED_EDGE('',*,*,#1064,.T.);
#1412=ORIENTED_EDGE('',*,*,#1065,.T.);
#1413=ORIENTED_EDGE('',*,*,#1033,.F.);
#1414=ORIENTED_EDGE('',*,*,#1066,.T.);
#1415=ORIENTED_EDGE('',*,*,#1067,.F.);
#1416=ORIENTED_EDGE('',*,*,#1068,.F.);
#1417=ORIENTED_EDGE('',*,*,#1069,.T.);
#1418=ORIENTED_EDGE('',*,*,#1070,.T.);
#1419=ORIENTED_EDGE('',*,*,#1071,.T.);
#1420=ORIENTED_EDGE('',*,*,#1072,.F.);
#1421=ORIENTED_EDGE('',*,*,#1073,.T.);
#1422=ORIENTED_EDGE('',*,*,#1074,.T.);
#1423=ORIENTED_EDGE('',*,*,#1075,.T.);
#1424=ORIENTED_EDGE('',*,*,#1076,.T.);
#1425=ORIENTED_EDGE('',*,*,#1077,.T.);
#1426=ORIENTED_EDGE('',*,*,#1078,.F.);
#1427=ORIENTED_EDGE('',*,*,#1079,.T.);
#1428=ORIENTED_EDGE('',*,*,#1080,.T.);
#1429=ORIENTED_EDGE('',*,*,#1048,.T.);
#1430=ORIENTED_EDGE('',*,*,#1081,.F.);
#1431=ORIENTED_EDGE('',*,*,#1082,.T.);
#1432=ORIENTED_EDGE('',*,*,#1070,.F.);
#1433=ORIENTED_EDGE('',*,*,#1083,.T.);
#1434=ORIENTED_EDGE('',*,*,#1084,.T.);
#1435=ORIENTED_EDGE('',*,*,#1085,.T.);
#1436=ORIENTED_EDGE('',*,*,#1086,.T.);
#1437=ORIENTED_EDGE('',*,*,#1087,.T.);
#1438=ORIENTED_EDGE('',*,*,#1088,.T.);
#1439=ORIENTED_EDGE('',*,*,#1035,.F.);
#1440=ORIENTED_EDGE('',*,*,#900,.T.);
#1441=ORIENTED_EDGE('',*,*,#912,.T.);
#1442=ORIENTED_EDGE('',*,*,#1089,.T.);
#1443=ORIENTED_EDGE('',*,*,#1090,.F.);
#1444=ORIENTED_EDGE('',*,*,#1091,.T.);
#1445=ORIENTED_EDGE('',*,*,#929,.F.);
#1446=ORIENTED_EDGE('',*,*,#1092,.T.);
#1447=ORIENTED_EDGE('',*,*,#1076,.F.);
#1448=ORIENTED_EDGE('',*,*,#1093,.T.);
#1449=ORIENTED_EDGE('',*,*,#977,.T.);
#1450=ORIENTED_EDGE('',*,*,#1094,.T.);
#1451=ORIENTED_EDGE('',*,*,#979,.T.);
#1452=ORIENTED_EDGE('',*,*,#1095,.T.);
#1453=ORIENTED_EDGE('',*,*,#1074,.F.);
#1454=ORIENTED_EDGE('',*,*,#1096,.T.);
#1455=ORIENTED_EDGE('',*,*,#980,.F.);
#1456=ORIENTED_EDGE('',*,*,#1096,.F.);
#1457=ORIENTED_EDGE('',*,*,#1073,.F.);
#1458=ORIENTED_EDGE('',*,*,#1097,.F.);
#1459=ORIENTED_EDGE('',*,*,#1077,.F.);
#1460=ORIENTED_EDGE('',*,*,#1094,.F.);
#1461=ORIENTED_EDGE('',*,*,#976,.F.);
#1462=ORIENTED_EDGE('',*,*,#1098,.F.);
#1463=ORIENTED_EDGE('',*,*,#1099,.F.);
#1464=ORIENTED_EDGE('',*,*,#1086,.F.);
#1465=ORIENTED_EDGE('',*,*,#1034,.F.);
#1466=ORIENTED_EDGE('',*,*,#1065,.F.);
#1467=ORIENTED_EDGE('',*,*,#1072,.T.);
#1468=ORIENTED_EDGE('',*,*,#1100,.F.);
#1469=ORIENTED_EDGE('',*,*,#1101,.T.);
#1470=ORIENTED_EDGE('',*,*,#1031,.F.);
#1471=ORIENTED_EDGE('',*,*,#1102,.T.);
#1472=ORIENTED_EDGE('',*,*,#938,.T.);
#1473=ORIENTED_EDGE('',*,*,#1103,.T.);
#1474=ORIENTED_EDGE('',*,*,#981,.T.);
#1475=ORIENTED_EDGE('',*,*,#1097,.T.);
#1476=ORIENTED_EDGE('',*,*,#1104,.F.);
#1477=ORIENTED_EDGE('',*,*,#1105,.T.);
#1478=ORIENTED_EDGE('',*,*,#1106,.T.);
#1479=ORIENTED_EDGE('',*,*,#1066,.F.);
#1480=ORIENTED_EDGE('',*,*,#1032,.F.);
#1481=ORIENTED_EDGE('',*,*,#1101,.F.);
#1482=ORIENTED_EDGE('',*,*,#1107,.F.);
#1483=ORIENTED_EDGE('',*,*,#1068,.T.);
#1484=ORIENTED_EDGE('',*,*,#1108,.T.);
#1485=ORIENTED_EDGE('',*,*,#1037,.F.);
#1486=ORIENTED_EDGE('',*,*,#1109,.T.);
#1487=ORIENTED_EDGE('',*,*,#975,.T.);
#1488=ORIENTED_EDGE('',*,*,#1110,.T.);
#1489=ORIENTED_EDGE('',*,*,#1078,.T.);
#1490=ORIENTED_EDGE('',*,*,#1098,.T.);
#1491=ORIENTED_EDGE('',*,*,#974,.T.);
#1492=ORIENTED_EDGE('',*,*,#1111,.T.);
#1493=ORIENTED_EDGE('',*,*,#943,.F.);
#1494=ORIENTED_EDGE('',*,*,#1112,.F.);
#1495=ORIENTED_EDGE('',*,*,#1038,.F.);
#1496=ORIENTED_EDGE('',*,*,#1108,.F.);
#1497=ORIENTED_EDGE('',*,*,#1079,.F.);
#1498=ORIENTED_EDGE('',*,*,#1110,.F.);
#1499=ORIENTED_EDGE('',*,*,#1113,.F.);
#1500=ORIENTED_EDGE('',*,*,#1109,.F.);
#1501=ORIENTED_EDGE('',*,*,#1036,.F.);
#1502=ORIENTED_EDGE('',*,*,#1088,.F.);
#1503=ORIENTED_EDGE('',*,*,#993,.T.);
#1504=ORIENTED_EDGE('',*,*,#1114,.T.);
#1505=ORIENTED_EDGE('',*,*,#967,.T.);
#1506=ORIENTED_EDGE('',*,*,#1115,.T.);
#1507=ORIENTED_EDGE('',*,*,#964,.F.);
#1508=ORIENTED_EDGE('',*,*,#983,.F.);
#1509=ORIENTED_EDGE('',*,*,#952,.F.);
#1510=ORIENTED_EDGE('',*,*,#1026,.F.);
#1511=ORIENTED_EDGE('',*,*,#1116,.F.);
#1512=ORIENTED_EDGE('',*,*,#1090,.T.);
#1513=ORIENTED_EDGE('',*,*,#1117,.T.);
#1514=ORIENTED_EDGE('',*,*,#921,.F.);
#1515=ORIENTED_EDGE('',*,*,#1089,.F.);
#1516=ORIENTED_EDGE('',*,*,#911,.F.);
#1517=ORIENTED_EDGE('',*,*,#922,.F.);
#1518=ORIENTED_EDGE('',*,*,#1117,.F.);
#1519=ORIENTED_EDGE('',*,*,#1091,.F.);
#1520=ORIENTED_EDGE('',*,*,#1116,.T.);
#1521=ORIENTED_EDGE('',*,*,#920,.F.);
#1522=ORIENTED_EDGE('',*,*,#930,.F.);
#1523=ORIENTED_EDGE('',*,*,#1118,.F.);
#1524=ORIENTED_EDGE('',*,*,#1119,.T.);
#1525=ORIENTED_EDGE('',*,*,#1013,.F.);
#1526=ORIENTED_EDGE('',*,*,#1120,.T.);
#1527=ORIENTED_EDGE('',*,*,#1121,.F.);
#1528=ORIENTED_EDGE('',*,*,#1120,.F.);
#1529=ORIENTED_EDGE('',*,*,#1012,.F.);
#1530=ORIENTED_EDGE('',*,*,#1021,.F.);
#1531=ORIENTED_EDGE('',*,*,#1122,.F.);
#1532=ORIENTED_EDGE('',*,*,#1005,.F.);
#1533=ORIENTED_EDGE('',*,*,#1014,.F.);
#1534=ORIENTED_EDGE('',*,*,#1119,.F.);
#1535=ORIENTED_EDGE('',*,*,#1056,.T.);
#1536=ORIENTED_EDGE('',*,*,#1123,.T.);
#1537=ORIENTED_EDGE('',*,*,#1045,.T.);
#1538=ORIENTED_EDGE('',*,*,#1124,.T.);
#1539=ORIENTED_EDGE('',*,*,#1046,.T.);
#1540=ORIENTED_EDGE('',*,*,#1123,.F.);
#1541=ORIENTED_EDGE('',*,*,#1055,.T.);
#1542=ORIENTED_EDGE('',*,*,#1125,.T.);
#1543=ORIENTED_EDGE('',*,*,#973,.F.);
#1544=ORIENTED_EDGE('',*,*,#1023,.F.);
#1545=ORIENTED_EDGE('',*,*,#944,.F.);
#1546=ORIENTED_EDGE('',*,*,#1111,.F.);
#1547=ORIENTED_EDGE('',*,*,#982,.F.);
#1548=ORIENTED_EDGE('',*,*,#1103,.F.);
#1549=ORIENTED_EDGE('',*,*,#937,.F.);
#1550=ORIENTED_EDGE('',*,*,#893,.F.);
#1551=ORIENTED_EDGE('',*,*,#961,.F.);
#1552=ORIENTED_EDGE('',*,*,#959,.F.);
#1553=ORIENTED_EDGE('',*,*,#904,.F.);
#1554=ORIENTED_EDGE('',*,*,#984,.F.);
#1555=ORIENTED_EDGE('',*,*,#1075,.F.);
#1556=ORIENTED_EDGE('',*,*,#1095,.F.);
#1557=ORIENTED_EDGE('',*,*,#978,.F.);
#1558=ORIENTED_EDGE('',*,*,#1093,.F.);
#1559=ORIENTED_EDGE('',*,*,#968,.F.);
#1560=ORIENTED_EDGE('',*,*,#1114,.F.);
#1561=ORIENTED_EDGE('',*,*,#992,.F.);
#1562=ORIENTED_EDGE('',*,*,#1024,.F.);
#1563=ORIENTED_EDGE('',*,*,#966,.F.);
#1564=ORIENTED_EDGE('',*,*,#1025,.F.);
#1565=ORIENTED_EDGE('',*,*,#994,.F.);
#1566=ORIENTED_EDGE('',*,*,#1115,.F.);
#1567=ORIENTED_EDGE('',*,*,#1022,.F.);
#1568=ORIENTED_EDGE('',*,*,#989,.F.);
#1569=ORIENTED_EDGE('',*,*,#998,.T.);
#1570=ORIENTED_EDGE('',*,*,#1006,.T.);
#1571=ORIENTED_EDGE('',*,*,#1122,.T.);
#1572=ORIENTED_EDGE('',*,*,#1118,.T.);
#1573=ORIENTED_EDGE('',*,*,#1121,.T.);
#1574=ORIENTED_EDGE('',*,*,#1020,.F.);
#1575=ORIENTED_EDGE('',*,*,#1018,.F.);
#1576=ORIENTED_EDGE('',*,*,#1126,.T.);
#1577=ORIENTED_EDGE('',*,*,#1127,.T.);
#1578=ORIENTED_EDGE('',*,*,#1128,.T.);
#1579=ORIENTED_EDGE('',*,*,#1051,.T.);
#1580=ORIENTED_EDGE('',*,*,#1129,.T.);
#1581=ORIENTED_EDGE('',*,*,#1052,.T.);
#1582=ORIENTED_EDGE('',*,*,#1128,.F.);
#1583=ORIENTED_EDGE('',*,*,#1130,.T.);
#1584=ORIENTED_EDGE('',*,*,#1062,.T.);
#1585=ORIENTED_EDGE('',*,*,#1131,.T.);
#1586=ORIENTED_EDGE('',*,*,#1132,.T.);
#1587=ORIENTED_EDGE('',*,*,#1042,.T.);
#1588=ORIENTED_EDGE('',*,*,#1133,.T.);
#1589=ORIENTED_EDGE('',*,*,#1043,.T.);
#1590=ORIENTED_EDGE('',*,*,#1132,.F.);
#1591=ORIENTED_EDGE('',*,*,#1134,.T.);
#1592=ORIENTED_EDGE('',*,*,#1059,.T.);
#1593=ORIENTED_EDGE('',*,*,#1060,.T.);
#1594=ORIENTED_EDGE('',*,*,#1130,.F.);
#1595=ORIENTED_EDGE('',*,*,#1127,.F.);
#1596=ORIENTED_EDGE('',*,*,#1061,.F.);
#1597=ORIENTED_EDGE('',*,*,#954,.F.);
#1598=ORIENTED_EDGE('',*,*,#1057,.T.);
#1599=ORIENTED_EDGE('',*,*,#1134,.F.);
#1600=ORIENTED_EDGE('',*,*,#1131,.F.);
#1601=ORIENTED_EDGE('',*,*,#1058,.F.);
#1602=ORIENTED_EDGE('',*,*,#956,.F.);
#1603=ORIENTED_EDGE('',*,*,#1053,.T.);
#1604=ORIENTED_EDGE('',*,*,#1125,.F.);
#1605=ORIENTED_EDGE('',*,*,#1054,.F.);
#1606=ORIENTED_EDGE('',*,*,#958,.F.);
#1607=ORIENTED_EDGE('',*,*,#1049,.T.);
#1608=ORIENTED_EDGE('',*,*,#1129,.F.);
#1609=ORIENTED_EDGE('',*,*,#1050,.F.);
#1610=ORIENTED_EDGE('',*,*,#907,.F.);
#1611=ORIENTED_EDGE('',*,*,#1044,.T.);
#1612=ORIENTED_EDGE('',*,*,#1080,.F.);
#1613=ORIENTED_EDGE('',*,*,#1047,.F.);
#1614=ORIENTED_EDGE('',*,*,#1124,.F.);
#1615=ORIENTED_EDGE('',*,*,#1040,.T.);
#1616=ORIENTED_EDGE('',*,*,#1133,.F.);
#1617=ORIENTED_EDGE('',*,*,#1041,.F.);
#1618=ORIENTED_EDGE('',*,*,#1000,.F.);
#1619=ORIENTED_EDGE('',*,*,#1135,.T.);
#1620=ORIENTED_EDGE('',*,*,#940,.F.);
#1621=ORIENTED_EDGE('',*,*,#1136,.T.);
#1622=ORIENTED_EDGE('',*,*,#1029,.F.);
#1623=ORIENTED_EDGE('',*,*,#942,.T.);
#1624=ORIENTED_EDGE('',*,*,#1137,.T.);
#1625=ORIENTED_EDGE('',*,*,#1027,.F.);
#1626=ORIENTED_EDGE('',*,*,#1112,.T.);
#1627=ORIENTED_EDGE('',*,*,#941,.F.);
#1628=ORIENTED_EDGE('',*,*,#1135,.F.);
#1629=ORIENTED_EDGE('',*,*,#1028,.F.);
#1630=ORIENTED_EDGE('',*,*,#1137,.F.);
#1631=ORIENTED_EDGE('',*,*,#939,.F.);
#1632=ORIENTED_EDGE('',*,*,#1102,.F.);
#1633=ORIENTED_EDGE('',*,*,#1030,.F.);
#1634=ORIENTED_EDGE('',*,*,#1136,.F.);
#1635=ORIENTED_EDGE('',*,*,#1138,.T.);
#1636=ORIENTED_EDGE('',*,*,#1139,.T.);
#1637=ORIENTED_EDGE('',*,*,#1039,.F.);
#1638=ORIENTED_EDGE('',*,*,#1139,.F.);
#1639=ORIENTED_EDGE('',*,*,#1140,.T.);
#1640=ORIENTED_EDGE('',*,*,#1141,.T.);
#1641=ORIENTED_EDGE('',*,*,#1015,.F.);
#1642=ORIENTED_EDGE('',*,*,#1141,.F.);
#1643=ORIENTED_EDGE('',*,*,#1142,.T.);
#1644=ORIENTED_EDGE('',*,*,#1143,.T.);
#1645=ORIENTED_EDGE('',*,*,#923,.F.);
#1646=ORIENTED_EDGE('',*,*,#1143,.F.);
#1647=ORIENTED_EDGE('',*,*,#1092,.F.);
#1648=ORIENTED_EDGE('',*,*,#1144,.T.);
#1649=ORIENTED_EDGE('',*,*,#1145,.T.);
#1650=ORIENTED_EDGE('',*,*,#1144,.F.);
#1651=ORIENTED_EDGE('',*,*,#1145,.F.);
#1652=ORIENTED_EDGE('',*,*,#1142,.F.);
#1653=ORIENTED_EDGE('',*,*,#1126,.F.);
#1654=ORIENTED_EDGE('',*,*,#1146,.T.);
#1655=ORIENTED_EDGE('',*,*,#1147,.T.);
#1656=ORIENTED_EDGE('',*,*,#1146,.F.);
#1657=ORIENTED_EDGE('',*,*,#1147,.F.);
#1658=ORIENTED_EDGE('',*,*,#1140,.F.);
#1659=ORIENTED_EDGE('',*,*,#1085,.F.);
#1660=ORIENTED_EDGE('',*,*,#1148,.T.);
#1661=ORIENTED_EDGE('',*,*,#1149,.T.);
#1662=ORIENTED_EDGE('',*,*,#1067,.T.);
#1663=ORIENTED_EDGE('',*,*,#1106,.F.);
#1664=ORIENTED_EDGE('',*,*,#1150,.T.);
#1665=ORIENTED_EDGE('',*,*,#1151,.T.);
#1666=ORIENTED_EDGE('',*,*,#1138,.F.);
#1667=ORIENTED_EDGE('',*,*,#1152,.F.);
#1668=ORIENTED_EDGE('',*,*,#1153,.T.);
#1669=ORIENTED_EDGE('',*,*,#1148,.F.);
#1670=ORIENTED_EDGE('',*,*,#1084,.F.);
#1671=ORIENTED_EDGE('',*,*,#1154,.F.);
#1672=ORIENTED_EDGE('',*,*,#1081,.T.);
#1673=ORIENTED_EDGE('',*,*,#1151,.F.);
#1674=ORIENTED_EDGE('',*,*,#1155,.T.);
#1675=ORIENTED_EDGE('',*,*,#1156,.F.);
#1676=ORIENTED_EDGE('',*,*,#1155,.F.);
#1677=ORIENTED_EDGE('',*,*,#1150,.F.);
#1678=ORIENTED_EDGE('',*,*,#1105,.F.);
#1679=ORIENTED_EDGE('',*,*,#1157,.F.);
#1680=ORIENTED_EDGE('',*,*,#1063,.F.);
#1681=ORIENTED_EDGE('',*,*,#1149,.F.);
#1682=ORIENTED_EDGE('',*,*,#1153,.F.);
#1683=ORIENTED_EDGE('',*,*,#1113,.T.);
#1684=ORIENTED_EDGE('',*,*,#1087,.F.);
#1685=ORIENTED_EDGE('',*,*,#1099,.T.);
#1686=ORIENTED_EDGE('',*,*,#1064,.F.);
#1687=ORIENTED_EDGE('',*,*,#1157,.T.);
#1688=ORIENTED_EDGE('',*,*,#1152,.T.);
#1689=ORIENTED_EDGE('',*,*,#1083,.F.);
#1690=ORIENTED_EDGE('',*,*,#1069,.F.);
#1691=ORIENTED_EDGE('',*,*,#1107,.T.);
#1692=ORIENTED_EDGE('',*,*,#1082,.F.);
#1693=ORIENTED_EDGE('',*,*,#1154,.T.);
#1694=ORIENTED_EDGE('',*,*,#1156,.T.);
#1695=ORIENTED_EDGE('',*,*,#1104,.T.);
#1696=ORIENTED_EDGE('',*,*,#1100,.T.);
#1697=ORIENTED_EDGE('',*,*,#1071,.F.);
#1698=CYLINDRICAL_SURFACE('',#1850,5.);
#1699=CYLINDRICAL_SURFACE('',#1854,1.);
#1700=CYLINDRICAL_SURFACE('',#1861,1.);
#1701=CYLINDRICAL_SURFACE('',#1870,1.);
#1702=CYLINDRICAL_SURFACE('',#1873,1.5);
#1703=CYLINDRICAL_SURFACE('',#1903,41.);
#1704=CYLINDRICAL_SURFACE('',#1905,1.);
#1705=CYLINDRICAL_SURFACE('',#1912,10.);
#1706=CYLINDRICAL_SURFACE('',#1914,0.999999999999999);
#1707=CYLINDRICAL_SURFACE('',#1922,41.);
#1708=CYLINDRICAL_SURFACE('',#1923,1.);
#1709=CYLINDRICAL_SURFACE('',#1947,4.25);
#1710=CYLINDRICAL_SURFACE('',#1958,1.);
#1711=CYLINDRICAL_SURFACE('',#1959,3.);
#1712=CYLINDRICAL_SURFACE('',#1960,3.);
#1713=CYLINDRICAL_SURFACE('',#1963,3.);
#1714=CYLINDRICAL_SURFACE('',#1966,5.);
#1715=CYLINDRICAL_SURFACE('',#1969,5.);
#1716=CYLINDRICAL_SURFACE('',#1970,5.);
#1717=CYLINDRICAL_SURFACE('',#1973,60.);
#1718=CYLINDRICAL_SURFACE('',#1975,5.);
#1719=CYLINDRICAL_SURFACE('',#1976,5.);
#1720=CYLINDRICAL_SURFACE('',#1978,5.);
#1721=CYLINDRICAL_SURFACE('',#1980,5.);
#1722=CYLINDRICAL_SURFACE('',#1982,1.99999999999999);
#1723=CYLINDRICAL_SURFACE('',#1983,5.);
#1724=CYLINDRICAL_SURFACE('',#1984,5.);
#1725=CYLINDRICAL_SURFACE('',#1985,1.);
#1726=CYLINDRICAL_SURFACE('',#1986,1.);
#1727=CYLINDRICAL_SURFACE('',#1987,1.);
#1728=CYLINDRICAL_SURFACE('',#1988,0.999999999999999);
#1729=CYLINDRICAL_SURFACE('',#1991,2.00000000026006);
#1730=CYLINDRICAL_SURFACE('',#1992,2.00000000026007);
#1731=CYLINDRICAL_SURFACE('',#1993,41.);
#1732=CYLINDRICAL_SURFACE('',#1995,1.);
#1733=CYLINDRICAL_SURFACE('',#1996,1.);
#1734=CYLINDRICAL_SURFACE('',#1997,2.2);
#1735=CYLINDRICAL_SURFACE('',#1999,2.2);
#1736=CYLINDRICAL_SURFACE('',#2001,2.19999999999999);
#1737=CYLINDRICAL_SURFACE('',#2003,4.25);
#1738=CYLINDRICAL_SURFACE('',#2006,4.25);
#1739=CYLINDRICAL_SURFACE('',#2014,1.);
#1740=CYLINDRICAL_SURFACE('',#2016,1.);
#1741=ADVANCED_FACE('',(#129),#1698,.F.);
#1742=ADVANCED_FACE('',(#130),#90,.F.);
#1743=ADVANCED_FACE('',(#131),#1699,.T.);
#1744=ADVANCED_FACE('',(#132,#46),#91,.T.);
#1745=ADVANCED_FACE('',(#133),#92,.T.);
#1746=ADVANCED_FACE('',(#134),#1700,.T.);
#1747=ADVANCED_FACE('',(#135,#47),#93,.F.);
#1748=ADVANCED_FACE('',(#136),#1701,.T.);
#1749=ADVANCED_FACE('',(#137),#94,.F.);
#1750=ADVANCED_FACE('',(#138),#1702,.T.);
#1751=ADVANCED_FACE('',(#139,#48,#49,#50),#95,.T.);
#1752=ADVANCED_FACE('',(#140),#96,.T.);
#1753=ADVANCED_FACE('',(#141),#97,.F.);
#1754=ADVANCED_FACE('',(#142),#98,.T.);
#1755=ADVANCED_FACE('',(#143),#1703,.F.);
#1756=ADVANCED_FACE('',(#144),#99,.T.);
#1757=ADVANCED_FACE('',(#145),#1704,.T.);
#1758=ADVANCED_FACE('',(#146),#100,.F.);
#1759=ADVANCED_FACE('',(#147,#51),#101,.T.);
#1760=ADVANCED_FACE('',(#148),#1705,.T.);
#1761=ADVANCED_FACE('',(#149),#102,.T.);
#1762=ADVANCED_FACE('',(#150),#1706,.T.);
#1763=ADVANCED_FACE('',(#151,#52),#103,.F.);
#1764=ADVANCED_FACE('',(#152),#1707,.F.);
#1765=ADVANCED_FACE('',(#153),#1708,.T.);
#1766=ADVANCED_FACE('',(#154),#104,.F.);
#1767=ADVANCED_FACE('',(#155),#105,.T.);
#1768=ADVANCED_FACE('',(#156),#106,.F.);
#1769=ADVANCED_FACE('',(#157),#107,.F.);
#1770=ADVANCED_FACE('',(#158,#53),#108,.F.);
#1771=ADVANCED_FACE('',(#159),#19,.T.);
#1772=ADVANCED_FACE('',(#160),#20,.T.);
#1773=ADVANCED_FACE('',(#161),#21,.T.);
#1774=ADVANCED_FACE('',(#162),#22,.T.);
#1775=ADVANCED_FACE('',(#163),#23,.T.);
#1776=ADVANCED_FACE('',(#164),#24,.T.);
#1777=ADVANCED_FACE('',(#165),#109,.F.);
#1778=ADVANCED_FACE('',(#166,#54),#110,.F.);
#1779=ADVANCED_FACE('',(#167),#1709,.F.);
#1780=ADVANCED_FACE('',(#168),#111,.F.);
#1781=ADVANCED_FACE('',(#169,#55),#112,.F.);
#1782=ADVANCED_FACE('',(#170),#113,.T.);
#1783=ADVANCED_FACE('',(#171),#114,.T.);
#1784=ADVANCED_FACE('',(#172),#1710,.T.);
#1785=ADVANCED_FACE('',(#173),#1711,.T.);
#1786=ADVANCED_FACE('',(#174),#1712,.T.);
#1787=ADVANCED_FACE('',(#175),#115,.F.);
#1788=ADVANCED_FACE('',(#176),#1713,.T.);
#1789=ADVANCED_FACE('',(#177),#1714,.F.);
#1790=ADVANCED_FACE('',(#178),#116,.F.);
#1791=ADVANCED_FACE('',(#179),#1715,.T.);
#1792=ADVANCED_FACE('',(#180),#1716,.T.);
#1793=ADVANCED_FACE('',(#181),#117,.F.);
#1794=ADVANCED_FACE('',(#182),#1717,.F.);
#1795=ADVANCED_FACE('',(#183),#118,.F.);
#1796=ADVANCED_FACE('',(#184),#1718,.T.);
#1797=ADVANCED_FACE('',(#185),#1719,.T.);
#1798=ADVANCED_FACE('',(#186),#119,.T.);
#1799=ADVANCED_FACE('',(#187),#1720,.T.);
#1800=ADVANCED_FACE('',(#188),#1721,.T.);
#1801=ADVANCED_FACE('',(#189),#1722,.F.);
#1802=ADVANCED_FACE('',(#190),#1723,.F.);
#1803=ADVANCED_FACE('',(#191),#1724,.F.);
#1804=ADVANCED_FACE('',(#192),#1725,.T.);
#1805=ADVANCED_FACE('',(#193),#1726,.T.);
#1806=ADVANCED_FACE('',(#194),#1727,.T.);
#1807=ADVANCED_FACE('',(#195),#1728,.T.);
#1808=ADVANCED_FACE('',(#196,#56),#120,.F.);
#1809=ADVANCED_FACE('',(#197),#1729,.F.);
#1810=ADVANCED_FACE('',(#198),#1730,.F.);
#1811=ADVANCED_FACE('',(#199),#25,.T.);
#1812=ADVANCED_FACE('',(#200),#26,.T.);
#1813=ADVANCED_FACE('',(#201),#27,.T.);
#1814=ADVANCED_FACE('',(#202),#28,.T.);
#1815=ADVANCED_FACE('',(#203),#29,.T.);
#1816=ADVANCED_FACE('',(#204),#30,.T.);
#1817=ADVANCED_FACE('',(#205),#1731,.F.);
#1818=ADVANCED_FACE('',(#206),#121,.F.);
#1819=ADVANCED_FACE('',(#207),#1732,.T.);
#1820=ADVANCED_FACE('',(#208),#1733,.T.);
#1821=ADVANCED_FACE('',(#209),#1734,.F.);
#1822=ADVANCED_FACE('',(#210),#1735,.F.);
#1823=ADVANCED_FACE('',(#211),#1736,.F.);
#1824=ADVANCED_FACE('',(#212),#1737,.F.);
#1825=ADVANCED_FACE('',(#213,#57),#122,.F.);
#1826=ADVANCED_FACE('',(#214),#1738,.F.);
#1827=ADVANCED_FACE('',(#215,#58),#123,.F.);
#1828=ADVANCED_FACE('',(#216,#59),#124,.F.);
#1829=ADVANCED_FACE('',(#217),#125,.T.);
#1830=ADVANCED_FACE('',(#218),#126,.T.);
#1831=ADVANCED_FACE('',(#219),#1739,.T.);
#1832=ADVANCED_FACE('',(#220),#1740,.T.);
#1833=ADVANCED_FACE('',(#221),#127,.F.);
#1834=ADVANCED_FACE('',(#222),#128,.F.);
#1835=CLOSED_SHELL('',(#1741,#1742,#1743,#1744,#1745,#1746,#1747,#1748,
#1749,#1750,#1751,#1752,#1753,#1754,#1755,#1756,#1757,#1758,#1759,#1760,
#1761,#1762,#1763,#1764,#1765,#1766,#1767,#1768,#1769,#1770,#1771,#1772,
#1773,#1774,#1775,#1776,#1777,#1778,#1779,#1780,#1781,#1782,#1783,#1784,
#1785,#1786,#1787,#1788,#1789,#1790,#1791,#1792,#1793,#1794,#1795,#1796,
#1797,#1798,#1799,#1800,#1801,#1802,#1803,#1804,#1805,#1806,#1807,#1808,
#1809,#1810,#1811,#1812,#1813,#1814,#1815,#1816,#1817,#1818,#1819,#1820,
#1821,#1822,#1823,#1824,#1825,#1826,#1827,#1828,#1829,#1830,#1831,#1832,
#1833,#1834));
#1836=DERIVED_UNIT_ELEMENT(#1838,1.);
#1837=DERIVED_UNIT_ELEMENT(#7470,-3.);
#1838=(
MASS_UNIT()
NAMED_UNIT(*)
SI_UNIT(.KILO.,.GRAM.)
);
#1839=DERIVED_UNIT((#1836,#1837));
#1840=MEASURE_REPRESENTATION_ITEM('density measure',
POSITIVE_RATIO_MEASURE(7850.),#1839);
#1841=PROPERTY_DEFINITION_REPRESENTATION(#1846,#1843);
#1842=PROPERTY_DEFINITION_REPRESENTATION(#1847,#1844);
#1843=REPRESENTATION('material name',(#1845),#7467);
#1844=REPRESENTATION('density',(#1840),#7467);
#1845=DESCRIPTIVE_REPRESENTATION_ITEM('Steel','Steel');
#1846=PROPERTY_DEFINITION('material property','material name',#7482);
#1847=PROPERTY_DEFINITION('material property','density of part',#7482);
#1848=AXIS2_PLACEMENT_3D('',#2519,#2021,#2022);
#1849=AXIS2_PLACEMENT_3D('',#2520,#2023,#2024);
#1850=AXIS2_PLACEMENT_3D('',#2521,#2025,#2026);
#1851=AXIS2_PLACEMENT_3D('',#2524,#2027,#2028);
#1852=AXIS2_PLACEMENT_3D('',#2528,#2030,#2031);
#1853=AXIS2_PLACEMENT_3D('',#2530,#2033,#2034);
#1854=AXIS2_PLACEMENT_3D('',#2536,#2038,#2039);
#1855=AXIS2_PLACEMENT_3D('',#2539,#2040,#2041);
#1856=AXIS2_PLACEMENT_3D('',#2543,#2043,#2044);
#1857=AXIS2_PLACEMENT_3D('',#2545,#2046,#2047);
#1858=AXIS2_PLACEMENT_3D('',#2553,#2051,#2052);
#1859=AXIS2_PLACEMENT_3D('',#2557,#2054,#2055);
#1860=AXIS2_PLACEMENT_3D('',#2866,#2057,#2058);
#1861=AXIS2_PLACEMENT_3D('',#2877,#2065,#2066);
#1862=AXIS2_PLACEMENT_3D('',#2879,#2067,#2068);
#1863=AXIS2_PLACEMENT_3D('',#2881,#2069,#2070);
#1864=AXIS2_PLACEMENT_3D('',#2883,#2072,#2073);
#1865=AXIS2_PLACEMENT_3D('',#2885,#2074,#2075);
#1866=AXIS2_PLACEMENT_3D('',#2887,#2076,#2077);
#1867=AXIS2_PLACEMENT_3D('',#2891,#2079,#2080);
#1868=AXIS2_PLACEMENT_3D('',#2894,#2082,#2083);
#1869=AXIS2_PLACEMENT_3D('',#2896,#2084,#2085);
#1870=AXIS2_PLACEMENT_3D('',#2897,#2086,#2087);
#1871=AXIS2_PLACEMENT_3D('',#2901,#2089,#2090);
#1872=AXIS2_PLACEMENT_3D('',#2903,#2092,#2093);
#1873=AXIS2_PLACEMENT_3D('',#2910,#2098,#2099);
#1874=AXIS2_PLACEMENT_3D('',#2912,#2100,#2101);
#1875=AXIS2_PLACEMENT_3D('',#2916,#2103,#2104);
#1876=AXIS2_PLACEMENT_3D('',#2918,#2106,#2107);
#1877=AXIS2_PLACEMENT_3D('',#2921,#2109,#2110);
#1878=AXIS2_PLACEMENT_3D('',#2923,#2111,#2112);
#1879=AXIS2_PLACEMENT_3D('',#2927,#2114,#2115);
#1880=AXIS2_PLACEMENT_3D('',#2929,#2116,#2117);
#1881=AXIS2_PLACEMENT_3D('',#2931,#2118,#2119);
#1882=AXIS2_PLACEMENT_3D('',#2935,#2121,#2122);
#1883=AXIS2_PLACEMENT_3D('',#2937,#2123,#2124);
#1884=AXIS2_PLACEMENT_3D('',#2941,#2126,#2127);
#1885=AXIS2_PLACEMENT_3D('',#2943,#2128,#2129);
#1886=AXIS2_PLACEMENT_3D('',#2945,#2130,#2131);
#1887=AXIS2_PLACEMENT_3D('',#2949,#2133,#2134);
#1888=AXIS2_PLACEMENT_3D('',#2952,#2136,#2137);
#1889=AXIS2_PLACEMENT_3D('',#3874,#2138,#2139);
#1890=AXIS2_PLACEMENT_3D('',#3878,#2142,#2143);
#1891=AXIS2_PLACEMENT_3D('',#3880,#2144,#2145);
#1892=AXIS2_PLACEMENT_3D('',#3885,#2148,#2149);
#1893=AXIS2_PLACEMENT_3D('',#3889,#2151,#2152);
#1894=AXIS2_PLACEMENT_3D('',#3893,#2154,#2155);
#1895=AXIS2_PLACEMENT_3D('',#3897,#2157,#2158);
#1896=AXIS2_PLACEMENT_3D('',#3903,#2161,#2162);
#1897=AXIS2_PLACEMENT_3D('',#3905,#2163,#2164);
#1898=AXIS2_PLACEMENT_3D('',#3909,#2166,#2167);
#1899=AXIS2_PLACEMENT_3D('',#3913,#2169,#2170);
#1900=AXIS2_PLACEMENT_3D('',#3917,#2172,#2173);
#1901=AXIS2_PLACEMENT_3D('',#3920,#2175,#2176);
#1902=AXIS2_PLACEMENT_3D('',#3921,#2177,#2178);
#1903=AXIS2_PLACEMENT_3D('',#3923,#2180,#2181);
#1904=AXIS2_PLACEMENT_3D('',#3924,#2182,#2183);
#1905=AXIS2_PLACEMENT_3D('',#3926,#2185,#2186);
#1906=AXIS2_PLACEMENT_3D('',#3929,#2187,#2188);
#1907=AXIS2_PLACEMENT_3D('',#3932,#2191,#2192);
#1908=AXIS2_PLACEMENT_3D('',#3938,#2196,#2197);
#1909=AXIS2_PLACEMENT_3D('',#3942,#2199,#2200);
#1910=AXIS2_PLACEMENT_3D('',#3946,#2202,#2203);
#1911=AXIS2_PLACEMENT_3D('',#3950,#2205,#2206);
#1912=AXIS2_PLACEMENT_3D('',#4261,#2209,#2210);
#1913=AXIS2_PLACEMENT_3D('',#4264,#2213,#2214);
#1914=AXIS2_PLACEMENT_3D('',#4272,#2219,#2220);
#1915=AXIS2_PLACEMENT_3D('',#4274,#2221,#2222);
#1916=AXIS2_PLACEMENT_3D('',#4276,#2224,#2225);
#1917=AXIS2_PLACEMENT_3D('',#4278,#2226,#2227);
#1918=AXIS2_PLACEMENT_3D('',#4280,#2228,#2229);
#1919=AXIS2_PLACEMENT_3D('',#4284,#2231,#2232);
#1920=AXIS2_PLACEMENT_3D('',#4287,#2234,#2235);
#1921=AXIS2_PLACEMENT_3D('',#4289,#2236,#2237);
#1922=AXIS2_PLACEMENT_3D('',#4290,#2238,#2239);
#1923=AXIS2_PLACEMENT_3D('',#4292,#2241,#2242);
#1924=AXIS2_PLACEMENT_3D('',#4296,#2244,#2245);
#1925=AXIS2_PLACEMENT_3D('',#4298,#2247,#2248);
#1926=AXIS2_PLACEMENT_3D('',#4302,#2251,#2252);
#1927=AXIS2_PLACEMENT_3D('',#4305,#2255,#2256);
#1928=AXIS2_PLACEMENT_3D('',#4307,#2258,#2259);
#1929=AXIS2_PLACEMENT_3D('',#4310,#2262,#2263);
#1930=AXIS2_PLACEMENT_3D('',#4315,#2265,#2266);
#1931=AXIS2_PLACEMENT_3D('',#4317,#2267,#2268);
#1932=AXIS2_PLACEMENT_3D('',#4319,#2269,#2270);
#1933=AXIS2_PLACEMENT_3D('',#4323,#2272,#2273);
#1934=AXIS2_PLACEMENT_3D('',#4327,#2275,#2276);
#1935=AXIS2_PLACEMENT_3D('',#4331,#2278,#2279);
#1936=AXIS2_PLACEMENT_3D('',#4333,#2280,#2281);
#1937=AXIS2_PLACEMENT_3D('',#4334,#2282,#2283);
#1938=AXIS2_PLACEMENT_3D('',#4336,#2284,#2285);
#1939=AXIS2_PLACEMENT_3D('',#5881,#2298,#2299);
#1940=AXIS2_PLACEMENT_3D('',#5891,#2305,#2306);
#1941=AXIS2_PLACEMENT_3D('',#5894,#2307,#2308);
#1942=AXIS2_PLACEMENT_3D('',#5898,#2310,#2311);
#1943=AXIS2_PLACEMENT_3D('',#5904,#2314,#2315);
#1944=AXIS2_PLACEMENT_3D('',#5908,#2317,#2318);
#1945=AXIS2_PLACEMENT_3D('',#5912,#2320,#2321);
#1946=AXIS2_PLACEMENT_3D('',#5915,#2323,#2324);
#1947=AXIS2_PLACEMENT_3D('',#5936,#2325,#2326);
#1948=AXIS2_PLACEMENT_3D('',#5940,#2328,#2329);
#1949=AXIS2_PLACEMENT_3D('',#5942,#2330,#2331);
#1950=AXIS2_PLACEMENT_3D('',#5945,#2333,#2334);
#1951=AXIS2_PLACEMENT_3D('',#5946,#2335,#2336);
#1952=AXIS2_PLACEMENT_3D('',#5952,#2340,#2341);
#1953=AXIS2_PLACEMENT_3D('',#5954,#2342,#2343);
#1954=AXIS2_PLACEMENT_3D('',#5957,#2345,#2346);
#1955=AXIS2_PLACEMENT_3D('',#5959,#2347,#2348);
#1956=AXIS2_PLACEMENT_3D('',#5960,#2349,#2350);
#1957=AXIS2_PLACEMENT_3D('',#5963,#2353,#2354);
#1958=AXIS2_PLACEMENT_3D('',#5966,#2357,#2358);
#1959=AXIS2_PLACEMENT_3D('',#5968,#2360,#2361);
#1960=AXIS2_PLACEMENT_3D('',#5970,#2363,#2364);
#1961=AXIS2_PLACEMENT_3D('',#5971,#2365,#2366);
#1962=AXIS2_PLACEMENT_3D('',#5972,#2367,#2368);
#1963=AXIS2_PLACEMENT_3D('',#5978,#2373,#2374);
#1964=AXIS2_PLACEMENT_3D('',#5980,#2375,#2376);
#1965=AXIS2_PLACEMENT_3D('',#5983,#2378,#2379);
#1966=AXIS2_PLACEMENT_3D('',#5984,#2380,#2381);
#1967=AXIS2_PLACEMENT_3D('',#5986,#2382,#2383);
#1968=AXIS2_PLACEMENT_3D('',#5989,#2386,#2387);
#1969=AXIS2_PLACEMENT_3D('',#5991,#2389,#2390);
#1970=AXIS2_PLACEMENT_3D('',#5994,#2393,#2394);
#1971=AXIS2_PLACEMENT_3D('',#5995,#2395,#2396);
#1972=AXIS2_PLACEMENT_3D('',#5996,#2397,#2398);
#1973=AXIS2_PLACEMENT_3D('',#5999,#2401,#2402);
#1974=AXIS2_PLACEMENT_3D('',#6000,#2403,#2404);
#1975=AXIS2_PLACEMENT_3D('',#6003,#2407,#2408);
#1976=AXIS2_PLACEMENT_3D('',#6004,#2409,#2410);
#1977=AXIS2_PLACEMENT_3D('',#6005,#2411,#2412);
#1978=AXIS2_PLACEMENT_3D('',#6011,#2416,#2417);
#1979=AXIS2_PLACEMENT_3D('',#6012,#2418,#2419);
#1980=AXIS2_PLACEMENT_3D('',#6013,#2420,#2421);
#1981=AXIS2_PLACEMENT_3D('',#6014,#2422,#2423);
#1982=AXIS2_PLACEMENT_3D('',#6015,#2424,#2425);
#1983=AXIS2_PLACEMENT_3D('',#6077,#2427,#2428);
#1984=AXIS2_PLACEMENT_3D('',#6078,#2429,#2430);
#1985=AXIS2_PLACEMENT_3D('',#6079,#2431,#2432);
#1986=AXIS2_PLACEMENT_3D('',#6080,#2433,#2434);
#1987=AXIS2_PLACEMENT_3D('',#6081,#2435,#2436);
#1988=AXIS2_PLACEMENT_3D('',#6082,#2437,#2438);
#1989=AXIS2_PLACEMENT_3D('',#6083,#2439,#2440);
#1990=AXIS2_PLACEMENT_3D('',#6085,#2441,#2442);
#1991=AXIS2_PLACEMENT_3D('',#6086,#2443,#2444);
#1992=AXIS2_PLACEMENT_3D('',#6161,#2446,#2447);
#1993=AXIS2_PLACEMENT_3D('',#7412,#2449,#2450);
#1994=AXIS2_PLACEMENT_3D('',#7415,#2453,#2454);
#1995=AXIS2_PLACEMENT_3D('',#7417,#2456,#2457);
#1996=AXIS2_PLACEMENT_3D('',#7418,#2458,#2459);
#1997=AXIS2_PLACEMENT_3D('',#7419,#2460,#2461);
#1998=AXIS2_PLACEMENT_3D('',#7421,#2462,#2463);
#1999=AXIS2_PLACEMENT_3D('',#7423,#2465,#2466);
#2000=AXIS2_PLACEMENT_3D('',#7425,#2467,#2468);
#2001=AXIS2_PLACEMENT_3D('',#7427,#2470,#2471);
#2002=AXIS2_PLACEMENT_3D('',#7429,#2472,#2473);
#2003=AXIS2_PLACEMENT_3D('',#7431,#2475,#2476);
#2004=AXIS2_PLACEMENT_3D('',#7434,#2478,#2479);
#2005=AXIS2_PLACEMENT_3D('',#7435,#2480,#2481);
#2006=AXIS2_PLACEMENT_3D('',#7436,#2482,#2483);
#2007=AXIS2_PLACEMENT_3D('',#7439,#2485,#2486);
#2008=AXIS2_PLACEMENT_3D('',#7440,#2487,#2488);
#2009=AXIS2_PLACEMENT_3D('',#7441,#2489,#2490);
#2010=AXIS2_PLACEMENT_3D('',#7444,#2492,#2493);
#2011=AXIS2_PLACEMENT_3D('',#7446,#2494,#2495);
#2012=AXIS2_PLACEMENT_3D('',#7448,#2497,#2498);
#2013=AXIS2_PLACEMENT_3D('',#7452,#2501,#2502);
#2014=AXIS2_PLACEMENT_3D('',#7456,#2505,#2506);
#2015=AXIS2_PLACEMENT_3D('',#7457,#2507,#2508);
#2016=AXIS2_PLACEMENT_3D('',#7458,#2509,#2510);
#2017=AXIS2_PLACEMENT_3D('',#7459,#2511,#2512);
#2018=AXIS2_PLACEMENT_3D('',#7460,#2513,#2514);
#2019=AXIS2_PLACEMENT_3D('',#7461,#2515,#2516);
#2020=AXIS2_PLACEMENT_3D('',#7462,#2517,#2518);
#2021=DIRECTION('axis',(0.,0.,1.));
#2022=DIRECTION('refdir',(1.,0.,0.));
#2023=DIRECTION('axis',(0.,0.,1.));
#2024=DIRECTION('refdir',(1.,0.,0.));
#2025=DIRECTION('center_axis',(-4.34374758384593E-15,-1.,-5.39458703790953E-31));
#2026=DIRECTION('ref_axis',(0.461817236082256,0.,0.886975107011096));
#2027=DIRECTION('center_axis',(-4.34374758384592E-15,-1.,-3.94430452610506E-31));
#2028=DIRECTION('ref_axis',(0.461817236082256,0.,0.886975107011096));
#2029=DIRECTION('',(4.34374758384593E-15,1.,6.00225333383356E-31));
#2030=DIRECTION('center_axis',(4.34374758384592E-15,1.,3.94430452610506E-31));
#2031=DIRECTION('ref_axis',(0.461817236082256,0.,0.886975107011096));
#2032=DIRECTION('',(-4.34374758384593E-15,-1.,-8.27753151362455E-31));
#2033=DIRECTION('center_axis',(0.188698005644354,-8.19656506094209E-16,
0.98203516366057));
#2034=DIRECTION('ref_axis',(0.982035163660571,-4.26571286940234E-15,-0.188698005644354));
#2035=DIRECTION('',(0.98203516366057,-4.26571286940234E-15,-0.188698005644354));
#2036=DIRECTION('',(4.34374758384592E-15,1.,3.94430452610506E-31));
#2037=DIRECTION('',(0.98203516366057,-4.26571286940234E-15,-0.188698005644354));
#2038=DIRECTION('center_axis',(4.34374758384592E-15,1.,6.21159150403369E-30));
#2039=DIRECTION('ref_axis',(-0.933279818190043,0.,-0.359150081385429));
#2040=DIRECTION('center_axis',(4.34374758384592E-15,1.,3.94430452610506E-31));
#2041=DIRECTION('ref_axis',(-0.933279818190043,0.,-0.359150081385429));
#2042=DIRECTION('',(4.34374758384592E-15,1.,6.23660502333374E-30));
#2043=DIRECTION('center_axis',(4.34374758384592E-15,1.,3.94430452610506E-31));
#2044=DIRECTION('ref_axis',(-0.933279818190043,0.,-0.359150081385429));
#2045=DIRECTION('',(-4.34374758384592E-15,-1.,-5.8426865213891E-30));
#2046=DIRECTION('center_axis',(-4.34374758384592E-15,-1.,-3.94430452610506E-31));
#2047=DIRECTION('ref_axis',(0.,-3.94430452610506E-31,1.));
#2048=DIRECTION('',(0.717736853480031,-3.11766772314106E-15,-0.696314447039974));
#2049=DIRECTION('',(-0.936821855819336,4.06931767270929E-15,-0.349806818771755));
#2050=DIRECTION('',(-0.712236830232708,3.0937770104494E-15,0.701939240718215));
#2051=DIRECTION('center_axis',(4.34374758384592E-15,1.,3.94430452610506E-31));
#2052=DIRECTION('ref_axis',(0.173500706879147,0.,0.984833744706403));
#2053=DIRECTION('',(-0.909236423397663,3.94949351727831E-15,-0.416280105658469));
#2054=DIRECTION('center_axis',(-4.34374758384592E-15,-1.,-3.94430452610506E-31));
#2055=DIRECTION('ref_axis',(0.,-3.94430452610506E-31,1.));
#2056=DIRECTION('',(-0.0657850209312439,2.85753525723344E-16,-0.997833819341215));
#2057=DIRECTION('center_axis',(-0.696314447039974,3.0246141969269E-15,-0.717736853480031));
#2058=DIRECTION('ref_axis',(-0.717736853480031,3.11766772314106E-15,0.696314447039974));
#2059=DIRECTION('',(-0.717736853480031,3.11766772314106E-15,0.696314447039974));
#2060=DIRECTION('',(-4.34374758384592E-15,-1.,-4.43770018699609E-30));
#2061=DIRECTION('',(-0.717736853480031,3.11766772314106E-15,0.696314447039974));
#2062=DIRECTION('',(-4.34374758384592E-15,-1.,-1.53304023573224E-31));
#2063=DIRECTION('',(0.675017200555427,0.3398488674866,-0.654869854415661));
#2064=DIRECTION('',(0.717736853480031,-3.11766772314106E-15,-0.696314447039974));
#2065=DIRECTION('center_axis',(-4.34374758384592E-15,-1.,-3.94430452610506E-31));
#2066=DIRECTION('ref_axis',(-0.981406034919607,0.,0.191943206765376));
#2067=DIRECTION('center_axis',(-4.34374758384592E-15,-1.,-3.94430452610506E-31));
#2068=DIRECTION('ref_axis',(-0.981406034919607,0.,0.191943206765376));
#2069=DIRECTION('center_axis',(-4.34374758384592E-15,-1.,-3.94430452610506E-31));
#2070=DIRECTION('ref_axis',(-0.981406034919607,0.,0.191943206765376));
#2071=DIRECTION('',(4.34374758384592E-15,1.,3.94430452610506E-31));
#2072=DIRECTION('center_axis',(-4.34374758384592E-15,-1.,-3.94430452610506E-31));
#2073=DIRECTION('ref_axis',(0.,-3.94430452610506E-31,1.));
#2074=DIRECTION('center_axis',(-4.34374758384592E-15,-1.,-3.94430452610506E-31));
#2075=DIRECTION('ref_axis',(-3.38482629458889E-15,1.43084005862481E-29,
1.));
#2076=DIRECTION('center_axis',(-4.34374758384592E-15,-1.,-3.94430452610506E-31));
#2077=DIRECTION('ref_axis',(0.016952169644398,0.,0.999856301647566));
#2078=DIRECTION('',(0.712236830232708,-3.0937770104494E-15,-0.701939240718215));
#2079=DIRECTION('center_axis',(4.34374758384592E-15,1.,1.53304023573224E-31));
#2080=DIRECTION('ref_axis',(-2.72004641033163E-15,1.16618909992536E-29,
1.));
#2081=DIRECTION('',(-0.714262472474732,3.10257588904393E-15,-0.699877932509865));
#2082=DIRECTION('center_axis',(4.34374758384592E-15,1.,1.53304023573224E-31));
#2083=DIRECTION('ref_axis',(5.55111512312578E-17,-3.94430452610506E-31,
1.));
#2084=DIRECTION('center_axis',(-4.34374758384592E-15,-1.,-1.53304023573224E-31));
#2085=DIRECTION('ref_axis',(5.55111512312578E-17,-3.94430452610506E-31,
1.));
#2086=DIRECTION('center_axis',(-4.34374758384592E-15,-1.,-3.94430452610506E-31));
#2087=DIRECTION('ref_axis',(0.016952169644398,0.,0.999856301647566));
#2088=DIRECTION('',(-4.34374758384592E-15,-1.,-3.94430452610506E-31));
#2089=DIRECTION('center_axis',(-4.34374758384592E-15,-1.,-3.94430452610506E-31));
#2090=DIRECTION('ref_axis',(0.016952169644398,0.,0.999856301647566));
#2091=DIRECTION('',(4.19881397284319E-15,1.,-1.4705981615894E-16));
#2092=DIRECTION('center_axis',(-0.701939240718215,2.84257087469893E-15,
-0.712236830232708));
#2093=DIRECTION('ref_axis',(-0.712236830232708,3.01896361553084E-15,0.701939240718215));
#2094=DIRECTION('',(-0.712236830232708,3.0937770104494E-15,0.701939240718215));
#2095=DIRECTION('',(4.14290053134698E-15,1.,-9.19547766498632E-17));
#2096=DIRECTION('',(0.669557689680152,0.340961339116096,-0.659877159339778));
#2097=DIRECTION('',(3.5527136788005E-15,1.,-1.97215226305253E-31));
#2098=DIRECTION('center_axis',(-4.14290053134698E-15,-1.,9.19547766498634E-17));
#2099=DIRECTION('ref_axis',(0.173500706879147,0.,0.984833744706403));
#2100=DIRECTION('center_axis',(-4.34374758384592E-15,-1.,-3.94430452610506E-31));
#2101=DIRECTION('ref_axis',(0.173500706879147,0.,0.984833744706403));
#2102=DIRECTION('',(4.14290053134698E-15,1.,-9.19547766498634E-17));
#2103=DIRECTION('center_axis',(4.34374758384592E-15,1.,3.94430452610506E-31));
#2104=DIRECTION('ref_axis',(0.173500706879147,0.,0.984833744706403));
#2105=DIRECTION('',(-4.14290053134698E-15,-1.,9.19547766498636E-17));
#2106=DIRECTION('center_axis',(4.34374758384592E-15,1.,3.94430452610506E-31));
#2107=DIRECTION('ref_axis',(0.,3.94430452610506E-31,-1.));
#2108=DIRECTION('',(0.505739517998343,-2.19680480936071E-15,-0.862686234928322));
#2109=DIRECTION('center_axis',(-4.34374758384592E-15,-1.,-3.94430452610506E-31));
#2110=DIRECTION('ref_axis',(0.,3.94430452610506E-31,-1.));
#2111=DIRECTION('center_axis',(-4.34374758384592E-15,-1.,-3.94430452610506E-31));
#2112=DIRECTION('ref_axis',(0.,3.94430452610506E-31,-1.));
#2113=DIRECTION('',(-0.714262578612761,3.10257635008074E-15,-0.699877824190372));
#2114=DIRECTION('center_axis',(-4.34374758384592E-15,-1.,-3.94430452610506E-31));
#2115=DIRECTION('ref_axis',(0.,3.94430452610506E-31,-1.));
#2116=DIRECTION('center_axis',(4.34374758384592E-15,1.,3.94430452610506E-31));
#2117=DIRECTION('ref_axis',(0.,-3.94430452610506E-31,1.));
#2118=DIRECTION('center_axis',(-4.34374758384592E-15,-1.,-3.94430452610506E-31));
#2119=DIRECTION('ref_axis',(-2.77555756156289E-14,1.20957644971251E-28,
-1.));
#2120=DIRECTION('',(0.714262664987972,-3.10257672527285E-15,0.69987773603986));
#2121=DIRECTION('center_axis',(-4.34374758384592E-15,-1.,-3.94430452610506E-31));
#2122=DIRECTION('ref_axis',(2.72004641033163E-13,-1.18112507183007E-27,
-1.));
#2123=DIRECTION('center_axis',(-4.34374758384592E-15,-1.,-3.94430452610506E-31));
#2124=DIRECTION('ref_axis',(5.55111512312579E-15,-2.37182124511177E-29,
-1.));
#2125=DIRECTION('',(0.0981467055115639,-4.26324514928293E-16,0.995171957099489));
#2126=DIRECTION('center_axis',(-4.34374758384592E-15,-1.,-3.94430452610506E-31));
#2127=DIRECTION('ref_axis',(0.0769463981644092,0.,-0.997035230977083));
#2128=DIRECTION('center_axis',(-4.34374758384592E-15,-1.,-3.94430452610506E-31));
#2129=DIRECTION('ref_axis',(0.,-3.94430452610506E-31,1.));
#2130=DIRECTION('center_axis',(-4.34374758384592E-15,-1.,-3.94430452610506E-31));
#2131=DIRECTION('ref_axis',(0.997568106191294,0.,-0.0696984469691726));
#2132=DIRECTION('',(0.699877798036857,-3.04009249421E-15,-0.714262604239562));
#2133=DIRECTION('center_axis',(-4.34374758384592E-15,-1.,-3.94430452610506E-31));
#2134=DIRECTION('ref_axis',(0.824229915475647,-3.60672032272453E-15,0.56625528380317));
#2135=DIRECTION('',(-0.41567467759336,1.80558587646209E-15,0.909513365711387));
#2136=DIRECTION('center_axis',(-4.34374758384592E-15,-1.,-3.94430452610506E-31));
#2137=DIRECTION('ref_axis',(2.22044604925031E-14,-9.6056141162302E-29,-1.));
#2138=DIRECTION('center_axis',(-0.997833819341215,4.33433824184315E-15,
0.0657850209312439));
#2139=DIRECTION('ref_axis',(0.0657850209312439,-2.85753525723344E-16,0.997833819341215));
#2140=DIRECTION('',(4.34374758384592E-15,1.,3.94430452610506E-31));
#2141=DIRECTION('',(-0.0657850209312439,2.85753525723344E-16,-0.997833819341215));
#2142=DIRECTION('center_axis',(4.34374758384592E-15,1.,3.94430452610506E-31));
#2143=DIRECTION('ref_axis',(0.,3.94430452610506E-31,-1.));
#2144=DIRECTION('center_axis',(4.34374758384592E-15,1.,3.94430452610506E-31));
#2145=DIRECTION('ref_axis',(0.,3.94430452610506E-31,-1.));
#2146=DIRECTION('',(-0.909236423397663,3.94949351727831E-15,-0.416280105658469));
#2147=DIRECTION('',(-0.505739517998343,2.1968048093607E-15,0.862686234928322));
#2148=DIRECTION('center_axis',(4.34374758384592E-15,1.,3.94430452610506E-31));
#2149=DIRECTION('ref_axis',(0.,3.94430452610506E-31,-1.));
#2150=DIRECTION('',(-0.41567467759336,1.80558587646209E-15,0.909513365711388));
#2151=DIRECTION('center_axis',(4.34374758384592E-15,1.,3.94430452610506E-31));
#2152=DIRECTION('ref_axis',(0.,3.94430452610506E-31,-1.));
#2153=DIRECTION('',(0.909236342339796,-3.94949316518339E-15,0.416280282704512));
#2154=DIRECTION('center_axis',(4.34374758384592E-15,1.,3.94430452610506E-31));
#2155=DIRECTION('ref_axis',(0.,3.94430452610506E-31,-1.));
#2156=DIRECTION('',(0.79827962996896,-3.46752521391109E-15,-0.602287001666664));
#2157=DIRECTION('center_axis',(4.34374758384592E-15,1.,3.94430452610506E-31));
#2158=DIRECTION('ref_axis',(-0.660110934869924,0.,-0.751168126097716));
#2159=DIRECTION('',(0.699877798036856,-3.04009249421E-15,-0.714262604239562));
#2160=DIRECTION('',(0.0981467055115639,-4.26324514928293E-16,0.995171957099489));
#2161=DIRECTION('center_axis',(4.34374758384592E-15,1.,3.94430452610506E-31));
#2162=DIRECTION('ref_axis',(0.,3.94430452610506E-31,-1.));
#2163=DIRECTION('center_axis',(-4.34374758384592E-15,-1.,-3.94430452610506E-31));
#2164=DIRECTION('ref_axis',(-2.16493489801906E-13,9.40787503698011E-28,
-1.));
#2165=DIRECTION('',(-0.714262664987972,3.10257672527285E-15,-0.69987773603986));
#2166=DIRECTION('center_axis',(4.34374758384592E-15,1.,3.94430452610506E-31));
#2167=DIRECTION('ref_axis',(0.,3.94430452610506E-31,-1.));
#2168=DIRECTION('',(-0.787021369575845,3.41862217253018E-15,0.616925736074417));
#2169=DIRECTION('center_axis',(4.34374758384592E-15,1.,3.94430452610506E-31));
#2170=DIRECTION('ref_axis',(0.,3.94430452610506E-31,-1.));
#2171=DIRECTION('',(0.0661201122671223,-2.87209077903935E-16,0.997811670984953));
#2172=DIRECTION('center_axis',(4.34374758384592E-15,1.,3.94430452610506E-31));
#2173=DIRECTION('ref_axis',(0.,3.94430452610506E-31,-1.));
#2174=DIRECTION('',(0.714262578612761,-3.10257635008074E-15,0.699877824190372));
#2175=DIRECTION('center_axis',(4.34374758384592E-15,1.,3.94430452610506E-31));
#2176=DIRECTION('ref_axis',(0.,3.94430452610506E-31,-1.));
#2177=DIRECTION('center_axis',(0.862686234928322,-3.74729124858703E-15,
0.505739517998343));
#2178=DIRECTION('ref_axis',(0.505739517998343,-2.1968048093607E-15,-0.862686234928322));
#2179=DIRECTION('',(-4.34374758384592E-15,-1.,-3.94430452610506E-31));
#2180=DIRECTION('center_axis',(4.34374758384592E-15,1.,3.94430452610506E-31));
#2181=DIRECTION('ref_axis',(0.,3.94430452610506E-31,-1.));
#2182=DIRECTION('center_axis',(-0.416280105658469,1.8082157031571E-15,0.909236423397663));
#2183=DIRECTION('ref_axis',(0.909236423397663,-3.94949351727831E-15,0.416280105658469));
#2184=DIRECTION('',(-4.34374758384592E-15,-1.,-3.94430452610506E-31));
#2185=DIRECTION('center_axis',(-4.34374758384589E-15,-1.,-2.65334594002477E-29));
#2186=DIRECTION('ref_axis',(-0.660110934869924,0.,-0.751168126097716));
#2187=DIRECTION('center_axis',(4.34374758384592E-15,1.,3.94430452610506E-31));
#2188=DIRECTION('ref_axis',(-0.660110934869924,0.,-0.751168126097716));
#2189=DIRECTION('',(4.34374758384589E-15,1.,2.51308342144248E-29));
#2190=DIRECTION('',(-4.34374758384589E-15,-1.,-2.536829243104E-29));
#2191=DIRECTION('center_axis',(0.714262604239562,-3.10257646139709E-15,
0.699877798036857));
#2192=DIRECTION('ref_axis',(0.699877798036857,-3.04009249421E-15,-0.714262604239562));
#2193=DIRECTION('',(-0.699877798036857,3.04009249421E-15,0.714262604239562));
#2194=DIRECTION('',(-0.649820230358508,0.371390646301762,0.663176187793542));
#2195=DIRECTION('',(-4.34374758384592E-15,-1.,1.0290367709236E-30));
#2196=DIRECTION('center_axis',(-4.34374758384592E-15,-1.,-3.94430452610506E-31));
#2197=DIRECTION('ref_axis',(0.,-3.94430452610506E-31,1.));
#2198=DIRECTION('',(-0.79827962996896,3.46752521391109E-15,0.602287001666664));
#2199=DIRECTION('center_axis',(-4.34374758384592E-15,-1.,-3.94430452610506E-31));
#2200=DIRECTION('ref_axis',(0.,-3.94430452610506E-31,1.));
#2201=DIRECTION('',(-0.909236342339796,3.94949316518339E-15,-0.416280282704512));
#2202=DIRECTION('center_axis',(-4.34374758384592E-15,-1.,-3.94430452610506E-31));
#2203=DIRECTION('ref_axis',(0.,-3.94430452610506E-31,1.));
#2204=DIRECTION('',(0.41567467759336,-1.80558587646209E-15,-0.909513365711387));
#2205=DIRECTION('center_axis',(4.34374758384592E-15,1.,3.94430452610506E-31));
#2206=DIRECTION('ref_axis',(0.824229915475647,-3.60672032272453E-15,0.56625528380317));
#2207=DIRECTION('',(-0.699877798036857,3.04009249421E-15,0.714262604239562));
#2208=DIRECTION('',(0.714262735547458,-3.10257703176545E-15,0.699877664030123));
#2209=DIRECTION('center_axis',(4.34374758384592E-15,1.,0.));
#2210=DIRECTION('ref_axis',(0.824229915475647,-3.60672032272453E-15,0.56625528380317));
#2211=DIRECTION('',(-4.34374758384592E-15,-1.,-2.76053116651722E-31));
#2212=DIRECTION('',(4.34374758384592E-15,1.,0.));
#2213=DIRECTION('center_axis',(0.714262604239562,-3.10257646139709E-15,
0.699877798036857));
#2214=DIRECTION('ref_axis',(0.699877798036857,-3.04009249421E-15,-0.714262604239562));
#2215=DIRECTION('',(-4.34374758384592E-15,-1.,6.26932344768078E-31));
#2216=DIRECTION('',(0.699877798036857,-3.04009249421E-15,-0.714262604239562));
#2217=DIRECTION('',(-4.34374758384592E-15,-1.,-9.31379721105667E-31));
#2218=DIRECTION('',(-0.649820230358508,0.371390646301762,0.663176187793542));
#2219=DIRECTION('center_axis',(-4.34374758384592E-15,-1.,-3.94430452610506E-31));
#2220=DIRECTION('ref_axis',(0.997568106191294,0.,-0.0696984469691726));
#2221=DIRECTION('center_axis',(-4.34374758384592E-15,-1.,-3.94430452610506E-31));
#2222=DIRECTION('ref_axis',(0.997568106191294,0.,-0.0696984469691726));
#2223=DIRECTION('',(4.34374758384592E-15,1.,3.94430452610506E-31));
#2224=DIRECTION('center_axis',(-4.34374758384592E-15,-1.,-3.94430452610506E-31));
#2225=DIRECTION('ref_axis',(0.,-3.94430452610506E-31,1.));
#2226=DIRECTION('center_axis',(-4.34374758384592E-15,-1.,-3.94430452610506E-31));
#2227=DIRECTION('ref_axis',(0.,-3.94430452610506E-31,1.));
#2228=DIRECTION('center_axis',(-4.34374758384592E-15,-1.,-3.94430452610506E-31));
#2229=DIRECTION('ref_axis',(0.0769463981644092,0.,-0.997035230977083));
#2230=DIRECTION('',(-0.699877798036857,3.04009249421E-15,0.714262604239562));
#2231=DIRECTION('center_axis',(4.34374758384592E-15,1.,9.31379721105667E-31));
#2232=DIRECTION('ref_axis',(-5.60662627435704E-15,2.34223896116598E-29,
1.));
#2233=DIRECTION('',(0.714262604239562,-3.10257646139709E-15,0.699877798036857));
#2234=DIRECTION('center_axis',(4.34374758384592E-15,1.,9.31379721105667E-31));
#2235=DIRECTION('ref_axis',(-1.67088565206086E-14,7.16476754191159E-29,
1.));
#2236=DIRECTION('center_axis',(-4.34374758384592E-15,-1.,-9.31379721105667E-31));
#2237=DIRECTION('ref_axis',(-5.55111512312578E-17,-6.90253292068385E-31,
1.));
#2238=DIRECTION('center_axis',(4.34374758384592E-15,1.,3.94430452610506E-31));
#2239=DIRECTION('ref_axis',(0.,3.94430452610506E-31,-1.));
#2240=DIRECTION('',(-4.34374758384592E-15,-1.,-3.94430452610506E-31));
#2241=DIRECTION('center_axis',(4.34374758384592E-15,1.,3.94430452610506E-31));
#2242=DIRECTION('ref_axis',(0.0769463981644092,0.,-0.997035230977083));
#2243=DIRECTION('',(4.34374758384592E-15,1.,3.94430452610506E-31));
#2244=DIRECTION('center_axis',(0.259928017976321,0.928476702906193,-0.265270498984237));
#2245=DIRECTION('ref_axis',(0.649820105936376,-0.371390646301768,-0.663176309709863));
#2246=DIRECTION('',(4.34374758384592E-15,1.,-6.26932344768078E-31));
#2247=DIRECTION('center_axis',(0.714262604239562,-3.10257646139709E-15,
0.699877798036857));
#2248=DIRECTION('ref_axis',(0.699877798036857,-3.04009249421E-15,-0.714262604239562));
#2249=DIRECTION('',(-0.649820230358508,0.371390646301762,0.663176187793542));
#2250=DIRECTION('',(3.5527136788005E-15,1.,4.93038065763132E-31));
#2251=DIRECTION('center_axis',(-0.995171957099489,4.32277578416212E-15,
0.0981467055115638));
#2252=DIRECTION('ref_axis',(0.0981467055115638,-4.26324514928292E-16,0.995171957099489));
#2253=DIRECTION('',(0.0950611155192277,0.248774426499177,0.963885194946082));
#2254=DIRECTION('',(-4.34374758384592E-15,-1.,-3.94430452610506E-31));
#2255=DIRECTION('center_axis',(0.602287001666664,-2.61618270827138E-15,
0.79827962996896));
#2256=DIRECTION('ref_axis',(0.79827962996896,-3.46752521391109E-15,-0.602287001666664));
#2257=DIRECTION('',(-4.34374758384592E-15,-1.,-3.94430452610506E-31));
#2258=DIRECTION('center_axis',(-0.909513365711388,3.95069648478441E-15,
-0.41567467759336));
#2259=DIRECTION('ref_axis',(-0.41567467759336,1.80558587646209E-15,0.909513365711388));
#2260=DIRECTION('',(4.34374758384592E-15,1.,3.94430452610506E-31));
#2261=DIRECTION('',(4.34374758384592E-15,1.,3.94430452610506E-31));
#2262=DIRECTION('center_axis',(-4.34374758384592E-15,-1.,-3.94430452610506E-31));
#2263=DIRECTION('ref_axis',(0.,-3.94430452610506E-31,1.));
#2264=DIRECTION('',(0.714262664987972,-3.10257672527285E-15,0.69987773603986));
#2265=DIRECTION('center_axis',(4.34374758384592E-15,1.,3.94430452610506E-31));
#2266=DIRECTION('ref_axis',(-2.77555756156289E-14,1.2016878406603E-28,1.));
#2267=DIRECTION('center_axis',(-4.34374758384592E-15,-1.,-3.94430452610506E-31));
#2268=DIRECTION('ref_axis',(0.,-3.94430452610506E-31,1.));
#2269=DIRECTION('center_axis',(4.34374758384592E-15,1.,3.94430452610506E-31));
#2270=DIRECTION('ref_axis',(0.,-3.94430452610506E-31,1.));
#2271=DIRECTION('',(-0.714262578612761,3.10257635008074E-15,-0.699877824190372));
#2272=DIRECTION('center_axis',(4.34374758384592E-15,1.,3.94430452610506E-31));
#2273=DIRECTION('ref_axis',(0.,-3.94430452610506E-31,1.));
#2274=DIRECTION('',(-0.699877736039862,3.04009222491071E-15,0.71426266498797));
#2275=DIRECTION('center_axis',(4.34374758384592E-15,1.,3.94430452610506E-31));
#2276=DIRECTION('ref_axis',(0.,-3.94430452610506E-31,1.));
#2277=DIRECTION('',(0.714262664987972,-3.10257672527285E-15,0.69987773603986));
#2278=DIRECTION('center_axis',(4.34374758384592E-15,1.,3.94430452610506E-31));
#2279=DIRECTION('ref_axis',(1.66533453693774E-14,-7.27323591637952E-29,
1.));
#2280=DIRECTION('center_axis',(-4.34374758384592E-15,-1.,-3.94430452610506E-31));
#2281=DIRECTION('ref_axis',(0.,-3.94430452610506E-31,1.));
#2282=DIRECTION('center_axis',(4.34374758384592E-15,1.,3.94430452610506E-31));
#2283=DIRECTION('ref_axis',(0.,-3.94430452610506E-31,1.));
#2284=DIRECTION('center_axis',(-4.34374758384592E-15,-1.,-3.94430452610506E-31));
#2285=DIRECTION('ref_axis',(0.,-3.94430452610506E-31,1.));
#2286=DIRECTION('',(0.702772206177464,0.707088162382869,-0.0783425608623936));
#2287=DIRECTION('',(-0.702753702480935,0.707106781187305,0.0783404981364512));
#2288=DIRECTION('',(0.658513399843494,-0.707124764747733,-0.257555177208741));
#2289=DIRECTION('',(-0.694846750118228,-0.707119460488975,0.131034584930532));
#2290=DIRECTION('',(0.702772206177949,0.707088162382386,-0.0783425608624061));
#2291=DIRECTION('',(-0.702753702481183,0.707106781187105,0.0783404981360194));
#2292=DIRECTION('',(0.699074421437827,-0.707116418540237,0.10621357692026));
#2293=DIRECTION('',(-0.699083949446491,-0.707106781317392,-0.106215024555166));
#2294=DIRECTION('',(0.702753702482701,-0.70710678118566,-0.0783404981354462));
#2295=DIRECTION('',(-0.70277220617856,-0.707088162381881,0.0783425608614827));
#2296=DIRECTION('',(0.702753702481018,-0.707106781187313,-0.0783404981356327));
#2297=DIRECTION('',(-0.702772206178493,-0.707088162381814,0.0783425608626861));
#2298=DIRECTION('center_axis',(0.714262664987969,-3.1024956645081E-15,0.699877736039863));
#2299=DIRECTION('ref_axis',(0.699877736039863,-3.04009222491071E-15,-0.714262664987969));
#2300=DIRECTION('',(-4.34368968516807E-15,-1.,5.67326245045355E-20));
#2301=DIRECTION('',(-0.699877736039857,-1.23417489066087E-7,0.714262664987964));
#2302=DIRECTION('',(4.34368968516807E-15,1.,-5.67326245045355E-20));
#2303=DIRECTION('',(-4.34368968517508E-15,-1.,5.67326316500839E-20));
#2304=DIRECTION('',(0.699877736039863,-3.04009222491071E-15,-0.714262664987969));
#2305=DIRECTION('center_axis',(2.61678343750701E-5,0.999999999653367,-2.91709765810327E-6));
#2306=DIRECTION('ref_axis',(-0.999999999657622,2.61678343751815E-5,-1.29246970701089E-25));
#2307=DIRECTION('center_axis',(-2.61678344272938E-5,-0.999999999653367,
2.91709768235373E-6));
#2308=DIRECTION('ref_axis',(0.986049562109278,-2.62883383614209E-5,-0.166451976176386));
#2309=DIRECTION('',(0.699892393241052,-2.03982002840083E-5,-0.71424830239016));
#2310=DIRECTION('center_axis',(2.61678343458277E-5,0.999999999653367,-2.91709768317373E-6));
#2311=DIRECTION('ref_axis',(0.901660300471049,-2.23330129980263E-5,0.432445027784681));
#2312=DIRECTION('',(0.699892393241052,-2.03982002840083E-5,-0.71424830239016));
#2313=DIRECTION('',(-0.714262578513767,1.66490928990087E-5,-0.699877824093372));
#2314=DIRECTION('center_axis',(-2.61678336903638E-5,-0.999999999653368,
2.91709733423613E-6));
#2315=DIRECTION('ref_axis',(0.997811670640529,-2.63034486638769E-5,-0.0661201122328586));
#2316=DIRECTION('',(0.0661201122670763,1.18049394239959E-6,0.997811670984257));
#2317=DIRECTION('center_axis',(-2.61678344064553E-5,-0.999999999653368,
2.917097656389E-6));
#2318=DIRECTION('ref_axis',(0.616925735711938,-1.38477923047995E-5,0.787021369738155));
#2319=DIRECTION('',(-0.787021369378498,2.2394277470775E-5,0.616925735919722));
#2320=DIRECTION('center_axis',(-2.61678343660331E-5,-0.999999999653367,
2.91709761332664E-6));
#2321=DIRECTION('ref_axis',(-0.699877735578254,2.03978585839512E-5,0.714262665149022));
#2322=DIRECTION('',(0.714262664888978,-1.66490954164045E-5,0.699877735942859));
#2323=DIRECTION('center_axis',(-2.61678344547458E-5,-0.999999999653367,
2.91709770444584E-6));
#2324=DIRECTION('ref_axis',(-0.986049562109372,2.6288338392168E-5,0.166451976175831));
#2325=DIRECTION('center_axis',(4.34374758384592E-15,1.,3.94430452610506E-31));
#2326=DIRECTION('ref_axis',(0.714262664987972,-3.10257672527285E-15,0.699877736039861));
#2327=DIRECTION('',(4.34374758384592E-15,1.,3.94430452610506E-31));
#2328=DIRECTION('center_axis',(-0.505065619643433,-0.707098791375501,-0.494893947315483));
#2329=DIRECTION('ref_axis',(-0.505054206061707,0.707114770907316,-0.494882763595656));
#2330=DIRECTION('center_axis',(-0.505065619643425,-0.707098791375494,-0.494893947315502));
#2331=DIRECTION('ref_axis',(-0.50505420606176,0.707114770907323,-0.494882763595591));
#2332=DIRECTION('',(4.34374758384592E-15,1.,3.94430452610506E-31));
#2333=DIRECTION('center_axis',(4.34374758384592E-15,1.,3.94430452610506E-31));
#2334=DIRECTION('ref_axis',(0.,3.94430452610506E-31,-1.));
#2335=DIRECTION('center_axis',(0.69987773603986,-3.04009222491069E-15,-0.714262664987972));
#2336=DIRECTION('ref_axis',(-0.714262664987972,3.10257672527285E-15,-0.69987773603986));
#2337=DIRECTION('',(-4.34368968516807E-15,-1.,5.67326245045355E-20));
#2338=DIRECTION('',(0.505054267137642,-0.70711477090731,0.494882701264412));
#2339=DIRECTION('',(4.34374758384592E-15,1.,3.94430452610506E-31));
#2340=DIRECTION('center_axis',(-0.129915011691312,0.928476667244328,0.3479269580244));
#2341=DIRECTION('ref_axis',(1.58206781009085E-15,0.350900795531861,-0.936412639649373));
#2342=DIRECTION('center_axis',(0.129915011691312,-0.928476667244328,-0.3479269580244));
#2343=DIRECTION('ref_axis',(0.324787469272541,0.371390735456428,-0.869817234492782));
#2344=DIRECTION('',(-0.705034489331378,0.160225708267447,-0.690835791822802));
#2345=DIRECTION('center_axis',(0.129915011691312,-0.928476667244328,-0.3479269580244));
#2346=DIRECTION('ref_axis',(0.324787469272541,0.371390735456428,-0.869817234492782));
#2347=DIRECTION('center_axis',(0.129915011691312,-0.928476667244328,-0.3479269580244));
#2348=DIRECTION('ref_axis',(0.324787469272542,0.371390735456428,-0.869817234492782));
#2349=DIRECTION('center_axis',(0.616925736074417,-2.67976967548561E-15,
0.787021369575845));
#2350=DIRECTION('ref_axis',(0.787021369575845,-3.41862217253018E-15,-0.616925736074417));
#2351=DIRECTION('',(4.34374758384592E-15,1.,3.94430452610506E-31));
#2352=DIRECTION('',(-4.34374758384592E-15,-1.,-3.94430452610506E-31));
#2353=DIRECTION('center_axis',(0.997811670984952,-4.33424203497415E-15,
-0.0661201122671224));
#2354=DIRECTION('ref_axis',(-0.0661201122671224,2.87209077903934E-16,-0.997811670984953));
#2355=DIRECTION('',(-4.34374758384592E-15,-1.,-3.94430452610506E-31));
#2356=DIRECTION('',(4.34374758384592E-15,1.,3.94430452610506E-31));
#2357=DIRECTION('center_axis',(4.34374758384592E-15,1.,3.94430452610506E-31));
#2358=DIRECTION('ref_axis',(0.,3.94430452610506E-31,-1.));
#2359=DIRECTION('',(-4.34374758384592E-15,-1.,-3.94430452610506E-31));
#2360=DIRECTION('center_axis',(-4.34374758384592E-15,-1.,-3.94430452610506E-31));
#2361=DIRECTION('ref_axis',(0.,-3.94430452610506E-31,1.));
#2362=DIRECTION('',(4.34374758384592E-15,1.,3.94430452610506E-31));
#2363=DIRECTION('center_axis',(4.34368968516807E-15,1.,-5.67326245045355E-20));
#2364=DIRECTION('ref_axis',(-1.,4.34368968516807E-15,3.2847456628471E-39));
#2365=DIRECTION('center_axis',(-0.505065619643407,-0.707098791375513,-0.494893947315494));
#2366=DIRECTION('ref_axis',(-0.505054206061591,0.707114770907304,-0.49488276359579));
#2367=DIRECTION('center_axis',(-0.699877824190372,3.04009260781427E-15,
0.714262578612761));
#2368=DIRECTION('ref_axis',(0.714262578612761,-3.10257635008074E-15,0.699877824190372));
#2369=DIRECTION('',(0.505054206061832,-0.707114770907313,0.494882763595531));
#2370=DIRECTION('',(4.34368968517508E-15,1.,-5.67326316500839E-20));
#2371=DIRECTION('',(-4.34374758384592E-15,-1.,-3.94430452610506E-31));
#2372=DIRECTION('',(-4.34374758384592E-15,-1.,-3.94430452610506E-31));
#2373=DIRECTION('center_axis',(-4.34368968517508E-15,-1.,5.67326316500839E-20));
#2374=DIRECTION('ref_axis',(1.,-4.34368968517508E-15,-3.2847456793541E-39));
#2375=DIRECTION('center_axis',(-0.505065619643442,-0.707098791375508,-0.494893947315464));
#2376=DIRECTION('ref_axis',(-0.505054206062117,0.707114770907309,-0.494882763595247));
#2377=DIRECTION('',(4.34368968517508E-15,1.,-5.67326316500839E-20));
#2378=DIRECTION('center_axis',(4.34374758384592E-15,1.,3.94430452610506E-31));
#2379=DIRECTION('ref_axis',(0.,3.94430452610506E-31,-1.));
#2380=DIRECTION('center_axis',(4.34374758384592E-15,1.,3.94430452610506E-31));
#2381=DIRECTION('ref_axis',(0.,3.94430452610506E-31,-1.));
#2382=DIRECTION('center_axis',(0.505065619643495,0.707098791375518,0.494893947315396));
#2383=DIRECTION('ref_axis',(-0.505054206063598,0.707114770907299,-0.494882763593749));
#2384=DIRECTION('',(4.34374758384592E-15,1.,3.94430452610506E-31));
#2385=DIRECTION('',(-4.34374758384592E-15,-1.,-3.94430452610506E-31));
#2386=DIRECTION('center_axis',(0.69987773603986,-3.04009222491069E-15,-0.714262664987972));
#2387=DIRECTION('ref_axis',(-0.714262664987972,3.10257672527285E-15,-0.69987773603986));
#2388=DIRECTION('',(-4.34374758384592E-15,-1.,-3.94430452610506E-31));
#2389=DIRECTION('center_axis',(4.34374758384592E-15,1.,3.94430452610506E-31));
#2390=DIRECTION('ref_axis',(0.,3.94430452610506E-31,-1.));
#2391=DIRECTION('',(4.34374758384592E-15,1.,3.94430452610506E-31));
#2392=DIRECTION('',(-4.34374758384592E-15,-1.,-3.94430452610506E-31));
#2393=DIRECTION('center_axis',(4.34374758384592E-15,1.,3.94430452610506E-31));
#2394=DIRECTION('ref_axis',(0.,3.94430452610506E-31,-1.));
#2395=DIRECTION('center_axis',(-0.505065619643445,-0.707098791375515,-0.494893947315452));
#2396=DIRECTION('ref_axis',(-0.505054206062117,0.707114770907302,-0.494882763595256));
#2397=DIRECTION('center_axis',(-0.416280282704512,1.80821647220042E-15,
0.909236342339797));
#2398=DIRECTION('ref_axis',(0.909236342339797,-3.94949316518339E-15,0.416280282704512));
#2399=DIRECTION('',(4.34374758384592E-15,1.,3.94430452610506E-31));
#2400=DIRECTION('',(-4.34374758384592E-15,-1.,-3.94430452610506E-31));
#2401=DIRECTION('center_axis',(4.34374758384592E-15,1.,3.94430452610506E-31));
#2402=DIRECTION('ref_axis',(0.,3.94430452610506E-31,-1.));
#2403=DIRECTION('center_axis',(-0.699877932509865,3.04009307832681E-15,
0.714262472474732));
#2404=DIRECTION('ref_axis',(0.714262472474732,-3.10257588904393E-15,0.699877932509865));
#2405=DIRECTION('',(3.5527136788005E-15,1.,-1.97215226305253E-31));
#2406=DIRECTION('',(3.5527136788005E-15,1.,-1.97215226305253E-31));
#2407=DIRECTION('center_axis',(-4.34374758384592E-15,-1.,-1.53304023573224E-31));
#2408=DIRECTION('ref_axis',(0.00248846097338017,-1.08092463406148E-17,-0.999996903776199));
#2409=DIRECTION('center_axis',(4.19624705651254E-15,1.,-1.44530012554809E-16));
#2410=DIRECTION('ref_axis',(0.999998955972202,-4.19645152285769E-15,-0.00144501020952078));
#2411=DIRECTION('center_axis',(-0.699877798036857,3.04009249421E-15,0.714262604239562));
#2412=DIRECTION('ref_axis',(0.714262604239562,-3.10257646139709E-15,0.699877798036857));
#2413=DIRECTION('',(-0.71426260423956,-7.5046181745231E-8,-0.699877798036855));
#2414=DIRECTION('',(4.34374758384592E-15,1.,9.31379721105667E-31));
#2415=DIRECTION('',(-4.34374758384592E-15,-1.,-9.31379721105667E-31));
#2416=DIRECTION('center_axis',(4.34374758384592E-15,1.,9.31379721105667E-31));
#2417=DIRECTION('ref_axis',(5.55111512312578E-17,6.90253292068385E-31,-1.));
#2418=DIRECTION('center_axis',(-0.259928017976321,-0.928476702906193,0.265270498984237));
#2419=DIRECTION('ref_axis',(0.649820105936376,-0.371390646301768,-0.663176309709863));
#2420=DIRECTION('center_axis',(-4.34374758384592E-15,-1.,-9.31379721105667E-31));
#2421=DIRECTION('ref_axis',(-5.55111512312578E-17,-6.90253292068385E-31,
1.));
#2422=DIRECTION('center_axis',(-0.259928017976321,-0.928476702906193,0.265270498984237));
#2423=DIRECTION('ref_axis',(-0.649820105936376,0.371390646301768,0.663176309709863));
#2424=DIRECTION('center_axis',(-1.3474734379107E-5,-0.99999999990712,-2.04727807528375E-6));
#2425=DIRECTION('ref_axis',(0.999999999909216,-1.34747343791352E-5,-9.87687901835554E-21));
#2426=DIRECTION('',(-1.3474734379107E-5,-0.99999999990712,-2.04727807528375E-6));
#2427=DIRECTION('center_axis',(4.34374758384592E-15,1.,3.94430452610506E-31));
#2428=DIRECTION('ref_axis',(0.,3.94430452610506E-31,-1.));
#2429=DIRECTION('center_axis',(-4.34374758384592E-15,-1.,-3.94430452610506E-31));
#2430=DIRECTION('ref_axis',(0.,-3.94430452610506E-31,1.));
#2431=DIRECTION('center_axis',(-4.34374758384592E-15,-1.,-3.94430452610506E-31));
#2432=DIRECTION('ref_axis',(0.,-3.94430452610506E-31,1.));
#2433=DIRECTION('center_axis',(4.34374758384592E-15,1.,3.94430452610506E-31));
#2434=DIRECTION('ref_axis',(0.,3.94430452610506E-31,-1.));
#2435=DIRECTION('center_axis',(-4.34374758384592E-15,-1.,-3.94430452610506E-31));
#2436=DIRECTION('ref_axis',(-0.108293457234525,4.7039944320879E-16,-0.99411897030496));
#2437=DIRECTION('center_axis',(-4.34374758384592E-15,-1.,-3.94430452610506E-31));
#2438=DIRECTION('ref_axis',(0.,-3.94430452610506E-31,1.));
#2439=DIRECTION('center_axis',(0.259928017976321,0.928476702906193,-0.265270498984237));
#2440=DIRECTION('ref_axis',(-1.16573417585641E-15,-0.274712933191754,-0.961526288947516));
#2441=DIRECTION('center_axis',(-0.259928017976321,-0.928476702906193,0.265270498984237));
#2442=DIRECTION('ref_axis',(0.649820105936377,-0.371390646301768,-0.663176309709862));
#2443=DIRECTION('center_axis',(-2.61678343750701E-5,-0.999999999653367,
2.91709765810327E-6));
#2444=DIRECTION('ref_axis',(0.999999999657622,-2.61678343751814E-5,7.72166639469715E-21));
#2445=DIRECTION('',(-2.61678343750701E-5,-0.999999999653368,2.91709765810327E-6));
#2446=DIRECTION('center_axis',(-2.61678343750701E-5,-0.999999999653367,
2.91709765810327E-6));
#2447=DIRECTION('ref_axis',(0.999999999657622,-2.61678343751814E-5,7.72220923197414E-21));
#2448=DIRECTION('',(-2.61678343750701E-5,-0.999999999653367,2.91709765810327E-6));
#2449=DIRECTION('center_axis',(4.34374758384592E-15,1.,3.94430452610506E-31));
#2450=DIRECTION('ref_axis',(0.,3.94430452610506E-31,-1.));
#2451=DIRECTION('',(-4.34374758384592E-15,-1.,-3.94430452610506E-31));
#2452=DIRECTION('',(3.5527136788005E-15,1.,0.));
#2453=DIRECTION('center_axis',(0.69987773603986,-3.04009222491069E-15,-0.714262664987972));
#2454=DIRECTION('ref_axis',(-0.714262664987972,3.10257672527285E-15,-0.69987773603986));
#2455=DIRECTION('',(4.34374758384592E-15,1.,3.94430452610506E-31));
#2456=DIRECTION('center_axis',(4.34374758384592E-15,1.,3.94430452610506E-31));
#2457=DIRECTION('ref_axis',(0.181604615640977,-7.88844610405761E-16,0.983371630452035));
#2458=DIRECTION('center_axis',(4.34374758384592E-15,1.,3.94430452610506E-31));
#2459=DIRECTION('ref_axis',(0.,3.94430452610506E-31,-1.));
#2460=DIRECTION('center_axis',(4.34374758384592E-15,1.,3.94430452610506E-31));
#2461=DIRECTION('ref_axis',(0.,3.94430452610506E-31,-1.));
#2462=DIRECTION('center_axis',(-4.34374758384592E-15,-1.,-3.94430452610506E-31));
#2463=DIRECTION('ref_axis',(0.,3.94430452610506E-31,-1.));
#2464=DIRECTION('',(4.34374758384592E-15,1.,3.94430452610506E-31));
#2465=DIRECTION('center_axis',(4.34374758384592E-15,1.,9.31379721105667E-31));
#2466=DIRECTION('ref_axis',(5.55111512312578E-17,6.90253292068385E-31,-1.));
#2467=DIRECTION('center_axis',(-4.34374758384592E-15,-1.,-9.31379721105667E-31));
#2468=DIRECTION('ref_axis',(5.55111512312578E-17,6.90253292068385E-31,-1.));
#2469=DIRECTION('',(4.34374758384592E-15,1.,9.31379721105667E-31));
#2470=DIRECTION('center_axis',(4.34374758384592E-15,1.,1.53304023573224E-31));
#2471=DIRECTION('ref_axis',(-5.55111512312578E-17,3.94430452610506E-31,
-1.));
#2472=DIRECTION('center_axis',(-4.34374758384592E-15,-1.,-1.53304023573224E-31));
#2473=DIRECTION('ref_axis',(-5.55111512312578E-17,3.94430452610506E-31,
-1.));
#2474=DIRECTION('',(4.34374758384592E-15,1.,1.53304023573224E-31));
#2475=DIRECTION('center_axis',(4.34374758384592E-15,1.,1.53304023573224E-31));
#2476=DIRECTION('ref_axis',(-5.55111512312578E-17,3.94430452610506E-31,
-1.));
#2477=DIRECTION('',(4.34374758384592E-15,1.,1.53304023573224E-31));
#2478=DIRECTION('center_axis',(4.34374758384592E-15,1.,1.53304023573224E-31));
#2479=DIRECTION('ref_axis',(-5.55111512312578E-17,3.94430452610506E-31,
-1.));
#2480=DIRECTION('center_axis',(4.34374758384592E-15,1.,1.53304023573224E-31));
#2481=DIRECTION('ref_axis',(-5.55111512312578E-17,3.94430452610506E-31,
-1.));
#2482=DIRECTION('center_axis',(4.34374758384592E-15,1.,9.31379721105667E-31));
#2483=DIRECTION('ref_axis',(5.55111512312578E-17,6.90253292068386E-31,-1.));
#2484=DIRECTION('',(4.34374758384592E-15,1.,9.31379721105667E-31));
#2485=DIRECTION('center_axis',(4.34374758384592E-15,1.,9.31379721105667E-31));
#2486=DIRECTION('ref_axis',(5.55111512312578E-17,6.90253292068386E-31,-1.));
#2487=DIRECTION('center_axis',(4.34374758384592E-15,1.,9.31379721105667E-31));
#2488=DIRECTION('ref_axis',(5.55111512312578E-17,6.90253292068385E-31,-1.));
#2489=DIRECTION('center_axis',(4.34374758384592E-15,1.,3.94430452610506E-31));
#2490=DIRECTION('ref_axis',(0.,3.94430452610506E-31,-1.));
#2491=DIRECTION('',(-0.714262664987973,3.10257672527286E-15,-0.699877736039859));
#2492=DIRECTION('center_axis',(4.34374758384592E-15,1.,3.94430452610506E-31));
#2493=DIRECTION('ref_axis',(0.,3.94430452610506E-31,-1.));
#2494=DIRECTION('center_axis',(4.34374758384592E-15,1.,3.94430452610506E-31));
#2495=DIRECTION('ref_axis',(0.,3.94430452610506E-31,-1.));
#2496=DIRECTION('',(0.714262664987966,-3.10257672527283E-15,0.699877736039866));
#2497=DIRECTION('center_axis',(0.699877736039859,-3.04009222491069E-15,
-0.714262664987973));
#2498=DIRECTION('ref_axis',(-0.714262664987973,3.10257672527286E-15,-0.699877736039859));
#2499=DIRECTION('',(0.505054267137642,-0.70711477090731,0.494882701264412));
#2500=DIRECTION('',(4.34368968516807E-15,1.,-5.67326245045355E-20));
#2501=DIRECTION('center_axis',(-0.699877736039866,3.04009222491072E-15,
0.714262664987966));
#2502=DIRECTION('ref_axis',(0.714262664987966,-3.10257672527283E-15,0.699877736039866));
#2503=DIRECTION('',(-0.505054267137637,0.70711477090731,-0.494882701264417));
#2504=DIRECTION('',(-4.34368968516807E-15,-1.,5.67326245045361E-20));
#2505=DIRECTION('center_axis',(-4.34368968517508E-15,-1.,5.67326316500839E-20));
#2506=DIRECTION('ref_axis',(-0.998622611432325,4.33770376001947E-15,-0.0524678943362861));
#2507=DIRECTION('center_axis',(-0.505065619643393,-0.707098791375522,-0.494893947315495));
#2508=DIRECTION('ref_axis',(-0.505054206061494,0.707114770907295,-0.494882763595902));
#2509=DIRECTION('center_axis',(-4.34368968516807E-15,-1.,5.67326245045355E-20));
#2510=DIRECTION('ref_axis',(1.,-4.34368968516807E-15,-3.2847456628471E-39));
#2511=DIRECTION('center_axis',(-0.50506561964345,-0.707098791375504,-0.494893947315462));
#2512=DIRECTION('ref_axis',(-0.50505420606159,0.707114770907313,-0.494882763595779));
#2513=DIRECTION('center_axis',(0.505065619643431,0.707098791375504,0.494893947315482));
#2514=DIRECTION('ref_axis',(-0.813736163110952,0.581234425034741,-1.94289029309402E-16));
#2515=DIRECTION('center_axis',(0.505065619643431,0.707098791375504,0.494893947315482));
#2516=DIRECTION('ref_axis',(-0.813736163110952,0.581234425034741,-1.94289029309402E-16));
#2517=DIRECTION('',(-0.014980707820841,2.70418385217106E-16,0.999887782900256));
#2518=DIRECTION('',(0.999887782900255,3.9339378843154E-15,0.014980707820841));
#2519=CARTESIAN_POINT('',(0.,0.,0.));
#2520=CARTESIAN_POINT('',(0.,0.,0.));
#2521=CARTESIAN_POINT('Origin',(-82.2863735486413,-193.249999999999,-84.2665474136579));
#2522=CARTESIAN_POINT('',(-78.8048013134415,-194.749999999999,-80.6778631462578));
#2523=CARTESIAN_POINT('',(-81.3428835204196,-194.749999999999,-79.3563715953551));
#2524=CARTESIAN_POINT('Origin',(-82.2863735486413,-194.749999999999,-84.2665474136579));
#2525=CARTESIAN_POINT('',(-81.3428835204195,-191.749999999999,-79.3563715953551));
#2526=CARTESIAN_POINT('',(-81.3428835204196,-193.249999999999,-79.3563715953551));
#2527=CARTESIAN_POINT('',(-78.8048013134415,-191.749999999999,-80.6778631462578));
#2528=CARTESIAN_POINT('Origin',(-82.2863735486413,-191.749999999999,-84.2665474136579));
#2529=CARTESIAN_POINT('',(-78.8048013134415,-193.249999999999,-80.6778631462578));
#2530=CARTESIAN_POINT('Origin',(-4.05742717956758,-194.749999999999,-94.2067680134137));
#2531=CARTESIAN_POINT('',(-118.434952100484,-194.749999999999,-72.2291325459996));
#2532=CARTESIAN_POINT('',(-4.05742717956758,-194.749999999999,-94.2067680134137));
#2533=CARTESIAN_POINT('',(-118.434952100484,-191.749999999999,-72.2291325459996));
#2534=CARTESIAN_POINT('',(-118.434952100484,-191.749999999999,-72.2291325459996));
#2535=CARTESIAN_POINT('',(-4.05742717956756,-191.749999999999,-94.2067680134137));
#2536=CARTESIAN_POINT('Origin',(-97.2825284693287,-191.749999999999,-61.3583753703762));
#2537=CARTESIAN_POINT('',(-97.9788429163687,-201.150050547042,-62.0761122238562));
#2538=CARTESIAN_POINT('',(-98.2803622886699,-201.150050547042,-61.292590349445));
#2539=CARTESIAN_POINT('Origin',(-97.2825284693288,-201.150050547042,-61.3583753703762));
#2540=CARTESIAN_POINT('',(-98.2803622886699,-194.749999999999,-61.292590349445));
#2541=CARTESIAN_POINT('',(-98.2803622886699,-191.749999999999,-61.292590349445));
#2542=CARTESIAN_POINT('',(-97.9788429163687,-194.749999999999,-62.0761122238562));
#2543=CARTESIAN_POINT('Origin',(-97.2825284693287,-194.749999999999,-61.3583753703762));
#2544=CARTESIAN_POINT('',(-97.9788429163687,-191.749999999999,-62.0761122238562));
#2545=CARTESIAN_POINT('Origin',(-91.0186983284434,-201.150050547042,-59.6628641584142));
#2546=CARTESIAN_POINT('',(-83.2270116581873,-201.150050547042,-76.3876432196007));
#2547=CARTESIAN_POINT('',(-60.9988526617398,-201.150050547042,-97.9523548061413));
#2548=CARTESIAN_POINT('',(-65.9661411125133,-201.150050547042,-69.942479523529));
#2549=CARTESIAN_POINT('',(-84.5844483607367,-201.150050547042,-76.8945065166654));
#2550=CARTESIAN_POINT('',(-87.1525035873597,-201.150050547042,-49.0624315424164));
#2551=CARTESIAN_POINT('',(-113.694973301939,-201.150050547042,-22.9037154421119));
#2552=CARTESIAN_POINT('',(-88.8298326069247,-201.150050547042,-48.7669321526689));
#2553=CARTESIAN_POINT('Origin',(-88.205412448437,-201.150050547042,-50.1307867877654));
#2554=CARTESIAN_POINT('',(-97.1806887288231,-201.150050547042,-52.5902449669227));
#2555=CARTESIAN_POINT('',(-88.9671237865641,-201.150050547042,-48.8297888369103));
#2556=CARTESIAN_POINT('',(-97.7622424425058,-201.150050547042,-53.4336963693892));
#2557=CARTESIAN_POINT('Origin',(-96.7644086231646,-201.150050547042,-53.4994813903204));
#2558=CARTESIAN_POINT('',(-97.723004820144,-201.150050547042,-52.8385361637841));
#2559=CARTESIAN_POINT('',(-88.9931048233843,-201.150050547042,-57.213564218836));
#2560=CARTESIAN_POINT('',(-93.3036063965389,-201.150050547042,-56.7330447434313));
#2561=CARTESIAN_POINT('Ctrl Pts',(-88.9931048233845,-201.150050547042,-57.213564218836));
#2562=CARTESIAN_POINT('Ctrl Pts',(-88.9975349884511,-201.150050547042,-57.2533050294925));
#2563=CARTESIAN_POINT('Ctrl Pts',(-89.0030750365105,-201.150050547042,-57.2928517157663));
#2564=CARTESIAN_POINT('Ctrl Pts',(-89.0096801759611,-201.150050547042,-57.3320922526853));
#2565=CARTESIAN_POINT('Ctrl Pts',(-89.0190906039732,-201.150050547042,-57.3879987555827));
#2566=CARTESIAN_POINT('Ctrl Pts',(-89.0307813713339,-201.150050546034,-57.4439734800304));
#2567=CARTESIAN_POINT('Ctrl Pts',(-89.0447433239901,-201.150050545039,-57.4996658262927));
#2568=CARTESIAN_POINT('Ctrl Pts',(-89.0588321318279,-201.150050544036,-57.5558641807673));
#2569=CARTESIAN_POINT('Ctrl Pts',(-89.0752335257736,-201.150050543046,-57.6117743053086));
#2570=CARTESIAN_POINT('Ctrl Pts',(-89.0938852949464,-201.150050542579,-57.6670376730987));
#2571=CARTESIAN_POINT('Ctrl Pts',(-89.1125323842716,-201.150050542113,-57.722287174958));
#2572=CARTESIAN_POINT('Ctrl Pts',(-89.133428523917,-201.150050542167,-57.7768895275875));
#2573=CARTESIAN_POINT('Ctrl Pts',(-89.1564610464958,-201.150050542719,-57.8304988504956));
#2574=CARTESIAN_POINT('Ctrl Pts',(-89.1793223586916,-201.150050543268,-57.8837096728626));
#2575=CARTESIAN_POINT('Ctrl Pts',(-89.2042881193939,-201.150050544305,-57.9359415160987));
#2576=CARTESIAN_POINT('Ctrl Pts',(-89.2312021282912,-201.150050545309,-57.9868785991791));
#2577=CARTESIAN_POINT('Ctrl Pts',(-89.2370790325613,-201.150050545529,-57.9980011473734));
#2578=CARTESIAN_POINT('Ctrl Pts',(-89.2430486645299,-201.150050545745,-58.0090620674669));
#2579=CARTESIAN_POINT('Ctrl Pts',(-89.2491091249101,-201.150050545949,-58.0200582622912));
#2580=CARTESIAN_POINT('Ctrl Pts',(-89.2665833902211,-201.150050546538,-58.051763844659));
#2581=CARTESIAN_POINT('Ctrl Pts',(-89.2848221653328,-201.150050547042,-58.0829472592755));
#2582=CARTESIAN_POINT('Ctrl Pts',(-89.3037592788867,-201.150050547042,-58.1135465946004));
#2583=CARTESIAN_POINT('Ctrl Pts',(-89.334303313093,-201.150050547042,-58.1629008503162));
#2584=CARTESIAN_POINT('Ctrl Pts',(-89.3670246641286,-201.150050546234,-58.2113132205719));
#2585=CARTESIAN_POINT('Ctrl Pts',(-89.4017552419585,-201.150050545473,-58.2584672651511));
#2586=CARTESIAN_POINT('Ctrl Pts',(-89.4367517051506,-201.150050544707,-58.3059823048824));
#2587=CARTESIAN_POINT('Ctrl Pts',(-89.4737878994876,-201.150050543986,-58.3522190534524));
#2588=CARTESIAN_POINT('Ctrl Pts',(-89.5126455513563,-201.150050543688,-58.3968787835079));
#2589=CARTESIAN_POINT('Ctrl Pts',(-89.551433809101,-201.15005054339,-58.4414587577702));
#2590=CARTESIAN_POINT('Ctrl Pts',(-89.5920365293993,-201.150050543509,-58.4844667736098));
#2591=CARTESIAN_POINT('Ctrl Pts',(-89.6341973356556,-201.150050543977,-58.5256394779518));
#2592=CARTESIAN_POINT('Ctrl Pts',(-89.6759616327049,-201.150050544441,-58.5664249658765));
#2593=CARTESIAN_POINT('Ctrl Pts',(-89.7192543058745,-201.150050545243,-58.6054090472246));
#2594=CARTESIAN_POINT('Ctrl Pts',(-89.7637953755551,-201.150050545954,-58.6423764471728));
#2595=CARTESIAN_POINT('Ctrl Pts',(-89.7738870762857,-201.150050546115,-58.6507521763535));
#2596=CARTESIAN_POINT('Ctrl Pts',(-89.7840427554025,-201.15005054627,-58.6590245626932));
#2597=CARTESIAN_POINT('Ctrl Pts',(-89.7942589784579,-201.150050546412,-58.6671914321026));
#2598=CARTESIAN_POINT('Ctrl Pts',(-89.8193587959797,-201.15005054676,-58.6872562770839));
#2599=CARTESIAN_POINT('Ctrl Pts',(-89.8448356354492,-201.150050547042,-58.706693072149));
#2600=CARTESIAN_POINT('Ctrl Pts',(-89.8706288636144,-201.150050547042,-58.7254827905398));
#2601=CARTESIAN_POINT('Ctrl Pts',(-89.9272881404804,-201.150050547042,-58.7667576495733));
#2602=CARTESIAN_POINT('Ctrl Pts',(-89.9858291914732,-201.15005054694,-58.8051660000947));
#2603=CARTESIAN_POINT('Ctrl Pts',(-90.0457920197465,-201.150050546886,-58.8405395335577));
#2604=CARTESIAN_POINT('Ctrl Pts',(-90.1050364778998,-201.150050546831,-58.875489282983));
#2605=CARTESIAN_POINT('Ctrl Pts',(-90.1656680841994,-201.150050546816,-58.9074762930559));
#2606=CARTESIAN_POINT('Ctrl Pts',(-90.2272351885992,-201.150050546838,-58.9363877917992));
#2607=CARTESIAN_POINT('Ctrl Pts',(-90.2873544601808,-201.150050546859,-58.9646193979747));
#2608=CARTESIAN_POINT('Ctrl Pts',(-90.3483651115407,-201.150050546909,-58.9899184119695));
#2609=CARTESIAN_POINT('Ctrl Pts',(-90.409849228461,-201.150050546949,-59.0122289059555));
#2610=CARTESIAN_POINT('Ctrl Pts',(-90.4548850582614,-201.150050546979,-59.0285708762113));
#2611=CARTESIAN_POINT('Ctrl Pts',(-90.5001749387598,-201.150050547001,-59.0433104305672));
#2612=CARTESIAN_POINT('Ctrl Pts',(-90.5455583796099,-201.150050547016,-59.0564430244316));
#2613=CARTESIAN_POINT('Ctrl Pts',(-90.572228332693,-201.150050547024,-59.0641605014599));
#2614=CARTESIAN_POINT('Ctrl Pts',(-90.5989411858881,-201.150050547042,-59.0713263912854));
#2615=CARTESIAN_POINT('Ctrl Pts',(-90.6256625872366,-201.150050547042,-59.0779500763457));
#2616=CARTESIAN_POINT('Ctrl Pts',(-90.6962436703492,-201.150050547042,-59.0954456732141));
#2617=CARTESIAN_POINT('Ctrl Pts',(-90.767241861979,-201.150050547464,-59.1092447989243));
#2618=CARTESIAN_POINT('Ctrl Pts',(-90.8381405106754,-201.150050547827,-59.1194617702421));
#2619=CARTESIAN_POINT('Ctrl Pts',(-90.9077682650468,-201.150050548184,-59.1294955971544));
#2620=CARTESIAN_POINT('Ctrl Pts',(-90.9772995156724,-201.150050548479,-59.1360747214631));
#2621=CARTESIAN_POINT('Ctrl Pts',(-91.046275762364,-201.150050548513,-59.1393459387923));
#2622=CARTESIAN_POINT('Ctrl Pts',(-91.1136232265485,-201.150050548547,-59.1425399106664));
#2623=CARTESIAN_POINT('Ctrl Pts',(-91.1804412656182,-201.150050548329,-59.1425805695775));
#2624=CARTESIAN_POINT('Ctrl Pts',(-91.2463386990956,-201.150050547982,-59.1396386725842));
#2625=CARTESIAN_POINT('Ctrl Pts',(-91.2943008427977,-201.15005054773,-59.1374974710395));
#2626=CARTESIAN_POINT('Ctrl Pts',(-91.3417760266686,-201.150050547416,-59.133777007543));
#2627=CARTESIAN_POINT('Ctrl Pts',(-91.3886270886731,-201.150050547209,-59.1285539581854));
#2628=CARTESIAN_POINT('Ctrl Pts',(-91.4115161629366,-201.150050547107,-59.1260022387683));
#2629=CARTESIAN_POINT('Ctrl Pts',(-91.4342639510078,-201.150050547042,-59.1230912035503));
#2630=CARTESIAN_POINT('Ctrl Pts',(-91.4568558641064,-201.150050547042,-59.119835263105));
#2631=CARTESIAN_POINT('Ctrl Pts',(-91.5251013888107,-201.150050547042,-59.1099997364221));
#2632=CARTESIAN_POINT('Ctrl Pts',(-91.5919615393255,-201.150050547712,-59.0970134245919));
#2633=CARTESIAN_POINT('Ctrl Pts',(-91.6571887669838,-201.150050548284,-59.0812340053937));
#2634=CARTESIAN_POINT('Ctrl Pts',(-91.7230523858645,-201.150050548862,-59.0653006338624));
#2635=CARTESIAN_POINT('Ctrl Pts',(-91.7872512692901,-201.150050549343,-59.0465193241826));
#2636=CARTESIAN_POINT('Ctrl Pts',(-91.8495788926683,-201.150050549436,-59.0252317344431));
#2637=CARTESIAN_POINT('Ctrl Pts',(-91.9135835382935,-201.150050549531,-59.0033713687876));
#2638=CARTESIAN_POINT('Ctrl Pts',(-91.9756149578492,-201.150050549219,-58.9788680461021));
#2639=CARTESIAN_POINT('Ctrl Pts',(-92.0354981727082,-201.150050548692,-58.9520641594117));
#2640=CARTESIAN_POINT('Ctrl Pts',(-92.0905529791677,-201.150050548207,-58.9274214811992));
#2641=CARTESIAN_POINT('Ctrl Pts',(-92.143792746197,-201.150050547547,-58.9008339033563));
#2642=CARTESIAN_POINT('Ctrl Pts',(-92.1951149917957,-201.150050547211,-58.8725478801952));
#2643=CARTESIAN_POINT('Ctrl Pts',(-92.2107928805842,-201.150050547108,-58.8639070828137));
#2644=CARTESIAN_POINT('Ctrl Pts',(-92.2262960390358,-201.150050547042,-58.855105472369));
#2645=CARTESIAN_POINT('Ctrl Pts',(-92.2416230652499,-201.150050547042,-58.846151738071));
#2646=CARTESIAN_POINT('Ctrl Pts',(-92.294445598916,-201.150050547042,-58.8152938974964));
#2647=CARTESIAN_POINT('Ctrl Pts',(-92.3450706374486,-201.150050547438,-58.7826935878569));
#2648=CARTESIAN_POINT('Ctrl Pts',(-92.3934990576518,-201.15005054781,-58.7486878296933));
#2649=CARTESIAN_POINT('Ctrl Pts',(-92.4440630291145,-201.150050548199,-58.7131825173555));
#2650=CARTESIAN_POINT('Ctrl Pts',(-92.4922325475961,-201.150050548564,-58.6761450476029));
#2651=CARTESIAN_POINT('Ctrl Pts',(-92.5380323677513,-201.150050548712,-58.6379067287892));
#2652=CARTESIAN_POINT('Ctrl Pts',(-92.5850345266785,-201.150050548863,-58.5986645760495));
#2653=CARTESIAN_POINT('Ctrl Pts',(-92.6295411884196,-201.150050548789,-58.5581575052517));
#2654=CARTESIAN_POINT('Ctrl Pts',(-92.6716002295243,-201.150050548536,-58.5166916060236));
#2655=CARTESIAN_POINT('Ctrl Pts',(-92.7153710091406,-201.150050548273,-58.473538108249));
#2656=CARTESIAN_POINT('Ctrl Pts',(-92.7564911218015,-201.150050547819,-58.4293460520045));
#2657=CARTESIAN_POINT('Ctrl Pts',(-92.7950333471363,-201.150050547463,-58.3844069289634));
#2658=CARTESIAN_POINT('Ctrl Pts',(-92.8112223030019,-201.150050547314,-58.365531073373));
#2659=CARTESIAN_POINT('Ctrl Pts',(-92.8269566512739,-201.150050547184,-58.3465227941995));
#2660=CARTESIAN_POINT('Ctrl Pts',(-92.8422425623659,-201.150050547106,-58.327401111954));
#2661=CARTESIAN_POINT('Ctrl Pts',(-92.8499466155293,-201.150050547067,-58.317763841679));
#2662=CARTESIAN_POINT('Ctrl Pts',(-92.8575381194177,-201.150050547042,-58.3080960542912));
#2663=CARTESIAN_POINT('Ctrl Pts',(-92.8650184376957,-201.150050547042,-58.2984005407916));
#2664=CARTESIAN_POINT('Ctrl Pts',(-92.8974950165628,-201.150050547042,-58.2563064617537));
#2665=CARTESIAN_POINT('Ctrl Pts',(-92.9276666896459,-201.150050546853,-58.2139659039436));
#2666=CARTESIAN_POINT('Ctrl Pts',(-92.9557166629311,-201.150050546622,-58.1716031875184));
#2667=CARTESIAN_POINT('Ctrl Pts',(-92.9847247571471,-201.150050546383,-58.1277934606136));
#2668=CARTESIAN_POINT('Ctrl Pts',(-93.0114639133049,-201.150050546101,-58.083959736802));
#2669=CARTESIAN_POINT('Ctrl Pts',(-93.0361274994638,-201.150050545897,-58.0402947379609));
#2670=CARTESIAN_POINT('Ctrl Pts',(-93.0621033392979,-201.150050545681,-57.9943064940394));
#2671=CARTESIAN_POINT('Ctrl Pts',(-93.08577710689,-201.150050545553,-57.9485052262395));
#2672=CARTESIAN_POINT('Ctrl Pts',(-93.1073612286278,-201.150050545569,-57.903059245565));
#2673=CARTESIAN_POINT('Ctrl Pts',(-93.1296139323772,-201.150050545585,-57.8562055464968));
#2674=CARTESIAN_POINT('Ctrl Pts',(-93.1496457265114,-201.150050545755,-57.8097290756129));
#2675=CARTESIAN_POINT('Ctrl Pts',(-93.1676720637434,-201.150050546015,-57.7637603434572));
#2676=CARTESIAN_POINT('Ctrl Pts',(-93.1865093312824,-201.150050546287,-57.7157236682912));
#2677=CARTESIAN_POINT('Ctrl Pts',(-93.2031569012907,-201.150050546659,-57.6682411104318));
#2678=CARTESIAN_POINT('Ctrl Pts',(-93.2178383952678,-201.150050546879,-57.6214092673394));
#2679=CARTESIAN_POINT('Ctrl Pts',(-93.2225938221654,-201.15005054695,-57.60624014309));
#2680=CARTESIAN_POINT('Ctrl Pts',(-93.2271427941957,-201.150050547004,-57.5911389155116));
#2681=CARTESIAN_POINT('Ctrl Pts',(-93.231492376893,-201.150050547028,-57.5761078522977));
#2682=CARTESIAN_POINT('Ctrl Pts',(-93.2332404454781,-201.150050547037,-57.570066967175));
#2683=CARTESIAN_POINT('Ctrl Pts',(-93.2349564625755,-201.150050547042,-57.5640368698595));
#2684=CARTESIAN_POINT('Ctrl Pts',(-93.2366409647914,-201.150050547042,-57.5580177240652));
#2685=CARTESIAN_POINT('Ctrl Pts',(-93.2509042977607,-201.150050547042,-57.5070512843406));
#2686=CARTESIAN_POINT('Ctrl Pts',(-93.2629512019826,-201.150050546437,-57.4567279564032));
#2687=CARTESIAN_POINT('Ctrl Pts',(-93.2730371054402,-201.150050545766,-57.4071844705337));
#2688=CARTESIAN_POINT('Ctrl Pts',(-93.2834681864736,-201.150050545073,-57.3559454201154));
#2689=CARTESIAN_POINT('Ctrl Pts',(-93.2918017971889,-201.150050544309,-57.3055401559234));
#2690=CARTESIAN_POINT('Ctrl Pts',(-93.2982905255564,-201.150050543817,-57.2560722230317));
#2691=CARTESIAN_POINT('Ctrl Pts',(-93.3051303673628,-201.150050543298,-57.2039275166562));
#2692=CARTESIAN_POINT('Ctrl Pts',(-93.3099204236182,-201.150050543081,-57.1528240712656));
#2693=CARTESIAN_POINT('Ctrl Pts',(-93.3129220029651,-201.150050543262,-57.1028356097043));
#2694=CARTESIAN_POINT('Ctrl Pts',(-93.3160166682862,-201.150050543448,-57.0512968893934));
#2695=CARTESIAN_POINT('Ctrl Pts',(-93.3172102307802,-201.150050544058,-57.000942923342));
#2696=CARTESIAN_POINT('Ctrl Pts',(-93.3167520684563,-201.150050544861,-56.9518111374429));
#2697=CARTESIAN_POINT('Ctrl Pts',(-93.3162725969062,-201.150050545702,-56.9003942218317));
#2698=CARTESIAN_POINT('Ctrl Pts',(-93.3139842985165,-201.150050546756,-56.8503154195431));
#2699=CARTESIAN_POINT('Ctrl Pts',(-93.3101318555204,-201.150050547383,-56.8015774510574));
#2700=CARTESIAN_POINT('Ctrl Pts',(-93.3083232449854,-201.150050547677,-56.7786963848489));
#2701=CARTESIAN_POINT('Ctrl Pts',(-93.3061693081255,-201.150050547871,-56.7561103217019));
#2702=CARTESIAN_POINT('Ctrl Pts',(-93.3036923518016,-201.150050547871,-56.7338170746397));
#2703=CARTESIAN_POINT('Ctrl Pts',(-93.3036637472056,-201.150050547871,-56.7335596258834));
#2704=CARTESIAN_POINT('Ctrl Pts',(-93.3036350949028,-201.150050547042,-56.7333021822026));
#2705=CARTESIAN_POINT('Ctrl Pts',(-93.3036063965388,-201.150050547042,-56.7330447434313));
#2706=CARTESIAN_POINT('Ctrl Pts',(-93.3036063965388,-201.150050547042,-56.7330447434313));
#2707=CARTESIAN_POINT('Ctrl Pts',(-93.2845362933607,-201.150050547042,-56.5619763186192));
#2708=CARTESIAN_POINT('Ctrl Pts',(-93.2447642393069,-201.150050547042,-56.3931161950643));
#2709=CARTESIAN_POINT('Ctrl Pts',(-93.1859291105407,-201.150050547042,-56.2313741532431));
#2710=CARTESIAN_POINT('Ctrl Pts',(-93.1705602423871,-201.150050547042,-56.18912401854));
#2711=CARTESIAN_POINT('Ctrl Pts',(-93.1543859858837,-201.150050546443,-56.1487105434655));
#2712=CARTESIAN_POINT('Ctrl Pts',(-93.1376159400331,-201.15005054595,-56.1100045730505));
#2713=CARTESIAN_POINT('Ctrl Pts',(-93.1200416631997,-201.150050545435,-56.0694424037376));
#2714=CARTESIAN_POINT('Ctrl Pts',(-93.1018129789183,-201.150050545036,-56.0307549983423));
#2715=CARTESIAN_POINT('Ctrl Pts',(-93.0831141016551,-201.150050545,-55.9937823369052));
#2716=CARTESIAN_POINT('Ctrl Pts',(-93.0714507373537,-201.150050544977,-55.9707207587441));
#2717=CARTESIAN_POINT('Ctrl Pts',(-93.0596033195596,-201.150050545084,-55.9483261266157));
#2718=CARTESIAN_POINT('Ctrl Pts',(-93.047606458809,-201.150050545277,-55.9265586191453));
#2719=CARTESIAN_POINT('Ctrl Pts',(-93.0279427068107,-201.150050545595,-55.8908800464404));
#2720=CARTESIAN_POINT('Ctrl Pts',(-93.0078690756044,-201.150050546167,-55.8568651396609));
#2721=CARTESIAN_POINT('Ctrl Pts',(-92.987519680843,-201.150050546605,-55.8243312860503));
#2722=CARTESIAN_POINT('Ctrl Pts',(-92.9761196901577,-201.150050546849,-55.8061054059952));
#2723=CARTESIAN_POINT('Ctrl Pts',(-92.9646321502885,-201.150050547042,-55.7883444244839));
#2724=CARTESIAN_POINT('Ctrl Pts',(-92.9530736612945,-201.150050547042,-55.7710171605634));
#2725=CARTESIAN_POINT('Ctrl Pts',(-92.9324352143988,-201.150050547042,-55.7400781843307));
#2726=CARTESIAN_POINT('Ctrl Pts',(-92.9098970883914,-201.150050549074,-55.7080209676982));
#2727=CARTESIAN_POINT('Ctrl Pts',(-92.8854238091017,-201.150050551499,-55.6752986881055));
#2728=CARTESIAN_POINT('Ctrl Pts',(-92.8609558257008,-201.150050553922,-55.6425834894418));
#2729=CARTESIAN_POINT('Ctrl Pts',(-92.8345529264811,-201.150050556731,-55.609204193435));
#2730=CARTESIAN_POINT('Ctrl Pts',(-92.8062351245878,-201.150050558844,-55.575614620163));
#2731=CARTESIAN_POINT('Ctrl Pts',(-92.7796718018166,-201.150050560826,-55.5441061478621));
#2732=CARTESIAN_POINT('Ctrl Pts',(-92.7514238089769,-201.150050562199,-55.5124131935354));
#2733=CARTESIAN_POINT('Ctrl Pts',(-92.7215573745737,-201.15005056258,-55.4809024353367));
#2734=CARTESIAN_POINT('Ctrl Pts',(-92.6920524151966,-201.150050562957,-55.4497730535013));
#2735=CARTESIAN_POINT('Ctrl Pts',(-92.6609680213518,-201.150050562367,-55.4188220603142));
#2736=CARTESIAN_POINT('Ctrl Pts',(-92.6284160116016,-201.150050560948,-55.3883867878233));
#2737=CARTESIAN_POINT('Ctrl Pts',(-92.5963125168418,-201.150050559549,-55.3583708650454));
#2738=CARTESIAN_POINT('Ctrl Pts',(-92.5627817942588,-201.150050557346,-55.3288570930995));
#2739=CARTESIAN_POINT('Ctrl Pts',(-92.5279758132888,-201.150050554954,-55.3001449268005));
#2740=CARTESIAN_POINT('Ctrl Pts',(-92.5195460670711,-201.150050554374,-55.2931910565598));
#2741=CARTESIAN_POINT('Ctrl Pts',(-92.5110417164518,-201.150050553786,-55.2862840726587));
#2742=CARTESIAN_POINT('Ctrl Pts',(-92.5024652956439,-201.150050553202,-55.2794279570895));
#2743=CARTESIAN_POINT('Ctrl Pts',(-92.4679310925874,-201.15005055085,-55.2518208127405));
#2744=CARTESIAN_POINT('Ctrl Pts',(-92.4322036867152,-201.150050548506,-55.2250239443614));
#2745=CARTESIAN_POINT('Ctrl Pts',(-92.3954925617596,-201.150050547516,-55.199247933313));
#2746=CARTESIAN_POINT('Ctrl Pts',(-92.3843367889172,-201.150050547215,-55.1914151217501));
#2747=CARTESIAN_POINT('Ctrl Pts',(-92.3730904349879,-201.150050547042,-55.1836763215066));
#2748=CARTESIAN_POINT('Ctrl Pts',(-92.3617600267398,-201.150050547042,-55.1760367447359));
#2749=CARTESIAN_POINT('Ctrl Pts',(-92.3306807505717,-201.150050547042,-55.1550814083469));
#2750=CARTESIAN_POINT('Ctrl Pts',(-92.2974653482194,-201.150050548718,-55.1338622608045));
#2751=CARTESIAN_POINT('Ctrl Pts',(-92.2622524516695,-201.150050550668,-55.1128014360207));
#2752=CARTESIAN_POINT('Ctrl Pts',(-92.2266290746887,-201.15005055264,-55.0914951029919));
#2753=CARTESIAN_POINT('Ctrl Pts',(-92.1889609955292,-201.150050554887,-55.0703517007147));
#2754=CARTESIAN_POINT('Ctrl Pts',(-92.1494449665616,-201.150050556512,-55.0497864423449));
#2755=CARTESIAN_POINT('Ctrl Pts',(-92.1126521329042,-201.150050558026,-55.0306384117839));
#2756=CARTESIAN_POINT('Ctrl Pts',(-92.0742578404053,-201.150050559006,-55.0119919248006));
#2757=CARTESIAN_POINT('Ctrl Pts',(-92.0344638577719,-201.15005055919,-54.9941551311563));
#2758=CARTESIAN_POINT('Ctrl Pts',(-91.9951202992936,-201.150050559372,-54.9765202304158));
#2759=CARTESIAN_POINT('Ctrl Pts',(-91.954408850705,-201.150050558777,-54.9596772942226));
#2760=CARTESIAN_POINT('Ctrl Pts',(-91.912562348875,-201.150050557573,-54.9438903809748));
#2761=CARTESIAN_POINT('Ctrl Pts',(-91.8712652065807,-201.150050556385,-54.9283107178184));
#2762=CARTESIAN_POINT('Ctrl Pts',(-91.8288630386423,-201.150050554605,-54.913759942454));
#2763=CARTESIAN_POINT('Ctrl Pts',(-91.7856113450389,-201.150050552761,-54.9004521139768));
#2764=CARTESIAN_POINT('Ctrl Pts',(-91.7741895830905,-201.150050552274,-54.8969378273384));
#2765=CARTESIAN_POINT('Ctrl Pts',(-91.7627087317086,-201.150050551785,-54.8935099839466));
#2766=CARTESIAN_POINT('Ctrl Pts',(-91.7511738102899,-201.150050551306,-54.8901720015604));
#2767=CARTESIAN_POINT('Ctrl Pts',(-91.708510616509,-201.150050549535,-54.8778261012967));
#2768=CARTESIAN_POINT('Ctrl Pts',(-91.6650792476368,-201.150050547861,-54.8667054272872));
#2769=CARTESIAN_POINT('Ctrl Pts',(-91.6211555792047,-201.150050547265,-54.8569193284603));
#2770=CARTESIAN_POINT('Ctrl Pts',(-91.6105619958929,-201.150050547122,-54.8545591008901));
#2771=CARTESIAN_POINT('Ctrl Pts',(-91.5999398642775,-201.150050547042,-54.8522762822096));
#2772=CARTESIAN_POINT('Ctrl Pts',(-91.5892932086698,-201.150050547042,-54.8500719806517));
#2773=CARTESIAN_POINT('Ctrl Pts',(-91.552167876983,-201.150050547042,-54.8423854892789));
#2774=CARTESIAN_POINT('Ctrl Pts',(-91.5130439214024,-201.150050548107,-54.8353048143656));
#2775=CARTESIAN_POINT('Ctrl Pts',(-91.4722043287545,-201.150050549289,-54.8291558837237));
#2776=CARTESIAN_POINT('Ctrl Pts',(-91.432526389089,-201.150050550438,-54.8231818550129));
#2777=CARTESIAN_POINT('Ctrl Pts',(-91.3912292900996,-201.150050551699,-54.81808786292));
#2778=CARTESIAN_POINT('Ctrl Pts',(-91.3486071701559,-201.150050552585,-54.8141373608743));
#2779=CARTESIAN_POINT('Ctrl Pts',(-91.3070225863313,-201.150050553449,-54.8102830245888));
#2780=CARTESIAN_POINT('Ctrl Pts',(-91.2641771112924,-201.15005055396,-54.8075175547951));
#2781=CARTESIAN_POINT('Ctrl Pts',(-91.2203724149902,-201.150050553991,-54.8060447899945));
#2782=CARTESIAN_POINT('Ctrl Pts',(-91.1770259868258,-201.150050554022,-54.8045874327013));
#2783=CARTESIAN_POINT('Ctrl Pts',(-91.1327407670358,-201.150050553588,-54.8043962110572));
#2784=CARTESIAN_POINT('Ctrl Pts',(-91.0878309389305,-201.150050552834,-54.8056228274387));
#2785=CARTESIAN_POINT('Ctrl Pts',(-91.0434810193071,-201.15005055209,-54.8068341511116));
#2786=CARTESIAN_POINT('Ctrl Pts',(-90.9985225167506,-201.15005055104,-54.8094283896924));
#2787=CARTESIAN_POINT('Ctrl Pts',(-90.9532719155,-201.150050550019,-54.8135027368589));
#2788=CARTESIAN_POINT('Ctrl Pts',(-90.9382453578196,-201.15005054968,-54.8148557224771));
#2789=CARTESIAN_POINT('Ctrl Pts',(-90.9231866679103,-201.150050549345,-54.8163715077069));
#2790=CARTESIAN_POINT('Ctrl Pts',(-90.9081076132159,-201.150050549031,-54.8180523845617));
#2791=CARTESIAN_POINT('Ctrl Pts',(-90.863687007098,-201.150050548104,-54.8230039926176));
#2792=CARTESIAN_POINT('Ctrl Pts',(-90.8190615007002,-201.150050547314,-54.829395305977));
#2793=CARTESIAN_POINT('Ctrl Pts',(-90.7745275440104,-201.150050547099,-54.8372153798078));
#2794=CARTESIAN_POINT('Ctrl Pts',(-90.7668032029123,-201.150050547062,-54.838571758674));
#2795=CARTESIAN_POINT('Ctrl Pts',(-90.7590816120484,-201.150050547042,-54.8399709940888));
#2796=CARTESIAN_POINT('Ctrl Pts',(-90.7513643091797,-201.150050547042,-54.8414128700605));
#2797=CARTESIAN_POINT('Ctrl Pts',(-90.7082796375186,-201.150050547042,-54.8494626711215));
#2798=CARTESIAN_POINT('Ctrl Pts',(-90.6642558805674,-201.150050547179,-54.8590456027962));
#2799=CARTESIAN_POINT('Ctrl Pts',(-90.619626718207,-201.150050547249,-54.8702871479511));
#2800=CARTESIAN_POINT('Ctrl Pts',(-90.5753857093999,-201.150050547318,-54.8814309219298));
#2801=CARTESIAN_POINT('Ctrl Pts',(-90.5305502704856,-201.150050547326,-54.8942047444657));
#2802=CARTESIAN_POINT('Ctrl Pts',(-90.4854583035613,-201.150050547252,-54.9086812806299));
#2803=CARTESIAN_POINT('Ctrl Pts',(-90.440526698914,-201.150050547177,-54.9231063333379));
#2804=CARTESIAN_POINT('Ctrl Pts',(-90.3953409494412,-201.150050547025,-54.9392220968712));
#2805=CARTESIAN_POINT('Ctrl Pts',(-90.3502403285645,-201.150050546874,-54.9570491412255));
#2806=CARTESIAN_POINT('Ctrl Pts',(-90.3054158512966,-201.150050546724,-54.974767033549));
#2807=CARTESIAN_POINT('Ctrl Pts',(-90.2606760720975,-201.150050546581,-54.9941752787096));
#2808=CARTESIAN_POINT('Ctrl Pts',(-90.2163502230118,-201.150050546535,-55.0152429629293));
#2809=CARTESIAN_POINT('Ctrl Pts',(-90.1777207057335,-201.150050546495,-55.0336032309978));
#2810=CARTESIAN_POINT('Ctrl Pts',(-90.1394057700805,-201.150050546532,-55.0532230214369));
#2811=CARTESIAN_POINT('Ctrl Pts',(-90.1016153461774,-201.150050546659,-55.0740505459997));
#2812=CARTESIAN_POINT('Ctrl Pts',(-90.058028955661,-201.150050546806,-55.0980724151752));
#2813=CARTESIAN_POINT('Ctrl Pts',(-90.0151104216141,-201.150050547042,-55.1237188893717));
#2814=CARTESIAN_POINT('Ctrl Pts',(-89.9731367532516,-201.150050547042,-55.150820630101));
#2815=CARTESIAN_POINT('Ctrl Pts',(-89.9341007088974,-201.150050547042,-55.1760255929849));
#2816=CARTESIAN_POINT('Ctrl Pts',(-89.8950331418848,-201.150050546568,-55.203037073021));
#2817=CARTESIAN_POINT('Ctrl Pts',(-89.8562736297437,-201.150050545967,-55.2318214418943));
#2818=CARTESIAN_POINT('Ctrl Pts',(-89.8175607180941,-201.150050545367,-55.2605712033729));
#2819=CARTESIAN_POINT('Ctrl Pts',(-89.7791556494102,-201.150050544646,-55.2910895025841));
#2820=CARTESIAN_POINT('Ctrl Pts',(-89.741387004547,-201.150050544097,-55.3232917292249));
#2821=CARTESIAN_POINT('Ctrl Pts',(-89.7036572932273,-201.150050543549,-55.3554607604255));
#2822=CARTESIAN_POINT('Ctrl Pts',(-89.6665632561323,-201.15005054318,-55.3893100419517));
#2823=CARTESIAN_POINT('Ctrl Pts',(-89.6304145123799,-201.150050543148,-55.4247064440972));
#2824=CARTESIAN_POINT('Ctrl Pts',(-89.5944168918922,-201.150050543116,-55.4599548682138));
#2825=CARTESIAN_POINT('Ctrl Pts',(-89.5593572292097,-201.150050543424,-55.4967371799055));
#2826=CARTESIAN_POINT('Ctrl Pts',(-89.5255151414893,-201.150050544008,-55.5348775479232));
#2827=CARTESIAN_POINT('Ctrl Pts',(-89.5011761356953,-201.150050544428,-55.5623078484954));
#2828=CARTESIAN_POINT('Ctrl Pts',(-89.4774663866836,-201.150050544986,-55.5904396423526));
#2829=CARTESIAN_POINT('Ctrl Pts',(-89.4544790909921,-201.150050545563,-55.6191948013378));
#2830=CARTESIAN_POINT('Ctrl Pts',(-89.4252962906112,-201.150050546296,-55.6557000116872));
#2831=CARTESIAN_POINT('Ctrl Pts',(-89.3972595498536,-201.150050547042,-55.6932347504134));
#2832=CARTESIAN_POINT('Ctrl Pts',(-89.3705026007399,-201.150050547042,-55.7315922318756));
#2833=CARTESIAN_POINT('Ctrl Pts',(-89.342012229739,-201.150050547042,-55.7724346639808));
#2834=CARTESIAN_POINT('Ctrl Pts',(-89.3144773998737,-201.150050546151,-55.8149209509793));
#2835=CARTESIAN_POINT('Ctrl Pts',(-89.288176262209,-201.150050545144,-55.8588666122858));
#2836=CARTESIAN_POINT('Ctrl Pts',(-89.2617432601964,-201.150050544132,-55.9030326011707));
#2837=CARTESIAN_POINT('Ctrl Pts',(-89.2365568070471,-201.150050543007,-55.9486722779043));
#2838=CARTESIAN_POINT('Ctrl Pts',(-89.2128675842754,-201.150050542276,-55.9955563210325));
#2839=CARTESIAN_POINT('Ctrl Pts',(-89.1891607452772,-201.150050541544,-56.0424752289571));
#2840=CARTESIAN_POINT('Ctrl Pts',(-89.1669537863464,-201.15005054121,-56.0906398654213));
#2841=CARTESIAN_POINT('Ctrl Pts',(-89.1464597297236,-201.150050541425,-56.1397848161314));
#2842=CARTESIAN_POINT('Ctrl Pts',(-89.1260386388561,-201.15005054164,-56.188754794238));
#2843=CARTESIAN_POINT('Ctrl Pts',(-89.1073186323198,-201.150050542404,-56.2386975435));
#2844=CARTESIAN_POINT('Ctrl Pts',(-89.0904667304151,-201.15005054345,-56.2893231892212));
#2845=CARTESIAN_POINT('Ctrl Pts',(-89.0815192656246,-201.150050544006,-56.3162027180213));
#2846=CARTESIAN_POINT('Ctrl Pts',(-89.0730976558629,-201.150050544633,-56.3432743490961));
#2847=CARTESIAN_POINT('Ctrl Pts',(-89.0652213581336,-201.150050545238,-56.3704924249122));
#2848=CARTESIAN_POINT('Ctrl Pts',(-89.0531347753276,-201.150050546167,-56.412259958146));
#2849=CARTESIAN_POINT('Ctrl Pts',(-89.0423259449298,-201.150050547042,-56.4543983327408));
#2850=CARTESIAN_POINT('Ctrl Pts',(-89.0328152683938,-201.150050547042,-56.4967285893116));
#2851=CARTESIAN_POINT('Ctrl Pts',(-89.0208761787104,-201.150050547042,-56.5498672622134));
#2852=CARTESIAN_POINT('Ctrl Pts',(-89.0108227496687,-201.150050546348,-56.6040257390753));
#2853=CARTESIAN_POINT('Ctrl Pts',(-89.0028065497065,-201.150050545735,-56.6588975757555));
#2854=CARTESIAN_POINT('Ctrl Pts',(-88.994715269426,-201.150050545116,-56.7142833460936));
#2855=CARTESIAN_POINT('Ctrl Pts',(-88.9886998101725,-201.150050544583,-56.7703953002558));
#2856=CARTESIAN_POINT('Ctrl Pts',(-88.9848682036576,-201.150050544466,-56.8268955829483));
#2857=CARTESIAN_POINT('Ctrl Pts',(-88.9810322446816,-201.15005054435,-56.8834600463638));
#2858=CARTESIAN_POINT('Ctrl Pts',(-88.9793852465707,-201.150050544652,-56.9404130211297));
#2859=CARTESIAN_POINT('Ctrl Pts',(-88.979985000322,-201.150050545203,-56.9974027131612));
#2860=CARTESIAN_POINT('Ctrl Pts',(-88.9805817283646,-201.15005054575,-57.0541048968546));
#2861=CARTESIAN_POINT('Ctrl Pts',(-88.9834026365746,-201.150050546544,-57.1108427103719));
#2862=CARTESIAN_POINT('Ctrl Pts',(-88.9884532760186,-201.150050546889,-57.1672676519384));
#2863=CARTESIAN_POINT('Ctrl Pts',(-88.9898369341138,-201.150050546984,-57.182725660381));
#2864=CARTESIAN_POINT('Ctrl Pts',(-88.9913876389491,-201.150050547042,-57.1981602100725));
#2865=CARTESIAN_POINT('Ctrl Pts',(-88.9931048233845,-201.150050547042,-57.213564218836));
#2866=CARTESIAN_POINT('Origin',(-60.9988526617398,-191.749999999999,-97.9523548061413));
#2867=CARTESIAN_POINT('',(-78.7134044740077,-191.749999999999,-80.766532049635));
#2868=CARTESIAN_POINT('',(-83.2984947064068,-191.749999999999,-76.3182937373325));
#2869=CARTESIAN_POINT('',(-78.7134044740077,-178.749999999999,-80.766532049635));
#2870=CARTESIAN_POINT('',(-78.7134044740078,-216.703668279531,-80.766532049635));
#2871=CARTESIAN_POINT('',(-69.325815505763,-178.749999999999,-89.8739281513787));
#2872=CARTESIAN_POINT('',(-60.9988526617398,-178.749999999999,-97.9523548061413));
#2873=CARTESIAN_POINT('',(-69.3258155057631,-194.151257382627,-89.8739281513787));
#2874=CARTESIAN_POINT('',(-69.3258155057631,-201.150050547042,-89.8739281513787));
#2875=CARTESIAN_POINT('',(-68.7702298072963,-193.871538332119,-90.4129311948138));
#2876=CARTESIAN_POINT('',(-60.9988526617398,-194.749999999999,-97.9523548061413));
#2877=CARTESIAN_POINT('Origin',(-78.0170900269678,-216.703668279531,-80.048795196155));
#2878=CARTESIAN_POINT('',(-78.3916907272483,-178.749999999999,-79.1216089606287));
#2879=CARTESIAN_POINT('Origin',(-78.0170900269677,-178.749999999999,-80.048795196155));
#2880=CARTESIAN_POINT('',(-78.3916907272483,-191.749999999999,-79.1216089606287));
#2881=CARTESIAN_POINT('Origin',(-78.0170900269678,-191.749999999999,-80.048795196155));
#2882=CARTESIAN_POINT('',(-78.3916907272484,-216.703668279531,-79.1216089606287));
#2883=CARTESIAN_POINT('Origin',(9.79640345078587,-178.749999999999,-22.1077080156805));
#2884=CARTESIAN_POINT('',(-65.9772740671191,-178.749999999999,-71.2675096186687));
#2885=CARTESIAN_POINT('Origin',(-93.7503194387516,-178.749999999999,-41.1069733040532));
#2886=CARTESIAN_POINT('',(-64.5979434758734,-178.749999999999,-71.290895625378));
#2887=CARTESIAN_POINT('Origin',(-65.2998827165915,-178.749999999999,-72.0031324556105));
#2888=CARTESIAN_POINT('',(-57.6523049957684,-178.749999999999,-78.1361133873339));
#2889=CARTESIAN_POINT('',(-50.0238116738306,-178.749999999999,-85.6543132092604));
#2890=CARTESIAN_POINT('',(-57.6626115368102,-178.749999999999,-85.2686099008711));
#2891=CARTESIAN_POINT('Origin',(-61.1620011993595,-178.749999999999,-81.6972975384975));
#2892=CARTESIAN_POINT('',(-62.3448536080138,-178.749999999999,-89.8565562463522));
#2893=CARTESIAN_POINT('',(8.32692994930206,-178.749999999999,-20.6080325327832));
#2894=CARTESIAN_POINT('Origin',(-65.8442432705632,-178.749999999999,-86.2852438839786));
#2895=CARTESIAN_POINT('',(-65.4421509836972,-178.749999999999,-79.4911126719037));
#2896=CARTESIAN_POINT('Origin',(-65.4421509836972,-178.749999999999,-81.6911126719037));
#2897=CARTESIAN_POINT('Origin',(-65.2998827165916,-216.703668279531,-72.0031324556105));
#2898=CARTESIAN_POINT('',(-65.9772740671191,-191.749999999999,-71.2675096186687));
#2899=CARTESIAN_POINT('',(-65.9772740671193,-216.703668279531,-71.2675096186687));
#2900=CARTESIAN_POINT('',(-64.5979434758733,-191.749999999999,-71.2908956253778));
#2901=CARTESIAN_POINT('Origin',(-65.2998827165915,-191.749999999999,-72.0031324556105));
#2902=CARTESIAN_POINT('',(-64.5979434758734,-216.703668279531,-71.2908956253778));
#2903=CARTESIAN_POINT('Origin',(-113.694973301939,-201.150050547042,-22.9037154421119));
#2904=CARTESIAN_POINT('',(-87.1525035873597,-191.749999999999,-49.0624315424165));
#2905=CARTESIAN_POINT('',(-91.9302475432321,-191.749999999999,-44.3537646743533));
#2906=CARTESIAN_POINT('',(-87.1525035873597,-196.450025273521,-49.0624315424164));
#2907=CARTESIAN_POINT('',(-57.6523049957684,-196.916365027112,-78.1361133873339));
#2908=CARTESIAN_POINT('',(-85.8948958964316,-211.298444065287,-50.3018566187678));
#2909=CARTESIAN_POINT('',(-57.6523049957684,-183.749999999999,-78.1361133873339));
#2910=CARTESIAN_POINT('Origin',(-88.205412448437,-196.450025273521,-50.1307867877654));
#2911=CARTESIAN_POINT('',(-87.5983424958672,-191.749999999999,-48.7591213501725));
#2912=CARTESIAN_POINT('Origin',(-88.205412448437,-191.749999999999,-50.1307867877654));
#2913=CARTESIAN_POINT('',(-87.5983424958673,-194.749999999999,-48.7591213501725));
#2914=CARTESIAN_POINT('',(-87.5983424958673,-196.450025273521,-48.7591213501725));
#2915=CARTESIAN_POINT('',(-88.8298326069247,-194.749999999999,-48.766932152669));
#2916=CARTESIAN_POINT('Origin',(-88.205412448437,-194.749999999999,-50.1307867877654));
#2917=CARTESIAN_POINT('',(-88.8298326069247,-196.450025273521,-48.766932152669));
#2918=CARTESIAN_POINT('Origin',(-159.967395529413,-191.749999999999,-110.726184530204));
#2919=CARTESIAN_POINT('',(-92.4130868661658,-191.749999999999,-40.546170720183));
#2920=CARTESIAN_POINT('',(-74.3153143327232,-191.749999999999,-71.4171995637622));
#2921=CARTESIAN_POINT('Origin',(-93.7503194387517,-191.749999999999,-41.1069733040532));
#2922=CARTESIAN_POINT('',(-122.877831249658,-191.749999999999,-73.5679954712386));
#2923=CARTESIAN_POINT('Origin',(-119.378442128706,-191.749999999999,-77.1393083643024));
#2924=CARTESIAN_POINT('',(-121.762131566437,-191.749999999999,-72.4747652081345));
#2925=CARTESIAN_POINT('',(-29.4664605013951,-191.749999999999,17.9621348638942));
#2926=CARTESIAN_POINT('',(-121.778397725107,-191.749999999999,-71.030656693201));
#2927=CARTESIAN_POINT('Origin',(-122.462009390627,-191.749999999999,-71.7605026295217));
#2928=CARTESIAN_POINT('',(-131.012202598421,-191.749999999999,-58.211126700089));
#2929=CARTESIAN_POINT('Origin',(-93.7503194387517,-191.749999999999,-41.1069733040532));
#2930=CARTESIAN_POINT('',(-132.62090675299,-191.749999999999,-57.914038508175));
#2931=CARTESIAN_POINT('Origin',(-131.92102901695,-191.749999999999,-58.628301173163));
#2932=CARTESIAN_POINT('',(-132.659309587404,-191.749999999999,-57.9516679267701));
#2933=CARTESIAN_POINT('',(-157.703495843675,-191.749999999999,-82.4914755314342));
#2934=CARTESIAN_POINT('',(-132.772298274706,-191.749999999999,-58.065998498677));
#2935=CARTESIAN_POINT('Origin',(-129.159920907205,-191.749999999999,-61.52298125171));
#2936=CARTESIAN_POINT('',(-131.408815856709,-191.749999999999,-55.0997492732019));
#2937=CARTESIAN_POINT('Origin',(-136.384675642207,-191.749999999999,-54.6090157456441));
#2938=CARTESIAN_POINT('',(-127.714923781814,-191.749999999999,-17.6450248753989));
#2939=CARTESIAN_POINT('',(-126.826190972767,-191.749999999999,-8.63359688799556));
#2940=CARTESIAN_POINT('',(-127.091170683052,-191.749999999999,-17.2451284821326));
#2941=CARTESIAN_POINT('Origin',(-127.904362176816,-191.749999999999,-16.6631322669638));
#2942=CARTESIAN_POINT('',(-118.760297945418,-191.749999999999,-8.6184988077631));
#2943=CARTESIAN_POINT('Origin',(-93.7503194387517,-191.749999999999,-41.1069733040532));
#2944=CARTESIAN_POINT('',(-118.656034816951,-191.749999999999,-7.12621919274359));
#2945=CARTESIAN_POINT('Origin',(-119.37029742119,-191.749999999999,-7.82609699078043));
#2946=CARTESIAN_POINT('',(-99.9604463225878,-191.749999999999,-26.2060639359706));
#2947=CARTESIAN_POINT('',(-50.3467531310385,-191.749999999999,-76.8394828047207));
#2948=CARTESIAN_POINT('',(-98.0079387078696,-191.749999999999,-29.0480951404056));
#2949=CARTESIAN_POINT('Origin',(-107.103072364983,-191.749999999999,-33.2048419163392));
#2950=CARTESIAN_POINT('',(-95.2227147131497,-191.749999999999,-35.142280295884));
#2951=CARTESIAN_POINT('',(-97.6962904725224,-191.749999999999,-29.729994353246));
#2952=CARTESIAN_POINT('Origin',(-40.6519127704665,-191.749999999999,-10.2017996402824));
#2953=CARTESIAN_POINT('',(-88.9929146183488,-191.749999999999,-57.2135854222207));
#2954=CARTESIAN_POINT('',(-93.3034161915033,-191.749999999999,-56.7330659468157));
#2955=CARTESIAN_POINT('Ctrl Pts',(-88.9929146183486,-191.749999999999,-57.2135854222207));
#2956=CARTESIAN_POINT('Ctrl Pts',(-88.9884844828721,-191.749999999999,-57.1738448770021));
#2957=CARTESIAN_POINT('Ctrl Pts',(-88.9851797182153,-191.749999999999,-57.1340492700641));
#2958=CARTESIAN_POINT('Ctrl Pts',(-88.9829813030666,-191.749999999999,-57.0943177418607));
#2959=CARTESIAN_POINT('Ctrl Pts',(-88.9798493873419,-191.749999999999,-57.0377152398171));
#2960=CARTESIAN_POINT('Ctrl Pts',(-88.9789264902706,-191.749999998991,-56.9805438731061));
#2961=CARTESIAN_POINT('Ctrl Pts',(-88.9802809289414,-191.749999997996,-56.9231476191166));
#2962=CARTESIAN_POINT('Ctrl Pts',(-88.9816476763279,-191.749999996992,-56.8652297658964));
#2963=CARTESIAN_POINT('Ctrl Pts',(-88.9853334363435,-191.749999996002,-56.8070836121059));
#2964=CARTESIAN_POINT('Ctrl Pts',(-88.9913565197469,-191.749999995535,-56.7490725591374));
#2965=CARTESIAN_POINT('Ctrl Pts',(-88.9973781060384,-191.749999995068,-56.6910759255348));
#2966=CARTESIAN_POINT('Ctrl Pts',(-89.0057358209141,-191.749999995122,-56.6332150680765));
#2967=CARTESIAN_POINT('Ctrl Pts',(-89.0163959719943,-191.749999995674,-56.5758521733093));
#2968=CARTESIAN_POINT('Ctrl Pts',(-89.026976912911,-191.749999996223,-56.518915513052));
#2969=CARTESIAN_POINT('Ctrl Pts',(-89.0398260615409,-191.74999999726,-56.4624701485225));
#2970=CARTESIAN_POINT('Ctrl Pts',(-89.0548606298763,-191.749999998265,-56.4068585027695));
#2971=CARTESIAN_POINT('Ctrl Pts',(-89.058146173936,-191.749999998485,-56.3947055424534));
#2972=CARTESIAN_POINT('Ctrl Pts',(-89.0615359006484,-191.749999998701,-56.3825923300106));
#2973=CARTESIAN_POINT('Ctrl Pts',(-89.0650286369307,-191.749999998906,-56.3705223130463));
#2974=CARTESIAN_POINT('Ctrl Pts',(-89.0750924509403,-191.749999999495,-56.3357443063473));
#2975=CARTESIAN_POINT('Ctrl Pts',(-89.0860171366994,-191.749999999999,-56.3013073067597));
#2976=CARTESIAN_POINT('Ctrl Pts',(-89.097751770889,-191.749999999999,-56.2672863025813));
#2977=CARTESIAN_POINT('Ctrl Pts',(-89.1166743140438,-191.749999999999,-56.212426141682));
#2978=CARTESIAN_POINT('Ctrl Pts',(-89.1379275588771,-191.74999999919,-56.158004637879));
#2979=CARTESIAN_POINT('Ctrl Pts',(-89.1614173485565,-191.749999998429,-56.1043674429257));
#2980=CARTESIAN_POINT('Ctrl Pts',(-89.1850871367367,-191.749999997663,-56.0503192347274));
#2981=CARTESIAN_POINT('Ctrl Pts',(-89.2110276475358,-191.749999996942,-55.9970680942802));
#2982=CARTESIAN_POINT('Ctrl Pts',(-89.2390918669575,-191.749999996643,-55.9449534692238));
#2983=CARTESIAN_POINT('Ctrl Pts',(-89.2671061691432,-191.749999996345,-55.8929315393533));
#2984=CARTESIAN_POINT('Ctrl Pts',(-89.2972362741367,-191.749999996463,-55.8420427481352));
#2985=CARTESIAN_POINT('Ctrl Pts',(-89.3292901970906,-191.749999996932,-55.792600451461));
#2986=CARTESIAN_POINT('Ctrl Pts',(-89.3610429313701,-191.749999997395,-55.7436227300531));
#2987=CARTESIAN_POINT('Ctrl Pts',(-89.3946830721927,-191.749999998198,-55.6960650094307));
#2988=CARTESIAN_POINT('Ctrl Pts',(-89.4299850036807,-191.749999998909,-55.6501989664969));
#2989=CARTESIAN_POINT('Ctrl Pts',(-89.4379983019228,-191.74999999907,-55.6397876868381));
#2990=CARTESIAN_POINT('Ctrl Pts',(-89.4460970802745,-191.749999999226,-55.629463417951));
#2991=CARTESIAN_POINT('Ctrl Pts',(-89.4542784520788,-191.749999999368,-55.6192290533438));
#2992=CARTESIAN_POINT('Ctrl Pts',(-89.4743465570773,-191.749999999717,-55.5941251577573));
#2993=CARTESIAN_POINT('Ctrl Pts',(-89.4949209397899,-191.749999999999,-55.5695509916403));
#2994=CARTESIAN_POINT('Ctrl Pts',(-89.5159466161014,-191.749999999999,-55.5455384956759));
#2995=CARTESIAN_POINT('Ctrl Pts',(-89.5621197852468,-191.749999999999,-55.4928061592058));
#2996=CARTESIAN_POINT('Ctrl Pts',(-89.6107595205056,-191.749999999897,-55.4424545650575));
#2997=CARTESIAN_POINT('Ctrl Pts',(-89.6614543729184,-191.749999999842,-55.3947492602122));
#2998=CARTESIAN_POINT('Ctrl Pts',(-89.7115428994627,-191.749999999788,-55.3476145253366));
#2999=CARTESIAN_POINT('Ctrl Pts',(-89.7636369741183,-191.749999999772,-55.3030635242744));
#3000=CARTESIAN_POINT('Ctrl Pts',(-89.8173209901855,-191.749999999794,-55.2613058181874));
#3001=CARTESIAN_POINT('Ctrl Pts',(-89.8697431304687,-191.749999999815,-55.2205296526401));
#3002=CARTESIAN_POINT('Ctrl Pts',(-89.9236807306748,-191.749999999866,-55.182417178625));
#3003=CARTESIAN_POINT('Ctrl Pts',(-89.9787385186128,-191.749999999906,-55.1471150843505));
#3004=CARTESIAN_POINT('Ctrl Pts',(-90.0190784282938,-191.749999999935,-55.1212498371635));
#3005=CARTESIAN_POINT('Ctrl Pts',(-90.0600194844424,-191.749999999958,-55.0968922885788));
#3006=CARTESIAN_POINT('Ctrl Pts',(-90.1014060231604,-191.749999999972,-55.074082285581));
#3007=CARTESIAN_POINT('Ctrl Pts',(-90.1257276757354,-191.749999999981,-55.0606775171386));
#3008=CARTESIAN_POINT('Ctrl Pts',(-90.1502127719949,-191.749999999999,-55.0478015872649));
#3009=CARTESIAN_POINT('Ctrl Pts',(-90.1748257082034,-191.749999999999,-55.0354529146745));
#3010=CARTESIAN_POINT('Ctrl Pts',(-90.23981695894,-191.749999999999,-55.0028458470011));
#3011=CARTESIAN_POINT('Ctrl Pts',(-90.3060295822623,-191.750000000421,-54.9737518629119));
#3012=CARTESIAN_POINT('Ctrl Pts',(-90.3729344873123,-191.750000000784,-54.9481734637565));
#3013=CARTESIAN_POINT('Ctrl Pts',(-90.4386397882992,-191.750000001141,-54.9230536849599));
#3014=CARTESIAN_POINT('Ctrl Pts',(-90.5050122425986,-191.750000001435,-54.9013244877469));
#3015=CARTESIAN_POINT('Ctrl Pts',(-90.5715722734117,-191.75000000147,-54.8829438446201));
#3016=CARTESIAN_POINT('Ctrl Pts',(-90.6365590968908,-191.750000001504,-54.8649976448404));
#3017=CARTESIAN_POINT('Ctrl Pts',(-90.7017243713066,-191.750000001285,-54.8502434390965));
#3018=CARTESIAN_POINT('Ctrl Pts',(-90.7666488945763,-191.750000000939,-54.8386009637914));
#3019=CARTESIAN_POINT('Ctrl Pts',(-90.8139078377763,-191.750000000687,-54.8301263373877));
#3020=CARTESIAN_POINT('Ctrl Pts',(-90.8610397639987,-191.750000000373,-54.8232996027766));
#3021=CARTESIAN_POINT('Ctrl Pts',(-90.9078939262514,-191.750000000166,-54.8180762077972));
#3022=CARTESIAN_POINT('Ctrl Pts',(-90.9307905017943,-191.750000000064,-54.8155236521227));
#3023=CARTESIAN_POINT('Ctrl Pts',(-90.9536283909502,-191.749999999999,-54.8133529515196));
#3024=CARTESIAN_POINT('Ctrl Pts',(-90.9763901681611,-191.749999999999,-54.8115532553636));
#3025=CARTESIAN_POINT('Ctrl Pts',(-91.0451227757688,-191.749999999999,-54.8061188023086));
#3026=CARTESIAN_POINT('Ctrl Pts',(-91.1131983698568,-191.750000000669,-54.8040624870241));
#3027=CARTESIAN_POINT('Ctrl Pts',(-91.1802967026074,-191.750000001241,-54.8050900871422));
#3028=CARTESIAN_POINT('Ctrl Pts',(-91.2480605540185,-191.750000001819,-54.8061278795711));
#3029=CARTESIAN_POINT('Ctrl Pts',(-91.314827874952,-191.750000002299,-54.8103110821913));
#3030=CARTESIAN_POINT('Ctrl Pts',(-91.3803218005328,-191.750000002392,-54.8173518991765));
#3031=CARTESIAN_POINT('Ctrl Pts',(-91.4475755574725,-191.750000002488,-54.8245819039438));
#3032=CARTESIAN_POINT('Ctrl Pts',(-91.5134866499978,-191.750000002176,-54.8348251281643));
#3033=CARTESIAN_POINT('Ctrl Pts',(-91.5778088422514,-191.750000001649,-54.8477861190827));
#3034=CARTESIAN_POINT('Ctrl Pts',(-91.6369192301509,-191.750000001164,-54.8596969258184));
#3035=CARTESIAN_POINT('Ctrl Pts',(-91.6946885479299,-191.750000000504,-54.8739031244754));
#3036=CARTESIAN_POINT('Ctrl Pts',(-91.7509626352384,-191.750000000168,-54.8901871413571));
#3037=CARTESIAN_POINT('Ctrl Pts',(-91.7681652696689,-191.750000000065,-54.8951650628637));
#3038=CARTESIAN_POINT('Ctrl Pts',(-91.7852327957946,-191.749999999999,-54.9003384888506));
#3039=CARTESIAN_POINT('Ctrl Pts',(-91.8021619268505,-191.749999999999,-54.9056992439456));
#3040=CARTESIAN_POINT('Ctrl Pts',(-91.8604876839531,-191.749999999999,-54.9241685970699));
#3041=CARTESIAN_POINT('Ctrl Pts',(-91.9170535638297,-191.750000000395,-54.9448219765609));
#3042=CARTESIAN_POINT('Ctrl Pts',(-91.971786143053,-191.750000000767,-54.9673304115469));
#3043=CARTESIAN_POINT('Ctrl Pts',(-92.0289317007866,-191.750000001156,-54.9908311690343));
#3044=CARTESIAN_POINT('Ctrl Pts',(-92.0840789129763,-191.750000001521,-55.0163541406709));
#3045=CARTESIAN_POINT('Ctrl Pts',(-92.137178905005,-191.750000001669,-55.043570669824));
#3046=CARTESIAN_POINT('Ctrl Pts',(-92.1916726267482,-191.75000000182,-55.0715015585081));
#3047=CARTESIAN_POINT('Ctrl Pts',(-92.2440105391679,-191.750000001746,-55.1012162053808));
#3048=CARTESIAN_POINT('Ctrl Pts',(-92.2941718774929,-191.750000001493,-55.1324054577595));
#3049=CARTESIAN_POINT('Ctrl Pts',(-92.3463741494864,-191.75000000123,-55.1648637192476));
#3050=CARTESIAN_POINT('Ctrl Pts',(-92.3962193778784,-191.750000000776,-55.1989190647843));
#3051=CARTESIAN_POINT('Ctrl Pts',(-92.4437143047077,-191.75000000042,-55.2342710965235));
#3052=CARTESIAN_POINT('Ctrl Pts',(-92.4636430766395,-191.750000000271,-55.24910473508));
#3053=CARTESIAN_POINT('Ctrl Pts',(-92.4831583805639,-191.750000000141,-55.2641672320584));
#3054=CARTESIAN_POINT('Ctrl Pts',(-92.5022620367837,-191.750000000063,-55.2794387331066));
#3055=CARTESIAN_POINT('Ctrl Pts',(-92.5119035114422,-191.750000000024,-55.2871461472613));
#3056=CARTESIAN_POINT('Ctrl Pts',(-92.521441837996,-191.749999999999,-55.2949081687968));
#3057=CARTESIAN_POINT('Ctrl Pts',(-92.530877732304,-191.749999999999,-55.3027217711448));
#3058=CARTESIAN_POINT('Ctrl Pts',(-92.5718268293897,-191.749999999999,-55.3366305826141));
#3059=CARTESIAN_POINT('Ctrl Pts',(-92.6105818731242,-191.74999999981,-55.3712873837036));
#3060=CARTESIAN_POINT('Ctrl Pts',(-92.6472721755746,-191.749999999579,-55.4064330179046));
#3061=CARTESIAN_POINT('Ctrl Pts',(-92.6852156984301,-191.749999999339,-55.4427791117091));
#3062=CARTESIAN_POINT('Ctrl Pts',(-92.7209512645869,-191.749999999058,-55.4796482541113));
#3063=CARTESIAN_POINT('Ctrl Pts',(-92.7546250573635,-191.749999998853,-55.5168098740955));
#3064=CARTESIAN_POINT('Ctrl Pts',(-92.7900904459195,-191.749999998637,-55.5559486578035));
#3065=CARTESIAN_POINT('Ctrl Pts',(-92.8232691072268,-191.749999998509,-55.5954119929381));
#3066=CARTESIAN_POINT('Ctrl Pts',(-92.8543311905677,-191.749999998524,-55.6349889245786));
#3067=CARTESIAN_POINT('Ctrl Pts',(-92.8863554138792,-191.74999999854,-55.6757917414061));
#3068=CARTESIAN_POINT('Ctrl Pts',(-92.9161301905973,-191.749999998711,-55.7167156577308));
#3069=CARTESIAN_POINT('Ctrl Pts',(-92.943836946106,-191.749999998971,-55.7575859254537));
#3070=CARTESIAN_POINT('Ctrl Pts',(-92.9727900657651,-191.749999999243,-55.8002947064046));
#3071=CARTESIAN_POINT('Ctrl Pts',(-92.9994852421815,-191.749999999615,-55.8429451709089));
#3072=CARTESIAN_POINT('Ctrl Pts',(-93.0241193364341,-191.749999999836,-55.8853938538703));
#3073=CARTESIAN_POINT('Ctrl Pts',(-93.0320976840102,-191.749999999907,-55.899141887118));
#3074=CARTESIAN_POINT('Ctrl Pts',(-93.0398597385601,-191.749999999961,-55.9128691589946));
#3075=CARTESIAN_POINT('Ctrl Pts',(-93.0474118909472,-191.749999999985,-55.9265719028261));
#3076=CARTESIAN_POINT('Ctrl Pts',(-93.0504487853208,-191.749999999994,-55.9320820916454));
#3077=CARTESIAN_POINT('Ctrl Pts',(-93.0534520079638,-191.749999999999,-55.9375888125181));
#3078=CARTESIAN_POINT('Ctrl Pts',(-93.0564220469435,-191.749999999999,-55.9430917872058));
#3079=CARTESIAN_POINT('Ctrl Pts',(-93.0815588434544,-191.749999999999,-55.9896659755839));
#3080=CARTESIAN_POINT('Ctrl Pts',(-93.1043919964129,-191.749999999347,-56.0361009108974));
#3081=CARTESIAN_POINT('Ctrl Pts',(-93.1251405551335,-191.749999998599,-56.0822069729716));
#3082=CARTESIAN_POINT('Ctrl Pts',(-93.1465991883541,-191.749999997826,-56.1298909151972));
#3083=CARTESIAN_POINT('Ctrl Pts',(-93.1658282326031,-191.749999996949,-56.1772234163662));
#3084=CARTESIAN_POINT('Ctrl Pts',(-93.1830512750138,-191.749999996328,-56.2240478532687));
#3085=CARTESIAN_POINT('Ctrl Pts',(-93.2012062550427,-191.749999995673,-56.2734059571716));
#3086=CARTESIAN_POINT('Ctrl Pts',(-93.2171324796207,-191.749999995303,-56.3221997411167));
#3087=CARTESIAN_POINT('Ctrl Pts',(-93.2310686096553,-191.749999995333,-56.3702997530302));
#3088=CARTESIAN_POINT('Ctrl Pts',(-93.2454369183937,-191.749999995364,-56.4198914129656));
#3089=CARTESIAN_POINT('Ctrl Pts',(-93.2576899117603,-191.74999999582,-56.4687460459089));
#3090=CARTESIAN_POINT('Ctrl Pts',(-93.2680626058323,-191.749999996495,-56.5167722339604));
#3091=CARTESIAN_POINT('Ctrl Pts',(-93.2789177234169,-191.749999997202,-56.5670320714552));
#3092=CARTESIAN_POINT('Ctrl Pts',(-93.2877137728618,-191.749999998149,-56.6163849750202));
#3093=CARTESIAN_POINT('Ctrl Pts',(-93.2946888318499,-191.749999998721,-56.6647744155662));
#3094=CARTESIAN_POINT('Ctrl Pts',(-93.2979636563097,-191.74999999899,-56.6874934956146));
#3095=CARTESIAN_POINT('Ctrl Pts',(-93.3008366159483,-191.74999999917,-56.7100008315679));
#3096=CARTESIAN_POINT('Ctrl Pts',(-93.3033299564967,-191.74999999917,-56.7322936446393));
#3097=CARTESIAN_POINT('Ctrl Pts',(-93.3033587486053,-191.74999999917,-56.7325510732101));
#3098=CARTESIAN_POINT('Ctrl Pts',(-93.3033874930602,-191.749999999999,-56.7328085073357));
#3099=CARTESIAN_POINT('Ctrl Pts',(-93.3034161915033,-191.749999999999,-56.7330659468157));
#3100=CARTESIAN_POINT('Ctrl Pts',(-93.3034161915033,-191.749999999999,-56.7330659468157));
#3101=CARTESIAN_POINT('Ctrl Pts',(-93.3224862584832,-191.749999999999,-56.9041340469125));
#3102=CARTESIAN_POINT('Ctrl Pts',(-93.3208763679803,-191.749999999999,-57.0776069110882));
#3103=CARTESIAN_POINT('Ctrl Pts',(-93.2991039294043,-191.749999999999,-57.2483345008994));
#3104=CARTESIAN_POINT('Ctrl Pts',(-93.2934165243527,-191.749999999999,-57.2929320297129));
#3105=CARTESIAN_POINT('Ctrl Pts',(-93.2865390367347,-191.7499999994,-57.3359153204771));
#3106=CARTESIAN_POINT('Ctrl Pts',(-93.278704366256,-191.749999998907,-57.3773642018762));
#3107=CARTESIAN_POINT('Ctrl Pts',(-93.270493970543,-191.749999998392,-57.4208008363936));
#3108=CARTESIAN_POINT('Ctrl Pts',(-93.2612323790802,-191.749999997993,-57.4625528134684));
#3109=CARTESIAN_POINT('Ctrl Pts',(-93.2511345280831,-191.749999997957,-57.5027356602641));
#3110=CARTESIAN_POINT('Ctrl Pts',(-93.2448352126514,-191.749999997934,-57.5278028183143));
#3111=CARTESIAN_POINT('Ctrl Pts',(-93.2382094075409,-191.749999998041,-57.5522597671414));
#3112=CARTESIAN_POINT('Ctrl Pts',(-93.2312996601815,-191.749999998235,-57.5761377417315));
#3113=CARTESIAN_POINT('Ctrl Pts',(-93.2199755169672,-191.749999998553,-57.6152705189314));
#3114=CARTESIAN_POINT('Ctrl Pts',(-93.2078852102368,-191.749999999125,-57.6528707170856));
#3115=CARTESIAN_POINT('Ctrl Pts',(-93.1951997778745,-191.749999999562,-57.6890869354));
#3116=CARTESIAN_POINT('Ctrl Pts',(-93.1880944340751,-191.749999999807,-57.7093723048604));
#3117=CARTESIAN_POINT('Ctrl Pts',(-93.1808013816016,-191.749999999999,-57.7292236106703));
#3118=CARTESIAN_POINT('Ctrl Pts',(-93.1733436684116,-191.749999999999,-57.7486675999415));
#3119=CARTESIAN_POINT('Ctrl Pts',(-93.1600246205716,-191.749999999999,-57.7833934491003));
#3120=CARTESIAN_POINT('Ctrl Pts',(-93.1450988074856,-191.750000002031,-57.8196281324146));
#3121=CARTESIAN_POINT('Ctrl Pts',(-93.1284318555604,-191.750000004455,-57.8569374436213));
#3122=CARTESIAN_POINT('Ctrl Pts',(-93.1117681294315,-191.750000006878,-57.8942395338175));
#3123=CARTESIAN_POINT('Ctrl Pts',(-93.0933632038739,-191.750000009687,-57.9326153069169));
#3124=CARTESIAN_POINT('Ctrl Pts',(-93.0731366838884,-191.7500000118,-57.9716176842302));
#3125=CARTESIAN_POINT('Ctrl Pts',(-93.0541633981581,-191.750000013781,-58.008203476025));
#3126=CARTESIAN_POINT('Ctrl Pts',(-93.0335874300588,-191.750000015153,-58.0453400297789));
#3127=CARTESIAN_POINT('Ctrl Pts',(-93.0113926535914,-191.750000015534,-58.0826550977617));
#3128=CARTESIAN_POINT('Ctrl Pts',(-92.9894664382719,-191.750000015911,-58.1195186461039));
#3129=CARTESIAN_POINT('Ctrl Pts',(-92.9659602929022,-191.750000015321,-58.156555837773));
#3130=CARTESIAN_POINT('Ctrl Pts',(-92.9409090239949,-191.750000013902,-58.1934130106972));
#3131=CARTESIAN_POINT('Ctrl Pts',(-92.9162028624607,-191.750000012503,-58.2297624375998));
#3132=CARTESIAN_POINT('Ctrl Pts',(-92.8899939541904,-191.7500000103,-58.2659361916935));
#3133=CARTESIAN_POINT('Ctrl Pts',(-92.862364610882,-191.750000007909,-58.3016087165877));
#3134=CARTESIAN_POINT('Ctrl Pts',(-92.855672945554,-191.750000007329,-58.3102483934461));
#3135=CARTESIAN_POINT('Ctrl Pts',(-92.8488981835486,-191.750000006741,-58.3188587557781));
#3136=CARTESIAN_POINT('Ctrl Pts',(-92.8420419202411,-191.750000006157,-58.3274353613924));
#3137=CARTESIAN_POINT('Ctrl Pts',(-92.8144341830827,-191.750000003805,-58.3619703059963));
#3138=CARTESIAN_POINT('Ctrl Pts',(-92.7854841246382,-191.750000001462,-58.3959774972783));
#3139=CARTESIAN_POINT('Ctrl Pts',(-92.7553497311541,-191.750000000472,-58.4292053999219));
#3140=CARTESIAN_POINT('Ctrl Pts',(-92.7461974262526,-191.750000000172,-58.4392972538161));
#3141=CARTESIAN_POINT('Ctrl Pts',(-92.7369361826407,-191.749999999999,-58.4493174176372));
#3142=CARTESIAN_POINT('Ctrl Pts',(-92.7275712110288,-191.749999999999,-58.4592593806139));
#3143=CARTESIAN_POINT('Ctrl Pts',(-92.7018684687391,-191.749999999999,-58.4865457112972));
#3144=CARTESIAN_POINT('Ctrl Pts',(-92.674140274776,-191.750000001675,-58.5145595058361));
#3145=CARTESIAN_POINT('Ctrl Pts',(-92.6444289104332,-191.750000003624,-58.542858507483));
#3146=CARTESIAN_POINT('Ctrl Pts',(-92.6143703137786,-191.750000005596,-58.5714882353682));
#3147=CARTESIAN_POINT('Ctrl Pts',(-92.5822813670717,-191.750000007843,-58.6004090830111));
#3148=CARTESIAN_POINT('Ctrl Pts',(-92.5482625773206,-191.750000009469,-58.6291727123166));
#3149=CARTESIAN_POINT('Ctrl Pts',(-92.5165884228518,-191.750000010982,-58.6559539013116));
#3150=CARTESIAN_POINT('Ctrl Pts',(-92.4832417553694,-191.750000011962,-58.6825983417088));
#3151=CARTESIAN_POINT('Ctrl Pts',(-92.4483515457995,-191.750000012145,-58.7087610374062));
#3152=CARTESIAN_POINT('Ctrl Pts',(-92.4138561464687,-191.750000012327,-58.7346276815673));
#3153=CARTESIAN_POINT('Ctrl Pts',(-92.3778521170267,-191.750000011733,-58.760022872444));
#3154=CARTESIAN_POINT('Ctrl Pts',(-92.3405084426134,-191.750000010529,-58.7846377808719));
#3155=CARTESIAN_POINT('Ctrl Pts',(-92.3036549222167,-191.75000000934,-58.8089296065711));
#3156=CARTESIAN_POINT('Ctrl Pts',(-92.2654970138608,-191.750000007561,-58.8324610061598));
#3157=CARTESIAN_POINT('Ctrl Pts',(-92.2262368184662,-191.750000005717,-58.8549669316837));
#3158=CARTESIAN_POINT('Ctrl Pts',(-92.2158683984153,-191.75000000523,-58.8609106333673));
#3159=CARTESIAN_POINT('Ctrl Pts',(-92.2054232996744,-191.75000000474,-58.866783008124));
#3160=CARTESIAN_POINT('Ctrl Pts',(-92.1949056668373,-191.750000004261,-58.8725796162543));
#3161=CARTESIAN_POINT('Ctrl Pts',(-92.1560074517005,-191.75000000249,-58.8940176825576));
#3162=CARTESIAN_POINT('Ctrl Pts',(-92.1160901913547,-191.750000000817,-58.9144296383634));
#3163=CARTESIAN_POINT('Ctrl Pts',(-92.0753989245061,-191.750000000222,-58.9336480858228));
#3164=CARTESIAN_POINT('Ctrl Pts',(-92.0655930746716,-191.750000000079,-58.9382793795729));
#3165=CARTESIAN_POINT('Ctrl Pts',(-92.0557424110534,-191.749999999999,-58.9428415600481));
#3166=CARTESIAN_POINT('Ctrl Pts',(-92.0458506061304,-191.749999999999,-58.9473326651111));
#3167=CARTESIAN_POINT('Ctrl Pts',(-92.0113278243664,-191.749999999999,-58.9630067954822));
#3168=CARTESIAN_POINT('Ctrl Pts',(-91.9747222973548,-191.750000001064,-58.9785299084911));
#3169=CARTESIAN_POINT('Ctrl Pts',(-91.9362382876796,-191.750000002246,-58.9935218021062));
#3170=CARTESIAN_POINT('Ctrl Pts',(-91.8988431640619,-191.750000003395,-59.0080895074917));
#3171=CARTESIAN_POINT('Ctrl Pts',(-91.8596744938818,-191.750000004656,-59.0221550392806));
#3172=CARTESIAN_POINT('Ctrl Pts',(-91.8189612813963,-191.750000005542,-59.0353965335829));
#3173=CARTESIAN_POINT('Ctrl Pts',(-91.779244533234,-191.750000006407,-59.0483139395646));
#3174=CARTESIAN_POINT('Ctrl Pts',(-91.738058238899,-191.750000006917,-59.0604467018449));
#3175=CARTESIAN_POINT('Ctrl Pts',(-91.6956517835604,-191.750000006948,-59.071529585125));
#3176=CARTESIAN_POINT('Ctrl Pts',(-91.6536888242186,-191.750000006979,-59.0824965611846));
#3177=CARTESIAN_POINT('Ctrl Pts',(-91.6105314709571,-191.750000006544,-59.0924350724031));
#3178=CARTESIAN_POINT('Ctrl Pts',(-91.5664527947265,-191.75000000579,-59.1011279840515));
#3179=CARTESIAN_POINT('Ctrl Pts',(-91.5229235396937,-191.750000005046,-59.1097125424022));
#3180=CARTESIAN_POINT('Ctrl Pts',(-91.4784962746647,-191.750000003996,-59.1170820339016));
#3181=CARTESIAN_POINT('Ctrl Pts',(-91.433458316133,-191.750000002975,-59.1230719875688));
#3182=CARTESIAN_POINT('Ctrl Pts',(-91.4185068247062,-191.750000002636,-59.1250605044514));
#3183=CARTESIAN_POINT('Ctrl Pts',(-91.4034881983842,-191.750000002302,-59.1268973748755));
#3184=CARTESIAN_POINT('Ctrl Pts',(-91.388413401231,-191.750000001987,-59.1285777771381));
#3185=CARTESIAN_POINT('Ctrl Pts',(-91.343991774519,-191.75000000106,-59.1335294989606));
#3186=CARTESIAN_POINT('Ctrl Pts',(-91.2990533649781,-191.75000000027,-59.1371218965961));
#3187=CARTESIAN_POINT('Ctrl Pts',(-91.2538897622319,-191.750000000056,-59.1393003893781));
#3188=CARTESIAN_POINT('Ctrl Pts',(-91.2460656098462,-191.750000000019,-59.1396777919425));
#3189=CARTESIAN_POINT('Ctrl Pts',(-91.2382347228891,-191.749999999999,-59.1400128843771));
#3190=CARTESIAN_POINT('Ctrl Pts',(-91.2303986433919,-191.749999999999,-59.1403055393015));
#3191=CARTESIAN_POINT('Ctrl Pts',(-91.1865974360282,-191.749999999999,-59.1419413878194));
#3192=CARTESIAN_POINT('Ctrl Pts',(-91.1415427327607,-191.750000000136,-59.1422884440123));
#3193=CARTESIAN_POINT('Ctrl Pts',(-91.0955323894583,-191.750000000206,-59.141150849126));
#3194=CARTESIAN_POINT('Ctrl Pts',(-91.0499219225172,-191.750000000276,-59.1400231410884));
#3195=CARTESIAN_POINT('Ctrl Pts',(-91.0033727972694,-191.750000000284,-59.137436211516));
#3196=CARTESIAN_POINT('Ctrl Pts',(-90.9561986219192,-191.750000000209,-59.1332447910669));
#3197=CARTESIAN_POINT('Ctrl Pts',(-90.9091921217286,-191.750000000135,-59.1290682685378));
#3198=CARTESIAN_POINT('Ctrl Pts',(-90.8615655359125,-191.749999999983,-59.1232984327636));
#3199=CARTESIAN_POINT('Ctrl Pts',(-90.8136452804571,-191.749999999832,-59.1158405291184));
#3200=CARTESIAN_POINT('Ctrl Pts',(-90.7660183825611,-191.749999999682,-59.1084282811648));
#3201=CARTESIAN_POINT('Ctrl Pts',(-90.7181020014188,-191.749999999539,-59.0993484715337));
#3202=CARTESIAN_POINT('Ctrl Pts',(-90.6702240922664,-191.749999999493,-59.0885587767921));
#3203=CARTESIAN_POINT('Ctrl Pts',(-90.6284967928897,-191.749999999453,-59.0791551743659));
#3204=CARTESIAN_POINT('Ctrl Pts',(-90.5867990937597,-191.74999999949,-59.0684535341903));
#3205=CARTESIAN_POINT('Ctrl Pts',(-90.5453472056767,-191.749999999617,-59.056458160363));
#3206=CARTESIAN_POINT('Ctrl Pts',(-90.4975481699804,-191.749999999763,-59.0426260449086));
#3207=CARTESIAN_POINT('Ctrl Pts',(-90.4500428834852,-191.749999999999,-59.0270626967592));
#3208=CARTESIAN_POINT('Ctrl Pts',(-90.4031386862763,-191.749999999999,-59.0098722688434));
#3209=CARTESIAN_POINT('Ctrl Pts',(-90.3595094485517,-191.749999999999,-58.9938821163463));
#3210=CARTESIAN_POINT('Ctrl Pts',(-90.3154517576724,-191.749999999525,-58.9761367112396));
#3211=CARTESIAN_POINT('Ctrl Pts',(-90.2713042563504,-191.749999998924,-58.9565940939094));
#3212=CARTESIAN_POINT('Ctrl Pts',(-90.227209670371,-191.749999998324,-58.9370749004257));
#3213=CARTESIAN_POINT('Ctrl Pts',(-90.1830260245154,-191.749999997603,-58.9157627724695));
#3214=CARTESIAN_POINT('Ctrl Pts',(-90.1390924623912,-191.749999997055,-58.8926679024659));
#3215=CARTESIAN_POINT('Ctrl Pts',(-90.0952041474053,-191.749999996507,-58.8695968178493));
#3216=CARTESIAN_POINT('Ctrl Pts',(-90.051565994976,-191.749999996138,-58.8447467397963));
#3217=CARTESIAN_POINT('Ctrl Pts',(-90.0085093346073,-191.749999996106,-58.8181793643661));
#3218=CARTESIAN_POINT('Ctrl Pts',(-89.9656326787549,-191.749999996074,-58.7917230576422));
#3219=CARTESIAN_POINT('Ctrl Pts',(-89.9233332727001,-191.749999996382,-58.7635639772518));
#3220=CARTESIAN_POINT('Ctrl Pts',(-89.8819225803925,-191.749999996966,-58.733812077974));
#3221=CARTESIAN_POINT('Ctrl Pts',(-89.852138139334,-191.749999997385,-58.7124131676675));
#3222=CARTESIAN_POINT('Ctrl Pts',(-89.8228131425872,-191.749999997944,-58.6901913084171));
#3223=CARTESIAN_POINT('Ctrl Pts',(-89.7940557221671,-191.74999999852,-58.6672022049055));
#3224=CARTESIAN_POINT('Ctrl Pts',(-89.7575550393484,-191.749999999253,-58.6380230239043));
#3225=CARTESIAN_POINT('Ctrl Pts',(-89.7219454137362,-191.749999999999,-58.6075875758001));
#3226=CARTESIAN_POINT('Ctrl Pts',(-89.6874027511867,-191.749999999999,-58.5760680652362));
#3227=CARTESIAN_POINT('Ctrl Pts',(-89.6506176015873,-191.749999999999,-58.5425023286711));
#3228=CARTESIAN_POINT('Ctrl Pts',(-89.6144025567578,-191.749999999108,-58.5071226884158));
#3229=CARTESIAN_POINT('Ctrl Pts',(-89.5790695606187,-191.749999998101,-58.4700478485774));
#3230=CARTESIAN_POINT('Ctrl Pts',(-89.5435593724306,-191.749999997088,-58.4327870814881));
#3231=CARTESIAN_POINT('Ctrl Pts',(-89.5089406243819,-191.749999995964,-58.3938143173556));
#3232=CARTESIAN_POINT('Ctrl Pts',(-89.4755083393152,-191.749999995232,-58.3532980495236));
#3233=CARTESIAN_POINT('Ctrl Pts',(-89.4420511885829,-191.7499999945,-58.3127516472283));
#3234=CARTESIAN_POINT('Ctrl Pts',(-89.4097827858228,-191.749999994166,-58.270659828719));
#3235=CARTESIAN_POINT('Ctrl Pts',(-89.3789693657372,-191.749999994382,-58.2272345862729));
#3236=CARTESIAN_POINT('Ctrl Pts',(-89.348265670659,-191.749999994596,-58.1839639788865));
#3237=CARTESIAN_POINT('Ctrl Pts',(-89.3190070896386,-191.749999995361,-58.1393699094025));
#3238=CARTESIAN_POINT('Ctrl Pts',(-89.2914203694272,-191.749999996407,-58.0936983583397));
#3239=CARTESIAN_POINT('Ctrl Pts',(-89.276771313679,-191.749999996963,-58.0694459248321));
#3240=CARTESIAN_POINT('Ctrl Pts',(-89.2625930268706,-191.74999999759,-58.0448902319587));
#3241=CARTESIAN_POINT('Ctrl Pts',(-89.2489145529535,-191.749999998195,-58.0200715482287));
#3242=CARTESIAN_POINT('Ctrl Pts',(-89.2279285211531,-191.749999999124,-57.981993785376));
#3243=CARTESIAN_POINT('Ctrl Pts',(-89.2081070535063,-191.749999999999,-57.9432730322154));
#3244=CARTESIAN_POINT('Ctrl Pts',(-89.1895094401617,-191.749999999999,-57.9040793286527));
#3245=CARTESIAN_POINT('Ctrl Pts',(-89.166162113381,-191.749999999999,-57.8548757997981));
#3246=CARTESIAN_POINT('Ctrl Pts',(-89.1444294464413,-191.749999999305,-57.8042622542013));
#3247=CARTESIAN_POINT('Ctrl Pts',(-89.1245267760362,-191.749999998692,-57.7525042220965));
#3248=CARTESIAN_POINT('Ctrl Pts',(-89.1044376888458,-191.749999998073,-57.700261402485));
#3249=CARTESIAN_POINT('Ctrl Pts',(-89.0862134175805,-191.749999997539,-57.6468530876319));
#3250=CARTESIAN_POINT('Ctrl Pts',(-89.0700337491417,-191.749999997423,-57.5925850360362));
#3251=CARTESIAN_POINT('Ctrl Pts',(-89.0538356959953,-191.749999997306,-57.5382553204912));
#3252=CARTESIAN_POINT('Ctrl Pts',(-89.0396871892964,-191.749999997609,-57.4830645643209));
#3253=CARTESIAN_POINT('Ctrl Pts',(-89.0277220787944,-191.749999998159,-57.4273431877711));
#3254=CARTESIAN_POINT('Ctrl Pts',(-89.0158173279694,-191.749999998707,-57.3719029055157));
#3255=CARTESIAN_POINT('Ctrl Pts',(-89.0060741976001,-191.7499999995,-57.3159380343183));
#3256=CARTESIAN_POINT('Ctrl Pts',(-88.9985748552458,-191.749999999846,-57.2597872885884));
#3257=CARTESIAN_POINT('Ctrl Pts',(-88.9965195349926,-191.749999999941,-57.2443982371921));
#3258=CARTESIAN_POINT('Ctrl Pts',(-88.9946324534636,-191.749999999999,-57.2289952679084));
#3259=CARTESIAN_POINT('Ctrl Pts',(-88.9929146183486,-191.749999999999,-57.2135854222207));
#3260=CARTESIAN_POINT('',(-99.3832931273112,-191.749999999999,-34.4750669029252));
#3261=CARTESIAN_POINT('',(-103.693794700466,-191.749999999999,-33.9945474275203));
#3262=CARTESIAN_POINT('Ctrl Pts',(-99.3832931273111,-191.749999999999,-34.4750669029252));
#3263=CARTESIAN_POINT('Ctrl Pts',(-99.3788629918346,-191.749999999999,-34.4353263577065));
#3264=CARTESIAN_POINT('Ctrl Pts',(-99.3755582271778,-191.749999999999,-34.3955307507684));
#3265=CARTESIAN_POINT('Ctrl Pts',(-99.3733598120291,-191.749999999999,-34.3557992225645));
#3266=CARTESIAN_POINT('Ctrl Pts',(-99.3702278963045,-191.749999999999,-34.299196720521));
#3267=CARTESIAN_POINT('Ctrl Pts',(-99.3693049992331,-191.74999999899,-34.2420253538103));
#3268=CARTESIAN_POINT('Ctrl Pts',(-99.370659437904,-191.749999997996,-34.1846290998211));
#3269=CARTESIAN_POINT('Ctrl Pts',(-99.3720261852905,-191.749999996992,-34.1267112466012));
#3270=CARTESIAN_POINT('Ctrl Pts',(-99.375711945306,-191.749999996002,-34.0685650928111));
#3271=CARTESIAN_POINT('Ctrl Pts',(-99.3817350287094,-191.749999995535,-34.0105540398431));
#3272=CARTESIAN_POINT('Ctrl Pts',(-99.3877566150008,-191.749999995068,-33.952557406241));
#3273=CARTESIAN_POINT('Ctrl Pts',(-99.3961143298763,-191.749999995122,-33.8946965487834));
#3274=CARTESIAN_POINT('Ctrl Pts',(-99.4067744809562,-191.749999995674,-33.837333654017));
#3275=CARTESIAN_POINT('Ctrl Pts',(-99.4173554218726,-191.749999996223,-33.7803969937608));
#3276=CARTESIAN_POINT('Ctrl Pts',(-99.4302045705021,-191.74999999726,-33.7239516292325));
#3277=CARTESIAN_POINT('Ctrl Pts',(-99.445239138837,-191.749999998265,-33.6683399834808));
#3278=CARTESIAN_POINT('Ctrl Pts',(-99.4485246828972,-191.749999998485,-33.6561870231623));
#3279=CARTESIAN_POINT('Ctrl Pts',(-99.4519144096103,-191.749999998701,-33.6440738107172));
#3280=CARTESIAN_POINT('Ctrl Pts',(-99.4554071458932,-191.749999998906,-33.6320037937506));
#3281=CARTESIAN_POINT('Ctrl Pts',(-99.4654709599029,-191.749999999495,-33.5972257870516));
#3282=CARTESIAN_POINT('Ctrl Pts',(-99.4763956456619,-191.749999999999,-33.5627887874641));
#3283=CARTESIAN_POINT('Ctrl Pts',(-99.4881302798514,-191.749999999999,-33.5287677832859));
#3284=CARTESIAN_POINT('Ctrl Pts',(-99.5070528230148,-191.749999999999,-33.4739076223616));
#3285=CARTESIAN_POINT('Ctrl Pts',(-99.5283060678584,-191.74999999919,-33.4194861185355));
#3286=CARTESIAN_POINT('Ctrl Pts',(-99.5517958575491,-191.749999998429,-33.3658489235613));
#3287=CARTESIAN_POINT('Ctrl Pts',(-99.5754656457403,-191.749999997663,-33.311800715343));
#3288=CARTESIAN_POINT('Ctrl Pts',(-99.6014061565515,-191.749999996942,-33.2585495748779));
#3289=CARTESIAN_POINT('Ctrl Pts',(-99.629470375986,-191.749999996643,-33.2064349498057));
#3290=CARTESIAN_POINT('Ctrl Pts',(-99.6574846781838,-191.749999996345,-33.1544130199206));
#3291=CARTESIAN_POINT('Ctrl Pts',(-99.68761478319,-191.749999996463,-33.1035242286899));
#3292=CARTESIAN_POINT('Ctrl Pts',(-99.719668706157,-191.749999996932,-33.054081932005));
#3293=CARTESIAN_POINT('Ctrl Pts',(-99.7514214404488,-191.749999997395,-33.0051042105877));
#3294=CARTESIAN_POINT('Ctrl Pts',(-99.7850615812838,-191.749999998198,-32.9575464899578));
#3295=CARTESIAN_POINT('Ctrl Pts',(-99.8203635127841,-191.749999998909,-32.9116804470181));
#3296=CARTESIAN_POINT('Ctrl Pts',(-99.8283768109803,-191.74999999907,-32.9012691674213));
#3297=CARTESIAN_POINT('Ctrl Pts',(-99.836475589285,-191.749999999226,-32.8909448985953));
#3298=CARTESIAN_POINT('Ctrl Pts',(-99.8446569610413,-191.749999999368,-32.880710534048));
#3299=CARTESIAN_POINT('Ctrl Pts',(-99.8647250660393,-191.749999999716,-32.855606638462));
#3300=CARTESIAN_POINT('Ctrl Pts',(-99.8852994487514,-191.749999999999,-32.8310324723457));
#3301=CARTESIAN_POINT('Ctrl Pts',(-99.9063251250621,-191.749999999999,-32.807019976382));
#3302=CARTESIAN_POINT('Ctrl Pts',(-99.9524982942224,-191.749999999999,-32.7542876398947));
#3303=CARTESIAN_POINT('Ctrl Pts',(-100.001138029497,-191.749999999897,-32.7039360457318));
#3304=CARTESIAN_POINT('Ctrl Pts',(-100.051832881925,-191.749999999842,-32.6562307408746));
#3305=CARTESIAN_POINT('Ctrl Pts',(-100.101921408482,-191.749999999788,-32.6090960059897));
#3306=CARTESIAN_POINT('Ctrl Pts',(-100.15401548315,-191.749999999772,-32.5645450049206));
#3307=CARTESIAN_POINT('Ctrl Pts',(-100.207699499229,-191.749999999793,-32.5227872988283));
#3308=CARTESIAN_POINT('Ctrl Pts',(-100.260121639522,-191.749999999815,-32.4820111332773));
#3309=CARTESIAN_POINT('Ctrl Pts',(-100.314059239738,-191.749999999865,-32.4438986592601));
#3310=CARTESIAN_POINT('Ctrl Pts',(-100.369117027684,-191.749999999906,-32.4085965649848));
#3311=CARTESIAN_POINT('Ctrl Pts',(-100.40945693733,-191.749999999935,-32.3827313178236));
#3312=CARTESIAN_POINT('Ctrl Pts',(-100.450397993443,-191.749999999958,-32.3583737692623));
#3313=CARTESIAN_POINT('Ctrl Pts',(-100.491784532123,-191.749999999972,-32.3355637662853));
#3314=CARTESIAN_POINT('Ctrl Pts',(-100.516106184697,-191.749999999981,-32.3221589978433));
#3315=CARTESIAN_POINT('Ctrl Pts',(-100.540591280956,-191.749999999999,-32.3092830679702));
#3316=CARTESIAN_POINT('Ctrl Pts',(-100.565204217163,-191.749999999999,-32.2969343953803));
#3317=CARTESIAN_POINT('Ctrl Pts',(-100.630195467896,-191.749999999999,-32.2643273277089));
#3318=CARTESIAN_POINT('Ctrl Pts',(-100.696408091213,-191.750000000421,-32.2352333436215));
#3319=CARTESIAN_POINT('Ctrl Pts',(-100.763312996258,-191.750000000784,-32.2096549444673));
#3320=CARTESIAN_POINT('Ctrl Pts',(-100.829018297241,-191.75000000114,-32.1845351656716));
#3321=CARTESIAN_POINT('Ctrl Pts',(-100.895390751536,-191.750000001435,-32.1628059684593));
#3322=CARTESIAN_POINT('Ctrl Pts',(-100.961950782345,-191.75000000147,-32.1444253253328));
#3323=CARTESIAN_POINT('Ctrl Pts',(-101.02693760582,-191.750000001503,-32.1264791255532));
#3324=CARTESIAN_POINT('Ctrl Pts',(-101.092102880231,-191.750000001285,-32.1117249198091));
#3325=CARTESIAN_POINT('Ctrl Pts',(-101.157027403496,-191.750000000939,-32.1000824445036));
#3326=CARTESIAN_POINT('Ctrl Pts',(-101.204286346711,-191.750000000687,-32.0916078180963));
#3327=CARTESIAN_POINT('Ctrl Pts',(-101.251418272947,-191.750000000373,-32.0847810834826));
#3328=CARTESIAN_POINT('Ctrl Pts',(-101.298272435214,-191.750000000165,-32.0795576885016));
#3329=CARTESIAN_POINT('Ctrl Pts',(-101.321169010756,-191.750000000064,-32.0770051328272));
#3330=CARTESIAN_POINT('Ctrl Pts',(-101.34400689991,-191.749999999999,-32.0748344322242));
#3331=CARTESIAN_POINT('Ctrl Pts',(-101.36676867712,-191.749999999999,-32.0730347360683));
#3332=CARTESIAN_POINT('Ctrl Pts',(-101.435501284726,-191.749999999999,-32.0676002830134));
#3333=CARTESIAN_POINT('Ctrl Pts',(-101.503576878812,-191.750000000669,-32.0655439677287));
#3334=CARTESIAN_POINT('Ctrl Pts',(-101.570675211562,-191.750000001241,-32.0665715678466));
#3335=CARTESIAN_POINT('Ctrl Pts',(-101.638439062984,-191.750000001819,-32.0676093602753));
#3336=CARTESIAN_POINT('Ctrl Pts',(-101.705206383929,-191.750000002299,-32.0717925628965));
#3337=CARTESIAN_POINT('Ctrl Pts',(-101.770700309521,-191.750000002392,-32.0788333798837));
#3338=CARTESIAN_POINT('Ctrl Pts',(-101.837954066468,-191.750000002488,-32.0860633846527));
#3339=CARTESIAN_POINT('Ctrl Pts',(-101.903865159002,-191.750000002176,-32.0963066088756));
#3340=CARTESIAN_POINT('Ctrl Pts',(-101.968187351263,-191.750000001648,-32.1092675997971));
#3341=CARTESIAN_POINT('Ctrl Pts',(-102.027297739145,-191.750000001164,-32.1211784065307));
#3342=CARTESIAN_POINT('Ctrl Pts',(-102.085067056907,-191.750000000504,-32.1353846051842));
#3343=CARTESIAN_POINT('Ctrl Pts',(-102.141341144201,-191.750000000167,-32.1516686220615));
#3344=CARTESIAN_POINT('Ctrl Pts',(-102.15854377863,-191.750000000064,-32.1566465435677));
#3345=CARTESIAN_POINT('Ctrl Pts',(-102.175611304754,-191.749999999999,-32.1618199695543));
#3346=CARTESIAN_POINT('Ctrl Pts',(-102.192540435809,-191.749999999999,-32.1671807246489));
#3347=CARTESIAN_POINT('Ctrl Pts',(-102.250866192911,-191.749999999999,-32.1856500777727));
#3348=CARTESIAN_POINT('Ctrl Pts',(-102.307432072786,-191.750000000395,-32.206303457263));
#3349=CARTESIAN_POINT('Ctrl Pts',(-102.362164652008,-191.750000000767,-32.2288118922483));
#3350=CARTESIAN_POINT('Ctrl Pts',(-102.41931020974,-191.750000001156,-32.252312649735));
#3351=CARTESIAN_POINT('Ctrl Pts',(-102.474457421929,-191.750000001521,-32.2778356213709));
#3352=CARTESIAN_POINT('Ctrl Pts',(-102.527557413957,-191.750000001669,-32.3050521505231));
#3353=CARTESIAN_POINT('Ctrl Pts',(-102.582051135699,-191.75000000182,-32.3329830392062));
#3354=CARTESIAN_POINT('Ctrl Pts',(-102.634389048118,-191.750000001746,-32.362697686078));
#3355=CARTESIAN_POINT('Ctrl Pts',(-102.684550386442,-191.750000001493,-32.3938869384557));
#3356=CARTESIAN_POINT('Ctrl Pts',(-102.736752658435,-191.75000000123,-32.4263451999427));
#3357=CARTESIAN_POINT('Ctrl Pts',(-102.786597886826,-191.750000000776,-32.4604005454783));
#3358=CARTESIAN_POINT('Ctrl Pts',(-102.834092813655,-191.75000000042,-32.4957525772164));
#3359=CARTESIAN_POINT('Ctrl Pts',(-102.854021585592,-191.750000000271,-32.5105862157767));
#3360=CARTESIAN_POINT('Ctrl Pts',(-102.873536889522,-191.750000000141,-32.5256487127589));
#3361=CARTESIAN_POINT('Ctrl Pts',(-102.892640545746,-191.750000000063,-32.5409202138111));
#3362=CARTESIAN_POINT('Ctrl Pts',(-102.902282020404,-191.750000000024,-32.5486276279645));
#3363=CARTESIAN_POINT('Ctrl Pts',(-102.911820346956,-191.749999999999,-32.5563896494989));
#3364=CARTESIAN_POINT('Ctrl Pts',(-102.921256241263,-191.749999999999,-32.5642032518457));
#3365=CARTESIAN_POINT('Ctrl Pts',(-102.962205338347,-191.749999999999,-32.598112063314));
#3366=CARTESIAN_POINT('Ctrl Pts',(-103.000960382081,-191.74999999981,-32.6327688644023));
#3367=CARTESIAN_POINT('Ctrl Pts',(-103.03765068453,-191.749999999579,-32.6679144986021));
#3368=CARTESIAN_POINT('Ctrl Pts',(-103.075594207385,-191.749999999339,-32.7042605924053));
#3369=CARTESIAN_POINT('Ctrl Pts',(-103.11132977354,-191.749999999057,-32.741129734806));
#3370=CARTESIAN_POINT('Ctrl Pts',(-103.145003566316,-191.749999998852,-32.7782913547886));
#3371=CARTESIAN_POINT('Ctrl Pts',(-103.180468954871,-191.749999998636,-32.8174301384951));
#3372=CARTESIAN_POINT('Ctrl Pts',(-103.213647616178,-191.749999998509,-32.8568934736281));
#3373=CARTESIAN_POINT('Ctrl Pts',(-103.244709699518,-191.749999998524,-32.8964704052668));
#3374=CARTESIAN_POINT('Ctrl Pts',(-103.276733922829,-191.74999999854,-32.9372732220926));
#3375=CARTESIAN_POINT('Ctrl Pts',(-103.306508699546,-191.749999998711,-32.9781971384157));
#3376=CARTESIAN_POINT('Ctrl Pts',(-103.334215455054,-191.749999998971,-33.0190674061366));
#3377=CARTESIAN_POINT('Ctrl Pts',(-103.363168574712,-191.749999999243,-33.0617761870856));
#3378=CARTESIAN_POINT('Ctrl Pts',(-103.389863751128,-191.749999999615,-33.1044266515878));
#3379=CARTESIAN_POINT('Ctrl Pts',(-103.41449784538,-191.749999999836,-33.146875334547));
#3380=CARTESIAN_POINT('Ctrl Pts',(-103.422476192962,-191.749999999907,-33.1606233678039));
#3381=CARTESIAN_POINT('Ctrl Pts',(-103.430238247517,-191.749999999961,-33.1743506396898));
#3382=CARTESIAN_POINT('Ctrl Pts',(-103.437790399909,-191.749999999985,-33.1880533835304));
#3383=CARTESIAN_POINT('Ctrl Pts',(-103.440827294282,-191.749999999994,-33.1935635723471));
#3384=CARTESIAN_POINT('Ctrl Pts',(-103.443830516923,-191.749999999999,-33.1990702932171));
#3385=CARTESIAN_POINT('Ctrl Pts',(-103.446800555901,-191.749999999999,-33.2045732679021));
#3386=CARTESIAN_POINT('Ctrl Pts',(-103.471937352412,-191.749999999999,-33.2511474562787));
#3387=CARTESIAN_POINT('Ctrl Pts',(-103.49477050537,-191.749999999347,-33.2975823915904));
#3388=CARTESIAN_POINT('Ctrl Pts',(-103.51551906409,-191.749999998599,-33.3436884536628));
#3389=CARTESIAN_POINT('Ctrl Pts',(-103.53697769731,-191.749999997825,-33.3913723958865));
#3390=CARTESIAN_POINT('Ctrl Pts',(-103.556206741559,-191.749999996949,-33.4387048970535));
#3391=CARTESIAN_POINT('Ctrl Pts',(-103.573429783969,-191.749999996328,-33.485529333954));
#3392=CARTESIAN_POINT('Ctrl Pts',(-103.591584763998,-191.749999995673,-33.5348874378547));
#3393=CARTESIAN_POINT('Ctrl Pts',(-103.607510988575,-191.749999995303,-33.5836812217975));
#3394=CARTESIAN_POINT('Ctrl Pts',(-103.62144711861,-191.749999995333,-33.6317812337088));
#3395=CARTESIAN_POINT('Ctrl Pts',(-103.635815427348,-191.749999995364,-33.6813728936418));
#3396=CARTESIAN_POINT('Ctrl Pts',(-103.648068420715,-191.74999999582,-33.7302275265827));
#3397=CARTESIAN_POINT('Ctrl Pts',(-103.658441114787,-191.749999996496,-33.7782537146318));
#3398=CARTESIAN_POINT('Ctrl Pts',(-103.669296232372,-191.749999997202,-33.828513552124));
#3399=CARTESIAN_POINT('Ctrl Pts',(-103.678092281817,-191.74999999815,-33.8778664556865));
#3400=CARTESIAN_POINT('Ctrl Pts',(-103.685067340806,-191.749999998721,-33.92625589623));
#3401=CARTESIAN_POINT('Ctrl Pts',(-103.688342165268,-191.74999999899,-33.9489749762921));
#3402=CARTESIAN_POINT('Ctrl Pts',(-103.691215124909,-191.74999999917,-33.9714823122588));
#3403=CARTESIAN_POINT('Ctrl Pts',(-103.693708465459,-191.74999999917,-33.9937751253435));
#3404=CARTESIAN_POINT('Ctrl Pts',(-103.693737257567,-191.74999999917,-33.9940325539144));
#3405=CARTESIAN_POINT('Ctrl Pts',(-103.693766002023,-191.749999999999,-33.9942899880401));
#3406=CARTESIAN_POINT('Ctrl Pts',(-103.693794700466,-191.749999999999,-33.9945474275202));
#3407=CARTESIAN_POINT('Ctrl Pts',(-103.693794700466,-191.749999999999,-33.9945474275203));
#3408=CARTESIAN_POINT('Ctrl Pts',(-103.712864767446,-191.749999999999,-34.1656155276164));
#3409=CARTESIAN_POINT('Ctrl Pts',(-103.711254876943,-191.749999999999,-34.3390883917902));
#3410=CARTESIAN_POINT('Ctrl Pts',(-103.689482438367,-191.749999999999,-34.5098159816017));
#3411=CARTESIAN_POINT('Ctrl Pts',(-103.683795033316,-191.749999999999,-34.5544135104141));
#3412=CARTESIAN_POINT('Ctrl Pts',(-103.676917545698,-191.7499999994,-34.5973968011771));
#3413=CARTESIAN_POINT('Ctrl Pts',(-103.66908287522,-191.749999998907,-34.6388456825751));
#3414=CARTESIAN_POINT('Ctrl Pts',(-103.660872479507,-191.749999998392,-34.6822823170914));
#3415=CARTESIAN_POINT('Ctrl Pts',(-103.651610888045,-191.749999997993,-34.7240342941652));
#3416=CARTESIAN_POINT('Ctrl Pts',(-103.641513037048,-191.749999997957,-34.7642171409598));
#3417=CARTESIAN_POINT('Ctrl Pts',(-103.635213721616,-191.749999997934,-34.789284299013));
#3418=CARTESIAN_POINT('Ctrl Pts',(-103.628587916504,-191.749999998041,-34.813741247843));
#3419=CARTESIAN_POINT('Ctrl Pts',(-103.621678169144,-191.749999998235,-34.8376192224357));
#3420=CARTESIAN_POINT('Ctrl Pts',(-103.61035402593,-191.749999998553,-34.8767519996337));
#3421=CARTESIAN_POINT('Ctrl Pts',(-103.598263719201,-191.749999999125,-34.9143521977859));
#3422=CARTESIAN_POINT('Ctrl Pts',(-103.585578286839,-191.749999999562,-34.9505684160983));
#3423=CARTESIAN_POINT('Ctrl Pts',(-103.57847294304,-191.749999999807,-34.9708537855596));
#3424=CARTESIAN_POINT('Ctrl Pts',(-103.571179890566,-191.749999999999,-34.9907050913703));
#3425=CARTESIAN_POINT('Ctrl Pts',(-103.563722177376,-191.749999999999,-35.0101490806423));
#3426=CARTESIAN_POINT('Ctrl Pts',(-103.550403129539,-191.749999999999,-35.0448749297929));
#3427=CARTESIAN_POINT('Ctrl Pts',(-103.535477316456,-191.750000002031,-35.0811096131003));
#3428=CARTESIAN_POINT('Ctrl Pts',(-103.518810364534,-191.750000004455,-35.1184189243013));
#3429=CARTESIAN_POINT('Ctrl Pts',(-103.502146638406,-191.750000006878,-35.1557210144958));
#3430=CARTESIAN_POINT('Ctrl Pts',(-103.483741712849,-191.750000009687,-35.1940967875948));
#3431=CARTESIAN_POINT('Ctrl Pts',(-103.463515192864,-191.750000011799,-35.2330991649089));
#3432=CARTESIAN_POINT('Ctrl Pts',(-103.444541907138,-191.750000013781,-35.2696849566972));
#3433=CARTESIAN_POINT('Ctrl Pts',(-103.423965939042,-191.750000015153,-35.3068215104454));
#3434=CARTESIAN_POINT('Ctrl Pts',(-103.401771162579,-191.750000015534,-35.3441365784232));
#3435=CARTESIAN_POINT('Ctrl Pts',(-103.379844947264,-191.750000015911,-35.3810001267601));
#3436=CARTESIAN_POINT('Ctrl Pts',(-103.356338801899,-191.750000015321,-35.4180373184244));
#3437=CARTESIAN_POINT('Ctrl Pts',(-103.331287532996,-191.750000013902,-35.4548944913445));
#3438=CARTESIAN_POINT('Ctrl Pts',(-103.306581371467,-191.750000012503,-35.4912439182424));
#3439=CARTESIAN_POINT('Ctrl Pts',(-103.280372463201,-191.7500000103,-35.5274176723321));
#3440=CARTESIAN_POINT('Ctrl Pts',(-103.252743119898,-191.750000007908,-35.5630901972228));
#3441=CARTESIAN_POINT('Ctrl Pts',(-103.246051454552,-191.750000007329,-35.5717298741045));
#3442=CARTESIAN_POINT('Ctrl Pts',(-103.239276692529,-191.750000006741,-35.5803402364596));
#3443=CARTESIAN_POINT('Ctrl Pts',(-103.232420429203,-191.750000006157,-35.5889168420968));
#3444=CARTESIAN_POINT('Ctrl Pts',(-103.204812692048,-191.750000003805,-35.6234517866964));
#3445=CARTESIAN_POINT('Ctrl Pts',(-103.175862633607,-191.750000001462,-35.6574589779744));
#3446=CARTESIAN_POINT('Ctrl Pts',(-103.145728240127,-191.750000000472,-35.6906868806144));
#3447=CARTESIAN_POINT('Ctrl Pts',(-103.136575935223,-191.750000000172,-35.7007787345115));
#3448=CARTESIAN_POINT('Ctrl Pts',(-103.127314691608,-191.749999999999,-35.7107988983356));
#3449=CARTESIAN_POINT('Ctrl Pts',(-103.117949719994,-191.749999999999,-35.7207408613151));
#3450=CARTESIAN_POINT('Ctrl Pts',(-103.092246977709,-191.749999999999,-35.7480271919929));
#3451=CARTESIAN_POINT('Ctrl Pts',(-103.064518783751,-191.750000001675,-35.7760409865274));
#3452=CARTESIAN_POINT('Ctrl Pts',(-103.034807419413,-191.750000003624,-35.8043399881708));
#3453=CARTESIAN_POINT('Ctrl Pts',(-103.00474882276,-191.750000005596,-35.8329697160551));
#3454=CARTESIAN_POINT('Ctrl Pts',(-102.972659876054,-191.750000007843,-35.8618905636979));
#3455=CARTESIAN_POINT('Ctrl Pts',(-102.938641086303,-191.750000009468,-35.8906541930041));
#3456=CARTESIAN_POINT('Ctrl Pts',(-102.906966931839,-191.750000010982,-35.9174353819952));
#3457=CARTESIAN_POINT('Ctrl Pts',(-102.873620264362,-191.750000011962,-35.9440798223892));
#3458=CARTESIAN_POINT('Ctrl Pts',(-102.838730054797,-191.750000012145,-35.9702425180839));
#3459=CARTESIAN_POINT('Ctrl Pts',(-102.804234655472,-191.750000012327,-35.9961091622422));
#3460=CARTESIAN_POINT('Ctrl Pts',(-102.768230626035,-191.750000011733,-36.0215043531165));
#3461=CARTESIAN_POINT('Ctrl Pts',(-102.730886951626,-191.750000010528,-36.0461192615427));
#3462=CARTESIAN_POINT('Ctrl Pts',(-102.694033431235,-191.75000000934,-36.0704110872399));
#3463=CARTESIAN_POINT('Ctrl Pts',(-102.655875522885,-191.750000007561,-36.093942486827));
#3464=CARTESIAN_POINT('Ctrl Pts',(-102.616615327495,-191.750000005717,-36.1164484123498));
#3465=CARTESIAN_POINT('Ctrl Pts',(-102.606246907422,-191.75000000523,-36.1223921140465));
#3466=CARTESIAN_POINT('Ctrl Pts',(-102.595801808659,-191.75000000474,-36.1282644888159));
#3467=CARTESIAN_POINT('Ctrl Pts',(-102.5852841758,-191.750000004261,-36.1340610969585));
#3468=CARTESIAN_POINT('Ctrl Pts',(-102.546385960668,-191.75000000249,-36.1554991632593));
#3469=CARTESIAN_POINT('Ctrl Pts',(-102.506468700326,-191.750000000816,-36.175911119063));
#3470=CARTESIAN_POINT('Ctrl Pts',(-102.465777433482,-191.750000000222,-36.1951295665205));
#3471=CARTESIAN_POINT('Ctrl Pts',(-102.455971583644,-191.750000000078,-36.1997608602725));
#3472=CARTESIAN_POINT('Ctrl Pts',(-102.446120920022,-191.749999999999,-36.2043230407496));
#3473=CARTESIAN_POINT('Ctrl Pts',(-102.436229115095,-191.749999999999,-36.2088141458144));
#3474=CARTESIAN_POINT('Ctrl Pts',(-102.401706333332,-191.749999999999,-36.224488276185));
#3475=CARTESIAN_POINT('Ctrl Pts',(-102.365100806322,-191.750000001064,-36.2400113891935));
#3476=CARTESIAN_POINT('Ctrl Pts',(-102.326616796648,-191.750000002246,-36.2550032828082));
#3477=CARTESIAN_POINT('Ctrl Pts',(-102.289221673032,-191.750000003395,-36.2695709881931));
#3478=CARTESIAN_POINT('Ctrl Pts',(-102.250053002854,-191.750000004656,-36.2836365199815));
#3479=CARTESIAN_POINT('Ctrl Pts',(-102.20933979037,-191.750000005543,-36.2968780142834));
#3480=CARTESIAN_POINT('Ctrl Pts',(-102.169623042209,-191.750000006407,-36.3097954202651));
#3481=CARTESIAN_POINT('Ctrl Pts',(-102.128436747875,-191.750000006918,-36.3219281825453));
#3482=CARTESIAN_POINT('Ctrl Pts',(-102.086030292538,-191.750000006949,-36.3330110658254));
#3483=CARTESIAN_POINT('Ctrl Pts',(-102.044067333197,-191.750000006979,-36.343978041885));
#3484=CARTESIAN_POINT('Ctrl Pts',(-102.000909979937,-191.750000006545,-36.3539165531035));
#3485=CARTESIAN_POINT('Ctrl Pts',(-101.956831303707,-191.750000005791,-36.3626094647521));
#3486=CARTESIAN_POINT('Ctrl Pts',(-101.913302048676,-191.750000005047,-36.3711940231029));
#3487=CARTESIAN_POINT('Ctrl Pts',(-101.868874783648,-191.750000003996,-36.3785635146026));
#3488=CARTESIAN_POINT('Ctrl Pts',(-101.823836825118,-191.750000002975,-36.38455346827));
#3489=CARTESIAN_POINT('Ctrl Pts',(-101.808885333684,-191.750000002636,-36.3865419851538));
#3490=CARTESIAN_POINT('Ctrl Pts',(-101.793866707354,-191.750000002302,-36.3883788555789));
#3491=CARTESIAN_POINT('Ctrl Pts',(-101.778791910194,-191.750000001987,-36.3900592578422));
#3492=CARTESIAN_POINT('Ctrl Pts',(-101.734370283483,-191.75000000106,-36.3950109796647));
#3493=CARTESIAN_POINT('Ctrl Pts',(-101.689431873943,-191.75000000027,-36.3986033773002));
#3494=CARTESIAN_POINT('Ctrl Pts',(-101.644268271198,-191.750000000056,-36.4007818700821));
#3495=CARTESIAN_POINT('Ctrl Pts',(-101.636444118812,-191.750000000019,-36.4011592726466));
#3496=CARTESIAN_POINT('Ctrl Pts',(-101.628613231854,-191.749999999999,-36.4014943650812));
#3497=CARTESIAN_POINT('Ctrl Pts',(-101.620777152356,-191.749999999999,-36.4017870200057));
#3498=CARTESIAN_POINT('Ctrl Pts',(-101.576975944988,-191.749999999999,-36.4034228685238));
#3499=CARTESIAN_POINT('Ctrl Pts',(-101.531921241717,-191.750000000136,-36.4037699247165));
#3500=CARTESIAN_POINT('Ctrl Pts',(-101.485910898411,-191.750000000206,-36.40263232983));
#3501=CARTESIAN_POINT('Ctrl Pts',(-101.440300431467,-191.750000000276,-36.4015046217921));
#3502=CARTESIAN_POINT('Ctrl Pts',(-101.393751306216,-191.750000000284,-36.3989176922192));
#3503=CARTESIAN_POINT('Ctrl Pts',(-101.346577130863,-191.750000000209,-36.3947262717694));
#3504=CARTESIAN_POINT('Ctrl Pts',(-101.299570630669,-191.750000000135,-36.3905497492397));
#3505=CARTESIAN_POINT('Ctrl Pts',(-101.251944044851,-191.749999999983,-36.3847799134647));
#3506=CARTESIAN_POINT('Ctrl Pts',(-101.204023789393,-191.749999999832,-36.3773220098184));
#3507=CARTESIAN_POINT('Ctrl Pts',(-101.156396891495,-191.749999999682,-36.369909761864));
#3508=CARTESIAN_POINT('Ctrl Pts',(-101.108480510351,-191.749999999539,-36.3608299522318));
#3509=CARTESIAN_POINT('Ctrl Pts',(-101.060602601197,-191.749999999493,-36.3500402574891));
#3510=CARTESIAN_POINT('Ctrl Pts',(-101.01887530183,-191.749999999453,-36.3406366550646));
#3511=CARTESIAN_POINT('Ctrl Pts',(-100.977177602711,-191.74999999949,-36.3299350148914));
#3512=CARTESIAN_POINT('Ctrl Pts',(-100.935725714639,-191.749999999617,-36.3179396410672));
#3513=CARTESIAN_POINT('Ctrl Pts',(-100.887926678943,-191.749999999763,-36.304107525613));
#3514=CARTESIAN_POINT('Ctrl Pts',(-100.840421392449,-191.749999999999,-36.288544177464));
#3515=CARTESIAN_POINT('Ctrl Pts',(-100.793517195241,-191.749999999999,-36.2713537495486));
#3516=CARTESIAN_POINT('Ctrl Pts',(-100.749887957508,-191.749999999999,-36.2553635970486));
#3517=CARTESIAN_POINT('Ctrl Pts',(-100.705830266622,-191.749999999525,-36.2376181919389));
#3518=CARTESIAN_POINT('Ctrl Pts',(-100.661682765294,-191.749999998924,-36.2180755746054));
#3519=CARTESIAN_POINT('Ctrl Pts',(-100.617588179307,-191.749999998324,-36.1985563811179));
#3520=CARTESIAN_POINT('Ctrl Pts',(-100.573404533445,-191.749999997603,-36.1772442531578));
#3521=CARTESIAN_POINT('Ctrl Pts',(-100.529470971315,-191.749999997055,-36.1541493831502));
#3522=CARTESIAN_POINT('Ctrl Pts',(-100.485582656323,-191.749999996507,-36.1310782985294));
#3523=CARTESIAN_POINT('Ctrl Pts',(-100.441944503889,-191.749999996138,-36.1062282204721));
#3524=CARTESIAN_POINT('Ctrl Pts',(-100.398887843516,-191.749999996106,-36.0796608450376));
#3525=CARTESIAN_POINT('Ctrl Pts',(-100.35601118766,-191.749999996074,-36.0532045383094));
#3526=CARTESIAN_POINT('Ctrl Pts',(-100.313711781601,-191.749999996382,-36.0250454579147));
#3527=CARTESIAN_POINT('Ctrl Pts',(-100.272301089291,-191.749999996965,-35.9952935586326));
#3528=CARTESIAN_POINT('Ctrl Pts',(-100.242516648254,-191.749999997385,-35.97389464834));
#3529=CARTESIAN_POINT('Ctrl Pts',(-100.213191651529,-191.749999997944,-35.9516727891048));
#3530=CARTESIAN_POINT('Ctrl Pts',(-100.184434231129,-191.74999999852,-35.9286836856097));
#3531=CARTESIAN_POINT('Ctrl Pts',(-100.147933548312,-191.749999999252,-35.8995045046092));
#3532=CARTESIAN_POINT('Ctrl Pts',(-100.1123239227,-191.749999999999,-35.8690690565058));
#3533=CARTESIAN_POINT('Ctrl Pts',(-100.077781260152,-191.749999999999,-35.8375495459432));
#3534=CARTESIAN_POINT('Ctrl Pts',(-100.040996110559,-191.749999999999,-35.8039838093841));
#3535=CARTESIAN_POINT('Ctrl Pts',(-100.004781065735,-191.749999999108,-35.7686041691349));
#3536=CARTESIAN_POINT('Ctrl Pts',(-99.9694480696014,-191.7499999981,-35.7315293293028));
#3537=CARTESIAN_POINT('Ctrl Pts',(-99.9339378814185,-191.749999997088,-35.69426856222));
#3538=CARTESIAN_POINT('Ctrl Pts',(-99.8993191333744,-191.749999995964,-35.6552957980941));
#3539=CARTESIAN_POINT('Ctrl Pts',(-99.8658868483116,-191.749999995232,-35.6147795302689));
#3540=CARTESIAN_POINT('Ctrl Pts',(-99.8324296975833,-191.7499999945,-35.5742331279805));
#3541=CARTESIAN_POINT('Ctrl Pts',(-99.8001612948266,-191.749999994166,-35.5321413094782));
#3542=CARTESIAN_POINT('Ctrl Pts',(-99.7693478747436,-191.749999994382,-35.4887160670391));
#3543=CARTESIAN_POINT('Ctrl Pts',(-99.7386441796681,-191.749999994596,-35.4454454596597));
#3544=CARTESIAN_POINT('Ctrl Pts',(-99.7093855986497,-191.749999995361,-35.4008513901826));
#3545=CARTESIAN_POINT('Ctrl Pts',(-99.6817988784396,-191.749999996407,-35.3551798391266));
#3546=CARTESIAN_POINT('Ctrl Pts',(-99.6671498226738,-191.749999996963,-35.3309274055923));
#3547=CARTESIAN_POINT('Ctrl Pts',(-99.6529715358487,-191.74999999759,-35.3063717126913));
#3548=CARTESIAN_POINT('Ctrl Pts',(-99.6392930619161,-191.749999998195,-35.2815530289331));
#3549=CARTESIAN_POINT('Ctrl Pts',(-99.618307030116,-191.749999999124,-35.2434752660809));
#3550=CARTESIAN_POINT('Ctrl Pts',(-99.5984855624694,-191.749999999999,-35.2047545129207));
#3551=CARTESIAN_POINT('Ctrl Pts',(-99.5798879491251,-191.749999999999,-35.1655608093585));
#3552=CARTESIAN_POINT('Ctrl Pts',(-99.5565406223516,-191.749999999999,-35.1163572805193));
#3553=CARTESIAN_POINT('Ctrl Pts',(-99.5348079554177,-191.749999999305,-35.0657437349377));
#3554=CARTESIAN_POINT('Ctrl Pts',(-99.5149052850169,-191.749999998692,-35.0139857028478));
#3555=CARTESIAN_POINT('Ctrl Pts',(-99.4948161978309,-191.749999998073,-34.9617428832514));
#3556=CARTESIAN_POINT('Ctrl Pts',(-99.4765919265685,-191.749999997539,-34.908334568413));
#3557=CARTESIAN_POINT('Ctrl Pts',(-99.4604122581314,-191.749999997422,-34.8540665168315));
#3558=CARTESIAN_POINT('Ctrl Pts',(-99.4442142049867,-191.749999997306,-34.7997368013005));
#3559=CARTESIAN_POINT('Ctrl Pts',(-99.430065698288,-191.749999997609,-34.7445460451438));
#3560=CARTESIAN_POINT('Ctrl Pts',(-99.4181005877851,-191.749999998159,-34.6888246686069));
#3561=CARTESIAN_POINT('Ctrl Pts',(-99.4061958369592,-191.749999998707,-34.6333843863637));
#3562=CARTESIAN_POINT('Ctrl Pts',(-99.3964527065878,-191.7499999995,-34.5774195151779));
#3563=CARTESIAN_POINT('Ctrl Pts',(-99.3889533642305,-191.749999999846,-34.5212687694589));
#3564=CARTESIAN_POINT('Ctrl Pts',(-99.3868980439687,-191.749999999941,-34.5058797180075));
#3565=CARTESIAN_POINT('Ctrl Pts',(-99.3850109624323,-191.749999999999,-34.4904767486684));
#3566=CARTESIAN_POINT('Ctrl Pts',(-99.3832931273111,-191.749999999999,-34.4750669029253));
#3567=CARTESIAN_POINT('',(-113.866510252598,-191.749999999999,-54.286598249692));
#3568=CARTESIAN_POINT('',(-118.15454632828,-191.749999999999,-54.9380991995153));
#3569=CARTESIAN_POINT('Ctrl Pts',(-113.866510252598,-191.749999999999,-54.286598249692));
#3570=CARTESIAN_POINT('Ctrl Pts',(-113.872516761855,-191.749999999999,-54.2470647257731));
#3571=CARTESIAN_POINT('Ctrl Pts',(-113.879624563115,-191.749999999999,-54.207769289685));
#3572=CARTESIAN_POINT('Ctrl Pts',(-113.887784446408,-191.749999999999,-54.1688221004208));
#3573=CARTESIAN_POINT('Ctrl Pts',(-113.899409333094,-191.749999999999,-54.1133364218085));
#3574=CARTESIAN_POINT('Ctrl Pts',(-113.913315271107,-191.749999999477,-54.0578730510469));
#3575=CARTESIAN_POINT('Ctrl Pts',(-113.929479211066,-191.749999998962,-54.00278193193));
#3576=CARTESIAN_POINT('Ctrl Pts',(-113.945790035892,-191.749999998442,-53.9471901890957));
#3577=CARTESIAN_POINT('Ctrl Pts',(-113.964400001687,-191.74999999793,-53.891978188394));
#3578=CARTESIAN_POINT('Ctrl Pts',(-113.98523272929,-191.749999997688,-53.8375016912839));
#3579=CARTESIAN_POINT('Ctrl Pts',(-114.006060267232,-191.749999997446,-53.7830387648657));
#3580=CARTESIAN_POINT('Ctrl Pts',(-114.029109235626,-191.749999997475,-53.7293116842735));
#3581=CARTESIAN_POINT('Ctrl Pts',(-114.054253339221,-191.74999999776,-53.676661575966));
#3582=CARTESIAN_POINT('Ctrl Pts',(-114.07921059302,-191.749999998044,-53.6244027189073));
#3583=CARTESIAN_POINT('Ctrl Pts',(-114.106231642075,-191.749999998581,-53.5732055329888));
#3584=CARTESIAN_POINT('Ctrl Pts',(-114.13514788485,-191.749999999101,-53.5233793455981));
#3585=CARTESIAN_POINT('Ctrl Pts',(-114.141466275775,-191.749999999215,-53.5124919930219));
#3586=CARTESIAN_POINT('Ctrl Pts',(-114.147874991486,-191.749999999327,-53.5016699856863));
#3587=CARTESIAN_POINT('Ctrl Pts',(-114.154372007206,-191.749999999433,-53.4909163490137));
#3588=CARTESIAN_POINT('Ctrl Pts',(-114.173094017381,-191.749999999738,-53.4599283225305));
#3589=CARTESIAN_POINT('Ctrl Pts',(-114.192559283411,-191.749999999999,-53.4294924882267));
#3590=CARTESIAN_POINT('Ctrl Pts',(-114.212699211604,-191.749999999999,-53.3996680950987));
#3591=CARTESIAN_POINT('Ctrl Pts',(-114.245177299201,-191.749999999999,-53.3515726280607));
#3592=CARTESIAN_POINT('Ctrl Pts',(-114.279793240473,-191.74999999958,-53.3045042827979));
#3593=CARTESIAN_POINT('Ctrl Pts',(-114.316366595325,-191.749999999186,-53.2587725650368));
#3594=CARTESIAN_POINT('Ctrl Pts',(-114.353220142527,-191.74999999879,-53.2126904917374));
#3595=CARTESIAN_POINT('Ctrl Pts',(-114.392060808449,-191.749999998417,-53.1679662140944));
#3596=CARTESIAN_POINT('Ctrl Pts',(-114.432658705157,-191.749999998262,-53.1248895597651));
#3597=CARTESIAN_POINT('Ctrl Pts',(-114.473184322795,-191.749999998108,-53.0818895975985));
#3598=CARTESIAN_POINT('Ctrl Pts',(-114.515460402664,-191.749999998169,-53.0405319446925));
#3599=CARTESIAN_POINT('Ctrl Pts',(-114.559220375793,-191.749999998412,-53.0010695822251));
#3600=CARTESIAN_POINT('Ctrl Pts',(-114.602569080937,-191.749999998652,-52.9619780976426));
#3601=CARTESIAN_POINT('Ctrl Pts',(-114.647373359781,-191.749999999067,-52.9247468780832));
#3602=CARTESIAN_POINT('Ctrl Pts',(-114.693344951369,-191.749999999435,-52.8895799379677));
#3603=CARTESIAN_POINT('Ctrl Pts',(-114.703776304969,-191.749999999519,-52.8816002536736));
#3604=CARTESIAN_POINT('Ctrl Pts',(-114.714267660488,-191.749999999599,-52.8737266674286));
#3605=CARTESIAN_POINT('Ctrl Pts',(-114.724815484516,-191.749999999672,-52.8659612246134));
#3606=CARTESIAN_POINT('Ctrl Pts',(-114.750696448599,-191.749999999853,-52.8469073281826));
#3607=CARTESIAN_POINT('Ctrl Pts',(-114.776929298835,-191.749999999999,-52.8284961111523));
#3608=CARTESIAN_POINT('Ctrl Pts',(-114.803452665506,-191.749999999999,-52.8107441903121));
#3609=CARTESIAN_POINT('Ctrl Pts',(-114.861702812239,-191.749999999999,-52.7717577371007));
#3610=CARTESIAN_POINT('Ctrl Pts',(-114.921719300963,-191.749999999946,-52.7357095586525));
#3611=CARTESIAN_POINT('Ctrl Pts',(-114.983035933039,-191.749999999918,-52.7027496341128));
#3612=CARTESIAN_POINT('Ctrl Pts',(-115.043618905793,-191.74999999989,-52.6701840781982));
#3613=CARTESIAN_POINT('Ctrl Pts',(-115.105470321065,-191.749999999882,-52.6406334879837));
#3614=CARTESIAN_POINT('Ctrl Pts',(-115.168134472168,-191.749999999893,-52.6141926867798));
#3615=CARTESIAN_POINT('Ctrl Pts',(-115.229325503234,-191.749999999904,-52.5883734606447));
#3616=CARTESIAN_POINT('Ctrl Pts',(-115.291290869735,-191.74999999993,-52.5655195356142));
#3617=CARTESIAN_POINT('Ctrl Pts',(-115.353610792496,-191.749999999951,-52.5456702696693));
#3618=CARTESIAN_POINT('Ctrl Pts',(-115.399269306195,-191.749999999966,-52.5311277615768));
#3619=CARTESIAN_POINT('Ctrl Pts',(-115.445118199096,-191.749999999978,-52.5181970700713));
#3620=CARTESIAN_POINT('Ctrl Pts',(-115.49099682035,-191.749999999985,-52.5068763858317));
#3621=CARTESIAN_POINT('Ctrl Pts',(-115.517957809061,-191.74999999999,-52.5002236828593));
#3622=CARTESIAN_POINT('Ctrl Pts',(-115.544939783405,-191.749999999999,-52.4941240429225));
#3623=CARTESIAN_POINT('Ctrl Pts',(-115.571908768785,-191.749999999999,-52.4885667239313));
#3624=CARTESIAN_POINT('Ctrl Pts',(-115.643126456166,-191.749999999999,-52.4738913699642));
#3625=CARTESIAN_POINT('Ctrl Pts',(-115.714614482595,-191.750000000217,-52.4629256759122));
#3626=CARTESIAN_POINT('Ctrl Pts',(-115.785861140242,-191.750000000405,-52.4555350598406));
#3627=CARTESIAN_POINT('Ctrl Pts',(-115.855830427612,-191.75000000059,-52.4482769489784));
#3628=CARTESIAN_POINT('Ctrl Pts',(-115.925566432708,-191.750000000742,-52.4444666726156));
#3629=CARTESIAN_POINT('Ctrl Pts',(-115.994616810293,-191.75000000076,-52.4439394657522));
#3630=CARTESIAN_POINT('Ctrl Pts',(-116.062035493344,-191.750000000778,-52.4434247170475));
#3631=CARTESIAN_POINT('Ctrl Pts',(-116.128800254588,-191.750000000665,-52.4460394822968));
#3632=CARTESIAN_POINT('Ctrl Pts',(-116.194526963801,-191.750000000485,-52.4515976993002));
#3633=CARTESIAN_POINT('Ctrl Pts',(-116.242369494346,-191.750000000355,-52.4556435304387));
#3634=CARTESIAN_POINT('Ctrl Pts',(-116.289662769443,-191.750000000193,-52.4612482399951));
#3635=CARTESIAN_POINT('Ctrl Pts',(-116.336272720025,-191.750000000085,-52.4683297685841));
#3636=CARTESIAN_POINT('Ctrl Pts',(-116.35904817698,-191.750000000033,-52.4717900822627));
#3637=CARTESIAN_POINT('Ctrl Pts',(-116.381668128303,-191.749999999999,-52.4756039959705));
#3638=CARTESIAN_POINT('Ctrl Pts',(-116.40411855501,-191.749999999999,-52.479756521407));
#3639=CARTESIAN_POINT('Ctrl Pts',(-116.471917237297,-191.749999999999,-52.492296851105));
#3640=CARTESIAN_POINT('Ctrl Pts',(-116.538206807144,-191.750000000346,-52.5079302539289));
#3641=CARTESIAN_POINT('Ctrl Pts',(-116.602754089307,-191.750000000642,-52.5262896047341));
#3642=CARTESIAN_POINT('Ctrl Pts',(-116.667938809326,-191.750000000941,-52.5448302636413));
#3643=CARTESIAN_POINT('Ctrl Pts',(-116.731346861993,-191.75000000119,-52.5661510469609));
#3644=CARTESIAN_POINT('Ctrl Pts',(-116.792785343648,-191.750000001238,-52.5899023185848));
#3645=CARTESIAN_POINT('Ctrl Pts',(-116.855875234334,-191.750000001288,-52.6142920022165));
#3646=CARTESIAN_POINT('Ctrl Pts',(-116.916888337774,-191.750000001126,-52.6412445838915));
#3647=CARTESIAN_POINT('Ctrl Pts',(-116.975663313299,-191.750000000853,-52.67041095593));
#3648=CARTESIAN_POINT('Ctrl Pts',(-117.029682222567,-191.750000000602,-52.6972171875064));
#3649=CARTESIAN_POINT('Ctrl Pts',(-117.081811262643,-191.750000000261,-52.725893824237));
#3650=CARTESIAN_POINT('Ctrl Pts',(-117.131957833426,-191.750000000086,-52.7561907309444));
#3651=CARTESIAN_POINT('Ctrl Pts',(-117.147284601777,-191.750000000033,-52.7654506596613));
#3652=CARTESIAN_POINT('Ctrl Pts',(-117.162430292182,-191.749999999999,-52.7748644314615));
#3653=CARTESIAN_POINT('Ctrl Pts',(-117.177393846653,-191.749999999999,-52.7844233010348));
#3654=CARTESIAN_POINT('Ctrl Pts',(-117.228951346005,-191.749999999999,-52.8173587518196));
#3655=CARTESIAN_POINT('Ctrl Pts',(-117.278243693981,-191.750000000204,-52.8519482313767));
#3656=CARTESIAN_POINT('Ctrl Pts',(-117.325285125819,-191.750000000397,-52.8878549853498));
#3657=CARTESIAN_POINT('Ctrl Pts',(-117.374400577505,-191.750000000598,-52.9253448399545));
#3658=CARTESIAN_POINT('Ctrl Pts',(-117.421062419856,-191.750000000787,-52.9642707149386));
#3659=CARTESIAN_POINT('Ctrl Pts',(-117.465308519363,-191.750000000863,-53.0043025130427));
#3660=CARTESIAN_POINT('Ctrl Pts',(-117.510716007548,-191.750000000942,-53.0453850812161));
#3661=CARTESIAN_POINT('Ctrl Pts',(-117.553579515022,-191.750000000903,-53.0876325936478));
#3662=CARTESIAN_POINT('Ctrl Pts',(-117.593959011611,-191.750000000772,-53.1307410686198));
#3663=CARTESIAN_POINT('Ctrl Pts',(-117.635981556078,-191.750000000636,-53.1756036340174));
#3664=CARTESIAN_POINT('Ctrl Pts',(-117.675314059932,-191.750000000401,-53.2213987583296));
#3665=CARTESIAN_POINT('Ctrl Pts',(-117.712040796548,-191.750000000217,-53.2678380356935));
#3666=CARTESIAN_POINT('Ctrl Pts',(-117.727455692926,-191.75000000014,-53.2873294665788));
#3667=CARTESIAN_POINT('Ctrl Pts',(-117.742411722946,-191.750000000073,-53.3069350016699));
#3668=CARTESIAN_POINT('Ctrl Pts',(-117.756915790367,-191.750000000032,-53.3266359192026));
#3669=CARTESIAN_POINT('Ctrl Pts',(-117.764233198938,-191.750000000012,-53.3365751768336));
#3670=CARTESIAN_POINT('Ctrl Pts',(-117.771436861944,-191.749999999999,-53.3465404770639));
#3671=CARTESIAN_POINT('Ctrl Pts',(-117.778528253906,-191.749999999999,-53.3565290825634));
#3672=CARTESIAN_POINT('Ctrl Pts',(-117.809306004464,-191.749999999999,-53.3998811931393));
#3673=CARTESIAN_POINT('Ctrl Pts',(-117.83777085988,-191.749999999901,-53.443387945815));
#3674=CARTESIAN_POINT('Ctrl Pts',(-117.864114800833,-191.749999999781,-53.486832482241));
#3675=CARTESIAN_POINT('Ctrl Pts',(-117.891358568557,-191.749999999658,-53.5317609483867));
#3676=CARTESIAN_POINT('Ctrl Pts',(-117.916334229467,-191.749999999512,-53.5766231811193));
#3677=CARTESIAN_POINT('Ctrl Pts',(-117.939242662146,-191.749999999406,-53.6212342999928));
#3678=CARTESIAN_POINT('Ctrl Pts',(-117.963369934591,-191.749999999294,-53.6682189468332));
#3679=CARTESIAN_POINT('Ctrl Pts',(-117.985204385984,-191.749999999228,-53.7149252382903));
#3680=CARTESIAN_POINT('Ctrl Pts',(-118.004964967435,-191.749999999236,-53.7611934441241));
#3681=CARTESIAN_POINT('Ctrl Pts',(-118.025337630786,-191.749999999244,-53.8088948026939));
#3682=CARTESIAN_POINT('Ctrl Pts',(-118.043506139649,-191.749999999333,-53.8561309338595));
#3683=CARTESIAN_POINT('Ctrl Pts',(-118.059690966087,-191.749999999467,-53.902779998828));
#3684=CARTESIAN_POINT('Ctrl Pts',(-118.076603861156,-191.749999999608,-53.9515275553064));
#3685=CARTESIAN_POINT('Ctrl Pts',(-118.091350828024,-191.7499999998,-53.9996343805034));
#3686=CARTESIAN_POINT('Ctrl Pts',(-118.104159152253,-191.749999999915,-54.0470128474688));
#3687=CARTESIAN_POINT('Ctrl Pts',(-118.108307776713,-191.749999999951,-54.0623587634082));
#3688=CARTESIAN_POINT('Ctrl Pts',(-118.112252816777,-191.749999999979,-54.0776286317119));
#3689=CARTESIAN_POINT('Ctrl Pts',(-118.1160014222,-191.749999999992,-54.092820467606));
#3690=CARTESIAN_POINT('Ctrl Pts',(-118.117508535184,-191.749999999996,-54.0989282891955));
#3691=CARTESIAN_POINT('Ctrl Pts',(-118.118984028089,-191.749999999999,-54.1050240486429));
#3692=CARTESIAN_POINT('Ctrl Pts',(-118.120428444189,-191.749999999999,-54.1111076035552));
#3693=CARTESIAN_POINT('Ctrl Pts',(-118.132654516685,-191.749999999999,-54.1626010640346));
#3694=CARTESIAN_POINT('Ctrl Pts',(-118.142691472806,-191.74999999965,-54.2133637895479));
#3695=CARTESIAN_POINT('Ctrl Pts',(-118.150799975658,-191.749999999245,-54.2632693144388));
#3696=CARTESIAN_POINT('Ctrl Pts',(-118.159185975758,-191.749999998825,-54.3148827558269));
#3697=CARTESIAN_POINT('Ctrl Pts',(-118.165509308178,-191.749999998344,-54.3655796700192));
#3698=CARTESIAN_POINT('Ctrl Pts',(-118.170026478977,-191.749999997991,-54.4152666382323));
#3699=CARTESIAN_POINT('Ctrl Pts',(-118.174788075041,-191.74999999762,-54.4676421809773));
#3700=CARTESIAN_POINT('Ctrl Pts',(-118.177542903781,-191.749999997391,-54.5188957851128));
#3701=CARTESIAN_POINT('Ctrl Pts',(-118.178554999192,-191.74999999737,-54.5689641782291));
#3702=CARTESIAN_POINT('Ctrl Pts',(-118.179598481251,-191.749999997349,-54.6205852697925));
#3703=CARTESIAN_POINT('Ctrl Pts',(-118.17878946987,-191.749999997548,-54.6709469590446));
#3704=CARTESIAN_POINT('Ctrl Pts',(-118.176378634541,-191.749999997867,-54.7200217682438));
#3705=CARTESIAN_POINT('Ctrl Pts',(-118.173855672744,-191.7499999982,-54.7713790166138));
#3706=CARTESIAN_POINT('Ctrl Pts',(-118.169578521577,-191.749999998665,-54.8213272998768));
#3707=CARTESIAN_POINT('Ctrl Pts',(-118.163791778276,-191.749999998948,-54.8698736324842));
#3708=CARTESIAN_POINT('Ctrl Pts',(-118.161074809342,-191.74999999908,-54.8926669154575));
#3709=CARTESIAN_POINT('Ctrl Pts',(-118.158024453508,-191.74999999917,-54.9151516422437));
#3710=CARTESIAN_POINT('Ctrl Pts',(-118.154662919371,-191.74999999917,-54.9373308864233));
#3711=CARTESIAN_POINT('Ctrl Pts',(-118.154624102596,-191.74999999917,-54.9375869976783));
#3712=CARTESIAN_POINT('Ctrl Pts',(-118.154585238353,-191.749999999999,-54.9378431019652));
#3713=CARTESIAN_POINT('Ctrl Pts',(-118.15454632828,-191.749999999999,-54.9380991995153));
#3714=CARTESIAN_POINT('Ctrl Pts',(-118.15454632828,-191.749999999999,-54.9380991995153));
#3715=CARTESIAN_POINT('Ctrl Pts',(-118.128690616227,-191.749999999999,-55.108275814107));
#3716=CARTESIAN_POINT('Ctrl Pts',(-118.082236963711,-191.749999999999,-55.2754228598821));
#3717=CARTESIAN_POINT('Ctrl Pts',(-118.017018111474,-191.749999999999,-55.4346996178357));
#3718=CARTESIAN_POINT('Ctrl Pts',(-117.999981692966,-191.749999999999,-55.4763057702603));
#3719=CARTESIAN_POINT('Ctrl Pts',(-117.982213536572,-191.749999999688,-55.5160446690279));
#3720=CARTESIAN_POINT('Ctrl Pts',(-117.963917944506,-191.749999999434,-55.5540537016035));
#3721=CARTESIAN_POINT('Ctrl Pts',(-117.94474495725,-191.749999999167,-55.593885519813));
#3722=CARTESIAN_POINT('Ctrl Pts',(-117.924992611776,-191.74999999896,-55.6318180110099));
#3723=CARTESIAN_POINT('Ctrl Pts',(-117.904838619339,-191.749999998942,-55.6680183952037));
#3724=CARTESIAN_POINT('Ctrl Pts',(-117.892266220557,-191.74999999893,-55.6906008025145));
#3725=CARTESIAN_POINT('Ctrl Pts',(-117.879536394834,-191.749999998985,-55.7125093125899));
#3726=CARTESIAN_POINT('Ctrl Pts',(-117.866682153879,-191.749999999086,-55.7337851060126));
#3727=CARTESIAN_POINT('Ctrl Pts',(-117.845615433937,-191.74999999925,-55.7686538456909));
#3728=CARTESIAN_POINT('Ctrl Pts',(-117.824205312666,-191.749999999546,-55.8018439245261));
#3729=CARTESIAN_POINT('Ctrl Pts',(-117.802578539937,-191.749999999772,-55.8335431460046));
#3730=CARTESIAN_POINT('Ctrl Pts',(-117.790464354262,-191.749999999899,-55.8512993900625));
#3731=CARTESIAN_POINT('Ctrl Pts',(-117.778281191264,-191.749999999999,-55.8685877276029));
#3732=CARTESIAN_POINT('Ctrl Pts',(-117.766044393218,-191.749999999999,-55.8854399645005));
#3733=CARTESIAN_POINT('Ctrl Pts',(-117.74419154497,-191.749999999999,-55.9155352046265));
#3734=CARTESIAN_POINT('Ctrl Pts',(-117.720396130776,-191.750000001051,-55.9466720837003));
#3735=CARTESIAN_POINT('Ctrl Pts',(-117.694640732494,-191.750000002305,-55.9783964006257));
#3736=CARTESIAN_POINT('Ctrl Pts',(-117.66889035683,-191.75000000356,-56.0101145309213));
#3737=CARTESIAN_POINT('Ctrl Pts',(-117.641180188854,-191.750000005014,-56.0424191688357));
#3738=CARTESIAN_POINT('Ctrl Pts',(-117.611548281487,-191.750000006107,-56.074857651088));
#3739=CARTESIAN_POINT('Ctrl Pts',(-117.583752468507,-191.750000007133,-56.1052861339686));
#3740=CARTESIAN_POINT('Ctrl Pts',(-117.554266015333,-191.750000007843,-56.1358318543846));
#3741=CARTESIAN_POINT('Ctrl Pts',(-117.523169686639,-191.750000008041,-56.1661310694275));
#3742=CARTESIAN_POINT('Ctrl Pts',(-117.492449652571,-191.750000008236,-56.1960636356636));
#3743=CARTESIAN_POINT('Ctrl Pts',(-117.46015856014,-191.75000000793,-56.2257550534028));
#3744=CARTESIAN_POINT('Ctrl Pts',(-117.426421560875,-191.750000007196,-56.2548727146078));
#3745=CARTESIAN_POINT('Ctrl Pts',(-117.393149345906,-191.750000006472,-56.283589230722));
#3746=CARTESIAN_POINT('Ctrl Pts',(-117.358471034647,-191.750000005331,-56.3117471558343));
#3747=CARTESIAN_POINT('Ctrl Pts',(-117.322550391097,-191.750000004093,-56.3390533252593));
#3748=CARTESIAN_POINT('Ctrl Pts',(-117.313850095497,-191.750000003794,-56.3456671195074));
#3749=CARTESIAN_POINT('Ctrl Pts',(-117.305077111573,-191.750000003489,-56.3522310868375));
#3750=CARTESIAN_POINT('Ctrl Pts',(-117.296234130512,-191.750000003187,-56.3587413485566));
#3751=CARTESIAN_POINT('Ctrl Pts',(-117.260628799938,-191.750000001969,-56.3849542307342));
#3752=CARTESIAN_POINT('Ctrl Pts',(-117.223863461462,-191.750000000756,-56.4103099507416));
#3753=CARTESIAN_POINT('Ctrl Pts',(-117.186155817023,-191.750000000244,-56.4346064304929));
#3754=CARTESIAN_POINT('Ctrl Pts',(-117.174701710591,-191.750000000088,-56.4419867500317));
#3755=CARTESIAN_POINT('Ctrl Pts',(-117.163160904805,-191.749999999999,-56.4492696003688));
#3756=CARTESIAN_POINT('Ctrl Pts',(-117.151540120839,-191.749999999999,-56.4564500389564));
#3757=CARTESIAN_POINT('Ctrl Pts',(-117.119651102977,-191.749999999999,-56.4761541428311));
#3758=CARTESIAN_POINT('Ctrl Pts',(-117.08561730381,-191.750000000866,-56.4960367600171));
#3759=CARTESIAN_POINT('Ctrl Pts',(-117.04959402873,-191.750000001875,-56.5156816338811));
#3760=CARTESIAN_POINT('Ctrl Pts',(-117.013149862479,-191.750000002896,-56.5355560358468));
#3761=CARTESIAN_POINT('Ctrl Pts',(-116.974669128435,-191.750000004059,-56.5551861972675));
#3762=CARTESIAN_POINT('Ctrl Pts',(-116.934364946536,-191.750000004901,-56.5741650594344));
#3763=CARTESIAN_POINT('Ctrl Pts',(-116.896838693767,-191.750000005684,-56.5918358207646));
#3764=CARTESIAN_POINT('Ctrl Pts',(-116.857732271921,-191.750000006191,-56.6089416541932));
#3765=CARTESIAN_POINT('Ctrl Pts',(-116.817259547332,-191.750000006286,-56.6251826922853));
#3766=CARTESIAN_POINT('Ctrl Pts',(-116.777244835754,-191.75000000638,-56.641239937296));
#3767=CARTESIAN_POINT('Ctrl Pts',(-116.735894883237,-191.750000006073,-56.6564513642204));
#3768=CARTESIAN_POINT('Ctrl Pts',(-116.693452846333,-191.750000005449,-56.6705623968155));
#3769=CARTESIAN_POINT('Ctrl Pts',(-116.651567910411,-191.750000004834,-56.6844882057335));
#3770=CARTESIAN_POINT('Ctrl Pts',(-116.608619809004,-191.750000003913,-56.6973419260203));
#3771=CARTESIAN_POINT('Ctrl Pts',(-116.564872354985,-191.750000002959,-56.7089198419467));
#3772=CARTESIAN_POINT('Ctrl Pts',(-116.553318394849,-191.750000002707,-56.7119776376988));
#3773=CARTESIAN_POINT('Ctrl Pts',(-116.541708822357,-191.750000002453,-56.7149466851052));
#3774=CARTESIAN_POINT('Ctrl Pts',(-116.53004879059,-191.750000002205,-56.7178237679233));
#3775=CARTESIAN_POINT('Ctrl Pts',(-116.486927407374,-191.750000001288,-56.7284638582097));
#3776=CARTESIAN_POINT('Ctrl Pts',(-116.443087248746,-191.750000000422,-56.7378490741163));
#3777=CARTESIAN_POINT('Ctrl Pts',(-116.398808327852,-191.750000000114,-56.7458811368993));
#3778=CARTESIAN_POINT('Ctrl Pts',(-116.388135575996,-191.75000000004,-56.7478171419158));
#3779=CARTESIAN_POINT('Ctrl Pts',(-116.377437412163,-191.749999999999,-56.749674756424));
#3780=CARTESIAN_POINT('Ctrl Pts',(-116.366717894193,-191.749999999999,-56.7514530349688));
#3781=CARTESIAN_POINT('Ctrl Pts',(-116.329314856638,-191.749999999999,-56.7576578866584));
#3782=CARTESIAN_POINT('Ctrl Pts',(-116.289939048698,-191.75000000055,-56.7631778458341));
#3783=CARTESIAN_POINT('Ctrl Pts',(-116.248886180921,-191.750000001162,-56.7676985215318));
#3784=CARTESIAN_POINT('Ctrl Pts',(-116.208994996239,-191.750000001757,-56.7720912745577));
#3785=CARTESIAN_POINT('Ctrl Pts',(-116.167520607681,-191.75000000241,-56.7755399637096));
#3786=CARTESIAN_POINT('Ctrl Pts',(-116.124767523369,-191.750000002868,-56.7777929544134));
#3787=CARTESIAN_POINT('Ctrl Pts',(-116.083060927612,-191.750000003316,-56.7799907975408));
#3788=CARTESIAN_POINT('Ctrl Pts',(-116.040137889502,-191.75000000358,-56.7810504086017));
#3789=CARTESIAN_POINT('Ctrl Pts',(-115.996307945601,-191.750000003596,-56.7807801285619));
#3790=CARTESIAN_POINT('Ctrl Pts',(-115.95293641961,-191.750000003612,-56.7805126753843));
#3791=CARTESIAN_POINT('Ctrl Pts',(-115.908677336968,-191.750000003387,-56.7789426863655));
#3792=CARTESIAN_POINT('Ctrl Pts',(-115.863850663751,-191.750000002997,-56.7759310945497));
#3793=CARTESIAN_POINT('Ctrl Pts',(-115.819582764311,-191.750000002612,-56.7729570428505));
#3794=CARTESIAN_POINT('Ctrl Pts',(-115.774761892306,-191.750000002068,-56.7685769161276));
#3795=CARTESIAN_POINT('Ctrl Pts',(-115.729708143955,-191.75000000154,-56.7627062039211));
#3796=CARTESIAN_POINT('Ctrl Pts',(-115.714751010666,-191.750000001364,-56.7607572201365));
#3797=CARTESIAN_POINT('Ctrl Pts',(-115.699768273007,-191.750000001191,-56.7586443730962));
#3798=CARTESIAN_POINT('Ctrl Pts',(-115.684771770437,-191.750000001028,-56.7563658427173));
#3799=CARTESIAN_POINT('Ctrl Pts',(-115.640582113942,-191.750000000549,-56.7496517789358));
#3800=CARTESIAN_POINT('Ctrl Pts',(-115.596245065762,-191.750000000139,-56.7414909627291));
#3801=CARTESIAN_POINT('Ctrl Pts',(-115.552056407101,-191.750000000028,-56.731906135822));
#3802=CARTESIAN_POINT('Ctrl Pts',(-115.544398742421,-191.750000000009,-56.7302451351786));
#3803=CARTESIAN_POINT('Ctrl Pts',(-115.536745525035,-191.749999999999,-56.7285414962206));
#3804=CARTESIAN_POINT('Ctrl Pts',(-115.529098278842,-191.749999999999,-56.7267954952509));
#3805=CARTESIAN_POINT('Ctrl Pts',(-115.4863662643,-191.749999999999,-56.7170390238429));
#3806=CARTESIAN_POINT('Ctrl Pts',(-115.442756980054,-191.75000000007,-56.705713254597));
#3807=CARTESIAN_POINT('Ctrl Pts',(-115.398608827102,-191.750000000106,-56.6927060869088));
#3808=CARTESIAN_POINT('Ctrl Pts',(-115.354844438167,-191.750000000142,-56.6798119858517));
#3809=CARTESIAN_POINT('Ctrl Pts',(-115.310551004515,-191.750000000146,-56.6652654499845));
#3810=CARTESIAN_POINT('Ctrl Pts',(-115.266069048406,-191.750000000108,-56.6490073216619));
#3811=CARTESIAN_POINT('Ctrl Pts',(-115.221745220973,-191.750000000069,-56.632806989275));
#3812=CARTESIAN_POINT('Ctrl Pts',(-115.177234773903,-191.749999999991,-56.6149071478083));
#3813=CARTESIAN_POINT('Ctrl Pts',(-115.13287752715,-191.749999999912,-56.5953007479929));
#3814=CARTESIAN_POINT('Ctrl Pts',(-115.088791839026,-191.749999999835,-56.5758143801324));
#3815=CARTESIAN_POINT('Ctrl Pts',(-115.044858087971,-191.749999999761,-56.5546423459172));
#3816=CARTESIAN_POINT('Ctrl Pts',(-115.001404011358,-191.749999999737,-56.531828639326));
#3817=CARTESIAN_POINT('Ctrl Pts',(-114.963531927992,-191.749999999716,-56.51194551983));
#3818=CARTESIAN_POINT('Ctrl Pts',(-114.926024370717,-191.749999999735,-56.4908162270527));
#3819=CARTESIAN_POINT('Ctrl Pts',(-114.889089076836,-191.749999999801,-56.4685008758941));
#3820=CARTESIAN_POINT('Ctrl Pts',(-114.846496713228,-191.749999999876,-56.4427676692314));
#3821=CARTESIAN_POINT('Ctrl Pts',(-114.804636196909,-191.749999999999,-56.4154380969595));
#3822=CARTESIAN_POINT('Ctrl Pts',(-114.763777478069,-191.749999999999,-56.3866923274761));
#3823=CARTESIAN_POINT('Ctrl Pts',(-114.725773390709,-191.749999999999,-56.359954907271));
#3824=CARTESIAN_POINT('Ctrl Pts',(-114.687809709365,-191.749999999754,-56.3314111429393));
#3825=CARTESIAN_POINT('Ctrl Pts',(-114.650224400699,-191.749999999443,-56.3011081478261));
#3826=CARTESIAN_POINT('Ctrl Pts',(-114.612684178916,-191.749999999132,-56.2708415038195));
#3827=CARTESIAN_POINT('Ctrl Pts',(-114.575521946961,-191.749999998759,-56.2388199587595));
#3828=CARTESIAN_POINT('Ctrl Pts',(-114.539062657166,-191.749999998475,-56.205141130588));
#3829=CARTESIAN_POINT('Ctrl Pts',(-114.502640926256,-191.749999998192,-56.1714969969822));
#3830=CARTESIAN_POINT('Ctrl Pts',(-114.466921243122,-191.749999998001,-56.1361992224187));
#3831=CARTESIAN_POINT('Ctrl Pts',(-114.432207682721,-191.749999997984,-56.0993931513373));
#3832=CARTESIAN_POINT('Ctrl Pts',(-114.39763924766,-191.749999997967,-56.0627409536558));
#3833=CARTESIAN_POINT('Ctrl Pts',(-114.364069078795,-191.749999998127,-56.024593390452));
#3834=CARTESIAN_POINT('Ctrl Pts',(-114.331769572952,-191.749999998429,-55.9851372795223));
#3835=CARTESIAN_POINT('Ctrl Pts',(-114.308538142179,-191.749999998646,-55.9567584580595));
#3836=CARTESIAN_POINT('Ctrl Pts',(-114.285963494295,-191.749999998935,-55.9277036224324));
#3837=CARTESIAN_POINT('Ctrl Pts',(-114.264135663076,-191.749999999234,-55.8980545667121));
#3838=CARTESIAN_POINT('Ctrl Pts',(-114.236429647742,-191.749999999613,-55.8604210893335));
#3839=CARTESIAN_POINT('Ctrl Pts',(-114.209909544877,-191.749999999999,-55.821804686603));
#3840=CARTESIAN_POINT('Ctrl Pts',(-114.184700713749,-191.749999999999,-55.7824172442409));
#3841=CARTESIAN_POINT('Ctrl Pts',(-114.157856282682,-191.749999999999,-55.7404742649718));
#3842=CARTESIAN_POINT('Ctrl Pts',(-114.132031999652,-191.749999999538,-55.6969267298585));
#3843=CARTESIAN_POINT('Ctrl Pts',(-114.107498458578,-191.749999999016,-55.6519700345222));
#3844=CARTESIAN_POINT('Ctrl Pts',(-114.082841893281,-191.749999998492,-55.606787902404));
#3845=CARTESIAN_POINT('Ctrl Pts',(-114.059489487869,-191.74999999791,-55.5601828165884));
#3846=CARTESIAN_POINT('Ctrl Pts',(-114.037682605442,-191.749999997532,-55.5123938859271));
#3847=CARTESIAN_POINT('Ctrl Pts',(-114.015859505019,-191.749999997153,-55.4645694141632));
#3848=CARTESIAN_POINT('Ctrl Pts',(-113.995584629548,-191.74999999698,-55.4155598416985));
#3849=CARTESIAN_POINT('Ctrl Pts',(-113.977060276889,-191.749999997091,-55.3656388435727));
#3850=CARTESIAN_POINT('Ctrl Pts',(-113.958601885752,-191.749999997202,-55.3158956041593));
#3851=CARTESIAN_POINT('Ctrl Pts',(-113.941881907269,-191.749999997598,-55.2652480071212));
#3852=CARTESIAN_POINT('Ctrl Pts',(-113.927055700409,-191.749999998139,-55.2139923380504));
#3853=CARTESIAN_POINT('Ctrl Pts',(-113.919182716995,-191.749999998427,-55.1867746527514));
#3854=CARTESIAN_POINT('Ctrl Pts',(-113.911842951577,-191.749999998752,-55.1593858816024));
#3855=CARTESIAN_POINT('Ctrl Pts',(-113.905054036626,-191.749999999065,-55.131872438147));
#3856=CARTESIAN_POINT('Ctrl Pts',(-113.894637997129,-191.749999999546,-55.0896593428609));
#3857=CARTESIAN_POINT('Ctrl Pts',(-113.885513318038,-191.749999999999,-55.047126554427));
#3858=CARTESIAN_POINT('Ctrl Pts',(-113.877693262393,-191.749999999999,-55.0044536760855));
#3859=CARTESIAN_POINT('Ctrl Pts',(-113.867876168711,-191.749999999999,-54.9508832587722));
#3860=CARTESIAN_POINT('Ctrl Pts',(-113.859983691503,-191.74999999964,-54.8963687769114));
#3861=CARTESIAN_POINT('Ctrl Pts',(-113.854155104214,-191.749999999322,-54.8412224494542));
#3862=CARTESIAN_POINT('Ctrl Pts',(-113.848271924695,-191.749999999002,-54.7855596055963));
#3863=CARTESIAN_POINT('Ctrl Pts',(-113.844491705592,-191.749999998726,-54.7292536354597));
#3864=CARTESIAN_POINT('Ctrl Pts',(-113.84290896988,-191.749999998666,-54.672646414317));
#3865=CARTESIAN_POINT('Ctrl Pts',(-113.841324435865,-191.749999998605,-54.6159748760643));
#3866=CARTESIAN_POINT('Ctrl Pts',(-113.84194249758,-191.749999998762,-54.5590021069252));
#3867=CARTESIAN_POINT('Ctrl Pts',(-113.844806923131,-191.749999999047,-54.5020819138956));
#3868=CARTESIAN_POINT('Ctrl Pts',(-113.84765689857,-191.74999999933,-54.4454488650663));
#3869=CARTESIAN_POINT('Ctrl Pts',(-113.852730642554,-191.749999999741,-54.3888685821691));
#3870=CARTESIAN_POINT('Ctrl Pts',(-113.860019855358,-191.74999999992,-54.3326895071434));
#3871=CARTESIAN_POINT('Ctrl Pts',(-113.862017506842,-191.749999999969,-54.3172933024166));
#3872=CARTESIAN_POINT('Ctrl Pts',(-113.864181255604,-191.749999999999,-54.3019271960766));
#3873=CARTESIAN_POINT('Ctrl Pts',(-113.866510252598,-191.749999999999,-54.2865982496921));
#3874=CARTESIAN_POINT('Origin',(-97.723004820144,-191.749999999999,-52.8385361637841));
#3875=CARTESIAN_POINT('',(-97.7622424425058,-194.749999999999,-53.4336963693892));
#3876=CARTESIAN_POINT('',(-97.7622424425058,-191.749999999999,-53.4336963693892));
#3877=CARTESIAN_POINT('',(-95.2404474512277,-194.749999999999,-15.1828561002554));
#3878=CARTESIAN_POINT('Origin',(9.7964034507858,-194.749999999999,-22.1077080156805));
#3879=CARTESIAN_POINT('',(-97.1806887288231,-194.749999999999,-52.5902449669227));
#3880=CARTESIAN_POINT('Origin',(-96.7644086231646,-194.749999999999,-53.4994813903204));
#3881=CARTESIAN_POINT('',(2.79598644274566,-194.749999999999,-6.81744063041973));
#3882=CARTESIAN_POINT('',(-92.4130868661658,-194.749999999999,-40.546170720183));
#3883=CARTESIAN_POINT('',(-74.3153143327232,-194.749999999999,-71.4171995637622));
#3884=CARTESIAN_POINT('',(-95.2227147131497,-194.749999999999,-35.142280295884));
#3885=CARTESIAN_POINT('Origin',(-40.6519127704665,-194.749999999999,-10.2017996402824));
#3886=CARTESIAN_POINT('',(-94.3706141192117,-194.749999999999,-37.0067115949092));
#3887=CARTESIAN_POINT('',(-82.0048126555625,-194.749999999999,-64.063596017214));
#3888=CARTESIAN_POINT('',(-94.8638472022186,-194.749999999999,-38.3316226148424));
#3889=CARTESIAN_POINT('Origin',(-95.280127484923,-194.749999999999,-37.4223862725026));
#3890=CARTESIAN_POINT('',(-102.164793409111,-194.749999999999,-41.6742518185921));
#3891=CARTESIAN_POINT('',(-2.19938975092544,-194.749999999999,4.09341557183915));
#3892=CARTESIAN_POINT('',(-103.183360693482,-194.749999999999,-41.5632951062213));
#3893=CARTESIAN_POINT('Origin',(-102.581073691815,-194.749999999999,-40.7650154762523));
#3894=CARTESIAN_POINT('',(-109.730018030084,-194.749999999999,-36.6239649890865));
#3895=CARTESIAN_POINT('',(-40.5410831969098,-194.749999999999,-88.8257180399603));
#3896=CARTESIAN_POINT('',(-109.841993632657,-194.749999999999,-36.5255631571544));
#3897=CARTESIAN_POINT('Origin',(-109.127731028417,-194.749999999999,-35.8256853591175));
#3898=CARTESIAN_POINT('',(-127.772293792939,-194.749999999998,-18.2267359573152));
#3899=CARTESIAN_POINT('',(-60.5467146154134,-194.749999999999,-86.8340233859754));
#3900=CARTESIAN_POINT('',(-131.408815856709,-194.749999999999,-55.0997492732019));
#3901=CARTESIAN_POINT('',(-126.826190972767,-194.749999999999,-8.63359688799556));
#3902=CARTESIAN_POINT('',(-132.772298274706,-194.749999999999,-58.065998498677));
#3903=CARTESIAN_POINT('Origin',(-136.384675642207,-194.749999999999,-54.6090157456441));
#3904=CARTESIAN_POINT('',(-132.659309587404,-194.749999999999,-57.9516679267701));
#3905=CARTESIAN_POINT('Origin',(-129.159920907205,-194.749999999999,-61.52298125171));
#3906=CARTESIAN_POINT('',(-120.782571914662,-194.749999999999,-46.3141224111041));
#3907=CARTESIAN_POINT('',(-42.0642425592749,-194.749999999999,30.8188551819723));
#3908=CARTESIAN_POINT('',(-116.832161498319,-194.749999999999,-46.0958462973405));
#3909=CARTESIAN_POINT('Origin',(-118.682938706542,-194.749999999999,-48.456910406068));
#3910=CARTESIAN_POINT('',(-110.090623868576,-194.749999999999,-51.380363624671));
#3911=CARTESIAN_POINT('',(-50.0451449956646,-194.749999999999,-98.4484645474903));
#3912=CARTESIAN_POINT('',(-109.709737933665,-194.749999999999,-52.2335051065139));
#3913=CARTESIAN_POINT('Origin',(-110.70754960465,-194.749999999999,-52.1673849942468));
#3914=CARTESIAN_POINT('',(-110.28201239421,-194.749999999999,-60.8696388963559));
#3915=CARTESIAN_POINT('',(-107.199710602337,-194.749999999999,-14.3549462261));
#3916=CARTESIAN_POINT('',(-110.579946241004,-194.749999999999,-61.5177813627015));
#3917=CARTESIAN_POINT('Origin',(-111.279824065195,-194.749999999999,-60.8035187840888));
#3918=CARTESIAN_POINT('',(-122.877831249658,-194.749999999999,-73.5679954712386));
#3919=CARTESIAN_POINT('',(-29.4664605013952,-194.749999999999,17.9621348638942));
#3920=CARTESIAN_POINT('Origin',(-119.378442128706,-194.749999999999,-77.1393083643024));
#3921=CARTESIAN_POINT('Origin',(-74.3153143327232,-194.749999999999,-71.4171995637622));
#3922=CARTESIAN_POINT('',(-92.4130868661658,-194.749999999999,-40.546170720183));
#3923=CARTESIAN_POINT('Origin',(-93.7503194387518,-216.703668279531,-41.1069733040532));
#3924=CARTESIAN_POINT('Origin',(-88.967123786564,-191.749999999999,-48.8297888369103));
#3925=CARTESIAN_POINT('',(-97.1806887288231,-191.749999999999,-52.5902449669227));
#3926=CARTESIAN_POINT('Origin',(-109.127731028417,-157.209715686616,-35.8256853591175));
#3927=CARTESIAN_POINT('',(-109.730018030084,-201.150050547042,-36.6239649890865));
#3928=CARTESIAN_POINT('',(-109.841993632657,-201.150050547042,-36.5255631571544));
#3929=CARTESIAN_POINT('Origin',(-109.127731028417,-201.150050547042,-35.8256853591175));
#3930=CARTESIAN_POINT('',(-109.841993632656,-157.209715686616,-36.5255631571544));
#3931=CARTESIAN_POINT('',(-109.730018030084,-157.209715686616,-36.6239649890865));
#3932=CARTESIAN_POINT('Origin',(-60.546714615413,-122.669431373234,-86.8340233859754));
#3933=CARTESIAN_POINT('',(-121.991220735573,-201.150050547042,-24.1266292084454));
#3934=CARTESIAN_POINT('',(-60.5467146154133,-201.150050547042,-86.8340233859754));
#3935=CARTESIAN_POINT('',(-127.772293792939,-197.84600373719,-18.2267359573152));
#3936=CARTESIAN_POINT('',(-112.402796743874,-206.630106133073,-33.9121270626058));
#3937=CARTESIAN_POINT('',(-127.772293792939,-158.709715686616,-18.2267359573152));
#3938=CARTESIAN_POINT('Origin',(-99.0970828995592,-201.150050547042,-28.4265568933677));
#3939=CARTESIAN_POINT('',(-103.183360693482,-201.150050547042,-41.5632951062213));
#3940=CARTESIAN_POINT('',(-102.707170995668,-201.150050547042,-41.9225712978637));
#3941=CARTESIAN_POINT('',(-102.164793409111,-201.150050547042,-41.6742518185921));
#3942=CARTESIAN_POINT('Origin',(-102.581073691815,-201.150050547042,-40.7650154762523));
#3943=CARTESIAN_POINT('',(-94.8638472022186,-201.150050547042,-38.3316226148424));
#3944=CARTESIAN_POINT('',(-93.9552161711912,-201.150050547042,-37.9156194648838));
#3945=CARTESIAN_POINT('',(-94.3706141192117,-201.150050547042,-37.0067115949092));
#3946=CARTESIAN_POINT('Origin',(-95.2801274849231,-201.150050547042,-37.4223862725026));
#3947=CARTESIAN_POINT('',(-98.0079387078696,-201.150050547042,-29.0480951404056));
#3948=CARTESIAN_POINT('',(-97.6962904725224,-201.150050547042,-29.729994353246));
#3949=CARTESIAN_POINT('',(-99.9604463225878,-201.150050547042,-26.2060639359706));
#3950=CARTESIAN_POINT('Origin',(-107.103072364983,-201.150050547042,-33.2048419163392));
#3951=CARTESIAN_POINT('',(-111.791257376068,-201.150050547042,-14.1320905408613));
#3952=CARTESIAN_POINT('',(-50.3467531310385,-201.150050547042,-76.8394828047207));
#3953=CARTESIAN_POINT('',(-112.460808644498,-201.150050547042,-14.7881572154559));
#3954=CARTESIAN_POINT('',(-99.3834833323467,-201.150050547042,-34.4750456995406));
#3955=CARTESIAN_POINT('',(-103.693984905501,-201.150050547042,-33.9945262241355));
#3956=CARTESIAN_POINT('Ctrl Pts',(-99.3834833323469,-201.150050547042,-34.4750456995406));
#3957=CARTESIAN_POINT('Ctrl Pts',(-99.3879134974134,-201.150050547042,-34.5147865101965));
#3958=CARTESIAN_POINT('Ctrl Pts',(-99.3934535454726,-201.150050547042,-34.5543331964695));
#3959=CARTESIAN_POINT('Ctrl Pts',(-99.400058684923,-201.150050547042,-34.5935737333876));
#3960=CARTESIAN_POINT('Ctrl Pts',(-99.4094691129384,-201.150050547042,-34.6494802363055));
#3961=CARTESIAN_POINT('Ctrl Pts',(-99.4211598803038,-201.150050546034,-34.7054549607723));
#3962=CARTESIAN_POINT('Ctrl Pts',(-99.435121832966,-201.150050545039,-34.7611473070521));
#3963=CARTESIAN_POINT('Ctrl Pts',(-99.4492106408096,-201.150050544035,-34.8173456615437));
#3964=CARTESIAN_POINT('Ctrl Pts',(-99.4656120347622,-201.150050543046,-34.8732557861005));
#3965=CARTESIAN_POINT('Ctrl Pts',(-99.4842638039428,-201.150050542579,-34.9285191539044));
#3966=CARTESIAN_POINT('Ctrl Pts',(-99.5029108932754,-201.150050542112,-34.9837686557767));
#3967=CARTESIAN_POINT('Ctrl Pts',(-99.5238070329289,-201.150050542167,-35.0383710084175));
#3968=CARTESIAN_POINT('Ctrl Pts',(-99.5468395555163,-201.150050542719,-35.0919803313354));
#3969=CARTESIAN_POINT('Ctrl Pts',(-99.5697008677201,-201.150050543268,-35.1451911537109));
#3970=CARTESIAN_POINT('Ctrl Pts',(-99.5946666284308,-201.150050544304,-35.1974229969541));
#3971=CARTESIAN_POINT('Ctrl Pts',(-99.6215806373364,-201.150050545309,-35.2483600800402));
#3972=CARTESIAN_POINT('Ctrl Pts',(-99.6274575415798,-201.150050545529,-35.2594826281816));
#3973=CARTESIAN_POINT('Ctrl Pts',(-99.6334271735208,-201.150050545745,-35.2705435482229));
#3974=CARTESIAN_POINT('Ctrl Pts',(-99.6394876338725,-201.150050545949,-35.2815397429954));
#3975=CARTESIAN_POINT('Ctrl Pts',(-99.6569618991832,-201.150050546538,-35.3132453253627));
#3976=CARTESIAN_POINT('Ctrl Pts',(-99.6752006742944,-201.150050547042,-35.3444287399784));
#3977=CARTESIAN_POINT('Ctrl Pts',(-99.6941377878476,-201.150050547042,-35.3750280753024));
#3978=CARTESIAN_POINT('Ctrl Pts',(-99.7246818220563,-201.150050547042,-35.4243823310222));
#3979=CARTESIAN_POINT('Ctrl Pts',(-99.7574031730944,-201.150050546234,-35.4727947012813));
#3980=CARTESIAN_POINT('Ctrl Pts',(-99.7921337509268,-201.150050545473,-35.5199487458635));
#3981=CARTESIAN_POINT('Ctrl Pts',(-99.8271302141212,-201.150050544707,-35.5674637855975));
#3982=CARTESIAN_POINT('Ctrl Pts',(-99.8641664084605,-201.150050543986,-35.6137005341698));
#3983=CARTESIAN_POINT('Ctrl Pts',(-99.9030240603314,-201.150050543688,-35.658360264227));
#3984=CARTESIAN_POINT('Ctrl Pts',(-99.9418123180778,-201.15005054339,-35.7029402384906));
#3985=CARTESIAN_POINT('Ctrl Pts',(-99.9824150383777,-201.150050543509,-35.7459482543309));
#3986=CARTESIAN_POINT('Ctrl Pts',(-100.024575844635,-201.150050543977,-35.7871209586734));
#3987=CARTESIAN_POINT('Ctrl Pts',(-100.066340141686,-201.150050544441,-35.8279064465985));
#3988=CARTESIAN_POINT('Ctrl Pts',(-100.109632814857,-201.150050545243,-35.8668905279466));
#3989=CARTESIAN_POINT('Ctrl Pts',(-100.154173884538,-201.150050545953,-35.9038579278946));
#3990=CARTESIAN_POINT('Ctrl Pts',(-100.164265585262,-201.150050546114,-35.9122336570694));
#3991=CARTESIAN_POINT('Ctrl Pts',(-100.174421264371,-201.150050546269,-35.9205060434032));
#3992=CARTESIAN_POINT('Ctrl Pts',(-100.18463748742,-201.150050546411,-35.928672912807));
#3993=CARTESIAN_POINT('Ctrl Pts',(-100.209737304941,-201.15005054676,-35.9487377577879));
#3994=CARTESIAN_POINT('Ctrl Pts',(-100.23521414441,-201.150050547042,-35.9681745528524));
#3995=CARTESIAN_POINT('Ctrl Pts',(-100.261007372574,-201.150050547042,-35.9869642712427));
#3996=CARTESIAN_POINT('Ctrl Pts',(-100.31766664943,-201.150050547042,-36.0282391302688));
#3997=CARTESIAN_POINT('Ctrl Pts',(-100.376207700413,-201.15005054694,-36.0666474807843));
#3998=CARTESIAN_POINT('Ctrl Pts',(-100.436170528676,-201.150050546885,-36.1020210142425));
#3999=CARTESIAN_POINT('Ctrl Pts',(-100.495414986821,-201.150050546831,-36.1369707636642));
#4000=CARTESIAN_POINT('Ctrl Pts',(-100.556046593112,-201.150050546816,-36.1689577737345));
#4001=CARTESIAN_POINT('Ctrl Pts',(-100.617613697504,-201.150050546837,-36.1978692724762));
#4002=CARTESIAN_POINT('Ctrl Pts',(-100.677732969078,-201.150050546859,-36.2261008786504));
#4003=CARTESIAN_POINT('Ctrl Pts',(-100.738743620431,-201.150050546909,-36.2513998926447));
#4004=CARTESIAN_POINT('Ctrl Pts',(-100.800227737344,-201.150050546949,-36.273710386631));
#4005=CARTESIAN_POINT('Ctrl Pts',(-100.845263567171,-201.150050546979,-36.2900523568983));
#4006=CARTESIAN_POINT('Ctrl Pts',(-100.890553447696,-201.150050547001,-36.3047919112638));
#4007=CARTESIAN_POINT('Ctrl Pts',(-100.935936888572,-201.150050547016,-36.3179245051359));
#4008=CARTESIAN_POINT('Ctrl Pts',(-100.962606841654,-201.150050547024,-36.3256419821639));
#4009=CARTESIAN_POINT('Ctrl Pts',(-100.989319694848,-201.150050547042,-36.3328078719892));
#4010=CARTESIAN_POINT('Ctrl Pts',(-101.016041096196,-201.150050547042,-36.3394315570493));
#4011=CARTESIAN_POINT('Ctrl Pts',(-101.086622179303,-201.150050547042,-36.3569271539167));
#4012=CARTESIAN_POINT('Ctrl Pts',(-101.157620370928,-201.150050547464,-36.3707262796263));
#4013=CARTESIAN_POINT('Ctrl Pts',(-101.22851901962,-201.150050547827,-36.3809432509441));
#4014=CARTESIAN_POINT('Ctrl Pts',(-101.298146773987,-201.150050548184,-36.3909770778564));
#4015=CARTESIAN_POINT('Ctrl Pts',(-101.367678024608,-201.150050548479,-36.3975562021656));
#4016=CARTESIAN_POINT('Ctrl Pts',(-101.436654271296,-201.150050548514,-36.4008274194956));
#4017=CARTESIAN_POINT('Ctrl Pts',(-101.504001735476,-201.150050548547,-36.4040213913705));
#4018=CARTESIAN_POINT('Ctrl Pts',(-101.570819774541,-201.150050548329,-36.4040620502827));
#4019=CARTESIAN_POINT('Ctrl Pts',(-101.636717208014,-201.150050547982,-36.4011201532909));
#4020=CARTESIAN_POINT('Ctrl Pts',(-101.684679351731,-201.15005054773,-36.3989789517465));
#4021=CARTESIAN_POINT('Ctrl Pts',(-101.732154535617,-201.150050547416,-36.3952584882492));
#4022=CARTESIAN_POINT('Ctrl Pts',(-101.779005597635,-201.150050547208,-36.39003543889));
#4023=CARTESIAN_POINT('Ctrl Pts',(-101.801894671898,-201.150050547107,-36.3874837194731));
#4024=CARTESIAN_POINT('Ctrl Pts',(-101.824642459968,-201.150050547042,-36.3845726842552));
#4025=CARTESIAN_POINT('Ctrl Pts',(-101.847234373066,-201.150050547042,-36.38131674381));
#4026=CARTESIAN_POINT('Ctrl Pts',(-101.915479897769,-201.150050547042,-36.3714812171273));
#4027=CARTESIAN_POINT('Ctrl Pts',(-101.982340048284,-201.150050547712,-36.3584949052972));
#4028=CARTESIAN_POINT('Ctrl Pts',(-102.047567275942,-201.150050548284,-36.3427154860992));
#4029=CARTESIAN_POINT('Ctrl Pts',(-102.113430894831,-201.150050548862,-36.3267821145662));
#4030=CARTESIAN_POINT('Ctrl Pts',(-102.177629778264,-201.150050549343,-36.3080008048839));
#4031=CARTESIAN_POINT('Ctrl Pts',(-102.23995740165,-201.150050549436,-36.2867132151413));
#4032=CARTESIAN_POINT('Ctrl Pts',(-102.30396204728,-201.150050549531,-36.2648528494832));
#4033=CARTESIAN_POINT('Ctrl Pts',(-102.365993466842,-201.150050549219,-36.2403495267947));
#4034=CARTESIAN_POINT('Ctrl Pts',(-102.425876681706,-201.150050548692,-36.2135456401008));
#4035=CARTESIAN_POINT('Ctrl Pts',(-102.480931488153,-201.150050548207,-36.1889029618927));
#4036=CARTESIAN_POINT('Ctrl Pts',(-102.53417125517,-201.150050547547,-36.162315384055));
#4037=CARTESIAN_POINT('Ctrl Pts',(-102.585493500758,-201.15005054721,-36.1340293608999));
#4038=CARTESIAN_POINT('Ctrl Pts',(-102.601171389545,-201.150050547107,-36.1253885635189));
#4039=CARTESIAN_POINT('Ctrl Pts',(-102.616674547996,-201.150050547042,-36.1165869530749));
#4040=CARTESIAN_POINT('Ctrl Pts',(-102.632001574209,-201.150050547042,-36.1076332187775));
#4041=CARTESIAN_POINT('Ctrl Pts',(-102.684824107876,-201.150050547042,-36.0767753782024));
#4042=CARTESIAN_POINT('Ctrl Pts',(-102.73544914641,-201.150050547438,-36.0441750685622));
#4043=CARTESIAN_POINT('Ctrl Pts',(-102.783877566614,-201.15005054781,-36.0101693103978));
#4044=CARTESIAN_POINT('Ctrl Pts',(-102.834441538078,-201.150050548199,-35.9746639980591));
#4045=CARTESIAN_POINT('Ctrl Pts',(-102.882611056561,-201.150050548564,-35.9376265283055));
#4046=CARTESIAN_POINT('Ctrl Pts',(-102.928410876717,-201.150050548712,-35.8993882094907));
#4047=CARTESIAN_POINT('Ctrl Pts',(-102.975413035646,-201.150050548863,-35.8601460567495));
#4048=CARTESIAN_POINT('Ctrl Pts',(-103.019919697388,-201.150050548789,-35.8196389859503));
#4049=CARTESIAN_POINT('Ctrl Pts',(-103.061978738494,-201.150050548536,-35.7781730867206));
#4050=CARTESIAN_POINT('Ctrl Pts',(-103.105749518112,-201.150050548273,-35.7350195889441));
#4051=CARTESIAN_POINT('Ctrl Pts',(-103.146869630774,-201.150050547819,-35.6908275326976));
#4052=CARTESIAN_POINT('Ctrl Pts',(-103.18541185611,-201.150050547463,-35.6458884096543));
#4053=CARTESIAN_POINT('Ctrl Pts',(-103.201600811972,-201.150050547314,-35.6270125540683));
#4054=CARTESIAN_POINT('Ctrl Pts',(-103.21733516024,-201.150050547184,-35.6080042748993));
#4055=CARTESIAN_POINT('Ctrl Pts',(-103.232621071329,-201.150050547106,-35.5888825926583));
#4056=CARTESIAN_POINT('Ctrl Pts',(-103.240325124491,-201.150050547067,-35.579245322384));
#4057=CARTESIAN_POINT('Ctrl Pts',(-103.247916628379,-201.150050547042,-35.5695775349969));
#4058=CARTESIAN_POINT('Ctrl Pts',(-103.255396946657,-201.150050547042,-35.5598820214981));
#4059=CARTESIAN_POINT('Ctrl Pts',(-103.287873525522,-201.150050547042,-35.5177879424623));
#4060=CARTESIAN_POINT('Ctrl Pts',(-103.318045198604,-201.150050546853,-35.4754473846543));
#4061=CARTESIAN_POINT('Ctrl Pts',(-103.346095171888,-201.150050546622,-35.4330846682313));
#4062=CARTESIAN_POINT('Ctrl Pts',(-103.375103266102,-201.150050546383,-35.3892749413292));
#4063=CARTESIAN_POINT('Ctrl Pts',(-103.401842422259,-201.150050546102,-35.3454412175203));
#4064=CARTESIAN_POINT('Ctrl Pts',(-103.426506008417,-201.150050545897,-35.301776218682));
#4065=CARTESIAN_POINT('Ctrl Pts',(-103.45248184825,-201.150050545681,-35.2557879747632));
#4066=CARTESIAN_POINT('Ctrl Pts',(-103.476155615841,-201.150050545553,-35.209986706966));
#4067=CARTESIAN_POINT('Ctrl Pts',(-103.497739737578,-201.150050545569,-35.1645407262943));
#4068=CARTESIAN_POINT('Ctrl Pts',(-103.519992441327,-201.150050545584,-35.1176870272288));
#4069=CARTESIAN_POINT('Ctrl Pts',(-103.540024235461,-201.150050545755,-35.0712105563476));
#4070=CARTESIAN_POINT('Ctrl Pts',(-103.558050572693,-201.150050546015,-35.0252418241946));
#4071=CARTESIAN_POINT('Ctrl Pts',(-103.576887840232,-201.150050546287,-34.9772051490313));
#4072=CARTESIAN_POINT('Ctrl Pts',(-103.59353541024,-201.150050546658,-34.9297225911746));
#4073=CARTESIAN_POINT('Ctrl Pts',(-103.608216904217,-201.150050546879,-34.8828907480849));
#4074=CARTESIAN_POINT('Ctrl Pts',(-103.61297233112,-201.15005054695,-34.8677216238217));
#4075=CARTESIAN_POINT('Ctrl Pts',(-103.617521303154,-201.150050547004,-34.8526203962295));
#4076=CARTESIAN_POINT('Ctrl Pts',(-103.621870885855,-201.150050547028,-34.837589333002));
#4077=CARTESIAN_POINT('Ctrl Pts',(-103.62361895444,-201.150050547037,-34.8315484478799));
#4078=CARTESIAN_POINT('Ctrl Pts',(-103.625334971538,-201.150050547042,-34.8255183505651));
#4079=CARTESIAN_POINT('Ctrl Pts',(-103.627019473753,-201.150050547042,-34.8194992047714));
#4080=CARTESIAN_POINT('Ctrl Pts',(-103.641282806722,-201.150050547042,-34.7685327650497));
#4081=CARTESIAN_POINT('Ctrl Pts',(-103.653329710943,-201.150050546437,-34.7182094371152));
#4082=CARTESIAN_POINT('Ctrl Pts',(-103.663415614401,-201.150050545766,-34.6686659512488));
#4083=CARTESIAN_POINT('Ctrl Pts',(-103.673846695434,-201.150050545072,-34.6174269008329));
#4084=CARTESIAN_POINT('Ctrl Pts',(-103.682180306149,-201.150050544309,-34.5670216366432));
#4085=CARTESIAN_POINT('Ctrl Pts',(-103.688669034517,-201.150050543817,-34.517553703754));
#4086=CARTESIAN_POINT('Ctrl Pts',(-103.695508876323,-201.150050543298,-34.4654089973817));
#4087=CARTESIAN_POINT('Ctrl Pts',(-103.700298932579,-201.150050543081,-34.4143055519942));
#4088=CARTESIAN_POINT('Ctrl Pts',(-103.703300511926,-201.150050543262,-34.3643170904361));
#4089=CARTESIAN_POINT('Ctrl Pts',(-103.706395177248,-201.150050543448,-34.3127783701285));
#4090=CARTESIAN_POINT('Ctrl Pts',(-103.707588739742,-201.150050544058,-34.2624244040802));
#4091=CARTESIAN_POINT('Ctrl Pts',(-103.707130577419,-201.150050544861,-34.2132926181844));
#4092=CARTESIAN_POINT('Ctrl Pts',(-103.70665110587,-201.150050545701,-34.1618757025769));
#4093=CARTESIAN_POINT('Ctrl Pts',(-103.704362807482,-201.150050546756,-34.111796900292));
#4094=CARTESIAN_POINT('Ctrl Pts',(-103.700510364487,-201.150050547382,-34.0630589318099));
#4095=CARTESIAN_POINT('Ctrl Pts',(-103.698701753951,-201.150050547676,-34.040177865585));
#4096=CARTESIAN_POINT('Ctrl Pts',(-103.69654781709,-201.150050547871,-34.0175918024221));
#4097=CARTESIAN_POINT('Ctrl Pts',(-103.694070860764,-201.150050547871,-33.9952985553443));
#4098=CARTESIAN_POINT('Ctrl Pts',(-103.694042256168,-201.150050547871,-33.9950411065878));
#4099=CARTESIAN_POINT('Ctrl Pts',(-103.694013603865,-201.150050547042,-33.9947836629069));
#4100=CARTESIAN_POINT('Ctrl Pts',(-103.693984905501,-201.150050547042,-33.9945262241354));
#4101=CARTESIAN_POINT('Ctrl Pts',(-103.693984905501,-201.150050547042,-33.9945262241354));
#4102=CARTESIAN_POINT('Ctrl Pts',(-103.674914802323,-201.150050547042,-33.8234577993245));
#4103=CARTESIAN_POINT('Ctrl Pts',(-103.63514274827,-201.150050547042,-33.6545976757711));
#4104=CARTESIAN_POINT('Ctrl Pts',(-103.576307619504,-201.150050547042,-33.4928556339499));
#4105=CARTESIAN_POINT('Ctrl Pts',(-103.560938751351,-201.150050547042,-33.4506054992484));
#4106=CARTESIAN_POINT('Ctrl Pts',(-103.544764494849,-201.150050546442,-33.4101920241757));
#4107=CARTESIAN_POINT('Ctrl Pts',(-103.527994448999,-201.15005054595,-33.3714860537624));
#4108=CARTESIAN_POINT('Ctrl Pts',(-103.510420172166,-201.150050545434,-33.3309238844509));
#4109=CARTESIAN_POINT('Ctrl Pts',(-103.492191487886,-201.150050545036,-33.2922364790569));
#4110=CARTESIAN_POINT('Ctrl Pts',(-103.473492610623,-201.150050545,-33.2552638176213));
#4111=CARTESIAN_POINT('Ctrl Pts',(-103.46182924632,-201.150050544977,-33.2322022394559));
#4112=CARTESIAN_POINT('Ctrl Pts',(-103.449981828524,-201.150050545084,-33.2098076073236));
#4113=CARTESIAN_POINT('Ctrl Pts',(-103.437984967771,-201.150050545278,-33.1880400998495));
#4114=CARTESIAN_POINT('Ctrl Pts',(-103.418321215774,-201.150050545596,-33.1523615271464));
#4115=CARTESIAN_POINT('Ctrl Pts',(-103.398247584569,-201.150050546167,-33.1183466203688));
#4116=CARTESIAN_POINT('Ctrl Pts',(-103.377898189809,-201.150050546605,-33.0858127667599));
#4117=CARTESIAN_POINT('Ctrl Pts',(-103.366498199123,-201.15005054685,-33.0675868867044));
#4118=CARTESIAN_POINT('Ctrl Pts',(-103.355010659254,-201.150050547042,-33.0498259051926));
#4119=CARTESIAN_POINT('Ctrl Pts',(-103.343452170259,-201.150050547042,-33.0324986412717));
#4120=CARTESIAN_POINT('Ctrl Pts',(-103.322813723364,-201.150050547042,-33.0015596650399));
#4121=CARTESIAN_POINT('Ctrl Pts',(-103.300275597358,-201.150050549074,-32.9695024484082));
#4122=CARTESIAN_POINT('Ctrl Pts',(-103.275802318069,-201.150050551499,-32.9367801688161));
#4123=CARTESIAN_POINT('Ctrl Pts',(-103.251334334668,-201.150050553923,-32.9040649701521));
#4124=CARTESIAN_POINT('Ctrl Pts',(-103.224931435448,-201.150050556732,-32.8706856741449));
#4125=CARTESIAN_POINT('Ctrl Pts',(-103.196613633554,-201.150050558845,-32.8370961008723));
#4126=CARTESIAN_POINT('Ctrl Pts',(-103.170050310784,-201.150050560827,-32.8055876285724));
#4127=CARTESIAN_POINT('Ctrl Pts',(-103.141802317945,-201.150050562199,-32.7738946742465));
#4128=CARTESIAN_POINT('Ctrl Pts',(-103.111935883543,-201.15005056258,-32.7423839160486));
#4129=CARTESIAN_POINT('Ctrl Pts',(-103.082430924167,-201.150050562957,-32.7112545342142));
#4130=CARTESIAN_POINT('Ctrl Pts',(-103.051346530324,-201.150050562367,-32.680303541028));
#4131=CARTESIAN_POINT('Ctrl Pts',(-103.018794520575,-201.150050560948,-32.6498682685379));
#4132=CARTESIAN_POINT('Ctrl Pts',(-102.986691025817,-201.150050559549,-32.6198523457611));
#4133=CARTESIAN_POINT('Ctrl Pts',(-102.953160303235,-201.150050557346,-32.5903385738161));
#4134=CARTESIAN_POINT('Ctrl Pts',(-102.918354322267,-201.150050554954,-32.561626407518));
#4135=CARTESIAN_POINT('Ctrl Pts',(-102.909924576044,-201.150050554375,-32.5546725372728));
#4136=CARTESIAN_POINT('Ctrl Pts',(-102.90142022542,-201.150050553787,-32.5477655533673));
#4137=CARTESIAN_POINT('Ctrl Pts',(-102.892843804606,-201.150050553202,-32.5409094377938));
#4138=CARTESIAN_POINT('Ctrl Pts',(-102.85830960155,-201.15005055085,-32.5133022934453));
#4139=CARTESIAN_POINT('Ctrl Pts',(-102.822582195679,-201.150050548506,-32.4865054250667));
#4140=CARTESIAN_POINT('Ctrl Pts',(-102.785871070724,-201.150050547516,-32.4607294140188));
#4141=CARTESIAN_POINT('Ctrl Pts',(-102.774715297882,-201.150050547215,-32.452896602456));
#4142=CARTESIAN_POINT('Ctrl Pts',(-102.763468943953,-201.150050547042,-32.4451578022126));
#4143=CARTESIAN_POINT('Ctrl Pts',(-102.752138535705,-201.150050547042,-32.437518225442));
#4144=CARTESIAN_POINT('Ctrl Pts',(-102.721059259539,-201.150050547042,-32.4165628890541));
#4145=CARTESIAN_POINT('Ctrl Pts',(-102.687843857188,-201.150050548718,-32.3953437415124));
#4146=CARTESIAN_POINT('Ctrl Pts',(-102.652630960639,-201.150050550667,-32.3742829167291));
#4147=CARTESIAN_POINT('Ctrl Pts',(-102.617007583659,-201.15005055264,-32.3529765837005));
#4148=CARTESIAN_POINT('Ctrl Pts',(-102.5793395045,-201.150050554887,-32.3318331814232));
#4149=CARTESIAN_POINT('Ctrl Pts',(-102.539823475532,-201.150050556512,-32.3112679230532));
#4150=CARTESIAN_POINT('Ctrl Pts',(-102.503030641877,-201.150050558026,-32.292119892493));
#4151=CARTESIAN_POINT('Ctrl Pts',(-102.46463634938,-201.150050559006,-32.2734734055104));
#4152=CARTESIAN_POINT('Ctrl Pts',(-102.424842366748,-201.150050559189,-32.2556366118666));
#4153=CARTESIAN_POINT('Ctrl Pts',(-102.385498808272,-201.150050559371,-32.2380017111266));
#4154=CARTESIAN_POINT('Ctrl Pts',(-102.344787359686,-201.150050558777,-32.2211587749339));
#4155=CARTESIAN_POINT('Ctrl Pts',(-102.302940857857,-201.150050557573,-32.2053718616863));
#4156=CARTESIAN_POINT('Ctrl Pts',(-102.261643715565,-201.150050556384,-32.1897921985302));
#4157=CARTESIAN_POINT('Ctrl Pts',(-102.219241547629,-201.150050554605,-32.175241423166));
#4158=CARTESIAN_POINT('Ctrl Pts',(-102.175989854027,-201.150050552761,-32.1619335946887));
#4159=CARTESIAN_POINT('Ctrl Pts',(-102.16456809207,-201.150050552274,-32.1584193080476));
#4160=CARTESIAN_POINT('Ctrl Pts',(-102.15308724068,-201.150050551784,-32.1549914646532));
#4161=CARTESIAN_POINT('Ctrl Pts',(-102.141552319252,-201.150050551305,-32.1516534822644));
#4162=CARTESIAN_POINT('Ctrl Pts',(-102.098889125473,-201.150050549534,-32.1393075820013));
#4163=CARTESIAN_POINT('Ctrl Pts',(-102.055457756603,-201.15005054786,-32.1281869079922));
#4164=CARTESIAN_POINT('Ctrl Pts',(-102.011534088173,-201.150050547265,-32.1184008091656));
#4165=CARTESIAN_POINT('Ctrl Pts',(-102.000940504859,-201.150050547122,-32.116040581595));
#4166=CARTESIAN_POINT('Ctrl Pts',(-101.990318373243,-201.150050547042,-32.1137577629143));
#4167=CARTESIAN_POINT('Ctrl Pts',(-101.979671717634,-201.150050547042,-32.111553461356));
#4168=CARTESIAN_POINT('Ctrl Pts',(-101.942546385951,-201.150050547042,-32.1038669699841));
#4169=CARTESIAN_POINT('Ctrl Pts',(-101.903422430374,-201.150050548107,-32.0967862950713));
#4170=CARTESIAN_POINT('Ctrl Pts',(-101.862582837729,-201.150050549289,-32.0906373644297));
#4171=CARTESIAN_POINT('Ctrl Pts',(-101.822904898064,-201.150050550437,-32.0846633357187));
#4172=CARTESIAN_POINT('Ctrl Pts',(-101.781607799075,-201.150050551699,-32.0795693436255));
#4173=CARTESIAN_POINT('Ctrl Pts',(-101.738985679131,-201.150050552585,-32.0756188415796));
#4174=CARTESIAN_POINT('Ctrl Pts',(-101.69740109531,-201.150050553449,-32.0717645052941));
#4175=CARTESIAN_POINT('Ctrl Pts',(-101.654555620274,-201.15005055396,-32.0689990355003));
#4176=CARTESIAN_POINT('Ctrl Pts',(-101.610750923976,-201.150050553991,-32.0675262706994));
#4177=CARTESIAN_POINT('Ctrl Pts',(-101.567404495815,-201.150050554022,-32.0660689134059));
#4178=CARTESIAN_POINT('Ctrl Pts',(-101.523119276028,-201.150050553587,-32.0658776917612));
#4179=CARTESIAN_POINT('Ctrl Pts',(-101.478209447926,-201.150050552834,-32.0671043081419));
#4180=CARTESIAN_POINT('Ctrl Pts',(-101.433859528306,-201.150050552089,-32.068315631814));
#4181=CARTESIAN_POINT('Ctrl Pts',(-101.388901025753,-201.150050551039,-32.0709098703938));
#4182=CARTESIAN_POINT('Ctrl Pts',(-101.343650424505,-201.150050550018,-32.0749842175591));
#4183=CARTESIAN_POINT('Ctrl Pts',(-101.328623866811,-201.150050549679,-32.0763372031783));
#4184=CARTESIAN_POINT('Ctrl Pts',(-101.313565176887,-201.150050549345,-32.0778529884094));
#4185=CARTESIAN_POINT('Ctrl Pts',(-101.298486122179,-201.15005054903,-32.0795338652658));
#4186=CARTESIAN_POINT('Ctrl Pts',(-101.254065516063,-201.150050548104,-32.0844854733213));
#4187=CARTESIAN_POINT('Ctrl Pts',(-101.209440009669,-201.150050547313,-32.0908767866803));
#4188=CARTESIAN_POINT('Ctrl Pts',(-101.164906052981,-201.150050547099,-32.0986968605105));
#4189=CARTESIAN_POINT('Ctrl Pts',(-101.157181711881,-201.150050547062,-32.1000532393771));
#4190=CARTESIAN_POINT('Ctrl Pts',(-101.149460121014,-201.150050547042,-32.1014524747923));
#4191=CARTESIAN_POINT('Ctrl Pts',(-101.141742818143,-201.150050547042,-32.1028943507645));
#4192=CARTESIAN_POINT('Ctrl Pts',(-101.098658146493,-201.150050547042,-32.1109441518233));
#4193=CARTESIAN_POINT('Ctrl Pts',(-101.054634389553,-201.150050547179,-32.1205270834954));
#4194=CARTESIAN_POINT('Ctrl Pts',(-101.010005227202,-201.150050547249,-32.1317686286471));
#4195=CARTESIAN_POINT('Ctrl Pts',(-100.965764218406,-201.150050547318,-32.1429124026224));
#4196=CARTESIAN_POINT('Ctrl Pts',(-100.920928779501,-201.150050547326,-32.1556862251544));
#4197=CARTESIAN_POINT('Ctrl Pts',(-100.875836812586,-201.150050547251,-32.1701627613142));
#4198=CARTESIAN_POINT('Ctrl Pts',(-100.830905207948,-201.150050547177,-32.1845878140178));
#4199=CARTESIAN_POINT('Ctrl Pts',(-100.785719458484,-201.150050547025,-32.200703577546));
#4200=CARTESIAN_POINT('Ctrl Pts',(-100.740618837615,-201.150050546874,-32.218530621895));
#4201=CARTESIAN_POINT('Ctrl Pts',(-100.695794360356,-201.150050546724,-32.2362485142129));
#4202=CARTESIAN_POINT('Ctrl Pts',(-100.651054581164,-201.150050546581,-32.2556567593676));
#4203=CARTESIAN_POINT('Ctrl Pts',(-100.606728732085,-201.150050546535,-32.276724443581));
#4204=CARTESIAN_POINT('Ctrl Pts',(-100.56809921477,-201.150050546495,-32.2950847116645));
#4205=CARTESIAN_POINT('Ctrl Pts',(-100.529784279079,-201.150050546532,-32.3147045021211));
#4206=CARTESIAN_POINT('Ctrl Pts',(-100.49199385514,-201.150050546659,-32.335532026704));
#4207=CARTESIAN_POINT('Ctrl Pts',(-100.448407464624,-201.150050546806,-32.3595538958793));
#4208=CARTESIAN_POINT('Ctrl Pts',(-100.405488930577,-201.150050547042,-32.3852003700759));
#4209=CARTESIAN_POINT('Ctrl Pts',(-100.363515262214,-201.150050547042,-32.4123021108054));
#4210=CARTESIAN_POINT('Ctrl Pts',(-100.324479217859,-201.150050547042,-32.4375070736897));
#4211=CARTESIAN_POINT('Ctrl Pts',(-100.285411650846,-201.150050546568,-32.4645185537262));
#4212=CARTESIAN_POINT('Ctrl Pts',(-100.246652138705,-201.150050545967,-32.4933029225996));
#4213=CARTESIAN_POINT('Ctrl Pts',(-100.207939227055,-201.150050545367,-32.5220526840787));
#4214=CARTESIAN_POINT('Ctrl Pts',(-100.16953415837,-201.150050544645,-32.5525709832903));
#4215=CARTESIAN_POINT('Ctrl Pts',(-100.131765513507,-201.150050544097,-32.5847732099314));
#4216=CARTESIAN_POINT('Ctrl Pts',(-100.094035802187,-201.150050543549,-32.6169422411323));
#4217=CARTESIAN_POINT('Ctrl Pts',(-100.056941765092,-201.15005054318,-32.6507915226587));
#4218=CARTESIAN_POINT('Ctrl Pts',(-100.020793021339,-201.150050543148,-32.6861879248043));
#4219=CARTESIAN_POINT('Ctrl Pts',(-99.9847954008517,-201.150050543116,-32.7214363489209));
#4220=CARTESIAN_POINT('Ctrl Pts',(-99.9497357381692,-201.150050543424,-32.7582186606126));
#4221=CARTESIAN_POINT('Ctrl Pts',(-99.915893650449,-201.150050544008,-32.7963590286301));
#4222=CARTESIAN_POINT('Ctrl Pts',(-99.8915546446558,-201.150050544428,-32.8237893292015));
#4223=CARTESIAN_POINT('Ctrl Pts',(-99.8678448956449,-201.150050544986,-32.8519211230578));
#4224=CARTESIAN_POINT('Ctrl Pts',(-99.8448575999541,-201.150050545563,-32.8806762820419));
#4225=CARTESIAN_POINT('Ctrl Pts',(-99.8156747995733,-201.150050546295,-32.9171814923911));
#4226=CARTESIAN_POINT('Ctrl Pts',(-99.787638058816,-201.150050547042,-32.9547162311169));
#4227=CARTESIAN_POINT('Ctrl Pts',(-99.7608811097026,-201.150050547042,-32.9930737125786));
#4228=CARTESIAN_POINT('Ctrl Pts',(-99.7323907387035,-201.150050547042,-33.0339161446811));
#4229=CARTESIAN_POINT('Ctrl Pts',(-99.7048559088398,-201.150050546151,-33.0764024316769));
#4230=CARTESIAN_POINT('Ctrl Pts',(-99.6785547711765,-201.150050545143,-33.1203480929807));
#4231=CARTESIAN_POINT('Ctrl Pts',(-99.6521217691654,-201.150050544131,-33.1645140818626));
#4232=CARTESIAN_POINT('Ctrl Pts',(-99.6269353160174,-201.150050543007,-33.2101537585931));
#4233=CARTESIAN_POINT('Ctrl Pts',(-99.6032460932468,-201.150050542275,-33.2570378017182));
#4234=CARTESIAN_POINT('Ctrl Pts',(-99.5795392542497,-201.150050541543,-33.3039567096397));
#4235=CARTESIAN_POINT('Ctrl Pts',(-99.5573322953197,-201.150050541209,-33.3521213461007));
#4236=CARTESIAN_POINT('Ctrl Pts',(-99.5368382386975,-201.150050541425,-33.4012662968076));
#4237=CARTESIAN_POINT('Ctrl Pts',(-99.5164171478306,-201.150050541639,-33.4502362749109));
#4238=CARTESIAN_POINT('Ctrl Pts',(-99.4976971412948,-201.150050542404,-33.5001790241695));
#4239=CARTESIAN_POINT('Ctrl Pts',(-99.4808452393901,-201.15005054345,-33.5508046698874));
#4240=CARTESIAN_POINT('Ctrl Pts',(-99.4718977745949,-201.150050544006,-33.5776841987));
#4241=CARTESIAN_POINT('Ctrl Pts',(-99.4634761648291,-201.150050544633,-33.6047558297874));
#4242=CARTESIAN_POINT('Ctrl Pts',(-99.455599867096,-201.150050545238,-33.6319739056163));
#4243=CARTESIAN_POINT('Ctrl Pts',(-99.44351328429,-201.150050546167,-33.67374143885));
#4244=CARTESIAN_POINT('Ctrl Pts',(-99.4327044538923,-201.150050547042,-33.7158798134447));
#4245=CARTESIAN_POINT('Ctrl Pts',(-99.4231937773562,-201.150050547042,-33.7582100700155));
#4246=CARTESIAN_POINT('Ctrl Pts',(-99.4112546876717,-201.150050547042,-33.811348742922));
#4247=CARTESIAN_POINT('Ctrl Pts',(-99.4012012586294,-201.150050546348,-33.8655072197884));
#4248=CARTESIAN_POINT('Ctrl Pts',(-99.3931850586669,-201.150050545735,-33.9203790564728));
#4249=CARTESIAN_POINT('Ctrl Pts',(-99.3850937783861,-201.150050545116,-33.9757648268149));
#4250=CARTESIAN_POINT('Ctrl Pts',(-99.3790783191328,-201.150050544583,-34.0318767809807));
#4251=CARTESIAN_POINT('Ctrl Pts',(-99.3752467126183,-201.150050544466,-34.0883770636765));
#4252=CARTESIAN_POINT('Ctrl Pts',(-99.3714107536428,-201.150050544349,-34.1449415270951));
#4253=CARTESIAN_POINT('Ctrl Pts',(-99.3697637555326,-201.150050544652,-34.2018945018637));
#4254=CARTESIAN_POINT('Ctrl Pts',(-99.3703635092847,-201.150050545203,-34.2588841938975));
#4255=CARTESIAN_POINT('Ctrl Pts',(-99.3709602373282,-201.15005054575,-34.3155863775928));
#4256=CARTESIAN_POINT('Ctrl Pts',(-99.3737811455393,-201.150050546544,-34.3723241911116));
#4257=CARTESIAN_POINT('Ctrl Pts',(-99.3788317849843,-201.150050546889,-34.428749132679));
#4258=CARTESIAN_POINT('Ctrl Pts',(-99.3802154430786,-201.150050546984,-34.4442071411096));
#4259=CARTESIAN_POINT('Ctrl Pts',(-99.3817661479129,-201.150050547042,-34.4596416907891));
#4260=CARTESIAN_POINT('Ctrl Pts',(-99.3834833323469,-201.150050547042,-34.4750456995406));
#4261=CARTESIAN_POINT('Origin',(-107.103072364983,-157.209715686616,-33.2048419163392));
#4262=CARTESIAN_POINT('',(-99.9604463225877,-157.209715686616,-26.2060639359707));
#4263=CARTESIAN_POINT('',(-98.0079387078694,-157.209715686616,-29.0480951404056));
#4264=CARTESIAN_POINT('Origin',(-50.3467531310382,-122.669431373234,-76.8394828047207));
#4265=CARTESIAN_POINT('',(-118.656034816951,-178.749999999999,-7.1262191927436));
#4266=CARTESIAN_POINT('',(-118.656034816951,-307.715512114593,-7.12621919274359));
#4267=CARTESIAN_POINT('',(-125.513330174903,-178.749999999999,-0.127983709135848));
#4268=CARTESIAN_POINT('',(-50.3467531310385,-178.749999999999,-76.8394828047207));
#4269=CARTESIAN_POINT('',(-125.513330174903,-193.307497718935,-0.127983709135868));
#4270=CARTESIAN_POINT('',(-125.513330174903,-122.669431373233,-0.127983709135868));
#4271=CARTESIAN_POINT('',(-102.20283500086,-206.630105209203,-23.9175867453056));
#4272=CARTESIAN_POINT('Origin',(-119.370297421191,-307.715512114593,-7.82609699078043));
#4273=CARTESIAN_POINT('',(-118.760297945418,-178.749999999999,-8.61849880776314));
#4274=CARTESIAN_POINT('Origin',(-119.37029742119,-178.749999999998,-7.82609699078043));
#4275=CARTESIAN_POINT('',(-118.760297945418,-307.715512114593,-8.6184988077631));
#4276=CARTESIAN_POINT('Origin',(9.79640345078587,-178.749999999999,-22.1077080156805));
#4277=CARTESIAN_POINT('',(-127.091170683052,-178.749999999999,-17.2451284821326));
#4278=CARTESIAN_POINT('Origin',(-93.7503194387516,-178.749999999999,-41.1069733040532));
#4279=CARTESIAN_POINT('',(-128.618624781055,-178.749999999999,-17.3630100650007));
#4280=CARTESIAN_POINT('Origin',(-127.904362176816,-178.749999999998,-16.6631322669638));
#4281=CARTESIAN_POINT('',(-135.713291659278,-178.749999999999,-10.1225242903905));
#4282=CARTESIAN_POINT('',(-60.5467146154133,-178.749999999999,-86.8340233859754));
#4283=CARTESIAN_POINT('',(-135.641367628265,-178.749999999999,-3.05182227900845));
#4284=CARTESIAN_POINT('Origin',(-132.14197863808,-178.749999999999,-6.62313530020626));
#4285=CARTESIAN_POINT('',(-132.584032186285,-178.749999999999,-0.0560596781223088));
#4286=CARTESIAN_POINT('',(-70.9691959773735,-178.749999999999,60.3178919138209));
#4287=CARTESIAN_POINT('Origin',(-129.084643196101,-178.749999999999,-3.62737269932014));
#4288=CARTESIAN_POINT('',(-129.113412808507,-178.749999999999,-4.25565350387295));
#4289=CARTESIAN_POINT('Origin',(-129.113412808507,-178.749999999999,-6.45565350387295));
#4290=CARTESIAN_POINT('Origin',(-93.7503194387522,-307.715512114593,-41.1069733040532));
#4291=CARTESIAN_POINT('',(-127.091170683053,-307.715512114593,-17.2451284821326));
#4292=CARTESIAN_POINT('Origin',(-127.904362176816,-307.715512114593,-16.6631322669638));
#4293=CARTESIAN_POINT('',(-127.714923781815,-197.695866727564,-17.6450248753989));
#4294=CARTESIAN_POINT('',(-127.714923781815,-307.715512114593,-17.6450248753989));
#4295=CARTESIAN_POINT('',(-128.618624781055,-197.362301633167,-17.3630100650007));
#4296=CARTESIAN_POINT('Origin',(-127.904362176816,-197.36230155812,-16.6631322669638));
#4297=CARTESIAN_POINT('',(-128.618624781056,-307.715512114593,-17.3630100650007));
#4298=CARTESIAN_POINT('Origin',(-60.546714615413,-122.669431373234,-86.8340233859754));
#4299=CARTESIAN_POINT('',(-135.713291659278,-193.307498790625,-10.1225242903905));
#4300=CARTESIAN_POINT('',(-112.402796743874,-206.630106133073,-33.9121270626058));
#4301=CARTESIAN_POINT('',(-135.713291659278,-183.749999999999,-10.1225242903905));
#4302=CARTESIAN_POINT('Origin',(-126.826190972767,-194.749999999999,-8.63359688799556));
#4303=CARTESIAN_POINT('',(-125.626336195577,-192.23004428143,3.53249488887715));
#4304=CARTESIAN_POINT('',(-131.408815856709,-194.749999999999,-55.0997492732019));
#4305=CARTESIAN_POINT('Origin',(-102.707170995668,-191.749999999999,-41.9225712978637));
#4306=CARTESIAN_POINT('',(-103.183360693482,-191.749999999999,-41.5632951062213));
#4307=CARTESIAN_POINT('Origin',(-97.6962904725224,-191.749999999999,-29.729994353246));
#4308=CARTESIAN_POINT('',(-94.3706141192116,-191.749999999999,-37.0067115949092));
#4309=CARTESIAN_POINT('',(-95.2227147131497,-191.749999999999,-35.142280295884));
#4310=CARTESIAN_POINT('Origin',(9.79640345078587,-178.749999999999,-22.1077080156805));
#4311=CARTESIAN_POINT('',(-132.659309587404,-178.749999999999,-57.9516679267701));
#4312=CARTESIAN_POINT('',(-132.62090675299,-178.749999999999,-57.914038508175));
#4313=CARTESIAN_POINT('',(-42.0642425592748,-178.749999999999,30.8188551819723));
#4314=CARTESIAN_POINT('',(-131.012202598421,-178.749999999999,-58.211126700089));
#4315=CARTESIAN_POINT('Origin',(-131.92102901695,-178.749999999999,-58.628301173163));
#4316=CARTESIAN_POINT('',(-121.778397725107,-178.749999999999,-71.030656693201));
#4317=CARTESIAN_POINT('Origin',(-93.7503194387516,-178.749999999999,-41.1069733040532));
#4318=CARTESIAN_POINT('',(-121.762131566437,-178.749999999999,-72.4747652081345));
#4319=CARTESIAN_POINT('Origin',(-122.462009390627,-178.749999999999,-71.7605026295217));
#4320=CARTESIAN_POINT('',(-128.586468292118,-178.749999999999,-79.161664511173));
#4321=CARTESIAN_POINT('',(-29.4664605013951,-178.749999999999,17.9621348638942));
#4322=CARTESIAN_POINT('',(-132.828889759653,-178.749999999999,-79.1185099834543));
#4323=CARTESIAN_POINT('Origin',(-130.686101764689,-178.749999999999,-77.0188767753347));
#4324=CARTESIAN_POINT('',(-141.227422333006,-178.749999999999,-70.5473582680501));
#4325=CARTESIAN_POINT('',(-132.828889759653,-178.749999999999,-79.1185099834543));
#4326=CARTESIAN_POINT('',(-141.184267546162,-178.749999999999,-66.3049370649665));
#4327=CARTESIAN_POINT('Origin',(-139.084634338042,-178.749999999999,-68.4477250599305));
#4328=CARTESIAN_POINT('',(-141.056215133726,-178.749999999999,-66.1794635705469));
#4329=CARTESIAN_POINT('',(-42.0642425592748,-178.749999999999,30.8188551819723));
#4330=CARTESIAN_POINT('',(-138.288621492664,-178.749999999999,-64.8046191927144));
#4331=CARTESIAN_POINT('Origin',(-137.556826453527,-178.749999999999,-69.7507768954868));
#4332=CARTESIAN_POINT('',(-134.090168719503,-178.749999999999,-60.690721370826));
#4333=CARTESIAN_POINT('Origin',(-139.020416531802,-178.749999999999,-59.8584614899421));
#4334=CARTESIAN_POINT('Origin',(-129.159920907205,-178.749999999999,-61.52298125171));
#4335=CARTESIAN_POINT('',(-132.756965287663,-178.749999999999,-69.847807802014));
#4336=CARTESIAN_POINT('Origin',(-132.756965287663,-178.749999999999,-72.047807802014));
#4337=CARTESIAN_POINT('Ctrl Pts',(-103.525422615028,-200.980453059876,-34.013316952318));
#4338=CARTESIAN_POINT('Ctrl Pts',(-103.554386777143,-200.980453059876,-34.273140066168));
#4339=CARTESIAN_POINT('Ctrl Pts',(-103.531618111281,-200.980452361788,-34.5393145843247));
#4340=CARTESIAN_POINT('Ctrl Pts',(-103.458946975122,-200.980451019193,-34.7904436704964));
#4341=CARTESIAN_POINT('Ctrl Pts',(-103.386275838963,-200.980449676597,-35.041572756668));
#4342=CARTESIAN_POINT('Ctrl Pts',(-103.263379341304,-200.980447688609,-35.2787722639758));
#4343=CARTESIAN_POINT('Ctrl Pts',(-103.100136844625,-200.980445207815,-35.4829746754859));
#4344=CARTESIAN_POINT('Ctrl Pts',(-102.936894347945,-200.980442727021,-35.6871770869959));
#4345=CARTESIAN_POINT('Ctrl Pts',(-102.732580520598,-200.980439751784,-35.8592897638988));
#4346=CARTESIAN_POINT('Ctrl Pts',(-102.503619515904,-200.980436510467,-35.9854774611647));
#4347=CARTESIAN_POINT('Ctrl Pts',(-102.27465851121,-200.980433269151,-36.1116651584307));
#4348=CARTESIAN_POINT('Ctrl Pts',(-102.020032967161,-200.980429759614,-36.192488607657));
#4349=CARTESIAN_POINT('Ctrl Pts',(-101.760211212336,-200.980426251235,-36.2214510739716));
#4350=CARTESIAN_POINT('Ctrl Pts',(-101.500389457512,-200.980422742855,-36.2504135402862));
#4351=CARTESIAN_POINT('Ctrl Pts',(-101.234216971793,-200.980419233314,-36.2276437482304));
#4352=CARTESIAN_POINT('Ctrl Pts',(-100.983090047592,-200.98041599199,-36.1549723731071));
#4353=CARTESIAN_POINT('Ctrl Pts',(-100.73196312339,-200.980412750666,-36.0823009979839));
#4354=CARTESIAN_POINT('Ctrl Pts',(-100.494765845836,-200.980409775418,-35.9594051434429));
#4355=CARTESIAN_POINT('Ctrl Pts',(-100.290565134016,-200.980407294613,-35.7961640057161));
#4356=CARTESIAN_POINT('Ctrl Pts',(-100.086364422196,-200.980404813808,-35.6329228679894));
#4357=CARTESIAN_POINT('Ctrl Pts',(-99.9142528635542,-200.980402825809,-35.428611074369));
#4358=CARTESIAN_POINT('Ctrl Pts',(-99.7880654092589,-200.980401483207,-35.1996522316076));
#4359=CARTESIAN_POINT('Ctrl Pts',(-99.6618779549637,-200.980400140604,-34.9706933888463));
#4360=CARTESIAN_POINT('Ctrl Pts',(-99.5810538547937,-200.980399442511,-34.7160700758311));
#4361=CARTESIAN_POINT('Ctrl Pts',(-99.5520900336416,-200.980399442511,-34.4562500205966));
#4362=CARTESIAN_POINT('Ctrl Pts',(-99.5231262124895,-200.980399442511,-34.1964299653621));
#4363=CARTESIAN_POINT('Ctrl Pts',(-99.5458939631035,-200.980400140604,-33.9302585990743));
#4364=CARTESIAN_POINT('Ctrl Pts',(-99.6185631805227,-200.980401483207,-33.6791319176168));
#4365=CARTESIAN_POINT('Ctrl Pts',(-99.6912323979419,-200.980402825809,-33.4280052361593));
#4366=CARTESIAN_POINT('Ctrl Pts',(-99.8141260138532,-200.980404813809,-33.1908073086843));
#4367=CARTESIAN_POINT('Ctrl Pts',(-99.9773654563193,-200.980407294613,-32.9866052416584));
#4368=CARTESIAN_POINT('Ctrl Pts',(-100.140604898785,-200.980409775417,-32.7824031746325));
#4369=CARTESIAN_POINT('Ctrl Pts',(-100.344915565456,-200.980412750666,-32.6102895754412));
#4370=CARTESIAN_POINT('Ctrl Pts',(-100.57387416984,-200.98041599199,-32.4840999629548));
#4371=CARTESIAN_POINT('Ctrl Pts',(-100.802832774225,-200.980419233314,-32.3579103504684));
#4372=CARTESIAN_POINT('Ctrl Pts',(-101.057456729632,-200.980422742855,-32.2770840124547));
#4373=CARTESIAN_POINT('Ctrl Pts',(-101.317278144377,-200.980426251235,-32.2481184954474));
#4374=CARTESIAN_POINT('Ctrl Pts',(-101.577099559122,-200.980429759614,-32.2191529784401));
#4375=CARTESIAN_POINT('Ctrl Pts',(-101.843272958324,-200.980433269151,-32.2419196027802));
#4376=CARTESIAN_POINT('Ctrl Pts',(-102.094401802148,-200.980436510467,-32.314588581113));
#4377=CARTESIAN_POINT('Ctrl Pts',(-102.345530645971,-200.980439751783,-32.3872575594458));
#4378=CARTESIAN_POINT('Ctrl Pts',(-102.582730803506,-200.980442727022,-32.5101518183055));
#4379=CARTESIAN_POINT('Ctrl Pts',(-102.786934570423,-200.980445207815,-32.6733926194729));
#4380=CARTESIAN_POINT('Ctrl Pts',(-102.99113833734,-200.980447688609,-32.8366334206403));
#4381=CARTESIAN_POINT('Ctrl Pts',(-103.16325305489,-200.980449676598,-33.0409461207008));
#4382=CARTESIAN_POINT('Ctrl Pts',(-103.289442910379,-200.980451019193,-33.2699068866061));
#4383=CARTESIAN_POINT('Ctrl Pts',(-103.415632765869,-200.980452361788,-33.4988676525113));
#4384=CARTESIAN_POINT('Ctrl Pts',(-103.496458452912,-200.980453059876,-33.753493838468));
#4385=CARTESIAN_POINT('Ctrl Pts',(-103.525422615028,-200.980453059876,-34.013316952318));
#4386=CARTESIAN_POINT('Ctrl Pts',(-103.581960727509,-201.037338391578,-34.0070142834316));
#4387=CARTESIAN_POINT('Ctrl Pts',(-103.611749905482,-201.037338391578,-34.2742382048025));
#4388=CARTESIAN_POINT('Ctrl Pts',(-103.588334420246,-201.037337732508,-34.5479745357167));
#4389=CARTESIAN_POINT('Ctrl Pts',(-103.513593352235,-201.037336464913,-34.8062568063912));
#4390=CARTESIAN_POINT('Ctrl Pts',(-103.438852284224,-201.037335197317,-35.0645390770657));
#4391=CARTESIAN_POINT('Ctrl Pts',(-103.312464437945,-201.037333320445,-35.3084772791431));
#4392=CARTESIAN_POINT('Ctrl Pts',(-103.144572174965,-201.037330978232,-35.5184962635237));
#4393=CARTESIAN_POINT('Ctrl Pts',(-102.976679911985,-201.03732863602,-35.7285152479043));
#4394=CARTESIAN_POINT('Ctrl Pts',(-102.766561710317,-201.037325827079,-35.9055176088857));
#4395=CARTESIAN_POINT('Ctrl Pts',(-102.531078965607,-201.037322766828,-36.0352997495708));
#4396=CARTESIAN_POINT('Ctrl Pts',(-102.295596220898,-201.037319706576,-36.1650818902559));
#4397=CARTESIAN_POINT('Ctrl Pts',(-102.033736915373,-201.037316393201,-36.2482015956236));
#4398=CARTESIAN_POINT('Ctrl Pts',(-101.766514303726,-201.037313080803,-36.2779891393725));
#4399=CARTESIAN_POINT('Ctrl Pts',(-101.499291692079,-201.037309768406,-36.3077766831215));
#4400=CARTESIAN_POINT('Ctrl Pts',(-101.225557319865,-201.037306455026,-36.2843601124658));
#4401=CARTESIAN_POINT('Ctrl Pts',(-100.967277132715,-201.037303394767,-36.2096188141909));
#4402=CARTESIAN_POINT('Ctrl Pts',(-100.708996945565,-201.037300334508,-36.1348775159161));
#4403=CARTESIAN_POINT('Ctrl Pts',(-100.465060892353,-201.037297525556,-36.008490289398));
#4404=CARTESIAN_POINT('Ctrl Pts',(-100.255043545998,-201.037295183332,-35.8405993360726));
#4405=CARTESIAN_POINT('Ctrl Pts',(-100.045026199643,-201.037292841108,-35.6727083827472));
#4406=CARTESIAN_POINT('Ctrl Pts',(-99.868024916324,-201.037290964225,-35.4625921410436));
#4407=CARTESIAN_POINT('Ctrl Pts',(-99.7382430098205,-201.037289696622,-35.2271114798243));
#4408=CARTESIAN_POINT('Ctrl Pts',(-99.608461103317,-201.037288429018,-34.9916308186049));
#4409=CARTESIAN_POINT('Ctrl Pts',(-99.5253407705382,-201.037287769944,-34.729773663201));
#4410=CARTESIAN_POINT('Ctrl Pts',(-99.4955519211598,-201.037287769944,-34.462552689483));
#4411=CARTESIAN_POINT('Ctrl Pts',(-99.4657630717814,-201.037287769944,-34.1953317157651));
#4412=CARTESIAN_POINT('Ctrl Pts',(-99.4891776749311,-201.037288429018,-33.9215984223621));
#4413=CARTESIAN_POINT('Ctrl Pts',(-99.5639168938532,-201.037289696621,-33.6633184691738));
#4414=CARTESIAN_POINT('Ctrl Pts',(-99.6386561127753,-201.037290964225,-33.4050385159856));
#4415=CARTESIAN_POINT('Ctrl Pts',(-99.7650411817485,-201.037292841108,-33.161101836365));
#4416=CARTESIAN_POINT('Ctrl Pts',(-99.9329305013806,-201.037295183332,-32.9510831840208));
#4417=CARTESIAN_POINT('Ctrl Pts',(-100.100819821013,-201.037297525556,-32.7410645316766));
#4418=CARTESIAN_POINT('Ctrl Pts',(-100.310934976557,-201.037300334507,-32.5640612817255));
#4419=CARTESIAN_POINT('Ctrl Pts',(-100.546415408088,-201.037303394767,-32.4342772953927));
#4420=CARTESIAN_POINT('Ctrl Pts',(-100.781895839618,-201.037306455027,-32.3044933090598));
#4421=CARTESIAN_POINT('Ctrl Pts',(-101.043753614072,-201.037309768407,-32.2213708195035));
#4422=CARTESIAN_POINT('Ctrl Pts',(-101.310975897989,-201.037313080804,-32.1915803358487));
#4423=CARTESIAN_POINT('Ctrl Pts',(-101.578198181907,-201.037316393201,-32.1617898521939));
#4424=CARTESIAN_POINT('Ctrl Pts',(-101.85193343448,-201.037319706576,-32.185203369843));
#4425=CARTESIAN_POINT('Ctrl Pts',(-102.110215471582,-201.037322766828,-32.2599423583796));
#4426=CARTESIAN_POINT('Ctrl Pts',(-102.368497508684,-201.037325827079,-32.3346813469162));
#4427=CARTESIAN_POINT('Ctrl Pts',(-102.612436337473,-201.03732863602,-32.4610670354803));
#4428=CARTESIAN_POINT('Ctrl Pts',(-102.822456628041,-201.037330978232,-32.6289576645183));
#4429=CARTESIAN_POINT('Ctrl Pts',(-103.032476918609,-201.037333320445,-32.7968482935563));
#4430=CARTESIAN_POINT('Ctrl Pts',(-103.209481246321,-201.037335197317,-33.0069654087329));
#4431=CARTESIAN_POINT('Ctrl Pts',(-103.339265466869,-201.037336464913,-33.2424479233477));
#4432=CARTESIAN_POINT('Ctrl Pts',(-103.469049687417,-201.037337732508,-33.4779304379625));
#4433=CARTESIAN_POINT('Ctrl Pts',(-103.552171549537,-201.037338391578,-33.7397903620606));
#4434=CARTESIAN_POINT('Ctrl Pts',(-103.581960727509,-201.037338391578,-34.0070142834316));
#4435=CARTESIAN_POINT('Ctrl Pts',(-103.638498839991,-201.09422372328,-34.0007116145451));
#4436=CARTESIAN_POINT('Ctrl Pts',(-103.66911303423,-201.09422372328,-34.2753363471145));
#4437=CARTESIAN_POINT('Ctrl Pts',(-103.645050728522,-201.094223103227,-34.5566344945764));
#4438=CARTESIAN_POINT('Ctrl Pts',(-103.56823972635,-201.094221910633,-34.8220699526448));
#4439=CARTESIAN_POINT('Ctrl Pts',(-103.491428724179,-201.094220718039,-35.0875054107131));
#4440=CARTESIAN_POINT('Ctrl Pts',(-103.36154952582,-201.094218952277,-35.3381823094618));
#4441=CARTESIAN_POINT('Ctrl Pts',(-103.189007492864,-201.09421674865,-35.5540178671255));
#4442=CARTESIAN_POINT('Ctrl Pts',(-103.016465459909,-201.094214545022,-35.7698534247892));
#4443=CARTESIAN_POINT('Ctrl Pts',(-102.800542880123,-201.09421190237,-35.951745468745));
#4444=CARTESIAN_POINT('Ctrl Pts',(-102.55853839251,-201.094209023188,-36.0851220505434));
#4445=CARTESIAN_POINT('Ctrl Pts',(-102.316533904897,-201.094206144006,-36.2184986323418));
#4446=CARTESIAN_POINT('Ctrl Pts',(-102.047440835989,-201.09420302678,-36.3039145903843));
#4447=CARTESIAN_POINT('Ctrl Pts',(-101.772817367109,-201.094199910372,-36.3345272078958));
#4448=CARTESIAN_POINT('Ctrl Pts',(-101.49819389823,-201.094196793964,-36.3651398254073));
#4449=CARTESIAN_POINT('Ctrl Pts',(-101.21689764062,-201.094193676733,-36.3410764723498));
#4450=CARTESIAN_POINT('Ctrl Pts',(-100.95146419283,-201.094190797544,-36.2642652480381));
#4451=CARTESIAN_POINT('Ctrl Pts',(-100.686030745041,-201.094187918354,-36.1874540237265));
#4452=CARTESIAN_POINT('Ctrl Pts',(-100.435355919632,-201.09418527569,-36.0575754233182));
#4453=CARTESIAN_POINT('Ctrl Pts',(-100.219521942416,-201.094183072051,-35.8850346539872));
#4454=CARTESIAN_POINT('Ctrl Pts',(-100.0036879652,-201.094180868411,-35.7124938846563));
#4455=CARTESIAN_POINT('Ctrl Pts',(-99.821796961,-201.094179102638,-35.4965731959621));
#4456=CARTESIAN_POINT('Ctrl Pts',(-99.6884206051768,-201.094177910036,-35.2545707185965));
#4457=CARTESIAN_POINT('Ctrl Pts',(-99.5550442493534,-201.094176717434,-35.0125682412308));
#4458=CARTESIAN_POINT('Ctrl Pts',(-99.4696276858727,-201.094176097377,-34.7434772468931));
#4459=CARTESIAN_POINT('Ctrl Pts',(-99.439013808678,-201.094176097377,-34.4688553583694));
#4460=CARTESIAN_POINT('Ctrl Pts',(-99.4083999314833,-201.094176097377,-34.1942334698458));
#4461=CARTESIAN_POINT('Ctrl Pts',(-99.4324613860697,-201.094176717434,-33.9129382531176));
#4462=CARTESIAN_POINT('Ctrl Pts',(-99.5092706041861,-201.094177910036,-33.6475050310897));
#4463=CARTESIAN_POINT('Ctrl Pts',(-99.5860798223025,-201.094179102638,-33.3820718090618));
#4464=CARTESIAN_POINT('Ctrl Pts',(-99.715956340876,-201.094180868412,-33.1313963791971));
#4465=CARTESIAN_POINT('Ctrl Pts',(-99.8884955339996,-201.094183072051,-32.9155611419472));
#4466=CARTESIAN_POINT('Ctrl Pts',(-100.061034727123,-201.09418527569,-32.6997259046973));
#4467=CARTESIAN_POINT('Ctrl Pts',(-100.276954367745,-201.094187918354,-32.5178330028819));
#4468=CARTESIAN_POINT('Ctrl Pts',(-100.518956623534,-201.094190797544,-32.3844546403967));
#4469=CARTESIAN_POINT('Ctrl Pts',(-100.760958879322,-201.094193676734,-32.2510762779116));
#4470=CARTESIAN_POINT('Ctrl Pts',(-101.030050470914,-201.094196793964,-32.1656576333457));
#4471=CARTESIAN_POINT('Ctrl Pts',(-101.304673623596,-201.094199910372,-32.1350421793716));
#4472=CARTESIAN_POINT('Ctrl Pts',(-101.579296776278,-201.09420302678,-32.1044267253975));
#4473=CARTESIAN_POINT('Ctrl Pts',(-101.860593883319,-201.094206144006,-32.1284871325538));
#4474=CARTESIAN_POINT('Ctrl Pts',(-102.126029116008,-201.094209023188,-32.205296128409));
#4475=CARTESIAN_POINT('Ctrl Pts',(-102.391464348698,-201.094211902369,-32.2821051242643));
#4476=CARTESIAN_POINT('Ctrl Pts',(-102.642141852201,-201.094214545022,-32.4119822406198));
#4477=CARTESIAN_POINT('Ctrl Pts',(-102.857978670095,-201.09421674865,-32.5845226971217));
#4478=CARTESIAN_POINT('Ctrl Pts',(-103.073815487989,-201.094218952277,-32.7570631536237));
#4479=CARTESIAN_POINT('Ctrl Pts',(-103.255709429659,-201.094220718039,-32.972984685009));
#4480=CARTESIAN_POINT('Ctrl Pts',(-103.389088018154,-201.094221910633,-33.214988950645));
#4481=CARTESIAN_POINT('Ctrl Pts',(-103.522466606649,-201.094223103227,-33.4569932162811));
#4482=CARTESIAN_POINT('Ctrl Pts',(-103.607884645752,-201.09422372328,-33.7260868819758));
#4483=CARTESIAN_POINT('Ctrl Pts',(-103.638498839991,-201.09422372328,-34.0007116145451));
#4484=CARTESIAN_POINT('Ctrl Pts',(-103.695036952473,-201.151109054981,-33.9944089456587));
#4485=CARTESIAN_POINT('Ctrl Pts',(-103.726476163316,-201.151109054981,-34.2764344924561));
#4486=CARTESIAN_POINT('Ctrl Pts',(-103.701767036231,-201.151108473943,-34.5652944595881));
#4487=CARTESIAN_POINT('Ctrl Pts',(-103.622886097997,-201.151107356353,-34.8378831074319));
#4488=CARTESIAN_POINT('Ctrl Pts',(-103.544005159763,-201.151106238763,-35.1104717552757));
#4489=CARTESIAN_POINT('Ctrl Pts',(-103.410634606471,-201.151104584106,-35.3678873522623));
#4490=CARTESIAN_POINT('Ctrl Pts',(-103.233442800514,-201.151102519067,-35.589539483549));
#4491=CARTESIAN_POINT('Ctrl Pts',(-103.056250994556,-201.151100454027,-35.8111916148357));
#4492=CARTESIAN_POINT('Ctrl Pts',(-102.834524033525,-201.151097977655,-35.9979733408563));
#4493=CARTESIAN_POINT('Ctrl Pts',(-102.585997800629,-201.151095279547,-36.1349443618685));
#4494=CARTESIAN_POINT('Ctrl Pts',(-102.337471567734,-201.15109258144,-36.2719153828808));
#4495=CARTESIAN_POINT('Ctrl Pts',(-102.06114473387,-201.151089660355,-36.3596275907421));
#4496=CARTESIAN_POINT('Ctrl Pts',(-101.779120407421,-201.15108673994,-36.3910652789912));
#4497=CARTESIAN_POINT('Ctrl Pts',(-101.497096080972,-201.151083819526,-36.4225029672404));
#4498=CARTESIAN_POINT('Ctrl Pts',(-101.20823793887,-201.151080898435,-36.3977928286491));
#4499=CARTESIAN_POINT('Ctrl Pts',(-100.935651232343,-201.15107820032,-36.3189116759238));
#4500=CARTESIAN_POINT('Ctrl Pts',(-100.663064525816,-201.151075502205,-36.2400305231984));
#4501=CARTESIAN_POINT('Ctrl Pts',(-100.405650931061,-201.15107302582,-36.1066605473235));
#4502=CARTESIAN_POINT('Ctrl Pts',(-100.184000326011,-201.151070960769,-35.929469961652));
#4503=CARTESIAN_POINT('Ctrl Pts',(-99.9623497209621,-201.151068895718,-35.7522793759805));
#4504=CARTESIAN_POINT('Ctrl Pts',(-99.7755689990084,-201.15106724105,-35.5305542411957));
#4505=CARTESIAN_POINT('Ctrl Pts',(-99.6385981962449,-201.151066123451,-35.2820299495881));
#4506=CARTESIAN_POINT('Ctrl Pts',(-99.5016273934813,-201.151065005852,-35.0335056579805));
#4507=CARTESIAN_POINT('Ctrl Pts',(-99.4139146008694,-201.151064424809,-34.7571808275556));
#4508=CARTESIAN_POINT('Ctrl Pts',(-99.3824756961962,-201.15106442481,-34.4751580272559));
#4509=CARTESIAN_POINT('Ctrl Pts',(-99.3510367915229,-201.15106442481,-34.1931352269562));
#4510=CARTESIAN_POINT('Ctrl Pts',(-99.3757450966403,-201.151065005852,-33.9042780900254));
#4511=CARTESIAN_POINT('Ctrl Pts',(-99.4546243120494,-201.151066123451,-33.6316916015394));
#4512=CARTESIAN_POINT('Ctrl Pts',(-99.5335035274584,-201.151067241049,-33.3591051130535));
#4513=CARTESIAN_POINT('Ctrl Pts',(-99.6668714927806,-201.151068895718,-33.1016909345112));
#4514=CARTESIAN_POINT('Ctrl Pts',(-99.8440605563686,-201.151070960769,-32.8800391126954));
#4515=CARTESIAN_POINT('Ctrl Pts',(-100.021249619957,-201.15107302582,-32.6583872908796));
#4516=CARTESIAN_POINT('Ctrl Pts',(-100.242973742528,-201.151075502205,-32.4716047362902));
#4517=CARTESIAN_POINT('Ctrl Pts',(-100.491497820196,-201.15107820032,-32.334631995753));
#4518=CARTESIAN_POINT('Ctrl Pts',(-100.740021897863,-201.151080898436,-32.1976592552159));
#4519=CARTESIAN_POINT('Ctrl Pts',(-101.016347305022,-201.151083819526,-32.1099444527846));
#4520=CARTESIAN_POINT('Ctrl Pts',(-101.298371326131,-201.15108673994,-32.0785040254663));
#4521=CARTESIAN_POINT('Ctrl Pts',(-101.580395347239,-201.151089660355,-32.0470635981479));
#4522=CARTESIAN_POINT('Ctrl Pts',(-101.869254309653,-201.151092581441,-32.0717708916794));
#4523=CARTESIAN_POINT('Ctrl Pts',(-102.141842739832,-201.151095279547,-32.1506498924766));
#4524=CARTESIAN_POINT('Ctrl Pts',(-102.414431170012,-201.151097977654,-32.2295288932738));
#4525=CARTESIAN_POINT('Ctrl Pts',(-102.671847351079,-201.151100454027,-32.3628974358445));
#4526=CARTESIAN_POINT('Ctrl Pts',(-102.893500699327,-201.151102519067,-32.5400877194753));
#4527=CARTESIAN_POINT('Ctrl Pts',(-103.115154047575,-201.151104584106,-32.7172780031062));
#4528=CARTESIAN_POINT('Ctrl Pts',(-103.30193760633,-201.151106238763,-32.9390039516003));
#4529=CARTESIAN_POINT('Ctrl Pts',(-103.438910565151,-201.151107356353,-33.1875299701621));
#4530=CARTESIAN_POINT('Ctrl Pts',(-103.575883523972,-201.151108473943,-33.4360559887238));
#4531=CARTESIAN_POINT('Ctrl Pts',(-103.66359774163,-201.151109054982,-33.7123833988612));
#4532=CARTESIAN_POINT('Ctrl Pts',(-103.695036952473,-201.151109054981,-33.9944089456587));
#4533=CARTESIAN_POINT('',(-103.526445229832,-200.98148195494,-34.0132029544322));
#4534=CARTESIAN_POINT('',(-103.693984905501,-201.150050547042,-33.9945262241355));
#4535=CARTESIAN_POINT('',(-99.5510699582829,-200.981425836539,-34.456363734991));
#4536=CARTESIAN_POINT('',(-99.3834833323467,-201.150050547042,-34.4750456995406));
#4537=CARTESIAN_POINT('',(-103.538757598466,-200.981585395639,-34.2347833435783));
#4538=CARTESIAN_POINT('Ctrl Pts',(-99.5510699582827,-200.981425836539,-34.456363734991));
#4539=CARTESIAN_POINT('Ctrl Pts',(-99.5627890405551,-200.981425836539,-34.5614898020007));
#4540=CARTESIAN_POINT('Ctrl Pts',(-99.5828274343364,-200.981540586422,-34.6655118440006));
#4541=CARTESIAN_POINT('Ctrl Pts',(-99.6390761124148,-200.98160418678,-34.8690707978595));
#4542=CARTESIAN_POINT('Ctrl Pts',(-99.6751380115348,-200.981552939132,-34.9682899822083));
#4543=CARTESIAN_POINT('Ctrl Pts',(-99.8058770069919,-200.981360539837,-35.2551568934163));
#4544=CARTESIAN_POINT('Ctrl Pts',(-99.9224174385532,-200.981641959517,-35.4312291501802));
#4545=CARTESIAN_POINT('Ctrl Pts',(-100.151898536294,-200.981533627726,-35.6816685257201));
#4546=CARTESIAN_POINT('Ctrl Pts',(-100.248716060971,-200.981393992745,-35.7686181129567));
#4547=CARTESIAN_POINT('Ctrl Pts',(-100.457766486131,-200.981517548623,-35.922470613716));
#4548=CARTESIAN_POINT('Ctrl Pts',(-100.569485434453,-200.981622784296,-35.9890190904959));
#4549=CARTESIAN_POINT('Ctrl Pts',(-100.804222341906,-200.981547832069,-36.0995309209569));
#4550=CARTESIAN_POINT('Ctrl Pts',(-100.926674056783,-200.981403337533,-36.1432331631541));
#4551=CARTESIAN_POINT('Ctrl Pts',(-101.178276903834,-200.981519788638,-36.2062972932956));
#4552=CARTESIAN_POINT('Ctrl Pts',(-101.306821744746,-200.981631170647,-36.2255171065674));
#4553=CARTESIAN_POINT('Ctrl Pts',(-101.545020169026,-200.981569633792,-36.2377328038343));
#4554=CARTESIAN_POINT('Ctrl Pts',(-101.653985398764,-200.981450808249,-36.2344251358239));
#4555=CARTESIAN_POINT('Ctrl Pts',(-101.870233708471,-200.981457056513,-36.2101202445808));
#4556=CARTESIAN_POINT('Ctrl Pts',(-101.977159291273,-200.981578094512,-36.1891726052093));
#4557=CARTESIAN_POINT('Ctrl Pts',(-102.206626588867,-200.981643097718,-36.1244284808335));
#4558=CARTESIAN_POINT('Ctrl Pts',(-102.327675935027,-200.981532712826,-36.0771768896842));
#4559=CARTESIAN_POINT('Ctrl Pts',(-102.55893762189,-200.981426791135,-35.9599047758436));
#4560=CARTESIAN_POINT('Ctrl Pts',(-102.66859380888,-200.98157664328,-35.8901624627517));
#4561=CARTESIAN_POINT('Ctrl Pts',(-102.87291034879,-200.98165472228,-35.7303974680326));
#4562=CARTESIAN_POINT('Ctrl Pts',(-102.967072521972,-200.981549986746,-35.6407492482623));
#4563=CARTESIAN_POINT('Ctrl Pts',(-103.136760782221,-200.981434884568,-35.4444241948309));
#4564=CARTESIAN_POINT('Ctrl Pts',(-103.211867285329,-200.981579199448,-35.3382087897876));
#4565=CARTESIAN_POINT('Ctrl Pts',(-103.379839509703,-200.981689327209,-35.0436297354254));
#4566=CARTESIAN_POINT('Ctrl Pts',(-103.454337170716,-200.981413085267,-34.8466404396946));
#4567=CARTESIAN_POINT('Ctrl Pts',(-103.518323408644,-200.981607996786,-34.5387255672252));
#4568=CARTESIAN_POINT('Ctrl Pts',(-103.531566213855,-200.981659134111,-34.4342222222253));
#4569=CARTESIAN_POINT('Ctrl Pts',(-103.538015183906,-200.981618226015,-34.297714537362));
#4570=CARTESIAN_POINT('Ctrl Pts',(-103.538757598957,-200.98160320758,-34.2662458555066));
#4571=CARTESIAN_POINT('Ctrl Pts',(-103.538757598466,-200.981585395639,-34.2347833427825));
#4572=CARTESIAN_POINT('Ctrl Pts',(-103.538757598466,-200.981585395639,-34.2347833427825));
#4573=CARTESIAN_POINT('Ctrl Pts',(-103.53875759731,-200.981543495469,-34.1607720574946));
#4574=CARTESIAN_POINT('Ctrl Pts',(-103.534650113598,-200.98148195494,-34.0868048914989));
#4575=CARTESIAN_POINT('Ctrl Pts',(-103.526445229744,-200.98148195494,-34.0132029536358));
#4576=CARTESIAN_POINT('Ctrl Pts',(-113.990039013282,-201.151653919968,-55.4026396845179));
#4577=CARTESIAN_POINT('Ctrl Pts',(-114.093400887196,-201.15165198614,-55.6669191573691));
#4578=CARTESIAN_POINT('Ctrl Pts',(-114.249645492885,-201.151648309185,-55.9111296122579));
#4579=CARTESIAN_POINT('Ctrl Pts',(-114.446274947461,-201.151643182189,-56.1157369030076));
#4580=CARTESIAN_POINT('Ctrl Pts',(-114.642904402036,-201.151638055193,-56.3203441937573));
#4581=CARTESIAN_POINT('Ctrl Pts',(-114.880710954999,-201.151631459563,-56.4861727208873));
#4582=CARTESIAN_POINT('Ctrl Pts',(-115.140672654615,-201.151623919943,-56.5999581002616));
#4583=CARTESIAN_POINT('Ctrl Pts',(-115.400634354232,-201.151616380324,-56.713743479636));
#4584=CARTESIAN_POINT('Ctrl Pts',(-115.683798631011,-201.151607870151,-56.7759441821242));
#4585=CARTESIAN_POINT('Ctrl Pts',(-115.967515475135,-201.151599065754,-56.7815849705016));
#4586=CARTESIAN_POINT('Ctrl Pts',(-116.251232319258,-201.151590261357,-56.7872257588789));
#4587=CARTESIAN_POINT('Ctrl Pts',(-116.536644886512,-201.151581132245,-56.7363293730088));
#4588=CARTESIAN_POINT('Ctrl Pts',(-116.800923433409,-201.151572403464,-56.6329670952964));
#4589=CARTESIAN_POINT('Ctrl Pts',(-117.065201980307,-201.151563674683,-56.529604817584));
#4590=CARTESIAN_POINT('Ctrl Pts',(-117.30941135524,-201.151555316456,-56.3733601878383));
#4591=CARTESIAN_POINT('Ctrl Pts',(-117.514017704675,-201.151547992166,-56.1767311023588));
#4592=CARTESIAN_POINT('Ctrl Pts',(-117.71862405411,-201.151540667877,-55.9801020168793));
#4593=CARTESIAN_POINT('Ctrl Pts',(-117.884451802708,-201.151534352995,-55.7422962104924));
#4594=CARTESIAN_POINT('Ctrl Pts',(-117.998236776465,-201.151529548247,-55.4823354373683));
#4595=CARTESIAN_POINT('Ctrl Pts',(-118.112021750222,-201.151524743499,-55.2223746642443));
#4596=CARTESIAN_POINT('Ctrl Pts',(-118.174222432276,-201.151521433338,-54.9392114658451));
#4597=CARTESIAN_POINT('Ctrl Pts',(-118.179863588005,-201.151519879604,-54.6554955635848));
#4598=CARTESIAN_POINT('Ctrl Pts',(-118.185504743733,-201.151518325869,-54.3717796613244));
#4599=CARTESIAN_POINT('Ctrl Pts',(-118.134609108136,-201.151518524364,-54.0863678710456));
#4600=CARTESIAN_POINT('Ctrl Pts',(-118.031247755235,-201.151520458182,-53.8220897303399));
#4601=CARTESIAN_POINT('Ctrl Pts',(-117.927886402333,-201.151522392,-53.5578115896342));
#4602=CARTESIAN_POINT('Ctrl Pts',(-117.771642854718,-201.151526068932,-53.3136022336127));
#4603=CARTESIAN_POINT('Ctrl Pts',(-117.575014709456,-201.151531195897,-53.1089955174469));
#4604=CARTESIAN_POINT('Ctrl Pts',(-117.378386564195,-201.151536322863,-52.9043888012811));
#4605=CARTESIAN_POINT('Ctrl Pts',(-117.140581538555,-201.151542918457,-52.7385603009447));
#4606=CARTESIAN_POINT('Ctrl Pts',(-116.880621169987,-201.151550458043,-52.6247744030634));
#4607=CARTESIAN_POINT('Ctrl Pts',(-116.62066080142,-201.151557997629,-52.5109885051822));
#4608=CARTESIAN_POINT('Ctrl Pts',(-116.337497625701,-201.151566507773,-52.4487867396083));
#4609=CARTESIAN_POINT('Ctrl Pts',(-116.053781355065,-201.151575312153,-52.4431446444232));
#4610=CARTESIAN_POINT('Ctrl Pts',(-115.770065084429,-201.151584116533,-52.4375025492381));
#4611=CARTESIAN_POINT('Ctrl Pts',(-115.484652546162,-201.151593245642,-52.4883974027737));
#4612=CARTESIAN_POINT('Ctrl Pts',(-115.22037347966,-201.151601974433,-52.5917583519429));
#4613=CARTESIAN_POINT('Ctrl Pts',(-114.956094413159,-201.151610703224,-52.6951193011121));
#4614=CARTESIAN_POINT('Ctrl Pts',(-114.711883977334,-201.151619061473,-52.8513628247837));
#4615=CARTESIAN_POINT('Ctrl Pts',(-114.507276319994,-201.151626385794,-53.0479913392834));
#4616=CARTESIAN_POINT('Ctrl Pts',(-114.302668662654,-201.151633710114,-53.2446198537831));
#4617=CARTESIAN_POINT('Ctrl Pts',(-114.136839383916,-201.151640025032,-53.4824256261688));
#4618=CARTESIAN_POINT('Ctrl Pts',(-114.023053080519,-201.151644829813,-53.7423869214033));
#4619=CARTESIAN_POINT('Ctrl Pts',(-113.909266777122,-201.151649634595,-54.0023482166379));
#4620=CARTESIAN_POINT('Ctrl Pts',(-113.847064991189,-201.151652944784,-54.2855124709156));
#4621=CARTESIAN_POINT('Ctrl Pts',(-113.841423263383,-201.151654498535,-54.5692296835871));
#4622=CARTESIAN_POINT('Ctrl Pts',(-113.835781535577,-201.151656052287,-54.8529468962585));
#4623=CARTESIAN_POINT('Ctrl Pts',(-113.886677139368,-201.151655853795,-55.1383602116667));
#4624=CARTESIAN_POINT('Ctrl Pts',(-113.990039013282,-201.151653919968,-55.4026396845179));
#4625=CARTESIAN_POINT('Ctrl Pts',(-114.043021477425,-201.094760297907,-55.3819173910241));
#4626=CARTESIAN_POINT('Ctrl Pts',(-114.143670781826,-201.09475841483,-55.6392612655365));
#4627=CARTESIAN_POINT('Ctrl Pts',(-114.295824923523,-201.094754806066,-55.8770783045432));
#4628=CARTESIAN_POINT('Ctrl Pts',(-114.487294157726,-201.094749759611,-56.0763159852343));
#4629=CARTESIAN_POINT('Ctrl Pts',(-114.67876339193,-201.094744713156,-56.2755536659253));
#4630=CARTESIAN_POINT('Ctrl Pts',(-114.910344196882,-201.09473821026,-56.4370407894319));
#4631=CARTESIAN_POINT('Ctrl Pts',(-115.163483611961,-201.09473076871,-56.5478400170733));
#4632=CARTESIAN_POINT('Ctrl Pts',(-115.416623027039,-201.094723327161,-56.6586392447146));
#4633=CARTESIAN_POINT('Ctrl Pts',(-115.692374073726,-201.094714920148,-56.7192114949454));
#4634=CARTESIAN_POINT('Ctrl Pts',(-115.968645189874,-201.09470621642,-56.7247042084586));
#4635=CARTESIAN_POINT('Ctrl Pts',(-116.244916306022,-201.094697512692,-56.7301969219717));
#4636=CARTESIAN_POINT('Ctrl Pts',(-116.522856749699,-201.094688481459,-56.6806329604484));
#4637=CARTESIAN_POINT('Ctrl Pts',(-116.780199665361,-201.094679840621,-56.5799832378809));
#4638=CARTESIAN_POINT('Ctrl Pts',(-117.037542581023,-201.094671199782,-56.4793335153135));
#4639=CARTESIAN_POINT('Ctrl Pts',(-117.275358501738,-201.094662919254,-56.3271793487443));
#4640=CARTESIAN_POINT('Ctrl Pts',(-117.474595207671,-201.094655656792,-56.1357104967395));
#4641=CARTESIAN_POINT('Ctrl Pts',(-117.673831913603,-201.09464839433,-55.9442416447348));
#4642=CARTESIAN_POINT('Ctrl Pts',(-117.835318230937,-201.094642125137,-55.7126616128907));
#4643=CARTESIAN_POINT('Ctrl Pts',(-117.946117038555,-201.094637346688,-55.4595231572182));
#4644=CARTESIAN_POINT('Ctrl Pts',(-118.056915846173,-201.094632568239,-55.2063847015458));
#4645=CARTESIAN_POINT('Ctrl Pts',(-118.117488075229,-201.094629264801,-54.9306347715468));
#4646=CARTESIAN_POINT('Ctrl Pts',(-118.122981169157,-201.094627697834,-54.6543646307216));
#4647=CARTESIAN_POINT('Ctrl Pts',(-118.128474263086,-201.094626130867,-54.3780944898963));
#4648=CARTESIAN_POINT('Ctrl Pts',(-118.078911078443,-201.094626296095,-54.1001548508069));
#4649=CARTESIAN_POINT('Ctrl Pts',(-117.978262313561,-201.094628179162,-53.8428123557584));
#4650=CARTESIAN_POINT('Ctrl Pts',(-117.87761354868,-201.094630062229,-53.5854698607098));
#4651=CARTESIAN_POINT('Ctrl Pts',(-117.725460502623,-201.094633670968,-53.3476539596178));
#4652=CARTESIAN_POINT('Ctrl Pts',(-117.533992624257,-201.094638717392,-53.1484168739052));
#4653=CARTESIAN_POINT('Ctrl Pts',(-117.342524745892,-201.094643763816,-52.9491797881925));
#4654=CARTESIAN_POINT('Ctrl Pts',(-117.11094552248,-201.094650266674,-52.7876926924831));
#4655=CARTESIAN_POINT('Ctrl Pts',(-116.857807485747,-201.094657708188,-52.6768929278803));
#4656=CARTESIAN_POINT('Ctrl Pts',(-116.604669449014,-201.094665149703,-52.5660931632776));
#4657=CARTESIAN_POINT('Ctrl Pts',(-116.32891954248,-201.094673556687,-52.5055198122893));
#4658=CARTESIAN_POINT('Ctrl Pts',(-116.052649020191,-201.094682260397,-52.5000257454972));
#4659=CARTESIAN_POINT('Ctrl Pts',(-115.776378497902,-201.094690964107,-52.4945316787052));
#4660=CARTESIAN_POINT('Ctrl Pts',(-115.49843808426,-201.094699995336,-52.5440940535705));
#4661=CARTESIAN_POINT('Ctrl Pts',(-115.241094630518,-201.094708636185,-52.6447424003511));
#4662=CARTESIAN_POINT('Ctrl Pts',(-114.983751176775,-201.094717277033,-52.7453907471317));
#4663=CARTESIAN_POINT('Ctrl Pts',(-114.745934157542,-201.094725557585,-52.8975437684295));
#4664=CARTESIAN_POINT('Ctrl Pts',(-114.546696097211,-201.094732820079,-53.089012029135));
#4665=CARTESIAN_POINT('Ctrl Pts',(-114.347458036879,-201.094740082573,-53.2804802898404));
#4666=CARTESIAN_POINT('Ctrl Pts',(-114.185970135127,-201.094746351804,-53.5120602865296));
#4667=CARTESIAN_POINT('Ctrl Pts',(-114.075169950603,-201.094751130287,-53.7651992828421));
#4668=CARTESIAN_POINT('Ctrl Pts',(-113.964369766079,-201.094755908771,-54.0183382791546));
#4669=CARTESIAN_POINT('Ctrl Pts',(-113.903796393991,-201.094759212239,-54.2940893025541));
#4670=CARTESIAN_POINT('Ctrl Pts',(-113.898302707643,-201.094760779224,-54.5703608003365));
#4671=CARTESIAN_POINT('Ctrl Pts',(-113.892809021295,-201.094762346208,-54.8466322981189));
#4672=CARTESIAN_POINT('Ctrl Pts',(-113.942372173023,-201.094762180985,-55.1245735165116));
#4673=CARTESIAN_POINT('Ctrl Pts',(-114.043021477425,-201.094760297907,-55.3819173910241));
#4674=CARTESIAN_POINT('Ctrl Pts',(-114.096003941567,-201.037866675847,-55.3611950975303));
#4675=CARTESIAN_POINT('Ctrl Pts',(-114.19394067703,-201.03786484352,-55.6116033751736));
#4676=CARTESIAN_POINT('Ctrl Pts',(-114.342004355903,-201.037861302947,-55.8430269995111));
#4677=CARTESIAN_POINT('Ctrl Pts',(-114.528313371179,-201.037856337033,-56.0368950707769));
#4678=CARTESIAN_POINT('Ctrl Pts',(-114.714622386455,-201.03785137112,-56.2307631420427));
#4679=CARTESIAN_POINT('Ctrl Pts',(-114.939977445082,-201.037844960955,-56.3879088619572));
#4680=CARTESIAN_POINT('Ctrl Pts',(-115.186294577091,-201.037837617477,-56.4957219372924));
#4681=CARTESIAN_POINT('Ctrl Pts',(-115.432611709099,-201.037830274,-56.6035350126275));
#4682=CARTESIAN_POINT('Ctrl Pts',(-115.700949526909,-201.037821970141,-56.6624788094308));
#4683=CARTESIAN_POINT('Ctrl Pts',(-115.969774915715,-201.037813367085,-56.6678234466364));
#4684=CARTESIAN_POINT('Ctrl Pts',(-116.23860030452,-201.037804764029,-56.673168083842));
#4685=CARTESIAN_POINT('Ctrl Pts',(-116.509068624653,-201.037795830671,-56.6249365449779));
#4686=CARTESIAN_POINT('Ctrl Pts',(-116.759475908505,-201.037787277777,-56.5269993760881));
#4687=CARTESIAN_POINT('Ctrl Pts',(-117.009883192358,-201.037778724884,-56.4290622071983));
#4688=CARTESIAN_POINT('Ctrl Pts',(-117.241305657686,-201.03777052205,-56.2809985025882));
#4689=CARTESIAN_POINT('Ctrl Pts',(-117.435172718672,-201.037763321417,-56.094689883427));
#4690=CARTESIAN_POINT('Ctrl Pts',(-117.629039779658,-201.037756120785,-55.9083812642657));
#4691=CARTESIAN_POINT('Ctrl Pts',(-117.786184664042,-201.037749897277,-55.6830270069287));
#4692=CARTESIAN_POINT('Ctrl Pts',(-117.893997304052,-201.037745145129,-55.4367108692834));
#4693=CARTESIAN_POINT('Ctrl Pts',(-118.001809944063,-201.037740392982,-55.190394731638));
#4694=CARTESIAN_POINT('Ctrl Pts',(-118.060753718905,-201.037737096263,-54.9220580712047));
#4695=CARTESIAN_POINT('Ctrl Pts',(-118.066098750402,-201.037735516064,-54.6532336932602));
#4696=CARTESIAN_POINT('Ctrl Pts',(-118.071443781898,-201.037733935865,-54.3844093153158));
#4697=CARTESIAN_POINT('Ctrl Pts',(-118.023213048175,-201.037734067825,-54.1139418290985));
#4698=CARTESIAN_POINT('Ctrl Pts',(-117.925276871888,-201.037735900141,-53.8635349811768));
#4699=CARTESIAN_POINT('Ctrl Pts',(-117.827340695601,-201.037737732458,-53.6131281332552));
#4700=CARTESIAN_POINT('Ctrl Pts',(-117.67927815227,-201.037741273006,-53.3817056883056));
#4701=CARTESIAN_POINT('Ctrl Pts',(-117.492970542245,-201.037746238886,-53.1878382336795));
#4702=CARTESIAN_POINT('Ctrl Pts',(-117.306662932221,-201.037751204767,-52.9939707790534));
#4703=CARTESIAN_POINT('Ctrl Pts',(-117.081309512722,-201.037757614892,-52.8368250880022));
#4704=CARTESIAN_POINT('Ctrl Pts',(-116.834993809292,-201.037764958334,-52.7290114561047));
#4705=CARTESIAN_POINT('Ctrl Pts',(-116.588678105862,-201.037772301775,-52.6211978242072));
#4706=CARTESIAN_POINT('Ctrl Pts',(-116.320341469727,-201.037780605603,-52.5622528866344));
#4707=CARTESIAN_POINT('Ctrl Pts',(-116.051516696418,-201.037789208641,-52.556906846792));
#4708=CARTESIAN_POINT('Ctrl Pts',(-115.782691923108,-201.037797811678,-52.5515608069496));
#4709=CARTESIAN_POINT('Ctrl Pts',(-115.512223634126,-201.037806745033,-52.5997907014573));
#4710=CARTESIAN_POINT('Ctrl Pts',(-115.261815792567,-201.037815297936,-52.6977264443819));
#4711=CARTESIAN_POINT('Ctrl Pts',(-115.011407951009,-201.03782385084,-52.7956621873065));
#4712=CARTESIAN_POINT('Ctrl Pts',(-114.779984347199,-201.037832053699,-52.9437247050131));
#4713=CARTESIAN_POINT('Ctrl Pts',(-114.586115882432,-201.037839254364,-53.1300327112932));
#4714=CARTESIAN_POINT('Ctrl Pts',(-114.392247417665,-201.03784645503,-53.3163407175733));
#4715=CARTESIAN_POINT('Ctrl Pts',(-114.235100891213,-201.037852678578,-53.54169493853));
#4716=CARTESIAN_POINT('Ctrl Pts',(-114.127286824094,-201.037857430761,-53.7880116364961));
#4717=CARTESIAN_POINT('Ctrl Pts',(-114.019472756974,-201.037862182945,-54.0343283344622));
#4718=CARTESIAN_POINT('Ctrl Pts',(-113.960527797517,-201.037865479694,-54.3026661281487));
#4719=CARTESIAN_POINT('Ctrl Pts',(-113.955182151994,-201.037867059912,-54.5714919124878));
#4720=CARTESIAN_POINT('Ctrl Pts',(-113.949836506472,-201.037868640129,-54.8403176968269));
#4721=CARTESIAN_POINT('Ctrl Pts',(-113.998067206105,-201.037868508174,-55.1107868198869));
#4722=CARTESIAN_POINT('Ctrl Pts',(-114.096003941567,-201.037866675847,-55.3611950975303));
#4723=CARTESIAN_POINT('Ctrl Pts',(-114.14898640571,-200.980973053786,-55.3404728040365));
#4724=CARTESIAN_POINT('Ctrl Pts',(-114.244210572932,-200.980971272209,-55.5839454865948));
#4725=CARTESIAN_POINT('Ctrl Pts',(-114.388183790397,-200.980967799826,-55.8089756977353));
#4726=CARTESIAN_POINT('Ctrl Pts',(-114.5693325885,-200.980962914455,-55.9974741603448));
#4727=CARTESIAN_POINT('Ctrl Pts',(-114.750481386602,-200.980958029084,-56.1859726229543));
#4728=CARTESIAN_POINT('Ctrl Pts',(-114.969610700948,-200.980951711648,-56.3387769393146));
#4729=CARTESIAN_POINT('Ctrl Pts',(-115.20910555167,-200.980944466244,-56.4436038616477));
#4730=CARTESIAN_POINT('Ctrl Pts',(-115.448600402393,-200.98093722084,-56.5484307839809));
#4731=CARTESIAN_POINT('Ctrl Pts',(-115.709524992799,-200.980929020132,-56.6057461259363));
#4732=CARTESIAN_POINT('Ctrl Pts',(-115.97090465503,-200.98092051775,-56.6109426850823));
#4733=CARTESIAN_POINT('Ctrl Pts',(-116.232284317261,-200.980912015368,-56.6161392442282));
#4734=CARTESIAN_POINT('Ctrl Pts',(-116.495280513889,-200.980903179878,-56.5692401259753));
#4735=CARTESIAN_POINT('Ctrl Pts',(-116.738752165236,-200.980894714934,-56.4740155089818));
#4736=CARTESIAN_POINT('Ctrl Pts',(-116.982223816582,-200.980886249988,-56.3787908919882));
#4737=CARTESIAN_POINT('Ctrl Pts',(-117.207252825105,-200.980878124842,-56.2348176478592));
#4738=CARTESIAN_POINT('Ctrl Pts',(-117.395750239391,-200.980870986042,-56.0536692607755));
#4739=CARTESIAN_POINT('Ctrl Pts',(-117.584247653677,-200.980863847243,-55.8725208736918));
#4740=CARTESIAN_POINT('Ctrl Pts',(-117.737051103065,-200.980857669414,-55.6533923908182));
#4741=CARTESIAN_POINT('Ctrl Pts',(-117.841877573686,-200.98085294357,-55.4138985718985));
#4742=CARTESIAN_POINT('Ctrl Pts',(-117.946704044307,-200.980848217726,-55.1744047529789));
#4743=CARTESIAN_POINT('Ctrl Pts',(-118.00401936346,-200.980844927724,-54.913481363526));
#4744=CARTESIAN_POINT('Ctrl Pts',(-118.009216331757,-200.980843334294,-54.6521027502173));
#4745=CARTESIAN_POINT('Ctrl Pts',(-118.014413300055,-200.980841740865,-54.3907241369087));
#4746=CARTESIAN_POINT('Ctrl Pts',(-117.967515017209,-200.980841839555,-54.127728805606));
#4747=CARTESIAN_POINT('Ctrl Pts',(-117.872291430215,-200.980843621121,-53.8842576065953));
#4748=CARTESIAN_POINT('Ctrl Pts',(-117.77706784322,-200.980845402687,-53.6407864075845));
#4749=CARTESIAN_POINT('Ctrl Pts',(-117.633095804031,-200.980848875045,-53.4157574202496));
#4750=CARTESIAN_POINT('Ctrl Pts',(-117.451948464101,-200.980853760381,-53.2272595974791));
#4751=CARTESIAN_POINT('Ctrl Pts',(-117.270801124172,-200.980858645717,-53.0387617747085));
#4752=CARTESIAN_POINT('Ctrl Pts',(-117.05167351063,-200.980864963113,-52.8859574883533));
#4753=CARTESIAN_POINT('Ctrl Pts',(-116.812180142287,-200.980872208479,-52.7811299884652));
#4754=CARTESIAN_POINT('Ctrl Pts',(-116.572686773943,-200.980879453845,-52.6763024885772));
#4755=CARTESIAN_POINT('Ctrl Pts',(-116.311763409681,-200.980887654521,-52.6189859629995));
#4756=CARTESIAN_POINT('Ctrl Pts',(-116.050384386119,-200.980896156884,-52.6137879483546));
#4757=CARTESIAN_POINT('Ctrl Pts',(-115.789005362558,-200.980904659246,-52.6085899337097));
#4758=CARTESIAN_POINT('Ctrl Pts',(-115.526009198273,-200.980913494732,-52.6554873458116));
#4759=CARTESIAN_POINT('Ctrl Pts',(-115.282536968203,-200.980921959687,-52.7507104830989));
#4760=CARTESIAN_POINT('Ctrl Pts',(-115.039064738133,-200.980930424643,-52.8459336203863));
#4761=CARTESIAN_POINT('Ctrl Pts',(-114.814034548327,-200.980938549816,-52.9899056330238));
#4762=CARTESIAN_POINT('Ctrl Pts',(-114.625535677372,-200.980945688649,-53.1710533841125));
#4763=CARTESIAN_POINT('Ctrl Pts',(-114.437036806416,-200.980952827483,-53.3522011352011));
#4764=CARTESIAN_POINT('Ctrl Pts',(-114.284231653218,-200.980959005354,-53.5713295803821));
#4765=CARTESIAN_POINT('Ctrl Pts',(-114.179403701721,-200.980963731235,-53.8108239807003));
#4766=CARTESIAN_POINT('Ctrl Pts',(-114.074575750224,-200.980968457117,-54.0503183810185));
#4767=CARTESIAN_POINT('Ctrl Pts',(-114.01725920192,-200.980971747151,-54.3112429464068));
#4768=CARTESIAN_POINT('Ctrl Pts',(-114.012061596457,-200.9809733406,-54.5726230190575));
#4769=CARTESIAN_POINT('Ctrl Pts',(-114.006863990994,-200.980974934049,-54.8340030917083));
#4770=CARTESIAN_POINT('Ctrl Pts',(-114.053762238488,-200.980974835363,-55.0970001214781));
#4771=CARTESIAN_POINT('Ctrl Pts',(-114.14898640571,-200.980973053786,-55.3404728040365));
#4772=CARTESIAN_POINT('',(-114.148028830724,-200.98200131682,-55.3408473270078));
#4773=CARTESIAN_POINT('',(-113.991005013474,-201.15061660978,-55.4022618663132));
#4774=CARTESIAN_POINT('',(-114.148028830724,-200.98200131682,-55.3408473270078));
#4775=CARTESIAN_POINT('',(-118.010638328219,-200.98187584989,-54.6123654430743));
#4776=CARTESIAN_POINT('Ctrl Pts',(-114.148028830725,-200.98200131682,-55.3408473270076));
#4777=CARTESIAN_POINT('Ctrl Pts',(-114.190498726004,-200.982000522238,-55.4494359304398));
#4778=CARTESIAN_POINT('Ctrl Pts',(-114.242378809064,-200.982132943919,-55.5540952223006));
#4779=CARTESIAN_POINT('Ctrl Pts',(-114.363362037564,-200.982170771487,-55.7524895949846));
#4780=CARTESIAN_POINT('Ctrl Pts',(-114.432101656641,-200.982077496284,-55.8459064082304));
#4781=CARTESIAN_POINT('Ctrl Pts',(-114.66250097242,-200.98189800565,-56.1079946184708));
#4782=CARTESIAN_POINT('Ctrl Pts',(-114.84591814201,-200.982203583743,-56.2548654789572));
#4783=CARTESIAN_POINT('Ctrl Pts',(-115.279377519644,-200.981885783333,-56.4920842251987));
#4784=CARTESIAN_POINT('Ctrl Pts',(-115.530593556843,-200.982202466068,-56.5713559197626));
#4785=CARTESIAN_POINT('Ctrl Pts',(-116.049238104036,-200.981864899074,-56.6289411298005));
#4786=CARTESIAN_POINT('Ctrl Pts',(-116.311691842343,-200.982179277411,-56.606716577697));
#4787=CARTESIAN_POINT('Ctrl Pts',(-116.813225537257,-200.981842798361,-56.462748001062));
#4788=CARTESIAN_POINT('Ctrl Pts',(-117.047500071991,-200.982155690246,-56.3423892556444));
#4789=CARTESIAN_POINT('Ctrl Pts',(-117.456562622698,-200.981823379598,-56.0185453083928));
#4790=CARTESIAN_POINT('Ctrl Pts',(-117.627443750065,-200.982135563498,-55.8181774180168));
#4791=CARTESIAN_POINT('Ctrl Pts',(-117.869027180166,-200.981827569467,-55.3874114616862));
#4792=CARTESIAN_POINT('Ctrl Pts',(-117.9466233406,-200.982105390671,-55.165783034249));
#4793=CARTESIAN_POINT('Ctrl Pts',(-118.001835605227,-200.98196214396,-54.8288730642545));
#4794=CARTESIAN_POINT('Ctrl Pts',(-118.010638327836,-200.981846577298,-54.7207057444476));
#4795=CARTESIAN_POINT('Ctrl Pts',(-118.010638328219,-200.98187584989,-54.6123654429736));
#4796=CARTESIAN_POINT('',(-117.975994072281,-200.982026107215,-54.2417216694491));
#4797=CARTESIAN_POINT('Ctrl Pts',(-118.010638328219,-200.98187584989,-54.6123654429736));
#4798=CARTESIAN_POINT('Ctrl Pts',(-118.010638328246,-200.981877882094,-54.6048440859791));
#4799=CARTESIAN_POINT('Ctrl Pts',(-118.010595900189,-200.98188040783,-54.5973218952083));
#4800=CARTESIAN_POINT('Ctrl Pts',(-118.009192920862,-200.981928624348,-54.4729864246394));
#4801=CARTESIAN_POINT('Ctrl Pts',(-117.997644325502,-200.982035549216,-54.3565231371067));
#4802=CARTESIAN_POINT('Ctrl Pts',(-117.975994072281,-200.982026107216,-54.241721669449));
#4803=CARTESIAN_POINT('',(-118.141548389357,-201.150504522567,-54.210501344654));
#4804=CARTESIAN_POINT('',(-117.975994072281,-200.982026107215,-54.2417216694491));
#4805=CARTESIAN_POINT('Ctrl Pts',(-113.991005013474,-201.15061660978,-55.4022618663132));
#4806=CARTESIAN_POINT('Ctrl Pts',(-114.008451418793,-201.15061628337,-55.4468694825084));
#4807=CARTESIAN_POINT('Ctrl Pts',(-114.027822749981,-201.150615907626,-55.4919810115189));
#4808=CARTESIAN_POINT('Ctrl Pts',(-114.049327882655,-201.150615477232,-55.5375027851646));
#4809=CARTESIAN_POINT('Ctrl Pts',(-114.070063114614,-201.150615062247,-55.5813948434026));
#4810=CARTESIAN_POINT('Ctrl Pts',(-114.092782334142,-201.150614596448,-55.6256686431054));
#4811=CARTESIAN_POINT('Ctrl Pts',(-114.117690106473,-201.150614074309,-55.6701947113485));
#4812=CARTESIAN_POINT('Ctrl Pts',(-114.141287269891,-201.150613579644,-55.7123778859303));
#4813=CARTESIAN_POINT('Ctrl Pts',(-114.166848980267,-201.150613034405,-55.7547876417938));
#4814=CARTESIAN_POINT('Ctrl Pts',(-114.194561507891,-201.150612433288,-55.7972689329468));
#4815=CARTESIAN_POINT('Ctrl Pts',(-114.221441597909,-201.150611850227,-55.8384741577388));
#4816=CARTESIAN_POINT('Ctrl Pts',(-114.25034542728,-201.150611214591,-55.8797469999579));
#4817=CARTESIAN_POINT('Ctrl Pts',(-114.281451779258,-201.150610521033,-55.9208988307615));
#4818=CARTESIAN_POINT('Ctrl Pts',(-114.311192295086,-201.150609857928,-55.9602437425739));
#4819=CARTESIAN_POINT('Ctrl Pts',(-114.342946357598,-201.150609141871,-55.9994782036117));
#4820=CARTESIAN_POINT('Ctrl Pts',(-114.37687555273,-201.150608367796,-56.0383903499817));
#4821=CARTESIAN_POINT('Ctrl Pts',(-114.394951654483,-201.150607955399,-56.0591211664511));
#4822=CARTESIAN_POINT('Ctrl Pts',(-114.413645205353,-201.150607526529,-56.0797596762102));
#4823=CARTESIAN_POINT('Ctrl Pts',(-114.432981001049,-201.150607080377,-56.1002677267457));
#4824=CARTESIAN_POINT('Ctrl Pts',(-114.437622516726,-201.150606973279,-56.1051906396457));
#4825=CARTESIAN_POINT('Ctrl Pts',(-114.44230274441,-201.150606865149,-56.110107821923));
#4826=CARTESIAN_POINT('Ctrl Pts',(-114.447022193505,-201.150606755971,-56.1150187730229));
#4827=CARTESIAN_POINT('Ctrl Pts',(-114.480515029838,-201.150605981162,-56.1498706546962));
#4828=CARTESIAN_POINT('Ctrl Pts',(-114.516006181052,-201.150605153085,-56.1844367520807));
#4829=CARTESIAN_POINT('Ctrl Pts',(-114.55365024784,-201.150604267354,-56.2185439125289));
#4830=CARTESIAN_POINT('Ctrl Pts',(-114.590638016024,-201.150603397065,-56.2520564379209));
#4831=CARTESIAN_POINT('Ctrl Pts',(-114.629704665151,-201.150602471105,-56.2851262982634));
#4832=CARTESIAN_POINT('Ctrl Pts',(-114.670994314027,-201.150601485135,-56.3175370827151));
#4833=CARTESIAN_POINT('Ctrl Pts',(-114.70938714173,-201.15060056834,-56.3476739740915));
#4834=CARTESIAN_POINT('Ctrl Pts',(-114.749702264333,-201.15059959965,-56.3772409287881));
#4835=CARTESIAN_POINT('Ctrl Pts',(-114.792048773429,-201.150598575556,-56.4060170957997));
#4836=CARTESIAN_POINT('Ctrl Pts',(-114.833128088349,-201.150597582107,-56.4339321530754));
#4837=CARTESIAN_POINT('Ctrl Pts',(-114.876119333287,-201.150596536512,-56.4611032558769));
#4838=CARTESIAN_POINT('Ctrl Pts',(-114.921111316752,-201.150595435669,-56.4872817104602));
#4839=CARTESIAN_POINT('Ctrl Pts',(-114.964214211651,-201.150594381047,-56.512361004361));
#4840=CARTESIAN_POINT('Ctrl Pts',(-115.00915361042,-201.150593275712,-56.5365293485031));
#4841=CARTESIAN_POINT('Ctrl Pts',(-115.055993661694,-201.150592117141,-56.5595221868361));
#4842=CARTESIAN_POINT('Ctrl Pts',(-115.072471615018,-201.150591709566,-56.5676108824402));
#4843=CARTESIAN_POINT('Ctrl Pts',(-115.089184640775,-201.150591295404,-56.5755536648973));
#4844=CARTESIAN_POINT('Ctrl Pts',(-115.106135003987,-201.150590874556,-56.5833375436664));
#4845=CARTESIAN_POINT('Ctrl Pts',(-115.117694061248,-201.150590587565,-56.5886456482347));
#4846=CARTESIAN_POINT('Ctrl Pts',(-115.129344842171,-201.150590297947,-56.5938712752984));
#4847=CARTESIAN_POINT('Ctrl Pts',(-115.141087196145,-201.15059000569,-56.5990109629022));
#4848=CARTESIAN_POINT('Ctrl Pts',(-115.197317711655,-201.150588606162,-56.623623343362));
#4849=CARTESIAN_POINT('Ctrl Pts',(-115.25570062127,-201.150587144791,-56.6462897857311));
#4850=CARTESIAN_POINT('Ctrl Pts',(-115.316164248667,-201.150585622294,-56.6666893119382));
#4851=CARTESIAN_POINT('Ctrl Pts',(-115.371594680863,-201.150584226535,-56.6853907131434));
#4852=CARTESIAN_POINT('Ctrl Pts',(-115.428773786896,-201.150582779403,-56.7021866096508));
#4853=CARTESIAN_POINT('Ctrl Pts',(-115.487610975171,-201.150581282383,-56.7167966359862));
#4854=CARTESIAN_POINT('Ctrl Pts',(-115.544947270778,-201.150579823551,-56.7310339714763));
#4855=CARTESIAN_POINT('Ctrl Pts',(-115.603858410623,-201.150578317336,-56.7431955784657));
#4856=CARTESIAN_POINT('Ctrl Pts',(-115.664223346211,-201.150576766108,-56.7529904489714));
#4857=CARTESIAN_POINT('Ctrl Pts',(-115.722452309459,-201.150575269769,-56.7624387346217));
#4858=CARTESIAN_POINT('Ctrl Pts',(-115.782034188035,-201.150573731541,-56.7696847958607));
#4859=CARTESIAN_POINT('Ctrl Pts',(-115.842822058743,-201.15057215459,-56.7744375710991));
#4860=CARTESIAN_POINT('Ctrl Pts',(-115.865966898978,-201.150571554169,-56.7762471792049));
#4861=CARTESIAN_POINT('Ctrl Pts',(-115.889286150201,-201.150570948147,-56.7776950229283));
#4862=CARTESIAN_POINT('Ctrl Pts',(-115.912770076789,-201.150570336741,-56.7787638422827));
#4863=CARTESIAN_POINT('Ctrl Pts',(-115.930934539167,-201.150569863828,-56.7795905579038));
#4864=CARTESIAN_POINT('Ctrl Pts',(-115.949191986945,-201.150569387857,-56.7801902323194));
#4865=CARTESIAN_POINT('Ctrl Pts',(-115.967535930841,-201.150568908958,-56.7805550325694));
#4866=CARTESIAN_POINT('Ctrl Pts',(-116.031230917822,-201.150567246094,-56.7818217147672));
#4867=CARTESIAN_POINT('Ctrl Pts',(-116.096030275902,-201.150565546271,-56.7802568992639));
#4868=CARTESIAN_POINT('Ctrl Pts',(-116.161633778635,-201.150563816359,-56.7756383845564));
#4869=CARTESIAN_POINT('Ctrl Pts',(-116.226828886857,-201.150562097216,-56.7710486209975));
#4870=CARTESIAN_POINT('Ctrl Pts',(-116.292818216044,-201.150560348356,-56.7634430055543));
#4871=CARTESIAN_POINT('Ctrl Pts',(-116.359256994463,-201.15055857812,-56.7526132794997));
#4872=CARTESIAN_POINT('Ctrl Pts',(-116.42515696744,-201.150556822241,-56.7418713803959));
#4873=CARTESIAN_POINT('Ctrl Pts',(-116.491499149376,-201.15055504533,-56.7279574088158));
#4874=CARTESIAN_POINT('Ctrl Pts',(-116.55789707998,-201.150553257123,-56.7106785428373));
#4875=CARTESIAN_POINT('Ctrl Pts',(-116.616972613615,-201.150551666121,-56.695305198834));
#4876=CARTESIAN_POINT('Ctrl Pts',(-116.676091624526,-201.150550066197,-56.6772683198622));
#4877=CARTESIAN_POINT('Ctrl Pts',(-116.734948020223,-201.150548465293,-56.6564395344777));
#4878=CARTESIAN_POINT('Ctrl Pts',(-116.756846096539,-201.150547869662,-56.6486899887148));
#4879=CARTESIAN_POINT('Ctrl Pts',(-116.778720313798,-201.150547273548,-56.6405494608584));
#4880=CARTESIAN_POINT('Ctrl Pts',(-116.800549800959,-201.150546677465,-56.6320118400329));
#4881=CARTESIAN_POINT('Ctrl Pts',(-116.860751687703,-201.150545033573,-56.6084665831885));
#4882=CARTESIAN_POINT('Ctrl Pts',(-116.920670189485,-201.150543388302,-56.5818758112134));
#4883=CARTESIAN_POINT('Ctrl Pts',(-116.979893909161,-201.150541752231,-56.552240580366));
#4884=CARTESIAN_POINT('Ctrl Pts',(-117.040005203713,-201.15054009164,-56.5221612118232));
#4885=CARTESIAN_POINT('Ctrl Pts',(-117.099400334149,-201.150538440539,-56.4889454486228));
#4886=CARTESIAN_POINT('Ctrl Pts',(-117.157629882541,-201.150536810828,-56.4526456143957));
#4887=CARTESIAN_POINT('Ctrl Pts',(-117.217469551765,-201.150535136052,-56.4153420437343));
#4888=CARTESIAN_POINT('Ctrl Pts',(-117.276077784628,-201.150533483881,-56.3747814501617));
#4889=CARTESIAN_POINT('Ctrl Pts',(-117.332953555091,-201.150531867894,-56.3310747548473));
#4890=CARTESIAN_POINT('Ctrl Pts',(-117.373427772575,-201.150530717917,-56.2999719798472));
#4891=CARTESIAN_POINT('Ctrl Pts',(-117.413024344606,-201.150529586279,-56.2672771472003));
#4892=CARTESIAN_POINT('Ctrl Pts',(-117.451561114629,-201.150528478,-56.2330461451728));
#4893=CARTESIAN_POINT('Ctrl Pts',(-117.472423357074,-201.150527878023,-56.2145148706788));
#4894=CARTESIAN_POINT('Ctrl Pts',(-117.493018431103,-201.150527283601,-56.1954949827791));
#4895=CARTESIAN_POINT('Ctrl Pts',(-117.513310016097,-201.150526695723,-56.1759947255096));
#4896=CARTESIAN_POINT('Ctrl Pts',(-117.559738534569,-201.150525350619,-56.1313768183753));
#4897=CARTESIAN_POINT('Ctrl Pts',(-117.604619679395,-201.150524038528,-56.0841995298692));
#4898=CARTESIAN_POINT('Ctrl Pts',(-117.647600177944,-201.150522769319,-56.0346725651441));
#4899=CARTESIAN_POINT('Ctrl Pts',(-117.691220576416,-201.150521481214,-55.9844082357533));
#4900=CARTESIAN_POINT('Ctrl Pts',(-117.73288279778,-201.150520237294,-55.9317240897944));
#4901=CARTESIAN_POINT('Ctrl Pts',(-117.772234823197,-201.150519047586,-55.8768912111042));
#4902=CARTESIAN_POINT('Ctrl Pts',(-117.812326191739,-201.150517835525,-55.8210281360909));
#4903=CARTESIAN_POINT('Ctrl Pts',(-117.850019130508,-201.150516679751,-55.7629352725907));
#4904=CARTESIAN_POINT('Ctrl Pts',(-117.884967836726,-201.150515590268,-55.7029467398427));
#4905=CARTESIAN_POINT('Ctrl Pts',(-117.910237032442,-201.150514802532,-55.6595728316565));
#4906=CARTESIAN_POINT('Ctrl Pts',(-117.934072119962,-201.15051404944,-55.6152089385125));
#4907=CARTESIAN_POINT('Ctrl Pts',(-117.956353507522,-201.150513334489,-55.5699941366946));
#4908=CARTESIAN_POINT('Ctrl Pts',(-117.970610624605,-201.150512877015,-55.5410626923846));
#4909=CARTESIAN_POINT('Ctrl Pts',(-117.984276239806,-201.150512433607,-55.5116925694808));
#4910=CARTESIAN_POINT('Ctrl Pts',(-117.997304591567,-201.150512005695,-55.4819274295013));
#4911=CARTESIAN_POINT('Ctrl Pts',(-118.021794800303,-201.150511201322,-55.4259760317731));
#4912=CARTESIAN_POINT('Ctrl Pts',(-118.044051399508,-201.15051045107,-55.3685781709877));
#4913=CARTESIAN_POINT('Ctrl Pts',(-118.063888170521,-201.150509761098,-55.3100868269623));
#4914=CARTESIAN_POINT('Ctrl Pts',(-118.083322708834,-201.150509085117,-55.2527815192747));
#4915=CARTESIAN_POINT('Ctrl Pts',(-118.100434489703,-201.150508467002,-55.1944274532285));
#4916=CARTESIAN_POINT('Ctrl Pts',(-118.115095228731,-201.150507911218,-55.1353836554349));
#4917=CARTESIAN_POINT('Ctrl Pts',(-118.130211113274,-201.15050733818,-55.0745068313686));
#4918=CARTESIAN_POINT('Ctrl Pts',(-118.142720924985,-201.150506831421,-55.0128975312844));
#4919=CARTESIAN_POINT('Ctrl Pts',(-118.152539121377,-201.150506394202,-54.9509666842905));
#4920=CARTESIAN_POINT('Ctrl Pts',(-118.16235731777,-201.150505956984,-54.8890358372966));
#4921=CARTESIAN_POINT('Ctrl Pts',(-118.169483734632,-201.150505589317,-54.8267843247142));
#4922=CARTESIAN_POINT('Ctrl Pts',(-118.173891565576,-201.150505292657,-54.7646276916775));
#4923=CARTESIAN_POINT('Ctrl Pts',(-118.176459644459,-201.150505119817,-54.728414157447));
#4924=CARTESIAN_POINT('Ctrl Pts',(-118.178122433114,-201.150504969936,-54.6919998093731));
#4925=CARTESIAN_POINT('Ctrl Pts',(-118.178848726848,-201.150504844263,-54.6554753861752));
#4926=CARTESIAN_POINT('Ctrl Pts',(-118.179973884212,-201.150504649573,-54.5988925990127));
#4927=CARTESIAN_POINT('Ctrl Pts',(-118.178849720812,-201.150504512897,-54.5419999879457));
#4928=CARTESIAN_POINT('Ctrl Pts',(-118.175473855222,-201.150504435399,-54.4851428124566));
#4929=CARTESIAN_POINT('Ctrl Pts',(-118.172073728103,-201.150504357345,-54.4278770182116));
#4930=CARTESIAN_POINT('Ctrl Pts',(-118.166389457815,-201.150504339325,-54.3706478855528));
#4931=CARTESIAN_POINT('Ctrl Pts',(-118.158471392122,-201.150504380887,-54.3138086290917));
#4932=CARTESIAN_POINT('Ctrl Pts',(-118.153650521203,-201.150504406193,-54.2792023591734));
#4933=CARTESIAN_POINT('Ctrl Pts',(-118.148002627077,-201.150504453552,-54.2447405753905));
#4934=CARTESIAN_POINT('Ctrl Pts',(-118.141548389358,-201.150504522567,-54.2105013446539));
#4935=CARTESIAN_POINT('Ctrl Pts',(-93.1350441060651,-200.980453059876,-56.7518354716139));
#4936=CARTESIAN_POINT('Ctrl Pts',(-93.1640082681808,-200.980453059876,-57.0116585854638));
#4937=CARTESIAN_POINT('Ctrl Pts',(-93.141239602318,-200.980452361788,-57.2778331036202));
#4938=CARTESIAN_POINT('Ctrl Pts',(-93.0685684661591,-200.980451019193,-57.528962189792));
#4939=CARTESIAN_POINT('Ctrl Pts',(-92.9958973300002,-200.980449676598,-57.7800912759639));
#4940=CARTESIAN_POINT('Ctrl Pts',(-92.8730008323414,-200.980447688609,-58.0172907832713));
#4941=CARTESIAN_POINT('Ctrl Pts',(-92.7097583356621,-200.980445207815,-58.2214931947815));
#4942=CARTESIAN_POINT('Ctrl Pts',(-92.5465158389829,-200.980442727021,-58.4256956062918));
#4943=CARTESIAN_POINT('Ctrl Pts',(-92.3422020116367,-200.980439751784,-58.5978082831938));
#4944=CARTESIAN_POINT('Ctrl Pts',(-92.113241006942,-200.980436510467,-58.7239959804603));
#4945=CARTESIAN_POINT('Ctrl Pts',(-91.8842800022473,-200.980433269151,-58.8501836777268));
#4946=CARTESIAN_POINT('Ctrl Pts',(-91.6296544581988,-200.980429759614,-58.9310071269526));
#4947=CARTESIAN_POINT('Ctrl Pts',(-91.3698327033742,-200.980426251235,-58.9599695932673));
#4948=CARTESIAN_POINT('Ctrl Pts',(-91.1100109485496,-200.980422742855,-58.988932059582));
#4949=CARTESIAN_POINT('Ctrl Pts',(-90.8438384628307,-200.980419233314,-58.966162267526));
#4950=CARTESIAN_POINT('Ctrl Pts',(-90.5927115386292,-200.98041599199,-58.8934908924028));
#4951=CARTESIAN_POINT('Ctrl Pts',(-90.3415846144276,-200.980412750666,-58.8208195172795));
#4952=CARTESIAN_POINT('Ctrl Pts',(-90.1043873368739,-200.980409775417,-58.6979236627389));
#4953=CARTESIAN_POINT('Ctrl Pts',(-89.9001866250539,-200.980407294613,-58.5346825250119));
#4954=CARTESIAN_POINT('Ctrl Pts',(-89.6959859132339,-200.980404813809,-58.3714413872849));
#4955=CARTESIAN_POINT('Ctrl Pts',(-89.5238743545922,-200.980402825809,-58.1671295936652));
#4956=CARTESIAN_POINT('Ctrl Pts',(-89.3976869002966,-200.980401483207,-57.9381707509034));
#4957=CARTESIAN_POINT('Ctrl Pts',(-89.2714994460011,-200.980400140604,-57.7092119081417));
#4958=CARTESIAN_POINT('Ctrl Pts',(-89.1906753458313,-200.980399442511,-57.4545885951263));
#4959=CARTESIAN_POINT('Ctrl Pts',(-89.1617115246792,-200.980399442511,-57.1947685398921));
#4960=CARTESIAN_POINT('Ctrl Pts',(-89.1327477035271,-200.980399442511,-56.934948484658));
#4961=CARTESIAN_POINT('Ctrl Pts',(-89.155515454141,-200.980400140604,-56.6687771183705));
#4962=CARTESIAN_POINT('Ctrl Pts',(-89.2281846715603,-200.980401483207,-56.4176504369126));
#4963=CARTESIAN_POINT('Ctrl Pts',(-89.3008538889796,-200.980402825809,-56.1665237554548));
#4964=CARTESIAN_POINT('Ctrl Pts',(-89.423747504891,-200.980404813809,-55.9293258279798));
#4965=CARTESIAN_POINT('Ctrl Pts',(-89.586986947357,-200.980407294613,-55.725123760954));
#4966=CARTESIAN_POINT('Ctrl Pts',(-89.7502263898231,-200.980409775417,-55.5209216939283));
#4967=CARTESIAN_POINT('Ctrl Pts',(-89.9545370564928,-200.980412750666,-55.3488080947373));
#4968=CARTESIAN_POINT('Ctrl Pts',(-90.1834956608779,-200.98041599199,-55.2226184822506));
#4969=CARTESIAN_POINT('Ctrl Pts',(-90.4124542652631,-200.980419233314,-55.0964288697639));
#4970=CARTESIAN_POINT('Ctrl Pts',(-90.6670782206692,-200.980422742855,-55.0156025317506));
#4971=CARTESIAN_POINT('Ctrl Pts',(-90.9268996354146,-200.980426251235,-54.9866370147432));
#4972=CARTESIAN_POINT('Ctrl Pts',(-91.18672105016,-200.980429759615,-54.9576714977357));
#4973=CARTESIAN_POINT('Ctrl Pts',(-91.4528944493617,-200.980433269151,-54.980438122076));
#4974=CARTESIAN_POINT('Ctrl Pts',(-91.7040232931853,-200.980436510467,-55.0531071004088));
#4975=CARTESIAN_POINT('Ctrl Pts',(-91.9551521370089,-200.980439751783,-55.1257760787416));
#4976=CARTESIAN_POINT('Ctrl Pts',(-92.1923522945433,-200.980442727022,-55.2486703376009));
#4977=CARTESIAN_POINT('Ctrl Pts',(-92.3965560614604,-200.980445207815,-55.4119111387685));
#4978=CARTESIAN_POINT('Ctrl Pts',(-92.6007598283775,-200.980447688609,-55.5751519399362));
#4979=CARTESIAN_POINT('Ctrl Pts',(-92.772874545927,-200.980449676597,-55.7794646399964));
#4980=CARTESIAN_POINT('Ctrl Pts',(-92.8990644014167,-200.980451019193,-56.0084254059018));
#4981=CARTESIAN_POINT('Ctrl Pts',(-93.0252542569065,-200.980452361788,-56.2373861718073));
#4982=CARTESIAN_POINT('Ctrl Pts',(-93.1060799439493,-200.980453059876,-56.492012357764));
#4983=CARTESIAN_POINT('Ctrl Pts',(-93.1350441060651,-200.980453059876,-56.7518354716139));
#4984=CARTESIAN_POINT('Ctrl Pts',(-93.1915822185469,-201.037338391578,-56.7455328027274));
#4985=CARTESIAN_POINT('Ctrl Pts',(-93.2213713965192,-201.037338391578,-57.0127567240982));
#4986=CARTESIAN_POINT('Ctrl Pts',(-93.1979559112835,-201.037337732508,-57.2864930550122));
#4987=CARTESIAN_POINT('Ctrl Pts',(-93.1232148432724,-201.037336464913,-57.5447753256869));
#4988=CARTESIAN_POINT('Ctrl Pts',(-93.0484737752612,-201.037335197317,-57.8030575963616));
#4989=CARTESIAN_POINT('Ctrl Pts',(-92.9220859289831,-201.037333320445,-58.0469957984387));
#4990=CARTESIAN_POINT('Ctrl Pts',(-92.7541936660029,-201.037330978233,-58.2570147828194));
#4991=CARTESIAN_POINT('Ctrl Pts',(-92.5863014030226,-201.03732863602,-58.4670337672001));
#4992=CARTESIAN_POINT('Ctrl Pts',(-92.3761832013552,-201.037325827079,-58.6440361281809));
#4993=CARTESIAN_POINT('Ctrl Pts',(-92.140700456645,-201.037322766828,-58.7738182688664));
#4994=CARTESIAN_POINT('Ctrl Pts',(-91.9052177119349,-201.037319706576,-58.903600409552));
#4995=CARTESIAN_POINT('Ctrl Pts',(-91.6433584064109,-201.0373163932,-58.9867201149192));
#4996=CARTESIAN_POINT('Ctrl Pts',(-91.3761357947635,-201.037313080804,-59.0165076586682));
#4997=CARTESIAN_POINT('Ctrl Pts',(-91.108913183116,-201.037309768407,-59.0462952024173));
#4998=CARTESIAN_POINT('Ctrl Pts',(-90.835178810903,-201.037306455027,-59.0228786317615));
#4999=CARTESIAN_POINT('Ctrl Pts',(-90.5768986237528,-201.037303394767,-58.9481373334866));
#5000=CARTESIAN_POINT('Ctrl Pts',(-90.3186184366026,-201.037300334508,-58.8733960352118));
#5001=CARTESIAN_POINT('Ctrl Pts',(-90.0746823833915,-201.037297525556,-58.747008808694));
#5002=CARTESIAN_POINT('Ctrl Pts',(-89.8646650370357,-201.037295183332,-58.5791178553684));
#5003=CARTESIAN_POINT('Ctrl Pts',(-89.65464769068,-201.037292841108,-58.4112269020429));
#5004=CARTESIAN_POINT('Ctrl Pts',(-89.4776464073618,-201.037290964225,-58.2011106603397));
#5005=CARTESIAN_POINT('Ctrl Pts',(-89.3478645008581,-201.037289696622,-57.9656299991201));
#5006=CARTESIAN_POINT('Ctrl Pts',(-89.2180825943544,-201.037288429018,-57.7301493379004));
#5007=CARTESIAN_POINT('Ctrl Pts',(-89.1349622615757,-201.037287769944,-57.4682921824961));
#5008=CARTESIAN_POINT('Ctrl Pts',(-89.1051734121973,-201.037287769944,-57.2010712087786));
#5009=CARTESIAN_POINT('Ctrl Pts',(-89.075384562819,-201.037287769944,-56.933850235061));
#5010=CARTESIAN_POINT('Ctrl Pts',(-89.0987991659686,-201.037288429018,-56.6601169416582));
#5011=CARTESIAN_POINT('Ctrl Pts',(-89.1735383848907,-201.037289696622,-56.4018369884696));
#5012=CARTESIAN_POINT('Ctrl Pts',(-89.2482776038129,-201.037290964225,-56.1435570352811));
#5013=CARTESIAN_POINT('Ctrl Pts',(-89.3746626727862,-201.037292841108,-55.8996203556605));
#5014=CARTESIAN_POINT('Ctrl Pts',(-89.5425519924183,-201.037295183332,-55.6896017033164));
#5015=CARTESIAN_POINT('Ctrl Pts',(-89.7104413120502,-201.037297525556,-55.4795830509724));
#5016=CARTESIAN_POINT('Ctrl Pts',(-89.9205564675943,-201.037300334507,-55.3025798010215));
#5017=CARTESIAN_POINT('Ctrl Pts',(-90.156036899125,-201.037303394767,-55.1727958146884));
#5018=CARTESIAN_POINT('Ctrl Pts',(-90.3915173306557,-201.037306455027,-55.0430118283554));
#5019=CARTESIAN_POINT('Ctrl Pts',(-90.6533751051087,-201.037309768406,-54.9598893387993));
#5020=CARTESIAN_POINT('Ctrl Pts',(-90.920597389027,-201.037313080804,-54.9300988551444));
#5021=CARTESIAN_POINT('Ctrl Pts',(-91.1878196729453,-201.037316393201,-54.9003083714895));
#5022=CARTESIAN_POINT('Ctrl Pts',(-91.4615549255174,-201.037319706576,-54.9237218891387));
#5023=CARTESIAN_POINT('Ctrl Pts',(-91.7198369626195,-201.037322766828,-54.9984608776753));
#5024=CARTESIAN_POINT('Ctrl Pts',(-91.9781189997217,-201.037325827079,-55.0731998662118));
#5025=CARTESIAN_POINT('Ctrl Pts',(-92.2220578285101,-201.03732863602,-55.1995855547757));
#5026=CARTESIAN_POINT('Ctrl Pts',(-92.4320781190783,-201.037330978233,-55.3674761838139));
#5027=CARTESIAN_POINT('Ctrl Pts',(-92.6420984096465,-201.037333320445,-55.5353668128521));
#5028=CARTESIAN_POINT('Ctrl Pts',(-92.8191027373587,-201.037335197317,-55.7454839280285));
#5029=CARTESIAN_POINT('Ctrl Pts',(-92.9488869579068,-201.037336464913,-55.9809664426435));
#5030=CARTESIAN_POINT('Ctrl Pts',(-93.0786711784549,-201.037337732508,-56.2164489572584));
#5031=CARTESIAN_POINT('Ctrl Pts',(-93.1617930405746,-201.037338391578,-56.4783088813567));
#5032=CARTESIAN_POINT('Ctrl Pts',(-93.1915822185469,-201.037338391578,-56.7455328027274));
#5033=CARTESIAN_POINT('Ctrl Pts',(-93.2481203310288,-201.09422372328,-56.7392301338409));
#5034=CARTESIAN_POINT('Ctrl Pts',(-93.2787345252676,-201.09422372328,-57.0138548664101));
#5035=CARTESIAN_POINT('Ctrl Pts',(-93.2546722195599,-201.094223103227,-57.2951530138721));
#5036=CARTESIAN_POINT('Ctrl Pts',(-93.1778612173882,-201.094221910633,-57.5605884719405));
#5037=CARTESIAN_POINT('Ctrl Pts',(-93.1010502152164,-201.094220718039,-57.8260239300089));
#5038=CARTESIAN_POINT('Ctrl Pts',(-92.9711710168577,-201.094218952278,-58.0767008287575));
#5039=CARTESIAN_POINT('Ctrl Pts',(-92.798628983902,-201.09421674865,-58.2925363864213));
#5040=CARTESIAN_POINT('Ctrl Pts',(-92.6260869509463,-201.094214545022,-58.508371944085));
#5041=CARTESIAN_POINT('Ctrl Pts',(-92.4101643711612,-201.094211902369,-58.6902639880403));
#5042=CARTESIAN_POINT('Ctrl Pts',(-92.1681598835476,-201.094209023188,-58.8236405698391));
#5043=CARTESIAN_POINT('Ctrl Pts',(-91.9261553959341,-201.094206144006,-58.9570171516379));
#5044=CARTESIAN_POINT('Ctrl Pts',(-91.6570623270267,-201.09420302678,-59.04243310968));
#5045=CARTESIAN_POINT('Ctrl Pts',(-91.3824388581469,-201.094199910372,-59.0730457271916));
#5046=CARTESIAN_POINT('Ctrl Pts',(-91.1078153892672,-201.094196793964,-59.1036583447031));
#5047=CARTESIAN_POINT('Ctrl Pts',(-90.8265191316577,-201.094193676733,-59.0795949916455));
#5048=CARTESIAN_POINT('Ctrl Pts',(-90.5610856838679,-201.094190797544,-59.0027837673339));
#5049=CARTESIAN_POINT('Ctrl Pts',(-90.2956522360781,-201.094187918354,-58.9259725430222));
#5050=CARTESIAN_POINT('Ctrl Pts',(-90.0449774106698,-201.09418527569,-58.796093942614));
#5051=CARTESIAN_POINT('Ctrl Pts',(-89.8291434334534,-201.094183072051,-58.6235531732831));
#5052=CARTESIAN_POINT('Ctrl Pts',(-89.613309456237,-201.094180868412,-58.4510124039521));
#5053=CARTESIAN_POINT('Ctrl Pts',(-89.4314184520378,-201.094179102638,-58.235091715258));
#5054=CARTESIAN_POINT('Ctrl Pts',(-89.2980420962143,-201.094177910036,-57.9930892378922));
#5055=CARTESIAN_POINT('Ctrl Pts',(-89.1646657403908,-201.094176717435,-57.7510867605265));
#5056=CARTESIAN_POINT('Ctrl Pts',(-89.0792491769102,-201.094176097377,-57.4819957661882));
#5057=CARTESIAN_POINT('Ctrl Pts',(-89.0486352997155,-201.094176097377,-57.207373877665));
#5058=CARTESIAN_POINT('Ctrl Pts',(-89.0180214225208,-201.094176097377,-56.9327519891418));
#5059=CARTESIAN_POINT('Ctrl Pts',(-89.0420828771069,-201.094176717435,-56.6514567724138));
#5060=CARTESIAN_POINT('Ctrl Pts',(-89.1188920952235,-201.094177910036,-56.3860235503855));
#5061=CARTESIAN_POINT('Ctrl Pts',(-89.1957013133401,-201.094179102638,-56.1205903283573));
#5062=CARTESIAN_POINT('Ctrl Pts',(-89.3255778319137,-201.094180868412,-55.8699148984926));
#5063=CARTESIAN_POINT('Ctrl Pts',(-89.4981170250372,-201.094183072051,-55.6540796612428));
#5064=CARTESIAN_POINT('Ctrl Pts',(-89.6706562181607,-201.09418527569,-55.438244423993));
#5065=CARTESIAN_POINT('Ctrl Pts',(-89.8865758587823,-201.094187918354,-55.2563515221778));
#5066=CARTESIAN_POINT('Ctrl Pts',(-90.128578114571,-201.094190797544,-55.1229731596924));
#5067=CARTESIAN_POINT('Ctrl Pts',(-90.3705803703597,-201.094193676734,-54.9895947972071));
#5068=CARTESIAN_POINT('Ctrl Pts',(-90.6396719619514,-201.094196793964,-54.9041761526415));
#5069=CARTESIAN_POINT('Ctrl Pts',(-90.9142951146334,-201.094199910372,-54.8735606986673));
#5070=CARTESIAN_POINT('Ctrl Pts',(-91.1889182673154,-201.094203026781,-54.842945244693));
#5071=CARTESIAN_POINT('Ctrl Pts',(-91.470215374356,-201.094206144006,-54.8670056518494));
#5072=CARTESIAN_POINT('Ctrl Pts',(-91.7356506070457,-201.094209023188,-54.9438146477047));
#5073=CARTESIAN_POINT('Ctrl Pts',(-92.0010858397354,-201.094211902369,-55.0206236435599));
#5074=CARTESIAN_POINT('Ctrl Pts',(-92.2517633432379,-201.094214545022,-55.1505007599151));
#5075=CARTESIAN_POINT('Ctrl Pts',(-92.4676001611324,-201.09421674865,-55.3230412164173));
#5076=CARTESIAN_POINT('Ctrl Pts',(-92.6834369790268,-201.094218952277,-55.4955816729195));
#5077=CARTESIAN_POINT('Ctrl Pts',(-92.865330920697,-201.094220718039,-55.7115032043048));
#5078=CARTESIAN_POINT('Ctrl Pts',(-92.9987095091918,-201.094221910633,-55.9535074699408));
#5079=CARTESIAN_POINT('Ctrl Pts',(-93.1320880976866,-201.094223103227,-56.1955117355768));
#5080=CARTESIAN_POINT('Ctrl Pts',(-93.2175061367901,-201.09422372328,-56.4646054012717));
#5081=CARTESIAN_POINT('Ctrl Pts',(-93.2481203310288,-201.09422372328,-56.7392301338409));
#5082=CARTESIAN_POINT('Ctrl Pts',(-93.3046584435107,-201.151109054982,-56.7329274649545));
#5083=CARTESIAN_POINT('Ctrl Pts',(-93.3360976543537,-201.151109054981,-57.0149530117517));
#5084=CARTESIAN_POINT('Ctrl Pts',(-93.3113885272685,-201.151108473944,-57.3038129788838));
#5085=CARTESIAN_POINT('Ctrl Pts',(-93.2325075890345,-201.151107356353,-57.5764016267276));
#5086=CARTESIAN_POINT('Ctrl Pts',(-93.1536266508005,-201.151106238763,-57.8489902745714));
#5087=CARTESIAN_POINT('Ctrl Pts',(-93.0202560975094,-201.151104584106,-58.1064058715581));
#5088=CARTESIAN_POINT('Ctrl Pts',(-92.8430642915513,-201.151102519067,-58.3280580028448));
#5089=CARTESIAN_POINT('Ctrl Pts',(-92.6658724855933,-201.151100454027,-58.5497101341316));
#5090=CARTESIAN_POINT('Ctrl Pts',(-92.4441455245627,-201.151097977655,-58.7364918601517));
#5091=CARTESIAN_POINT('Ctrl Pts',(-92.1956192916668,-201.151095279548,-58.8734628811643));
#5092=CARTESIAN_POINT('Ctrl Pts',(-91.9470930587709,-201.15109258144,-59.0104339021769));
#5093=CARTESIAN_POINT('Ctrl Pts',(-91.670766224908,-201.151089660355,-59.0981461100378));
#5094=CARTESIAN_POINT('Ctrl Pts',(-91.3887418984587,-201.151086739941,-59.1295837982871));
#5095=CARTESIAN_POINT('Ctrl Pts',(-91.1067175720094,-201.151083819526,-59.1610214865363));
#5096=CARTESIAN_POINT('Ctrl Pts',(-90.8178594299078,-201.151080898436,-59.1363113479449));
#5097=CARTESIAN_POINT('Ctrl Pts',(-90.5452727233806,-201.15107820032,-59.0574301952196));
#5098=CARTESIAN_POINT('Ctrl Pts',(-90.2726860168534,-201.151075502205,-58.9785490424942));
#5099=CARTESIAN_POINT('Ctrl Pts',(-90.0152724220985,-201.15107302582,-58.8451790666192));
#5100=CARTESIAN_POINT('Ctrl Pts',(-89.7936218170491,-201.15107096077,-58.6679884809478));
#5101=CARTESIAN_POINT('Ctrl Pts',(-89.5719712119996,-201.151068895719,-58.4907978952764));
#5102=CARTESIAN_POINT('Ctrl Pts',(-89.3851904900461,-201.15106724105,-58.2690727604915));
#5103=CARTESIAN_POINT('Ctrl Pts',(-89.2482196872824,-201.151066123451,-58.0205484688839));
#5104=CARTESIAN_POINT('Ctrl Pts',(-89.1112488845187,-201.151065005853,-57.7720241772763));
#5105=CARTESIAN_POINT('Ctrl Pts',(-89.0235360919069,-201.15106442481,-57.4956993468507));
#5106=CARTESIAN_POINT('Ctrl Pts',(-88.9920971872337,-201.15106442481,-57.2136765465514));
#5107=CARTESIAN_POINT('Ctrl Pts',(-88.9606582825604,-201.15106442481,-56.9316537462522));
#5108=CARTESIAN_POINT('Ctrl Pts',(-88.9853665876775,-201.151065005853,-56.6427966093216));
#5109=CARTESIAN_POINT('Ctrl Pts',(-89.0642458030868,-201.151066123451,-56.3702101208353));
#5110=CARTESIAN_POINT('Ctrl Pts',(-89.143125018496,-201.15106724105,-56.097623632349));
#5111=CARTESIAN_POINT('Ctrl Pts',(-89.2764929838183,-201.151068895719,-55.8402094538068));
#5112=CARTESIAN_POINT('Ctrl Pts',(-89.4536820474062,-201.15107096077,-55.618557631991));
#5113=CARTESIAN_POINT('Ctrl Pts',(-89.6308711109941,-201.15107302582,-55.3969058101753));
#5114=CARTESIAN_POINT('Ctrl Pts',(-89.8525952335655,-201.151075502205,-55.2101232555861));
#5115=CARTESIAN_POINT('Ctrl Pts',(-90.1011193112333,-201.15107820032,-55.0731505150487));
#5116=CARTESIAN_POINT('Ctrl Pts',(-90.349643388901,-201.151080898436,-54.9361777745113));
#5117=CARTESIAN_POINT('Ctrl Pts',(-90.6259687960596,-201.151083819526,-54.8484629720804));
#5118=CARTESIAN_POINT('Ctrl Pts',(-90.9079928171682,-201.151086739941,-54.8170225447619));
#5119=CARTESIAN_POINT('Ctrl Pts',(-91.1900168382767,-201.151089660356,-54.7855821174434));
#5120=CARTESIAN_POINT('Ctrl Pts',(-91.4788758006901,-201.151092581441,-54.810289410975));
#5121=CARTESIAN_POINT('Ctrl Pts',(-91.7514642308697,-201.151095279548,-54.8891684117722));
#5122=CARTESIAN_POINT('Ctrl Pts',(-92.0240526610493,-201.151097977655,-54.9680474125693));
#5123=CARTESIAN_POINT('Ctrl Pts',(-92.2814688421167,-201.151100454028,-55.1014159551397));
#5124=CARTESIAN_POINT('Ctrl Pts',(-92.5031221903649,-201.151102519067,-55.2786062387708));
#5125=CARTESIAN_POINT('Ctrl Pts',(-92.7247755386131,-201.151104584106,-55.455796522402));
#5126=CARTESIAN_POINT('Ctrl Pts',(-92.9115590973679,-201.151106238763,-55.6775224708963));
#5127=CARTESIAN_POINT('Ctrl Pts',(-93.0485320561888,-201.151107356353,-55.9260484894578));
#5128=CARTESIAN_POINT('Ctrl Pts',(-93.1855050150098,-201.151108473944,-56.1745745080193));
#5129=CARTESIAN_POINT('Ctrl Pts',(-93.2732192326677,-201.151109054982,-56.4509019181572));
#5130=CARTESIAN_POINT('Ctrl Pts',(-93.3046584435107,-201.151109054982,-56.7329274649545));
#5131=CARTESIAN_POINT('',(-93.136066720848,-200.981481954941,-56.7517214735291));
#5132=CARTESIAN_POINT('',(-93.3036063965389,-201.150050547042,-56.7330447434313));
#5133=CARTESIAN_POINT('',(-89.1606914493206,-200.981425836539,-57.1948822542865));
#5134=CARTESIAN_POINT('',(-88.9931048233843,-201.150050547042,-57.213564218836));
#5135=CARTESIAN_POINT('',(-93.1483790895034,-200.981585395639,-56.973301862874));
#5136=CARTESIAN_POINT('Ctrl Pts',(-89.1606914493205,-200.981425836539,-57.1948822542865));
#5137=CARTESIAN_POINT('Ctrl Pts',(-89.172410531595,-200.981425836539,-57.300008321316));
#5138=CARTESIAN_POINT('Ctrl Pts',(-89.1924489253817,-200.981540586422,-57.4040303633354));
#5139=CARTESIAN_POINT('Ctrl Pts',(-89.2486976034768,-200.98160418678,-57.6075893172309));
#5140=CARTESIAN_POINT('Ctrl Pts',(-89.2847595026079,-200.981552939132,-57.7068085015965));
#5141=CARTESIAN_POINT('Ctrl Pts',(-89.4154984981081,-200.981360539837,-57.993675412854));
#5142=CARTESIAN_POINT('Ctrl Pts',(-89.5320389297099,-200.981641959517,-58.169747669644));
#5143=CARTESIAN_POINT('Ctrl Pts',(-89.7615200275126,-200.981533627726,-58.4201870451893));
#5144=CARTESIAN_POINT('Ctrl Pts',(-89.8583375522026,-200.981393992745,-58.5071366324152));
#5145=CARTESIAN_POINT('Ctrl Pts',(-90.0673879773851,-200.981517548623,-58.6609891331502));
#5146=CARTESIAN_POINT('Ctrl Pts',(-90.1791069257165,-200.981622784295,-58.7275376099167));
#5147=CARTESIAN_POINT('Ctrl Pts',(-90.4138438331918,-200.981547832069,-58.8380494403506));
#5148=CARTESIAN_POINT('Ctrl Pts',(-90.5362955480808,-200.981403337533,-58.8817516825335));
#5149=CARTESIAN_POINT('Ctrl Pts',(-90.787898395149,-200.981519788638,-58.9448158126421));
#5150=CARTESIAN_POINT('Ctrl Pts',(-90.9164432360664,-200.981631170647,-58.9640356258962));
#5151=CARTESIAN_POINT('Ctrl Pts',(-91.1546416601531,-200.981569633792,-58.9762513231188));
#5152=CARTESIAN_POINT('Ctrl Pts',(-91.2636068896922,-200.981450808249,-58.972943655115));
#5153=CARTESIAN_POINT('Ctrl Pts',(-91.4798551990167,-200.981457056513,-58.9486387639485));
#5154=CARTESIAN_POINT('Ctrl Pts',(-91.5867807816382,-200.981578094512,-58.9276911246453));
#5155=CARTESIAN_POINT('Ctrl Pts',(-91.816248079085,-200.981643097718,-58.8629470004195));
#5156=CARTESIAN_POINT('Ctrl Pts',(-91.9372974252727,-200.981532712827,-58.8156954093197));
#5157=CARTESIAN_POINT('Ctrl Pts',(-92.1685591122056,-200.981426791135,-58.6984232955673));
#5158=CARTESIAN_POINT('Ctrl Pts',(-92.2782152992381,-200.981576643279,-58.6286809825125));
#5159=CARTESIAN_POINT('Ctrl Pts',(-92.4825318392291,-200.98165472228,-58.4689159878628));
#5160=CARTESIAN_POINT('Ctrl Pts',(-92.5766940124511,-200.981549986746,-58.379267768126));
#5161=CARTESIAN_POINT('Ctrl Pts',(-92.7463822727861,-200.981434884568,-58.1829427147517));
#5162=CARTESIAN_POINT('Ctrl Pts',(-92.8214887759405,-200.981579199448,-58.0767273097312));
#5163=CARTESIAN_POINT('Ctrl Pts',(-92.9894610004502,-200.981689327211,-57.7821482553928));
#5164=CARTESIAN_POINT('Ctrl Pts',(-93.0639586615464,-200.981413085267,-57.5851589596514));
#5165=CARTESIAN_POINT('Ctrl Pts',(-93.1279448995844,-200.981607996786,-57.2772440871578));
#5166=CARTESIAN_POINT('Ctrl Pts',(-93.1411877048298,-200.981659134111,-57.1727407421546));
#5167=CARTESIAN_POINT('Ctrl Pts',(-93.1476366749337,-200.981618226015,-57.0362330570764));
#5168=CARTESIAN_POINT('Ctrl Pts',(-93.1483790899945,-200.98160320758,-57.0047643750116));
#5169=CARTESIAN_POINT('Ctrl Pts',(-93.1483790895034,-200.981585395639,-56.9733018620781));
#5170=CARTESIAN_POINT('Ctrl Pts',(-93.1483790895034,-200.981585395639,-56.9733018620781));
#5171=CARTESIAN_POINT('Ctrl Pts',(-93.148379088348,-200.981543495469,-56.8992905769907));
#5172=CARTESIAN_POINT('Ctrl Pts',(-93.1442716046585,-200.981481954941,-56.8253234111953));
#5173=CARTESIAN_POINT('Ctrl Pts',(-93.136066720848,-200.981481954941,-56.751721473529));
#5174=CARTESIAN_POINT('Ctrl Pts',(-117.979917093115,-191.926638131157,-54.9115669804368));
#5175=CARTESIAN_POINT('Ctrl Pts',(-118.019049648021,-191.926638131157,-54.6540051039509));
#5176=CARTESIAN_POINT('Ctrl Pts',(-118.006923133472,-191.926637767329,-54.3880672951792));
#5177=CARTESIAN_POINT('Ctrl Pts',(-117.944512518937,-191.926637067602,-54.1351356364236));
#5178=CARTESIAN_POINT('Ctrl Pts',(-117.882101904401,-191.926636367876,-53.8822039776681));
#5179=CARTESIAN_POINT('Ctrl Pts',(-117.769128698074,-191.926635331783,-53.6411498489569));
#5180=CARTESIAN_POINT('Ctrl Pts',(-117.614676159004,-191.926634038857,-53.431354681337));
#5181=CARTESIAN_POINT('Ctrl Pts',(-117.460223619934,-191.926632745931,-53.2215595137171));
#5182=CARTESIAN_POINT('Ctrl Pts',(-117.263602551115,-191.926631195309,-53.042087178979));
#5183=CARTESIAN_POINT('Ctrl Pts',(-117.040621743965,-191.926629506021,-52.9073678630931));
#5184=CARTESIAN_POINT('Ctrl Pts',(-116.817640936815,-191.926627816733,-52.7726485472073));
#5185=CARTESIAN_POINT('Ctrl Pts',(-116.567305420967,-191.92662598765,-52.6820811309945));
#5186=CARTESIAN_POINT('Ctrl Pts',(-116.309742873317,-191.926624159179,-52.6429476669871));
#5187=CARTESIAN_POINT('Ctrl Pts',(-116.052180325668,-191.926622330708,-52.6038142029797));
#5188=CARTESIAN_POINT('Ctrl Pts',(-115.786241484122,-191.926620501627,-52.6159400904216));
#5189=CARTESIAN_POINT('Ctrl Pts',(-115.53330870699,-191.926618812341,-52.678350536074));
#5190=CARTESIAN_POINT('Ctrl Pts',(-115.280375929859,-191.926617123055,-52.7407609817264));
#5191=CARTESIAN_POINT('Ctrl Pts',(-115.039320629367,-191.926615572435,-52.8537344760017));
#5192=CARTESIAN_POINT('Ctrl Pts',(-114.829524550583,-191.926614279512,-53.0081876858258));
#5193=CARTESIAN_POINT('Ctrl Pts',(-114.6197284718,-191.92661298659,-53.1626408956499));
#5194=CARTESIAN_POINT('Ctrl Pts',(-114.44025551405,-191.926611950499,-53.3592629977552));
#5195=CARTESIAN_POINT('Ctrl Pts',(-114.30553602725,-191.926611250775,-53.5822449228621));
#5196=CARTESIAN_POINT('Ctrl Pts',(-114.170816540451,-191.92661055105,-53.805226847969));
#5197=CARTESIAN_POINT('Ctrl Pts',(-114.08024941631,-191.926610187224,-54.0555635361148));
#5198=CARTESIAN_POINT('Ctrl Pts',(-114.041116621055,-191.926610187223,-54.3131269945271));
#5199=CARTESIAN_POINT('Ctrl Pts',(-114.0019838258,-191.926610187223,-54.5706904529395));
#5200=CARTESIAN_POINT('Ctrl Pts',(-114.01411075068,-191.92661055105,-54.8366299180439));
#5201=CARTESIAN_POINT('Ctrl Pts',(-114.076522312317,-191.926611250775,-55.0895628657235));
#5202=CARTESIAN_POINT('Ctrl Pts',(-114.138933873954,-191.926611950499,-55.342495813403));
#5203=CARTESIAN_POINT('Ctrl Pts',(-114.251908544709,-191.926612986589,-55.5835508224112));
#5204=CARTESIAN_POINT('Ctrl Pts',(-114.406362663349,-191.926614279512,-55.7933462321156));
#5205=CARTESIAN_POINT('Ctrl Pts',(-114.560816781989,-191.926615572435,-56.0031416418199));
#5206=CARTESIAN_POINT('Ctrl Pts',(-114.757439511855,-191.926617123055,-56.1826135627553));
#5207=CARTESIAN_POINT('Ctrl Pts',(-114.980421605571,-191.926618812341,-56.317331933276));
#5208=CARTESIAN_POINT('Ctrl Pts',(-115.203403699288,-191.926620501627,-56.4520503037967));
#5209=CARTESIAN_POINT('Ctrl Pts',(-115.453740100147,-191.926622330708,-56.5426162521101));
#5210=CARTESIAN_POINT('Ctrl Pts',(-115.711302887524,-191.926624159179,-56.5817481382828));
#5211=CARTESIAN_POINT('Ctrl Pts',(-115.968865674901,-191.92662598765,-56.6208800244555));
#5212=CARTESIAN_POINT('Ctrl Pts',(-116.234804107359,-191.926627816733,-56.6087524724961));
#5213=CARTESIAN_POINT('Ctrl Pts',(-116.487735936768,-191.926629506021,-56.5463407420126));
#5214=CARTESIAN_POINT('Ctrl Pts',(-116.740667766177,-191.926631195309,-56.4839290115291));
#5215=CARTESIAN_POINT('Ctrl Pts',(-116.981721603484,-191.926632745931,-56.3709546287725));
#5216=CARTESIAN_POINT('Ctrl Pts',(-117.191516102076,-191.926634038857,-56.2165011809558));
#5217=CARTESIAN_POINT('Ctrl Pts',(-117.401310600668,-191.926635331783,-56.0620477331391));
#5218=CARTESIAN_POINT('Ctrl Pts',(-117.580781898614,-191.926636367876,-55.8654260366522));
#5219=CARTESIAN_POINT('Ctrl Pts',(-117.715500098225,-191.926637067602,-55.6424450610025));
#5220=CARTESIAN_POINT('Ctrl Pts',(-117.850218297837,-191.926637767329,-55.4194640853528));
#5221=CARTESIAN_POINT('Ctrl Pts',(-117.94078453821,-191.926638131157,-55.1691288569227));
#5222=CARTESIAN_POINT('Ctrl Pts',(-117.979917093115,-191.926638131157,-54.9115669804368));
#5223=CARTESIAN_POINT('Ctrl Pts',(-118.038460860413,-191.867420889344,-54.9204618029913));
#5224=CARTESIAN_POINT('Ctrl Pts',(-118.078757755921,-191.867420889344,-54.6552364925374));
#5225=CARTESIAN_POINT('Ctrl Pts',(-118.066271371377,-191.86742054654,-54.3814068829492));
#5226=CARTESIAN_POINT('Ctrl Pts',(-118.002003787411,-191.867419887224,-54.1209495655467));
#5227=CARTESIAN_POINT('Ctrl Pts',(-117.937736203446,-191.867419227908,-53.8604922481442));
#5228=CARTESIAN_POINT('Ctrl Pts',(-117.821410450658,-191.867418251686,-53.6122847717773));
#5229=CARTESIAN_POINT('Ctrl Pts',(-117.662362346656,-191.86741703343,-53.396247444687));
#5230=CARTESIAN_POINT('Ctrl Pts',(-117.503314242655,-191.867415815173,-53.1802101175967));
#5231=CARTESIAN_POINT('Ctrl Pts',(-117.3008583577,-191.867414354154,-52.995411927947));
#5232=CARTESIAN_POINT('Ctrl Pts',(-117.071243036171,-191.867412762426,-52.8566842659254));
#5233=CARTESIAN_POINT('Ctrl Pts',(-116.841627714642,-191.867411170698,-52.7179566039038));
#5234=CARTESIAN_POINT('Ctrl Pts',(-116.583863424441,-191.86740944731,-52.6247016353073));
#5235=CARTESIAN_POINT('Ctrl Pts',(-116.318637468188,-191.867407724438,-52.5844038650914));
#5236=CARTESIAN_POINT('Ctrl Pts',(-116.053411511935,-191.867406001565,-52.5441060948755));
#5237=CARTESIAN_POINT('Ctrl Pts',(-115.779580908611,-191.867404278178,-52.5565918759721));
#5238=CARTESIAN_POINT('Ctrl Pts',(-115.51912251511,-191.867402686452,-52.6208592974531));
#5239=CARTESIAN_POINT('Ctrl Pts',(-115.25866412161,-191.867401094726,-52.6851267189341));
#5240=CARTESIAN_POINT('Ctrl Pts',(-115.010455517751,-191.86739963371,-52.8014527487696));
#5241=CARTESIAN_POINT('Ctrl Pts',(-114.794417313939,-191.867398415457,-52.9605014981695));
#5242=CARTESIAN_POINT('Ctrl Pts',(-114.578379110127,-191.867397197203,-53.1195502475694));
#5243=CARTESIAN_POINT('Ctrl Pts',(-114.393580321029,-191.867396220985,-53.3220071267591));
#5244=CARTESIAN_POINT('Ctrl Pts',(-114.25485249454,-191.867395561671,-53.5516235239759));
#5245=CARTESIAN_POINT('Ctrl Pts',(-114.116124668051,-191.867394902357,-53.7812399211927));
#5246=CARTESIAN_POINT('Ctrl Pts',(-114.02286998053,-191.867394559554,-54.03900533939));
#5247=CARTESIAN_POINT('Ctrl Pts',(-113.982572853758,-191.867394559554,-54.3042321719726));
#5248=CARTESIAN_POINT('Ctrl Pts',(-113.942275726986,-191.867394559554,-54.5694590045553));
#5249=CARTESIAN_POINT('Ctrl Pts',(-113.954762506373,-191.867394902357,-54.8432902078608));
#5250=CARTESIAN_POINT('Ctrl Pts',(-114.019031001616,-191.867395561671,-55.1037487654708));
#5251=CARTESIAN_POINT('Ctrl Pts',(-114.083299496859,-191.867396220984,-55.3642073230808));
#5252=CARTESIAN_POINT('Ctrl Pts',(-114.199626658776,-191.867397197203,-55.6124156464381));
#5253=CARTESIAN_POINT('Ctrl Pts',(-114.358676282605,-191.867398415457,-55.8284532064873));
#5254=CARTESIAN_POINT('Ctrl Pts',(-114.517725906433,-191.867399633711,-56.0444907665366));
#5255=CARTESIAN_POINT('Ctrl Pts',(-114.72018338971,-191.867401094726,-56.2292885579523));
#5256=CARTESIAN_POINT('Ctrl Pts',(-114.949799949144,-191.867402686452,-56.3680153103919));
#5257=CARTESIAN_POINT('Ctrl Pts',(-115.179416508578,-191.867404278178,-56.5067420628314));
#5258=CARTESIAN_POINT('Ctrl Pts',(-115.437181650374,-191.867406001565,-56.5999956189081));
#5259=CARTESIAN_POINT('Ctrl Pts',(-115.702407837284,-191.867407724438,-56.6402918709921));
#5260=CARTESIAN_POINT('Ctrl Pts',(-115.967634024193,-191.86740944731,-56.6805881230762));
#5261=CARTESIAN_POINT('Ctrl Pts',(-116.241464233888,-191.867411170698,-56.6681007402672));
#5262=CARTESIAN_POINT('Ctrl Pts',(-116.501921715504,-191.867412762426,-56.6038320825767));
#5263=CARTESIAN_POINT('Ctrl Pts',(-116.76237919712,-191.867414354154,-56.5395634248862));
#5264=CARTESIAN_POINT('Ctrl Pts',(-117.010586393064,-191.867415815173,-56.4232365400656));
#5265=CARTESIAN_POINT('Ctrl Pts',(-117.226623076442,-191.86741703343,-56.2641875617038));
#5266=CARTESIAN_POINT('Ctrl Pts',(-117.44265975982,-191.867418251686,-56.105138583342));
#5267=CARTESIAN_POINT('Ctrl Pts',(-117.62745695181,-191.867419227908,-55.9026820943918));
#5268=CARTESIAN_POINT('Ctrl Pts',(-117.766183539787,-191.867419887224,-55.6730666107542));
#5269=CARTESIAN_POINT('Ctrl Pts',(-117.904910127764,-191.86742054654,-55.4434511271166));
#5270=CARTESIAN_POINT('Ctrl Pts',(-117.998163964904,-191.867420889344,-55.1856871134452));
#5271=CARTESIAN_POINT('Ctrl Pts',(-118.038460860413,-191.867420889344,-54.9204618029913));
#5272=CARTESIAN_POINT('Ctrl Pts',(-118.09700462771,-191.808203647531,-54.9293566255458));
#5273=CARTESIAN_POINT('Ctrl Pts',(-118.138465863507,-191.808203647531,-54.6564678831905));
#5274=CARTESIAN_POINT('Ctrl Pts',(-118.125619609502,-191.808203325749,-54.3747464749497));
#5275=CARTESIAN_POINT('Ctrl Pts',(-118.059495057345,-191.808202706845,-54.1067635005839));
#5276=CARTESIAN_POINT('Ctrl Pts',(-117.993370505188,-191.808202087942,-53.838780526218));
#5277=CARTESIAN_POINT('Ctrl Pts',(-117.87369220785,-191.808201171587,-53.5834197033466));
#5278=CARTESIAN_POINT('Ctrl Pts',(-117.710048540982,-191.808200028002,-53.3611402171012));
#5279=CARTESIAN_POINT('Ctrl Pts',(-117.546404874113,-191.808198884417,-53.1388607308558));
#5280=CARTESIAN_POINT('Ctrl Pts',(-117.33811417519,-191.808197512997,-52.9487366857563));
#5281=CARTESIAN_POINT('Ctrl Pts',(-117.101864340964,-191.808196018832,-52.8060006763624));
#5282=CARTESIAN_POINT('Ctrl Pts',(-116.865614506738,-191.808194524667,-52.6632646669684));
#5283=CARTESIAN_POINT('Ctrl Pts',(-116.600421443338,-191.808192906967,-52.5673221440743));
#5284=CARTESIAN_POINT('Ctrl Pts',(-116.327532078795,-191.808191289696,-52.5258600655866));
#5285=CARTESIAN_POINT('Ctrl Pts',(-116.054642714252,-191.808189672425,-52.4843979870989));
#5286=CARTESIAN_POINT('Ctrl Pts',(-115.772920348616,-191.808188054727,-52.4972436596798));
#5287=CARTESIAN_POINT('Ctrl Pts',(-115.504936337508,-191.808186560564,-52.5633680553091));
#5288=CARTESIAN_POINT('Ctrl Pts',(-115.236952326401,-191.808185066401,-52.6294924509384));
#5289=CARTESIAN_POINT('Ctrl Pts',(-114.981590417265,-191.808183694983,-52.7491710151763));
#5290=CARTESIAN_POINT('Ctrl Pts',(-114.759310086359,-191.808182551402,-52.91281530384));
#5291=CARTESIAN_POINT('Ctrl Pts',(-114.537029755453,-191.80818140782,-53.0764595925038));
#5292=CARTESIAN_POINT('Ctrl Pts',(-114.34690513284,-191.808180491468,-53.2847512493094));
#5293=CARTESIAN_POINT('Ctrl Pts',(-114.20416896498,-191.808179872567,-53.5210021198759));
#5294=CARTESIAN_POINT('Ctrl Pts',(-114.061432797119,-191.808179253664,-53.7572529904424));
#5295=CARTESIAN_POINT('Ctrl Pts',(-113.965490545064,-191.808178931885,-54.0224471405986));
#5296=CARTESIAN_POINT('Ctrl Pts',(-113.92402908646,-191.808178931885,-54.2953373494181));
#5297=CARTESIAN_POINT('Ctrl Pts',(-113.882567627857,-191.808178931885,-54.5682275582377));
#5298=CARTESIAN_POINT('Ctrl Pts',(-113.895414262288,-191.808179253665,-54.8499505019082));
#5299=CARTESIAN_POINT('Ctrl Pts',(-113.961539692375,-191.808179872567,-55.1179346711322));
#5300=CARTESIAN_POINT('Ctrl Pts',(-114.027665122461,-191.808180491468,-55.3859188403563));
#5301=CARTESIAN_POINT('Ctrl Pts',(-114.147344777452,-191.808181407819,-55.6412804792137));
#5302=CARTESIAN_POINT('Ctrl Pts',(-114.310989908534,-191.808182551402,-55.8635601899232));
#5303=CARTESIAN_POINT('Ctrl Pts',(-114.474635039616,-191.808183694984,-56.0858399006327));
#5304=CARTESIAN_POINT('Ctrl Pts',(-114.682927278471,-191.808185066401,-56.2759635619908));
#5305=CARTESIAN_POINT('Ctrl Pts',(-114.919178305304,-191.808186560564,-56.4186986951126));
#5306=CARTESIAN_POINT('Ctrl Pts',(-115.155429332136,-191.808188054727,-56.5614338282344));
#5307=CARTESIAN_POINT('Ctrl Pts',(-115.420623216025,-191.808189672425,-56.6573749901604));
#5308=CARTESIAN_POINT('Ctrl Pts',(-115.693512802781,-191.808191289696,-56.6988356060925));
#5309=CARTESIAN_POINT('Ctrl Pts',(-115.966402389537,-191.808192906967,-56.7402962220246));
#5310=CARTESIAN_POINT('Ctrl Pts',(-116.248124375935,-191.808194524667,-56.7274490061958));
#5311=CARTESIAN_POINT('Ctrl Pts',(-116.516107508518,-191.808196018832,-56.6613234196179));
#5312=CARTESIAN_POINT('Ctrl Pts',(-116.784090641102,-191.808197512997,-56.59519783304));
#5313=CARTESIAN_POINT('Ctrl Pts',(-117.039451193773,-191.808198884417,-56.4755184449975));
#5314=CARTESIAN_POINT('Ctrl Pts',(-117.261730059872,-191.808200028002,-56.3118739357786));
#5315=CARTESIAN_POINT('Ctrl Pts',(-117.484008925971,-191.808201171587,-56.1482294265598));
#5316=CARTESIAN_POINT('Ctrl Pts',(-117.674132009838,-191.808202087942,-55.9399381456774));
#5317=CARTESIAN_POINT('Ctrl Pts',(-117.816866984499,-191.808202706846,-55.703688155292));
#5318=CARTESIAN_POINT('Ctrl Pts',(-117.95960195916,-191.80820332575,-55.4674381649066));
#5319=CARTESIAN_POINT('Ctrl Pts',(-118.055543391913,-191.808203647531,-55.2022453679011));
#5320=CARTESIAN_POINT('Ctrl Pts',(-118.09700462771,-191.808203647531,-54.9293566255458));
#5321=CARTESIAN_POINT('Ctrl Pts',(-118.155548395008,-191.748986405718,-54.9382514481003));
#5322=CARTESIAN_POINT('Ctrl Pts',(-118.198173970837,-191.748986405718,-54.6576992755338));
#5323=CARTESIAN_POINT('Ctrl Pts',(-118.184967847808,-191.748986104958,-54.3680860704105));
#5324=CARTESIAN_POINT('Ctrl Pts',(-118.116986328473,-191.748985526467,-54.0925774404583));
#5325=CARTESIAN_POINT('Ctrl Pts',(-118.049004809137,-191.748984947976,-53.8170688105061));
#5326=CARTESIAN_POINT('Ctrl Pts',(-117.925973968812,-191.748984091487,-53.5545546420716));
#5327=CARTESIAN_POINT('Ctrl Pts',(-117.757734740765,-191.748983022575,-53.3260329969291));
#5328=CARTESIAN_POINT('Ctrl Pts',(-117.589495512718,-191.748981953663,-53.0975113517866));
#5329=CARTESIAN_POINT('Ctrl Pts',(-117.375370001601,-191.748980671837,-52.9020614507973));
#5330=CARTESIAN_POINT('Ctrl Pts',(-117.132485656053,-191.748979275237,-52.7553170930195));
#5331=CARTESIAN_POINT('Ctrl Pts',(-116.889601310505,-191.748977878638,-52.6085727352417));
#5332=CARTESIAN_POINT('Ctrl Pts',(-116.616979474851,-191.748976366622,-52.5099426564845));
#5333=CARTESIAN_POINT('Ctrl Pts',(-116.336426702275,-191.748974854955,-52.4673162680374));
#5334=CARTESIAN_POINT('Ctrl Pts',(-116.055873929698,-191.748973343287,-52.4246898795903));
#5335=CARTESIAN_POINT('Ctrl Pts',(-115.766259801312,-191.748971831273,-52.4378954418803));
#5336=CARTESIAN_POINT('Ctrl Pts',(-115.490750171584,-191.748970434675,-52.5058768102835));
#5337=CARTESIAN_POINT('Ctrl Pts',(-115.215240541856,-191.748969038078,-52.5738581786866));
#5338=CARTESIAN_POINT('Ctrl Pts',(-114.952725325881,-191.748967756255,-52.6968892763803));
#5339=CARTESIAN_POINT('Ctrl Pts',(-114.724202866192,-191.748966687346,-52.8651291040526));
#5340=CARTESIAN_POINT('Ctrl Pts',(-114.495680406503,-191.748965618438,-53.0333689317248));
#5341=CARTESIAN_POINT('Ctrl Pts',(-114.300229948604,-191.748964761951,-53.2474953665811));
#5342=CARTESIAN_POINT('Ctrl Pts',(-114.153485437996,-191.748964183462,-53.4903807115115));
#5343=CARTESIAN_POINT('Ctrl Pts',(-114.006740927388,-191.748963604973,-53.7332660564419));
#5344=CARTESIAN_POINT('Ctrl Pts',(-113.908111109855,-191.748963304216,-54.0058889401169));
#5345=CARTESIAN_POINT('Ctrl Pts',(-113.865485319163,-191.748963304216,-54.2864425268637));
#5346=CARTESIAN_POINT('Ctrl Pts',(-113.822859528471,-191.748963304216,-54.5669961136104));
#5347=CARTESIAN_POINT('Ctrl Pts',(-113.836066018383,-191.748963604974,-54.8566107994157));
#5348=CARTESIAN_POINT('Ctrl Pts',(-113.904048384327,-191.748964183463,-55.1321205816309));
#5349=CARTESIAN_POINT('Ctrl Pts',(-113.97203075027,-191.748964761951,-55.4076303638461));
#5350=CARTESIAN_POINT('Ctrl Pts',(-114.095062899897,-191.748965618438,-55.6701453191451));
#5351=CARTESIAN_POINT('Ctrl Pts',(-114.263303539921,-191.748966687346,-55.8986671807728));
#5352=CARTESIAN_POINT('Ctrl Pts',(-114.431544179945,-191.748967756255,-56.1271890424005));
#5353=CARTESIAN_POINT('Ctrl Pts',(-114.645671176152,-191.748969038078,-56.3226385732609));
#5354=CARTESIAN_POINT('Ctrl Pts',(-114.888556671759,-191.748970434675,-56.4693820860535));
#5355=CARTESIAN_POINT('Ctrl Pts',(-115.131442167366,-191.748971831273,-56.6161255988461));
#5356=CARTESIAN_POINT('Ctrl Pts',(-115.404064794291,-191.748973343287,-56.714754365056));
#5357=CARTESIAN_POINT('Ctrl Pts',(-115.68461778115,-191.748974854955,-56.7573793431486));
#5358=CARTESIAN_POINT('Ctrl Pts',(-115.965170768008,-191.748976366622,-56.8000043212412));
#5359=CARTESIAN_POINT('Ctrl Pts',(-116.254784530672,-191.748977878638,-56.786797270617));
#5360=CARTESIAN_POINT('Ctrl Pts',(-116.530293313211,-191.748979275237,-56.7188147537774));
#5361=CARTESIAN_POINT('Ctrl Pts',(-116.80580209575,-191.748980671837,-56.6508322369378));
#5362=CARTESIAN_POINT('Ctrl Pts',(-117.068316003585,-191.748981953663,-56.5278003447268));
#5363=CARTESIAN_POINT('Ctrl Pts',(-117.296837050716,-191.748983022575,-56.3595603043955));
#5364=CARTESIAN_POINT('Ctrl Pts',(-117.525358097847,-191.748984091487,-56.1913202640642));
#5365=CARTESIAN_POINT('Ctrl Pts',(-117.72080707182,-191.748984947976,-55.9771941916845));
#5366=CARTESIAN_POINT('Ctrl Pts',(-117.867550431787,-191.748985526467,-55.7343096955653));
#5367=CARTESIAN_POINT('Ctrl Pts',(-118.014293791755,-191.748986104958,-55.4914251994462));
#5368=CARTESIAN_POINT('Ctrl Pts',(-118.112922819179,-191.748986405717,-55.2188036206667));
#5369=CARTESIAN_POINT('Ctrl Pts',(-118.155548395008,-191.748986405718,-54.9382514481003));
#5370=CARTESIAN_POINT('',(-117.987824209336,-191.918640053224,-54.9127683447999));
#5371=CARTESIAN_POINT('',(-118.15454632828,-191.749999999999,-54.9380991995153));
#5372=CARTESIAN_POINT('',(-114.033208197312,-191.918611004775,-54.3119254315062));
#5373=CARTESIAN_POINT('',(-113.866510252598,-191.749999999999,-54.286598249692));
#5374=CARTESIAN_POINT('',(-118.01051620162,-191.918498725696,-54.6123468879402));
#5375=CARTESIAN_POINT('Ctrl Pts',(-114.033208197312,-191.918611004775,-54.3119254315068));
#5376=CARTESIAN_POINT('Ctrl Pts',(-114.04897569356,-191.918611004776,-54.2081472363207));
#5377=CARTESIAN_POINT('Ctrl Pts',(-114.072886334678,-191.918497842253,-54.1057800089321));
#5378=CARTESIAN_POINT('Ctrl Pts',(-114.136466140293,-191.918433563692,-53.9060262043011));
#5379=CARTESIAN_POINT('Ctrl Pts',(-114.175985962503,-191.918482664684,-53.8089472409989));
#5380=CARTESIAN_POINT('Ctrl Pts',(-114.316301663218,-191.918676355334,-53.5292981833426));
#5381=CARTESIAN_POINT('Ctrl Pts',(-114.438177872034,-191.918405139541,-53.3589074413387));
#5382=CARTESIAN_POINT('Ctrl Pts',(-114.675050557881,-191.918505523463,-53.1179065253673));
#5383=CARTESIAN_POINT('Ctrl Pts',(-114.774741212348,-191.918653743762,-53.0344742632883));
#5384=CARTESIAN_POINT('Ctrl Pts',(-114.988855352389,-191.918544519399,-52.8881014914958));
#5385=CARTESIAN_POINT('Ctrl Pts',(-115.102761577668,-191.918433945695,-52.825507157441));
#5386=CARTESIAN_POINT('Ctrl Pts',(-115.340968575775,-191.91850380853,-52.7233033725006));
#5387=CARTESIAN_POINT('Ctrl Pts',(-115.464686866643,-191.918656864318,-52.6839146253095));
#5388=CARTESIAN_POINT('Ctrl Pts',(-115.718066911361,-191.918557745572,-52.6296042704061));
#5389=CARTESIAN_POINT('Ctrl Pts',(-115.847124521076,-191.918441196526,-52.6148234889931));
#5390=CARTESIAN_POINT('Ctrl Pts',(-116.088499042915,-191.918498596071,-52.6107426364918));
#5391=CARTESIAN_POINT('Ctrl Pts',(-116.200247635881,-191.918624567413,-52.6182301407377));
#5392=CARTESIAN_POINT('Ctrl Pts',(-116.421321883909,-191.918626488376,-52.6518011751669));
#5393=CARTESIAN_POINT('Ctrl Pts',(-116.530260664504,-191.918502049436,-52.6778268531944));
#5394=CARTESIAN_POINT('Ctrl Pts',(-116.759549141624,-191.918447815418,-52.7533829794172));
#5395=CARTESIAN_POINT('Ctrl Pts',(-116.878402599925,-191.918565966165,-52.805811898705));
#5396=CARTESIAN_POINT('Ctrl Pts',(-117.104243941505,-191.918668974248,-52.9328999517285));
#5397=CARTESIAN_POINT('Ctrl Pts',(-117.210696222929,-191.918517759044,-53.0072459398944));
#5398=CARTESIAN_POINT('Ctrl Pts',(-117.407827349364,-191.918450815519,-53.1755668977961));
#5399=CARTESIAN_POINT('Ctrl Pts',(-117.498016044718,-191.918562681506,-53.2691574717336));
#5400=CARTESIAN_POINT('Ctrl Pts',(-117.659024603515,-191.918674964646,-53.4725034194749));
#5401=CARTESIAN_POINT('Ctrl Pts',(-117.729452830507,-191.918528163269,-53.5817749265855));
#5402=CARTESIAN_POINT('Ctrl Pts',(-117.884116443659,-191.918430319244,-53.8822790487634));
#5403=CARTESIAN_POINT('Ctrl Pts',(-117.949917331112,-191.918703139626,-54.0812166135316));
#5404=CARTESIAN_POINT('Ctrl Pts',(-118.000870498556,-191.918510831132,-54.3899822005291));
#5405=CARTESIAN_POINT('Ctrl Pts',(-118.009779561022,-191.918462017076,-54.4944374056026));
#5406=CARTESIAN_POINT('Ctrl Pts',(-118.010501599792,-191.918495689797,-54.603521868635));
#5407=CARTESIAN_POINT('Ctrl Pts',(-118.010516201599,-191.918497157597,-54.6079345131149));
#5408=CARTESIAN_POINT('Ctrl Pts',(-118.01051620162,-191.918498725696,-54.6123468879586));
#5409=CARTESIAN_POINT('Ctrl Pts',(-118.01051620162,-191.918498725696,-54.6123468879586));
#5410=CARTESIAN_POINT('Ctrl Pts',(-118.0105162021,-191.918534466258,-54.7129149666735));
#5411=CARTESIAN_POINT('Ctrl Pts',(-118.002931875395,-191.918640053583,-54.813333004525));
#5412=CARTESIAN_POINT('Ctrl Pts',(-117.987824208982,-191.918640053583,-54.9127683447459));
#5413=CARTESIAN_POINT('Ctrl Pts',(-103.525187777742,-191.91965132733,-34.0133431311482));
#5414=CARTESIAN_POINT('Ctrl Pts',(-103.496223959821,-191.91965132733,-33.7535231048997));
#5415=CARTESIAN_POINT('Ctrl Pts',(-103.415399868644,-191.919650629237,-33.4988998202156));
#5416=CARTESIAN_POINT('Ctrl Pts',(-103.289212428426,-191.919649286635,-33.2699410029958));
#5417=CARTESIAN_POINT('Ctrl Pts',(-103.163024988208,-191.919647944032,-33.040982185776));
#5418=CARTESIAN_POINT('Ctrl Pts',(-102.990913448718,-191.919645956032,-32.8366704148902));
#5419=CARTESIAN_POINT('Ctrl Pts',(-102.786712759677,-191.919643475227,-32.6734292953734));
#5420=CARTESIAN_POINT('Ctrl Pts',(-102.582512070637,-191.919640994422,-32.5101881758567));
#5421=CARTESIAN_POINT('Ctrl Pts',(-102.345314819476,-191.919638019173,-32.3872923349902));
#5422=CARTESIAN_POINT('Ctrl Pts',(-102.09418792329,-191.919634777848,-32.3146209679739));
#5423=CARTESIAN_POINT('Ctrl Pts',(-101.843061027105,-191.919631536523,-32.2419496009576));
#5424=CARTESIAN_POINT('Ctrl Pts',(-101.576888571001,-191.919628026982,-32.2191798114345));
#5425=CARTESIAN_POINT('Ctrl Pts',(-101.317066845162,-191.919624518601,-32.2481422745178));
#5426=CARTESIAN_POINT('Ctrl Pts',(-101.057245119322,-191.919621010221,-32.2771047376011));
#5427=CARTESIAN_POINT('Ctrl Pts',(-100.802619603605,-191.919617500684,-32.3579281778335));
#5428=CARTESIAN_POINT('Ctrl Pts',(-100.573658624452,-191.919614259366,-32.4841158610227));
#5429=CARTESIAN_POINT('Ctrl Pts',(-100.344697645299,-191.919611018049,-32.6103035442119));
#5430=CARTESIAN_POINT('Ctrl Pts',(-100.140383840686,-191.919608042811,-32.7824162019636));
#5431=CARTESIAN_POINT('Ctrl Pts',(-99.977141362217,-191.919605562016,-32.9866185906935));
#5432=CARTESIAN_POINT('Ctrl Pts',(-99.8138988837485,-191.919603081222,-33.1908209794233));
#5433=CARTESIAN_POINT('Ctrl Pts',(-99.6910023997634,-191.919601093233,-33.4280204603382));
#5434=CARTESIAN_POINT('Ctrl Pts',(-99.6183312717111,-191.919599750638,-33.6791495184956));
#5435=CARTESIAN_POINT('Ctrl Pts',(-99.5456601436587,-191.919598408043,-33.9302785766529));
#5436=CARTESIAN_POINT('Ctrl Pts',(-99.5228914803295,-191.919597709954,-34.1964530651941));
#5437=CARTESIAN_POINT('Ctrl Pts',(-99.5518556392142,-191.919597709954,-34.4562761500587));
#5438=CARTESIAN_POINT('Ctrl Pts',(-99.5808197980988,-191.919597709954,-34.7160992349232));
#5439=CARTESIAN_POINT('Ctrl Pts',(-99.6616454761488,-191.919598408043,-34.9707253925494));
#5440=CARTESIAN_POINT('Ctrl Pts',(-99.7878353175612,-191.919599750638,-35.1996861329124));
#5441=CARTESIAN_POINT('Ctrl Pts',(-99.9140251589736,-191.919601093233,-35.4286468732753));
#5442=CARTESIAN_POINT('Ctrl Pts',(-100.086139857375,-191.919603081222,-35.6329595506043));
#5443=CARTESIAN_POINT('Ctrl Pts',(-100.29034360151,-191.919605562016,-35.79620033356));
#5444=CARTESIAN_POINT('Ctrl Pts',(-100.494547345646,-191.919608042811,-35.9594411165156));
#5445=CARTESIAN_POINT('Ctrl Pts',(-100.73174747679,-191.919611018049,-36.0823353617021));
#5446=CARTESIAN_POINT('Ctrl Pts',(-100.982876292598,-191.919614259366,-36.1550043319277));
#5447=CARTESIAN_POINT('Ctrl Pts',(-101.234005108407,-191.919617500683,-36.2276733021533));
#5448=CARTESIAN_POINT('Ctrl Pts',(-101.500178477995,-191.91962101022,-36.2504399239599));
#5449=CARTESIAN_POINT('Ctrl Pts',(-101.759999863753,-191.919624518601,-36.2214744101836));
#5450=CARTESIAN_POINT('Ctrl Pts',(-102.019821249511,-191.919628026982,-36.1925088964073));
#5451=CARTESIAN_POINT('Ctrl Pts',(-102.274445176589,-191.919631536524,-36.1116825673861));
#5452=CARTESIAN_POINT('Ctrl Pts',(-102.503403755431,-191.919634777848,-35.9854929689773));
#5453=CARTESIAN_POINT('Ctrl Pts',(-102.732362334272,-191.919638019173,-35.8593033705686));
#5454=CARTESIAN_POINT('Ctrl Pts',(-102.93667297821,-191.919640994422,-35.6871897905267));
#5455=CARTESIAN_POINT('Ctrl Pts',(-103.099912402465,-191.919643475227,-35.4829877462814));
#5456=CARTESIAN_POINT('Ctrl Pts',(-103.26315182672,-191.919645956032,-35.2787857020361));
#5457=CARTESIAN_POINT('Ctrl Pts',(-103.386045428958,-191.919647944032,-35.0415878009527));
#5458=CARTESIAN_POINT('Ctrl Pts',(-103.45871463827,-191.919649286635,-34.7904611475107));
#5459=CARTESIAN_POINT('Ctrl Pts',(-103.531383847582,-191.919650629237,-34.5393344940686));
#5460=CARTESIAN_POINT('Ctrl Pts',(-103.554151595663,-191.91965132733,-34.2731631573968));
#5461=CARTESIAN_POINT('Ctrl Pts',(-103.525187777742,-191.91965132733,-34.0133431311482));
#5462=CARTESIAN_POINT('Ctrl Pts',(-103.581725809994,-191.862763080624,-34.0070404712055));
#5463=CARTESIAN_POINT('Ctrl Pts',(-103.551936965017,-191.862763080624,-33.7398195369757));
#5464=CARTESIAN_POINT('Ctrl Pts',(-103.46881664449,-191.86276242155,-33.4779624201678));
#5465=CARTESIAN_POINT('Ctrl Pts',(-103.339034757165,-191.862761153946,-33.2424817937449));
#5466=CARTESIAN_POINT('Ctrl Pts',(-103.209252869839,-191.862759886343,-33.0070011673219));
#5467=CARTESIAN_POINT('Ctrl Pts',(-103.032251612611,-191.862758009459,-32.7968849565893));
#5468=CARTESIAN_POINT('Ctrl Pts',(-102.822234297289,-191.862755667234,-32.6289940280723));
#5469=CARTESIAN_POINT('Ctrl Pts',(-102.612216981967,-191.862753325009,-32.4611030995553));
#5470=CARTESIAN_POINT('Ctrl Pts',(-102.368280964711,-191.862750516057,-32.3347158916661));
#5471=CARTESIAN_POINT('Ctrl Pts',(-102.110000815728,-191.862747455796,-32.2599746044354));
#5472=CARTESIAN_POINT('Ctrl Pts',(-101.851720666744,-191.862744395536,-32.1852333172048));
#5473=CARTESIAN_POINT('Ctrl Pts',(-101.577986334877,-191.862741082155,-32.1618167499997));
#5474=CARTESIAN_POINT('Ctrl Pts',(-101.310763762717,-191.862737769757,-32.1916042893466));
#5475=CARTESIAN_POINT('Ctrl Pts',(-101.043541190556,-191.862734457359,-32.2213918286934));
#5476=CARTESIAN_POINT('Ctrl Pts',(-100.781681923629,-191.862731143983,-32.3045115218088));
#5477=CARTESIAN_POINT('Ctrl Pts',(-100.546199213715,-191.86272808373,-32.4342936433164));
#5478=CARTESIAN_POINT('Ctrl Pts',(-100.310716503801,-191.862725023477,-32.5640757648239));
#5479=CARTESIAN_POINT('Ctrl Pts',(-100.100598333103,-191.862722214536,-32.7410780997158));
#5480=CARTESIAN_POINT('Ctrl Pts',(-99.9327060949317,-191.862719872322,-32.9510970530621));
#5481=CARTESIAN_POINT('Ctrl Pts',(-99.7648138567604,-191.862717530109,-33.1611160064085));
#5482=CARTESIAN_POINT('Ctrl Pts',(-99.6384260291104,-191.862715653236,-33.4050541725307));
#5483=CARTESIAN_POINT('Ctrl Pts',(-99.5636849721432,-191.86271438564,-33.6633364050402));
#5484=CARTESIAN_POINT('Ctrl Pts',(-99.488943915176,-191.862713118044,-33.9216186375497));
#5485=CARTESIAN_POINT('Ctrl Pts',(-99.4655284333916,-191.862712458974,-34.1953549281179));
#5486=CARTESIAN_POINT('Ctrl Pts',(-99.4953176069621,-191.862712458975,-34.4625788100013));
#5487=CARTESIAN_POINT('Ctrl Pts',(-99.5251067805326,-191.862712458975,-34.7298026918848));
#5488=CARTESIAN_POINT('Ctrl Pts',(-99.6082286304011,-191.862713118044,-34.9916625773875));
#5489=CARTESIAN_POINT('Ctrl Pts',(-99.7380128317713,-191.86271438564,-35.2271450572054));
#5490=CARTESIAN_POINT('Ctrl Pts',(-99.8677970331415,-191.862715653236,-35.4626275370233));
#5491=CARTESIAN_POINT('Ctrl Pts',(-100.044801334767,-191.862717530109,-35.6727446212316));
#5492=CARTESIAN_POINT('Ctrl Pts',(-100.2548215943,-191.862719872322,-35.8406352254596));
#5493=CARTESIAN_POINT('Ctrl Pts',(-100.464841853833,-191.862722214536,-36.0085258296876));
#5494=CARTESIAN_POINT('Ctrl Pts',(-100.708780646668,-191.862725023477,-36.1349114996241));
#5495=CARTESIAN_POINT('Ctrl Pts',(-100.967062645604,-191.86272808373,-36.2096504771161));
#5496=CARTESIAN_POINT('Ctrl Pts',(-101.22534464454,-191.862731143982,-36.2843894546081));
#5497=CARTESIAN_POINT('Ctrl Pts',(-101.499079856768,-191.862734457359,-36.3078029688057));
#5498=CARTESIAN_POINT('Ctrl Pts',(-101.766302101197,-191.862737769757,-36.2780124895525));
#5499=CARTESIAN_POINT('Ctrl Pts',(-102.033524345627,-191.862741082155,-36.2482220102994));
#5500=CARTESIAN_POINT('Ctrl Pts',(-102.295382081486,-191.862744395536,-36.1650995329939));
#5501=CARTESIAN_POINT('Ctrl Pts',(-102.530862478219,-191.862747455796,-36.0353155658392));
#5502=CARTESIAN_POINT('Ctrl Pts',(-102.766342874951,-191.862750516057,-35.9055315986845));
#5503=CARTESIAN_POINT('Ctrl Pts',(-102.976457999527,-191.86275332501,-35.7285283748215));
#5504=CARTESIAN_POINT('Ctrl Pts',(-103.144347294349,-191.862755667234,-35.5185097535119));
#5505=CARTESIAN_POINT('Ctrl Pts',(-103.312236589172,-191.862758009459,-35.3084911322022));
#5506=CARTESIAN_POINT('Ctrl Pts',(-103.438621639516,-191.862759886343,-35.0645544885359));
#5507=CARTESIAN_POINT('Ctrl Pts',(-103.513360847394,-191.862761153946,-34.8062745735138));
#5508=CARTESIAN_POINT('Ctrl Pts',(-103.588100055272,-191.86276242155,-34.5479946584918));
#5509=CARTESIAN_POINT('Ctrl Pts',(-103.61151465497,-191.862763080624,-34.2742614054353));
#5510=CARTESIAN_POINT('Ctrl Pts',(-103.581725809994,-191.862763080624,-34.0070404712055));
#5511=CARTESIAN_POINT('Ctrl Pts',(-103.638263842246,-191.805874833918,-34.0007378112628));
#5512=CARTESIAN_POINT('Ctrl Pts',(-103.607649970624,-191.805874833918,-33.7261159727294));
#5513=CARTESIAN_POINT('Ctrl Pts',(-103.522233422653,-191.80587421386,-33.4570250272528));
#5514=CARTESIAN_POINT('Ctrl Pts',(-103.388857091108,-191.805873021258,-33.2150225939384));
#5515=CARTESIAN_POINT('Ctrl Pts',(-103.255480759564,-191.805871828656,-32.9730201606239));
#5516=CARTESIAN_POINT('Ctrl Pts',(-103.073589788393,-191.805870062881,-32.7570995111371));
#5517=CARTESIAN_POINT('Ctrl Pts',(-102.857755850465,-191.805867859241,-32.5845587732131));
#5518=CARTESIAN_POINT('Ctrl Pts',(-102.641921912536,-191.805865655601,-32.412018035289));
#5519=CARTESIAN_POINT('Ctrl Pts',(-102.391247132645,-191.805863012936,-32.2821394584637));
#5520=CARTESIAN_POINT('Ctrl Pts',(-102.125813733173,-191.805860133745,-32.2053282481335));
#5521=CARTESIAN_POINT('Ctrl Pts',(-101.860380333701,-191.805857254554,-32.1285170378034));
#5522=CARTESIAN_POINT('Ctrl Pts',(-101.579084127168,-191.805854137322,-32.1044536891143));
#5523=CARTESIAN_POINT('Ctrl Pts',(-101.304460708277,-191.805851020913,-32.135066301053));
#5524=CARTESIAN_POINT('Ctrl Pts',(-101.029837289387,-191.805847904503,-32.1656789129917));
#5525=CARTESIAN_POINT('Ctrl Pts',(-100.76074426934,-191.805844787276,-32.2510948555235));
#5526=CARTESIAN_POINT('Ctrl Pts',(-100.518739825778,-191.805841908094,-32.3844714130436));
#5527=CARTESIAN_POINT('Ctrl Pts',(-100.276735382216,-191.80583902891,-32.5178479705637));
#5528=CARTESIAN_POINT('Ctrl Pts',(-100.060812841637,-191.805836386257,-32.6997399814913));
#5529=CARTESIAN_POINT('Ctrl Pts',(-99.8882708400881,-191.805834182628,-32.9155754998669));
#5530=CARTESIAN_POINT('Ctrl Pts',(-99.7157288385396,-191.805831979,-33.1314110182424));
#5531=CARTESIAN_POINT('Ctrl Pts',(-99.5858496637632,-191.805830213237,-33.3820878714735));
#5532=CARTESIAN_POINT('Ctrl Pts',(-99.5090386755728,-191.805829020643,-33.6475232812261));
#5533=CARTESIAN_POINT('Ctrl Pts',(-99.4322276873823,-191.805827828048,-33.9129586909788));
#5534=CARTESIAN_POINT('Ctrl Pts',(-99.4081653860436,-191.805827207995,-34.1942567873639));
#5535=CARTESIAN_POINT('Ctrl Pts',(-99.43877957471,-191.805827207995,-34.468881469944));
#5536=CARTESIAN_POINT('Ctrl Pts',(-99.4693937633764,-191.805827207995,-34.7435061525241));
#5537=CARTESIAN_POINT('Ctrl Pts',(-99.55481178697,-191.805827828048,-35.0125997693581));
#5538=CARTESIAN_POINT('Ctrl Pts',(-99.6881903511864,-191.805829020643,-35.2546039909427));
#5539=CARTESIAN_POINT('Ctrl Pts',(-99.8215689154028,-191.805830213237,-35.4966082125272));
#5540=CARTESIAN_POINT('Ctrl Pts',(-100.003462824047,-191.805831979,-35.7125297047075));
#5541=CARTESIAN_POINT('Ctrl Pts',(-100.219299602653,-191.805834182628,-35.8850701298012));
#5542=CARTESIAN_POINT('Ctrl Pts',(-100.435136381258,-191.805836386257,-36.0576105548949));
#5543=CARTESIAN_POINT('Ctrl Pts',(-100.685813839245,-191.805839028911,-36.1874876476682));
#5544=CARTESIAN_POINT('Ctrl Pts',(-100.951249023618,-191.805841908094,-36.2642966295414));
#5545=CARTESIAN_POINT('Ctrl Pts',(-101.216684207991,-191.805844787276,-36.3411056114147));
#5546=CARTESIAN_POINT('Ctrl Pts',(-101.497981263956,-191.805847904503,-36.3651660142016));
#5547=CARTESIAN_POINT('Ctrl Pts',(-101.772604366648,-191.805851020913,-36.3345505657998));
#5548=CARTESIAN_POINT('Ctrl Pts',(-102.047227469339,-191.805854137323,-36.3039351173979));
#5549=CARTESIAN_POINT('Ctrl Pts',(-102.316319012071,-191.805857254554,-36.2185164883414));
#5550=CARTESIAN_POINT('Ctrl Pts',(-102.558321223807,-191.805860133745,-36.0851381501349));
#5551=CARTESIAN_POINT('Ctrl Pts',(-102.800323435543,-191.805863012936,-35.9517598119285));
#5552=CARTESIAN_POINT('Ctrl Pts',(-103.016243036959,-191.805865655601,-35.7698669431398));
#5553=CARTESIAN_POINT('Ctrl Pts',(-103.188782198675,-191.805867859241,-35.5540317451783));
#5554=CARTESIAN_POINT('Ctrl Pts',(-103.361321360391,-191.805870062881,-35.3381965472169));
#5555=CARTESIAN_POINT('Ctrl Pts',(-103.491197855381,-191.805871828656,-35.0875211628692));
#5556=CARTESIAN_POINT('Ctrl Pts',(-103.568007059516,-191.805873021258,-34.8220879891581));
#5557=CARTESIAN_POINT('Ctrl Pts',(-103.644816263651,-191.80587421386,-34.556654815447));
#5558=CARTESIAN_POINT('Ctrl Pts',(-103.668877713868,-191.805874833918,-34.2753596497961));
#5559=CARTESIAN_POINT('Ctrl Pts',(-103.638263842246,-191.805874833918,-34.0007378112628));
#5560=CARTESIAN_POINT('Ctrl Pts',(-103.694801874498,-191.748986587212,-33.9944351513201));
#5561=CARTESIAN_POINT('Ctrl Pts',(-103.663362976568,-191.748986587212,-33.7124124115128));
#5562=CARTESIAN_POINT('Ctrl Pts',(-103.575650202725,-191.748986006169,-33.4360876402139));
#5563=CARTESIAN_POINT('Ctrl Pts',(-103.43867942934,-191.74898488857,-33.1875634019123));
#5564=CARTESIAN_POINT('Ctrl Pts',(-103.301708655956,-191.748983770971,-32.9390391636108));
#5565=CARTESIAN_POINT('Ctrl Pts',(-103.11492797397,-191.748982116301,-32.71731407627));
#5566=CARTESIAN_POINT('Ctrl Pts',(-102.893277416463,-191.748980051249,-32.5401235286037));
#5567=CARTESIAN_POINT('Ctrl Pts',(-102.671626858955,-191.748977986197,-32.3629329809375));
#5568=CARTESIAN_POINT('Ctrl Pts',(-102.41421331928,-191.748975509811,-32.2295630335998));
#5569=CARTESIAN_POINT('Ctrl Pts',(-102.141626671221,-191.748972811694,-32.1506818977932));
#5570=CARTESIAN_POINT('Ctrl Pts',(-101.869040023162,-191.748970113577,-32.0718007619867));
#5571=CARTESIAN_POINT('Ctrl Pts',(-101.580181942868,-191.748967192485,-32.0470906286817));
#5572=CARTESIAN_POINT('Ctrl Pts',(-101.29815767691,-191.748964272069,-32.0785283101872));
#5573=CARTESIAN_POINT('Ctrl Pts',(-101.016133410952,-191.748961351653,-32.1099659916928));
#5574=CARTESIAN_POINT('Ctrl Pts',(-100.739806636215,-191.748958430566,-32.1976781807851));
#5575=CARTESIAN_POINT('Ctrl Pts',(-100.491280456625,-191.748955732457,-32.3346491724183));
#5576=CARTESIAN_POINT('Ctrl Pts',(-100.242754277035,-191.748953034349,-32.4716201640515));
#5577=CARTESIAN_POINT('Ctrl Pts',(-100.021027363447,-191.748950557975,-32.6584018501053));
#5578=CARTESIAN_POINT('Ctrl Pts',(-99.8438355954941,-191.748948492934,-32.8800539338499));
#5579=CARTESIAN_POINT('Ctrl Pts',(-99.6666438275414,-191.748946427894,-33.1017060175946));
#5580=CARTESIAN_POINT('Ctrl Pts',(-99.5332733027871,-191.748944773236,-33.359121559501));
#5581=CARTESIAN_POINT('Ctrl Pts',(-99.4543923814717,-191.748943655645,-33.6317101488785));
#5582=CARTESIAN_POINT('Ctrl Pts',(-99.3755114601563,-191.748942538054,-33.9042987382559));
#5583=CARTESIAN_POINT('Ctrl Pts',(-99.3508023383581,-191.748941957016,-34.1931586435804));
#5584=CARTESIAN_POINT('Ctrl Pts',(-99.3822415424579,-191.748941957016,-34.4751841298867));
#5585=CARTESIAN_POINT('Ctrl Pts',(-99.4136807465578,-191.748941957016,-34.757209616193));
#5586=CARTESIAN_POINT('Ctrl Pts',(-99.5013949454475,-191.748942538054,-35.0335369672047));
#5587=CARTESIAN_POINT('Ctrl Pts',(-99.6383678748895,-191.748943655645,-35.2820629324603));
#5588=CARTESIAN_POINT('Ctrl Pts',(-99.7753408043316,-191.748944773236,-35.5305888977158));
#5589=CARTESIAN_POINT('Ctrl Pts',(-99.9621243231219,-191.748946427894,-35.7523147987682));
#5590=CARTESIAN_POINT('Ctrl Pts',(-100.183777623827,-191.748948492934,-35.9295050443926));
#5591=CARTESIAN_POINT('Ctrl Pts',(-100.405430924532,-191.748950557975,-36.106695290017));
#5592=CARTESIAN_POINT('Ctrl Pts',(-100.662847050522,-191.748953034349,-36.240063804051));
#5593=CARTESIAN_POINT('Ctrl Pts',(-100.935435422234,-191.748955732457,-36.3189427879288));
#5594=CARTESIAN_POINT('Ctrl Pts',(-101.208023793947,-191.748958430566,-36.3978217718065));
#5595=CARTESIAN_POINT('Ctrl Pts',(-101.496882694554,-191.748961351653,-36.4225290600508));
#5596=CARTESIAN_POINT('Ctrl Pts',(-101.77890665517,-191.748964272069,-36.3910886394754));
#5597=CARTESIAN_POINT('Ctrl Pts',(-102.060930615785,-191.748967192486,-36.3596482189));
#5598=CARTESIAN_POINT('Ctrl Pts',(-102.33725596382,-191.748970113577,-36.2719334352364));
#5599=CARTESIAN_POINT('Ctrl Pts',(-102.58577998818,-191.748972811694,-36.1349607240785));
#5600=CARTESIAN_POINT('Ctrl Pts',(-102.83430401254,-191.748975509811,-35.9979880129206));
#5601=CARTESIAN_POINT('Ctrl Pts',(-103.056028087669,-191.748977986197,-35.8112054982965));
#5602=CARTESIAN_POINT('Ctrl Pts',(-103.233217113251,-191.748980051249,-35.5895537240231));
#5603=CARTESIAN_POINT('Ctrl Pts',(-103.410406138833,-191.748982116301,-35.3679019497496));
#5604=CARTESIAN_POINT('Ctrl Pts',(-103.543774075618,-191.748983770971,-35.1104878262871));
#5605=CARTESIAN_POINT('Ctrl Pts',(-103.622653274108,-191.74898488857,-34.8379013962686));
#5606=CARTESIAN_POINT('Ctrl Pts',(-103.701532472598,-191.748986006169,-34.5653149662501));
#5607=CARTESIAN_POINT('Ctrl Pts',(-103.726240772428,-191.748986587212,-34.2764578911273));
#5608=CARTESIAN_POINT('Ctrl Pts',(-103.694801874498,-191.748986587212,-33.9944351513201));
#5609=CARTESIAN_POINT('',(-103.52620807453,-191.918624710501,-34.0132293920696));
#5610=CARTESIAN_POINT('',(-103.693794700466,-191.749999999999,-33.9945474275203));
#5611=CARTESIAN_POINT('',(-99.5508328029355,-191.9185685921,-34.4563901722308));
#5612=CARTESIAN_POINT('',(-99.3832931273112,-191.749999999999,-34.4750669029252));
#5613=CARTESIAN_POINT('Ctrl Pts',(-99.5508328029353,-191.9185685921,-34.4563901722308));
#5614=CARTESIAN_POINT('Ctrl Pts',(-99.5391393841981,-191.9185685921,-34.3514943200496));
#5615=CARTESIAN_POINT('Ctrl Pts',(-99.5357675614631,-191.918454481123,-34.24584634583));
#5616=CARTESIAN_POINT('Ctrl Pts',(-99.5457136957312,-191.918391412731,-34.0353493766457));
#5617=CARTESIAN_POINT('Ctrl Pts',(-99.5589584311797,-191.918442568508,-33.9308409445499));
#5618=CARTESIAN_POINT('Ctrl Pts',(-99.622953164013,-191.918637485997,-33.6229100010029));
#5619=CARTESIAN_POINT('Ctrl Pts',(-99.6974601712471,-191.918361186611,-33.4259109614373));
#5620=CARTESIAN_POINT('Ctrl Pts',(-99.8654490291027,-191.918471402099,-33.1313261734363));
#5621=CARTESIAN_POINT('Ctrl Pts',(-99.9405598446868,-191.918615667013,-33.0251125553053));
#5622=CARTESIAN_POINT('Ctrl Pts',(-100.110256180851,-191.918500492494,-32.8287923508449));
#5623=CARTESIAN_POINT('Ctrl Pts',(-100.204422028852,-191.918395811626,-32.7391471320362));
#5624=CARTESIAN_POINT('Ctrl Pts',(-100.408746023422,-191.918473961284,-32.579388373143));
#5625=CARTESIAN_POINT('Ctrl Pts',(-100.518406071156,-191.918623767646,-32.5096494146542));
#5626=CARTESIAN_POINT('Ctrl Pts',(-100.749674211661,-191.918517759352,-32.392385311582));
#5627=CARTESIAN_POINT('Ctrl Pts',(-100.870726055873,-191.918407431902,-32.3451382306765));
#5628=CARTESIAN_POINT('Ctrl Pts',(-101.100178516874,-191.918472501831,-32.2804081591364));
#5629=CARTESIAN_POINT('Ctrl Pts',(-101.207086126057,-191.918593512076,-32.2594669018665));
#5630=CARTESIAN_POINT('Ctrl Pts',(-101.423296671618,-191.918599718476,-32.2351688206796));
#5631=CARTESIAN_POINT('Ctrl Pts',(-101.532242290082,-191.918480931473,-32.2318614321777));
#5632=CARTESIAN_POINT('Ctrl Pts',(-101.770421731412,-191.918419368405,-32.2440719757511));
#5633=CARTESIAN_POINT('Ctrl Pts',(-101.898967195029,-191.918530724822,-32.2632896102138));
#5634=CARTESIAN_POINT('Ctrl Pts',(-102.150571957093,-191.918647212566,-32.326349656087));
#5635=CARTESIAN_POINT('Ctrl Pts',(-102.273024941604,-191.918502739812,-32.3700500543431));
#5636=CARTESIAN_POINT('Ctrl Pts',(-102.507764385003,-191.918427756734,-32.4805584294559));
#5637=CARTESIAN_POINT('Ctrl Pts',(-102.61948461833,-191.918532967959,-32.5471052461481));
#5638=CARTESIAN_POINT('Ctrl Pts',(-102.82853800709,-191.918656554683,-32.7009548247135));
#5639=CARTESIAN_POINT('Ctrl Pts',(-102.925357183779,-191.918516943174,-32.7879031786275));
#5640=CARTESIAN_POINT('Ctrl Pts',(-103.154846036416,-191.918408572861,-33.0383433576956));
#5641=CARTESIAN_POINT('Ctrl Pts',(-103.271391489558,-191.918690017592,-33.2144189216763));
#5642=CARTESIAN_POINT('Ctrl Pts',(-103.402135755813,-191.918497616017,-33.5012919713184));
#5643=CARTESIAN_POINT('Ctrl Pts',(-103.438198992807,-191.918446360157,-33.600513172129));
#5644=CARTESIAN_POINT('Ctrl Pts',(-103.494449679937,-191.918509956362,-33.8040765162986));
#5645=CARTESIAN_POINT('Ctrl Pts',(-103.514488723558,-191.918624710502,-33.9081009146974));
#5646=CARTESIAN_POINT('Ctrl Pts',(-103.526208074529,-191.918624710502,-34.0132293920697));
#5647=CARTESIAN_POINT('Ctrl Pts',(-93.1348092687793,-191.91965132733,-56.7518616504437));
#5648=CARTESIAN_POINT('Ctrl Pts',(-93.1058454508583,-191.919651327331,-56.4920416241956));
#5649=CARTESIAN_POINT('Ctrl Pts',(-93.0250213596817,-191.919650629237,-56.2374183395106));
#5650=CARTESIAN_POINT('Ctrl Pts',(-92.8988339194636,-191.919649286635,-56.0084595222913));
#5651=CARTESIAN_POINT('Ctrl Pts',(-92.7726464792456,-191.919647944032,-55.7795007050721));
#5652=CARTESIAN_POINT('Ctrl Pts',(-92.6005349397551,-191.919645956032,-55.5751889341859));
#5653=CARTESIAN_POINT('Ctrl Pts',(-92.3963342507151,-191.919643475227,-55.4119478146692));
#5654=CARTESIAN_POINT('Ctrl Pts',(-92.1921335616751,-191.919640994422,-55.2487066951524));
#5655=CARTESIAN_POINT('Ctrl Pts',(-91.9549363105133,-191.919638019173,-55.1258108542859));
#5656=CARTESIAN_POINT('Ctrl Pts',(-91.703809414328,-191.919634777848,-55.0531394872696));
#5657=CARTESIAN_POINT('Ctrl Pts',(-91.4526825181428,-191.919631536524,-54.9804681202533));
#5658=CARTESIAN_POINT('Ctrl Pts',(-91.1865100620395,-191.919628026982,-54.9576983307301));
#5659=CARTESIAN_POINT('Ctrl Pts',(-90.9266883361993,-191.919624518601,-54.9866607938135));
#5660=CARTESIAN_POINT('Ctrl Pts',(-90.6668666103591,-191.919621010221,-55.0156232568969));
#5661=CARTESIAN_POINT('Ctrl Pts',(-90.4122410946417,-191.919617500683,-55.0964466971295));
#5662=CARTESIAN_POINT('Ctrl Pts',(-90.1832801154893,-191.919614259367,-55.2226343803185));
#5663=CARTESIAN_POINT('Ctrl Pts',(-89.954319136337,-191.91961101805,-55.3488220635075));
#5664=CARTESIAN_POINT('Ctrl Pts',(-89.7500053317229,-191.919608042811,-55.5209347212595));
#5665=CARTESIAN_POINT('Ctrl Pts',(-89.5867628532545,-191.919605562016,-55.7251371099893));
#5666=CARTESIAN_POINT('Ctrl Pts',(-89.4235203747861,-191.919603081222,-55.929339498719));
#5667=CARTESIAN_POINT('Ctrl Pts',(-89.3006238908009,-191.919601093233,-56.166538979634));
#5668=CARTESIAN_POINT('Ctrl Pts',(-89.2279527627487,-191.919599750638,-56.4176680377914));
#5669=CARTESIAN_POINT('Ctrl Pts',(-89.1552816346964,-191.919598408043,-56.6687970959488));
#5670=CARTESIAN_POINT('Ctrl Pts',(-89.132512971367,-191.919597709954,-56.9349715844884));
#5671=CARTESIAN_POINT('Ctrl Pts',(-89.1614771302517,-191.919597709954,-57.194794669354));
#5672=CARTESIAN_POINT('Ctrl Pts',(-89.1904412891364,-191.919597709954,-57.4546177542196));
#5673=CARTESIAN_POINT('Ctrl Pts',(-89.2712669671863,-191.919598408043,-57.7092439118449));
#5674=CARTESIAN_POINT('Ctrl Pts',(-89.3974568085988,-191.919599750638,-57.938204652208));
#5675=CARTESIAN_POINT('Ctrl Pts',(-89.5236466500113,-191.919601093233,-58.1671653925712));
#5676=CARTESIAN_POINT('Ctrl Pts',(-89.6957613484124,-191.919603081222,-58.3714780699002));
#5677=CARTESIAN_POINT('Ctrl Pts',(-89.899965092548,-191.919605562016,-58.5347188528558));
#5678=CARTESIAN_POINT('Ctrl Pts',(-90.1041688366836,-191.919608042811,-58.6979596358113));
#5679=CARTESIAN_POINT('Ctrl Pts',(-90.3413689678282,-191.919611018049,-58.8208538809981));
#5680=CARTESIAN_POINT('Ctrl Pts',(-90.5924977836362,-191.919614259367,-58.8935228512235));
#5681=CARTESIAN_POINT('Ctrl Pts',(-90.8436265994443,-191.919617500684,-58.9661918214489));
#5682=CARTESIAN_POINT('Ctrl Pts',(-91.1097999690314,-191.919621010221,-58.9889584432556));
#5683=CARTESIAN_POINT('Ctrl Pts',(-91.3696213547902,-191.919624518601,-58.9599929294794));
#5684=CARTESIAN_POINT('Ctrl Pts',(-91.6294427405489,-191.919628026982,-58.9310274157031));
#5685=CARTESIAN_POINT('Ctrl Pts',(-91.8840666676262,-191.919631536524,-58.850201086682));
#5686=CARTESIAN_POINT('Ctrl Pts',(-92.1130252464681,-191.919634777848,-58.7240114882731));
#5687=CARTESIAN_POINT('Ctrl Pts',(-92.3419838253102,-191.919638019173,-58.5978218898641));
#5688=CARTESIAN_POINT('Ctrl Pts',(-92.546294469248,-191.919640994422,-58.4257083098224));
#5689=CARTESIAN_POINT('Ctrl Pts',(-92.7095338935031,-191.919643475227,-58.221506265577));
#5690=CARTESIAN_POINT('Ctrl Pts',(-92.8727733177581,-191.919645956032,-58.0173042213315));
#5691=CARTESIAN_POINT('Ctrl Pts',(-92.9956669199952,-191.919647944032,-57.7801063202488));
#5692=CARTESIAN_POINT('Ctrl Pts',(-93.0683361293074,-191.919649286635,-57.5289796668065));
#5693=CARTESIAN_POINT('Ctrl Pts',(-93.1410053386196,-191.919650629237,-57.2778530133641));
#5694=CARTESIAN_POINT('Ctrl Pts',(-93.1637730867002,-191.91965132733,-57.0116816766918));
#5695=CARTESIAN_POINT('Ctrl Pts',(-93.1348092687793,-191.91965132733,-56.7518616504437));
#5696=CARTESIAN_POINT('Ctrl Pts',(-93.1913473010314,-191.862763080624,-56.745558990501));
#5697=CARTESIAN_POINT('Ctrl Pts',(-93.161558456055,-191.862763080625,-56.4783380562715));
#5698=CARTESIAN_POINT('Ctrl Pts',(-93.0784381355278,-191.86276242155,-56.2164809394629));
#5699=CARTESIAN_POINT('Ctrl Pts',(-92.9486562482022,-191.862761153946,-55.9810003130404));
#5700=CARTESIAN_POINT('Ctrl Pts',(-92.8188743608766,-191.862759886343,-55.7455196866179));
#5701=CARTESIAN_POINT('Ctrl Pts',(-92.6418731036484,-191.862758009459,-55.5354034758851));
#5702=CARTESIAN_POINT('Ctrl Pts',(-92.4318557883267,-191.862755667234,-55.367512547368));
#5703=CARTESIAN_POINT('Ctrl Pts',(-92.221838473005,-191.862753325009,-55.199621618851));
#5704=CARTESIAN_POINT('Ctrl Pts',(-91.9779024557484,-191.862750516057,-55.0732344109617));
#5705=CARTESIAN_POINT('Ctrl Pts',(-91.7196223067652,-191.862747455796,-54.9984931237311));
#5706=CARTESIAN_POINT('Ctrl Pts',(-91.4613421577819,-191.862744395536,-54.9237518365005));
#5707=CARTESIAN_POINT('Ctrl Pts',(-91.1876078259152,-191.862741082155,-54.9003352692953));
#5708=CARTESIAN_POINT('Ctrl Pts',(-90.9203852537543,-191.862737769757,-54.9301228086422));
#5709=CARTESIAN_POINT('Ctrl Pts',(-90.6531626815933,-191.862734457359,-54.9599103479892));
#5710=CARTESIAN_POINT('Ctrl Pts',(-90.3913034146656,-191.862731143982,-55.0430300411047));
#5711=CARTESIAN_POINT('Ctrl Pts',(-90.1558207047523,-191.86272808373,-55.1728121626121));
#5712=CARTESIAN_POINT('Ctrl Pts',(-89.920337994839,-191.862725023477,-55.3025942841196));
#5713=CARTESIAN_POINT('Ctrl Pts',(-89.7102198241404,-191.862722214536,-55.4795966190116));
#5714=CARTESIAN_POINT('Ctrl Pts',(-89.5423275859692,-191.862719872322,-55.6896155723579));
#5715=CARTESIAN_POINT('Ctrl Pts',(-89.374435347798,-191.862717530109,-55.8996345257041));
#5716=CARTESIAN_POINT('Ctrl Pts',(-89.2480475201478,-191.862715653236,-56.1435726918265));
#5717=CARTESIAN_POINT('Ctrl Pts',(-89.1733064631807,-191.86271438564,-56.401854924336));
#5718=CARTESIAN_POINT('Ctrl Pts',(-89.0985654062135,-191.862713118044,-56.6601371568455));
#5719=CARTESIAN_POINT('Ctrl Pts',(-89.075149924429,-191.862712458975,-56.9338734474123));
#5720=CARTESIAN_POINT('Ctrl Pts',(-89.1049390979996,-191.862712458975,-57.2010973292967));
#5721=CARTESIAN_POINT('Ctrl Pts',(-89.1347282715701,-191.862712458975,-57.4683212111812));
#5722=CARTESIAN_POINT('Ctrl Pts',(-89.2178501214385,-191.862713118044,-57.730181096683));
#5723=CARTESIAN_POINT('Ctrl Pts',(-89.3476343228088,-191.86271438564,-57.9656635765011));
#5724=CARTESIAN_POINT('Ctrl Pts',(-89.4774185241791,-191.862715653236,-58.2011460563192));
#5725=CARTESIAN_POINT('Ctrl Pts',(-89.6544228258041,-191.862717530109,-58.4112631405275));
#5726=CARTESIAN_POINT('Ctrl Pts',(-89.8644430853372,-191.862719872322,-58.5791537447554));
#5727=CARTESIAN_POINT('Ctrl Pts',(-90.0744633448703,-191.862722214536,-58.7470443489834));
#5728=CARTESIAN_POINT('Ctrl Pts',(-90.3184021377061,-191.862725023477,-58.8734300189201));
#5729=CARTESIAN_POINT('Ctrl Pts',(-90.5766841366421,-191.86272808373,-58.9481689964119));
#5730=CARTESIAN_POINT('Ctrl Pts',(-90.834966135578,-191.862731143983,-59.0229079739037));
#5731=CARTESIAN_POINT('Ctrl Pts',(-91.1087013478049,-191.862734457359,-59.0463214881014));
#5732=CARTESIAN_POINT('Ctrl Pts',(-91.3759235922346,-191.862737769757,-59.0165310088483));
#5733=CARTESIAN_POINT('Ctrl Pts',(-91.6431458366643,-191.862741082155,-58.9867405295952));
#5734=CARTESIAN_POINT('Ctrl Pts',(-91.9050035725231,-191.862744395536,-58.9036180522898));
#5735=CARTESIAN_POINT('Ctrl Pts',(-92.1404839692561,-191.862747455796,-58.773834085135));
#5736=CARTESIAN_POINT('Ctrl Pts',(-92.375964365989,-191.862750516057,-58.6440501179802));
#5737=CARTESIAN_POINT('Ctrl Pts',(-92.5860794905643,-191.862753325009,-58.4670468941173));
#5738=CARTESIAN_POINT('Ctrl Pts',(-92.753968785387,-191.862755667234,-58.2570282728075));
#5739=CARTESIAN_POINT('Ctrl Pts',(-92.9218580802096,-191.862758009459,-58.0470096514977));
#5740=CARTESIAN_POINT('Ctrl Pts',(-93.0482431305541,-191.862759886342,-57.803073007832));
#5741=CARTESIAN_POINT('Ctrl Pts',(-93.1229823384318,-191.862761153946,-57.5447930928096));
#5742=CARTESIAN_POINT('Ctrl Pts',(-93.1977215463095,-191.86276242155,-57.2865131777873));
#5743=CARTESIAN_POINT('Ctrl Pts',(-93.2211361460079,-191.862763080624,-57.0127799247304));
#5744=CARTESIAN_POINT('Ctrl Pts',(-93.1913473010314,-191.862763080624,-56.745558990501));
#5745=CARTESIAN_POINT('Ctrl Pts',(-93.2478853332836,-191.805874833918,-56.7392563305582));
#5746=CARTESIAN_POINT('Ctrl Pts',(-93.2172714616617,-191.805874833918,-56.4646344920251));
#5747=CARTESIAN_POINT('Ctrl Pts',(-93.1318549136908,-191.80587421386,-56.1955435465479));
#5748=CARTESIAN_POINT('Ctrl Pts',(-92.9984785821461,-191.805873021258,-55.9535411132339));
#5749=CARTESIAN_POINT('Ctrl Pts',(-92.8651022506014,-191.805871828656,-55.7115386799198));
#5750=CARTESIAN_POINT('Ctrl Pts',(-92.6832112794308,-191.805870062881,-55.4956180304328));
#5751=CARTESIAN_POINT('Ctrl Pts',(-92.4673773415025,-191.805867859241,-55.3230772925087));
#5752=CARTESIAN_POINT('Ctrl Pts',(-92.2515434035742,-191.805865655601,-55.1505365545846));
#5753=CARTESIAN_POINT('Ctrl Pts',(-92.0008686236833,-191.805863012936,-55.0206579777591));
#5754=CARTESIAN_POINT('Ctrl Pts',(-91.7354352242109,-191.805860133745,-54.943846767429));
#5755=CARTESIAN_POINT('Ctrl Pts',(-91.4700018247384,-191.805857254554,-54.8670355570989));
#5756=CARTESIAN_POINT('Ctrl Pts',(-91.188705618206,-191.805854137322,-54.8429722084098));
#5757=CARTESIAN_POINT('Ctrl Pts',(-90.914082199315,-191.805851020913,-54.8735848203485));
#5758=CARTESIAN_POINT('Ctrl Pts',(-90.639458780424,-191.805847904503,-54.9041974322871));
#5759=CARTESIAN_POINT('Ctrl Pts',(-90.3703657603775,-191.805844787276,-54.9896133748191));
#5760=CARTESIAN_POINT('Ctrl Pts',(-90.1283613168156,-191.805841908093,-55.1229899323391));
#5761=CARTESIAN_POINT('Ctrl Pts',(-89.8863568732536,-191.805839028911,-55.2563664898592));
#5762=CARTESIAN_POINT('Ctrl Pts',(-89.6704343326739,-191.805836386257,-55.4382585007872));
#5763=CARTESIAN_POINT('Ctrl Pts',(-89.4978923311255,-191.805834182628,-55.6540940191626));
#5764=CARTESIAN_POINT('Ctrl Pts',(-89.325350329577,-191.805831979,-55.869929537538));
#5765=CARTESIAN_POINT('Ctrl Pts',(-89.1954711548005,-191.805830213237,-56.1206063907694));
#5766=CARTESIAN_POINT('Ctrl Pts',(-89.1186601666102,-191.805829020642,-56.3860418005219));
#5767=CARTESIAN_POINT('Ctrl Pts',(-89.0418491784198,-191.805827828048,-56.6514772102744));
#5768=CARTESIAN_POINT('Ctrl Pts',(-89.0177868770811,-191.805827207995,-56.9327753066587));
#5769=CARTESIAN_POINT('Ctrl Pts',(-89.0484010657474,-191.805827207995,-57.2073999892395));
#5770=CARTESIAN_POINT('Ctrl Pts',(-89.0790152544136,-191.805827207995,-57.4820246718203));
#5771=CARTESIAN_POINT('Ctrl Pts',(-89.1644332780072,-191.805827828048,-57.7511182886537));
#5772=CARTESIAN_POINT('Ctrl Pts',(-89.2978118422238,-191.805829020642,-57.9931225102384));
#5773=CARTESIAN_POINT('Ctrl Pts',(-89.4311904064403,-191.805830213237,-58.2351267318231));
#5774=CARTESIAN_POINT('Ctrl Pts',(-89.6130843150846,-191.805831978999,-58.4510482240034));
#5775=CARTESIAN_POINT('Ctrl Pts',(-89.8289210936901,-191.805834182628,-58.6235886490971));
#5776=CARTESIAN_POINT('Ctrl Pts',(-90.0447578722955,-191.805836386257,-58.7961290741908));
#5777=CARTESIAN_POINT('Ctrl Pts',(-90.295435330283,-191.80583902891,-58.9260061669643));
#5778=CARTESIAN_POINT('Ctrl Pts',(-90.5608705146559,-191.805841908093,-59.0028151488374));
#5779=CARTESIAN_POINT('Ctrl Pts',(-90.8263056990289,-191.805844787276,-59.0796241307105));
#5780=CARTESIAN_POINT('Ctrl Pts',(-91.1076027549937,-191.805847904503,-59.1036845334973));
#5781=CARTESIAN_POINT('Ctrl Pts',(-91.382225857685,-191.805851020913,-59.0730690850957));
#5782=CARTESIAN_POINT('Ctrl Pts',(-91.6568489603763,-191.805854137322,-59.042453636694));
#5783=CARTESIAN_POINT('Ctrl Pts',(-91.9259405031088,-191.805857254554,-58.9570350076375));
#5784=CARTESIAN_POINT('Ctrl Pts',(-92.167942714845,-191.805860133745,-58.8236566694309));
#5785=CARTESIAN_POINT('Ctrl Pts',(-92.4099449265812,-191.805863012936,-58.6902783312243));
#5786=CARTESIAN_POINT('Ctrl Pts',(-92.6258645279971,-191.805865655601,-58.5083854624359));
#5787=CARTESIAN_POINT('Ctrl Pts',(-92.798403689713,-191.805867859241,-58.2925502644741));
#5788=CARTESIAN_POINT('Ctrl Pts',(-92.9709428514289,-191.805870062881,-58.0767150665124));
#5789=CARTESIAN_POINT('Ctrl Pts',(-93.1008193464192,-191.805871828656,-57.8260396821653));
#5790=CARTESIAN_POINT('Ctrl Pts',(-93.1776285505539,-191.805873021258,-57.5606065084539));
#5791=CARTESIAN_POINT('Ctrl Pts',(-93.2544377546886,-191.80587421386,-57.2951733347426));
#5792=CARTESIAN_POINT('Ctrl Pts',(-93.2784992049056,-191.805874833918,-57.0138781690913));
#5793=CARTESIAN_POINT('Ctrl Pts',(-93.2478853332836,-191.805874833918,-56.7392563305582));
#5794=CARTESIAN_POINT('Ctrl Pts',(-93.3044233655357,-191.748986587212,-56.7329536706155));
#5795=CARTESIAN_POINT('Ctrl Pts',(-93.272984467606,-191.748986587212,-56.4509309308085));
#5796=CARTESIAN_POINT('Ctrl Pts',(-93.1852716937624,-191.748986006169,-56.1746061595091));
#5797=CARTESIAN_POINT('Ctrl Pts',(-93.0483009203781,-191.74898488857,-55.9260819212078));
#5798=CARTESIAN_POINT('Ctrl Pts',(-92.9113301469939,-191.748983770971,-55.6775576829066));
#5799=CARTESIAN_POINT('Ctrl Pts',(-92.7245494650076,-191.748982116301,-55.4558325955656));
#5800=CARTESIAN_POINT('Ctrl Pts',(-92.5028989075002,-191.748980051249,-55.2786420478993));
#5801=CARTESIAN_POINT('Ctrl Pts',(-92.2812483499929,-191.748977986197,-55.101451500233));
#5802=CARTESIAN_POINT('Ctrl Pts',(-92.0238348103182,-191.748975509811,-54.9680815528953));
#5803=CARTESIAN_POINT('Ctrl Pts',(-91.7512481622589,-191.748972811694,-54.8892004170887));
#5804=CARTESIAN_POINT('Ctrl Pts',(-91.4786615141996,-191.748970113577,-54.8103192812821));
#5805=CARTESIAN_POINT('Ctrl Pts',(-91.1898034339057,-191.748967192485,-54.7856091479772));
#5806=CARTESIAN_POINT('Ctrl Pts',(-90.9077791679473,-191.748964272069,-54.8170468294827));
#5807=CARTESIAN_POINT('Ctrl Pts',(-90.625754901989,-191.748961351653,-54.8484845109882));
#5808=CARTESIAN_POINT('Ctrl Pts',(-90.3494281272519,-191.748958430566,-54.9361967000806));
#5809=CARTESIAN_POINT('Ctrl Pts',(-90.1009019476622,-191.748955732457,-55.0731676917138));
#5810=CARTESIAN_POINT('Ctrl Pts',(-89.8523757680726,-191.748953034349,-55.210138683347));
#5811=CARTESIAN_POINT('Ctrl Pts',(-89.6306488544841,-191.748950557974,-55.3969203694012));
#5812=CARTESIAN_POINT('Ctrl Pts',(-89.4534570865315,-191.748948492934,-55.6185724531456));
#5813=CARTESIAN_POINT('Ctrl Pts',(-89.2762653185789,-191.748946427894,-55.84022453689));
#5814=CARTESIAN_POINT('Ctrl Pts',(-89.1428947938244,-191.748944773236,-56.097640078797));
#5815=CARTESIAN_POINT('Ctrl Pts',(-89.0640138725091,-191.748943655645,-56.3702286681742));
#5816=CARTESIAN_POINT('Ctrl Pts',(-88.9851329511937,-191.748942538054,-56.6428172575514));
#5817=CARTESIAN_POINT('Ctrl Pts',(-88.9604238293955,-191.748941957016,-56.9316771628754));
#5818=CARTESIAN_POINT('Ctrl Pts',(-88.9918630334953,-191.748941957016,-57.2137026491822));
#5819=CARTESIAN_POINT('Ctrl Pts',(-89.0233022375951,-191.748941957016,-57.4957281354891));
#5820=CARTESIAN_POINT('Ctrl Pts',(-89.1110164364846,-191.748942538054,-57.7720554865003));
#5821=CARTESIAN_POINT('Ctrl Pts',(-89.2479893659268,-191.748943655645,-58.020581451756));
#5822=CARTESIAN_POINT('Ctrl Pts',(-89.3849622953691,-191.748944773236,-58.2691074170117));
#5823=CARTESIAN_POINT('Ctrl Pts',(-89.5717458141592,-191.748946427894,-58.4908333180641));
#5824=CARTESIAN_POINT('Ctrl Pts',(-89.7933991148646,-191.748948492934,-58.6680235636885));
#5825=CARTESIAN_POINT('Ctrl Pts',(-90.01505241557,-191.748950557975,-58.8452138093129));
#5826=CARTESIAN_POINT('Ctrl Pts',(-90.2724685415596,-191.748953034348,-58.9785823233472));
#5827=CARTESIAN_POINT('Ctrl Pts',(-90.5450569132718,-191.748955732457,-59.0574613072248));
#5828=CARTESIAN_POINT('Ctrl Pts',(-90.817645284984,-191.748958430566,-59.1363402911023));
#5829=CARTESIAN_POINT('Ctrl Pts',(-91.1065041855912,-191.748961351653,-59.1610475793465));
#5830=CARTESIAN_POINT('Ctrl Pts',(-91.388528146207,-191.748964272069,-59.1296071587713));
#5831=CARTESIAN_POINT('Ctrl Pts',(-91.6705521068228,-191.748967192485,-59.098166738196));
#5832=CARTESIAN_POINT('Ctrl Pts',(-91.9468774548571,-191.748970113577,-59.0104519545324));
#5833=CARTESIAN_POINT('Ctrl Pts',(-92.1954014792176,-191.748972811694,-58.8734792433744));
#5834=CARTESIAN_POINT('Ctrl Pts',(-92.4439255035781,-191.748975509811,-58.7365065322164));
#5835=CARTESIAN_POINT('Ctrl Pts',(-92.665649578707,-191.748977986197,-58.5497240175926));
#5836=CARTESIAN_POINT('Ctrl Pts',(-92.8428386042891,-191.748980051249,-58.3280722433189));
#5837=CARTESIAN_POINT('Ctrl Pts',(-93.0200276298712,-191.748982116301,-58.1064204690451));
#5838=CARTESIAN_POINT('Ctrl Pts',(-93.1533955666554,-191.748983770971,-57.8490063455831));
#5839=CARTESIAN_POINT('Ctrl Pts',(-93.2322747651454,-191.74898488857,-57.5764199155644));
#5840=CARTESIAN_POINT('Ctrl Pts',(-93.3111539636354,-191.748986006169,-57.3038334855457));
#5841=CARTESIAN_POINT('Ctrl Pts',(-93.3358622634655,-191.748986587212,-57.0149764104225));
#5842=CARTESIAN_POINT('Ctrl Pts',(-93.3044233655357,-191.748986587212,-56.7329536706155));
#5843=CARTESIAN_POINT('',(-93.1358306734442,-191.918624710501,-56.7517578498061));
#5844=CARTESIAN_POINT('',(-93.3034161915033,-191.749999999999,-56.7330659468157));
#5845=CARTESIAN_POINT('',(-89.1604542939731,-191.9185685921,-57.194908691526));
#5846=CARTESIAN_POINT('',(-88.9929146183488,-191.749999999999,-57.2135854222207));
#5847=CARTESIAN_POINT('Ctrl Pts',(-89.160454293973,-191.9185685921,-57.194908691526));
#5848=CARTESIAN_POINT('Ctrl Pts',(-89.1487608752358,-191.9185685921,-57.0900128393442));
#5849=CARTESIAN_POINT('Ctrl Pts',(-89.1453890525008,-191.918454481124,-56.9843648651241));
#5850=CARTESIAN_POINT('Ctrl Pts',(-89.1553351867692,-191.918391412732,-56.7738678959375));
#5851=CARTESIAN_POINT('Ctrl Pts',(-89.1685799222182,-191.918442568508,-56.6693594638406));
#5852=CARTESIAN_POINT('Ctrl Pts',(-89.2325746550531,-191.918637485997,-56.3614285202907));
#5853=CARTESIAN_POINT('Ctrl Pts',(-89.307081662289,-191.918361186611,-56.164429480723));
#5854=CARTESIAN_POINT('Ctrl Pts',(-89.4750705201468,-191.918471402099,-55.8698446927225));
#5855=CARTESIAN_POINT('Ctrl Pts',(-89.5501813357304,-191.918615667013,-55.7636310745935));
#5856=CARTESIAN_POINT('Ctrl Pts',(-89.7198776718933,-191.918500492495,-55.5673108701365));
#5857=CARTESIAN_POINT('Ctrl Pts',(-89.8140435198935,-191.918395811627,-55.4776656513287));
#5858=CARTESIAN_POINT('Ctrl Pts',(-90.018367514462,-191.918473961284,-55.3179068924369));
#5859=CARTESIAN_POINT('Ctrl Pts',(-90.1280275621964,-191.918623767648,-55.2481679339487));
#5860=CARTESIAN_POINT('Ctrl Pts',(-90.3592957026998,-191.918517759352,-55.1309038308772));
#5861=CARTESIAN_POINT('Ctrl Pts',(-90.4803475469115,-191.918407431902,-55.0836567499719));
#5862=CARTESIAN_POINT('Ctrl Pts',(-90.7098000079122,-191.91847250183,-55.018926678432));
#5863=CARTESIAN_POINT('Ctrl Pts',(-90.816707617095,-191.918593512076,-54.9979854211622));
#5864=CARTESIAN_POINT('Ctrl Pts',(-91.0329181626554,-191.918599718476,-54.9736873399752));
#5865=CARTESIAN_POINT('Ctrl Pts',(-91.1418637811199,-191.918480931473,-54.9703799514734));
#5866=CARTESIAN_POINT('Ctrl Pts',(-91.3800432224505,-191.918419368405,-54.9825904950468));
#5867=CARTESIAN_POINT('Ctrl Pts',(-91.5085886860671,-191.918530724823,-55.0018081295095));
#5868=CARTESIAN_POINT('Ctrl Pts',(-91.7601934481315,-191.918647212566,-55.0648681753829));
#5869=CARTESIAN_POINT('Ctrl Pts',(-91.8826464326427,-191.918502739812,-55.1085685736391));
#5870=CARTESIAN_POINT('Ctrl Pts',(-92.1173858760422,-191.918427756733,-55.2190769487522));
#5871=CARTESIAN_POINT('Ctrl Pts',(-92.2291061093689,-191.918532967959,-55.2856237654442));
#5872=CARTESIAN_POINT('Ctrl Pts',(-92.4381594981274,-191.918656554683,-55.4394733440087));
#5873=CARTESIAN_POINT('Ctrl Pts',(-92.534978674816,-191.918516943174,-55.5264216979222));
#5874=CARTESIAN_POINT('Ctrl Pts',(-92.7644675274514,-191.91840857286,-55.7768618769886));
#5875=CARTESIAN_POINT('Ctrl Pts',(-92.8810129805933,-191.918690017592,-55.9529374409677));
#5876=CARTESIAN_POINT('Ctrl Pts',(-93.0117572468484,-191.918497616018,-56.2398104906084));
#5877=CARTESIAN_POINT('Ctrl Pts',(-93.0478204838435,-191.918446360157,-56.3390316914196));
#5878=CARTESIAN_POINT('Ctrl Pts',(-93.1040711709742,-191.918509956362,-56.5425950355913));
#5879=CARTESIAN_POINT('Ctrl Pts',(-93.1241118481157,-191.918624719081,-56.646629313837));
#5880=CARTESIAN_POINT('Ctrl Pts',(-93.1358306734442,-191.918624710501,-56.7517578498061));
#5881=CARTESIAN_POINT('Origin',(-144.725598965156,-108.248679475169,-66.9772819029743));
#5882=CARTESIAN_POINT('',(-140.002636726812,-188.249999999999,-71.7973174910265));
#5883=CARTESIAN_POINT('',(-140.002636726812,-192.126671937845,-71.7973174910265));
#5884=CARTESIAN_POINT('',(-140.002636726812,-201.150004165547,-71.7973174910265));
#5885=CARTESIAN_POINT('',(-141.227422333006,-192.126672153826,-70.5473582680501));
#5886=CARTESIAN_POINT('',(-144.725591720014,-192.126672770698,-66.9772892970297));
#5887=CARTESIAN_POINT('',(-141.227422333006,-108.248679475169,-70.5473582680501));
#5888=CARTESIAN_POINT('',(-132.828889759653,-188.249999999999,-79.1185099834542));
#5889=CARTESIAN_POINT('',(-132.828889759653,-108.248679475169,-79.1185099834542));
#5890=CARTESIAN_POINT('',(-144.725598965157,-188.249999999999,-66.9772819029743));
#5891=CARTESIAN_POINT('Origin',(-117.239251967543,-201.150538995952,-57.9341483092657));
#5892=CARTESIAN_POINT('',(-135.545467649528,-201.150076062594,-63.4535595783928));
#5893=CARTESIAN_POINT('',(-134.090168719503,-201.150106085146,-60.690721370826));
#5894=CARTESIAN_POINT('Origin',(-139.020416529087,-201.149974643454,-59.8584614901066));
#5895=CARTESIAN_POINT('',(-130.841657065692,-201.150213154054,-68.2538528187743));
#5896=CARTESIAN_POINT('',(-129.337316448137,-201.15025699771,-69.7890498614643));
#5897=CARTESIAN_POINT('',(-128.924909009066,-201.150269017228,-70.2099164348037));
#5898=CARTESIAN_POINT('Origin',(-132.756965287117,-201.150174101923,-72.0478078033914));
#5899=CARTESIAN_POINT('',(-124.284086450654,-201.150404272918,-74.9459296649092));
#5900=CARTESIAN_POINT('',(-129.337316448137,-201.15025699771,-69.7890498614643));
#5901=CARTESIAN_POINT('',(-110.579946241004,-201.150723709369,-61.5177813627015));
#5902=CARTESIAN_POINT('',(-29.4665723156312,-201.152614420346,17.9620253015195));
#5903=CARTESIAN_POINT('',(-110.28201239421,-201.150729614958,-60.8696388963559));
#5904=CARTESIAN_POINT('Origin',(-111.279824064625,-201.150703311509,-60.8035187841379));
#5905=CARTESIAN_POINT('',(-109.709737933665,-201.150719397695,-52.2335051065139));
#5906=CARTESIAN_POINT('',(-107.199714501889,-201.150674584289,-14.3550050738145));
#5907=CARTESIAN_POINT('',(-110.090623868576,-201.150706942038,-51.3803636246709));
#5908=CARTESIAN_POINT('Origin',(-110.70754960425,-201.150693094246,-52.1673849943614));
#5909=CARTESIAN_POINT('',(-116.832161498319,-201.150515115145,-46.0958462973405));
#5910=CARTESIAN_POINT('',(-50.0442645030783,-201.152415529486,-98.4491547429004));
#5911=CARTESIAN_POINT('',(-120.782571914662,-201.150412378192,-46.3141224111041));
#5912=CARTESIAN_POINT('Origin',(-118.682938706702,-201.150473571768,-48.4569104078014));
#5913=CARTESIAN_POINT('',(-132.659309587404,-201.150135537544,-57.9516679267701));
#5914=CARTESIAN_POINT('',(-157.703590975286,-201.149551768224,-82.4915687471369));
#5915=CARTESIAN_POINT('Origin',(-129.159920909932,-201.150237526838,-61.5229812515405));
#5916=CARTESIAN_POINT('Ctrl Pts',(-113.991005013474,-201.15061660978,-55.4022618663131));
#5917=CARTESIAN_POINT('Ctrl Pts',(-113.902721682276,-201.150618261499,-55.1765357707337));
#5918=CARTESIAN_POINT('Ctrl Pts',(-113.852757512149,-201.150618865713,-54.9354605473074));
#5919=CARTESIAN_POINT('Ctrl Pts',(-113.831907536822,-201.150617805869,-54.3851042186712));
#5920=CARTESIAN_POINT('Ctrl Pts',(-113.8876541851,-201.150615628874,-54.1388919134989));
#5921=CARTESIAN_POINT('Ctrl Pts',(-114.042070647134,-201.150610119613,-53.6354746877831));
#5922=CARTESIAN_POINT('Ctrl Pts',(-114.207421959107,-201.150605079436,-53.3909538333458));
#5923=CARTESIAN_POINT('Ctrl Pts',(-114.562342253528,-201.150594533738,-52.9596338935481));
#5924=CARTESIAN_POINT('Ctrl Pts',(-114.808110052324,-201.150587626328,-52.7963899405373));
#5925=CARTESIAN_POINT('Ctrl Pts',(-115.300801023055,-201.15057396468,-52.5327744087106));
#5926=CARTESIAN_POINT('Ctrl Pts',(-115.590031327226,-201.150566228159,-52.4752276354256));
#5927=CARTESIAN_POINT('Ctrl Pts',(-116.146171405704,-201.15055151197,-52.4192792231304));
#5928=CARTESIAN_POINT('Ctrl Pts',(-116.435377789109,-201.150544109487,-52.4759450734663));
#5929=CARTESIAN_POINT('Ctrl Pts',(-116.971004501802,-201.150530560864,-52.6362307791037));
#5930=CARTESIAN_POINT('Ctrl Pts',(-117.216846858923,-201.150524600963,-52.7984677308566));
#5931=CARTESIAN_POINT('Ctrl Pts',(-117.621367093319,-201.150514973418,-53.1268329194166));
#5932=CARTESIAN_POINT('Ctrl Pts',(-117.775442100043,-201.150511557399,-53.3379299044344));
#5933=CARTESIAN_POINT('Ctrl Pts',(-118.004089903246,-201.150506692817,-53.7214054985764));
#5934=CARTESIAN_POINT('Ctrl Pts',(-118.094385110199,-201.150505026877,-53.9603038050714));
#5935=CARTESIAN_POINT('Ctrl Pts',(-118.141548389358,-201.150504522567,-54.2105013446554));
#5936=CARTESIAN_POINT('Origin',(-132.756965287663,-201.150907457074,-72.047807802014));
#5937=CARTESIAN_POINT('',(-129.782484909494,-197.126783759009,-75.0834241282129));
#5938=CARTESIAN_POINT('',(-129.782484909494,-188.249999999999,-75.0834241282129));
#5939=CARTESIAN_POINT('',(-129.782484909494,-201.150907457074,-75.0834241282129));
#5940=CARTESIAN_POINT('Origin',(-132.756965287662,-197.126784283533,-72.0478078020144));
#5941=CARTESIAN_POINT('',(-135.731445665832,-197.126784808057,-69.0121914758152));
#5942=CARTESIAN_POINT('Origin',(-132.756965287663,-197.126784283533,-72.0478078020145));
#5943=CARTESIAN_POINT('',(-135.731445665832,-188.249999999999,-69.0121914758152));
#5944=CARTESIAN_POINT('',(-135.731445665832,-201.150907457074,-69.0121914758152));
#5945=CARTESIAN_POINT('Origin',(-132.756965287663,-188.249999999999,-72.047807802014));
#5946=CARTESIAN_POINT('Origin',(-157.703495843675,-193.149804674765,-82.4914755314342));
#5947=CARTESIAN_POINT('',(-141.184267546162,-195.126740320256,-66.3049370649666));
#5948=CARTESIAN_POINT('',(-141.184267546162,-193.149804674765,-66.3049370649666));
#5949=CARTESIAN_POINT('',(-141.056215133727,-195.306023534308,-66.1794635705469));
#5950=CARTESIAN_POINT('',(-150.14972070142,-182.574417200822,-75.0898300244485));
#5951=CARTESIAN_POINT('',(-141.056215133726,-183.749999999999,-66.1794635705469));
#5952=CARTESIAN_POINT('Origin',(-101.393423848787,-192.367384712534,-106.608325213833));
#5953=CARTESIAN_POINT('',(-62.3448536080138,-193.180971726267,-89.8565562463522));
#5954=CARTESIAN_POINT('Origin',(-65.8442432705632,-195.008889599912,-86.2852438839786));
#5955=CARTESIAN_POINT('',(-57.6626115368102,-194.245055205147,-85.2686099008711));
#5956=CARTESIAN_POINT('',(-40.1753066642512,-198.219209450497,-68.1334820577808));
#5957=CARTESIAN_POINT('Origin',(-61.1620011993596,-196.072973078792,-81.6972975384975));
#5958=CARTESIAN_POINT('',(-65.4421509836972,-198.266778517912,-77.4411126719037));
#5959=CARTESIAN_POINT('Origin',(-65.4421509836972,-196.674181069025,-81.6911126719037));
#5960=CARTESIAN_POINT('Origin',(-50.0451449956648,-251.110079664518,-98.4484645474903));
#5961=CARTESIAN_POINT('',(-110.090623868576,-251.110079664517,-51.380363624671));
#5962=CARTESIAN_POINT('',(-116.832161498319,-201.150456187863,-46.0958462973405));
#5963=CARTESIAN_POINT('Origin',(-107.199710602338,-251.110079664517,-14.3549462261));
#5964=CARTESIAN_POINT('',(-109.709737933665,-251.110079664517,-52.2335051065139));
#5965=CARTESIAN_POINT('',(-110.28201239421,-194.749999999999,-60.8696388963559));
#5966=CARTESIAN_POINT('Origin',(-111.279824065195,-191.749999999999,-60.8035187840888));
#5967=CARTESIAN_POINT('',(-110.579946241004,-201.150730065646,-61.5177813627015));
#5968=CARTESIAN_POINT('Origin',(-118.682938706542,-193.149804674765,-48.456910406068));
#5969=CARTESIAN_POINT('',(-120.782571914662,-194.749999999999,-46.3141224111041));
#5970=CARTESIAN_POINT('Origin',(-139.084634338042,-108.248679475169,-68.4477250599305));
#5971=CARTESIAN_POINT('Origin',(-139.084634338043,-195.126739950002,-68.4477250599305));
#5972=CARTESIAN_POINT('Origin',(-29.4664605013951,-191.749999999999,17.9621348638942));
#5973=CARTESIAN_POINT('',(-128.586468292118,-195.126738468994,-79.1616645111729));
#5974=CARTESIAN_POINT('',(-130.712449656527,-192.150200886682,-81.2448300810141));
#5975=CARTESIAN_POINT('',(-128.586468292118,-191.749999999999,-79.1616645111729));
#5976=CARTESIAN_POINT('',(-121.762131566437,-191.749999999999,-72.4747652081345));
#5977=CARTESIAN_POINT('',(-122.877831249658,-194.749999999999,-73.5679954712386));
#5978=CARTESIAN_POINT('Origin',(-130.686101764689,-108.248679475169,-77.0188767753347));
#5979=CARTESIAN_POINT('',(-132.549629461246,-192.150200886682,-79.3698902853268));
#5980=CARTESIAN_POINT('Origin',(-130.686101764689,-195.126738468993,-77.018876775336));
#5981=CARTESIAN_POINT('',(-132.549629461246,-188.249999999999,-79.3698902853268));
#5982=CARTESIAN_POINT('',(-132.549629461246,-108.248679475169,-79.3698902853268));
#5983=CARTESIAN_POINT('Origin',(-130.686101764689,-188.249999999999,-77.0188767753347));
#5984=CARTESIAN_POINT('Origin',(-139.020416531802,-221.001223336801,-59.8584614899421));
#5985=CARTESIAN_POINT('',(-138.288621492664,-198.245101614602,-64.8046191927144));
#5986=CARTESIAN_POINT('Origin',(-139.020416531786,-201.184180311975,-59.8584614899703));
#5987=CARTESIAN_POINT('',(-134.090168719503,-221.001223336801,-60.690721370826));
#5988=CARTESIAN_POINT('',(-138.288621492664,-221.001223336801,-64.8046191927144));
#5989=CARTESIAN_POINT('Origin',(-157.703495843675,-193.149804674765,-82.4914755314342));
#5990=CARTESIAN_POINT('',(-132.659309587404,-201.150103118942,-57.9516679267701));
#5991=CARTESIAN_POINT('Origin',(-129.159920907205,-221.001223336801,-61.52298125171));
#5992=CARTESIAN_POINT('',(-132.772298274706,-221.001223336801,-58.065998498677));
#5993=CARTESIAN_POINT('',(-132.659309587404,-201.150103118942,-57.9516679267701));
#5994=CARTESIAN_POINT('Origin',(-137.556826453527,-221.001223336801,-69.7507768954868));
#5995=CARTESIAN_POINT('Origin',(-137.556826453532,-195.306022917222,-69.7507768954803));
#5996=CARTESIAN_POINT('Origin',(-93.9552161711911,-191.749999999999,-37.9156194648838));
#5997=CARTESIAN_POINT('',(-102.164793409111,-191.749999999999,-41.6742518185921));
#5998=CARTESIAN_POINT('',(-94.8638472022185,-191.749999999999,-38.3316226148424));
#5999=CARTESIAN_POINT('Origin',(-40.6519127704665,-191.749999999999,-10.2017996402824));
#6000=CARTESIAN_POINT('Origin',(8.32692994930188,-221.001223336801,-20.6080325327832));
#6001=CARTESIAN_POINT('',(-57.6626115368102,-183.749999999999,-85.2686099008711));
#6002=CARTESIAN_POINT('',(-62.3448536080138,-183.749999999999,-89.8565562463522));
#6003=CARTESIAN_POINT('Origin',(-65.8442432705633,-221.001223336801,-86.2852438839786));
#6004=CARTESIAN_POINT('Origin',(-61.1620011993596,-201.150050547042,-81.6972975384975));
#6005=CARTESIAN_POINT('Origin',(-70.9691959773732,-122.669431373234,60.3178919138209));
#6006=CARTESIAN_POINT('',(-132.584032186285,-191.307498281897,-0.0560596781222983));
#6007=CARTESIAN_POINT('',(-135.641367628265,-191.307498603125,-3.05182227900844));
#6008=CARTESIAN_POINT('',(-92.7337472542528,-191.307494094905,38.9916652116126));
#6009=CARTESIAN_POINT('',(-132.584032186285,-122.669431373233,-0.0560596781222983));
#6010=CARTESIAN_POINT('',(-135.641367628265,-201.150050547042,-3.05182227900844));
#6011=CARTESIAN_POINT('Origin',(-132.14197863808,-122.669431373233,-6.62313530020626));
#6012=CARTESIAN_POINT('Origin',(-132.14197863808,-193.307498415394,-6.62313530020626));
#6013=CARTESIAN_POINT('Origin',(-129.084643196101,-122.669431373233,-3.62737269932014));
#6014=CARTESIAN_POINT('Origin',(-129.084643196101,-193.307498094166,-3.62737269932014));
#6015=CARTESIAN_POINT('Origin',(-116.010407216511,-183.830404051077,-54.6123303292877));
#6016=CARTESIAN_POINT('',(-118.010407216329,-183.830377101608,-54.6123303292877));
#6017=CARTESIAN_POINT('Ctrl Pts',(-114.148028830725,-200.98200131682,-55.3408473270076));
#6018=CARTESIAN_POINT('Ctrl Pts',(-114.109982573857,-200.982002028638,-55.2435692463357));
#6019=CARTESIAN_POINT('Ctrl Pts',(-114.079617690887,-200.982114790957,-55.1434688080001));
#6020=CARTESIAN_POINT('Ctrl Pts',(-114.034868400481,-200.982180490056,-54.9397418632871));
#6021=CARTESIAN_POINT('Ctrl Pts',(-114.020505920059,-200.982133231464,-54.8364520325543));
#6022=CARTESIAN_POINT('Ctrl Pts',(-114.001821463279,-200.981939982873,-54.5259965916125));
#6023=CARTESIAN_POINT('Ctrl Pts',(-114.021512636412,-200.982203677109,-54.3187933218134));
#6024=CARTESIAN_POINT('Ctrl Pts',(-114.099704757292,-200.982115050218,-54.0120712895146));
#6025=CARTESIAN_POINT('Ctrl Pts',(-114.135476839405,-200.981991353137,-53.9082428603411));
#6026=CARTESIAN_POINT('Ctrl Pts',(-114.205632683313,-200.981992035523,-53.7485652633446));
#6027=CARTESIAN_POINT('Ctrl Pts',(-114.23455528552,-200.982039217407,-53.6905600103539));
#6028=CARTESIAN_POINT('Ctrl Pts',(-114.393836789567,-200.982228636295,-53.4065482810499));
#6029=CARTESIAN_POINT('Ctrl Pts',(-114.5647185271,-200.981902962681,-53.2061809746411));
#6030=CARTESIAN_POINT('Ctrl Pts',(-114.973781930403,-200.982204732076,-52.8823384513424));
#6031=CARTESIAN_POINT('Ctrl Pts',(-115.208056697207,-200.981875067926,-52.761980484147));
#6032=CARTESIAN_POINT('Ctrl Pts',(-115.709589852882,-200.982176913867,-52.6180136652722));
#6033=CARTESIAN_POINT('Ctrl Pts',(-115.972042716281,-200.981845002128,-52.5957897841477));
#6034=CARTESIAN_POINT('Ctrl Pts',(-116.490685585173,-200.982149048898,-52.6533756775143));
#6035=CARTESIAN_POINT('Ctrl Pts',(-116.74190076223,-200.981816705413,-52.7326473873809));
#6036=CARTESIAN_POINT('Ctrl Pts',(-117.199714604444,-200.982124993594,-52.9831948935048));
#6037=CARTESIAN_POINT('Ctrl Pts',(-117.401916019314,-200.981793874993,-53.1520762439977));
#6038=CARTESIAN_POINT('Ctrl Pts',(-117.669236265841,-200.982049775882,-53.4827492874379));
#6039=CARTESIAN_POINT('Ctrl Pts',(-117.756370365422,-200.982011425714,-53.6227198369161));
#6040=CARTESIAN_POINT('Ctrl Pts',(-117.894813447616,-200.981817457009,-53.921601925535));
#6041=CARTESIAN_POINT('Ctrl Pts',(-117.945391355953,-200.982012760912,-54.079449352676));
#6042=CARTESIAN_POINT('Ctrl Pts',(-117.975994072281,-200.982026107216,-54.241721669449));
#6043=CARTESIAN_POINT('Ctrl Pts',(-114.033208197313,-191.918611004775,-54.3119254315063));
#6044=CARTESIAN_POINT('Ctrl Pts',(-114.017435218071,-191.918611004775,-54.4157397145507));
#6045=CARTESIAN_POINT('Ctrl Pts',(-114.009862695398,-191.918497778333,-54.5206260169333));
#6046=CARTESIAN_POINT('Ctrl Pts',(-114.011255851419,-191.918433560817,-54.7303214612433));
#6047=CARTESIAN_POINT('Ctrl Pts',(-114.020170078765,-191.918482784268,-54.8347921805605));
#6048=CARTESIAN_POINT('Ctrl Pts',(-114.07114661672,-191.918676522385,-55.1436064232891));
#6049=CARTESIAN_POINT('Ctrl Pts',(-114.136973987615,-191.918404902546,-55.3425739232797));
#6050=CARTESIAN_POINT('Ctrl Pts',(-114.291686257884,-191.918505879051,-55.6430971768641));
#6051=CARTESIAN_POINT('Ctrl Pts',(-114.362127666361,-191.918653805502,-55.7523640533435));
#6052=CARTESIAN_POINT('Ctrl Pts',(-114.523161130275,-191.918544054086,-55.9556967963099));
#6053=CARTESIAN_POINT('Ctrl Pts',(-114.613361288825,-191.918433837956,-56.0492789776499));
#6054=CARTESIAN_POINT('Ctrl Pts',(-114.810515700529,-191.918504183934,-56.2175824099771));
#6055=CARTESIAN_POINT('Ctrl Pts',(-114.916980051543,-191.918656981494,-56.2919189198951));
#6056=CARTESIAN_POINT('Ctrl Pts',(-115.142841987619,-191.918557228061,-56.4189839579434));
#6057=CARTESIAN_POINT('Ctrl Pts',(-115.261703679327,-191.918441055852,-56.4713997491272));
#6058=CARTESIAN_POINT('Ctrl Pts',(-115.490877507229,-191.918498925414,-56.5468876855614));
#6059=CARTESIAN_POINT('Ctrl Pts',(-115.599687313175,-191.918624712032,-56.5728801868205));
#6060=CARTESIAN_POINT('Ctrl Pts',(-115.820502477932,-191.918626346209,-56.6064296456086));
#6061=CARTESIAN_POINT('Ctrl Pts',(-115.932122483984,-191.918502175745,-56.6139280034498));
#6062=CARTESIAN_POINT('Ctrl Pts',(-116.173375448783,-191.91844774993,-56.6099140429585));
#6063=CARTESIAN_POINT('Ctrl Pts',(-116.302441260161,-191.91856573366,-56.5951670374558));
#6064=CARTESIAN_POINT('Ctrl Pts',(-116.555850993014,-191.918669022737,-56.540919834717));
#6065=CARTESIAN_POINT('Ctrl Pts',(-116.679590274582,-191.918517922656,-56.5015589677669));
#6066=CARTESIAN_POINT('Ctrl Pts',(-116.917836226976,-191.91845076537,-56.3994076026939));
#6067=CARTESIAN_POINT('Ctrl Pts',(-117.031760878674,-191.91856247291,-56.336839087407));
#6068=CARTESIAN_POINT('Ctrl Pts',(-117.245919925123,-191.918674989598,-56.1905108943699));
#6069=CARTESIAN_POINT('Ctrl Pts',(-117.345636372228,-191.91852831907,-56.1070966116485));
#6070=CARTESIAN_POINT('Ctrl Pts',(-117.58262611455,-191.918430213134,-55.8660862043177));
#6071=CARTESIAN_POINT('Ctrl Pts',(-117.704578579264,-191.918703212908,-55.6956491104477));
#6072=CARTESIAN_POINT('Ctrl Pts',(-117.844976230312,-191.918510883881,-55.4159114269318));
#6073=CARTESIAN_POINT('Ctrl Pts',(-117.884517236053,-191.918462015631,-55.31880285504));
#6074=CARTESIAN_POINT('Ctrl Pts',(-117.94812956635,-191.918526708552,-55.118984393586));
#6075=CARTESIAN_POINT('Ctrl Pts',(-117.972051270305,-191.918640053583,-55.0165823608008));
#6076=CARTESIAN_POINT('Ctrl Pts',(-117.987824208982,-191.918640053583,-54.9127683447459));
#6077=CARTESIAN_POINT('Origin',(-136.384675642207,-221.001223336801,-54.6090157456441));
#6078=CARTESIAN_POINT('Origin',(-119.378442128706,-194.749999999999,-77.1393083643024));
#6079=CARTESIAN_POINT('Origin',(-96.7644086231646,-191.749999999999,-53.4994813903204));
#6080=CARTESIAN_POINT('Origin',(-110.70754960465,-251.110079664517,-52.1673849942468));
#6081=CARTESIAN_POINT('Origin',(-102.581073691815,-191.749999999999,-40.7650154762523));
#6082=CARTESIAN_POINT('Origin',(-95.280127484923,-191.749999999999,-37.4223862725026));
#6083=CARTESIAN_POINT('Origin',(-112.129107432913,-192.6615581845,15.2475454744929));
#6084=CARTESIAN_POINT('',(-129.113412808507,-192.893251632711,-2.20565350387295));
#6085=CARTESIAN_POINT('Origin',(-129.113412808507,-194.107498169166,-6.45565350387295));
#6086=CARTESIAN_POINT('Origin',(-91.1479281495994,-183.749018399673,-56.9733521329033));
#6087=CARTESIAN_POINT('',(-93.1481419287333,-191.918520926735,-56.973328300705));
#6088=CARTESIAN_POINT('Ctrl Pts',(-93.1481419287333,-191.918520926735,-56.9733282998962));
#6089=CARTESIAN_POINT('Ctrl Pts',(-93.14814192829,-191.918503012811,-57.0047992769877));
#6090=CARTESIAN_POINT('Ctrl Pts',(-93.1473991129241,-191.918487873354,-57.0362764247494));
#6091=CARTESIAN_POINT('Ctrl Pts',(-93.14094760868,-191.918446371787,-57.1728009178521));
#6092=CARTESIAN_POINT('Ctrl Pts',(-93.1277017504979,-191.91849684673,-57.2773124353334));
#6093=CARTESIAN_POINT('Ctrl Pts',(-93.0637019467322,-191.918689019407,-57.5852534578141));
#6094=CARTESIAN_POINT('Ctrl Pts',(-92.9891892474701,-191.918409991721,-57.7822585279863));
#6095=CARTESIAN_POINT('Ctrl Pts',(-92.8211899695703,-191.918514676388,-58.0768474778911));
#6096=CARTESIAN_POINT('Ctrl Pts',(-92.7460761786506,-191.918656470931,-58.1830604667074));
#6097=CARTESIAN_POINT('Ctrl Pts',(-92.5763746281692,-191.91853589001,-58.3793777829416));
#6098=CARTESIAN_POINT('Ctrl Pts',(-92.4822067817788,-191.918428356069,-58.4690208729454));
#6099=CARTESIAN_POINT('Ctrl Pts',(-92.2778778192424,-191.918500375167,-58.62877614056));
#6100=CARTESIAN_POINT('Ctrl Pts',(-92.1682145973865,-191.918646862137,-58.6985134644788));
#6101=CARTESIAN_POINT('Ctrl Pts',(-91.9369419294378,-191.918533956396,-58.8157725584417));
#6102=CARTESIAN_POINT('Ctrl Pts',(-91.8158889422997,-191.91842016304,-58.8630165866794));
#6103=CARTESIAN_POINT('Ctrl Pts',(-91.5864509638149,-191.918478697612,-58.9277363717059));
#6104=CARTESIAN_POINT('Ctrl Pts',(-91.4795595386607,-191.918596636966,-58.948673066484));
#6105=CARTESIAN_POINT('Ctrl Pts',(-91.2633833428808,-191.918596692985,-58.9729672723533));
#6106=CARTESIAN_POINT('Ctrl Pts',(-91.1544557374811,-191.918474892814,-58.9762755681371));
#6107=CARTESIAN_POINT('Ctrl Pts',(-90.9162928977469,-191.918406706293,-58.964072258188));
#6108=CARTESIAN_POINT('Ctrl Pts',(-90.7877460048718,-191.918514519563,-58.9448578296986));
#6109=CARTESIAN_POINT('Ctrl Pts',(-90.5361387373209,-191.918624214706,-58.881803923795));
#6110=CARTESIAN_POINT('Ctrl Pts',(-90.413684616277,-191.918476479437,-58.8381066194505));
#6111=CARTESIAN_POINT('Ctrl Pts',(-90.1789416364972,-191.918395266177,-58.7276038379909));
#6112=CARTESIAN_POINT('Ctrl Pts',(-90.0672190786753,-191.918497548977,-58.661059373203));
#6113=CARTESIAN_POINT('Ctrl Pts',(-89.8581613231731,-191.918615813437,-58.5072143430355));
#6114=CARTESIAN_POINT('Ctrl Pts',(-89.7613399852284,-191.918473793153,-58.4202682704347));
#6115=CARTESIAN_POINT('Ctrl Pts',(-89.5318394231734,-191.918359757431,-58.1698274021913));
#6116=CARTESIAN_POINT('Ctrl Pts',(-89.4152861418934,-191.9186385358,-57.9937467598164));
#6117=CARTESIAN_POINT('Ctrl Pts',(-89.2845336039026,-191.918443369709,-57.7068644217982));
#6118=CARTESIAN_POINT('Ctrl Pts',(-89.2484682232802,-191.918391405947,-57.6076400718501));
#6119=CARTESIAN_POINT('Ctrl Pts',(-89.1922142253228,-191.918454064224,-57.4040695764056));
#6120=CARTESIAN_POINT('Ctrl Pts',(-89.1721740972653,-191.9185685921,-57.300041226447));
#6121=CARTESIAN_POINT('Ctrl Pts',(-89.160454293973,-191.9185685921,-57.194908691526));
#6122=CARTESIAN_POINT('',(-93.1479281491747,-183.748966064004,-56.9733521329033));
#6123=CARTESIAN_POINT('Ctrl Pts',(-89.1606914493205,-200.981425836539,-57.1948822542865));
#6124=CARTESIAN_POINT('Ctrl Pts',(-89.1489723816151,-200.981425836539,-57.0897563179496));
#6125=CARTESIAN_POINT('Ctrl Pts',(-89.1456114986883,-200.981540586191,-56.9838752576782));
#6126=CARTESIAN_POINT('Ctrl Pts',(-89.1556522780693,-200.981604186775,-56.772926839688));
#6127=CARTESIAN_POINT('Ctrl Pts',(-89.1689791675845,-200.981552939572,-56.6682020852641));
#6128=CARTESIAN_POINT('Ctrl Pts',(-89.2333356845232,-200.981360540401,-56.3595869811149));
#6129=CARTESIAN_POINT('Ctrl Pts',(-89.3082409653962,-200.981641958722,-56.1621732431119));
#6130=CARTESIAN_POINT('Ctrl Pts',(-89.4769373130368,-200.981533629021,-55.8673465443601));
#6131=CARTESIAN_POINT('Ctrl Pts',(-89.5522302520228,-200.981393992766,-55.7612106342421));
#6132=CARTESIAN_POINT('Ctrl Pts',(-89.7222676916382,-200.98151754697,-55.565098618019));
#6133=CARTESIAN_POINT('Ctrl Pts',(-89.8165889115843,-200.981622783969,-55.4755814294621));
#6134=CARTESIAN_POINT('Ctrl Pts',(-90.0212265960224,-200.981547833417,-55.3160895008282));
#6135=CARTESIAN_POINT('Ctrl Pts',(-90.1310482163839,-200.981403337699,-55.2464941560829));
#6136=CARTESIAN_POINT('Ctrl Pts',(-90.3625865819233,-200.981519786815,-55.1295709417226));
#6137=CARTESIAN_POINT('Ctrl Pts',(-90.4837432087402,-200.981631170213,-55.0825151772048));
#6138=CARTESIAN_POINT('Ctrl Pts',(-90.7134049552217,-200.981569634783,-55.0181436890462));
#6139=CARTESIAN_POINT('Ctrl Pts',(-90.8204246593546,-200.981450808215,-54.9973740135853));
#6140=CARTESIAN_POINT('Ctrl Pts',(-91.0367187389785,-200.981457058835,-54.973460751221));
#6141=CARTESIAN_POINT('Ctrl Pts',(-91.1456334626853,-200.981578097208,-54.9703475187822));
#6142=CARTESIAN_POINT('Ctrl Pts',(-91.3837262367151,-200.981643096766,-54.9829703735957));
#6143=CARTESIAN_POINT('Ctrl Pts',(-91.5122094421452,-200.98153270874,-55.0024052194963));
#6144=CARTESIAN_POINT('Ctrl Pts',(-91.7636188845271,-200.981426791778,-55.0658713387938));
#6145=CARTESIAN_POINT('Ctrl Pts',(-91.8859413577628,-200.981576646419,-55.1097536975268));
#6146=CARTESIAN_POINT('Ctrl Pts',(-92.120424678287,-200.981654721563,-55.220603220777));
#6147=CARTESIAN_POINT('Ctrl Pts',(-92.2320171101387,-200.981549983046,-55.2873148307433));
#6148=CARTESIAN_POINT('Ctrl Pts',(-92.4407733095759,-200.981434884818,-55.4414525474756));
#6149=CARTESIAN_POINT('Ctrl Pts',(-92.537426183431,-200.981579202423,-55.5285209481049));
#6150=CARTESIAN_POINT('Ctrl Pts',(-92.7661450234004,-200.981689325396,-55.7788780728071));
#6151=CARTESIAN_POINT('Ctrl Pts',(-92.8821934852848,-200.981413086589,-55.9546254849408));
#6152=CARTESIAN_POINT('Ctrl Pts',(-93.0124161579231,-200.981607997781,-56.2408898084399));
#6153=CARTESIAN_POINT('Ctrl Pts',(-93.0483470425504,-200.9816591341,-56.3399111782305));
#6154=CARTESIAN_POINT('Ctrl Pts',(-93.1043991188119,-200.981596055857,-56.5430399586664));
#6155=CARTESIAN_POINT('Ctrl Pts',(-93.1243739389097,-200.981481954942,-56.6468313340404));
#6156=CARTESIAN_POINT('Ctrl Pts',(-93.136066720848,-200.981481954941,-56.7517214735291));
#6157=CARTESIAN_POINT('Ctrl Pts',(-93.135829565567,-191.918624710501,-56.7517479113646));
#6158=CARTESIAN_POINT('Ctrl Pts',(-93.1440344495898,-191.918624710501,-56.8253498511361));
#6159=CARTESIAN_POINT('Ctrl Pts',(-93.1481419297759,-191.918563055468,-56.8993170207914));
#6160=CARTESIAN_POINT('Ctrl Pts',(-93.1481419287333,-191.918520926735,-56.9733282998962));
#6161=CARTESIAN_POINT('Origin',(-101.538306649711,-183.74868017549,-34.2348336145943));
#6162=CARTESIAN_POINT('',(-103.538520437696,-191.918520926735,-34.2348097814094));
#6163=CARTESIAN_POINT('Ctrl Pts',(-103.538520437696,-191.918520926735,-34.2348097806005));
#6164=CARTESIAN_POINT('Ctrl Pts',(-103.538520437252,-191.918503012811,-34.2662807576974));
#6165=CARTESIAN_POINT('Ctrl Pts',(-103.537777621886,-191.918487873354,-34.2977579054645));
#6166=CARTESIAN_POINT('Ctrl Pts',(-103.53132611764,-191.918446371787,-34.4342823985776));
#6167=CARTESIAN_POINT('Ctrl Pts',(-103.518080259456,-191.918496846731,-34.538793916064));
#6168=CARTESIAN_POINT('Ctrl Pts',(-103.454080455683,-191.918689019407,-34.8467349385577));
#6169=CARTESIAN_POINT('Ctrl Pts',(-103.379567756413,-191.918409991721,-35.0437400087367));
#6170=CARTESIAN_POINT('Ctrl Pts',(-103.2115684785,-191.918514676388,-35.3383289586447));
#6171=CARTESIAN_POINT('Ctrl Pts',(-103.136454687577,-191.918656470931,-35.4445419474591));
#6172=CARTESIAN_POINT('Ctrl Pts',(-102.966753137089,-191.91853589001,-35.6408592636889));
#6173=CARTESIAN_POINT('Ctrl Pts',(-102.872585290696,-191.918428356069,-35.7305023536903));
#6174=CARTESIAN_POINT('Ctrl Pts',(-102.668256328152,-191.918500375167,-35.8902576213006));
#6175=CARTESIAN_POINT('Ctrl Pts',(-102.558593106292,-191.918646862137,-35.959994945217));
#6176=CARTESIAN_POINT('Ctrl Pts',(-102.327320438337,-191.918533956396,-36.0772540391731));
#6177=CARTESIAN_POINT('Ctrl Pts',(-102.206267451197,-191.91842016304,-36.1244980674069));
#6178=CARTESIAN_POINT('Ctrl Pts',(-101.976829472734,-191.918478697612,-36.1892178524187));
#6179=CARTESIAN_POINT('Ctrl Pts',(-101.869938047603,-191.918596636965,-36.2101545471904));
#6180=CARTESIAN_POINT('Ctrl Pts',(-101.653761851871,-191.918596692985,-36.2344487530548));
#6181=CARTESIAN_POINT('Ctrl Pts',(-101.544834246496,-191.918474892813,-36.23775704884));
#6182=CARTESIAN_POINT('Ctrl Pts',(-101.306671406785,-191.918406706292,-36.2255537389012));
#6183=CARTESIAN_POINT('Ctrl Pts',(-101.178124513908,-191.918514519561,-36.2063393104166));
#6184=CARTESIAN_POINT('Ctrl Pts',(-100.926517246353,-191.918624214705,-36.1432854045218));
#6185=CARTESIAN_POINT('Ctrl Pts',(-100.804063125306,-191.918476479437,-36.0995881001812));
#6186=CARTESIAN_POINT('Ctrl Pts',(-100.56932014552,-191.918395266177,-35.9890853187288));
#6187=CARTESIAN_POINT('Ctrl Pts',(-100.457597587695,-191.918497548977,-35.9225408539444));
#6188=CARTESIAN_POINT('Ctrl Pts',(-100.248539832186,-191.918615813437,-35.7686958237824));
#6189=CARTESIAN_POINT('Ctrl Pts',(-100.151718494237,-191.918473793153,-35.6817497511838));
#6190=CARTESIAN_POINT('Ctrl Pts',(-99.9222179321669,-191.918359757431,-35.4313088829397));
#6191=CARTESIAN_POINT('Ctrl Pts',(-99.8056646508774,-191.9186385358,-35.2552282405597));
#6192=CARTESIAN_POINT('Ctrl Pts',(-99.6749121128754,-191.918443369709,-34.9683459025303));
#6193=CARTESIAN_POINT('Ctrl Pts',(-99.6388467322497,-191.918391405946,-34.8691215525774));
#6194=CARTESIAN_POINT('Ctrl Pts',(-99.5825927342873,-191.918454064223,-34.6655510571218));
#6195=CARTESIAN_POINT('Ctrl Pts',(-99.5625526062281,-191.9185685921,-34.5615227071571));
#6196=CARTESIAN_POINT('Ctrl Pts',(-99.5508328029352,-191.9185685921,-34.4563901722303));
#6197=CARTESIAN_POINT('',(-103.538306649286,-183.748627839821,-34.2348336145943));
#6198=CARTESIAN_POINT('Ctrl Pts',(-99.5510710662095,-200.98142583654,-34.4563736734264));
#6199=CARTESIAN_POINT('Ctrl Pts',(-99.5393519985045,-200.98142583654,-34.3512477370932));
#6200=CARTESIAN_POINT('Ctrl Pts',(-99.5359900076507,-200.981540586192,-34.2453567383899));
#6201=CARTESIAN_POINT('Ctrl Pts',(-99.5460307870302,-200.981604186775,-34.0344083204067));
#6202=CARTESIAN_POINT('Ctrl Pts',(-99.5593576765442,-200.981552939572,-33.9296835659862));
#6203=CARTESIAN_POINT('Ctrl Pts',(-99.623714193477,-200.981360540401,-33.6210684618487));
#6204=CARTESIAN_POINT('Ctrl Pts',(-99.6986194743433,-200.981641958722,-33.4236547238528));
#6205=CARTESIAN_POINT('Ctrl Pts',(-99.8673158219709,-200.981533629021,-33.1288280251073));
#6206=CARTESIAN_POINT('Ctrl Pts',(-99.9426087609524,-200.981393992766,-33.0226921149898));
#6207=CARTESIAN_POINT('Ctrl Pts',(-100.112646200559,-200.98151754697,-32.826580098765));
#6208=CARTESIAN_POINT('Ctrl Pts',(-100.206967420502,-200.981622783969,-32.7370629102063));
#6209=CARTESIAN_POINT('Ctrl Pts',(-100.411605104934,-200.981547833417,-32.5775709815669));
#6210=CARTESIAN_POINT('Ctrl Pts',(-100.521426725293,-200.981403337699,-32.5079756368185));
#6211=CARTESIAN_POINT('Ctrl Pts',(-100.752965090828,-200.981519786815,-32.3910524224516));
#6212=CARTESIAN_POINT('Ctrl Pts',(-100.874121717643,-200.981631170213,-32.3439966579302));
#6213=CARTESIAN_POINT('Ctrl Pts',(-101.103783464143,-200.981569634783,-32.2796251697584));
#6214=CARTESIAN_POINT('Ctrl Pts',(-101.210803168297,-200.981450808215,-32.2588554942918));
#6215=CARTESIAN_POINT('Ctrl Pts',(-101.427097247961,-200.981457058835,-32.2349422319232));
#6216=CARTESIAN_POINT('Ctrl Pts',(-101.536011971688,-200.981578097208,-32.2318289994854));
#6217=CARTESIAN_POINT('Ctrl Pts',(-101.774104745737,-200.981643096765,-32.2444518543071));
#6218=CARTESIAN_POINT('Ctrl Pts',(-101.902587951165,-200.981532708739,-32.2638867002114));
#6219=CARTESIAN_POINT('Ctrl Pts',(-102.153997393544,-200.981426791777,-32.3273528195159));
#6220=CARTESIAN_POINT('Ctrl Pts',(-102.276319866778,-200.981576646419,-32.3712351782522));
#6221=CARTESIAN_POINT('Ctrl Pts',(-102.510803187298,-200.981654721562,-32.4820847015087));
#6222=CARTESIAN_POINT('Ctrl Pts',(-102.622395619148,-200.981549983045,-32.5487963114779));
#6223=CARTESIAN_POINT('Ctrl Pts',(-102.83115181858,-200.981434884817,-32.7029340282154));
#6224=CARTESIAN_POINT('Ctrl Pts',(-102.927804692433,-200.981579202422,-32.7900024288474));
#6225=CARTESIAN_POINT('Ctrl Pts',(-103.15652353239,-200.981689325396,-33.0403595535494));
#6226=CARTESIAN_POINT('Ctrl Pts',(-103.272571994265,-200.981413086589,-33.2161069656784));
#6227=CARTESIAN_POINT('Ctrl Pts',(-103.402794666894,-200.98160799778,-33.5023712891669));
#6228=CARTESIAN_POINT('Ctrl Pts',(-103.438725551519,-200.981659134099,-33.6013926589534));
#6229=CARTESIAN_POINT('Ctrl Pts',(-103.494777627776,-200.981596055856,-33.8045214393801));
#6230=CARTESIAN_POINT('Ctrl Pts',(-103.514752447774,-200.981481954941,-33.9083128141559));
#6231=CARTESIAN_POINT('Ctrl Pts',(-103.526445229744,-200.98148195494,-34.0132029536363));
#6232=CARTESIAN_POINT('Ctrl Pts',(-103.526208074529,-191.918624710502,-34.0132293920697));
#6233=CARTESIAN_POINT('Ctrl Pts',(-103.534412958552,-191.918624710502,-34.0868313318411));
#6234=CARTESIAN_POINT('Ctrl Pts',(-103.538520438738,-191.918563055468,-34.1607985014959));
#6235=CARTESIAN_POINT('Ctrl Pts',(-103.538520437696,-191.918520926735,-34.2348097806005));
#6236=CARTESIAN_POINT('Ctrl Pts',(-93.1348092687793,-191.91965132733,-56.7518616504437));
#6237=CARTESIAN_POINT('Ctrl Pts',(-93.1058454508583,-191.919651327331,-56.4920416241956));
#6238=CARTESIAN_POINT('Ctrl Pts',(-93.0250213596817,-191.919650629237,-56.2374183395106));
#6239=CARTESIAN_POINT('Ctrl Pts',(-92.8988339194636,-191.919649286635,-56.0084595222913));
#6240=CARTESIAN_POINT('Ctrl Pts',(-92.7726464792456,-191.919647944032,-55.7795007050721));
#6241=CARTESIAN_POINT('Ctrl Pts',(-92.6005349397551,-191.919645956032,-55.5751889341859));
#6242=CARTESIAN_POINT('Ctrl Pts',(-92.3963342507151,-191.919643475227,-55.4119478146692));
#6243=CARTESIAN_POINT('Ctrl Pts',(-92.1921335616751,-191.919640994422,-55.2487066951524));
#6244=CARTESIAN_POINT('Ctrl Pts',(-91.9549363105133,-191.919638019173,-55.1258108542859));
#6245=CARTESIAN_POINT('Ctrl Pts',(-91.703809414328,-191.919634777848,-55.0531394872696));
#6246=CARTESIAN_POINT('Ctrl Pts',(-91.4526825181428,-191.919631536524,-54.9804681202533));
#6247=CARTESIAN_POINT('Ctrl Pts',(-91.1865100620395,-191.919628026982,-54.9576983307301));
#6248=CARTESIAN_POINT('Ctrl Pts',(-90.9266883361993,-191.919624518601,-54.9866607938135));
#6249=CARTESIAN_POINT('Ctrl Pts',(-90.6668666103591,-191.919621010221,-55.0156232568969));
#6250=CARTESIAN_POINT('Ctrl Pts',(-90.4122410946417,-191.919617500683,-55.0964466971295));
#6251=CARTESIAN_POINT('Ctrl Pts',(-90.1832801154893,-191.919614259367,-55.2226343803185));
#6252=CARTESIAN_POINT('Ctrl Pts',(-89.954319136337,-191.91961101805,-55.3488220635075));
#6253=CARTESIAN_POINT('Ctrl Pts',(-89.7500053317229,-191.919608042811,-55.5209347212595));
#6254=CARTESIAN_POINT('Ctrl Pts',(-89.5867628532545,-191.919605562016,-55.7251371099893));
#6255=CARTESIAN_POINT('Ctrl Pts',(-89.4235203747861,-191.919603081222,-55.929339498719));
#6256=CARTESIAN_POINT('Ctrl Pts',(-89.3006238908009,-191.919601093233,-56.166538979634));
#6257=CARTESIAN_POINT('Ctrl Pts',(-89.2279527627487,-191.919599750638,-56.4176680377914));
#6258=CARTESIAN_POINT('Ctrl Pts',(-89.1552816346964,-191.919598408043,-56.6687970959488));
#6259=CARTESIAN_POINT('Ctrl Pts',(-89.132512971367,-191.919597709954,-56.9349715844884));
#6260=CARTESIAN_POINT('Ctrl Pts',(-89.1614771302517,-191.919597709954,-57.194794669354));
#6261=CARTESIAN_POINT('Ctrl Pts',(-89.1904412891364,-191.919597709954,-57.4546177542196));
#6262=CARTESIAN_POINT('Ctrl Pts',(-89.2712669671863,-191.919598408043,-57.7092439118449));
#6263=CARTESIAN_POINT('Ctrl Pts',(-89.3974568085988,-191.919599750638,-57.938204652208));
#6264=CARTESIAN_POINT('Ctrl Pts',(-89.5236466500113,-191.919601093233,-58.1671653925712));
#6265=CARTESIAN_POINT('Ctrl Pts',(-89.6957613484124,-191.919603081222,-58.3714780699002));
#6266=CARTESIAN_POINT('Ctrl Pts',(-89.899965092548,-191.919605562016,-58.5347188528558));
#6267=CARTESIAN_POINT('Ctrl Pts',(-90.1041688366836,-191.919608042811,-58.6979596358113));
#6268=CARTESIAN_POINT('Ctrl Pts',(-90.3413689678282,-191.919611018049,-58.8208538809981));
#6269=CARTESIAN_POINT('Ctrl Pts',(-90.5924977836362,-191.919614259367,-58.8935228512235));
#6270=CARTESIAN_POINT('Ctrl Pts',(-90.8436265994443,-191.919617500684,-58.9661918214489));
#6271=CARTESIAN_POINT('Ctrl Pts',(-91.1097999690314,-191.919621010221,-58.9889584432556));
#6272=CARTESIAN_POINT('Ctrl Pts',(-91.3696213547902,-191.919624518601,-58.9599929294794));
#6273=CARTESIAN_POINT('Ctrl Pts',(-91.6294427405489,-191.919628026982,-58.9310274157031));
#6274=CARTESIAN_POINT('Ctrl Pts',(-91.8840666676262,-191.919631536524,-58.850201086682));
#6275=CARTESIAN_POINT('Ctrl Pts',(-92.1130252464681,-191.919634777848,-58.7240114882731));
#6276=CARTESIAN_POINT('Ctrl Pts',(-92.3419838253102,-191.919638019173,-58.5978218898641));
#6277=CARTESIAN_POINT('Ctrl Pts',(-92.546294469248,-191.919640994422,-58.4257083098224));
#6278=CARTESIAN_POINT('Ctrl Pts',(-92.7095338935031,-191.919643475227,-58.221506265577));
#6279=CARTESIAN_POINT('Ctrl Pts',(-92.8727733177581,-191.919645956032,-58.0173042213315));
#6280=CARTESIAN_POINT('Ctrl Pts',(-92.9956669199952,-191.919647944032,-57.7801063202488));
#6281=CARTESIAN_POINT('Ctrl Pts',(-93.0683361293074,-191.919649286635,-57.5289796668065));
#6282=CARTESIAN_POINT('Ctrl Pts',(-93.1410053386196,-191.919650629237,-57.2778530133641));
#6283=CARTESIAN_POINT('Ctrl Pts',(-93.1637730867002,-191.91965132733,-57.0116816766918));
#6284=CARTESIAN_POINT('Ctrl Pts',(-93.1348092687793,-191.91965132733,-56.7518616504437));
#6285=CARTESIAN_POINT('Ctrl Pts',(-93.1913473010314,-191.862763080624,-56.745558990501));
#6286=CARTESIAN_POINT('Ctrl Pts',(-93.161558456055,-191.862763080625,-56.4783380562715));
#6287=CARTESIAN_POINT('Ctrl Pts',(-93.0784381355278,-191.86276242155,-56.2164809394629));
#6288=CARTESIAN_POINT('Ctrl Pts',(-92.9486562482022,-191.862761153946,-55.9810003130404));
#6289=CARTESIAN_POINT('Ctrl Pts',(-92.8188743608766,-191.862759886343,-55.7455196866179));
#6290=CARTESIAN_POINT('Ctrl Pts',(-92.6418731036484,-191.862758009459,-55.5354034758851));
#6291=CARTESIAN_POINT('Ctrl Pts',(-92.4318557883267,-191.862755667234,-55.367512547368));
#6292=CARTESIAN_POINT('Ctrl Pts',(-92.221838473005,-191.862753325009,-55.199621618851));
#6293=CARTESIAN_POINT('Ctrl Pts',(-91.9779024557484,-191.862750516057,-55.0732344109617));
#6294=CARTESIAN_POINT('Ctrl Pts',(-91.7196223067652,-191.862747455796,-54.9984931237311));
#6295=CARTESIAN_POINT('Ctrl Pts',(-91.4613421577819,-191.862744395536,-54.9237518365005));
#6296=CARTESIAN_POINT('Ctrl Pts',(-91.1876078259152,-191.862741082155,-54.9003352692953));
#6297=CARTESIAN_POINT('Ctrl Pts',(-90.9203852537543,-191.862737769757,-54.9301228086422));
#6298=CARTESIAN_POINT('Ctrl Pts',(-90.6531626815933,-191.862734457359,-54.9599103479892));
#6299=CARTESIAN_POINT('Ctrl Pts',(-90.3913034146656,-191.862731143982,-55.0430300411047));
#6300=CARTESIAN_POINT('Ctrl Pts',(-90.1558207047523,-191.86272808373,-55.1728121626121));
#6301=CARTESIAN_POINT('Ctrl Pts',(-89.920337994839,-191.862725023477,-55.3025942841196));
#6302=CARTESIAN_POINT('Ctrl Pts',(-89.7102198241404,-191.862722214536,-55.4795966190116));
#6303=CARTESIAN_POINT('Ctrl Pts',(-89.5423275859692,-191.862719872322,-55.6896155723579));
#6304=CARTESIAN_POINT('Ctrl Pts',(-89.374435347798,-191.862717530109,-55.8996345257041));
#6305=CARTESIAN_POINT('Ctrl Pts',(-89.2480475201478,-191.862715653236,-56.1435726918265));
#6306=CARTESIAN_POINT('Ctrl Pts',(-89.1733064631807,-191.86271438564,-56.401854924336));
#6307=CARTESIAN_POINT('Ctrl Pts',(-89.0985654062135,-191.862713118044,-56.6601371568455));
#6308=CARTESIAN_POINT('Ctrl Pts',(-89.075149924429,-191.862712458975,-56.9338734474123));
#6309=CARTESIAN_POINT('Ctrl Pts',(-89.1049390979996,-191.862712458975,-57.2010973292967));
#6310=CARTESIAN_POINT('Ctrl Pts',(-89.1347282715701,-191.862712458975,-57.4683212111812));
#6311=CARTESIAN_POINT('Ctrl Pts',(-89.2178501214385,-191.862713118044,-57.730181096683));
#6312=CARTESIAN_POINT('Ctrl Pts',(-89.3476343228088,-191.86271438564,-57.9656635765011));
#6313=CARTESIAN_POINT('Ctrl Pts',(-89.4774185241791,-191.862715653236,-58.2011460563192));
#6314=CARTESIAN_POINT('Ctrl Pts',(-89.6544228258041,-191.862717530109,-58.4112631405275));
#6315=CARTESIAN_POINT('Ctrl Pts',(-89.8644430853372,-191.862719872322,-58.5791537447554));
#6316=CARTESIAN_POINT('Ctrl Pts',(-90.0744633448703,-191.862722214536,-58.7470443489834));
#6317=CARTESIAN_POINT('Ctrl Pts',(-90.3184021377061,-191.862725023477,-58.8734300189201));
#6318=CARTESIAN_POINT('Ctrl Pts',(-90.5766841366421,-191.86272808373,-58.9481689964119));
#6319=CARTESIAN_POINT('Ctrl Pts',(-90.834966135578,-191.862731143983,-59.0229079739037));
#6320=CARTESIAN_POINT('Ctrl Pts',(-91.1087013478049,-191.862734457359,-59.0463214881014));
#6321=CARTESIAN_POINT('Ctrl Pts',(-91.3759235922346,-191.862737769757,-59.0165310088483));
#6322=CARTESIAN_POINT('Ctrl Pts',(-91.6431458366643,-191.862741082155,-58.9867405295952));
#6323=CARTESIAN_POINT('Ctrl Pts',(-91.9050035725231,-191.862744395536,-58.9036180522898));
#6324=CARTESIAN_POINT('Ctrl Pts',(-92.1404839692561,-191.862747455796,-58.773834085135));
#6325=CARTESIAN_POINT('Ctrl Pts',(-92.375964365989,-191.862750516057,-58.6440501179802));
#6326=CARTESIAN_POINT('Ctrl Pts',(-92.5860794905643,-191.862753325009,-58.4670468941173));
#6327=CARTESIAN_POINT('Ctrl Pts',(-92.753968785387,-191.862755667234,-58.2570282728075));
#6328=CARTESIAN_POINT('Ctrl Pts',(-92.9218580802096,-191.862758009459,-58.0470096514977));
#6329=CARTESIAN_POINT('Ctrl Pts',(-93.0482431305541,-191.862759886342,-57.803073007832));
#6330=CARTESIAN_POINT('Ctrl Pts',(-93.1229823384318,-191.862761153946,-57.5447930928096));
#6331=CARTESIAN_POINT('Ctrl Pts',(-93.1977215463095,-191.86276242155,-57.2865131777873));
#6332=CARTESIAN_POINT('Ctrl Pts',(-93.2211361460079,-191.862763080624,-57.0127799247304));
#6333=CARTESIAN_POINT('Ctrl Pts',(-93.1913473010314,-191.862763080624,-56.745558990501));
#6334=CARTESIAN_POINT('Ctrl Pts',(-93.2478853332836,-191.805874833918,-56.7392563305582));
#6335=CARTESIAN_POINT('Ctrl Pts',(-93.2172714616617,-191.805874833918,-56.4646344920251));
#6336=CARTESIAN_POINT('Ctrl Pts',(-93.1318549136908,-191.80587421386,-56.1955435465479));
#6337=CARTESIAN_POINT('Ctrl Pts',(-92.9984785821461,-191.805873021258,-55.9535411132339));
#6338=CARTESIAN_POINT('Ctrl Pts',(-92.8651022506014,-191.805871828656,-55.7115386799198));
#6339=CARTESIAN_POINT('Ctrl Pts',(-92.6832112794308,-191.805870062881,-55.4956180304328));
#6340=CARTESIAN_POINT('Ctrl Pts',(-92.4673773415025,-191.805867859241,-55.3230772925087));
#6341=CARTESIAN_POINT('Ctrl Pts',(-92.2515434035742,-191.805865655601,-55.1505365545846));
#6342=CARTESIAN_POINT('Ctrl Pts',(-92.0008686236833,-191.805863012936,-55.0206579777591));
#6343=CARTESIAN_POINT('Ctrl Pts',(-91.7354352242109,-191.805860133745,-54.943846767429));
#6344=CARTESIAN_POINT('Ctrl Pts',(-91.4700018247384,-191.805857254554,-54.8670355570989));
#6345=CARTESIAN_POINT('Ctrl Pts',(-91.188705618206,-191.805854137322,-54.8429722084098));
#6346=CARTESIAN_POINT('Ctrl Pts',(-90.914082199315,-191.805851020913,-54.8735848203485));
#6347=CARTESIAN_POINT('Ctrl Pts',(-90.639458780424,-191.805847904503,-54.9041974322871));
#6348=CARTESIAN_POINT('Ctrl Pts',(-90.3703657603775,-191.805844787276,-54.9896133748191));
#6349=CARTESIAN_POINT('Ctrl Pts',(-90.1283613168156,-191.805841908093,-55.1229899323391));
#6350=CARTESIAN_POINT('Ctrl Pts',(-89.8863568732536,-191.805839028911,-55.2563664898592));
#6351=CARTESIAN_POINT('Ctrl Pts',(-89.6704343326739,-191.805836386257,-55.4382585007872));
#6352=CARTESIAN_POINT('Ctrl Pts',(-89.4978923311255,-191.805834182628,-55.6540940191626));
#6353=CARTESIAN_POINT('Ctrl Pts',(-89.325350329577,-191.805831979,-55.869929537538));
#6354=CARTESIAN_POINT('Ctrl Pts',(-89.1954711548005,-191.805830213237,-56.1206063907694));
#6355=CARTESIAN_POINT('Ctrl Pts',(-89.1186601666102,-191.805829020642,-56.3860418005219));
#6356=CARTESIAN_POINT('Ctrl Pts',(-89.0418491784198,-191.805827828048,-56.6514772102744));
#6357=CARTESIAN_POINT('Ctrl Pts',(-89.0177868770811,-191.805827207995,-56.9327753066587));
#6358=CARTESIAN_POINT('Ctrl Pts',(-89.0484010657474,-191.805827207995,-57.2073999892395));
#6359=CARTESIAN_POINT('Ctrl Pts',(-89.0790152544136,-191.805827207995,-57.4820246718203));
#6360=CARTESIAN_POINT('Ctrl Pts',(-89.1644332780072,-191.805827828048,-57.7511182886537));
#6361=CARTESIAN_POINT('Ctrl Pts',(-89.2978118422238,-191.805829020642,-57.9931225102384));
#6362=CARTESIAN_POINT('Ctrl Pts',(-89.4311904064403,-191.805830213237,-58.2351267318231));
#6363=CARTESIAN_POINT('Ctrl Pts',(-89.6130843150846,-191.805831978999,-58.4510482240034));
#6364=CARTESIAN_POINT('Ctrl Pts',(-89.8289210936901,-191.805834182628,-58.6235886490971));
#6365=CARTESIAN_POINT('Ctrl Pts',(-90.0447578722955,-191.805836386257,-58.7961290741908));
#6366=CARTESIAN_POINT('Ctrl Pts',(-90.295435330283,-191.80583902891,-58.9260061669643));
#6367=CARTESIAN_POINT('Ctrl Pts',(-90.5608705146559,-191.805841908093,-59.0028151488374));
#6368=CARTESIAN_POINT('Ctrl Pts',(-90.8263056990289,-191.805844787276,-59.0796241307105));
#6369=CARTESIAN_POINT('Ctrl Pts',(-91.1076027549937,-191.805847904503,-59.1036845334973));
#6370=CARTESIAN_POINT('Ctrl Pts',(-91.382225857685,-191.805851020913,-59.0730690850957));
#6371=CARTESIAN_POINT('Ctrl Pts',(-91.6568489603763,-191.805854137322,-59.042453636694));
#6372=CARTESIAN_POINT('Ctrl Pts',(-91.9259405031088,-191.805857254554,-58.9570350076375));
#6373=CARTESIAN_POINT('Ctrl Pts',(-92.167942714845,-191.805860133745,-58.8236566694309));
#6374=CARTESIAN_POINT('Ctrl Pts',(-92.4099449265812,-191.805863012936,-58.6902783312243));
#6375=CARTESIAN_POINT('Ctrl Pts',(-92.6258645279971,-191.805865655601,-58.5083854624359));
#6376=CARTESIAN_POINT('Ctrl Pts',(-92.798403689713,-191.805867859241,-58.2925502644741));
#6377=CARTESIAN_POINT('Ctrl Pts',(-92.9709428514289,-191.805870062881,-58.0767150665124));
#6378=CARTESIAN_POINT('Ctrl Pts',(-93.1008193464192,-191.805871828656,-57.8260396821653));
#6379=CARTESIAN_POINT('Ctrl Pts',(-93.1776285505539,-191.805873021258,-57.5606065084539));
#6380=CARTESIAN_POINT('Ctrl Pts',(-93.2544377546886,-191.80587421386,-57.2951733347426));
#6381=CARTESIAN_POINT('Ctrl Pts',(-93.2784992049056,-191.805874833918,-57.0138781690913));
#6382=CARTESIAN_POINT('Ctrl Pts',(-93.2478853332836,-191.805874833918,-56.7392563305582));
#6383=CARTESIAN_POINT('Ctrl Pts',(-93.3044233655357,-191.748986587212,-56.7329536706155));
#6384=CARTESIAN_POINT('Ctrl Pts',(-93.272984467606,-191.748986587212,-56.4509309308085));
#6385=CARTESIAN_POINT('Ctrl Pts',(-93.1852716937624,-191.748986006169,-56.1746061595091));
#6386=CARTESIAN_POINT('Ctrl Pts',(-93.0483009203781,-191.74898488857,-55.9260819212078));
#6387=CARTESIAN_POINT('Ctrl Pts',(-92.9113301469939,-191.748983770971,-55.6775576829066));
#6388=CARTESIAN_POINT('Ctrl Pts',(-92.7245494650076,-191.748982116301,-55.4558325955656));
#6389=CARTESIAN_POINT('Ctrl Pts',(-92.5028989075002,-191.748980051249,-55.2786420478993));
#6390=CARTESIAN_POINT('Ctrl Pts',(-92.2812483499929,-191.748977986197,-55.101451500233));
#6391=CARTESIAN_POINT('Ctrl Pts',(-92.0238348103182,-191.748975509811,-54.9680815528953));
#6392=CARTESIAN_POINT('Ctrl Pts',(-91.7512481622589,-191.748972811694,-54.8892004170887));
#6393=CARTESIAN_POINT('Ctrl Pts',(-91.4786615141996,-191.748970113577,-54.8103192812821));
#6394=CARTESIAN_POINT('Ctrl Pts',(-91.1898034339057,-191.748967192485,-54.7856091479772));
#6395=CARTESIAN_POINT('Ctrl Pts',(-90.9077791679473,-191.748964272069,-54.8170468294827));
#6396=CARTESIAN_POINT('Ctrl Pts',(-90.625754901989,-191.748961351653,-54.8484845109882));
#6397=CARTESIAN_POINT('Ctrl Pts',(-90.3494281272519,-191.748958430566,-54.9361967000806));
#6398=CARTESIAN_POINT('Ctrl Pts',(-90.1009019476622,-191.748955732457,-55.0731676917138));
#6399=CARTESIAN_POINT('Ctrl Pts',(-89.8523757680726,-191.748953034349,-55.210138683347));
#6400=CARTESIAN_POINT('Ctrl Pts',(-89.6306488544841,-191.748950557974,-55.3969203694012));
#6401=CARTESIAN_POINT('Ctrl Pts',(-89.4534570865315,-191.748948492934,-55.6185724531456));
#6402=CARTESIAN_POINT('Ctrl Pts',(-89.2762653185789,-191.748946427894,-55.84022453689));
#6403=CARTESIAN_POINT('Ctrl Pts',(-89.1428947938244,-191.748944773236,-56.097640078797));
#6404=CARTESIAN_POINT('Ctrl Pts',(-89.0640138725091,-191.748943655645,-56.3702286681742));
#6405=CARTESIAN_POINT('Ctrl Pts',(-88.9851329511937,-191.748942538054,-56.6428172575514));
#6406=CARTESIAN_POINT('Ctrl Pts',(-88.9604238293955,-191.748941957016,-56.9316771628754));
#6407=CARTESIAN_POINT('Ctrl Pts',(-88.9918630334953,-191.748941957016,-57.2137026491822));
#6408=CARTESIAN_POINT('Ctrl Pts',(-89.0233022375951,-191.748941957016,-57.4957281354891));
#6409=CARTESIAN_POINT('Ctrl Pts',(-89.1110164364846,-191.748942538054,-57.7720554865003));
#6410=CARTESIAN_POINT('Ctrl Pts',(-89.2479893659268,-191.748943655645,-58.020581451756));
#6411=CARTESIAN_POINT('Ctrl Pts',(-89.3849622953691,-191.748944773236,-58.2691074170117));
#6412=CARTESIAN_POINT('Ctrl Pts',(-89.5717458141592,-191.748946427894,-58.4908333180641));
#6413=CARTESIAN_POINT('Ctrl Pts',(-89.7933991148646,-191.748948492934,-58.6680235636885));
#6414=CARTESIAN_POINT('Ctrl Pts',(-90.01505241557,-191.748950557975,-58.8452138093129));
#6415=CARTESIAN_POINT('Ctrl Pts',(-90.2724685415596,-191.748953034348,-58.9785823233472));
#6416=CARTESIAN_POINT('Ctrl Pts',(-90.5450569132718,-191.748955732457,-59.0574613072248));
#6417=CARTESIAN_POINT('Ctrl Pts',(-90.817645284984,-191.748958430566,-59.1363402911023));
#6418=CARTESIAN_POINT('Ctrl Pts',(-91.1065041855912,-191.748961351653,-59.1610475793465));
#6419=CARTESIAN_POINT('Ctrl Pts',(-91.388528146207,-191.748964272069,-59.1296071587713));
#6420=CARTESIAN_POINT('Ctrl Pts',(-91.6705521068228,-191.748967192485,-59.098166738196));
#6421=CARTESIAN_POINT('Ctrl Pts',(-91.9468774548571,-191.748970113577,-59.0104519545324));
#6422=CARTESIAN_POINT('Ctrl Pts',(-92.1954014792176,-191.748972811694,-58.8734792433744));
#6423=CARTESIAN_POINT('Ctrl Pts',(-92.4439255035781,-191.748975509811,-58.7365065322164));
#6424=CARTESIAN_POINT('Ctrl Pts',(-92.665649578707,-191.748977986197,-58.5497240175926));
#6425=CARTESIAN_POINT('Ctrl Pts',(-92.8428386042891,-191.748980051249,-58.3280722433189));
#6426=CARTESIAN_POINT('Ctrl Pts',(-93.0200276298712,-191.748982116301,-58.1064204690451));
#6427=CARTESIAN_POINT('Ctrl Pts',(-93.1533955666554,-191.748983770971,-57.8490063455831));
#6428=CARTESIAN_POINT('Ctrl Pts',(-93.2322747651454,-191.74898488857,-57.5764199155644));
#6429=CARTESIAN_POINT('Ctrl Pts',(-93.3111539636354,-191.748986006169,-57.3038334855457));
#6430=CARTESIAN_POINT('Ctrl Pts',(-93.3358622634655,-191.748986587212,-57.0149764104225));
#6431=CARTESIAN_POINT('Ctrl Pts',(-93.3044233655357,-191.748986587212,-56.7329536706155));
#6432=CARTESIAN_POINT('Ctrl Pts',(-103.525187777742,-191.91965132733,-34.0133431311482));
#6433=CARTESIAN_POINT('Ctrl Pts',(-103.496223959821,-191.91965132733,-33.7535231048997));
#6434=CARTESIAN_POINT('Ctrl Pts',(-103.415399868644,-191.919650629237,-33.4988998202156));
#6435=CARTESIAN_POINT('Ctrl Pts',(-103.289212428426,-191.919649286635,-33.2699410029958));
#6436=CARTESIAN_POINT('Ctrl Pts',(-103.163024988208,-191.919647944032,-33.040982185776));
#6437=CARTESIAN_POINT('Ctrl Pts',(-102.990913448718,-191.919645956032,-32.8366704148902));
#6438=CARTESIAN_POINT('Ctrl Pts',(-102.786712759677,-191.919643475227,-32.6734292953734));
#6439=CARTESIAN_POINT('Ctrl Pts',(-102.582512070637,-191.919640994422,-32.5101881758567));
#6440=CARTESIAN_POINT('Ctrl Pts',(-102.345314819476,-191.919638019173,-32.3872923349902));
#6441=CARTESIAN_POINT('Ctrl Pts',(-102.09418792329,-191.919634777848,-32.3146209679739));
#6442=CARTESIAN_POINT('Ctrl Pts',(-101.843061027105,-191.919631536523,-32.2419496009576));
#6443=CARTESIAN_POINT('Ctrl Pts',(-101.576888571001,-191.919628026982,-32.2191798114345));
#6444=CARTESIAN_POINT('Ctrl Pts',(-101.317066845162,-191.919624518601,-32.2481422745178));
#6445=CARTESIAN_POINT('Ctrl Pts',(-101.057245119322,-191.919621010221,-32.2771047376011));
#6446=CARTESIAN_POINT('Ctrl Pts',(-100.802619603605,-191.919617500684,-32.3579281778335));
#6447=CARTESIAN_POINT('Ctrl Pts',(-100.573658624452,-191.919614259366,-32.4841158610227));
#6448=CARTESIAN_POINT('Ctrl Pts',(-100.344697645299,-191.919611018049,-32.6103035442119));
#6449=CARTESIAN_POINT('Ctrl Pts',(-100.140383840686,-191.919608042811,-32.7824162019636));
#6450=CARTESIAN_POINT('Ctrl Pts',(-99.977141362217,-191.919605562016,-32.9866185906935));
#6451=CARTESIAN_POINT('Ctrl Pts',(-99.8138988837485,-191.919603081222,-33.1908209794233));
#6452=CARTESIAN_POINT('Ctrl Pts',(-99.6910023997634,-191.919601093233,-33.4280204603382));
#6453=CARTESIAN_POINT('Ctrl Pts',(-99.6183312717111,-191.919599750638,-33.6791495184956));
#6454=CARTESIAN_POINT('Ctrl Pts',(-99.5456601436587,-191.919598408043,-33.9302785766529));
#6455=CARTESIAN_POINT('Ctrl Pts',(-99.5228914803295,-191.919597709954,-34.1964530651941));
#6456=CARTESIAN_POINT('Ctrl Pts',(-99.5518556392142,-191.919597709954,-34.4562761500587));
#6457=CARTESIAN_POINT('Ctrl Pts',(-99.5808197980988,-191.919597709954,-34.7160992349232));
#6458=CARTESIAN_POINT('Ctrl Pts',(-99.6616454761488,-191.919598408043,-34.9707253925494));
#6459=CARTESIAN_POINT('Ctrl Pts',(-99.7878353175612,-191.919599750638,-35.1996861329124));
#6460=CARTESIAN_POINT('Ctrl Pts',(-99.9140251589736,-191.919601093233,-35.4286468732753));
#6461=CARTESIAN_POINT('Ctrl Pts',(-100.086139857375,-191.919603081222,-35.6329595506043));
#6462=CARTESIAN_POINT('Ctrl Pts',(-100.29034360151,-191.919605562016,-35.79620033356));
#6463=CARTESIAN_POINT('Ctrl Pts',(-100.494547345646,-191.919608042811,-35.9594411165156));
#6464=CARTESIAN_POINT('Ctrl Pts',(-100.73174747679,-191.919611018049,-36.0823353617021));
#6465=CARTESIAN_POINT('Ctrl Pts',(-100.982876292598,-191.919614259366,-36.1550043319277));
#6466=CARTESIAN_POINT('Ctrl Pts',(-101.234005108407,-191.919617500683,-36.2276733021533));
#6467=CARTESIAN_POINT('Ctrl Pts',(-101.500178477995,-191.91962101022,-36.2504399239599));
#6468=CARTESIAN_POINT('Ctrl Pts',(-101.759999863753,-191.919624518601,-36.2214744101836));
#6469=CARTESIAN_POINT('Ctrl Pts',(-102.019821249511,-191.919628026982,-36.1925088964073));
#6470=CARTESIAN_POINT('Ctrl Pts',(-102.274445176589,-191.919631536524,-36.1116825673861));
#6471=CARTESIAN_POINT('Ctrl Pts',(-102.503403755431,-191.919634777848,-35.9854929689773));
#6472=CARTESIAN_POINT('Ctrl Pts',(-102.732362334272,-191.919638019173,-35.8593033705686));
#6473=CARTESIAN_POINT('Ctrl Pts',(-102.93667297821,-191.919640994422,-35.6871897905267));
#6474=CARTESIAN_POINT('Ctrl Pts',(-103.099912402465,-191.919643475227,-35.4829877462814));
#6475=CARTESIAN_POINT('Ctrl Pts',(-103.26315182672,-191.919645956032,-35.2787857020361));
#6476=CARTESIAN_POINT('Ctrl Pts',(-103.386045428958,-191.919647944032,-35.0415878009527));
#6477=CARTESIAN_POINT('Ctrl Pts',(-103.45871463827,-191.919649286635,-34.7904611475107));
#6478=CARTESIAN_POINT('Ctrl Pts',(-103.531383847582,-191.919650629237,-34.5393344940686));
#6479=CARTESIAN_POINT('Ctrl Pts',(-103.554151595663,-191.91965132733,-34.2731631573968));
#6480=CARTESIAN_POINT('Ctrl Pts',(-103.525187777742,-191.91965132733,-34.0133431311482));
#6481=CARTESIAN_POINT('Ctrl Pts',(-103.581725809994,-191.862763080624,-34.0070404712055));
#6482=CARTESIAN_POINT('Ctrl Pts',(-103.551936965017,-191.862763080624,-33.7398195369757));
#6483=CARTESIAN_POINT('Ctrl Pts',(-103.46881664449,-191.86276242155,-33.4779624201678));
#6484=CARTESIAN_POINT('Ctrl Pts',(-103.339034757165,-191.862761153946,-33.2424817937449));
#6485=CARTESIAN_POINT('Ctrl Pts',(-103.209252869839,-191.862759886343,-33.0070011673219));
#6486=CARTESIAN_POINT('Ctrl Pts',(-103.032251612611,-191.862758009459,-32.7968849565893));
#6487=CARTESIAN_POINT('Ctrl Pts',(-102.822234297289,-191.862755667234,-32.6289940280723));
#6488=CARTESIAN_POINT('Ctrl Pts',(-102.612216981967,-191.862753325009,-32.4611030995553));
#6489=CARTESIAN_POINT('Ctrl Pts',(-102.368280964711,-191.862750516057,-32.3347158916661));
#6490=CARTESIAN_POINT('Ctrl Pts',(-102.110000815728,-191.862747455796,-32.2599746044354));
#6491=CARTESIAN_POINT('Ctrl Pts',(-101.851720666744,-191.862744395536,-32.1852333172048));
#6492=CARTESIAN_POINT('Ctrl Pts',(-101.577986334877,-191.862741082155,-32.1618167499997));
#6493=CARTESIAN_POINT('Ctrl Pts',(-101.310763762717,-191.862737769757,-32.1916042893466));
#6494=CARTESIAN_POINT('Ctrl Pts',(-101.043541190556,-191.862734457359,-32.2213918286934));
#6495=CARTESIAN_POINT('Ctrl Pts',(-100.781681923629,-191.862731143983,-32.3045115218088));
#6496=CARTESIAN_POINT('Ctrl Pts',(-100.546199213715,-191.86272808373,-32.4342936433164));
#6497=CARTESIAN_POINT('Ctrl Pts',(-100.310716503801,-191.862725023477,-32.5640757648239));
#6498=CARTESIAN_POINT('Ctrl Pts',(-100.100598333103,-191.862722214536,-32.7410780997158));
#6499=CARTESIAN_POINT('Ctrl Pts',(-99.9327060949317,-191.862719872322,-32.9510970530621));
#6500=CARTESIAN_POINT('Ctrl Pts',(-99.7648138567604,-191.862717530109,-33.1611160064085));
#6501=CARTESIAN_POINT('Ctrl Pts',(-99.6384260291104,-191.862715653236,-33.4050541725307));
#6502=CARTESIAN_POINT('Ctrl Pts',(-99.5636849721432,-191.86271438564,-33.6633364050402));
#6503=CARTESIAN_POINT('Ctrl Pts',(-99.488943915176,-191.862713118044,-33.9216186375497));
#6504=CARTESIAN_POINT('Ctrl Pts',(-99.4655284333916,-191.862712458974,-34.1953549281179));
#6505=CARTESIAN_POINT('Ctrl Pts',(-99.4953176069621,-191.862712458975,-34.4625788100013));
#6506=CARTESIAN_POINT('Ctrl Pts',(-99.5251067805326,-191.862712458975,-34.7298026918848));
#6507=CARTESIAN_POINT('Ctrl Pts',(-99.6082286304011,-191.862713118044,-34.9916625773875));
#6508=CARTESIAN_POINT('Ctrl Pts',(-99.7380128317713,-191.86271438564,-35.2271450572054));
#6509=CARTESIAN_POINT('Ctrl Pts',(-99.8677970331415,-191.862715653236,-35.4626275370233));
#6510=CARTESIAN_POINT('Ctrl Pts',(-100.044801334767,-191.862717530109,-35.6727446212316));
#6511=CARTESIAN_POINT('Ctrl Pts',(-100.2548215943,-191.862719872322,-35.8406352254596));
#6512=CARTESIAN_POINT('Ctrl Pts',(-100.464841853833,-191.862722214536,-36.0085258296876));
#6513=CARTESIAN_POINT('Ctrl Pts',(-100.708780646668,-191.862725023477,-36.1349114996241));
#6514=CARTESIAN_POINT('Ctrl Pts',(-100.967062645604,-191.86272808373,-36.2096504771161));
#6515=CARTESIAN_POINT('Ctrl Pts',(-101.22534464454,-191.862731143982,-36.2843894546081));
#6516=CARTESIAN_POINT('Ctrl Pts',(-101.499079856768,-191.862734457359,-36.3078029688057));
#6517=CARTESIAN_POINT('Ctrl Pts',(-101.766302101197,-191.862737769757,-36.2780124895525));
#6518=CARTESIAN_POINT('Ctrl Pts',(-102.033524345627,-191.862741082155,-36.2482220102994));
#6519=CARTESIAN_POINT('Ctrl Pts',(-102.295382081486,-191.862744395536,-36.1650995329939));
#6520=CARTESIAN_POINT('Ctrl Pts',(-102.530862478219,-191.862747455796,-36.0353155658392));
#6521=CARTESIAN_POINT('Ctrl Pts',(-102.766342874951,-191.862750516057,-35.9055315986845));
#6522=CARTESIAN_POINT('Ctrl Pts',(-102.976457999527,-191.86275332501,-35.7285283748215));
#6523=CARTESIAN_POINT('Ctrl Pts',(-103.144347294349,-191.862755667234,-35.5185097535119));
#6524=CARTESIAN_POINT('Ctrl Pts',(-103.312236589172,-191.862758009459,-35.3084911322022));
#6525=CARTESIAN_POINT('Ctrl Pts',(-103.438621639516,-191.862759886343,-35.0645544885359));
#6526=CARTESIAN_POINT('Ctrl Pts',(-103.513360847394,-191.862761153946,-34.8062745735138));
#6527=CARTESIAN_POINT('Ctrl Pts',(-103.588100055272,-191.86276242155,-34.5479946584918));
#6528=CARTESIAN_POINT('Ctrl Pts',(-103.61151465497,-191.862763080624,-34.2742614054353));
#6529=CARTESIAN_POINT('Ctrl Pts',(-103.581725809994,-191.862763080624,-34.0070404712055));
#6530=CARTESIAN_POINT('Ctrl Pts',(-103.638263842246,-191.805874833918,-34.0007378112628));
#6531=CARTESIAN_POINT('Ctrl Pts',(-103.607649970624,-191.805874833918,-33.7261159727294));
#6532=CARTESIAN_POINT('Ctrl Pts',(-103.522233422653,-191.80587421386,-33.4570250272528));
#6533=CARTESIAN_POINT('Ctrl Pts',(-103.388857091108,-191.805873021258,-33.2150225939384));
#6534=CARTESIAN_POINT('Ctrl Pts',(-103.255480759564,-191.805871828656,-32.9730201606239));
#6535=CARTESIAN_POINT('Ctrl Pts',(-103.073589788393,-191.805870062881,-32.7570995111371));
#6536=CARTESIAN_POINT('Ctrl Pts',(-102.857755850465,-191.805867859241,-32.5845587732131));
#6537=CARTESIAN_POINT('Ctrl Pts',(-102.641921912536,-191.805865655601,-32.412018035289));
#6538=CARTESIAN_POINT('Ctrl Pts',(-102.391247132645,-191.805863012936,-32.2821394584637));
#6539=CARTESIAN_POINT('Ctrl Pts',(-102.125813733173,-191.805860133745,-32.2053282481335));
#6540=CARTESIAN_POINT('Ctrl Pts',(-101.860380333701,-191.805857254554,-32.1285170378034));
#6541=CARTESIAN_POINT('Ctrl Pts',(-101.579084127168,-191.805854137322,-32.1044536891143));
#6542=CARTESIAN_POINT('Ctrl Pts',(-101.304460708277,-191.805851020913,-32.135066301053));
#6543=CARTESIAN_POINT('Ctrl Pts',(-101.029837289387,-191.805847904503,-32.1656789129917));
#6544=CARTESIAN_POINT('Ctrl Pts',(-100.76074426934,-191.805844787276,-32.2510948555235));
#6545=CARTESIAN_POINT('Ctrl Pts',(-100.518739825778,-191.805841908094,-32.3844714130436));
#6546=CARTESIAN_POINT('Ctrl Pts',(-100.276735382216,-191.80583902891,-32.5178479705637));
#6547=CARTESIAN_POINT('Ctrl Pts',(-100.060812841637,-191.805836386257,-32.6997399814913));
#6548=CARTESIAN_POINT('Ctrl Pts',(-99.8882708400881,-191.805834182628,-32.9155754998669));
#6549=CARTESIAN_POINT('Ctrl Pts',(-99.7157288385396,-191.805831979,-33.1314110182424));
#6550=CARTESIAN_POINT('Ctrl Pts',(-99.5858496637632,-191.805830213237,-33.3820878714735));
#6551=CARTESIAN_POINT('Ctrl Pts',(-99.5090386755728,-191.805829020643,-33.6475232812261));
#6552=CARTESIAN_POINT('Ctrl Pts',(-99.4322276873823,-191.805827828048,-33.9129586909788));
#6553=CARTESIAN_POINT('Ctrl Pts',(-99.4081653860436,-191.805827207995,-34.1942567873639));
#6554=CARTESIAN_POINT('Ctrl Pts',(-99.43877957471,-191.805827207995,-34.468881469944));
#6555=CARTESIAN_POINT('Ctrl Pts',(-99.4693937633764,-191.805827207995,-34.7435061525241));
#6556=CARTESIAN_POINT('Ctrl Pts',(-99.55481178697,-191.805827828048,-35.0125997693581));
#6557=CARTESIAN_POINT('Ctrl Pts',(-99.6881903511864,-191.805829020643,-35.2546039909427));
#6558=CARTESIAN_POINT('Ctrl Pts',(-99.8215689154028,-191.805830213237,-35.4966082125272));
#6559=CARTESIAN_POINT('Ctrl Pts',(-100.003462824047,-191.805831979,-35.7125297047075));
#6560=CARTESIAN_POINT('Ctrl Pts',(-100.219299602653,-191.805834182628,-35.8850701298012));
#6561=CARTESIAN_POINT('Ctrl Pts',(-100.435136381258,-191.805836386257,-36.0576105548949));
#6562=CARTESIAN_POINT('Ctrl Pts',(-100.685813839245,-191.805839028911,-36.1874876476682));
#6563=CARTESIAN_POINT('Ctrl Pts',(-100.951249023618,-191.805841908094,-36.2642966295414));
#6564=CARTESIAN_POINT('Ctrl Pts',(-101.216684207991,-191.805844787276,-36.3411056114147));
#6565=CARTESIAN_POINT('Ctrl Pts',(-101.497981263956,-191.805847904503,-36.3651660142016));
#6566=CARTESIAN_POINT('Ctrl Pts',(-101.772604366648,-191.805851020913,-36.3345505657998));
#6567=CARTESIAN_POINT('Ctrl Pts',(-102.047227469339,-191.805854137323,-36.3039351173979));
#6568=CARTESIAN_POINT('Ctrl Pts',(-102.316319012071,-191.805857254554,-36.2185164883414));
#6569=CARTESIAN_POINT('Ctrl Pts',(-102.558321223807,-191.805860133745,-36.0851381501349));
#6570=CARTESIAN_POINT('Ctrl Pts',(-102.800323435543,-191.805863012936,-35.9517598119285));
#6571=CARTESIAN_POINT('Ctrl Pts',(-103.016243036959,-191.805865655601,-35.7698669431398));
#6572=CARTESIAN_POINT('Ctrl Pts',(-103.188782198675,-191.805867859241,-35.5540317451783));
#6573=CARTESIAN_POINT('Ctrl Pts',(-103.361321360391,-191.805870062881,-35.3381965472169));
#6574=CARTESIAN_POINT('Ctrl Pts',(-103.491197855381,-191.805871828656,-35.0875211628692));
#6575=CARTESIAN_POINT('Ctrl Pts',(-103.568007059516,-191.805873021258,-34.8220879891581));
#6576=CARTESIAN_POINT('Ctrl Pts',(-103.644816263651,-191.80587421386,-34.556654815447));
#6577=CARTESIAN_POINT('Ctrl Pts',(-103.668877713868,-191.805874833918,-34.2753596497961));
#6578=CARTESIAN_POINT('Ctrl Pts',(-103.638263842246,-191.805874833918,-34.0007378112628));
#6579=CARTESIAN_POINT('Ctrl Pts',(-103.694801874498,-191.748986587212,-33.9944351513201));
#6580=CARTESIAN_POINT('Ctrl Pts',(-103.663362976568,-191.748986587212,-33.7124124115128));
#6581=CARTESIAN_POINT('Ctrl Pts',(-103.575650202725,-191.748986006169,-33.4360876402139));
#6582=CARTESIAN_POINT('Ctrl Pts',(-103.43867942934,-191.74898488857,-33.1875634019123));
#6583=CARTESIAN_POINT('Ctrl Pts',(-103.301708655956,-191.748983770971,-32.9390391636108));
#6584=CARTESIAN_POINT('Ctrl Pts',(-103.11492797397,-191.748982116301,-32.71731407627));
#6585=CARTESIAN_POINT('Ctrl Pts',(-102.893277416463,-191.748980051249,-32.5401235286037));
#6586=CARTESIAN_POINT('Ctrl Pts',(-102.671626858955,-191.748977986197,-32.3629329809375));
#6587=CARTESIAN_POINT('Ctrl Pts',(-102.41421331928,-191.748975509811,-32.2295630335998));
#6588=CARTESIAN_POINT('Ctrl Pts',(-102.141626671221,-191.748972811694,-32.1506818977932));
#6589=CARTESIAN_POINT('Ctrl Pts',(-101.869040023162,-191.748970113577,-32.0718007619867));
#6590=CARTESIAN_POINT('Ctrl Pts',(-101.580181942868,-191.748967192485,-32.0470906286817));
#6591=CARTESIAN_POINT('Ctrl Pts',(-101.29815767691,-191.748964272069,-32.0785283101872));
#6592=CARTESIAN_POINT('Ctrl Pts',(-101.016133410952,-191.748961351653,-32.1099659916928));
#6593=CARTESIAN_POINT('Ctrl Pts',(-100.739806636215,-191.748958430566,-32.1976781807851));
#6594=CARTESIAN_POINT('Ctrl Pts',(-100.491280456625,-191.748955732457,-32.3346491724183));
#6595=CARTESIAN_POINT('Ctrl Pts',(-100.242754277035,-191.748953034349,-32.4716201640515));
#6596=CARTESIAN_POINT('Ctrl Pts',(-100.021027363447,-191.748950557975,-32.6584018501053));
#6597=CARTESIAN_POINT('Ctrl Pts',(-99.8438355954941,-191.748948492934,-32.8800539338499));
#6598=CARTESIAN_POINT('Ctrl Pts',(-99.6666438275414,-191.748946427894,-33.1017060175946));
#6599=CARTESIAN_POINT('Ctrl Pts',(-99.5332733027871,-191.748944773236,-33.359121559501));
#6600=CARTESIAN_POINT('Ctrl Pts',(-99.4543923814717,-191.748943655645,-33.6317101488785));
#6601=CARTESIAN_POINT('Ctrl Pts',(-99.3755114601563,-191.748942538054,-33.9042987382559));
#6602=CARTESIAN_POINT('Ctrl Pts',(-99.3508023383581,-191.748941957016,-34.1931586435804));
#6603=CARTESIAN_POINT('Ctrl Pts',(-99.3822415424579,-191.748941957016,-34.4751841298867));
#6604=CARTESIAN_POINT('Ctrl Pts',(-99.4136807465578,-191.748941957016,-34.757209616193));
#6605=CARTESIAN_POINT('Ctrl Pts',(-99.5013949454475,-191.748942538054,-35.0335369672047));
#6606=CARTESIAN_POINT('Ctrl Pts',(-99.6383678748895,-191.748943655645,-35.2820629324603));
#6607=CARTESIAN_POINT('Ctrl Pts',(-99.7753408043316,-191.748944773236,-35.5305888977158));
#6608=CARTESIAN_POINT('Ctrl Pts',(-99.9621243231219,-191.748946427894,-35.7523147987682));
#6609=CARTESIAN_POINT('Ctrl Pts',(-100.183777623827,-191.748948492934,-35.9295050443926));
#6610=CARTESIAN_POINT('Ctrl Pts',(-100.405430924532,-191.748950557975,-36.106695290017));
#6611=CARTESIAN_POINT('Ctrl Pts',(-100.662847050522,-191.748953034349,-36.240063804051));
#6612=CARTESIAN_POINT('Ctrl Pts',(-100.935435422234,-191.748955732457,-36.3189427879288));
#6613=CARTESIAN_POINT('Ctrl Pts',(-101.208023793947,-191.748958430566,-36.3978217718065));
#6614=CARTESIAN_POINT('Ctrl Pts',(-101.496882694554,-191.748961351653,-36.4225290600508));
#6615=CARTESIAN_POINT('Ctrl Pts',(-101.77890665517,-191.748964272069,-36.3910886394754));
#6616=CARTESIAN_POINT('Ctrl Pts',(-102.060930615785,-191.748967192486,-36.3596482189));
#6617=CARTESIAN_POINT('Ctrl Pts',(-102.33725596382,-191.748970113577,-36.2719334352364));
#6618=CARTESIAN_POINT('Ctrl Pts',(-102.58577998818,-191.748972811694,-36.1349607240785));
#6619=CARTESIAN_POINT('Ctrl Pts',(-102.83430401254,-191.748975509811,-35.9979880129206));
#6620=CARTESIAN_POINT('Ctrl Pts',(-103.056028087669,-191.748977986197,-35.8112054982965));
#6621=CARTESIAN_POINT('Ctrl Pts',(-103.233217113251,-191.748980051249,-35.5895537240231));
#6622=CARTESIAN_POINT('Ctrl Pts',(-103.410406138833,-191.748982116301,-35.3679019497496));
#6623=CARTESIAN_POINT('Ctrl Pts',(-103.543774075618,-191.748983770971,-35.1104878262871));
#6624=CARTESIAN_POINT('Ctrl Pts',(-103.622653274108,-191.74898488857,-34.8379013962686));
#6625=CARTESIAN_POINT('Ctrl Pts',(-103.701532472598,-191.748986006169,-34.5653149662501));
#6626=CARTESIAN_POINT('Ctrl Pts',(-103.726240772428,-191.748986587212,-34.2764578911273));
#6627=CARTESIAN_POINT('Ctrl Pts',(-103.694801874498,-191.748986587212,-33.9944351513201));
#6628=CARTESIAN_POINT('Ctrl Pts',(-117.979917093115,-191.926638131157,-54.9115669804368));
#6629=CARTESIAN_POINT('Ctrl Pts',(-118.019049648021,-191.926638131157,-54.6540051039509));
#6630=CARTESIAN_POINT('Ctrl Pts',(-118.006923133472,-191.926637767329,-54.3880672951792));
#6631=CARTESIAN_POINT('Ctrl Pts',(-117.944512518937,-191.926637067602,-54.1351356364236));
#6632=CARTESIAN_POINT('Ctrl Pts',(-117.882101904401,-191.926636367876,-53.8822039776681));
#6633=CARTESIAN_POINT('Ctrl Pts',(-117.769128698074,-191.926635331783,-53.6411498489569));
#6634=CARTESIAN_POINT('Ctrl Pts',(-117.614676159004,-191.926634038857,-53.431354681337));
#6635=CARTESIAN_POINT('Ctrl Pts',(-117.460223619934,-191.926632745931,-53.2215595137171));
#6636=CARTESIAN_POINT('Ctrl Pts',(-117.263602551115,-191.926631195309,-53.042087178979));
#6637=CARTESIAN_POINT('Ctrl Pts',(-117.040621743965,-191.926629506021,-52.9073678630931));
#6638=CARTESIAN_POINT('Ctrl Pts',(-116.817640936815,-191.926627816733,-52.7726485472073));
#6639=CARTESIAN_POINT('Ctrl Pts',(-116.567305420967,-191.92662598765,-52.6820811309945));
#6640=CARTESIAN_POINT('Ctrl Pts',(-116.309742873317,-191.926624159179,-52.6429476669871));
#6641=CARTESIAN_POINT('Ctrl Pts',(-116.052180325668,-191.926622330708,-52.6038142029797));
#6642=CARTESIAN_POINT('Ctrl Pts',(-115.786241484122,-191.926620501627,-52.6159400904216));
#6643=CARTESIAN_POINT('Ctrl Pts',(-115.53330870699,-191.926618812341,-52.678350536074));
#6644=CARTESIAN_POINT('Ctrl Pts',(-115.280375929859,-191.926617123055,-52.7407609817264));
#6645=CARTESIAN_POINT('Ctrl Pts',(-115.039320629367,-191.926615572435,-52.8537344760017));
#6646=CARTESIAN_POINT('Ctrl Pts',(-114.829524550583,-191.926614279512,-53.0081876858258));
#6647=CARTESIAN_POINT('Ctrl Pts',(-114.6197284718,-191.92661298659,-53.1626408956499));
#6648=CARTESIAN_POINT('Ctrl Pts',(-114.44025551405,-191.926611950499,-53.3592629977552));
#6649=CARTESIAN_POINT('Ctrl Pts',(-114.30553602725,-191.926611250775,-53.5822449228621));
#6650=CARTESIAN_POINT('Ctrl Pts',(-114.170816540451,-191.92661055105,-53.805226847969));
#6651=CARTESIAN_POINT('Ctrl Pts',(-114.08024941631,-191.926610187224,-54.0555635361148));
#6652=CARTESIAN_POINT('Ctrl Pts',(-114.041116621055,-191.926610187223,-54.3131269945271));
#6653=CARTESIAN_POINT('Ctrl Pts',(-114.0019838258,-191.926610187223,-54.5706904529395));
#6654=CARTESIAN_POINT('Ctrl Pts',(-114.01411075068,-191.92661055105,-54.8366299180439));
#6655=CARTESIAN_POINT('Ctrl Pts',(-114.076522312317,-191.926611250775,-55.0895628657235));
#6656=CARTESIAN_POINT('Ctrl Pts',(-114.138933873954,-191.926611950499,-55.342495813403));
#6657=CARTESIAN_POINT('Ctrl Pts',(-114.251908544709,-191.926612986589,-55.5835508224112));
#6658=CARTESIAN_POINT('Ctrl Pts',(-114.406362663349,-191.926614279512,-55.7933462321156));
#6659=CARTESIAN_POINT('Ctrl Pts',(-114.560816781989,-191.926615572435,-56.0031416418199));
#6660=CARTESIAN_POINT('Ctrl Pts',(-114.757439511855,-191.926617123055,-56.1826135627553));
#6661=CARTESIAN_POINT('Ctrl Pts',(-114.980421605571,-191.926618812341,-56.317331933276));
#6662=CARTESIAN_POINT('Ctrl Pts',(-115.203403699288,-191.926620501627,-56.4520503037967));
#6663=CARTESIAN_POINT('Ctrl Pts',(-115.453740100147,-191.926622330708,-56.5426162521101));
#6664=CARTESIAN_POINT('Ctrl Pts',(-115.711302887524,-191.926624159179,-56.5817481382828));
#6665=CARTESIAN_POINT('Ctrl Pts',(-115.968865674901,-191.92662598765,-56.6208800244555));
#6666=CARTESIAN_POINT('Ctrl Pts',(-116.234804107359,-191.926627816733,-56.6087524724961));
#6667=CARTESIAN_POINT('Ctrl Pts',(-116.487735936768,-191.926629506021,-56.5463407420126));
#6668=CARTESIAN_POINT('Ctrl Pts',(-116.740667766177,-191.926631195309,-56.4839290115291));
#6669=CARTESIAN_POINT('Ctrl Pts',(-116.981721603484,-191.926632745931,-56.3709546287725));
#6670=CARTESIAN_POINT('Ctrl Pts',(-117.191516102076,-191.926634038857,-56.2165011809558));
#6671=CARTESIAN_POINT('Ctrl Pts',(-117.401310600668,-191.926635331783,-56.0620477331391));
#6672=CARTESIAN_POINT('Ctrl Pts',(-117.580781898614,-191.926636367876,-55.8654260366522));
#6673=CARTESIAN_POINT('Ctrl Pts',(-117.715500098225,-191.926637067602,-55.6424450610025));
#6674=CARTESIAN_POINT('Ctrl Pts',(-117.850218297837,-191.926637767329,-55.4194640853528));
#6675=CARTESIAN_POINT('Ctrl Pts',(-117.94078453821,-191.926638131157,-55.1691288569227));
#6676=CARTESIAN_POINT('Ctrl Pts',(-117.979917093115,-191.926638131157,-54.9115669804368));
#6677=CARTESIAN_POINT('Ctrl Pts',(-118.038460860413,-191.867420889344,-54.9204618029913));
#6678=CARTESIAN_POINT('Ctrl Pts',(-118.078757755921,-191.867420889344,-54.6552364925374));
#6679=CARTESIAN_POINT('Ctrl Pts',(-118.066271371377,-191.86742054654,-54.3814068829492));
#6680=CARTESIAN_POINT('Ctrl Pts',(-118.002003787411,-191.867419887224,-54.1209495655467));
#6681=CARTESIAN_POINT('Ctrl Pts',(-117.937736203446,-191.867419227908,-53.8604922481442));
#6682=CARTESIAN_POINT('Ctrl Pts',(-117.821410450658,-191.867418251686,-53.6122847717773));
#6683=CARTESIAN_POINT('Ctrl Pts',(-117.662362346656,-191.86741703343,-53.396247444687));
#6684=CARTESIAN_POINT('Ctrl Pts',(-117.503314242655,-191.867415815173,-53.1802101175967));
#6685=CARTESIAN_POINT('Ctrl Pts',(-117.3008583577,-191.867414354154,-52.995411927947));
#6686=CARTESIAN_POINT('Ctrl Pts',(-117.071243036171,-191.867412762426,-52.8566842659254));
#6687=CARTESIAN_POINT('Ctrl Pts',(-116.841627714642,-191.867411170698,-52.7179566039038));
#6688=CARTESIAN_POINT('Ctrl Pts',(-116.583863424441,-191.86740944731,-52.6247016353073));
#6689=CARTESIAN_POINT('Ctrl Pts',(-116.318637468188,-191.867407724438,-52.5844038650914));
#6690=CARTESIAN_POINT('Ctrl Pts',(-116.053411511935,-191.867406001565,-52.5441060948755));
#6691=CARTESIAN_POINT('Ctrl Pts',(-115.779580908611,-191.867404278178,-52.5565918759721));
#6692=CARTESIAN_POINT('Ctrl Pts',(-115.51912251511,-191.867402686452,-52.6208592974531));
#6693=CARTESIAN_POINT('Ctrl Pts',(-115.25866412161,-191.867401094726,-52.6851267189341));
#6694=CARTESIAN_POINT('Ctrl Pts',(-115.010455517751,-191.86739963371,-52.8014527487696));
#6695=CARTESIAN_POINT('Ctrl Pts',(-114.794417313939,-191.867398415457,-52.9605014981695));
#6696=CARTESIAN_POINT('Ctrl Pts',(-114.578379110127,-191.867397197203,-53.1195502475694));
#6697=CARTESIAN_POINT('Ctrl Pts',(-114.393580321029,-191.867396220985,-53.3220071267591));
#6698=CARTESIAN_POINT('Ctrl Pts',(-114.25485249454,-191.867395561671,-53.5516235239759));
#6699=CARTESIAN_POINT('Ctrl Pts',(-114.116124668051,-191.867394902357,-53.7812399211927));
#6700=CARTESIAN_POINT('Ctrl Pts',(-114.02286998053,-191.867394559554,-54.03900533939));
#6701=CARTESIAN_POINT('Ctrl Pts',(-113.982572853758,-191.867394559554,-54.3042321719726));
#6702=CARTESIAN_POINT('Ctrl Pts',(-113.942275726986,-191.867394559554,-54.5694590045553));
#6703=CARTESIAN_POINT('Ctrl Pts',(-113.954762506373,-191.867394902357,-54.8432902078608));
#6704=CARTESIAN_POINT('Ctrl Pts',(-114.019031001616,-191.867395561671,-55.1037487654708));
#6705=CARTESIAN_POINT('Ctrl Pts',(-114.083299496859,-191.867396220984,-55.3642073230808));
#6706=CARTESIAN_POINT('Ctrl Pts',(-114.199626658776,-191.867397197203,-55.6124156464381));
#6707=CARTESIAN_POINT('Ctrl Pts',(-114.358676282605,-191.867398415457,-55.8284532064873));
#6708=CARTESIAN_POINT('Ctrl Pts',(-114.517725906433,-191.867399633711,-56.0444907665366));
#6709=CARTESIAN_POINT('Ctrl Pts',(-114.72018338971,-191.867401094726,-56.2292885579523));
#6710=CARTESIAN_POINT('Ctrl Pts',(-114.949799949144,-191.867402686452,-56.3680153103919));
#6711=CARTESIAN_POINT('Ctrl Pts',(-115.179416508578,-191.867404278178,-56.5067420628314));
#6712=CARTESIAN_POINT('Ctrl Pts',(-115.437181650374,-191.867406001565,-56.5999956189081));
#6713=CARTESIAN_POINT('Ctrl Pts',(-115.702407837284,-191.867407724438,-56.6402918709921));
#6714=CARTESIAN_POINT('Ctrl Pts',(-115.967634024193,-191.86740944731,-56.6805881230762));
#6715=CARTESIAN_POINT('Ctrl Pts',(-116.241464233888,-191.867411170698,-56.6681007402672));
#6716=CARTESIAN_POINT('Ctrl Pts',(-116.501921715504,-191.867412762426,-56.6038320825767));
#6717=CARTESIAN_POINT('Ctrl Pts',(-116.76237919712,-191.867414354154,-56.5395634248862));
#6718=CARTESIAN_POINT('Ctrl Pts',(-117.010586393064,-191.867415815173,-56.4232365400656));
#6719=CARTESIAN_POINT('Ctrl Pts',(-117.226623076442,-191.86741703343,-56.2641875617038));
#6720=CARTESIAN_POINT('Ctrl Pts',(-117.44265975982,-191.867418251686,-56.105138583342));
#6721=CARTESIAN_POINT('Ctrl Pts',(-117.62745695181,-191.867419227908,-55.9026820943918));
#6722=CARTESIAN_POINT('Ctrl Pts',(-117.766183539787,-191.867419887224,-55.6730666107542));
#6723=CARTESIAN_POINT('Ctrl Pts',(-117.904910127764,-191.86742054654,-55.4434511271166));
#6724=CARTESIAN_POINT('Ctrl Pts',(-117.998163964904,-191.867420889344,-55.1856871134452));
#6725=CARTESIAN_POINT('Ctrl Pts',(-118.038460860413,-191.867420889344,-54.9204618029913));
#6726=CARTESIAN_POINT('Ctrl Pts',(-118.09700462771,-191.808203647531,-54.9293566255458));
#6727=CARTESIAN_POINT('Ctrl Pts',(-118.138465863507,-191.808203647531,-54.6564678831905));
#6728=CARTESIAN_POINT('Ctrl Pts',(-118.125619609502,-191.808203325749,-54.3747464749497));
#6729=CARTESIAN_POINT('Ctrl Pts',(-118.059495057345,-191.808202706845,-54.1067635005839));
#6730=CARTESIAN_POINT('Ctrl Pts',(-117.993370505188,-191.808202087942,-53.838780526218));
#6731=CARTESIAN_POINT('Ctrl Pts',(-117.87369220785,-191.808201171587,-53.5834197033466));
#6732=CARTESIAN_POINT('Ctrl Pts',(-117.710048540982,-191.808200028002,-53.3611402171012));
#6733=CARTESIAN_POINT('Ctrl Pts',(-117.546404874113,-191.808198884417,-53.1388607308558));
#6734=CARTESIAN_POINT('Ctrl Pts',(-117.33811417519,-191.808197512997,-52.9487366857563));
#6735=CARTESIAN_POINT('Ctrl Pts',(-117.101864340964,-191.808196018832,-52.8060006763624));
#6736=CARTESIAN_POINT('Ctrl Pts',(-116.865614506738,-191.808194524667,-52.6632646669684));
#6737=CARTESIAN_POINT('Ctrl Pts',(-116.600421443338,-191.808192906967,-52.5673221440743));
#6738=CARTESIAN_POINT('Ctrl Pts',(-116.327532078795,-191.808191289696,-52.5258600655866));
#6739=CARTESIAN_POINT('Ctrl Pts',(-116.054642714252,-191.808189672425,-52.4843979870989));
#6740=CARTESIAN_POINT('Ctrl Pts',(-115.772920348616,-191.808188054727,-52.4972436596798));
#6741=CARTESIAN_POINT('Ctrl Pts',(-115.504936337508,-191.808186560564,-52.5633680553091));
#6742=CARTESIAN_POINT('Ctrl Pts',(-115.236952326401,-191.808185066401,-52.6294924509384));
#6743=CARTESIAN_POINT('Ctrl Pts',(-114.981590417265,-191.808183694983,-52.7491710151763));
#6744=CARTESIAN_POINT('Ctrl Pts',(-114.759310086359,-191.808182551402,-52.91281530384));
#6745=CARTESIAN_POINT('Ctrl Pts',(-114.537029755453,-191.80818140782,-53.0764595925038));
#6746=CARTESIAN_POINT('Ctrl Pts',(-114.34690513284,-191.808180491468,-53.2847512493094));
#6747=CARTESIAN_POINT('Ctrl Pts',(-114.20416896498,-191.808179872567,-53.5210021198759));
#6748=CARTESIAN_POINT('Ctrl Pts',(-114.061432797119,-191.808179253664,-53.7572529904424));
#6749=CARTESIAN_POINT('Ctrl Pts',(-113.965490545064,-191.808178931885,-54.0224471405986));
#6750=CARTESIAN_POINT('Ctrl Pts',(-113.92402908646,-191.808178931885,-54.2953373494181));
#6751=CARTESIAN_POINT('Ctrl Pts',(-113.882567627857,-191.808178931885,-54.5682275582377));
#6752=CARTESIAN_POINT('Ctrl Pts',(-113.895414262288,-191.808179253665,-54.8499505019082));
#6753=CARTESIAN_POINT('Ctrl Pts',(-113.961539692375,-191.808179872567,-55.1179346711322));
#6754=CARTESIAN_POINT('Ctrl Pts',(-114.027665122461,-191.808180491468,-55.3859188403563));
#6755=CARTESIAN_POINT('Ctrl Pts',(-114.147344777452,-191.808181407819,-55.6412804792137));
#6756=CARTESIAN_POINT('Ctrl Pts',(-114.310989908534,-191.808182551402,-55.8635601899232));
#6757=CARTESIAN_POINT('Ctrl Pts',(-114.474635039616,-191.808183694984,-56.0858399006327));
#6758=CARTESIAN_POINT('Ctrl Pts',(-114.682927278471,-191.808185066401,-56.2759635619908));
#6759=CARTESIAN_POINT('Ctrl Pts',(-114.919178305304,-191.808186560564,-56.4186986951126));
#6760=CARTESIAN_POINT('Ctrl Pts',(-115.155429332136,-191.808188054727,-56.5614338282344));
#6761=CARTESIAN_POINT('Ctrl Pts',(-115.420623216025,-191.808189672425,-56.6573749901604));
#6762=CARTESIAN_POINT('Ctrl Pts',(-115.693512802781,-191.808191289696,-56.6988356060925));
#6763=CARTESIAN_POINT('Ctrl Pts',(-115.966402389537,-191.808192906967,-56.7402962220246));
#6764=CARTESIAN_POINT('Ctrl Pts',(-116.248124375935,-191.808194524667,-56.7274490061958));
#6765=CARTESIAN_POINT('Ctrl Pts',(-116.516107508518,-191.808196018832,-56.6613234196179));
#6766=CARTESIAN_POINT('Ctrl Pts',(-116.784090641102,-191.808197512997,-56.59519783304));
#6767=CARTESIAN_POINT('Ctrl Pts',(-117.039451193773,-191.808198884417,-56.4755184449975));
#6768=CARTESIAN_POINT('Ctrl Pts',(-117.261730059872,-191.808200028002,-56.3118739357786));
#6769=CARTESIAN_POINT('Ctrl Pts',(-117.484008925971,-191.808201171587,-56.1482294265598));
#6770=CARTESIAN_POINT('Ctrl Pts',(-117.674132009838,-191.808202087942,-55.9399381456774));
#6771=CARTESIAN_POINT('Ctrl Pts',(-117.816866984499,-191.808202706846,-55.703688155292));
#6772=CARTESIAN_POINT('Ctrl Pts',(-117.95960195916,-191.80820332575,-55.4674381649066));
#6773=CARTESIAN_POINT('Ctrl Pts',(-118.055543391913,-191.808203647531,-55.2022453679011));
#6774=CARTESIAN_POINT('Ctrl Pts',(-118.09700462771,-191.808203647531,-54.9293566255458));
#6775=CARTESIAN_POINT('Ctrl Pts',(-118.155548395008,-191.748986405718,-54.9382514481003));
#6776=CARTESIAN_POINT('Ctrl Pts',(-118.198173970837,-191.748986405718,-54.6576992755338));
#6777=CARTESIAN_POINT('Ctrl Pts',(-118.184967847808,-191.748986104958,-54.3680860704105));
#6778=CARTESIAN_POINT('Ctrl Pts',(-118.116986328473,-191.748985526467,-54.0925774404583));
#6779=CARTESIAN_POINT('Ctrl Pts',(-118.049004809137,-191.748984947976,-53.8170688105061));
#6780=CARTESIAN_POINT('Ctrl Pts',(-117.925973968812,-191.748984091487,-53.5545546420716));
#6781=CARTESIAN_POINT('Ctrl Pts',(-117.757734740765,-191.748983022575,-53.3260329969291));
#6782=CARTESIAN_POINT('Ctrl Pts',(-117.589495512718,-191.748981953663,-53.0975113517866));
#6783=CARTESIAN_POINT('Ctrl Pts',(-117.375370001601,-191.748980671837,-52.9020614507973));
#6784=CARTESIAN_POINT('Ctrl Pts',(-117.132485656053,-191.748979275237,-52.7553170930195));
#6785=CARTESIAN_POINT('Ctrl Pts',(-116.889601310505,-191.748977878638,-52.6085727352417));
#6786=CARTESIAN_POINT('Ctrl Pts',(-116.616979474851,-191.748976366622,-52.5099426564845));
#6787=CARTESIAN_POINT('Ctrl Pts',(-116.336426702275,-191.748974854955,-52.4673162680374));
#6788=CARTESIAN_POINT('Ctrl Pts',(-116.055873929698,-191.748973343287,-52.4246898795903));
#6789=CARTESIAN_POINT('Ctrl Pts',(-115.766259801312,-191.748971831273,-52.4378954418803));
#6790=CARTESIAN_POINT('Ctrl Pts',(-115.490750171584,-191.748970434675,-52.5058768102835));
#6791=CARTESIAN_POINT('Ctrl Pts',(-115.215240541856,-191.748969038078,-52.5738581786866));
#6792=CARTESIAN_POINT('Ctrl Pts',(-114.952725325881,-191.748967756255,-52.6968892763803));
#6793=CARTESIAN_POINT('Ctrl Pts',(-114.724202866192,-191.748966687346,-52.8651291040526));
#6794=CARTESIAN_POINT('Ctrl Pts',(-114.495680406503,-191.748965618438,-53.0333689317248));
#6795=CARTESIAN_POINT('Ctrl Pts',(-114.300229948604,-191.748964761951,-53.2474953665811));
#6796=CARTESIAN_POINT('Ctrl Pts',(-114.153485437996,-191.748964183462,-53.4903807115115));
#6797=CARTESIAN_POINT('Ctrl Pts',(-114.006740927388,-191.748963604973,-53.7332660564419));
#6798=CARTESIAN_POINT('Ctrl Pts',(-113.908111109855,-191.748963304216,-54.0058889401169));
#6799=CARTESIAN_POINT('Ctrl Pts',(-113.865485319163,-191.748963304216,-54.2864425268637));
#6800=CARTESIAN_POINT('Ctrl Pts',(-113.822859528471,-191.748963304216,-54.5669961136104));
#6801=CARTESIAN_POINT('Ctrl Pts',(-113.836066018383,-191.748963604974,-54.8566107994157));
#6802=CARTESIAN_POINT('Ctrl Pts',(-113.904048384327,-191.748964183463,-55.1321205816309));
#6803=CARTESIAN_POINT('Ctrl Pts',(-113.97203075027,-191.748964761951,-55.4076303638461));
#6804=CARTESIAN_POINT('Ctrl Pts',(-114.095062899897,-191.748965618438,-55.6701453191451));
#6805=CARTESIAN_POINT('Ctrl Pts',(-114.263303539921,-191.748966687346,-55.8986671807728));
#6806=CARTESIAN_POINT('Ctrl Pts',(-114.431544179945,-191.748967756255,-56.1271890424005));
#6807=CARTESIAN_POINT('Ctrl Pts',(-114.645671176152,-191.748969038078,-56.3226385732609));
#6808=CARTESIAN_POINT('Ctrl Pts',(-114.888556671759,-191.748970434675,-56.4693820860535));
#6809=CARTESIAN_POINT('Ctrl Pts',(-115.131442167366,-191.748971831273,-56.6161255988461));
#6810=CARTESIAN_POINT('Ctrl Pts',(-115.404064794291,-191.748973343287,-56.714754365056));
#6811=CARTESIAN_POINT('Ctrl Pts',(-115.68461778115,-191.748974854955,-56.7573793431486));
#6812=CARTESIAN_POINT('Ctrl Pts',(-115.965170768008,-191.748976366622,-56.8000043212412));
#6813=CARTESIAN_POINT('Ctrl Pts',(-116.254784530672,-191.748977878638,-56.786797270617));
#6814=CARTESIAN_POINT('Ctrl Pts',(-116.530293313211,-191.748979275237,-56.7188147537774));
#6815=CARTESIAN_POINT('Ctrl Pts',(-116.80580209575,-191.748980671837,-56.6508322369378));
#6816=CARTESIAN_POINT('Ctrl Pts',(-117.068316003585,-191.748981953663,-56.5278003447268));
#6817=CARTESIAN_POINT('Ctrl Pts',(-117.296837050716,-191.748983022575,-56.3595603043955));
#6818=CARTESIAN_POINT('Ctrl Pts',(-117.525358097847,-191.748984091487,-56.1913202640642));
#6819=CARTESIAN_POINT('Ctrl Pts',(-117.72080707182,-191.748984947976,-55.9771941916845));
#6820=CARTESIAN_POINT('Ctrl Pts',(-117.867550431787,-191.748985526467,-55.7343096955653));
#6821=CARTESIAN_POINT('Ctrl Pts',(-118.014293791755,-191.748986104958,-55.4914251994462));
#6822=CARTESIAN_POINT('Ctrl Pts',(-118.112922819179,-191.748986405717,-55.2188036206667));
#6823=CARTESIAN_POINT('Ctrl Pts',(-118.155548395008,-191.748986405718,-54.9382514481003));
#6824=CARTESIAN_POINT('Ctrl Pts',(-93.1350441060651,-200.980453059876,-56.7518354716139));
#6825=CARTESIAN_POINT('Ctrl Pts',(-93.1640082681808,-200.980453059876,-57.0116585854638));
#6826=CARTESIAN_POINT('Ctrl Pts',(-93.141239602318,-200.980452361788,-57.2778331036202));
#6827=CARTESIAN_POINT('Ctrl Pts',(-93.0685684661591,-200.980451019193,-57.528962189792));
#6828=CARTESIAN_POINT('Ctrl Pts',(-92.9958973300002,-200.980449676598,-57.7800912759639));
#6829=CARTESIAN_POINT('Ctrl Pts',(-92.8730008323414,-200.980447688609,-58.0172907832713));
#6830=CARTESIAN_POINT('Ctrl Pts',(-92.7097583356621,-200.980445207815,-58.2214931947815));
#6831=CARTESIAN_POINT('Ctrl Pts',(-92.5465158389829,-200.980442727021,-58.4256956062918));
#6832=CARTESIAN_POINT('Ctrl Pts',(-92.3422020116367,-200.980439751784,-58.5978082831938));
#6833=CARTESIAN_POINT('Ctrl Pts',(-92.113241006942,-200.980436510467,-58.7239959804603));
#6834=CARTESIAN_POINT('Ctrl Pts',(-91.8842800022473,-200.980433269151,-58.8501836777268));
#6835=CARTESIAN_POINT('Ctrl Pts',(-91.6296544581988,-200.980429759614,-58.9310071269526));
#6836=CARTESIAN_POINT('Ctrl Pts',(-91.3698327033742,-200.980426251235,-58.9599695932673));
#6837=CARTESIAN_POINT('Ctrl Pts',(-91.1100109485496,-200.980422742855,-58.988932059582));
#6838=CARTESIAN_POINT('Ctrl Pts',(-90.8438384628307,-200.980419233314,-58.966162267526));
#6839=CARTESIAN_POINT('Ctrl Pts',(-90.5927115386292,-200.98041599199,-58.8934908924028));
#6840=CARTESIAN_POINT('Ctrl Pts',(-90.3415846144276,-200.980412750666,-58.8208195172795));
#6841=CARTESIAN_POINT('Ctrl Pts',(-90.1043873368739,-200.980409775417,-58.6979236627389));
#6842=CARTESIAN_POINT('Ctrl Pts',(-89.9001866250539,-200.980407294613,-58.5346825250119));
#6843=CARTESIAN_POINT('Ctrl Pts',(-89.6959859132339,-200.980404813809,-58.3714413872849));
#6844=CARTESIAN_POINT('Ctrl Pts',(-89.5238743545922,-200.980402825809,-58.1671295936652));
#6845=CARTESIAN_POINT('Ctrl Pts',(-89.3976869002966,-200.980401483207,-57.9381707509034));
#6846=CARTESIAN_POINT('Ctrl Pts',(-89.2714994460011,-200.980400140604,-57.7092119081417));
#6847=CARTESIAN_POINT('Ctrl Pts',(-89.1906753458313,-200.980399442511,-57.4545885951263));
#6848=CARTESIAN_POINT('Ctrl Pts',(-89.1617115246792,-200.980399442511,-57.1947685398921));
#6849=CARTESIAN_POINT('Ctrl Pts',(-89.1327477035271,-200.980399442511,-56.934948484658));
#6850=CARTESIAN_POINT('Ctrl Pts',(-89.155515454141,-200.980400140604,-56.6687771183705));
#6851=CARTESIAN_POINT('Ctrl Pts',(-89.2281846715603,-200.980401483207,-56.4176504369126));
#6852=CARTESIAN_POINT('Ctrl Pts',(-89.3008538889796,-200.980402825809,-56.1665237554548));
#6853=CARTESIAN_POINT('Ctrl Pts',(-89.423747504891,-200.980404813809,-55.9293258279798));
#6854=CARTESIAN_POINT('Ctrl Pts',(-89.586986947357,-200.980407294613,-55.725123760954));
#6855=CARTESIAN_POINT('Ctrl Pts',(-89.7502263898231,-200.980409775417,-55.5209216939283));
#6856=CARTESIAN_POINT('Ctrl Pts',(-89.9545370564928,-200.980412750666,-55.3488080947373));
#6857=CARTESIAN_POINT('Ctrl Pts',(-90.1834956608779,-200.98041599199,-55.2226184822506));
#6858=CARTESIAN_POINT('Ctrl Pts',(-90.4124542652631,-200.980419233314,-55.0964288697639));
#6859=CARTESIAN_POINT('Ctrl Pts',(-90.6670782206692,-200.980422742855,-55.0156025317506));
#6860=CARTESIAN_POINT('Ctrl Pts',(-90.9268996354146,-200.980426251235,-54.9866370147432));
#6861=CARTESIAN_POINT('Ctrl Pts',(-91.18672105016,-200.980429759615,-54.9576714977357));
#6862=CARTESIAN_POINT('Ctrl Pts',(-91.4528944493617,-200.980433269151,-54.980438122076));
#6863=CARTESIAN_POINT('Ctrl Pts',(-91.7040232931853,-200.980436510467,-55.0531071004088));
#6864=CARTESIAN_POINT('Ctrl Pts',(-91.9551521370089,-200.980439751783,-55.1257760787416));
#6865=CARTESIAN_POINT('Ctrl Pts',(-92.1923522945433,-200.980442727022,-55.2486703376009));
#6866=CARTESIAN_POINT('Ctrl Pts',(-92.3965560614604,-200.980445207815,-55.4119111387685));
#6867=CARTESIAN_POINT('Ctrl Pts',(-92.6007598283775,-200.980447688609,-55.5751519399362));
#6868=CARTESIAN_POINT('Ctrl Pts',(-92.772874545927,-200.980449676597,-55.7794646399964));
#6869=CARTESIAN_POINT('Ctrl Pts',(-92.8990644014167,-200.980451019193,-56.0084254059018));
#6870=CARTESIAN_POINT('Ctrl Pts',(-93.0252542569065,-200.980452361788,-56.2373861718073));
#6871=CARTESIAN_POINT('Ctrl Pts',(-93.1060799439493,-200.980453059876,-56.492012357764));
#6872=CARTESIAN_POINT('Ctrl Pts',(-93.1350441060651,-200.980453059876,-56.7518354716139));
#6873=CARTESIAN_POINT('Ctrl Pts',(-93.1915822185469,-201.037338391578,-56.7455328027274));
#6874=CARTESIAN_POINT('Ctrl Pts',(-93.2213713965192,-201.037338391578,-57.0127567240982));
#6875=CARTESIAN_POINT('Ctrl Pts',(-93.1979559112835,-201.037337732508,-57.2864930550122));
#6876=CARTESIAN_POINT('Ctrl Pts',(-93.1232148432724,-201.037336464913,-57.5447753256869));
#6877=CARTESIAN_POINT('Ctrl Pts',(-93.0484737752612,-201.037335197317,-57.8030575963616));
#6878=CARTESIAN_POINT('Ctrl Pts',(-92.9220859289831,-201.037333320445,-58.0469957984387));
#6879=CARTESIAN_POINT('Ctrl Pts',(-92.7541936660029,-201.037330978233,-58.2570147828194));
#6880=CARTESIAN_POINT('Ctrl Pts',(-92.5863014030226,-201.03732863602,-58.4670337672001));
#6881=CARTESIAN_POINT('Ctrl Pts',(-92.3761832013552,-201.037325827079,-58.6440361281809));
#6882=CARTESIAN_POINT('Ctrl Pts',(-92.140700456645,-201.037322766828,-58.7738182688664));
#6883=CARTESIAN_POINT('Ctrl Pts',(-91.9052177119349,-201.037319706576,-58.903600409552));
#6884=CARTESIAN_POINT('Ctrl Pts',(-91.6433584064109,-201.0373163932,-58.9867201149192));
#6885=CARTESIAN_POINT('Ctrl Pts',(-91.3761357947635,-201.037313080804,-59.0165076586682));
#6886=CARTESIAN_POINT('Ctrl Pts',(-91.108913183116,-201.037309768407,-59.0462952024173));
#6887=CARTESIAN_POINT('Ctrl Pts',(-90.835178810903,-201.037306455027,-59.0228786317615));
#6888=CARTESIAN_POINT('Ctrl Pts',(-90.5768986237528,-201.037303394767,-58.9481373334866));
#6889=CARTESIAN_POINT('Ctrl Pts',(-90.3186184366026,-201.037300334508,-58.8733960352118));
#6890=CARTESIAN_POINT('Ctrl Pts',(-90.0746823833915,-201.037297525556,-58.747008808694));
#6891=CARTESIAN_POINT('Ctrl Pts',(-89.8646650370357,-201.037295183332,-58.5791178553684));
#6892=CARTESIAN_POINT('Ctrl Pts',(-89.65464769068,-201.037292841108,-58.4112269020429));
#6893=CARTESIAN_POINT('Ctrl Pts',(-89.4776464073618,-201.037290964225,-58.2011106603397));
#6894=CARTESIAN_POINT('Ctrl Pts',(-89.3478645008581,-201.037289696622,-57.9656299991201));
#6895=CARTESIAN_POINT('Ctrl Pts',(-89.2180825943544,-201.037288429018,-57.7301493379004));
#6896=CARTESIAN_POINT('Ctrl Pts',(-89.1349622615757,-201.037287769944,-57.4682921824961));
#6897=CARTESIAN_POINT('Ctrl Pts',(-89.1051734121973,-201.037287769944,-57.2010712087786));
#6898=CARTESIAN_POINT('Ctrl Pts',(-89.075384562819,-201.037287769944,-56.933850235061));
#6899=CARTESIAN_POINT('Ctrl Pts',(-89.0987991659686,-201.037288429018,-56.6601169416582));
#6900=CARTESIAN_POINT('Ctrl Pts',(-89.1735383848907,-201.037289696622,-56.4018369884696));
#6901=CARTESIAN_POINT('Ctrl Pts',(-89.2482776038129,-201.037290964225,-56.1435570352811));
#6902=CARTESIAN_POINT('Ctrl Pts',(-89.3746626727862,-201.037292841108,-55.8996203556605));
#6903=CARTESIAN_POINT('Ctrl Pts',(-89.5425519924183,-201.037295183332,-55.6896017033164));
#6904=CARTESIAN_POINT('Ctrl Pts',(-89.7104413120502,-201.037297525556,-55.4795830509724));
#6905=CARTESIAN_POINT('Ctrl Pts',(-89.9205564675943,-201.037300334507,-55.3025798010215));
#6906=CARTESIAN_POINT('Ctrl Pts',(-90.156036899125,-201.037303394767,-55.1727958146884));
#6907=CARTESIAN_POINT('Ctrl Pts',(-90.3915173306557,-201.037306455027,-55.0430118283554));
#6908=CARTESIAN_POINT('Ctrl Pts',(-90.6533751051087,-201.037309768406,-54.9598893387993));
#6909=CARTESIAN_POINT('Ctrl Pts',(-90.920597389027,-201.037313080804,-54.9300988551444));
#6910=CARTESIAN_POINT('Ctrl Pts',(-91.1878196729453,-201.037316393201,-54.9003083714895));
#6911=CARTESIAN_POINT('Ctrl Pts',(-91.4615549255174,-201.037319706576,-54.9237218891387));
#6912=CARTESIAN_POINT('Ctrl Pts',(-91.7198369626195,-201.037322766828,-54.9984608776753));
#6913=CARTESIAN_POINT('Ctrl Pts',(-91.9781189997217,-201.037325827079,-55.0731998662118));
#6914=CARTESIAN_POINT('Ctrl Pts',(-92.2220578285101,-201.03732863602,-55.1995855547757));
#6915=CARTESIAN_POINT('Ctrl Pts',(-92.4320781190783,-201.037330978233,-55.3674761838139));
#6916=CARTESIAN_POINT('Ctrl Pts',(-92.6420984096465,-201.037333320445,-55.5353668128521));
#6917=CARTESIAN_POINT('Ctrl Pts',(-92.8191027373587,-201.037335197317,-55.7454839280285));
#6918=CARTESIAN_POINT('Ctrl Pts',(-92.9488869579068,-201.037336464913,-55.9809664426435));
#6919=CARTESIAN_POINT('Ctrl Pts',(-93.0786711784549,-201.037337732508,-56.2164489572584));
#6920=CARTESIAN_POINT('Ctrl Pts',(-93.1617930405746,-201.037338391578,-56.4783088813567));
#6921=CARTESIAN_POINT('Ctrl Pts',(-93.1915822185469,-201.037338391578,-56.7455328027274));
#6922=CARTESIAN_POINT('Ctrl Pts',(-93.2481203310288,-201.09422372328,-56.7392301338409));
#6923=CARTESIAN_POINT('Ctrl Pts',(-93.2787345252676,-201.09422372328,-57.0138548664101));
#6924=CARTESIAN_POINT('Ctrl Pts',(-93.2546722195599,-201.094223103227,-57.2951530138721));
#6925=CARTESIAN_POINT('Ctrl Pts',(-93.1778612173882,-201.094221910633,-57.5605884719405));
#6926=CARTESIAN_POINT('Ctrl Pts',(-93.1010502152164,-201.094220718039,-57.8260239300089));
#6927=CARTESIAN_POINT('Ctrl Pts',(-92.9711710168577,-201.094218952278,-58.0767008287575));
#6928=CARTESIAN_POINT('Ctrl Pts',(-92.798628983902,-201.09421674865,-58.2925363864213));
#6929=CARTESIAN_POINT('Ctrl Pts',(-92.6260869509463,-201.094214545022,-58.508371944085));
#6930=CARTESIAN_POINT('Ctrl Pts',(-92.4101643711612,-201.094211902369,-58.6902639880403));
#6931=CARTESIAN_POINT('Ctrl Pts',(-92.1681598835476,-201.094209023188,-58.8236405698391));
#6932=CARTESIAN_POINT('Ctrl Pts',(-91.9261553959341,-201.094206144006,-58.9570171516379));
#6933=CARTESIAN_POINT('Ctrl Pts',(-91.6570623270267,-201.09420302678,-59.04243310968));
#6934=CARTESIAN_POINT('Ctrl Pts',(-91.3824388581469,-201.094199910372,-59.0730457271916));
#6935=CARTESIAN_POINT('Ctrl Pts',(-91.1078153892672,-201.094196793964,-59.1036583447031));
#6936=CARTESIAN_POINT('Ctrl Pts',(-90.8265191316577,-201.094193676733,-59.0795949916455));
#6937=CARTESIAN_POINT('Ctrl Pts',(-90.5610856838679,-201.094190797544,-59.0027837673339));
#6938=CARTESIAN_POINT('Ctrl Pts',(-90.2956522360781,-201.094187918354,-58.9259725430222));
#6939=CARTESIAN_POINT('Ctrl Pts',(-90.0449774106698,-201.09418527569,-58.796093942614));
#6940=CARTESIAN_POINT('Ctrl Pts',(-89.8291434334534,-201.094183072051,-58.6235531732831));
#6941=CARTESIAN_POINT('Ctrl Pts',(-89.613309456237,-201.094180868412,-58.4510124039521));
#6942=CARTESIAN_POINT('Ctrl Pts',(-89.4314184520378,-201.094179102638,-58.235091715258));
#6943=CARTESIAN_POINT('Ctrl Pts',(-89.2980420962143,-201.094177910036,-57.9930892378922));
#6944=CARTESIAN_POINT('Ctrl Pts',(-89.1646657403908,-201.094176717435,-57.7510867605265));
#6945=CARTESIAN_POINT('Ctrl Pts',(-89.0792491769102,-201.094176097377,-57.4819957661882));
#6946=CARTESIAN_POINT('Ctrl Pts',(-89.0486352997155,-201.094176097377,-57.207373877665));
#6947=CARTESIAN_POINT('Ctrl Pts',(-89.0180214225208,-201.094176097377,-56.9327519891418));
#6948=CARTESIAN_POINT('Ctrl Pts',(-89.0420828771069,-201.094176717435,-56.6514567724138));
#6949=CARTESIAN_POINT('Ctrl Pts',(-89.1188920952235,-201.094177910036,-56.3860235503855));
#6950=CARTESIAN_POINT('Ctrl Pts',(-89.1957013133401,-201.094179102638,-56.1205903283573));
#6951=CARTESIAN_POINT('Ctrl Pts',(-89.3255778319137,-201.094180868412,-55.8699148984926));
#6952=CARTESIAN_POINT('Ctrl Pts',(-89.4981170250372,-201.094183072051,-55.6540796612428));
#6953=CARTESIAN_POINT('Ctrl Pts',(-89.6706562181607,-201.09418527569,-55.438244423993));
#6954=CARTESIAN_POINT('Ctrl Pts',(-89.8865758587823,-201.094187918354,-55.2563515221778));
#6955=CARTESIAN_POINT('Ctrl Pts',(-90.128578114571,-201.094190797544,-55.1229731596924));
#6956=CARTESIAN_POINT('Ctrl Pts',(-90.3705803703597,-201.094193676734,-54.9895947972071));
#6957=CARTESIAN_POINT('Ctrl Pts',(-90.6396719619514,-201.094196793964,-54.9041761526415));
#6958=CARTESIAN_POINT('Ctrl Pts',(-90.9142951146334,-201.094199910372,-54.8735606986673));
#6959=CARTESIAN_POINT('Ctrl Pts',(-91.1889182673154,-201.094203026781,-54.842945244693));
#6960=CARTESIAN_POINT('Ctrl Pts',(-91.470215374356,-201.094206144006,-54.8670056518494));
#6961=CARTESIAN_POINT('Ctrl Pts',(-91.7356506070457,-201.094209023188,-54.9438146477047));
#6962=CARTESIAN_POINT('Ctrl Pts',(-92.0010858397354,-201.094211902369,-55.0206236435599));
#6963=CARTESIAN_POINT('Ctrl Pts',(-92.2517633432379,-201.094214545022,-55.1505007599151));
#6964=CARTESIAN_POINT('Ctrl Pts',(-92.4676001611324,-201.09421674865,-55.3230412164173));
#6965=CARTESIAN_POINT('Ctrl Pts',(-92.6834369790268,-201.094218952277,-55.4955816729195));
#6966=CARTESIAN_POINT('Ctrl Pts',(-92.865330920697,-201.094220718039,-55.7115032043048));
#6967=CARTESIAN_POINT('Ctrl Pts',(-92.9987095091918,-201.094221910633,-55.9535074699408));
#6968=CARTESIAN_POINT('Ctrl Pts',(-93.1320880976866,-201.094223103227,-56.1955117355768));
#6969=CARTESIAN_POINT('Ctrl Pts',(-93.2175061367901,-201.09422372328,-56.4646054012717));
#6970=CARTESIAN_POINT('Ctrl Pts',(-93.2481203310288,-201.09422372328,-56.7392301338409));
#6971=CARTESIAN_POINT('Ctrl Pts',(-93.3046584435107,-201.151109054982,-56.7329274649545));
#6972=CARTESIAN_POINT('Ctrl Pts',(-93.3360976543537,-201.151109054981,-57.0149530117517));
#6973=CARTESIAN_POINT('Ctrl Pts',(-93.3113885272685,-201.151108473944,-57.3038129788838));
#6974=CARTESIAN_POINT('Ctrl Pts',(-93.2325075890345,-201.151107356353,-57.5764016267276));
#6975=CARTESIAN_POINT('Ctrl Pts',(-93.1536266508005,-201.151106238763,-57.8489902745714));
#6976=CARTESIAN_POINT('Ctrl Pts',(-93.0202560975094,-201.151104584106,-58.1064058715581));
#6977=CARTESIAN_POINT('Ctrl Pts',(-92.8430642915513,-201.151102519067,-58.3280580028448));
#6978=CARTESIAN_POINT('Ctrl Pts',(-92.6658724855933,-201.151100454027,-58.5497101341316));
#6979=CARTESIAN_POINT('Ctrl Pts',(-92.4441455245627,-201.151097977655,-58.7364918601517));
#6980=CARTESIAN_POINT('Ctrl Pts',(-92.1956192916668,-201.151095279548,-58.8734628811643));
#6981=CARTESIAN_POINT('Ctrl Pts',(-91.9470930587709,-201.15109258144,-59.0104339021769));
#6982=CARTESIAN_POINT('Ctrl Pts',(-91.670766224908,-201.151089660355,-59.0981461100378));
#6983=CARTESIAN_POINT('Ctrl Pts',(-91.3887418984587,-201.151086739941,-59.1295837982871));
#6984=CARTESIAN_POINT('Ctrl Pts',(-91.1067175720094,-201.151083819526,-59.1610214865363));
#6985=CARTESIAN_POINT('Ctrl Pts',(-90.8178594299078,-201.151080898436,-59.1363113479449));
#6986=CARTESIAN_POINT('Ctrl Pts',(-90.5452727233806,-201.15107820032,-59.0574301952196));
#6987=CARTESIAN_POINT('Ctrl Pts',(-90.2726860168534,-201.151075502205,-58.9785490424942));
#6988=CARTESIAN_POINT('Ctrl Pts',(-90.0152724220985,-201.15107302582,-58.8451790666192));
#6989=CARTESIAN_POINT('Ctrl Pts',(-89.7936218170491,-201.15107096077,-58.6679884809478));
#6990=CARTESIAN_POINT('Ctrl Pts',(-89.5719712119996,-201.151068895719,-58.4907978952764));
#6991=CARTESIAN_POINT('Ctrl Pts',(-89.3851904900461,-201.15106724105,-58.2690727604915));
#6992=CARTESIAN_POINT('Ctrl Pts',(-89.2482196872824,-201.151066123451,-58.0205484688839));
#6993=CARTESIAN_POINT('Ctrl Pts',(-89.1112488845187,-201.151065005853,-57.7720241772763));
#6994=CARTESIAN_POINT('Ctrl Pts',(-89.0235360919069,-201.15106442481,-57.4956993468507));
#6995=CARTESIAN_POINT('Ctrl Pts',(-88.9920971872337,-201.15106442481,-57.2136765465514));
#6996=CARTESIAN_POINT('Ctrl Pts',(-88.9606582825604,-201.15106442481,-56.9316537462522));
#6997=CARTESIAN_POINT('Ctrl Pts',(-88.9853665876775,-201.151065005853,-56.6427966093216));
#6998=CARTESIAN_POINT('Ctrl Pts',(-89.0642458030868,-201.151066123451,-56.3702101208353));
#6999=CARTESIAN_POINT('Ctrl Pts',(-89.143125018496,-201.15106724105,-56.097623632349));
#7000=CARTESIAN_POINT('Ctrl Pts',(-89.2764929838183,-201.151068895719,-55.8402094538068));
#7001=CARTESIAN_POINT('Ctrl Pts',(-89.4536820474062,-201.15107096077,-55.618557631991));
#7002=CARTESIAN_POINT('Ctrl Pts',(-89.6308711109941,-201.15107302582,-55.3969058101753));
#7003=CARTESIAN_POINT('Ctrl Pts',(-89.8525952335655,-201.151075502205,-55.2101232555861));
#7004=CARTESIAN_POINT('Ctrl Pts',(-90.1011193112333,-201.15107820032,-55.0731505150487));
#7005=CARTESIAN_POINT('Ctrl Pts',(-90.349643388901,-201.151080898436,-54.9361777745113));
#7006=CARTESIAN_POINT('Ctrl Pts',(-90.6259687960596,-201.151083819526,-54.8484629720804));
#7007=CARTESIAN_POINT('Ctrl Pts',(-90.9079928171682,-201.151086739941,-54.8170225447619));
#7008=CARTESIAN_POINT('Ctrl Pts',(-91.1900168382767,-201.151089660356,-54.7855821174434));
#7009=CARTESIAN_POINT('Ctrl Pts',(-91.4788758006901,-201.151092581441,-54.810289410975));
#7010=CARTESIAN_POINT('Ctrl Pts',(-91.7514642308697,-201.151095279548,-54.8891684117722));
#7011=CARTESIAN_POINT('Ctrl Pts',(-92.0240526610493,-201.151097977655,-54.9680474125693));
#7012=CARTESIAN_POINT('Ctrl Pts',(-92.2814688421167,-201.151100454028,-55.1014159551397));
#7013=CARTESIAN_POINT('Ctrl Pts',(-92.5031221903649,-201.151102519067,-55.2786062387708));
#7014=CARTESIAN_POINT('Ctrl Pts',(-92.7247755386131,-201.151104584106,-55.455796522402));
#7015=CARTESIAN_POINT('Ctrl Pts',(-92.9115590973679,-201.151106238763,-55.6775224708963));
#7016=CARTESIAN_POINT('Ctrl Pts',(-93.0485320561888,-201.151107356353,-55.9260484894578));
#7017=CARTESIAN_POINT('Ctrl Pts',(-93.1855050150098,-201.151108473944,-56.1745745080193));
#7018=CARTESIAN_POINT('Ctrl Pts',(-93.2732192326677,-201.151109054982,-56.4509019181572));
#7019=CARTESIAN_POINT('Ctrl Pts',(-93.3046584435107,-201.151109054982,-56.7329274649545));
#7020=CARTESIAN_POINT('Ctrl Pts',(-113.990039013282,-201.151653919968,-55.4026396845179));
#7021=CARTESIAN_POINT('Ctrl Pts',(-114.093400887196,-201.15165198614,-55.6669191573691));
#7022=CARTESIAN_POINT('Ctrl Pts',(-114.249645492885,-201.151648309185,-55.9111296122579));
#7023=CARTESIAN_POINT('Ctrl Pts',(-114.446274947461,-201.151643182189,-56.1157369030076));
#7024=CARTESIAN_POINT('Ctrl Pts',(-114.642904402036,-201.151638055193,-56.3203441937573));
#7025=CARTESIAN_POINT('Ctrl Pts',(-114.880710954999,-201.151631459563,-56.4861727208873));
#7026=CARTESIAN_POINT('Ctrl Pts',(-115.140672654615,-201.151623919943,-56.5999581002616));
#7027=CARTESIAN_POINT('Ctrl Pts',(-115.400634354232,-201.151616380324,-56.713743479636));
#7028=CARTESIAN_POINT('Ctrl Pts',(-115.683798631011,-201.151607870151,-56.7759441821242));
#7029=CARTESIAN_POINT('Ctrl Pts',(-115.967515475135,-201.151599065754,-56.7815849705016));
#7030=CARTESIAN_POINT('Ctrl Pts',(-116.251232319258,-201.151590261357,-56.7872257588789));
#7031=CARTESIAN_POINT('Ctrl Pts',(-116.536644886512,-201.151581132245,-56.7363293730088));
#7032=CARTESIAN_POINT('Ctrl Pts',(-116.800923433409,-201.151572403464,-56.6329670952964));
#7033=CARTESIAN_POINT('Ctrl Pts',(-117.065201980307,-201.151563674683,-56.529604817584));
#7034=CARTESIAN_POINT('Ctrl Pts',(-117.30941135524,-201.151555316456,-56.3733601878383));
#7035=CARTESIAN_POINT('Ctrl Pts',(-117.514017704675,-201.151547992166,-56.1767311023588));
#7036=CARTESIAN_POINT('Ctrl Pts',(-117.71862405411,-201.151540667877,-55.9801020168793));
#7037=CARTESIAN_POINT('Ctrl Pts',(-117.884451802708,-201.151534352995,-55.7422962104924));
#7038=CARTESIAN_POINT('Ctrl Pts',(-117.998236776465,-201.151529548247,-55.4823354373683));
#7039=CARTESIAN_POINT('Ctrl Pts',(-118.112021750222,-201.151524743499,-55.2223746642443));
#7040=CARTESIAN_POINT('Ctrl Pts',(-118.174222432276,-201.151521433338,-54.9392114658451));
#7041=CARTESIAN_POINT('Ctrl Pts',(-118.179863588005,-201.151519879604,-54.6554955635848));
#7042=CARTESIAN_POINT('Ctrl Pts',(-118.185504743733,-201.151518325869,-54.3717796613244));
#7043=CARTESIAN_POINT('Ctrl Pts',(-118.134609108136,-201.151518524364,-54.0863678710456));
#7044=CARTESIAN_POINT('Ctrl Pts',(-118.031247755235,-201.151520458182,-53.8220897303399));
#7045=CARTESIAN_POINT('Ctrl Pts',(-117.927886402333,-201.151522392,-53.5578115896342));
#7046=CARTESIAN_POINT('Ctrl Pts',(-117.771642854718,-201.151526068932,-53.3136022336127));
#7047=CARTESIAN_POINT('Ctrl Pts',(-117.575014709456,-201.151531195897,-53.1089955174469));
#7048=CARTESIAN_POINT('Ctrl Pts',(-117.378386564195,-201.151536322863,-52.9043888012811));
#7049=CARTESIAN_POINT('Ctrl Pts',(-117.140581538555,-201.151542918457,-52.7385603009447));
#7050=CARTESIAN_POINT('Ctrl Pts',(-116.880621169987,-201.151550458043,-52.6247744030634));
#7051=CARTESIAN_POINT('Ctrl Pts',(-116.62066080142,-201.151557997629,-52.5109885051822));
#7052=CARTESIAN_POINT('Ctrl Pts',(-116.337497625701,-201.151566507773,-52.4487867396083));
#7053=CARTESIAN_POINT('Ctrl Pts',(-116.053781355065,-201.151575312153,-52.4431446444232));
#7054=CARTESIAN_POINT('Ctrl Pts',(-115.770065084429,-201.151584116533,-52.4375025492381));
#7055=CARTESIAN_POINT('Ctrl Pts',(-115.484652546162,-201.151593245642,-52.4883974027737));
#7056=CARTESIAN_POINT('Ctrl Pts',(-115.22037347966,-201.151601974433,-52.5917583519429));
#7057=CARTESIAN_POINT('Ctrl Pts',(-114.956094413159,-201.151610703224,-52.6951193011121));
#7058=CARTESIAN_POINT('Ctrl Pts',(-114.711883977334,-201.151619061473,-52.8513628247837));
#7059=CARTESIAN_POINT('Ctrl Pts',(-114.507276319994,-201.151626385794,-53.0479913392834));
#7060=CARTESIAN_POINT('Ctrl Pts',(-114.302668662654,-201.151633710114,-53.2446198537831));
#7061=CARTESIAN_POINT('Ctrl Pts',(-114.136839383916,-201.151640025032,-53.4824256261688));
#7062=CARTESIAN_POINT('Ctrl Pts',(-114.023053080519,-201.151644829813,-53.7423869214033));
#7063=CARTESIAN_POINT('Ctrl Pts',(-113.909266777122,-201.151649634595,-54.0023482166379));
#7064=CARTESIAN_POINT('Ctrl Pts',(-113.847064991189,-201.151652944784,-54.2855124709156));
#7065=CARTESIAN_POINT('Ctrl Pts',(-113.841423263383,-201.151654498535,-54.5692296835871));
#7066=CARTESIAN_POINT('Ctrl Pts',(-113.835781535577,-201.151656052287,-54.8529468962585));
#7067=CARTESIAN_POINT('Ctrl Pts',(-113.886677139368,-201.151655853795,-55.1383602116667));
#7068=CARTESIAN_POINT('Ctrl Pts',(-113.990039013282,-201.151653919968,-55.4026396845179));
#7069=CARTESIAN_POINT('Ctrl Pts',(-114.043021477425,-201.094760297907,-55.3819173910241));
#7070=CARTESIAN_POINT('Ctrl Pts',(-114.143670781826,-201.09475841483,-55.6392612655365));
#7071=CARTESIAN_POINT('Ctrl Pts',(-114.295824923523,-201.094754806066,-55.8770783045432));
#7072=CARTESIAN_POINT('Ctrl Pts',(-114.487294157726,-201.094749759611,-56.0763159852343));
#7073=CARTESIAN_POINT('Ctrl Pts',(-114.67876339193,-201.094744713156,-56.2755536659253));
#7074=CARTESIAN_POINT('Ctrl Pts',(-114.910344196882,-201.09473821026,-56.4370407894319));
#7075=CARTESIAN_POINT('Ctrl Pts',(-115.163483611961,-201.09473076871,-56.5478400170733));
#7076=CARTESIAN_POINT('Ctrl Pts',(-115.416623027039,-201.094723327161,-56.6586392447146));
#7077=CARTESIAN_POINT('Ctrl Pts',(-115.692374073726,-201.094714920148,-56.7192114949454));
#7078=CARTESIAN_POINT('Ctrl Pts',(-115.968645189874,-201.09470621642,-56.7247042084586));
#7079=CARTESIAN_POINT('Ctrl Pts',(-116.244916306022,-201.094697512692,-56.7301969219717));
#7080=CARTESIAN_POINT('Ctrl Pts',(-116.522856749699,-201.094688481459,-56.6806329604484));
#7081=CARTESIAN_POINT('Ctrl Pts',(-116.780199665361,-201.094679840621,-56.5799832378809));
#7082=CARTESIAN_POINT('Ctrl Pts',(-117.037542581023,-201.094671199782,-56.4793335153135));
#7083=CARTESIAN_POINT('Ctrl Pts',(-117.275358501738,-201.094662919254,-56.3271793487443));
#7084=CARTESIAN_POINT('Ctrl Pts',(-117.474595207671,-201.094655656792,-56.1357104967395));
#7085=CARTESIAN_POINT('Ctrl Pts',(-117.673831913603,-201.09464839433,-55.9442416447348));
#7086=CARTESIAN_POINT('Ctrl Pts',(-117.835318230937,-201.094642125137,-55.7126616128907));
#7087=CARTESIAN_POINT('Ctrl Pts',(-117.946117038555,-201.094637346688,-55.4595231572182));
#7088=CARTESIAN_POINT('Ctrl Pts',(-118.056915846173,-201.094632568239,-55.2063847015458));
#7089=CARTESIAN_POINT('Ctrl Pts',(-118.117488075229,-201.094629264801,-54.9306347715468));
#7090=CARTESIAN_POINT('Ctrl Pts',(-118.122981169157,-201.094627697834,-54.6543646307216));
#7091=CARTESIAN_POINT('Ctrl Pts',(-118.128474263086,-201.094626130867,-54.3780944898963));
#7092=CARTESIAN_POINT('Ctrl Pts',(-118.078911078443,-201.094626296095,-54.1001548508069));
#7093=CARTESIAN_POINT('Ctrl Pts',(-117.978262313561,-201.094628179162,-53.8428123557584));
#7094=CARTESIAN_POINT('Ctrl Pts',(-117.87761354868,-201.094630062229,-53.5854698607098));
#7095=CARTESIAN_POINT('Ctrl Pts',(-117.725460502623,-201.094633670968,-53.3476539596178));
#7096=CARTESIAN_POINT('Ctrl Pts',(-117.533992624257,-201.094638717392,-53.1484168739052));
#7097=CARTESIAN_POINT('Ctrl Pts',(-117.342524745892,-201.094643763816,-52.9491797881925));
#7098=CARTESIAN_POINT('Ctrl Pts',(-117.11094552248,-201.094650266674,-52.7876926924831));
#7099=CARTESIAN_POINT('Ctrl Pts',(-116.857807485747,-201.094657708188,-52.6768929278803));
#7100=CARTESIAN_POINT('Ctrl Pts',(-116.604669449014,-201.094665149703,-52.5660931632776));
#7101=CARTESIAN_POINT('Ctrl Pts',(-116.32891954248,-201.094673556687,-52.5055198122893));
#7102=CARTESIAN_POINT('Ctrl Pts',(-116.052649020191,-201.094682260397,-52.5000257454972));
#7103=CARTESIAN_POINT('Ctrl Pts',(-115.776378497902,-201.094690964107,-52.4945316787052));
#7104=CARTESIAN_POINT('Ctrl Pts',(-115.49843808426,-201.094699995336,-52.5440940535705));
#7105=CARTESIAN_POINT('Ctrl Pts',(-115.241094630518,-201.094708636185,-52.6447424003511));
#7106=CARTESIAN_POINT('Ctrl Pts',(-114.983751176775,-201.094717277033,-52.7453907471317));
#7107=CARTESIAN_POINT('Ctrl Pts',(-114.745934157542,-201.094725557585,-52.8975437684295));
#7108=CARTESIAN_POINT('Ctrl Pts',(-114.546696097211,-201.094732820079,-53.089012029135));
#7109=CARTESIAN_POINT('Ctrl Pts',(-114.347458036879,-201.094740082573,-53.2804802898404));
#7110=CARTESIAN_POINT('Ctrl Pts',(-114.185970135127,-201.094746351804,-53.5120602865296));
#7111=CARTESIAN_POINT('Ctrl Pts',(-114.075169950603,-201.094751130287,-53.7651992828421));
#7112=CARTESIAN_POINT('Ctrl Pts',(-113.964369766079,-201.094755908771,-54.0183382791546));
#7113=CARTESIAN_POINT('Ctrl Pts',(-113.903796393991,-201.094759212239,-54.2940893025541));
#7114=CARTESIAN_POINT('Ctrl Pts',(-113.898302707643,-201.094760779224,-54.5703608003365));
#7115=CARTESIAN_POINT('Ctrl Pts',(-113.892809021295,-201.094762346208,-54.8466322981189));
#7116=CARTESIAN_POINT('Ctrl Pts',(-113.942372173023,-201.094762180985,-55.1245735165116));
#7117=CARTESIAN_POINT('Ctrl Pts',(-114.043021477425,-201.094760297907,-55.3819173910241));
#7118=CARTESIAN_POINT('Ctrl Pts',(-114.096003941567,-201.037866675847,-55.3611950975303));
#7119=CARTESIAN_POINT('Ctrl Pts',(-114.19394067703,-201.03786484352,-55.6116033751736));
#7120=CARTESIAN_POINT('Ctrl Pts',(-114.342004355903,-201.037861302947,-55.8430269995111));
#7121=CARTESIAN_POINT('Ctrl Pts',(-114.528313371179,-201.037856337033,-56.0368950707769));
#7122=CARTESIAN_POINT('Ctrl Pts',(-114.714622386455,-201.03785137112,-56.2307631420427));
#7123=CARTESIAN_POINT('Ctrl Pts',(-114.939977445082,-201.037844960955,-56.3879088619572));
#7124=CARTESIAN_POINT('Ctrl Pts',(-115.186294577091,-201.037837617477,-56.4957219372924));
#7125=CARTESIAN_POINT('Ctrl Pts',(-115.432611709099,-201.037830274,-56.6035350126275));
#7126=CARTESIAN_POINT('Ctrl Pts',(-115.700949526909,-201.037821970141,-56.6624788094308));
#7127=CARTESIAN_POINT('Ctrl Pts',(-115.969774915715,-201.037813367085,-56.6678234466364));
#7128=CARTESIAN_POINT('Ctrl Pts',(-116.23860030452,-201.037804764029,-56.673168083842));
#7129=CARTESIAN_POINT('Ctrl Pts',(-116.509068624653,-201.037795830671,-56.6249365449779));
#7130=CARTESIAN_POINT('Ctrl Pts',(-116.759475908505,-201.037787277777,-56.5269993760881));
#7131=CARTESIAN_POINT('Ctrl Pts',(-117.009883192358,-201.037778724884,-56.4290622071983));
#7132=CARTESIAN_POINT('Ctrl Pts',(-117.241305657686,-201.03777052205,-56.2809985025882));
#7133=CARTESIAN_POINT('Ctrl Pts',(-117.435172718672,-201.037763321417,-56.094689883427));
#7134=CARTESIAN_POINT('Ctrl Pts',(-117.629039779658,-201.037756120785,-55.9083812642657));
#7135=CARTESIAN_POINT('Ctrl Pts',(-117.786184664042,-201.037749897277,-55.6830270069287));
#7136=CARTESIAN_POINT('Ctrl Pts',(-117.893997304052,-201.037745145129,-55.4367108692834));
#7137=CARTESIAN_POINT('Ctrl Pts',(-118.001809944063,-201.037740392982,-55.190394731638));
#7138=CARTESIAN_POINT('Ctrl Pts',(-118.060753718905,-201.037737096263,-54.9220580712047));
#7139=CARTESIAN_POINT('Ctrl Pts',(-118.066098750402,-201.037735516064,-54.6532336932602));
#7140=CARTESIAN_POINT('Ctrl Pts',(-118.071443781898,-201.037733935865,-54.3844093153158));
#7141=CARTESIAN_POINT('Ctrl Pts',(-118.023213048175,-201.037734067825,-54.1139418290985));
#7142=CARTESIAN_POINT('Ctrl Pts',(-117.925276871888,-201.037735900141,-53.8635349811768));
#7143=CARTESIAN_POINT('Ctrl Pts',(-117.827340695601,-201.037737732458,-53.6131281332552));
#7144=CARTESIAN_POINT('Ctrl Pts',(-117.67927815227,-201.037741273006,-53.3817056883056));
#7145=CARTESIAN_POINT('Ctrl Pts',(-117.492970542245,-201.037746238886,-53.1878382336795));
#7146=CARTESIAN_POINT('Ctrl Pts',(-117.306662932221,-201.037751204767,-52.9939707790534));
#7147=CARTESIAN_POINT('Ctrl Pts',(-117.081309512722,-201.037757614892,-52.8368250880022));
#7148=CARTESIAN_POINT('Ctrl Pts',(-116.834993809292,-201.037764958334,-52.7290114561047));
#7149=CARTESIAN_POINT('Ctrl Pts',(-116.588678105862,-201.037772301775,-52.6211978242072));
#7150=CARTESIAN_POINT('Ctrl Pts',(-116.320341469727,-201.037780605603,-52.5622528866344));
#7151=CARTESIAN_POINT('Ctrl Pts',(-116.051516696418,-201.037789208641,-52.556906846792));
#7152=CARTESIAN_POINT('Ctrl Pts',(-115.782691923108,-201.037797811678,-52.5515608069496));
#7153=CARTESIAN_POINT('Ctrl Pts',(-115.512223634126,-201.037806745033,-52.5997907014573));
#7154=CARTESIAN_POINT('Ctrl Pts',(-115.261815792567,-201.037815297936,-52.6977264443819));
#7155=CARTESIAN_POINT('Ctrl Pts',(-115.011407951009,-201.03782385084,-52.7956621873065));
#7156=CARTESIAN_POINT('Ctrl Pts',(-114.779984347199,-201.037832053699,-52.9437247050131));
#7157=CARTESIAN_POINT('Ctrl Pts',(-114.586115882432,-201.037839254364,-53.1300327112932));
#7158=CARTESIAN_POINT('Ctrl Pts',(-114.392247417665,-201.03784645503,-53.3163407175733));
#7159=CARTESIAN_POINT('Ctrl Pts',(-114.235100891213,-201.037852678578,-53.54169493853));
#7160=CARTESIAN_POINT('Ctrl Pts',(-114.127286824094,-201.037857430761,-53.7880116364961));
#7161=CARTESIAN_POINT('Ctrl Pts',(-114.019472756974,-201.037862182945,-54.0343283344622));
#7162=CARTESIAN_POINT('Ctrl Pts',(-113.960527797517,-201.037865479694,-54.3026661281487));
#7163=CARTESIAN_POINT('Ctrl Pts',(-113.955182151994,-201.037867059912,-54.5714919124878));
#7164=CARTESIAN_POINT('Ctrl Pts',(-113.949836506472,-201.037868640129,-54.8403176968269));
#7165=CARTESIAN_POINT('Ctrl Pts',(-113.998067206105,-201.037868508174,-55.1107868198869));
#7166=CARTESIAN_POINT('Ctrl Pts',(-114.096003941567,-201.037866675847,-55.3611950975303));
#7167=CARTESIAN_POINT('Ctrl Pts',(-114.14898640571,-200.980973053786,-55.3404728040365));
#7168=CARTESIAN_POINT('Ctrl Pts',(-114.244210572932,-200.980971272209,-55.5839454865948));
#7169=CARTESIAN_POINT('Ctrl Pts',(-114.388183790397,-200.980967799826,-55.8089756977353));
#7170=CARTESIAN_POINT('Ctrl Pts',(-114.5693325885,-200.980962914455,-55.9974741603448));
#7171=CARTESIAN_POINT('Ctrl Pts',(-114.750481386602,-200.980958029084,-56.1859726229543));
#7172=CARTESIAN_POINT('Ctrl Pts',(-114.969610700948,-200.980951711648,-56.3387769393146));
#7173=CARTESIAN_POINT('Ctrl Pts',(-115.20910555167,-200.980944466244,-56.4436038616477));
#7174=CARTESIAN_POINT('Ctrl Pts',(-115.448600402393,-200.98093722084,-56.5484307839809));
#7175=CARTESIAN_POINT('Ctrl Pts',(-115.709524992799,-200.980929020132,-56.6057461259363));
#7176=CARTESIAN_POINT('Ctrl Pts',(-115.97090465503,-200.98092051775,-56.6109426850823));
#7177=CARTESIAN_POINT('Ctrl Pts',(-116.232284317261,-200.980912015368,-56.6161392442282));
#7178=CARTESIAN_POINT('Ctrl Pts',(-116.495280513889,-200.980903179878,-56.5692401259753));
#7179=CARTESIAN_POINT('Ctrl Pts',(-116.738752165236,-200.980894714934,-56.4740155089818));
#7180=CARTESIAN_POINT('Ctrl Pts',(-116.982223816582,-200.980886249988,-56.3787908919882));
#7181=CARTESIAN_POINT('Ctrl Pts',(-117.207252825105,-200.980878124842,-56.2348176478592));
#7182=CARTESIAN_POINT('Ctrl Pts',(-117.395750239391,-200.980870986042,-56.0536692607755));
#7183=CARTESIAN_POINT('Ctrl Pts',(-117.584247653677,-200.980863847243,-55.8725208736918));
#7184=CARTESIAN_POINT('Ctrl Pts',(-117.737051103065,-200.980857669414,-55.6533923908182));
#7185=CARTESIAN_POINT('Ctrl Pts',(-117.841877573686,-200.98085294357,-55.4138985718985));
#7186=CARTESIAN_POINT('Ctrl Pts',(-117.946704044307,-200.980848217726,-55.1744047529789));
#7187=CARTESIAN_POINT('Ctrl Pts',(-118.00401936346,-200.980844927724,-54.913481363526));
#7188=CARTESIAN_POINT('Ctrl Pts',(-118.009216331757,-200.980843334294,-54.6521027502173));
#7189=CARTESIAN_POINT('Ctrl Pts',(-118.014413300055,-200.980841740865,-54.3907241369087));
#7190=CARTESIAN_POINT('Ctrl Pts',(-117.967515017209,-200.980841839555,-54.127728805606));
#7191=CARTESIAN_POINT('Ctrl Pts',(-117.872291430215,-200.980843621121,-53.8842576065953));
#7192=CARTESIAN_POINT('Ctrl Pts',(-117.77706784322,-200.980845402687,-53.6407864075845));
#7193=CARTESIAN_POINT('Ctrl Pts',(-117.633095804031,-200.980848875045,-53.4157574202496));
#7194=CARTESIAN_POINT('Ctrl Pts',(-117.451948464101,-200.980853760381,-53.2272595974791));
#7195=CARTESIAN_POINT('Ctrl Pts',(-117.270801124172,-200.980858645717,-53.0387617747085));
#7196=CARTESIAN_POINT('Ctrl Pts',(-117.05167351063,-200.980864963113,-52.8859574883533));
#7197=CARTESIAN_POINT('Ctrl Pts',(-116.812180142287,-200.980872208479,-52.7811299884652));
#7198=CARTESIAN_POINT('Ctrl Pts',(-116.572686773943,-200.980879453845,-52.6763024885772));
#7199=CARTESIAN_POINT('Ctrl Pts',(-116.311763409681,-200.980887654521,-52.6189859629995));
#7200=CARTESIAN_POINT('Ctrl Pts',(-116.050384386119,-200.980896156884,-52.6137879483546));
#7201=CARTESIAN_POINT('Ctrl Pts',(-115.789005362558,-200.980904659246,-52.6085899337097));
#7202=CARTESIAN_POINT('Ctrl Pts',(-115.526009198273,-200.980913494732,-52.6554873458116));
#7203=CARTESIAN_POINT('Ctrl Pts',(-115.282536968203,-200.980921959687,-52.7507104830989));
#7204=CARTESIAN_POINT('Ctrl Pts',(-115.039064738133,-200.980930424643,-52.8459336203863));
#7205=CARTESIAN_POINT('Ctrl Pts',(-114.814034548327,-200.980938549816,-52.9899056330238));
#7206=CARTESIAN_POINT('Ctrl Pts',(-114.625535677372,-200.980945688649,-53.1710533841125));
#7207=CARTESIAN_POINT('Ctrl Pts',(-114.437036806416,-200.980952827483,-53.3522011352011));
#7208=CARTESIAN_POINT('Ctrl Pts',(-114.284231653218,-200.980959005354,-53.5713295803821));
#7209=CARTESIAN_POINT('Ctrl Pts',(-114.179403701721,-200.980963731235,-53.8108239807003));
#7210=CARTESIAN_POINT('Ctrl Pts',(-114.074575750224,-200.980968457117,-54.0503183810185));
#7211=CARTESIAN_POINT('Ctrl Pts',(-114.01725920192,-200.980971747151,-54.3112429464068));
#7212=CARTESIAN_POINT('Ctrl Pts',(-114.012061596457,-200.9809733406,-54.5726230190575));
#7213=CARTESIAN_POINT('Ctrl Pts',(-114.006863990994,-200.980974934049,-54.8340030917083));
#7214=CARTESIAN_POINT('Ctrl Pts',(-114.053762238488,-200.980974835363,-55.0970001214781));
#7215=CARTESIAN_POINT('Ctrl Pts',(-114.14898640571,-200.980973053786,-55.3404728040365));
#7216=CARTESIAN_POINT('Ctrl Pts',(-103.525422615028,-200.980453059876,-34.013316952318));
#7217=CARTESIAN_POINT('Ctrl Pts',(-103.554386777143,-200.980453059876,-34.273140066168));
#7218=CARTESIAN_POINT('Ctrl Pts',(-103.531618111281,-200.980452361788,-34.5393145843247));
#7219=CARTESIAN_POINT('Ctrl Pts',(-103.458946975122,-200.980451019193,-34.7904436704964));
#7220=CARTESIAN_POINT('Ctrl Pts',(-103.386275838963,-200.980449676597,-35.041572756668));
#7221=CARTESIAN_POINT('Ctrl Pts',(-103.263379341304,-200.980447688609,-35.2787722639758));
#7222=CARTESIAN_POINT('Ctrl Pts',(-103.100136844625,-200.980445207815,-35.4829746754859));
#7223=CARTESIAN_POINT('Ctrl Pts',(-102.936894347945,-200.980442727021,-35.6871770869959));
#7224=CARTESIAN_POINT('Ctrl Pts',(-102.732580520598,-200.980439751784,-35.8592897638988));
#7225=CARTESIAN_POINT('Ctrl Pts',(-102.503619515904,-200.980436510467,-35.9854774611647));
#7226=CARTESIAN_POINT('Ctrl Pts',(-102.27465851121,-200.980433269151,-36.1116651584307));
#7227=CARTESIAN_POINT('Ctrl Pts',(-102.020032967161,-200.980429759614,-36.192488607657));
#7228=CARTESIAN_POINT('Ctrl Pts',(-101.760211212336,-200.980426251235,-36.2214510739716));
#7229=CARTESIAN_POINT('Ctrl Pts',(-101.500389457512,-200.980422742855,-36.2504135402862));
#7230=CARTESIAN_POINT('Ctrl Pts',(-101.234216971793,-200.980419233314,-36.2276437482304));
#7231=CARTESIAN_POINT('Ctrl Pts',(-100.983090047592,-200.98041599199,-36.1549723731071));
#7232=CARTESIAN_POINT('Ctrl Pts',(-100.73196312339,-200.980412750666,-36.0823009979839));
#7233=CARTESIAN_POINT('Ctrl Pts',(-100.494765845836,-200.980409775418,-35.9594051434429));
#7234=CARTESIAN_POINT('Ctrl Pts',(-100.290565134016,-200.980407294613,-35.7961640057161));
#7235=CARTESIAN_POINT('Ctrl Pts',(-100.086364422196,-200.980404813808,-35.6329228679894));
#7236=CARTESIAN_POINT('Ctrl Pts',(-99.9142528635542,-200.980402825809,-35.428611074369));
#7237=CARTESIAN_POINT('Ctrl Pts',(-99.7880654092589,-200.980401483207,-35.1996522316076));
#7238=CARTESIAN_POINT('Ctrl Pts',(-99.6618779549637,-200.980400140604,-34.9706933888463));
#7239=CARTESIAN_POINT('Ctrl Pts',(-99.5810538547937,-200.980399442511,-34.7160700758311));
#7240=CARTESIAN_POINT('Ctrl Pts',(-99.5520900336416,-200.980399442511,-34.4562500205966));
#7241=CARTESIAN_POINT('Ctrl Pts',(-99.5231262124895,-200.980399442511,-34.1964299653621));
#7242=CARTESIAN_POINT('Ctrl Pts',(-99.5458939631035,-200.980400140604,-33.9302585990743));
#7243=CARTESIAN_POINT('Ctrl Pts',(-99.6185631805227,-200.980401483207,-33.6791319176168));
#7244=CARTESIAN_POINT('Ctrl Pts',(-99.6912323979419,-200.980402825809,-33.4280052361593));
#7245=CARTESIAN_POINT('Ctrl Pts',(-99.8141260138532,-200.980404813809,-33.1908073086843));
#7246=CARTESIAN_POINT('Ctrl Pts',(-99.9773654563193,-200.980407294613,-32.9866052416584));
#7247=CARTESIAN_POINT('Ctrl Pts',(-100.140604898785,-200.980409775417,-32.7824031746325));
#7248=CARTESIAN_POINT('Ctrl Pts',(-100.344915565456,-200.980412750666,-32.6102895754412));
#7249=CARTESIAN_POINT('Ctrl Pts',(-100.57387416984,-200.98041599199,-32.4840999629548));
#7250=CARTESIAN_POINT('Ctrl Pts',(-100.802832774225,-200.980419233314,-32.3579103504684));
#7251=CARTESIAN_POINT('Ctrl Pts',(-101.057456729632,-200.980422742855,-32.2770840124547));
#7252=CARTESIAN_POINT('Ctrl Pts',(-101.317278144377,-200.980426251235,-32.2481184954474));
#7253=CARTESIAN_POINT('Ctrl Pts',(-101.577099559122,-200.980429759614,-32.2191529784401));
#7254=CARTESIAN_POINT('Ctrl Pts',(-101.843272958324,-200.980433269151,-32.2419196027802));
#7255=CARTESIAN_POINT('Ctrl Pts',(-102.094401802148,-200.980436510467,-32.314588581113));
#7256=CARTESIAN_POINT('Ctrl Pts',(-102.345530645971,-200.980439751783,-32.3872575594458));
#7257=CARTESIAN_POINT('Ctrl Pts',(-102.582730803506,-200.980442727022,-32.5101518183055));
#7258=CARTESIAN_POINT('Ctrl Pts',(-102.786934570423,-200.980445207815,-32.6733926194729));
#7259=CARTESIAN_POINT('Ctrl Pts',(-102.99113833734,-200.980447688609,-32.8366334206403));
#7260=CARTESIAN_POINT('Ctrl Pts',(-103.16325305489,-200.980449676598,-33.0409461207008));
#7261=CARTESIAN_POINT('Ctrl Pts',(-103.289442910379,-200.980451019193,-33.2699068866061));
#7262=CARTESIAN_POINT('Ctrl Pts',(-103.415632765869,-200.980452361788,-33.4988676525113));
#7263=CARTESIAN_POINT('Ctrl Pts',(-103.496458452912,-200.980453059876,-33.753493838468));
#7264=CARTESIAN_POINT('Ctrl Pts',(-103.525422615028,-200.980453059876,-34.013316952318));
#7265=CARTESIAN_POINT('Ctrl Pts',(-103.581960727509,-201.037338391578,-34.0070142834316));
#7266=CARTESIAN_POINT('Ctrl Pts',(-103.611749905482,-201.037338391578,-34.2742382048025));
#7267=CARTESIAN_POINT('Ctrl Pts',(-103.588334420246,-201.037337732508,-34.5479745357167));
#7268=CARTESIAN_POINT('Ctrl Pts',(-103.513593352235,-201.037336464913,-34.8062568063912));
#7269=CARTESIAN_POINT('Ctrl Pts',(-103.438852284224,-201.037335197317,-35.0645390770657));
#7270=CARTESIAN_POINT('Ctrl Pts',(-103.312464437945,-201.037333320445,-35.3084772791431));
#7271=CARTESIAN_POINT('Ctrl Pts',(-103.144572174965,-201.037330978232,-35.5184962635237));
#7272=CARTESIAN_POINT('Ctrl Pts',(-102.976679911985,-201.03732863602,-35.7285152479043));
#7273=CARTESIAN_POINT('Ctrl Pts',(-102.766561710317,-201.037325827079,-35.9055176088857));
#7274=CARTESIAN_POINT('Ctrl Pts',(-102.531078965607,-201.037322766828,-36.0352997495708));
#7275=CARTESIAN_POINT('Ctrl Pts',(-102.295596220898,-201.037319706576,-36.1650818902559));
#7276=CARTESIAN_POINT('Ctrl Pts',(-102.033736915373,-201.037316393201,-36.2482015956236));
#7277=CARTESIAN_POINT('Ctrl Pts',(-101.766514303726,-201.037313080803,-36.2779891393725));
#7278=CARTESIAN_POINT('Ctrl Pts',(-101.499291692079,-201.037309768406,-36.3077766831215));
#7279=CARTESIAN_POINT('Ctrl Pts',(-101.225557319865,-201.037306455026,-36.2843601124658));
#7280=CARTESIAN_POINT('Ctrl Pts',(-100.967277132715,-201.037303394767,-36.2096188141909));
#7281=CARTESIAN_POINT('Ctrl Pts',(-100.708996945565,-201.037300334508,-36.1348775159161));
#7282=CARTESIAN_POINT('Ctrl Pts',(-100.465060892353,-201.037297525556,-36.008490289398));
#7283=CARTESIAN_POINT('Ctrl Pts',(-100.255043545998,-201.037295183332,-35.8405993360726));
#7284=CARTESIAN_POINT('Ctrl Pts',(-100.045026199643,-201.037292841108,-35.6727083827472));
#7285=CARTESIAN_POINT('Ctrl Pts',(-99.868024916324,-201.037290964225,-35.4625921410436));
#7286=CARTESIAN_POINT('Ctrl Pts',(-99.7382430098205,-201.037289696622,-35.2271114798243));
#7287=CARTESIAN_POINT('Ctrl Pts',(-99.608461103317,-201.037288429018,-34.9916308186049));
#7288=CARTESIAN_POINT('Ctrl Pts',(-99.5253407705382,-201.037287769944,-34.729773663201));
#7289=CARTESIAN_POINT('Ctrl Pts',(-99.4955519211598,-201.037287769944,-34.462552689483));
#7290=CARTESIAN_POINT('Ctrl Pts',(-99.4657630717814,-201.037287769944,-34.1953317157651));
#7291=CARTESIAN_POINT('Ctrl Pts',(-99.4891776749311,-201.037288429018,-33.9215984223621));
#7292=CARTESIAN_POINT('Ctrl Pts',(-99.5639168938532,-201.037289696621,-33.6633184691738));
#7293=CARTESIAN_POINT('Ctrl Pts',(-99.6386561127753,-201.037290964225,-33.4050385159856));
#7294=CARTESIAN_POINT('Ctrl Pts',(-99.7650411817485,-201.037292841108,-33.161101836365));
#7295=CARTESIAN_POINT('Ctrl Pts',(-99.9329305013806,-201.037295183332,-32.9510831840208));
#7296=CARTESIAN_POINT('Ctrl Pts',(-100.100819821013,-201.037297525556,-32.7410645316766));
#7297=CARTESIAN_POINT('Ctrl Pts',(-100.310934976557,-201.037300334507,-32.5640612817255));
#7298=CARTESIAN_POINT('Ctrl Pts',(-100.546415408088,-201.037303394767,-32.4342772953927));
#7299=CARTESIAN_POINT('Ctrl Pts',(-100.781895839618,-201.037306455027,-32.3044933090598));
#7300=CARTESIAN_POINT('Ctrl Pts',(-101.043753614072,-201.037309768407,-32.2213708195035));
#7301=CARTESIAN_POINT('Ctrl Pts',(-101.310975897989,-201.037313080804,-32.1915803358487));
#7302=CARTESIAN_POINT('Ctrl Pts',(-101.578198181907,-201.037316393201,-32.1617898521939));
#7303=CARTESIAN_POINT('Ctrl Pts',(-101.85193343448,-201.037319706576,-32.185203369843));
#7304=CARTESIAN_POINT('Ctrl Pts',(-102.110215471582,-201.037322766828,-32.2599423583796));
#7305=CARTESIAN_POINT('Ctrl Pts',(-102.368497508684,-201.037325827079,-32.3346813469162));
#7306=CARTESIAN_POINT('Ctrl Pts',(-102.612436337473,-201.03732863602,-32.4610670354803));
#7307=CARTESIAN_POINT('Ctrl Pts',(-102.822456628041,-201.037330978232,-32.6289576645183));
#7308=CARTESIAN_POINT('Ctrl Pts',(-103.032476918609,-201.037333320445,-32.7968482935563));
#7309=CARTESIAN_POINT('Ctrl Pts',(-103.209481246321,-201.037335197317,-33.0069654087329));
#7310=CARTESIAN_POINT('Ctrl Pts',(-103.339265466869,-201.037336464913,-33.2424479233477));
#7311=CARTESIAN_POINT('Ctrl Pts',(-103.469049687417,-201.037337732508,-33.4779304379625));
#7312=CARTESIAN_POINT('Ctrl Pts',(-103.552171549537,-201.037338391578,-33.7397903620606));
#7313=CARTESIAN_POINT('Ctrl Pts',(-103.581960727509,-201.037338391578,-34.0070142834316));
#7314=CARTESIAN_POINT('Ctrl Pts',(-103.638498839991,-201.09422372328,-34.0007116145451));
#7315=CARTESIAN_POINT('Ctrl Pts',(-103.66911303423,-201.09422372328,-34.2753363471145));
#7316=CARTESIAN_POINT('Ctrl Pts',(-103.645050728522,-201.094223103227,-34.5566344945764));
#7317=CARTESIAN_POINT('Ctrl Pts',(-103.56823972635,-201.094221910633,-34.8220699526448));
#7318=CARTESIAN_POINT('Ctrl Pts',(-103.491428724179,-201.094220718039,-35.0875054107131));
#7319=CARTESIAN_POINT('Ctrl Pts',(-103.36154952582,-201.094218952277,-35.3381823094618));
#7320=CARTESIAN_POINT('Ctrl Pts',(-103.189007492864,-201.09421674865,-35.5540178671255));
#7321=CARTESIAN_POINT('Ctrl Pts',(-103.016465459909,-201.094214545022,-35.7698534247892));
#7322=CARTESIAN_POINT('Ctrl Pts',(-102.800542880123,-201.09421190237,-35.951745468745));
#7323=CARTESIAN_POINT('Ctrl Pts',(-102.55853839251,-201.094209023188,-36.0851220505434));
#7324=CARTESIAN_POINT('Ctrl Pts',(-102.316533904897,-201.094206144006,-36.2184986323418));
#7325=CARTESIAN_POINT('Ctrl Pts',(-102.047440835989,-201.09420302678,-36.3039145903843));
#7326=CARTESIAN_POINT('Ctrl Pts',(-101.772817367109,-201.094199910372,-36.3345272078958));
#7327=CARTESIAN_POINT('Ctrl Pts',(-101.49819389823,-201.094196793964,-36.3651398254073));
#7328=CARTESIAN_POINT('Ctrl Pts',(-101.21689764062,-201.094193676733,-36.3410764723498));
#7329=CARTESIAN_POINT('Ctrl Pts',(-100.95146419283,-201.094190797544,-36.2642652480381));
#7330=CARTESIAN_POINT('Ctrl Pts',(-100.686030745041,-201.094187918354,-36.1874540237265));
#7331=CARTESIAN_POINT('Ctrl Pts',(-100.435355919632,-201.09418527569,-36.0575754233182));
#7332=CARTESIAN_POINT('Ctrl Pts',(-100.219521942416,-201.094183072051,-35.8850346539872));
#7333=CARTESIAN_POINT('Ctrl Pts',(-100.0036879652,-201.094180868411,-35.7124938846563));
#7334=CARTESIAN_POINT('Ctrl Pts',(-99.821796961,-201.094179102638,-35.4965731959621));
#7335=CARTESIAN_POINT('Ctrl Pts',(-99.6884206051768,-201.094177910036,-35.2545707185965));
#7336=CARTESIAN_POINT('Ctrl Pts',(-99.5550442493534,-201.094176717434,-35.0125682412308));
#7337=CARTESIAN_POINT('Ctrl Pts',(-99.4696276858727,-201.094176097377,-34.7434772468931));
#7338=CARTESIAN_POINT('Ctrl Pts',(-99.439013808678,-201.094176097377,-34.4688553583694));
#7339=CARTESIAN_POINT('Ctrl Pts',(-99.4083999314833,-201.094176097377,-34.1942334698458));
#7340=CARTESIAN_POINT('Ctrl Pts',(-99.4324613860697,-201.094176717434,-33.9129382531176));
#7341=CARTESIAN_POINT('Ctrl Pts',(-99.5092706041861,-201.094177910036,-33.6475050310897));
#7342=CARTESIAN_POINT('Ctrl Pts',(-99.5860798223025,-201.094179102638,-33.3820718090618));
#7343=CARTESIAN_POINT('Ctrl Pts',(-99.715956340876,-201.094180868412,-33.1313963791971));
#7344=CARTESIAN_POINT('Ctrl Pts',(-99.8884955339996,-201.094183072051,-32.9155611419472));
#7345=CARTESIAN_POINT('Ctrl Pts',(-100.061034727123,-201.09418527569,-32.6997259046973));
#7346=CARTESIAN_POINT('Ctrl Pts',(-100.276954367745,-201.094187918354,-32.5178330028819));
#7347=CARTESIAN_POINT('Ctrl Pts',(-100.518956623534,-201.094190797544,-32.3844546403967));
#7348=CARTESIAN_POINT('Ctrl Pts',(-100.760958879322,-201.094193676734,-32.2510762779116));
#7349=CARTESIAN_POINT('Ctrl Pts',(-101.030050470914,-201.094196793964,-32.1656576333457));
#7350=CARTESIAN_POINT('Ctrl Pts',(-101.304673623596,-201.094199910372,-32.1350421793716));
#7351=CARTESIAN_POINT('Ctrl Pts',(-101.579296776278,-201.09420302678,-32.1044267253975));
#7352=CARTESIAN_POINT('Ctrl Pts',(-101.860593883319,-201.094206144006,-32.1284871325538));
#7353=CARTESIAN_POINT('Ctrl Pts',(-102.126029116008,-201.094209023188,-32.205296128409));
#7354=CARTESIAN_POINT('Ctrl Pts',(-102.391464348698,-201.094211902369,-32.2821051242643));
#7355=CARTESIAN_POINT('Ctrl Pts',(-102.642141852201,-201.094214545022,-32.4119822406198));
#7356=CARTESIAN_POINT('Ctrl Pts',(-102.857978670095,-201.09421674865,-32.5845226971217));
#7357=CARTESIAN_POINT('Ctrl Pts',(-103.073815487989,-201.094218952277,-32.7570631536237));
#7358=CARTESIAN_POINT('Ctrl Pts',(-103.255709429659,-201.094220718039,-32.972984685009));
#7359=CARTESIAN_POINT('Ctrl Pts',(-103.389088018154,-201.094221910633,-33.214988950645));
#7360=CARTESIAN_POINT('Ctrl Pts',(-103.522466606649,-201.094223103227,-33.4569932162811));
#7361=CARTESIAN_POINT('Ctrl Pts',(-103.607884645752,-201.09422372328,-33.7260868819758));
#7362=CARTESIAN_POINT('Ctrl Pts',(-103.638498839991,-201.09422372328,-34.0007116145451));
#7363=CARTESIAN_POINT('Ctrl Pts',(-103.695036952473,-201.151109054981,-33.9944089456587));
#7364=CARTESIAN_POINT('Ctrl Pts',(-103.726476163316,-201.151109054981,-34.2764344924561));
#7365=CARTESIAN_POINT('Ctrl Pts',(-103.701767036231,-201.151108473943,-34.5652944595881));
#7366=CARTESIAN_POINT('Ctrl Pts',(-103.622886097997,-201.151107356353,-34.8378831074319));
#7367=CARTESIAN_POINT('Ctrl Pts',(-103.544005159763,-201.151106238763,-35.1104717552757));
#7368=CARTESIAN_POINT('Ctrl Pts',(-103.410634606471,-201.151104584106,-35.3678873522623));
#7369=CARTESIAN_POINT('Ctrl Pts',(-103.233442800514,-201.151102519067,-35.589539483549));
#7370=CARTESIAN_POINT('Ctrl Pts',(-103.056250994556,-201.151100454027,-35.8111916148357));
#7371=CARTESIAN_POINT('Ctrl Pts',(-102.834524033525,-201.151097977655,-35.9979733408563));
#7372=CARTESIAN_POINT('Ctrl Pts',(-102.585997800629,-201.151095279547,-36.1349443618685));
#7373=CARTESIAN_POINT('Ctrl Pts',(-102.337471567734,-201.15109258144,-36.2719153828808));
#7374=CARTESIAN_POINT('Ctrl Pts',(-102.06114473387,-201.151089660355,-36.3596275907421));
#7375=CARTESIAN_POINT('Ctrl Pts',(-101.779120407421,-201.15108673994,-36.3910652789912));
#7376=CARTESIAN_POINT('Ctrl Pts',(-101.497096080972,-201.151083819526,-36.4225029672404));
#7377=CARTESIAN_POINT('Ctrl Pts',(-101.20823793887,-201.151080898435,-36.3977928286491));
#7378=CARTESIAN_POINT('Ctrl Pts',(-100.935651232343,-201.15107820032,-36.3189116759238));
#7379=CARTESIAN_POINT('Ctrl Pts',(-100.663064525816,-201.151075502205,-36.2400305231984));
#7380=CARTESIAN_POINT('Ctrl Pts',(-100.405650931061,-201.15107302582,-36.1066605473235));
#7381=CARTESIAN_POINT('Ctrl Pts',(-100.184000326011,-201.151070960769,-35.929469961652));
#7382=CARTESIAN_POINT('Ctrl Pts',(-99.9623497209621,-201.151068895718,-35.7522793759805));
#7383=CARTESIAN_POINT('Ctrl Pts',(-99.7755689990084,-201.15106724105,-35.5305542411957));
#7384=CARTESIAN_POINT('Ctrl Pts',(-99.6385981962449,-201.151066123451,-35.2820299495881));
#7385=CARTESIAN_POINT('Ctrl Pts',(-99.5016273934813,-201.151065005852,-35.0335056579805));
#7386=CARTESIAN_POINT('Ctrl Pts',(-99.4139146008694,-201.151064424809,-34.7571808275556));
#7387=CARTESIAN_POINT('Ctrl Pts',(-99.3824756961962,-201.15106442481,-34.4751580272559));
#7388=CARTESIAN_POINT('Ctrl Pts',(-99.3510367915229,-201.15106442481,-34.1931352269562));
#7389=CARTESIAN_POINT('Ctrl Pts',(-99.3757450966403,-201.151065005852,-33.9042780900254));
#7390=CARTESIAN_POINT('Ctrl Pts',(-99.4546243120494,-201.151066123451,-33.6316916015394));
#7391=CARTESIAN_POINT('Ctrl Pts',(-99.5335035274584,-201.151067241049,-33.3591051130535));
#7392=CARTESIAN_POINT('Ctrl Pts',(-99.6668714927806,-201.151068895718,-33.1016909345112));
#7393=CARTESIAN_POINT('Ctrl Pts',(-99.8440605563686,-201.151070960769,-32.8800391126954));
#7394=CARTESIAN_POINT('Ctrl Pts',(-100.021249619957,-201.15107302582,-32.6583872908796));
#7395=CARTESIAN_POINT('Ctrl Pts',(-100.242973742528,-201.151075502205,-32.4716047362902));
#7396=CARTESIAN_POINT('Ctrl Pts',(-100.491497820196,-201.15107820032,-32.334631995753));
#7397=CARTESIAN_POINT('Ctrl Pts',(-100.740021897863,-201.151080898436,-32.1976592552159));
#7398=CARTESIAN_POINT('Ctrl Pts',(-101.016347305022,-201.151083819526,-32.1099444527846));
#7399=CARTESIAN_POINT('Ctrl Pts',(-101.298371326131,-201.15108673994,-32.0785040254663));
#7400=CARTESIAN_POINT('Ctrl Pts',(-101.580395347239,-201.151089660355,-32.0470635981479));
#7401=CARTESIAN_POINT('Ctrl Pts',(-101.869254309653,-201.151092581441,-32.0717708916794));
#7402=CARTESIAN_POINT('Ctrl Pts',(-102.141842739832,-201.151095279547,-32.1506498924766));
#7403=CARTESIAN_POINT('Ctrl Pts',(-102.414431170012,-201.151097977654,-32.2295288932738));
#7404=CARTESIAN_POINT('Ctrl Pts',(-102.671847351079,-201.151100454027,-32.3628974358445));
#7405=CARTESIAN_POINT('Ctrl Pts',(-102.893500699327,-201.151102519067,-32.5400877194753));
#7406=CARTESIAN_POINT('Ctrl Pts',(-103.115154047575,-201.151104584106,-32.7172780031062));
#7407=CARTESIAN_POINT('Ctrl Pts',(-103.30193760633,-201.151106238763,-32.9390039516003));
#7408=CARTESIAN_POINT('Ctrl Pts',(-103.438910565151,-201.151107356353,-33.1875299701621));
#7409=CARTESIAN_POINT('Ctrl Pts',(-103.575883523972,-201.151108473943,-33.4360559887238));
#7410=CARTESIAN_POINT('Ctrl Pts',(-103.66359774163,-201.151109054982,-33.7123833988612));
#7411=CARTESIAN_POINT('Ctrl Pts',(-103.695036952473,-201.151109054981,-33.9944089456587));
#7412=CARTESIAN_POINT('Origin',(-93.7503194387517,-191.749999999999,-41.1069733040532));
#7413=CARTESIAN_POINT('',(-131.012202598421,-191.749999999999,-58.211126700089));
#7414=CARTESIAN_POINT('',(-121.778397725107,-183.749999999999,-71.030656693201));
#7415=CARTESIAN_POINT('Origin',(-157.703495843675,-193.149804674765,-82.4914755314342));
#7416=CARTESIAN_POINT('',(-132.62090675299,-193.149804674765,-57.914038508175));
#7417=CARTESIAN_POINT('Origin',(-131.92102901695,-191.749999999999,-58.628301173163));
#7418=CARTESIAN_POINT('Origin',(-122.462009390627,-191.749999999999,-71.7605026295217));
#7419=CARTESIAN_POINT('Origin',(-132.756965287663,-201.150907457074,-72.047807802014));
#7420=CARTESIAN_POINT('',(-132.756965287663,-188.249999999999,-69.847807802014));
#7421=CARTESIAN_POINT('Origin',(-132.756965287663,-188.249999999999,-72.047807802014));
#7422=CARTESIAN_POINT('',(-132.756965287663,-201.150907457074,-69.847807802014));
#7423=CARTESIAN_POINT('Origin',(-129.113412808507,-201.150907457074,-6.45565350387295));
#7424=CARTESIAN_POINT('',(-129.113412808507,-188.249999999999,-4.25565350387295));
#7425=CARTESIAN_POINT('Origin',(-129.113412808507,-188.249999999999,-6.45565350387295));
#7426=CARTESIAN_POINT('',(-129.113412808507,-201.150907457074,-4.25565350387295));
#7427=CARTESIAN_POINT('Origin',(-65.4421509836972,-201.150907457074,-81.6911126719037));
#7428=CARTESIAN_POINT('',(-65.4421509836972,-188.249999999999,-79.4911126719037));
#7429=CARTESIAN_POINT('Origin',(-65.4421509836972,-188.249999999999,-81.6911126719037));
#7430=CARTESIAN_POINT('',(-65.4421509836972,-201.150907457074,-79.4911126719037));
#7431=CARTESIAN_POINT('Origin',(-65.4421509836972,-201.150907457074,-81.6911126719037));
#7432=CARTESIAN_POINT('',(-65.4421509836972,-188.249999999999,-77.4411126719037));
#7433=CARTESIAN_POINT('',(-65.4421509836972,-201.150907457074,-77.4411126719037));
#7434=CARTESIAN_POINT('Origin',(-65.4421509836972,-188.249999999999,-81.6911126719037));
#7435=CARTESIAN_POINT('Origin',(-65.4421509836972,-188.249999999999,-81.6911126719037));
#7436=CARTESIAN_POINT('Origin',(-129.113412808507,-201.150907457074,-6.45565350387295));
#7437=CARTESIAN_POINT('',(-129.113412808507,-188.249999999999,-2.20565350387295));
#7438=CARTESIAN_POINT('',(-129.113412808507,-201.150907457074,-2.20565350387295));
#7439=CARTESIAN_POINT('Origin',(-129.113412808507,-188.249999999999,-6.45565350387295));
#7440=CARTESIAN_POINT('Origin',(-129.113412808507,-188.249999999999,-6.45565350387295));
#7441=CARTESIAN_POINT('Origin',(-132.756965287663,-188.249999999999,-72.047807802014));
#7442=CARTESIAN_POINT('',(-138.588496325784,-188.249999999999,-71.8117024199746));
#7443=CARTESIAN_POINT('',(-135.731445665832,-188.249999999999,-69.0121914758152));
#7444=CARTESIAN_POINT('Origin',(-139.288374061824,-188.249999999999,-71.0974397549866));
#7445=CARTESIAN_POINT('',(-132.628331298434,-188.249999999999,-77.8719564503414));
#7446=CARTESIAN_POINT('Origin',(-131.928453562394,-188.249999999999,-78.5862191153294));
#7447=CARTESIAN_POINT('',(-129.782484909494,-188.249999999999,-75.0834241282129));
#7448=CARTESIAN_POINT('Origin',(-135.731445665832,-201.150907457074,-69.0121914758152));
#7449=CARTESIAN_POINT('',(-138.588496325784,-193.126694413154,-71.8117024199746));
#7450=CARTESIAN_POINT('',(-134.294305382437,-199.138891602074,-67.6039945516046));
#7451=CARTESIAN_POINT('',(-138.588496325784,-188.249999999999,-71.8117024199746));
#7452=CARTESIAN_POINT('Origin',(-129.782484909494,-201.150907457074,-75.0834241282129));
#7453=CARTESIAN_POINT('',(-132.628331298434,-193.142380204203,-77.8719564503414));
#7454=CARTESIAN_POINT('',(-128.34534425145,-199.138891077562,-73.6752268368994));
#7455=CARTESIAN_POINT('',(-132.628331298434,-201.150907457074,-77.8719564503414));
#7456=CARTESIAN_POINT('Origin',(-131.928453562393,-108.248679475169,-78.5862191153294));
#7457=CARTESIAN_POINT('Origin',(-131.928453562394,-193.142380080786,-78.5862191153294));
#7458=CARTESIAN_POINT('Origin',(-139.288374061824,-201.150907457074,-71.0974397549866));
#7459=CARTESIAN_POINT('Origin',(-139.288374061824,-193.126694536571,-71.0974397549862));
#7460=CARTESIAN_POINT('Origin',(-176.51188398051,-192.150200886682,-34.5040691530681));
#7461=CARTESIAN_POINT('Origin',(-176.51188398051,-192.150200886682,-34.5040691530681));
#7462=CARTESIAN_POINT('',(-3.74297331701221,8.83852783203167,1.88822716075638));
#7463=UNCERTAINTY_MEASURE_WITH_UNIT(LENGTH_MEASURE(0.01),#7469,
'DISTANCE_ACCURACY_VALUE',
'Maximum model space distance between geometric entities at asserted c
onnectivities');
#7464=UNCERTAINTY_MEASURE_WITH_UNIT(LENGTH_MEASURE(0.01),#7469,
'DISTANCE_ACCURACY_VALUE',
'Maximum model space distance between geometric entities at asserted c
onnectivities');
#7465=UNCERTAINTY_MEASURE_WITH_UNIT(LENGTH_MEASURE(0.01),#7469,
'DISTANCE_ACCURACY_VALUE',
'Maximum model space distance between geometric entities at asserted c
onnectivities');
#7466=(
GEOMETRIC_REPRESENTATION_CONTEXT(3)
GLOBAL_UNCERTAINTY_ASSIGNED_CONTEXT((#7463))
GLOBAL_UNIT_ASSIGNED_CONTEXT((#7469,#7471,#7472))
REPRESENTATION_CONTEXT('','3D')
);
#7467=(
GEOMETRIC_REPRESENTATION_CONTEXT(3)
GLOBAL_UNCERTAINTY_ASSIGNED_CONTEXT((#7464))
GLOBAL_UNIT_ASSIGNED_CONTEXT((#7469,#7471,#7472))
REPRESENTATION_CONTEXT('','3D')
);
#7468=(
GEOMETRIC_REPRESENTATION_CONTEXT(3)
GLOBAL_UNCERTAINTY_ASSIGNED_CONTEXT((#7465))
GLOBAL_UNIT_ASSIGNED_CONTEXT((#7469,#7471,#7472))
REPRESENTATION_CONTEXT('','3D')
);
#7469=(
LENGTH_UNIT()
NAMED_UNIT(*)
SI_UNIT(.MILLI.,.METRE.)
);
#7470=(
LENGTH_UNIT()
NAMED_UNIT(*)
SI_UNIT($,.METRE.)
);
#7471=(
NAMED_UNIT(*)
PLANE_ANGLE_UNIT()
SI_UNIT($,.RADIAN.)
);
#7472=(
NAMED_UNIT(*)
SI_UNIT($,.STERADIAN.)
SOLID_ANGLE_UNIT()
);
#7473=SHAPE_DEFINITION_REPRESENTATION(#7475,#7478);
#7474=SHAPE_DEFINITION_REPRESENTATION(#7476,#7479);
#7475=PRODUCT_DEFINITION_SHAPE('',$,#7481);
#7476=PRODUCT_DEFINITION_SHAPE('',$,#7482);
#7477=PRODUCT_DEFINITION_SHAPE($,$,#14);
#7478=SHAPE_REPRESENTATION('',(#1848,#2020),#7466);
#7479=SHAPE_REPRESENTATION('',(#1849),#7467);
#7480=PRODUCT_DEFINITION_CONTEXT('part definition',#7488,'design');
#7481=PRODUCT_DEFINITION('Leg (right)','Leg (right) v74',#7483,#7480);
#7482=PRODUCT_DEFINITION('Thigh','Thigh',#7484,#7480);
#7483=PRODUCT_DEFINITION_FORMATION('',$,#7490);
#7484=PRODUCT_DEFINITION_FORMATION('',$,#7491);
#7485=PRODUCT_RELATED_PRODUCT_CATEGORY('Leg (right) v74',
'Leg (right) v74',(#7490));
#7486=PRODUCT_RELATED_PRODUCT_CATEGORY('Thigh','Thigh',(#7491));
#7487=APPLICATION_PROTOCOL_DEFINITION('international standard',
'automotive_design',2009,#7488);
#7488=APPLICATION_CONTEXT(
'Core Data for Automotive Mechanical Design Process');
#7489=PRODUCT_CONTEXT('part definition',#7488,'mechanical');
#7490=PRODUCT('Leg (right)','Leg (right) v74',$,(#7489));
#7491=PRODUCT('Thigh','Thigh',$,(#7489));
#7492=PRESENTATION_STYLE_ASSIGNMENT((#7499));
#7493=PRESENTATION_STYLE_ASSIGNMENT((#7500));
#7494=PRESENTATION_STYLE_ASSIGNMENT((#7501));
#7495=PRESENTATION_STYLE_ASSIGNMENT((#7502));
#7496=PRESENTATION_STYLE_ASSIGNMENT((#7503));
#7497=PRESENTATION_STYLE_ASSIGNMENT((#7504));
#7498=PRESENTATION_STYLE_ASSIGNMENT((#7505));
#7499=SURFACE_STYLE_USAGE(.BOTH.,#7506);
#7500=SURFACE_STYLE_USAGE(.BOTH.,#7507);
#7501=SURFACE_STYLE_USAGE(.BOTH.,#7508);
#7502=SURFACE_STYLE_USAGE(.BOTH.,#7509);
#7503=SURFACE_STYLE_USAGE(.BOTH.,#7510);
#7504=SURFACE_STYLE_USAGE(.BOTH.,#7511);
#7505=SURFACE_STYLE_USAGE(.BOTH.,#7512);
#7506=SURFACE_SIDE_STYLE('',(#7513));
#7507=SURFACE_SIDE_STYLE('',(#7514));
#7508=SURFACE_SIDE_STYLE('',(#7515));
#7509=SURFACE_SIDE_STYLE('',(#7516));
#7510=SURFACE_SIDE_STYLE('',(#7517));
#7511=SURFACE_SIDE_STYLE('',(#7518));
#7512=SURFACE_SIDE_STYLE('',(#7519));
#7513=SURFACE_STYLE_FILL_AREA(#7520);
#7514=SURFACE_STYLE_FILL_AREA(#7521);
#7515=SURFACE_STYLE_FILL_AREA(#7522);
#7516=SURFACE_STYLE_FILL_AREA(#7523);
#7517=SURFACE_STYLE_FILL_AREA(#7524);
#7518=SURFACE_STYLE_FILL_AREA(#7525);
#7519=SURFACE_STYLE_FILL_AREA(#7526);
#7520=FILL_AREA_STYLE('Steel - Satin',(#7527));
#7521=FILL_AREA_STYLE('Plate',(#7528));
#7522=FILL_AREA_STYLE('ABS (White)',(#7529));
#7523=FILL_AREA_STYLE('Aluminum - Satin',(#7530));
#7524=FILL_AREA_STYLE('ABS (White) (1)',(#7531));
#7525=FILL_AREA_STYLE('Aluminum - Anodized Glossy (Grey)',(#7532));
#7526=FILL_AREA_STYLE('Opaque(250,182,1)',(#7533));
#7527=FILL_AREA_STYLE_COLOUR('Steel - Satin',#7534);
#7528=FILL_AREA_STYLE_COLOUR('Plate',#7535);
#7529=FILL_AREA_STYLE_COLOUR('ABS (White)',#7536);
#7530=FILL_AREA_STYLE_COLOUR('Aluminum - Satin',#7537);
#7531=FILL_AREA_STYLE_COLOUR('ABS (White) (1)',#7538);
#7532=FILL_AREA_STYLE_COLOUR('Aluminum - Anodized Glossy (Grey)',#7539);
#7533=FILL_AREA_STYLE_COLOUR('Opaque(250,182,1)',#7540);
#7534=COLOUR_RGB('Steel - Satin',0.627450980392157,0.627450980392157,0.627450980392157);
#7535=COLOUR_RGB('Plate',0.6,0.6,0.6);
#7536=COLOUR_RGB('ABS (White)',0.964705882352941,0.964705882352941,0.952941176470588);
#7537=COLOUR_RGB('Aluminum - Satin',0.96078431372549,0.96078431372549,0.964705882352941);
#7538=COLOUR_RGB('ABS (White) (1)',0.905882352941176,0.262745098039216,
0.184313725490196);
#7539=COLOUR_RGB('Aluminum - Anodized Glossy (Grey)',0.537254901960784,
0.537254901960784,0.537254901960784);
#7540=COLOUR_RGB('Opaque(250,182,1)',0.980392156862745,0.713725490196078,
0.00392156862745098);
ENDSEC;
END-ISO-10303-21;
