ISO-10303-21;
HEADER;
/* Generated by software containing ST-Developer
 * from STEP Tools, Inc. (www.steptools.com) 
 */

FILE_DESCRIPTION(
/* description */ (''),
/* implementation_level */ '2;1');

FILE_NAME(
/* name */ 'InnerPlate.step',
/* time_stamp */ '2026-08-13T12:52:13-04:00',
/* author */ (''),
/* organization */ (''),
/* preprocessor_version */ 'ST-DEVELOPER v20.1',
/* originating_system */ 'Autodesk Translation Framework v15.8.0.0',
/* authorisation */ '');

FILE_SCHEMA (('AUTOMOTIVE_DESIGN { 1 0 10303 214 3 1 1 }'));
ENDSEC;

DATA;
#10=MECHANICAL_DESIGN_GEOMETRIC_PRESENTATION_REPRESENTATION('',(#17),#2768);
#11=ITEM_DEFINED_TRANSFORMATION($,$,#1556,#1712);
#12=(
REPRESENTATION_RELATIONSHIP($,$,#2779,#2778)
REPRESENTATION_RELATIONSHIP_WITH_TRANSFORMATION(#11)
SHAPE_REPRESENTATION_RELATIONSHIP()
);
#13=CONTEXT_DEPENDENT_SHAPE_REPRESENTATION(#12,#2777);
#14=NEXT_ASSEMBLY_USAGE_OCCURRENCE('Shin:1','Shin:1','Shin:1',#2781,#2782,
'Shin:1');
#15=SHAPE_REPRESENTATION_RELATIONSHIP('SRR','None',#2779,#16);
#16=ADVANCED_BREP_SHAPE_REPRESENTATION('',(#18),#2767);
#17=STYLED_ITEM('',(#2795),#18);
#18=MANIFOLD_SOLID_BREP('InnerShin',#1542);
#19=FACE_BOUND('',#189,.T.);
#20=FACE_BOUND('',#190,.T.);
#21=FACE_BOUND('',#191,.T.);
#22=FACE_BOUND('',#192,.T.);
#23=FACE_BOUND('',#193,.T.);
#24=FACE_BOUND('',#194,.T.);
#25=FACE_BOUND('',#195,.T.);
#26=FACE_BOUND('',#196,.T.);
#27=FACE_BOUND('',#197,.T.);
#28=FACE_BOUND('',#208,.T.);
#29=FACE_BOUND('',#209,.T.);
#30=FACE_BOUND('',#210,.T.);
#31=FACE_BOUND('',#211,.T.);
#32=FACE_BOUND('',#212,.T.);
#33=FACE_BOUND('',#213,.T.);
#34=FACE_BOUND('',#219,.T.);
#35=FACE_BOUND('',#220,.T.);
#36=FACE_BOUND('',#221,.T.);
#37=FACE_BOUND('',#222,.T.);
#38=FACE_BOUND('',#223,.T.);
#39=FACE_BOUND('',#224,.T.);
#40=FACE_BOUND('',#243,.T.);
#41=FACE_BOUND('',#244,.T.);
#42=FACE_BOUND('',#245,.T.);
#43=FACE_BOUND('',#246,.T.);
#44=FACE_BOUND('',#247,.T.);
#45=FACE_BOUND('',#248,.T.);
#46=FACE_BOUND('',#249,.T.);
#47=FACE_BOUND('',#250,.T.);
#48=FACE_BOUND('',#251,.T.);
#49=B_SPLINE_CURVE_WITH_KNOTS('',3,(#2223,#2224,#2225,#2226),
 .UNSPECIFIED.,.F.,.F.,(4,4),(0.,0.436332312998578),.UNSPECIFIED.);
#50=B_SPLINE_CURVE_WITH_KNOTS('',3,(#2231,#2232,#2233,#2234),
 .UNSPECIFIED.,.F.,.F.,(4,4),(0.,0.436332312998578),.UNSPECIFIED.);
#51=B_SPLINE_CURVE_WITH_KNOTS('',3,(#2240,#2241,#2242,#2243),
 .UNSPECIFIED.,.F.,.F.,(4,4),(0.,0.436332312998587),.UNSPECIFIED.);
#52=B_SPLINE_CURVE_WITH_KNOTS('',3,(#2285,#2286,#2287,#2288),
 .UNSPECIFIED.,.F.,.F.,(4,4),(0.,0.436332312998585),.UNSPECIFIED.);
#53=B_SPLINE_CURVE_WITH_KNOTS('',3,(#2293,#2294,#2295,#2296),
 .UNSPECIFIED.,.F.,.F.,(4,4),(0.,0.436332312998585),.UNSPECIFIED.);
#54=B_SPLINE_CURVE_WITH_KNOTS('',3,(#2302,#2303,#2304,#2305),
 .UNSPECIFIED.,.F.,.F.,(4,4),(0.,0.436332312998575),.UNSPECIFIED.);
#55=B_SPLINE_CURVE_WITH_KNOTS('',3,(#2391,#2392,#2393,#2394),
 .UNSPECIFIED.,.F.,.F.,(4,4),(0.,0.436332312998587),.UNSPECIFIED.);
#56=B_SPLINE_CURVE_WITH_KNOTS('',3,(#2417,#2418,#2419,#2420),
 .UNSPECIFIED.,.F.,.F.,(4,4),(0.,0.436332312998575),.UNSPECIFIED.);
#57=B_SPLINE_CURVE_WITH_KNOTS('',3,(#2435,#2436,#2437,#2438),
 .UNSPECIFIED.,.F.,.F.,(4,4),(-0.225348087256204,-0.201923195923707),
 .UNSPECIFIED.);
#58=B_SPLINE_CURVE_WITH_KNOTS('',3,(#2439,#2440,#2441,#2442),
 .UNSPECIFIED.,.F.,.F.,(4,4),(0.224537875730748,0.257369562065387),
 .UNSPECIFIED.);
#59=B_SPLINE_CURVE_WITH_KNOTS('',3,(#2463,#2464,#2465,#2466),
 .UNSPECIFIED.,.F.,.F.,(4,4),(0.201923195923707,0.225348087256204),
 .UNSPECIFIED.);
#60=B_SPLINE_CURVE_WITH_KNOTS('',3,(#2499,#2500,#2501,#2502),
 .UNSPECIFIED.,.F.,.F.,(4,4),(0.245763256335629,0.257775329990593),
 .UNSPECIFIED.);
#61=B_SPLINE_CURVE_WITH_KNOTS('',3,(#2503,#2504,#2505,#2506),
 .UNSPECIFIED.,.F.,.F.,(4,4),(0.206533321689671,0.220432491484296),
 .UNSPECIFIED.);
#62=B_SPLINE_CURVE_WITH_KNOTS('',3,(#2525,#2526,#2527,#2528),
 .UNSPECIFIED.,.F.,.F.,(4,4),(0.245763256335629,0.257775329990593),
 .UNSPECIFIED.);
#63=B_SPLINE_CURVE_WITH_KNOTS('',3,(#2535,#2536,#2537,#2538),
 .UNSPECIFIED.,.F.,.F.,(4,4),(-0.257369562065387,-0.224537875730748),
 .UNSPECIFIED.);
#64=B_SPLINE_CURVE_WITH_KNOTS('',3,(#2598,#2599,#2600,#2601),
 .UNSPECIFIED.,.F.,.F.,(4,4),(0.206533321689671,0.220432491484296),
 .UNSPECIFIED.);
#65=B_SPLINE_SURFACE_WITH_KNOTS('',3,3,((#2203,#2204,#2205,#2206),(#2207,
#2208,#2209,#2210),(#2211,#2212,#2213,#2214),(#2215,#2216,#2217,#2218)),
 .UNSPECIFIED.,.F.,.F.,.F.,(4,4),(4,4),(5.96216228138952,6.09055247899786),
(1.82698122579347E-17,0.200000000000001),.UNSPECIFIED.);
#66=B_SPLINE_SURFACE_WITH_KNOTS('',3,3,((#2265,#2266,#2267,#2268),(#2269,
#2270,#2271,#2272),(#2273,#2274,#2275,#2276),(#2277,#2278,#2279,#2280)),
 .UNSPECIFIED.,.F.,.F.,.F.,(4,4),(4,4),(2.7361360302895,2.86961638199193),
(-1.77635683940025E-15,0.199999999999999),.UNSPECIFIED.);
#67=B_SPLINE_SURFACE_WITH_KNOTS('',3,3,((#2443,#2444,#2445,#2446),(#2447,
#2448,#2449,#2450),(#2451,#2452,#2453,#2454),(#2455,#2456,#2457,#2458)),
 .UNSPECIFIED.,.F.,.F.,.F.,(4,4),(4,4),(3.2984055885874E-16,0.0371594182583623),
(-0.225348087256204,-0.201923195923707),.UNSPECIFIED.);
#68=B_SPLINE_SURFACE_WITH_KNOTS('',3,3,((#2507,#2508,#2509,#2510),(#2511,
#2512,#2513,#2514),(#2515,#2516,#2517,#2518),(#2519,#2520,#2521,#2522)),
 .UNSPECIFIED.,.F.,.F.,.F.,(4,4),(4,4),(-6.07473723716298E-17,0.0188517227879012),
(0.245763256335629,0.257775329990593),.UNSPECIFIED.);
#69=B_SPLINE_SURFACE_WITH_KNOTS('',3,3,((#2555,#2556,#2557,#2558),(#2559,
#2560,#2561,#2562),(#2563,#2564,#2565,#2566),(#2567,#2568,#2569,#2570)),
 .UNSPECIFIED.,.F.,.F.,.F.,(4,4),(4,4),(-6.03598450779659E-17,0.0519176518108488),
(0.224537875730748,0.257369562065387),.UNSPECIFIED.);
#70=B_SPLINE_SURFACE_WITH_KNOTS('',3,3,((#2582,#2583,#2584,#2585),(#2586,
#2587,#2588,#2589),(#2590,#2591,#2592,#2593),(#2594,#2595,#2596,#2597)),
 .UNSPECIFIED.,.F.,.F.,.F.,(4,4),(4,4),(-7.69941013150782E-36,0.0217118657274775),
(-0.220432491484296,-0.206533321689671),.UNSPECIFIED.);
#71=B_SPLINE_SURFACE_WITH_KNOTS('',3,3,((#2602,#2603,#2604,#2605),(#2606,
#2607,#2608,#2609),(#2610,#2611,#2612,#2613),(#2614,#2615,#2616,#2617)),
 .UNSPECIFIED.,.F.,.F.,.F.,(4,4),(4,4),(1.4234553784147,1.55255919330955),
(-2.72100941915399E-32,0.199999999999999),.UNSPECIFIED.);
#72=B_SPLINE_SURFACE_WITH_KNOTS('',3,3,((#2745,#2746,#2747,#2748),(#2749,
#2750,#2751,#2752),(#2753,#2754,#2755,#2756),(#2757,#2758,#2759,#2760)),
 .UNSPECIFIED.,.F.,.F.,.F.,(4,4),(4,4),(2.95052485631716,3.0830743038275),
(8.49993300813749E-16,0.200000000000001),.UNSPECIFIED.);
#73=PLANE('',#1575);
#74=PLANE('',#1579);
#75=PLANE('',#1580);
#76=PLANE('',#1584);
#77=PLANE('',#1585);
#78=PLANE('',#1586);
#79=PLANE('',#1611);
#80=PLANE('',#1613);
#81=PLANE('',#1614);
#82=PLANE('',#1617);
#83=PLANE('',#1623);
#84=PLANE('',#1635);
#85=PLANE('',#1644);
#86=PLANE('',#1655);
#87=PLANE('',#1661);
#88=PLANE('',#1662);
#89=PLANE('',#1689);
#90=PLANE('',#1693);
#91=PLANE('',#1704);
#92=PLANE('',#1708);
#93=PLANE('',#1709);
#94=FACE_OUTER_BOUND('',#173,.T.);
#95=FACE_OUTER_BOUND('',#174,.T.);
#96=FACE_OUTER_BOUND('',#175,.T.);
#97=FACE_OUTER_BOUND('',#176,.T.);
#98=FACE_OUTER_BOUND('',#177,.T.);
#99=FACE_OUTER_BOUND('',#178,.T.);
#100=FACE_OUTER_BOUND('',#179,.T.);
#101=FACE_OUTER_BOUND('',#180,.T.);
#102=FACE_OUTER_BOUND('',#181,.T.);
#103=FACE_OUTER_BOUND('',#182,.T.);
#104=FACE_OUTER_BOUND('',#183,.T.);
#105=FACE_OUTER_BOUND('',#184,.T.);
#106=FACE_OUTER_BOUND('',#185,.T.);
#107=FACE_OUTER_BOUND('',#186,.T.);
#108=FACE_OUTER_BOUND('',#187,.T.);
#109=FACE_OUTER_BOUND('',#188,.T.);
#110=FACE_OUTER_BOUND('',#198,.T.);
#111=FACE_OUTER_BOUND('',#199,.T.);
#112=FACE_OUTER_BOUND('',#200,.T.);
#113=FACE_OUTER_BOUND('',#201,.T.);
#114=FACE_OUTER_BOUND('',#202,.T.);
#115=FACE_OUTER_BOUND('',#203,.T.);
#116=FACE_OUTER_BOUND('',#204,.T.);
#117=FACE_OUTER_BOUND('',#205,.T.);
#118=FACE_OUTER_BOUND('',#206,.T.);
#119=FACE_OUTER_BOUND('',#207,.T.);
#120=FACE_OUTER_BOUND('',#214,.T.);
#121=FACE_OUTER_BOUND('',#215,.T.);
#122=FACE_OUTER_BOUND('',#216,.T.);
#123=FACE_OUTER_BOUND('',#217,.T.);
#124=FACE_OUTER_BOUND('',#218,.T.);
#125=FACE_OUTER_BOUND('',#225,.T.);
#126=FACE_OUTER_BOUND('',#226,.T.);
#127=FACE_OUTER_BOUND('',#227,.T.);
#128=FACE_OUTER_BOUND('',#228,.T.);
#129=FACE_OUTER_BOUND('',#229,.T.);
#130=FACE_OUTER_BOUND('',#230,.T.);
#131=FACE_OUTER_BOUND('',#231,.T.);
#132=FACE_OUTER_BOUND('',#232,.T.);
#133=FACE_OUTER_BOUND('',#233,.T.);
#134=FACE_OUTER_BOUND('',#234,.T.);
#135=FACE_OUTER_BOUND('',#235,.T.);
#136=FACE_OUTER_BOUND('',#236,.T.);
#137=FACE_OUTER_BOUND('',#237,.T.);
#138=FACE_OUTER_BOUND('',#238,.T.);
#139=FACE_OUTER_BOUND('',#239,.T.);
#140=FACE_OUTER_BOUND('',#240,.T.);
#141=FACE_OUTER_BOUND('',#241,.T.);
#142=FACE_OUTER_BOUND('',#242,.T.);
#143=FACE_OUTER_BOUND('',#252,.T.);
#144=FACE_OUTER_BOUND('',#253,.T.);
#145=FACE_OUTER_BOUND('',#254,.T.);
#146=FACE_OUTER_BOUND('',#255,.T.);
#147=FACE_OUTER_BOUND('',#256,.T.);
#148=FACE_OUTER_BOUND('',#257,.T.);
#149=FACE_OUTER_BOUND('',#258,.T.);
#150=FACE_OUTER_BOUND('',#259,.T.);
#151=FACE_OUTER_BOUND('',#260,.T.);
#152=FACE_OUTER_BOUND('',#261,.T.);
#153=FACE_OUTER_BOUND('',#262,.T.);
#154=FACE_OUTER_BOUND('',#263,.T.);
#155=FACE_OUTER_BOUND('',#264,.T.);
#156=FACE_OUTER_BOUND('',#265,.T.);
#157=FACE_OUTER_BOUND('',#266,.T.);
#158=FACE_OUTER_BOUND('',#267,.T.);
#159=FACE_OUTER_BOUND('',#268,.T.);
#160=FACE_OUTER_BOUND('',#269,.T.);
#161=FACE_OUTER_BOUND('',#270,.T.);
#162=FACE_OUTER_BOUND('',#271,.T.);
#163=FACE_OUTER_BOUND('',#272,.T.);
#164=FACE_OUTER_BOUND('',#273,.T.);
#165=FACE_OUTER_BOUND('',#274,.T.);
#166=FACE_OUTER_BOUND('',#275,.T.);
#167=FACE_OUTER_BOUND('',#276,.T.);
#168=FACE_OUTER_BOUND('',#277,.T.);
#169=FACE_OUTER_BOUND('',#278,.T.);
#170=FACE_OUTER_BOUND('',#279,.T.);
#171=FACE_OUTER_BOUND('',#280,.T.);
#172=FACE_OUTER_BOUND('',#281,.T.);
#173=EDGE_LOOP('',(#971,#972,#973,#974));
#174=EDGE_LOOP('',(#975,#976,#977,#978));
#175=EDGE_LOOP('',(#979,#980,#981,#982));
#176=EDGE_LOOP('',(#983,#984,#985,#986));
#177=EDGE_LOOP('',(#987,#988,#989,#990));
#178=EDGE_LOOP('',(#991,#992,#993,#994));
#179=EDGE_LOOP('',(#995,#996,#997,#998,#999,#1000,#1001));
#180=EDGE_LOOP('',(#1002,#1003,#1004,#1005,#1006,#1007));
#181=EDGE_LOOP('',(#1008,#1009,#1010,#1011));
#182=EDGE_LOOP('',(#1012,#1013,#1014,#1015,#1016));
#183=EDGE_LOOP('',(#1017,#1018,#1019,#1020,#1021,#1022));
#184=EDGE_LOOP('',(#1023,#1024,#1025,#1026,#1027,#1028));
#185=EDGE_LOOP('',(#1029,#1030,#1031,#1032));
#186=EDGE_LOOP('',(#1033,#1034,#1035,#1036,#1037));
#187=EDGE_LOOP('',(#1038,#1039,#1040,#1041,#1042));
#188=EDGE_LOOP('',(#1043,#1044,#1045,#1046,#1047,#1048,#1049,#1050,#1051,
#1052));
#189=EDGE_LOOP('',(#1053));
#190=EDGE_LOOP('',(#1054));
#191=EDGE_LOOP('',(#1055));
#192=EDGE_LOOP('',(#1056));
#193=EDGE_LOOP('',(#1057));
#194=EDGE_LOOP('',(#1058));
#195=EDGE_LOOP('',(#1059));
#196=EDGE_LOOP('',(#1060));
#197=EDGE_LOOP('',(#1061,#1062,#1063,#1064,#1065,#1066,#1067,#1068,#1069,
#1070,#1071,#1072,#1073,#1074,#1075,#1076));
#198=EDGE_LOOP('',(#1077,#1078,#1079,#1080,#1081));
#199=EDGE_LOOP('',(#1082,#1083,#1084,#1085));
#200=EDGE_LOOP('',(#1086,#1087,#1088,#1089,#1090));
#201=EDGE_LOOP('',(#1091,#1092,#1093,#1094,#1095,#1096,#1097));
#202=EDGE_LOOP('',(#1098,#1099,#1100,#1101,#1102));
#203=EDGE_LOOP('',(#1103,#1104,#1105,#1106));
#204=EDGE_LOOP('',(#1107,#1108,#1109,#1110,#1111));
#205=EDGE_LOOP('',(#1112,#1113,#1114,#1115));
#206=EDGE_LOOP('',(#1116,#1117,#1118,#1119,#1120,#1121));
#207=EDGE_LOOP('',(#1122,#1123,#1124,#1125,#1126,#1127,#1128,#1129,#1130,
#1131));
#208=EDGE_LOOP('',(#1132));
#209=EDGE_LOOP('',(#1133));
#210=EDGE_LOOP('',(#1134));
#211=EDGE_LOOP('',(#1135));
#212=EDGE_LOOP('',(#1136));
#213=EDGE_LOOP('',(#1137));
#214=EDGE_LOOP('',(#1138,#1139,#1140,#1141,#1142));
#215=EDGE_LOOP('',(#1143,#1144,#1145,#1146));
#216=EDGE_LOOP('',(#1147,#1148,#1149,#1150,#1151,#1152));
#217=EDGE_LOOP('',(#1153,#1154,#1155,#1156));
#218=EDGE_LOOP('',(#1157,#1158,#1159,#1160,#1161,#1162,#1163,#1164,#1165,
#1166));
#219=EDGE_LOOP('',(#1167));
#220=EDGE_LOOP('',(#1168));
#221=EDGE_LOOP('',(#1169));
#222=EDGE_LOOP('',(#1170));
#223=EDGE_LOOP('',(#1171));
#224=EDGE_LOOP('',(#1172));
#225=EDGE_LOOP('',(#1173,#1174,#1175,#1176,#1177));
#226=EDGE_LOOP('',(#1178,#1179,#1180,#1181,#1182,#1183));
#227=EDGE_LOOP('',(#1184,#1185,#1186,#1187,#1188,#1189));
#228=EDGE_LOOP('',(#1190,#1191,#1192,#1193,#1194));
#229=EDGE_LOOP('',(#1195,#1196,#1197,#1198,#1199));
#230=EDGE_LOOP('',(#1200,#1201,#1202,#1203));
#231=EDGE_LOOP('',(#1204,#1205,#1206,#1207,#1208,#1209));
#232=EDGE_LOOP('',(#1210,#1211,#1212,#1213,#1214,#1215));
#233=EDGE_LOOP('',(#1216,#1217,#1218,#1219));
#234=EDGE_LOOP('',(#1220,#1221,#1222,#1223));
#235=EDGE_LOOP('',(#1224,#1225,#1226,#1227));
#236=EDGE_LOOP('',(#1228,#1229,#1230,#1231,#1232));
#237=EDGE_LOOP('',(#1233,#1234,#1235,#1236,#1237));
#238=EDGE_LOOP('',(#1238,#1239,#1240,#1241));
#239=EDGE_LOOP('',(#1242,#1243,#1244,#1245));
#240=EDGE_LOOP('',(#1246,#1247,#1248,#1249));
#241=EDGE_LOOP('',(#1250,#1251,#1252,#1253));
#242=EDGE_LOOP('',(#1254,#1255,#1256,#1257,#1258,#1259,#1260,#1261,#1262,
#1263));
#243=EDGE_LOOP('',(#1264,#1265,#1266,#1267,#1268,#1269,#1270,#1271,#1272,
#1273,#1274,#1275,#1276,#1277,#1278,#1279));
#244=EDGE_LOOP('',(#1280));
#245=EDGE_LOOP('',(#1281));
#246=EDGE_LOOP('',(#1282));
#247=EDGE_LOOP('',(#1283));
#248=EDGE_LOOP('',(#1284));
#249=EDGE_LOOP('',(#1285));
#250=EDGE_LOOP('',(#1286));
#251=EDGE_LOOP('',(#1287));
#252=EDGE_LOOP('',(#1288,#1289,#1290,#1291));
#253=EDGE_LOOP('',(#1292,#1293,#1294,#1295));
#254=EDGE_LOOP('',(#1296,#1297,#1298,#1299));
#255=EDGE_LOOP('',(#1300,#1301,#1302,#1303));
#256=EDGE_LOOP('',(#1304,#1305,#1306,#1307));
#257=EDGE_LOOP('',(#1308,#1309,#1310,#1311));
#258=EDGE_LOOP('',(#1312,#1313,#1314,#1315));
#259=EDGE_LOOP('',(#1316,#1317,#1318,#1319));
#260=EDGE_LOOP('',(#1320,#1321,#1322,#1323));
#261=EDGE_LOOP('',(#1324,#1325,#1326,#1327));
#262=EDGE_LOOP('',(#1328,#1329,#1330,#1331));
#263=EDGE_LOOP('',(#1332,#1333,#1334,#1335));
#264=EDGE_LOOP('',(#1336,#1337,#1338,#1339));
#265=EDGE_LOOP('',(#1340,#1341,#1342,#1343));
#266=EDGE_LOOP('',(#1344,#1345,#1346,#1347));
#267=EDGE_LOOP('',(#1348,#1349,#1350,#1351));
#268=EDGE_LOOP('',(#1352,#1353,#1354,#1355));
#269=EDGE_LOOP('',(#1356,#1357,#1358,#1359));
#270=EDGE_LOOP('',(#1360,#1361,#1362,#1363));
#271=EDGE_LOOP('',(#1364,#1365,#1366,#1367));
#272=EDGE_LOOP('',(#1368,#1369,#1370,#1371));
#273=EDGE_LOOP('',(#1372,#1373,#1374,#1375));
#274=EDGE_LOOP('',(#1376,#1377,#1378,#1379,#1380));
#275=EDGE_LOOP('',(#1381,#1382,#1383,#1384));
#276=EDGE_LOOP('',(#1385,#1386,#1387,#1388,#1389));
#277=EDGE_LOOP('',(#1390,#1391,#1392,#1393));
#278=EDGE_LOOP('',(#1394,#1395,#1396,#1397,#1398));
#279=EDGE_LOOP('',(#1399,#1400,#1401,#1402));
#280=EDGE_LOOP('',(#1403,#1404,#1405,#1406,#1407,#1408));
#281=EDGE_LOOP('',(#1409,#1410,#1411,#1412));
#282=LINE('',#2156,#403);
#283=LINE('',#2162,#404);
#284=LINE('',#2168,#405);
#285=LINE('',#2174,#406);
#286=LINE('',#2180,#407);
#287=LINE('',#2186,#408);
#288=LINE('',#2191,#409);
#289=LINE('',#2193,#410);
#290=LINE('',#2197,#411);
#291=LINE('',#2201,#412);
#292=LINE('',#2202,#413);
#293=LINE('',#2221,#414);
#294=LINE('',#2228,#415);
#295=LINE('',#2230,#416);
#296=LINE('',#2235,#417);
#297=LINE('',#2238,#418);
#298=LINE('',#2244,#419);
#299=LINE('',#2247,#420);
#300=LINE('',#2248,#421);
#301=LINE('',#2250,#422);
#302=LINE('',#2251,#423);
#303=LINE('',#2255,#424);
#304=LINE('',#2257,#425);
#305=LINE('',#2261,#426);
#306=LINE('',#2264,#427);
#307=LINE('',#2283,#428);
#308=LINE('',#2290,#429);
#309=LINE('',#2292,#430);
#310=LINE('',#2297,#431);
#311=LINE('',#2300,#432);
#312=LINE('',#2306,#433);
#313=LINE('',#2309,#434);
#314=LINE('',#2310,#435);
#315=LINE('',#2312,#436);
#316=LINE('',#2313,#437);
#317=LINE('',#2316,#438);
#318=LINE('',#2317,#439);
#319=LINE('',#2320,#440);
#320=LINE('',#2327,#441);
#321=LINE('',#2329,#442);
#322=LINE('',#2332,#443);
#323=LINE('',#2353,#444);
#324=LINE('',#2361,#445);
#325=LINE('',#2369,#446);
#326=LINE('',#2377,#447);
#327=LINE('',#2384,#448);
#328=LINE('',#2386,#449);
#329=LINE('',#2387,#450);
#330=LINE('',#2388,#451);
#331=LINE('',#2390,#452);
#332=LINE('',#2397,#453);
#333=LINE('',#2398,#454);
#334=LINE('',#2401,#455);
#335=LINE('',#2405,#456);
#336=LINE('',#2410,#457);
#337=LINE('',#2412,#458);
#338=LINE('',#2413,#459);
#339=LINE('',#2414,#460);
#340=LINE('',#2416,#461);
#341=LINE('',#2424,#462);
#342=LINE('',#2426,#463);
#343=LINE('',#2430,#464);
#344=LINE('',#2434,#465);
#345=LINE('',#2461,#466);
#346=LINE('',#2468,#467);
#347=LINE('',#2469,#468);
#348=LINE('',#2470,#469);
#349=LINE('',#2472,#470);
#350=LINE('',#2484,#471);
#351=LINE('',#2491,#472);
#352=LINE('',#2492,#473);
#353=LINE('',#2494,#474);
#354=LINE('',#2498,#475);
#355=LINE('',#2524,#476);
#356=LINE('',#2530,#477);
#357=LINE('',#2531,#478);
#358=LINE('',#2532,#479);
#359=LINE('',#2539,#480);
#360=LINE('',#2572,#481);
#361=LINE('',#2573,#482);
#362=LINE('',#2576,#483);
#363=LINE('',#2577,#484);
#364=LINE('',#2579,#485);
#365=LINE('',#2581,#486);
#366=LINE('',#2621,#487);
#367=LINE('',#2625,#488);
#368=LINE('',#2629,#489);
#369=LINE('',#2631,#490);
#370=LINE('',#2633,#491);
#371=LINE('',#2635,#492);
#372=LINE('',#2639,#493);
#373=LINE('',#2642,#494);
#374=LINE('',#2645,#495);
#375=LINE('',#2646,#496);
#376=LINE('',#2649,#497);
#377=LINE('',#2656,#498);
#378=LINE('',#2664,#499);
#379=LINE('',#2672,#500);
#380=LINE('',#2695,#501);
#381=LINE('',#2696,#502);
#382=LINE('',#2698,#503);
#383=LINE('',#2700,#504);
#384=LINE('',#2701,#505);
#385=LINE('',#2704,#506);
#386=LINE('',#2706,#507);
#387=LINE('',#2707,#508);
#388=LINE('',#2710,#509);
#389=LINE('',#2713,#510);
#390=LINE('',#2714,#511);
#391=LINE('',#2717,#512);
#392=LINE('',#2718,#513);
#393=LINE('',#2721,#514);
#394=LINE('',#2723,#515);
#395=LINE('',#2725,#516);
#396=LINE('',#2727,#517);
#397=LINE('',#2729,#518);
#398=LINE('',#2731,#519);
#399=LINE('',#2733,#520);
#400=LINE('',#2735,#521);
#401=LINE('',#2740,#522);
#402=LINE('',#2743,#523);
#403=VECTOR('',#1721,2.15);
#404=VECTOR('',#1728,2.15);
#405=VECTOR('',#1735,2.15);
#406=VECTOR('',#1742,2.15);
#407=VECTOR('',#1749,2.15);
#408=VECTOR('',#1756,2.15);
#409=VECTOR('',#1761,10.);
#410=VECTOR('',#1762,10.);
#411=VECTOR('',#1765,10.);
#412=VECTOR('',#1768,10.);
#413=VECTOR('',#1769,10.);
#414=VECTOR('',#1770,10.);
#415=VECTOR('',#1771,10.);
#416=VECTOR('',#1772,10.);
#417=VECTOR('',#1773,10.);
#418=VECTOR('',#1776,10.);
#419=VECTOR('',#1777,10.);
#420=VECTOR('',#1780,10.);
#421=VECTOR('',#1781,10.);
#422=VECTOR('',#1782,10.);
#423=VECTOR('',#1783,10.);
#424=VECTOR('',#1786,10.);
#425=VECTOR('',#1787,10.);
#426=VECTOR('',#1790,10.);
#427=VECTOR('',#1793,10.);
#428=VECTOR('',#1794,10.);
#429=VECTOR('',#1795,10.);
#430=VECTOR('',#1796,10.);
#431=VECTOR('',#1797,10.);
#432=VECTOR('',#1800,10.);
#433=VECTOR('',#1801,10.);
#434=VECTOR('',#1804,10.);
#435=VECTOR('',#1805,10.);
#436=VECTOR('',#1806,10.);
#437=VECTOR('',#1807,10.);
#438=VECTOR('',#1810,10.);
#439=VECTOR('',#1811,10.);
#440=VECTOR('',#1814,10.);
#441=VECTOR('',#1821,10.);
#442=VECTOR('',#1822,10.);
#443=VECTOR('',#1825,10.);
#444=VECTOR('',#1844,10.);
#445=VECTOR('',#1851,10.);
#446=VECTOR('',#1858,10.);
#447=VECTOR('',#1865,10.);
#448=VECTOR('',#1872,10.);
#449=VECTOR('',#1873,10.);
#450=VECTOR('',#1874,10.);
#451=VECTOR('',#1875,10.);
#452=VECTOR('',#1878,10.);
#453=VECTOR('',#1881,10.);
#454=VECTOR('',#1882,10.);
#455=VECTOR('',#1885,10.);
#456=VECTOR('',#1888,10.);
#457=VECTOR('',#1893,10.);
#458=VECTOR('',#1894,10.);
#459=VECTOR('',#1895,10.);
#460=VECTOR('',#1896,10.);
#461=VECTOR('',#1899,10.);
#462=VECTOR('',#1902,10.);
#463=VECTOR('',#1903,10.);
#464=VECTOR('',#1906,10.);
#465=VECTOR('',#1911,10.);
#466=VECTOR('',#1912,10.);
#467=VECTOR('',#1913,10.);
#468=VECTOR('',#1914,10.);
#469=VECTOR('',#1915,10.);
#470=VECTOR('',#1918,10.);
#471=VECTOR('',#1929,10.);
#472=VECTOR('',#1936,10.);
#473=VECTOR('',#1937,10.);
#474=VECTOR('',#1938,10.);
#475=VECTOR('',#1943,10.);
#476=VECTOR('',#1944,10.);
#477=VECTOR('',#1945,10.);
#478=VECTOR('',#1946,10.);
#479=VECTOR('',#1947,10.);
#480=VECTOR('',#1950,10.);
#481=VECTOR('',#1973,10.);
#482=VECTOR('',#1974,10.);
#483=VECTOR('',#1977,10.);
#484=VECTOR('',#1978,10.);
#485=VECTOR('',#1981,10.);
#486=VECTOR('',#1984,10.);
#487=VECTOR('',#1989,10.);
#488=VECTOR('',#1994,10.);
#489=VECTOR('',#1999,10.);
#490=VECTOR('',#2002,10.);
#491=VECTOR('',#2005,10.);
#492=VECTOR('',#2008,10.);
#493=VECTOR('',#2013,10.);
#494=VECTOR('',#2016,10.);
#495=VECTOR('',#2019,10.);
#496=VECTOR('',#2020,10.);
#497=VECTOR('',#2023,10.);
#498=VECTOR('',#2030,10.);
#499=VECTOR('',#2037,10.);
#500=VECTOR('',#2044,10.);
#501=VECTOR('',#2069,10.);
#502=VECTOR('',#2070,10.);
#503=VECTOR('',#2073,10.);
#504=VECTOR('',#2076,10.);
#505=VECTOR('',#2077,10.);
#506=VECTOR('',#2082,10.);
#507=VECTOR('',#2085,10.);
#508=VECTOR('',#2086,10.);
#509=VECTOR('',#2091,10.);
#510=VECTOR('',#2096,10.);
#511=VECTOR('',#2097,10.);
#512=VECTOR('',#2102,10.);
#513=VECTOR('',#2103,10.);
#514=VECTOR('',#2108,1.6);
#515=VECTOR('',#2111,1.6);
#516=VECTOR('',#2114,1.6);
#517=VECTOR('',#2117,2.20000000000001);
#518=VECTOR('',#2120,2.19999999999999);
#519=VECTOR('',#2123,1.6);
#520=VECTOR('',#2126,1.6);
#521=VECTOR('',#2129,1.6);
#522=VECTOR('',#2138,10.);
#523=VECTOR('',#2143,10.);
#524=CIRCLE('',#1558,2.15);
#525=CIRCLE('',#1559,2.15);
#526=CIRCLE('',#1561,2.15);
#527=CIRCLE('',#1562,2.15);
#528=CIRCLE('',#1564,2.15);
#529=CIRCLE('',#1565,2.15);
#530=CIRCLE('',#1567,2.15);
#531=CIRCLE('',#1568,2.15);
#532=CIRCLE('',#1570,2.15);
#533=CIRCLE('',#1571,2.15);
#534=CIRCLE('',#1573,2.15);
#535=CIRCLE('',#1574,2.15);
#536=CIRCLE('',#1576,92.1155291352456);
#537=CIRCLE('',#1577,106.091099604093);
#538=CIRCLE('',#1581,38.5225434941969);
#539=CIRCLE('',#1582,53.8221558285545);
#540=CIRCLE('',#1587,1.43137882435191);
#541=CIRCLE('',#1588,59.0000003880709);
#542=CIRCLE('',#1589,1.57399594029203);
#543=CIRCLE('',#1590,42.9999999915628);
#544=CIRCLE('',#1591,1.6);
#545=CIRCLE('',#1592,1.6);
#546=CIRCLE('',#1593,1.6);
#547=CIRCLE('',#1594,2.20000000000001);
#548=CIRCLE('',#1595,2.19999999999999);
#549=CIRCLE('',#1596,1.6);
#550=CIRCLE('',#1597,1.6);
#551=CIRCLE('',#1598,1.6);
#552=CIRCLE('',#1599,2.5);
#553=CIRCLE('',#1600,2.5);
#554=CIRCLE('',#1601,39.5);
#555=CIRCLE('',#1602,2.5);
#556=CIRCLE('',#1603,2.5);
#557=CIRCLE('',#1604,33.);
#558=CIRCLE('',#1605,2.5);
#559=CIRCLE('',#1606,2.5);
#560=CIRCLE('',#1607,39.5);
#561=CIRCLE('',#1608,2.5);
#562=CIRCLE('',#1609,2.5);
#563=CIRCLE('',#1610,33.);
#564=CIRCLE('',#1615,106.091099604093);
#565=CIRCLE('',#1616,92.1155291352456);
#566=CIRCLE('',#1620,38.5225434941969);
#567=CIRCLE('',#1621,38.5225434941969);
#568=CIRCLE('',#1624,53.8221558285545);
#569=CIRCLE('',#1625,2.80595483348864);
#570=CIRCLE('',#1626,27.5);
#571=CIRCLE('',#1627,2.03585375303628);
#572=CIRCLE('',#1628,92.1155291352456);
#573=CIRCLE('',#1629,106.091099604094);
#574=CIRCLE('',#1630,27.5);
#575=CIRCLE('',#1632,92.1155291352456);
#576=CIRCLE('',#1636,27.5);
#577=CIRCLE('',#1637,106.091099604094);
#578=CIRCLE('',#1638,2.03585375303628);
#579=CIRCLE('',#1639,27.5);
#580=CIRCLE('',#1640,2.80595483348864);
#581=CIRCLE('',#1641,53.8221558285545);
#582=CIRCLE('',#1643,53.8221558285545);
#583=CIRCLE('',#1645,38.5225434941969);
#584=CIRCLE('',#1650,1.43137882435191);
#585=CIRCLE('',#1652,59.0000003880709);
#586=CIRCLE('',#1654,1.57399594029203);
#587=CIRCLE('',#1660,2.5);
#588=CIRCLE('',#1663,42.9999999915628);
#589=CIRCLE('',#1664,33.);
#590=CIRCLE('',#1665,2.5);
#591=CIRCLE('',#1666,2.5);
#592=CIRCLE('',#1667,39.5);
#593=CIRCLE('',#1668,2.5);
#594=CIRCLE('',#1669,2.5);
#595=CIRCLE('',#1670,33.);
#596=CIRCLE('',#1671,2.5);
#597=CIRCLE('',#1672,2.5);
#598=CIRCLE('',#1673,39.5);
#599=CIRCLE('',#1674,2.5);
#600=CIRCLE('',#1675,1.6);
#601=CIRCLE('',#1676,1.6);
#602=CIRCLE('',#1677,1.6);
#603=CIRCLE('',#1678,2.19999999999999);
#604=CIRCLE('',#1679,2.20000000000001);
#605=CIRCLE('',#1680,1.6);
#606=CIRCLE('',#1681,1.6);
#607=CIRCLE('',#1682,1.6);
#608=VERTEX_POINT('',#2153);
#609=VERTEX_POINT('',#2155);
#610=VERTEX_POINT('',#2159);
#611=VERTEX_POINT('',#2161);
#612=VERTEX_POINT('',#2165);
#613=VERTEX_POINT('',#2167);
#614=VERTEX_POINT('',#2171);
#615=VERTEX_POINT('',#2173);
#616=VERTEX_POINT('',#2177);
#617=VERTEX_POINT('',#2179);
#618=VERTEX_POINT('',#2183);
#619=VERTEX_POINT('',#2185);
#620=VERTEX_POINT('',#2189);
#621=VERTEX_POINT('',#2190);
#622=VERTEX_POINT('',#2192);
#623=VERTEX_POINT('',#2194);
#624=VERTEX_POINT('',#2196);
#625=VERTEX_POINT('',#2198);
#626=VERTEX_POINT('',#2200);
#627=VERTEX_POINT('',#2219);
#628=VERTEX_POINT('',#2220);
#629=VERTEX_POINT('',#2222);
#630=VERTEX_POINT('',#2227);
#631=VERTEX_POINT('',#2229);
#632=VERTEX_POINT('',#2237);
#633=VERTEX_POINT('',#2239);
#634=VERTEX_POINT('',#2246);
#635=VERTEX_POINT('',#2249);
#636=VERTEX_POINT('',#2253);
#637=VERTEX_POINT('',#2254);
#638=VERTEX_POINT('',#2256);
#639=VERTEX_POINT('',#2258);
#640=VERTEX_POINT('',#2260);
#641=VERTEX_POINT('',#2262);
#642=VERTEX_POINT('',#2281);
#643=VERTEX_POINT('',#2282);
#644=VERTEX_POINT('',#2284);
#645=VERTEX_POINT('',#2289);
#646=VERTEX_POINT('',#2291);
#647=VERTEX_POINT('',#2299);
#648=VERTEX_POINT('',#2301);
#649=VERTEX_POINT('',#2308);
#650=VERTEX_POINT('',#2311);
#651=VERTEX_POINT('',#2315);
#652=VERTEX_POINT('',#2319);
#653=VERTEX_POINT('',#2321);
#654=VERTEX_POINT('',#2323);
#655=VERTEX_POINT('',#2325);
#656=VERTEX_POINT('',#2328);
#657=VERTEX_POINT('',#2330);
#658=VERTEX_POINT('',#2333);
#659=VERTEX_POINT('',#2335);
#660=VERTEX_POINT('',#2337);
#661=VERTEX_POINT('',#2339);
#662=VERTEX_POINT('',#2341);
#663=VERTEX_POINT('',#2343);
#664=VERTEX_POINT('',#2345);
#665=VERTEX_POINT('',#2347);
#666=VERTEX_POINT('',#2349);
#667=VERTEX_POINT('',#2350);
#668=VERTEX_POINT('',#2352);
#669=VERTEX_POINT('',#2354);
#670=VERTEX_POINT('',#2356);
#671=VERTEX_POINT('',#2358);
#672=VERTEX_POINT('',#2360);
#673=VERTEX_POINT('',#2362);
#674=VERTEX_POINT('',#2364);
#675=VERTEX_POINT('',#2366);
#676=VERTEX_POINT('',#2368);
#677=VERTEX_POINT('',#2370);
#678=VERTEX_POINT('',#2372);
#679=VERTEX_POINT('',#2374);
#680=VERTEX_POINT('',#2376);
#681=VERTEX_POINT('',#2378);
#682=VERTEX_POINT('',#2382);
#683=VERTEX_POINT('',#2383);
#684=VERTEX_POINT('',#2385);
#685=VERTEX_POINT('',#2396);
#686=VERTEX_POINT('',#2400);
#687=VERTEX_POINT('',#2402);
#688=VERTEX_POINT('',#2404);
#689=VERTEX_POINT('',#2408);
#690=VERTEX_POINT('',#2409);
#691=VERTEX_POINT('',#2411);
#692=VERTEX_POINT('',#2422);
#693=VERTEX_POINT('',#2423);
#694=VERTEX_POINT('',#2425);
#695=VERTEX_POINT('',#2427);
#696=VERTEX_POINT('',#2429);
#697=VERTEX_POINT('',#2433);
#698=VERTEX_POINT('',#2459);
#699=VERTEX_POINT('',#2460);
#700=VERTEX_POINT('',#2462);
#701=VERTEX_POINT('',#2467);
#702=VERTEX_POINT('',#2473);
#703=VERTEX_POINT('',#2475);
#704=VERTEX_POINT('',#2477);
#705=VERTEX_POINT('',#2479);
#706=VERTEX_POINT('',#2481);
#707=VERTEX_POINT('',#2483);
#708=VERTEX_POINT('',#2485);
#709=VERTEX_POINT('',#2489);
#710=VERTEX_POINT('',#2490);
#711=VERTEX_POINT('',#2493);
#712=VERTEX_POINT('',#2497);
#713=VERTEX_POINT('',#2523);
#714=VERTEX_POINT('',#2529);
#715=VERTEX_POINT('',#2534);
#716=VERTEX_POINT('',#2541);
#717=VERTEX_POINT('',#2544);
#718=VERTEX_POINT('',#2546);
#719=VERTEX_POINT('',#2548);
#720=VERTEX_POINT('',#2571);
#721=VERTEX_POINT('',#2575);
#722=VERTEX_POINT('',#2619);
#723=VERTEX_POINT('',#2623);
#724=VERTEX_POINT('',#2627);
#725=VERTEX_POINT('',#2638);
#726=VERTEX_POINT('',#2640);
#727=VERTEX_POINT('',#2644);
#728=VERTEX_POINT('',#2648);
#729=VERTEX_POINT('',#2651);
#730=VERTEX_POINT('',#2653);
#731=VERTEX_POINT('',#2655);
#732=VERTEX_POINT('',#2657);
#733=VERTEX_POINT('',#2659);
#734=VERTEX_POINT('',#2661);
#735=VERTEX_POINT('',#2663);
#736=VERTEX_POINT('',#2665);
#737=VERTEX_POINT('',#2667);
#738=VERTEX_POINT('',#2669);
#739=VERTEX_POINT('',#2671);
#740=VERTEX_POINT('',#2673);
#741=VERTEX_POINT('',#2675);
#742=VERTEX_POINT('',#2678);
#743=VERTEX_POINT('',#2680);
#744=VERTEX_POINT('',#2682);
#745=VERTEX_POINT('',#2684);
#746=VERTEX_POINT('',#2686);
#747=VERTEX_POINT('',#2688);
#748=VERTEX_POINT('',#2690);
#749=VERTEX_POINT('',#2692);
#750=EDGE_CURVE('',#608,#608,#524,.T.);
#751=EDGE_CURVE('',#608,#609,#282,.T.);
#752=EDGE_CURVE('',#609,#609,#525,.T.);
#753=EDGE_CURVE('',#610,#610,#526,.T.);
#754=EDGE_CURVE('',#610,#611,#283,.T.);
#755=EDGE_CURVE('',#611,#611,#527,.T.);
#756=EDGE_CURVE('',#612,#612,#528,.T.);
#757=EDGE_CURVE('',#612,#613,#284,.T.);
#758=EDGE_CURVE('',#613,#613,#529,.T.);
#759=EDGE_CURVE('',#614,#614,#530,.T.);
#760=EDGE_CURVE('',#614,#615,#285,.T.);
#761=EDGE_CURVE('',#615,#615,#531,.T.);
#762=EDGE_CURVE('',#616,#616,#532,.T.);
#763=EDGE_CURVE('',#616,#617,#286,.T.);
#764=EDGE_CURVE('',#617,#617,#533,.T.);
#765=EDGE_CURVE('',#618,#618,#534,.T.);
#766=EDGE_CURVE('',#618,#619,#287,.T.);
#767=EDGE_CURVE('',#619,#619,#535,.T.);
#768=EDGE_CURVE('',#620,#621,#288,.T.);
#769=EDGE_CURVE('',#621,#622,#289,.T.);
#770=EDGE_CURVE('',#622,#623,#536,.T.);
#771=EDGE_CURVE('',#624,#623,#290,.T.);
#772=EDGE_CURVE('',#625,#624,#537,.T.);
#773=EDGE_CURVE('',#626,#625,#291,.T.);
#774=EDGE_CURVE('',#620,#626,#292,.T.);
#775=EDGE_CURVE('',#627,#628,#293,.T.);
#776=EDGE_CURVE('',#629,#627,#49,.T.);
#777=EDGE_CURVE('',#629,#630,#294,.T.);
#778=EDGE_CURVE('',#630,#631,#295,.T.);
#779=EDGE_CURVE('',#631,#620,#50,.T.);
#780=EDGE_CURVE('',#628,#620,#296,.T.);
#781=EDGE_CURVE('',#632,#627,#297,.T.);
#782=EDGE_CURVE('',#632,#633,#51,.T.);
#783=EDGE_CURVE('',#633,#629,#298,.T.);
#784=EDGE_CURVE('',#621,#634,#299,.T.);
#785=EDGE_CURVE('',#634,#632,#300,.T.);
#786=EDGE_CURVE('',#635,#632,#301,.T.);
#787=EDGE_CURVE('',#635,#622,#302,.T.);
#788=EDGE_CURVE('',#636,#637,#303,.T.);
#789=EDGE_CURVE('',#638,#637,#304,.T.);
#790=EDGE_CURVE('',#638,#639,#538,.T.);
#791=EDGE_CURVE('',#640,#639,#305,.T.);
#792=EDGE_CURVE('',#640,#641,#539,.T.);
#793=EDGE_CURVE('',#641,#636,#306,.T.);
#794=EDGE_CURVE('',#642,#643,#307,.T.);
#795=EDGE_CURVE('',#644,#642,#52,.T.);
#796=EDGE_CURVE('',#644,#645,#308,.T.);
#797=EDGE_CURVE('',#645,#646,#309,.T.);
#798=EDGE_CURVE('',#636,#646,#53,.T.);
#799=EDGE_CURVE('',#643,#636,#310,.T.);
#800=EDGE_CURVE('',#647,#642,#311,.T.);
#801=EDGE_CURVE('',#647,#648,#54,.T.);
#802=EDGE_CURVE('',#648,#644,#312,.T.);
#803=EDGE_CURVE('',#637,#649,#313,.T.);
#804=EDGE_CURVE('',#649,#647,#314,.T.);
#805=EDGE_CURVE('',#650,#647,#315,.T.);
#806=EDGE_CURVE('',#638,#650,#316,.T.);
#807=EDGE_CURVE('',#626,#651,#317,.T.);
#808=EDGE_CURVE('',#627,#651,#318,.T.);
#809=EDGE_CURVE('',#633,#652,#319,.T.);
#810=EDGE_CURVE('',#653,#652,#540,.T.);
#811=EDGE_CURVE('',#653,#654,#541,.T.);
#812=EDGE_CURVE('',#655,#654,#542,.T.);
#813=EDGE_CURVE('',#655,#644,#320,.T.);
#814=EDGE_CURVE('',#648,#656,#321,.T.);
#815=EDGE_CURVE('',#656,#657,#543,.T.);
#816=EDGE_CURVE('',#657,#629,#322,.T.);
#817=EDGE_CURVE('',#658,#658,#544,.T.);
#818=EDGE_CURVE('',#659,#659,#545,.T.);
#819=EDGE_CURVE('',#660,#660,#546,.T.);
#820=EDGE_CURVE('',#661,#661,#547,.T.);
#821=EDGE_CURVE('',#662,#662,#548,.T.);
#822=EDGE_CURVE('',#663,#663,#549,.T.);
#823=EDGE_CURVE('',#664,#664,#550,.T.);
#824=EDGE_CURVE('',#665,#665,#551,.T.);
#825=EDGE_CURVE('',#666,#667,#552,.T.);
#826=EDGE_CURVE('',#666,#668,#323,.T.);
#827=EDGE_CURVE('',#669,#668,#553,.T.);
#828=EDGE_CURVE('',#669,#670,#554,.T.);
#829=EDGE_CURVE('',#671,#670,#555,.T.);
#830=EDGE_CURVE('',#671,#672,#324,.T.);
#831=EDGE_CURVE('',#673,#672,#556,.T.);
#832=EDGE_CURVE('',#673,#674,#557,.T.);
#833=EDGE_CURVE('',#675,#674,#558,.T.);
#834=EDGE_CURVE('',#675,#676,#325,.T.);
#835=EDGE_CURVE('',#677,#676,#559,.T.);
#836=EDGE_CURVE('',#677,#678,#560,.T.);
#837=EDGE_CURVE('',#679,#678,#561,.T.);
#838=EDGE_CURVE('',#679,#680,#326,.T.);
#839=EDGE_CURVE('',#681,#680,#562,.T.);
#840=EDGE_CURVE('',#681,#667,#563,.T.);
#841=EDGE_CURVE('',#682,#683,#327,.T.);
#842=EDGE_CURVE('',#684,#682,#328,.T.);
#843=EDGE_CURVE('',#652,#684,#329,.T.);
#844=EDGE_CURVE('',#683,#633,#330,.T.);
#845=EDGE_CURVE('',#631,#682,#331,.T.);
#846=EDGE_CURVE('',#682,#621,#55,.T.);
#847=EDGE_CURVE('',#685,#641,#332,.T.);
#848=EDGE_CURVE('',#642,#685,#333,.T.);
#849=EDGE_CURVE('',#651,#686,#334,.T.);
#850=EDGE_CURVE('',#686,#687,#564,.T.);
#851=EDGE_CURVE('',#688,#687,#335,.T.);
#852=EDGE_CURVE('',#635,#688,#565,.T.);
#853=EDGE_CURVE('',#689,#690,#336,.T.);
#854=EDGE_CURVE('',#689,#691,#337,.T.);
#855=EDGE_CURVE('',#691,#656,#338,.T.);
#856=EDGE_CURVE('',#690,#648,#339,.T.);
#857=EDGE_CURVE('',#646,#689,#340,.T.);
#858=EDGE_CURVE('',#637,#689,#56,.T.);
#859=EDGE_CURVE('',#692,#693,#341,.T.);
#860=EDGE_CURVE('',#693,#694,#342,.T.);
#861=EDGE_CURVE('',#695,#694,#566,.T.);
#862=EDGE_CURVE('',#696,#695,#343,.T.);
#863=EDGE_CURVE('',#692,#696,#567,.T.);
#864=EDGE_CURVE('',#697,#692,#344,.T.);
#865=EDGE_CURVE('',#697,#640,#57,.T.);
#866=EDGE_CURVE('',#639,#692,#58,.T.);
#867=EDGE_CURVE('',#698,#699,#345,.T.);
#868=EDGE_CURVE('',#700,#698,#59,.T.);
#869=EDGE_CURVE('',#700,#701,#346,.T.);
#870=EDGE_CURVE('',#701,#640,#347,.T.);
#871=EDGE_CURVE('',#699,#697,#348,.T.);
#872=EDGE_CURVE('',#694,#698,#349,.T.);
#873=EDGE_CURVE('',#698,#702,#568,.T.);
#874=EDGE_CURVE('',#703,#702,#569,.T.);
#875=EDGE_CURVE('',#703,#704,#570,.T.);
#876=EDGE_CURVE('',#705,#704,#571,.T.);
#877=EDGE_CURVE('',#706,#705,#572,.T.);
#878=EDGE_CURVE('',#706,#707,#350,.T.);
#879=EDGE_CURVE('',#707,#708,#573,.T.);
#880=EDGE_CURVE('',#708,#695,#574,.T.);
#881=EDGE_CURVE('',#709,#710,#351,.T.);
#882=EDGE_CURVE('',#710,#706,#352,.T.);
#883=EDGE_CURVE('',#705,#711,#353,.T.);
#884=EDGE_CURVE('',#709,#711,#575,.T.);
#885=EDGE_CURVE('',#712,#709,#354,.T.);
#886=EDGE_CURVE('',#624,#712,#60,.T.);
#887=EDGE_CURVE('',#623,#709,#61,.T.);
#888=EDGE_CURVE('',#707,#713,#355,.T.);
#889=EDGE_CURVE('',#687,#707,#62,.T.);
#890=EDGE_CURVE('',#687,#714,#356,.T.);
#891=EDGE_CURVE('',#714,#624,#357,.T.);
#892=EDGE_CURVE('',#713,#712,#358,.T.);
#893=EDGE_CURVE('',#694,#715,#63,.T.);
#894=EDGE_CURVE('',#715,#700,#359,.T.);
#895=EDGE_CURVE('',#716,#696,#576,.T.);
#896=EDGE_CURVE('',#712,#716,#577,.T.);
#897=EDGE_CURVE('',#711,#717,#578,.T.);
#898=EDGE_CURVE('',#718,#717,#579,.T.);
#899=EDGE_CURVE('',#718,#719,#580,.T.);
#900=EDGE_CURVE('',#719,#697,#581,.T.);
#901=EDGE_CURVE('',#685,#700,#582,.T.);
#902=EDGE_CURVE('',#715,#650,#583,.T.);
#903=EDGE_CURVE('',#639,#720,#360,.T.);
#904=EDGE_CURVE('',#720,#715,#361,.T.);
#905=EDGE_CURVE('',#623,#721,#362,.T.);
#906=EDGE_CURVE('',#721,#688,#363,.T.);
#907=EDGE_CURVE('',#716,#708,#364,.T.);
#908=EDGE_CURVE('',#717,#704,#365,.T.);
#909=EDGE_CURVE('',#688,#706,#64,.T.);
#910=EDGE_CURVE('',#722,#684,#584,.T.);
#911=EDGE_CURVE('',#653,#722,#366,.T.);
#912=EDGE_CURVE('',#723,#722,#585,.T.);
#913=EDGE_CURVE('',#654,#723,#367,.T.);
#914=EDGE_CURVE('',#724,#723,#586,.T.);
#915=EDGE_CURVE('',#655,#724,#368,.T.);
#916=EDGE_CURVE('',#646,#724,#369,.T.);
#917=EDGE_CURVE('',#702,#719,#370,.T.);
#918=EDGE_CURVE('',#703,#718,#371,.T.);
#919=EDGE_CURVE('',#667,#725,#372,.T.);
#920=EDGE_CURVE('',#725,#726,#587,.T.);
#921=EDGE_CURVE('',#726,#666,#373,.T.);
#922=EDGE_CURVE('',#726,#727,#374,.T.);
#923=EDGE_CURVE('',#668,#727,#375,.T.);
#924=EDGE_CURVE('',#728,#631,#376,.T.);
#925=EDGE_CURVE('',#691,#728,#588,.T.);
#926=EDGE_CURVE('',#729,#725,#589,.T.);
#927=EDGE_CURVE('',#730,#729,#590,.T.);
#928=EDGE_CURVE('',#731,#730,#377,.T.);
#929=EDGE_CURVE('',#732,#731,#591,.T.);
#930=EDGE_CURVE('',#733,#732,#592,.T.);
#931=EDGE_CURVE('',#734,#733,#593,.T.);
#932=EDGE_CURVE('',#735,#734,#378,.T.);
#933=EDGE_CURVE('',#736,#735,#594,.T.);
#934=EDGE_CURVE('',#737,#736,#595,.T.);
#935=EDGE_CURVE('',#738,#737,#596,.T.);
#936=EDGE_CURVE('',#739,#738,#379,.T.);
#937=EDGE_CURVE('',#740,#739,#597,.T.);
#938=EDGE_CURVE('',#741,#740,#598,.T.);
#939=EDGE_CURVE('',#727,#741,#599,.T.);
#940=EDGE_CURVE('',#742,#742,#600,.T.);
#941=EDGE_CURVE('',#743,#743,#601,.T.);
#942=EDGE_CURVE('',#744,#744,#602,.T.);
#943=EDGE_CURVE('',#745,#745,#603,.T.);
#944=EDGE_CURVE('',#746,#746,#604,.T.);
#945=EDGE_CURVE('',#747,#747,#605,.T.);
#946=EDGE_CURVE('',#748,#748,#606,.T.);
#947=EDGE_CURVE('',#749,#749,#607,.T.);
#948=EDGE_CURVE('',#672,#738,#380,.T.);
#949=EDGE_CURVE('',#737,#673,#381,.T.);
#950=EDGE_CURVE('',#674,#736,#382,.T.);
#951=EDGE_CURVE('',#680,#730,#383,.T.);
#952=EDGE_CURVE('',#729,#681,#384,.T.);
#953=EDGE_CURVE('',#735,#675,#385,.T.);
#954=EDGE_CURVE('',#739,#671,#386,.T.);
#955=EDGE_CURVE('',#670,#740,#387,.T.);
#956=EDGE_CURVE('',#741,#669,#388,.T.);
#957=EDGE_CURVE('',#731,#679,#389,.T.);
#958=EDGE_CURVE('',#678,#732,#390,.T.);
#959=EDGE_CURVE('',#733,#677,#391,.T.);
#960=EDGE_CURVE('',#676,#734,#392,.T.);
#961=EDGE_CURVE('',#658,#749,#393,.T.);
#962=EDGE_CURVE('',#659,#748,#394,.T.);
#963=EDGE_CURVE('',#660,#747,#395,.T.);
#964=EDGE_CURVE('',#661,#746,#396,.T.);
#965=EDGE_CURVE('',#662,#745,#397,.T.);
#966=EDGE_CURVE('',#663,#744,#398,.T.);
#967=EDGE_CURVE('',#664,#743,#399,.T.);
#968=EDGE_CURVE('',#665,#742,#400,.T.);
#969=EDGE_CURVE('',#625,#686,#401,.T.);
#970=EDGE_CURVE('',#728,#657,#402,.T.);
#971=ORIENTED_EDGE('',*,*,#750,.F.);
#972=ORIENTED_EDGE('',*,*,#751,.T.);
#973=ORIENTED_EDGE('',*,*,#752,.F.);
#974=ORIENTED_EDGE('',*,*,#751,.F.);
#975=ORIENTED_EDGE('',*,*,#753,.F.);
#976=ORIENTED_EDGE('',*,*,#754,.T.);
#977=ORIENTED_EDGE('',*,*,#755,.F.);
#978=ORIENTED_EDGE('',*,*,#754,.F.);
#979=ORIENTED_EDGE('',*,*,#756,.F.);
#980=ORIENTED_EDGE('',*,*,#757,.T.);
#981=ORIENTED_EDGE('',*,*,#758,.F.);
#982=ORIENTED_EDGE('',*,*,#757,.F.);
#983=ORIENTED_EDGE('',*,*,#759,.F.);
#984=ORIENTED_EDGE('',*,*,#760,.T.);
#985=ORIENTED_EDGE('',*,*,#761,.F.);
#986=ORIENTED_EDGE('',*,*,#760,.F.);
#987=ORIENTED_EDGE('',*,*,#762,.F.);
#988=ORIENTED_EDGE('',*,*,#763,.T.);
#989=ORIENTED_EDGE('',*,*,#764,.F.);
#990=ORIENTED_EDGE('',*,*,#763,.F.);
#991=ORIENTED_EDGE('',*,*,#765,.F.);
#992=ORIENTED_EDGE('',*,*,#766,.T.);
#993=ORIENTED_EDGE('',*,*,#767,.F.);
#994=ORIENTED_EDGE('',*,*,#766,.F.);
#995=ORIENTED_EDGE('',*,*,#768,.T.);
#996=ORIENTED_EDGE('',*,*,#769,.T.);
#997=ORIENTED_EDGE('',*,*,#770,.T.);
#998=ORIENTED_EDGE('',*,*,#771,.F.);
#999=ORIENTED_EDGE('',*,*,#772,.F.);
#1000=ORIENTED_EDGE('',*,*,#773,.F.);
#1001=ORIENTED_EDGE('',*,*,#774,.F.);
#1002=ORIENTED_EDGE('',*,*,#775,.F.);
#1003=ORIENTED_EDGE('',*,*,#776,.F.);
#1004=ORIENTED_EDGE('',*,*,#777,.T.);
#1005=ORIENTED_EDGE('',*,*,#778,.T.);
#1006=ORIENTED_EDGE('',*,*,#779,.T.);
#1007=ORIENTED_EDGE('',*,*,#780,.F.);
#1008=ORIENTED_EDGE('',*,*,#781,.F.);
#1009=ORIENTED_EDGE('',*,*,#782,.T.);
#1010=ORIENTED_EDGE('',*,*,#783,.T.);
#1011=ORIENTED_EDGE('',*,*,#776,.T.);
#1012=ORIENTED_EDGE('',*,*,#784,.T.);
#1013=ORIENTED_EDGE('',*,*,#785,.T.);
#1014=ORIENTED_EDGE('',*,*,#786,.F.);
#1015=ORIENTED_EDGE('',*,*,#787,.T.);
#1016=ORIENTED_EDGE('',*,*,#769,.F.);
#1017=ORIENTED_EDGE('',*,*,#788,.T.);
#1018=ORIENTED_EDGE('',*,*,#789,.F.);
#1019=ORIENTED_EDGE('',*,*,#790,.T.);
#1020=ORIENTED_EDGE('',*,*,#791,.F.);
#1021=ORIENTED_EDGE('',*,*,#792,.T.);
#1022=ORIENTED_EDGE('',*,*,#793,.T.);
#1023=ORIENTED_EDGE('',*,*,#794,.F.);
#1024=ORIENTED_EDGE('',*,*,#795,.F.);
#1025=ORIENTED_EDGE('',*,*,#796,.T.);
#1026=ORIENTED_EDGE('',*,*,#797,.T.);
#1027=ORIENTED_EDGE('',*,*,#798,.F.);
#1028=ORIENTED_EDGE('',*,*,#799,.F.);
#1029=ORIENTED_EDGE('',*,*,#800,.F.);
#1030=ORIENTED_EDGE('',*,*,#801,.T.);
#1031=ORIENTED_EDGE('',*,*,#802,.T.);
#1032=ORIENTED_EDGE('',*,*,#795,.T.);
#1033=ORIENTED_EDGE('',*,*,#803,.T.);
#1034=ORIENTED_EDGE('',*,*,#804,.T.);
#1035=ORIENTED_EDGE('',*,*,#805,.F.);
#1036=ORIENTED_EDGE('',*,*,#806,.F.);
#1037=ORIENTED_EDGE('',*,*,#789,.T.);
#1038=ORIENTED_EDGE('',*,*,#775,.T.);
#1039=ORIENTED_EDGE('',*,*,#780,.T.);
#1040=ORIENTED_EDGE('',*,*,#774,.T.);
#1041=ORIENTED_EDGE('',*,*,#807,.T.);
#1042=ORIENTED_EDGE('',*,*,#808,.F.);
#1043=ORIENTED_EDGE('',*,*,#783,.F.);
#1044=ORIENTED_EDGE('',*,*,#809,.T.);
#1045=ORIENTED_EDGE('',*,*,#810,.F.);
#1046=ORIENTED_EDGE('',*,*,#811,.T.);
#1047=ORIENTED_EDGE('',*,*,#812,.F.);
#1048=ORIENTED_EDGE('',*,*,#813,.T.);
#1049=ORIENTED_EDGE('',*,*,#802,.F.);
#1050=ORIENTED_EDGE('',*,*,#814,.T.);
#1051=ORIENTED_EDGE('',*,*,#815,.T.);
#1052=ORIENTED_EDGE('',*,*,#816,.T.);
#1053=ORIENTED_EDGE('',*,*,#817,.T.);
#1054=ORIENTED_EDGE('',*,*,#818,.T.);
#1055=ORIENTED_EDGE('',*,*,#819,.T.);
#1056=ORIENTED_EDGE('',*,*,#820,.T.);
#1057=ORIENTED_EDGE('',*,*,#821,.T.);
#1058=ORIENTED_EDGE('',*,*,#822,.T.);
#1059=ORIENTED_EDGE('',*,*,#823,.T.);
#1060=ORIENTED_EDGE('',*,*,#824,.T.);
#1061=ORIENTED_EDGE('',*,*,#825,.F.);
#1062=ORIENTED_EDGE('',*,*,#826,.T.);
#1063=ORIENTED_EDGE('',*,*,#827,.F.);
#1064=ORIENTED_EDGE('',*,*,#828,.T.);
#1065=ORIENTED_EDGE('',*,*,#829,.F.);
#1066=ORIENTED_EDGE('',*,*,#830,.T.);
#1067=ORIENTED_EDGE('',*,*,#831,.F.);
#1068=ORIENTED_EDGE('',*,*,#832,.T.);
#1069=ORIENTED_EDGE('',*,*,#833,.F.);
#1070=ORIENTED_EDGE('',*,*,#834,.T.);
#1071=ORIENTED_EDGE('',*,*,#835,.F.);
#1072=ORIENTED_EDGE('',*,*,#836,.T.);
#1073=ORIENTED_EDGE('',*,*,#837,.F.);
#1074=ORIENTED_EDGE('',*,*,#838,.T.);
#1075=ORIENTED_EDGE('',*,*,#839,.F.);
#1076=ORIENTED_EDGE('',*,*,#840,.T.);
#1077=ORIENTED_EDGE('',*,*,#841,.F.);
#1078=ORIENTED_EDGE('',*,*,#842,.F.);
#1079=ORIENTED_EDGE('',*,*,#843,.F.);
#1080=ORIENTED_EDGE('',*,*,#809,.F.);
#1081=ORIENTED_EDGE('',*,*,#844,.F.);
#1082=ORIENTED_EDGE('',*,*,#768,.F.);
#1083=ORIENTED_EDGE('',*,*,#779,.F.);
#1084=ORIENTED_EDGE('',*,*,#845,.T.);
#1085=ORIENTED_EDGE('',*,*,#846,.T.);
#1086=ORIENTED_EDGE('',*,*,#794,.T.);
#1087=ORIENTED_EDGE('',*,*,#799,.T.);
#1088=ORIENTED_EDGE('',*,*,#793,.F.);
#1089=ORIENTED_EDGE('',*,*,#847,.F.);
#1090=ORIENTED_EDGE('',*,*,#848,.F.);
#1091=ORIENTED_EDGE('',*,*,#781,.T.);
#1092=ORIENTED_EDGE('',*,*,#808,.T.);
#1093=ORIENTED_EDGE('',*,*,#849,.T.);
#1094=ORIENTED_EDGE('',*,*,#850,.T.);
#1095=ORIENTED_EDGE('',*,*,#851,.F.);
#1096=ORIENTED_EDGE('',*,*,#852,.F.);
#1097=ORIENTED_EDGE('',*,*,#786,.T.);
#1098=ORIENTED_EDGE('',*,*,#853,.F.);
#1099=ORIENTED_EDGE('',*,*,#854,.T.);
#1100=ORIENTED_EDGE('',*,*,#855,.T.);
#1101=ORIENTED_EDGE('',*,*,#814,.F.);
#1102=ORIENTED_EDGE('',*,*,#856,.F.);
#1103=ORIENTED_EDGE('',*,*,#788,.F.);
#1104=ORIENTED_EDGE('',*,*,#798,.T.);
#1105=ORIENTED_EDGE('',*,*,#857,.T.);
#1106=ORIENTED_EDGE('',*,*,#858,.F.);
#1107=ORIENTED_EDGE('',*,*,#859,.T.);
#1108=ORIENTED_EDGE('',*,*,#860,.T.);
#1109=ORIENTED_EDGE('',*,*,#861,.F.);
#1110=ORIENTED_EDGE('',*,*,#862,.F.);
#1111=ORIENTED_EDGE('',*,*,#863,.F.);
#1112=ORIENTED_EDGE('',*,*,#864,.F.);
#1113=ORIENTED_EDGE('',*,*,#865,.T.);
#1114=ORIENTED_EDGE('',*,*,#791,.T.);
#1115=ORIENTED_EDGE('',*,*,#866,.T.);
#1116=ORIENTED_EDGE('',*,*,#867,.F.);
#1117=ORIENTED_EDGE('',*,*,#868,.F.);
#1118=ORIENTED_EDGE('',*,*,#869,.T.);
#1119=ORIENTED_EDGE('',*,*,#870,.T.);
#1120=ORIENTED_EDGE('',*,*,#865,.F.);
#1121=ORIENTED_EDGE('',*,*,#871,.F.);
#1122=ORIENTED_EDGE('',*,*,#872,.T.);
#1123=ORIENTED_EDGE('',*,*,#873,.T.);
#1124=ORIENTED_EDGE('',*,*,#874,.F.);
#1125=ORIENTED_EDGE('',*,*,#875,.T.);
#1126=ORIENTED_EDGE('',*,*,#876,.F.);
#1127=ORIENTED_EDGE('',*,*,#877,.F.);
#1128=ORIENTED_EDGE('',*,*,#878,.T.);
#1129=ORIENTED_EDGE('',*,*,#879,.T.);
#1130=ORIENTED_EDGE('',*,*,#880,.T.);
#1131=ORIENTED_EDGE('',*,*,#861,.T.);
#1132=ORIENTED_EDGE('',*,*,#767,.T.);
#1133=ORIENTED_EDGE('',*,*,#764,.T.);
#1134=ORIENTED_EDGE('',*,*,#761,.T.);
#1135=ORIENTED_EDGE('',*,*,#758,.T.);
#1136=ORIENTED_EDGE('',*,*,#755,.T.);
#1137=ORIENTED_EDGE('',*,*,#752,.T.);
#1138=ORIENTED_EDGE('',*,*,#881,.T.);
#1139=ORIENTED_EDGE('',*,*,#882,.T.);
#1140=ORIENTED_EDGE('',*,*,#877,.T.);
#1141=ORIENTED_EDGE('',*,*,#883,.T.);
#1142=ORIENTED_EDGE('',*,*,#884,.F.);
#1143=ORIENTED_EDGE('',*,*,#885,.F.);
#1144=ORIENTED_EDGE('',*,*,#886,.F.);
#1145=ORIENTED_EDGE('',*,*,#771,.T.);
#1146=ORIENTED_EDGE('',*,*,#887,.T.);
#1147=ORIENTED_EDGE('',*,*,#888,.F.);
#1148=ORIENTED_EDGE('',*,*,#889,.F.);
#1149=ORIENTED_EDGE('',*,*,#890,.T.);
#1150=ORIENTED_EDGE('',*,*,#891,.T.);
#1151=ORIENTED_EDGE('',*,*,#886,.T.);
#1152=ORIENTED_EDGE('',*,*,#892,.F.);
#1153=ORIENTED_EDGE('',*,*,#872,.F.);
#1154=ORIENTED_EDGE('',*,*,#893,.T.);
#1155=ORIENTED_EDGE('',*,*,#894,.T.);
#1156=ORIENTED_EDGE('',*,*,#868,.T.);
#1157=ORIENTED_EDGE('',*,*,#864,.T.);
#1158=ORIENTED_EDGE('',*,*,#863,.T.);
#1159=ORIENTED_EDGE('',*,*,#895,.F.);
#1160=ORIENTED_EDGE('',*,*,#896,.F.);
#1161=ORIENTED_EDGE('',*,*,#885,.T.);
#1162=ORIENTED_EDGE('',*,*,#884,.T.);
#1163=ORIENTED_EDGE('',*,*,#897,.T.);
#1164=ORIENTED_EDGE('',*,*,#898,.F.);
#1165=ORIENTED_EDGE('',*,*,#899,.T.);
#1166=ORIENTED_EDGE('',*,*,#900,.T.);
#1167=ORIENTED_EDGE('',*,*,#765,.T.);
#1168=ORIENTED_EDGE('',*,*,#762,.T.);
#1169=ORIENTED_EDGE('',*,*,#759,.T.);
#1170=ORIENTED_EDGE('',*,*,#756,.T.);
#1171=ORIENTED_EDGE('',*,*,#753,.T.);
#1172=ORIENTED_EDGE('',*,*,#750,.T.);
#1173=ORIENTED_EDGE('',*,*,#869,.F.);
#1174=ORIENTED_EDGE('',*,*,#901,.F.);
#1175=ORIENTED_EDGE('',*,*,#847,.T.);
#1176=ORIENTED_EDGE('',*,*,#792,.F.);
#1177=ORIENTED_EDGE('',*,*,#870,.F.);
#1178=ORIENTED_EDGE('',*,*,#800,.T.);
#1179=ORIENTED_EDGE('',*,*,#848,.T.);
#1180=ORIENTED_EDGE('',*,*,#901,.T.);
#1181=ORIENTED_EDGE('',*,*,#894,.F.);
#1182=ORIENTED_EDGE('',*,*,#902,.T.);
#1183=ORIENTED_EDGE('',*,*,#805,.T.);
#1184=ORIENTED_EDGE('',*,*,#859,.F.);
#1185=ORIENTED_EDGE('',*,*,#866,.F.);
#1186=ORIENTED_EDGE('',*,*,#903,.T.);
#1187=ORIENTED_EDGE('',*,*,#904,.T.);
#1188=ORIENTED_EDGE('',*,*,#893,.F.);
#1189=ORIENTED_EDGE('',*,*,#860,.F.);
#1190=ORIENTED_EDGE('',*,*,#905,.F.);
#1191=ORIENTED_EDGE('',*,*,#770,.F.);
#1192=ORIENTED_EDGE('',*,*,#787,.F.);
#1193=ORIENTED_EDGE('',*,*,#852,.T.);
#1194=ORIENTED_EDGE('',*,*,#906,.F.);
#1195=ORIENTED_EDGE('',*,*,#888,.T.);
#1196=ORIENTED_EDGE('',*,*,#892,.T.);
#1197=ORIENTED_EDGE('',*,*,#896,.T.);
#1198=ORIENTED_EDGE('',*,*,#907,.T.);
#1199=ORIENTED_EDGE('',*,*,#879,.F.);
#1200=ORIENTED_EDGE('',*,*,#876,.T.);
#1201=ORIENTED_EDGE('',*,*,#908,.F.);
#1202=ORIENTED_EDGE('',*,*,#897,.F.);
#1203=ORIENTED_EDGE('',*,*,#883,.F.);
#1204=ORIENTED_EDGE('',*,*,#881,.F.);
#1205=ORIENTED_EDGE('',*,*,#887,.F.);
#1206=ORIENTED_EDGE('',*,*,#905,.T.);
#1207=ORIENTED_EDGE('',*,*,#906,.T.);
#1208=ORIENTED_EDGE('',*,*,#909,.T.);
#1209=ORIENTED_EDGE('',*,*,#882,.F.);
#1210=ORIENTED_EDGE('',*,*,#784,.F.);
#1211=ORIENTED_EDGE('',*,*,#846,.F.);
#1212=ORIENTED_EDGE('',*,*,#841,.T.);
#1213=ORIENTED_EDGE('',*,*,#844,.T.);
#1214=ORIENTED_EDGE('',*,*,#782,.F.);
#1215=ORIENTED_EDGE('',*,*,#785,.F.);
#1216=ORIENTED_EDGE('',*,*,#810,.T.);
#1217=ORIENTED_EDGE('',*,*,#843,.T.);
#1218=ORIENTED_EDGE('',*,*,#910,.F.);
#1219=ORIENTED_EDGE('',*,*,#911,.F.);
#1220=ORIENTED_EDGE('',*,*,#811,.F.);
#1221=ORIENTED_EDGE('',*,*,#911,.T.);
#1222=ORIENTED_EDGE('',*,*,#912,.F.);
#1223=ORIENTED_EDGE('',*,*,#913,.F.);
#1224=ORIENTED_EDGE('',*,*,#812,.T.);
#1225=ORIENTED_EDGE('',*,*,#913,.T.);
#1226=ORIENTED_EDGE('',*,*,#914,.F.);
#1227=ORIENTED_EDGE('',*,*,#915,.F.);
#1228=ORIENTED_EDGE('',*,*,#796,.F.);
#1229=ORIENTED_EDGE('',*,*,#813,.F.);
#1230=ORIENTED_EDGE('',*,*,#915,.T.);
#1231=ORIENTED_EDGE('',*,*,#916,.F.);
#1232=ORIENTED_EDGE('',*,*,#797,.F.);
#1233=ORIENTED_EDGE('',*,*,#867,.T.);
#1234=ORIENTED_EDGE('',*,*,#871,.T.);
#1235=ORIENTED_EDGE('',*,*,#900,.F.);
#1236=ORIENTED_EDGE('',*,*,#917,.F.);
#1237=ORIENTED_EDGE('',*,*,#873,.F.);
#1238=ORIENTED_EDGE('',*,*,#874,.T.);
#1239=ORIENTED_EDGE('',*,*,#917,.T.);
#1240=ORIENTED_EDGE('',*,*,#899,.F.);
#1241=ORIENTED_EDGE('',*,*,#918,.F.);
#1242=ORIENTED_EDGE('',*,*,#908,.T.);
#1243=ORIENTED_EDGE('',*,*,#875,.F.);
#1244=ORIENTED_EDGE('',*,*,#918,.T.);
#1245=ORIENTED_EDGE('',*,*,#898,.T.);
#1246=ORIENTED_EDGE('',*,*,#825,.T.);
#1247=ORIENTED_EDGE('',*,*,#919,.T.);
#1248=ORIENTED_EDGE('',*,*,#920,.T.);
#1249=ORIENTED_EDGE('',*,*,#921,.T.);
#1250=ORIENTED_EDGE('',*,*,#921,.F.);
#1251=ORIENTED_EDGE('',*,*,#922,.T.);
#1252=ORIENTED_EDGE('',*,*,#923,.F.);
#1253=ORIENTED_EDGE('',*,*,#826,.F.);
#1254=ORIENTED_EDGE('',*,*,#845,.F.);
#1255=ORIENTED_EDGE('',*,*,#924,.F.);
#1256=ORIENTED_EDGE('',*,*,#925,.F.);
#1257=ORIENTED_EDGE('',*,*,#854,.F.);
#1258=ORIENTED_EDGE('',*,*,#857,.F.);
#1259=ORIENTED_EDGE('',*,*,#916,.T.);
#1260=ORIENTED_EDGE('',*,*,#914,.T.);
#1261=ORIENTED_EDGE('',*,*,#912,.T.);
#1262=ORIENTED_EDGE('',*,*,#910,.T.);
#1263=ORIENTED_EDGE('',*,*,#842,.T.);
#1264=ORIENTED_EDGE('',*,*,#920,.F.);
#1265=ORIENTED_EDGE('',*,*,#926,.F.);
#1266=ORIENTED_EDGE('',*,*,#927,.F.);
#1267=ORIENTED_EDGE('',*,*,#928,.F.);
#1268=ORIENTED_EDGE('',*,*,#929,.F.);
#1269=ORIENTED_EDGE('',*,*,#930,.F.);
#1270=ORIENTED_EDGE('',*,*,#931,.F.);
#1271=ORIENTED_EDGE('',*,*,#932,.F.);
#1272=ORIENTED_EDGE('',*,*,#933,.F.);
#1273=ORIENTED_EDGE('',*,*,#934,.F.);
#1274=ORIENTED_EDGE('',*,*,#935,.F.);
#1275=ORIENTED_EDGE('',*,*,#936,.F.);
#1276=ORIENTED_EDGE('',*,*,#937,.F.);
#1277=ORIENTED_EDGE('',*,*,#938,.F.);
#1278=ORIENTED_EDGE('',*,*,#939,.F.);
#1279=ORIENTED_EDGE('',*,*,#922,.F.);
#1280=ORIENTED_EDGE('',*,*,#940,.F.);
#1281=ORIENTED_EDGE('',*,*,#941,.F.);
#1282=ORIENTED_EDGE('',*,*,#942,.F.);
#1283=ORIENTED_EDGE('',*,*,#943,.F.);
#1284=ORIENTED_EDGE('',*,*,#944,.F.);
#1285=ORIENTED_EDGE('',*,*,#945,.F.);
#1286=ORIENTED_EDGE('',*,*,#946,.F.);
#1287=ORIENTED_EDGE('',*,*,#947,.F.);
#1288=ORIENTED_EDGE('',*,*,#831,.T.);
#1289=ORIENTED_EDGE('',*,*,#948,.T.);
#1290=ORIENTED_EDGE('',*,*,#935,.T.);
#1291=ORIENTED_EDGE('',*,*,#949,.T.);
#1292=ORIENTED_EDGE('',*,*,#949,.F.);
#1293=ORIENTED_EDGE('',*,*,#934,.T.);
#1294=ORIENTED_EDGE('',*,*,#950,.F.);
#1295=ORIENTED_EDGE('',*,*,#832,.F.);
#1296=ORIENTED_EDGE('',*,*,#839,.T.);
#1297=ORIENTED_EDGE('',*,*,#951,.T.);
#1298=ORIENTED_EDGE('',*,*,#927,.T.);
#1299=ORIENTED_EDGE('',*,*,#952,.T.);
#1300=ORIENTED_EDGE('',*,*,#919,.F.);
#1301=ORIENTED_EDGE('',*,*,#840,.F.);
#1302=ORIENTED_EDGE('',*,*,#952,.F.);
#1303=ORIENTED_EDGE('',*,*,#926,.T.);
#1304=ORIENTED_EDGE('',*,*,#833,.T.);
#1305=ORIENTED_EDGE('',*,*,#950,.T.);
#1306=ORIENTED_EDGE('',*,*,#933,.T.);
#1307=ORIENTED_EDGE('',*,*,#953,.T.);
#1308=ORIENTED_EDGE('',*,*,#937,.T.);
#1309=ORIENTED_EDGE('',*,*,#954,.T.);
#1310=ORIENTED_EDGE('',*,*,#829,.T.);
#1311=ORIENTED_EDGE('',*,*,#955,.T.);
#1312=ORIENTED_EDGE('',*,*,#948,.F.);
#1313=ORIENTED_EDGE('',*,*,#830,.F.);
#1314=ORIENTED_EDGE('',*,*,#954,.F.);
#1315=ORIENTED_EDGE('',*,*,#936,.T.);
#1316=ORIENTED_EDGE('',*,*,#939,.T.);
#1317=ORIENTED_EDGE('',*,*,#956,.T.);
#1318=ORIENTED_EDGE('',*,*,#827,.T.);
#1319=ORIENTED_EDGE('',*,*,#923,.T.);
#1320=ORIENTED_EDGE('',*,*,#955,.F.);
#1321=ORIENTED_EDGE('',*,*,#828,.F.);
#1322=ORIENTED_EDGE('',*,*,#956,.F.);
#1323=ORIENTED_EDGE('',*,*,#938,.T.);
#1324=ORIENTED_EDGE('',*,*,#929,.T.);
#1325=ORIENTED_EDGE('',*,*,#957,.T.);
#1326=ORIENTED_EDGE('',*,*,#837,.T.);
#1327=ORIENTED_EDGE('',*,*,#958,.T.);
#1328=ORIENTED_EDGE('',*,*,#951,.F.);
#1329=ORIENTED_EDGE('',*,*,#838,.F.);
#1330=ORIENTED_EDGE('',*,*,#957,.F.);
#1331=ORIENTED_EDGE('',*,*,#928,.T.);
#1332=ORIENTED_EDGE('',*,*,#931,.T.);
#1333=ORIENTED_EDGE('',*,*,#959,.T.);
#1334=ORIENTED_EDGE('',*,*,#835,.T.);
#1335=ORIENTED_EDGE('',*,*,#960,.T.);
#1336=ORIENTED_EDGE('',*,*,#958,.F.);
#1337=ORIENTED_EDGE('',*,*,#836,.F.);
#1338=ORIENTED_EDGE('',*,*,#959,.F.);
#1339=ORIENTED_EDGE('',*,*,#930,.T.);
#1340=ORIENTED_EDGE('',*,*,#817,.F.);
#1341=ORIENTED_EDGE('',*,*,#961,.T.);
#1342=ORIENTED_EDGE('',*,*,#947,.T.);
#1343=ORIENTED_EDGE('',*,*,#961,.F.);
#1344=ORIENTED_EDGE('',*,*,#818,.F.);
#1345=ORIENTED_EDGE('',*,*,#962,.T.);
#1346=ORIENTED_EDGE('',*,*,#946,.T.);
#1347=ORIENTED_EDGE('',*,*,#962,.F.);
#1348=ORIENTED_EDGE('',*,*,#819,.F.);
#1349=ORIENTED_EDGE('',*,*,#963,.T.);
#1350=ORIENTED_EDGE('',*,*,#945,.T.);
#1351=ORIENTED_EDGE('',*,*,#963,.F.);
#1352=ORIENTED_EDGE('',*,*,#820,.F.);
#1353=ORIENTED_EDGE('',*,*,#964,.T.);
#1354=ORIENTED_EDGE('',*,*,#944,.T.);
#1355=ORIENTED_EDGE('',*,*,#964,.F.);
#1356=ORIENTED_EDGE('',*,*,#821,.F.);
#1357=ORIENTED_EDGE('',*,*,#965,.T.);
#1358=ORIENTED_EDGE('',*,*,#943,.T.);
#1359=ORIENTED_EDGE('',*,*,#965,.F.);
#1360=ORIENTED_EDGE('',*,*,#822,.F.);
#1361=ORIENTED_EDGE('',*,*,#966,.T.);
#1362=ORIENTED_EDGE('',*,*,#942,.T.);
#1363=ORIENTED_EDGE('',*,*,#966,.F.);
#1364=ORIENTED_EDGE('',*,*,#823,.F.);
#1365=ORIENTED_EDGE('',*,*,#967,.T.);
#1366=ORIENTED_EDGE('',*,*,#941,.T.);
#1367=ORIENTED_EDGE('',*,*,#967,.F.);
#1368=ORIENTED_EDGE('',*,*,#824,.F.);
#1369=ORIENTED_EDGE('',*,*,#968,.T.);
#1370=ORIENTED_EDGE('',*,*,#940,.T.);
#1371=ORIENTED_EDGE('',*,*,#968,.F.);
#1372=ORIENTED_EDGE('',*,*,#953,.F.);
#1373=ORIENTED_EDGE('',*,*,#932,.T.);
#1374=ORIENTED_EDGE('',*,*,#960,.F.);
#1375=ORIENTED_EDGE('',*,*,#834,.F.);
#1376=ORIENTED_EDGE('',*,*,#903,.F.);
#1377=ORIENTED_EDGE('',*,*,#790,.F.);
#1378=ORIENTED_EDGE('',*,*,#806,.T.);
#1379=ORIENTED_EDGE('',*,*,#902,.F.);
#1380=ORIENTED_EDGE('',*,*,#904,.F.);
#1381=ORIENTED_EDGE('',*,*,#895,.T.);
#1382=ORIENTED_EDGE('',*,*,#862,.T.);
#1383=ORIENTED_EDGE('',*,*,#880,.F.);
#1384=ORIENTED_EDGE('',*,*,#907,.F.);
#1385=ORIENTED_EDGE('',*,*,#890,.F.);
#1386=ORIENTED_EDGE('',*,*,#850,.F.);
#1387=ORIENTED_EDGE('',*,*,#969,.F.);
#1388=ORIENTED_EDGE('',*,*,#772,.T.);
#1389=ORIENTED_EDGE('',*,*,#891,.F.);
#1390=ORIENTED_EDGE('',*,*,#773,.T.);
#1391=ORIENTED_EDGE('',*,*,#969,.T.);
#1392=ORIENTED_EDGE('',*,*,#849,.F.);
#1393=ORIENTED_EDGE('',*,*,#807,.F.);
#1394=ORIENTED_EDGE('',*,*,#777,.F.);
#1395=ORIENTED_EDGE('',*,*,#816,.F.);
#1396=ORIENTED_EDGE('',*,*,#970,.F.);
#1397=ORIENTED_EDGE('',*,*,#924,.T.);
#1398=ORIENTED_EDGE('',*,*,#778,.F.);
#1399=ORIENTED_EDGE('',*,*,#925,.T.);
#1400=ORIENTED_EDGE('',*,*,#970,.T.);
#1401=ORIENTED_EDGE('',*,*,#815,.F.);
#1402=ORIENTED_EDGE('',*,*,#855,.F.);
#1403=ORIENTED_EDGE('',*,*,#803,.F.);
#1404=ORIENTED_EDGE('',*,*,#858,.T.);
#1405=ORIENTED_EDGE('',*,*,#853,.T.);
#1406=ORIENTED_EDGE('',*,*,#856,.T.);
#1407=ORIENTED_EDGE('',*,*,#801,.F.);
#1408=ORIENTED_EDGE('',*,*,#804,.F.);
#1409=ORIENTED_EDGE('',*,*,#878,.F.);
#1410=ORIENTED_EDGE('',*,*,#909,.F.);
#1411=ORIENTED_EDGE('',*,*,#851,.T.);
#1412=ORIENTED_EDGE('',*,*,#889,.T.);
#1413=CYLINDRICAL_SURFACE('',#1557,2.15);
#1414=CYLINDRICAL_SURFACE('',#1560,2.15);
#1415=CYLINDRICAL_SURFACE('',#1563,2.15);
#1416=CYLINDRICAL_SURFACE('',#1566,2.15);
#1417=CYLINDRICAL_SURFACE('',#1569,2.15);
#1418=CYLINDRICAL_SURFACE('',#1572,2.15);
#1419=CYLINDRICAL_SURFACE('',#1578,4.);
#1420=CYLINDRICAL_SURFACE('',#1583,4.);
#1421=CYLINDRICAL_SURFACE('',#1612,2.00000000000001);
#1422=CYLINDRICAL_SURFACE('',#1618,2.00000000000001);
#1423=CYLINDRICAL_SURFACE('',#1619,38.5225434941969);
#1424=CYLINDRICAL_SURFACE('',#1622,4.);
#1425=CYLINDRICAL_SURFACE('',#1631,92.1155291352456);
#1426=CYLINDRICAL_SURFACE('',#1633,4.);
#1427=CYLINDRICAL_SURFACE('',#1634,2.00000000000001);
#1428=CYLINDRICAL_SURFACE('',#1642,53.8221558285545);
#1429=CYLINDRICAL_SURFACE('',#1646,92.1155291352456);
#1430=CYLINDRICAL_SURFACE('',#1647,106.091099604094);
#1431=CYLINDRICAL_SURFACE('',#1648,2.03585375303628);
#1432=CYLINDRICAL_SURFACE('',#1649,1.43137882435191);
#1433=CYLINDRICAL_SURFACE('',#1651,59.0000003880709);
#1434=CYLINDRICAL_SURFACE('',#1653,1.57399594029203);
#1435=CYLINDRICAL_SURFACE('',#1656,53.8221558285545);
#1436=CYLINDRICAL_SURFACE('',#1657,2.80595483348864);
#1437=CYLINDRICAL_SURFACE('',#1658,27.5);
#1438=CYLINDRICAL_SURFACE('',#1659,2.5);
#1439=CYLINDRICAL_SURFACE('',#1683,2.5);
#1440=CYLINDRICAL_SURFACE('',#1684,33.);
#1441=CYLINDRICAL_SURFACE('',#1685,2.5);
#1442=CYLINDRICAL_SURFACE('',#1686,33.);
#1443=CYLINDRICAL_SURFACE('',#1687,2.5);
#1444=CYLINDRICAL_SURFACE('',#1688,2.5);
#1445=CYLINDRICAL_SURFACE('',#1690,2.5);
#1446=CYLINDRICAL_SURFACE('',#1691,39.5);
#1447=CYLINDRICAL_SURFACE('',#1692,2.5);
#1448=CYLINDRICAL_SURFACE('',#1694,2.5);
#1449=CYLINDRICAL_SURFACE('',#1695,39.5);
#1450=CYLINDRICAL_SURFACE('',#1696,1.6);
#1451=CYLINDRICAL_SURFACE('',#1697,1.6);
#1452=CYLINDRICAL_SURFACE('',#1698,1.6);
#1453=CYLINDRICAL_SURFACE('',#1699,2.20000000000001);
#1454=CYLINDRICAL_SURFACE('',#1700,2.19999999999999);
#1455=CYLINDRICAL_SURFACE('',#1701,1.6);
#1456=CYLINDRICAL_SURFACE('',#1702,1.6);
#1457=CYLINDRICAL_SURFACE('',#1703,1.6);
#1458=CYLINDRICAL_SURFACE('',#1705,38.5225434941969);
#1459=CYLINDRICAL_SURFACE('',#1706,27.5);
#1460=CYLINDRICAL_SURFACE('',#1707,106.091099604093);
#1461=CYLINDRICAL_SURFACE('',#1710,42.9999999915628);
#1462=CYLINDRICAL_SURFACE('',#1711,2.00000000000001);
#1463=ADVANCED_FACE('',(#94),#1413,.F.);
#1464=ADVANCED_FACE('',(#95),#1414,.F.);
#1465=ADVANCED_FACE('',(#96),#1415,.F.);
#1466=ADVANCED_FACE('',(#97),#1416,.F.);
#1467=ADVANCED_FACE('',(#98),#1417,.F.);
#1468=ADVANCED_FACE('',(#99),#1418,.F.);
#1469=ADVANCED_FACE('',(#100),#73,.F.);
#1470=ADVANCED_FACE('',(#101),#65,.T.);
#1471=ADVANCED_FACE('',(#102),#1419,.T.);
#1472=ADVANCED_FACE('',(#103),#74,.T.);
#1473=ADVANCED_FACE('',(#104),#75,.F.);
#1474=ADVANCED_FACE('',(#105),#66,.T.);
#1475=ADVANCED_FACE('',(#106),#1420,.T.);
#1476=ADVANCED_FACE('',(#107),#76,.T.);
#1477=ADVANCED_FACE('',(#108),#77,.T.);
#1478=ADVANCED_FACE('',(#109,#19,#20,#21,#22,#23,#24,#25,#26,#27),#78,.T.);
#1479=ADVANCED_FACE('',(#110),#79,.T.);
#1480=ADVANCED_FACE('',(#111),#1421,.F.);
#1481=ADVANCED_FACE('',(#112),#80,.T.);
#1482=ADVANCED_FACE('',(#113),#81,.T.);
#1483=ADVANCED_FACE('',(#114),#82,.T.);
#1484=ADVANCED_FACE('',(#115),#1422,.F.);
#1485=ADVANCED_FACE('',(#116),#1423,.F.);
#1486=ADVANCED_FACE('',(#117),#1424,.T.);
#1487=ADVANCED_FACE('',(#118),#67,.F.);
#1488=ADVANCED_FACE('',(#119,#28,#29,#30,#31,#32,#33),#83,.T.);
#1489=ADVANCED_FACE('',(#120),#1425,.F.);
#1490=ADVANCED_FACE('',(#121),#1426,.T.);
#1491=ADVANCED_FACE('',(#122),#68,.F.);
#1492=ADVANCED_FACE('',(#123),#1427,.F.);
#1493=ADVANCED_FACE('',(#124,#34,#35,#36,#37,#38,#39),#84,.F.);
#1494=ADVANCED_FACE('',(#125),#1428,.T.);
#1495=ADVANCED_FACE('',(#126),#85,.T.);
#1496=ADVANCED_FACE('',(#127),#69,.T.);
#1497=ADVANCED_FACE('',(#128),#1429,.F.);
#1498=ADVANCED_FACE('',(#129),#1430,.T.);
#1499=ADVANCED_FACE('',(#130),#1431,.F.);
#1500=ADVANCED_FACE('',(#131),#70,.T.);
#1501=ADVANCED_FACE('',(#132),#71,.T.);
#1502=ADVANCED_FACE('',(#133),#1432,.F.);
#1503=ADVANCED_FACE('',(#134),#1433,.T.);
#1504=ADVANCED_FACE('',(#135),#1434,.F.);
#1505=ADVANCED_FACE('',(#136),#86,.T.);
#1506=ADVANCED_FACE('',(#137),#1435,.T.);
#1507=ADVANCED_FACE('',(#138),#1436,.F.);
#1508=ADVANCED_FACE('',(#139),#1437,.T.);
#1509=ADVANCED_FACE('',(#140),#1438,.T.);
#1510=ADVANCED_FACE('',(#141),#87,.T.);
#1511=ADVANCED_FACE('',(#142,#40,#41,#42,#43,#44,#45,#46,#47,#48),#88,.F.);
#1512=ADVANCED_FACE('',(#143),#1439,.T.);
#1513=ADVANCED_FACE('',(#144),#1440,.F.);
#1514=ADVANCED_FACE('',(#145),#1441,.T.);
#1515=ADVANCED_FACE('',(#146),#1442,.F.);
#1516=ADVANCED_FACE('',(#147),#1443,.T.);
#1517=ADVANCED_FACE('',(#148),#1444,.F.);
#1518=ADVANCED_FACE('',(#149),#89,.T.);
#1519=ADVANCED_FACE('',(#150),#1445,.F.);
#1520=ADVANCED_FACE('',(#151),#1446,.F.);
#1521=ADVANCED_FACE('',(#152),#1447,.F.);
#1522=ADVANCED_FACE('',(#153),#90,.T.);
#1523=ADVANCED_FACE('',(#154),#1448,.F.);
#1524=ADVANCED_FACE('',(#155),#1449,.F.);
#1525=ADVANCED_FACE('',(#156),#1450,.F.);
#1526=ADVANCED_FACE('',(#157),#1451,.F.);
#1527=ADVANCED_FACE('',(#158),#1452,.F.);
#1528=ADVANCED_FACE('',(#159),#1453,.F.);
#1529=ADVANCED_FACE('',(#160),#1454,.F.);
#1530=ADVANCED_FACE('',(#161),#1455,.F.);
#1531=ADVANCED_FACE('',(#162),#1456,.F.);
#1532=ADVANCED_FACE('',(#163),#1457,.F.);
#1533=ADVANCED_FACE('',(#164),#91,.T.);
#1534=ADVANCED_FACE('',(#165),#1458,.F.);
#1535=ADVANCED_FACE('',(#166),#1459,.T.);
#1536=ADVANCED_FACE('',(#167),#1460,.T.);
#1537=ADVANCED_FACE('',(#168),#92,.T.);
#1538=ADVANCED_FACE('',(#169),#93,.T.);
#1539=ADVANCED_FACE('',(#170),#1461,.T.);
#1540=ADVANCED_FACE('',(#171),#72,.T.);
#1541=ADVANCED_FACE('',(#172),#1462,.F.);
#1542=CLOSED_SHELL('',(#1463,#1464,#1465,#1466,#1467,#1468,#1469,#1470,
#1471,#1472,#1473,#1474,#1475,#1476,#1477,#1478,#1479,#1480,#1481,#1482,
#1483,#1484,#1485,#1486,#1487,#1488,#1489,#1490,#1491,#1492,#1493,#1494,
#1495,#1496,#1497,#1498,#1499,#1500,#1501,#1502,#1503,#1504,#1505,#1506,
#1507,#1508,#1509,#1510,#1511,#1512,#1513,#1514,#1515,#1516,#1517,#1518,
#1519,#1520,#1521,#1522,#1523,#1524,#1525,#1526,#1527,#1528,#1529,#1530,
#1531,#1532,#1533,#1534,#1535,#1536,#1537,#1538,#1539,#1540,#1541));
#1543=DERIVED_UNIT_ELEMENT(#1545,1.);
#1544=DERIVED_UNIT_ELEMENT(#2770,-3.);
#1545=(
MASS_UNIT()
NAMED_UNIT(*)
SI_UNIT(.KILO.,.GRAM.)
);
#1546=DERIVED_UNIT((#1543,#1544));
#1547=MEASURE_REPRESENTATION_ITEM('density measure',
POSITIVE_RATIO_MEASURE(7850.),#1546);
#1548=PROPERTY_DEFINITION_REPRESENTATION(#1553,#1550);
#1549=PROPERTY_DEFINITION_REPRESENTATION(#1554,#1551);
#1550=REPRESENTATION('material name',(#1552),#2767);
#1551=REPRESENTATION('density',(#1547),#2767);
#1552=DESCRIPTIVE_REPRESENTATION_ITEM('Steel','Steel');
#1553=PROPERTY_DEFINITION('material property','material name',#2782);
#1554=PROPERTY_DEFINITION('material property','density of part',#2782);
#1555=AXIS2_PLACEMENT_3D('',#2150,#1713,#1714);
#1556=AXIS2_PLACEMENT_3D('',#2151,#1715,#1716);
#1557=AXIS2_PLACEMENT_3D('',#2152,#1717,#1718);
#1558=AXIS2_PLACEMENT_3D('',#2154,#1719,#1720);
#1559=AXIS2_PLACEMENT_3D('',#2157,#1722,#1723);
#1560=AXIS2_PLACEMENT_3D('',#2158,#1724,#1725);
#1561=AXIS2_PLACEMENT_3D('',#2160,#1726,#1727);
#1562=AXIS2_PLACEMENT_3D('',#2163,#1729,#1730);
#1563=AXIS2_PLACEMENT_3D('',#2164,#1731,#1732);
#1564=AXIS2_PLACEMENT_3D('',#2166,#1733,#1734);
#1565=AXIS2_PLACEMENT_3D('',#2169,#1736,#1737);
#1566=AXIS2_PLACEMENT_3D('',#2170,#1738,#1739);
#1567=AXIS2_PLACEMENT_3D('',#2172,#1740,#1741);
#1568=AXIS2_PLACEMENT_3D('',#2175,#1743,#1744);
#1569=AXIS2_PLACEMENT_3D('',#2176,#1745,#1746);
#1570=AXIS2_PLACEMENT_3D('',#2178,#1747,#1748);
#1571=AXIS2_PLACEMENT_3D('',#2181,#1750,#1751);
#1572=AXIS2_PLACEMENT_3D('',#2182,#1752,#1753);
#1573=AXIS2_PLACEMENT_3D('',#2184,#1754,#1755);
#1574=AXIS2_PLACEMENT_3D('',#2187,#1757,#1758);
#1575=AXIS2_PLACEMENT_3D('',#2188,#1759,#1760);
#1576=AXIS2_PLACEMENT_3D('',#2195,#1763,#1764);
#1577=AXIS2_PLACEMENT_3D('',#2199,#1766,#1767);
#1578=AXIS2_PLACEMENT_3D('',#2236,#1774,#1775);
#1579=AXIS2_PLACEMENT_3D('',#2245,#1778,#1779);
#1580=AXIS2_PLACEMENT_3D('',#2252,#1784,#1785);
#1581=AXIS2_PLACEMENT_3D('',#2259,#1788,#1789);
#1582=AXIS2_PLACEMENT_3D('',#2263,#1791,#1792);
#1583=AXIS2_PLACEMENT_3D('',#2298,#1798,#1799);
#1584=AXIS2_PLACEMENT_3D('',#2307,#1802,#1803);
#1585=AXIS2_PLACEMENT_3D('',#2314,#1808,#1809);
#1586=AXIS2_PLACEMENT_3D('',#2318,#1812,#1813);
#1587=AXIS2_PLACEMENT_3D('',#2322,#1815,#1816);
#1588=AXIS2_PLACEMENT_3D('',#2324,#1817,#1818);
#1589=AXIS2_PLACEMENT_3D('',#2326,#1819,#1820);
#1590=AXIS2_PLACEMENT_3D('',#2331,#1823,#1824);
#1591=AXIS2_PLACEMENT_3D('',#2334,#1826,#1827);
#1592=AXIS2_PLACEMENT_3D('',#2336,#1828,#1829);
#1593=AXIS2_PLACEMENT_3D('',#2338,#1830,#1831);
#1594=AXIS2_PLACEMENT_3D('',#2340,#1832,#1833);
#1595=AXIS2_PLACEMENT_3D('',#2342,#1834,#1835);
#1596=AXIS2_PLACEMENT_3D('',#2344,#1836,#1837);
#1597=AXIS2_PLACEMENT_3D('',#2346,#1838,#1839);
#1598=AXIS2_PLACEMENT_3D('',#2348,#1840,#1841);
#1599=AXIS2_PLACEMENT_3D('',#2351,#1842,#1843);
#1600=AXIS2_PLACEMENT_3D('',#2355,#1845,#1846);
#1601=AXIS2_PLACEMENT_3D('',#2357,#1847,#1848);
#1602=AXIS2_PLACEMENT_3D('',#2359,#1849,#1850);
#1603=AXIS2_PLACEMENT_3D('',#2363,#1852,#1853);
#1604=AXIS2_PLACEMENT_3D('',#2365,#1854,#1855);
#1605=AXIS2_PLACEMENT_3D('',#2367,#1856,#1857);
#1606=AXIS2_PLACEMENT_3D('',#2371,#1859,#1860);
#1607=AXIS2_PLACEMENT_3D('',#2373,#1861,#1862);
#1608=AXIS2_PLACEMENT_3D('',#2375,#1863,#1864);
#1609=AXIS2_PLACEMENT_3D('',#2379,#1866,#1867);
#1610=AXIS2_PLACEMENT_3D('',#2380,#1868,#1869);
#1611=AXIS2_PLACEMENT_3D('',#2381,#1870,#1871);
#1612=AXIS2_PLACEMENT_3D('',#2389,#1876,#1877);
#1613=AXIS2_PLACEMENT_3D('',#2395,#1879,#1880);
#1614=AXIS2_PLACEMENT_3D('',#2399,#1883,#1884);
#1615=AXIS2_PLACEMENT_3D('',#2403,#1886,#1887);
#1616=AXIS2_PLACEMENT_3D('',#2406,#1889,#1890);
#1617=AXIS2_PLACEMENT_3D('',#2407,#1891,#1892);
#1618=AXIS2_PLACEMENT_3D('',#2415,#1897,#1898);
#1619=AXIS2_PLACEMENT_3D('',#2421,#1900,#1901);
#1620=AXIS2_PLACEMENT_3D('',#2428,#1904,#1905);
#1621=AXIS2_PLACEMENT_3D('',#2431,#1907,#1908);
#1622=AXIS2_PLACEMENT_3D('',#2432,#1909,#1910);
#1623=AXIS2_PLACEMENT_3D('',#2471,#1916,#1917);
#1624=AXIS2_PLACEMENT_3D('',#2474,#1919,#1920);
#1625=AXIS2_PLACEMENT_3D('',#2476,#1921,#1922);
#1626=AXIS2_PLACEMENT_3D('',#2478,#1923,#1924);
#1627=AXIS2_PLACEMENT_3D('',#2480,#1925,#1926);
#1628=AXIS2_PLACEMENT_3D('',#2482,#1927,#1928);
#1629=AXIS2_PLACEMENT_3D('',#2486,#1930,#1931);
#1630=AXIS2_PLACEMENT_3D('',#2487,#1932,#1933);
#1631=AXIS2_PLACEMENT_3D('',#2488,#1934,#1935);
#1632=AXIS2_PLACEMENT_3D('',#2495,#1939,#1940);
#1633=AXIS2_PLACEMENT_3D('',#2496,#1941,#1942);
#1634=AXIS2_PLACEMENT_3D('',#2533,#1948,#1949);
#1635=AXIS2_PLACEMENT_3D('',#2540,#1951,#1952);
#1636=AXIS2_PLACEMENT_3D('',#2542,#1953,#1954);
#1637=AXIS2_PLACEMENT_3D('',#2543,#1955,#1956);
#1638=AXIS2_PLACEMENT_3D('',#2545,#1957,#1958);
#1639=AXIS2_PLACEMENT_3D('',#2547,#1959,#1960);
#1640=AXIS2_PLACEMENT_3D('',#2549,#1961,#1962);
#1641=AXIS2_PLACEMENT_3D('',#2550,#1963,#1964);
#1642=AXIS2_PLACEMENT_3D('',#2551,#1965,#1966);
#1643=AXIS2_PLACEMENT_3D('',#2552,#1967,#1968);
#1644=AXIS2_PLACEMENT_3D('',#2553,#1969,#1970);
#1645=AXIS2_PLACEMENT_3D('',#2554,#1971,#1972);
#1646=AXIS2_PLACEMENT_3D('',#2574,#1975,#1976);
#1647=AXIS2_PLACEMENT_3D('',#2578,#1979,#1980);
#1648=AXIS2_PLACEMENT_3D('',#2580,#1982,#1983);
#1649=AXIS2_PLACEMENT_3D('',#2618,#1985,#1986);
#1650=AXIS2_PLACEMENT_3D('',#2620,#1987,#1988);
#1651=AXIS2_PLACEMENT_3D('',#2622,#1990,#1991);
#1652=AXIS2_PLACEMENT_3D('',#2624,#1992,#1993);
#1653=AXIS2_PLACEMENT_3D('',#2626,#1995,#1996);
#1654=AXIS2_PLACEMENT_3D('',#2628,#1997,#1998);
#1655=AXIS2_PLACEMENT_3D('',#2630,#2000,#2001);
#1656=AXIS2_PLACEMENT_3D('',#2632,#2003,#2004);
#1657=AXIS2_PLACEMENT_3D('',#2634,#2006,#2007);
#1658=AXIS2_PLACEMENT_3D('',#2636,#2009,#2010);
#1659=AXIS2_PLACEMENT_3D('',#2637,#2011,#2012);
#1660=AXIS2_PLACEMENT_3D('',#2641,#2014,#2015);
#1661=AXIS2_PLACEMENT_3D('',#2643,#2017,#2018);
#1662=AXIS2_PLACEMENT_3D('',#2647,#2021,#2022);
#1663=AXIS2_PLACEMENT_3D('',#2650,#2024,#2025);
#1664=AXIS2_PLACEMENT_3D('',#2652,#2026,#2027);
#1665=AXIS2_PLACEMENT_3D('',#2654,#2028,#2029);
#1666=AXIS2_PLACEMENT_3D('',#2658,#2031,#2032);
#1667=AXIS2_PLACEMENT_3D('',#2660,#2033,#2034);
#1668=AXIS2_PLACEMENT_3D('',#2662,#2035,#2036);
#1669=AXIS2_PLACEMENT_3D('',#2666,#2038,#2039);
#1670=AXIS2_PLACEMENT_3D('',#2668,#2040,#2041);
#1671=AXIS2_PLACEMENT_3D('',#2670,#2042,#2043);
#1672=AXIS2_PLACEMENT_3D('',#2674,#2045,#2046);
#1673=AXIS2_PLACEMENT_3D('',#2676,#2047,#2048);
#1674=AXIS2_PLACEMENT_3D('',#2677,#2049,#2050);
#1675=AXIS2_PLACEMENT_3D('',#2679,#2051,#2052);
#1676=AXIS2_PLACEMENT_3D('',#2681,#2053,#2054);
#1677=AXIS2_PLACEMENT_3D('',#2683,#2055,#2056);
#1678=AXIS2_PLACEMENT_3D('',#2685,#2057,#2058);
#1679=AXIS2_PLACEMENT_3D('',#2687,#2059,#2060);
#1680=AXIS2_PLACEMENT_3D('',#2689,#2061,#2062);
#1681=AXIS2_PLACEMENT_3D('',#2691,#2063,#2064);
#1682=AXIS2_PLACEMENT_3D('',#2693,#2065,#2066);
#1683=AXIS2_PLACEMENT_3D('',#2694,#2067,#2068);
#1684=AXIS2_PLACEMENT_3D('',#2697,#2071,#2072);
#1685=AXIS2_PLACEMENT_3D('',#2699,#2074,#2075);
#1686=AXIS2_PLACEMENT_3D('',#2702,#2078,#2079);
#1687=AXIS2_PLACEMENT_3D('',#2703,#2080,#2081);
#1688=AXIS2_PLACEMENT_3D('',#2705,#2083,#2084);
#1689=AXIS2_PLACEMENT_3D('',#2708,#2087,#2088);
#1690=AXIS2_PLACEMENT_3D('',#2709,#2089,#2090);
#1691=AXIS2_PLACEMENT_3D('',#2711,#2092,#2093);
#1692=AXIS2_PLACEMENT_3D('',#2712,#2094,#2095);
#1693=AXIS2_PLACEMENT_3D('',#2715,#2098,#2099);
#1694=AXIS2_PLACEMENT_3D('',#2716,#2100,#2101);
#1695=AXIS2_PLACEMENT_3D('',#2719,#2104,#2105);
#1696=AXIS2_PLACEMENT_3D('',#2720,#2106,#2107);
#1697=AXIS2_PLACEMENT_3D('',#2722,#2109,#2110);
#1698=AXIS2_PLACEMENT_3D('',#2724,#2112,#2113);
#1699=AXIS2_PLACEMENT_3D('',#2726,#2115,#2116);
#1700=AXIS2_PLACEMENT_3D('',#2728,#2118,#2119);
#1701=AXIS2_PLACEMENT_3D('',#2730,#2121,#2122);
#1702=AXIS2_PLACEMENT_3D('',#2732,#2124,#2125);
#1703=AXIS2_PLACEMENT_3D('',#2734,#2127,#2128);
#1704=AXIS2_PLACEMENT_3D('',#2736,#2130,#2131);
#1705=AXIS2_PLACEMENT_3D('',#2737,#2132,#2133);
#1706=AXIS2_PLACEMENT_3D('',#2738,#2134,#2135);
#1707=AXIS2_PLACEMENT_3D('',#2739,#2136,#2137);
#1708=AXIS2_PLACEMENT_3D('',#2741,#2139,#2140);
#1709=AXIS2_PLACEMENT_3D('',#2742,#2141,#2142);
#1710=AXIS2_PLACEMENT_3D('',#2744,#2144,#2145);
#1711=AXIS2_PLACEMENT_3D('',#2761,#2146,#2147);
#1712=AXIS2_PLACEMENT_3D('',#2762,#2148,#2149);
#1713=DIRECTION('axis',(0.,0.,1.));
#1714=DIRECTION('refdir',(1.,0.,0.));
#1715=DIRECTION('axis',(0.,0.,1.));
#1716=DIRECTION('refdir',(1.,0.,0.));
#1717=DIRECTION('center_axis',(0.,1.,-6.34413156928661E-16));
#1718=DIRECTION('ref_axis',(-0.999094756576369,2.69880533736628E-17,0.042540185490979));
#1719=DIRECTION('center_axis',(8.84708972748171E-17,1.,5.55111512312578E-17));
#1720=DIRECTION('ref_axis',(-0.999094756576369,2.69880533736628E-17,0.042540185490979));
#1721=DIRECTION('',(0.,1.,-6.34413156928661E-16));
#1722=DIRECTION('center_axis',(-8.84708972748171E-17,-1.,-5.55111512312578E-17));
#1723=DIRECTION('ref_axis',(-0.999094756576369,2.69880533736628E-17,0.042540185490979));
#1724=DIRECTION('center_axis',(0.,1.,-6.34413156928661E-16));
#1725=DIRECTION('ref_axis',(-0.999094756576369,2.69880533736628E-17,0.042540185490979));
#1726=DIRECTION('center_axis',(8.84708972748171E-17,1.,5.55111512312578E-17));
#1727=DIRECTION('ref_axis',(-0.999094756576369,2.69880533736628E-17,0.042540185490979));
#1728=DIRECTION('',(0.,1.,-6.34413156928661E-16));
#1729=DIRECTION('center_axis',(-8.84708972748171E-17,-1.,-5.55111512312578E-17));
#1730=DIRECTION('ref_axis',(-0.999094756576369,2.69880533736628E-17,0.042540185490979));
#1731=DIRECTION('center_axis',(0.,1.,-6.34413156928661E-16));
#1732=DIRECTION('ref_axis',(-0.999094756576369,2.69880533736628E-17,0.042540185490979));
#1733=DIRECTION('center_axis',(8.84708972748171E-17,1.,5.55111512312578E-17));
#1734=DIRECTION('ref_axis',(-0.999094756576369,2.69880533736628E-17,0.042540185490979));
#1735=DIRECTION('',(0.,1.,-6.34413156928661E-16));
#1736=DIRECTION('center_axis',(-8.84708972748171E-17,-1.,-5.55111512312578E-17));
#1737=DIRECTION('ref_axis',(-0.999094756576369,2.69880533736628E-17,0.042540185490979));
#1738=DIRECTION('center_axis',(0.,1.,-6.34413156928661E-16));
#1739=DIRECTION('ref_axis',(-0.999094756576369,2.69880533736628E-17,0.042540185490979));
#1740=DIRECTION('center_axis',(8.84708972748171E-17,1.,5.55111512312578E-17));
#1741=DIRECTION('ref_axis',(-0.999094756576369,2.69880533736628E-17,0.042540185490979));
#1742=DIRECTION('',(0.,1.,-6.34413156928661E-16));
#1743=DIRECTION('center_axis',(-8.84708972748171E-17,-1.,-5.55111512312578E-17));
#1744=DIRECTION('ref_axis',(-0.999094756576369,2.69880533736628E-17,0.042540185490979));
#1745=DIRECTION('center_axis',(0.,1.,-6.34413156928661E-16));
#1746=DIRECTION('ref_axis',(-0.999094756576369,2.69880533736628E-17,0.042540185490979));
#1747=DIRECTION('center_axis',(8.84708972748171E-17,1.,5.55111512312578E-17));
#1748=DIRECTION('ref_axis',(-0.999094756576369,2.69880533736628E-17,0.042540185490979));
#1749=DIRECTION('',(0.,1.,-6.34413156928661E-16));
#1750=DIRECTION('center_axis',(-8.84708972748171E-17,-1.,-5.55111512312578E-17));
#1751=DIRECTION('ref_axis',(-0.999094756576369,2.69880533736628E-17,0.042540185490979));
#1752=DIRECTION('center_axis',(0.,1.,-6.34413156928661E-16));
#1753=DIRECTION('ref_axis',(-0.999094756576369,2.69880533736628E-17,0.042540185490979));
#1754=DIRECTION('center_axis',(8.84708972748171E-17,1.,5.55111512312578E-17));
#1755=DIRECTION('ref_axis',(-0.999094756576369,2.69880533736628E-17,0.042540185490979));
#1756=DIRECTION('',(0.,1.,-6.34413156928661E-16));
#1757=DIRECTION('center_axis',(-8.84708972748171E-17,-1.,-5.55111512312578E-17));
#1758=DIRECTION('ref_axis',(-0.999094756576369,2.69880533736628E-17,0.042540185490979));
#1759=DIRECTION('center_axis',(-0.113418120406632,0.906307787036651,0.407114879512104));
#1760=DIRECTION('ref_axis',(-0.991157234367432,-0.131615566827768,0.01687244290872));
#1761=DIRECTION('',(0.963315872426485,-2.77555756156289E-17,0.268370136064356));
#1762=DIRECTION('',(-0.457640881620094,-0.411357147715213,0.788257648547471));
#1763=DIRECTION('center_axis',(-0.113418120406632,0.906307787036651,0.407114879512104));
#1764=DIRECTION('ref_axis',(-0.958036349465271,0.00880974777081859,-0.286511328654683));
#1765=DIRECTION('',(0.963315872426485,-6.93889390390723E-17,0.268370136064356));
#1766=DIRECTION('center_axis',(-0.113418120406632,0.906307787036651,0.407114879512104));
#1767=DIRECTION('ref_axis',(-0.939263788026033,0.035781687735501,-0.341325661686588));
#1768=DIRECTION('',(-0.323913362593163,-0.421100778887344,0.847203793401601));
#1769=DIRECTION('',(-0.435531135254162,-0.413643549457796,0.799507125807004));
#1770=DIRECTION('',(0.113418120406632,-0.906307787036651,-0.407114879512104));
#1771=DIRECTION('',(-5.27760062199292E-17,-1.,-1.47028657739225E-17));
#1772=DIRECTION('',(-5.27760062199292E-17,-1.,-1.47028657739225E-17));
#1773=DIRECTION('',(0.113418120406632,-0.906307787036651,-0.407114879512104));
#1774=DIRECTION('center_axis',(0.963315872426485,2.35557505775215E-32,0.268370136064356));
#1775=DIRECTION('ref_axis',(-2.43991249829558E-32,1.,-1.92592994438724E-34));
#1776=DIRECTION('',(-0.963315872426485,2.77555756156289E-17,-0.268370136064356));
#1777=DIRECTION('',(-0.963315872426485,-2.35557505775215E-32,-0.268370136064356));
#1778=DIRECTION('center_axis',(0.881873660698294,-0.0969097114861716,0.461418849188302));
#1779=DIRECTION('ref_axis',(-0.457640881620094,-0.411357147715213,0.788257648547471));
#1780=DIRECTION('',(-0.113418120406632,0.906307787036651,0.407114879512104));
#1781=DIRECTION('',(-0.113418120406632,0.906307787036651,0.407114879512104));
#1782=DIRECTION('',(0.457640881620094,0.411357147715213,-0.788257648547471));
#1783=DIRECTION('',(0.113418120406632,-0.906307787036651,-0.407114879512104));
#1784=DIRECTION('center_axis',(-0.113418120406632,0.906307787036651,0.407114879512104));
#1785=DIRECTION('ref_axis',(-0.991157234367432,-0.131615566827768,0.01687244290872));
#1786=DIRECTION('',(0.963315872426485,-2.77555756156289E-17,0.268370136064356));
#1787=DIRECTION('',(0.537037695512738,0.400663888471935,-0.742333457465657));
#1788=DIRECTION('center_axis',(-0.113418120406632,0.906307787036651,0.407114879512104));
#1789=DIRECTION('ref_axis',(-0.924404775607905,0.0539272913433069,-0.37758132644726));
#1790=DIRECTION('',(0.963315872426485,-6.93889390390723E-17,0.268370136064356));
#1791=DIRECTION('center_axis',(0.113418120406633,-0.906307787036651,-0.407114879512104));
#1792=DIRECTION('ref_axis',(-0.922611645609273,0.0559778760800796,-0.381646732955638));
#1793=DIRECTION('',(0.553794675755838,0.397869621835382,-0.731444612479344));
#1794=DIRECTION('',(0.113418120406632,-0.906307787036651,-0.407114879512104));
#1795=DIRECTION('',(0.,-1.,0.));
#1796=DIRECTION('',(0.,-1.,0.));
#1797=DIRECTION('',(0.113418120406632,-0.906307787036651,-0.407114879512104));
#1798=DIRECTION('center_axis',(0.963315872426485,2.35557505775215E-32,0.268370136064356));
#1799=DIRECTION('ref_axis',(-2.43991249829558E-32,1.,-1.92592994438724E-34));
#1800=DIRECTION('',(-0.963315872426485,2.77555756156289E-17,-0.268370136064356));
#1801=DIRECTION('',(-0.963315872426485,-2.35557505775215E-32,-0.268370136064356));
#1802=DIRECTION('center_axis',(0.835898823759069,-0.134441971241415,0.532163990520712));
#1803=DIRECTION('ref_axis',(0.537037695512738,0.400663888471935,-0.742333457465657));
#1804=DIRECTION('',(-0.113418120406632,0.906307787036651,0.407114879512104));
#1805=DIRECTION('',(-0.113418120406632,0.906307787036651,0.407114879512104));
#1806=DIRECTION('',(0.537037695512738,0.400663888471935,-0.742333457465657));
#1807=DIRECTION('',(-0.113418120406632,0.906307787036651,0.407114879512104));
#1808=DIRECTION('center_axis',(-0.892999977708649,0.0866326101920286,-0.441639933275591));
#1809=DIRECTION('ref_axis',(-0.435531135254162,-0.413643549457796,0.799507125807004));
#1810=DIRECTION('',(-0.113418120406632,0.906307787036651,0.407114879512104));
#1811=DIRECTION('',(-0.435531135254162,-0.413643549457796,0.799507125807004));
#1812=DIRECTION('center_axis',(-2.43991249829558E-32,1.,-1.92592994438724E-34));
#1813=DIRECTION('ref_axis',(-0.998987863978962,-1.23259516440783E-32,0.044980524927468));
#1814=DIRECTION('',(0.482115079767403,1.75259624939238E-32,-0.8761078985267));
#1815=DIRECTION('center_axis',(-3.65926689433575E-32,1.,3.46667389989702E-33));
#1816=DIRECTION('ref_axis',(0.668365372994913,1.91734719283305E-32,-0.743833131946521));
#1817=DIRECTION('center_axis',(-3.67732248756438E-32,1.,-5.77778983316171E-34));
#1818=DIRECTION('ref_axis',(-0.758603990534104,-1.61908685785231E-32,0.651551982228381));
#1819=DIRECTION('center_axis',(-3.66889654405768E-32,1.,1.34815096107107E-33));
#1820=DIRECTION('ref_axis',(0.81498545989349,2.27894140613585E-32,0.579481406226461));
#1821=DIRECTION('',(-0.577466417004723,-5.97831821361043E-16,0.816414439627159));
#1822=DIRECTION('',(0.56087568508311,-2.88082067498563E-16,-0.827900033749578));
#1823=DIRECTION('center_axis',(-2.43991249829558E-32,1.,-1.92592994438724E-34));
#1824=DIRECTION('ref_axis',(-0.998987863978962,-1.1466001531625E-32,0.044980524927468));
#1825=DIRECTION('',(-0.460141365678053,2.88658054126412E-16,0.887845664286274));
#1826=DIRECTION('center_axis',(1.20370621524202E-34,-1.,9.62964972193618E-33));
#1827=DIRECTION('ref_axis',(-0.998987863978962,-1.92592994438723E-32,0.044980524927468));
#1828=DIRECTION('center_axis',(1.27953970680227E-32,-1.,1.6755590516169E-32));
#1829=DIRECTION('ref_axis',(-0.998987863978962,-1.92592994438723E-32,0.044980524927468));
#1830=DIRECTION('center_axis',(1.23379887062307E-32,-1.,6.5481618109166E-33));
#1831=DIRECTION('ref_axis',(-0.998987863978962,-1.92592994438723E-32,0.044980524927468));
#1832=DIRECTION('center_axis',(2.44111620451082E-32,-1.,3.85185988877447E-34));
#1833=DIRECTION('ref_axis',(-0.998987863978962,-1.40067632319071E-32,0.044980524927468));
#1834=DIRECTION('center_axis',(2.43991249829558E-32,-1.,1.92592994438724E-34));
#1835=DIRECTION('ref_axis',(-0.998987863978962,-1.40067632319072E-32,0.044980524927468));
#1836=DIRECTION('center_axis',(1.25065075763646E-32,-1.,1.02074287052524E-32));
#1837=DIRECTION('ref_axis',(-0.998987863978962,-1.92592994438723E-32,0.044980524927468));
#1838=DIRECTION('center_axis',(3.61111864572607E-35,-1.,7.89631277198767E-33));
#1839=DIRECTION('ref_axis',(-0.998987863978962,-1.92592994438723E-32,0.044980524927468));
#1840=DIRECTION('center_axis',(-1.23981740169928E-32,-1.,5.77778983316171E-33));
#1841=DIRECTION('ref_axis',(-0.998987863978962,1.92592994438723E-32,0.044980524927468));
#1842=DIRECTION('center_axis',(2.43991249829558E-32,-1.,1.92592994438724E-34));
#1843=DIRECTION('ref_axis',(0.454515652529041,-2.64376470512537E-17,0.890738750479679));
#1844=DIRECTION('',(0.34503213905775,3.2740809054583E-33,-0.938590870942837));
#1845=DIRECTION('center_axis',(-2.43991249829558E-32,1.,-1.92592994438724E-34));
#1846=DIRECTION('ref_axis',(-0.391844717085715,2.25570347914731E-17,-0.92003136777613));
#1847=DIRECTION('center_axis',(2.43991249829558E-32,-1.,1.92592994438724E-34));
#1848=DIRECTION('ref_axis',(-0.998987863978962,-1.24819763484337E-32,0.044980524927468));
#1849=DIRECTION('center_axis',(-2.43991249829558E-32,1.,-1.92592994438724E-34));
#1850=DIRECTION('ref_axis',(0.902161862438687,-5.45429160825864E-17,0.431397698140775));
#1851=DIRECTION('',(-0.95467646065609,-1.14111349204944E-32,0.297645519820408));
#1852=DIRECTION('center_axis',(2.43991249829558E-32,-1.,1.92592994438724E-34));
#1853=DIRECTION('ref_axis',(-0.870316341363492,5.24995583707915E-17,-0.492493112597187));
#1854=DIRECTION('center_axis',(2.43991249829558E-32,-1.,1.92592994438724E-34));
#1855=DIRECTION('ref_axis',(-0.998987863978962,-1.49405474473676E-32,0.044980524927468));
#1856=DIRECTION('center_axis',(2.43991249829558E-32,-1.,1.92592994438724E-34));
#1857=DIRECTION('ref_axis',(-0.454515652529048,2.64376470512542E-17,-0.890738750479675));
#1858=DIRECTION('',(-0.345032139057748,-4.42963887209064E-33,0.938590870942838));
#1859=DIRECTION('center_axis',(-2.43991249829558E-32,1.,-1.92592994438724E-34));
#1860=DIRECTION('ref_axis',(0.391844717085706,-2.25570347914725E-17,0.920031367776133));
#1861=DIRECTION('center_axis',(2.43991249829558E-32,-1.,1.92592994438724E-34));
#1862=DIRECTION('ref_axis',(-0.998987863978962,-1.24819763484337E-32,0.044980524927468));
#1863=DIRECTION('center_axis',(-2.43991249829558E-32,1.,-1.92592994438724E-34));
#1864=DIRECTION('ref_axis',(-0.902161862438687,5.45429160825864E-17,-0.431397698140775));
#1865=DIRECTION('',(0.95467646065609,1.14111349204944E-32,-0.297645519820408));
#1866=DIRECTION('center_axis',(2.43991249829558E-32,-1.,1.92592994438724E-34));
#1867=DIRECTION('ref_axis',(0.8703163413635,-5.2499558370792E-17,0.492493112597173));
#1868=DIRECTION('center_axis',(2.43991249829558E-32,-1.,1.92592994438724E-34));
#1869=DIRECTION('ref_axis',(-0.998987863978962,-1.49405474473676E-32,0.044980524927468));
#1870=DIRECTION('center_axis',(0.8761078985267,0.,0.482115079767403));
#1871=DIRECTION('ref_axis',(-0.482115079767403,-1.75259624939238E-32,0.8761078985267));
#1872=DIRECTION('',(0.,1.,0.));
#1873=DIRECTION('',(-0.482115079767403,-1.75259624939238E-32,0.8761078985267));
#1874=DIRECTION('',(0.,-1.,0.));
#1875=DIRECTION('',(0.,1.,0.));
#1876=DIRECTION('center_axis',(0.963315872426485,2.35557505775215E-32,0.268370136064356));
#1877=DIRECTION('ref_axis',(-2.43991249829558E-32,1.,-1.92592994438724E-34));
#1878=DIRECTION('',(0.963315872426485,2.35557505775215E-32,0.268370136064356));
#1879=DIRECTION('center_axis',(-0.824892591231073,0.142498979565818,-0.547034051732419));
#1880=DIRECTION('ref_axis',(0.553794675755838,0.397869621835382,-0.731444612479344));
#1881=DIRECTION('',(0.113418120406632,-0.906307787036651,-0.407114879512104));
#1882=DIRECTION('',(-0.553794675755838,-0.397869621835382,0.731444612479344));
#1883=DIRECTION('center_axis',(-0.113418120406632,0.906307787036651,0.407114879512104));
#1884=DIRECTION('ref_axis',(-0.991157234367432,-0.131615566827768,0.01687244290872));
#1885=DIRECTION('',(-0.323913362593163,-0.421100778887344,0.847203793401601));
#1886=DIRECTION('center_axis',(-0.113418120406632,0.906307787036651,0.407114879512104));
#1887=DIRECTION('ref_axis',(-0.939263788026033,0.035781687735501,-0.341325661686588));
#1888=DIRECTION('',(-0.963315872426485,6.93889390390723E-17,-0.268370136064356));
#1889=DIRECTION('center_axis',(-0.113418120406632,0.906307787036651,0.407114879512104));
#1890=DIRECTION('ref_axis',(-0.958036349465271,0.00880974777081859,-0.286511328654683));
#1891=DIRECTION('center_axis',(0.827900033749578,-4.97980240344656E-17,
0.56087568508311));
#1892=DIRECTION('ref_axis',(0.56087568508311,-2.88082067498563E-16,-0.827900033749578));
#1893=DIRECTION('',(5.05998098107921E-17,1.,1.40965992904774E-17));
#1894=DIRECTION('',(0.56087568508311,-2.88082067498563E-16,-0.827900033749578));
#1895=DIRECTION('',(6.11975657819858E-17,1.,-1.54658646274526E-18));
#1896=DIRECTION('',(5.05998098107921E-17,1.,1.40965992904774E-17));
#1897=DIRECTION('center_axis',(0.963315872426485,2.35557505775215E-32,0.268370136064356));
#1898=DIRECTION('ref_axis',(-2.43991249829558E-32,1.,-1.92592994438724E-34));
#1899=DIRECTION('',(0.963315872426485,2.35557505775215E-32,0.268370136064356));
#1900=DIRECTION('center_axis',(1.43982048506075E-16,1.,5.55111512312578E-17));
#1901=DIRECTION('ref_axis',(-0.921196305252609,8.64602586373148E-17,-0.389098145959272));
#1902=DIRECTION('',(1.43982048506075E-16,1.,5.55111512312578E-17));
#1903=DIRECTION('',(1.43982048506075E-16,1.,5.55111512312578E-17));
#1904=DIRECTION('center_axis',(-8.84708972748171E-17,-1.,-5.55111512312578E-17));
#1905=DIRECTION('ref_axis',(-0.921196305252609,0.,-0.389098145959272));
#1906=DIRECTION('',(1.43982048506075E-16,1.,5.55111512312578E-17));
#1907=DIRECTION('center_axis',(8.84708972748171E-17,1.,5.55111512312578E-17));
#1908=DIRECTION('ref_axis',(-0.921196305252609,0.,-0.389098145959272));
#1909=DIRECTION('center_axis',(-0.963315872426485,5.55111512312578E-17,
-0.268370136064356));
#1910=DIRECTION('ref_axis',(0.113418120406632,-0.906307787036651,-0.407114879512104));
#1911=DIRECTION('',(0.963315872426485,-2.77555756156289E-17,0.268370136064356));
#1912=DIRECTION('',(-8.84708972748171E-17,-1.,-5.55111512312578E-17));
#1913=DIRECTION('',(0.113418120406632,-0.906307787036651,-0.407114879512104));
#1914=DIRECTION('',(0.113418120406632,-0.906307787036651,-0.407114879512104));
#1915=DIRECTION('',(-8.84708972748171E-17,-1.,-5.55111512312578E-17));
#1916=DIRECTION('center_axis',(8.84708972748171E-17,1.,5.55111512312578E-17));
#1917=DIRECTION('ref_axis',(-0.998987863978962,2.94902990916057E-17,0.0449805249274679));
#1918=DIRECTION('',(-0.963315872426485,2.77555756156289E-17,-0.268370136064356));
#1919=DIRECTION('center_axis',(-2.18575157973078E-16,1.,-1.66533453693773E-16));
#1920=DIRECTION('ref_axis',(-0.919281173199449,-3.50669554722936E-16,-0.393601479419278));
#1921=DIRECTION('center_axis',(1.00613961606655E-16,1.,-5.55111512312578E-17));
#1922=DIRECTION('ref_axis',(-0.184788358068131,1.48375030583371E-16,0.982778338549688));
#1923=DIRECTION('center_axis',(8.84708972748171E-17,1.,5.55111512312578E-17));
#1924=DIRECTION('ref_axis',(0.280602924430989,0.,-0.95982394156469));
#1925=DIRECTION('center_axis',(8.84708972748171E-17,1.,5.55111512312578E-17));
#1926=DIRECTION('ref_axis',(-0.990002207253495,0.,0.141051868591693));
#1927=DIRECTION('center_axis',(8.84708972748171E-17,1.,5.55111512312578E-17));
#1928=DIRECTION('ref_axis',(-0.957512202714039,2.41050132382154E-17,-0.288392755896726));
#1929=DIRECTION('',(-0.963315872426485,2.77555756156289E-17,-0.268370136064356));
#1930=DIRECTION('center_axis',(8.84708972748171E-17,1.,5.55111512312578E-17));
#1931=DIRECTION('ref_axis',(-0.937134912618013,2.09296166929788E-17,-0.34896727003034));
#1932=DIRECTION('center_axis',(8.84708972748171E-17,1.,5.55111512312578E-17));
#1933=DIRECTION('ref_axis',(-0.893426972626688,4.03717463500057E-17,0.449208464505191));
#1934=DIRECTION('center_axis',(-8.84708972748171E-17,-1.,-5.55111512312578E-17));
#1935=DIRECTION('ref_axis',(-0.957512202714039,2.41050132382154E-17,-0.288392755896726));
#1936=DIRECTION('',(8.84708972748171E-17,1.,5.55111512312578E-17));
#1937=DIRECTION('',(8.84708972748171E-17,1.,5.55111512312578E-17));
#1938=DIRECTION('',(-8.84708972748171E-17,-1.,-5.55111512312578E-17));
#1939=DIRECTION('center_axis',(8.84708972748171E-17,1.,5.55111512312578E-17));
#1940=DIRECTION('ref_axis',(-0.957512202714039,2.41050132382154E-17,-0.288392755896726));
#1941=DIRECTION('center_axis',(-0.963315872426485,5.55111512312578E-17,
-0.268370136064356));
#1942=DIRECTION('ref_axis',(0.113418120406632,-0.906307787036651,-0.407114879512104));
#1943=DIRECTION('',(0.963315872426485,-2.77555756156289E-17,0.268370136064356));
#1944=DIRECTION('',(-1.43982048506075E-16,-1.,-5.55111512312578E-17));
#1945=DIRECTION('',(0.113418120406632,-0.906307787036651,-0.407114879512104));
#1946=DIRECTION('',(0.113418120406632,-0.906307787036651,-0.407114879512104));
#1947=DIRECTION('',(-1.43982048506075E-16,-1.,-5.55111512312578E-17));
#1948=DIRECTION('center_axis',(-0.963315872426485,5.55111512312578E-17,
-0.268370136064356));
#1949=DIRECTION('ref_axis',(0.113418120406632,-0.906307787036651,-0.407114879512104));
#1950=DIRECTION('',(-0.963315872426485,6.93889390390723E-17,-0.268370136064356));
#1951=DIRECTION('center_axis',(8.84708972748171E-17,1.,5.55111512312578E-17));
#1952=DIRECTION('ref_axis',(-0.998987863978962,2.94902990916057E-17,0.0449805249274679));
#1953=DIRECTION('center_axis',(8.84708972748171E-17,1.,5.55111512312578E-17));
#1954=DIRECTION('ref_axis',(-0.893426972626688,4.03717463500057E-17,0.449208464505191));
#1955=DIRECTION('center_axis',(8.84708972748171E-17,1.,5.55111512312578E-17));
#1956=DIRECTION('ref_axis',(-0.937134912618013,2.09296166929788E-17,-0.34896727003034));
#1957=DIRECTION('center_axis',(8.84708972748171E-17,1.,5.55111512312578E-17));
#1958=DIRECTION('ref_axis',(-0.990002207253495,0.,0.141051868591693));
#1959=DIRECTION('center_axis',(8.84708972748171E-17,1.,5.55111512312578E-17));
#1960=DIRECTION('ref_axis',(0.280602924430989,0.,-0.95982394156469));
#1961=DIRECTION('center_axis',(1.00613961606655E-16,1.,-5.55111512312578E-17));
#1962=DIRECTION('ref_axis',(-0.184788358068131,1.48375030583371E-16,0.982778338549688));
#1963=DIRECTION('center_axis',(2.18575157973078E-16,-1.,1.66533453693773E-16));
#1964=DIRECTION('ref_axis',(-0.919281173199449,-3.50669554722936E-16,-0.393601479419278));
#1965=DIRECTION('center_axis',(0.113418120406632,-0.906307787036651,-0.407114879512104));
#1966=DIRECTION('ref_axis',(-0.922611645609273,0.0559778760800799,-0.381646732955638));
#1967=DIRECTION('center_axis',(-0.113418120406633,0.906307787036651,0.407114879512104));
#1968=DIRECTION('ref_axis',(-0.922611645609273,0.0559778760800796,-0.381646732955638));
#1969=DIRECTION('center_axis',(-0.113418120406632,0.906307787036651,0.407114879512104));
#1970=DIRECTION('ref_axis',(-0.991157234367432,-0.131615566827768,0.01687244290872));
#1971=DIRECTION('center_axis',(0.113418120406632,-0.906307787036651,-0.407114879512104));
#1972=DIRECTION('ref_axis',(-0.924404775607905,0.0539272913433069,-0.37758132644726));
#1973=DIRECTION('',(-0.113418120406632,0.906307787036651,0.407114879512104));
#1974=DIRECTION('',(-0.113418120406632,0.906307787036651,0.407114879512104));
#1975=DIRECTION('center_axis',(0.113418120406632,-0.906307787036651,-0.407114879512104));
#1976=DIRECTION('ref_axis',(-0.958036349465271,0.00880974777081859,-0.286511328654683));
#1977=DIRECTION('',(-0.113418120406632,0.906307787036651,0.407114879512104));
#1978=DIRECTION('',(-0.113418120406632,0.906307787036651,0.407114879512104));
#1979=DIRECTION('center_axis',(1.43982048506075E-16,1.,5.55111512312578E-17));
#1980=DIRECTION('ref_axis',(-0.937134912618013,8.37184667719152E-17,-0.34896727003034));
#1981=DIRECTION('',(1.43982048506075E-16,1.,5.55111512312578E-17));
#1982=DIRECTION('center_axis',(-8.84708972748171E-17,-1.,-5.55111512312578E-17));
#1983=DIRECTION('ref_axis',(-0.990002207253495,0.,0.141051868591693));
#1984=DIRECTION('',(8.84708972748171E-17,1.,5.55111512312578E-17));
#1985=DIRECTION('center_axis',(0.,-1.,0.));
#1986=DIRECTION('ref_axis',(0.668365372994913,0.,-0.743833131946521));
#1987=DIRECTION('center_axis',(-3.65926689433575E-32,1.,3.46667389989702E-33));
#1988=DIRECTION('ref_axis',(0.668365372994913,1.91734719283305E-32,-0.743833131946521));
#1989=DIRECTION('',(0.,-1.,0.));
#1990=DIRECTION('center_axis',(0.,-1.,0.));
#1991=DIRECTION('ref_axis',(-0.758603990534104,0.,0.651551982228381));
#1992=DIRECTION('center_axis',(3.67732248756438E-32,-1.,5.77778983316171E-34));
#1993=DIRECTION('ref_axis',(-0.758603990534104,-1.61908685785231E-32,0.651551982228381));
#1994=DIRECTION('',(0.,-1.,0.));
#1995=DIRECTION('center_axis',(0.,-1.,0.));
#1996=DIRECTION('ref_axis',(0.81498545989349,0.,0.579481406226461));
#1997=DIRECTION('center_axis',(-3.66889654405768E-32,1.,1.34815096107107E-33));
#1998=DIRECTION('ref_axis',(0.81498545989349,2.27894140613585E-32,0.579481406226461));
#1999=DIRECTION('',(0.,-1.,0.));
#2000=DIRECTION('center_axis',(-0.816414439627159,0.,-0.577466417004723));
#2001=DIRECTION('ref_axis',(0.577466417004723,5.97831821361043E-16,-0.816414439627159));
#2002=DIRECTION('',(0.577466417004723,5.97831821361043E-16,-0.816414439627159));
#2003=DIRECTION('center_axis',(-8.84708972748171E-17,-1.,-5.55111512312578E-17));
#2004=DIRECTION('ref_axis',(-0.919281173199449,0.,-0.393601479419278));
#2005=DIRECTION('',(-8.84708972748171E-17,-1.,-5.55111512312578E-17));
#2006=DIRECTION('center_axis',(-8.84708972748171E-17,-1.,-5.55111512312578E-17));
#2007=DIRECTION('ref_axis',(-0.184788358068131,4.94583435277902E-17,0.982778338549688));
#2008=DIRECTION('',(-8.84708972748171E-17,-1.,-5.55111512312578E-17));
#2009=DIRECTION('center_axis',(1.43982048506075E-16,1.,5.55111512312578E-17));
#2010=DIRECTION('ref_axis',(0.280602924430989,0.,-0.95982394156469));
#2011=DIRECTION('center_axis',(6.11975657819858E-17,1.,-1.54658646274526E-18));
#2012=DIRECTION('ref_axis',(0.454515652529041,-2.64376470512537E-17,0.890738750479679));
#2013=DIRECTION('',(-6.11975657819858E-17,-1.,1.54658646274526E-18));
#2014=DIRECTION('center_axis',(-2.43991249829558E-32,1.,-1.92592994438724E-34));
#2015=DIRECTION('ref_axis',(0.454515652529041,-2.64376470512537E-17,0.890738750479679));
#2016=DIRECTION('',(6.11975657819858E-17,1.,-1.54658646274526E-18));
#2017=DIRECTION('center_axis',(0.938590870942837,-5.69058545314169E-17,
0.34503213905775));
#2018=DIRECTION('ref_axis',(0.34503213905775,3.2740809054583E-33,-0.938590870942837));
#2019=DIRECTION('',(0.34503213905775,3.2740809054583E-33,-0.938590870942837));
#2020=DIRECTION('',(-6.11975657819858E-17,-1.,1.54658646274526E-18));
#2021=DIRECTION('center_axis',(-2.43991249829558E-32,1.,-1.92592994438724E-34));
#2022=DIRECTION('ref_axis',(-0.998987863978962,-1.23259516440783E-32,0.044980524927468));
#2023=DIRECTION('',(-0.460141365678053,2.88658054126412E-16,0.887845664286274));
#2024=DIRECTION('center_axis',(-2.43991249829558E-32,1.,-1.92592994438724E-34));
#2025=DIRECTION('ref_axis',(-0.998987863978962,-1.1466001531625E-32,0.044980524927468));
#2026=DIRECTION('center_axis',(2.43991249829558E-32,-1.,1.92592994438724E-34));
#2027=DIRECTION('ref_axis',(-0.998987863978962,-1.49405474473676E-32,0.044980524927468));
#2028=DIRECTION('center_axis',(-2.43991249829558E-32,1.,-1.92592994438724E-34));
#2029=DIRECTION('ref_axis',(0.8703163413635,-5.2499558370792E-17,0.492493112597173));
#2030=DIRECTION('',(0.95467646065609,1.14111349204944E-32,-0.297645519820408));
#2031=DIRECTION('center_axis',(2.43991249829558E-32,-1.,1.92592994438724E-34));
#2032=DIRECTION('ref_axis',(-0.902161862438687,5.45429160825864E-17,-0.431397698140775));
#2033=DIRECTION('center_axis',(2.43991249829558E-32,-1.,1.92592994438724E-34));
#2034=DIRECTION('ref_axis',(-0.998987863978962,-1.24819763484337E-32,0.044980524927468));
#2035=DIRECTION('center_axis',(2.43991249829558E-32,-1.,1.92592994438724E-34));
#2036=DIRECTION('ref_axis',(0.391844717085706,-2.25570347914725E-17,0.920031367776133));
#2037=DIRECTION('',(-0.345032139057748,-4.42963887209064E-33,0.938590870942838));
#2038=DIRECTION('center_axis',(-2.43991249829558E-32,1.,-1.92592994438724E-34));
#2039=DIRECTION('ref_axis',(-0.454515652529048,2.64376470512542E-17,-0.890738750479675));
#2040=DIRECTION('center_axis',(2.43991249829558E-32,-1.,1.92592994438724E-34));
#2041=DIRECTION('ref_axis',(-0.998987863978962,-1.49405474473676E-32,0.044980524927468));
#2042=DIRECTION('center_axis',(-2.43991249829558E-32,1.,-1.92592994438724E-34));
#2043=DIRECTION('ref_axis',(-0.870316341363492,5.24995583707915E-17,-0.492493112597187));
#2044=DIRECTION('',(-0.95467646065609,-1.14111349204944E-32,0.297645519820408));
#2045=DIRECTION('center_axis',(2.43991249829558E-32,-1.,1.92592994438724E-34));
#2046=DIRECTION('ref_axis',(0.902161862438687,-5.45429160825864E-17,0.431397698140775));
#2047=DIRECTION('center_axis',(2.43991249829558E-32,-1.,1.92592994438724E-34));
#2048=DIRECTION('ref_axis',(-0.998987863978962,-1.24819763484337E-32,0.044980524927468));
#2049=DIRECTION('center_axis',(2.43991249829558E-32,-1.,1.92592994438724E-34));
#2050=DIRECTION('ref_axis',(-0.391844717085715,2.25570347914731E-17,-0.92003136777613));
#2051=DIRECTION('center_axis',(-1.23981740169928E-32,-1.,5.77778983316171E-33));
#2052=DIRECTION('ref_axis',(-0.998987863978962,1.92592994438723E-32,0.044980524927468));
#2053=DIRECTION('center_axis',(3.61111864572607E-35,-1.,7.89631277198767E-33));
#2054=DIRECTION('ref_axis',(-0.998987863978962,-1.92592994438723E-32,0.044980524927468));
#2055=DIRECTION('center_axis',(1.25065075763646E-32,-1.,1.02074287052524E-32));
#2056=DIRECTION('ref_axis',(-0.998987863978962,-1.92592994438723E-32,0.044980524927468));
#2057=DIRECTION('center_axis',(2.43991249829558E-32,-1.,1.92592994438724E-34));
#2058=DIRECTION('ref_axis',(-0.998987863978962,-1.40067632319072E-32,0.044980524927468));
#2059=DIRECTION('center_axis',(2.44111620451082E-32,-1.,3.85185988877447E-34));
#2060=DIRECTION('ref_axis',(-0.998987863978962,-1.40067632319071E-32,0.044980524927468));
#2061=DIRECTION('center_axis',(1.23379887062307E-32,-1.,6.5481618109166E-33));
#2062=DIRECTION('ref_axis',(-0.998987863978962,-1.92592994438723E-32,0.044980524927468));
#2063=DIRECTION('center_axis',(1.27953970680227E-32,-1.,1.6755590516169E-32));
#2064=DIRECTION('ref_axis',(-0.998987863978962,-1.92592994438723E-32,0.044980524927468));
#2065=DIRECTION('center_axis',(1.20370621524202E-34,-1.,9.62964972193618E-33));
#2066=DIRECTION('ref_axis',(-0.998987863978962,-1.92592994438723E-32,0.044980524927468));
#2067=DIRECTION('center_axis',(6.11975657819858E-17,1.,-1.54658646274526E-18));
#2068=DIRECTION('ref_axis',(-0.870316341363492,5.24995583707915E-17,-0.492493112597187));
#2069=DIRECTION('',(-6.11975657819858E-17,-1.,1.54658646274526E-18));
#2070=DIRECTION('',(6.11975657819858E-17,1.,-1.54658646274526E-18));
#2071=DIRECTION('center_axis',(6.11975657819858E-17,1.,-1.54658646274526E-18));
#2072=DIRECTION('ref_axis',(0.694193114525591,-4.13697131740926E-17,0.71978880218107));
#2073=DIRECTION('',(-6.11975657819858E-17,-1.,1.54658646274526E-18));
#2074=DIRECTION('center_axis',(6.11975657819858E-17,1.,-1.54658646274526E-18));
#2075=DIRECTION('ref_axis',(0.8703163413635,-5.2499558370792E-17,0.492493112597173));
#2076=DIRECTION('',(-6.11975657819858E-17,-1.,1.54658646274526E-18));
#2077=DIRECTION('',(6.11975657819858E-17,1.,-1.54658646274526E-18));
#2078=DIRECTION('center_axis',(6.11975657819858E-17,1.,-1.54658646274526E-18));
#2079=DIRECTION('ref_axis',(-0.998987863978962,6.1205191792198E-17,0.044980524927468));
#2080=DIRECTION('center_axis',(6.11975657819858E-17,1.,-1.54658646274526E-18));
#2081=DIRECTION('ref_axis',(-0.454515652529048,2.64376470512542E-17,-0.890738750479675));
#2082=DIRECTION('',(6.11975657819858E-17,1.,-1.54658646274526E-18));
#2083=DIRECTION('center_axis',(6.11975657819858E-17,1.,-1.54658646274526E-18));
#2084=DIRECTION('ref_axis',(0.902161862438687,-5.45429160825864E-17,0.431397698140775));
#2085=DIRECTION('',(6.11975657819858E-17,1.,-1.54658646274526E-18));
#2086=DIRECTION('',(-6.11975657819858E-17,-1.,1.54658646274526E-18));
#2087=DIRECTION('center_axis',(-0.297645519820408,1.67386915885705E-17,
-0.95467646065609));
#2088=DIRECTION('ref_axis',(-0.95467646065609,-1.14592831691041E-32,0.297645519820408));
#2089=DIRECTION('center_axis',(6.11975657819858E-17,1.,-1.54658646274526E-18));
#2090=DIRECTION('ref_axis',(-0.391844717085715,2.25570347914731E-17,-0.92003136777613));
#2091=DIRECTION('',(6.11975657819858E-17,1.,-1.54658646274526E-18));
#2092=DIRECTION('center_axis',(6.11975657819858E-17,1.,-1.54658646274526E-18));
#2093=DIRECTION('ref_axis',(-0.998987863978962,6.1205191792198E-17,0.044980524927468));
#2094=DIRECTION('center_axis',(6.11975657819858E-17,1.,-1.54658646274526E-18));
#2095=DIRECTION('ref_axis',(-0.902161862438687,5.45429160825864E-17,-0.431397698140775));
#2096=DIRECTION('',(6.11975657819858E-17,1.,-1.54658646274526E-18));
#2097=DIRECTION('',(-6.11975657819858E-17,-1.,1.54658646274526E-18));
#2098=DIRECTION('center_axis',(0.297645519820408,-1.67386915885705E-17,
0.95467646065609));
#2099=DIRECTION('ref_axis',(0.95467646065609,1.14592831691041E-32,-0.297645519820408));
#2100=DIRECTION('center_axis',(6.11975657819858E-17,1.,-1.54658646274526E-18));
#2101=DIRECTION('ref_axis',(0.391844717085706,-2.25570347914725E-17,0.920031367776133));
#2102=DIRECTION('',(6.11975657819858E-17,1.,-1.54658646274526E-18));
#2103=DIRECTION('',(-6.11975657819858E-17,-1.,1.54658646274526E-18));
#2104=DIRECTION('center_axis',(6.11975657819858E-17,1.,-1.54658646274526E-18));
#2105=DIRECTION('ref_axis',(-0.998987863978962,6.1205191792198E-17,0.044980524927468));
#2106=DIRECTION('center_axis',(6.11975657819858E-17,1.,-1.54658646274526E-18));
#2107=DIRECTION('ref_axis',(-0.998987863978962,6.1205191792198E-17,0.044980524927468));
#2108=DIRECTION('',(-6.11975657819858E-17,-1.,1.54658646274526E-18));
#2109=DIRECTION('center_axis',(6.11975657819858E-17,1.,-1.54658646274526E-18));
#2110=DIRECTION('ref_axis',(-0.998987863978962,6.1205191792198E-17,0.044980524927468));
#2111=DIRECTION('',(-6.11975657819858E-17,-1.,1.54658646274526E-18));
#2112=DIRECTION('center_axis',(6.11975657819858E-17,1.,-1.54658646274526E-18));
#2113=DIRECTION('ref_axis',(-0.998987863978962,6.1205191792198E-17,0.044980524927468));
#2114=DIRECTION('',(-6.11975657819858E-17,-1.,1.54658646274526E-18));
#2115=DIRECTION('center_axis',(6.11975657819858E-17,1.,-1.54658646274526E-18));
#2116=DIRECTION('ref_axis',(-0.998987863978962,6.1205191792198E-17,0.044980524927468));
#2117=DIRECTION('',(-6.11975657819858E-17,-1.,1.54658646274526E-18));
#2118=DIRECTION('center_axis',(6.11975657819858E-17,1.,-1.54658646274526E-18));
#2119=DIRECTION('ref_axis',(-0.998987863978962,6.1205191792198E-17,0.044980524927468));
#2120=DIRECTION('',(-6.11975657819858E-17,-1.,1.54658646274526E-18));
#2121=DIRECTION('center_axis',(6.11975657819858E-17,1.,-1.54658646274526E-18));
#2122=DIRECTION('ref_axis',(-0.998987863978962,6.1205191792198E-17,0.044980524927468));
#2123=DIRECTION('',(-6.11975657819858E-17,-1.,1.54658646274526E-18));
#2124=DIRECTION('center_axis',(6.11975657819858E-17,1.,-1.54658646274526E-18));
#2125=DIRECTION('ref_axis',(-0.998987863978962,6.1205191792198E-17,0.044980524927468));
#2126=DIRECTION('',(-6.11975657819858E-17,-1.,1.54658646274526E-18));
#2127=DIRECTION('center_axis',(6.11975657819858E-17,1.,-1.54658646274526E-18));
#2128=DIRECTION('ref_axis',(-0.998987863978962,6.1205191792198E-17,0.044980524927468));
#2129=DIRECTION('',(-6.11975657819858E-17,-1.,1.54658646274526E-18));
#2130=DIRECTION('center_axis',(-0.938590870942838,5.69058545314169E-17,
-0.345032139057748));
#2131=DIRECTION('ref_axis',(-0.345032139057748,-4.42963887209064E-33,0.938590870942838));
#2132=DIRECTION('center_axis',(-0.113418120406632,0.906307787036651,0.407114879512104));
#2133=DIRECTION('ref_axis',(-0.924404775607905,0.0539272913433069,-0.37758132644726));
#2134=DIRECTION('center_axis',(1.43982048506075E-16,1.,5.55111512312578E-17));
#2135=DIRECTION('ref_axis',(-0.893426972626688,8.07434927000113E-17,0.449208464505191));
#2136=DIRECTION('center_axis',(-0.113418120406632,0.906307787036651,0.407114879512104));
#2137=DIRECTION('ref_axis',(-0.939263788026033,0.035781687735501,-0.341325661686588));
#2138=DIRECTION('',(-0.113418120406632,0.906307787036651,0.407114879512104));
#2139=DIRECTION('center_axis',(-0.939263788026035,0.0357816877354975,-0.341325661686581));
#2140=DIRECTION('ref_axis',(-0.323913362593163,-0.421100778887344,0.847203793401601));
#2141=DIRECTION('center_axis',(-0.887845664286275,5.36223450373034E-17,
-0.460141365678053));
#2142=DIRECTION('ref_axis',(-0.460141365678053,2.88658054126412E-16,0.887845664286274));
#2143=DIRECTION('',(6.11975657819858E-17,1.,-1.54658646274526E-18));
#2144=DIRECTION('center_axis',(6.11975657819858E-17,1.,-1.54658646274526E-18));
#2145=DIRECTION('ref_axis',(0.624547569795527,-3.9428654550772E-17,-0.78098676881398));
#2146=DIRECTION('center_axis',(-0.963315872426485,5.55111512312578E-17,
-0.268370136064356));
#2147=DIRECTION('ref_axis',(0.113418120406632,-0.906307787036651,-0.407114879512104));
#2148=DIRECTION('',(-0.014980707820841,-1.4053393795399E-17,0.999887782900255));
#2149=DIRECTION('',(0.999887782900255,6.18478285996194E-17,0.014980707820841));
#2150=CARTESIAN_POINT('',(0.,0.,0.));
#2151=CARTESIAN_POINT('',(0.,0.,0.));
#2152=CARTESIAN_POINT('Origin',(-186.278850036493,-126.911472167968,-126.271399085625));
#2153=CARTESIAN_POINT('',(-184.130796309854,-111.942740829781,-126.362860484431));
#2154=CARTESIAN_POINT('Origin',(-186.278850036493,-111.942740829781,-126.271399085625));
#2155=CARTESIAN_POINT('',(-184.130796309854,-109.942740829781,-126.362860484431));
#2156=CARTESIAN_POINT('',(-184.130796309854,-126.911472167968,-126.362860484431));
#2157=CARTESIAN_POINT('Origin',(-186.278850036493,-109.942740829781,-126.271399085625));
#2158=CARTESIAN_POINT('Origin',(-159.833273454809,-126.911472167968,-111.359622556232));
#2159=CARTESIAN_POINT('',(-157.68521972817,-111.942740829781,-111.451083955038));
#2160=CARTESIAN_POINT('Origin',(-159.833273454809,-111.942740829781,-111.359622556232));
#2161=CARTESIAN_POINT('',(-157.68521972817,-109.942740829781,-111.451083955038));
#2162=CARTESIAN_POINT('',(-157.68521972817,-126.911472167968,-111.451083955038));
#2163=CARTESIAN_POINT('Origin',(-159.833273454809,-109.942740829781,-111.359622556232));
#2164=CARTESIAN_POINT('Origin',(-173.210467246069,-126.911472167968,-133.994725522009));
#2165=CARTESIAN_POINT('',(-171.06241351943,-111.942740829781,-134.086186920815));
#2166=CARTESIAN_POINT('Origin',(-173.210467246069,-111.942740829781,-133.994725522009));
#2167=CARTESIAN_POINT('',(-171.06241351943,-109.942740829781,-134.086186920815));
#2168=CARTESIAN_POINT('',(-171.06241351943,-126.911472167968,-134.086186920815));
#2169=CARTESIAN_POINT('Origin',(-173.210467246069,-109.942740829781,-133.994725522009));
#2170=CARTESIAN_POINT('Origin',(-186.124444536075,-126.911472167968,-111.092184384545));
#2171=CARTESIAN_POINT('',(-183.976390809436,-111.942740829781,-111.183645783351));
#2172=CARTESIAN_POINT('Origin',(-186.124444536075,-111.942740829781,-111.092184384545));
#2173=CARTESIAN_POINT('',(-183.976390809436,-109.942740829781,-111.183645783351));
#2174=CARTESIAN_POINT('',(-183.976390809436,-126.911472167968,-111.183645783351));
#2175=CARTESIAN_POINT('Origin',(-186.124444536075,-109.942740829781,-111.092184384545));
#2176=CARTESIAN_POINT('Origin',(-172.901656245234,-126.911472167968,-103.636296119848));
#2177=CARTESIAN_POINT('',(-170.753602518595,-111.942740829781,-103.727757518654));
#2178=CARTESIAN_POINT('Origin',(-172.901656245234,-111.942740829781,-103.636296119848));
#2179=CARTESIAN_POINT('',(-170.753602518595,-109.942740829781,-103.727757518654));
#2180=CARTESIAN_POINT('',(-170.753602518595,-126.911472167968,-103.727757518654));
#2181=CARTESIAN_POINT('Origin',(-172.901656245234,-109.942740829781,-103.636296119848));
#2182=CARTESIAN_POINT('Origin',(-159.987678955227,-126.911472167968,-126.538837257313));
#2183=CARTESIAN_POINT('',(-157.839625228588,-111.942740829781,-126.630298656119));
#2184=CARTESIAN_POINT('Origin',(-159.987678955227,-111.942740829781,-126.538837257313));
#2185=CARTESIAN_POINT('',(-157.839625228588,-109.942740829781,-126.630298656119));
#2186=CARTESIAN_POINT('',(-157.839625228588,-126.911472167968,-126.630298656119));
#2187=CARTESIAN_POINT('Origin',(-159.987678955227,-109.942740829781,-126.538837257313));
#2188=CARTESIAN_POINT('Origin',(-146.52866220283,-93.9973258480642,-191.738623152996));
#2189=CARTESIAN_POINT('',(-198.360284864098,-96.0988565938947,-201.500024025856));
#2190=CARTESIAN_POINT('',(-182.176643615676,-96.0988565938947,-196.991423962083));
#2191=CARTESIAN_POINT('',(-54.9658558716472,-96.0988565938947,-161.551774940495));
#2192=CARTESIAN_POINT('',(-190.487530813292,-103.569218158822,-182.676443236269));
#2193=CARTESIAN_POINT('',(-190.487530813292,-103.569218158822,-182.676443236269));
#2194=CARTESIAN_POINT('',(-193.584872782736,-111.567971977927,-165.732729027935));
#2195=CARTESIAN_POINT('Origin',(-102.237505551499,-104.380732736279,-156.284300594));
#2196=CARTESIAN_POINT('',(-207.251543152161,-111.567971977927,-169.54012626032));
#2197=CARTESIAN_POINT('',(-63.868666125362,-111.567971977927,-129.595095436677));
#2198=CARTESIAN_POINT('',(-201.885033641487,-100.584614138729,-192.495915365425));
#2199=CARTESIAN_POINT('Origin',(-102.237505551499,-104.380732736279,-156.284300594));
#2200=CARTESIAN_POINT('',(-198.635942236544,-96.3606608249656,-200.993998128481));
#2201=CARTESIAN_POINT('',(-198.635942236544,-96.3606608249656,-200.993998128481));
#2202=CARTESIAN_POINT('',(-171.834032509068,-70.9056791381781,-250.194425096459));
#2203=CARTESIAN_POINT('Ctrl Pts',(-197.879916073774,-95.911472167968,-202.243622160554));
#2204=CARTESIAN_POINT('Ctrl Pts',(-197.879916073774,-95.2448055013013,-202.243622160554));
#2205=CARTESIAN_POINT('Ctrl Pts',(-197.879916073774,-94.5781388346346,-202.243622160554));
#2206=CARTESIAN_POINT('Ctrl Pts',(-197.879916073774,-93.9114721679679,-202.243622160554));
#2207=CARTESIAN_POINT('Ctrl Pts',(-198.04249263175,-95.911472167968,-201.98694880682));
#2208=CARTESIAN_POINT('Ctrl Pts',(-198.068518055629,-95.244734892292,-201.893530424743));
#2209=CARTESIAN_POINT('Ctrl Pts',(-198.094532916011,-94.5782094436439,-201.800149960387));
#2210=CARTESIAN_POINT('Ctrl Pts',(-198.120558339889,-93.9114721679679,-201.70673157831));
#2211=CARTESIAN_POINT('Ctrl Pts',(-198.205022455074,-95.9759219247875,-201.73044320734));
#2212=CARTESIAN_POINT('Ctrl Pts',(-198.257055499364,-95.3306689719123,-201.543670348816));
#2213=CARTESIAN_POINT('Ctrl Pts',(-198.30907409241,-94.6856246344822,-201.356949363101));
#2214=CARTESIAN_POINT('Ctrl Pts',(-198.3611071367,-94.040371681607,-201.170176504576));
#2215=CARTESIAN_POINT('Ctrl Pts',(-198.360284864098,-96.0988565938947,-201.500024025856));
#2216=CARTESIAN_POINT('Ctrl Pts',(-198.435896944369,-95.4946514025369,-201.228614106181));
#2217=CARTESIAN_POINT('Ctrl Pts',(-198.51150902464,-94.8904462111791,-200.957204186506));
#2218=CARTESIAN_POINT('Ctrl Pts',(-198.587121104911,-94.2862410198214,-200.685794266832));
#2219=CARTESIAN_POINT('',(-198.587121104911,-94.2862410198214,-200.685794266832));
#2220=CARTESIAN_POINT('',(-198.460092810056,-95.3013057413025,-201.141762931885));
#2221=CARTESIAN_POINT('',(-203.79933431346,-52.6361995479055,-181.976530308111));
#2222=CARTESIAN_POINT('',(-197.879916073774,-93.911472167968,-202.243622160554));
#2223=CARTESIAN_POINT('Ctrl Pts',(-197.879916073774,-93.911472167968,-202.243622160554));
#2224=CARTESIAN_POINT('Ctrl Pts',(-198.120558339889,-93.911472167968,-201.70673157831));
#2225=CARTESIAN_POINT('Ctrl Pts',(-198.3611071367,-94.040371681607,-201.170176504576));
#2226=CARTESIAN_POINT('Ctrl Pts',(-198.587121104911,-94.2862410198214,-200.685794266832));
#2227=CARTESIAN_POINT('',(-197.879916073774,-95.031472167968,-202.243622160554));
#2228=CARTESIAN_POINT('',(-197.879916073774,-47.955736083984,-202.243622160554));
#2229=CARTESIAN_POINT('',(-197.879916073774,-95.911472167968,-202.243622160554));
#2230=CARTESIAN_POINT('',(-197.879916073774,-47.955736083984,-202.243622160554));
#2231=CARTESIAN_POINT('Ctrl Pts',(-197.879916073774,-95.911472167968,-202.243622160554));
#2232=CARTESIAN_POINT('Ctrl Pts',(-198.04249263175,-95.911472167968,-201.98694880682));
#2233=CARTESIAN_POINT('Ctrl Pts',(-198.205022455074,-95.9759219247875,-201.73044320734));
#2234=CARTESIAN_POINT('Ctrl Pts',(-198.360284864098,-96.0988565938947,-201.500024025856));
#2235=CARTESIAN_POINT('',(-203.79933431346,-52.6361995479055,-181.976530308111));
#2236=CARTESIAN_POINT('Origin',(-163.797600756166,-97.911472167968,-192.748631097928));
#2237=CARTESIAN_POINT('',(-182.403479856489,-94.2862410198214,-196.177194203059));
#2238=CARTESIAN_POINT('',(-55.1926921124604,-94.2862410198214,-160.737545181471));
#2239=CARTESIAN_POINT('',(-181.66462227386,-93.911472167968,-197.726204013539));
#2240=CARTESIAN_POINT('Ctrl Pts',(-182.403479856489,-94.2862410198214,-196.177194203059));
#2241=CARTESIAN_POINT('Ctrl Pts',(-182.166915037781,-94.0403716816071,-196.658637079722));
#2242=CARTESIAN_POINT('Ctrl Pts',(-181.915815390473,-93.911472167968,-197.192252792376));
#2243=CARTESIAN_POINT('Ctrl Pts',(-181.66462227386,-93.911472167968,-197.726204013539));
#2244=CARTESIAN_POINT('',(-54.7390196308339,-93.911472167968,-162.36600469952));
#2245=CARTESIAN_POINT('Origin',(-175.298334276553,-87.8996778056329,-208.415360792548));
#2246=CARTESIAN_POINT('',(-182.276451561633,-95.3013057413024,-196.633162868112));
#2247=CARTESIAN_POINT('',(-187.729111185444,-51.7298917608688,-177.060815364825));
#2248=CARTESIAN_POINT('',(-187.729111185444,-51.7298917608688,-177.060815364825));
#2249=CARTESIAN_POINT('',(-190.714367054105,-101.756602584749,-181.862213477245));
#2250=CARTESIAN_POINT('',(-190.714367054105,-101.756602584749,-181.862213477245));
#2251=CARTESIAN_POINT('',(-190.714367054105,-101.756602584749,-181.862213477245));
#2252=CARTESIAN_POINT('Origin',(-146.52866220283,-93.9973258480642,-191.738623152996));
#2253=CARTESIAN_POINT('',(-145.087695063956,-96.0988565938947,-186.658815049248));
#2254=CARTESIAN_POINT('',(-130.348315442618,-96.0988565938947,-182.552571782936));
#2255=CARTESIAN_POINT('',(-54.9658558716472,-96.0988565938947,-161.551774940495));
#2256=CARTESIAN_POINT('',(-146.193746136514,-107.920544213546,-160.649838603653));
#2257=CARTESIAN_POINT('',(-146.193746136514,-107.920544213546,-160.649838603653));
#2258=CARTESIAN_POINT('',(-148.423315850635,-111.567971977927,-153.151172421568));
#2259=CARTESIAN_POINT('Origin',(-110.583322961915,-109.997960639843,-146.104445532992));
#2260=CARTESIAN_POINT('',(-163.210982355999,-111.567971977927,-157.270867929254));
#2261=CARTESIAN_POINT('',(-63.868666125362,-111.567971977927,-129.595095436677));
#2262=CARTESIAN_POINT('',(-160.240270721136,-106.985110670509,-166.645495465589));
#2263=CARTESIAN_POINT('Origin',(-110.583322961915,-109.997960639843,-146.104445532992));
#2264=CARTESIAN_POINT('',(-142.808350635177,-94.4612787232278,-189.669342732888));
#2265=CARTESIAN_POINT('Ctrl Pts',(-145.314531304769,-94.2862410198214,-185.844585290224));
#2266=CARTESIAN_POINT('Ctrl Pts',(-145.238919224498,-94.8904462111791,-186.115995209899));
#2267=CARTESIAN_POINT('Ctrl Pts',(-145.163307144227,-95.4946514025369,-186.387405129573));
#2268=CARTESIAN_POINT('Ctrl Pts',(-145.087695063956,-96.0988565938947,-186.658815049248));
#2269=CARTESIAN_POINT('Ctrl Pts',(-145.028508071322,-94.040371681607,-186.312249548811));
#2270=CARTESIAN_POINT('Ctrl Pts',(-144.976475027032,-94.6856246344822,-186.499022407336));
#2271=CARTESIAN_POINT('Ctrl Pts',(-144.924456433986,-95.3306689719123,-186.685743393051));
#2272=CARTESIAN_POINT('Ctrl Pts',(-144.872423389695,-95.9759219247875,-186.872516251576));
#2273=CARTESIAN_POINT('Ctrl Pts',(-144.727950009274,-93.911472167968,-186.832086643389));
#2274=CARTESIAN_POINT('Ctrl Pts',(-144.701924585396,-94.5782094436439,-186.925505025466));
#2275=CARTESIAN_POINT('Ctrl Pts',(-144.675909725014,-95.244734892292,-187.018885489822));
#2276=CARTESIAN_POINT('Ctrl Pts',(-144.649884301135,-95.911472167968,-187.112303871898));
#2277=CARTESIAN_POINT('Ctrl Pts',(-144.427298477922,-93.911472167968,-187.352259246476));
#2278=CARTESIAN_POINT('Ctrl Pts',(-144.427298477922,-94.5781388346346,-187.352259246476));
#2279=CARTESIAN_POINT('Ctrl Pts',(-144.427298477922,-95.2448055013013,-187.352259246476));
#2280=CARTESIAN_POINT('Ctrl Pts',(-144.427298477922,-95.911472167968,-187.352259246476));
#2281=CARTESIAN_POINT('',(-145.314531304769,-94.2862410198214,-185.844585290224));
#2282=CARTESIAN_POINT('',(-145.187503009914,-95.3013057413025,-186.300553955278));
#2283=CARTESIAN_POINT('',(-150.640162633725,-51.7298917608688,-166.728206451991));
#2284=CARTESIAN_POINT('',(-144.427298477922,-93.911472167968,-187.352259246476));
#2285=CARTESIAN_POINT('Ctrl Pts',(-144.427298477922,-93.911472167968,-187.352259246475));
#2286=CARTESIAN_POINT('Ctrl Pts',(-144.727950009274,-93.911472167968,-186.832086643389));
#2287=CARTESIAN_POINT('Ctrl Pts',(-145.028508071322,-94.040371681607,-186.312249548811));
#2288=CARTESIAN_POINT('Ctrl Pts',(-145.314531304769,-94.2862410198214,-185.844585290224));
#2289=CARTESIAN_POINT('',(-144.427298477922,-95.031472167968,-187.352259246476));
#2290=CARTESIAN_POINT('',(-144.427298477922,-46.955736083984,-187.352259246476));
#2291=CARTESIAN_POINT('',(-144.427298477922,-95.911472167968,-187.352259246476));
#2292=CARTESIAN_POINT('',(-144.427298477922,-46.955736083984,-187.352259246476));
#2293=CARTESIAN_POINT('Ctrl Pts',(-145.087695063956,-96.0988565938947,-186.658815049248));
#2294=CARTESIAN_POINT('Ctrl Pts',(-144.872423389695,-95.9759219247875,-186.872516251576));
#2295=CARTESIAN_POINT('Ctrl Pts',(-144.649884301135,-95.911472167968,-187.112303871898));
#2296=CARTESIAN_POINT('Ctrl Pts',(-144.427298477922,-95.911472167968,-187.352259246476));
#2297=CARTESIAN_POINT('',(-150.640162633725,-51.7298917608688,-166.728206451991));
#2298=CARTESIAN_POINT('Origin',(-163.797600756166,-97.911472167968,-192.748631097928));
#2299=CARTESIAN_POINT('',(-130.575151683431,-94.2862410198214,-181.738342023912));
#2300=CARTESIAN_POINT('',(-55.1926921124604,-94.2862410198214,-160.737545181471));
#2301=CARTESIAN_POINT('',(-129.715285439168,-93.911472167968,-183.253640035473));
#2302=CARTESIAN_POINT('Ctrl Pts',(-130.575151683431,-94.2862410198214,-181.738342023912));
#2303=CARTESIAN_POINT('Ctrl Pts',(-130.298250644178,-94.040371681607,-182.208547634269));
#2304=CARTESIAN_POINT('Ctrl Pts',(-130.006814776325,-93.911472167968,-182.730926080616));
#2305=CARTESIAN_POINT('Ctrl Pts',(-129.715285439168,-93.911472167968,-183.253640035473));
#2306=CARTESIAN_POINT('',(-54.7390196308339,-93.911472167968,-162.36600469952));
#2307=CARTESIAN_POINT('Origin',(-146.193746136514,-107.920544213546,-160.649838603653));
#2308=CARTESIAN_POINT('',(-130.448123388575,-95.3013057413025,-182.194310688965));
#2309=CARTESIAN_POINT('',(-135.78736489198,-52.6361995479055,-163.029078065191));
#2310=CARTESIAN_POINT('',(-135.78736489198,-52.6361995479055,-163.029078065191));
#2311=CARTESIAN_POINT('',(-146.420582377327,-106.107928639473,-159.835608844629));
#2312=CARTESIAN_POINT('',(-146.420582377327,-106.107928639473,-159.835608844629));
#2313=CARTESIAN_POINT('',(-146.193746136514,-107.920544213546,-160.649838603653));
#2314=CARTESIAN_POINT('Origin',(-171.834032509068,-70.9056791381781,-250.194425096459));
#2315=CARTESIAN_POINT('',(-198.862778477357,-94.5480452508923,-200.179768369457));
#2316=CARTESIAN_POINT('',(-198.635942236544,-96.3606608249656,-200.993998128481));
#2317=CARTESIAN_POINT('',(-172.060868749882,-69.0930635641048,-249.380195337435));
#2318=CARTESIAN_POINT('Origin',(-146.514036671342,-93.911472167968,-191.791121567429));
#2319=CARTESIAN_POINT('',(-174.801929240763,-93.911472167968,-210.197209015834));
#2320=CARTESIAN_POINT('',(-191.042396757422,-93.911472167968,-180.684749306057));
#2321=CARTESIAN_POINT('',(-172.664927030165,-93.911472167968,-210.452166443967));
#2322=CARTESIAN_POINT('Origin',(-173.621611072,-93.911472167968,-209.387459450048));
#2323=CARTESIAN_POINT('',(-143.524003530767,-93.911472167968,-191.998053929619));
#2324=CARTESIAN_POINT('Origin',(-127.90729129426,-93.911472167968,-248.89373364829));
#2325=CARTESIAN_POINT('',(-142.821328549164,-93.911472167968,-189.622758449262));
#2326=CARTESIAN_POINT('Origin',(-144.104112354434,-93.911472167968,-190.534859830137));
#2327=CARTESIAN_POINT('',(-142.821328549164,-93.911472167968,-189.622758449262));
#2328=CARTESIAN_POINT('',(-112.42307131583,-93.911472167968,-208.778413237351));
#2329=CARTESIAN_POINT('',(-147.007499562382,-93.911472167968,-157.72886683356));
#2330=CARTESIAN_POINT('',(-170.445541109545,-93.911472167968,-255.178421470819));
#2331=CARTESIAN_POINT('Origin',(-127.907291284481,-93.911472167968,-248.893733642862));
#2332=CARTESIAN_POINT('',(-170.445541128247,-93.911472167968,-255.178421473582));
#2333=CARTESIAN_POINT('',(-122.455610569148,-93.911472167968,-285.261736399483));
#2334=CARTESIAN_POINT('Origin',(-124.053991151515,-93.911472167968,-285.189767559599));
#2335=CARTESIAN_POINT('',(-96.8022733400707,-93.911472167968,-227.480629720815));
#2336=CARTESIAN_POINT('Origin',(-98.400653922437,-93.911472167968,-227.408660880931));
#2337=CARTESIAN_POINT('',(-117.515853680376,-93.911472167968,-213.540680983629));
#2338=CARTESIAN_POINT('Origin',(-119.114234262742,-93.911472167968,-213.468712143745));
#2339=CARTESIAN_POINT('',(-139.802258757782,-93.911472167968,-201.098961149431));
#2340=CARTESIAN_POINT('Origin',(-142.000032058536,-93.911472167968,-201.00000399459));
#2341=CARTESIAN_POINT('',(-168.323838675832,-93.911472167968,-222.984339160347));
#2342=CARTESIAN_POINT('Origin',(-170.521611976586,-93.911472167968,-222.885382005506));
#2343=CARTESIAN_POINT('',(-89.8951765512151,-93.911472167968,-251.473682783296));
#2344=CARTESIAN_POINT('Origin',(-91.4935571335814,-93.911472167968,-251.401713943412));
#2345=CARTESIAN_POINT('',(-146.68775243003,-93.911472167968,-279.246931153796));
#2346=CARTESIAN_POINT('Origin',(-148.286133012396,-93.911472167968,-279.174962313912));
#2347=CARTESIAN_POINT('',(-161.384407760825,-93.911472167968,-259.063202474549));
#2348=CARTESIAN_POINT('Origin',(-162.982788343191,-93.911472167968,-258.991233634665));
#2349=CARTESIAN_POINT('',(-115.925457700376,-93.911472167968,-282.198534042026));
#2350=CARTESIAN_POINT('',(-118.950481104249,-93.911472167968,-280.654960816334));
#2351=CARTESIAN_POINT('Origin',(-118.271934877733,-93.911472167968,-283.061114389671));
#2352=CARTESIAN_POINT('',(-115.394959868022,-93.911472167968,-283.641647207838));
#2353=CARTESIAN_POINT('',(-116.751675163743,-93.911472167968,-279.950974812768));
#2354=CARTESIAN_POINT('',(-112.044509136368,-93.911472167968,-285.068616401538));
#2355=CARTESIAN_POINT('Origin',(-113.048482690665,-93.911472167968,-282.779066860193));
#2356=CARTESIAN_POINT('',(-91.1738078252985,-93.911472167968,-263.416171192845));
#2357=CARTESIAN_POINT('Origin',(-127.90729129426,-93.911472167968,-248.89373364829));
#2358=CARTESIAN_POINT('',(-92.7545980427703,-93.911472167968,-260.110338424461));
#2359=CARTESIAN_POINT('Origin',(-93.4987118423214,-93.911472167968,-262.497029576101));
#2360=CARTESIAN_POINT('',(-94.1576874709621,-93.911472167968,-259.672888356904));
#2361=CARTESIAN_POINT('',(-96.4768164591049,-93.911472167968,-258.949838840493));
#2362=CARTESIAN_POINT('',(-95.8427087152737,-93.911472167968,-256.695178644914));
#2363=CARTESIAN_POINT('Origin',(-93.4135736714111,-93.911472167968,-257.286197205264));
#2364=CARTESIAN_POINT('',(-136.864101484272,-93.911472167968,-217.132506480246));
#2365=CARTESIAN_POINT('Origin',(-127.90729129426,-93.911472167968,-248.89373364829));
#2366=CARTESIAN_POINT('',(-139.889124888145,-93.911472167968,-215.588933254554));
#2367=CARTESIAN_POINT('Origin',(-137.542647710788,-93.911472167968,-214.726352906909));
#2368=CARTESIAN_POINT('',(-140.419622720499,-93.911472167968,-214.145820088742));
#2369=CARTESIAN_POINT('',(-139.062907424778,-93.911472167968,-217.836492483812));
#2370=CARTESIAN_POINT('',(-143.770073452153,-93.911472167968,-212.718850895042));
#2371=CARTESIAN_POINT('Origin',(-142.766099897856,-93.911472167968,-215.008400436387));
#2372=CARTESIAN_POINT('',(-164.640774763222,-93.911472167968,-234.371296103735));
#2373=CARTESIAN_POINT('Origin',(-127.90729129426,-93.911472167968,-248.89373364829));
#2374=CARTESIAN_POINT('',(-163.059984545751,-93.911472167968,-237.677128872119));
#2375=CARTESIAN_POINT('Origin',(-162.3158707462,-93.911472167968,-235.290437720479));
#2376=CARTESIAN_POINT('',(-161.656895117559,-93.911472167968,-238.114578939676));
#2377=CARTESIAN_POINT('',(-159.337766129416,-93.911472167968,-238.837628456087));
#2378=CARTESIAN_POINT('',(-159.971873873247,-93.911472167968,-241.092288651666));
#2379=CARTESIAN_POINT('Origin',(-162.40100891711,-93.911472167968,-240.501270091316));
#2380=CARTESIAN_POINT('Origin',(-127.90729129426,-93.911472167968,-248.89373364829));
#2381=CARTESIAN_POINT('Origin',(-174.801929240763,-93.911472167968,-210.197209015834));
#2382=CARTESIAN_POINT('',(-181.66462227386,-95.911472167968,-197.726204013539));
#2383=CARTESIAN_POINT('',(-181.66462227386,-95.031472167968,-197.726204013539));
#2384=CARTESIAN_POINT('',(-181.66462227386,-46.955736083984,-197.726204013539));
#2385=CARTESIAN_POINT('',(-174.801929240763,-95.911472167968,-210.197209015834));
#2386=CARTESIAN_POINT('',(-191.042396757422,-95.911472167968,-180.684749306057));
#2387=CARTESIAN_POINT('',(-174.801929240763,-93.911472167968,-210.197209015834));
#2388=CARTESIAN_POINT('',(-181.66462227386,-46.955736083984,-197.726204013539));
#2389=CARTESIAN_POINT('Origin',(-163.797600756166,-97.911472167968,-192.748631097928));
#2390=CARTESIAN_POINT('',(-54.7390196308339,-95.911472167968,-162.36600469952));
#2391=CARTESIAN_POINT('Ctrl Pts',(-181.66462227386,-95.911472167968,-197.726204013539));
#2392=CARTESIAN_POINT('Ctrl Pts',(-181.837749682333,-95.911472167968,-197.472470020886));
#2393=CARTESIAN_POINT('Ctrl Pts',(-182.010830356155,-95.9759219247875,-197.218903782487));
#2394=CARTESIAN_POINT('Ctrl Pts',(-182.176643615676,-96.0988565938947,-196.991423962083));
#2395=CARTESIAN_POINT('Origin',(-160.46710696195,-105.172495096436,-165.831265706565));
#2396=CARTESIAN_POINT('',(-160.46710696195,-105.172495096436,-165.831265706565));
#2397=CARTESIAN_POINT('',(-160.46710696195,-105.172495096436,-165.831265706565));
#2398=CARTESIAN_POINT('',(-143.03518687599,-92.6486631491545,-188.855112973864));
#2399=CARTESIAN_POINT('Origin',(-146.755498443643,-92.1847102739909,-190.924393393972));
#2400=CARTESIAN_POINT('',(-202.1118698823,-98.7719985646562,-191.681685606401));
#2401=CARTESIAN_POINT('',(-198.862778477357,-94.5480452508923,-200.179768369457));
#2402=CARTESIAN_POINT('',(-207.478379392974,-109.755356403854,-168.725896501296));
#2403=CARTESIAN_POINT('Origin',(-102.464341792312,-102.568117162206,-155.470070834976));
#2404=CARTESIAN_POINT('',(-193.811709023549,-109.755356403854,-164.918499268911));
#2405=CARTESIAN_POINT('',(-64.0955023661753,-109.755356403854,-128.780865677653));
#2406=CARTESIAN_POINT('Origin',(-102.464341792312,-102.568117162206,-155.470070834976));
#2407=CARTESIAN_POINT('Origin',(-147.007499562382,-95.911472167968,-157.72886683356));
#2408=CARTESIAN_POINT('',(-129.715285439168,-95.911472167968,-183.253640035473));
#2409=CARTESIAN_POINT('',(-129.715285439168,-95.031472167968,-183.253640035473));
#2410=CARTESIAN_POINT('',(-129.715285439168,-47.955736083984,-183.253640035473));
#2411=CARTESIAN_POINT('',(-112.42307131583,-95.911472167968,-208.778413237351));
#2412=CARTESIAN_POINT('',(-147.007499562382,-95.911472167968,-157.72886683356));
#2413=CARTESIAN_POINT('',(-112.42307131583,-95.911472167968,-208.778413237351));
#2414=CARTESIAN_POINT('',(-129.715285439168,-47.955736083984,-183.253640035473));
#2415=CARTESIAN_POINT('Origin',(-163.797600756166,-97.911472167968,-192.748631097928));
#2416=CARTESIAN_POINT('',(-54.7390196308339,-95.911472167968,-162.36600469952));
#2417=CARTESIAN_POINT('Ctrl Pts',(-130.348315442618,-96.0988565938946,-182.552571782936));
#2418=CARTESIAN_POINT('Ctrl Pts',(-130.142165962552,-95.9759219247875,-182.768814337033));
#2419=CARTESIAN_POINT('Ctrl Pts',(-129.928749068186,-95.911472167968,-183.011143309126));
#2420=CARTESIAN_POINT('Ctrl Pts',(-129.715285439168,-95.911472167968,-183.253640035473));
#2421=CARTESIAN_POINT('Origin',(-110.606341833765,-111.942740829781,-146.021819183637));
#2422=CARTESIAN_POINT('',(-148.739609780948,-111.942740829781,-151.484440617591));
#2423=CARTESIAN_POINT('',(-148.739609780948,-110.822740829781,-151.484440617591));
#2424=CARTESIAN_POINT('',(-148.739609780948,-111.942740829781,-151.484440617591));
#2425=CARTESIAN_POINT('',(-148.739609780948,-109.942740829781,-151.484440617591));
#2426=CARTESIAN_POINT('',(-148.739609780948,-111.942740829781,-151.484440617591));
#2427=CARTESIAN_POINT('',(-146.510738931553,-109.942740829781,-132.062570410631));
#2428=CARTESIAN_POINT('Origin',(-110.606341833765,-109.942740829781,-146.021819183637));
#2429=CARTESIAN_POINT('',(-146.510738931553,-111.942740829781,-132.062570410631));
#2430=CARTESIAN_POINT('',(-146.510738931553,-111.942740829781,-132.062570410631));
#2431=CARTESIAN_POINT('Origin',(-110.606341833765,-111.942740829781,-146.021819183637));
#2432=CARTESIAN_POINT('Origin',(-178.120381773441,-107.942740829781,-159.669628885526));
#2433=CARTESIAN_POINT('',(-163.566641726841,-111.942740829781,-155.615102942013));
#2434=CARTESIAN_POINT('',(-64.3223386069886,-111.942740829781,-127.966635918628));
#2435=CARTESIAN_POINT('Ctrl Pts',(-163.566641726841,-111.942740829781,-155.615102942013));
#2436=CARTESIAN_POINT('Ctrl Pts',(-163.448061176838,-111.942740829781,-156.185398359635));
#2437=CARTESIAN_POINT('Ctrl Pts',(-163.324669772376,-111.814063235024,-156.75469861164));
#2438=CARTESIAN_POINT('Ctrl Pts',(-163.210982355999,-111.567971977927,-157.270867929254));
#2439=CARTESIAN_POINT('Ctrl Pts',(-148.423315850635,-111.567971977927,-153.151172421568));
#2440=CARTESIAN_POINT('Ctrl Pts',(-148.525905138734,-111.814277274889,-152.631434787197));
#2441=CARTESIAN_POINT('Ctrl Pts',(-148.636195996211,-111.942740829781,-152.058382328181));
#2442=CARTESIAN_POINT('Ctrl Pts',(-148.739609780948,-111.942740829781,-151.484440617591));
#2443=CARTESIAN_POINT('Ctrl Pts',(-163.566641726841,-109.942740829781,-155.615102942013));
#2444=CARTESIAN_POINT('Ctrl Pts',(-163.526049284246,-109.942740829781,-155.905459679317));
#2445=CARTESIAN_POINT('Ctrl Pts',(-163.480690594446,-109.878402032402,-156.194661133056));
#2446=CARTESIAN_POINT('Ctrl Pts',(-163.437818596812,-109.755356403854,-156.45663817023));
#2447=CARTESIAN_POINT('Ctrl Pts',(-163.566641726841,-110.609407496447,-155.615102942013));
#2448=CARTESIAN_POINT('Ctrl Pts',(-163.500053248444,-110.609407496447,-155.998772572756));
#2449=CARTESIAN_POINT('Ctrl Pts',(-163.428683653756,-110.523622433276,-156.381340292584));
#2450=CARTESIAN_POINT('Ctrl Pts',(-163.362206516541,-110.359561595212,-156.728048089905));
#2451=CARTESIAN_POINT('Ctrl Pts',(-163.566641726841,-111.276074163114,-155.615102942013));
#2452=CARTESIAN_POINT('Ctrl Pts',(-163.474057212641,-111.276074163114,-156.092085466196));
#2453=CARTESIAN_POINT('Ctrl Pts',(-163.376676713066,-111.16884283415,-156.568019452112));
#2454=CARTESIAN_POINT('Ctrl Pts',(-163.28659443627,-110.96376678657,-156.99945800958));
#2455=CARTESIAN_POINT('Ctrl Pts',(-163.566641726841,-111.942740829781,-155.615102942013));
#2456=CARTESIAN_POINT('Ctrl Pts',(-163.448061176838,-111.942740829781,-156.185398359635));
#2457=CARTESIAN_POINT('Ctrl Pts',(-163.324669772376,-111.814063235024,-156.75469861164));
#2458=CARTESIAN_POINT('Ctrl Pts',(-163.210982355999,-111.567971977927,-157.270867929254));
#2459=CARTESIAN_POINT('',(-163.566641726841,-109.942740829781,-155.615102942013));
#2460=CARTESIAN_POINT('',(-163.566641726841,-110.822740829781,-155.615102942013));
#2461=CARTESIAN_POINT('',(-163.566641726841,-109.942740829781,-155.615102942013));
#2462=CARTESIAN_POINT('',(-163.437818596813,-109.755356403854,-156.45663817023));
#2463=CARTESIAN_POINT('Ctrl Pts',(-163.437818596812,-109.755356403854,-156.45663817023));
#2464=CARTESIAN_POINT('Ctrl Pts',(-163.480690594446,-109.878402032402,-156.194661133056));
#2465=CARTESIAN_POINT('Ctrl Pts',(-163.526049284246,-109.942740829781,-155.905459679317));
#2466=CARTESIAN_POINT('Ctrl Pts',(-163.566641726841,-109.942740829781,-155.615102942013));
#2467=CARTESIAN_POINT('',(-163.338010650855,-110.552907256446,-156.814899264201));
#2468=CARTESIAN_POINT('',(-163.437818596813,-109.755356403854,-156.45663817023));
#2469=CARTESIAN_POINT('',(-163.437818596813,-109.755356403854,-156.45663817023));
#2470=CARTESIAN_POINT('',(-163.566641726841,-109.942740829781,-155.615102942013));
#2471=CARTESIAN_POINT('Origin',(-145.599703678513,-109.942740829781,-195.073124168734));
#2472=CARTESIAN_POINT('',(-64.3223386069886,-109.942740829781,-127.966635918628));
#2473=CARTESIAN_POINT('',(-164.132707546935,-109.942740829781,-151.656764462838));
#2474=CARTESIAN_POINT('Origin',(-110.606341833765,-109.942740829781,-146.021819183638));
#2475=CARTESIAN_POINT('',(-167.370996968214,-109.942740829781,-149.180536116154));
#2476=CARTESIAN_POINT('Origin',(-166.923241721629,-109.942740829781,-151.950535713037));
#2477=CARTESIAN_POINT('',(-190.096834070876,-109.942740829781,-142.926920351323));
#2478=CARTESIAN_POINT('Origin',(-172.141728752822,-109.942740829781,-122.097513422234));
#2479=CARTESIAN_POINT('',(-193.120897724359,-109.942740829781,-144.408233088383));
#2480=CARTESIAN_POINT('Origin',(-191.105398015208,-109.942740829781,-144.695394064428));
#2481=CARTESIAN_POINT('',(-193.802424325647,-109.942740829781,-164.038488585618));
#2482=CARTESIAN_POINT('Origin',(-101.926320558134,-109.942740829781,-157.401300599163));
#2483=CARTESIAN_POINT('',(-207.501153765934,-109.942740829781,-167.854817153462));
#2484=CARTESIAN_POINT('',(-64.3223386069886,-109.942740829781,-127.966635918628));
#2485=CARTESIAN_POINT('',(-196.710970500056,-109.942740829781,-109.744280648341));
#2486=CARTESIAN_POINT('Origin',(-101.926320558134,-109.942740829781,-157.401300599163));
#2487=CARTESIAN_POINT('Origin',(-172.141728752822,-109.942740829781,-122.097513422234));
#2488=CARTESIAN_POINT('Origin',(-101.926320558134,-109.942740829781,-157.401300599163));
#2489=CARTESIAN_POINT('',(-193.802424325647,-111.942740829781,-164.038488585618));
#2490=CARTESIAN_POINT('',(-193.802424325647,-110.822740829781,-164.038488585618));
#2491=CARTESIAN_POINT('',(-193.802424325647,-109.942740829781,-164.038488585618));
#2492=CARTESIAN_POINT('',(-193.802424325647,-109.942740829781,-164.038488585618));
#2493=CARTESIAN_POINT('',(-193.120897724359,-111.942740829781,-144.408233088383));
#2494=CARTESIAN_POINT('',(-193.120897724359,-109.942740829781,-144.408233088383));
#2495=CARTESIAN_POINT('Origin',(-101.926320558134,-111.942740829781,-157.401300599163));
#2496=CARTESIAN_POINT('Origin',(-178.120381773441,-107.942740829781,-159.669628885526));
#2497=CARTESIAN_POINT('',(-207.501153765934,-111.942740829781,-167.854817153462));
#2498=CARTESIAN_POINT('',(-64.3223386069886,-111.942740829781,-127.966635918628));
#2499=CARTESIAN_POINT('Ctrl Pts',(-207.251543152161,-111.567971977927,-169.54012626032));
#2500=CARTESIAN_POINT('Ctrl Pts',(-207.327591541209,-111.814087288846,-169.013417539416));
#2501=CARTESIAN_POINT('Ctrl Pts',(-207.415625618935,-111.942740829781,-168.434302264297));
#2502=CARTESIAN_POINT('Ctrl Pts',(-207.501153765934,-111.942740829781,-167.854817153462));
#2503=CARTESIAN_POINT('Ctrl Pts',(-193.584872782736,-111.567971977927,-165.732729027935));
#2504=CARTESIAN_POINT('Ctrl Pts',(-193.650663971327,-111.814170645502,-165.202977187643));
#2505=CARTESIAN_POINT('Ctrl Pts',(-193.72801702549,-111.942740829781,-164.620862181316));
#2506=CARTESIAN_POINT('Ctrl Pts',(-193.802424325647,-111.942740829781,-164.038488585618));
#2507=CARTESIAN_POINT('Ctrl Pts',(-207.251543152161,-111.567971977927,-169.54012626032));
#2508=CARTESIAN_POINT('Ctrl Pts',(-207.327591541209,-111.814087288846,-169.013417539416));
#2509=CARTESIAN_POINT('Ctrl Pts',(-207.415625618935,-111.942740829781,-168.434302264297));
#2510=CARTESIAN_POINT('Ctrl Pts',(-207.501153765934,-111.942740829781,-167.854817153462));
#2511=CARTESIAN_POINT('Ctrl Pts',(-207.327155232432,-110.96376678657,-169.268716340645));
#2512=CARTESIAN_POINT('Ctrl Pts',(-207.37959617465,-111.168862879002,-168.826746661769));
#2513=CARTESIAN_POINT('Ctrl Pts',(-207.441620863021,-111.276074163114,-168.340992212729));
#2514=CARTESIAN_POINT('Ctrl Pts',(-207.501153765934,-111.276074163114,-167.854817153462));
#2515=CARTESIAN_POINT('Ctrl Pts',(-207.402767312703,-110.359561595212,-168.997306420971));
#2516=CARTESIAN_POINT('Ctrl Pts',(-207.431600808091,-110.523638469158,-168.640075784123));
#2517=CARTESIAN_POINT('Ctrl Pts',(-207.467616107107,-110.609407496447,-168.247682161161));
#2518=CARTESIAN_POINT('Ctrl Pts',(-207.501153765934,-110.609407496447,-167.854817153462));
#2519=CARTESIAN_POINT('Ctrl Pts',(-207.478379392974,-109.755356403854,-168.725896501296));
#2520=CARTESIAN_POINT('Ctrl Pts',(-207.483605441531,-109.878414059313,-168.453404906477));
#2521=CARTESIAN_POINT('Ctrl Pts',(-207.493611351192,-109.942740829781,-168.154372109592));
#2522=CARTESIAN_POINT('Ctrl Pts',(-207.501153765934,-109.942740829781,-167.854817153462));
#2523=CARTESIAN_POINT('',(-207.501153765934,-110.822740829781,-167.854817153462));
#2524=CARTESIAN_POINT('',(-207.501153765934,-111.942740829781,-167.854817153462));
#2525=CARTESIAN_POINT('Ctrl Pts',(-207.478379392974,-109.755356403854,-168.725896501296));
#2526=CARTESIAN_POINT('Ctrl Pts',(-207.483605441531,-109.878414059313,-168.453404906477));
#2527=CARTESIAN_POINT('Ctrl Pts',(-207.493611351192,-109.942740829781,-168.154372109592));
#2528=CARTESIAN_POINT('Ctrl Pts',(-207.501153765934,-109.942740829781,-167.854817153462));
#2529=CARTESIAN_POINT('',(-207.378571447016,-110.552907256446,-169.084157595266));
#2530=CARTESIAN_POINT('',(-207.251543152161,-111.567971977927,-169.54012626032));
#2531=CARTESIAN_POINT('',(-207.251543152161,-111.567971977927,-169.54012626032));
#2532=CARTESIAN_POINT('',(-207.501153765934,-111.942740829781,-167.854817153462));
#2533=CARTESIAN_POINT('Origin',(-178.120381773441,-107.942740829781,-159.669628885526));
#2534=CARTESIAN_POINT('',(-148.650152091449,-109.755356403854,-152.336942662543));
#2535=CARTESIAN_POINT('Ctrl Pts',(-148.739609780948,-109.942740829781,-151.484440617591));
#2536=CARTESIAN_POINT('Ctrl Pts',(-148.714109258547,-109.942740829781,-151.778712304602));
#2537=CARTESIAN_POINT('Ctrl Pts',(-148.681864368519,-109.878509052335,-152.071618394409));
#2538=CARTESIAN_POINT('Ctrl Pts',(-148.650152091448,-109.755356403854,-152.336942662543));
#2539=CARTESIAN_POINT('',(-64.0955023661753,-109.755356403854,-128.780865677653));
#2540=CARTESIAN_POINT('Origin',(-145.599703678513,-111.942740829781,-195.073124168734));
#2541=CARTESIAN_POINT('',(-196.710970500056,-111.942740829781,-109.744280648341));
#2542=CARTESIAN_POINT('Origin',(-172.141728752822,-111.942740829781,-122.097513422234));
#2543=CARTESIAN_POINT('Origin',(-101.926320558134,-111.942740829781,-157.401300599163));
#2544=CARTESIAN_POINT('',(-190.096834070876,-111.942740829781,-142.926920351323));
#2545=CARTESIAN_POINT('Origin',(-191.105398015208,-111.942740829781,-144.695394064428));
#2546=CARTESIAN_POINT('',(-167.370996968214,-111.942740829781,-149.180536116154));
#2547=CARTESIAN_POINT('Origin',(-172.141728752822,-111.942740829781,-122.097513422234));
#2548=CARTESIAN_POINT('',(-164.132707546935,-111.942740829781,-151.656764462838));
#2549=CARTESIAN_POINT('Origin',(-166.923241721629,-111.942740829781,-151.950535713037));
#2550=CARTESIAN_POINT('Origin',(-110.606341833765,-111.942740829781,-146.021819183638));
#2551=CARTESIAN_POINT('Origin',(-110.810159202728,-108.185345065769,-145.290215773968));
#2552=CARTESIAN_POINT('Origin',(-110.810159202728,-108.185345065769,-145.290215773968));
#2553=CARTESIAN_POINT('Origin',(-146.755498443643,-92.1847102739909,-190.924393393972));
#2554=CARTESIAN_POINT('Origin',(-110.810159202728,-108.185345065769,-145.290215773968));
#2555=CARTESIAN_POINT('Ctrl Pts',(-148.423315850635,-111.567971977927,-153.151172421568));
#2556=CARTESIAN_POINT('Ctrl Pts',(-148.525905138734,-111.814277274889,-152.631434787197));
#2557=CARTESIAN_POINT('Ctrl Pts',(-148.636195996211,-111.942740829781,-152.058382328181));
#2558=CARTESIAN_POINT('Ctrl Pts',(-148.739609780948,-111.942740829781,-151.484440617591));
#2559=CARTESIAN_POINT('Ctrl Pts',(-148.498927930906,-110.96376678657,-152.879762501893));
#2560=CARTESIAN_POINT('Ctrl Pts',(-148.577891548663,-111.169021200704,-152.444829322934));
#2561=CARTESIAN_POINT('Ctrl Pts',(-148.662167083657,-111.276074163114,-151.965158986988));
#2562=CARTESIAN_POINT('Ctrl Pts',(-148.739609780948,-111.276074163114,-151.484440617591));
#2563=CARTESIAN_POINT('Ctrl Pts',(-148.574540011177,-110.359561595212,-152.608352582218));
#2564=CARTESIAN_POINT('Ctrl Pts',(-148.629877958591,-110.52376512652,-152.258223858672));
#2565=CARTESIAN_POINT('Ctrl Pts',(-148.688138171102,-110.609407496447,-151.871935645795));
#2566=CARTESIAN_POINT('Ctrl Pts',(-148.739609780948,-110.609407496447,-151.484440617591));
#2567=CARTESIAN_POINT('Ctrl Pts',(-148.650152091448,-109.755356403854,-152.336942662543));
#2568=CARTESIAN_POINT('Ctrl Pts',(-148.681864368519,-109.878509052335,-152.071618394409));
#2569=CARTESIAN_POINT('Ctrl Pts',(-148.714109258547,-109.942740829781,-151.778712304602));
#2570=CARTESIAN_POINT('Ctrl Pts',(-148.739609780948,-109.942740829781,-151.484440617591));
#2571=CARTESIAN_POINT('',(-148.550344145491,-110.552907256446,-152.695203756514));
#2572=CARTESIAN_POINT('',(-148.423315850635,-111.567971977927,-153.151172421568));
#2573=CARTESIAN_POINT('',(-148.423315850635,-111.567971977927,-153.151172421568));
#2574=CARTESIAN_POINT('Origin',(-102.464341792312,-102.568117162206,-155.470070834976));
#2575=CARTESIAN_POINT('',(-193.711901077591,-110.552907256446,-165.276760362881));
#2576=CARTESIAN_POINT('',(-193.811709023549,-109.755356403854,-164.918499268911));
#2577=CARTESIAN_POINT('',(-193.811709023549,-109.755356403854,-164.918499268911));
#2578=CARTESIAN_POINT('Origin',(-101.926320558134,-111.942740829781,-157.401300599163));
#2579=CARTESIAN_POINT('',(-196.710970500056,-111.942740829781,-109.744280648341));
#2580=CARTESIAN_POINT('Origin',(-191.105398015208,-109.942740829781,-144.695394064428));
#2581=CARTESIAN_POINT('',(-190.096834070875,-109.942740829781,-142.926920351324));
#2582=CARTESIAN_POINT('Ctrl Pts',(-193.802424325647,-109.942740829781,-164.038488585618));
#2583=CARTESIAN_POINT('Ctrl Pts',(-193.805975655066,-109.942740829781,-164.341029311816));
#2584=CARTESIAN_POINT('Ctrl Pts',(-193.806653884871,-109.878455737641,-164.643050655359));
#2585=CARTESIAN_POINT('Ctrl Pts',(-193.811709023549,-109.755356403854,-164.918499268911));
#2586=CARTESIAN_POINT('Ctrl Pts',(-193.802424325647,-110.609407496447,-164.038488585618));
#2587=CARTESIAN_POINT('Ctrl Pts',(-193.779989445207,-110.609407496447,-164.434306934982));
#2588=CARTESIAN_POINT('Ctrl Pts',(-193.754657247023,-110.523694040262,-164.829692832787));
#2589=CARTESIAN_POINT('Ctrl Pts',(-193.736096943278,-110.359561595212,-165.189909188585));
#2590=CARTESIAN_POINT('Ctrl Pts',(-193.802424325647,-111.276074163114,-164.038488585618));
#2591=CARTESIAN_POINT('Ctrl Pts',(-193.754003235349,-111.276074163114,-164.527584558149));
#2592=CARTESIAN_POINT('Ctrl Pts',(-193.702660609175,-111.168932342882,-165.016335010215));
#2593=CARTESIAN_POINT('Ctrl Pts',(-193.660484863007,-110.96376678657,-165.46131910826));
#2594=CARTESIAN_POINT('Ctrl Pts',(-193.802424325647,-111.942740829781,-164.038488585618));
#2595=CARTESIAN_POINT('Ctrl Pts',(-193.72801702549,-111.942740829781,-164.620862181316));
#2596=CARTESIAN_POINT('Ctrl Pts',(-193.650663971327,-111.814170645502,-165.202977187643));
#2597=CARTESIAN_POINT('Ctrl Pts',(-193.584872782736,-111.567971977927,-165.732729027935));
#2598=CARTESIAN_POINT('Ctrl Pts',(-193.811709023549,-109.755356403854,-164.918499268911));
#2599=CARTESIAN_POINT('Ctrl Pts',(-193.806653884871,-109.878455737641,-164.643050655359));
#2600=CARTESIAN_POINT('Ctrl Pts',(-193.805975655066,-109.942740829781,-164.341029311816));
#2601=CARTESIAN_POINT('Ctrl Pts',(-193.802424325647,-109.942740829781,-164.038488585618));
#2602=CARTESIAN_POINT('Ctrl Pts',(-181.66462227386,-93.911472167968,-197.726204013539));
#2603=CARTESIAN_POINT('Ctrl Pts',(-181.66462227386,-94.5781388346346,-197.726204013539));
#2604=CARTESIAN_POINT('Ctrl Pts',(-181.66462227386,-95.2448055013013,-197.726204013539));
#2605=CARTESIAN_POINT('Ctrl Pts',(-181.66462227386,-95.911472167968,-197.726204013539));
#2606=CARTESIAN_POINT('Ctrl Pts',(-181.915815390473,-93.911472167968,-197.192252792377));
#2607=CARTESIAN_POINT('Ctrl Pts',(-181.889789966594,-94.5782094436439,-197.285671174453));
#2608=CARTESIAN_POINT('Ctrl Pts',(-181.863775106212,-95.244734892292,-197.379051638809));
#2609=CARTESIAN_POINT('Ctrl Pts',(-181.837749682333,-95.911472167968,-197.472470020886));
#2610=CARTESIAN_POINT('Ctrl Pts',(-182.166915037781,-94.040371681607,-196.658637079722));
#2611=CARTESIAN_POINT('Ctrl Pts',(-182.114881993491,-94.6856246344822,-196.845409938247));
#2612=CARTESIAN_POINT('Ctrl Pts',(-182.062863400445,-95.3306689719123,-197.032130923962));
#2613=CARTESIAN_POINT('Ctrl Pts',(-182.010830356155,-95.9759219247875,-197.218903782487));
#2614=CARTESIAN_POINT('Ctrl Pts',(-182.403479856489,-94.2862410198214,-196.177194203059));
#2615=CARTESIAN_POINT('Ctrl Pts',(-182.327867776218,-94.8904462111792,-196.448604122733));
#2616=CARTESIAN_POINT('Ctrl Pts',(-182.252255695947,-95.4946514025369,-196.720014042408));
#2617=CARTESIAN_POINT('Ctrl Pts',(-182.176643615676,-96.0988565938947,-196.991423962083));
#2618=CARTESIAN_POINT('Origin',(-173.621611072,-93.911472167968,-209.387459450048));
#2619=CARTESIAN_POINT('',(-172.664927030165,-95.911472167968,-210.452166443967));
#2620=CARTESIAN_POINT('Origin',(-173.621611072,-95.911472167968,-209.387459450048));
#2621=CARTESIAN_POINT('',(-172.664927030165,-93.911472167968,-210.452166443967));
#2622=CARTESIAN_POINT('Origin',(-127.90729129426,-93.911472167968,-248.89373364829));
#2623=CARTESIAN_POINT('',(-143.524003530767,-95.911472167968,-191.998053929619));
#2624=CARTESIAN_POINT('Origin',(-127.90729129426,-95.911472167968,-248.89373364829));
#2625=CARTESIAN_POINT('',(-143.524003530767,-93.911472167968,-191.998053929619));
#2626=CARTESIAN_POINT('Origin',(-144.104112354434,-93.911472167968,-190.534859830137));
#2627=CARTESIAN_POINT('',(-142.821328549164,-95.911472167968,-189.622758449262));
#2628=CARTESIAN_POINT('Origin',(-144.104112354434,-95.911472167968,-190.534859830137));
#2629=CARTESIAN_POINT('',(-142.821328549164,-93.911472167968,-189.622758449262));
#2630=CARTESIAN_POINT('Origin',(-160.998369380792,-93.911472167968,-163.924296741987));
#2631=CARTESIAN_POINT('',(-142.821328549164,-95.911472167968,-189.622758449262));
#2632=CARTESIAN_POINT('Origin',(-110.606341833765,-109.942740829781,-146.021819183638));
#2633=CARTESIAN_POINT('',(-164.132707546935,-109.942740829781,-151.656764462838));
#2634=CARTESIAN_POINT('Origin',(-166.923241721629,-109.942740829781,-151.950535713037));
#2635=CARTESIAN_POINT('',(-167.370996968277,-109.942740829781,-149.180536116164));
#2636=CARTESIAN_POINT('Origin',(-172.141728752822,-111.942740829781,-122.097513422234));
#2637=CARTESIAN_POINT('Origin',(-118.271934877733,-95.911472167968,-283.061114389671));
#2638=CARTESIAN_POINT('',(-118.950481104249,-95.911472167968,-280.654960816334));
#2639=CARTESIAN_POINT('',(-118.950481104249,-95.911472167968,-280.654960816334));
#2640=CARTESIAN_POINT('',(-115.925457700376,-95.911472167968,-282.198534042026));
#2641=CARTESIAN_POINT('Origin',(-118.271934877733,-95.911472167968,-283.061114389671));
#2642=CARTESIAN_POINT('',(-115.925457700376,-95.911472167968,-282.198534042026));
#2643=CARTESIAN_POINT('Origin',(-116.751675163743,-95.911472167968,-279.950974812768));
#2644=CARTESIAN_POINT('',(-115.394959868022,-95.911472167968,-283.641647207838));
#2645=CARTESIAN_POINT('',(-116.751675163743,-95.911472167968,-279.950974812768));
#2646=CARTESIAN_POINT('',(-115.394959868022,-95.911472167968,-283.641647207838));
#2647=CARTESIAN_POINT('Origin',(-146.514036671342,-95.911472167968,-191.791121567429));
#2648=CARTESIAN_POINT('',(-170.445541109545,-95.911472167968,-255.178421470819));
#2649=CARTESIAN_POINT('',(-170.445541128247,-95.911472167968,-255.178421473582));
#2650=CARTESIAN_POINT('Origin',(-127.907291284481,-95.911472167968,-248.893733642862));
#2651=CARTESIAN_POINT('',(-159.971873873247,-95.911472167968,-241.092288651666));
#2652=CARTESIAN_POINT('Origin',(-127.90729129426,-95.911472167968,-248.89373364829));
#2653=CARTESIAN_POINT('',(-161.656895117559,-95.911472167968,-238.114578939676));
#2654=CARTESIAN_POINT('Origin',(-162.40100891711,-95.911472167968,-240.501270091316));
#2655=CARTESIAN_POINT('',(-163.059984545751,-95.911472167968,-237.677128872119));
#2656=CARTESIAN_POINT('',(-159.337766129416,-95.911472167968,-238.837628456087));
#2657=CARTESIAN_POINT('',(-164.640774763222,-95.911472167968,-234.371296103735));
#2658=CARTESIAN_POINT('Origin',(-162.3158707462,-95.911472167968,-235.290437720479));
#2659=CARTESIAN_POINT('',(-143.770073452153,-95.911472167968,-212.718850895042));
#2660=CARTESIAN_POINT('Origin',(-127.90729129426,-95.911472167968,-248.89373364829));
#2661=CARTESIAN_POINT('',(-140.419622720499,-95.911472167968,-214.145820088742));
#2662=CARTESIAN_POINT('Origin',(-142.766099897856,-95.911472167968,-215.008400436387));
#2663=CARTESIAN_POINT('',(-139.889124888145,-95.911472167968,-215.588933254554));
#2664=CARTESIAN_POINT('',(-139.062907424778,-95.911472167968,-217.836492483812));
#2665=CARTESIAN_POINT('',(-136.864101484272,-95.911472167968,-217.132506480246));
#2666=CARTESIAN_POINT('Origin',(-137.542647710788,-95.911472167968,-214.726352906909));
#2667=CARTESIAN_POINT('',(-95.8427087152737,-95.911472167968,-256.695178644914));
#2668=CARTESIAN_POINT('Origin',(-127.90729129426,-95.911472167968,-248.89373364829));
#2669=CARTESIAN_POINT('',(-94.1576874709621,-95.911472167968,-259.672888356904));
#2670=CARTESIAN_POINT('Origin',(-93.4135736714111,-95.911472167968,-257.286197205264));
#2671=CARTESIAN_POINT('',(-92.7545980427703,-95.911472167968,-260.110338424461));
#2672=CARTESIAN_POINT('',(-96.4768164591049,-95.911472167968,-258.949838840493));
#2673=CARTESIAN_POINT('',(-91.1738078252985,-95.911472167968,-263.416171192845));
#2674=CARTESIAN_POINT('Origin',(-93.4987118423214,-95.911472167968,-262.497029576101));
#2675=CARTESIAN_POINT('',(-112.044509136368,-95.911472167968,-285.068616401538));
#2676=CARTESIAN_POINT('Origin',(-127.90729129426,-95.911472167968,-248.89373364829));
#2677=CARTESIAN_POINT('Origin',(-113.048482690665,-95.911472167968,-282.779066860193));
#2678=CARTESIAN_POINT('',(-161.384407760825,-95.911472167968,-259.063202474549));
#2679=CARTESIAN_POINT('Origin',(-162.982788343191,-95.911472167968,-258.991233634665));
#2680=CARTESIAN_POINT('',(-146.68775243003,-95.911472167968,-279.246931153796));
#2681=CARTESIAN_POINT('Origin',(-148.286133012396,-95.911472167968,-279.174962313912));
#2682=CARTESIAN_POINT('',(-89.8951765512151,-95.911472167968,-251.473682783296));
#2683=CARTESIAN_POINT('Origin',(-91.4935571335814,-95.911472167968,-251.401713943412));
#2684=CARTESIAN_POINT('',(-168.323838675832,-95.911472167968,-222.984339160347));
#2685=CARTESIAN_POINT('Origin',(-170.521611976586,-95.911472167968,-222.885382005506));
#2686=CARTESIAN_POINT('',(-139.802258757782,-95.911472167968,-201.098961149431));
#2687=CARTESIAN_POINT('Origin',(-142.000032058536,-95.911472167968,-201.00000399459));
#2688=CARTESIAN_POINT('',(-117.515853680376,-95.911472167968,-213.540680983629));
#2689=CARTESIAN_POINT('Origin',(-119.114234262742,-95.911472167968,-213.468712143745));
#2690=CARTESIAN_POINT('',(-96.8022733400707,-95.911472167968,-227.480629720815));
#2691=CARTESIAN_POINT('Origin',(-98.400653922437,-95.911472167968,-227.408660880931));
#2692=CARTESIAN_POINT('',(-122.455610569148,-95.911472167968,-285.261736399483));
#2693=CARTESIAN_POINT('Origin',(-124.053991151515,-95.911472167968,-285.189767559599));
#2694=CARTESIAN_POINT('Origin',(-93.4135736714111,-95.911472167968,-257.286197205264));
#2695=CARTESIAN_POINT('',(-94.1576874709621,-95.911472167968,-259.672888356904));
#2696=CARTESIAN_POINT('',(-95.8427087152737,-95.911472167968,-256.695178644914));
#2697=CARTESIAN_POINT('Origin',(-127.90729129426,-95.911472167968,-248.89373364829));
#2698=CARTESIAN_POINT('',(-136.864101484272,-95.911472167968,-217.132506480246));
#2699=CARTESIAN_POINT('Origin',(-162.40100891711,-95.911472167968,-240.501270091316));
#2700=CARTESIAN_POINT('',(-161.656895117559,-95.911472167968,-238.114578939676));
#2701=CARTESIAN_POINT('',(-159.971873873247,-95.911472167968,-241.092288651666));
#2702=CARTESIAN_POINT('Origin',(-127.90729129426,-95.911472167968,-248.89373364829));
#2703=CARTESIAN_POINT('Origin',(-137.542647710788,-95.911472167968,-214.726352906909));
#2704=CARTESIAN_POINT('',(-139.889124888145,-95.911472167968,-215.588933254554));
#2705=CARTESIAN_POINT('Origin',(-93.4987118423214,-95.911472167968,-262.497029576101));
#2706=CARTESIAN_POINT('',(-92.7545980427703,-95.911472167968,-260.110338424461));
#2707=CARTESIAN_POINT('',(-91.1738078252985,-95.911472167968,-263.416171192845));
#2708=CARTESIAN_POINT('Origin',(-90.2712763653052,-95.911472167968,-260.884579334373));
#2709=CARTESIAN_POINT('Origin',(-113.048482690665,-95.911472167968,-282.779066860193));
#2710=CARTESIAN_POINT('',(-112.044509136368,-95.911472167968,-285.068616401538));
#2711=CARTESIAN_POINT('Origin',(-127.90729129426,-95.911472167968,-248.89373364829));
#2712=CARTESIAN_POINT('Origin',(-162.3158707462,-95.911472167968,-235.290437720479));
#2713=CARTESIAN_POINT('',(-163.059984545751,-95.911472167968,-237.677128872119));
#2714=CARTESIAN_POINT('',(-164.640774763222,-95.911472167968,-234.371296103735));
#2715=CARTESIAN_POINT('Origin',(-165.543306223216,-95.911472167968,-236.902887962207));
#2716=CARTESIAN_POINT('Origin',(-142.766099897856,-95.911472167968,-215.008400436387));
#2717=CARTESIAN_POINT('',(-143.770073452153,-95.911472167968,-212.718850895042));
#2718=CARTESIAN_POINT('',(-140.419622720499,-95.911472167968,-214.145820088742));
#2719=CARTESIAN_POINT('Origin',(-127.90729129426,-95.911472167968,-248.89373364829));
#2720=CARTESIAN_POINT('Origin',(-124.053991151515,-95.911472167968,-285.189767559599));
#2721=CARTESIAN_POINT('',(-122.455610569148,-95.911472167968,-285.261736399483));
#2722=CARTESIAN_POINT('Origin',(-98.400653922437,-95.911472167968,-227.408660880931));
#2723=CARTESIAN_POINT('',(-96.8022733400707,-95.911472167968,-227.480629720815));
#2724=CARTESIAN_POINT('Origin',(-119.114234262742,-95.911472167968,-213.468712143745));
#2725=CARTESIAN_POINT('',(-117.515853680376,-95.911472167968,-213.540680983629));
#2726=CARTESIAN_POINT('Origin',(-142.000032058536,-95.911472167968,-201.00000399459));
#2727=CARTESIAN_POINT('',(-139.802258757782,-95.911472167968,-201.098961149431));
#2728=CARTESIAN_POINT('Origin',(-170.521611976586,-95.911472167968,-222.885382005506));
#2729=CARTESIAN_POINT('',(-168.323838675832,-95.911472167968,-222.984339160347));
#2730=CARTESIAN_POINT('Origin',(-91.4935571335814,-95.911472167968,-251.401713943412));
#2731=CARTESIAN_POINT('',(-89.8951765512151,-95.911472167968,-251.473682783296));
#2732=CARTESIAN_POINT('Origin',(-148.286133012396,-95.911472167968,-279.174962313912));
#2733=CARTESIAN_POINT('',(-146.68775243003,-95.911472167968,-279.246931153796));
#2734=CARTESIAN_POINT('Origin',(-162.982788343191,-95.911472167968,-258.991233634665));
#2735=CARTESIAN_POINT('',(-161.384407760825,-95.911472167968,-259.063202474549));
#2736=CARTESIAN_POINT('Origin',(-139.062907424778,-95.911472167968,-217.836492483812));
#2737=CARTESIAN_POINT('Origin',(-110.583322961915,-109.997960639843,-146.104445532992));
#2738=CARTESIAN_POINT('Origin',(-172.141728752822,-111.942740829781,-122.097513422234));
#2739=CARTESIAN_POINT('Origin',(-102.237505551499,-104.380732736279,-156.284300594));
#2740=CARTESIAN_POINT('',(-201.885033641487,-100.584614138729,-192.495915365425));
#2741=CARTESIAN_POINT('Origin',(-198.635942236544,-96.3606608249656,-200.993998128481));
#2742=CARTESIAN_POINT('Origin',(-170.445541128247,-95.911472167968,-255.178421473582));
#2743=CARTESIAN_POINT('',(-170.445541109545,-95.911472167968,-255.178421470819));
#2744=CARTESIAN_POINT('Origin',(-127.907291284481,-95.911472167968,-248.893733642862));
#2745=CARTESIAN_POINT('Ctrl Pts',(-130.348315442618,-96.0988565938947,-182.552571782936));
#2746=CARTESIAN_POINT('Ctrl Pts',(-130.423927522889,-95.4946514025369,-182.281161863261));
#2747=CARTESIAN_POINT('Ctrl Pts',(-130.49953960316,-94.8904462111791,-182.009751943587));
#2748=CARTESIAN_POINT('Ctrl Pts',(-130.575151683431,-94.2862410198214,-181.738342023912));
#2749=CARTESIAN_POINT('Ctrl Pts',(-130.142165962552,-95.9759219247875,-182.768814337033));
#2750=CARTESIAN_POINT('Ctrl Pts',(-130.194199006842,-95.3306689719123,-182.582041478509));
#2751=CARTESIAN_POINT('Ctrl Pts',(-130.246217599888,-94.6856246344822,-182.395320492794));
#2752=CARTESIAN_POINT('Ctrl Pts',(-130.298250644178,-94.040371681607,-182.208547634269));
#2753=CARTESIAN_POINT('Ctrl Pts',(-129.928749068186,-95.911472167968,-183.011143309126));
#2754=CARTESIAN_POINT('Ctrl Pts',(-129.954774492064,-95.244734892292,-182.917724927049));
#2755=CARTESIAN_POINT('Ctrl Pts',(-129.980789352446,-94.5782094436439,-182.824344462693));
#2756=CARTESIAN_POINT('Ctrl Pts',(-130.006814776325,-93.9114721679679,-182.730926080616));
#2757=CARTESIAN_POINT('Ctrl Pts',(-129.715285439168,-95.911472167968,-183.253640035473));
#2758=CARTESIAN_POINT('Ctrl Pts',(-129.715285439168,-95.2448055013013,-183.253640035473));
#2759=CARTESIAN_POINT('Ctrl Pts',(-129.715285439168,-94.5781388346346,-183.253640035473));
#2760=CARTESIAN_POINT('Ctrl Pts',(-129.715285439168,-93.9114721679679,-183.253640035473));
#2761=CARTESIAN_POINT('Origin',(-178.120381773441,-107.942740829781,-159.669628885526));
#2762=CARTESIAN_POINT('',(-3.7429576971852,1.99999999999998,1.8882116205256));
#2763=UNCERTAINTY_MEASURE_WITH_UNIT(LENGTH_MEASURE(0.01),#2769,
'DISTANCE_ACCURACY_VALUE',
'Maximum model space distance between geometric entities at asserted c
onnectivities');
#2764=UNCERTAINTY_MEASURE_WITH_UNIT(LENGTH_MEASURE(0.01),#2769,
'DISTANCE_ACCURACY_VALUE',
'Maximum model space distance between geometric entities at asserted c
onnectivities');
#2765=UNCERTAINTY_MEASURE_WITH_UNIT(LENGTH_MEASURE(0.01),#2769,
'DISTANCE_ACCURACY_VALUE',
'Maximum model space distance between geometric entities at asserted c
onnectivities');
#2766=(
GEOMETRIC_REPRESENTATION_CONTEXT(3)
GLOBAL_UNCERTAINTY_ASSIGNED_CONTEXT((#2763))
GLOBAL_UNIT_ASSIGNED_CONTEXT((#2769,#2771,#2772))
REPRESENTATION_CONTEXT('','3D')
);
#2767=(
GEOMETRIC_REPRESENTATION_CONTEXT(3)
GLOBAL_UNCERTAINTY_ASSIGNED_CONTEXT((#2764))
GLOBAL_UNIT_ASSIGNED_CONTEXT((#2769,#2771,#2772))
REPRESENTATION_CONTEXT('','3D')
);
#2768=(
GEOMETRIC_REPRESENTATION_CONTEXT(3)
GLOBAL_UNCERTAINTY_ASSIGNED_CONTEXT((#2765))
GLOBAL_UNIT_ASSIGNED_CONTEXT((#2769,#2771,#2772))
REPRESENTATION_CONTEXT('','3D')
);
#2769=(
LENGTH_UNIT()
NAMED_UNIT(*)
SI_UNIT(.MILLI.,.METRE.)
);
#2770=(
LENGTH_UNIT()
NAMED_UNIT(*)
SI_UNIT($,.METRE.)
);
#2771=(
NAMED_UNIT(*)
PLANE_ANGLE_UNIT()
SI_UNIT($,.RADIAN.)
);
#2772=(
NAMED_UNIT(*)
SI_UNIT($,.STERADIAN.)
SOLID_ANGLE_UNIT()
);
#2773=SHAPE_DEFINITION_REPRESENTATION(#2775,#2778);
#2774=SHAPE_DEFINITION_REPRESENTATION(#2776,#2779);
#2775=PRODUCT_DEFINITION_SHAPE('',$,#2781);
#2776=PRODUCT_DEFINITION_SHAPE('',$,#2782);
#2777=PRODUCT_DEFINITION_SHAPE($,$,#14);
#2778=SHAPE_REPRESENTATION('',(#1555,#1712),#2766);
#2779=SHAPE_REPRESENTATION('',(#1556),#2767);
#2780=PRODUCT_DEFINITION_CONTEXT('part definition',#2788,'design');
#2781=PRODUCT_DEFINITION('Leg (right)','Leg (right) v74',#2783,#2780);
#2782=PRODUCT_DEFINITION('Shin','Shin',#2784,#2780);
#2783=PRODUCT_DEFINITION_FORMATION('',$,#2790);
#2784=PRODUCT_DEFINITION_FORMATION('',$,#2791);
#2785=PRODUCT_RELATED_PRODUCT_CATEGORY('Leg (right) v74',
'Leg (right) v74',(#2790));
#2786=PRODUCT_RELATED_PRODUCT_CATEGORY('Shin','Shin',(#2791));
#2787=APPLICATION_PROTOCOL_DEFINITION('international standard',
'automotive_design',2009,#2788);
#2788=APPLICATION_CONTEXT(
'Core Data for Automotive Mechanical Design Process');
#2789=PRODUCT_CONTEXT('part definition',#2788,'mechanical');
#2790=PRODUCT('Leg (right)','Leg (right) v74',$,(#2789));
#2791=PRODUCT('Shin','Shin',$,(#2789));
#2792=PRESENTATION_STYLE_ASSIGNMENT((#2798));
#2793=PRESENTATION_STYLE_ASSIGNMENT((#2799));
#2794=PRESENTATION_STYLE_ASSIGNMENT((#2800));
#2795=PRESENTATION_STYLE_ASSIGNMENT((#2801));
#2796=PRESENTATION_STYLE_ASSIGNMENT((#2802));
#2797=PRESENTATION_STYLE_ASSIGNMENT((#2803));
#2798=SURFACE_STYLE_USAGE(.BOTH.,#2804);
#2799=SURFACE_STYLE_USAGE(.BOTH.,#2805);
#2800=SURFACE_STYLE_USAGE(.BOTH.,#2806);
#2801=SURFACE_STYLE_USAGE(.BOTH.,#2807);
#2802=SURFACE_STYLE_USAGE(.BOTH.,#2808);
#2803=SURFACE_STYLE_USAGE(.BOTH.,#2809);
#2804=SURFACE_SIDE_STYLE('',(#2810));
#2805=SURFACE_SIDE_STYLE('',(#2811));
#2806=SURFACE_SIDE_STYLE('',(#2812));
#2807=SURFACE_SIDE_STYLE('',(#2813));
#2808=SURFACE_SIDE_STYLE('',(#2814));
#2809=SURFACE_SIDE_STYLE('',(#2815));
#2810=SURFACE_STYLE_FILL_AREA(#2816);
#2811=SURFACE_STYLE_FILL_AREA(#2817);
#2812=SURFACE_STYLE_FILL_AREA(#2818);
#2813=SURFACE_STYLE_FILL_AREA(#2819);
#2814=SURFACE_STYLE_FILL_AREA(#2820);
#2815=SURFACE_STYLE_FILL_AREA(#2821);
#2816=FILL_AREA_STYLE('Steel - Satin',(#2822));
#2817=FILL_AREA_STYLE('Plate',(#2823));
#2818=FILL_AREA_STYLE('ABS (White)',(#2824));
#2819=FILL_AREA_STYLE('Aluminum - Satin',(#2825));
#2820=FILL_AREA_STYLE('ABS (White) (1)',(#2826));
#2821=FILL_AREA_STYLE('Aluminum - Anodized Glossy (Grey)',(#2827));
#2822=FILL_AREA_STYLE_COLOUR('Steel - Satin',#2828);
#2823=FILL_AREA_STYLE_COLOUR('Plate',#2829);
#2824=FILL_AREA_STYLE_COLOUR('ABS (White)',#2830);
#2825=FILL_AREA_STYLE_COLOUR('Aluminum - Satin',#2831);
#2826=FILL_AREA_STYLE_COLOUR('ABS (White) (1)',#2832);
#2827=FILL_AREA_STYLE_COLOUR('Aluminum - Anodized Glossy (Grey)',#2833);
#2828=COLOUR_RGB('Steel - Satin',0.627450980392157,0.627450980392157,0.627450980392157);
#2829=COLOUR_RGB('Plate',0.6,0.6,0.6);
#2830=COLOUR_RGB('ABS (White)',0.964705882352941,0.964705882352941,0.952941176470588);
#2831=COLOUR_RGB('Aluminum - Satin',0.96078431372549,0.96078431372549,0.964705882352941);
#2832=COLOUR_RGB('ABS (White) (1)',0.905882352941176,0.262745098039216,
0.184313725490196);
#2833=COLOUR_RGB('Aluminum - Anodized Glossy (Grey)',0.537254901960784,
0.537254901960784,0.537254901960784);
ENDSEC;
END-ISO-10303-21;
