ISO-10303-21;
HEADER;
/* Generated by software containing ST-Developer
 * from STEP Tools, Inc. (www.steptools.com) 
 */

FILE_DESCRIPTION(
/* description */ (''),
/* implementation_level */ '2;1');

FILE_NAME(
/* name */ 'BatteryMount.step',
/* time_stamp */ '2026-08-13T12:57:50-04:00',
/* author */ (''),
/* organization */ (''),
/* preprocessor_version */ 'ST-DEVELOPER v20.1',
/* originating_system */ 'Autodesk Translation Framework v15.8.0.0',
/* authorisation */ '');

FILE_SCHEMA (('AUTOMOTIVE_DESIGN { 1 0 10303 214 3 1 1 }'));
ENDSEC;

DATA;
#10=MECHANICAL_DESIGN_GEOMETRIC_PRESENTATION_REPRESENTATION('',(#17),#4050);
#11=ITEM_DEFINED_TRANSFORMATION($,$,#2456,#2657);
#12=(
REPRESENTATION_RELATIONSHIP($,$,#4061,#4060)
REPRESENTATION_RELATIONSHIP_WITH_TRANSFORMATION(#11)
SHAPE_REPRESENTATION_RELATIONSHIP()
);
#13=CONTEXT_DEPENDENT_SHAPE_REPRESENTATION(#12,#4059);
#14=NEXT_ASSEMBLY_USAGE_OCCURRENCE('Chassis:1','Chassis:1','Chassis:1',
#4063,#4064,'Chassis:1');
#15=SHAPE_REPRESENTATION_RELATIONSHIP('SRR','None',#4061,#16);
#16=ADVANCED_BREP_SHAPE_REPRESENTATION('',(#2442),#4049);
#17=STYLED_ITEM('',(#4076),#2442);
#18=(
BOUNDED_SURFACE()
B_SPLINE_SURFACE(2,1,((#3937,#3938),(#3939,#3940),(#3941,#3942)),
 .UNSPECIFIED.,.F.,.F.,.F.)
B_SPLINE_SURFACE_WITH_KNOTS((3,3),(2,2),(-2.94730672586254E-16,1.5707963268227),
(0.,1.80000000000005),.UNSPECIFIED.)
GEOMETRIC_REPRESENTATION_ITEM()
RATIONAL_B_SPLINE_SURFACE(((1.,1.),(0.707106781176716,0.707106781176716),
(1.,1.)))
REPRESENTATION_ITEM('')
SURFACE()
);
#19=(
BOUNDED_SURFACE()
B_SPLINE_SURFACE(2,1,((#3948,#3949),(#3950,#3951),(#3952,#3953)),
 .UNSPECIFIED.,.F.,.F.,.F.)
B_SPLINE_SURFACE_WITH_KNOTS((3,3),(2,2),(-1.57079632680059,-5.55111512312638E-17),
(0.,1.80000000000004),.UNSPECIFIED.)
GEOMETRIC_REPRESENTATION_ITEM()
RATIONAL_B_SPLINE_SURFACE(((1.,1.),(0.707106781184534,0.707106781184534),
(1.,1.)))
REPRESENTATION_ITEM('')
SURFACE()
);
#20=TOROIDAL_SURFACE('',#2586,3739.53095484771,3737.93313619947);
#21=FACE_BOUND('',#242,.T.);
#22=FACE_BOUND('',#244,.T.);
#23=FACE_BOUND('',#245,.T.);
#24=FACE_BOUND('',#247,.T.);
#25=FACE_BOUND('',#251,.T.);
#26=FACE_BOUND('',#254,.T.);
#27=FACE_BOUND('',#258,.T.);
#28=FACE_BOUND('',#280,.T.);
#29=FACE_BOUND('',#286,.T.);
#30=FACE_BOUND('',#287,.T.);
#31=FACE_BOUND('',#294,.T.);
#32=FACE_BOUND('',#297,.T.);
#33=FACE_BOUND('',#318,.T.);
#34=FACE_BOUND('',#322,.T.);
#35=FACE_BOUND('',#327,.T.);
#36=FACE_BOUND('',#335,.T.);
#37=FACE_BOUND('',#356,.T.);
#38=FACE_BOUND('',#361,.T.);
#39=FACE_BOUND('',#367,.T.);
#40=CIRCLE('',#2473,1.5);
#41=CIRCLE('',#2476,1.49999999999999);
#42=CIRCLE('',#2484,1.59999874360242);
#43=CIRCLE('',#2487,1.60000039037438);
#44=CIRCLE('',#2492,1.39999994132138);
#45=CIRCLE('',#2496,1.39999986937278);
#46=CIRCLE('',#2504,10.);
#47=CIRCLE('',#2507,8.00000000000001);
#48=CIRCLE('',#2509,10.);
#49=CIRCLE('',#2519,6.00000909147993);
#50=CIRCLE('',#2530,7.);
#51=CIRCLE('',#2536,1.60000039037438);
#52=CIRCLE('',#2537,1.60000039037438);
#53=CIRCLE('',#2538,1.59999758555714);
#54=CIRCLE('',#2539,1.59999758555714);
#55=CIRCLE('',#2547,10.);
#56=CIRCLE('',#2549,8.00000000000001);
#57=CIRCLE('',#2551,10.);
#58=CIRCLE('',#2553,3.25);
#59=CIRCLE('',#2555,3.25);
#60=CIRCLE('',#2557,10.);
#61=CIRCLE('',#2558,10.);
#62=CIRCLE('',#2559,8.00000000000001);
#63=CIRCLE('',#2563,1.40000010142841);
#64=CIRCLE('',#2566,1.59999758555714);
#65=CIRCLE('',#2587,1.60103641008964);
#66=CIRCLE('',#2588,3737.93313619947);
#67=CIRCLE('',#2592,1.40000017336793);
#68=CIRCLE('',#2601,3.2);
#69=CIRCLE('',#2606,3.2);
#70=CIRCLE('',#2608,7.);
#71=CIRCLE('',#2617,5.99996552613208);
#72=CIRCLE('',#2639,10.);
#73=CIRCLE('',#2640,10.);
#74=CIRCLE('',#2641,8.00000000000001);
#75=CIRCLE('',#2642,3.25);
#76=CIRCLE('',#2647,3.25);
#77=CYLINDRICAL_SURFACE('',#2472,1.5);
#78=CYLINDRICAL_SURFACE('',#2475,1.49999999999999);
#79=CYLINDRICAL_SURFACE('',#2489,1.59999874360235);
#80=CYLINDRICAL_SURFACE('',#2495,1.39999986937278);
#81=CYLINDRICAL_SURFACE('',#2503,10.);
#82=CYLINDRICAL_SURFACE('',#2505,8.00000000000001);
#83=CYLINDRICAL_SURFACE('',#2508,10.);
#84=CYLINDRICAL_SURFACE('',#2517,6.00000909144954);
#85=CYLINDRICAL_SURFACE('',#2546,10.);
#86=CYLINDRICAL_SURFACE('',#2548,8.00000000000001);
#87=CYLINDRICAL_SURFACE('',#2550,10.);
#88=CYLINDRICAL_SURFACE('',#2554,3.25);
#89=CYLINDRICAL_SURFACE('',#2565,1.59999758555696);
#90=CYLINDRICAL_SURFACE('',#2574,8.00000000000001);
#91=CYLINDRICAL_SURFACE('',#2577,10.);
#92=CYLINDRICAL_SURFACE('',#2579,10.);
#93=CYLINDRICAL_SURFACE('',#2591,1.40000010142841);
#94=CYLINDRICAL_SURFACE('',#2605,3.2);
#95=CYLINDRICAL_SURFACE('',#2609,7.);
#96=CYLINDRICAL_SURFACE('',#2615,5.99996552588932);
#97=CYLINDRICAL_SURFACE('',#2636,1.60000039037438);
#98=CYLINDRICAL_SURFACE('',#2646,3.25);
#99=CYLINDRICAL_SURFACE('',#2649,8.00000000000001);
#100=CYLINDRICAL_SURFACE('',#2651,10.);
#101=CYLINDRICAL_SURFACE('',#2653,10.);
#102=ORIENTED_CLOSED_SHELL('',*,#2439,.F.);
#103=ORIENTED_CLOSED_SHELL('',*,#2440,.F.);
#104=CONICAL_SURFACE('',#2463,6.01126461669948,4.83298754855851E-5);
#105=CONICAL_SURFACE('',#2466,5.97688973188656,8.33428024385072E-5);
#106=FACE_OUTER_BOUND('',#230,.T.);
#107=FACE_OUTER_BOUND('',#231,.T.);
#108=FACE_OUTER_BOUND('',#232,.T.);
#109=FACE_OUTER_BOUND('',#233,.T.);
#110=FACE_OUTER_BOUND('',#234,.T.);
#111=FACE_OUTER_BOUND('',#235,.T.);
#112=FACE_OUTER_BOUND('',#236,.T.);
#113=FACE_OUTER_BOUND('',#237,.T.);
#114=FACE_OUTER_BOUND('',#238,.T.);
#115=FACE_OUTER_BOUND('',#239,.T.);
#116=FACE_OUTER_BOUND('',#240,.T.);
#117=FACE_OUTER_BOUND('',#241,.T.);
#118=FACE_OUTER_BOUND('',#243,.T.);
#119=FACE_OUTER_BOUND('',#246,.T.);
#120=FACE_OUTER_BOUND('',#248,.T.);
#121=FACE_OUTER_BOUND('',#249,.T.);
#122=FACE_OUTER_BOUND('',#250,.T.);
#123=FACE_OUTER_BOUND('',#252,.T.);
#124=FACE_OUTER_BOUND('',#253,.T.);
#125=FACE_OUTER_BOUND('',#255,.T.);
#126=FACE_OUTER_BOUND('',#256,.T.);
#127=FACE_OUTER_BOUND('',#257,.T.);
#128=FACE_OUTER_BOUND('',#259,.T.);
#129=FACE_OUTER_BOUND('',#260,.T.);
#130=FACE_OUTER_BOUND('',#261,.T.);
#131=FACE_OUTER_BOUND('',#262,.T.);
#132=FACE_OUTER_BOUND('',#263,.T.);
#133=FACE_OUTER_BOUND('',#264,.T.);
#134=FACE_OUTER_BOUND('',#265,.T.);
#135=FACE_OUTER_BOUND('',#266,.T.);
#136=FACE_OUTER_BOUND('',#267,.T.);
#137=FACE_OUTER_BOUND('',#268,.T.);
#138=FACE_OUTER_BOUND('',#269,.T.);
#139=FACE_OUTER_BOUND('',#270,.T.);
#140=FACE_OUTER_BOUND('',#271,.T.);
#141=FACE_OUTER_BOUND('',#272,.T.);
#142=FACE_OUTER_BOUND('',#273,.T.);
#143=FACE_OUTER_BOUND('',#274,.T.);
#144=FACE_OUTER_BOUND('',#275,.T.);
#145=FACE_OUTER_BOUND('',#276,.T.);
#146=FACE_OUTER_BOUND('',#277,.T.);
#147=FACE_OUTER_BOUND('',#278,.T.);
#148=FACE_OUTER_BOUND('',#279,.T.);
#149=FACE_OUTER_BOUND('',#281,.T.);
#150=FACE_OUTER_BOUND('',#282,.T.);
#151=FACE_OUTER_BOUND('',#283,.T.);
#152=FACE_OUTER_BOUND('',#284,.T.);
#153=FACE_OUTER_BOUND('',#285,.T.);
#154=FACE_OUTER_BOUND('',#288,.T.);
#155=FACE_OUTER_BOUND('',#289,.T.);
#156=FACE_OUTER_BOUND('',#290,.T.);
#157=FACE_OUTER_BOUND('',#291,.T.);
#158=FACE_OUTER_BOUND('',#292,.T.);
#159=FACE_OUTER_BOUND('',#293,.T.);
#160=FACE_OUTER_BOUND('',#295,.T.);
#161=FACE_OUTER_BOUND('',#296,.T.);
#162=FACE_OUTER_BOUND('',#298,.T.);
#163=FACE_OUTER_BOUND('',#299,.T.);
#164=FACE_OUTER_BOUND('',#300,.T.);
#165=FACE_OUTER_BOUND('',#301,.T.);
#166=FACE_OUTER_BOUND('',#302,.T.);
#167=FACE_OUTER_BOUND('',#303,.T.);
#168=FACE_OUTER_BOUND('',#304,.T.);
#169=FACE_OUTER_BOUND('',#305,.T.);
#170=FACE_OUTER_BOUND('',#306,.T.);
#171=FACE_OUTER_BOUND('',#307,.T.);
#172=FACE_OUTER_BOUND('',#308,.T.);
#173=FACE_OUTER_BOUND('',#309,.T.);
#174=FACE_OUTER_BOUND('',#310,.T.);
#175=FACE_OUTER_BOUND('',#311,.T.);
#176=FACE_OUTER_BOUND('',#312,.T.);
#177=FACE_OUTER_BOUND('',#313,.T.);
#178=FACE_OUTER_BOUND('',#314,.T.);
#179=FACE_OUTER_BOUND('',#315,.T.);
#180=FACE_OUTER_BOUND('',#316,.T.);
#181=FACE_OUTER_BOUND('',#317,.T.);
#182=FACE_OUTER_BOUND('',#319,.T.);
#183=FACE_OUTER_BOUND('',#320,.T.);
#184=FACE_OUTER_BOUND('',#321,.T.);
#185=FACE_OUTER_BOUND('',#323,.T.);
#186=FACE_OUTER_BOUND('',#324,.T.);
#187=FACE_OUTER_BOUND('',#325,.T.);
#188=FACE_OUTER_BOUND('',#326,.T.);
#189=FACE_OUTER_BOUND('',#328,.T.);
#190=FACE_OUTER_BOUND('',#329,.T.);
#191=FACE_OUTER_BOUND('',#330,.T.);
#192=FACE_OUTER_BOUND('',#331,.T.);
#193=FACE_OUTER_BOUND('',#332,.T.);
#194=FACE_OUTER_BOUND('',#333,.T.);
#195=FACE_OUTER_BOUND('',#334,.T.);
#196=FACE_OUTER_BOUND('',#336,.T.);
#197=FACE_OUTER_BOUND('',#337,.T.);
#198=FACE_OUTER_BOUND('',#338,.T.);
#199=FACE_OUTER_BOUND('',#339,.T.);
#200=FACE_OUTER_BOUND('',#340,.T.);
#201=FACE_OUTER_BOUND('',#341,.T.);
#202=FACE_OUTER_BOUND('',#342,.T.);
#203=FACE_OUTER_BOUND('',#343,.T.);
#204=FACE_OUTER_BOUND('',#344,.T.);
#205=FACE_OUTER_BOUND('',#345,.T.);
#206=FACE_OUTER_BOUND('',#346,.T.);
#207=FACE_OUTER_BOUND('',#347,.T.);
#208=FACE_OUTER_BOUND('',#348,.T.);
#209=FACE_OUTER_BOUND('',#349,.T.);
#210=FACE_OUTER_BOUND('',#350,.T.);
#211=FACE_OUTER_BOUND('',#351,.T.);
#212=FACE_OUTER_BOUND('',#352,.T.);
#213=FACE_OUTER_BOUND('',#353,.T.);
#214=FACE_OUTER_BOUND('',#354,.T.);
#215=FACE_OUTER_BOUND('',#355,.T.);
#216=FACE_OUTER_BOUND('',#357,.T.);
#217=FACE_OUTER_BOUND('',#358,.T.);
#218=FACE_OUTER_BOUND('',#359,.T.);
#219=FACE_OUTER_BOUND('',#360,.T.);
#220=FACE_OUTER_BOUND('',#362,.T.);
#221=FACE_OUTER_BOUND('',#363,.T.);
#222=FACE_OUTER_BOUND('',#364,.T.);
#223=FACE_OUTER_BOUND('',#365,.T.);
#224=FACE_OUTER_BOUND('',#366,.T.);
#225=FACE_OUTER_BOUND('',#368,.T.);
#226=FACE_OUTER_BOUND('',#369,.T.);
#227=FACE_OUTER_BOUND('',#370,.T.);
#228=FACE_OUTER_BOUND('',#371,.T.);
#229=FACE_OUTER_BOUND('',#372,.T.);
#230=EDGE_LOOP('',(#1527,#1528,#1529));
#231=EDGE_LOOP('',(#1530,#1531,#1532));
#232=EDGE_LOOP('',(#1533,#1534,#1535));
#233=EDGE_LOOP('',(#1536,#1537,#1538));
#234=EDGE_LOOP('',(#1539,#1540,#1541));
#235=EDGE_LOOP('',(#1542,#1543,#1544));
#236=EDGE_LOOP('',(#1545,#1546,#1547));
#237=EDGE_LOOP('',(#1548,#1549,#1550));
#238=EDGE_LOOP('',(#1551,#1552,#1553,#1554));
#239=EDGE_LOOP('',(#1555,#1556,#1557,#1558));
#240=EDGE_LOOP('',(#1559,#1560,#1561,#1562));
#241=EDGE_LOOP('',(#1563,#1564,#1565,#1566));
#242=EDGE_LOOP('',(#1567));
#243=EDGE_LOOP('',(#1568,#1569,#1570,#1571));
#244=EDGE_LOOP('',(#1572));
#245=EDGE_LOOP('',(#1573));
#246=EDGE_LOOP('',(#1574,#1575,#1576,#1577));
#247=EDGE_LOOP('',(#1578));
#248=EDGE_LOOP('',(#1579,#1580,#1581,#1582,#1583));
#249=EDGE_LOOP('',(#1584,#1585,#1586,#1587));
#250=EDGE_LOOP('',(#1588,#1589,#1590,#1591,#1592,#1593,#1594,#1595,#1596));
#251=EDGE_LOOP('',(#1597));
#252=EDGE_LOOP('',(#1598,#1599,#1600,#1601,#1602,#1603));
#253=EDGE_LOOP('',(#1604,#1605,#1606,#1607,#1608,#1609,#1610,#1611));
#254=EDGE_LOOP('',(#1612));
#255=EDGE_LOOP('',(#1613,#1614,#1615,#1616,#1617,#1618,#1619,#1620,#1621,
#1622));
#256=EDGE_LOOP('',(#1623,#1624,#1625,#1626));
#257=EDGE_LOOP('',(#1627,#1628,#1629,#1630,#1631,#1632));
#258=EDGE_LOOP('',(#1633));
#259=EDGE_LOOP('',(#1634,#1635,#1636,#1637));
#260=EDGE_LOOP('',(#1638,#1639,#1640,#1641));
#261=EDGE_LOOP('',(#1642,#1643,#1644,#1645));
#262=EDGE_LOOP('',(#1646,#1647,#1648,#1649,#1650));
#263=EDGE_LOOP('',(#1651,#1652,#1653,#1654,#1655));
#264=EDGE_LOOP('',(#1656,#1657,#1658,#1659));
#265=EDGE_LOOP('',(#1660,#1661,#1662,#1663,#1664,#1665));
#266=EDGE_LOOP('',(#1666,#1667,#1668,#1669));
#267=EDGE_LOOP('',(#1670,#1671,#1672,#1673,#1674));
#268=EDGE_LOOP('',(#1675,#1676,#1677,#1678,#1679,#1680));
#269=EDGE_LOOP('',(#1681,#1682,#1683,#1684,#1685,#1686,#1687));
#270=EDGE_LOOP('',(#1688,#1689,#1690,#1691,#1692));
#271=EDGE_LOOP('',(#1693,#1694,#1695,#1696,#1697));
#272=EDGE_LOOP('',(#1698,#1699,#1700,#1701,#1702));
#273=EDGE_LOOP('',(#1703,#1704,#1705,#1706));
#274=EDGE_LOOP('',(#1707,#1708,#1709,#1710));
#275=EDGE_LOOP('',(#1711,#1712,#1713,#1714,#1715));
#276=EDGE_LOOP('',(#1716,#1717,#1718,#1719,#1720,#1721,#1722,#1723,#1724,
#1725));
#277=EDGE_LOOP('',(#1726,#1727,#1728,#1729,#1730,#1731,#1732,#1733,#1734,
#1735,#1736));
#278=EDGE_LOOP('',(#1737,#1738,#1739,#1740,#1741,#1742,#1743,#1744));
#279=EDGE_LOOP('',(#1745,#1746,#1747,#1748,#1749,#1750,#1751,#1752,#1753,
#1754,#1755,#1756,#1757,#1758,#1759,#1760,#1761,#1762));
#280=EDGE_LOOP('',(#1763));
#281=EDGE_LOOP('',(#1764,#1765,#1766,#1767,#1768,#1769));
#282=EDGE_LOOP('',(#1770,#1771,#1772,#1773,#1774,#1775));
#283=EDGE_LOOP('',(#1776,#1777,#1778,#1779,#1780,#1781,#1782,#1783));
#284=EDGE_LOOP('',(#1784,#1785,#1786,#1787));
#285=EDGE_LOOP('',(#1788,#1789,#1790,#1791,#1792,#1793,#1794,#1795,#1796,
#1797,#1798,#1799,#1800,#1801,#1802,#1803,#1804,#1805,#1806,#1807));
#286=EDGE_LOOP('',(#1808,#1809,#1810,#1811,#1812,#1813,#1814,#1815));
#287=EDGE_LOOP('',(#1816,#1817,#1818,#1819,#1820,#1821,#1822,#1823));
#288=EDGE_LOOP('',(#1824,#1825,#1826,#1827,#1828,#1829));
#289=EDGE_LOOP('',(#1830,#1831,#1832,#1833,#1834,#1835,#1836,#1837));
#290=EDGE_LOOP('',(#1838,#1839,#1840,#1841));
#291=EDGE_LOOP('',(#1842,#1843,#1844,#1845));
#292=EDGE_LOOP('',(#1846,#1847,#1848,#1849));
#293=EDGE_LOOP('',(#1850,#1851,#1852,#1853));
#294=EDGE_LOOP('',(#1854));
#295=EDGE_LOOP('',(#1855,#1856,#1857,#1858));
#296=EDGE_LOOP('',(#1859,#1860,#1861,#1862));
#297=EDGE_LOOP('',(#1863));
#298=EDGE_LOOP('',(#1864));
#299=EDGE_LOOP('',(#1865));
#300=EDGE_LOOP('',(#1866,#1867,#1868,#1869));
#301=EDGE_LOOP('',(#1870,#1871,#1872,#1873,#1874,#1875));
#302=EDGE_LOOP('',(#1876,#1877,#1878,#1879,#1880,#1881));
#303=EDGE_LOOP('',(#1882,#1883,#1884,#1885,#1886,#1887,#1888,#1889,#1890,
#1891,#1892,#1893));
#304=EDGE_LOOP('',(#1894,#1895,#1896,#1897));
#305=EDGE_LOOP('',(#1898,#1899,#1900,#1901,#1902,#1903));
#306=EDGE_LOOP('',(#1904,#1905,#1906,#1907,#1908,#1909));
#307=EDGE_LOOP('',(#1910,#1911,#1912,#1913,#1914,#1915));
#308=EDGE_LOOP('',(#1916,#1917,#1918,#1919));
#309=EDGE_LOOP('',(#1920,#1921,#1922,#1923));
#310=EDGE_LOOP('',(#1924,#1925,#1926,#1927,#1928));
#311=EDGE_LOOP('',(#1929,#1930,#1931,#1932,#1933));
#312=EDGE_LOOP('',(#1934,#1935,#1936,#1937,#1938,#1939,#1940,#1941,#1942,
#1943));
#313=EDGE_LOOP('',(#1944,#1945,#1946,#1947));
#314=EDGE_LOOP('',(#1948,#1949,#1950,#1951));
#315=EDGE_LOOP('',(#1952,#1953,#1954,#1955));
#316=EDGE_LOOP('',(#1956,#1957,#1958,#1959,#1960,#1961,#1962,#1963,#1964,
#1965));
#317=EDGE_LOOP('',(#1966,#1967,#1968,#1969,#1970,#1971,#1972,#1973));
#318=EDGE_LOOP('',(#1974));
#319=EDGE_LOOP('',(#1975,#1976,#1977,#1978));
#320=EDGE_LOOP('',(#1979,#1980,#1981,#1982));
#321=EDGE_LOOP('',(#1983,#1984,#1985,#1986,#1987,#1988));
#322=EDGE_LOOP('',(#1989));
#323=EDGE_LOOP('',(#1990,#1991,#1992,#1993,#1994,#1995,#1996));
#324=EDGE_LOOP('',(#1997,#1998,#1999));
#325=EDGE_LOOP('',(#2000,#2001,#2002,#2003,#2004,#2005));
#326=EDGE_LOOP('',(#2006,#2007,#2008,#2009,#2010,#2011));
#327=EDGE_LOOP('',(#2012));
#328=EDGE_LOOP('',(#2013,#2014,#2015,#2016));
#329=EDGE_LOOP('',(#2017,#2018,#2019,#2020));
#330=EDGE_LOOP('',(#2021,#2022,#2023,#2024,#2025,#2026));
#331=EDGE_LOOP('',(#2027,#2028,#2029,#2030,#2031,#2032));
#332=EDGE_LOOP('',(#2033,#2034,#2035,#2036));
#333=EDGE_LOOP('',(#2037,#2038,#2039,#2040));
#334=EDGE_LOOP('',(#2041));
#335=EDGE_LOOP('',(#2042));
#336=EDGE_LOOP('',(#2043,#2044,#2045,#2046));
#337=EDGE_LOOP('',(#2047,#2048,#2049));
#338=EDGE_LOOP('',(#2050,#2051,#2052,#2053,#2054,#2055));
#339=EDGE_LOOP('',(#2056,#2057,#2058,#2059,#2060,#2061,#2062,#2063,#2064,
#2065));
#340=EDGE_LOOP('',(#2066,#2067,#2068,#2069,#2070));
#341=EDGE_LOOP('',(#2071,#2072,#2073,#2074,#2075,#2076));
#342=EDGE_LOOP('',(#2077,#2078,#2079,#2080,#2081,#2082,#2083,#2084));
#343=EDGE_LOOP('',(#2085,#2086,#2087,#2088,#2089));
#344=EDGE_LOOP('',(#2090,#2091,#2092,#2093,#2094));
#345=EDGE_LOOP('',(#2095,#2096,#2097,#2098,#2099));
#346=EDGE_LOOP('',(#2100,#2101,#2102));
#347=EDGE_LOOP('',(#2103,#2104,#2105));
#348=EDGE_LOOP('',(#2106,#2107,#2108,#2109,#2110,#2111));
#349=EDGE_LOOP('',(#2112,#2113,#2114,#2115,#2116,#2117,#2118,#2119));
#350=EDGE_LOOP('',(#2120,#2121,#2122,#2123,#2124,#2125,#2126));
#351=EDGE_LOOP('',(#2127,#2128,#2129,#2130,#2131,#2132,#2133,#2134));
#352=EDGE_LOOP('',(#2135,#2136,#2137,#2138));
#353=EDGE_LOOP('',(#2139,#2140,#2141,#2142,#2143,#2144,#2145,#2146));
#354=EDGE_LOOP('',(#2147,#2148,#2149,#2150));
#355=EDGE_LOOP('',(#2151,#2152,#2153,#2154,#2155,#2156,#2157,#2158,#2159));
#356=EDGE_LOOP('',(#2160));
#357=EDGE_LOOP('',(#2161,#2162,#2163,#2164));
#358=EDGE_LOOP('',(#2165,#2166,#2167,#2168));
#359=EDGE_LOOP('',(#2169,#2170,#2171,#2172,#2173,#2174));
#360=EDGE_LOOP('',(#2175,#2176,#2177,#2178));
#361=EDGE_LOOP('',(#2179));
#362=EDGE_LOOP('',(#2180));
#363=EDGE_LOOP('',(#2181));
#364=EDGE_LOOP('',(#2182,#2183,#2184,#2185,#2186,#2187));
#365=EDGE_LOOP('',(#2188,#2189,#2190,#2191));
#366=EDGE_LOOP('',(#2192,#2193,#2194,#2195));
#367=EDGE_LOOP('',(#2196));
#368=EDGE_LOOP('',(#2197,#2198,#2199,#2200));
#369=EDGE_LOOP('',(#2201,#2202,#2203,#2204,#2205));
#370=EDGE_LOOP('',(#2206,#2207,#2208,#2209));
#371=EDGE_LOOP('',(#2210,#2211,#2212,#2213,#2214,#2215,#2216));
#372=EDGE_LOOP('',(#2217,#2218,#2219,#2220));
#373=LINE('',#3340,#642);
#374=LINE('',#3341,#643);
#375=LINE('',#3345,#644);
#376=LINE('',#3352,#645);
#377=LINE('',#3355,#646);
#378=LINE('',#3361,#647);
#379=LINE('',#3366,#648);
#380=LINE('',#3368,#649);
#381=LINE('',#3370,#650);
#382=LINE('',#3371,#651);
#383=LINE('',#3376,#652);
#384=LINE('',#3382,#653);
#385=LINE('',#3386,#654);
#386=LINE('',#3388,#655);
#387=LINE('',#3389,#656);
#388=LINE('',#3393,#657);
#389=LINE('',#3395,#658);
#390=LINE('',#3397,#659);
#391=LINE('',#3398,#660);
#392=LINE('',#3402,#661);
#393=LINE('',#3403,#662);
#394=LINE('',#3404,#663);
#395=LINE('',#3408,#664);
#396=LINE('',#3410,#665);
#397=LINE('',#3412,#666);
#398=LINE('',#3414,#667);
#399=LINE('',#3415,#668);
#400=LINE('',#3418,#669);
#401=LINE('',#3420,#670);
#402=LINE('',#3421,#671);
#403=LINE('',#3425,#672);
#404=LINE('',#3426,#673);
#405=LINE('',#3428,#674);
#406=LINE('',#3430,#675);
#407=LINE('',#3432,#676);
#408=LINE('',#3434,#677);
#409=LINE('',#3435,#678);
#410=LINE('',#3441,#679);
#411=LINE('',#3443,#680);
#412=LINE('',#3445,#681);
#413=LINE('',#3446,#682);
#414=LINE('',#3447,#683);
#415=LINE('',#3451,#684);
#416=LINE('',#3452,#685);
#417=LINE('',#3454,#686);
#418=LINE('',#3456,#687);
#419=LINE('',#3458,#688);
#420=LINE('',#3459,#689);
#421=LINE('',#3465,#690);
#422=LINE('',#3467,#691);
#423=LINE('',#3469,#692);
#424=LINE('',#3471,#693);
#425=LINE('',#3472,#694);
#426=LINE('',#3474,#695);
#427=LINE('',#3476,#696);
#428=LINE('',#3478,#697);
#429=LINE('',#3479,#698);
#430=LINE('',#3483,#699);
#431=LINE('',#3486,#700);
#432=LINE('',#3487,#701);
#433=LINE('',#3489,#702);
#434=LINE('',#3490,#703);
#435=LINE('',#3495,#704);
#436=LINE('',#3497,#705);
#437=LINE('',#3498,#706);
#438=LINE('',#3500,#707);
#439=LINE('',#3504,#708);
#440=LINE('',#3509,#709);
#441=LINE('',#3511,#710);
#442=LINE('',#3520,#711);
#443=LINE('',#3522,#712);
#444=LINE('',#3523,#713);
#445=LINE('',#3526,#714);
#446=LINE('',#3529,#715);
#447=LINE('',#3533,#716);
#448=LINE('',#3537,#717);
#449=LINE('',#3541,#718);
#450=LINE('',#3543,#719);
#451=LINE('',#3545,#720);
#452=LINE('',#3548,#721);
#453=LINE('',#3551,#722);
#454=LINE('',#3553,#723);
#455=LINE('',#3554,#724);
#456=LINE('',#3556,#725);
#457=LINE('',#3558,#726);
#458=LINE('',#3559,#727);
#459=LINE('',#3561,#728);
#460=LINE('',#3563,#729);
#461=LINE('',#3564,#730);
#462=LINE('',#3576,#731);
#463=LINE('',#3578,#732);
#464=LINE('',#3579,#733);
#465=LINE('',#3582,#734);
#466=LINE('',#3584,#735);
#467=LINE('',#3585,#736);
#468=LINE('',#3588,#737);
#469=LINE('',#3589,#738);
#470=LINE('',#3591,#739);
#471=LINE('',#3593,#740);
#472=LINE('',#3595,#741);
#473=LINE('',#3596,#742);
#474=LINE('',#3598,#743);
#475=LINE('',#3600,#744);
#476=LINE('',#3602,#745);
#477=LINE('',#3604,#746);
#478=LINE('',#3605,#747);
#479=LINE('',#3609,#748);
#480=LINE('',#3611,#749);
#481=LINE('',#3612,#750);
#482=LINE('',#3614,#751);
#483=LINE('',#3615,#752);
#484=LINE('',#3618,#753);
#485=LINE('',#3620,#754);
#486=LINE('',#3622,#755);
#487=LINE('',#3624,#756);
#488=LINE('',#3626,#757);
#489=LINE('',#3628,#758);
#490=LINE('',#3630,#759);
#491=LINE('',#3632,#760);
#492=LINE('',#3636,#761);
#493=LINE('',#3640,#762);
#494=LINE('',#3642,#763);
#495=LINE('',#3643,#764);
#496=LINE('',#3645,#765);
#497=LINE('',#3646,#766);
#498=LINE('',#3650,#767);
#499=LINE('',#3652,#768);
#500=LINE('',#3654,#769);
#501=LINE('',#3655,#770);
#502=LINE('',#3658,#771);
#503=LINE('',#3659,#772);
#504=LINE('',#3661,#773);
#505=LINE('',#3662,#774);
#506=LINE('',#3665,#775);
#507=LINE('',#3667,#776);
#508=LINE('',#3669,#777);
#509=LINE('',#3671,#778);
#510=LINE('',#3672,#779);
#511=LINE('',#3676,#780);
#512=LINE('',#3678,#781);
#513=LINE('',#3680,#782);
#514=LINE('',#3681,#783);
#515=LINE('',#3684,#784);
#516=LINE('',#3686,#785);
#517=LINE('',#3688,#786);
#518=LINE('',#3690,#787);
#519=LINE('',#3692,#788);
#520=LINE('',#3694,#789);
#521=LINE('',#3696,#790);
#522=LINE('',#3697,#791);
#523=LINE('',#3699,#792);
#524=LINE('',#3700,#793);
#525=LINE('',#3701,#794);
#526=LINE('',#3708,#795);
#527=LINE('',#3709,#796);
#528=LINE('',#3710,#797);
#529=LINE('',#3717,#798);
#530=LINE('',#3719,#799);
#531=LINE('',#3721,#800);
#532=LINE('',#3723,#801);
#533=LINE('',#3725,#802);
#534=LINE('',#3726,#803);
#535=LINE('',#3728,#804);
#536=LINE('',#3730,#805);
#537=LINE('',#3733,#806);
#538=LINE('',#3738,#807);
#539=LINE('',#3740,#808);
#540=LINE('',#3742,#809);
#541=LINE('',#3744,#810);
#542=LINE('',#3750,#811);
#543=LINE('',#3752,#812);
#544=LINE('',#3756,#813);
#545=LINE('',#3760,#814);
#546=LINE('',#3763,#815);
#547=LINE('',#3768,#816);
#548=LINE('',#3775,#817);
#549=LINE('',#3787,#818);
#550=LINE('',#3789,#819);
#551=LINE('',#3790,#820);
#552=LINE('',#3794,#821);
#553=LINE('',#3798,#822);
#554=LINE('',#3799,#823);
#555=LINE('',#3802,#824);
#556=LINE('',#3804,#825);
#557=LINE('',#3806,#826);
#558=LINE('',#3807,#827);
#559=LINE('',#3809,#828);
#560=LINE('',#3810,#829);
#561=LINE('',#3813,#830);
#562=LINE('',#3814,#831);
#563=LINE('',#3817,#832);
#564=LINE('',#3819,#833);
#565=LINE('',#3822,#834);
#566=LINE('',#3825,#835);
#567=LINE('',#3827,#836);
#568=LINE('',#3829,#837);
#569=LINE('',#3830,#838);
#570=LINE('',#3834,#839);
#571=LINE('',#3836,#840);
#572=LINE('',#3844,#841);
#573=LINE('',#3847,#842);
#574=LINE('',#3849,#843);
#575=LINE('',#3850,#844);
#576=LINE('',#3854,#845);
#577=LINE('',#3856,#846);
#578=LINE('',#3858,#847);
#579=LINE('',#3859,#848);
#580=LINE('',#3862,#849);
#581=LINE('',#3864,#850);
#582=LINE('',#3865,#851);
#583=LINE('',#3872,#852);
#584=LINE('',#3874,#853);
#585=LINE('',#3876,#854);
#586=LINE('',#3877,#855);
#587=LINE('',#3879,#856);
#588=LINE('',#3881,#857);
#589=LINE('',#3883,#858);
#590=LINE('',#3884,#859);
#591=LINE('',#3887,#860);
#592=LINE('',#3889,#861);
#593=LINE('',#3890,#862);
#594=LINE('',#3892,#863);
#595=LINE('',#3893,#864);
#596=LINE('',#3896,#865);
#597=LINE('',#3899,#866);
#598=LINE('',#3901,#867);
#599=LINE('',#3903,#868);
#600=LINE('',#3904,#869);
#601=LINE('',#3907,#870);
#602=LINE('',#3908,#871);
#603=LINE('',#3909,#872);
#604=LINE('',#3910,#873);
#605=LINE('',#3914,#874);
#606=LINE('',#3916,#875);
#607=LINE('',#3918,#876);
#608=LINE('',#3920,#877);
#609=LINE('',#3921,#878);
#610=LINE('',#3925,#879);
#611=LINE('',#3928,#880);
#612=LINE('',#3930,#881);
#613=LINE('',#3935,#882);
#614=LINE('',#3936,#883);
#615=LINE('',#3943,#884);
#616=LINE('',#3946,#885);
#617=LINE('',#3947,#886);
#618=LINE('',#3956,#887);
#619=LINE('',#3962,#888);
#620=LINE('',#3964,#889);
#621=LINE('',#3966,#890);
#622=LINE('',#3969,#891);
#623=LINE('',#3970,#892);
#624=LINE('',#3973,#893);
#625=LINE('',#3975,#894);
#626=LINE('',#3985,#895);
#627=LINE('',#3986,#896);
#628=LINE('',#3989,#897);
#629=LINE('',#3992,#898);
#630=LINE('',#3993,#899);
#631=LINE('',#3996,#900);
#632=LINE('',#3998,#901);
#633=LINE('',#4000,#902);
#634=LINE('',#4003,#903);
#635=LINE('',#4006,#904);
#636=LINE('',#4007,#905);
#637=LINE('',#4012,#906);
#638=LINE('',#4014,#907);
#639=LINE('',#4029,#908);
#640=LINE('',#4036,#909);
#641=LINE('',#4037,#910);
#642=VECTOR('',#2666,10.);
#643=VECTOR('',#2667,10.);
#644=VECTOR('',#2672,10.);
#645=VECTOR('',#2681,10.);
#646=VECTOR('',#2684,10.);
#647=VECTOR('',#2693,10.);
#648=VECTOR('',#2698,10.);
#649=VECTOR('',#2699,10.);
#650=VECTOR('',#2700,10.);
#651=VECTOR('',#2701,10.);
#652=VECTOR('',#2706,1.5);
#653=VECTOR('',#2713,1.49999999999999);
#654=VECTOR('',#2718,10.);
#655=VECTOR('',#2719,10.);
#656=VECTOR('',#2720,10.);
#657=VECTOR('',#2723,10.);
#658=VECTOR('',#2724,10.);
#659=VECTOR('',#2725,10.);
#660=VECTOR('',#2726,10.);
#661=VECTOR('',#2729,10.);
#662=VECTOR('',#2730,10.);
#663=VECTOR('',#2731,10.);
#664=VECTOR('',#2734,10.);
#665=VECTOR('',#2735,10.);
#666=VECTOR('',#2736,10.);
#667=VECTOR('',#2737,10.);
#668=VECTOR('',#2738,10.);
#669=VECTOR('',#2741,10.);
#670=VECTOR('',#2742,10.);
#671=VECTOR('',#2743,10.);
#672=VECTOR('',#2746,10.);
#673=VECTOR('',#2747,10.);
#674=VECTOR('',#2748,10.);
#675=VECTOR('',#2749,10.);
#676=VECTOR('',#2750,10.);
#677=VECTOR('',#2751,10.);
#678=VECTOR('',#2752,10.);
#679=VECTOR('',#2757,10.);
#680=VECTOR('',#2758,10.);
#681=VECTOR('',#2759,10.);
#682=VECTOR('',#2760,10.);
#683=VECTOR('',#2761,10.);
#684=VECTOR('',#2764,10.);
#685=VECTOR('',#2765,10.);
#686=VECTOR('',#2766,10.);
#687=VECTOR('',#2767,10.);
#688=VECTOR('',#2768,10.);
#689=VECTOR('',#2769,10.);
#690=VECTOR('',#2774,10.);
#691=VECTOR('',#2775,10.);
#692=VECTOR('',#2776,10.);
#693=VECTOR('',#2777,10.);
#694=VECTOR('',#2778,10.);
#695=VECTOR('',#2779,10.);
#696=VECTOR('',#2780,10.);
#697=VECTOR('',#2781,10.);
#698=VECTOR('',#2782,10.);
#699=VECTOR('',#2787,1.59999874360235);
#700=VECTOR('',#2790,10.);
#701=VECTOR('',#2791,10.);
#702=VECTOR('',#2792,10.);
#703=VECTOR('',#2793,10.);
#704=VECTOR('',#2798,10.);
#705=VECTOR('',#2799,10.);
#706=VECTOR('',#2800,10.);
#707=VECTOR('',#2803,10.);
#708=VECTOR('',#2808,1.39999986937278);
#709=VECTOR('',#2813,10.);
#710=VECTOR('',#2814,10.);
#711=VECTOR('',#2823,10.);
#712=VECTOR('',#2824,10.);
#713=VECTOR('',#2825,10.);
#714=VECTOR('',#2828,10.);
#715=VECTOR('',#2831,10.);
#716=VECTOR('',#2836,10.);
#717=VECTOR('',#2841,10.);
#718=VECTOR('',#2846,10.);
#719=VECTOR('',#2847,10.);
#720=VECTOR('',#2848,10.);
#721=VECTOR('',#2853,10.);
#722=VECTOR('',#2856,9.99999999999999);
#723=VECTOR('',#2857,10.);
#724=VECTOR('',#2858,10.);
#725=VECTOR('',#2861,10.);
#726=VECTOR('',#2864,10.);
#727=VECTOR('',#2865,10.);
#728=VECTOR('',#2868,10.);
#729=VECTOR('',#2869,10.);
#730=VECTOR('',#2870,10.);
#731=VECTOR('',#2883,10.);
#732=VECTOR('',#2884,10.);
#733=VECTOR('',#2885,10.);
#734=VECTOR('',#2888,10.);
#735=VECTOR('',#2889,10.);
#736=VECTOR('',#2890,10.);
#737=VECTOR('',#2893,10.);
#738=VECTOR('',#2894,10.);
#739=VECTOR('',#2895,10.);
#740=VECTOR('',#2896,10.);
#741=VECTOR('',#2897,10.);
#742=VECTOR('',#2898,10.);
#743=VECTOR('',#2901,10.);
#744=VECTOR('',#2902,10.);
#745=VECTOR('',#2903,10.);
#746=VECTOR('',#2904,10.);
#747=VECTOR('',#2905,10.);
#748=VECTOR('',#2908,10.);
#749=VECTOR('',#2909,10.);
#750=VECTOR('',#2910,10.);
#751=VECTOR('',#2911,10.);
#752=VECTOR('',#2912,10.);
#753=VECTOR('',#2915,10.);
#754=VECTOR('',#2916,10.);
#755=VECTOR('',#2917,10.);
#756=VECTOR('',#2918,10.);
#757=VECTOR('',#2919,10.);
#758=VECTOR('',#2920,10.);
#759=VECTOR('',#2921,10.);
#760=VECTOR('',#2922,10.);
#761=VECTOR('',#2925,10.);
#762=VECTOR('',#2928,10.);
#763=VECTOR('',#2929,10.);
#764=VECTOR('',#2930,10.);
#765=VECTOR('',#2931,10.);
#766=VECTOR('',#2932,10.);
#767=VECTOR('',#2937,10.);
#768=VECTOR('',#2938,10.);
#769=VECTOR('',#2939,10.);
#770=VECTOR('',#2940,10.);
#771=VECTOR('',#2943,10.);
#772=VECTOR('',#2944,10.);
#773=VECTOR('',#2945,10.);
#774=VECTOR('',#2946,10.);
#775=VECTOR('',#2949,10.);
#776=VECTOR('',#2950,10.);
#777=VECTOR('',#2951,10.);
#778=VECTOR('',#2952,10.);
#779=VECTOR('',#2953,10.);
#780=VECTOR('',#2956,10.);
#781=VECTOR('',#2957,10.);
#782=VECTOR('',#2958,10.);
#783=VECTOR('',#2959,10.);
#784=VECTOR('',#2962,10.);
#785=VECTOR('',#2963,10.);
#786=VECTOR('',#2964,10.);
#787=VECTOR('',#2965,10.);
#788=VECTOR('',#2966,10.);
#789=VECTOR('',#2967,10.);
#790=VECTOR('',#2968,10.);
#791=VECTOR('',#2969,10.);
#792=VECTOR('',#2970,10.);
#793=VECTOR('',#2971,10.);
#794=VECTOR('',#2972,10.);
#795=VECTOR('',#2977,10.);
#796=VECTOR('',#2978,10.);
#797=VECTOR('',#2979,10.);
#798=VECTOR('',#2984,10.);
#799=VECTOR('',#2985,10.);
#800=VECTOR('',#2986,10.);
#801=VECTOR('',#2987,10.);
#802=VECTOR('',#2988,10.);
#803=VECTOR('',#2989,10.);
#804=VECTOR('',#2992,10.);
#805=VECTOR('',#2993,9.99999999999999);
#806=VECTOR('',#2996,10.);
#807=VECTOR('',#3001,10.);
#808=VECTOR('',#3002,10.);
#809=VECTOR('',#3003,10.);
#810=VECTOR('',#3004,10.);
#811=VECTOR('',#3011,10.);
#812=VECTOR('',#3012,1000.);
#813=VECTOR('',#3017,1000.);
#814=VECTOR('',#3022,9.99999999999999);
#815=VECTOR('',#3027,10.);
#816=VECTOR('',#3032,3.25);
#817=VECTOR('',#3039,10.);
#818=VECTOR('',#3054,10.);
#819=VECTOR('',#3055,10.);
#820=VECTOR('',#3056,10.);
#821=VECTOR('',#3061,1.59999758555696);
#822=VECTOR('',#3066,10.);
#823=VECTOR('',#3067,10.);
#824=VECTOR('',#3070,10.);
#825=VECTOR('',#3071,10.);
#826=VECTOR('',#3072,10.);
#827=VECTOR('',#3073,10.);
#828=VECTOR('',#3074,10.);
#829=VECTOR('',#3075,10.);
#830=VECTOR('',#3078,10.);
#831=VECTOR('',#3079,10.);
#832=VECTOR('',#3082,10.);
#833=VECTOR('',#3083,10.);
#834=VECTOR('',#3086,10.);
#835=VECTOR('',#3089,10.);
#836=VECTOR('',#3090,10.);
#837=VECTOR('',#3091,10.);
#838=VECTOR('',#3092,10.);
#839=VECTOR('',#3097,10.);
#840=VECTOR('',#3098,10.);
#841=VECTOR('',#3113,10.);
#842=VECTOR('',#3116,10.);
#843=VECTOR('',#3117,10.);
#844=VECTOR('',#3118,10.);
#845=VECTOR('',#3121,10.);
#846=VECTOR('',#3122,10.);
#847=VECTOR('',#3123,10.);
#848=VECTOR('',#3124,10.);
#849=VECTOR('',#3127,10.);
#850=VECTOR('',#3128,10.);
#851=VECTOR('',#3129,10.);
#852=VECTOR('',#3138,10.);
#853=VECTOR('',#3139,10.);
#854=VECTOR('',#3140,10.);
#855=VECTOR('',#3141,10.);
#856=VECTOR('',#3142,10.);
#857=VECTOR('',#3143,10.);
#858=VECTOR('',#3144,10.);
#859=VECTOR('',#3145,10.);
#860=VECTOR('',#3148,10.);
#861=VECTOR('',#3149,10.);
#862=VECTOR('',#3150,10.);
#863=VECTOR('',#3151,10.);
#864=VECTOR('',#3152,10.);
#865=VECTOR('',#3155,1.40000010142841);
#866=VECTOR('',#3160,10.);
#867=VECTOR('',#3163,10.);
#868=VECTOR('',#3164,10.);
#869=VECTOR('',#3165,10.);
#870=VECTOR('',#3168,10.);
#871=VECTOR('',#3169,10.);
#872=VECTOR('',#3170,10.);
#873=VECTOR('',#3171,10.);
#874=VECTOR('',#3176,10.);
#875=VECTOR('',#3177,10.);
#876=VECTOR('',#3178,10.);
#877=VECTOR('',#3179,10.);
#878=VECTOR('',#3180,10.);
#879=VECTOR('',#3183,10.);
#880=VECTOR('',#3186,10.);
#881=VECTOR('',#3187,10.);
#882=VECTOR('',#3194,10.);
#883=VECTOR('',#3195,10.);
#884=VECTOR('',#3196,10.);
#885=VECTOR('',#3201,10.);
#886=VECTOR('',#3202,10.);
#887=VECTOR('',#3205,3.2);
#888=VECTOR('',#3214,7.);
#889=VECTOR('',#3217,10.);
#890=VECTOR('',#3220,10.);
#891=VECTOR('',#3223,10.);
#892=VECTOR('',#3224,10.);
#893=VECTOR('',#3227,10.);
#894=VECTOR('',#3228,10.);
#895=VECTOR('',#3243,10.);
#896=VECTOR('',#3244,10.);
#897=VECTOR('',#3249,9.99999999999999);
#898=VECTOR('',#3252,10.);
#899=VECTOR('',#3253,10.);
#900=VECTOR('',#3258,10.);
#901=VECTOR('',#3261,10.);
#902=VECTOR('',#3264,10.);
#903=VECTOR('',#3269,10.);
#904=VECTOR('',#3274,10.);
#905=VECTOR('',#3275,10.);
#906=VECTOR('',#3284,10.);
#907=VECTOR('',#3287,1.60000039037438);
#908=VECTOR('',#3308,3.25);
#909=VECTOR('',#3317,1000.);
#910=VECTOR('',#3318,1000.);
#911=ELLIPSE('',#2458,17.2880194688563,6.01064012482256);
#912=ELLIPSE('',#2460,6.01128128729331,6.01126449663658);
#913=ELLIPSE('',#2462,29.740649096143,6.01026039248465);
#914=ELLIPSE('',#2465,17.216395915105,5.97588026670955);
#915=ELLIPSE('',#2467,29.4807314470234,5.97523555132862);
#916=ELLIPSE('',#2468,5.97696011018154,5.97695306334972);
#917=ELLIPSE('',#2474,1.71918669787497,1.50000000000026);
#918=ELLIPSE('',#2477,1.71918669787449,1.50000000000025);
#919=ELLIPSE('',#2490,1.60894977321834,1.59999874360235);
#920=ELLIPSE('',#2498,10.0137234859112,10.0000000000001);
#921=ELLIPSE('',#2499,8.01097878872898,8.00000000000013);
#922=ELLIPSE('',#2501,10.0137234859112,10.0000000000001);
#923=ELLIPSE('',#2502,8.01097878872898,8.00000000000013);
#924=ELLIPSE('',#2506,32.6381223320901,8.00000000000001);
#925=ELLIPSE('',#2511,191.073045937332,10.0000000000367);
#926=ELLIPSE('',#2518,29.4406184121156,6.00000909144954);
#927=ELLIPSE('',#2520,29.4406196097743,6.00000909144954);
#928=ELLIPSE('',#2521,6.03357838415351,6.00000909144954);
#929=ELLIPSE('',#2528,4.00548938399161,3.99999999999992);
#930=ELLIPSE('',#2529,4.00548938399135,3.99999999999964);
#931=ELLIPSE('',#2541,29.4397987746568,5.99996552588932);
#932=ELLIPSE('',#2543,10.0137234401128,10.);
#933=ELLIPSE('',#2544,10.0137234401128,10.);
#934=ELLIPSE('',#2545,8.01097875209021,8.00000000000001);
#935=ELLIPSE('',#2561,1.61009577018432,1.60113894760348);
#936=ELLIPSE('',#2567,6.52243085306113,1.59999758555703);
#937=ELLIPSE('',#2572,32.6381166330611,8.00000000000001);
#938=ELLIPSE('',#2575,8.01097875209021,8.0000000000001);
#939=ELLIPSE('',#2576,8.01097875209021,8.0000000000001);
#940=ELLIPSE('',#2578,10.0137234401127,10.0000000000001);
#941=ELLIPSE('',#2580,10.0137234401127,10.0000000000001);
#942=ELLIPSE('',#2599,4.00548938399161,3.99999999999991);
#943=ELLIPSE('',#2600,4.00548938399135,3.99999999999963);
#944=ELLIPSE('',#2614,29.4398023090528,5.99996552588932);
#945=ELLIPSE('',#2616,6.03353647545059,5.99996552588932);
#946=ELLIPSE('',#2618,29.4398454294645,5.99996552588932);
#947=ELLIPSE('',#2619,6.03353638884932,5.99996552588932);
#948=ELLIPSE('',#2637,6.52243090772043,1.60000039037438);
#949=ELLIPSE('',#2650,8.01097878872896,8.00000000000001);
#950=ELLIPSE('',#2652,10.0137234859112,10.);
#951=ELLIPSE('',#2654,10.0137234859112,10.);
#952=VERTEX_POINT('',#3336);
#953=VERTEX_POINT('',#3337);
#954=VERTEX_POINT('',#3339);
#955=VERTEX_POINT('',#3343);
#956=VERTEX_POINT('',#3350);
#957=VERTEX_POINT('',#3351);
#958=VERTEX_POINT('',#3353);
#959=VERTEX_POINT('',#3357);
#960=VERTEX_POINT('',#3364);
#961=VERTEX_POINT('',#3365);
#962=VERTEX_POINT('',#3367);
#963=VERTEX_POINT('',#3369);
#964=VERTEX_POINT('',#3373);
#965=VERTEX_POINT('',#3375);
#966=VERTEX_POINT('',#3379);
#967=VERTEX_POINT('',#3381);
#968=VERTEX_POINT('',#3385);
#969=VERTEX_POINT('',#3387);
#970=VERTEX_POINT('',#3391);
#971=VERTEX_POINT('',#3392);
#972=VERTEX_POINT('',#3394);
#973=VERTEX_POINT('',#3396);
#974=VERTEX_POINT('',#3400);
#975=VERTEX_POINT('',#3401);
#976=VERTEX_POINT('',#3406);
#977=VERTEX_POINT('',#3407);
#978=VERTEX_POINT('',#3409);
#979=VERTEX_POINT('',#3411);
#980=VERTEX_POINT('',#3413);
#981=VERTEX_POINT('',#3417);
#982=VERTEX_POINT('',#3419);
#983=VERTEX_POINT('',#3423);
#984=VERTEX_POINT('',#3424);
#985=VERTEX_POINT('',#3427);
#986=VERTEX_POINT('',#3429);
#987=VERTEX_POINT('',#3431);
#988=VERTEX_POINT('',#3433);
#989=VERTEX_POINT('',#3436);
#990=VERTEX_POINT('',#3439);
#991=VERTEX_POINT('',#3440);
#992=VERTEX_POINT('',#3442);
#993=VERTEX_POINT('',#3444);
#994=VERTEX_POINT('',#3449);
#995=VERTEX_POINT('',#3450);
#996=VERTEX_POINT('',#3453);
#997=VERTEX_POINT('',#3455);
#998=VERTEX_POINT('',#3457);
#999=VERTEX_POINT('',#3460);
#1000=VERTEX_POINT('',#3463);
#1001=VERTEX_POINT('',#3464);
#1002=VERTEX_POINT('',#3466);
#1003=VERTEX_POINT('',#3468);
#1004=VERTEX_POINT('',#3470);
#1005=VERTEX_POINT('',#3473);
#1006=VERTEX_POINT('',#3475);
#1007=VERTEX_POINT('',#3477);
#1008=VERTEX_POINT('',#3481);
#1009=VERTEX_POINT('',#3485);
#1010=VERTEX_POINT('',#3488);
#1011=VERTEX_POINT('',#3491);
#1012=VERTEX_POINT('',#3494);
#1013=VERTEX_POINT('',#3496);
#1014=VERTEX_POINT('',#3502);
#1015=VERTEX_POINT('',#3506);
#1016=VERTEX_POINT('',#3507);
#1017=VERTEX_POINT('',#3510);
#1018=VERTEX_POINT('',#3514);
#1019=VERTEX_POINT('',#3515);
#1020=VERTEX_POINT('',#3517);
#1021=VERTEX_POINT('',#3519);
#1022=VERTEX_POINT('',#3521);
#1023=VERTEX_POINT('',#3525);
#1024=VERTEX_POINT('',#3527);
#1025=VERTEX_POINT('',#3532);
#1026=VERTEX_POINT('',#3536);
#1027=VERTEX_POINT('',#3540);
#1028=VERTEX_POINT('',#3542);
#1029=VERTEX_POINT('',#3544);
#1030=VERTEX_POINT('',#3550);
#1031=VERTEX_POINT('',#3552);
#1032=VERTEX_POINT('',#3562);
#1033=VERTEX_POINT('',#3566);
#1034=VERTEX_POINT('',#3567);
#1035=VERTEX_POINT('',#3569);
#1036=VERTEX_POINT('',#3571);
#1037=VERTEX_POINT('',#3575);
#1038=VERTEX_POINT('',#3577);
#1039=VERTEX_POINT('',#3581);
#1040=VERTEX_POINT('',#3583);
#1041=VERTEX_POINT('',#3587);
#1042=VERTEX_POINT('',#3590);
#1043=VERTEX_POINT('',#3592);
#1044=VERTEX_POINT('',#3594);
#1045=VERTEX_POINT('',#3599);
#1046=VERTEX_POINT('',#3601);
#1047=VERTEX_POINT('',#3603);
#1048=VERTEX_POINT('',#3607);
#1049=VERTEX_POINT('',#3608);
#1050=VERTEX_POINT('',#3610);
#1051=VERTEX_POINT('',#3613);
#1052=VERTEX_POINT('',#3617);
#1053=VERTEX_POINT('',#3619);
#1054=VERTEX_POINT('',#3621);
#1055=VERTEX_POINT('',#3623);
#1056=VERTEX_POINT('',#3625);
#1057=VERTEX_POINT('',#3627);
#1058=VERTEX_POINT('',#3629);
#1059=VERTEX_POINT('',#3631);
#1060=VERTEX_POINT('',#3633);
#1061=VERTEX_POINT('',#3635);
#1062=VERTEX_POINT('',#3637);
#1063=VERTEX_POINT('',#3639);
#1064=VERTEX_POINT('',#3641);
#1065=VERTEX_POINT('',#3644);
#1066=VERTEX_POINT('',#3647);
#1067=VERTEX_POINT('',#3651);
#1068=VERTEX_POINT('',#3653);
#1069=VERTEX_POINT('',#3657);
#1070=VERTEX_POINT('',#3660);
#1071=VERTEX_POINT('',#3664);
#1072=VERTEX_POINT('',#3666);
#1073=VERTEX_POINT('',#3668);
#1074=VERTEX_POINT('',#3670);
#1075=VERTEX_POINT('',#3674);
#1076=VERTEX_POINT('',#3675);
#1077=VERTEX_POINT('',#3677);
#1078=VERTEX_POINT('',#3679);
#1079=VERTEX_POINT('',#3683);
#1080=VERTEX_POINT('',#3685);
#1081=VERTEX_POINT('',#3687);
#1082=VERTEX_POINT('',#3689);
#1083=VERTEX_POINT('',#3691);
#1084=VERTEX_POINT('',#3693);
#1085=VERTEX_POINT('',#3695);
#1086=VERTEX_POINT('',#3698);
#1087=VERTEX_POINT('',#3702);
#1088=VERTEX_POINT('',#3703);
#1089=VERTEX_POINT('',#3705);
#1090=VERTEX_POINT('',#3707);
#1091=VERTEX_POINT('',#3711);
#1092=VERTEX_POINT('',#3712);
#1093=VERTEX_POINT('',#3714);
#1094=VERTEX_POINT('',#3716);
#1095=VERTEX_POINT('',#3718);
#1096=VERTEX_POINT('',#3720);
#1097=VERTEX_POINT('',#3722);
#1098=VERTEX_POINT('',#3724);
#1099=VERTEX_POINT('',#3729);
#1100=VERTEX_POINT('',#3731);
#1101=VERTEX_POINT('',#3735);
#1102=VERTEX_POINT('',#3736);
#1103=VERTEX_POINT('',#3739);
#1104=VERTEX_POINT('',#3741);
#1105=VERTEX_POINT('',#3743);
#1106=VERTEX_POINT('',#3745);
#1107=VERTEX_POINT('',#3749);
#1108=VERTEX_POINT('',#3751);
#1109=VERTEX_POINT('',#3755);
#1110=VERTEX_POINT('',#3759);
#1111=VERTEX_POINT('',#3764);
#1112=VERTEX_POINT('',#3767);
#1113=VERTEX_POINT('',#3771);
#1114=VERTEX_POINT('',#3772);
#1115=VERTEX_POINT('',#3774);
#1116=VERTEX_POINT('',#3776);
#1117=VERTEX_POINT('',#3780);
#1118=VERTEX_POINT('',#3783);
#1119=VERTEX_POINT('',#3786);
#1120=VERTEX_POINT('',#3788);
#1121=VERTEX_POINT('',#3792);
#1122=VERTEX_POINT('',#3797);
#1123=VERTEX_POINT('',#3801);
#1124=VERTEX_POINT('',#3803);
#1125=VERTEX_POINT('',#3805);
#1126=VERTEX_POINT('',#3808);
#1127=VERTEX_POINT('',#3812);
#1128=VERTEX_POINT('',#3816);
#1129=VERTEX_POINT('',#3818);
#1130=VERTEX_POINT('',#3820);
#1131=VERTEX_POINT('',#3824);
#1132=VERTEX_POINT('',#3826);
#1133=VERTEX_POINT('',#3828);
#1134=VERTEX_POINT('',#3832);
#1135=VERTEX_POINT('',#3835);
#1136=VERTEX_POINT('',#3846);
#1137=VERTEX_POINT('',#3848);
#1138=VERTEX_POINT('',#3852);
#1139=VERTEX_POINT('',#3853);
#1140=VERTEX_POINT('',#3855);
#1141=VERTEX_POINT('',#3857);
#1142=VERTEX_POINT('',#3861);
#1143=VERTEX_POINT('',#3863);
#1144=VERTEX_POINT('',#3867);
#1145=VERTEX_POINT('',#3871);
#1146=VERTEX_POINT('',#3873);
#1147=VERTEX_POINT('',#3875);
#1148=VERTEX_POINT('',#3878);
#1149=VERTEX_POINT('',#3880);
#1150=VERTEX_POINT('',#3882);
#1151=VERTEX_POINT('',#3886);
#1152=VERTEX_POINT('',#3888);
#1153=VERTEX_POINT('',#3891);
#1154=VERTEX_POINT('',#3895);
#1155=VERTEX_POINT('',#3902);
#1156=VERTEX_POINT('',#3906);
#1157=VERTEX_POINT('',#3913);
#1158=VERTEX_POINT('',#3915);
#1159=VERTEX_POINT('',#3917);
#1160=VERTEX_POINT('',#3919);
#1161=VERTEX_POINT('',#3923);
#1162=VERTEX_POINT('',#3924);
#1163=VERTEX_POINT('',#3926);
#1164=VERTEX_POINT('',#3929);
#1165=VERTEX_POINT('',#3932);
#1166=VERTEX_POINT('',#3955);
#1167=VERTEX_POINT('',#3959);
#1168=VERTEX_POINT('',#3968);
#1169=VERTEX_POINT('',#3972);
#1170=VERTEX_POINT('',#3974);
#1171=VERTEX_POINT('',#3979);
#1172=VERTEX_POINT('',#3981);
#1173=VERTEX_POINT('',#3991);
#1174=VERTEX_POINT('',#4017);
#1175=VERTEX_POINT('',#4019);
#1176=VERTEX_POINT('',#4022);
#1177=VERTEX_POINT('',#4028);
#1178=VERTEX_POINT('',#4033);
#1179=VERTEX_POINT('',#4034);
#1180=EDGE_CURVE('',#952,#953,#911,.T.);
#1181=EDGE_CURVE('',#954,#952,#373,.T.);
#1182=EDGE_CURVE('',#954,#953,#374,.T.);
#1183=EDGE_CURVE('',#952,#955,#912,.T.);
#1184=EDGE_CURVE('',#955,#954,#375,.T.);
#1185=EDGE_CURVE('',#953,#955,#913,.T.);
#1186=EDGE_CURVE('',#956,#957,#376,.T.);
#1187=EDGE_CURVE('',#958,#956,#914,.T.);
#1188=EDGE_CURVE('',#958,#957,#377,.T.);
#1189=EDGE_CURVE('',#959,#958,#915,.T.);
#1190=EDGE_CURVE('',#956,#959,#916,.T.);
#1191=EDGE_CURVE('',#957,#959,#378,.T.);
#1192=EDGE_CURVE('',#960,#961,#379,.T.);
#1193=EDGE_CURVE('',#960,#962,#380,.T.);
#1194=EDGE_CURVE('',#963,#962,#381,.T.);
#1195=EDGE_CURVE('',#961,#963,#382,.T.);
#1196=EDGE_CURVE('',#964,#964,#40,.T.);
#1197=EDGE_CURVE('',#964,#965,#383,.T.);
#1198=EDGE_CURVE('',#965,#965,#917,.T.);
#1199=EDGE_CURVE('',#966,#966,#41,.T.);
#1200=EDGE_CURVE('',#966,#967,#384,.T.);
#1201=EDGE_CURVE('',#967,#967,#918,.T.);
#1202=EDGE_CURVE('',#962,#968,#385,.T.);
#1203=EDGE_CURVE('',#968,#969,#386,.T.);
#1204=EDGE_CURVE('',#963,#969,#387,.T.);
#1205=EDGE_CURVE('',#970,#971,#388,.T.);
#1206=EDGE_CURVE('',#972,#971,#389,.T.);
#1207=EDGE_CURVE('',#973,#972,#390,.T.);
#1208=EDGE_CURVE('',#970,#973,#391,.T.);
#1209=EDGE_CURVE('',#974,#975,#392,.T.);
#1210=EDGE_CURVE('',#960,#975,#393,.T.);
#1211=EDGE_CURVE('',#974,#961,#394,.T.);
#1212=EDGE_CURVE('',#976,#977,#395,.T.);
#1213=EDGE_CURVE('',#976,#978,#396,.T.);
#1214=EDGE_CURVE('',#978,#979,#397,.T.);
#1215=EDGE_CURVE('',#980,#979,#398,.T.);
#1216=EDGE_CURVE('',#977,#980,#399,.T.);
#1217=EDGE_CURVE('',#981,#976,#400,.T.);
#1218=EDGE_CURVE('',#982,#981,#401,.T.);
#1219=EDGE_CURVE('',#978,#982,#402,.T.);
#1220=EDGE_CURVE('',#983,#984,#403,.T.);
#1221=EDGE_CURVE('',#979,#983,#404,.T.);
#1222=EDGE_CURVE('',#985,#982,#405,.T.);
#1223=EDGE_CURVE('',#986,#985,#406,.T.);
#1224=EDGE_CURVE('',#987,#986,#407,.T.);
#1225=EDGE_CURVE('',#988,#987,#408,.T.);
#1226=EDGE_CURVE('',#984,#988,#409,.T.);
#1227=EDGE_CURVE('',#989,#989,#42,.T.);
#1228=EDGE_CURVE('',#990,#991,#410,.T.);
#1229=EDGE_CURVE('',#991,#992,#411,.T.);
#1230=EDGE_CURVE('',#993,#992,#412,.T.);
#1231=EDGE_CURVE('',#984,#993,#413,.T.);
#1232=EDGE_CURVE('',#990,#988,#414,.T.);
#1233=EDGE_CURVE('',#994,#995,#415,.T.);
#1234=EDGE_CURVE('',#995,#983,#416,.T.);
#1235=EDGE_CURVE('',#996,#993,#417,.T.);
#1236=EDGE_CURVE('',#996,#997,#418,.T.);
#1237=EDGE_CURVE('',#997,#998,#419,.T.);
#1238=EDGE_CURVE('',#998,#994,#420,.T.);
#1239=EDGE_CURVE('',#999,#999,#43,.T.);
#1240=EDGE_CURVE('',#1000,#1001,#421,.T.);
#1241=EDGE_CURVE('',#1001,#1002,#422,.T.);
#1242=EDGE_CURVE('',#1002,#1003,#423,.T.);
#1243=EDGE_CURVE('',#1004,#1003,#424,.T.);
#1244=EDGE_CURVE('',#986,#1004,#425,.T.);
#1245=EDGE_CURVE('',#1005,#985,#426,.T.);
#1246=EDGE_CURVE('',#1005,#1006,#427,.T.);
#1247=EDGE_CURVE('',#1006,#1007,#428,.T.);
#1248=EDGE_CURVE('',#1007,#1000,#429,.T.);
#1249=EDGE_CURVE('',#1008,#1008,#919,.T.);
#1250=EDGE_CURVE('',#1008,#989,#430,.T.);
#1251=EDGE_CURVE('',#1009,#991,#431,.T.);
#1252=EDGE_CURVE('',#977,#1009,#432,.T.);
#1253=EDGE_CURVE('',#980,#1010,#433,.T.);
#1254=EDGE_CURVE('',#992,#1010,#434,.T.);
#1255=EDGE_CURVE('',#1011,#1011,#44,.T.);
#1256=EDGE_CURVE('',#1012,#995,#435,.T.);
#1257=EDGE_CURVE('',#1013,#994,#436,.T.);
#1258=EDGE_CURVE('',#1012,#1013,#437,.T.);
#1259=EDGE_CURVE('',#1010,#996,#438,.T.);
#1260=EDGE_CURVE('',#1014,#1014,#45,.T.);
#1261=EDGE_CURVE('',#1014,#1011,#439,.T.);
#1262=EDGE_CURVE('',#1015,#1016,#920,.T.);
#1263=EDGE_CURVE('',#1009,#1016,#440,.T.);
#1264=EDGE_CURVE('',#991,#1017,#441,.T.);
#1265=EDGE_CURVE('',#1017,#1015,#921,.T.);
#1266=EDGE_CURVE('',#1018,#1019,#922,.T.);
#1267=EDGE_CURVE('',#1019,#1020,#923,.T.);
#1268=EDGE_CURVE('',#1020,#1021,#442,.T.);
#1269=EDGE_CURVE('',#1022,#1021,#443,.T.);
#1270=EDGE_CURVE('',#1018,#1022,#444,.T.);
#1271=EDGE_CURVE('',#1023,#1015,#445,.T.);
#1272=EDGE_CURVE('',#1024,#1023,#46,.T.);
#1273=EDGE_CURVE('',#1016,#1024,#446,.T.);
#1274=EDGE_CURVE('',#1020,#1017,#924,.T.);
#1275=EDGE_CURVE('',#1025,#1019,#447,.T.);
#1276=EDGE_CURVE('',#1025,#1023,#47,.T.);
#1277=EDGE_CURVE('',#1026,#1018,#448,.T.);
#1278=EDGE_CURVE('',#1025,#1026,#48,.T.);
#1279=EDGE_CURVE('',#1027,#1022,#449,.T.);
#1280=EDGE_CURVE('',#1021,#1028,#450,.T.);
#1281=EDGE_CURVE('',#1028,#1029,#451,.T.);
#1282=EDGE_CURVE('',#1029,#1027,#925,.T.);
#1283=EDGE_CURVE('',#990,#1028,#452,.T.);
#1284=EDGE_CURVE('',#1030,#979,#453,.T.);
#1285=EDGE_CURVE('',#1031,#1030,#454,.T.);
#1286=EDGE_CURVE('',#997,#1031,#455,.T.);
#1287=EDGE_CURVE('',#1030,#1012,#456,.T.);
#1288=EDGE_CURVE('',#975,#1004,#457,.T.);
#1289=EDGE_CURVE('',#987,#974,#458,.T.);
#1290=EDGE_CURVE('',#1003,#972,#459,.T.);
#1291=EDGE_CURVE('',#1002,#1032,#460,.T.);
#1292=EDGE_CURVE('',#973,#1032,#461,.T.);
#1293=EDGE_CURVE('',#1033,#1034,#926,.T.);
#1294=EDGE_CURVE('',#1035,#1033,#49,.T.);
#1295=EDGE_CURVE('',#1036,#1035,#927,.T.);
#1296=EDGE_CURVE('',#1034,#1036,#928,.T.);
#1297=EDGE_CURVE('',#1037,#1036,#462,.T.);
#1298=EDGE_CURVE('',#1038,#1037,#463,.T.);
#1299=EDGE_CURVE('',#1034,#1038,#464,.T.);
#1300=EDGE_CURVE('',#1039,#1035,#465,.T.);
#1301=EDGE_CURVE('',#1040,#1039,#466,.T.);
#1302=EDGE_CURVE('',#1037,#1040,#467,.T.);
#1303=EDGE_CURVE('',#1039,#1041,#468,.T.);
#1304=EDGE_CURVE('',#1041,#981,#469,.T.);
#1305=EDGE_CURVE('',#1042,#1009,#470,.T.);
#1306=EDGE_CURVE('',#1042,#1043,#471,.T.);
#1307=EDGE_CURVE('',#1043,#1044,#472,.T.);
#1308=EDGE_CURVE('',#1044,#1040,#473,.T.);
#1309=EDGE_CURVE('',#1026,#1024,#474,.T.);
#1310=EDGE_CURVE('',#1027,#1045,#475,.T.);
#1311=EDGE_CURVE('',#1046,#1045,#476,.T.);
#1312=EDGE_CURVE('',#1046,#1047,#477,.T.);
#1313=EDGE_CURVE('',#1042,#1047,#478,.T.);
#1314=EDGE_CURVE('',#1048,#1049,#479,.T.);
#1315=EDGE_CURVE('',#1049,#1050,#480,.T.);
#1316=EDGE_CURVE('',#1041,#1050,#481,.T.);
#1317=EDGE_CURVE('',#1051,#1033,#482,.T.);
#1318=EDGE_CURVE('',#1051,#1048,#483,.T.);
#1319=EDGE_CURVE('',#1049,#1052,#484,.T.);
#1320=EDGE_CURVE('',#1053,#1052,#485,.T.);
#1321=EDGE_CURVE('',#1054,#1053,#486,.T.);
#1322=EDGE_CURVE('',#1055,#1054,#487,.T.);
#1323=EDGE_CURVE('',#1056,#1055,#488,.T.);
#1324=EDGE_CURVE('',#1057,#1056,#489,.T.);
#1325=EDGE_CURVE('',#1058,#1057,#490,.T.);
#1326=EDGE_CURVE('',#1058,#1059,#491,.T.);
#1327=EDGE_CURVE('',#1059,#1060,#929,.T.);
#1328=EDGE_CURVE('',#1060,#1061,#492,.T.);
#1329=EDGE_CURVE('',#1061,#1062,#930,.T.);
#1330=EDGE_CURVE('',#1062,#1063,#493,.T.);
#1331=EDGE_CURVE('',#1063,#1064,#494,.T.);
#1332=EDGE_CURVE('',#1007,#1064,#495,.T.);
#1333=EDGE_CURVE('',#1065,#1006,#496,.T.);
#1334=EDGE_CURVE('',#1050,#1065,#497,.T.);
#1335=EDGE_CURVE('',#1066,#1066,#50,.T.);
#1336=EDGE_CURVE('',#1064,#1000,#498,.T.);
#1337=EDGE_CURVE('',#1067,#1063,#499,.T.);
#1338=EDGE_CURVE('',#1067,#1068,#500,.T.);
#1339=EDGE_CURVE('',#1001,#1068,#501,.T.);
#1340=EDGE_CURVE('',#1069,#1067,#502,.T.);
#1341=EDGE_CURVE('',#1069,#1048,#503,.T.);
#1342=EDGE_CURVE('',#1070,#1051,#504,.T.);
#1343=EDGE_CURVE('',#1068,#1070,#505,.T.);
#1344=EDGE_CURVE('',#1071,#1069,#506,.T.);
#1345=EDGE_CURVE('',#1072,#1071,#507,.T.);
#1346=EDGE_CURVE('',#1072,#1073,#508,.T.);
#1347=EDGE_CURVE('',#1073,#1074,#509,.T.);
#1348=EDGE_CURVE('',#1052,#1074,#510,.T.);
#1349=EDGE_CURVE('',#1075,#1076,#511,.T.);
#1350=EDGE_CURVE('',#1075,#1077,#512,.T.);
#1351=EDGE_CURVE('',#1078,#1077,#513,.T.);
#1352=EDGE_CURVE('',#1076,#1078,#514,.T.);
#1353=EDGE_CURVE('',#969,#1079,#515,.T.);
#1354=EDGE_CURVE('',#1079,#1080,#516,.T.);
#1355=EDGE_CURVE('',#1080,#1081,#517,.T.);
#1356=EDGE_CURVE('',#1081,#1082,#518,.T.);
#1357=EDGE_CURVE('',#1083,#1082,#519,.T.);
#1358=EDGE_CURVE('',#1083,#1084,#520,.T.);
#1359=EDGE_CURVE('',#1084,#1085,#521,.T.);
#1360=EDGE_CURVE('',#1085,#970,#522,.T.);
#1361=EDGE_CURVE('',#1032,#1086,#523,.T.);
#1362=EDGE_CURVE('',#1086,#1043,#524,.T.);
#1363=EDGE_CURVE('',#1042,#990,#525,.T.);
#1364=EDGE_CURVE('',#1087,#1088,#51,.T.);
#1365=EDGE_CURVE('',#1088,#1089,#52,.T.);
#1366=EDGE_CURVE('',#1089,#1090,#526,.T.);
#1367=EDGE_CURVE('',#1090,#1031,#527,.T.);
#1368=EDGE_CURVE('',#1013,#1087,#528,.T.);
#1369=EDGE_CURVE('',#1091,#1092,#53,.T.);
#1370=EDGE_CURVE('',#1092,#1093,#54,.T.);
#1371=EDGE_CURVE('',#1093,#1094,#529,.T.);
#1372=EDGE_CURVE('',#1094,#1095,#530,.T.);
#1373=EDGE_CURVE('',#1095,#1096,#531,.T.);
#1374=EDGE_CURVE('',#1096,#1097,#532,.T.);
#1375=EDGE_CURVE('',#1097,#1098,#533,.T.);
#1376=EDGE_CURVE('',#1098,#1091,#534,.T.);
#1377=EDGE_CURVE('',#1076,#1083,#535,.T.);
#1378=EDGE_CURVE('',#1078,#1099,#536,.T.);
#1379=EDGE_CURVE('',#1099,#1100,#931,.T.);
#1380=EDGE_CURVE('',#1100,#1084,#537,.T.);
#1381=EDGE_CURVE('',#1101,#1102,#932,.T.);
#1382=EDGE_CURVE('',#1082,#1102,#538,.T.);
#1383=EDGE_CURVE('',#1081,#1103,#539,.T.);
#1384=EDGE_CURVE('',#1104,#1103,#540,.T.);
#1385=EDGE_CURVE('',#1105,#1104,#541,.T.);
#1386=EDGE_CURVE('',#1105,#1106,#933,.T.);
#1387=EDGE_CURVE('',#1106,#1101,#934,.T.);
#1388=EDGE_CURVE('',#1102,#1107,#542,.T.);
#1389=EDGE_CURVE('',#1101,#1108,#543,.T.);
#1390=EDGE_CURVE('',#1107,#1108,#55,.T.);
#1391=EDGE_CURVE('',#1109,#1106,#544,.T.);
#1392=EDGE_CURVE('',#1108,#1109,#56,.T.);
#1393=EDGE_CURVE('',#1110,#1105,#545,.T.);
#1394=EDGE_CURVE('',#1109,#1110,#57,.T.);
#1395=EDGE_CURVE('',#1110,#1107,#546,.T.);
#1396=EDGE_CURVE('',#1111,#1111,#58,.T.);
#1397=EDGE_CURVE('',#1111,#1112,#547,.T.);
#1398=EDGE_CURVE('',#1112,#1112,#59,.T.);
#1399=EDGE_CURVE('',#1113,#1114,#60,.T.);
#1400=EDGE_CURVE('',#1114,#1115,#548,.T.);
#1401=EDGE_CURVE('',#1115,#1116,#61,.T.);
#1402=EDGE_CURVE('',#1113,#1116,#62,.T.);
#1403=EDGE_CURVE('',#1117,#1117,#935,.T.);
#1404=EDGE_CURVE('',#1118,#1118,#63,.T.);
#1405=EDGE_CURVE('',#1098,#1119,#549,.T.);
#1406=EDGE_CURVE('',#1097,#1120,#550,.T.);
#1407=EDGE_CURVE('',#1119,#1120,#551,.T.);
#1408=EDGE_CURVE('',#1121,#1121,#64,.T.);
#1409=EDGE_CURVE('',#1121,#1092,#552,.T.);
#1410=EDGE_CURVE('',#1093,#1091,#936,.T.);
#1411=EDGE_CURVE('',#1122,#1094,#553,.T.);
#1412=EDGE_CURVE('',#1119,#1122,#554,.T.);
#1413=EDGE_CURVE('',#1123,#1082,#555,.T.);
#1414=EDGE_CURVE('',#1124,#1104,#556,.T.);
#1415=EDGE_CURVE('',#1125,#1124,#557,.T.);
#1416=EDGE_CURVE('',#1125,#1115,#558,.T.);
#1417=EDGE_CURVE('',#1114,#1126,#559,.T.);
#1418=EDGE_CURVE('',#1123,#1126,#560,.T.);
#1419=EDGE_CURVE('',#1103,#1127,#561,.T.);
#1420=EDGE_CURVE('',#1127,#1124,#562,.T.);
#1421=EDGE_CURVE('',#1128,#1081,#563,.T.);
#1422=EDGE_CURVE('',#1128,#1129,#564,.T.);
#1423=EDGE_CURVE('',#1129,#1130,#937,.T.);
#1424=EDGE_CURVE('',#1130,#1127,#565,.T.);
#1425=EDGE_CURVE('',#1131,#1080,#566,.T.);
#1426=EDGE_CURVE('',#1132,#1131,#567,.T.);
#1427=EDGE_CURVE('',#1133,#1132,#568,.T.);
#1428=EDGE_CURVE('',#1133,#1128,#569,.T.);
#1429=EDGE_CURVE('',#1134,#1129,#938,.T.);
#1430=EDGE_CURVE('',#1113,#1134,#570,.T.);
#1431=EDGE_CURVE('',#1116,#1135,#571,.T.);
#1432=EDGE_CURVE('',#1130,#1135,#939,.T.);
#1433=EDGE_CURVE('',#1135,#1125,#940,.T.);
#1434=EDGE_CURVE('',#1126,#1134,#941,.T.);
#1435=EDGE_CURVE('',#1123,#1128,#572,.T.);
#1436=EDGE_CURVE('',#971,#1136,#573,.T.);
#1437=EDGE_CURVE('',#1136,#1137,#574,.T.);
#1438=EDGE_CURVE('',#1137,#968,#575,.T.);
#1439=EDGE_CURVE('',#1138,#1139,#576,.T.);
#1440=EDGE_CURVE('',#1140,#1138,#577,.T.);
#1441=EDGE_CURVE('',#1141,#1140,#578,.T.);
#1442=EDGE_CURVE('',#1139,#1141,#579,.T.);
#1443=EDGE_CURVE('',#1142,#1138,#580,.T.);
#1444=EDGE_CURVE('',#1143,#1142,#581,.T.);
#1445=EDGE_CURVE('',#1140,#1143,#582,.T.);
#1446=EDGE_CURVE('',#1144,#1144,#65,.T.);
#1447=EDGE_CURVE('',#1144,#1117,#66,.T.);
#1448=EDGE_CURVE('',#1055,#1145,#583,.T.);
#1449=EDGE_CURVE('',#1145,#1146,#584,.T.);
#1450=EDGE_CURVE('',#1147,#1146,#585,.T.);
#1451=EDGE_CURVE('',#1147,#1137,#586,.T.);
#1452=EDGE_CURVE('',#1136,#1148,#587,.T.);
#1453=EDGE_CURVE('',#1148,#1149,#588,.T.);
#1454=EDGE_CURVE('',#1149,#1150,#589,.T.);
#1455=EDGE_CURVE('',#1150,#1056,#590,.T.);
#1456=EDGE_CURVE('',#1151,#1131,#591,.T.);
#1457=EDGE_CURVE('',#1151,#1152,#592,.T.);
#1458=EDGE_CURVE('',#1152,#1122,#593,.T.);
#1459=EDGE_CURVE('',#1120,#1153,#594,.T.);
#1460=EDGE_CURVE('',#1153,#1132,#595,.T.);
#1461=EDGE_CURVE('',#1118,#1154,#596,.T.);
#1462=EDGE_CURVE('',#1154,#1154,#67,.T.);
#1463=EDGE_CURVE('',#1095,#1152,#597,.T.);
#1464=EDGE_CURVE('',#1142,#1123,#598,.T.);
#1465=EDGE_CURVE('',#1155,#1133,#599,.T.);
#1466=EDGE_CURVE('',#1143,#1155,#600,.T.);
#1467=EDGE_CURVE('',#1156,#1053,#601,.T.);
#1468=EDGE_CURVE('',#1139,#1156,#602,.T.);
#1469=EDGE_CURVE('',#1146,#1141,#603,.T.);
#1470=EDGE_CURVE('',#1054,#1145,#604,.T.);
#1471=EDGE_CURVE('',#1073,#1157,#605,.T.);
#1472=EDGE_CURVE('',#1157,#1158,#606,.T.);
#1473=EDGE_CURVE('',#1159,#1158,#607,.T.);
#1474=EDGE_CURVE('',#1160,#1159,#608,.T.);
#1475=EDGE_CURVE('',#1074,#1160,#609,.T.);
#1476=EDGE_CURVE('',#1161,#1162,#610,.T.);
#1477=EDGE_CURVE('',#1163,#1161,#942,.T.);
#1478=EDGE_CURVE('',#1072,#1163,#611,.T.);
#1479=EDGE_CURVE('',#1164,#1071,#612,.T.);
#1480=EDGE_CURVE('',#1162,#1164,#943,.T.);
#1481=EDGE_CURVE('',#1165,#1165,#68,.T.);
#1482=EDGE_CURVE('',#1162,#1061,#613,.T.);
#1483=EDGE_CURVE('',#1161,#1060,#614,.T.);
#1484=EDGE_CURVE('',#1164,#1062,#615,.T.);
#1485=EDGE_CURVE('',#1163,#1059,#616,.T.);
#1486=EDGE_CURVE('',#1157,#1058,#617,.T.);
#1487=EDGE_CURVE('',#1165,#1166,#618,.T.);
#1488=EDGE_CURVE('',#1166,#1166,#69,.T.);
#1489=EDGE_CURVE('',#1167,#1167,#70,.T.);
#1490=EDGE_CURVE('',#1066,#1167,#619,.T.);
#1491=EDGE_CURVE('',#1150,#1057,#620,.T.);
#1492=EDGE_CURVE('',#1158,#1149,#621,.T.);
#1493=EDGE_CURVE('',#1168,#1075,#622,.T.);
#1494=EDGE_CURVE('',#1156,#1168,#623,.T.);
#1495=EDGE_CURVE('',#1077,#1169,#624,.T.);
#1496=EDGE_CURVE('',#1168,#1170,#625,.T.);
#1497=EDGE_CURVE('',#1170,#1169,#944,.T.);
#1498=EDGE_CURVE('',#1169,#1099,#945,.T.);
#1499=EDGE_CURVE('',#1171,#1170,#71,.T.);
#1500=EDGE_CURVE('',#1172,#1171,#946,.T.);
#1501=EDGE_CURVE('',#1100,#1172,#947,.T.);
#1502=EDGE_CURVE('',#1172,#1159,#626,.T.);
#1503=EDGE_CURVE('',#1085,#1148,#627,.T.);
#1504=EDGE_CURVE('',#1079,#1147,#628,.T.);
#1505=EDGE_CURVE('',#1173,#1151,#629,.T.);
#1506=EDGE_CURVE('',#1173,#1096,#630,.T.);
#1507=EDGE_CURVE('',#1065,#1005,#631,.T.);
#1508=EDGE_CURVE('',#1086,#1070,#632,.T.);
#1509=EDGE_CURVE('',#1038,#1044,#633,.T.);
#1510=EDGE_CURVE('',#1160,#1171,#634,.T.);
#1511=EDGE_CURVE('',#1140,#1173,#635,.T.);
#1512=EDGE_CURVE('',#1153,#1155,#636,.T.);
#1513=EDGE_CURVE('',#1090,#998,#637,.T.);
#1514=EDGE_CURVE('',#999,#1088,#638,.T.);
#1515=EDGE_CURVE('',#1089,#1087,#948,.T.);
#1516=EDGE_CURVE('',#1174,#1046,#72,.T.);
#1517=EDGE_CURVE('',#1045,#1175,#73,.T.);
#1518=EDGE_CURVE('',#1175,#1174,#74,.T.);
#1519=EDGE_CURVE('',#1176,#1176,#75,.T.);
#1520=EDGE_CURVE('',#1176,#1177,#639,.T.);
#1521=EDGE_CURVE('',#1177,#1177,#76,.T.);
#1522=EDGE_CURVE('',#1178,#1179,#949,.T.);
#1523=EDGE_CURVE('',#1174,#1178,#640,.T.);
#1524=EDGE_CURVE('',#1179,#1175,#641,.T.);
#1525=EDGE_CURVE('',#1179,#1029,#950,.T.);
#1526=EDGE_CURVE('',#1047,#1178,#951,.T.);
#1527=ORIENTED_EDGE('',*,*,#1180,.F.);
#1528=ORIENTED_EDGE('',*,*,#1181,.F.);
#1529=ORIENTED_EDGE('',*,*,#1182,.T.);
#1530=ORIENTED_EDGE('',*,*,#1183,.T.);
#1531=ORIENTED_EDGE('',*,*,#1184,.T.);
#1532=ORIENTED_EDGE('',*,*,#1181,.T.);
#1533=ORIENTED_EDGE('',*,*,#1184,.F.);
#1534=ORIENTED_EDGE('',*,*,#1185,.F.);
#1535=ORIENTED_EDGE('',*,*,#1182,.F.);
#1536=ORIENTED_EDGE('',*,*,#1185,.T.);
#1537=ORIENTED_EDGE('',*,*,#1183,.F.);
#1538=ORIENTED_EDGE('',*,*,#1180,.T.);
#1539=ORIENTED_EDGE('',*,*,#1186,.F.);
#1540=ORIENTED_EDGE('',*,*,#1187,.F.);
#1541=ORIENTED_EDGE('',*,*,#1188,.T.);
#1542=ORIENTED_EDGE('',*,*,#1189,.T.);
#1543=ORIENTED_EDGE('',*,*,#1187,.T.);
#1544=ORIENTED_EDGE('',*,*,#1190,.T.);
#1545=ORIENTED_EDGE('',*,*,#1190,.F.);
#1546=ORIENTED_EDGE('',*,*,#1186,.T.);
#1547=ORIENTED_EDGE('',*,*,#1191,.T.);
#1548=ORIENTED_EDGE('',*,*,#1191,.F.);
#1549=ORIENTED_EDGE('',*,*,#1188,.F.);
#1550=ORIENTED_EDGE('',*,*,#1189,.F.);
#1551=ORIENTED_EDGE('',*,*,#1192,.F.);
#1552=ORIENTED_EDGE('',*,*,#1193,.T.);
#1553=ORIENTED_EDGE('',*,*,#1194,.F.);
#1554=ORIENTED_EDGE('',*,*,#1195,.F.);
#1555=ORIENTED_EDGE('',*,*,#1196,.F.);
#1556=ORIENTED_EDGE('',*,*,#1197,.T.);
#1557=ORIENTED_EDGE('',*,*,#1198,.F.);
#1558=ORIENTED_EDGE('',*,*,#1197,.F.);
#1559=ORIENTED_EDGE('',*,*,#1199,.F.);
#1560=ORIENTED_EDGE('',*,*,#1200,.T.);
#1561=ORIENTED_EDGE('',*,*,#1201,.F.);
#1562=ORIENTED_EDGE('',*,*,#1200,.F.);
#1563=ORIENTED_EDGE('',*,*,#1194,.T.);
#1564=ORIENTED_EDGE('',*,*,#1202,.T.);
#1565=ORIENTED_EDGE('',*,*,#1203,.T.);
#1566=ORIENTED_EDGE('',*,*,#1204,.F.);
#1567=ORIENTED_EDGE('',*,*,#1201,.T.);
#1568=ORIENTED_EDGE('',*,*,#1205,.T.);
#1569=ORIENTED_EDGE('',*,*,#1206,.F.);
#1570=ORIENTED_EDGE('',*,*,#1207,.F.);
#1571=ORIENTED_EDGE('',*,*,#1208,.F.);
#1572=ORIENTED_EDGE('',*,*,#1196,.T.);
#1573=ORIENTED_EDGE('',*,*,#1199,.T.);
#1574=ORIENTED_EDGE('',*,*,#1209,.T.);
#1575=ORIENTED_EDGE('',*,*,#1210,.F.);
#1576=ORIENTED_EDGE('',*,*,#1192,.T.);
#1577=ORIENTED_EDGE('',*,*,#1211,.F.);
#1578=ORIENTED_EDGE('',*,*,#1198,.T.);
#1579=ORIENTED_EDGE('',*,*,#1212,.F.);
#1580=ORIENTED_EDGE('',*,*,#1213,.T.);
#1581=ORIENTED_EDGE('',*,*,#1214,.T.);
#1582=ORIENTED_EDGE('',*,*,#1215,.F.);
#1583=ORIENTED_EDGE('',*,*,#1216,.F.);
#1584=ORIENTED_EDGE('',*,*,#1217,.F.);
#1585=ORIENTED_EDGE('',*,*,#1218,.F.);
#1586=ORIENTED_EDGE('',*,*,#1219,.F.);
#1587=ORIENTED_EDGE('',*,*,#1213,.F.);
#1588=ORIENTED_EDGE('',*,*,#1220,.F.);
#1589=ORIENTED_EDGE('',*,*,#1221,.F.);
#1590=ORIENTED_EDGE('',*,*,#1214,.F.);
#1591=ORIENTED_EDGE('',*,*,#1219,.T.);
#1592=ORIENTED_EDGE('',*,*,#1222,.F.);
#1593=ORIENTED_EDGE('',*,*,#1223,.F.);
#1594=ORIENTED_EDGE('',*,*,#1224,.F.);
#1595=ORIENTED_EDGE('',*,*,#1225,.F.);
#1596=ORIENTED_EDGE('',*,*,#1226,.F.);
#1597=ORIENTED_EDGE('',*,*,#1227,.T.);
#1598=ORIENTED_EDGE('',*,*,#1228,.T.);
#1599=ORIENTED_EDGE('',*,*,#1229,.T.);
#1600=ORIENTED_EDGE('',*,*,#1230,.F.);
#1601=ORIENTED_EDGE('',*,*,#1231,.F.);
#1602=ORIENTED_EDGE('',*,*,#1226,.T.);
#1603=ORIENTED_EDGE('',*,*,#1232,.F.);
#1604=ORIENTED_EDGE('',*,*,#1233,.T.);
#1605=ORIENTED_EDGE('',*,*,#1234,.T.);
#1606=ORIENTED_EDGE('',*,*,#1220,.T.);
#1607=ORIENTED_EDGE('',*,*,#1231,.T.);
#1608=ORIENTED_EDGE('',*,*,#1235,.F.);
#1609=ORIENTED_EDGE('',*,*,#1236,.T.);
#1610=ORIENTED_EDGE('',*,*,#1237,.T.);
#1611=ORIENTED_EDGE('',*,*,#1238,.T.);
#1612=ORIENTED_EDGE('',*,*,#1239,.T.);
#1613=ORIENTED_EDGE('',*,*,#1240,.T.);
#1614=ORIENTED_EDGE('',*,*,#1241,.T.);
#1615=ORIENTED_EDGE('',*,*,#1242,.T.);
#1616=ORIENTED_EDGE('',*,*,#1243,.F.);
#1617=ORIENTED_EDGE('',*,*,#1244,.F.);
#1618=ORIENTED_EDGE('',*,*,#1223,.T.);
#1619=ORIENTED_EDGE('',*,*,#1245,.F.);
#1620=ORIENTED_EDGE('',*,*,#1246,.T.);
#1621=ORIENTED_EDGE('',*,*,#1247,.T.);
#1622=ORIENTED_EDGE('',*,*,#1248,.T.);
#1623=ORIENTED_EDGE('',*,*,#1249,.F.);
#1624=ORIENTED_EDGE('',*,*,#1250,.T.);
#1625=ORIENTED_EDGE('',*,*,#1227,.F.);
#1626=ORIENTED_EDGE('',*,*,#1250,.F.);
#1627=ORIENTED_EDGE('',*,*,#1229,.F.);
#1628=ORIENTED_EDGE('',*,*,#1251,.F.);
#1629=ORIENTED_EDGE('',*,*,#1252,.F.);
#1630=ORIENTED_EDGE('',*,*,#1216,.T.);
#1631=ORIENTED_EDGE('',*,*,#1253,.T.);
#1632=ORIENTED_EDGE('',*,*,#1254,.F.);
#1633=ORIENTED_EDGE('',*,*,#1255,.T.);
#1634=ORIENTED_EDGE('',*,*,#1256,.T.);
#1635=ORIENTED_EDGE('',*,*,#1233,.F.);
#1636=ORIENTED_EDGE('',*,*,#1257,.F.);
#1637=ORIENTED_EDGE('',*,*,#1258,.F.);
#1638=ORIENTED_EDGE('',*,*,#1230,.T.);
#1639=ORIENTED_EDGE('',*,*,#1254,.T.);
#1640=ORIENTED_EDGE('',*,*,#1259,.T.);
#1641=ORIENTED_EDGE('',*,*,#1235,.T.);
#1642=ORIENTED_EDGE('',*,*,#1260,.F.);
#1643=ORIENTED_EDGE('',*,*,#1261,.T.);
#1644=ORIENTED_EDGE('',*,*,#1255,.F.);
#1645=ORIENTED_EDGE('',*,*,#1261,.F.);
#1646=ORIENTED_EDGE('',*,*,#1262,.T.);
#1647=ORIENTED_EDGE('',*,*,#1263,.F.);
#1648=ORIENTED_EDGE('',*,*,#1251,.T.);
#1649=ORIENTED_EDGE('',*,*,#1264,.T.);
#1650=ORIENTED_EDGE('',*,*,#1265,.T.);
#1651=ORIENTED_EDGE('',*,*,#1266,.T.);
#1652=ORIENTED_EDGE('',*,*,#1267,.T.);
#1653=ORIENTED_EDGE('',*,*,#1268,.T.);
#1654=ORIENTED_EDGE('',*,*,#1269,.F.);
#1655=ORIENTED_EDGE('',*,*,#1270,.F.);
#1656=ORIENTED_EDGE('',*,*,#1262,.F.);
#1657=ORIENTED_EDGE('',*,*,#1271,.F.);
#1658=ORIENTED_EDGE('',*,*,#1272,.F.);
#1659=ORIENTED_EDGE('',*,*,#1273,.F.);
#1660=ORIENTED_EDGE('',*,*,#1265,.F.);
#1661=ORIENTED_EDGE('',*,*,#1274,.F.);
#1662=ORIENTED_EDGE('',*,*,#1267,.F.);
#1663=ORIENTED_EDGE('',*,*,#1275,.F.);
#1664=ORIENTED_EDGE('',*,*,#1276,.T.);
#1665=ORIENTED_EDGE('',*,*,#1271,.T.);
#1666=ORIENTED_EDGE('',*,*,#1266,.F.);
#1667=ORIENTED_EDGE('',*,*,#1277,.F.);
#1668=ORIENTED_EDGE('',*,*,#1278,.F.);
#1669=ORIENTED_EDGE('',*,*,#1275,.T.);
#1670=ORIENTED_EDGE('',*,*,#1279,.T.);
#1671=ORIENTED_EDGE('',*,*,#1269,.T.);
#1672=ORIENTED_EDGE('',*,*,#1280,.T.);
#1673=ORIENTED_EDGE('',*,*,#1281,.T.);
#1674=ORIENTED_EDGE('',*,*,#1282,.T.);
#1675=ORIENTED_EDGE('',*,*,#1280,.F.);
#1676=ORIENTED_EDGE('',*,*,#1268,.F.);
#1677=ORIENTED_EDGE('',*,*,#1274,.T.);
#1678=ORIENTED_EDGE('',*,*,#1264,.F.);
#1679=ORIENTED_EDGE('',*,*,#1228,.F.);
#1680=ORIENTED_EDGE('',*,*,#1283,.T.);
#1681=ORIENTED_EDGE('',*,*,#1259,.F.);
#1682=ORIENTED_EDGE('',*,*,#1253,.F.);
#1683=ORIENTED_EDGE('',*,*,#1215,.T.);
#1684=ORIENTED_EDGE('',*,*,#1284,.F.);
#1685=ORIENTED_EDGE('',*,*,#1285,.F.);
#1686=ORIENTED_EDGE('',*,*,#1286,.F.);
#1687=ORIENTED_EDGE('',*,*,#1236,.F.);
#1688=ORIENTED_EDGE('',*,*,#1284,.T.);
#1689=ORIENTED_EDGE('',*,*,#1221,.T.);
#1690=ORIENTED_EDGE('',*,*,#1234,.F.);
#1691=ORIENTED_EDGE('',*,*,#1256,.F.);
#1692=ORIENTED_EDGE('',*,*,#1287,.F.);
#1693=ORIENTED_EDGE('',*,*,#1224,.T.);
#1694=ORIENTED_EDGE('',*,*,#1244,.T.);
#1695=ORIENTED_EDGE('',*,*,#1288,.F.);
#1696=ORIENTED_EDGE('',*,*,#1209,.F.);
#1697=ORIENTED_EDGE('',*,*,#1289,.F.);
#1698=ORIENTED_EDGE('',*,*,#1290,.F.);
#1699=ORIENTED_EDGE('',*,*,#1242,.F.);
#1700=ORIENTED_EDGE('',*,*,#1291,.T.);
#1701=ORIENTED_EDGE('',*,*,#1292,.F.);
#1702=ORIENTED_EDGE('',*,*,#1207,.T.);
#1703=ORIENTED_EDGE('',*,*,#1293,.F.);
#1704=ORIENTED_EDGE('',*,*,#1294,.F.);
#1705=ORIENTED_EDGE('',*,*,#1295,.F.);
#1706=ORIENTED_EDGE('',*,*,#1296,.F.);
#1707=ORIENTED_EDGE('',*,*,#1296,.T.);
#1708=ORIENTED_EDGE('',*,*,#1297,.F.);
#1709=ORIENTED_EDGE('',*,*,#1298,.F.);
#1710=ORIENTED_EDGE('',*,*,#1299,.F.);
#1711=ORIENTED_EDGE('',*,*,#1297,.T.);
#1712=ORIENTED_EDGE('',*,*,#1295,.T.);
#1713=ORIENTED_EDGE('',*,*,#1300,.F.);
#1714=ORIENTED_EDGE('',*,*,#1301,.F.);
#1715=ORIENTED_EDGE('',*,*,#1302,.F.);
#1716=ORIENTED_EDGE('',*,*,#1301,.T.);
#1717=ORIENTED_EDGE('',*,*,#1303,.T.);
#1718=ORIENTED_EDGE('',*,*,#1304,.T.);
#1719=ORIENTED_EDGE('',*,*,#1217,.T.);
#1720=ORIENTED_EDGE('',*,*,#1212,.T.);
#1721=ORIENTED_EDGE('',*,*,#1252,.T.);
#1722=ORIENTED_EDGE('',*,*,#1305,.F.);
#1723=ORIENTED_EDGE('',*,*,#1306,.T.);
#1724=ORIENTED_EDGE('',*,*,#1307,.T.);
#1725=ORIENTED_EDGE('',*,*,#1308,.T.);
#1726=ORIENTED_EDGE('',*,*,#1305,.T.);
#1727=ORIENTED_EDGE('',*,*,#1263,.T.);
#1728=ORIENTED_EDGE('',*,*,#1273,.T.);
#1729=ORIENTED_EDGE('',*,*,#1309,.F.);
#1730=ORIENTED_EDGE('',*,*,#1277,.T.);
#1731=ORIENTED_EDGE('',*,*,#1270,.T.);
#1732=ORIENTED_EDGE('',*,*,#1279,.F.);
#1733=ORIENTED_EDGE('',*,*,#1310,.T.);
#1734=ORIENTED_EDGE('',*,*,#1311,.F.);
#1735=ORIENTED_EDGE('',*,*,#1312,.T.);
#1736=ORIENTED_EDGE('',*,*,#1313,.F.);
#1737=ORIENTED_EDGE('',*,*,#1314,.T.);
#1738=ORIENTED_EDGE('',*,*,#1315,.T.);
#1739=ORIENTED_EDGE('',*,*,#1316,.F.);
#1740=ORIENTED_EDGE('',*,*,#1303,.F.);
#1741=ORIENTED_EDGE('',*,*,#1300,.T.);
#1742=ORIENTED_EDGE('',*,*,#1294,.T.);
#1743=ORIENTED_EDGE('',*,*,#1317,.F.);
#1744=ORIENTED_EDGE('',*,*,#1318,.T.);
#1745=ORIENTED_EDGE('',*,*,#1315,.F.);
#1746=ORIENTED_EDGE('',*,*,#1319,.T.);
#1747=ORIENTED_EDGE('',*,*,#1320,.F.);
#1748=ORIENTED_EDGE('',*,*,#1321,.F.);
#1749=ORIENTED_EDGE('',*,*,#1322,.F.);
#1750=ORIENTED_EDGE('',*,*,#1323,.F.);
#1751=ORIENTED_EDGE('',*,*,#1324,.F.);
#1752=ORIENTED_EDGE('',*,*,#1325,.F.);
#1753=ORIENTED_EDGE('',*,*,#1326,.T.);
#1754=ORIENTED_EDGE('',*,*,#1327,.T.);
#1755=ORIENTED_EDGE('',*,*,#1328,.T.);
#1756=ORIENTED_EDGE('',*,*,#1329,.T.);
#1757=ORIENTED_EDGE('',*,*,#1330,.T.);
#1758=ORIENTED_EDGE('',*,*,#1331,.T.);
#1759=ORIENTED_EDGE('',*,*,#1332,.F.);
#1760=ORIENTED_EDGE('',*,*,#1247,.F.);
#1761=ORIENTED_EDGE('',*,*,#1333,.F.);
#1762=ORIENTED_EDGE('',*,*,#1334,.F.);
#1763=ORIENTED_EDGE('',*,*,#1335,.T.);
#1764=ORIENTED_EDGE('',*,*,#1240,.F.);
#1765=ORIENTED_EDGE('',*,*,#1336,.F.);
#1766=ORIENTED_EDGE('',*,*,#1331,.F.);
#1767=ORIENTED_EDGE('',*,*,#1337,.F.);
#1768=ORIENTED_EDGE('',*,*,#1338,.T.);
#1769=ORIENTED_EDGE('',*,*,#1339,.F.);
#1770=ORIENTED_EDGE('',*,*,#1340,.F.);
#1771=ORIENTED_EDGE('',*,*,#1341,.T.);
#1772=ORIENTED_EDGE('',*,*,#1318,.F.);
#1773=ORIENTED_EDGE('',*,*,#1342,.F.);
#1774=ORIENTED_EDGE('',*,*,#1343,.F.);
#1775=ORIENTED_EDGE('',*,*,#1338,.F.);
#1776=ORIENTED_EDGE('',*,*,#1314,.F.);
#1777=ORIENTED_EDGE('',*,*,#1341,.F.);
#1778=ORIENTED_EDGE('',*,*,#1344,.F.);
#1779=ORIENTED_EDGE('',*,*,#1345,.F.);
#1780=ORIENTED_EDGE('',*,*,#1346,.T.);
#1781=ORIENTED_EDGE('',*,*,#1347,.T.);
#1782=ORIENTED_EDGE('',*,*,#1348,.F.);
#1783=ORIENTED_EDGE('',*,*,#1319,.F.);
#1784=ORIENTED_EDGE('',*,*,#1349,.F.);
#1785=ORIENTED_EDGE('',*,*,#1350,.T.);
#1786=ORIENTED_EDGE('',*,*,#1351,.F.);
#1787=ORIENTED_EDGE('',*,*,#1352,.F.);
#1788=ORIENTED_EDGE('',*,*,#1353,.T.);
#1789=ORIENTED_EDGE('',*,*,#1354,.T.);
#1790=ORIENTED_EDGE('',*,*,#1355,.T.);
#1791=ORIENTED_EDGE('',*,*,#1356,.T.);
#1792=ORIENTED_EDGE('',*,*,#1357,.F.);
#1793=ORIENTED_EDGE('',*,*,#1358,.T.);
#1794=ORIENTED_EDGE('',*,*,#1359,.T.);
#1795=ORIENTED_EDGE('',*,*,#1360,.T.);
#1796=ORIENTED_EDGE('',*,*,#1208,.T.);
#1797=ORIENTED_EDGE('',*,*,#1292,.T.);
#1798=ORIENTED_EDGE('',*,*,#1361,.T.);
#1799=ORIENTED_EDGE('',*,*,#1362,.T.);
#1800=ORIENTED_EDGE('',*,*,#1306,.F.);
#1801=ORIENTED_EDGE('',*,*,#1363,.T.);
#1802=ORIENTED_EDGE('',*,*,#1232,.T.);
#1803=ORIENTED_EDGE('',*,*,#1225,.T.);
#1804=ORIENTED_EDGE('',*,*,#1289,.T.);
#1805=ORIENTED_EDGE('',*,*,#1211,.T.);
#1806=ORIENTED_EDGE('',*,*,#1195,.T.);
#1807=ORIENTED_EDGE('',*,*,#1204,.T.);
#1808=ORIENTED_EDGE('',*,*,#1364,.T.);
#1809=ORIENTED_EDGE('',*,*,#1365,.T.);
#1810=ORIENTED_EDGE('',*,*,#1366,.T.);
#1811=ORIENTED_EDGE('',*,*,#1367,.T.);
#1812=ORIENTED_EDGE('',*,*,#1285,.T.);
#1813=ORIENTED_EDGE('',*,*,#1287,.T.);
#1814=ORIENTED_EDGE('',*,*,#1258,.T.);
#1815=ORIENTED_EDGE('',*,*,#1368,.T.);
#1816=ORIENTED_EDGE('',*,*,#1369,.T.);
#1817=ORIENTED_EDGE('',*,*,#1370,.T.);
#1818=ORIENTED_EDGE('',*,*,#1371,.T.);
#1819=ORIENTED_EDGE('',*,*,#1372,.T.);
#1820=ORIENTED_EDGE('',*,*,#1373,.T.);
#1821=ORIENTED_EDGE('',*,*,#1374,.T.);
#1822=ORIENTED_EDGE('',*,*,#1375,.T.);
#1823=ORIENTED_EDGE('',*,*,#1376,.T.);
#1824=ORIENTED_EDGE('',*,*,#1377,.F.);
#1825=ORIENTED_EDGE('',*,*,#1352,.T.);
#1826=ORIENTED_EDGE('',*,*,#1378,.T.);
#1827=ORIENTED_EDGE('',*,*,#1379,.T.);
#1828=ORIENTED_EDGE('',*,*,#1380,.T.);
#1829=ORIENTED_EDGE('',*,*,#1358,.F.);
#1830=ORIENTED_EDGE('',*,*,#1381,.T.);
#1831=ORIENTED_EDGE('',*,*,#1382,.F.);
#1832=ORIENTED_EDGE('',*,*,#1356,.F.);
#1833=ORIENTED_EDGE('',*,*,#1383,.T.);
#1834=ORIENTED_EDGE('',*,*,#1384,.F.);
#1835=ORIENTED_EDGE('',*,*,#1385,.F.);
#1836=ORIENTED_EDGE('',*,*,#1386,.T.);
#1837=ORIENTED_EDGE('',*,*,#1387,.T.);
#1838=ORIENTED_EDGE('',*,*,#1388,.F.);
#1839=ORIENTED_EDGE('',*,*,#1381,.F.);
#1840=ORIENTED_EDGE('',*,*,#1389,.T.);
#1841=ORIENTED_EDGE('',*,*,#1390,.F.);
#1842=ORIENTED_EDGE('',*,*,#1387,.F.);
#1843=ORIENTED_EDGE('',*,*,#1391,.F.);
#1844=ORIENTED_EDGE('',*,*,#1392,.F.);
#1845=ORIENTED_EDGE('',*,*,#1389,.F.);
#1846=ORIENTED_EDGE('',*,*,#1393,.F.);
#1847=ORIENTED_EDGE('',*,*,#1394,.F.);
#1848=ORIENTED_EDGE('',*,*,#1391,.T.);
#1849=ORIENTED_EDGE('',*,*,#1386,.F.);
#1850=ORIENTED_EDGE('',*,*,#1390,.T.);
#1851=ORIENTED_EDGE('',*,*,#1392,.T.);
#1852=ORIENTED_EDGE('',*,*,#1394,.T.);
#1853=ORIENTED_EDGE('',*,*,#1395,.T.);
#1854=ORIENTED_EDGE('',*,*,#1396,.T.);
#1855=ORIENTED_EDGE('',*,*,#1396,.F.);
#1856=ORIENTED_EDGE('',*,*,#1397,.T.);
#1857=ORIENTED_EDGE('',*,*,#1398,.F.);
#1858=ORIENTED_EDGE('',*,*,#1397,.F.);
#1859=ORIENTED_EDGE('',*,*,#1399,.T.);
#1860=ORIENTED_EDGE('',*,*,#1400,.T.);
#1861=ORIENTED_EDGE('',*,*,#1401,.T.);
#1862=ORIENTED_EDGE('',*,*,#1402,.F.);
#1863=ORIENTED_EDGE('',*,*,#1398,.T.);
#1864=ORIENTED_EDGE('',*,*,#1403,.T.);
#1865=ORIENTED_EDGE('',*,*,#1404,.T.);
#1866=ORIENTED_EDGE('',*,*,#1405,.F.);
#1867=ORIENTED_EDGE('',*,*,#1375,.F.);
#1868=ORIENTED_EDGE('',*,*,#1406,.T.);
#1869=ORIENTED_EDGE('',*,*,#1407,.F.);
#1870=ORIENTED_EDGE('',*,*,#1408,.F.);
#1871=ORIENTED_EDGE('',*,*,#1409,.T.);
#1872=ORIENTED_EDGE('',*,*,#1369,.F.);
#1873=ORIENTED_EDGE('',*,*,#1410,.F.);
#1874=ORIENTED_EDGE('',*,*,#1370,.F.);
#1875=ORIENTED_EDGE('',*,*,#1409,.F.);
#1876=ORIENTED_EDGE('',*,*,#1411,.T.);
#1877=ORIENTED_EDGE('',*,*,#1371,.F.);
#1878=ORIENTED_EDGE('',*,*,#1410,.T.);
#1879=ORIENTED_EDGE('',*,*,#1376,.F.);
#1880=ORIENTED_EDGE('',*,*,#1405,.T.);
#1881=ORIENTED_EDGE('',*,*,#1412,.T.);
#1882=ORIENTED_EDGE('',*,*,#1413,.T.);
#1883=ORIENTED_EDGE('',*,*,#1382,.T.);
#1884=ORIENTED_EDGE('',*,*,#1388,.T.);
#1885=ORIENTED_EDGE('',*,*,#1395,.F.);
#1886=ORIENTED_EDGE('',*,*,#1393,.T.);
#1887=ORIENTED_EDGE('',*,*,#1385,.T.);
#1888=ORIENTED_EDGE('',*,*,#1414,.F.);
#1889=ORIENTED_EDGE('',*,*,#1415,.F.);
#1890=ORIENTED_EDGE('',*,*,#1416,.T.);
#1891=ORIENTED_EDGE('',*,*,#1400,.F.);
#1892=ORIENTED_EDGE('',*,*,#1417,.T.);
#1893=ORIENTED_EDGE('',*,*,#1418,.F.);
#1894=ORIENTED_EDGE('',*,*,#1414,.T.);
#1895=ORIENTED_EDGE('',*,*,#1384,.T.);
#1896=ORIENTED_EDGE('',*,*,#1419,.T.);
#1897=ORIENTED_EDGE('',*,*,#1420,.T.);
#1898=ORIENTED_EDGE('',*,*,#1419,.F.);
#1899=ORIENTED_EDGE('',*,*,#1383,.F.);
#1900=ORIENTED_EDGE('',*,*,#1421,.F.);
#1901=ORIENTED_EDGE('',*,*,#1422,.T.);
#1902=ORIENTED_EDGE('',*,*,#1423,.T.);
#1903=ORIENTED_EDGE('',*,*,#1424,.T.);
#1904=ORIENTED_EDGE('',*,*,#1421,.T.);
#1905=ORIENTED_EDGE('',*,*,#1355,.F.);
#1906=ORIENTED_EDGE('',*,*,#1425,.F.);
#1907=ORIENTED_EDGE('',*,*,#1426,.F.);
#1908=ORIENTED_EDGE('',*,*,#1427,.F.);
#1909=ORIENTED_EDGE('',*,*,#1428,.T.);
#1910=ORIENTED_EDGE('',*,*,#1429,.F.);
#1911=ORIENTED_EDGE('',*,*,#1430,.F.);
#1912=ORIENTED_EDGE('',*,*,#1402,.T.);
#1913=ORIENTED_EDGE('',*,*,#1431,.T.);
#1914=ORIENTED_EDGE('',*,*,#1432,.F.);
#1915=ORIENTED_EDGE('',*,*,#1423,.F.);
#1916=ORIENTED_EDGE('',*,*,#1433,.F.);
#1917=ORIENTED_EDGE('',*,*,#1431,.F.);
#1918=ORIENTED_EDGE('',*,*,#1401,.F.);
#1919=ORIENTED_EDGE('',*,*,#1416,.F.);
#1920=ORIENTED_EDGE('',*,*,#1434,.F.);
#1921=ORIENTED_EDGE('',*,*,#1417,.F.);
#1922=ORIENTED_EDGE('',*,*,#1399,.F.);
#1923=ORIENTED_EDGE('',*,*,#1430,.T.);
#1924=ORIENTED_EDGE('',*,*,#1432,.T.);
#1925=ORIENTED_EDGE('',*,*,#1433,.T.);
#1926=ORIENTED_EDGE('',*,*,#1415,.T.);
#1927=ORIENTED_EDGE('',*,*,#1420,.F.);
#1928=ORIENTED_EDGE('',*,*,#1424,.F.);
#1929=ORIENTED_EDGE('',*,*,#1429,.T.);
#1930=ORIENTED_EDGE('',*,*,#1422,.F.);
#1931=ORIENTED_EDGE('',*,*,#1435,.F.);
#1932=ORIENTED_EDGE('',*,*,#1418,.T.);
#1933=ORIENTED_EDGE('',*,*,#1434,.T.);
#1934=ORIENTED_EDGE('',*,*,#1436,.T.);
#1935=ORIENTED_EDGE('',*,*,#1437,.T.);
#1936=ORIENTED_EDGE('',*,*,#1438,.T.);
#1937=ORIENTED_EDGE('',*,*,#1202,.F.);
#1938=ORIENTED_EDGE('',*,*,#1193,.F.);
#1939=ORIENTED_EDGE('',*,*,#1210,.T.);
#1940=ORIENTED_EDGE('',*,*,#1288,.T.);
#1941=ORIENTED_EDGE('',*,*,#1243,.T.);
#1942=ORIENTED_EDGE('',*,*,#1290,.T.);
#1943=ORIENTED_EDGE('',*,*,#1206,.T.);
#1944=ORIENTED_EDGE('',*,*,#1439,.F.);
#1945=ORIENTED_EDGE('',*,*,#1440,.F.);
#1946=ORIENTED_EDGE('',*,*,#1441,.F.);
#1947=ORIENTED_EDGE('',*,*,#1442,.F.);
#1948=ORIENTED_EDGE('',*,*,#1443,.F.);
#1949=ORIENTED_EDGE('',*,*,#1444,.F.);
#1950=ORIENTED_EDGE('',*,*,#1445,.F.);
#1951=ORIENTED_EDGE('',*,*,#1440,.T.);
#1952=ORIENTED_EDGE('',*,*,#1446,.F.);
#1953=ORIENTED_EDGE('',*,*,#1447,.T.);
#1954=ORIENTED_EDGE('',*,*,#1403,.F.);
#1955=ORIENTED_EDGE('',*,*,#1447,.F.);
#1956=ORIENTED_EDGE('',*,*,#1323,.T.);
#1957=ORIENTED_EDGE('',*,*,#1448,.T.);
#1958=ORIENTED_EDGE('',*,*,#1449,.T.);
#1959=ORIENTED_EDGE('',*,*,#1450,.F.);
#1960=ORIENTED_EDGE('',*,*,#1451,.T.);
#1961=ORIENTED_EDGE('',*,*,#1437,.F.);
#1962=ORIENTED_EDGE('',*,*,#1452,.T.);
#1963=ORIENTED_EDGE('',*,*,#1453,.T.);
#1964=ORIENTED_EDGE('',*,*,#1454,.T.);
#1965=ORIENTED_EDGE('',*,*,#1455,.T.);
#1966=ORIENTED_EDGE('',*,*,#1456,.F.);
#1967=ORIENTED_EDGE('',*,*,#1457,.T.);
#1968=ORIENTED_EDGE('',*,*,#1458,.T.);
#1969=ORIENTED_EDGE('',*,*,#1412,.F.);
#1970=ORIENTED_EDGE('',*,*,#1407,.T.);
#1971=ORIENTED_EDGE('',*,*,#1459,.T.);
#1972=ORIENTED_EDGE('',*,*,#1460,.T.);
#1973=ORIENTED_EDGE('',*,*,#1426,.T.);
#1974=ORIENTED_EDGE('',*,*,#1408,.T.);
#1975=ORIENTED_EDGE('',*,*,#1404,.F.);
#1976=ORIENTED_EDGE('',*,*,#1461,.T.);
#1977=ORIENTED_EDGE('',*,*,#1462,.F.);
#1978=ORIENTED_EDGE('',*,*,#1461,.F.);
#1979=ORIENTED_EDGE('',*,*,#1458,.F.);
#1980=ORIENTED_EDGE('',*,*,#1463,.F.);
#1981=ORIENTED_EDGE('',*,*,#1372,.F.);
#1982=ORIENTED_EDGE('',*,*,#1411,.F.);
#1983=ORIENTED_EDGE('',*,*,#1444,.T.);
#1984=ORIENTED_EDGE('',*,*,#1464,.T.);
#1985=ORIENTED_EDGE('',*,*,#1435,.T.);
#1986=ORIENTED_EDGE('',*,*,#1428,.F.);
#1987=ORIENTED_EDGE('',*,*,#1465,.F.);
#1988=ORIENTED_EDGE('',*,*,#1466,.F.);
#1989=ORIENTED_EDGE('',*,*,#1462,.T.);
#1990=ORIENTED_EDGE('',*,*,#1321,.T.);
#1991=ORIENTED_EDGE('',*,*,#1467,.F.);
#1992=ORIENTED_EDGE('',*,*,#1468,.F.);
#1993=ORIENTED_EDGE('',*,*,#1442,.T.);
#1994=ORIENTED_EDGE('',*,*,#1469,.F.);
#1995=ORIENTED_EDGE('',*,*,#1449,.F.);
#1996=ORIENTED_EDGE('',*,*,#1470,.F.);
#1997=ORIENTED_EDGE('',*,*,#1322,.T.);
#1998=ORIENTED_EDGE('',*,*,#1470,.T.);
#1999=ORIENTED_EDGE('',*,*,#1448,.F.);
#2000=ORIENTED_EDGE('',*,*,#1471,.T.);
#2001=ORIENTED_EDGE('',*,*,#1472,.T.);
#2002=ORIENTED_EDGE('',*,*,#1473,.F.);
#2003=ORIENTED_EDGE('',*,*,#1474,.F.);
#2004=ORIENTED_EDGE('',*,*,#1475,.F.);
#2005=ORIENTED_EDGE('',*,*,#1347,.F.);
#2006=ORIENTED_EDGE('',*,*,#1476,.F.);
#2007=ORIENTED_EDGE('',*,*,#1477,.F.);
#2008=ORIENTED_EDGE('',*,*,#1478,.F.);
#2009=ORIENTED_EDGE('',*,*,#1345,.T.);
#2010=ORIENTED_EDGE('',*,*,#1479,.F.);
#2011=ORIENTED_EDGE('',*,*,#1480,.F.);
#2012=ORIENTED_EDGE('',*,*,#1481,.T.);
#2013=ORIENTED_EDGE('',*,*,#1476,.T.);
#2014=ORIENTED_EDGE('',*,*,#1482,.T.);
#2015=ORIENTED_EDGE('',*,*,#1328,.F.);
#2016=ORIENTED_EDGE('',*,*,#1483,.F.);
#2017=ORIENTED_EDGE('',*,*,#1480,.T.);
#2018=ORIENTED_EDGE('',*,*,#1484,.T.);
#2019=ORIENTED_EDGE('',*,*,#1329,.F.);
#2020=ORIENTED_EDGE('',*,*,#1482,.F.);
#2021=ORIENTED_EDGE('',*,*,#1337,.T.);
#2022=ORIENTED_EDGE('',*,*,#1330,.F.);
#2023=ORIENTED_EDGE('',*,*,#1484,.F.);
#2024=ORIENTED_EDGE('',*,*,#1479,.T.);
#2025=ORIENTED_EDGE('',*,*,#1344,.T.);
#2026=ORIENTED_EDGE('',*,*,#1340,.T.);
#2027=ORIENTED_EDGE('',*,*,#1471,.F.);
#2028=ORIENTED_EDGE('',*,*,#1346,.F.);
#2029=ORIENTED_EDGE('',*,*,#1478,.T.);
#2030=ORIENTED_EDGE('',*,*,#1485,.T.);
#2031=ORIENTED_EDGE('',*,*,#1326,.F.);
#2032=ORIENTED_EDGE('',*,*,#1486,.F.);
#2033=ORIENTED_EDGE('',*,*,#1477,.T.);
#2034=ORIENTED_EDGE('',*,*,#1483,.T.);
#2035=ORIENTED_EDGE('',*,*,#1327,.F.);
#2036=ORIENTED_EDGE('',*,*,#1485,.F.);
#2037=ORIENTED_EDGE('',*,*,#1481,.F.);
#2038=ORIENTED_EDGE('',*,*,#1487,.T.);
#2039=ORIENTED_EDGE('',*,*,#1488,.T.);
#2040=ORIENTED_EDGE('',*,*,#1487,.F.);
#2041=ORIENTED_EDGE('',*,*,#1489,.F.);
#2042=ORIENTED_EDGE('',*,*,#1488,.F.);
#2043=ORIENTED_EDGE('',*,*,#1335,.F.);
#2044=ORIENTED_EDGE('',*,*,#1490,.T.);
#2045=ORIENTED_EDGE('',*,*,#1489,.T.);
#2046=ORIENTED_EDGE('',*,*,#1490,.F.);
#2047=ORIENTED_EDGE('',*,*,#1455,.F.);
#2048=ORIENTED_EDGE('',*,*,#1491,.T.);
#2049=ORIENTED_EDGE('',*,*,#1324,.T.);
#2050=ORIENTED_EDGE('',*,*,#1454,.F.);
#2051=ORIENTED_EDGE('',*,*,#1492,.F.);
#2052=ORIENTED_EDGE('',*,*,#1472,.F.);
#2053=ORIENTED_EDGE('',*,*,#1486,.T.);
#2054=ORIENTED_EDGE('',*,*,#1325,.T.);
#2055=ORIENTED_EDGE('',*,*,#1491,.F.);
#2056=ORIENTED_EDGE('',*,*,#1493,.T.);
#2057=ORIENTED_EDGE('',*,*,#1349,.T.);
#2058=ORIENTED_EDGE('',*,*,#1377,.T.);
#2059=ORIENTED_EDGE('',*,*,#1357,.T.);
#2060=ORIENTED_EDGE('',*,*,#1413,.F.);
#2061=ORIENTED_EDGE('',*,*,#1464,.F.);
#2062=ORIENTED_EDGE('',*,*,#1443,.T.);
#2063=ORIENTED_EDGE('',*,*,#1439,.T.);
#2064=ORIENTED_EDGE('',*,*,#1468,.T.);
#2065=ORIENTED_EDGE('',*,*,#1494,.T.);
#2066=ORIENTED_EDGE('',*,*,#1495,.F.);
#2067=ORIENTED_EDGE('',*,*,#1350,.F.);
#2068=ORIENTED_EDGE('',*,*,#1493,.F.);
#2069=ORIENTED_EDGE('',*,*,#1496,.T.);
#2070=ORIENTED_EDGE('',*,*,#1497,.T.);
#2071=ORIENTED_EDGE('',*,*,#1498,.F.);
#2072=ORIENTED_EDGE('',*,*,#1497,.F.);
#2073=ORIENTED_EDGE('',*,*,#1499,.F.);
#2074=ORIENTED_EDGE('',*,*,#1500,.F.);
#2075=ORIENTED_EDGE('',*,*,#1501,.F.);
#2076=ORIENTED_EDGE('',*,*,#1379,.F.);
#2077=ORIENTED_EDGE('',*,*,#1501,.T.);
#2078=ORIENTED_EDGE('',*,*,#1502,.T.);
#2079=ORIENTED_EDGE('',*,*,#1473,.T.);
#2080=ORIENTED_EDGE('',*,*,#1492,.T.);
#2081=ORIENTED_EDGE('',*,*,#1453,.F.);
#2082=ORIENTED_EDGE('',*,*,#1503,.F.);
#2083=ORIENTED_EDGE('',*,*,#1359,.F.);
#2084=ORIENTED_EDGE('',*,*,#1380,.F.);
#2085=ORIENTED_EDGE('',*,*,#1503,.T.);
#2086=ORIENTED_EDGE('',*,*,#1452,.F.);
#2087=ORIENTED_EDGE('',*,*,#1436,.F.);
#2088=ORIENTED_EDGE('',*,*,#1205,.F.);
#2089=ORIENTED_EDGE('',*,*,#1360,.F.);
#2090=ORIENTED_EDGE('',*,*,#1438,.F.);
#2091=ORIENTED_EDGE('',*,*,#1451,.F.);
#2092=ORIENTED_EDGE('',*,*,#1504,.F.);
#2093=ORIENTED_EDGE('',*,*,#1353,.F.);
#2094=ORIENTED_EDGE('',*,*,#1203,.F.);
#2095=ORIENTED_EDGE('',*,*,#1463,.T.);
#2096=ORIENTED_EDGE('',*,*,#1457,.F.);
#2097=ORIENTED_EDGE('',*,*,#1505,.F.);
#2098=ORIENTED_EDGE('',*,*,#1506,.T.);
#2099=ORIENTED_EDGE('',*,*,#1373,.F.);
#2100=ORIENTED_EDGE('',*,*,#1248,.F.);
#2101=ORIENTED_EDGE('',*,*,#1332,.T.);
#2102=ORIENTED_EDGE('',*,*,#1336,.T.);
#2103=ORIENTED_EDGE('',*,*,#1333,.T.);
#2104=ORIENTED_EDGE('',*,*,#1246,.F.);
#2105=ORIENTED_EDGE('',*,*,#1507,.F.);
#2106=ORIENTED_EDGE('',*,*,#1339,.T.);
#2107=ORIENTED_EDGE('',*,*,#1343,.T.);
#2108=ORIENTED_EDGE('',*,*,#1508,.F.);
#2109=ORIENTED_EDGE('',*,*,#1361,.F.);
#2110=ORIENTED_EDGE('',*,*,#1291,.F.);
#2111=ORIENTED_EDGE('',*,*,#1241,.F.);
#2112=ORIENTED_EDGE('',*,*,#1342,.T.);
#2113=ORIENTED_EDGE('',*,*,#1317,.T.);
#2114=ORIENTED_EDGE('',*,*,#1293,.T.);
#2115=ORIENTED_EDGE('',*,*,#1299,.T.);
#2116=ORIENTED_EDGE('',*,*,#1509,.T.);
#2117=ORIENTED_EDGE('',*,*,#1307,.F.);
#2118=ORIENTED_EDGE('',*,*,#1362,.F.);
#2119=ORIENTED_EDGE('',*,*,#1508,.T.);
#2120=ORIENTED_EDGE('',*,*,#1334,.T.);
#2121=ORIENTED_EDGE('',*,*,#1507,.T.);
#2122=ORIENTED_EDGE('',*,*,#1245,.T.);
#2123=ORIENTED_EDGE('',*,*,#1222,.T.);
#2124=ORIENTED_EDGE('',*,*,#1218,.T.);
#2125=ORIENTED_EDGE('',*,*,#1304,.F.);
#2126=ORIENTED_EDGE('',*,*,#1316,.T.);
#2127=ORIENTED_EDGE('',*,*,#1348,.T.);
#2128=ORIENTED_EDGE('',*,*,#1475,.T.);
#2129=ORIENTED_EDGE('',*,*,#1510,.T.);
#2130=ORIENTED_EDGE('',*,*,#1499,.T.);
#2131=ORIENTED_EDGE('',*,*,#1496,.F.);
#2132=ORIENTED_EDGE('',*,*,#1494,.F.);
#2133=ORIENTED_EDGE('',*,*,#1467,.T.);
#2134=ORIENTED_EDGE('',*,*,#1320,.T.);
#2135=ORIENTED_EDGE('',*,*,#1474,.T.);
#2136=ORIENTED_EDGE('',*,*,#1502,.F.);
#2137=ORIENTED_EDGE('',*,*,#1500,.T.);
#2138=ORIENTED_EDGE('',*,*,#1510,.F.);
#2139=ORIENTED_EDGE('',*,*,#1506,.F.);
#2140=ORIENTED_EDGE('',*,*,#1511,.F.);
#2141=ORIENTED_EDGE('',*,*,#1445,.T.);
#2142=ORIENTED_EDGE('',*,*,#1466,.T.);
#2143=ORIENTED_EDGE('',*,*,#1512,.F.);
#2144=ORIENTED_EDGE('',*,*,#1459,.F.);
#2145=ORIENTED_EDGE('',*,*,#1406,.F.);
#2146=ORIENTED_EDGE('',*,*,#1374,.F.);
#2147=ORIENTED_EDGE('',*,*,#1512,.T.);
#2148=ORIENTED_EDGE('',*,*,#1465,.T.);
#2149=ORIENTED_EDGE('',*,*,#1427,.T.);
#2150=ORIENTED_EDGE('',*,*,#1460,.F.);
#2151=ORIENTED_EDGE('',*,*,#1504,.T.);
#2152=ORIENTED_EDGE('',*,*,#1450,.T.);
#2153=ORIENTED_EDGE('',*,*,#1469,.T.);
#2154=ORIENTED_EDGE('',*,*,#1441,.T.);
#2155=ORIENTED_EDGE('',*,*,#1511,.T.);
#2156=ORIENTED_EDGE('',*,*,#1505,.T.);
#2157=ORIENTED_EDGE('',*,*,#1456,.T.);
#2158=ORIENTED_EDGE('',*,*,#1425,.T.);
#2159=ORIENTED_EDGE('',*,*,#1354,.F.);
#2160=ORIENTED_EDGE('',*,*,#1446,.T.);
#2161=ORIENTED_EDGE('',*,*,#1495,.T.);
#2162=ORIENTED_EDGE('',*,*,#1498,.T.);
#2163=ORIENTED_EDGE('',*,*,#1378,.F.);
#2164=ORIENTED_EDGE('',*,*,#1351,.T.);
#2165=ORIENTED_EDGE('',*,*,#1513,.T.);
#2166=ORIENTED_EDGE('',*,*,#1237,.F.);
#2167=ORIENTED_EDGE('',*,*,#1286,.T.);
#2168=ORIENTED_EDGE('',*,*,#1367,.F.);
#2169=ORIENTED_EDGE('',*,*,#1239,.F.);
#2170=ORIENTED_EDGE('',*,*,#1514,.T.);
#2171=ORIENTED_EDGE('',*,*,#1364,.F.);
#2172=ORIENTED_EDGE('',*,*,#1515,.F.);
#2173=ORIENTED_EDGE('',*,*,#1365,.F.);
#2174=ORIENTED_EDGE('',*,*,#1514,.F.);
#2175=ORIENTED_EDGE('',*,*,#1516,.T.);
#2176=ORIENTED_EDGE('',*,*,#1311,.T.);
#2177=ORIENTED_EDGE('',*,*,#1517,.T.);
#2178=ORIENTED_EDGE('',*,*,#1518,.T.);
#2179=ORIENTED_EDGE('',*,*,#1519,.T.);
#2180=ORIENTED_EDGE('',*,*,#1260,.T.);
#2181=ORIENTED_EDGE('',*,*,#1249,.T.);
#2182=ORIENTED_EDGE('',*,*,#1257,.T.);
#2183=ORIENTED_EDGE('',*,*,#1238,.F.);
#2184=ORIENTED_EDGE('',*,*,#1513,.F.);
#2185=ORIENTED_EDGE('',*,*,#1366,.F.);
#2186=ORIENTED_EDGE('',*,*,#1515,.T.);
#2187=ORIENTED_EDGE('',*,*,#1368,.F.);
#2188=ORIENTED_EDGE('',*,*,#1519,.F.);
#2189=ORIENTED_EDGE('',*,*,#1520,.T.);
#2190=ORIENTED_EDGE('',*,*,#1521,.F.);
#2191=ORIENTED_EDGE('',*,*,#1520,.F.);
#2192=ORIENTED_EDGE('',*,*,#1272,.T.);
#2193=ORIENTED_EDGE('',*,*,#1276,.F.);
#2194=ORIENTED_EDGE('',*,*,#1278,.T.);
#2195=ORIENTED_EDGE('',*,*,#1309,.T.);
#2196=ORIENTED_EDGE('',*,*,#1521,.T.);
#2197=ORIENTED_EDGE('',*,*,#1522,.F.);
#2198=ORIENTED_EDGE('',*,*,#1523,.F.);
#2199=ORIENTED_EDGE('',*,*,#1518,.F.);
#2200=ORIENTED_EDGE('',*,*,#1524,.F.);
#2201=ORIENTED_EDGE('',*,*,#1525,.F.);
#2202=ORIENTED_EDGE('',*,*,#1524,.T.);
#2203=ORIENTED_EDGE('',*,*,#1517,.F.);
#2204=ORIENTED_EDGE('',*,*,#1310,.F.);
#2205=ORIENTED_EDGE('',*,*,#1282,.F.);
#2206=ORIENTED_EDGE('',*,*,#1526,.F.);
#2207=ORIENTED_EDGE('',*,*,#1312,.F.);
#2208=ORIENTED_EDGE('',*,*,#1516,.F.);
#2209=ORIENTED_EDGE('',*,*,#1523,.T.);
#2210=ORIENTED_EDGE('',*,*,#1526,.T.);
#2211=ORIENTED_EDGE('',*,*,#1522,.T.);
#2212=ORIENTED_EDGE('',*,*,#1525,.T.);
#2213=ORIENTED_EDGE('',*,*,#1281,.F.);
#2214=ORIENTED_EDGE('',*,*,#1283,.F.);
#2215=ORIENTED_EDGE('',*,*,#1363,.F.);
#2216=ORIENTED_EDGE('',*,*,#1313,.T.);
#2217=ORIENTED_EDGE('',*,*,#1308,.F.);
#2218=ORIENTED_EDGE('',*,*,#1509,.F.);
#2219=ORIENTED_EDGE('',*,*,#1298,.T.);
#2220=ORIENTED_EDGE('',*,*,#1302,.T.);
#2221=PLANE('',#2457);
#2222=PLANE('',#2459);
#2223=PLANE('',#2461);
#2224=PLANE('',#2464);
#2225=PLANE('',#2469);
#2226=PLANE('',#2470);
#2227=PLANE('',#2471);
#2228=PLANE('',#2478);
#2229=PLANE('',#2479);
#2230=PLANE('',#2480);
#2231=PLANE('',#2481);
#2232=PLANE('',#2482);
#2233=PLANE('',#2483);
#2234=PLANE('',#2485);
#2235=PLANE('',#2486);
#2236=PLANE('',#2488);
#2237=PLANE('',#2491);
#2238=PLANE('',#2493);
#2239=PLANE('',#2494);
#2240=PLANE('',#2497);
#2241=PLANE('',#2500);
#2242=PLANE('',#2510);
#2243=PLANE('',#2512);
#2244=PLANE('',#2513);
#2245=PLANE('',#2514);
#2246=PLANE('',#2515);
#2247=PLANE('',#2516);
#2248=PLANE('',#2522);
#2249=PLANE('',#2523);
#2250=PLANE('',#2524);
#2251=PLANE('',#2525);
#2252=PLANE('',#2526);
#2253=PLANE('',#2527);
#2254=PLANE('',#2531);
#2255=PLANE('',#2532);
#2256=PLANE('',#2533);
#2257=PLANE('',#2534);
#2258=PLANE('',#2535);
#2259=PLANE('',#2540);
#2260=PLANE('',#2542);
#2261=PLANE('',#2552);
#2262=PLANE('',#2556);
#2263=PLANE('',#2560);
#2264=PLANE('',#2562);
#2265=PLANE('',#2564);
#2266=PLANE('',#2568);
#2267=PLANE('',#2569);
#2268=PLANE('',#2570);
#2269=PLANE('',#2571);
#2270=PLANE('',#2573);
#2271=PLANE('',#2581);
#2272=PLANE('',#2582);
#2273=PLANE('',#2583);
#2274=PLANE('',#2584);
#2275=PLANE('',#2585);
#2276=PLANE('',#2589);
#2277=PLANE('',#2590);
#2278=PLANE('',#2593);
#2279=PLANE('',#2594);
#2280=PLANE('',#2595);
#2281=PLANE('',#2596);
#2282=PLANE('',#2597);
#2283=PLANE('',#2598);
#2284=PLANE('',#2602);
#2285=PLANE('',#2603);
#2286=PLANE('',#2604);
#2287=PLANE('',#2607);
#2288=PLANE('',#2610);
#2289=PLANE('',#2611);
#2290=PLANE('',#2612);
#2291=PLANE('',#2613);
#2292=PLANE('',#2620);
#2293=PLANE('',#2621);
#2294=PLANE('',#2622);
#2295=PLANE('',#2623);
#2296=PLANE('',#2624);
#2297=PLANE('',#2625);
#2298=PLANE('',#2626);
#2299=PLANE('',#2627);
#2300=PLANE('',#2628);
#2301=PLANE('',#2629);
#2302=PLANE('',#2630);
#2303=PLANE('',#2631);
#2304=PLANE('',#2632);
#2305=PLANE('',#2633);
#2306=PLANE('',#2634);
#2307=PLANE('',#2635);
#2308=PLANE('',#2638);
#2309=PLANE('',#2643);
#2310=PLANE('',#2644);
#2311=PLANE('',#2645);
#2312=PLANE('',#2648);
#2313=PLANE('',#2655);
#2314=PLANE('',#2656);
#2315=ADVANCED_FACE('',(#106),#2221,.F.);
#2316=ADVANCED_FACE('',(#107),#2222,.T.);
#2317=ADVANCED_FACE('',(#108),#2223,.F.);
#2318=ADVANCED_FACE('',(#109),#104,.T.);
#2319=ADVANCED_FACE('',(#110),#2224,.T.);
#2320=ADVANCED_FACE('',(#111),#105,.T.);
#2321=ADVANCED_FACE('',(#112),#2225,.F.);
#2322=ADVANCED_FACE('',(#113),#2226,.F.);
#2323=ADVANCED_FACE('',(#114),#2227,.T.);
#2324=ADVANCED_FACE('',(#115),#77,.F.);
#2325=ADVANCED_FACE('',(#116),#78,.F.);
#2326=ADVANCED_FACE('',(#117,#21),#2228,.F.);
#2327=ADVANCED_FACE('',(#118,#22,#23),#2229,.T.);
#2328=ADVANCED_FACE('',(#119,#24),#2230,.F.);
#2329=ADVANCED_FACE('',(#120),#2231,.F.);
#2330=ADVANCED_FACE('',(#121),#2232,.F.);
#2331=ADVANCED_FACE('',(#122,#25),#2233,.F.);
#2332=ADVANCED_FACE('',(#123),#2234,.F.);
#2333=ADVANCED_FACE('',(#124,#26),#2235,.T.);
#2334=ADVANCED_FACE('',(#125),#2236,.F.);
#2335=ADVANCED_FACE('',(#126),#79,.F.);
#2336=ADVANCED_FACE('',(#127,#27),#2237,.F.);
#2337=ADVANCED_FACE('',(#128),#2238,.T.);
#2338=ADVANCED_FACE('',(#129),#2239,.F.);
#2339=ADVANCED_FACE('',(#130),#80,.F.);
#2340=ADVANCED_FACE('',(#131),#2240,.T.);
#2341=ADVANCED_FACE('',(#132),#2241,.T.);
#2342=ADVANCED_FACE('',(#133),#81,.T.);
#2343=ADVANCED_FACE('',(#134),#82,.F.);
#2344=ADVANCED_FACE('',(#135),#83,.T.);
#2345=ADVANCED_FACE('',(#136),#2242,.T.);
#2346=ADVANCED_FACE('',(#137),#2243,.T.);
#2347=ADVANCED_FACE('',(#138),#2244,.F.);
#2348=ADVANCED_FACE('',(#139),#2245,.T.);
#2349=ADVANCED_FACE('',(#140),#2246,.T.);
#2350=ADVANCED_FACE('',(#141),#2247,.F.);
#2351=ADVANCED_FACE('',(#142),#84,.T.);
#2352=ADVANCED_FACE('',(#143),#2248,.F.);
#2353=ADVANCED_FACE('',(#144),#2249,.F.);
#2354=ADVANCED_FACE('',(#145),#2250,.T.);
#2355=ADVANCED_FACE('',(#146),#2251,.T.);
#2356=ADVANCED_FACE('',(#147),#2252,.F.);
#2357=ADVANCED_FACE('',(#148,#28),#2253,.T.);
#2358=ADVANCED_FACE('',(#149),#2254,.T.);
#2359=ADVANCED_FACE('',(#150),#2255,.T.);
#2360=ADVANCED_FACE('',(#151),#2256,.T.);
#2361=ADVANCED_FACE('',(#152),#2257,.T.);
#2362=ADVANCED_FACE('',(#153,#29,#30),#2258,.T.);
#2363=ADVANCED_FACE('',(#154),#2259,.F.);
#2364=ADVANCED_FACE('',(#155),#2260,.T.);
#2365=ADVANCED_FACE('',(#156),#85,.T.);
#2366=ADVANCED_FACE('',(#157),#86,.F.);
#2367=ADVANCED_FACE('',(#158),#87,.T.);
#2368=ADVANCED_FACE('',(#159,#31),#2261,.T.);
#2369=ADVANCED_FACE('',(#160),#88,.F.);
#2370=ADVANCED_FACE('',(#161,#32),#2262,.F.);
#2371=ADVANCED_FACE('',(#162),#2263,.F.);
#2372=ADVANCED_FACE('',(#163),#2264,.F.);
#2373=ADVANCED_FACE('',(#164),#2265,.F.);
#2374=ADVANCED_FACE('',(#165),#89,.F.);
#2375=ADVANCED_FACE('',(#166),#2266,.T.);
#2376=ADVANCED_FACE('',(#167),#2267,.T.);
#2377=ADVANCED_FACE('',(#168),#2268,.T.);
#2378=ADVANCED_FACE('',(#169),#2269,.T.);
#2379=ADVANCED_FACE('',(#170),#2270,.T.);
#2380=ADVANCED_FACE('',(#171),#90,.F.);
#2381=ADVANCED_FACE('',(#172),#91,.T.);
#2382=ADVANCED_FACE('',(#173),#92,.T.);
#2383=ADVANCED_FACE('',(#174),#2271,.T.);
#2384=ADVANCED_FACE('',(#175),#2272,.T.);
#2385=ADVANCED_FACE('',(#176),#2273,.F.);
#2386=ADVANCED_FACE('',(#177),#2274,.F.);
#2387=ADVANCED_FACE('',(#178),#2275,.F.);
#2388=ADVANCED_FACE('',(#179),#20,.T.);
#2389=ADVANCED_FACE('',(#180),#2276,.F.);
#2390=ADVANCED_FACE('',(#181,#33),#2277,.F.);
#2391=ADVANCED_FACE('',(#182),#93,.F.);
#2392=ADVANCED_FACE('',(#183),#2278,.F.);
#2393=ADVANCED_FACE('',(#184,#34),#2279,.F.);
#2394=ADVANCED_FACE('',(#185),#2280,.F.);
#2395=ADVANCED_FACE('',(#186),#2281,.T.);
#2396=ADVANCED_FACE('',(#187),#2282,.T.);
#2397=ADVANCED_FACE('',(#188,#35),#2283,.F.);
#2398=ADVANCED_FACE('',(#189),#2284,.T.);
#2399=ADVANCED_FACE('',(#190),#18,.T.);
#2400=ADVANCED_FACE('',(#191),#2285,.T.);
#2401=ADVANCED_FACE('',(#192),#2286,.T.);
#2402=ADVANCED_FACE('',(#193),#19,.T.);
#2403=ADVANCED_FACE('',(#194),#94,.F.);
#2404=ADVANCED_FACE('',(#195,#36),#2287,.T.);
#2405=ADVANCED_FACE('',(#196),#95,.F.);
#2406=ADVANCED_FACE('',(#197),#2288,.T.);
#2407=ADVANCED_FACE('',(#198),#2289,.T.);
#2408=ADVANCED_FACE('',(#199),#2290,.F.);
#2409=ADVANCED_FACE('',(#200),#2291,.F.);
#2410=ADVANCED_FACE('',(#201),#96,.T.);
#2411=ADVANCED_FACE('',(#202),#2292,.T.);
#2412=ADVANCED_FACE('',(#203),#2293,.F.);
#2413=ADVANCED_FACE('',(#204),#2294,.T.);
#2414=ADVANCED_FACE('',(#205),#2295,.T.);
#2415=ADVANCED_FACE('',(#206),#2296,.T.);
#2416=ADVANCED_FACE('',(#207),#2297,.F.);
#2417=ADVANCED_FACE('',(#208),#2298,.F.);
#2418=ADVANCED_FACE('',(#209),#2299,.F.);
#2419=ADVANCED_FACE('',(#210),#2300,.F.);
#2420=ADVANCED_FACE('',(#211),#2301,.T.);
#2421=ADVANCED_FACE('',(#212),#2302,.F.);
#2422=ADVANCED_FACE('',(#213),#2303,.F.);
#2423=ADVANCED_FACE('',(#214),#2304,.F.);
#2424=ADVANCED_FACE('',(#215,#37),#2305,.T.);
#2425=ADVANCED_FACE('',(#216),#2306,.F.);
#2426=ADVANCED_FACE('',(#217),#2307,.F.);
#2427=ADVANCED_FACE('',(#218),#97,.F.);
#2428=ADVANCED_FACE('',(#219,#38),#2308,.T.);
#2429=ADVANCED_FACE('',(#220),#2309,.T.);
#2430=ADVANCED_FACE('',(#221),#2310,.T.);
#2431=ADVANCED_FACE('',(#222),#2311,.F.);
#2432=ADVANCED_FACE('',(#223),#98,.F.);
#2433=ADVANCED_FACE('',(#224,#39),#2312,.F.);
#2434=ADVANCED_FACE('',(#225),#99,.F.);
#2435=ADVANCED_FACE('',(#226),#100,.T.);
#2436=ADVANCED_FACE('',(#227),#101,.T.);
#2437=ADVANCED_FACE('',(#228),#2313,.T.);
#2438=ADVANCED_FACE('',(#229),#2314,.T.);
#2439=CLOSED_SHELL('',(#2315,#2316,#2317,#2318));
#2440=CLOSED_SHELL('',(#2319,#2320,#2321,#2322));
#2441=CLOSED_SHELL('',(#2323,#2324,#2325,#2326,#2327,#2328,#2329,#2330,
#2331,#2332,#2333,#2334,#2335,#2336,#2337,#2338,#2339,#2340,#2341,#2342,
#2343,#2344,#2345,#2346,#2347,#2348,#2349,#2350,#2351,#2352,#2353,#2354,
#2355,#2356,#2357,#2358,#2359,#2360,#2361,#2362,#2363,#2364,#2365,#2366,
#2367,#2368,#2369,#2370,#2371,#2372,#2373,#2374,#2375,#2376,#2377,#2378,
#2379,#2380,#2381,#2382,#2383,#2384,#2385,#2386,#2387,#2388,#2389,#2390,
#2391,#2392,#2393,#2394,#2395,#2396,#2397,#2398,#2399,#2400,#2401,#2402,
#2403,#2404,#2405,#2406,#2407,#2408,#2409,#2410,#2411,#2412,#2413,#2414,
#2415,#2416,#2417,#2418,#2419,#2420,#2421,#2422,#2423,#2424,#2425,#2426,
#2427,#2428,#2429,#2430,#2431,#2432,#2433,#2434,#2435,#2436,#2437,#2438));
#2442=BREP_WITH_VOIDS('BatterySlot',#2441,(#102,#103));
#2443=DERIVED_UNIT_ELEMENT(#2445,1.);
#2444=DERIVED_UNIT_ELEMENT(#4052,-3.);
#2445=(
MASS_UNIT()
NAMED_UNIT(*)
SI_UNIT(.KILO.,.GRAM.)
);
#2446=DERIVED_UNIT((#2443,#2444));
#2447=MEASURE_REPRESENTATION_ITEM('density measure',
POSITIVE_RATIO_MEASURE(7850.),#2446);
#2448=PROPERTY_DEFINITION_REPRESENTATION(#2453,#2450);
#2449=PROPERTY_DEFINITION_REPRESENTATION(#2454,#2451);
#2450=REPRESENTATION('material name',(#2452),#4049);
#2451=REPRESENTATION('density',(#2447),#4049);
#2452=DESCRIPTIVE_REPRESENTATION_ITEM('Steel','Steel');
#2453=PROPERTY_DEFINITION('material property','material name',#4064);
#2454=PROPERTY_DEFINITION('material property','density of part',#4064);
#2455=AXIS2_PLACEMENT_3D('',#3333,#2658,#2659);
#2456=AXIS2_PLACEMENT_3D('',#3334,#2660,#2661);
#2457=AXIS2_PLACEMENT_3D('',#3335,#2662,#2663);
#2458=AXIS2_PLACEMENT_3D('',#3338,#2664,#2665);
#2459=AXIS2_PLACEMENT_3D('',#3342,#2668,#2669);
#2460=AXIS2_PLACEMENT_3D('',#3344,#2670,#2671);
#2461=AXIS2_PLACEMENT_3D('',#3346,#2673,#2674);
#2462=AXIS2_PLACEMENT_3D('',#3347,#2675,#2676);
#2463=AXIS2_PLACEMENT_3D('',#3348,#2677,#2678);
#2464=AXIS2_PLACEMENT_3D('',#3349,#2679,#2680);
#2465=AXIS2_PLACEMENT_3D('',#3354,#2682,#2683);
#2466=AXIS2_PLACEMENT_3D('',#3356,#2685,#2686);
#2467=AXIS2_PLACEMENT_3D('',#3358,#2687,#2688);
#2468=AXIS2_PLACEMENT_3D('',#3359,#2689,#2690);
#2469=AXIS2_PLACEMENT_3D('',#3360,#2691,#2692);
#2470=AXIS2_PLACEMENT_3D('',#3362,#2694,#2695);
#2471=AXIS2_PLACEMENT_3D('',#3363,#2696,#2697);
#2472=AXIS2_PLACEMENT_3D('',#3372,#2702,#2703);
#2473=AXIS2_PLACEMENT_3D('',#3374,#2704,#2705);
#2474=AXIS2_PLACEMENT_3D('',#3377,#2707,#2708);
#2475=AXIS2_PLACEMENT_3D('',#3378,#2709,#2710);
#2476=AXIS2_PLACEMENT_3D('',#3380,#2711,#2712);
#2477=AXIS2_PLACEMENT_3D('',#3383,#2714,#2715);
#2478=AXIS2_PLACEMENT_3D('',#3384,#2716,#2717);
#2479=AXIS2_PLACEMENT_3D('',#3390,#2721,#2722);
#2480=AXIS2_PLACEMENT_3D('',#3399,#2727,#2728);
#2481=AXIS2_PLACEMENT_3D('',#3405,#2732,#2733);
#2482=AXIS2_PLACEMENT_3D('',#3416,#2739,#2740);
#2483=AXIS2_PLACEMENT_3D('',#3422,#2744,#2745);
#2484=AXIS2_PLACEMENT_3D('',#3437,#2753,#2754);
#2485=AXIS2_PLACEMENT_3D('',#3438,#2755,#2756);
#2486=AXIS2_PLACEMENT_3D('',#3448,#2762,#2763);
#2487=AXIS2_PLACEMENT_3D('',#3461,#2770,#2771);
#2488=AXIS2_PLACEMENT_3D('',#3462,#2772,#2773);
#2489=AXIS2_PLACEMENT_3D('',#3480,#2783,#2784);
#2490=AXIS2_PLACEMENT_3D('',#3482,#2785,#2786);
#2491=AXIS2_PLACEMENT_3D('',#3484,#2788,#2789);
#2492=AXIS2_PLACEMENT_3D('',#3492,#2794,#2795);
#2493=AXIS2_PLACEMENT_3D('',#3493,#2796,#2797);
#2494=AXIS2_PLACEMENT_3D('',#3499,#2801,#2802);
#2495=AXIS2_PLACEMENT_3D('',#3501,#2804,#2805);
#2496=AXIS2_PLACEMENT_3D('',#3503,#2806,#2807);
#2497=AXIS2_PLACEMENT_3D('',#3505,#2809,#2810);
#2498=AXIS2_PLACEMENT_3D('',#3508,#2811,#2812);
#2499=AXIS2_PLACEMENT_3D('',#3512,#2815,#2816);
#2500=AXIS2_PLACEMENT_3D('',#3513,#2817,#2818);
#2501=AXIS2_PLACEMENT_3D('',#3516,#2819,#2820);
#2502=AXIS2_PLACEMENT_3D('',#3518,#2821,#2822);
#2503=AXIS2_PLACEMENT_3D('',#3524,#2826,#2827);
#2504=AXIS2_PLACEMENT_3D('',#3528,#2829,#2830);
#2505=AXIS2_PLACEMENT_3D('',#3530,#2832,#2833);
#2506=AXIS2_PLACEMENT_3D('',#3531,#2834,#2835);
#2507=AXIS2_PLACEMENT_3D('',#3534,#2837,#2838);
#2508=AXIS2_PLACEMENT_3D('',#3535,#2839,#2840);
#2509=AXIS2_PLACEMENT_3D('',#3538,#2842,#2843);
#2510=AXIS2_PLACEMENT_3D('',#3539,#2844,#2845);
#2511=AXIS2_PLACEMENT_3D('',#3546,#2849,#2850);
#2512=AXIS2_PLACEMENT_3D('',#3547,#2851,#2852);
#2513=AXIS2_PLACEMENT_3D('',#3549,#2854,#2855);
#2514=AXIS2_PLACEMENT_3D('',#3555,#2859,#2860);
#2515=AXIS2_PLACEMENT_3D('',#3557,#2862,#2863);
#2516=AXIS2_PLACEMENT_3D('',#3560,#2866,#2867);
#2517=AXIS2_PLACEMENT_3D('',#3565,#2871,#2872);
#2518=AXIS2_PLACEMENT_3D('',#3568,#2873,#2874);
#2519=AXIS2_PLACEMENT_3D('',#3570,#2875,#2876);
#2520=AXIS2_PLACEMENT_3D('',#3572,#2877,#2878);
#2521=AXIS2_PLACEMENT_3D('',#3573,#2879,#2880);
#2522=AXIS2_PLACEMENT_3D('',#3574,#2881,#2882);
#2523=AXIS2_PLACEMENT_3D('',#3580,#2886,#2887);
#2524=AXIS2_PLACEMENT_3D('',#3586,#2891,#2892);
#2525=AXIS2_PLACEMENT_3D('',#3597,#2899,#2900);
#2526=AXIS2_PLACEMENT_3D('',#3606,#2906,#2907);
#2527=AXIS2_PLACEMENT_3D('',#3616,#2913,#2914);
#2528=AXIS2_PLACEMENT_3D('',#3634,#2923,#2924);
#2529=AXIS2_PLACEMENT_3D('',#3638,#2926,#2927);
#2530=AXIS2_PLACEMENT_3D('',#3648,#2933,#2934);
#2531=AXIS2_PLACEMENT_3D('',#3649,#2935,#2936);
#2532=AXIS2_PLACEMENT_3D('',#3656,#2941,#2942);
#2533=AXIS2_PLACEMENT_3D('',#3663,#2947,#2948);
#2534=AXIS2_PLACEMENT_3D('',#3673,#2954,#2955);
#2535=AXIS2_PLACEMENT_3D('',#3682,#2960,#2961);
#2536=AXIS2_PLACEMENT_3D('',#3704,#2973,#2974);
#2537=AXIS2_PLACEMENT_3D('',#3706,#2975,#2976);
#2538=AXIS2_PLACEMENT_3D('',#3713,#2980,#2981);
#2539=AXIS2_PLACEMENT_3D('',#3715,#2982,#2983);
#2540=AXIS2_PLACEMENT_3D('',#3727,#2990,#2991);
#2541=AXIS2_PLACEMENT_3D('',#3732,#2994,#2995);
#2542=AXIS2_PLACEMENT_3D('',#3734,#2997,#2998);
#2543=AXIS2_PLACEMENT_3D('',#3737,#2999,#3000);
#2544=AXIS2_PLACEMENT_3D('',#3746,#3005,#3006);
#2545=AXIS2_PLACEMENT_3D('',#3747,#3007,#3008);
#2546=AXIS2_PLACEMENT_3D('',#3748,#3009,#3010);
#2547=AXIS2_PLACEMENT_3D('',#3753,#3013,#3014);
#2548=AXIS2_PLACEMENT_3D('',#3754,#3015,#3016);
#2549=AXIS2_PLACEMENT_3D('',#3757,#3018,#3019);
#2550=AXIS2_PLACEMENT_3D('',#3758,#3020,#3021);
#2551=AXIS2_PLACEMENT_3D('',#3761,#3023,#3024);
#2552=AXIS2_PLACEMENT_3D('',#3762,#3025,#3026);
#2553=AXIS2_PLACEMENT_3D('',#3765,#3028,#3029);
#2554=AXIS2_PLACEMENT_3D('',#3766,#3030,#3031);
#2555=AXIS2_PLACEMENT_3D('',#3769,#3033,#3034);
#2556=AXIS2_PLACEMENT_3D('',#3770,#3035,#3036);
#2557=AXIS2_PLACEMENT_3D('',#3773,#3037,#3038);
#2558=AXIS2_PLACEMENT_3D('',#3777,#3040,#3041);
#2559=AXIS2_PLACEMENT_3D('',#3778,#3042,#3043);
#2560=AXIS2_PLACEMENT_3D('',#3779,#3044,#3045);
#2561=AXIS2_PLACEMENT_3D('',#3781,#3046,#3047);
#2562=AXIS2_PLACEMENT_3D('',#3782,#3048,#3049);
#2563=AXIS2_PLACEMENT_3D('',#3784,#3050,#3051);
#2564=AXIS2_PLACEMENT_3D('',#3785,#3052,#3053);
#2565=AXIS2_PLACEMENT_3D('',#3791,#3057,#3058);
#2566=AXIS2_PLACEMENT_3D('',#3793,#3059,#3060);
#2567=AXIS2_PLACEMENT_3D('',#3795,#3062,#3063);
#2568=AXIS2_PLACEMENT_3D('',#3796,#3064,#3065);
#2569=AXIS2_PLACEMENT_3D('',#3800,#3068,#3069);
#2570=AXIS2_PLACEMENT_3D('',#3811,#3076,#3077);
#2571=AXIS2_PLACEMENT_3D('',#3815,#3080,#3081);
#2572=AXIS2_PLACEMENT_3D('',#3821,#3084,#3085);
#2573=AXIS2_PLACEMENT_3D('',#3823,#3087,#3088);
#2574=AXIS2_PLACEMENT_3D('',#3831,#3093,#3094);
#2575=AXIS2_PLACEMENT_3D('',#3833,#3095,#3096);
#2576=AXIS2_PLACEMENT_3D('',#3837,#3099,#3100);
#2577=AXIS2_PLACEMENT_3D('',#3838,#3101,#3102);
#2578=AXIS2_PLACEMENT_3D('',#3839,#3103,#3104);
#2579=AXIS2_PLACEMENT_3D('',#3840,#3105,#3106);
#2580=AXIS2_PLACEMENT_3D('',#3841,#3107,#3108);
#2581=AXIS2_PLACEMENT_3D('',#3842,#3109,#3110);
#2582=AXIS2_PLACEMENT_3D('',#3843,#3111,#3112);
#2583=AXIS2_PLACEMENT_3D('',#3845,#3114,#3115);
#2584=AXIS2_PLACEMENT_3D('',#3851,#3119,#3120);
#2585=AXIS2_PLACEMENT_3D('',#3860,#3125,#3126);
#2586=AXIS2_PLACEMENT_3D('',#3866,#3130,#3131);
#2587=AXIS2_PLACEMENT_3D('',#3868,#3132,#3133);
#2588=AXIS2_PLACEMENT_3D('',#3869,#3134,#3135);
#2589=AXIS2_PLACEMENT_3D('',#3870,#3136,#3137);
#2590=AXIS2_PLACEMENT_3D('',#3885,#3146,#3147);
#2591=AXIS2_PLACEMENT_3D('',#3894,#3153,#3154);
#2592=AXIS2_PLACEMENT_3D('',#3897,#3156,#3157);
#2593=AXIS2_PLACEMENT_3D('',#3898,#3158,#3159);
#2594=AXIS2_PLACEMENT_3D('',#3900,#3161,#3162);
#2595=AXIS2_PLACEMENT_3D('',#3905,#3166,#3167);
#2596=AXIS2_PLACEMENT_3D('',#3911,#3172,#3173);
#2597=AXIS2_PLACEMENT_3D('',#3912,#3174,#3175);
#2598=AXIS2_PLACEMENT_3D('',#3922,#3181,#3182);
#2599=AXIS2_PLACEMENT_3D('',#3927,#3184,#3185);
#2600=AXIS2_PLACEMENT_3D('',#3931,#3188,#3189);
#2601=AXIS2_PLACEMENT_3D('',#3933,#3190,#3191);
#2602=AXIS2_PLACEMENT_3D('',#3934,#3192,#3193);
#2603=AXIS2_PLACEMENT_3D('',#3944,#3197,#3198);
#2604=AXIS2_PLACEMENT_3D('',#3945,#3199,#3200);
#2605=AXIS2_PLACEMENT_3D('',#3954,#3203,#3204);
#2606=AXIS2_PLACEMENT_3D('',#3957,#3206,#3207);
#2607=AXIS2_PLACEMENT_3D('',#3958,#3208,#3209);
#2608=AXIS2_PLACEMENT_3D('',#3960,#3210,#3211);
#2609=AXIS2_PLACEMENT_3D('',#3961,#3212,#3213);
#2610=AXIS2_PLACEMENT_3D('',#3963,#3215,#3216);
#2611=AXIS2_PLACEMENT_3D('',#3965,#3218,#3219);
#2612=AXIS2_PLACEMENT_3D('',#3967,#3221,#3222);
#2613=AXIS2_PLACEMENT_3D('',#3971,#3225,#3226);
#2614=AXIS2_PLACEMENT_3D('',#3976,#3229,#3230);
#2615=AXIS2_PLACEMENT_3D('',#3977,#3231,#3232);
#2616=AXIS2_PLACEMENT_3D('',#3978,#3233,#3234);
#2617=AXIS2_PLACEMENT_3D('',#3980,#3235,#3236);
#2618=AXIS2_PLACEMENT_3D('',#3982,#3237,#3238);
#2619=AXIS2_PLACEMENT_3D('',#3983,#3239,#3240);
#2620=AXIS2_PLACEMENT_3D('',#3984,#3241,#3242);
#2621=AXIS2_PLACEMENT_3D('',#3987,#3245,#3246);
#2622=AXIS2_PLACEMENT_3D('',#3988,#3247,#3248);
#2623=AXIS2_PLACEMENT_3D('',#3990,#3250,#3251);
#2624=AXIS2_PLACEMENT_3D('',#3994,#3254,#3255);
#2625=AXIS2_PLACEMENT_3D('',#3995,#3256,#3257);
#2626=AXIS2_PLACEMENT_3D('',#3997,#3259,#3260);
#2627=AXIS2_PLACEMENT_3D('',#3999,#3262,#3263);
#2628=AXIS2_PLACEMENT_3D('',#4001,#3265,#3266);
#2629=AXIS2_PLACEMENT_3D('',#4002,#3267,#3268);
#2630=AXIS2_PLACEMENT_3D('',#4004,#3270,#3271);
#2631=AXIS2_PLACEMENT_3D('',#4005,#3272,#3273);
#2632=AXIS2_PLACEMENT_3D('',#4008,#3276,#3277);
#2633=AXIS2_PLACEMENT_3D('',#4009,#3278,#3279);
#2634=AXIS2_PLACEMENT_3D('',#4010,#3280,#3281);
#2635=AXIS2_PLACEMENT_3D('',#4011,#3282,#3283);
#2636=AXIS2_PLACEMENT_3D('',#4013,#3285,#3286);
#2637=AXIS2_PLACEMENT_3D('',#4015,#3288,#3289);
#2638=AXIS2_PLACEMENT_3D('',#4016,#3290,#3291);
#2639=AXIS2_PLACEMENT_3D('',#4018,#3292,#3293);
#2640=AXIS2_PLACEMENT_3D('',#4020,#3294,#3295);
#2641=AXIS2_PLACEMENT_3D('',#4021,#3296,#3297);
#2642=AXIS2_PLACEMENT_3D('',#4023,#3298,#3299);
#2643=AXIS2_PLACEMENT_3D('',#4024,#3300,#3301);
#2644=AXIS2_PLACEMENT_3D('',#4025,#3302,#3303);
#2645=AXIS2_PLACEMENT_3D('',#4026,#3304,#3305);
#2646=AXIS2_PLACEMENT_3D('',#4027,#3306,#3307);
#2647=AXIS2_PLACEMENT_3D('',#4030,#3309,#3310);
#2648=AXIS2_PLACEMENT_3D('',#4031,#3311,#3312);
#2649=AXIS2_PLACEMENT_3D('',#4032,#3313,#3314);
#2650=AXIS2_PLACEMENT_3D('',#4035,#3315,#3316);
#2651=AXIS2_PLACEMENT_3D('',#4038,#3319,#3320);
#2652=AXIS2_PLACEMENT_3D('',#4039,#3321,#3322);
#2653=AXIS2_PLACEMENT_3D('',#4040,#3323,#3324);
#2654=AXIS2_PLACEMENT_3D('',#4041,#3325,#3326);
#2655=AXIS2_PLACEMENT_3D('',#4042,#3327,#3328);
#2656=AXIS2_PLACEMENT_3D('',#4043,#3329,#3330);
#2657=AXIS2_PLACEMENT_3D('',#4044,#3331,#3332);
#2658=DIRECTION('axis',(0.,0.,1.));
#2659=DIRECTION('refdir',(1.,0.,0.));
#2660=DIRECTION('axis',(0.,0.,1.));
#2661=DIRECTION('refdir',(1.,0.,0.));
#2662=DIRECTION('center_axis',(1.,5.19751741551504E-15,2.775557561565E-17));
#2663=DIRECTION('ref_axis',(2.77555756151566E-17,9.49376767915729E-14,-1.));
#2664=DIRECTION('center_axis',(-1.,-5.19751741551504E-15,-2.775557561565E-17));
#2665=DIRECTION('ref_axis',(-5.08120665723172E-15,0.976470245563709,0.215652172557453));
#2666=DIRECTION('',(-1.10254734722733E-15,0.217342117222057,-0.976095489222972));
#2667=DIRECTION('',(-5.19751741551505E-15,1.,9.49376767915729E-14));
#2668=DIRECTION('center_axis',(0.346065551975814,0.915782876474199,0.203912620728381));
#2669=DIRECTION('ref_axis',(-1.16573417585641E-15,0.217342117222057,-0.976095489222972));
#2670=DIRECTION('center_axis',(-0.346065551975814,-0.915782876474199,-0.203912620728381));
#2671=DIRECTION('ref_axis',(-0.682039251865373,0.0963162821666597,0.72494526186776));
#2672=DIRECTION('',(0.93541552624151,-0.353550147016478,0.000294636971937494));
#2673=DIRECTION('center_axis',(-0.000314979759357971,-9.49393091948674E-14,
0.999999950393874));
#2674=DIRECTION('ref_axis',(-5.19751741551505E-15,1.,9.4937676791573E-14));
#2675=DIRECTION('center_axis',(0.000314979759357971,9.49393091948674E-14,
-0.999999950393874));
#2676=DIRECTION('ref_axis',(-0.355066306133292,-0.93484111256457,-0.000111838705298626));
#2677=DIRECTION('center_axis',(-0.34767662002598,-0.915552670055614,-0.20219860593324));
#2678=DIRECTION('ref_axis',(0.934862691012953,-0.355009505438967,-3.37646577364126E-14));
#2679=DIRECTION('center_axis',(-1.,-5.19751741551504E-15,-2.775557561565E-17));
#2680=DIRECTION('ref_axis',(-2.77555756151566E-17,-9.49376767915729E-14,
1.));
#2681=DIRECTION('',(-1.15672979133261E-15,0.217341782007238,0.976095563863456));
#2682=DIRECTION('center_axis',(-1.,-5.19751741551504E-15,-2.775557561565E-17));
#2683=DIRECTION('ref_axis',(-5.06854796698708E-15,0.976341072577004,-0.216236236554343));
#2684=DIRECTION('',(-5.19751741551505E-15,1.,9.49376767915729E-14));
#2685=DIRECTION('center_axis',(-0.347104030813677,0.915638659832521,-0.202792101456152));
#2686=DIRECTION('ref_axis',(0.935067668543347,0.354469258532963,3.36397576461423E-14));
#2687=DIRECTION('center_axis',(0.000314979759357971,9.49393091948674E-14,
-0.999999950393874));
#2688=DIRECTION('ref_axis',(-0.354526258231975,0.935046052210349,-0.000111668600954663));
#2689=DIRECTION('center_axis',(0.346063908295734,-0.915783538291303,0.203912437996664));
#2690=DIRECTION('ref_axis',(-0.677615270500138,-0.0936447582638031,0.729430054518415));
#2691=DIRECTION('center_axis',(-0.346063908295734,0.915783538291303,-0.203912437996664));
#2692=DIRECTION('ref_axis',(1.11022302462516E-15,-0.217341782007238,-0.976095563863456));
#2693=DIRECTION('',(-0.93541616600386,-0.35354845434194,-0.000294637173516826));
#2694=DIRECTION('center_axis',(-0.000314979759357971,-9.49393091948674E-14,
0.999999950393874));
#2695=DIRECTION('ref_axis',(-5.19751741551505E-15,1.,9.4937676791573E-14));
#2696=DIRECTION('center_axis',(-0.488604133865687,8.07628990205962E-14,
-0.872505587586327));
#2697=DIRECTION('ref_axis',(-0.872505587586327,-5.09218043265812E-14,0.488604133865687));
#2698=DIRECTION('',(0.872505587586327,5.09218043265812E-14,-0.488604133865687));
#2699=DIRECTION('',(-4.84460956200068E-15,1.,9.52773213860134E-14));
#2700=DIRECTION('',(-0.872505587586563,-5.09218043265423E-14,0.488604133865265));
#2701=DIRECTION('',(-4.84460956200068E-15,1.,9.52773213860134E-14));
#2702=DIRECTION('center_axis',(2.77555756151565E-17,9.49376767915729E-14,
-1.));
#2703=DIRECTION('ref_axis',(5.19751741551505E-15,-1.,-9.49376767915729E-14));
#2704=DIRECTION('center_axis',(2.77555756151565E-17,9.49376767915729E-14,
-1.));
#2705=DIRECTION('ref_axis',(5.19751741551505E-15,-1.,-9.49376767915729E-14));
#2706=DIRECTION('',(2.77555756151565E-17,9.49376767915729E-14,-1.));
#2707=DIRECTION('center_axis',(0.488604133865623,-5.1350548495528E-7,0.872505587586212));
#2708=DIRECTION('ref_axis',(-0.872505587586327,-5.09218044591221E-14,0.488604133865687));
#2709=DIRECTION('center_axis',(2.77555756151565E-17,9.49376767915729E-14,
-1.));
#2710=DIRECTION('ref_axis',(5.19751741551505E-15,-1.,-9.49376767915729E-14));
#2711=DIRECTION('center_axis',(2.77555756151565E-17,9.49376767915729E-14,
-1.));
#2712=DIRECTION('ref_axis',(5.19751741551505E-15,-1.,-9.49376767915729E-14));
#2713=DIRECTION('',(2.77555756151565E-17,9.49376767915729E-14,-1.));
#2714=DIRECTION('center_axis',(0.488604133865201,5.13510197967125E-7,0.872505587586448));
#2715=DIRECTION('ref_axis',(-0.872505587586563,-5.09218041150149E-14,0.488604133865265));
#2716=DIRECTION('center_axis',(0.488604133865201,5.13510197967125E-7,0.872505587586448));
#2717=DIRECTION('ref_axis',(-5.1975179370418E-15,0.999999999999827,-5.88546598134684E-7));
#2718=DIRECTION('',(-5.19751739917869E-15,0.999999999999827,-5.88546598134683E-7));
#2719=DIRECTION('',(0.851964197460924,0.215711812464927,-0.477101058694969));
#2720=DIRECTION('',(-5.19751739917869E-15,0.999999999999827,-5.88546598134683E-7));
#2721=DIRECTION('center_axis',(-2.77555756151565E-17,-9.49376767915729E-14,
1.));
#2722=DIRECTION('ref_axis',(-5.19751741551505E-15,1.,9.49376767915729E-14));
#2723=DIRECTION('',(-0.875932833869187,-0.482433073648455,-4.58253872396064E-14));
#2724=DIRECTION('',(-5.19751741551505E-15,1.,9.49376767915729E-14));
#2725=DIRECTION('',(-0.875933085356234,0.482432617034036,4.57767198427055E-14));
#2726=DIRECTION('',(5.19751741551505E-15,-1.,-9.49376767915729E-14));
#2727=DIRECTION('center_axis',(0.488604133865623,-5.1350548495528E-7,0.872505587586212));
#2728=DIRECTION('ref_axis',(-5.19751772528357E-15,0.999999999999827,5.88541202257894E-7));
#2729=DIRECTION('',(-0.851964344949221,0.215711047277137,0.477101141287511));
#2730=DIRECTION('',(5.19751743184944E-15,-0.999999999999827,-5.88541202257895E-7));
#2731=DIRECTION('',(-5.19751743184944E-15,0.999999999999827,5.88541202257895E-7));
#2732=DIRECTION('center_axis',(0.86155870420183,2.10634121467713E-7,0.507657954940154));
#2733=DIRECTION('ref_axis',(-5.19751775175335E-15,0.999999999999914,-4.1491345686597E-7));
#2734=DIRECTION('',(-0.507657954940165,-8.44329428584078E-14,0.861558704201849));
#2735=DIRECTION('',(-0.361220210659203,-0.702642805792272,0.613035926255293));
#2736=DIRECTION('',(-0.507657954940158,-3.84366815538179E-8,0.861558704201853));
#2737=DIRECTION('',(0.507657954940165,8.44329428584078E-14,-0.861558704201849));
#2738=DIRECTION('',(1.74105901073724E-7,-0.999999999999978,1.19434092098263E-7));
#2739=DIRECTION('center_axis',(0.523070460795602,0.391569339155813,0.757014362925933));
#2740=DIRECTION('ref_axis',(-4.57966997657877E-15,0.888212766191533,-0.459432347549001));
#2741=DIRECTION('',(-0.822708810291325,-5.82446025283266E-14,0.568463027354491));
#2742=DIRECTION('',(-0.599103254878174,0.800671751192517,-0.000191928857661891));
#2743=DIRECTION('',(0.851964843778969,-0.215712446603773,-0.477099617841904));
#2744=DIRECTION('center_axis',(0.346060924035407,0.91578516212632,0.203910209859709));
#2745=DIRECTION('ref_axis',(-1.09634523681734E-15,0.21733915213601,-0.976096149438569));
#2746=DIRECTION('',(1.1025319178163E-15,-0.21733915213601,0.976096149438569));
#2747=DIRECTION('',(0.935417008053743,-0.353546222195237,0.00029969194156714));
#2748=DIRECTION('',(-0.935417009059553,0.353546219545586,-0.000299678334684563));
#2749=DIRECTION('',(-0.702992967712746,0.109170643223404,0.702767854988128));
#2750=DIRECTION('',(-0.851964371025486,0.21571203894617,0.47710064635969));
#2751=DIRECTION('',(-1.1025319178163E-15,0.21733915213601,-0.976096149438569));
#2752=DIRECTION('',(0.851964480877091,-0.215712133671671,-0.477100407367929));
#2753=DIRECTION('center_axis',(0.346060924035407,0.91578516212632,0.203910209859709));
#2754=DIRECTION('ref_axis',(-0.935439112770324,0.353487858772356,-6.03764163525922E-8));
#2755=DIRECTION('center_axis',(0.245448526188317,0.969409624973872,1.59109239117235E-8));
#2756=DIRECTION('ref_axis',(2.77554746995942E-17,1.64130038479242E-8,-1.));
#2757=DIRECTION('',(-0.969409624973872,0.245448526188316,1.30811373526315E-8));
#2758=DIRECTION('',(0.000320604556048011,-8.1158679284129E-5,-0.999999945312992));
#2759=DIRECTION('',(-0.969409624973872,0.245448526188317,2.32754063260863E-14));
#2760=DIRECTION('',(-2.77554903087766E-17,-1.64130038479243E-8,1.));
#2761=DIRECTION('',(2.77554903087766E-17,1.64130038479243E-8,-1.));
#2762=DIRECTION('center_axis',(-1.,-5.19751741551504E-15,-2.775557561565E-17));
#2763=DIRECTION('ref_axis',(-2.77555756151566E-17,-9.49376767915729E-14,
1.));
#2764=DIRECTION('',(-1.10253295842314E-15,0.217339352110516,-0.976096104911899));
#2765=DIRECTION('',(5.19751741316339E-15,-0.999999999999996,8.47266759064418E-8));
#2766=DIRECTION('',(5.19751741551505E-15,-1.,-9.49376767915729E-14));
#2767=DIRECTION('',(2.77555756151565E-17,9.49376767915729E-14,-1.));
#2768=DIRECTION('',(5.19751741665394E-15,-0.999999999999999,-4.1033255524222E-8));
#2769=DIRECTION('',(2.77556854087074E-17,-2.11241345866314E-8,-1.));
#2770=DIRECTION('center_axis',(1.,5.19751741551504E-15,2.775557561565E-17));
#2771=DIRECTION('ref_axis',(5.19751741551504E-15,-1.,-9.49376767915729E-14));
#2772=DIRECTION('center_axis',(0.706993521353313,-2.26756723305103E-7,0.707220022881417));
#2773=DIRECTION('ref_axis',(-5.19751743411599E-15,0.999999999999949,3.20631090245198E-7));
#2774=DIRECTION('',(3.04756958983031E-7,0.999999999999953,1.59717306514187E-8));
#2775=DIRECTION('',(0.706982634253233,-0.0259076149190061,-0.706756217060429));
#2776=DIRECTION('',(0.505786085935048,0.698945587096153,-0.50562387359906));
#2777=DIRECTION('',(-5.19751742441408E-15,0.999999999999949,3.20631090245198E-7));
#2778=DIRECTION('',(0.651557053890156,0.388868687865433,-0.65134825487123));
#2779=DIRECTION('',(-3.11792314888693E-7,-0.999999999999951,-8.93862796089675E-9));
#2780=DIRECTION('',(0.706982634253233,-0.0259076149190061,-0.706756217060429));
#2781=DIRECTION('',(1.77325914627044E-8,-0.999999999999943,-3.38357997290683E-7));
#2782=DIRECTION('',(0.707220022881435,7.07961108095058E-14,-0.706993521353331));
#2783=DIRECTION('center_axis',(-0.346061198079851,-0.915785049699934,-0.203910249692424));
#2784=DIRECTION('ref_axis',(-0.935439010303978,0.353488129930149,3.34454686168328E-14));
#2785=DIRECTION('center_axis',(-0.245308798643324,-0.946271502741237,-0.210698448992893));
#2786=DIRECTION('ref_axis',(-0.969444992409617,0.239444901987963,0.0533155287312569));
#2787=DIRECTION('',(-0.346061198079851,-0.915785049699934,-0.203910249692424));
#2788=DIRECTION('center_axis',(0.999999948606347,1.74144183238302E-7,0.000320604542970563));
#2789=DIRECTION('ref_axis',(0.000320604542970568,9.4939338260032E-14,-0.999999948606362));
#2790=DIRECTION('',(1.74098709520284E-7,-0.999999999999975,1.41865318442555E-7));
#2791=DIRECTION('',(-0.000320604542970568,-9.49393382600759E-14,0.999999948606362));
#2792=DIRECTION('',(-0.000320604542970568,-9.49393382600759E-14,0.999999948606362));
#2793=DIRECTION('',(-1.74144192218643E-7,0.999999999999985,9.4937676786738E-14));
#2794=DIRECTION('center_axis',(0.999999948606347,1.74144183238302E-7,0.000320604542970563));
#2795=DIRECTION('ref_axis',(0.000320604542970568,1.57781683982228E-12,-0.999999948606362));
#2796=DIRECTION('center_axis',(0.245307534948799,0.946271793138745,0.210698616054609));
#2797=DIRECTION('ref_axis',(-9.08995101411847E-16,0.217339352110517,-0.976096104911899));
#2798=DIRECTION('',(-0.967985590137368,0.251005579846508,-0.000310116638888369));
#2799=DIRECTION('',(-0.969092678409514,0.24521820493475,0.0269705880850402));
#2800=DIRECTION('',(1.10253295842314E-15,-0.217339352110516,0.976096104911899));
#2801=DIRECTION('center_axis',(-2.77555756151565E-17,-9.49376767915729E-14,
1.));
#2802=DIRECTION('ref_axis',(-5.19751741551505E-15,1.,9.49376767915729E-14));
#2803=DIRECTION('',(1.,5.19751741551504E-15,2.775557561565E-17));
#2804=DIRECTION('center_axis',(-1.,-4.62533959809943E-9,-5.56068422094125E-9));
#2805=DIRECTION('ref_axis',(5.56068422094081E-9,9.49376768204747E-14,-1.));
#2806=DIRECTION('center_axis',(-1.,-5.19751741551504E-15,-2.775557561565E-17));
#2807=DIRECTION('ref_axis',(2.77555756151567E-17,9.49119567676834E-14,-1.));
#2808=DIRECTION('',(-1.,-4.62533959809943E-9,-5.56068422094125E-9));
#2809=DIRECTION('center_axis',(-0.999999999999984,-1.74098702510242E-7,
4.94133700862295E-8));
#2810=DIRECTION('ref_axis',(1.74098709520284E-7,-0.999999999999975,1.41865318442555E-7));
#2811=DIRECTION('center_axis',(-0.999999999999984,-1.74098702510242E-7,
4.94133700862295E-8));
#2812=DIRECTION('ref_axis',(-4.94133700862468E-8,9.50160365896262E-14,-0.999999999999999));
#2813=DIRECTION('',(4.94133453876603E-8,1.41865327138716E-7,0.999999999999989));
#2814=DIRECTION('',(4.94133453876603E-8,1.41865327138716E-7,0.999999999999989));
#2815=DIRECTION('center_axis',(0.999999999999984,1.74098702510242E-7,-4.94133700862295E-8));
#2816=DIRECTION('ref_axis',(-4.94133700862468E-8,9.50160365896262E-14,-0.999999999999999));
#2817=DIRECTION('center_axis',(-0.999999999999984,-1.74098702510242E-7,
4.94133700862295E-8));
#2818=DIRECTION('ref_axis',(1.74098709520284E-7,-0.999999999999975,1.41865318442555E-7));
#2819=DIRECTION('center_axis',(-0.999999999999984,-1.74098702510242E-7,
4.94133700862295E-8));
#2820=DIRECTION('ref_axis',(-4.94133700862468E-8,9.50160365896262E-14,-0.999999999999999));
#2821=DIRECTION('center_axis',(0.999999999999984,1.74098702510242E-7,-4.94133700862295E-8));
#2822=DIRECTION('ref_axis',(-4.94133700862468E-8,9.50160365896262E-14,-0.999999999999999));
#2823=DIRECTION('',(4.94133453876603E-8,1.41865327138716E-7,0.999999999999989));
#2824=DIRECTION('',(1.74098709520284E-7,-0.999999999999975,1.41865318442555E-7));
#2825=DIRECTION('',(4.94133453876603E-8,1.41865327138716E-7,0.999999999999989));
#2826=DIRECTION('center_axis',(-0.998629534754574,-3.9937598410474E-16,
-0.0523359562429372));
#2827=DIRECTION('ref_axis',(0.0523359562429372,9.51673621414662E-14,-0.998629534754574));
#2828=DIRECTION('',(-0.998629534754574,-3.9937598410474E-16,-0.0523359562429372));
#2829=DIRECTION('center_axis',(0.998629534754574,4.28892675156848E-16,0.0523359562429372));
#2830=DIRECTION('ref_axis',(0.0523359562429372,9.51673621414662E-14,-0.998629534754574));
#2831=DIRECTION('',(0.998629535416293,7.42466787599007E-9,0.0523359436165881));
#2832=DIRECTION('center_axis',(-0.998629534754574,-3.9937598410474E-16,
-0.0523359562429372));
#2833=DIRECTION('ref_axis',(0.0523359562429372,9.51673621414662E-14,-0.998629534754574));
#2834=DIRECTION('center_axis',(0.245448526188312,0.969409624973862,-1.49654046377774E-7));
#2835=DIRECTION('ref_axis',(-0.967996099971764,0.245090622059558,-0.0539827511147248));
#2836=DIRECTION('',(-0.998629534754574,-3.9937598410474E-16,-0.0523359562429372));
#2837=DIRECTION('center_axis',(0.998629534754574,4.28892675156848E-16,0.0523359562429372));
#2838=DIRECTION('ref_axis',(0.0523359562429372,9.51673621414662E-14,-0.998629534754574));
#2839=DIRECTION('center_axis',(-0.998629534754574,-3.9937598410474E-16,
-0.0523359562429372));
#2840=DIRECTION('ref_axis',(0.0523359562429372,9.51673621414662E-14,-0.998629534754574));
#2841=DIRECTION('',(-0.998629534092854,-7.42467166555398E-9,-0.052335968869313));
#2842=DIRECTION('center_axis',(0.998629534754574,4.28892675156848E-16,0.0523359562429372));
#2843=DIRECTION('ref_axis',(0.0523359562429372,9.51673621414662E-14,-0.998629534754574));
#2844=DIRECTION('center_axis',(4.94133453876603E-8,1.41865327138716E-7,
0.999999999999989));
#2845=DIRECTION('ref_axis',(-5.19751741157744E-15,0.99999999999999,-1.41865327138716E-7));
#2846=DIRECTION('',(-0.999999999999999,-5.19752210670327E-15,4.94133455652762E-8));
#2847=DIRECTION('',(0.969409624973872,-0.245448526188316,-1.30811373526315E-8));
#2848=DIRECTION('',(-5.19751741157743E-15,0.99999999999999,-1.41865327045356E-7));
#2849=DIRECTION('center_axis',(4.94133453876603E-8,1.41865327138716E-7,
0.999999999999989));
#2850=DIRECTION('ref_axis',(0.999999999999999,5.4089844875613E-15,-4.94133453876616E-8));
#2851=DIRECTION('center_axis',(-0.245448526188312,-0.969409624973862,1.49654046377774E-7));
#2852=DIRECTION('ref_axis',(0.969409624973872,-0.245448526188317,-1.30811373526314E-8));
#2853=DIRECTION('',(4.94133453876603E-8,1.41865327138716E-7,0.999999999999989));
#2854=DIRECTION('center_axis',(-5.19751741551505E-15,1.,9.49376767915729E-14));
#2855=DIRECTION('ref_axis',(2.77555756151565E-17,9.49376767915729E-14,-1.));
#2856=DIRECTION('',(-0.999999948687549,-5.16710374908042E-15,-0.000320351211079697));
#2857=DIRECTION('',(2.77555756151565E-17,9.49376767915729E-14,-1.));
#2858=DIRECTION('',(0.969445341063812,-1.82502075850042E-14,0.245307420779866));
#2859=DIRECTION('center_axis',(-0.000320351211079696,8.47266715572434E-8,
0.999999948687546));
#2860=DIRECTION('ref_axis',(-5.19751741318122E-15,0.999999999999996,-8.47266759064418E-8));
#2861=DIRECTION('',(5.19751741316339E-15,-0.999999999999996,8.47266759064418E-8));
#2862=DIRECTION('center_axis',(-0.523071198695015,-0.391569156984498,-0.757013947291733));
#2863=DIRECTION('ref_axis',(4.88498130835069E-15,-0.888212750478609,0.459432377926528));
#2864=DIRECTION('',(4.60374942918927E-15,-0.888212750478609,0.459432377926528));
#2865=DIRECTION('',(-4.60374942918927E-15,0.888212750478609,-0.459432377926528));
#2866=DIRECTION('center_axis',(-0.245307313496641,-0.445394412369019,-0.861073829224601));
#2867=DIRECTION('ref_axis',(4.55191440096314E-15,-0.888212845674775,0.459432193885364));
#2868=DIRECTION('',(-4.60374992908117E-15,0.888212845674775,-0.459432193885364));
#2869=DIRECTION('',(0.96313700157848,-0.213131581972921,-0.164140320933448));
#2870=DIRECTION('',(4.60374992908117E-15,-0.888212845674775,0.459432193885364));
#2871=DIRECTION('center_axis',(-0.346063710400792,-0.9157838746289,-0.203911263331176));
#2872=DIRECTION('ref_axis',(-0.935438011749829,0.353490772402232,3.35426131314875E-14));
#2873=DIRECTION('center_axis',(0.000320372027988908,8.83873796594242E-9,
-0.99999994868088));
#2874=DIRECTION('ref_axis',(-0.353549126969294,-0.935415951322141,-0.000113275524510544));
#2875=DIRECTION('center_axis',(-0.346060816886594,-0.915785222192165,-0.203910121941579));
#2876=DIRECTION('ref_axis',(-0.935439113284688,0.353487857410598,-6.49060599794416E-7));
#2877=DIRECTION('center_axis',(-0.000320419348970342,-6.44934435358578E-12,
0.999999948665719));
#2878=DIRECTION('ref_axis',(-0.353549136194097,-0.935415947834515,-0.000113283995896511));
#2879=DIRECTION('center_axis',(0.245307064892256,0.946271955907239,0.210698432308918));
#2880=DIRECTION('ref_axis',(-0.969445431040625,0.239446013438219,0.053302559816595));
#2881=DIRECTION('center_axis',(-0.245307064892256,-0.946271955907239,-0.210698432308918));
#2882=DIRECTION('ref_axis',(1.20042864537595E-15,-0.217339135907954,0.976096153051934));
#2883=DIRECTION('',(-0.967985715041454,0.251005098106816,-0.000310161366929266));
#2884=DIRECTION('',(1.1025318333704E-15,-0.217339135907953,0.976096153051934));
#2885=DIRECTION('',(0.967985717653911,-0.251005088091368,0.000310113344775624));
#2886=DIRECTION('center_axis',(-0.000320419348970342,-6.44934435358578E-12,
0.999999948665719));
#2887=DIRECTION('ref_axis',(-5.19751741551522E-15,1.,6.44934301927302E-12));
#2888=DIRECTION('',(0.935417049430333,-0.353546112691872,0.00029972573510029));
#2889=DIRECTION('',(-0.999999948665719,-5.16709728011391E-15,-0.000320419348970342));
#2890=DIRECTION('',(-5.19751741551522E-15,1.,6.44934301927302E-12));
#2891=DIRECTION('center_axis',(-5.19751741551505E-15,1.,9.49376767915729E-14));
#2892=DIRECTION('ref_axis',(2.77555756151565E-17,9.49376767915729E-14,-1.));
#2893=DIRECTION('',(0.507657984643397,8.44329413511826E-14,-0.861558686699754));
#2894=DIRECTION('',(-0.999999948680881,-5.16710177273676E-15,-0.000320372027988908));
#2895=DIRECTION('',(-0.999999999999999,-5.19752210670327E-15,4.94133455652762E-8));
#2896=DIRECTION('',(2.77555756151565E-17,9.49376767915729E-14,-1.));
#2897=DIRECTION('',(-0.999999948680881,-5.16710177273676E-15,-0.000320372027988908));
#2898=DIRECTION('',(-2.77555756151565E-17,-9.49376767915729E-14,1.));
#2899=DIRECTION('center_axis',(-1.22075625403396E-14,0.99999999999999,-1.41865327138716E-7));
#2900=DIRECTION('ref_axis',(-0.999999999999999,-5.19752210670331E-15,4.94133455652762E-8));
#2901=DIRECTION('',(0.0523359562429367,-1.41670904999447E-7,-0.998629534754564));
#2902=DIRECTION('',(-0.998629534092854,-7.4246716582534E-9,-0.0523359688693157));
#2903=DIRECTION('',(-0.0523359562429367,1.41670904999447E-7,0.998629534754564));
#2904=DIRECTION('',(0.998629535416293,7.42466662594467E-9,0.0523359436165873));
#2905=DIRECTION('',(4.94133453876603E-8,1.41865327138716E-7,0.999999999999989));
#2906=DIRECTION('center_axis',(-0.346060816886594,-0.915785222192165,-0.203910121941579));
#2907=DIRECTION('ref_axis',(1.11022302462516E-15,-0.21733904927248,0.976096172342323));
#2908=DIRECTION('',(-0.930686297466059,0.362552058845336,-0.0487752020593116));
#2909=DIRECTION('',(0.0512940255615961,0.198546374260573,-0.978748313004762));
#2910=DIRECTION('',(0.935417052933093,-0.353546103464391,0.000299678348741444));
#2911=DIRECTION('',(0.935417052933093,-0.353546103464391,0.000299678348741444));
#2912=DIRECTION('',(-0.0512940255616006,-0.198546374260572,0.978748313004762));
#2913=DIRECTION('center_axis',(-0.998629534754574,-2.21740300164692E-16,
-0.0523359562429374));
#2914=DIRECTION('ref_axis',(0.0523359562429374,9.50795850490789E-14,-0.998629534754574));
#2915=DIRECTION('',(-5.19751741551505E-15,1.,9.49376767915729E-14));
#2916=DIRECTION('',(-0.0512940300910968,0.198545947036739,0.978748399432816));
#2917=DIRECTION('',(-1.3837273012458E-8,-0.999999999999965,2.64030901973028E-7));
#2918=DIRECTION('',(-0.0512312080275569,0.2043819475642,0.977549683051405));
#2919=DIRECTION('',(-8.64873951558548E-9,-0.999999999999986,1.65027785110332E-7));
#2920=DIRECTION('',(-0.0523359562429356,-9.49685322660479E-14,0.998629534754574));
#2921=DIRECTION('',(-5.19751741551505E-15,1.,9.49376767915729E-14));
#2922=DIRECTION('',(0.0523359562429372,9.4916759647729E-14,-0.998629534754574));
#2923=DIRECTION('center_axis',(-0.998629534754574,-2.21740300164713E-16,
-0.0523359562429372));
#2924=DIRECTION('ref_axis',(0.0523359562429372,-5.59275482700029E-12,-0.998629534754574));
#2925=DIRECTION('',(3.25231563175064E-15,-1.,-9.55337304048094E-14));
#2926=DIRECTION('center_axis',(-0.998629534754574,-2.21740300164713E-16,
-0.0523359562429372));
#2927=DIRECTION('ref_axis',(0.0523359562429372,2.78522276450649E-11,-0.998629534754574));
#2928=DIRECTION('',(-0.0523359562429385,-9.4998172348404E-14,0.998629534754574));
#2929=DIRECTION('',(5.19751741551505E-15,-1.,-9.49376767915729E-14));
#2930=DIRECTION('',(0.0523359562429374,9.50795850490789E-14,-0.998629534754574));
#2931=DIRECTION('',(0.0512312104816848,0.204381722974992,-0.977549729878923));
#2932=DIRECTION('',(4.63211096967789E-10,-1.,-8.83859001965255E-9));
#2933=DIRECTION('center_axis',(0.998629534754574,2.21740300164713E-16,0.0523359562429372));
#2934=DIRECTION('ref_axis',(5.19751741551505E-15,-1.,-9.49376767915729E-14));
#2935=DIRECTION('center_axis',(0.0523359562429374,9.50795850490789E-14,
-0.998629534754574));
#2936=DIRECTION('ref_axis',(0.998629534754574,2.21740300164696E-16,0.0523359562429374));
#2937=DIRECTION('',(0.998629534754574,2.21740300164696E-16,0.0523359562429374));
#2938=DIRECTION('',(-0.998629534754574,-2.21740300164696E-16,-0.0523359562429374));
#2939=DIRECTION('',(5.19751741551505E-15,-1.,-9.49376767915729E-14));
#2940=DIRECTION('',(0.963976470869969,-0.261145757645728,0.0505198661193672));
#2941=DIRECTION('center_axis',(0.998629534754574,2.21740300164258E-16,0.052335956242942));
#2942=DIRECTION('ref_axis',(-0.052335956242942,-9.50795850490789E-14,0.998629534754574));
#2943=DIRECTION('',(0.052335956242942,9.50795850490789E-14,-0.998629534754574));
#2944=DIRECTION('',(5.19751741551505E-15,-1.,-9.49376767915729E-14));
#2945=DIRECTION('',(-4.6321109696783E-10,1.,8.83859001965255E-9));
#2946=DIRECTION('',(-0.0512312104816893,-0.204381722974991,0.977549729878923));
#2947=DIRECTION('center_axis',(-0.0523359562429376,-9.50795850490789E-14,
0.998629534754574));
#2948=DIRECTION('ref_axis',(-0.998629534754574,-2.2174030016467E-16,-0.0523359562429376));
#2949=DIRECTION('',(-0.998629534754574,-2.21740300164781E-16,-0.0523359562429365));
#2950=DIRECTION('',(5.19751741551505E-15,-1.,-9.49376767915729E-14));
#2951=DIRECTION('',(-0.998629534754574,-2.21740300164781E-16,-0.0523359562429365));
#2952=DIRECTION('',(-5.19751741551505E-15,1.,9.49376767915729E-14));
#2953=DIRECTION('',(0.930686314093993,0.362552016043484,0.0487752029308122));
#2954=DIRECTION('center_axis',(-1.,-5.19751741551504E-15,-2.775557561565E-17));
#2955=DIRECTION('ref_axis',(-2.77555756151566E-17,-9.49376767915729E-14,
1.));
#2956=DIRECTION('',(2.77555756151565E-17,9.49376767915729E-14,-1.));
#2957=DIRECTION('',(-5.19751741551522E-15,1.,6.44934301927302E-12));
#2958=DIRECTION('',(-1.15671649611097E-15,0.217339220967386,0.97609613411246));
#2959=DIRECTION('',(-5.19751741576037E-15,1.,8.83873841787355E-9));
#2960=DIRECTION('center_axis',(1.,5.19751741551504E-15,2.775557561565E-17));
#2961=DIRECTION('ref_axis',(2.77555756151566E-17,9.49376767915729E-14,-1.));
#2962=DIRECTION('',(-4.62925298176043E-15,0.888212737328854,0.459432403348723));
#2963=DIRECTION('',(-1.15671617548647E-15,0.21733915920594,0.976096147864366));
#2964=DIRECTION('',(-2.77556930256032E-17,2.25896218935126E-8,1.));
#2965=DIRECTION('',(5.19751741411147E-15,-0.999999999999999,5.05689725474495E-8));
#2966=DIRECTION('',(-2.77555756151565E-17,-9.49376767915729E-14,1.));
#2967=DIRECTION('',(-5.19751741576037E-15,1.,8.83873841787355E-9));
#2968=DIRECTION('',(1.15671668755036E-15,-0.217339257844087,-0.976096125901431));
#2969=DIRECTION('',(4.62925316214323E-15,-0.888212772396463,-0.459432335553114));
#2970=DIRECTION('',(1.10253124006357E-15,-0.217339021891558,0.976096178439));
#2971=DIRECTION('',(-5.19751741576037E-15,1.,8.83873841787355E-9));
#2972=DIRECTION('',(5.19751741157744E-15,-0.99999999999999,1.41865327045356E-7));
#2973=DIRECTION('center_axis',(-1.,-5.19751741551504E-15,-2.775557561565E-17));
#2974=DIRECTION('ref_axis',(5.19751741551504E-15,-1.,-9.49376767915729E-14));
#2975=DIRECTION('center_axis',(-1.,-5.19751741551504E-15,-2.775557561565E-17));
#2976=DIRECTION('ref_axis',(5.19751741551504E-15,-1.,-9.49376767915729E-14));
#2977=DIRECTION('',(-2.77556854087074E-17,2.11241345866314E-8,1.));
#2978=DIRECTION('',(-5.19751741665394E-15,0.999999999999999,4.1033255524222E-8));
#2979=DIRECTION('',(-2.77556854087074E-17,2.11241345866314E-8,1.));
#2980=DIRECTION('center_axis',(-1.,-5.19751741551504E-15,-2.775557561565E-17));
#2981=DIRECTION('ref_axis',(5.19751741551504E-15,-1.,-9.49376767915729E-14));
#2982=DIRECTION('center_axis',(-1.,-5.19751741551504E-15,-2.775557561565E-17));
#2983=DIRECTION('ref_axis',(5.19751741551504E-15,-1.,-9.49376767915729E-14));
#2984=DIRECTION('',(2.77559116865484E-17,-6.46598888686258E-8,-0.999999999999998));
#2985=DIRECTION('',(1.15671504675259E-15,-0.217338941779523,-0.976096196276861));
#2986=DIRECTION('',(5.19751741786667E-15,-0.999999999999996,-8.47268524050342E-8));
#2987=DIRECTION('',(-2.77556939777845E-17,2.27728211550748E-8,1.));
#2988=DIRECTION('',(-5.19751741437614E-15,0.999999999999999,-4.10330771483861E-8));
#2989=DIRECTION('',(2.77559116865484E-17,-6.46598888686258E-8,-0.999999999999998));
#2990=DIRECTION('center_axis',(-0.000320372027988908,-8.83873796594242E-9,
0.99999994868088));
#2991=DIRECTION('ref_axis',(-5.19751741576252E-15,1.,8.83873841787356E-9));
#2992=DIRECTION('',(0.999999948680881,5.16710177273676E-15,0.000320372027988908));
#2993=DIRECTION('',(0.967985633976195,0.251005410783674,0.000310117755107107));
#2994=DIRECTION('center_axis',(-0.000320372027988908,-8.83873796594242E-9,
0.99999994868088));
#2995=DIRECTION('ref_axis',(-0.35355260069405,0.935414638390176,-0.000113260101612636));
#2996=DIRECTION('',(0.967985598722796,0.251005546736033,0.000310117743814105));
#2997=DIRECTION('center_axis',(0.999999999999999,7.11183165327878E-15,3.78555098656807E-8));
#2998=DIRECTION('ref_axis',(-5.19751741411147E-15,0.999999999999999,-5.05689725474495E-8));
#2999=DIRECTION('center_axis',(0.999999999999999,7.11183165327878E-15,3.78555098656807E-8));
#3000=DIRECTION('ref_axis',(3.78555098656807E-8,9.50144922756322E-14,-0.999999999999999));
#3001=DIRECTION('',(-3.7855509865681E-8,5.05689724403154E-8,0.999999999999998));
#3002=DIRECTION('',(-3.7855509865681E-8,5.05689724403154E-8,0.999999999999998));
#3003=DIRECTION('',(-5.19751741411147E-15,0.999999999999999,-5.05689725474495E-8));
#3004=DIRECTION('',(-3.7855509865681E-8,5.05689724403154E-8,0.999999999999998));
#3005=DIRECTION('center_axis',(0.999999999999999,7.11183165327878E-15,3.78555098656807E-8));
#3006=DIRECTION('ref_axis',(3.78555098656807E-8,9.50144922756322E-14,-0.999999999999999));
#3007=DIRECTION('center_axis',(-0.999999999999999,-7.11183165327878E-15,
-3.78555098656807E-8));
#3008=DIRECTION('ref_axis',(3.78555098656807E-8,9.50144922756323E-14,-0.999999999999999));
#3009=DIRECTION('center_axis',(0.998629534754574,4.28892675156848E-16,0.0523359562429372));
#3010=DIRECTION('ref_axis',(0.0523359562429372,9.51673621414662E-14,-0.998629534754574));
#3011=DIRECTION('',(-0.998629534585381,-2.64657889769061E-9,-0.0523359594713381));
#3012=DIRECTION('',(-0.998629534754574,-4.2889267515685E-16,-0.0523359562429372));
#3013=DIRECTION('center_axis',(-0.998629534754574,-4.28892675156848E-16,
-0.0523359562429372));
#3014=DIRECTION('ref_axis',(0.0523359562429372,9.51673621414662E-14,-0.998629534754574));
#3015=DIRECTION('center_axis',(0.998629534754574,4.28892675156848E-16,0.0523359562429372));
#3016=DIRECTION('ref_axis',(0.0523359562429372,9.51673621414662E-14,-0.998629534754574));
#3017=DIRECTION('',(0.998629534754574,4.2889267515685E-16,0.0523359562429372));
#3018=DIRECTION('center_axis',(0.998629534754574,4.28892675156848E-16,0.0523359562429372));
#3019=DIRECTION('ref_axis',(0.0523359562429372,9.51673621414662E-14,-0.998629534754574));
#3020=DIRECTION('center_axis',(0.998629534754574,4.28892675156848E-16,0.0523359562429372));
#3021=DIRECTION('ref_axis',(0.0523359562429372,9.51673621414662E-14,-0.998629534754574));
#3022=DIRECTION('',(0.998629534923767,2.64657886637428E-9,0.0523359530145368));
#3023=DIRECTION('center_axis',(-0.998629534754574,-4.28892675156848E-16,
-0.0523359562429372));
#3024=DIRECTION('ref_axis',(0.0523359562429372,9.51673621414662E-14,-0.998629534754574));
#3025=DIRECTION('center_axis',(0.998629534754574,4.28892675156848E-16,0.0523359562429372));
#3026=DIRECTION('ref_axis',(0.0523359562429372,9.51673621414663E-14,-0.998629534754574));
#3027=DIRECTION('',(0.0523359562429371,-5.04996692492598E-8,-0.998629534754573));
#3028=DIRECTION('center_axis',(-0.998629534754574,-4.28892675156848E-16,
-0.0523359562429372));
#3029=DIRECTION('ref_axis',(5.40438589537675E-15,-1.,-9.49268352739397E-14));
#3030=DIRECTION('center_axis',(-0.998629534754574,-2.21740300164707E-16,
-0.0523359562429372));
#3031=DIRECTION('ref_axis',(5.19751741551504E-15,-1.,-9.49376767915729E-14));
#3032=DIRECTION('',(-0.998629534754574,-2.21740300164707E-16,-0.0523359562429372));
#3033=DIRECTION('center_axis',(0.998629534754574,4.28892675156848E-16,0.0523359562429372));
#3034=DIRECTION('ref_axis',(5.40438589537675E-15,-1.,-9.49268352739397E-14));
#3035=DIRECTION('center_axis',(0.998629534754574,4.28892675156848E-16,0.0523359562429372));
#3036=DIRECTION('ref_axis',(0.0523359562429372,9.51673621414663E-14,-0.998629534754574));
#3037=DIRECTION('center_axis',(0.998629534754574,4.28892675156848E-16,0.0523359562429372));
#3038=DIRECTION('ref_axis',(0.0523359562429372,9.51673621414662E-14,-0.998629534754574));
#3039=DIRECTION('',(-0.0523359562429371,5.04996692492598E-8,0.998629534754573));
#3040=DIRECTION('center_axis',(0.998629534754574,4.28892675156848E-16,0.0523359562429372));
#3041=DIRECTION('ref_axis',(0.0523359562429372,9.51673621414662E-14,-0.998629534754574));
#3042=DIRECTION('center_axis',(0.998629534754574,4.28892675156848E-16,0.0523359562429372));
#3043=DIRECTION('ref_axis',(0.0523359562429372,9.51673621414662E-14,-0.998629534754574));
#3044=DIRECTION('center_axis',(0.245308317231864,-0.946271567927665,0.210698716722693));
#3045=DIRECTION('ref_axis',(-1.31145094783847E-15,0.217339500329413,0.976096071909195));
#3046=DIRECTION('center_axis',(-0.245308317231863,0.946271567927665,-0.210698716722695));
#3047=DIRECTION('ref_axis',(0.969445114222784,0.239443915716285,-0.0533177431632788));
#3048=DIRECTION('center_axis',(1.,5.19751741551504E-15,2.775557561565E-17));
#3049=DIRECTION('ref_axis',(2.77555756151566E-17,9.49376767915729E-14,-1.));
#3050=DIRECTION('center_axis',(-1.,-5.19751741551504E-15,-2.775557561565E-17));
#3051=DIRECTION('ref_axis',(5.19751741551504E-15,-1.,-9.49376767915729E-14));
#3052=DIRECTION('center_axis',(-0.245307420779867,3.97793241960252E-8,0.96944534106381));
#3053=DIRECTION('ref_axis',(-5.19751742253546E-15,0.999999999999999,-4.10330771483861E-8));
#3054=DIRECTION('',(-0.941530515041842,-0.238243879680256,-0.238243873037574));
#3055=DIRECTION('',(-0.969445341063811,-2.51961246001934E-8,-0.245307420779866));
#3056=DIRECTION('',(5.19751741437614E-15,-0.999999999999999,4.10330771483861E-8));
#3057=DIRECTION('center_axis',(0.999999999999888,4.72426060870507E-7,-4.08793496674079E-8));
#3058=DIRECTION('ref_axis',(4.08793496674573E-8,-9.49376765791018E-14,0.999999999999999));
#3059=DIRECTION('center_axis',(1.,5.19751741551504E-15,2.775557561565E-17));
#3060=DIRECTION('ref_axis',(5.19751741551504E-15,-1.,-9.49376767915729E-14));
#3061=DIRECTION('',(0.999999999999887,4.72426060870507E-7,-4.08793496674079E-8));
#3062=DIRECTION('center_axis',(-0.245307402840839,0.969445345603082,-6.26842283177107E-8));
#3063=DIRECTION('ref_axis',(-0.969445345603083,-0.245307402840837,3.96302719774826E-8));
#3064=DIRECTION('center_axis',(0.245307402840839,-0.969445345603082,6.26842283177107E-8));
#3065=DIRECTION('ref_axis',(-2.77559164140413E-17,6.46598888686258E-8,0.999999999999998));
#3066=DIRECTION('',(0.969092682797407,0.245218163681586,-0.026970805496969));
#3067=DIRECTION('',(2.77559116865484E-17,-6.46598888686258E-8,-0.999999999999998));
#3068=DIRECTION('center_axis',(3.28319957360767E-15,-0.999999999999999,
5.05689724403155E-8));
#3069=DIRECTION('ref_axis',(0.999999999999999,5.19751382160085E-15,3.78555101204116E-8));
#3070=DIRECTION('',(0.999999999999999,5.19751382160086E-15,3.78555101204116E-8));
#3071=DIRECTION('',(0.999999999999999,5.19751382160086E-15,3.78555101204116E-8));
#3072=DIRECTION('',(-3.7855509865681E-8,5.05689724403154E-8,0.999999999999998));
#3073=DIRECTION('',(0.998629534923767,2.64657848175719E-9,0.0523359530145381));
#3074=DIRECTION('',(-0.998629534585381,-2.64657882299333E-9,-0.0523359594713377));
#3075=DIRECTION('',(-3.7855509865681E-8,5.05689724403154E-8,0.999999999999998));
#3076=DIRECTION('center_axis',(-3.7855509865681E-8,5.05689724403154E-8,
0.999999999999998));
#3077=DIRECTION('ref_axis',(-5.19751741411147E-15,0.999999999999999,-5.05689724403156E-8));
#3078=DIRECTION('',(-0.969409616881975,-0.245448558147613,-2.42854141639226E-8));
#3079=DIRECTION('',(-1.54148907400139E-7,-0.999999999999987,5.05689667120632E-8));
#3080=DIRECTION('center_axis',(-0.245448558147612,0.969409616881974,-5.83136285139554E-8));
#3081=DIRECTION('ref_axis',(-0.969409616881975,-0.245448558147614,-2.42854141639226E-8));
#3082=DIRECTION('',(0.969409616881975,0.245448558147613,2.42854141639226E-8));
#3083=DIRECTION('',(-3.7855509865681E-8,5.05689724403154E-8,0.999999999999998));
#3084=DIRECTION('center_axis',(0.245448558147612,-0.969409616881974,5.83136285139554E-8));
#3085=DIRECTION('ref_axis',(-0.967996091860088,-0.245090665545188,-0.0539826991378902));
#3086=DIRECTION('',(-3.7855509865681E-8,5.05689724403154E-8,0.999999999999998));
#3087=DIRECTION('center_axis',(-0.245448558147613,0.969409616881975,-2.18985967121113E-8));
#3088=DIRECTION('ref_axis',(2.77556881121922E-17,-2.25896218935126E-8,-1.));
#3089=DIRECTION('',(0.851964585590344,0.215712187125551,-0.477100196211848));
#3090=DIRECTION('',(2.77556930256032E-17,-2.25896218935126E-8,-1.));
#3091=DIRECTION('',(0.969409616881975,0.245448558147613,2.33292224042991E-14));
#3092=DIRECTION('',(-0.000320579637910384,-8.11462047943042E-5,0.999999945321993));
#3093=DIRECTION('center_axis',(-0.998629534754574,-3.87754958052586E-16,
-0.0523359562429372));
#3094=DIRECTION('ref_axis',(0.0523359562429372,9.51673621414662E-14,-0.998629534754574));
#3095=DIRECTION('center_axis',(0.999999999999988,-1.54148905485825E-7,3.78555176608324E-8));
#3096=DIRECTION('ref_axis',(3.78555176608475E-8,9.50166452553653E-14,-0.999999999999999));
#3097=DIRECTION('',(-0.998629534754574,-3.87754958052586E-16,-0.0523359562429372));
#3098=DIRECTION('',(-0.998629534754574,-3.87754958052586E-16,-0.0523359562429372));
#3099=DIRECTION('center_axis',(0.999999999999988,-1.54148905485825E-7,3.78555176608324E-8));
#3100=DIRECTION('ref_axis',(3.78555176608475E-8,9.50166452553653E-14,-0.999999999999999));
#3101=DIRECTION('center_axis',(-0.998629534754574,-3.87754958052586E-16,
-0.0523359562429372));
#3102=DIRECTION('ref_axis',(0.0523359562429372,9.51673621414662E-14,-0.998629534754574));
#3103=DIRECTION('center_axis',(-0.999999999999988,1.54148905485825E-7,-3.78555176608324E-8));
#3104=DIRECTION('ref_axis',(3.78555176608475E-8,9.50166452561664E-14,-0.999999999999999));
#3105=DIRECTION('center_axis',(-0.998629534754574,-3.87754958052586E-16,
-0.0523359562429372));
#3106=DIRECTION('ref_axis',(0.0523359562429372,9.51673621414662E-14,-0.998629534754574));
#3107=DIRECTION('center_axis',(-0.999999999999988,1.54148905485825E-7,-3.78555176608324E-8));
#3108=DIRECTION('ref_axis',(3.78555176608475E-8,9.50166452561664E-14,-0.999999999999999));
#3109=DIRECTION('center_axis',(-0.999999999999988,1.54148905485825E-7,-3.78555176608324E-8));
#3110=DIRECTION('ref_axis',(-1.54148907400139E-7,-0.999999999999987,5.05689667120632E-8));
#3111=DIRECTION('center_axis',(-0.999999999999988,1.54148905485825E-7,-3.78555176608324E-8));
#3112=DIRECTION('ref_axis',(-1.54148907400139E-7,-0.999999999999987,5.05689667120632E-8));
#3113=DIRECTION('',(1.54148907400139E-7,0.999999999999987,-5.05689667120632E-8));
#3114=DIRECTION('center_axis',(1.,5.19751741551504E-15,2.775557561565E-17));
#3115=DIRECTION('ref_axis',(2.77555756151566E-17,9.49376767915729E-14,-1.));
#3116=DIRECTION('',(-4.62925316214323E-15,0.888212772396463,0.459432335553114));
#3117=DIRECTION('',(-5.19751741117451E-15,0.999999999999988,-1.56381813520204E-7));
#3118=DIRECTION('',(4.62925298176043E-15,-0.888212737328854,-0.459432403348723));
#3119=DIRECTION('center_axis',(0.523069743004657,-0.391570367640054,0.757014326904898));
#3120=DIRECTION('ref_axis',(-4.63518112781003E-15,0.88821226483506,0.459433316811671));
#3121=DIRECTION('',(0.822709162469188,5.82445559699756E-14,-0.568462517664311));
#3122=DIRECTION('',(0.36122094054453,-0.702641858543024,-0.613036581889964));
#3123=DIRECTION('',(-0.851965288222952,-0.21571279300977,0.477098667567943));
#3124=DIRECTION('',(0.599104862657144,0.800670548186674,0.000191851546192524));
#3125=DIRECTION('center_axis',(0.86155870420183,2.10634121467713E-7,0.507657954940154));
#3126=DIRECTION('ref_axis',(-5.19751775175335E-15,0.999999999999914,-4.1491345686597E-7));
#3127=DIRECTION('',(0.507657954940165,8.44329428584078E-14,-0.861558704201849));
#3128=DIRECTION('',(-1.54349684864731E-7,-0.999999999999759,6.76864082616785E-7));
#3129=DIRECTION('',(-0.507657954940167,9.35129979578565E-9,0.861558704201848));
#3130=DIRECTION('center_axis',(0.346036145335313,-0.915794070343703,0.203912252806916));
#3131=DIRECTION('ref_axis',(-9.88255424824135E-16,0.217339212486237,0.976096136000887));
#3132=DIRECTION('center_axis',(0.346060895247746,-0.915785171012766,0.203910218805845));
#3133=DIRECTION('ref_axis',(-4.98721311516104E-8,-0.217339177167229,-0.976096143865075));
#3134=DIRECTION('center_axis',(0.938221181876362,0.337764544378441,-0.0752072233189491));
#3135=DIRECTION('ref_axis',(1.10228489691923E-15,-0.217339212486237,-0.976096136000887));
#3136=DIRECTION('center_axis',(0.706993390992081,1.10596373790205E-7,0.707220153200902));
#3137=DIRECTION('ref_axis',(-5.19751716941819E-15,0.999999999999988,-1.56381813520204E-7));
#3138=DIRECTION('',(-0.706982765324553,-0.0259076875954969,0.706756083282983));
#3139=DIRECTION('',(1.07653525238271E-7,0.999999999999959,-2.64000826059067E-7));
#3140=DIRECTION('',(-0.702993102112911,-0.109170696086565,0.702767712332916));
#3141=DIRECTION('',(0.651557380374641,-0.388867889374198,-0.651348404997657));
#3142=DIRECTION('',(-0.505786409731268,0.698945170418252,0.505624125690374));
#3143=DIRECTION('',(-0.706982765324553,-0.0259076875954969,0.706756083282983));
#3144=DIRECTION('',(-1.48639697137359E-7,0.999999999999989,-7.78978123020446E-9));
#3145=DIRECTION('',(-0.707220153200906,-7.07960991106496E-14,0.706993390992085));
#3146=DIRECTION('center_axis',(1.,5.19751741551504E-15,2.775557561565E-17));
#3147=DIRECTION('ref_axis',(2.77555756151566E-17,9.49376767915729E-14,-1.));
#3148=DIRECTION('',(-1.15671617548647E-15,0.21733915920594,0.976096147864366));
#3149=DIRECTION('',(5.19751741786667E-15,-0.999999999999996,-8.47268524050342E-8));
#3150=DIRECTION('',(-1.15671504675259E-15,0.217338941779523,0.976096196276861));
#3151=DIRECTION('',(-2.77556939777845E-17,2.27728211550748E-8,1.));
#3152=DIRECTION('',(-5.19751741551505E-15,1.,9.49376767915729E-14));
#3153=DIRECTION('center_axis',(-1.,-1.27870486926179E-8,-8.85701079373799E-10));
#3154=DIRECTION('ref_axis',(8.85701079372585E-10,9.49376767961764E-14,-1.));
#3155=DIRECTION('',(-1.,-1.27870486926179E-8,-8.85701079373799E-10));
#3156=DIRECTION('center_axis',(0.999999948614338,-1.54132688098639E-7,0.000320579626458559));
#3157=DIRECTION('ref_axis',(0.000320579626458563,4.1941936398025E-12,-0.99999994861435));
#3158=DIRECTION('center_axis',(-0.245307551131126,0.946271877715199,-0.2106982173712));
#3159=DIRECTION('ref_axis',(1.13797860024078E-15,-0.217338941779523,-0.976096196276862));
#3160=DIRECTION('',(-0.967985591597986,-0.251005574213737,-0.000310116639399921));
#3161=DIRECTION('center_axis',(0.999999948614338,-1.54132688098639E-7,0.000320579626458559));
#3162=DIRECTION('ref_axis',(0.000320579626458563,9.49393381313602E-14,-0.99999994861435));
#3163=DIRECTION('',(-0.000320579626458563,-9.49393381313303E-14,0.99999994861435));
#3164=DIRECTION('',(1.54132695988412E-7,0.999999999999988,9.49376767958498E-14));
#3165=DIRECTION('',(-0.000320579626455054,2.276633535237E-8,0.99999994861435));
#3166=DIRECTION('center_axis',(-0.000320583179361918,2.64035324402304E-7,
0.999999948613176));
#3167=DIRECTION('ref_axis',(-5.19751740804688E-15,0.999999999999965,-2.64035337971899E-7));
#3168=DIRECTION('',(0.935417054035885,0.353546100455649,0.00029978563995789));
#3169=DIRECTION('',(0.999999948613211,5.16708172616424E-15,0.000320583179361929));
#3170=DIRECTION('',(-0.93541701184161,-0.353546212093825,-0.000299785626401638));
#3171=DIRECTION('',(-0.967985591329868,-0.251005575078413,-0.000310253640049562));
#3172=DIRECTION('center_axis',(0.245307507244415,-0.946271820329666,0.210698526192072));
#3173=DIRECTION('ref_axis',(-1.04777297948999E-15,0.217339257844086,0.976096125901431));
#3174=DIRECTION('center_axis',(0.998629534754574,2.21740300164932E-16,0.0523359562429349));
#3175=DIRECTION('ref_axis',(0.0523359562429349,9.5079585049079E-14,-0.998629534754574));
#3176=DIRECTION('',(0.0523359562429349,9.50795850490789E-14,-0.998629534754574));
#3177=DIRECTION('',(-5.19751741551505E-15,1.,9.49376767915729E-14));
#3178=DIRECTION('',(0.0512312080275562,-0.204381947564201,-0.977549683051405));
#3179=DIRECTION('',(1.38372730124578E-8,0.999999999999965,-2.64030901973028E-7));
#3180=DIRECTION('',(0.0512940300910961,-0.198545947036739,-0.978748399432816));
#3181=DIRECTION('center_axis',(-0.998629534754574,-2.21740300164714E-16,
-0.0523359562429372));
#3182=DIRECTION('ref_axis',(5.19751741551505E-15,-1.,-9.49376767915729E-14));
#3183=DIRECTION('',(3.25231563175064E-15,-1.,-9.55337304048094E-14));
#3184=DIRECTION('center_axis',(-0.998629534754574,-2.21740300164714E-16,
-0.0523359562429372));
#3185=DIRECTION('ref_axis',(0.0523359562429372,-5.59275482700029E-12,-0.998629534754574));
#3186=DIRECTION('',(0.0523359562429372,9.4916759647729E-14,-0.998629534754574));
#3187=DIRECTION('',(-0.0523359562429385,-9.4998172348404E-14,0.998629534754574));
#3188=DIRECTION('center_axis',(-0.998629534754574,-2.21740300164714E-16,
-0.0523359562429372));
#3189=DIRECTION('ref_axis',(0.0523359562429372,2.78522276450649E-11,-0.998629534754574));
#3190=DIRECTION('center_axis',(-0.998629534754574,-2.21740300164714E-16,
-0.0523359562429372));
#3191=DIRECTION('ref_axis',(5.19751741551505E-15,-1.,-9.49376767915729E-14));
#3192=DIRECTION('center_axis',(0.0523359562429365,9.55730177961152E-14,
-0.998629534754574));
#3193=DIRECTION('ref_axis',(3.25231563175064E-15,-1.,-9.55337304048094E-14));
#3194=DIRECTION('',(-0.998629534754574,-2.21740300164781E-16,-0.0523359562429365));
#3195=DIRECTION('',(-0.998629534754574,-2.21740300164781E-16,-0.0523359562429365));
#3196=DIRECTION('',(-0.998629534754574,-2.21740300164781E-16,-0.0523359562429365));
#3197=DIRECTION('center_axis',(5.1932566039749E-15,-1.,-9.48563756641748E-14));
#3198=DIRECTION('ref_axis',(-0.0523359562429385,-9.4998172348404E-14,0.998629534754574));
#3199=DIRECTION('center_axis',(-5.18899579243476E-15,1.,9.47750745367766E-14));
#3200=DIRECTION('ref_axis',(0.0523359562429372,9.4916759647729E-14,-0.998629534754574));
#3201=DIRECTION('',(-0.998629534754574,-2.21740300164781E-16,-0.0523359562429365));
#3202=DIRECTION('',(-0.998629534754574,-2.21740300164848E-16,-0.0523359562429358));
#3203=DIRECTION('center_axis',(-0.998629534754574,-2.21740300164781E-16,
-0.0523359562429365));
#3204=DIRECTION('ref_axis',(5.19751741551505E-15,-1.,-9.49376767915729E-14));
#3205=DIRECTION('',(-0.998629534754574,-2.21740300164781E-16,-0.0523359562429365));
#3206=DIRECTION('center_axis',(-0.998629534754574,-2.21740300164712E-16,
-0.0523359562429372));
#3207=DIRECTION('ref_axis',(5.19751741551504E-15,-1.,-9.49376767915729E-14));
#3208=DIRECTION('center_axis',(-0.998629534754574,-2.21740300164712E-16,
-0.0523359562429372));
#3209=DIRECTION('ref_axis',(5.19751741551505E-15,-1.,-9.49376767915729E-14));
#3210=DIRECTION('center_axis',(0.998629534754574,2.21740300164712E-16,0.0523359562429372));
#3211=DIRECTION('ref_axis',(5.19751741551505E-15,-1.,-9.49376767915729E-14));
#3212=DIRECTION('center_axis',(0.998629534754574,2.21740300164781E-16,0.0523359562429365));
#3213=DIRECTION('ref_axis',(5.19751741551505E-15,-1.,-9.49376767915729E-14));
#3214=DIRECTION('',(0.998629534754574,2.21740300164781E-16,0.0523359562429365));
#3215=DIRECTION('center_axis',(-5.19751741551505E-15,1.,9.49376767915729E-14));
#3216=DIRECTION('ref_axis',(2.77555756151565E-17,9.49376767915729E-14,-1.));
#3217=DIRECTION('',(-0.998629534754574,-2.21740300164848E-16,-0.0523359562429358));
#3218=DIRECTION('center_axis',(0.0523359562429358,9.50795850490789E-14,
-0.998629534754574));
#3219=DIRECTION('ref_axis',(-0.998629534754574,-2.21740300164848E-16,-0.0523359562429358));
#3220=DIRECTION('',(-0.963976403035198,-0.261146008734197,-0.0505198625643457));
#3221=DIRECTION('center_axis',(-5.19751741551505E-15,1.,9.49376767915729E-14));
#3222=DIRECTION('ref_axis',(2.77555756151565E-17,9.49376767915729E-14,-1.));
#3223=DIRECTION('',(0.999999948665719,5.16709728011391E-15,0.000320419348970342));
#3224=DIRECTION('',(-0.507657242003135,-8.44329790347907E-14,0.861559124286761));
#3225=DIRECTION('center_axis',(-0.000320419348970342,-6.44934435358578E-12,
0.999999948665719));
#3226=DIRECTION('ref_axis',(-5.19751741551522E-15,1.,6.44934301927302E-12));
#3227=DIRECTION('',(-0.967985631604939,-0.25100541987441,-0.000310161343432229));
#3228=DIRECTION('',(0.935417058463445,0.353546088791935,0.000299725742554955));
#3229=DIRECTION('center_axis',(-0.000320419348970342,-6.44934435358578E-12,
0.999999948665719));
#3230=DIRECTION('ref_axis',(-0.353552608697587,0.935414635362104,-0.000113285096488245));
#3231=DIRECTION('center_axis',(0.34606680118433,-0.915781776128952,0.20391544234841));
#3232=DIRECTION('ref_axis',(-0.935436699935359,-0.353494243820242,-3.35009797680641E-14));
#3233=DIRECTION('center_axis',(0.245307375891281,-0.946271860732767,0.210698497665932));
#3234=DIRECTION('ref_axis',(-0.969445350964528,-0.239455500107522,0.0532613833984857));
#3235=DIRECTION('center_axis',(-0.346060822928885,0.91578530859509,-0.203909723640583));
#3236=DIRECTION('ref_axis',(-0.664574489377951,-0.392682524635529,-0.635720994551779));
#3237=DIRECTION('center_axis',(-0.000320583179361918,2.64035324402304E-7,
0.999999948613176));
#3238=DIRECTION('ref_axis',(-0.353552620263464,0.935414630953647,-0.000113590011418363));
#3239=DIRECTION('center_axis',(-0.245307507244415,0.946271820329666,-0.210698526192072));
#3240=DIRECTION('ref_axis',(-0.969445317744897,-0.239455553198803,0.053261749358714));
#3241=DIRECTION('center_axis',(0.245307507244415,-0.946271820329666,0.210698526192072));
#3242=DIRECTION('ref_axis',(-1.04777297948999E-15,0.217339257844086,0.976096125901431));
#3243=DIRECTION('',(-0.967985591329868,-0.251005575078413,-0.000310253640049562));
#3244=DIRECTION('',(-0.963136920461294,-0.213131705438139,0.164140636593639));
#3245=DIRECTION('center_axis',(-0.245307668985564,0.445394508381043,-0.861073678288262));
#3246=DIRECTION('ref_axis',(4.62130334000221E-15,-0.888212772396463,-0.459432335553114));
#3247=DIRECTION('center_axis',(-0.523071466052399,0.391569103266038,-0.757013790342834));
#3248=DIRECTION('ref_axis',(4.52415882534751E-15,-0.888212737328854,-0.459432403348723));
#3249=DIRECTION('',(-0.851964198536461,-0.215711853367427,0.477101038281111));
#3250=DIRECTION('center_axis',(-0.000320351211079506,-8.47268480591568E-8,
0.999999948687546));
#3251=DIRECTION('ref_axis',(-5.19751741785026E-15,0.999999999999996,8.47268524050342E-8));
#3252=DIRECTION('',(0.935417018766465,0.353546193851379,0.000299691945058796));
#3253=DIRECTION('',(0.999999948687549,2.02351315097521E-8,0.000320351211081222));
#3254=DIRECTION('center_axis',(5.19751741551505E-15,-1.,-9.49376767915729E-14));
#3255=DIRECTION('ref_axis',(-2.77555756151565E-17,-9.49376767915729E-14,
1.));
#3256=DIRECTION('center_axis',(-0.245307282879736,-0.94627192667787,-0.210698309787985));
#3257=DIRECTION('ref_axis',(9.36750677027476E-16,-0.217339021891559,0.976096178439));
#3258=DIRECTION('',(-0.967985661600207,0.251005304258962,-0.000310113326815674));
#3259=DIRECTION('center_axis',(-0.245307282879736,-0.94627192667787,-0.210698309787985));
#3260=DIRECTION('ref_axis',(9.36750677027476E-16,-0.217339021891559,0.976096178439));
#3261=DIRECTION('',(-0.967985661600207,0.251005304258962,-0.000310113326815674));
#3262=DIRECTION('center_axis',(-0.000320372027988908,-8.83873796594242E-9,
0.99999994868088));
#3263=DIRECTION('ref_axis',(-5.19751741576252E-15,1.,8.83873841787356E-9));
#3264=DIRECTION('',(-5.19751741576037E-15,1.,8.83873841787355E-9));
#3265=DIRECTION('center_axis',(-0.000320372027988908,-8.83873796594242E-9,
0.99999994868088));
#3266=DIRECTION('ref_axis',(-5.19751741576252E-15,1.,8.83873841787356E-9));
#3267=DIRECTION('center_axis',(0.346060822928885,-0.91578530859509,0.203909723640583));
#3268=DIRECTION('ref_axis',(-1.08246744900953E-15,0.217338625256823,0.976096266754194));
#3269=DIRECTION('',(0.935417054035885,0.353546100455649,0.00029978563995789));
#3270=DIRECTION('center_axis',(-0.000320583179361918,2.64035324402304E-7,
0.999999948613176));
#3271=DIRECTION('ref_axis',(-5.19751740804688E-15,0.999999999999965,-2.64035337971899E-7));
#3272=DIRECTION('center_axis',(2.02278372468552E-8,-1.,2.27728211550748E-8));
#3273=DIRECTION('ref_axis',(-2.77556939777845E-17,2.27728211550748E-8,1.));
#3274=DIRECTION('',(-0.507658059473368,9.35129627862873E-9,0.861558642607533));
#3275=DIRECTION('',(-1.,-2.02278372468552E-8,-2.77574959990313E-17));
#3276=DIRECTION('center_axis',(-2.77555756151565E-17,-9.49376767915729E-14,
1.));
#3277=DIRECTION('ref_axis',(-5.19751741551505E-15,1.,9.49376767915729E-14));
#3278=DIRECTION('center_axis',(-0.346060895627089,0.915785170877359,-0.203910218770181));
#3279=DIRECTION('ref_axis',(1.20736753927986E-15,-0.21733915920594,-0.976096147864366));
#3280=DIRECTION('center_axis',(-0.245307375891281,0.946271860732767,-0.210698497665932));
#3281=DIRECTION('ref_axis',(1.346145417358E-15,-0.217339220967387,-0.97609613411246));
#3282=DIRECTION('center_axis',(-0.245307420779866,-3.97794996716275E-8,
0.969445341063811));
#3283=DIRECTION('ref_axis',(-5.19751740764621E-15,0.999999999999999,4.1033255524222E-8));
#3284=DIRECTION('',(-0.94153051089805,0.238243897104944,-0.238243871988988));
#3285=DIRECTION('center_axis',(0.999999999999998,-6.98070193161074E-8,1.17395692618433E-8));
#3286=DIRECTION('ref_axis',(-1.173956926185E-8,-9.49376768525895E-14,1.));
#3287=DIRECTION('',(0.999999999999998,-6.98070193161074E-8,1.17395692618433E-8));
#3288=DIRECTION('center_axis',(-0.245307440494322,-0.969445336075286,2.04786937468278E-8));
#3289=DIRECTION('ref_axis',(0.969445336075286,-0.245307440494322,1.13808473795147E-8));
#3290=DIRECTION('center_axis',(0.998629534754574,4.28892675156848E-16,0.0523359562429372));
#3291=DIRECTION('ref_axis',(0.0523359562429372,9.51673621414663E-14,-0.998629534754574));
#3292=DIRECTION('center_axis',(-0.998629534754574,-4.28892675156848E-16,
-0.0523359562429372));
#3293=DIRECTION('ref_axis',(0.0523359562429372,9.51673621414662E-14,-0.998629534754574));
#3294=DIRECTION('center_axis',(-0.998629534754574,-4.28892675156848E-16,
-0.0523359562429372));
#3295=DIRECTION('ref_axis',(0.0523359562429372,9.51673621414662E-14,-0.998629534754574));
#3296=DIRECTION('center_axis',(0.998629534754574,4.28892675156848E-16,0.0523359562429372));
#3297=DIRECTION('ref_axis',(0.0523359562429372,9.51673621414662E-14,-0.998629534754574));
#3298=DIRECTION('center_axis',(-0.998629534754574,-4.28892675156848E-16,
-0.0523359562429372));
#3299=DIRECTION('ref_axis',(5.40438589537675E-15,-1.,-9.49268352739397E-14));
#3300=DIRECTION('center_axis',(-1.,-5.19751741551504E-15,-2.775557561565E-17));
#3301=DIRECTION('ref_axis',(-2.77555756151566E-17,-9.49376767915729E-14,
1.));
#3302=DIRECTION('center_axis',(-0.245308798643324,-0.946271502741237,-0.210698448992893));
#3303=DIRECTION('ref_axis',(1.19348975147204E-15,-0.217339251471277,0.976096127320412));
#3304=DIRECTION('center_axis',(-0.245307440494322,-0.969445336075286,2.04786937468278E-8));
#3305=DIRECTION('ref_axis',(-2.77556790132055E-17,2.11241345866314E-8,1.));
#3306=DIRECTION('center_axis',(-0.998629534754574,-2.21740300164745E-16,
-0.0523359562429369));
#3307=DIRECTION('ref_axis',(5.19751741551505E-15,-1.,-9.49376767915729E-14));
#3308=DIRECTION('',(-0.998629534754574,-2.21740300164745E-16,-0.0523359562429369));
#3309=DIRECTION('center_axis',(0.998629534754574,4.28892675156848E-16,0.0523359562429372));
#3310=DIRECTION('ref_axis',(5.40438589537675E-15,-1.,-9.49268352739397E-14));
#3311=DIRECTION('center_axis',(0.998629534754574,4.28892675156848E-16,0.0523359562429372));
#3312=DIRECTION('ref_axis',(0.0523359562429372,9.51673621414663E-14,-0.998629534754574));
#3313=DIRECTION('center_axis',(0.998629534754574,4.28892675156848E-16,0.0523359562429372));
#3314=DIRECTION('ref_axis',(0.0523359562429372,9.51673621414662E-14,-0.998629534754574));
#3315=DIRECTION('center_axis',(-0.999999999999999,1.8125229922482E-15,4.94133453876606E-8));
#3316=DIRECTION('ref_axis',(-4.94133453876606E-8,9.50144918035967E-14,-0.999999999999999));
#3317=DIRECTION('',(0.998629534754574,4.2889267515685E-16,0.0523359562429372));
#3318=DIRECTION('',(-0.998629534754574,-4.2889267515685E-16,-0.0523359562429372));
#3319=DIRECTION('center_axis',(0.998629534754574,4.28892675156848E-16,0.0523359562429372));
#3320=DIRECTION('ref_axis',(0.0523359562429372,9.51673621414662E-14,-0.998629534754574));
#3321=DIRECTION('center_axis',(0.999999999999999,-1.8125229922482E-15,-4.94133453876606E-8));
#3322=DIRECTION('ref_axis',(-4.94133453876606E-8,9.50144918035967E-14,-0.999999999999999));
#3323=DIRECTION('center_axis',(0.998629534754574,4.28892675156848E-16,0.0523359562429372));
#3324=DIRECTION('ref_axis',(0.0523359562429372,9.51673621414662E-14,-0.998629534754574));
#3325=DIRECTION('center_axis',(0.999999999999999,-1.8125229922482E-15,-4.94133453876606E-8));
#3326=DIRECTION('ref_axis',(-4.94133453876606E-8,9.50144918035967E-14,-0.999999999999999));
#3327=DIRECTION('center_axis',(0.999999999999999,-1.8125229922482E-15,-4.94133453876606E-8));
#3328=DIRECTION('ref_axis',(-5.19751741157743E-15,0.99999999999999,-1.41865327045356E-7));
#3329=DIRECTION('center_axis',(-1.,-5.19751741551504E-15,-2.775557561565E-17));
#3330=DIRECTION('ref_axis',(-2.77555756151566E-17,-9.49376767915729E-14,
1.));
#3331=DIRECTION('',(0.,0.,1.));
#3332=DIRECTION('',(1.,0.,0.));
#3333=CARTESIAN_POINT('',(0.,0.,0.));
#3334=CARTESIAN_POINT('',(0.,0.,0.));
#3335=CARTESIAN_POINT('Origin',(-168.199994325638,-63.763247728349,-63.3666169643462));
#3336=CARTESIAN_POINT('',(-168.199994325638,-64.26133631114,-64.0003792564819));
#3337=CARTESIAN_POINT('',(-168.199994325638,-62.7581620231839,-62.9874920845088));
#3338=CARTESIAN_POINT('Origin',(-168.199994325638,-50.0272824422621,-64.5762867175611));
#3339=CARTESIAN_POINT('',(-168.199994325343,-64.486870641946,-62.9874920842942));
#3340=CARTESIAN_POINT('',(-168.199994325638,-64.3823553061761,-63.4568762453083));
#3341=CARTESIAN_POINT('',(-168.199994325638,-63.7826011578254,-62.9874920845092));
#3342=CARTESIAN_POINT('Origin',(-168.536164522171,-64.2714176177991,-63.3845801353515));
#3343=CARTESIAN_POINT('',(-169.062843892133,-64.1607475629403,-62.9877638646715));
#3344=CARTESIAN_POINT('Origin',(-172.691983019536,-61.8540392162287,-67.1882099506329));
#3345=CARTESIAN_POINT('',(-168.621847678899,-64.3274267249261,-62.9876249597835));
#3346=CARTESIAN_POINT('Origin',(-168.487628857295,-63.8019545873019,-62.9875826835692));
#3347=CARTESIAN_POINT('Origin',(-165.46992134865,-42.8358555709845,-62.9866321667352));
#3348=CARTESIAN_POINT('Origin',(-172.692846262927,-61.8563137337773,-67.1887127580419));
#3349=CARTESIAN_POINT('Origin',(-168.199994325638,64.6486258506763,-63.366616964334));
#3350=CARTESIAN_POINT('',(-168.199994325638,65.1466795970949,-64.000532512831));
#3351=CARTESIAN_POINT('',(-168.199994325277,65.3722476877298,-62.9874920842486));
#3352=CARTESIAN_POINT('',(-168.199994325638,65.2677325861195,-63.456875952698));
#3353=CARTESIAN_POINT('',(-168.199994325638,63.643538294677,-62.9874920844968));
#3354=CARTESIAN_POINT('Origin',(-168.199994325638,50.9689405020949,-64.5570342059415));
#3355=CARTESIAN_POINT('',(-168.199994325638,64.6679786841062,-62.987492084497));
#3356=CARTESIAN_POINT('Origin',(-172.404820773466,62.057223829567,-67.0128242202367));
#3357=CARTESIAN_POINT('',(-169.062971788679,65.0460780533696,-62.9877639049441));
#3358=CARTESIAN_POINT('Origin',(-165.517721815194,43.8894867562664,-62.9866472229072));
#3359=CARTESIAN_POINT('Origin',(-172.668582593707,62.7530095269298,-67.1669235975962));
#3360=CARTESIAN_POINT('Origin',(-168.536164522171,65.1567955017078,-63.3845801353392));
#3361=CARTESIAN_POINT('',(-168.621847321768,65.2128047779195,-62.9876249596587));
#3362=CARTESIAN_POINT('Origin',(-168.487628857295,64.6873315175362,-62.987582683557));
#3363=CARTESIAN_POINT('Origin',(-165.20000195554,-10.5573117732962,-117.728099180628));
#3364=CARTESIAN_POINT('',(-174.999997376946,-10.5573117732968,-112.240090459034));
#3365=CARTESIAN_POINT('',(-165.200001955374,-10.5573117732962,-117.728099180331));
#3366=CARTESIAN_POINT('',(-171.259178421753,-10.5573117732965,-114.334953381525));
#3367=CARTESIAN_POINT('',(-174.999997376946,11.4426887035404,-112.240090459033));
#3368=CARTESIAN_POINT('',(-174.999997376946,-10.5573117732968,-112.240090459034));
#3369=CARTESIAN_POINT('',(-165.200001955374,11.4426887035409,-117.728099180324));
#3370=CARTESIAN_POINT('',(-171.259178421751,11.4426887035406,-114.334953381522));
#3371=CARTESIAN_POINT('',(-165.200001955374,-10.5573117732962,-117.728099180331));
#3372=CARTESIAN_POINT('Origin',(-170.099999666214,-14.5573117732975,-104.10769224167));
#3373=CARTESIAN_POINT('',(-170.099999666214,-13.0573117732975,-104.10769224167));
#3374=CARTESIAN_POINT('Origin',(-170.099999666214,-14.5573117732975,-104.10769224167));
#3375=CARTESIAN_POINT('',(-170.099999666214,-13.0573117732965,-114.984096290943));
#3376=CARTESIAN_POINT('',(-170.099999666214,-13.0573117732975,-104.10769224167));
#3377=CARTESIAN_POINT('Origin',(-170.099999666214,-14.5573117732965,-114.984097173754));
#3378=CARTESIAN_POINT('Origin',(-170.099999666214,15.4426887035396,-104.107692241667));
#3379=CARTESIAN_POINT('',(-170.099999666214,16.9426887035396,-104.107692241667));
#3380=CARTESIAN_POINT('Origin',(-170.099999666214,15.4426887035396,-104.107692241667));
#3381=CARTESIAN_POINT('',(-170.099999666214,16.9426887035407,-114.984098056592));
#3382=CARTESIAN_POINT('',(-170.099999666214,16.9426887035396,-104.107692241667));
#3383=CARTESIAN_POINT('Origin',(-170.099999666214,15.4426887035407,-114.984097173772));
#3384=CARTESIAN_POINT('Origin',(-170.099999666214,15.9643128514327,-114.984097480772));
#3385=CARTESIAN_POINT('',(-174.999997377472,19.2452887906731,-112.240095050609));
#3386=CARTESIAN_POINT('',(-174.999997377396,17.1933564295561,-112.240093842802));
#3387=CARTESIAN_POINT('',(-165.200001954935,21.7265841110611,-117.728105233267));
#3388=CARTESIAN_POINT('',(-171.444989019697,20.1453938645161,-114.230904354633));
#3389=CARTESIAN_POINT('',(-165.200001955032,8.2034803477185,-117.728097274481));
#3390=CARTESIAN_POINT('Origin',(-170.099999666214,22.005115151408,-104.107692241667));
#3391=CARTESIAN_POINT('',(-165.200001955033,35.2662887334863,-104.107692241665));
#3392=CARTESIAN_POINT('',(-174.999997377396,29.8687950781022,-104.107692241666));
#3393=CARTESIAN_POINT('',(-169.906681392005,32.6740148288461,-104.107692241666));
#3394=CARTESIAN_POINT('',(-174.999997376696,-28.9834376970404,-104.107692241183));
#3395=CARTESIAN_POINT('',(-174.999997377396,20.2137582898166,-104.107692241667));
#3396=CARTESIAN_POINT('',(-165.200001954455,-34.3809246937133,-104.107692241268));
#3397=CARTESIAN_POINT('',(-169.906684723333,-31.7886521501019,-104.107692241672));
#3398=CARTESIAN_POINT('',(-165.200001955032,11.2238985336435,-104.107692241668));
#3399=CARTESIAN_POINT('Origin',(-170.099999666214,-15.0789758563005,-114.984097480775));
#3400=CARTESIAN_POINT('',(-165.200001955032,-20.8412823571536,-117.728105233453));
#3401=CARTESIAN_POINT('',(-174.999997377396,-18.3599962700051,-112.240095050468));
#3402=CARTESIAN_POINT('',(-171.444989435598,-19.2600978889869,-114.230904121731));
#3403=CARTESIAN_POINT('',(-174.999997377396,-16.3080189774626,-112.240093842795));
#3404=CARTESIAN_POINT('',(-165.200001955032,-7.3181299344335,-117.728097274521));
#3405=CARTESIAN_POINT('Origin',(-226.108500158086,-2.3702287673972,-56.2650905987797));
#3406=CARTESIAN_POINT('',(-218.493087305592,-44.3768501281748,-69.189376167992));
#3407=CARTESIAN_POINT('',(-240.986399510414,-44.3768501281785,-31.0154270984515));
#3408=CARTESIAN_POINT('',(-223.827176150507,-44.3768501281756,-60.136763816307));
#3409=CARTESIAN_POINT('',(-220.035351188947,-47.3768501013083,-66.5719612494374));
#3410=CARTESIAN_POINT('',(-215.204287407381,-37.9795015857133,-74.7708813893879));
#3411=CARTESIAN_POINT('',(-223.904617038476,-47.3768512493607,-60.0053355622151));
#3412=CARTESIAN_POINT('',(-217.549251536802,-47.3768499130764,-70.7911816398111));
#3413=CARTESIAN_POINT('',(-240.986398988023,-47.3768520355271,-31.0154267404144));
#3414=CARTESIAN_POINT('',(-230.692220939439,-47.3768520355254,-48.4859275258751));
#3415=CARTESIAN_POINT('',(-240.98640276191,-25.7000845308984,-31.0154293299695));
#3416=CARTESIAN_POINT('Origin',(-216.676772991816,-46.3948408762623,-69.400570392613));
#3417=CARTESIAN_POINT('',(-216.140057419123,-44.3768501281746,-70.8152375614586));
#3418=CARTESIAN_POINT('',(-216.372700860371,-44.3768501281746,-70.6544890763912));
#3419=CARTESIAN_POINT('',(-212.460166192765,-49.294842024255,-70.814058670652));
#3420=CARTESIAN_POINT('',(-217.366919490535,-42.7372098905517,-70.8156305992763));
#3421=CARTESIAN_POINT('',(-201.566122170447,-52.0531493729947,-76.9147144403743));
#3422=CARTESIAN_POINT('Origin',(-178.131533225377,-63.0863991650677,-67.1344736850682));
#3423=CARTESIAN_POINT('',(-174.999997377734,-65.8606318660716,-59.989667369811));
#3424=CARTESIAN_POINT('',(-174.999997377395,-71.7181562686877,-33.6828240885912));
#3425=CARTESIAN_POINT('',(-174.999997377395,-71.0855619419265,-36.5238809365627));
#3426=CARTESIAN_POINT('',(-180.862153533272,-63.6449963319372,-59.9915455062057));
#3427=CARTESIAN_POINT('',(-196.000001560759,-55.5160555820047,-70.8087853493286));
#3428=CARTESIAN_POINT('',(-186.305658663235,-59.1800880392259,-70.8056795849768));
#3429=CARTESIAN_POINT('',(-176.202912492679,-58.5904262322693,-90.5995349850479));
#3430=CARTESIAN_POINT('',(-185.453421337736,-57.1538770103838,-81.3519883420982));
#3431=CARTESIAN_POINT('',(-165.200001955214,-61.3762942185468,-96.7611726160984));
#3432=CARTESIAN_POINT('',(-178.600198771059,-57.9834483718868,-89.2570529848352));
#3433=CARTESIAN_POINT('',(-165.200001955032,-74.1994544565585,-39.1708249538383));
#3434=CARTESIAN_POINT('',(-165.200001955032,-66.7248005747289,-72.7403903116443));
#3435=CARTESIAN_POINT('',(-182.899053625928,-69.7181641145437,-29.2593498257703));
#3436=CARTESIAN_POINT('',(-172.225697377603,-65.1714801755134,-67.7930614015785));
#3437=CARTESIAN_POINT('Origin',(-173.722398782752,-64.6059000455989,-67.7930614981806));
#3438=CARTESIAN_POINT('Origin',(-193.733028332392,-66.9750690460272,-6.45584305128093));
#3439=CARTESIAN_POINT('',(-165.200001954702,-74.1994552878137,11.4489934140803));
#3440=CARTESIAN_POINT('',(-241.00001194641,-55.0073611937624,11.4489944369051));
#3441=CARTESIAN_POINT('',(-199.619701686825,-65.4846000256129,11.4489938785234));
#3442=CARTESIAN_POINT('',(-240.998140033246,-55.0078350555255,5.6102991104067));
#3443=CARTESIAN_POINT('',(-240.996248663483,-55.0083138414112,-0.289087049694192));
#3444=CARTESIAN_POINT('',(-174.999997377915,-71.7181569129262,5.61029911040584));
#3445=CARTESIAN_POINT('',(-201.816983186465,-64.9282618330547,5.61029911040648));
#3446=CARTESIAN_POINT('',(-174.999997377395,-71.7181567420063,-4.84480095058359));
#3447=CARTESIAN_POINT('',(-165.200001955032,-74.1994545329221,-34.5181991784598));
#3448=CARTESIAN_POINT('Origin',(-174.999997377395,-67.0506370067666,-3.23375869542992));
#3449=CARTESIAN_POINT('',(-174.999997377395,-65.7196766845796,-38.2381793121588));
#3450=CARTESIAN_POINT('',(-174.999997376994,-60.8764502962346,-59.9896677914061));
#3451=CARTESIAN_POINT('',(-174.999997377395,-68.2757929195985,-26.7583663998827));
#3452=CARTESIAN_POINT('',(-174.999997377395,-62.0161651573996,-59.9896676952907));
#3453=CARTESIAN_POINT('',(-174.999997377395,-47.3768520355303,5.61029911040815));
#3454=CARTESIAN_POINT('',(-174.999997377395,-61.2102800607759,5.61029911040684));
#3455=CARTESIAN_POINT('',(-174.999997377771,-47.37685203553,2.96921052367853));
#3456=CARTESIAN_POINT('',(-174.999997377395,-47.3768520355287,-11.0003429092511));
#3457=CARTESIAN_POINT('',(-174.999997376726,-65.7196758147488,2.96920977223805));
#3458=CARTESIAN_POINT('',(-174.999997377395,-61.2983336224029,2.96920995294149));
#3459=CARTESIAN_POINT('',(-174.999997377395,-65.7196759110016,-1.61760282501537));
#3460=CARTESIAN_POINT('',(-174.999997377395,-68.7189146418734,1.36920956638606));
#3461=CARTESIAN_POINT('Origin',(-174.999997377395,-68.7189146418736,2.96920995676044));
#3462=CARTESIAN_POINT('Origin',(-182.320248842239,-55.2571551005038,-84.4841567675325));
#3463=CARTESIAN_POINT('',(-191.189424719786,-53.9999946804787,-75.6178210200079));
#3464=CARTESIAN_POINT('',(-191.189424475919,-53.199790592081,-75.6178210072273));
#3465=CARTESIAN_POINT('',(-191.189418663833,-34.1285736137937,-75.617820702627));
#3466=CARTESIAN_POINT('',(-175.718582589041,-53.7667247636699,-91.0837082256017));
#3467=CARTESIAN_POINT('',(-181.357439766572,-53.5600869577879,-85.446656939971));
#3468=CARTESIAN_POINT('',(-174.999997377395,-52.7737121510282,-91.8020629773966));
#3469=CARTESIAN_POINT('',(-174.850756574342,-52.5674763457948,-91.951255916936));
#3470=CARTESIAN_POINT('',(-174.999997377395,-57.8724906045282,-91.8020646122236));
#3471=CARTESIAN_POINT('',(-174.999997377396,-36.39711058634,-91.8020577265491));
#3472=CARTESIAN_POINT('',(-173.034819270902,-56.6996136828048,-93.7666129545876));
#3473=CARTESIAN_POINT('',(-196.000000785014,-53.0235054151932,-70.8087853264737));
#3474=CARTESIAN_POINT('',(-195.999994128544,-31.6767504814792,-70.8087851359544));
#3475=CARTESIAN_POINT('',(-191.21689602166,-53.1987838881059,-75.5903582594818));
#3476=CARTESIAN_POINT('',(-181.357439766572,-53.5600869577879,-85.446656939971));
#3477=CARTESIAN_POINT('',(-191.216896007453,-53.9999946804787,-75.5903585305779));
#3478=CARTESIAN_POINT('',(-191.216896359824,-34.1285756318518,-75.5903518069243));
#3479=CARTESIAN_POINT('',(-183.673081963167,-53.999994680478,-83.1317565157115));
#3480=CARTESIAN_POINT('Origin',(-173.722401975228,-64.6059084938778,-67.7930633792887));
#3481=CARTESIAN_POINT('',(-168.74577122153,-55.9625183922383,-65.7425783791149));
#3482=CARTESIAN_POINT('Origin',(-170.300949490314,-55.5516861443953,-65.7770349011446));
#3483=CARTESIAN_POINT('',(-172.225700734025,-65.1714890576444,-67.7930633792888));
#3484=CARTESIAN_POINT('Origin',(-240.998231808344,-49.0299363136373,5.89330712953743));
#3485=CARTESIAN_POINT('',(-241.000013797283,-44.3768501281825,11.4489929288193));
#3486=CARTESIAN_POINT('',(-241.000012511447,-51.7600354398527,11.4489939762231));
#3487=CARTESIAN_POINT('',(-240.993499536256,-44.3768501281806,-8.86968440415171));
#3488=CARTESIAN_POINT('',(-240.998141362082,-47.3768520355306,5.61029911040678));
#3489=CARTESIAN_POINT('',(-240.994276797144,-47.3768520355295,-6.44369482153095));
#3490=CARTESIAN_POINT('',(-240.998140522647,-52.1999325875017,5.61029911040769));
#3491=CARTESIAN_POINT('',(-240.999525871848,-49.0573124444772,9.92964483339159));
#3492=CARTESIAN_POINT('Origin',(-240.999077025507,-49.057312444475,8.5296449640213));
#3493=CARTESIAN_POINT('Origin',(-170.099999666214,-64.5533108711268,-49.1813239455284));
#3494=CARTESIAN_POINT('',(-165.200001955293,-63.4176591296494,-59.9865281362579));
#3495=CARTESIAN_POINT('',(-175.475040867456,-60.7532681242785,-59.989819983057));
#3496=CARTESIAN_POINT('',(-165.200001955032,-68.1994573488859,-38.5109206563671));
#3497=CARTESIAN_POINT('',(-169.944773173612,-66.9988453672169,-38.3788700558982));
#3498=CARTESIAN_POINT('',(-165.200001955032,-62.8071915637898,-62.7282084064728));
#3499=CARTESIAN_POINT('Origin',(-207.999064683914,-55.3699231147846,5.61029911040739));
#3500=CARTESIAN_POINT('',(-203.020186526435,-47.3768520355304,5.61029911040815));
#3501=CARTESIAN_POINT('Origin',(-240.998646974563,-49.057312444473,8.52964496402369));
#3502=CARTESIAN_POINT('',(-174.999997377395,-49.057312139207,9.92964520039412));
#3503=CARTESIAN_POINT('Origin',(-174.999997377395,-49.0573121392069,8.52964533102134));
#3504=CARTESIAN_POINT('',(-240.998646982348,-49.0573124444731,9.92964483339647));
#3505=CARTESIAN_POINT('Origin',(-241.00001379685,-44.3768501281825,11.4489929288052));
#3506=CARTESIAN_POINT('',(-241.000011823742,-51.2638889034032,27.1141060406049));
#3507=CARTESIAN_POINT('',(-241.000013259728,-44.3768485735725,22.3231171491388));
#3508=CARTESIAN_POINT('Origin',(-241.000012008803,-53.0000000000092,17.2524480865512));
#3509=CARTESIAN_POINT('',(-241.000013797283,-44.3768501281825,11.4489929288193));
#3510=CARTESIAN_POINT('',(-241.00001108609,-55.0073587317488,28.8583264654572));
#3511=CARTESIAN_POINT('',(-241.00001194641,-55.0073611937624,11.4489944369051));
#3512=CARTESIAN_POINT('Origin',(-241.000011675725,-49.8750000264429,35.0034324020026));
#3513=CARTESIAN_POINT('Origin',(-241.00001379685,-44.3768501281825,11.4489929288052));
#3514=CARTESIAN_POINT('',(-241.000012005797,-44.3768449961541,47.6837537171345));
#3515=CARTESIAN_POINT('',(-241.000011044065,-51.2638889037653,42.8927587907951));
#3516=CARTESIAN_POINT('Origin',(-241.000010254531,-53.0000000000126,52.7544167744791));
#3517=CARTESIAN_POINT('',(-241.000010478782,-55.0073569728587,41.1485398658455));
#3518=CARTESIAN_POINT('Origin',(-241.000011675725,-49.8750000264429,35.0034324020026));
#3519=CARTESIAN_POINT('',(-241.000009969876,-55.0073555191493,51.4489944369047));
#3520=CARTESIAN_POINT('',(-241.00001194641,-55.0073611937624,11.4489944369051));
#3521=CARTESIAN_POINT('',(-241.000011820749,-44.3768444535694,51.4489929288189));
#3522=CARTESIAN_POINT('',(-241.000010534914,-51.7600297652396,51.4489939762227));
#3523=CARTESIAN_POINT('',(-241.000013797283,-44.3768501281825,11.4489929288193));
#3524=CARTESIAN_POINT('Origin',(-178.230296653676,-53.0000000000092,20.5420694745416));
#3525=CARTESIAN_POINT('',(-178.74570862872,-51.2638889035835,30.3767158208445));
#3526=CARTESIAN_POINT('',(-178.74570862872,-51.2638889035835,30.3767158208445));
#3527=CARTESIAN_POINT('',(-178.495311237672,-44.3768481204842,25.598848976007));
#3528=CARTESIAN_POINT('Origin',(-178.230296653676,-53.0000000000092,20.5420694745416));
#3529=CARTESIAN_POINT('',(-209.673969870296,-44.3768483526167,23.9648451125348));
#3530=CARTESIAN_POINT('Origin',(-179.158038208755,-49.8750000264429,38.2444328978869));
#3531=CARTESIAN_POINT('Origin',(-261.270481791908,-49.875000026443,33.9411020781903));
#3532=CARTESIAN_POINT('',(-179.57036778879,-51.263888903585,46.1121499749289));
#3533=CARTESIAN_POINT('',(-179.57036778879,-51.263888903585,46.1121499749289));
#3534=CARTESIAN_POINT('Origin',(-179.158038208755,-49.8750000264429,38.2444328978869));
#3535=CARTESIAN_POINT('Origin',(-180.085779763834,-53.0000000000126,55.9467963212315));
#3536=CARTESIAN_POINT('',(-179.820765499611,-44.3768445325435,50.8900229214098));
#3537=CARTESIAN_POINT('',(-210.463367972588,-44.3768447606906,49.2841117846563));
#3538=CARTESIAN_POINT('Origin',(-180.085779763834,-53.0000000000126,55.9467963212315));
#3539=CARTESIAN_POINT('Origin',(-203.100018670515,-54.4901230809649,51.4489924903942));
#3540=CARTESIAN_POINT('',(-169.155052672504,-44.3768442146714,51.4489893786771));
#3541=CARTESIAN_POINT('',(-205.473674076914,-44.3768444535692,51.4489911733296));
#3542=CARTESIAN_POINT('',(-165.199999978168,-74.1994496132007,51.4489934140799));
#3543=CARTESIAN_POINT('',(-199.619699710291,-65.4845943509998,51.4489938785229));
#3544=CARTESIAN_POINT('',(-165.199999972665,-44.5017836668137,51.4489892761768));
#3545=CARTESIAN_POINT('',(-165.199999978498,-27.0237124941261,51.4489867214648));
#3546=CARTESIAN_POINT('Origin',(-265.90893426814,-53.0000000000126,51.448995382596));
#3547=CARTESIAN_POINT('Origin',(-241.000011946487,-55.0073611940683,11.448994436906));
#3548=CARTESIAN_POINT('',(-165.200001954702,-74.1994552878137,11.4489934140803));
#3549=CARTESIAN_POINT('Origin',(-198.041308368955,-47.3768520355281,-18.7669271230742));
#3550=CARTESIAN_POINT('',(-165.200001955031,-47.376852035524,-59.986529494472));
#3551=CARTESIAN_POINT('',(-189.444512604339,-47.3768520355241,-59.9942962538149));
#3552=CARTESIAN_POINT('',(-165.200001954494,-47.3768520355302,5.44899097139014));
#3553=CARTESIAN_POINT('',(-165.200001955032,-47.3768520355258,-40.6737405425209));
#3554=CARTESIAN_POINT('',(-185.471949087195,-47.3768520355298,0.319398971485008));
#3555=CARTESIAN_POINT('Origin',(-180.860924959183,-56.9816884994523,-59.9915456771904));
#3556=CARTESIAN_POINT('',(-165.200001955032,-28.2695031816847,-59.98653111397));
#3557=CARTESIAN_POINT('Origin',(-171.320580720901,-43.40810036659,-101.82619428635));
#3558=CARTESIAN_POINT('',(-174.999997377396,-31.0930513761607,-105.653860184397));
#3559=CARTESIAN_POINT('',(-165.200001955032,-35.8440263795896,-109.967862703793));
#3560=CARTESIAN_POINT('Origin',(-171.223717927933,-45.1998348236065,-96.7954926490826));
#3561=CARTESIAN_POINT('',(-174.999997377396,-31.7500255568635,-102.676661901011));
#3562=CARTESIAN_POINT('',(-165.200001955032,-56.0943704948804,-92.8763121839622));
#3563=CARTESIAN_POINT('',(-174.513524328312,-54.0333908486171,-91.2890773987676));
#3564=CARTESIAN_POINT('',(-165.200001955032,-34.8770290398751,-103.851079977865));
#3565=CARTESIAN_POINT('Origin',(-169.314665361211,-52.9416922365567,-65.1958856291516));
#3566=CARTESIAN_POINT('',(-176.015458256898,-58.0851408797249,-70.8023828827551));
#3567=CARTESIAN_POINT('',(-170.556453762272,-51.1965501547824,-70.8006339094401));
#3568=CARTESIAN_POINT('Origin',(-178.831145443494,-78.1250291212261,-70.8032851273449));
#3569=CARTESIAN_POINT('',(-176.648431392135,-59.5854234603224,-62.9901968004621));
#3570=CARTESIAN_POINT('Origin',(-172.142835618468,-60.4258422310807,-66.8623295605452));
#3571=CARTESIAN_POINT('',(-174.800871826576,-51.8354635724222,-62.9896048062523));
#3572=CARTESIAN_POINT('Origin',(-165.565300042621,-43.0197957889876,-62.9866455504434));
#3573=CARTESIAN_POINT('Origin',(-169.256950321208,-52.7889616803899,-65.1618781722395));
#3574=CARTESIAN_POINT('Origin',(-172.657175042412,-51.4322146502417,-67.2964575073984));
#3575=CARTESIAN_POINT('',(-168.199994325951,-53.5471147652784,-62.9874897580998));
#3576=CARTESIAN_POINT('',(-183.254429415851,-49.6434001780172,-62.9923134900947));
#3577=CARTESIAN_POINT('',(-168.199994326116,-51.8075956454041,-70.7998789714112));
#3578=CARTESIAN_POINT('',(-168.199994325638,-51.3506271900354,-72.8521791710367));
#3579=CARTESIAN_POINT('',(-179.602303523567,-48.8509015829231,-70.8035319260892));
#3580=CARTESIAN_POINT('Origin',(-181.32650249345,0.442687443323191,-62.9916957446506));
#3581=CARTESIAN_POINT('',(-216.887478808279,-44.3768501281753,-63.0030901704041));
#3582=CARTESIAN_POINT('',(-193.279741294143,-53.2995267382024,-62.9955257941884));
#3583=CARTESIAN_POINT('',(-168.199994325638,-44.3768501281751,-62.9874897575224));
#3584=CARTESIAN_POINT('',(-192.211675658527,-44.3768501281752,-62.9951835652177));
#3585=CARTESIAN_POINT('',(-168.199994325638,0.442687839583469,-62.9874897572333));
#3586=CARTESIAN_POINT('Origin',(-207.847333192825,-44.376850128179,-23.6220506429714));
#3587=CARTESIAN_POINT('',(-212.285038970454,-44.3768501281746,-70.8140025213169));
#3588=CARTESIAN_POINT('',(-212.392951273941,-44.3768501281746,-70.6308619320154));
#3589=CARTESIAN_POINT('',(-189.872165526614,-44.3768501281745,-70.8068220632302));
#3590=CARTESIAN_POINT('',(-165.200001955032,-44.3768501281821,11.4489891829043));
#3591=CARTESIAN_POINT('',(-205.473676053448,-44.3768501281823,11.44899117333));
#3592=CARTESIAN_POINT('',(-165.200001955032,-44.3768501281743,-70.7989177917462));
#3593=CARTESIAN_POINT('',(-165.200001955032,-44.3768501281755,-57.8600546801208));
#3594=CARTESIAN_POINT('',(-168.199994325638,-44.3768501281743,-70.7998789054353));
#3595=CARTESIAN_POINT('',(-189.872165526614,-44.3768501281745,-70.8068220632302));
#3596=CARTESIAN_POINT('',(-168.199994325638,-44.3768501281754,-60.0166199477624));
#3597=CARTESIAN_POINT('Origin',(-165.200001955032,-44.3768501281821,11.448989183273));
#3598=CARTESIAN_POINT('',(-176.779400152218,-44.3768527656962,-7.14268498952175));
#3599=CARTESIAN_POINT('',(-174.827617829085,-44.3768444957438,51.1517027645678));
#3600=CARTESIAN_POINT('',(-170.276225477629,-44.3768444619048,51.3902311880579));
#3601=CARTESIAN_POINT('',(-173.502163560653,-44.3768480836845,25.8605286952785));
#3602=CARTESIAN_POINT('',(-171.771992163773,-44.3768527671748,-7.15310822178695));
#3603=CARTESIAN_POINT('',(-165.20000122141,-44.3768480219591,26.2956264814673));
#3604=CARTESIAN_POINT('',(-169.480919639227,-44.3768480537871,26.0712731081729));
#3605=CARTESIAN_POINT('',(-165.200001955032,-44.3768501281821,11.4489891829043));
#3606=CARTESIAN_POINT('Origin',(-185.676528215408,-55.3023285865793,-66.9042959213309));
#3607=CARTESIAN_POINT('',(-181.490769889919,-56.1719049841013,-70.1026743283525));
#3608=CARTESIAN_POINT('',(-191.477065237464,-52.281709170165,-70.6260338907815));
#3609=CARTESIAN_POINT('',(-190.661267797636,-52.5995058780522,-70.5832797586153));
#3610=CARTESIAN_POINT('',(-191.467563740465,-52.2449312460581,-70.8073332537615));
#3611=CARTESIAN_POINT('',(-191.378211466067,-51.8990708866994,-72.5122762149123));
#3612=CARTESIAN_POINT('',(-189.245389411748,-53.0848144539524,-70.8066213386523));
#3613=CARTESIAN_POINT('',(-181.454008406201,-56.0296104532133,-70.8041252240189));
#3614=CARTESIAN_POINT('',(-189.245389411748,-53.0848144539524,-70.8066213386523));
#3615=CARTESIAN_POINT('',(-181.435392301746,-55.9575521578894,-71.1593416577057));
#3616=CARTESIAN_POINT('Origin',(-191.477065237465,-12.9999946804792,-70.6260338907778));
#3617=CARTESIAN_POINT('',(-191.477065237465,53.1670882207306,-70.6260338907715));
#3618=CARTESIAN_POINT('',(-191.477065237465,12.9999946804779,-70.6260338907753));
#3619=CARTESIAN_POINT('',(-191.467563878716,53.1303109141388,-70.8073306157835));
#3620=CARTESIAN_POINT('',(-191.248021283335,52.2805182104396,-74.9964528870198));
#3621=CARTESIAN_POINT('',(-191.46756385168,55.0841691173908,-70.8073311316624));
#3622=CARTESIAN_POINT('',(-191.467564162985,32.5865694839616,-70.8073251916009));
#3623=CARTESIAN_POINT('',(-191.21689612958,54.0841544933619,-75.5903562002494));
#3624=CARTESIAN_POINT('',(-191.022531197216,53.3087544014212,-79.2990600419945));
#3625=CARTESIAN_POINT('',(-191.21689611301,55.9999946804784,-75.5903565164162));
#3626=CARTESIAN_POINT('',(-191.216896298342,34.5712537988567,-75.5903529800785));
#3627=CARTESIAN_POINT('',(-191.21538545625,55.9999946804784,-75.6191815645441));
#3628=CARTESIAN_POINT('',(-190.430633404766,55.9999946804798,-90.593142724881));
#3629=CARTESIAN_POINT('',(-191.21538545625,12.9999946804784,-75.6191815645482));
#3630=CARTESIAN_POINT('',(-191.21538545625,12.9999946804784,-75.6191815645482));
#3631=CARTESIAN_POINT('',(-190.430633404766,12.9999946804798,-90.5931427248851));
#3632=CARTESIAN_POINT('',(-191.858041736758,12.9999946804772,-63.3565692329484));
#3633=CARTESIAN_POINT('',(-190.221002287634,8.9999946804802,-94.5931427248855));
#3634=CARTESIAN_POINT('Origin',(-190.430633404766,8.9999946804799,-90.5931427248856));
#3635=CARTESIAN_POINT('',(-190.221002287634,-8.99999468036608,-94.5931427248872));
#3636=CARTESIAN_POINT('',(-190.221002287634,8.9999946804802,-94.5931427248855));
#3637=CARTESIAN_POINT('',(-190.430633404766,-12.9999946804773,-90.5931427248876));
#3638=CARTESIAN_POINT('Origin',(-190.430633404766,-8.99999468047764,-90.5931427248875));
#3639=CARTESIAN_POINT('',(-191.21538545625,-12.9999946804787,-75.6191815645506));
#3640=CARTESIAN_POINT('',(-190.430633404766,-12.9999946804773,-90.5931427248876));
#3641=CARTESIAN_POINT('',(-191.21538545625,-53.9999946804787,-75.6191815645545));
#3642=CARTESIAN_POINT('',(-191.21538545625,-12.9999946804787,-75.6191815645506));
#3643=CARTESIAN_POINT('',(-191.477065237464,-53.9999946804792,-70.6260338907816));
#3644=CARTESIAN_POINT('',(-191.46756373958,-54.1987973487967,-70.8073332706318));
#3645=CARTESIAN_POINT('',(-190.979758055435,-52.2527460009627,-80.1152202068742));
#3646=CARTESIAN_POINT('',(-191.46756375978,-10.5481753621943,-70.807332885221));
#3647=CARTESIAN_POINT('',(-190.780738867309,7.00000005286467,-83.9127325389864));
#3648=CARTESIAN_POINT('Origin',(-190.780738867309,5.286467263943E-8,-83.9127325389871));
#3649=CARTESIAN_POINT('Origin',(-191.21538545625,-12.9999946804787,-75.6191815645506));
#3650=CARTESIAN_POINT('',(-181.229090108704,-53.9999946804787,-75.0958220021251));
#3651=CARTESIAN_POINT('',(-181.229090108704,-12.9999946804787,-75.0958220021213));
#3652=CARTESIAN_POINT('',(-181.229090108704,-12.9999946804787,-75.0958220021213));
#3653=CARTESIAN_POINT('',(-181.229090108704,-55.8980919960393,-75.0958220021253));
#3654=CARTESIAN_POINT('',(-181.229090108704,-12.9999946804787,-75.0958220021213));
#3655=CARTESIAN_POINT('',(-188.776958286774,-53.8533390238082,-75.4913890116589));
#3656=CARTESIAN_POINT('Origin',(-181.229090108704,-12.9999946804787,-75.0958220021213));
#3657=CARTESIAN_POINT('',(-181.490769889919,-12.9999946804792,-70.1026743283484));
#3658=CARTESIAN_POINT('',(-181.490769889919,-12.9999946804792,-70.1026743283484));
#3659=CARTESIAN_POINT('',(-181.490769889919,-12.9999946804792,-70.1026743283484));
#3660=CARTESIAN_POINT('',(-181.454008405846,-56.7953807515903,-70.8041252307872));
#3661=CARTESIAN_POINT('',(-181.454008417772,-31.0481753797108,-70.8041250032182));
#3662=CARTESIAN_POINT('',(-181.054411262684,-55.2012284399947,-78.4288929394772));
#3663=CARTESIAN_POINT('Origin',(-181.490769889919,-12.9999946804792,-70.1026743283484));
#3664=CARTESIAN_POINT('',(-176.497622216146,-12.9999946804792,-69.8409945471337));
#3665=CARTESIAN_POINT('',(-176.497622216146,-12.9999946804792,-69.8409945471337));
#3666=CARTESIAN_POINT('',(-176.497622216146,12.9999946804779,-69.8409945471313));
#3667=CARTESIAN_POINT('',(-176.497622216146,-6.3948846218409E-13,-69.8409945471325));
#3668=CARTESIAN_POINT('',(-181.490769889919,12.9999946804779,-70.1026743283459));
#3669=CARTESIAN_POINT('',(-176.497622216146,12.9999946804779,-69.8409945471313));
#3670=CARTESIAN_POINT('',(-181.490769889919,57.0572835058981,-70.1026743283417));
#3671=CARTESIAN_POINT('',(-181.490769889919,12.9999946804779,-70.1026743283459));
#3672=CARTESIAN_POINT('',(-195.147471916939,51.7372688270305,-70.8183917539085));
#3673=CARTESIAN_POINT('Origin',(-168.199994325638,0.4426882358689,-66.8936844972463));
#3674=CARTESIAN_POINT('',(-168.199994325638,45.2622270584094,-62.9874897569443));
#3675=CARTESIAN_POINT('',(-168.199994325638,45.2622270584101,-70.7998781131389));
#3676=CARTESIAN_POINT('',(-168.199994325638,45.2622270584091,-60.0166199477966));
#3677=CARTESIAN_POINT('',(-168.199994325987,54.4324937729532,-62.9874897572245));
#3678=CARTESIAN_POINT('',(-168.199994325638,0.442687839583469,-62.9874897572333));
#3679=CARTESIAN_POINT('',(-168.199994325997,52.6929741440719,-70.7998780477807));
#3680=CARTESIAN_POINT('',(-168.199994325638,52.1611051717229,-73.1885644799418));
#3681=CARTESIAN_POINT('',(-168.199994325638,-3.82683388416187,-70.7998785470243));
#3682=CARTESIAN_POINT('Origin',(-165.200001955032,0.442681915875083,-62.5805539619631));
#3683=CARTESIAN_POINT('',(-165.200001955318,62.2616809989781,-96.7611271643246));
#3684=CARTESIAN_POINT('',(-165.200001955033,36.7293697003133,-109.967840658323));
#3685=CARTESIAN_POINT('',(-165.200001955033,75.0848313909599,-39.1708256875632));
#3686=CARTESIAN_POINT('',(-165.200001955033,67.6101775914296,-72.740389529613));
#3687=CARTESIAN_POINT('',(-165.200001954758,75.0848325348017,11.4489929288562));
#3688=CARTESIAN_POINT('',(-165.200001955033,75.0848314960609,-34.518199828647));
#3689=CARTESIAN_POINT('',(-165.200001955033,45.2622270584023,11.4489944365716));
#3690=CARTESIAN_POINT('',(-165.200001955033,27.9090956726357,11.4489953144464));
#3691=CARTESIAN_POINT('',(-165.200001955033,45.2622270584101,-70.7989169994499));
#3692=CARTESIAN_POINT('',(-165.200001955033,45.2622270584089,-57.860054680155));
#3693=CARTESIAN_POINT('',(-165.200001955417,61.8955343798496,-70.7989168528037));
#3694=CARTESIAN_POINT('',(-165.200001955032,-3.82683702510596,-70.7989174333352));
#3695=CARTESIAN_POINT('',(-165.200001954663,56.9797454448776,-92.8763021515917));
#3696=CARTESIAN_POINT('',(-165.200001955033,60.8228351289441,-75.6165351424896));
#3697=CARTESIAN_POINT('',(-165.200001955033,35.7623985490773,-103.851077049505));
#3698=CARTESIAN_POINT('',(-165.200001955488,-61.0101558206837,-70.7989179393031));
#3699=CARTESIAN_POINT('',(-165.200001955032,-59.1879194770861,-78.9828046452849));
#3700=CARTESIAN_POINT('',(-165.200001955032,-3.82683702510596,-70.7989174333352));
#3701=CARTESIAN_POINT('',(-165.200001955032,-27.0237181687393,11.4489867214653));
#3702=CARTESIAN_POINT('',(-165.200001954692,-68.1994565041249,1.45588136826175));
#3703=CARTESIAN_POINT('',(-165.200001818605,-68.7189153259819,1.3692096814338));
#3704=CARTESIAN_POINT('Origin',(-165.200001955032,-68.718915325982,2.96921007180817));
#3705=CARTESIAN_POINT('',(-165.200001955294,-68.1994564412292,4.48253876476502));
#3706=CARTESIAN_POINT('Origin',(-165.200001955032,-68.718915325982,2.96921007180817));
#3707=CARTESIAN_POINT('',(-165.200001954697,-68.1994564206575,5.44899011654727));
#3708=CARTESIAN_POINT('',(-165.200001955032,-68.1994571963713,-31.2909996930297));
#3709=CARTESIAN_POINT('',(-165.200001955032,-27.5516754804317,5.44899178417042));
#3710=CARTESIAN_POINT('',(-165.200001955032,-68.1994571963713,-31.2909996930297));
#3711=CARTESIAN_POINT('',(-165.200001954809,69.084832203979,4.48253455921051));
#3712=CARTESIAN_POINT('',(-165.200001243831,69.604293696452,1.36921216523079));
#3713=CARTESIAN_POINT('Origin',(-165.200001955033,69.6042936964514,2.96920975078778));
#3714=CARTESIAN_POINT('',(-165.200001955006,69.084832013415,1.45588497085411));
#3715=CARTESIAN_POINT('Origin',(-165.200001955033,69.6042936964514,2.96920975078778));
#3716=CARTESIAN_POINT('',(-165.200001955033,69.0848294265432,-38.5109211720547));
#3717=CARTESIAN_POINT('',(-165.200001955033,69.0848298933824,-31.2910026729962));
#3718=CARTESIAN_POINT('',(-165.200001955284,64.3030407976454,-59.9865281362375));
#3719=CARTESIAN_POINT('',(-165.200001955033,63.6925767296086,-62.7281981300922));
#3720=CARTESIAN_POINT('',(-165.200001955033,48.2622279301194,-59.9865294949926));
#3721=CARTESIAN_POINT('',(-165.200001955033,29.1548740395136,-59.9865311139648));
#3722=CARTESIAN_POINT('',(-165.200001954495,48.2622294197279,5.44899097139922));
#3723=CARTESIAN_POINT('',(-165.200001955033,48.2622282934752,-44.0100498510939));
#3724=CARTESIAN_POINT('',(-165.200001955547,69.0848322684243,5.44899011579877));
#3725=CARTESIAN_POINT('',(-165.200001955033,28.4370449077371,5.44899178417629));
#3726=CARTESIAN_POINT('',(-165.200001955033,69.0848298933824,-31.2910026729962));
#3727=CARTESIAN_POINT('Origin',(-176.649984633481,-8.09635603869458,-70.8025857254318));
#3728=CARTESIAN_POINT('',(-189.872165484777,45.26222705841,-70.8068212709204));
#3729=CARTESIAN_POINT('',(-167.337328762959,52.9166693289392,-70.7996016715553));
#3730=CARTESIAN_POINT('',(-181.283318876857,49.3003770460099,-70.8040696088812));
#3731=CARTESIAN_POINT('',(-167.543624524303,61.287816388535,-70.7996676889578));
#3732=CARTESIAN_POINT('Origin',(-178.831053631849,79.0098825525763,-70.8032837090566));
#3733=CARTESIAN_POINT('',(-183.033222338059,57.2712535666366,-70.8046301585781));
#3734=CARTESIAN_POINT('Origin',(-165.200001955033,45.2622270584023,11.4489944369164));
#3735=CARTESIAN_POINT('',(-165.200002698425,51.2638889035632,31.0866161874821));
#3736=CARTESIAN_POINT('',(-165.200002565235,45.2622278735355,27.568229806459));
#3737=CARTESIAN_POINT('Origin',(-165.200002325107,52.9999999999908,21.2249582637164));
#3738=CARTESIAN_POINT('',(-165.200001955033,45.2622270584023,11.4489944365716));
#3739=CARTESIAN_POINT('',(-165.200003468978,75.0848345575606,51.4489929288561));
#3740=CARTESIAN_POINT('',(-165.200001954758,75.0848325348017,11.4489929288562));
#3741=CARTESIAN_POINT('',(-165.200003469253,45.2622290811612,51.4489944365716));
#3742=CARTESIAN_POINT('',(-165.200003469253,27.9090976953946,51.4489953144464));
#3743=CARTESIAN_POINT('',(-165.200003428924,45.2622290272881,50.3836538352688));
#3744=CARTESIAN_POINT('',(-165.200001955033,45.2622270584023,11.4489944365716));
#3745=CARTESIAN_POINT('',(-165.200003295734,51.2638889035617,46.8652688655075));
#3746=CARTESIAN_POINT('Origin',(-165.200003669052,52.9999999999874,56.7269267892736));
#3747=CARTESIAN_POINT('Origin',(-165.200002997079,49.8750000264211,38.9759425264947));
#3748=CARTESIAN_POINT('Origin',(-171.239889910395,52.9999999999908,20.9084211682523));
#3749=CARTESIAN_POINT('',(-173.56867519237,45.2622278513568,27.1296462313953));
#3750=CARTESIAN_POINT('',(-169.54743225985,45.2622278620139,27.340390656482));
#3751=CARTESIAN_POINT('',(-173.752560954948,51.2638889035632,30.6383956020689));
#3752=CARTESIAN_POINT('',(-171.755301885438,51.2638889035632,30.7430675145548));
#3753=CARTESIAN_POINT('Origin',(-173.237148979904,52.9999999999908,20.8037492557664));
#3754=CARTESIAN_POINT('Origin',(-172.167631465473,49.8750000264211,38.6107845915969));
#3755=CARTESIAN_POINT('',(-174.577220115017,51.2638889035617,46.3738297561534));
#3756=CARTESIAN_POINT('',(-172.579961045508,51.2638889035617,46.4785016686392));
#3757=CARTESIAN_POINT('Origin',(-174.164890534983,49.8750000264211,38.506112679111));
#3758=CARTESIAN_POINT('Origin',(-173.095373020552,52.9999999999874,56.3131480149421));
#3759=CARTESIAN_POINT('',(-174.761105804039,45.2622290019491,49.8825777232856));
#3760=CARTESIAN_POINT('',(-170.209714394946,45.2622290140113,50.1211060249298));
#3761=CARTESIAN_POINT('Origin',(-175.092632090061,52.9999999999874,56.2084761024563));
#3762=CARTESIAN_POINT('Origin',(-174.164890534983,49.8750000264211,38.506112679111));
#3763=CARTESIAN_POINT('',(-171.833929689735,45.2622261774775,-5.97126982281097));
#3764=CARTESIAN_POINT('',(-174.164890534983,53.1250000264211,38.5061126791114));
#3765=CARTESIAN_POINT('Origin',(-174.164890534983,49.8750000264211,38.5061126791111));
#3766=CARTESIAN_POINT('Origin',(-174.164890534983,49.8750000264211,38.5061126791111));
#3767=CARTESIAN_POINT('',(-179.158038208755,53.1250000264211,38.2444328978967));
#3768=CARTESIAN_POINT('',(-174.164890534983,53.1250000264211,38.5061126791114));
#3769=CARTESIAN_POINT('Origin',(-179.158038208755,49.8750000264211,38.2444328978964));
#3770=CARTESIAN_POINT('Origin',(-179.158038208755,49.8750000264211,38.2444328978963));
#3771=CARTESIAN_POINT('',(-178.74570862872,51.2638889035632,30.3767158208543));
#3772=CARTESIAN_POINT('',(-178.561822865348,45.2622278384733,26.8679664350157));
#3773=CARTESIAN_POINT('Origin',(-178.230296653677,52.9999999999908,20.5420694745517));
#3774=CARTESIAN_POINT('',(-179.754253478606,45.2622289890656,49.6208979572359));
#3775=CARTESIAN_POINT('',(-176.86895059512,45.2622262046486,-5.43396074807577));
#3776=CARTESIAN_POINT('',(-179.57036778879,51.2638889035617,46.1121499749387));
#3777=CARTESIAN_POINT('Origin',(-180.085779763834,52.9999999999874,55.9467963212416));
#3778=CARTESIAN_POINT('Origin',(-179.158038208755,49.8750000264211,38.2444328978963));
#3779=CARTESIAN_POINT('Origin',(-170.30095076561,56.4370622237513,-65.7770345608339));
#3780=CARTESIAN_POINT('',(-170.301150755219,56.0890220733235,-67.3398890710769));
#3781=CARTESIAN_POINT('Origin',(-170.300930594751,56.4370671864057,-65.7770357571426));
#3782=CARTESIAN_POINT('Origin',(-174.999997377396,49.9426903327225,8.52964460850241));
#3783=CARTESIAN_POINT('',(-174.999997377396,49.9426900053371,9.92964522725841));
#3784=CARTESIAN_POINT('Origin',(-174.999997377396,49.9426900053373,8.52964512583));
#3785=CARTESIAN_POINT('Origin',(-169.120000123978,56.4314050674362,4.45707845688407));
#3786=CARTESIAN_POINT('',(-174.999997377735,66.6050518547296,2.96920977122532));
#3787=CARTESIAN_POINT('',(-170.633710885413,67.7098923430406,4.07405022866279));
#3788=CARTESIAN_POINT('',(-174.999997377772,48.2622291650016,2.9692105236876));
#3789=CARTESIAN_POINT('',(-189.655997152966,48.2622287841797,-0.739328112909416));
#3790=CARTESIAN_POINT('',(-174.999997377396,62.1837090029039,2.96920995295313));
#3791=CARTESIAN_POINT('Origin',(-165.04065984107,69.6042937717288,2.96920974427398));
#3792=CARTESIAN_POINT('',(-174.999997377396,69.604289066678,1.36921256584808));
#3793=CARTESIAN_POINT('Origin',(-174.999997377396,69.6042890666782,2.96921015140522));
#3794=CARTESIAN_POINT('',(-165.040659906477,69.604293771729,1.36921215871702));
#3795=CARTESIAN_POINT('Origin',(-163.147106066462,69.604294666293,2.96920966686673));
#3796=CARTESIAN_POINT('Origin',(-168.496057925401,68.2508014749526,-0.00144689170749501));
#3797=CARTESIAN_POINT('',(-174.999997377396,66.6050491906395,-38.238177630493));
#3798=CARTESIAN_POINT('',(-169.944775083899,67.884217168913,-38.3788694545487));
#3799=CARTESIAN_POINT('',(-174.999997377396,66.6050515585219,-1.6176026973254));
#3800=CARTESIAN_POINT('Origin',(-241.000013627998,45.262227058402,11.4489915674683));
#3801=CARTESIAN_POINT('',(-241.000013627998,45.262227058402,11.4489915675055));
#3802=CARTESIAN_POINT('',(-205.473679491102,45.2622270584022,11.4489929123358));
#3803=CARTESIAN_POINT('',(-241.000015142219,45.2622290811609,51.4489915675054));
#3804=CARTESIAN_POINT('',(-205.473681005323,45.2622290811611,51.4489929123357));
#3805=CARTESIAN_POINT('',(-241.000014951056,45.2622288366051,46.4111438195644));
#3806=CARTESIAN_POINT('',(-241.000013627998,45.262227058402,11.4489915675055));
#3807=CARTESIAN_POINT('',(-210.439595115281,45.2622289073936,48.0127474459692));
#3808=CARTESIAN_POINT('',(-241.000014087366,45.2622276624466,23.5957192993114));
#3809=CARTESIAN_POINT('',(-209.75005568743,45.2622277554685,25.2334603109652));
#3810=CARTESIAN_POINT('',(-241.000013627998,45.262227058402,11.4489915675055));
#3811=CARTESIAN_POINT('Origin',(-203.10002216127,55.3755077085567,51.4489924907702));
#3812=CARTESIAN_POINT('',(-241.000013503389,55.892737793627,51.4489910298909));
#3813=CARTESIAN_POINT('',(-199.619703564625,66.36997799589,51.4489920665439));
#3814=CARTESIAN_POINT('',(-241.000014007783,52.6187517759857,51.4489911954565));
#3815=CARTESIAN_POINT('Origin',(-165.200001954689,75.0848325345295,11.4489929288179));
#3816=CARTESIAN_POINT('',(-241.000011989169,55.8927357708681,11.448991029891));
#3817=CARTESIAN_POINT('',(-199.619702050404,66.3699759731311,11.4489920665439));
#3818=CARTESIAN_POINT('',(-241.000012680957,55.892736703167,29.7248753346983));
#3819=CARTESIAN_POINT('',(-241.000011989169,55.8927357708681,11.448991029891));
#3820=CARTESIAN_POINT('',(-241.000013080591,55.892737220995,40.28198871239));
#3821=CARTESIAN_POINT('Origin',(-264.76732293914,49.8750000264211,33.7578403991679));
#3822=CARTESIAN_POINT('',(-241.000011989169,55.8927357708681,11.448991029891));
#3823=CARTESIAN_POINT('Origin',(-193.733028332393,67.860445181522,-6.45584384599672));
#3824=CARTESIAN_POINT('',(-174.999997377396,72.6035328931901,-33.6828279257256));
#3825=CARTESIAN_POINT('',(-182.899060347729,70.603538787341,-29.2593524001273));
#3826=CARTESIAN_POINT('',(-174.999997377905,72.6035337801417,5.61029911041954));
#3827=CARTESIAN_POINT('',(-174.999997377396,72.6035335446302,-4.84480137699796));
#3828=CARTESIAN_POINT('',(-240.9981402224,55.8932095597164,5.61029911041672));
#3829=CARTESIAN_POINT('',(-201.816983307814,65.8136377287573,5.61029911041889));
#3830=CARTESIAN_POINT('',(-240.996058158515,55.8937365781818,-0.884387895551892));
#3831=CARTESIAN_POINT('Origin',(-179.158038208755,49.8750000264211,38.2444328978963));
#3832=CARTESIAN_POINT('',(-241.000013295424,51.2638889034036,27.1141059633697));
#3833=CARTESIAN_POINT('Origin',(-241.000013808174,49.8750000264211,35.0034322902552));
#3834=CARTESIAN_POINT('',(-178.74570862872,51.2638889035632,30.3767158208543));
#3835=CARTESIAN_POINT('',(-241.000013892733,51.2638889037213,42.8927586413952));
#3836=CARTESIAN_POINT('',(-179.57036778879,51.2638889035617,46.1121499749387));
#3837=CARTESIAN_POINT('Origin',(-241.000013808174,49.8750000264211,35.0034322902552));
#3838=CARTESIAN_POINT('Origin',(-180.085779763834,52.9999999999874,55.9467963212416));
#3839=CARTESIAN_POINT('Origin',(-241.000013998432,52.9999999999874,52.7544165782797));
#3840=CARTESIAN_POINT('Origin',(-178.230296653677,52.9999999999908,20.5420694745517));
#3841=CARTESIAN_POINT('Origin',(-241.000012654486,52.9999999999908,17.2524480527225));
#3842=CARTESIAN_POINT('Origin',(-241.000011988881,55.8927357708681,11.4489910298944));
#3843=CARTESIAN_POINT('Origin',(-241.000011988881,55.8927357708681,11.4489910298944));
#3844=CARTESIAN_POINT('',(-241.000012493563,52.6187497532268,11.4489911954565));
#3845=CARTESIAN_POINT('Origin',(-174.999997377396,18.4224014282256,-107.08243926366));
#3846=CARTESIAN_POINT('',(-174.999997377396,53.659075427902,-91.8020551192882));
#3847=CARTESIAN_POINT('',(-174.999997377396,32.6353797061421,-102.676663014585));
#3848=CARTESIAN_POINT('',(-174.999997377396,58.7577971656792,-91.8020559166354));
#3849=CARTESIAN_POINT('',(-174.999997377396,37.2824570206048,-91.8020525582829));
#3850=CARTESIAN_POINT('',(-174.999997377396,31.9783819907061,-105.653840018619));
#3851=CARTESIAN_POINT('Origin',(-216.676798423132,47.2802082697542,-69.4005656242325));
#3852=CARTESIAN_POINT('',(-218.49311202118,45.2622270584097,-69.189371415024));
#3853=CARTESIAN_POINT('',(-216.140071316678,45.2622270584099,-70.8152381296151));
#3854=CARTESIAN_POINT('',(-216.372709595886,45.2622270584099,-70.654493424273));
#3855=CARTESIAN_POINT('',(-220.035373584392,48.2622239504824,-66.5719546652976));
#3856=CARTESIAN_POINT('',(-214.490367710601,37.4761455056136,-75.9825232368357));
#3857=CARTESIAN_POINT('',(-212.460162702115,50.180221605527,-70.8140597112754));
#3858=CARTESIAN_POINT('',(-201.566120641945,52.9385314480171,-76.9146990485629));
#3859=CARTESIAN_POINT('',(-210.983477385596,52.1537299436716,-70.8135868318533));
#3860=CARTESIAN_POINT('Origin',(-226.108500158086,-2.3702287673972,-56.2650905987797));
#3861=CARTESIAN_POINT('',(-240.986400387944,45.2622270584061,-31.0154628021046));
#3862=CARTESIAN_POINT('',(-223.827192406776,45.2622270584089,-60.1367734198562));
#3863=CARTESIAN_POINT('',(-240.986399924895,48.2622270564036,-31.0154648326969));
#3864=CARTESIAN_POINT('',(-240.986403708985,23.7458770392035,-31.0154482384601));
#3865=CARTESIAN_POINT('',(-230.162785270318,48.2622268570275,-49.3844854022184));
#3866=CARTESIAN_POINT('Origin',(-172.025160607353,60.9996513123178,-66.7929484359574));
#3867=CARTESIAN_POINT('',(-173.72234523744,65.1433286044095,-69.3558312068079));
#3868=CARTESIAN_POINT('Origin',(-173.722345157592,65.4912965403934,-67.7930657407319));
#3869=CARTESIAN_POINT('Origin',(-172.025160607349,-751.747061482191,-3716.93466391851));
#3870=CARTESIAN_POINT('Origin',(-182.320264736812,56.1425113677986,-84.4841353098498));
#3871=CARTESIAN_POINT('',(-196.000002106014,53.9088755173399,-70.8087838452088));
#3872=CARTESIAN_POINT('',(-182.330252934119,54.409809356497,-84.474150044183));
#3873=CARTESIAN_POINT('',(-196.00000183782,56.4014335896102,-70.8087845031892));
#3874=CARTESIAN_POINT('',(-196.000002080011,54.1578296317909,-70.8087839106082));
#3875=CARTESIAN_POINT('',(-176.203011179208,59.4757898584019,-90.599427959985));
#3876=CARTESIAN_POINT('',(-185.45343027139,58.0392541536408,-81.3519746862696));
#3877=CARTESIAN_POINT('',(-173.034846734763,57.5849396312224,-93.7665762723458));
#3878=CARTESIAN_POINT('',(-175.71858967232,54.6520966012146,-91.083693388213));
#3879=CARTESIAN_POINT('',(-174.850760104005,53.4528447552774,-91.9512445091711));
#3880=CARTESIAN_POINT('',(-191.189422611409,54.085161272255,-75.6178209095023));
#3881=CARTESIAN_POINT('',(-182.330252934119,54.409809356497,-84.474150044183));
#3882=CARTESIAN_POINT('',(-191.189422896029,55.9999946804784,-75.6178209244184));
#3883=CARTESIAN_POINT('',(-191.189419710867,34.5712516572342,-75.6178207574932));
#3884=CARTESIAN_POINT('',(-183.673088814102,55.9999946804791,-83.1317449781372));
#3885=CARTESIAN_POINT('Origin',(-174.999997377396,67.9360127448966,-3.2337586954171));
#3886=CARTESIAN_POINT('',(-174.999997377881,66.7460091447137,-59.9896673699084));
#3887=CARTESIAN_POINT('',(-174.999997377396,71.9709398729051,-36.5238788091561));
#3888=CARTESIAN_POINT('',(-174.999997377014,61.7618320250425,-59.9896677914116));
#3889=CARTESIAN_POINT('',(-174.999997377396,62.9015419684236,-59.989667695279));
#3890=CARTESIAN_POINT('',(-174.999997377396,69.1611606554069,-26.7583633938427));
#3891=CARTESIAN_POINT('',(-174.999997377396,48.2622292248818,5.61029911041723));
#3892=CARTESIAN_POINT('',(-174.999997377396,48.2622287709894,-14.3366514493142));
#3893=CARTESIAN_POINT('',(-174.999997377396,62.0956557989042,5.61029911041854));
#3894=CARTESIAN_POINT('Origin',(-174.999997377396,49.9426900053373,8.52964512583));
#3895=CARTESIAN_POINT('',(-240.999525834625,49.9426891613979,9.92964516880255));
#3896=CARTESIAN_POINT('',(-174.999997378636,49.9426900053372,9.92964522725841));
#3897=CARTESIAN_POINT('Origin',(-240.999077023092,49.9426891614038,8.52964506737454));
#3898=CARTESIAN_POINT('Origin',(-170.099999666214,65.4386878013585,-49.181323945516));
#3899=CARTESIAN_POINT('',(-175.475041918316,61.6386495835751,-59.9898199833817));
#3900=CARTESIAN_POINT('Origin',(-240.997850195054,49.8619876369273,4.70270064569767));
#3901=CARTESIAN_POINT('',(-240.993309030885,45.262227058404,-9.46498979566809));
#3902=CARTESIAN_POINT('',(-240.998141398743,48.2622278902927,5.61029911041586));
#3903=CARTESIAN_POINT('',(-240.998140659937,53.0586457880606,5.61029911041768));
#3904=CARTESIAN_POINT('',(-240.993017110436,48.2622275263307,-10.3741493663735));
#3905=CARTESIAN_POINT('Origin',(-198.803362267358,52.1731431143618,-70.8096820967488));
#3906=CARTESIAN_POINT('',(-212.285046554236,45.2622270584099,-70.8140022734567));
#3907=CARTESIAN_POINT('',(-191.795571170503,53.0063387260843,-70.8074357366763));
#3908=CARTESIAN_POINT('',(-200.948852436476,45.26222705841,-70.8103680801178));
#3909=CARTESIAN_POINT('',(-188.855835899186,59.1016119849585,-70.8064949163157));
#3910=CARTESIAN_POINT('',(-186.090205529196,56.4785565238019,-70.8056076091138));
#3911=CARTESIAN_POINT('Origin',(-172.914239755044,59.0041252282948,-74.8032094882028));
#3912=CARTESIAN_POINT('Origin',(-181.490769889919,12.9999946804779,-70.1026743283459));
#3913=CARTESIAN_POINT('',(-181.229090108704,12.9999946804784,-75.0958220021188));
#3914=CARTESIAN_POINT('',(-181.490769889919,12.9999946804779,-70.1026743283459));
#3915=CARTESIAN_POINT('',(-181.229090108704,56.783464955371,-75.0958220021146));
#3916=CARTESIAN_POINT('',(-181.229090108704,12.9999946804784,-75.0958220021188));
#3917=CARTESIAN_POINT('',(-181.454008594046,57.6807554907154,-70.8041216397068));
#3918=CARTESIAN_POINT('',(-181.358404215639,57.2993510732351,-72.6283618520433));
#3919=CARTESIAN_POINT('',(-181.454008604642,56.9149900618741,-70.8041214375211));
#3920=CARTESIAN_POINT('',(-181.45400864378,54.0865686852641,-70.8041206907304));
#3921=CARTESIAN_POINT('',(-181.566750210143,57.3513837083639,-68.6528834525653));
#3922=CARTESIAN_POINT('Origin',(-179.304908270152,-5.71098723867181E-12,
-16.2747856290817));
#3923=CARTESIAN_POINT('',(-175.241559266315,8.99999468048019,-93.8081033812414));
#3924=CARTESIAN_POINT('',(-175.241559266315,-8.99999468036609,-93.8081033812431));
#3925=CARTESIAN_POINT('',(-175.241559266315,8.99999468048019,-93.8081033812414));
#3926=CARTESIAN_POINT('',(-175.451190383448,12.9999946804798,-89.8081033812411));
#3927=CARTESIAN_POINT('Origin',(-175.451190383448,8.9999946804799,-89.8081033812415));
#3928=CARTESIAN_POINT('',(-176.878598715439,12.9999946804772,-62.5715298893044));
#3929=CARTESIAN_POINT('',(-175.451190383447,-12.9999946804773,-89.8081033812435));
#3930=CARTESIAN_POINT('',(-175.451190383447,-12.9999946804773,-89.8081033812435));
#3931=CARTESIAN_POINT('Origin',(-175.451190383447,-8.99999468047763,-89.8081033812435));
#3932=CARTESIAN_POINT('',(-175.80129584599,3.20000005286466,-83.1276931953427));
#3933=CARTESIAN_POINT('Origin',(-175.80129584599,5.28646637576458E-8,-83.127693195343));
#3934=CARTESIAN_POINT('Origin',(-175.241559266315,8.99999468048019,-93.8081033812414));
#3935=CARTESIAN_POINT('',(-175.241559266315,-8.99999468036609,-93.8081033812431));
#3936=CARTESIAN_POINT('',(-175.241559266315,8.99999468048019,-93.8081033812414));
#3937=CARTESIAN_POINT('Ctrl Pts',(-175.241559266315,-8.99999468036607,-93.8081033812431));
#3938=CARTESIAN_POINT('Ctrl Pts',(-193.216890891898,-8.99999468036608,-94.750150593616));
#3939=CARTESIAN_POINT('Ctrl Pts',(-175.24155926631,-12.9999946804769,-93.8081033813544));
#3940=CARTESIAN_POINT('Ctrl Pts',(-193.216890891893,-12.9999946804769,-94.7501505937273));
#3941=CARTESIAN_POINT('Ctrl Pts',(-175.451190383447,-12.9999946804773,-89.8081033812435));
#3942=CARTESIAN_POINT('Ctrl Pts',(-193.42652200903,-12.9999946804773,-90.7501505936164));
#3943=CARTESIAN_POINT('',(-175.451190383447,-12.9999946804773,-89.8081033812435));
#3944=CARTESIAN_POINT('Origin',(-175.451190383447,-12.9999946804773,-89.8081033812435));
#3945=CARTESIAN_POINT('Origin',(-176.497622216146,12.9999946804779,-69.8409945471313));
#3946=CARTESIAN_POINT('',(-175.451190383448,12.9999946804798,-89.8081033812411));
#3947=CARTESIAN_POINT('',(-181.229090108704,12.9999946804784,-75.0958220021188));
#3948=CARTESIAN_POINT('Ctrl Pts',(-175.451190383446,12.9999946804798,-89.8081033812638));
#3949=CARTESIAN_POINT('Ctrl Pts',(-193.426522009029,12.9999946804798,-90.7501505936367));
#3950=CARTESIAN_POINT('Ctrl Pts',(-175.241559266314,12.9999946804688,-93.8081033812752));
#3951=CARTESIAN_POINT('Ctrl Pts',(-193.216890891897,12.9999946804688,-94.7501505936481));
#3952=CARTESIAN_POINT('Ctrl Pts',(-175.241559266315,8.9999946804575,-93.8081033812414));
#3953=CARTESIAN_POINT('Ctrl Pts',(-193.216890891898,8.9999946804575,-94.7501505936143));
#3954=CARTESIAN_POINT('Origin',(-175.80129584599,5.28646637576458E-8,-83.127693195343));
#3955=CARTESIAN_POINT('',(-180.794443519763,3.20000005286467,-83.3893729765574));
#3956=CARTESIAN_POINT('',(-175.80129584599,3.20000005286466,-83.1276931953427));
#3957=CARTESIAN_POINT('Origin',(-180.794443519763,5.28646637576458E-8,-83.3893729765577));
#3958=CARTESIAN_POINT('Origin',(-180.862738415004,5.06261699229071E-13,
-82.0862287454021));
#3959=CARTESIAN_POINT('',(-180.794443519763,7.00000005286467,-83.389372976557));
#3960=CARTESIAN_POINT('Origin',(-180.794443519763,5.28646637576458E-8,-83.3893729765577));
#3961=CARTESIAN_POINT('Origin',(-185.787591193536,5.28646637576458E-8,-83.6510527577724));
#3962=CARTESIAN_POINT('',(-185.787591193536,7.00000005286466,-83.6510527577718));
#3963=CARTESIAN_POINT('Origin',(-183.464127810456,55.9999946804789,-80.2170686360041));
#3964=CARTESIAN_POINT('',(-181.229090108704,55.9999946804784,-75.0958220021147));
#3965=CARTESIAN_POINT('Origin',(-181.229090108704,12.9999946804784,-75.0958220021188));
#3966=CARTESIAN_POINT('',(-182.590157149545,56.4147451151175,-75.1671525031805));
#3967=CARTESIAN_POINT('Origin',(-207.847337007523,45.2622270584055,-23.6220557689623));
#3968=CARTESIAN_POINT('',(-216.887477176285,45.2622270584092,-63.0030901693031));
#3969=CARTESIAN_POINT('',(-192.211675616436,45.2622270584093,-62.9951835646261));
#3970=CARTESIAN_POINT('',(-212.39296650806,45.2622270584099,-70.6308483396268));
#3971=CARTESIAN_POINT('Origin',(-181.32650249345,0.442687443323191,-62.9916957446506));
#3972=CARTESIAN_POINT('',(-174.800831191284,52.7208507748063,-62.9896047932586));
#3973=CARTESIAN_POINT('',(-182.860718019575,50.63086595359,-62.9921873366922));
#3974=CARTESIAN_POINT('',(-176.648385435587,60.4708159682935,-62.9901967849644));
#3975=CARTESIAN_POINT('',(-193.279743357938,54.1849015822501,-62.9955257941565));
#3976=CARTESIAN_POINT('Origin',(-165.56536406215,43.9054555629357,-62.9866455703959));
#3977=CARTESIAN_POINT('Origin',(-172.345700238175,61.847969218628,-66.9818720580954));
#3978=CARTESIAN_POINT('Origin',(-169.256950486569,53.6743428439986,-65.1618657190104));
#3979=CARTESIAN_POINT('',(-176.015454502355,58.970521962522,-70.8023784711993));
#3980=CARTESIAN_POINT('Origin',(-172.142861025936,61.3112044858732,-66.8623516431125));
#3981=CARTESIAN_POINT('',(-176.078277017948,59.074721070174,-70.8023986385544));
#3982=CARTESIAN_POINT('Origin',(-178.831058194485,79.0098946264852,-70.8032863975317));
#3983=CARTESIAN_POINT('Origin',(-172.031231355967,61.0158036641725,-66.7965752859089));
#3984=CARTESIAN_POINT('Origin',(-172.914239755044,59.0041252282948,-74.8032094882028));
#3985=CARTESIAN_POINT('',(-186.090205529196,56.4785565238019,-70.8056076091138));
#3986=CARTESIAN_POINT('',(-173.601096372593,55.1206747946541,-91.4445628459361));
#3987=CARTESIAN_POINT('Origin',(-171.223717927933,46.0852003097554,-96.7954869270281));
#3988=CARTESIAN_POINT('Origin',(-171.320599794388,44.2934281826043,-101.826163768764));
#3989=CARTESIAN_POINT('',(-178.600200942682,58.8688368342717,-89.2569986336414));
#3990=CARTESIAN_POINT('Origin',(-180.860924959183,57.8670663833602,-59.9915456771795));
#3991=CARTESIAN_POINT('',(-223.904624077939,48.2622267417498,-60.005335592817));
#3992=CARTESIAN_POINT('',(-180.862155217984,64.5303731770918,-59.9915455067334));
#3993=CARTESIAN_POINT('',(-193.053312247027,48.2622273660302,-59.9954523372013));
#3994=CARTESIAN_POINT('Origin',(-183.464127810456,-53.9999946804782,-80.2170686360145));
#3995=CARTESIAN_POINT('Origin',(-175.529649019241,-55.9736883640285,-81.3919317722373));
#3996=CARTESIAN_POINT('',(-182.44538279612,-56.5383105899787,-70.8044428371552));
#3997=CARTESIAN_POINT('Origin',(-175.529649019241,-55.9736883640285,-81.3919317722373));
#3998=CARTESIAN_POINT('',(-182.44538279612,-56.5383105899787,-70.8044428371552));
#3999=CARTESIAN_POINT('Origin',(-176.649984633481,-8.09635603869458,-70.8025857254318));
#4000=CARTESIAN_POINT('',(-168.199994325638,-3.82683388416187,-70.7998785470243));
#4001=CARTESIAN_POINT('Origin',(-176.649984633481,-8.09635603869458,-70.8025857254318));
#4002=CARTESIAN_POINT('Origin',(-185.676533937455,56.1877036094656,-66.9042959213203));
#4003=CARTESIAN_POINT('',(-191.795571170503,53.0063387260843,-70.8074357366763));
#4004=CARTESIAN_POINT('Origin',(-198.803362267358,52.1731431143618,-70.8096820967488));
#4005=CARTESIAN_POINT('Origin',(-205.256771008174,48.2622279061162,-25.4395446512388));
#4006=CARTESIAN_POINT('',(-221.603532075331,48.2622266993626,-63.9105739029089));
#4007=CARTESIAN_POINT('',(-206.627917765203,48.2622285854734,5.61029911041723));
#4008=CARTESIAN_POINT('Origin',(-207.999064683915,56.2552988529126,5.61029911041799));
#4009=CARTESIAN_POINT('Origin',(-178.131537271269,63.9717760953027,-67.1344686276924));
#4010=CARTESIAN_POINT('Origin',(-171.830651521683,52.3719358444206,-68.0146779332792));
#4011=CARTESIAN_POINT('Origin',(-169.120000123977,-55.5460300445633,4.45707845687344));
#4012=CARTESIAN_POINT('',(-170.633710825091,-66.8245164029772,4.07405024391382));
#4013=CARTESIAN_POINT('Origin',(-165.182973646143,-68.7189153271707,2.96921007200808));
#4014=CARTESIAN_POINT('',(-165.18297362736,-68.7189153271706,1.3692096816337));
#4015=CARTESIAN_POINT('Origin',(-163.14712047474,-68.7189154692876,2.96921009590811));
#4016=CARTESIAN_POINT('Origin',(-174.164890534982,-49.8750000264429,38.5061126791015));
#4017=CARTESIAN_POINT('',(-173.752560954947,-51.2638889035835,30.6383956020592));
#4018=CARTESIAN_POINT('Origin',(-173.237148979903,-53.0000000000092,20.8037492557563));
#4019=CARTESIAN_POINT('',(-174.577220115017,-51.263888903585,46.3738297561436));
#4020=CARTESIAN_POINT('Origin',(-175.092632090061,-53.0000000000126,56.2084761024462));
#4021=CARTESIAN_POINT('Origin',(-174.164890534982,-49.8750000264429,38.5061126791015));
#4022=CARTESIAN_POINT('',(-174.164890534982,-46.6250000264429,38.5061126791019));
#4023=CARTESIAN_POINT('Origin',(-174.164890534982,-49.8750000264429,38.5061126791016));
#4024=CARTESIAN_POINT('Origin',(-174.999997377395,-49.0573128064554,8.52964460849302));
#4025=CARTESIAN_POINT('Origin',(-170.30095076561,-55.551685889563,-65.7770345608446));
#4026=CARTESIAN_POINT('Origin',(-168.496057925401,-67.365425957581,-0.0014468917203736));
#4027=CARTESIAN_POINT('Origin',(-174.164890534982,-49.8750000264429,38.5061126791016));
#4028=CARTESIAN_POINT('',(-179.158038208755,-46.6250000264429,38.2444328978872));
#4029=CARTESIAN_POINT('',(-174.164890534982,-46.6250000264429,38.5061126791019));
#4030=CARTESIAN_POINT('Origin',(-179.158038208755,-49.8750000264429,38.2444328978869));
#4031=CARTESIAN_POINT('Origin',(-179.158038208755,-49.8750000264429,38.2444328978869));
#4032=CARTESIAN_POINT('Origin',(-172.167631465473,-49.8750000264429,38.6107845915874));
#4033=CARTESIAN_POINT('',(-165.200000984671,-51.2638889035835,31.0866162772863));
#4034=CARTESIAN_POINT('',(-165.200000204995,-51.263888903585,46.8652690274765));
#4035=CARTESIAN_POINT('Origin',(-165.200000594833,-49.8750000264429,38.9759426523815));
#4036=CARTESIAN_POINT('',(-171.755301885438,-51.2638889035835,30.7430675145451));
#4037=CARTESIAN_POINT('',(-172.579961045508,-51.263888903585,46.4785016686295));
#4038=CARTESIAN_POINT('Origin',(-173.095373020551,-53.0000000000126,56.313148014932));
#4039=CARTESIAN_POINT('Origin',(-165.199999717698,-53.0000000000126,56.7269269963452));
#4040=CARTESIAN_POINT('Origin',(-171.239889910394,-53.0000000000092,20.9084211682422));
#4041=CARTESIAN_POINT('Origin',(-165.200001471969,-53.0000000000092,21.2249583084173));
#4042=CARTESIAN_POINT('Origin',(-165.200001955032,-74.1994552878138,11.4489934140666));
#4043=CARTESIAN_POINT('Origin',(-168.199994325638,0.4426882358689,-66.8936844972463));
#4044=CARTESIAN_POINT('',(0.,0.,0.));
#4045=UNCERTAINTY_MEASURE_WITH_UNIT(LENGTH_MEASURE(0.01),#4051,
'DISTANCE_ACCURACY_VALUE',
'Maximum model space distance between geometric entities at asserted c
onnectivities');
#4046=UNCERTAINTY_MEASURE_WITH_UNIT(LENGTH_MEASURE(0.01),#4051,
'DISTANCE_ACCURACY_VALUE',
'Maximum model space distance between geometric entities at asserted c
onnectivities');
#4047=UNCERTAINTY_MEASURE_WITH_UNIT(LENGTH_MEASURE(0.01),#4051,
'DISTANCE_ACCURACY_VALUE',
'Maximum model space distance between geometric entities at asserted c
onnectivities');
#4048=(
GEOMETRIC_REPRESENTATION_CONTEXT(3)
GLOBAL_UNCERTAINTY_ASSIGNED_CONTEXT((#4045))
GLOBAL_UNIT_ASSIGNED_CONTEXT((#4051,#4053,#4054))
REPRESENTATION_CONTEXT('','3D')
);
#4049=(
GEOMETRIC_REPRESENTATION_CONTEXT(3)
GLOBAL_UNCERTAINTY_ASSIGNED_CONTEXT((#4046))
GLOBAL_UNIT_ASSIGNED_CONTEXT((#4051,#4053,#4054))
REPRESENTATION_CONTEXT('','3D')
);
#4050=(
GEOMETRIC_REPRESENTATION_CONTEXT(3)
GLOBAL_UNCERTAINTY_ASSIGNED_CONTEXT((#4047))
GLOBAL_UNIT_ASSIGNED_CONTEXT((#4051,#4053,#4054))
REPRESENTATION_CONTEXT('','3D')
);
#4051=(
LENGTH_UNIT()
NAMED_UNIT(*)
SI_UNIT(.MILLI.,.METRE.)
);
#4052=(
LENGTH_UNIT()
NAMED_UNIT(*)
SI_UNIT($,.METRE.)
);
#4053=(
NAMED_UNIT(*)
PLANE_ANGLE_UNIT()
SI_UNIT($,.RADIAN.)
);
#4054=(
NAMED_UNIT(*)
SI_UNIT($,.STERADIAN.)
SOLID_ANGLE_UNIT()
);
#4055=SHAPE_DEFINITION_REPRESENTATION(#4057,#4060);
#4056=SHAPE_DEFINITION_REPRESENTATION(#4058,#4061);
#4057=PRODUCT_DEFINITION_SHAPE('',$,#4063);
#4058=PRODUCT_DEFINITION_SHAPE('',$,#4064);
#4059=PRODUCT_DEFINITION_SHAPE($,$,#14);
#4060=SHAPE_REPRESENTATION('',(#2455,#2657),#4048);
#4061=SHAPE_REPRESENTATION('',(#2456),#4049);
#4062=PRODUCT_DEFINITION_CONTEXT('part definition',#4070,'design');
#4063=PRODUCT_DEFINITION('Chassis','Chassis v25',#4065,#4062);
#4064=PRODUCT_DEFINITION('Chassis_1','Chassis',#4066,#4062);
#4065=PRODUCT_DEFINITION_FORMATION('',$,#4072);
#4066=PRODUCT_DEFINITION_FORMATION('',$,#4073);
#4067=PRODUCT_RELATED_PRODUCT_CATEGORY('Chassis v25','Chassis v25',(#4072));
#4068=PRODUCT_RELATED_PRODUCT_CATEGORY('Chassis','Chassis',(#4073));
#4069=APPLICATION_PROTOCOL_DEFINITION('international standard',
'automotive_design',2009,#4070);
#4070=APPLICATION_CONTEXT(
'Core Data for Automotive Mechanical Design Process');
#4071=PRODUCT_CONTEXT('part definition',#4070,'mechanical');
#4072=PRODUCT('Chassis','Chassis v25',$,(#4071));
#4073=PRODUCT('Chassis_1','Chassis',$,(#4071));
#4074=PRESENTATION_STYLE_ASSIGNMENT((#4082));
#4075=PRESENTATION_STYLE_ASSIGNMENT((#4083));
#4076=PRESENTATION_STYLE_ASSIGNMENT((#4084));
#4077=PRESENTATION_STYLE_ASSIGNMENT((#4085));
#4078=PRESENTATION_STYLE_ASSIGNMENT((#4086));
#4079=PRESENTATION_STYLE_ASSIGNMENT((#4087));
#4080=PRESENTATION_STYLE_ASSIGNMENT((#4088));
#4081=PRESENTATION_STYLE_ASSIGNMENT((#4089));
#4082=SURFACE_STYLE_USAGE(.BOTH.,#4090);
#4083=SURFACE_STYLE_USAGE(.BOTH.,#4091);
#4084=SURFACE_STYLE_USAGE(.BOTH.,#4092);
#4085=SURFACE_STYLE_USAGE(.BOTH.,#4093);
#4086=SURFACE_STYLE_USAGE(.BOTH.,#4094);
#4087=SURFACE_STYLE_USAGE(.BOTH.,#4095);
#4088=SURFACE_STYLE_USAGE(.BOTH.,#4096);
#4089=SURFACE_STYLE_USAGE(.BOTH.,#4097);
#4090=SURFACE_SIDE_STYLE('',(#4098));
#4091=SURFACE_SIDE_STYLE('',(#4099));
#4092=SURFACE_SIDE_STYLE('',(#4100));
#4093=SURFACE_SIDE_STYLE('',(#4101));
#4094=SURFACE_SIDE_STYLE('',(#4102));
#4095=SURFACE_SIDE_STYLE('',(#4103));
#4096=SURFACE_SIDE_STYLE('',(#4104));
#4097=SURFACE_SIDE_STYLE('',(#4105));
#4098=SURFACE_STYLE_FILL_AREA(#4106);
#4099=SURFACE_STYLE_FILL_AREA(#4107);
#4100=SURFACE_STYLE_FILL_AREA(#4108);
#4101=SURFACE_STYLE_FILL_AREA(#4109);
#4102=SURFACE_STYLE_FILL_AREA(#4110);
#4103=SURFACE_STYLE_FILL_AREA(#4111);
#4104=SURFACE_STYLE_FILL_AREA(#4112);
#4105=SURFACE_STYLE_FILL_AREA(#4113);
#4106=FILL_AREA_STYLE('Steel - Satin',(#4114));
#4107=FILL_AREA_STYLE('Aluminum - Satin',(#4115));
#4108=FILL_AREA_STYLE('Opaque(50,50,50)',(#4116));
#4109=FILL_AREA_STYLE('Opaque(255,255,255)',(#4117));
#4110=FILL_AREA_STYLE('Opaque(245,245,246)',(#4118));
#4111=FILL_AREA_STYLE('ABS (White) (1)',(#4119));
#4112=FILL_AREA_STYLE('Opaque(250,182,1)',(#4120));
#4113=FILL_AREA_STYLE('ABS (White)',(#4121));
#4114=FILL_AREA_STYLE_COLOUR('Steel - Satin',#4122);
#4115=FILL_AREA_STYLE_COLOUR('Aluminum - Satin',#4123);
#4116=FILL_AREA_STYLE_COLOUR('Opaque(50,50,50)',#4124);
#4117=FILL_AREA_STYLE_COLOUR('Opaque(255,255,255)',#4125);
#4118=FILL_AREA_STYLE_COLOUR('Opaque(245,245,246)',#4126);
#4119=FILL_AREA_STYLE_COLOUR('ABS (White) (1)',#4127);
#4120=FILL_AREA_STYLE_COLOUR('Opaque(250,182,1)',#4128);
#4121=FILL_AREA_STYLE_COLOUR('ABS (White)',#4129);
#4122=COLOUR_RGB('Steel - Satin',0.627450980392157,0.627450980392157,0.627450980392157);
#4123=COLOUR_RGB('Aluminum - Satin',0.96078431372549,0.96078431372549,0.964705882352941);
#4124=COLOUR_RGB('Opaque(50,50,50)',0.196078431372549,0.196078431372549,
0.196078431372549);
#4125=COLOUR_RGB('Opaque(255,255,255)',1.,1.,1.);
#4126=COLOUR_RGB('Opaque(245,245,246)',0.96078431372549,0.96078431372549,
0.964705882352941);
#4127=COLOUR_RGB('ABS (White) (1)',0.905882352941176,0.262745098039216,
0.184313725490196);
#4128=COLOUR_RGB('Opaque(250,182,1)',0.980392156862745,0.713725490196078,
0.00392156862745098);
#4129=COLOUR_RGB('ABS (White)',0.964705882352941,0.964705882352941,0.952941176470588);
ENDSEC;
END-ISO-10303-21;
