ISO-10303-21;
HEADER;
/* Generated by software containing ST-Developer
 * from STEP Tools, Inc. (www.steptools.com) 
 */

FILE_DESCRIPTION(
/* description */ (''),
/* implementation_level */ '2;1');

FILE_NAME(
/* name */ 'CameraMount.step',
/* time_stamp */ '2026-08-13T12:57:10-04:00',
/* author */ (''),
/* organization */ (''),
/* preprocessor_version */ 'ST-DEVELOPER v20.1',
/* originating_system */ 'Autodesk Translation Framework v15.8.0.0',
/* authorisation */ '');

FILE_SCHEMA (('AUTOMOTIVE_DESIGN { 1 0 10303 214 3 1 1 }'));
ENDSEC;

DATA;
#10=MECHANICAL_DESIGN_GEOMETRIC_PRESENTATION_REPRESENTATION('',(#17),#2816);
#11=ITEM_DEFINED_TRANSFORMATION($,$,#1478,#1600);
#12=(
REPRESENTATION_RELATIONSHIP($,$,#2827,#2826)
REPRESENTATION_RELATIONSHIP_WITH_TRANSFORMATION(#11)
SHAPE_REPRESENTATION_RELATIONSHIP()
);
#13=CONTEXT_DEPENDENT_SHAPE_REPRESENTATION(#12,#2825);
#14=NEXT_ASSEMBLY_USAGE_OCCURRENCE('Chassis:1','Chassis:1','Chassis:1',
#2829,#2830,'Chassis:1');
#15=SHAPE_REPRESENTATION_RELATIONSHIP('SRR','None',#2827,#16);
#16=ADVANCED_BREP_SHAPE_REPRESENTATION('',(#18),#2815);
#17=STYLED_ITEM('',(#2842),#18);
#18=MANIFOLD_SOLID_BREP('Body108',#1464);
#19=B_SPLINE_CURVE_WITH_KNOTS('',3,(#2083,#2084,#2085,#2086,#2087,#2088,
#2089,#2090,#2091,#2092),.UNSPECIFIED.,.F.,.F.,(4,2,2,2,4),(0.813145470900955,
1.00257042126901,1.19199537163706,1.41721875362876,1.64244213562046),
 .UNSPECIFIED.);
#20=B_SPLINE_CURVE_WITH_KNOTS('',3,(#2097,#2098,#2099,#2100,#2101,#2102,
#2103,#2104,#2105,#2106),.UNSPECIFIED.,.F.,.F.,(4,2,2,2,4),(-2.46920781778103,
-2.27978286138585,-2.09035790499067,-1.86513451895592,-1.63991113292118),
 .UNSPECIFIED.);
#21=B_SPLINE_CURVE_WITH_KNOTS('',3,(#2114,#2115,#2116,#2117,#2118,#2119,
#2120,#2121,#2122,#2123),.UNSPECIFIED.,.F.,.F.,(4,2,2,2,4),(0.754140320702997,
0.942953223548936,1.13176612639487,1.32009133991416,1.50841655343344),
 .UNSPECIFIED.);
#22=B_SPLINE_CURVE_WITH_KNOTS('',3,(#2127,#2128,#2129,#2130,#2131,#2132,
#2133,#2134,#2135,#2136),.UNSPECIFIED.,.F.,.F.,(4,2,2,2,4),(0.,0.188325213519285,
0.37665042703857,0.565463329884509,0.754276232730448),.UNSPECIFIED.);
#23=B_SPLINE_CURVE_WITH_KNOTS('',3,(#2140,#2141,#2142,#2143,#2144,#2145,
#2146,#2147,#2148,#2149),.UNSPECIFIED.,.F.,.F.,(4,2,2,2,4),(2.26255688273352,
2.45136978716338,2.64018269159324,2.82850790504286,3.01683311849248),
 .UNSPECIFIED.);
#24=B_SPLINE_CURVE_WITH_KNOTS('',3,(#2152,#2153,#2154,#2155,#2156,#2157,
#2158,#2159,#2160,#2161),.UNSPECIFIED.,.F.,.F.,(4,2,2,2,4),(1.50841655924624,
1.69674177269586,1.88506698614547,2.07387989057533,2.2626927950052),
 .UNSPECIFIED.);
#25=B_SPLINE_CURVE_WITH_KNOTS('',3,(#2166,#2167,#2168,#2169,#2170,#2171,
#2172,#2173,#2174,#2175),.UNSPECIFIED.,.F.,.F.,(4,2,2,2,4),(-4.73500350042985E-10,
0.220574478851836,0.441148958177172,0.626548917309866,0.81194887644256),
 .UNSPECIFIED.);
#26=B_SPLINE_CURVE_WITH_KNOTS('',3,(#2179,#2180,#2181,#2182,#2183,#2184,
#2185,#2186,#2187,#2188),.UNSPECIFIED.,.F.,.F.,(4,2,2,2,4),(0.827839926972936,
1.01323988898827,1.19863985100361,1.41921433543794,1.63978881987228),
 .UNSPECIFIED.);
#27=B_SPLINE_CURVE_WITH_KNOTS('',3,(#2199,#2200,#2201,#2202,#2203,#2204,
#2205,#2206,#2207,#2208,#2209,#2210,#2211,#2212,#2213,#2214,#2215,#2216),
 .UNSPECIFIED.,.F.,.F.,(4,2,2,2,2,2,2,2,4),(0.,0.112991957080258,0.225983914160517,
0.339241786649755,0.452499659138992,0.565779774508503,0.679059889878014,
0.792054067754054,0.905048245630094),.UNSPECIFIED.);
#28=B_SPLINE_CURVE_WITH_KNOTS('',3,(#2217,#2218,#2219,#2220,#2221,#2222,
#2223,#2224,#2225,#2226,#2227,#2228,#2229,#2230,#2231,#2232,#2233,#2234),
 .UNSPECIFIED.,.F.,.F.,(4,2,2,2,2,2,2,2,4),(0.905048245630094,1.01804242350613,
1.13103660138217,1.24431671675169,1.3575968321212,1.47085470461043,1.58411257709967,
1.69710453417993,1.81009649126019),.UNSPECIFIED.);
#29=B_SPLINE_CURVE_WITH_KNOTS('',3,(#2237,#2238,#2239,#2240,#2241,#2242,
#2243,#2244,#2245,#2246,#2247,#2248,#2249,#2250,#2251,#2252,#2253,#2254),
 .UNSPECIFIED.,.F.,.F.,(4,2,2,2,2,2,2,2,4),(0.,0.11299195710469,0.22598391420938,
0.339241786236015,0.45249965826265,0.565779773149346,0.679059888036042,
0.792054065934476,0.905048243832909),.UNSPECIFIED.);
#30=B_SPLINE_CURVE_WITH_KNOTS('',3,(#2255,#2256,#2257,#2258,#2259,#2260,
#2261,#2262,#2263,#2264,#2265,#2266,#2267,#2268,#2269,#2270,#2271,#2272),
 .UNSPECIFIED.,.F.,.F.,(4,2,2,2,2,2,2,2,4),(0.905048243832909,1.01811152137342,
1.13117479891394,1.24438582090809,1.35759684290224,1.47079311712064,1.58398939133904,
1.6970429510621,1.81009651078515),.UNSPECIFIED.);
#31=B_SPLINE_CURVE_WITH_KNOTS('',3,(#2275,#2276,#2277,#2278,#2279,#2280,
#2281,#2282,#2283,#2284,#2285,#2286,#2287,#2288,#2289,#2290,#2291,#2292),
 .UNSPECIFIED.,.F.,.F.,(4,2,2,2,2,2,2,2,4),(0.,0.112994177854019,0.225988355708039,
0.339268471552318,0.452548587396597,0.565806460340728,0.679064333284859,
0.792056290341093,0.905048247397327),.UNSPECIFIED.);
#32=B_SPLINE_CURVE_WITH_KNOTS('',3,(#2293,#2294,#2295,#2296,#2297,#2298,
#2299,#2300,#2301,#2302,#2303,#2304,#2305,#2306,#2307,#2308,#2309,#2310),
 .UNSPECIFIED.,.F.,.F.,(4,2,2,2,2,2,2,2,4),(0.905048247397327,1.01804020445356,
1.13103216150979,1.24429003445392,1.35754790739806,1.47082802324233,1.58410813908661,
1.69710231694063,1.81009649479465),.UNSPECIFIED.);
#33=B_SPLINE_CURVE_WITH_KNOTS('',3,(#2313,#2314,#2315,#2316,#2317,#2318,
#2319,#2320,#2321,#2322,#2323,#2324,#2325,#2326,#2327,#2328,#2329,#2330),
 .UNSPECIFIED.,.F.,.F.,(4,2,2,2,2,2,2,2,4),(0.,0.11299417787637,0.225988355752739,
0.339268471115147,0.452548586477556,0.565806458959988,0.679064331442421,
0.792056288523039,0.905048245603657),.UNSPECIFIED.);
#34=B_SPLINE_CURVE_WITH_KNOTS('',3,(#2331,#2332,#2333,#2334,#2335,#2336,
#2337,#2338,#2339,#2340,#2341,#2342,#2343,#2344,#2345,#2346,#2347,#2348),
 .UNSPECIFIED.,.F.,.F.,(4,2,2,2,2,2,2,2,4),(0.905048245603657,1.01804020268427,
1.13103215976489,1.24429003224732,1.35754790472976,1.47082802009217,1.58410813545457,
1.69710231333094,1.81009649120731),.UNSPECIFIED.);
#35=B_SPLINE_CURVE_WITH_KNOTS('',3,(#2385,#2386,#2387,#2388,#2389,#2390,
#2391,#2392,#2393,#2394,#2395,#2396,#2397,#2398,#2399,#2400,#2401,#2402),
 .UNSPECIFIED.,.F.,.F.,(4,2,2,2,2,2,2,2,4),(-0.84482603252984,-0.792059532766288,
-0.739293033002737,-0.68645895567874,-0.633624878354744,-0.580787572043433,
-0.527950265732122,-0.475181638287229,-0.422413010842336),.UNSPECIFIED.);
#36=B_SPLINE_CURVE_WITH_KNOTS('',3,(#2403,#2404,#2405,#2406,#2407,#2408,
#2409,#2410,#2411,#2412,#2413,#2414,#2415,#2416,#2417,#2418,#2419,#2420),
 .UNSPECIFIED.,.F.,.F.,(4,2,2,2,2,2,2,2,4),(-0.422413010842336,-0.369675860294695,
-0.316938709747054,-0.26406992946317,-0.211201149179287,-0.158337238912299,
-0.105473328645311,-0.0527366643226554,0.),.UNSPECIFIED.);
#37=B_SPLINE_CURVE_WITH_KNOTS('',3,(#2427,#2428,#2429,#2430,#2431,#2432,
#2433,#2434,#2435,#2436,#2437,#2438,#2439,#2440,#2441,#2442,#2443,#2444),
 .UNSPECIFIED.,.F.,.F.,(4,2,2,2,2,2,2,2,4),(-0.844826032503244,-0.792057405059062,
-0.73928877761488,-0.686451471306221,-0.633614164997562,-0.580780087676171,
-0.52794601035478,-0.475179510591909,-0.422413010829038),.UNSPECIFIED.);
#38=B_SPLINE_CURVE_WITH_KNOTS('',3,(#2445,#2446,#2447,#2448,#2449,#2450,
#2451,#2452,#2453,#2454,#2455,#2456,#2457,#2458,#2459,#2460,#2461,#2462),
 .UNSPECIFIED.,.F.,.F.,(4,2,2,2,2,2,2,2,4),(-0.422413010829038,-0.369676346506206,
-0.316939682183373,-0.264075771919848,-0.211211861656323,-0.158343081375972,
-0.105474301095621,-0.0527371505478106,0.),.UNSPECIFIED.);
#39=B_SPLINE_CURVE_WITH_KNOTS('',3,(#2469,#2470,#2471,#2472,#2473,#2474,
#2475,#2476,#2477,#2478,#2479,#2480,#2481,#2482,#2483,#2484,#2485,#2486),
 .UNSPECIFIED.,.F.,.F.,(4,2,2,2,2,2,2,2,4),(-0.844837064662077,-0.79209971088919,
-0.739362357116303,-0.686497755994959,-0.633633154873615,-0.580763683612467,
-0.527894212351319,-0.475156372341179,-0.422418532331039),.UNSPECIFIED.);
#40=B_SPLINE_CURVE_WITH_KNOTS('',3,(#2487,#2488,#2489,#2490,#2491,#2492,
#2493,#2494,#2495,#2496,#2497,#2498,#2499,#2500,#2501,#2502,#2503,#2504),
 .UNSPECIFIED.,.F.,.F.,(4,2,2,2,2,2,2,2,4),(-0.422418532331039,-0.369680692320899,
-0.316942852310759,-0.26407338104961,-0.211203909788462,-0.158339308667119,
-0.105474707545775,-0.0527373537728877,0.),.UNSPECIFIED.);
#41=B_SPLINE_CURVE_WITH_KNOTS('',3,(#2511,#2512,#2513,#2514,#2515,#2516,
#2517,#2518,#2519,#2520,#2521,#2522,#2523,#2524,#2525,#2526,#2527,#2528),
 .UNSPECIFIED.,.F.,.F.,(4,2,2,2,2,2,2,2,4),(-0.844837110843691,-0.79209926818069,
-0.739361425517689,-0.686491951131599,-0.633622476745509,-0.580757872508491,
-0.527893268271474,-0.475155911846659,-0.422418555421845),.UNSPECIFIED.);
#42=B_SPLINE_CURVE_WITH_KNOTS('',3,(#2529,#2530,#2531,#2532,#2533,#2534,
#2535,#2536,#2537,#2538,#2539,#2540,#2541,#2542,#2543,#2544,#2545,#2546),
 .UNSPECIFIED.,.F.,.F.,(4,2,2,2,2,2,2,2,4),(-0.422418555421845,-0.369681198997031,
-0.316943842572217,-0.264079238335199,-0.211214634098181,-0.158345159712091,
-0.105475685326001,-0.0527378426630004,0.),.UNSPECIFIED.);
#43=B_SPLINE_CURVE_WITH_KNOTS('',3,(#2561,#2562,#2563,#2564,#2565,#2566,
#2567,#2568,#2569,#2570),.UNSPECIFIED.,.F.,.F.,(4,2,2,2,4),(-2.26270590327337,
-2.07389060639909,-1.8850753095248,-1.69675018795108,-1.50842506637737),
 .UNSPECIFIED.);
#44=B_SPLINE_CURVE_WITH_KNOTS('',3,(#2574,#2575,#2576,#2577,#2578,#2579,
#2580,#2581,#2582,#2583),.UNSPECIFIED.,.F.,.F.,(4,2,2,2,4),(-3.01685013275473,
-2.82852501118102,-2.6401998896073,-2.45138459273302,-2.26256929585873),
 .UNSPECIFIED.);
#45=B_SPLINE_CURVE_WITH_KNOTS('',3,(#2587,#2588,#2589,#2590,#2591,#2592,
#2593,#2594,#2595,#2596),.UNSPECIFIED.,.F.,.F.,(4,2,2,2,4),(-0.75428083385948,
-0.56546553857489,-0.3766502432903,-0.18832512164515,0.),.UNSPECIFIED.);
#46=B_SPLINE_CURVE_WITH_KNOTS('',3,(#2599,#2600,#2601,#2602,#2603,#2604,
#2605,#2606,#2607,#2608),.UNSPECIFIED.,.F.,.F.,(4,2,2,2,4),(-1.50842506053805,
-1.3200999388929,-1.13177481724775,-0.942959521963161,-0.754144226678571),
 .UNSPECIFIED.);
#47=B_SPLINE_CURVE_WITH_KNOTS('',3,(#2618,#2619,#2620,#2621,#2622,#2623,
#2624,#2625),.UNSPECIFIED.,.F.,.F.,(4,2,2,4),(1.55387783958007,1.67770182100837,
1.98633658876482,2.29497135652127),.UNSPECIFIED.);
#48=B_SPLINE_CURVE_WITH_KNOTS('',3,(#2629,#2630,#2631,#2632,#2633,#2634,
#2635,#2636),.UNSPECIFIED.,.F.,.F.,(4,2,2,4),(2.2949713556638,2.5983691003351,
2.9017668450064,3.05262105417278),.UNSPECIFIED.);
#49=B_SPLINE_CURVE_WITH_KNOTS('',3,(#2648,#2649,#2650,#2651,#2652,#2653,
#2654,#2655),.UNSPECIFIED.,.F.,.F.,(4,2,2,4),(1.54180866012106,1.66935734681479,
1.9848455246413,2.30033370246781),.UNSPECIFIED.);
#50=B_SPLINE_CURVE_WITH_KNOTS('',3,(#2658,#2659,#2660,#2661,#2662,#2663,
#2664,#2665),.UNSPECIFIED.,.F.,.F.,(4,2,2,4),(-4.64559946070363E-10,0.308634760167607,
0.617269520799775,0.741094541944915),.UNSPECIFIED.);
#51=CYLINDRICAL_SURFACE('',#1502,5.);
#52=CYLINDRICAL_SURFACE('',#1503,5.);
#53=CYLINDRICAL_SURFACE('',#1504,791.);
#54=CYLINDRICAL_SURFACE('',#1515,1.400182752);
#55=CYLINDRICAL_SURFACE('',#1517,1.400182752);
#56=CYLINDRICAL_SURFACE('',#1519,1.400201057);
#57=CYLINDRICAL_SURFACE('',#1521,1.400201128);
#58=CYLINDRICAL_SURFACE('',#1525,789.);
#59=CYLINDRICAL_SURFACE('',#1543,5.);
#60=CYLINDRICAL_SURFACE('',#1544,5.);
#61=CYLINDRICAL_SURFACE('',#1545,5.);
#62=CYLINDRICAL_SURFACE('',#1546,5.);
#63=CYLINDRICAL_SURFACE('',#1560,3.);
#64=CYLINDRICAL_SURFACE('',#1563,3.);
#65=CYLINDRICAL_SURFACE('',#1566,3.);
#66=CYLINDRICAL_SURFACE('',#1569,3.);
#67=CYLINDRICAL_SURFACE('',#1571,5.);
#68=CYLINDRICAL_SURFACE('',#1572,5.);
#69=CYLINDRICAL_SURFACE('',#1576,7.);
#70=CYLINDRICAL_SURFACE('',#1577,7.);
#71=CYLINDRICAL_SURFACE('',#1578,7.);
#72=CYLINDRICAL_SURFACE('',#1579,7.);
#73=CYLINDRICAL_SURFACE('',#1590,2.);
#74=CYLINDRICAL_SURFACE('',#1591,2.);
#75=CYLINDRICAL_SURFACE('',#1596,2.);
#76=CYLINDRICAL_SURFACE('',#1597,2.);
#77=CYLINDRICAL_SURFACE('',#1598,2.);
#78=CYLINDRICAL_SURFACE('',#1599,2.);
#79=FACE_BOUND('',#218,.T.);
#80=FACE_BOUND('',#220,.T.);
#81=FACE_BOUND('',#223,.T.);
#82=FACE_BOUND('',#224,.T.);
#83=FACE_BOUND('',#225,.T.);
#84=FACE_BOUND('',#226,.T.);
#85=FACE_BOUND('',#227,.T.);
#86=FACE_BOUND('',#231,.T.);
#87=FACE_BOUND('',#232,.T.);
#88=FACE_BOUND('',#233,.T.);
#89=FACE_BOUND('',#234,.T.);
#90=FACE_BOUND('',#235,.T.);
#91=FACE_BOUND('',#236,.T.);
#92=FACE_BOUND('',#246,.T.);
#93=FACE_BOUND('',#247,.T.);
#94=FACE_BOUND('',#248,.T.);
#95=FACE_BOUND('',#249,.T.);
#96=FACE_BOUND('',#250,.T.);
#97=FACE_BOUND('',#273,.T.);
#98=FACE_BOUND('',#276,.T.);
#99=FACE_BOUND('',#279,.T.);
#100=FACE_BOUND('',#282,.T.);
#101=FACE_BOUND('',#298,.T.);
#102=FACE_BOUND('',#301,.T.);
#103=CIRCLE('',#1481,2.);
#104=CIRCLE('',#1482,2.);
#105=CIRCLE('',#1483,2.);
#106=CIRCLE('',#1484,2.);
#107=CIRCLE('',#1486,2.);
#108=CIRCLE('',#1487,2.);
#109=CIRCLE('',#1488,2.);
#110=CIRCLE('',#1489,2.);
#111=CIRCLE('',#1492,7.);
#112=CIRCLE('',#1493,7.);
#113=CIRCLE('',#1494,7.);
#114=CIRCLE('',#1495,7.);
#115=CIRCLE('',#1496,5.);
#116=CIRCLE('',#1497,5.);
#117=CIRCLE('',#1498,2.);
#118=CIRCLE('',#1499,2.);
#119=CIRCLE('',#1500,5.);
#120=CIRCLE('',#1501,5.);
#121=CIRCLE('',#1505,791.);
#122=CIRCLE('',#1506,791.);
#123=CIRCLE('',#1508,791.);
#124=CIRCLE('',#1509,791.);
#125=CIRCLE('',#1516,1.400182752);
#126=CIRCLE('',#1518,1.400182752);
#127=CIRCLE('',#1520,1.400201057);
#128=CIRCLE('',#1522,1.400201128);
#129=CIRCLE('',#1524,789.);
#130=CIRCLE('',#1526,789.);
#131=CIRCLE('',#1527,789.);
#132=CIRCLE('',#1528,789.);
#133=CIRCLE('',#1529,789.);
#134=CIRCLE('',#1530,789.);
#135=CIRCLE('',#1531,789.);
#136=CIRCLE('',#1533,789.);
#137=CIRCLE('',#1534,789.);
#138=CIRCLE('',#1559,3.);
#139=CIRCLE('',#1562,3.);
#140=CIRCLE('',#1565,3.);
#141=CIRCLE('',#1568,3.);
#142=CIRCLE('',#1584,2.);
#143=CIRCLE('',#1587,2.);
#144=FACE_OUTER_BOUND('',#217,.T.);
#145=FACE_OUTER_BOUND('',#219,.T.);
#146=FACE_OUTER_BOUND('',#221,.T.);
#147=FACE_OUTER_BOUND('',#222,.T.);
#148=FACE_OUTER_BOUND('',#228,.T.);
#149=FACE_OUTER_BOUND('',#229,.T.);
#150=FACE_OUTER_BOUND('',#230,.T.);
#151=FACE_OUTER_BOUND('',#237,.T.);
#152=FACE_OUTER_BOUND('',#238,.T.);
#153=FACE_OUTER_BOUND('',#239,.T.);
#154=FACE_OUTER_BOUND('',#240,.T.);
#155=FACE_OUTER_BOUND('',#241,.T.);
#156=FACE_OUTER_BOUND('',#242,.T.);
#157=FACE_OUTER_BOUND('',#243,.T.);
#158=FACE_OUTER_BOUND('',#244,.T.);
#159=FACE_OUTER_BOUND('',#245,.T.);
#160=FACE_OUTER_BOUND('',#251,.T.);
#161=FACE_OUTER_BOUND('',#252,.T.);
#162=FACE_OUTER_BOUND('',#253,.T.);
#163=FACE_OUTER_BOUND('',#254,.T.);
#164=FACE_OUTER_BOUND('',#255,.T.);
#165=FACE_OUTER_BOUND('',#256,.T.);
#166=FACE_OUTER_BOUND('',#257,.T.);
#167=FACE_OUTER_BOUND('',#258,.T.);
#168=FACE_OUTER_BOUND('',#259,.T.);
#169=FACE_OUTER_BOUND('',#260,.T.);
#170=FACE_OUTER_BOUND('',#261,.T.);
#171=FACE_OUTER_BOUND('',#262,.T.);
#172=FACE_OUTER_BOUND('',#263,.T.);
#173=FACE_OUTER_BOUND('',#264,.T.);
#174=FACE_OUTER_BOUND('',#265,.T.);
#175=FACE_OUTER_BOUND('',#266,.T.);
#176=FACE_OUTER_BOUND('',#267,.T.);
#177=FACE_OUTER_BOUND('',#268,.T.);
#178=FACE_OUTER_BOUND('',#269,.T.);
#179=FACE_OUTER_BOUND('',#270,.T.);
#180=FACE_OUTER_BOUND('',#271,.T.);
#181=FACE_OUTER_BOUND('',#272,.T.);
#182=FACE_OUTER_BOUND('',#274,.T.);
#183=FACE_OUTER_BOUND('',#275,.T.);
#184=FACE_OUTER_BOUND('',#277,.T.);
#185=FACE_OUTER_BOUND('',#278,.T.);
#186=FACE_OUTER_BOUND('',#280,.T.);
#187=FACE_OUTER_BOUND('',#281,.T.);
#188=FACE_OUTER_BOUND('',#283,.T.);
#189=FACE_OUTER_BOUND('',#284,.T.);
#190=FACE_OUTER_BOUND('',#285,.T.);
#191=FACE_OUTER_BOUND('',#286,.T.);
#192=FACE_OUTER_BOUND('',#287,.T.);
#193=FACE_OUTER_BOUND('',#288,.T.);
#194=FACE_OUTER_BOUND('',#289,.T.);
#195=FACE_OUTER_BOUND('',#290,.T.);
#196=FACE_OUTER_BOUND('',#291,.T.);
#197=FACE_OUTER_BOUND('',#292,.T.);
#198=FACE_OUTER_BOUND('',#293,.T.);
#199=FACE_OUTER_BOUND('',#294,.T.);
#200=FACE_OUTER_BOUND('',#295,.T.);
#201=FACE_OUTER_BOUND('',#296,.T.);
#202=FACE_OUTER_BOUND('',#297,.T.);
#203=FACE_OUTER_BOUND('',#299,.T.);
#204=FACE_OUTER_BOUND('',#300,.T.);
#205=FACE_OUTER_BOUND('',#302,.T.);
#206=FACE_OUTER_BOUND('',#303,.T.);
#207=FACE_OUTER_BOUND('',#304,.T.);
#208=FACE_OUTER_BOUND('',#305,.T.);
#209=FACE_OUTER_BOUND('',#306,.T.);
#210=FACE_OUTER_BOUND('',#307,.T.);
#211=FACE_OUTER_BOUND('',#308,.T.);
#212=FACE_OUTER_BOUND('',#309,.T.);
#213=FACE_OUTER_BOUND('',#310,.T.);
#214=FACE_OUTER_BOUND('',#311,.T.);
#215=FACE_OUTER_BOUND('',#312,.T.);
#216=FACE_OUTER_BOUND('',#313,.T.);
#217=EDGE_LOOP('',(#928,#929,#930,#931,#932,#933,#934,#935));
#218=EDGE_LOOP('',(#936,#937,#938,#939,#940,#941,#942,#943));
#219=EDGE_LOOP('',(#944,#945,#946,#947));
#220=EDGE_LOOP('',(#948,#949,#950,#951,#952,#953,#954,#955));
#221=EDGE_LOOP('',(#956,#957,#958,#959));
#222=EDGE_LOOP('',(#960,#961,#962,#963,#964,#965,#966,#967));
#223=EDGE_LOOP('',(#968,#969,#970,#971));
#224=EDGE_LOOP('',(#972,#973,#974,#975));
#225=EDGE_LOOP('',(#976));
#226=EDGE_LOOP('',(#977));
#227=EDGE_LOOP('',(#978,#979,#980,#981));
#228=EDGE_LOOP('',(#982,#983,#984,#985,#986));
#229=EDGE_LOOP('',(#987,#988,#989,#990,#991));
#230=EDGE_LOOP('',(#992,#993,#994,#995,#996,#997,#998,#999));
#231=EDGE_LOOP('',(#1000,#1001,#1002,#1003,#1004,#1005,#1006,#1007));
#232=EDGE_LOOP('',(#1008,#1009,#1010,#1011));
#233=EDGE_LOOP('',(#1012,#1013));
#234=EDGE_LOOP('',(#1014,#1015));
#235=EDGE_LOOP('',(#1016,#1017));
#236=EDGE_LOOP('',(#1018,#1019));
#237=EDGE_LOOP('',(#1020,#1021,#1022,#1023,#1024,#1025,#1026,#1027,#1028,
#1029));
#238=EDGE_LOOP('',(#1030,#1031,#1032,#1033));
#239=EDGE_LOOP('',(#1034,#1035,#1036,#1037));
#240=EDGE_LOOP('',(#1038,#1039,#1040,#1041,#1042));
#241=EDGE_LOOP('',(#1043,#1044,#1045,#1046,#1047));
#242=EDGE_LOOP('',(#1048,#1049,#1050,#1051,#1052));
#243=EDGE_LOOP('',(#1053,#1054,#1055,#1056,#1057));
#244=EDGE_LOOP('',(#1058,#1059,#1060,#1061,#1062));
#245=EDGE_LOOP('',(#1063,#1064,#1065,#1066,#1067,#1068,#1069,#1070));
#246=EDGE_LOOP('',(#1071,#1072));
#247=EDGE_LOOP('',(#1073,#1074));
#248=EDGE_LOOP('',(#1075,#1076,#1077,#1078,#1079,#1080,#1081,#1082,#1083,
#1084,#1085,#1086,#1087,#1088,#1089,#1090,#1091,#1092,#1093,#1094));
#249=EDGE_LOOP('',(#1095,#1096));
#250=EDGE_LOOP('',(#1097,#1098));
#251=EDGE_LOOP('',(#1099,#1100,#1101,#1102,#1103));
#252=EDGE_LOOP('',(#1104,#1105,#1106,#1107,#1108,#1109));
#253=EDGE_LOOP('',(#1110,#1111,#1112,#1113));
#254=EDGE_LOOP('',(#1114,#1115,#1116,#1117));
#255=EDGE_LOOP('',(#1118,#1119,#1120,#1121));
#256=EDGE_LOOP('',(#1122,#1123,#1124,#1125));
#257=EDGE_LOOP('',(#1126,#1127,#1128,#1129));
#258=EDGE_LOOP('',(#1130,#1131,#1132,#1133));
#259=EDGE_LOOP('',(#1134,#1135,#1136,#1137));
#260=EDGE_LOOP('',(#1138,#1139,#1140,#1141));
#261=EDGE_LOOP('',(#1142,#1143,#1144,#1145));
#262=EDGE_LOOP('',(#1146,#1147,#1148,#1149));
#263=EDGE_LOOP('',(#1150,#1151,#1152,#1153,#1154,#1155));
#264=EDGE_LOOP('',(#1156,#1157,#1158,#1159));
#265=EDGE_LOOP('',(#1160,#1161,#1162,#1163,#1164,#1165,#1166));
#266=EDGE_LOOP('',(#1167,#1168,#1169,#1170,#1171,#1172,#1173));
#267=EDGE_LOOP('',(#1174,#1175,#1176,#1177));
#268=EDGE_LOOP('',(#1178,#1179,#1180,#1181));
#269=EDGE_LOOP('',(#1182,#1183,#1184));
#270=EDGE_LOOP('',(#1185,#1186,#1187,#1188));
#271=EDGE_LOOP('',(#1189,#1190,#1191));
#272=EDGE_LOOP('',(#1192));
#273=EDGE_LOOP('',(#1193));
#274=EDGE_LOOP('',(#1194,#1195,#1196,#1197,#1198));
#275=EDGE_LOOP('',(#1199));
#276=EDGE_LOOP('',(#1200));
#277=EDGE_LOOP('',(#1201,#1202,#1203,#1204,#1205));
#278=EDGE_LOOP('',(#1206));
#279=EDGE_LOOP('',(#1207));
#280=EDGE_LOOP('',(#1208,#1209,#1210,#1211,#1212));
#281=EDGE_LOOP('',(#1213));
#282=EDGE_LOOP('',(#1214));
#283=EDGE_LOOP('',(#1215,#1216,#1217,#1218,#1219));
#284=EDGE_LOOP('',(#1220,#1221));
#285=EDGE_LOOP('',(#1222,#1223,#1224,#1225,#1226));
#286=EDGE_LOOP('',(#1227,#1228,#1229,#1230,#1231));
#287=EDGE_LOOP('',(#1232,#1233,#1234,#1235,#1236,#1237,#1238,#1239));
#288=EDGE_LOOP('',(#1240,#1241,#1242,#1243));
#289=EDGE_LOOP('',(#1244,#1245,#1246,#1247));
#290=EDGE_LOOP('',(#1248,#1249,#1250,#1251,#1252,#1253));
#291=EDGE_LOOP('',(#1254,#1255,#1256,#1257,#1258,#1259));
#292=EDGE_LOOP('',(#1260,#1261,#1262,#1263,#1264,#1265));
#293=EDGE_LOOP('',(#1266,#1267,#1268,#1269,#1270,#1271));
#294=EDGE_LOOP('',(#1272,#1273,#1274,#1275));
#295=EDGE_LOOP('',(#1276,#1277,#1278,#1279));
#296=EDGE_LOOP('',(#1280,#1281,#1282,#1283));
#297=EDGE_LOOP('',(#1284,#1285,#1286,#1287));
#298=EDGE_LOOP('',(#1288));
#299=EDGE_LOOP('',(#1289,#1290,#1291,#1292));
#300=EDGE_LOOP('',(#1293,#1294,#1295,#1296));
#301=EDGE_LOOP('',(#1297));
#302=EDGE_LOOP('',(#1298,#1299,#1300,#1301));
#303=EDGE_LOOP('',(#1302,#1303,#1304,#1305));
#304=EDGE_LOOP('',(#1306,#1307,#1308,#1309));
#305=EDGE_LOOP('',(#1310,#1311,#1312,#1313));
#306=EDGE_LOOP('',(#1314,#1315,#1316,#1317));
#307=EDGE_LOOP('',(#1318,#1319,#1320,#1321));
#308=EDGE_LOOP('',(#1322,#1323,#1324,#1325));
#309=EDGE_LOOP('',(#1326,#1327,#1328,#1329));
#310=EDGE_LOOP('',(#1330,#1331,#1332,#1333));
#311=EDGE_LOOP('',(#1334,#1335,#1336,#1337));
#312=EDGE_LOOP('',(#1338,#1339,#1340,#1341));
#313=EDGE_LOOP('',(#1342,#1343,#1344,#1345));
#314=ELLIPSE('',#1480,927.706816476,791.);
#315=ELLIPSE('',#1507,927.706816476,791.);
#316=ELLIPSE('',#1511,8.209794836,7.);
#317=ELLIPSE('',#1512,8.209794836,7.);
#318=ELLIPSE('',#1532,925.361160808,789.);
#319=ELLIPSE('',#1537,8.209794836,7.);
#320=ELLIPSE('',#1538,8.209794836,7.);
#321=LINE('',#1983,#450);
#322=LINE('',#1987,#451);
#323=LINE('',#1989,#452);
#324=LINE('',#1991,#453);
#325=LINE('',#1993,#454);
#326=LINE('',#1995,#455);
#327=LINE('',#1996,#456);
#328=LINE('',#1999,#457);
#329=LINE('',#2003,#458);
#330=LINE('',#2007,#459);
#331=LINE('',#2011,#460);
#332=LINE('',#2016,#461);
#333=LINE('',#2018,#462);
#334=LINE('',#2020,#463);
#335=LINE('',#2021,#464);
#336=LINE('',#2024,#465);
#337=LINE('',#2028,#466);
#338=LINE('',#2032,#467);
#339=LINE('',#2036,#468);
#340=LINE('',#2040,#469);
#341=LINE('',#2042,#470);
#342=LINE('',#2043,#471);
#343=LINE('',#2049,#472);
#344=LINE('',#2053,#473);
#345=LINE('',#2057,#474);
#346=LINE('',#2059,#475);
#347=LINE('',#2060,#476);
#348=LINE('',#2063,#477);
#349=LINE('',#2067,#478);
#350=LINE('',#2075,#479);
#351=LINE('',#2079,#480);
#352=LINE('',#2093,#481);
#353=LINE('',#2094,#482);
#354=LINE('',#2107,#483);
#355=LINE('',#2108,#484);
#356=LINE('',#2125,#485);
#357=LINE('',#2151,#486);
#358=LINE('',#2176,#487);
#359=LINE('',#2178,#488);
#360=LINE('',#2193,#489);
#361=LINE('',#2196,#490);
#362=LINE('',#2352,#491);
#363=LINE('',#2356,#492);
#364=LINE('',#2360,#493);
#365=LINE('',#2362,#494);
#366=LINE('',#2364,#495);
#367=LINE('',#2366,#496);
#368=LINE('',#2368,#497);
#369=LINE('',#2369,#498);
#370=LINE('',#2372,#499);
#371=LINE('',#2374,#500);
#372=LINE('',#2375,#501);
#373=LINE('',#2379,#502);
#374=LINE('',#2380,#503);
#375=LINE('',#2381,#504);
#376=LINE('',#2422,#505);
#377=LINE('',#2464,#506);
#378=LINE('',#2506,#507);
#379=LINE('',#2548,#508);
#380=LINE('',#2552,#509);
#381=LINE('',#2554,#510);
#382=LINE('',#2572,#511);
#383=LINE('',#2598,#512);
#384=LINE('',#2615,#513);
#385=LINE('',#2627,#514);
#386=LINE('',#2638,#515);
#387=LINE('',#2646,#516);
#388=LINE('',#2657,#517);
#389=LINE('',#2667,#518);
#390=LINE('',#2671,#519);
#391=LINE('',#2672,#520);
#392=LINE('',#2676,#521);
#393=LINE('',#2681,#522);
#394=LINE('',#2682,#523);
#395=LINE('',#2684,#524);
#396=LINE('',#2685,#525);
#397=LINE('',#2687,#526);
#398=LINE('',#2688,#527);
#399=LINE('',#2690,#528);
#400=LINE('',#2691,#529);
#401=LINE('',#2693,#530);
#402=LINE('',#2694,#531);
#403=LINE('',#2700,#532);
#404=LINE('',#2701,#533);
#405=LINE('',#2703,#534);
#406=LINE('',#2704,#535);
#407=LINE('',#2706,#536);
#408=LINE('',#2708,#537);
#409=LINE('',#2709,#538);
#410=LINE('',#2712,#539);
#411=LINE('',#2713,#540);
#412=LINE('',#2714,#541);
#413=LINE('',#2716,#542);
#414=LINE('',#2718,#543);
#415=LINE('',#2719,#544);
#416=LINE('',#2722,#545);
#417=LINE('',#2725,#546);
#418=LINE('',#2731,#547);
#419=LINE('',#2736,#548);
#420=LINE('',#2741,#549);
#421=LINE('',#2746,#550);
#422=LINE('',#2750,#551);
#423=LINE('',#2751,#552);
#424=LINE('',#2752,#553);
#425=LINE('',#2754,#554);
#426=LINE('',#2756,#555);
#427=LINE('',#2757,#556);
#428=LINE('',#2759,#557);
#429=LINE('',#2761,#558);
#430=LINE('',#2762,#559);
#431=LINE('',#2766,#560);
#432=LINE('',#2768,#561);
#433=LINE('',#2770,#562);
#434=LINE('',#2771,#563);
#435=LINE('',#2773,#564);
#436=LINE('',#2774,#565);
#437=LINE('',#2779,#566);
#438=LINE('',#2784,#567);
#439=LINE('',#2785,#568);
#440=LINE('',#2791,#569);
#441=LINE('',#2793,#570);
#442=LINE('',#2795,#571);
#443=LINE('',#2796,#572);
#444=LINE('',#2798,#573);
#445=LINE('',#2799,#574);
#446=LINE('',#2801,#575);
#447=LINE('',#2802,#576);
#448=LINE('',#2804,#577);
#449=LINE('',#2805,#578);
#450=VECTOR('',#1607,35.8820175698674);
#451=VECTOR('',#1610,35.8820110768674);
#452=VECTOR('',#1611,13.);
#453=VECTOR('',#1612,3.00000000023974);
#454=VECTOR('',#1613,61.40008221);
#455=VECTOR('',#1614,3.00000000023974);
#456=VECTOR('',#1615,13.);
#457=VECTOR('',#1616,16.968924656);
#458=VECTOR('',#1619,8.20096732665536);
#459=VECTOR('',#1622,16.968924656);
#460=VECTOR('',#1625,8.20096732665536);
#461=VECTOR('',#1630,87.40008221);
#462=VECTOR('',#1631,33.0401260026403);
#463=VECTOR('',#1632,87.40008221);
#464=VECTOR('',#1633,33.0401260026403);
#465=VECTOR('',#1634,16.968924656);
#466=VECTOR('',#1637,8.20096732665536);
#467=VECTOR('',#1640,16.968924656);
#468=VECTOR('',#1643,8.20096732665536);
#469=VECTOR('',#1648,29.8999822193894);
#470=VECTOR('',#1649,3.00000000023974);
#471=VECTOR('',#1650,29.8999822193894);
#472=VECTOR('',#1655,87.40008221);
#473=VECTOR('',#1658,19.8999822185903);
#474=VECTOR('',#1663,19.8999859795903);
#475=VECTOR('',#1664,61.40008221);
#476=VECTOR('',#1665,29.8999822193894);
#477=VECTOR('',#1666,29.8999822193894);
#478=VECTOR('',#1669,19.8999858045903);
#479=VECTOR('',#1676,29.8999822193894);
#480=VECTOR('',#1679,19.8999858505903);
#481=VECTOR('',#1684,3.00000000023974);
#482=VECTOR('',#1685,35.4749177038349);
#483=VECTOR('',#1688,35.4749104648349);
#484=VECTOR('',#1689,3.00000000023974);
#485=VECTOR('',#1694,65.);
#486=VECTOR('',#1697,65.);
#487=VECTOR('',#1700,23.339253035);
#488=VECTOR('',#1701,23.339253035);
#489=VECTOR('',#1704,10.);
#490=VECTOR('',#1707,10.);
#491=VECTOR('',#1710,6.995136211);
#492=VECTOR('',#1713,87.40008221);
#493=VECTOR('',#1716,6.995142987);
#494=VECTOR('',#1717,10.049999454);
#495=VECTOR('',#1718,4.020944711);
#496=VECTOR('',#1719,75.);
#497=VECTOR('',#1720,4.020944711);
#498=VECTOR('',#1721,10.050000546);
#499=VECTOR('',#1724,4.45669678735615);
#500=VECTOR('',#1725,9.323761386);
#501=VECTOR('',#1726,3.799958236);
#502=VECTOR('',#1729,9.323751235);
#503=VECTOR('',#1730,4.45669032635615);
#504=VECTOR('',#1731,3.799952728);
#505=VECTOR('',#1734,1.400182752);
#506=VECTOR('',#1739,1.400182752);
#507=VECTOR('',#1744,1.400201057);
#508=VECTOR('',#1749,1.400201128);
#509=VECTOR('',#1754,3.810700668);
#510=VECTOR('',#1755,9.871647969);
#511=VECTOR('',#1762,65.);
#512=VECTOR('',#1765,65.);
#513=VECTOR('',#1770,5.9791);
#514=VECTOR('',#1773,23.339253035);
#515=VECTOR('',#1774,2.223867924);
#516=VECTOR('',#1781,2.223864524);
#517=VECTOR('',#1782,23.339253035);
#518=VECTOR('',#1783,5.9791);
#519=VECTOR('',#1788,9.871738116);
#520=VECTOR('',#1789,3.810700668);
#521=VECTOR('',#1792,4.552486324);
#522=VECTOR('',#1797,4.552479548);
#523=VECTOR('',#1798,95.1);
#524=VECTOR('',#1801,2.005318772);
#525=VECTOR('',#1802,2.005318772);
#526=VECTOR('',#1805,2.005318786);
#527=VECTOR('',#1806,2.005318786);
#528=VECTOR('',#1809,2.004431055);
#529=VECTOR('',#1810,2.004431043);
#530=VECTOR('',#1813,2.004431043);
#531=VECTOR('',#1814,2.004431055);
#532=VECTOR('',#1825,4.45669678735615);
#533=VECTOR('',#1826,3.799958236);
#534=VECTOR('',#1829,4.45669032635615);
#535=VECTOR('',#1830,3.799952728);
#536=VECTOR('',#1833,9.192287683);
#537=VECTOR('',#1836,2.002257067);
#538=VECTOR('',#1837,2.002257059);
#539=VECTOR('',#1840,0.531720457);
#540=VECTOR('',#1841,5.9791);
#541=VECTOR('',#1842,6.344678192);
#542=VECTOR('',#1845,6.344682473);
#543=VECTOR('',#1846,5.9791);
#544=VECTOR('',#1847,0.531724747);
#545=VECTOR('',#1852,9.871738116);
#546=VECTOR('',#1857,9.871647969);
#547=VECTOR('',#1866,3.);
#548=VECTOR('',#1873,3.);
#549=VECTOR('',#1880,3.);
#550=VECTOR('',#1887,3.);
#551=VECTOR('',#1892,17.5592770544032);
#552=VECTOR('',#1893,23.2801876938604);
#553=VECTOR('',#1894,3.00000000023974);
#554=VECTOR('',#1897,23.2801804548604);
#555=VECTOR('',#1898,17.5592705604032);
#556=VECTOR('',#1899,3.00000000023974);
#557=VECTOR('',#1902,13.);
#558=VECTOR('',#1903,3.00000000023974);
#559=VECTOR('',#1904,13.);
#560=VECTOR('',#1911,32.9767351766353);
#561=VECTOR('',#1914,32.9767427296353);
#562=VECTOR('',#1917,12.2661812839802);
#563=VECTOR('',#1918,20.7820127196607);
#564=VECTOR('',#1921,20.7820051666607);
#565=VECTOR('',#1922,12.2661812839802);
#566=VECTOR('',#1931,29.8999822193894);
#567=VECTOR('',#1938,29.8999822193894);
#568=VECTOR('',#1939,29.8999822193894);
#569=VECTOR('',#1948,2.);
#570=VECTOR('',#1951,2.);
#571=VECTOR('',#1954,2.00000000015983);
#572=VECTOR('',#1955,2.00000000015983);
#573=VECTOR('',#1958,2.00000000015983);
#574=VECTOR('',#1959,2.00000000015983);
#575=VECTOR('',#1962,2.00000000015983);
#576=VECTOR('',#1963,2.00000000015983);
#577=VECTOR('',#1966,2.00000000015983);
#578=VECTOR('',#1967,2.00000000015983);
#579=VERTEX_POINT('',#1981);
#580=VERTEX_POINT('',#1982);
#581=VERTEX_POINT('',#1984);
#582=VERTEX_POINT('',#1986);
#583=VERTEX_POINT('',#1988);
#584=VERTEX_POINT('',#1990);
#585=VERTEX_POINT('',#1992);
#586=VERTEX_POINT('',#1994);
#587=VERTEX_POINT('',#1997);
#588=VERTEX_POINT('',#1998);
#589=VERTEX_POINT('',#2000);
#590=VERTEX_POINT('',#2002);
#591=VERTEX_POINT('',#2004);
#592=VERTEX_POINT('',#2006);
#593=VERTEX_POINT('',#2008);
#594=VERTEX_POINT('',#2010);
#595=VERTEX_POINT('',#2014);
#596=VERTEX_POINT('',#2015);
#597=VERTEX_POINT('',#2017);
#598=VERTEX_POINT('',#2019);
#599=VERTEX_POINT('',#2022);
#600=VERTEX_POINT('',#2023);
#601=VERTEX_POINT('',#2025);
#602=VERTEX_POINT('',#2027);
#603=VERTEX_POINT('',#2029);
#604=VERTEX_POINT('',#2031);
#605=VERTEX_POINT('',#2033);
#606=VERTEX_POINT('',#2035);
#607=VERTEX_POINT('',#2039);
#608=VERTEX_POINT('',#2041);
#609=VERTEX_POINT('',#2045);
#610=VERTEX_POINT('',#2046);
#611=VERTEX_POINT('',#2048);
#612=VERTEX_POINT('',#2050);
#613=VERTEX_POINT('',#2052);
#614=VERTEX_POINT('',#2055);
#615=VERTEX_POINT('',#2058);
#616=VERTEX_POINT('',#2061);
#617=VERTEX_POINT('',#2062);
#618=VERTEX_POINT('',#2064);
#619=VERTEX_POINT('',#2066);
#620=VERTEX_POINT('',#2069);
#621=VERTEX_POINT('',#2071);
#622=VERTEX_POINT('',#2073);
#623=VERTEX_POINT('',#2074);
#624=VERTEX_POINT('',#2076);
#625=VERTEX_POINT('',#2078);
#626=VERTEX_POINT('',#2082);
#627=VERTEX_POINT('',#2096);
#628=VERTEX_POINT('',#2110);
#629=VERTEX_POINT('',#2111);
#630=VERTEX_POINT('',#2113);
#631=VERTEX_POINT('',#2124);
#632=VERTEX_POINT('',#2126);
#633=VERTEX_POINT('',#2137);
#634=VERTEX_POINT('',#2139);
#635=VERTEX_POINT('',#2150);
#636=VERTEX_POINT('',#2162);
#637=VERTEX_POINT('',#2163);
#638=VERTEX_POINT('',#2165);
#639=VERTEX_POINT('',#2177);
#640=VERTEX_POINT('',#2189);
#641=VERTEX_POINT('',#2190);
#642=VERTEX_POINT('',#2192);
#643=VERTEX_POINT('',#2194);
#644=VERTEX_POINT('',#2197);
#645=VERTEX_POINT('',#2198);
#646=VERTEX_POINT('',#2235);
#647=VERTEX_POINT('',#2236);
#648=VERTEX_POINT('',#2273);
#649=VERTEX_POINT('',#2274);
#650=VERTEX_POINT('',#2311);
#651=VERTEX_POINT('',#2312);
#652=VERTEX_POINT('',#2350);
#653=VERTEX_POINT('',#2351);
#654=VERTEX_POINT('',#2353);
#655=VERTEX_POINT('',#2355);
#656=VERTEX_POINT('',#2357);
#657=VERTEX_POINT('',#2359);
#658=VERTEX_POINT('',#2361);
#659=VERTEX_POINT('',#2363);
#660=VERTEX_POINT('',#2365);
#661=VERTEX_POINT('',#2367);
#662=VERTEX_POINT('',#2371);
#663=VERTEX_POINT('',#2373);
#664=VERTEX_POINT('',#2377);
#665=VERTEX_POINT('',#2378);
#666=VERTEX_POINT('',#2383);
#667=VERTEX_POINT('',#2384);
#668=VERTEX_POINT('',#2421);
#669=VERTEX_POINT('',#2425);
#670=VERTEX_POINT('',#2426);
#671=VERTEX_POINT('',#2463);
#672=VERTEX_POINT('',#2467);
#673=VERTEX_POINT('',#2468);
#674=VERTEX_POINT('',#2505);
#675=VERTEX_POINT('',#2509);
#676=VERTEX_POINT('',#2510);
#677=VERTEX_POINT('',#2547);
#678=VERTEX_POINT('',#2551);
#679=VERTEX_POINT('',#2553);
#680=VERTEX_POINT('',#2557);
#681=VERTEX_POINT('',#2558);
#682=VERTEX_POINT('',#2560);
#683=VERTEX_POINT('',#2571);
#684=VERTEX_POINT('',#2573);
#685=VERTEX_POINT('',#2584);
#686=VERTEX_POINT('',#2586);
#687=VERTEX_POINT('',#2597);
#688=VERTEX_POINT('',#2609);
#689=VERTEX_POINT('',#2610);
#690=VERTEX_POINT('',#2612);
#691=VERTEX_POINT('',#2614);
#692=VERTEX_POINT('',#2617);
#693=VERTEX_POINT('',#2626);
#694=VERTEX_POINT('',#2628);
#695=VERTEX_POINT('',#2637);
#696=VERTEX_POINT('',#2639);
#697=VERTEX_POINT('',#2641);
#698=VERTEX_POINT('',#2643);
#699=VERTEX_POINT('',#2645);
#700=VERTEX_POINT('',#2647);
#701=VERTEX_POINT('',#2656);
#702=VERTEX_POINT('',#2666);
#703=VERTEX_POINT('',#2670);
#704=VERTEX_POINT('',#2674);
#705=VERTEX_POINT('',#2675);
#706=VERTEX_POINT('',#2678);
#707=VERTEX_POINT('',#2680);
#708=VERTEX_POINT('',#2711);
#709=VERTEX_POINT('',#2717);
#710=VERTEX_POINT('',#2728);
#711=VERTEX_POINT('',#2733);
#712=VERTEX_POINT('',#2738);
#713=VERTEX_POINT('',#2743);
#714=VERTEX_POINT('',#2749);
#715=VERTEX_POINT('',#2755);
#716=VERTEX_POINT('',#2760);
#717=VERTEX_POINT('',#2780);
#718=VERTEX_POINT('',#2786);
#719=EDGE_CURVE('',#579,#580,#321,.T.);
#720=EDGE_CURVE('',#579,#581,#314,.T.);
#721=EDGE_CURVE('',#582,#581,#322,.T.);
#722=EDGE_CURVE('',#583,#582,#323,.T.);
#723=EDGE_CURVE('',#584,#583,#324,.T.);
#724=EDGE_CURVE('',#585,#584,#325,.T.);
#725=EDGE_CURVE('',#585,#586,#326,.T.);
#726=EDGE_CURVE('',#580,#586,#327,.T.);
#727=EDGE_CURVE('',#587,#588,#328,.T.);
#728=EDGE_CURVE('',#587,#589,#103,.T.);
#729=EDGE_CURVE('',#590,#589,#329,.T.);
#730=EDGE_CURVE('',#590,#591,#104,.T.);
#731=EDGE_CURVE('',#592,#591,#330,.T.);
#732=EDGE_CURVE('',#592,#593,#105,.T.);
#733=EDGE_CURVE('',#593,#594,#331,.T.);
#734=EDGE_CURVE('',#594,#588,#106,.T.);
#735=EDGE_CURVE('',#595,#596,#332,.T.);
#736=EDGE_CURVE('',#596,#597,#333,.T.);
#737=EDGE_CURVE('',#598,#597,#334,.T.);
#738=EDGE_CURVE('',#598,#595,#335,.T.);
#739=EDGE_CURVE('',#599,#600,#336,.T.);
#740=EDGE_CURVE('',#600,#601,#107,.T.);
#741=EDGE_CURVE('',#601,#602,#337,.T.);
#742=EDGE_CURVE('',#602,#603,#108,.T.);
#743=EDGE_CURVE('',#603,#604,#338,.T.);
#744=EDGE_CURVE('',#604,#605,#109,.T.);
#745=EDGE_CURVE('',#606,#605,#339,.T.);
#746=EDGE_CURVE('',#606,#599,#110,.T.);
#747=EDGE_CURVE('',#585,#607,#340,.T.);
#748=EDGE_CURVE('',#607,#608,#341,.T.);
#749=EDGE_CURVE('',#586,#608,#342,.T.);
#750=EDGE_CURVE('',#609,#610,#111,.T.);
#751=EDGE_CURVE('',#611,#610,#343,.T.);
#752=EDGE_CURVE('',#611,#612,#112,.T.);
#753=EDGE_CURVE('',#612,#613,#344,.T.);
#754=EDGE_CURVE('',#613,#596,#113,.T.);
#755=EDGE_CURVE('',#595,#614,#114,.T.);
#756=EDGE_CURVE('',#609,#614,#345,.T.);
#757=EDGE_CURVE('',#615,#607,#346,.T.);
#758=EDGE_CURVE('',#584,#615,#347,.T.);
#759=EDGE_CURVE('',#616,#617,#348,.T.);
#760=EDGE_CURVE('',#618,#616,#115,.T.);
#761=EDGE_CURVE('',#619,#618,#349,.T.);
#762=EDGE_CURVE('',#617,#619,#116,.T.);
#763=EDGE_CURVE('',#620,#620,#117,.T.);
#764=EDGE_CURVE('',#621,#621,#118,.T.);
#765=EDGE_CURVE('',#622,#623,#350,.T.);
#766=EDGE_CURVE('',#624,#622,#119,.T.);
#767=EDGE_CURVE('',#624,#625,#351,.T.);
#768=EDGE_CURVE('',#623,#625,#120,.T.);
#769=EDGE_CURVE('',#579,#626,#19,.T.);
#770=EDGE_CURVE('',#623,#580,#352,.T.);
#771=EDGE_CURVE('',#625,#626,#353,.T.);
#772=EDGE_CURVE('',#581,#627,#20,.T.);
#773=EDGE_CURVE('',#627,#618,#354,.T.);
#774=EDGE_CURVE('',#616,#582,#355,.T.);
#775=EDGE_CURVE('',#628,#629,#121,.T.);
#776=EDGE_CURVE('',#628,#630,#21,.T.);
#777=EDGE_CURVE('',#631,#630,#356,.T.);
#778=EDGE_CURVE('',#631,#632,#22,.T.);
#779=EDGE_CURVE('',#632,#633,#122,.T.);
#780=EDGE_CURVE('',#633,#634,#23,.T.);
#781=EDGE_CURVE('',#634,#635,#357,.T.);
#782=EDGE_CURVE('',#635,#629,#24,.T.);
#783=EDGE_CURVE('',#636,#637,#315,.T.);
#784=EDGE_CURVE('',#638,#636,#25,.T.);
#785=EDGE_CURVE('',#638,#627,#358,.T.);
#786=EDGE_CURVE('',#639,#626,#359,.T.);
#787=EDGE_CURVE('',#637,#639,#26,.T.);
#788=EDGE_CURVE('',#640,#641,#123,.T.);
#789=EDGE_CURVE('',#642,#640,#360,.T.);
#790=EDGE_CURVE('',#642,#643,#124,.T.);
#791=EDGE_CURVE('',#643,#641,#361,.T.);
#792=EDGE_CURVE('',#644,#645,#27,.T.);
#793=EDGE_CURVE('',#645,#644,#28,.T.);
#794=EDGE_CURVE('',#646,#647,#29,.T.);
#795=EDGE_CURVE('',#647,#646,#30,.T.);
#796=EDGE_CURVE('',#648,#649,#31,.T.);
#797=EDGE_CURVE('',#649,#648,#32,.T.);
#798=EDGE_CURVE('',#650,#651,#33,.T.);
#799=EDGE_CURVE('',#651,#650,#34,.T.);
#800=EDGE_CURVE('',#652,#653,#362,.T.);
#801=EDGE_CURVE('',#652,#654,#316,.T.);
#802=EDGE_CURVE('',#654,#655,#363,.T.);
#803=EDGE_CURVE('',#655,#656,#317,.T.);
#804=EDGE_CURVE('',#656,#657,#364,.T.);
#805=EDGE_CURVE('',#657,#658,#365,.T.);
#806=EDGE_CURVE('',#658,#659,#366,.T.);
#807=EDGE_CURVE('',#659,#660,#367,.T.);
#808=EDGE_CURVE('',#661,#660,#368,.T.);
#809=EDGE_CURVE('',#661,#653,#369,.T.);
#810=EDGE_CURVE('',#662,#656,#370,.T.);
#811=EDGE_CURVE('',#663,#662,#371,.T.);
#812=EDGE_CURVE('',#657,#663,#372,.T.);
#813=EDGE_CURVE('',#664,#665,#373,.T.);
#814=EDGE_CURVE('',#665,#652,#374,.T.);
#815=EDGE_CURVE('',#653,#664,#375,.T.);
#816=EDGE_CURVE('',#666,#667,#35,.T.);
#817=EDGE_CURVE('',#667,#666,#36,.T.);
#818=EDGE_CURVE('',#667,#668,#376,.T.);
#819=EDGE_CURVE('',#668,#668,#125,.T.);
#820=EDGE_CURVE('',#669,#670,#37,.T.);
#821=EDGE_CURVE('',#670,#669,#38,.T.);
#822=EDGE_CURVE('',#670,#671,#377,.T.);
#823=EDGE_CURVE('',#671,#671,#126,.T.);
#824=EDGE_CURVE('',#672,#673,#39,.T.);
#825=EDGE_CURVE('',#673,#672,#40,.T.);
#826=EDGE_CURVE('',#673,#674,#378,.T.);
#827=EDGE_CURVE('',#674,#674,#127,.T.);
#828=EDGE_CURVE('',#675,#676,#41,.T.);
#829=EDGE_CURVE('',#676,#675,#42,.T.);
#830=EDGE_CURVE('',#676,#677,#379,.T.);
#831=EDGE_CURVE('',#677,#677,#128,.T.);
#832=EDGE_CURVE('',#661,#678,#380,.T.);
#833=EDGE_CURVE('',#678,#679,#381,.T.);
#834=EDGE_CURVE('',#664,#679,#129,.T.);
#835=EDGE_CURVE('',#680,#681,#130,.T.);
#836=EDGE_CURVE('',#681,#682,#43,.T.);
#837=EDGE_CURVE('',#683,#682,#382,.T.);
#838=EDGE_CURVE('',#683,#684,#44,.T.);
#839=EDGE_CURVE('',#685,#684,#131,.T.);
#840=EDGE_CURVE('',#685,#686,#45,.T.);
#841=EDGE_CURVE('',#686,#687,#383,.T.);
#842=EDGE_CURVE('',#687,#680,#46,.T.);
#843=EDGE_CURVE('',#688,#689,#132,.T.);
#844=EDGE_CURVE('',#690,#688,#133,.T.);
#845=EDGE_CURVE('',#690,#691,#384,.T.);
#846=EDGE_CURVE('',#691,#663,#134,.T.);
#847=EDGE_CURVE('',#662,#692,#47,.T.);
#848=EDGE_CURVE('',#692,#693,#385,.T.);
#849=EDGE_CURVE('',#693,#694,#48,.T.);
#850=EDGE_CURVE('',#694,#695,#386,.T.);
#851=EDGE_CURVE('',#696,#695,#135,.T.);
#852=EDGE_CURVE('',#696,#697,#318,.T.);
#853=EDGE_CURVE('',#698,#697,#136,.T.);
#854=EDGE_CURVE('',#699,#698,#387,.T.);
#855=EDGE_CURVE('',#699,#700,#49,.T.);
#856=EDGE_CURVE('',#701,#700,#388,.T.);
#857=EDGE_CURVE('',#701,#665,#50,.T.);
#858=EDGE_CURVE('',#702,#679,#389,.T.);
#859=EDGE_CURVE('',#689,#702,#137,.T.);
#860=EDGE_CURVE('',#691,#703,#390,.T.);
#861=EDGE_CURVE('',#658,#703,#391,.T.);
#862=EDGE_CURVE('',#704,#705,#392,.T.);
#863=EDGE_CURVE('',#705,#598,#319,.T.);
#864=EDGE_CURVE('',#597,#706,#320,.T.);
#865=EDGE_CURVE('',#707,#706,#393,.T.);
#866=EDGE_CURVE('',#704,#707,#394,.T.);
#867=EDGE_CURVE('',#630,#687,#395,.T.);
#868=EDGE_CURVE('',#686,#631,#396,.T.);
#869=EDGE_CURVE('',#634,#683,#397,.T.);
#870=EDGE_CURVE('',#682,#635,#398,.T.);
#871=EDGE_CURVE('',#684,#633,#399,.T.);
#872=EDGE_CURVE('',#632,#685,#400,.T.);
#873=EDGE_CURVE('',#680,#628,#401,.T.);
#874=EDGE_CURVE('',#629,#681,#402,.T.);
#875=EDGE_CURVE('',#705,#694,#403,.T.);
#876=EDGE_CURVE('',#704,#695,#404,.T.);
#877=EDGE_CURVE('',#706,#699,#405,.T.);
#878=EDGE_CURVE('',#707,#698,#406,.T.);
#879=EDGE_CURVE('',#697,#696,#407,.T.);
#880=EDGE_CURVE('',#689,#643,#408,.T.);
#881=EDGE_CURVE('',#688,#642,#409,.T.);
#882=EDGE_CURVE('',#708,#689,#410,.T.);
#883=EDGE_CURVE('',#708,#678,#411,.T.);
#884=EDGE_CURVE('',#660,#641,#412,.T.);
#885=EDGE_CURVE('',#659,#640,#413,.T.);
#886=EDGE_CURVE('',#709,#703,#414,.T.);
#887=EDGE_CURVE('',#709,#688,#415,.T.);
#888=EDGE_CURVE('',#690,#709,#416,.T.);
#889=EDGE_CURVE('',#708,#702,#417,.T.);
#890=EDGE_CURVE('',#710,#710,#138,.T.);
#891=EDGE_CURVE('',#710,#649,#418,.T.);
#892=EDGE_CURVE('',#711,#711,#139,.T.);
#893=EDGE_CURVE('',#711,#647,#419,.T.);
#894=EDGE_CURVE('',#712,#712,#140,.T.);
#895=EDGE_CURVE('',#712,#651,#420,.T.);
#896=EDGE_CURVE('',#713,#713,#141,.T.);
#897=EDGE_CURVE('',#713,#645,#421,.T.);
#898=EDGE_CURVE('',#714,#637,#422,.T.);
#899=EDGE_CURVE('',#639,#624,#423,.T.);
#900=EDGE_CURVE('',#714,#622,#424,.T.);
#901=EDGE_CURVE('',#619,#638,#425,.T.);
#902=EDGE_CURVE('',#636,#715,#426,.T.);
#903=EDGE_CURVE('',#617,#715,#427,.T.);
#904=EDGE_CURVE('',#608,#714,#428,.T.);
#905=EDGE_CURVE('',#615,#716,#429,.T.);
#906=EDGE_CURVE('',#715,#716,#430,.T.);
#907=EDGE_CURVE('',#700,#613,#431,.T.);
#908=EDGE_CURVE('',#614,#693,#432,.T.);
#909=EDGE_CURVE('',#610,#655,#433,.T.);
#910=EDGE_CURVE('',#692,#609,#434,.T.);
#911=EDGE_CURVE('',#612,#701,#435,.T.);
#912=EDGE_CURVE('',#654,#611,#436,.T.);
#913=EDGE_CURVE('',#714,#580,#437,.T.);
#914=EDGE_CURVE('',#717,#717,#142,.T.);
#915=EDGE_CURVE('',#583,#716,#438,.T.);
#916=EDGE_CURVE('',#582,#715,#439,.T.);
#917=EDGE_CURVE('',#718,#718,#143,.T.);
#918=EDGE_CURVE('',#718,#621,#440,.T.);
#919=EDGE_CURVE('',#717,#620,#441,.T.);
#920=EDGE_CURVE('',#603,#587,#442,.T.);
#921=EDGE_CURVE('',#588,#604,#443,.T.);
#922=EDGE_CURVE('',#601,#590,#444,.T.);
#923=EDGE_CURVE('',#589,#602,#445,.T.);
#924=EDGE_CURVE('',#591,#600,#446,.T.);
#925=EDGE_CURVE('',#599,#592,#447,.T.);
#926=EDGE_CURVE('',#605,#594,#448,.T.);
#927=EDGE_CURVE('',#593,#606,#449,.T.);
#928=ORIENTED_EDGE('',*,*,#719,.F.);
#929=ORIENTED_EDGE('',*,*,#720,.T.);
#930=ORIENTED_EDGE('',*,*,#721,.F.);
#931=ORIENTED_EDGE('',*,*,#722,.F.);
#932=ORIENTED_EDGE('',*,*,#723,.F.);
#933=ORIENTED_EDGE('',*,*,#724,.F.);
#934=ORIENTED_EDGE('',*,*,#725,.T.);
#935=ORIENTED_EDGE('',*,*,#726,.F.);
#936=ORIENTED_EDGE('',*,*,#727,.F.);
#937=ORIENTED_EDGE('',*,*,#728,.T.);
#938=ORIENTED_EDGE('',*,*,#729,.F.);
#939=ORIENTED_EDGE('',*,*,#730,.T.);
#940=ORIENTED_EDGE('',*,*,#731,.F.);
#941=ORIENTED_EDGE('',*,*,#732,.T.);
#942=ORIENTED_EDGE('',*,*,#733,.T.);
#943=ORIENTED_EDGE('',*,*,#734,.T.);
#944=ORIENTED_EDGE('',*,*,#735,.T.);
#945=ORIENTED_EDGE('',*,*,#736,.T.);
#946=ORIENTED_EDGE('',*,*,#737,.F.);
#947=ORIENTED_EDGE('',*,*,#738,.T.);
#948=ORIENTED_EDGE('',*,*,#739,.T.);
#949=ORIENTED_EDGE('',*,*,#740,.T.);
#950=ORIENTED_EDGE('',*,*,#741,.T.);
#951=ORIENTED_EDGE('',*,*,#742,.T.);
#952=ORIENTED_EDGE('',*,*,#743,.T.);
#953=ORIENTED_EDGE('',*,*,#744,.T.);
#954=ORIENTED_EDGE('',*,*,#745,.F.);
#955=ORIENTED_EDGE('',*,*,#746,.T.);
#956=ORIENTED_EDGE('',*,*,#747,.T.);
#957=ORIENTED_EDGE('',*,*,#748,.T.);
#958=ORIENTED_EDGE('',*,*,#749,.F.);
#959=ORIENTED_EDGE('',*,*,#725,.F.);
#960=ORIENTED_EDGE('',*,*,#750,.T.);
#961=ORIENTED_EDGE('',*,*,#751,.F.);
#962=ORIENTED_EDGE('',*,*,#752,.T.);
#963=ORIENTED_EDGE('',*,*,#753,.T.);
#964=ORIENTED_EDGE('',*,*,#754,.T.);
#965=ORIENTED_EDGE('',*,*,#735,.F.);
#966=ORIENTED_EDGE('',*,*,#755,.T.);
#967=ORIENTED_EDGE('',*,*,#756,.F.);
#968=ORIENTED_EDGE('',*,*,#757,.T.);
#969=ORIENTED_EDGE('',*,*,#747,.F.);
#970=ORIENTED_EDGE('',*,*,#724,.T.);
#971=ORIENTED_EDGE('',*,*,#758,.T.);
#972=ORIENTED_EDGE('',*,*,#759,.F.);
#973=ORIENTED_EDGE('',*,*,#760,.F.);
#974=ORIENTED_EDGE('',*,*,#761,.F.);
#975=ORIENTED_EDGE('',*,*,#762,.F.);
#976=ORIENTED_EDGE('',*,*,#763,.F.);
#977=ORIENTED_EDGE('',*,*,#764,.F.);
#978=ORIENTED_EDGE('',*,*,#765,.F.);
#979=ORIENTED_EDGE('',*,*,#766,.F.);
#980=ORIENTED_EDGE('',*,*,#767,.T.);
#981=ORIENTED_EDGE('',*,*,#768,.F.);
#982=ORIENTED_EDGE('',*,*,#769,.F.);
#983=ORIENTED_EDGE('',*,*,#719,.T.);
#984=ORIENTED_EDGE('',*,*,#770,.F.);
#985=ORIENTED_EDGE('',*,*,#768,.T.);
#986=ORIENTED_EDGE('',*,*,#771,.T.);
#987=ORIENTED_EDGE('',*,*,#721,.T.);
#988=ORIENTED_EDGE('',*,*,#772,.T.);
#989=ORIENTED_EDGE('',*,*,#773,.T.);
#990=ORIENTED_EDGE('',*,*,#760,.T.);
#991=ORIENTED_EDGE('',*,*,#774,.T.);
#992=ORIENTED_EDGE('',*,*,#775,.F.);
#993=ORIENTED_EDGE('',*,*,#776,.T.);
#994=ORIENTED_EDGE('',*,*,#777,.F.);
#995=ORIENTED_EDGE('',*,*,#778,.T.);
#996=ORIENTED_EDGE('',*,*,#779,.T.);
#997=ORIENTED_EDGE('',*,*,#780,.T.);
#998=ORIENTED_EDGE('',*,*,#781,.T.);
#999=ORIENTED_EDGE('',*,*,#782,.T.);
#1000=ORIENTED_EDGE('',*,*,#783,.F.);
#1001=ORIENTED_EDGE('',*,*,#784,.F.);
#1002=ORIENTED_EDGE('',*,*,#785,.T.);
#1003=ORIENTED_EDGE('',*,*,#772,.F.);
#1004=ORIENTED_EDGE('',*,*,#720,.F.);
#1005=ORIENTED_EDGE('',*,*,#769,.T.);
#1006=ORIENTED_EDGE('',*,*,#786,.F.);
#1007=ORIENTED_EDGE('',*,*,#787,.F.);
#1008=ORIENTED_EDGE('',*,*,#788,.F.);
#1009=ORIENTED_EDGE('',*,*,#789,.F.);
#1010=ORIENTED_EDGE('',*,*,#790,.T.);
#1011=ORIENTED_EDGE('',*,*,#791,.T.);
#1012=ORIENTED_EDGE('',*,*,#792,.F.);
#1013=ORIENTED_EDGE('',*,*,#793,.F.);
#1014=ORIENTED_EDGE('',*,*,#794,.F.);
#1015=ORIENTED_EDGE('',*,*,#795,.F.);
#1016=ORIENTED_EDGE('',*,*,#796,.F.);
#1017=ORIENTED_EDGE('',*,*,#797,.F.);
#1018=ORIENTED_EDGE('',*,*,#798,.F.);
#1019=ORIENTED_EDGE('',*,*,#799,.F.);
#1020=ORIENTED_EDGE('',*,*,#800,.F.);
#1021=ORIENTED_EDGE('',*,*,#801,.T.);
#1022=ORIENTED_EDGE('',*,*,#802,.T.);
#1023=ORIENTED_EDGE('',*,*,#803,.T.);
#1024=ORIENTED_EDGE('',*,*,#804,.T.);
#1025=ORIENTED_EDGE('',*,*,#805,.T.);
#1026=ORIENTED_EDGE('',*,*,#806,.T.);
#1027=ORIENTED_EDGE('',*,*,#807,.T.);
#1028=ORIENTED_EDGE('',*,*,#808,.F.);
#1029=ORIENTED_EDGE('',*,*,#809,.T.);
#1030=ORIENTED_EDGE('',*,*,#810,.F.);
#1031=ORIENTED_EDGE('',*,*,#811,.F.);
#1032=ORIENTED_EDGE('',*,*,#812,.F.);
#1033=ORIENTED_EDGE('',*,*,#804,.F.);
#1034=ORIENTED_EDGE('',*,*,#813,.T.);
#1035=ORIENTED_EDGE('',*,*,#814,.T.);
#1036=ORIENTED_EDGE('',*,*,#800,.T.);
#1037=ORIENTED_EDGE('',*,*,#815,.T.);
#1038=ORIENTED_EDGE('',*,*,#816,.F.);
#1039=ORIENTED_EDGE('',*,*,#817,.F.);
#1040=ORIENTED_EDGE('',*,*,#818,.T.);
#1041=ORIENTED_EDGE('',*,*,#819,.F.);
#1042=ORIENTED_EDGE('',*,*,#818,.F.);
#1043=ORIENTED_EDGE('',*,*,#820,.F.);
#1044=ORIENTED_EDGE('',*,*,#821,.F.);
#1045=ORIENTED_EDGE('',*,*,#822,.T.);
#1046=ORIENTED_EDGE('',*,*,#823,.F.);
#1047=ORIENTED_EDGE('',*,*,#822,.F.);
#1048=ORIENTED_EDGE('',*,*,#824,.F.);
#1049=ORIENTED_EDGE('',*,*,#825,.F.);
#1050=ORIENTED_EDGE('',*,*,#826,.T.);
#1051=ORIENTED_EDGE('',*,*,#827,.F.);
#1052=ORIENTED_EDGE('',*,*,#826,.F.);
#1053=ORIENTED_EDGE('',*,*,#828,.F.);
#1054=ORIENTED_EDGE('',*,*,#829,.F.);
#1055=ORIENTED_EDGE('',*,*,#830,.T.);
#1056=ORIENTED_EDGE('',*,*,#831,.F.);
#1057=ORIENTED_EDGE('',*,*,#830,.F.);
#1058=ORIENTED_EDGE('',*,*,#832,.T.);
#1059=ORIENTED_EDGE('',*,*,#833,.T.);
#1060=ORIENTED_EDGE('',*,*,#834,.F.);
#1061=ORIENTED_EDGE('',*,*,#815,.F.);
#1062=ORIENTED_EDGE('',*,*,#809,.F.);
#1063=ORIENTED_EDGE('',*,*,#835,.T.);
#1064=ORIENTED_EDGE('',*,*,#836,.T.);
#1065=ORIENTED_EDGE('',*,*,#837,.F.);
#1066=ORIENTED_EDGE('',*,*,#838,.T.);
#1067=ORIENTED_EDGE('',*,*,#839,.F.);
#1068=ORIENTED_EDGE('',*,*,#840,.T.);
#1069=ORIENTED_EDGE('',*,*,#841,.T.);
#1070=ORIENTED_EDGE('',*,*,#842,.T.);
#1071=ORIENTED_EDGE('',*,*,#816,.T.);
#1072=ORIENTED_EDGE('',*,*,#817,.T.);
#1073=ORIENTED_EDGE('',*,*,#824,.T.);
#1074=ORIENTED_EDGE('',*,*,#825,.T.);
#1075=ORIENTED_EDGE('',*,*,#843,.F.);
#1076=ORIENTED_EDGE('',*,*,#844,.F.);
#1077=ORIENTED_EDGE('',*,*,#845,.T.);
#1078=ORIENTED_EDGE('',*,*,#846,.T.);
#1079=ORIENTED_EDGE('',*,*,#811,.T.);
#1080=ORIENTED_EDGE('',*,*,#847,.T.);
#1081=ORIENTED_EDGE('',*,*,#848,.T.);
#1082=ORIENTED_EDGE('',*,*,#849,.T.);
#1083=ORIENTED_EDGE('',*,*,#850,.T.);
#1084=ORIENTED_EDGE('',*,*,#851,.F.);
#1085=ORIENTED_EDGE('',*,*,#852,.T.);
#1086=ORIENTED_EDGE('',*,*,#853,.F.);
#1087=ORIENTED_EDGE('',*,*,#854,.F.);
#1088=ORIENTED_EDGE('',*,*,#855,.T.);
#1089=ORIENTED_EDGE('',*,*,#856,.F.);
#1090=ORIENTED_EDGE('',*,*,#857,.T.);
#1091=ORIENTED_EDGE('',*,*,#813,.F.);
#1092=ORIENTED_EDGE('',*,*,#834,.T.);
#1093=ORIENTED_EDGE('',*,*,#858,.F.);
#1094=ORIENTED_EDGE('',*,*,#859,.F.);
#1095=ORIENTED_EDGE('',*,*,#820,.T.);
#1096=ORIENTED_EDGE('',*,*,#821,.T.);
#1097=ORIENTED_EDGE('',*,*,#828,.T.);
#1098=ORIENTED_EDGE('',*,*,#829,.T.);
#1099=ORIENTED_EDGE('',*,*,#846,.F.);
#1100=ORIENTED_EDGE('',*,*,#860,.T.);
#1101=ORIENTED_EDGE('',*,*,#861,.F.);
#1102=ORIENTED_EDGE('',*,*,#805,.F.);
#1103=ORIENTED_EDGE('',*,*,#812,.T.);
#1104=ORIENTED_EDGE('',*,*,#862,.T.);
#1105=ORIENTED_EDGE('',*,*,#863,.T.);
#1106=ORIENTED_EDGE('',*,*,#737,.T.);
#1107=ORIENTED_EDGE('',*,*,#864,.T.);
#1108=ORIENTED_EDGE('',*,*,#865,.F.);
#1109=ORIENTED_EDGE('',*,*,#866,.F.);
#1110=ORIENTED_EDGE('',*,*,#777,.T.);
#1111=ORIENTED_EDGE('',*,*,#867,.T.);
#1112=ORIENTED_EDGE('',*,*,#841,.F.);
#1113=ORIENTED_EDGE('',*,*,#868,.T.);
#1114=ORIENTED_EDGE('',*,*,#781,.F.);
#1115=ORIENTED_EDGE('',*,*,#869,.T.);
#1116=ORIENTED_EDGE('',*,*,#837,.T.);
#1117=ORIENTED_EDGE('',*,*,#870,.T.);
#1118=ORIENTED_EDGE('',*,*,#839,.T.);
#1119=ORIENTED_EDGE('',*,*,#871,.T.);
#1120=ORIENTED_EDGE('',*,*,#779,.F.);
#1121=ORIENTED_EDGE('',*,*,#872,.T.);
#1122=ORIENTED_EDGE('',*,*,#835,.F.);
#1123=ORIENTED_EDGE('',*,*,#873,.T.);
#1124=ORIENTED_EDGE('',*,*,#775,.T.);
#1125=ORIENTED_EDGE('',*,*,#874,.T.);
#1126=ORIENTED_EDGE('',*,*,#836,.F.);
#1127=ORIENTED_EDGE('',*,*,#874,.F.);
#1128=ORIENTED_EDGE('',*,*,#782,.F.);
#1129=ORIENTED_EDGE('',*,*,#870,.F.);
#1130=ORIENTED_EDGE('',*,*,#838,.F.);
#1131=ORIENTED_EDGE('',*,*,#869,.F.);
#1132=ORIENTED_EDGE('',*,*,#780,.F.);
#1133=ORIENTED_EDGE('',*,*,#871,.F.);
#1134=ORIENTED_EDGE('',*,*,#842,.F.);
#1135=ORIENTED_EDGE('',*,*,#867,.F.);
#1136=ORIENTED_EDGE('',*,*,#776,.F.);
#1137=ORIENTED_EDGE('',*,*,#873,.F.);
#1138=ORIENTED_EDGE('',*,*,#840,.F.);
#1139=ORIENTED_EDGE('',*,*,#872,.F.);
#1140=ORIENTED_EDGE('',*,*,#778,.F.);
#1141=ORIENTED_EDGE('',*,*,#868,.F.);
#1142=ORIENTED_EDGE('',*,*,#875,.F.);
#1143=ORIENTED_EDGE('',*,*,#862,.F.);
#1144=ORIENTED_EDGE('',*,*,#876,.T.);
#1145=ORIENTED_EDGE('',*,*,#850,.F.);
#1146=ORIENTED_EDGE('',*,*,#865,.T.);
#1147=ORIENTED_EDGE('',*,*,#877,.T.);
#1148=ORIENTED_EDGE('',*,*,#854,.T.);
#1149=ORIENTED_EDGE('',*,*,#878,.F.);
#1150=ORIENTED_EDGE('',*,*,#853,.T.);
#1151=ORIENTED_EDGE('',*,*,#879,.T.);
#1152=ORIENTED_EDGE('',*,*,#851,.T.);
#1153=ORIENTED_EDGE('',*,*,#876,.F.);
#1154=ORIENTED_EDGE('',*,*,#866,.T.);
#1155=ORIENTED_EDGE('',*,*,#878,.T.);
#1156=ORIENTED_EDGE('',*,*,#843,.T.);
#1157=ORIENTED_EDGE('',*,*,#880,.T.);
#1158=ORIENTED_EDGE('',*,*,#790,.F.);
#1159=ORIENTED_EDGE('',*,*,#881,.F.);
#1160=ORIENTED_EDGE('',*,*,#880,.F.);
#1161=ORIENTED_EDGE('',*,*,#882,.F.);
#1162=ORIENTED_EDGE('',*,*,#883,.T.);
#1163=ORIENTED_EDGE('',*,*,#832,.F.);
#1164=ORIENTED_EDGE('',*,*,#808,.T.);
#1165=ORIENTED_EDGE('',*,*,#884,.T.);
#1166=ORIENTED_EDGE('',*,*,#791,.F.);
#1167=ORIENTED_EDGE('',*,*,#789,.T.);
#1168=ORIENTED_EDGE('',*,*,#885,.F.);
#1169=ORIENTED_EDGE('',*,*,#806,.F.);
#1170=ORIENTED_EDGE('',*,*,#861,.T.);
#1171=ORIENTED_EDGE('',*,*,#886,.F.);
#1172=ORIENTED_EDGE('',*,*,#887,.T.);
#1173=ORIENTED_EDGE('',*,*,#881,.T.);
#1174=ORIENTED_EDGE('',*,*,#788,.T.);
#1175=ORIENTED_EDGE('',*,*,#884,.F.);
#1176=ORIENTED_EDGE('',*,*,#807,.F.);
#1177=ORIENTED_EDGE('',*,*,#885,.T.);
#1178=ORIENTED_EDGE('',*,*,#860,.F.);
#1179=ORIENTED_EDGE('',*,*,#845,.F.);
#1180=ORIENTED_EDGE('',*,*,#888,.T.);
#1181=ORIENTED_EDGE('',*,*,#886,.T.);
#1182=ORIENTED_EDGE('',*,*,#888,.F.);
#1183=ORIENTED_EDGE('',*,*,#844,.T.);
#1184=ORIENTED_EDGE('',*,*,#887,.F.);
#1185=ORIENTED_EDGE('',*,*,#833,.F.);
#1186=ORIENTED_EDGE('',*,*,#883,.F.);
#1187=ORIENTED_EDGE('',*,*,#889,.T.);
#1188=ORIENTED_EDGE('',*,*,#858,.T.);
#1189=ORIENTED_EDGE('',*,*,#882,.T.);
#1190=ORIENTED_EDGE('',*,*,#859,.T.);
#1191=ORIENTED_EDGE('',*,*,#889,.F.);
#1192=ORIENTED_EDGE('',*,*,#890,.T.);
#1193=ORIENTED_EDGE('',*,*,#831,.T.);
#1194=ORIENTED_EDGE('',*,*,#890,.F.);
#1195=ORIENTED_EDGE('',*,*,#891,.T.);
#1196=ORIENTED_EDGE('',*,*,#797,.T.);
#1197=ORIENTED_EDGE('',*,*,#796,.T.);
#1198=ORIENTED_EDGE('',*,*,#891,.F.);
#1199=ORIENTED_EDGE('',*,*,#892,.T.);
#1200=ORIENTED_EDGE('',*,*,#827,.T.);
#1201=ORIENTED_EDGE('',*,*,#892,.F.);
#1202=ORIENTED_EDGE('',*,*,#893,.T.);
#1203=ORIENTED_EDGE('',*,*,#795,.T.);
#1204=ORIENTED_EDGE('',*,*,#794,.T.);
#1205=ORIENTED_EDGE('',*,*,#893,.F.);
#1206=ORIENTED_EDGE('',*,*,#894,.T.);
#1207=ORIENTED_EDGE('',*,*,#823,.T.);
#1208=ORIENTED_EDGE('',*,*,#894,.F.);
#1209=ORIENTED_EDGE('',*,*,#895,.T.);
#1210=ORIENTED_EDGE('',*,*,#799,.T.);
#1211=ORIENTED_EDGE('',*,*,#798,.T.);
#1212=ORIENTED_EDGE('',*,*,#895,.F.);
#1213=ORIENTED_EDGE('',*,*,#896,.T.);
#1214=ORIENTED_EDGE('',*,*,#819,.T.);
#1215=ORIENTED_EDGE('',*,*,#896,.F.);
#1216=ORIENTED_EDGE('',*,*,#897,.T.);
#1217=ORIENTED_EDGE('',*,*,#793,.T.);
#1218=ORIENTED_EDGE('',*,*,#792,.T.);
#1219=ORIENTED_EDGE('',*,*,#897,.F.);
#1220=ORIENTED_EDGE('',*,*,#852,.F.);
#1221=ORIENTED_EDGE('',*,*,#879,.F.);
#1222=ORIENTED_EDGE('',*,*,#898,.T.);
#1223=ORIENTED_EDGE('',*,*,#787,.T.);
#1224=ORIENTED_EDGE('',*,*,#899,.T.);
#1225=ORIENTED_EDGE('',*,*,#766,.T.);
#1226=ORIENTED_EDGE('',*,*,#900,.F.);
#1227=ORIENTED_EDGE('',*,*,#901,.T.);
#1228=ORIENTED_EDGE('',*,*,#784,.T.);
#1229=ORIENTED_EDGE('',*,*,#902,.T.);
#1230=ORIENTED_EDGE('',*,*,#903,.F.);
#1231=ORIENTED_EDGE('',*,*,#762,.T.);
#1232=ORIENTED_EDGE('',*,*,#902,.F.);
#1233=ORIENTED_EDGE('',*,*,#783,.T.);
#1234=ORIENTED_EDGE('',*,*,#898,.F.);
#1235=ORIENTED_EDGE('',*,*,#904,.F.);
#1236=ORIENTED_EDGE('',*,*,#748,.F.);
#1237=ORIENTED_EDGE('',*,*,#757,.F.);
#1238=ORIENTED_EDGE('',*,*,#905,.T.);
#1239=ORIENTED_EDGE('',*,*,#906,.F.);
#1240=ORIENTED_EDGE('',*,*,#899,.F.);
#1241=ORIENTED_EDGE('',*,*,#786,.T.);
#1242=ORIENTED_EDGE('',*,*,#771,.F.);
#1243=ORIENTED_EDGE('',*,*,#767,.F.);
#1244=ORIENTED_EDGE('',*,*,#785,.F.);
#1245=ORIENTED_EDGE('',*,*,#901,.F.);
#1246=ORIENTED_EDGE('',*,*,#761,.T.);
#1247=ORIENTED_EDGE('',*,*,#773,.F.);
#1248=ORIENTED_EDGE('',*,*,#855,.F.);
#1249=ORIENTED_EDGE('',*,*,#877,.F.);
#1250=ORIENTED_EDGE('',*,*,#864,.F.);
#1251=ORIENTED_EDGE('',*,*,#736,.F.);
#1252=ORIENTED_EDGE('',*,*,#754,.F.);
#1253=ORIENTED_EDGE('',*,*,#907,.F.);
#1254=ORIENTED_EDGE('',*,*,#849,.F.);
#1255=ORIENTED_EDGE('',*,*,#908,.F.);
#1256=ORIENTED_EDGE('',*,*,#755,.F.);
#1257=ORIENTED_EDGE('',*,*,#738,.F.);
#1258=ORIENTED_EDGE('',*,*,#863,.F.);
#1259=ORIENTED_EDGE('',*,*,#875,.T.);
#1260=ORIENTED_EDGE('',*,*,#847,.F.);
#1261=ORIENTED_EDGE('',*,*,#810,.T.);
#1262=ORIENTED_EDGE('',*,*,#803,.F.);
#1263=ORIENTED_EDGE('',*,*,#909,.F.);
#1264=ORIENTED_EDGE('',*,*,#750,.F.);
#1265=ORIENTED_EDGE('',*,*,#910,.F.);
#1266=ORIENTED_EDGE('',*,*,#857,.F.);
#1267=ORIENTED_EDGE('',*,*,#911,.F.);
#1268=ORIENTED_EDGE('',*,*,#752,.F.);
#1269=ORIENTED_EDGE('',*,*,#912,.F.);
#1270=ORIENTED_EDGE('',*,*,#801,.F.);
#1271=ORIENTED_EDGE('',*,*,#814,.F.);
#1272=ORIENTED_EDGE('',*,*,#802,.F.);
#1273=ORIENTED_EDGE('',*,*,#912,.T.);
#1274=ORIENTED_EDGE('',*,*,#751,.T.);
#1275=ORIENTED_EDGE('',*,*,#909,.T.);
#1276=ORIENTED_EDGE('',*,*,#848,.F.);
#1277=ORIENTED_EDGE('',*,*,#910,.T.);
#1278=ORIENTED_EDGE('',*,*,#756,.T.);
#1279=ORIENTED_EDGE('',*,*,#908,.T.);
#1280=ORIENTED_EDGE('',*,*,#911,.T.);
#1281=ORIENTED_EDGE('',*,*,#856,.T.);
#1282=ORIENTED_EDGE('',*,*,#907,.T.);
#1283=ORIENTED_EDGE('',*,*,#753,.F.);
#1284=ORIENTED_EDGE('',*,*,#913,.T.);
#1285=ORIENTED_EDGE('',*,*,#726,.T.);
#1286=ORIENTED_EDGE('',*,*,#749,.T.);
#1287=ORIENTED_EDGE('',*,*,#904,.T.);
#1288=ORIENTED_EDGE('',*,*,#914,.T.);
#1289=ORIENTED_EDGE('',*,*,#900,.T.);
#1290=ORIENTED_EDGE('',*,*,#765,.T.);
#1291=ORIENTED_EDGE('',*,*,#770,.T.);
#1292=ORIENTED_EDGE('',*,*,#913,.F.);
#1293=ORIENTED_EDGE('',*,*,#915,.F.);
#1294=ORIENTED_EDGE('',*,*,#722,.T.);
#1295=ORIENTED_EDGE('',*,*,#916,.T.);
#1296=ORIENTED_EDGE('',*,*,#906,.T.);
#1297=ORIENTED_EDGE('',*,*,#917,.T.);
#1298=ORIENTED_EDGE('',*,*,#915,.T.);
#1299=ORIENTED_EDGE('',*,*,#905,.F.);
#1300=ORIENTED_EDGE('',*,*,#758,.F.);
#1301=ORIENTED_EDGE('',*,*,#723,.T.);
#1302=ORIENTED_EDGE('',*,*,#916,.F.);
#1303=ORIENTED_EDGE('',*,*,#774,.F.);
#1304=ORIENTED_EDGE('',*,*,#759,.T.);
#1305=ORIENTED_EDGE('',*,*,#903,.T.);
#1306=ORIENTED_EDGE('',*,*,#917,.F.);
#1307=ORIENTED_EDGE('',*,*,#918,.T.);
#1308=ORIENTED_EDGE('',*,*,#764,.T.);
#1309=ORIENTED_EDGE('',*,*,#918,.F.);
#1310=ORIENTED_EDGE('',*,*,#914,.F.);
#1311=ORIENTED_EDGE('',*,*,#919,.T.);
#1312=ORIENTED_EDGE('',*,*,#763,.T.);
#1313=ORIENTED_EDGE('',*,*,#919,.F.);
#1314=ORIENTED_EDGE('',*,*,#743,.F.);
#1315=ORIENTED_EDGE('',*,*,#920,.T.);
#1316=ORIENTED_EDGE('',*,*,#727,.T.);
#1317=ORIENTED_EDGE('',*,*,#921,.T.);
#1318=ORIENTED_EDGE('',*,*,#741,.F.);
#1319=ORIENTED_EDGE('',*,*,#922,.T.);
#1320=ORIENTED_EDGE('',*,*,#729,.T.);
#1321=ORIENTED_EDGE('',*,*,#923,.T.);
#1322=ORIENTED_EDGE('',*,*,#731,.T.);
#1323=ORIENTED_EDGE('',*,*,#924,.T.);
#1324=ORIENTED_EDGE('',*,*,#739,.F.);
#1325=ORIENTED_EDGE('',*,*,#925,.T.);
#1326=ORIENTED_EDGE('',*,*,#745,.T.);
#1327=ORIENTED_EDGE('',*,*,#926,.T.);
#1328=ORIENTED_EDGE('',*,*,#733,.F.);
#1329=ORIENTED_EDGE('',*,*,#927,.T.);
#1330=ORIENTED_EDGE('',*,*,#730,.F.);
#1331=ORIENTED_EDGE('',*,*,#922,.F.);
#1332=ORIENTED_EDGE('',*,*,#740,.F.);
#1333=ORIENTED_EDGE('',*,*,#924,.F.);
#1334=ORIENTED_EDGE('',*,*,#728,.F.);
#1335=ORIENTED_EDGE('',*,*,#920,.F.);
#1336=ORIENTED_EDGE('',*,*,#742,.F.);
#1337=ORIENTED_EDGE('',*,*,#923,.F.);
#1338=ORIENTED_EDGE('',*,*,#734,.F.);
#1339=ORIENTED_EDGE('',*,*,#926,.F.);
#1340=ORIENTED_EDGE('',*,*,#744,.F.);
#1341=ORIENTED_EDGE('',*,*,#921,.F.);
#1342=ORIENTED_EDGE('',*,*,#732,.F.);
#1343=ORIENTED_EDGE('',*,*,#925,.F.);
#1344=ORIENTED_EDGE('',*,*,#746,.F.);
#1345=ORIENTED_EDGE('',*,*,#927,.F.);
#1346=PLANE('',#1479);
#1347=PLANE('',#1485);
#1348=PLANE('',#1490);
#1349=PLANE('',#1491);
#1350=PLANE('',#1510);
#1351=PLANE('',#1513);
#1352=PLANE('',#1514);
#1353=PLANE('',#1523);
#1354=PLANE('',#1535);
#1355=PLANE('',#1536);
#1356=PLANE('',#1539);
#1357=PLANE('',#1540);
#1358=PLANE('',#1541);
#1359=PLANE('',#1542);
#1360=PLANE('',#1547);
#1361=PLANE('',#1548);
#1362=PLANE('',#1549);
#1363=PLANE('',#1550);
#1364=PLANE('',#1551);
#1365=PLANE('',#1552);
#1366=PLANE('',#1553);
#1367=PLANE('',#1554);
#1368=PLANE('',#1555);
#1369=PLANE('',#1556);
#1370=PLANE('',#1557);
#1371=PLANE('',#1558);
#1372=PLANE('',#1561);
#1373=PLANE('',#1564);
#1374=PLANE('',#1567);
#1375=PLANE('',#1570);
#1376=PLANE('',#1573);
#1377=PLANE('',#1574);
#1378=PLANE('',#1575);
#1379=PLANE('',#1580);
#1380=PLANE('',#1581);
#1381=PLANE('',#1582);
#1382=PLANE('',#1583);
#1383=PLANE('',#1585);
#1384=PLANE('',#1586);
#1385=PLANE('',#1588);
#1386=PLANE('',#1589);
#1387=PLANE('',#1592);
#1388=PLANE('',#1593);
#1389=PLANE('',#1594);
#1390=PLANE('',#1595);
#1391=ADVANCED_FACE('',(#144,#79),#1346,.F.);
#1392=ADVANCED_FACE('',(#145,#80),#1347,.T.);
#1393=ADVANCED_FACE('',(#146),#1348,.T.);
#1394=ADVANCED_FACE('',(#147,#81,#82,#83,#84,#85),#1349,.F.);
#1395=ADVANCED_FACE('',(#148),#51,.F.);
#1396=ADVANCED_FACE('',(#149),#52,.F.);
#1397=ADVANCED_FACE('',(#150,#86,#87,#88,#89,#90,#91),#53,.T.);
#1398=ADVANCED_FACE('',(#151),#1350,.T.);
#1399=ADVANCED_FACE('',(#152),#1351,.T.);
#1400=ADVANCED_FACE('',(#153),#1352,.F.);
#1401=ADVANCED_FACE('',(#154),#54,.F.);
#1402=ADVANCED_FACE('',(#155),#55,.F.);
#1403=ADVANCED_FACE('',(#156),#56,.F.);
#1404=ADVANCED_FACE('',(#157),#57,.F.);
#1405=ADVANCED_FACE('',(#158),#1353,.T.);
#1406=ADVANCED_FACE('',(#159,#92,#93,#94,#95,#96),#58,.F.);
#1407=ADVANCED_FACE('',(#160),#1354,.T.);
#1408=ADVANCED_FACE('',(#161),#1355,.T.);
#1409=ADVANCED_FACE('',(#162),#1356,.T.);
#1410=ADVANCED_FACE('',(#163),#1357,.F.);
#1411=ADVANCED_FACE('',(#164),#1358,.F.);
#1412=ADVANCED_FACE('',(#165),#1359,.T.);
#1413=ADVANCED_FACE('',(#166),#59,.T.);
#1414=ADVANCED_FACE('',(#167),#60,.T.);
#1415=ADVANCED_FACE('',(#168),#61,.T.);
#1416=ADVANCED_FACE('',(#169),#62,.T.);
#1417=ADVANCED_FACE('',(#170),#1360,.T.);
#1418=ADVANCED_FACE('',(#171),#1361,.F.);
#1419=ADVANCED_FACE('',(#172),#1362,.F.);
#1420=ADVANCED_FACE('',(#173),#1363,.T.);
#1421=ADVANCED_FACE('',(#174),#1364,.T.);
#1422=ADVANCED_FACE('',(#175),#1365,.F.);
#1423=ADVANCED_FACE('',(#176),#1366,.F.);
#1424=ADVANCED_FACE('',(#177),#1367,.T.);
#1425=ADVANCED_FACE('',(#178),#1368,.T.);
#1426=ADVANCED_FACE('',(#179),#1369,.T.);
#1427=ADVANCED_FACE('',(#180),#1370,.T.);
#1428=ADVANCED_FACE('',(#181,#97),#1371,.T.);
#1429=ADVANCED_FACE('',(#182),#63,.F.);
#1430=ADVANCED_FACE('',(#183,#98),#1372,.T.);
#1431=ADVANCED_FACE('',(#184),#64,.F.);
#1432=ADVANCED_FACE('',(#185,#99),#1373,.T.);
#1433=ADVANCED_FACE('',(#186),#65,.F.);
#1434=ADVANCED_FACE('',(#187,#100),#1374,.T.);
#1435=ADVANCED_FACE('',(#188),#66,.F.);
#1436=ADVANCED_FACE('',(#189),#1375,.T.);
#1437=ADVANCED_FACE('',(#190),#67,.F.);
#1438=ADVANCED_FACE('',(#191),#68,.F.);
#1439=ADVANCED_FACE('',(#192),#1376,.F.);
#1440=ADVANCED_FACE('',(#193),#1377,.F.);
#1441=ADVANCED_FACE('',(#194),#1378,.T.);
#1442=ADVANCED_FACE('',(#195),#69,.T.);
#1443=ADVANCED_FACE('',(#196),#70,.T.);
#1444=ADVANCED_FACE('',(#197),#71,.T.);
#1445=ADVANCED_FACE('',(#198),#72,.T.);
#1446=ADVANCED_FACE('',(#199),#1379,.T.);
#1447=ADVANCED_FACE('',(#200),#1380,.T.);
#1448=ADVANCED_FACE('',(#201),#1381,.F.);
#1449=ADVANCED_FACE('',(#202,#101),#1382,.F.);
#1450=ADVANCED_FACE('',(#203),#1383,.T.);
#1451=ADVANCED_FACE('',(#204,#102),#1384,.F.);
#1452=ADVANCED_FACE('',(#205),#1385,.F.);
#1453=ADVANCED_FACE('',(#206),#1386,.T.);
#1454=ADVANCED_FACE('',(#207),#73,.F.);
#1455=ADVANCED_FACE('',(#208),#74,.F.);
#1456=ADVANCED_FACE('',(#209),#1387,.T.);
#1457=ADVANCED_FACE('',(#210),#1388,.T.);
#1458=ADVANCED_FACE('',(#211),#1389,.T.);
#1459=ADVANCED_FACE('',(#212),#1390,.F.);
#1460=ADVANCED_FACE('',(#213),#75,.F.);
#1461=ADVANCED_FACE('',(#214),#76,.F.);
#1462=ADVANCED_FACE('',(#215),#77,.F.);
#1463=ADVANCED_FACE('',(#216),#78,.F.);
#1464=CLOSED_SHELL('',(#1391,#1392,#1393,#1394,#1395,#1396,#1397,#1398,
#1399,#1400,#1401,#1402,#1403,#1404,#1405,#1406,#1407,#1408,#1409,#1410,
#1411,#1412,#1413,#1414,#1415,#1416,#1417,#1418,#1419,#1420,#1421,#1422,
#1423,#1424,#1425,#1426,#1427,#1428,#1429,#1430,#1431,#1432,#1433,#1434,
#1435,#1436,#1437,#1438,#1439,#1440,#1441,#1442,#1443,#1444,#1445,#1446,
#1447,#1448,#1449,#1450,#1451,#1452,#1453,#1454,#1455,#1456,#1457,#1458,
#1459,#1460,#1461,#1462,#1463));
#1465=DERIVED_UNIT_ELEMENT(#1467,1.);
#1466=DERIVED_UNIT_ELEMENT(#2818,-3.);
#1467=(
MASS_UNIT()
NAMED_UNIT(*)
SI_UNIT(.KILO.,.GRAM.)
);
#1468=DERIVED_UNIT((#1465,#1466));
#1469=MEASURE_REPRESENTATION_ITEM('density measure',
POSITIVE_RATIO_MEASURE(7850.),#1468);
#1470=PROPERTY_DEFINITION_REPRESENTATION(#1475,#1472);
#1471=PROPERTY_DEFINITION_REPRESENTATION(#1476,#1473);
#1472=REPRESENTATION('material name',(#1474),#2815);
#1473=REPRESENTATION('density',(#1469),#2815);
#1474=DESCRIPTIVE_REPRESENTATION_ITEM('Steel','Steel');
#1475=PROPERTY_DEFINITION('material property','material name',#2830);
#1476=PROPERTY_DEFINITION('material property','density of part',#2830);
#1477=AXIS2_PLACEMENT_3D('',#1978,#1601,#1602);
#1478=AXIS2_PLACEMENT_3D('',#1979,#1603,#1604);
#1479=AXIS2_PLACEMENT_3D('',#1980,#1605,#1606);
#1480=AXIS2_PLACEMENT_3D('',#1985,#1608,#1609);
#1481=AXIS2_PLACEMENT_3D('',#2001,#1617,#1618);
#1482=AXIS2_PLACEMENT_3D('',#2005,#1620,#1621);
#1483=AXIS2_PLACEMENT_3D('',#2009,#1623,#1624);
#1484=AXIS2_PLACEMENT_3D('',#2012,#1626,#1627);
#1485=AXIS2_PLACEMENT_3D('',#2013,#1628,#1629);
#1486=AXIS2_PLACEMENT_3D('',#2026,#1635,#1636);
#1487=AXIS2_PLACEMENT_3D('',#2030,#1638,#1639);
#1488=AXIS2_PLACEMENT_3D('',#2034,#1641,#1642);
#1489=AXIS2_PLACEMENT_3D('',#2037,#1644,#1645);
#1490=AXIS2_PLACEMENT_3D('',#2038,#1646,#1647);
#1491=AXIS2_PLACEMENT_3D('',#2044,#1651,#1652);
#1492=AXIS2_PLACEMENT_3D('',#2047,#1653,#1654);
#1493=AXIS2_PLACEMENT_3D('',#2051,#1656,#1657);
#1494=AXIS2_PLACEMENT_3D('',#2054,#1659,#1660);
#1495=AXIS2_PLACEMENT_3D('',#2056,#1661,#1662);
#1496=AXIS2_PLACEMENT_3D('',#2065,#1667,#1668);
#1497=AXIS2_PLACEMENT_3D('',#2068,#1670,#1671);
#1498=AXIS2_PLACEMENT_3D('',#2070,#1672,#1673);
#1499=AXIS2_PLACEMENT_3D('',#2072,#1674,#1675);
#1500=AXIS2_PLACEMENT_3D('',#2077,#1677,#1678);
#1501=AXIS2_PLACEMENT_3D('',#2080,#1680,#1681);
#1502=AXIS2_PLACEMENT_3D('',#2081,#1682,#1683);
#1503=AXIS2_PLACEMENT_3D('',#2095,#1686,#1687);
#1504=AXIS2_PLACEMENT_3D('',#2109,#1690,#1691);
#1505=AXIS2_PLACEMENT_3D('',#2112,#1692,#1693);
#1506=AXIS2_PLACEMENT_3D('',#2138,#1695,#1696);
#1507=AXIS2_PLACEMENT_3D('',#2164,#1698,#1699);
#1508=AXIS2_PLACEMENT_3D('',#2191,#1702,#1703);
#1509=AXIS2_PLACEMENT_3D('',#2195,#1705,#1706);
#1510=AXIS2_PLACEMENT_3D('',#2349,#1708,#1709);
#1511=AXIS2_PLACEMENT_3D('',#2354,#1711,#1712);
#1512=AXIS2_PLACEMENT_3D('',#2358,#1714,#1715);
#1513=AXIS2_PLACEMENT_3D('',#2370,#1722,#1723);
#1514=AXIS2_PLACEMENT_3D('',#2376,#1727,#1728);
#1515=AXIS2_PLACEMENT_3D('',#2382,#1732,#1733);
#1516=AXIS2_PLACEMENT_3D('',#2423,#1735,#1736);
#1517=AXIS2_PLACEMENT_3D('',#2424,#1737,#1738);
#1518=AXIS2_PLACEMENT_3D('',#2465,#1740,#1741);
#1519=AXIS2_PLACEMENT_3D('',#2466,#1742,#1743);
#1520=AXIS2_PLACEMENT_3D('',#2507,#1745,#1746);
#1521=AXIS2_PLACEMENT_3D('',#2508,#1747,#1748);
#1522=AXIS2_PLACEMENT_3D('',#2549,#1750,#1751);
#1523=AXIS2_PLACEMENT_3D('',#2550,#1752,#1753);
#1524=AXIS2_PLACEMENT_3D('',#2555,#1756,#1757);
#1525=AXIS2_PLACEMENT_3D('',#2556,#1758,#1759);
#1526=AXIS2_PLACEMENT_3D('',#2559,#1760,#1761);
#1527=AXIS2_PLACEMENT_3D('',#2585,#1763,#1764);
#1528=AXIS2_PLACEMENT_3D('',#2611,#1766,#1767);
#1529=AXIS2_PLACEMENT_3D('',#2613,#1768,#1769);
#1530=AXIS2_PLACEMENT_3D('',#2616,#1771,#1772);
#1531=AXIS2_PLACEMENT_3D('',#2640,#1775,#1776);
#1532=AXIS2_PLACEMENT_3D('',#2642,#1777,#1778);
#1533=AXIS2_PLACEMENT_3D('',#2644,#1779,#1780);
#1534=AXIS2_PLACEMENT_3D('',#2668,#1784,#1785);
#1535=AXIS2_PLACEMENT_3D('',#2669,#1786,#1787);
#1536=AXIS2_PLACEMENT_3D('',#2673,#1790,#1791);
#1537=AXIS2_PLACEMENT_3D('',#2677,#1793,#1794);
#1538=AXIS2_PLACEMENT_3D('',#2679,#1795,#1796);
#1539=AXIS2_PLACEMENT_3D('',#2683,#1799,#1800);
#1540=AXIS2_PLACEMENT_3D('',#2686,#1803,#1804);
#1541=AXIS2_PLACEMENT_3D('',#2689,#1807,#1808);
#1542=AXIS2_PLACEMENT_3D('',#2692,#1811,#1812);
#1543=AXIS2_PLACEMENT_3D('',#2695,#1815,#1816);
#1544=AXIS2_PLACEMENT_3D('',#2696,#1817,#1818);
#1545=AXIS2_PLACEMENT_3D('',#2697,#1819,#1820);
#1546=AXIS2_PLACEMENT_3D('',#2698,#1821,#1822);
#1547=AXIS2_PLACEMENT_3D('',#2699,#1823,#1824);
#1548=AXIS2_PLACEMENT_3D('',#2702,#1827,#1828);
#1549=AXIS2_PLACEMENT_3D('',#2705,#1831,#1832);
#1550=AXIS2_PLACEMENT_3D('',#2707,#1834,#1835);
#1551=AXIS2_PLACEMENT_3D('',#2710,#1838,#1839);
#1552=AXIS2_PLACEMENT_3D('',#2715,#1843,#1844);
#1553=AXIS2_PLACEMENT_3D('',#2720,#1848,#1849);
#1554=AXIS2_PLACEMENT_3D('',#2721,#1850,#1851);
#1555=AXIS2_PLACEMENT_3D('',#2723,#1853,#1854);
#1556=AXIS2_PLACEMENT_3D('',#2724,#1855,#1856);
#1557=AXIS2_PLACEMENT_3D('',#2726,#1858,#1859);
#1558=AXIS2_PLACEMENT_3D('',#2727,#1860,#1861);
#1559=AXIS2_PLACEMENT_3D('',#2729,#1862,#1863);
#1560=AXIS2_PLACEMENT_3D('',#2730,#1864,#1865);
#1561=AXIS2_PLACEMENT_3D('',#2732,#1867,#1868);
#1562=AXIS2_PLACEMENT_3D('',#2734,#1869,#1870);
#1563=AXIS2_PLACEMENT_3D('',#2735,#1871,#1872);
#1564=AXIS2_PLACEMENT_3D('',#2737,#1874,#1875);
#1565=AXIS2_PLACEMENT_3D('',#2739,#1876,#1877);
#1566=AXIS2_PLACEMENT_3D('',#2740,#1878,#1879);
#1567=AXIS2_PLACEMENT_3D('',#2742,#1881,#1882);
#1568=AXIS2_PLACEMENT_3D('',#2744,#1883,#1884);
#1569=AXIS2_PLACEMENT_3D('',#2745,#1885,#1886);
#1570=AXIS2_PLACEMENT_3D('',#2747,#1888,#1889);
#1571=AXIS2_PLACEMENT_3D('',#2748,#1890,#1891);
#1572=AXIS2_PLACEMENT_3D('',#2753,#1895,#1896);
#1573=AXIS2_PLACEMENT_3D('',#2758,#1900,#1901);
#1574=AXIS2_PLACEMENT_3D('',#2763,#1905,#1906);
#1575=AXIS2_PLACEMENT_3D('',#2764,#1907,#1908);
#1576=AXIS2_PLACEMENT_3D('',#2765,#1909,#1910);
#1577=AXIS2_PLACEMENT_3D('',#2767,#1912,#1913);
#1578=AXIS2_PLACEMENT_3D('',#2769,#1915,#1916);
#1579=AXIS2_PLACEMENT_3D('',#2772,#1919,#1920);
#1580=AXIS2_PLACEMENT_3D('',#2775,#1923,#1924);
#1581=AXIS2_PLACEMENT_3D('',#2776,#1925,#1926);
#1582=AXIS2_PLACEMENT_3D('',#2777,#1927,#1928);
#1583=AXIS2_PLACEMENT_3D('',#2778,#1929,#1930);
#1584=AXIS2_PLACEMENT_3D('',#2781,#1932,#1933);
#1585=AXIS2_PLACEMENT_3D('',#2782,#1934,#1935);
#1586=AXIS2_PLACEMENT_3D('',#2783,#1936,#1937);
#1587=AXIS2_PLACEMENT_3D('',#2787,#1940,#1941);
#1588=AXIS2_PLACEMENT_3D('',#2788,#1942,#1943);
#1589=AXIS2_PLACEMENT_3D('',#2789,#1944,#1945);
#1590=AXIS2_PLACEMENT_3D('',#2790,#1946,#1947);
#1591=AXIS2_PLACEMENT_3D('',#2792,#1949,#1950);
#1592=AXIS2_PLACEMENT_3D('',#2794,#1952,#1953);
#1593=AXIS2_PLACEMENT_3D('',#2797,#1956,#1957);
#1594=AXIS2_PLACEMENT_3D('',#2800,#1960,#1961);
#1595=AXIS2_PLACEMENT_3D('',#2803,#1964,#1965);
#1596=AXIS2_PLACEMENT_3D('',#2806,#1968,#1969);
#1597=AXIS2_PLACEMENT_3D('',#2807,#1970,#1971);
#1598=AXIS2_PLACEMENT_3D('',#2808,#1972,#1973);
#1599=AXIS2_PLACEMENT_3D('',#2809,#1974,#1975);
#1600=AXIS2_PLACEMENT_3D('',#2810,#1976,#1977);
#1601=DIRECTION('axis',(0.,0.,1.));
#1602=DIRECTION('refdir',(1.,0.,0.));
#1603=DIRECTION('axis',(0.,0.,1.));
#1604=DIRECTION('refdir',(1.,0.,0.));
#1605=DIRECTION('center_axis',(-0.522498726958246,0.,-0.852640064931864));
#1606=DIRECTION('ref_axis',(-0.852640064931864,0.,0.522498726958246));
#1607=DIRECTION('',(-0.852640064931864,0.,0.522498726958246));
#1608=DIRECTION('center_axis',(0.522498726958246,0.,0.852640064931864));
#1609=DIRECTION('ref_axis',(-0.852640064931864,0.,0.522498726958246));
#1610=DIRECTION('',(0.852640064931864,0.,-0.522498726958246));
#1611=DIRECTION('',(0.,1.,0.));
#1612=DIRECTION('',(0.852640064931864,0.,-0.522498726958246));
#1613=DIRECTION('',(0.,1.,0.));
#1614=DIRECTION('',(0.852640064931864,0.,-0.522498726958246));
#1615=DIRECTION('',(0.,1.,0.));
#1616=DIRECTION('',(0.,-1.,0.));
#1617=DIRECTION('center_axis',(-0.522498726958246,0.,-0.852640064931864));
#1618=DIRECTION('ref_axis',(-0.852640064931864,0.,0.522498726958246));
#1619=DIRECTION('',(-0.852640064931864,0.,0.522498726958246));
#1620=DIRECTION('center_axis',(-0.522498726958246,0.,-0.852640064931864));
#1621=DIRECTION('ref_axis',(-0.852640064931864,0.,0.522498726958246));
#1622=DIRECTION('',(0.,1.,0.));
#1623=DIRECTION('center_axis',(-0.522498726958246,0.,-0.852640064931864));
#1624=DIRECTION('ref_axis',(-0.852640064931864,0.,0.522498726958246));
#1625=DIRECTION('',(-0.852640064931864,0.,0.522498726958246));
#1626=DIRECTION('center_axis',(-0.522498726958246,0.,-0.852640064931864));
#1627=DIRECTION('ref_axis',(-0.852640064931864,0.,0.522498726958246));
#1628=DIRECTION('center_axis',(-0.522498726958246,0.,-0.852640064931864));
#1629=DIRECTION('ref_axis',(-0.852640064931864,0.,0.522498726958246));
#1630=DIRECTION('',(0.,1.,0.));
#1631=DIRECTION('',(0.852640064931864,0.,-0.522498726958246));
#1632=DIRECTION('',(0.,1.,0.));
#1633=DIRECTION('',(-0.852640064931864,0.,0.522498726958246));
#1634=DIRECTION('',(0.,1.,0.));
#1635=DIRECTION('center_axis',(0.522498726958246,0.,0.852640064931864));
#1636=DIRECTION('ref_axis',(-0.852640064931864,0.,0.522498726958246));
#1637=DIRECTION('',(-0.852640064931864,0.,0.522498726958246));
#1638=DIRECTION('center_axis',(0.522498726958246,0.,0.852640064931864));
#1639=DIRECTION('ref_axis',(-0.852640064931864,0.,0.522498726958246));
#1640=DIRECTION('',(0.,-1.,0.));
#1641=DIRECTION('center_axis',(0.522498726958246,0.,0.852640064931864));
#1642=DIRECTION('ref_axis',(-0.852640064931864,0.,0.522498726958246));
#1643=DIRECTION('',(-0.852640064931864,0.,0.522498726958246));
#1644=DIRECTION('center_axis',(0.522498726958246,0.,0.852640064931864));
#1645=DIRECTION('ref_axis',(-0.852640064931864,0.,0.522498726958246));
#1646=DIRECTION('center_axis',(0.,1.,0.));
#1647=DIRECTION('ref_axis',(0.,0.,-1.));
#1648=DIRECTION('',(0.522498726958246,0.,0.852640064931864));
#1649=DIRECTION('',(0.852640064931864,0.,-0.522498726958246));
#1650=DIRECTION('',(0.522498726958246,0.,0.852640064931864));
#1651=DIRECTION('center_axis',(0.852640064931864,0.,-0.522498726958246));
#1652=DIRECTION('ref_axis',(0.,1.,0.));
#1653=DIRECTION('center_axis',(-0.852640064931864,0.,0.522498726958246));
#1654=DIRECTION('ref_axis',(-0.522498726958246,0.,-0.852640064931864));
#1655=DIRECTION('',(0.,-1.,0.));
#1656=DIRECTION('center_axis',(-0.852640064931864,0.,0.522498726958246));
#1657=DIRECTION('ref_axis',(-0.522498726958246,0.,-0.852640064931864));
#1658=DIRECTION('',(-0.522498726958246,0.,-0.852640064931863));
#1659=DIRECTION('center_axis',(-0.852640064931864,0.,0.522498726958246));
#1660=DIRECTION('ref_axis',(-0.522498726958246,0.,-0.852640064931864));
#1661=DIRECTION('center_axis',(-0.852640064931864,0.,0.522498726958246));
#1662=DIRECTION('ref_axis',(-0.522498726958246,0.,-0.852640064931864));
#1663=DIRECTION('',(-0.522498726958246,0.,-0.852640064931864));
#1664=DIRECTION('',(0.,-1.,0.));
#1665=DIRECTION('',(0.522498726958246,0.,0.852640064931864));
#1666=DIRECTION('',(0.522498726958246,0.,0.852640064931864));
#1667=DIRECTION('center_axis',(-0.852640064931864,0.,0.522498726958246));
#1668=DIRECTION('ref_axis',(-0.522498726958246,0.,-0.852640064931864));
#1669=DIRECTION('',(-0.522498726958246,0.,-0.852640064931863));
#1670=DIRECTION('center_axis',(-0.852640064931864,0.,0.522498726958246));
#1671=DIRECTION('ref_axis',(-0.522498726958246,0.,-0.852640064931864));
#1672=DIRECTION('center_axis',(-0.852640064931864,0.,0.522498726958246));
#1673=DIRECTION('ref_axis',(-0.522498726958246,0.,-0.852640064931864));
#1674=DIRECTION('center_axis',(-0.852640064931864,0.,0.522498726958246));
#1675=DIRECTION('ref_axis',(-0.522498726958246,0.,-0.852640064931864));
#1676=DIRECTION('',(-0.522498726958246,0.,-0.852640064931864));
#1677=DIRECTION('center_axis',(-0.852640064931864,0.,0.522498726958246));
#1678=DIRECTION('ref_axis',(-0.522498726958246,0.,-0.852640064931864));
#1679=DIRECTION('',(-0.522498726958246,0.,-0.852640064931864));
#1680=DIRECTION('center_axis',(-0.852640064931864,0.,0.522498726958246));
#1681=DIRECTION('ref_axis',(-0.522498726958246,0.,-0.852640064931864));
#1682=DIRECTION('center_axis',(0.852640064931864,0.,-0.522498726958246));
#1683=DIRECTION('ref_axis',(-0.522498726958246,0.,-0.852640064931864));
#1684=DIRECTION('',(0.852640064931864,0.,-0.522498726958246));
#1685=DIRECTION('',(0.852640064931864,0.,-0.522498726958246));
#1686=DIRECTION('center_axis',(-0.852640064931864,0.,0.522498726958246));
#1687=DIRECTION('ref_axis',(-0.369462393689924,0.707106779853702,-0.602907572961096));
#1688=DIRECTION('',(-0.852640064931863,0.,0.522498726958246));
#1689=DIRECTION('',(0.852640064931864,0.,-0.522498726958246));
#1690=DIRECTION('center_axis',(0.,0.,1.));
#1691=DIRECTION('ref_axis',(1.,0.,0.));
#1692=DIRECTION('center_axis',(0.,0.,1.));
#1693=DIRECTION('ref_axis',(1.,0.,0.));
#1694=DIRECTION('',(0.,0.,1.));
#1695=DIRECTION('center_axis',(0.,0.,1.));
#1696=DIRECTION('ref_axis',(1.,0.,0.));
#1697=DIRECTION('',(0.,0.,1.));
#1698=DIRECTION('center_axis',(-0.522498726958246,0.,-0.852640064931864));
#1699=DIRECTION('ref_axis',(-0.852640064931864,0.,0.522498726958246));
#1700=DIRECTION('',(0.,0.,-1.));
#1701=DIRECTION('',(0.,0.,-1.));
#1702=DIRECTION('center_axis',(0.,0.,1.));
#1703=DIRECTION('ref_axis',(0.,-1.,0.));
#1704=DIRECTION('',(0.,0.,-1.));
#1705=DIRECTION('center_axis',(0.,0.,1.));
#1706=DIRECTION('ref_axis',(0.,-1.,0.));
#1707=DIRECTION('',(0.,0.,-1.));
#1708=DIRECTION('center_axis',(-1.,0.,0.));
#1709=DIRECTION('ref_axis',(0.,0.,1.));
#1710=DIRECTION('',(0.,0.,1.));
#1711=DIRECTION('center_axis',(1.,0.,0.));
#1712=DIRECTION('ref_axis',(0.,0.,-1.));
#1713=DIRECTION('',(0.,-1.,0.));
#1714=DIRECTION('center_axis',(1.,0.,0.));
#1715=DIRECTION('ref_axis',(0.,0.,-1.));
#1716=DIRECTION('',(0.,0.,1.));
#1717=DIRECTION('',(0.,1.,0.));
#1718=DIRECTION('',(0.,0.,-1.));
#1719=DIRECTION('',(0.,1.,0.));
#1720=DIRECTION('',(0.,0.,-1.));
#1721=DIRECTION('',(0.,1.,0.));
#1722=DIRECTION('center_axis',(0.,-1.,0.));
#1723=DIRECTION('ref_axis',(1.,0.,0.));
#1724=DIRECTION('',(-0.852640064931864,0.,0.522498726958246));
#1725=DIRECTION('',(0.,0.,-1.));
#1726=DIRECTION('',(1.,0.,0.));
#1727=DIRECTION('center_axis',(0.,-1.,0.));
#1728=DIRECTION('ref_axis',(1.,0.,0.));
#1729=DIRECTION('',(0.,0.,-1.));
#1730=DIRECTION('',(-0.852640064931863,0.,0.522498726958246));
#1731=DIRECTION('',(1.,0.,0.));
#1732=DIRECTION('center_axis',(1.,0.,0.));
#1733=DIRECTION('ref_axis',(0.,1.,0.));
#1734=DIRECTION('',(1.,0.,0.));
#1735=DIRECTION('center_axis',(-1.,0.,0.));
#1736=DIRECTION('ref_axis',(0.,1.,0.));
#1737=DIRECTION('center_axis',(1.,0.,0.));
#1738=DIRECTION('ref_axis',(0.,1.,0.));
#1739=DIRECTION('',(1.,0.,0.));
#1740=DIRECTION('center_axis',(-1.,0.,0.));
#1741=DIRECTION('ref_axis',(0.,1.,0.));
#1742=DIRECTION('center_axis',(1.,0.,0.));
#1743=DIRECTION('ref_axis',(0.,1.,0.));
#1744=DIRECTION('',(1.,0.,0.));
#1745=DIRECTION('center_axis',(-1.,0.,0.));
#1746=DIRECTION('ref_axis',(0.,1.,0.));
#1747=DIRECTION('center_axis',(1.,0.,0.));
#1748=DIRECTION('ref_axis',(0.,1.,0.));
#1749=DIRECTION('',(1.,0.,0.));
#1750=DIRECTION('center_axis',(-1.,0.,0.));
#1751=DIRECTION('ref_axis',(0.,1.,0.));
#1752=DIRECTION('center_axis',(0.,0.,1.));
#1753=DIRECTION('ref_axis',(0.,-1.,0.));
#1754=DIRECTION('',(1.,0.,0.));
#1755=DIRECTION('',(0.,1.,0.));
#1756=DIRECTION('center_axis',(0.,0.,-1.));
#1757=DIRECTION('ref_axis',(1.,0.,0.));
#1758=DIRECTION('center_axis',(0.,0.,1.));
#1759=DIRECTION('ref_axis',(1.,0.,0.));
#1760=DIRECTION('center_axis',(0.,0.,1.));
#1761=DIRECTION('ref_axis',(1.,0.,0.));
#1762=DIRECTION('',(0.,0.,1.));
#1763=DIRECTION('center_axis',(0.,0.,1.));
#1764=DIRECTION('ref_axis',(1.,0.,0.));
#1765=DIRECTION('',(0.,0.,1.));
#1766=DIRECTION('center_axis',(0.,0.,1.));
#1767=DIRECTION('ref_axis',(0.,-1.,0.));
#1768=DIRECTION('center_axis',(0.,0.,1.));
#1769=DIRECTION('ref_axis',(1.,0.,0.));
#1770=DIRECTION('',(0.,0.,-1.));
#1771=DIRECTION('center_axis',(0.,0.,-1.));
#1772=DIRECTION('ref_axis',(1.,0.,0.));
#1773=DIRECTION('',(0.,0.,-1.));
#1774=DIRECTION('',(0.,0.,-1.));
#1775=DIRECTION('center_axis',(0.,0.,-1.));
#1776=DIRECTION('ref_axis',(1.,0.,0.));
#1777=DIRECTION('center_axis',(0.522498726958246,0.,0.852640064931864));
#1778=DIRECTION('ref_axis',(-0.852640064931864,0.,0.522498726958246));
#1779=DIRECTION('center_axis',(0.,0.,-1.));
#1780=DIRECTION('ref_axis',(1.,0.,0.));
#1781=DIRECTION('',(0.,0.,-1.));
#1782=DIRECTION('',(0.,0.,-1.));
#1783=DIRECTION('',(0.,0.,-1.));
#1784=DIRECTION('center_axis',(0.,0.,1.));
#1785=DIRECTION('ref_axis',(1.,0.,0.));
#1786=DIRECTION('center_axis',(0.,0.,1.));
#1787=DIRECTION('ref_axis',(0.,-1.,0.));
#1788=DIRECTION('',(0.,1.,0.));
#1789=DIRECTION('',(1.,0.,0.));
#1790=DIRECTION('center_axis',(-1.,0.,0.));
#1791=DIRECTION('ref_axis',(0.,0.,1.));
#1792=DIRECTION('',(0.,0.,1.));
#1793=DIRECTION('center_axis',(1.,0.,0.));
#1794=DIRECTION('ref_axis',(0.,0.,-1.));
#1795=DIRECTION('center_axis',(1.,0.,0.));
#1796=DIRECTION('ref_axis',(0.,0.,1.));
#1797=DIRECTION('',(0.,0.,1.));
#1798=DIRECTION('',(0.,1.,0.));
#1799=DIRECTION('center_axis',(0.,-1.,0.));
#1800=DIRECTION('ref_axis',(1.,0.,0.));
#1801=DIRECTION('',(-1.,0.,0.));
#1802=DIRECTION('',(1.,0.,0.));
#1803=DIRECTION('center_axis',(0.,-1.,0.));
#1804=DIRECTION('ref_axis',(1.,0.,0.));
#1805=DIRECTION('',(-1.,0.,0.));
#1806=DIRECTION('',(1.,0.,0.));
#1807=DIRECTION('center_axis',(0.,0.,1.));
#1808=DIRECTION('ref_axis',(0.,-1.,0.));
#1809=DIRECTION('',(1.,0.,0.));
#1810=DIRECTION('',(-1.,0.,0.));
#1811=DIRECTION('center_axis',(0.,0.,1.));
#1812=DIRECTION('ref_axis',(0.,-1.,0.));
#1813=DIRECTION('',(1.,0.,0.));
#1814=DIRECTION('',(-1.,0.,0.));
#1815=DIRECTION('center_axis',(-1.,0.,0.));
#1816=DIRECTION('ref_axis',(0.,-1.,0.));
#1817=DIRECTION('center_axis',(1.,0.,0.));
#1818=DIRECTION('ref_axis',(0.,1.,0.));
#1819=DIRECTION('center_axis',(1.,0.,0.));
#1820=DIRECTION('ref_axis',(0.,1.,0.));
#1821=DIRECTION('center_axis',(-1.,0.,0.));
#1822=DIRECTION('ref_axis',(0.,-1.,0.));
#1823=DIRECTION('center_axis',(0.,-1.,0.));
#1824=DIRECTION('ref_axis',(1.,0.,0.));
#1825=DIRECTION('',(0.852640064931864,0.,-0.522498726958246));
#1826=DIRECTION('',(1.,0.,0.));
#1827=DIRECTION('center_axis',(0.,-1.,0.));
#1828=DIRECTION('ref_axis',(1.,0.,0.));
#1829=DIRECTION('',(0.852640064931863,0.,-0.522498726958246));
#1830=DIRECTION('',(1.,0.,0.));
#1831=DIRECTION('center_axis',(0.,0.,1.));
#1832=DIRECTION('ref_axis',(0.,-1.,0.));
#1833=DIRECTION('',(0.,-1.,0.));
#1834=DIRECTION('center_axis',(0.,0.,-1.));
#1835=DIRECTION('ref_axis',(0.,-1.,0.));
#1836=DIRECTION('',(1.,0.,0.));
#1837=DIRECTION('',(1.,0.,0.));
#1838=DIRECTION('center_axis',(0.,-1.,0.));
#1839=DIRECTION('ref_axis',(1.,0.,0.));
#1840=DIRECTION('',(1.,0.,0.));
#1841=DIRECTION('',(0.,0.,-1.));
#1842=DIRECTION('',(1.,0.,0.));
#1843=DIRECTION('center_axis',(0.,-1.,0.));
#1844=DIRECTION('ref_axis',(1.,0.,0.));
#1845=DIRECTION('',(1.,0.,0.));
#1846=DIRECTION('',(0.,0.,-1.));
#1847=DIRECTION('',(1.,0.,0.));
#1848=DIRECTION('center_axis',(0.,0.,-1.));
#1849=DIRECTION('ref_axis',(0.,-1.,0.));
#1850=DIRECTION('center_axis',(-1.,0.,0.));
#1851=DIRECTION('ref_axis',(0.,0.,1.));
#1852=DIRECTION('',(0.,1.,0.));
#1853=DIRECTION('center_axis',(0.,0.,1.));
#1854=DIRECTION('ref_axis',(0.,-1.,0.));
#1855=DIRECTION('center_axis',(-1.,0.,0.));
#1856=DIRECTION('ref_axis',(0.,0.,1.));
#1857=DIRECTION('',(0.,1.,0.));
#1858=DIRECTION('center_axis',(0.,0.,1.));
#1859=DIRECTION('ref_axis',(0.,-1.,0.));
#1860=DIRECTION('center_axis',(1.,0.,0.));
#1861=DIRECTION('ref_axis',(0.,1.,0.));
#1862=DIRECTION('center_axis',(1.,0.,0.));
#1863=DIRECTION('ref_axis',(0.,1.,0.));
#1864=DIRECTION('center_axis',(1.,0.,0.));
#1865=DIRECTION('ref_axis',(0.,1.,0.));
#1866=DIRECTION('',(1.,0.,0.));
#1867=DIRECTION('center_axis',(1.,0.,0.));
#1868=DIRECTION('ref_axis',(0.,1.,0.));
#1869=DIRECTION('center_axis',(1.,0.,0.));
#1870=DIRECTION('ref_axis',(0.,1.,0.));
#1871=DIRECTION('center_axis',(1.,0.,0.));
#1872=DIRECTION('ref_axis',(0.,1.,0.));
#1873=DIRECTION('',(1.,0.,0.));
#1874=DIRECTION('center_axis',(1.,0.,0.));
#1875=DIRECTION('ref_axis',(0.,1.,0.));
#1876=DIRECTION('center_axis',(1.,0.,0.));
#1877=DIRECTION('ref_axis',(0.,1.,0.));
#1878=DIRECTION('center_axis',(1.,0.,0.));
#1879=DIRECTION('ref_axis',(0.,1.,0.));
#1880=DIRECTION('',(1.,0.,0.));
#1881=DIRECTION('center_axis',(1.,0.,0.));
#1882=DIRECTION('ref_axis',(0.,1.,0.));
#1883=DIRECTION('center_axis',(1.,0.,0.));
#1884=DIRECTION('ref_axis',(0.,1.,0.));
#1885=DIRECTION('center_axis',(1.,0.,0.));
#1886=DIRECTION('ref_axis',(0.,1.,0.));
#1887=DIRECTION('',(1.,0.,0.));
#1888=DIRECTION('center_axis',(-0.522498726958246,0.,-0.852640064931864));
#1889=DIRECTION('ref_axis',(-0.852640064931864,0.,0.522498726958246));
#1890=DIRECTION('center_axis',(0.852640064931864,0.,-0.522498726958246));
#1891=DIRECTION('ref_axis',(-0.522498726958246,0.,-0.852640064931864));
#1892=DIRECTION('',(0.852640064931864,0.,-0.522498726958246));
#1893=DIRECTION('',(-0.852640064931864,0.,0.522498726958246));
#1894=DIRECTION('',(-0.852640064931864,0.,0.522498726958246));
#1895=DIRECTION('center_axis',(0.852640064931864,0.,-0.522498726958246));
#1896=DIRECTION('ref_axis',(-0.522498726958246,0.,-0.852640064931864));
#1897=DIRECTION('',(0.852640064931864,0.,-0.522498726958246));
#1898=DIRECTION('',(-0.852640064931864,0.,0.522498726958246));
#1899=DIRECTION('',(0.852640064931864,0.,-0.522498726958246));
#1900=DIRECTION('center_axis',(0.522498726958246,0.,0.852640064931864));
#1901=DIRECTION('ref_axis',(0.852640064931864,0.,-0.522498726958246));
#1902=DIRECTION('',(0.,-1.,0.));
#1903=DIRECTION('',(0.852640064931864,0.,-0.522498726958246));
#1904=DIRECTION('',(0.,-1.,0.));
#1905=DIRECTION('center_axis',(0.,-1.,0.));
#1906=DIRECTION('ref_axis',(0.,0.,1.));
#1907=DIRECTION('center_axis',(0.,-1.,0.));
#1908=DIRECTION('ref_axis',(0.,0.,1.));
#1909=DIRECTION('center_axis',(-0.852640064931864,0.,0.522498726958246));
#1910=DIRECTION('ref_axis',(0.522498726958246,0.,0.852640064931864));
#1911=DIRECTION('',(-0.852640064931864,0.,0.522498726958246));
#1912=DIRECTION('center_axis',(0.852640064931864,0.,-0.522498726958246));
#1913=DIRECTION('ref_axis',(-0.522498726958246,0.,-0.852640064931864));
#1914=DIRECTION('',(0.852640064931864,0.,-0.522498726958246));
#1915=DIRECTION('center_axis',(0.852640064931864,0.,-0.522498726958246));
#1916=DIRECTION('ref_axis',(-0.522498726958246,0.,-0.852640064931864));
#1917=DIRECTION('',(0.852640064931864,0.,-0.522498726958246));
#1918=DIRECTION('',(-0.852640064931864,0.,0.522498726958246));
#1919=DIRECTION('center_axis',(0.852640064931864,0.,-0.522498726958246));
#1920=DIRECTION('ref_axis',(-0.522498726958246,0.,-0.852640064931864));
#1921=DIRECTION('',(0.852640064931864,0.,-0.522498726958246));
#1922=DIRECTION('',(-0.852640064931864,0.,0.522498726958246));
#1923=DIRECTION('center_axis',(0.522498726958246,0.,0.852640064931864));
#1924=DIRECTION('ref_axis',(0.852640064931864,0.,-0.522498726958246));
#1925=DIRECTION('center_axis',(0.,-1.,0.));
#1926=DIRECTION('ref_axis',(0.,0.,1.));
#1927=DIRECTION('center_axis',(0.,-1.,0.));
#1928=DIRECTION('ref_axis',(0.,0.,1.));
#1929=DIRECTION('center_axis',(-0.852640064931864,0.,0.522498726958246));
#1930=DIRECTION('ref_axis',(0.,-1.,0.));
#1931=DIRECTION('',(-0.522498726958246,0.,-0.852640064931864));
#1932=DIRECTION('center_axis',(-0.852640064931864,0.,0.522498726958246));
#1933=DIRECTION('ref_axis',(0.522498726958246,0.,0.852640064931864));
#1934=DIRECTION('center_axis',(0.,-1.,0.));
#1935=DIRECTION('ref_axis',(0.,0.,1.));
#1936=DIRECTION('center_axis',(-0.852640064931864,0.,0.522498726958246));
#1937=DIRECTION('ref_axis',(0.,-1.,0.));
#1938=DIRECTION('',(0.522498726958246,0.,0.852640064931864));
#1939=DIRECTION('',(0.522498726958246,0.,0.852640064931864));
#1940=DIRECTION('center_axis',(-0.852640064931864,0.,0.522498726958246));
#1941=DIRECTION('ref_axis',(0.522498726958246,0.,0.852640064931864));
#1942=DIRECTION('center_axis',(0.,1.,0.));
#1943=DIRECTION('ref_axis',(0.,0.,-1.));
#1944=DIRECTION('center_axis',(0.,1.,0.));
#1945=DIRECTION('ref_axis',(0.,0.,-1.));
#1946=DIRECTION('center_axis',(-0.852640064931864,0.,0.522498726958246));
#1947=DIRECTION('ref_axis',(0.522498726958246,0.,0.852640064931864));
#1948=DIRECTION('',(-0.852640064931864,0.,0.522498726958246));
#1949=DIRECTION('center_axis',(-0.852640064931864,0.,0.522498726958246));
#1950=DIRECTION('ref_axis',(0.522498726958246,0.,0.852640064931864));
#1951=DIRECTION('',(-0.852640064931864,0.,0.522498726958246));
#1952=DIRECTION('center_axis',(0.852640064931864,0.,-0.522498726958246));
#1953=DIRECTION('ref_axis',(-0.522498726958246,0.,-0.852640064931864));
#1954=DIRECTION('',(0.522498726958246,0.,0.852640064931863));
#1955=DIRECTION('',(-0.522498726958246,0.,-0.852640064931863));
#1956=DIRECTION('center_axis',(0.,-1.,0.));
#1957=DIRECTION('ref_axis',(1.,0.,0.));
#1958=DIRECTION('',(0.522498726958246,0.,0.852640064931863));
#1959=DIRECTION('',(-0.522498726958246,0.,-0.852640064931863));
#1960=DIRECTION('center_axis',(-0.852640064931864,0.,0.522498726958246));
#1961=DIRECTION('ref_axis',(0.522498726958246,0.,0.852640064931864));
#1962=DIRECTION('',(-0.522498726958246,0.,-0.852640064931863));
#1963=DIRECTION('',(0.522498726958246,0.,0.852640064931863));
#1964=DIRECTION('center_axis',(0.,-1.,0.));
#1965=DIRECTION('ref_axis',(0.,0.,1.));
#1966=DIRECTION('',(0.522498726958246,0.,0.852640064931863));
#1967=DIRECTION('',(-0.522498726958246,0.,-0.852640064931863));
#1968=DIRECTION('center_axis',(-0.522498726958246,0.,-0.852640064931864));
#1969=DIRECTION('ref_axis',(-0.852640064931864,0.,0.522498726958246));
#1970=DIRECTION('center_axis',(-0.522498726958246,0.,-0.852640064931864));
#1971=DIRECTION('ref_axis',(-0.852640064931864,0.,0.522498726958246));
#1972=DIRECTION('center_axis',(0.522498726958246,0.,0.852640064931864));
#1973=DIRECTION('ref_axis',(0.852640064931864,0.,-0.522498726958246));
#1974=DIRECTION('center_axis',(0.522498726958246,0.,0.852640064931864));
#1975=DIRECTION('ref_axis',(0.852640064931864,0.,-0.522498726958246));
#1976=DIRECTION('',(0.,0.,1.));
#1977=DIRECTION('',(1.,0.,0.));
#1978=CARTESIAN_POINT('',(0.,0.,0.));
#1979=CARTESIAN_POINT('',(0.,0.,0.));
#1980=CARTESIAN_POINT('Origin',(22.455206512,-0.050030203,34.150976248));
#1981=CARTESIAN_POINT('',(58.3205027199479,-43.7500713078631,12.1726852390906));
#1982=CARTESIAN_POINT('',(27.7260568651091,-43.750071308,30.9209936081637));
#1983=CARTESIAN_POINT('',(58.320502643,-43.750071308,12.172685101));
#1984=CARTESIAN_POINT('',(58.320497186391,43.6500109018408,12.1726886367917));
#1985=CARTESIAN_POINT('Origin',(-731.471438807,-0.050080234,496.158016539));
#1986=CARTESIAN_POINT('',(27.726056863776,43.650010902,30.9209936156756));
#1987=CARTESIAN_POINT('',(27.726056864,43.650010902,30.920993615));
#1988=CARTESIAN_POINT('',(27.7260568639933,30.650010902,30.920993615843));
#1989=CARTESIAN_POINT('',(27.726056864,30.650010902,30.920993615));
#1990=CARTESIAN_POINT('',(25.1681366696481,30.650010902,32.4884897972386));
#1991=CARTESIAN_POINT('',(25.16813667,30.650010902,32.488489797));
#1992=CARTESIAN_POINT('',(25.1681366696481,-30.750071308,32.4884897972386));
#1993=CARTESIAN_POINT('',(25.16813667,-30.750071308,32.488489797));
#1994=CARTESIAN_POINT('',(27.7260568639933,-30.750071308,30.920993615843));
#1995=CARTESIAN_POINT('',(25.16813667,-30.750071308,32.488489797));
#1996=CARTESIAN_POINT('',(27.726056864,-43.750071308,30.920993615));
#1997=CARTESIAN_POINT('',(34.5295920145808,21.985026548,26.7517801276352));
#1998=CARTESIAN_POINT('',(34.5295920147791,5.016101892,26.7517801270816));
#1999=CARTESIAN_POINT('',(34.529592015,21.985026548,26.751780127));
#2000=CARTESIAN_POINT('',(36.2348721428687,23.985026548,25.7067826711538));
#2001=CARTESIAN_POINT('Origin',(36.234872144,21.985026548,25.706782673));
#2002=CARTESIAN_POINT('',(43.2273454548026,23.985026548,21.4217876815902));
#2003=CARTESIAN_POINT('',(43.227345455,23.985026548,21.421787681));
#2004=CARTESIAN_POINT('',(44.9326255851636,21.985026548,20.376790227369));
#2005=CARTESIAN_POINT('Origin',(43.227345455,21.985026548,21.421787681));
#2006=CARTESIAN_POINT('',(44.9326255849213,5.016101892,20.3767902275175));
#2007=CARTESIAN_POINT('',(44.932625585,5.016101892,20.376790227));
#2008=CARTESIAN_POINT('',(43.227345455209,3.016101892,21.4217876813411));
#2009=CARTESIAN_POINT('Origin',(43.227345455,5.016101892,21.421787681));
#2010=CARTESIAN_POINT('',(36.2348721422055,3.016101892,25.7067826715602));
#2011=CARTESIAN_POINT('',(43.227345455,3.016101892,21.421787681));
#2012=CARTESIAN_POINT('Origin',(36.234872144,5.016101892,25.706782673));
#2013=CARTESIAN_POINT('Origin',(21.410209057,-0.050030203,32.445696119));
#2014=CARTESIAN_POINT('',(24.1231392105819,-43.750071308,30.7832096647521));
#2015=CARTESIAN_POINT('',(24.123139216243,43.650010902,30.7832096674031));
#2016=CARTESIAN_POINT('',(24.123139215,-43.750071308,30.783209668));
#2017=CARTESIAN_POINT('',(52.2944743874823,43.650010902,13.519785885599));
#2018=CARTESIAN_POINT('',(24.123139215,43.650010902,30.783209668));
#2019=CARTESIAN_POINT('',(52.2944743844237,-43.750071308,13.5197858813532));
#2020=CARTESIAN_POINT('',(52.294474385,-43.750071308,13.519785881));
#2021=CARTESIAN_POINT('',(52.294474385,-43.750071308,13.519785881));
#2022=CARTESIAN_POINT('',(43.8876281306195,5.016101892,18.6715100979022));
#2023=CARTESIAN_POINT('',(43.8876281308618,21.985026548,18.6715100977537));
#2024=CARTESIAN_POINT('',(43.88762813,5.016101892,18.671510097));
#2025=CARTESIAN_POINT('',(42.1823480012002,23.985026548,19.7165075523267));
#2026=CARTESIAN_POINT('Origin',(42.182348001,21.985026548,19.716507552));
#2027=CARTESIAN_POINT('',(35.1898746888937,23.985026548,24.0015025413379));
#2028=CARTESIAN_POINT('',(42.182348001,23.985026548,19.716507552));
#2029=CARTESIAN_POINT('',(33.4845945597116,21.985026548,25.046499997638));
#2030=CARTESIAN_POINT('Origin',(35.189874689,21.985026548,24.001502543));
#2031=CARTESIAN_POINT('',(33.4845945601024,5.016101892,25.0464999973985));
#2032=CARTESIAN_POINT('',(33.48459456,21.985026548,25.046499998));
#2033=CARTESIAN_POINT('',(35.1898746882305,3.016101892,24.0015025417443));
#2034=CARTESIAN_POINT('Origin',(35.189874689,5.016101892,24.001502543));
#2035=CARTESIAN_POINT('',(42.1823480016066,3.016101892,19.7165075520777));
#2036=CARTESIAN_POINT('',(42.182348001,3.016101892,19.716507552));
#2037=CARTESIAN_POINT('Origin',(42.182348001,5.016101892,19.716507552));
#2038=CARTESIAN_POINT('Origin',(27.86364761,-30.750071308,48.370443547));
#2039=CARTESIAN_POINT('',(40.7908393207478,-30.750071308,57.982412572839));
#2040=CARTESIAN_POINT('',(25.16813667,-30.750071308,32.488489797));
#2041=CARTESIAN_POINT('',(43.3487595151023,-30.750071308,56.4149163914313));
#2042=CARTESIAN_POINT('',(40.790839327,-30.750071308,57.982412569));
#2043=CARTESIAN_POINT('',(27.726056864,-30.750071308,30.920993615));
#2044=CARTESIAN_POINT('Origin',(-12.75758951,0.,-29.400643953));
#2045=CARTESIAN_POINT('',(38.1783456841156,-50.750071308,53.7192122374732));
#2046=CARTESIAN_POINT('',(41.8358367801496,-43.750071308,59.6876926993024));
#2047=CARTESIAN_POINT('Origin',(38.17834569,-43.750071308,53.719212246));
#2048=CARTESIAN_POINT('',(41.8358367788377,43.650010902,59.6876926979102));
#2049=CARTESIAN_POINT('',(41.835836782,43.650010902,59.687692698));
#2050=CARTESIAN_POINT('',(38.1783456895207,50.650010902,53.7192122462938));
#2051=CARTESIAN_POINT('Origin',(38.17834569,43.650010902,53.719212246));
#2052=CARTESIAN_POINT('',(27.7806303024181,50.650010902,36.7516901048932));
#2053=CARTESIAN_POINT('',(38.17834569,50.650010902,53.719212246));
#2054=CARTESIAN_POINT('Origin',(27.780630307,43.650010902,36.751690121));
#2055=CARTESIAN_POINT('',(27.7806303108446,-50.750071308,36.751690118644));
#2056=CARTESIAN_POINT('Origin',(27.780630307,-43.750071308,36.751690121));
#2057=CARTESIAN_POINT('',(38.17834569,-50.750071308,53.719212246));
#2058=CARTESIAN_POINT('',(40.7908393207478,30.650010902,57.982412572839));
#2059=CARTESIAN_POINT('',(40.790839327,30.650010902,57.982412569));
#2060=CARTESIAN_POINT('',(25.16813667,30.650010902,32.488489797));
#2061=CARTESIAN_POINT('',(25.1681366707378,43.650010902,32.4884897969102));
#2062=CARTESIAN_POINT('',(40.7908393193698,43.650010902,57.9824125738416));
#2063=CARTESIAN_POINT('',(25.16813667,43.650010902,32.488489797));
#2064=CARTESIAN_POINT('',(27.7806303014023,48.650010902,36.7516901032355));
#2065=CARTESIAN_POINT('Origin',(27.780630307,43.650010902,36.751690121));
#2066=CARTESIAN_POINT('',(38.1783456895207,48.650010902,53.7192122462938));
#2067=CARTESIAN_POINT('',(38.17834569,48.650010902,53.719212246));
#2068=CARTESIAN_POINT('Origin',(38.17834569,43.650010902,53.719212246));
#2069=CARTESIAN_POINT('',(31.9345075280835,-37.550028561,43.5301987671363));
#2070=CARTESIAN_POINT('Origin',(32.979504982,-37.550028561,45.235478897));
#2071=CARTESIAN_POINT('',(31.9345075280835,37.449971439,43.5301987671363));
#2072=CARTESIAN_POINT('Origin',(32.979504982,37.449971439,45.235478897));
#2073=CARTESIAN_POINT('',(40.7908393253753,-43.750071308,57.9824125693496));
#2074=CARTESIAN_POINT('',(25.1681366770689,-43.750071308,32.4884897930204));
#2075=CARTESIAN_POINT('',(40.790839327,-43.750071308,57.982412569));
#2076=CARTESIAN_POINT('',(38.1783456835116,-48.750071308,53.7192122364874));
#2077=CARTESIAN_POINT('Origin',(38.17834569,-43.750071308,53.719212246));
#2078=CARTESIAN_POINT('',(27.780630310591,-48.750071308,36.7516901182301));
#2079=CARTESIAN_POINT('',(38.17834569,-48.750071308,53.719212246));
#2080=CARTESIAN_POINT('Origin',(27.780630307,-43.750071308,36.751690121));
#2081=CARTESIAN_POINT('Origin',(25.067700149,-43.750071308,38.414176571));
#2082=CARTESIAN_POINT('',(58.027966430897,-48.750071308,18.2160907849276));
#2083=CARTESIAN_POINT('Ctrl Pts',(58.3205026434889,-43.750071308,12.1726851241344));
#2084=CARTESIAN_POINT('Ctrl Pts',(58.285639058155,-44.380162483544,12.1940495657604));
#2085=CARTESIAN_POINT('Ctrl Pts',(58.2484088972291,-45.0380388679504,12.3650418485509));
#2086=CARTESIAN_POINT('Ctrl Pts',(58.1798092849647,-46.2264883423807,12.9734376457746));
#2087=CARTESIAN_POINT('Ctrl Pts',(58.1484603760936,-46.7575611768561,13.4098667752976));
#2088=CARTESIAN_POINT('Ctrl Pts',(58.0940685118266,-47.6689376302262,14.4475583554302));
#2089=CARTESIAN_POINT('Ctrl Pts',(58.0690550123885,-48.0800909488397,15.1490706862065));
#2090=CARTESIAN_POINT('Ctrl Pts',(58.0359888491974,-48.6205958305216,16.6579864635336));
#2091=CARTESIAN_POINT('Ctrl Pts',(58.0279664298833,-48.750071308,17.4653461827788));
#2092=CARTESIAN_POINT('Ctrl Pts',(58.0279664298833,-48.750071308,18.2160907898181));
#2093=CARTESIAN_POINT('',(25.16813667,-43.750071308,32.488489797));
#2094=CARTESIAN_POINT('',(27.780630307,-48.750071308,36.751690121));
#2095=CARTESIAN_POINT('Origin',(25.067700149,43.650010902,38.414176571));
#2096=CARTESIAN_POINT('',(58.027960257,48.650010902,18.216094551));
#2097=CARTESIAN_POINT('Ctrl Pts',(58.3204971069503,43.650010902,12.1726885169311));
#2098=CARTESIAN_POINT('Ctrl Pts',(58.2856334407012,44.2801020927617,12.1940530081389));
#2099=CARTESIAN_POINT('Ctrl Pts',(58.2484031959137,44.9379784809277,12.3650453482108));
#2100=CARTESIAN_POINT('Ctrl Pts',(58.179803432643,46.1264279534104,12.9734412433549));
#2101=CARTESIAN_POINT('Ctrl Pts',(58.1484544565602,46.6575007822448,13.4098704135464));
#2102=CARTESIAN_POINT('Ctrl Pts',(58.0940624773454,47.5688772194186,14.4475620502064));
#2103=CARTESIAN_POINT('Ctrl Pts',(58.0690489257665,47.980030535583,15.1490744024593));
#2104=CARTESIAN_POINT('Ctrl Pts',(58.0359826936705,48.5205354197283,16.6579902160944));
#2105=CARTESIAN_POINT('Ctrl Pts',(58.0279602575879,48.650010902,17.4653499502158));
#2106=CARTESIAN_POINT('Ctrl Pts',(58.0279602575879,48.650010902,18.2160945722071));
#2107=CARTESIAN_POINT('',(58.027960257,48.650010902,18.216094551));
#2108=CARTESIAN_POINT('',(25.16813667,43.650010902,32.488489797));
#2109=CARTESIAN_POINT('Origin',(-731.471438807,-0.050080234,-2.879464434));
#2110=CARTESIAN_POINT('',(57.784384606,-52.55003459,72.120535566));
#2111=CARTESIAN_POINT('',(57.784378534,52.44996541,72.120535566));
#2112=CARTESIAN_POINT('Origin',(-731.471438807,-0.050080234,72.120535566));
#2113=CARTESIAN_POINT('',(57.435878467,-57.55003459,67.120535566));
#2114=CARTESIAN_POINT('Ctrl Pts',(57.7843846068143,-52.55003459,72.120535566));
#2115=CARTESIAN_POINT('Ctrl Pts',(57.7426118770152,-53.1780231408129,72.1205355659932));
#2116=CARTESIAN_POINT('Ctrl Pts',(57.6972223035771,-53.8479043310995,71.995009420355));
#2117=CARTESIAN_POINT('Ctrl Pts',(57.6122369312885,-55.0803831588049,71.4842836494268));
#2118=CARTESIAN_POINT('Ctrl Pts',(57.572683991816,-55.6429812566236,71.0990780042422));
#2119=CARTESIAN_POINT('Ctrl Pts',(57.5096603255876,-56.5303648967521,70.2108512741595));
#2120=CARTESIAN_POINT('Ctrl Pts',(57.4819664151619,-56.9147416078733,69.6490389359996));
#2121=CARTESIAN_POINT('Ctrl Pts',(57.445053560853,-57.4245814939436,68.4177591815799));
#2122=CARTESIAN_POINT('Ctrl Pts',(57.4358784673792,-57.55003459,67.7482862777355));
#2123=CARTESIAN_POINT('Ctrl Pts',(57.4358784673792,-57.55003459,67.120535566));
#2124=CARTESIAN_POINT('',(57.435878467,-57.55003459,2.120535566));
#2125=CARTESIAN_POINT('',(57.435878467,-57.55003459,2.120535566));
#2126=CARTESIAN_POINT('',(57.784384606,-52.55003459,-2.879464434));
#2127=CARTESIAN_POINT('Ctrl Pts',(57.4358784673792,-57.55003459,2.120535566));
#2128=CARTESIAN_POINT('Ctrl Pts',(57.4358784673792,-57.55003459,1.49278485426455));
#2129=CARTESIAN_POINT('Ctrl Pts',(57.445053560853,-57.4245814939436,0.823311950420132));
#2130=CARTESIAN_POINT('Ctrl Pts',(57.4819664151619,-56.9147416078733,-0.407967803999634));
#2131=CARTESIAN_POINT('Ctrl Pts',(57.5096603255876,-56.5303648967521,-0.96978014215944));
#2132=CARTESIAN_POINT('Ctrl Pts',(57.572683991816,-55.6429812566236,-1.85800687224215));
#2133=CARTESIAN_POINT('Ctrl Pts',(57.6122369312885,-55.080383158805,-2.24321251742676));
#2134=CARTESIAN_POINT('Ctrl Pts',(57.6972223035771,-53.8479043310995,-2.753938288355));
#2135=CARTESIAN_POINT('Ctrl Pts',(57.7426118770153,-53.1780231408129,-2.879464434));
#2136=CARTESIAN_POINT('Ctrl Pts',(57.7843846068143,-52.55003459,-2.879464434));
#2137=CARTESIAN_POINT('',(57.784378534,52.44996541,-2.879464434));
#2138=CARTESIAN_POINT('Origin',(-731.471438807,-0.050080234,-2.879464434));
#2139=CARTESIAN_POINT('',(57.435871813,57.44996541,2.120535566));
#2140=CARTESIAN_POINT('Ctrl Pts',(57.7843785344866,52.44996541,-2.879464434));
#2141=CARTESIAN_POINT('Ctrl Pts',(57.742605731702,53.0779539612476,-2.87946443399595));
#2142=CARTESIAN_POINT('Ctrl Pts',(57.6972160803737,53.7478351522282,-2.75393828821888));
#2143=CARTESIAN_POINT('Ctrl Pts',(57.6122305646909,54.9803139819189,-2.24321251580479));
#2144=CARTESIAN_POINT('Ctrl Pts',(57.572677559715,55.5429120810236,-1.85800686924606));
#2145=CARTESIAN_POINT('Ctrl Pts',(57.5096537903991,56.4302957196579,-0.969780137846356));
#2146=CARTESIAN_POINT('Ctrl Pts',(57.4819598353687,56.8146724293732,-0.407967801088732));
#2147=CARTESIAN_POINT('Ctrl Pts',(57.4450469218604,57.3245123140066,0.823311951283779));
#2148=CARTESIAN_POINT('Ctrl Pts',(57.4358718137967,57.44996541,1.49278485449859));
#2149=CARTESIAN_POINT('Ctrl Pts',(57.4358718137967,57.44996541,2.120535566));
#2150=CARTESIAN_POINT('',(57.435871813,57.44996541,67.120535566));
#2151=CARTESIAN_POINT('',(57.435871813,57.44996541,2.120535566));
#2152=CARTESIAN_POINT('Ctrl Pts',(57.4358718137967,57.44996541,67.120535566));
#2153=CARTESIAN_POINT('Ctrl Pts',(57.4358718137967,57.44996541,67.7482862775014));
#2154=CARTESIAN_POINT('Ctrl Pts',(57.4450469218604,57.3245123140066,68.4177591807162));
#2155=CARTESIAN_POINT('Ctrl Pts',(57.4819598353687,56.8146724293732,69.6490389330887));
#2156=CARTESIAN_POINT('Ctrl Pts',(57.5096537903991,56.4302957196579,70.2108512698464));
#2157=CARTESIAN_POINT('Ctrl Pts',(57.572677559715,55.5429120810236,71.0990780012461));
#2158=CARTESIAN_POINT('Ctrl Pts',(57.6122305646909,54.9803139819188,71.4842836478048));
#2159=CARTESIAN_POINT('Ctrl Pts',(57.6972160803737,53.7478351522282,71.9950094202189));
#2160=CARTESIAN_POINT('Ctrl Pts',(57.742605731702,53.0779539612476,72.120535566));
#2161=CARTESIAN_POINT('Ctrl Pts',(57.7843785344866,52.44996541,72.120535566));
#2162=CARTESIAN_POINT('',(58.3204971834123,43.6500109020192,47.2402200006473));
#2163=CARTESIAN_POINT('',(58.3205027213706,-43.7500713080305,47.240216610248));
#2164=CARTESIAN_POINT('Origin',(-731.471438807,-0.050080234,531.225547911));
#2165=CARTESIAN_POINT('',(58.0279602582874,48.650010902,41.5553475955066));
#2166=CARTESIAN_POINT('Ctrl Pts',(58.0279602575879,48.650010902,41.5553475955066));
#2167=CARTESIAN_POINT('Ctrl Pts',(58.0279602575567,48.6500109025062,42.2905958594888));
#2168=CARTESIAN_POINT('Ctrl Pts',(58.0356772535856,48.5254862766349,43.0822002484393));
#2169=CARTESIAN_POINT('Ctrl Pts',(58.0684455354229,47.9899343914423,44.5528559458118));
#2170=CARTESIAN_POINT('Ctrl Pts',(58.0934810144471,47.5785948199482,45.2317938613857));
#2171=CARTESIAN_POINT('Ctrl Pts',(58.148669405501,46.6539202536219,46.2183087787444));
#2172=CARTESIAN_POINT('Ctrl Pts',(58.180449614635,46.1154087364255,46.6191046106309));
#2173=CARTESIAN_POINT('Ctrl Pts',(58.2493169014652,44.9219695680055,47.1408890953942));
#2174=CARTESIAN_POINT('Ctrl Pts',(58.2863742416168,44.2667135946055,47.2611304063844));
#2175=CARTESIAN_POINT('Ctrl Pts',(58.3204971069503,43.650010902,47.2402198786832));
#2176=CARTESIAN_POINT('',(58.027960257,48.650010902,41.555347586));
#2177=CARTESIAN_POINT('',(58.02796643,-48.750071308,41.555343803));
#2178=CARTESIAN_POINT('',(58.02796643,-48.750071308,41.555343803));
#2179=CARTESIAN_POINT('Ctrl Pts',(58.3205026434889,-43.750071308,47.2402164858865));
#2180=CARTESIAN_POINT('Ctrl Pts',(58.2863798557106,-44.3667740153662,47.2611269660708));
#2181=CARTESIAN_POINT('Ctrl Pts',(58.2493225986642,-45.0220299915105,47.1408855983212));
#2182=CARTESIAN_POINT('Ctrl Pts',(58.1804554639472,-46.2154691528435,46.6191010187939));
#2183=CARTESIAN_POINT('Ctrl Pts',(58.1486753238513,-46.753980660426,46.2183051492549));
#2184=CARTESIAN_POINT('Ctrl Pts',(58.0934870512134,-47.678655213179,45.2317901783175));
#2185=CARTESIAN_POINT('Ctrl Pts',(58.0684516244541,-48.0899947858311,44.5528522377834));
#2186=CARTESIAN_POINT('Ctrl Pts',(58.0356834103547,-48.6255466774999,43.0821964988425));
#2187=CARTESIAN_POINT('Ctrl Pts',(58.0279664298833,-48.750071308,42.2905920979498));
#2188=CARTESIAN_POINT('Ctrl Pts',(58.0279664298833,-48.750071308,41.5553438178526));
#2189=CARTESIAN_POINT('',(58.639156858,-37.550035136,54.899590855));
#2190=CARTESIAN_POINT('',(58.639152577,37.449964864,54.899590855));
#2191=CARTESIAN_POINT('Origin',(-731.471438807,-0.050080234,54.899590855));
#2192=CARTESIAN_POINT('',(58.639156858,-37.550035136,64.899590855));
#2193=CARTESIAN_POINT('',(58.639156858,-37.550035136,64.899590855));
#2194=CARTESIAN_POINT('',(58.639152577,37.449964864,64.899590855));
#2195=CARTESIAN_POINT('Origin',(-731.471438807,-0.050080234,64.899590855));
#2196=CARTESIAN_POINT('',(58.639152577,37.449964864,64.899590855));
#2197=CARTESIAN_POINT('',(57.978211171,-49.550081744,2.120533031));
#2198=CARTESIAN_POINT('',(57.5790981248179,-55.550081744,2.120533031));
#2199=CARTESIAN_POINT('Ctrl Pts',(57.9782111710781,-49.550081744,2.120533031));
#2200=CARTESIAN_POINT('Ctrl Pts',(57.9782111710781,-49.550081744,2.4971728879342));
#2201=CARTESIAN_POINT('Ctrl Pts',(57.9735030550787,-49.6253488710259,2.89886606423698));
#2202=CARTESIAN_POINT('Ctrl Pts',(57.9542314858614,-49.9312848578182,3.63769075342994));
#2203=CARTESIAN_POINT('Ctrl Pts',(57.9396528170168,-50.1619494462834,3.97482363802964));
#2204=CARTESIAN_POINT('Ctrl Pts',(57.9056685015867,-50.6944659716665,4.50777553147153));
#2205=CARTESIAN_POINT('Ctrl Pts',(57.8839797498515,-51.0320424830551,4.73887689899435));
#2206=CARTESIAN_POINT('Ctrl Pts',(57.8358723766519,-51.7715051163472,5.04525288808052));
#2207=CARTESIAN_POINT('Ctrl Pts',(57.8094385223654,-52.1733879595316,5.120533031));
#2208=CARTESIAN_POINT('Ctrl Pts',(57.7593194970614,-52.9268495079151,5.120533031));
#2209=CARTESIAN_POINT('Ctrl Pts',(57.7322857959138,-53.3287665240536,5.04522643754923));
#2210=CARTESIAN_POINT('Ctrl Pts',(57.6820157969034,-54.0682477948394,4.73880600181821));
#2211=CARTESIAN_POINT('Ctrl Pts',(57.6587949857932,-54.4058113964185,4.507688043016));
#2212=CARTESIAN_POINT('Ctrl Pts',(57.6219386516963,-54.9382637248146,3.97474748598254));
#2213=CARTESIAN_POINT('Ctrl Pts',(57.605831981926,-55.1688994756863,3.63764838137118));
#2214=CARTESIAN_POINT('Ctrl Pts',(57.5844037665723,-55.4748112735875,2.89886616883844));
#2215=CARTESIAN_POINT('Ctrl Pts',(57.5790981248179,-55.550081744,2.4971802905868));
#2216=CARTESIAN_POINT('Ctrl Pts',(57.5790981248179,-55.550081744,2.120533031));
#2217=CARTESIAN_POINT('Ctrl Pts',(57.5790981248179,-55.550081744,2.120533031));
#2218=CARTESIAN_POINT('Ctrl Pts',(57.5790981248179,-55.550081744,1.7438857714132));
#2219=CARTESIAN_POINT('Ctrl Pts',(57.5844037665723,-55.4748112735875,1.34219989316156));
#2220=CARTESIAN_POINT('Ctrl Pts',(57.605831981926,-55.1688994756863,0.603417680628822));
#2221=CARTESIAN_POINT('Ctrl Pts',(57.6219386516963,-54.9382637248146,0.266318576017462));
#2222=CARTESIAN_POINT('Ctrl Pts',(57.6587949857932,-54.4058113964185,-0.266621981015994));
#2223=CARTESIAN_POINT('Ctrl Pts',(57.6820157969034,-54.0682477948394,-0.497739939818215));
#2224=CARTESIAN_POINT('Ctrl Pts',(57.7322857959138,-53.3287665240536,-0.804160375549236));
#2225=CARTESIAN_POINT('Ctrl Pts',(57.7593194970614,-52.9268495079151,-0.879466969));
#2226=CARTESIAN_POINT('Ctrl Pts',(57.8094385223654,-52.1733879595316,-0.879466969));
#2227=CARTESIAN_POINT('Ctrl Pts',(57.8358723766519,-51.7715051163472,-0.804186826080517));
#2228=CARTESIAN_POINT('Ctrl Pts',(57.8839797498515,-51.0320424830551,-0.497810836994352));
#2229=CARTESIAN_POINT('Ctrl Pts',(57.9056685015867,-50.6944659716665,-0.266709469471534));
#2230=CARTESIAN_POINT('Ctrl Pts',(57.9396528170168,-50.1619494462834,0.266242423970361));
#2231=CARTESIAN_POINT('Ctrl Pts',(57.9542314858614,-49.9312848578182,0.603375308570063));
#2232=CARTESIAN_POINT('Ctrl Pts',(57.9735030550787,-49.6253488710259,1.34219999776303));
#2233=CARTESIAN_POINT('Ctrl Pts',(57.9782111710781,-49.550081744,1.74389317406581));
#2234=CARTESIAN_POINT('Ctrl Pts',(57.9782111710781,-49.550081744,2.120533031));
#2235=CARTESIAN_POINT('',(57.97821412,-49.550034702,67.120535539));
#2236=CARTESIAN_POINT('',(57.5791014336427,-55.550034702,67.120535539));
#2237=CARTESIAN_POINT('Ctrl Pts',(57.9782141207,-49.550034702,67.120535539));
#2238=CARTESIAN_POINT('Ctrl Pts',(57.9782141207,-49.550034702,67.4971753960156));
#2239=CARTESIAN_POINT('Ctrl Pts',(57.9735060092017,-49.6253018290494,67.8988685725043));
#2240=CARTESIAN_POINT('Ctrl Pts',(57.954234458261,-49.9312378162568,68.6376932622789));
#2241=CARTESIAN_POINT('Ctrl Pts',(57.9396558031915,-50.1619024051219,68.9748261472713));
#2242=CARTESIAN_POINT('Ctrl Pts',(57.905671519599,-50.6944189308897,69.5077780402922));
#2243=CARTESIAN_POINT('Ctrl Pts',(57.8839827880906,-51.0319954418649,69.7388794074102));
#2244=CARTESIAN_POINT('Ctrl Pts',(57.8358754591854,-51.7714580745656,70.0452553960907));
#2245=CARTESIAN_POINT('Ctrl Pts',(57.8094416289662,-52.1733409175768,70.120535539));
#2246=CARTESIAN_POINT('Ctrl Pts',(57.7593226487798,-52.9268024658031,70.120535539));
#2247=CARTESIAN_POINT('Ctrl Pts',(57.732288971711,-53.3287194817373,70.0452289455833));
#2248=CARTESIAN_POINT('Ctrl Pts',(57.6820190170259,-54.0682007519149,69.7388085102983));
#2249=CARTESIAN_POINT('Ctrl Pts',(57.6587982261619,-54.4057643530924,69.5076905519159));
#2250=CARTESIAN_POINT('Ctrl Pts',(57.6219419239291,-54.9382166819311,68.9747499952931));
#2251=CARTESIAN_POINT('Ctrl Pts',(57.6058352679458,-55.1688524332288,68.6376508902584));
#2252=CARTESIAN_POINT('Ctrl Pts',(57.5844070708886,-55.4747642315671,67.8988686771056));
#2253=CARTESIAN_POINT('Ctrl Pts',(57.5791014336426,-55.550034702,67.4971827986615));
#2254=CARTESIAN_POINT('Ctrl Pts',(57.5791014336426,-55.550034702,67.120535539));
#2255=CARTESIAN_POINT('Ctrl Pts',(57.5791014336427,-55.550034702,67.120535539));
#2256=CARTESIAN_POINT('Ctrl Pts',(57.5791014336427,-55.550034702,66.7436579471983));
#2257=CARTESIAN_POINT('Ctrl Pts',(57.5844135201727,-55.4746728929461,66.3417422721007));
#2258=CARTESIAN_POINT('Ctrl Pts',(57.6058656955971,-55.1684173105457,65.6026093157564));
#2259=CARTESIAN_POINT('Ctrl Pts',(57.6219898462429,-54.9375291121824,65.2653892620631));
#2260=CARTESIAN_POINT('Ctrl Pts',(57.6588623529511,-54.4048331582925,64.7326933081733));
#2261=CARTESIAN_POINT('Ctrl Pts',(57.6820743794734,-54.0673907474032,64.5018278637969));
#2262=CARTESIAN_POINT('Ctrl Pts',(57.7323198967159,-53.3282601727123,64.195751038429));
#2263=CARTESIAN_POINT('Ctrl Pts',(57.7593379348047,-52.9265726640003,64.120535539));
#2264=CARTESIAN_POINT('Ctrl Pts',(57.8094280011443,-52.1735457908547,64.120535539));
#2265=CARTESIAN_POINT('Ctrl Pts',(57.8358485498165,-51.7718676080616,64.1957344747562));
#2266=CARTESIAN_POINT('Ctrl Pts',(57.8839360649714,-51.0327177145488,64.5018040803766));
#2267=CARTESIAN_POINT('Ctrl Pts',(57.9056182338638,-50.6952492801445,64.7326802737362));
#2268=CARTESIAN_POINT('Ctrl Pts',(57.9396169710223,-50.162515476037,65.2654140778437));
#2269=CARTESIAN_POINT('Ctrl Pts',(57.954209974077,-49.9316257767416,65.6026548256441));
#2270=CARTESIAN_POINT('Ctrl Pts',(57.9735009256713,-49.6253832550946,66.3417922712595));
#2271=CARTESIAN_POINT('Ctrl Pts',(57.9782141207,-49.550034702,66.7436903399232));
#2272=CARTESIAN_POINT('Ctrl Pts',(57.9782141207,-49.550034702,67.120535539));
#2273=CARTESIAN_POINT('',(57.579094871,55.449967534,67.120535524));
#2274=CARTESIAN_POINT('',(57.9782082706118,49.449967534,67.120535524));
#2275=CARTESIAN_POINT('Ctrl Pts',(57.5790948711351,55.449967534,67.120535524));
#2276=CARTESIAN_POINT('Ctrl Pts',(57.5790948711351,55.449967534,67.4971827835134));
#2277=CARTESIAN_POINT('Ctrl Pts',(57.5844005173228,55.3746970636077,67.8988686615758));
#2278=CARTESIAN_POINT('Ctrl Pts',(57.6058287506682,55.0687852661361,68.6376508734987));
#2279=CARTESIAN_POINT('Ctrl Pts',(57.6219354339956,54.8381495156833,68.9747499776938));
#2280=CARTESIAN_POINT('Ctrl Pts',(57.6587917994256,54.3056971877225,69.5076905351311));
#2281=CARTESIAN_POINT('Ctrl Pts',(57.6820126304445,53.9681335857485,69.7388084943462));
#2282=CARTESIAN_POINT('Ctrl Pts',(57.7322826730414,53.2286523143647,70.0452289305157));
#2283=CARTESIAN_POINT('Ctrl Pts',(57.7593163978665,52.8267352980253,70.120535524));
#2284=CARTESIAN_POINT('Ctrl Pts',(57.8094354675364,52.0732737494873,70.120535524));
#2285=CARTESIAN_POINT('Ctrl Pts',(57.8358693454889,51.6713909061325,70.0452553810706));
#2286=CARTESIAN_POINT('Ctrl Pts',(57.8839767622448,50.9319282722589,69.7388793915855));
#2287=CARTESIAN_POINT('Ctrl Pts',(57.9056655338698,50.5943517604638,69.5077780236645));
#2288=CARTESIAN_POINT('Ctrl Pts',(57.9396498806069,50.0618352354588,68.9748261298087));
#2289=CARTESIAN_POINT('Ctrl Pts',(57.954228562997,49.8311706473868,68.6376932455952));
#2290=CARTESIAN_POINT('Ctrl Pts',(57.9735001501863,49.5252346610027,67.8988685569742));
#2291=CARTESIAN_POINT('Ctrl Pts',(57.9782082706118,49.449967534,67.4971753808541));
#2292=CARTESIAN_POINT('Ctrl Pts',(57.9782082706118,49.449967534,67.120535524));
#2293=CARTESIAN_POINT('Ctrl Pts',(57.9782082706118,49.449967534,67.120535524));
#2294=CARTESIAN_POINT('Ctrl Pts',(57.9782082706118,49.449967534,66.7438956671459));
#2295=CARTESIAN_POINT('Ctrl Pts',(57.9735001501863,49.5252346610027,66.3422024910259));
#2296=CARTESIAN_POINT('Ctrl Pts',(57.954228562997,49.8311706473868,65.6033778024049));
#2297=CARTESIAN_POINT('Ctrl Pts',(57.9396498806069,50.0618352354588,65.2662449181913));
#2298=CARTESIAN_POINT('Ctrl Pts',(57.9056655338698,50.5943517604638,64.7332930243355));
#2299=CARTESIAN_POINT('Ctrl Pts',(57.8839767622448,50.9319282722589,64.5021916564146));
#2300=CARTESIAN_POINT('Ctrl Pts',(57.8358693454889,51.6713909061325,64.1958156669294));
#2301=CARTESIAN_POINT('Ctrl Pts',(57.8094354675364,52.0732737494872,64.120535524));
#2302=CARTESIAN_POINT('Ctrl Pts',(57.7593163978665,52.8267352980253,64.120535524));
#2303=CARTESIAN_POINT('Ctrl Pts',(57.7322826730414,53.2286523143646,64.1958421174843));
#2304=CARTESIAN_POINT('Ctrl Pts',(57.6820126304445,53.9681335857485,64.5022625536538));
#2305=CARTESIAN_POINT('Ctrl Pts',(57.6587917994256,54.3056971877225,64.7333805128689));
#2306=CARTESIAN_POINT('Ctrl Pts',(57.6219354339956,54.8381495156833,65.2663210703062));
#2307=CARTESIAN_POINT('Ctrl Pts',(57.6058287506682,55.0687852661361,65.6034201745013));
#2308=CARTESIAN_POINT('Ctrl Pts',(57.5844005173228,55.3746970636077,66.3422023864242));
#2309=CARTESIAN_POINT('Ctrl Pts',(57.5790948711351,55.449967534,66.7438882644866));
#2310=CARTESIAN_POINT('Ctrl Pts',(57.5790948711351,55.449967534,67.120535524));
#2311=CARTESIAN_POINT('',(57.579098173,55.449920584,2.120533031));
#2312=CARTESIAN_POINT('',(57.9782112144679,49.449920584,2.120533031));
#2313=CARTESIAN_POINT('Ctrl Pts',(57.5790981734916,55.449920584,2.120533031));
#2314=CARTESIAN_POINT('Ctrl Pts',(57.5790981734916,55.449920584,2.4971802905879));
#2315=CARTESIAN_POINT('Ctrl Pts',(57.5844038151796,55.3746501135873,2.89886616884237));
#2316=CARTESIAN_POINT('Ctrl Pts',(57.6058320302642,55.0687383156795,3.63764838138423));
#2317=CARTESIAN_POINT('Ctrl Pts',(57.6219386998317,54.8381025648016,3.97474748600182));
#2318=CARTESIAN_POINT('Ctrl Pts',(57.6587950334599,54.305650236399,4.50768804302923));
#2319=CARTESIAN_POINT('Ctrl Pts',(57.6820158442722,53.9680866348258,4.73880600182527));
#2320=CARTESIAN_POINT('Ctrl Pts',(57.7322858426305,53.228605364049,5.04522643754973));
#2321=CARTESIAN_POINT('Ctrl Pts',(57.7593195434239,52.8266883479135,5.120533031));
#2322=CARTESIAN_POINT('Ctrl Pts',(57.8094385680643,52.0732267995323,5.120533031));
#2323=CARTESIAN_POINT('Ctrl Pts',(57.8358724219967,51.6713439563505,5.04525288808067));
#2324=CARTESIAN_POINT('Ctrl Pts',(57.8839797945447,50.931881323067,4.73887689900047));
#2325=CARTESIAN_POINT('Ctrl Pts',(57.9056685459825,50.5943048116845,4.50777553148361));
#2326=CARTESIAN_POINT('Ctrl Pts',(57.9396528609443,50.0617882862957,3.9748236380479));
#2327=CARTESIAN_POINT('Ctrl Pts',(57.9542315295862,49.8311236978246,3.63769075344243));
#2328=CARTESIAN_POINT('Ctrl Pts',(57.9735030985346,49.5251877110262,2.89886606424091));
#2329=CARTESIAN_POINT('Ctrl Pts',(57.9782112144679,49.449920584,2.49717288793539));
#2330=CARTESIAN_POINT('Ctrl Pts',(57.9782112144679,49.449920584,2.120533031));
#2331=CARTESIAN_POINT('Ctrl Pts',(57.9782112144679,49.449920584,2.120533031));
#2332=CARTESIAN_POINT('Ctrl Pts',(57.9782112144679,49.449920584,1.74389317406461));
#2333=CARTESIAN_POINT('Ctrl Pts',(57.9735030985346,49.5251877110262,1.3421999977591));
#2334=CARTESIAN_POINT('Ctrl Pts',(57.9542315295862,49.8311236978246,0.603375308557577));
#2335=CARTESIAN_POINT('Ctrl Pts',(57.9396528609442,50.0617882862957,0.266242423952098));
#2336=CARTESIAN_POINT('Ctrl Pts',(57.9056685459825,50.5943048116845,-0.266709469483605));
#2337=CARTESIAN_POINT('Ctrl Pts',(57.8839797945447,50.931881323067,-0.497810837000468));
#2338=CARTESIAN_POINT('Ctrl Pts',(57.8358724219967,51.6713439563505,-0.804186826080669));
#2339=CARTESIAN_POINT('Ctrl Pts',(57.8094385680643,52.0732267995323,-0.879466969));
#2340=CARTESIAN_POINT('Ctrl Pts',(57.7593195434239,52.8266883479135,-0.879466969));
#2341=CARTESIAN_POINT('Ctrl Pts',(57.7322858426305,53.228605364049,-0.804160375549735));
#2342=CARTESIAN_POINT('Ctrl Pts',(57.6820158442722,53.9680866348258,-0.497739939825275));
#2343=CARTESIAN_POINT('Ctrl Pts',(57.6587950334599,54.305650236399,-0.266621981029233));
#2344=CARTESIAN_POINT('Ctrl Pts',(57.6219386998317,54.8381025648016,0.266318575998181));
#2345=CARTESIAN_POINT('Ctrl Pts',(57.6058320302642,55.0687383156795,0.603417680615769));
#2346=CARTESIAN_POINT('Ctrl Pts',(57.5844038151796,55.3746501135873,1.34219989315763));
#2347=CARTESIAN_POINT('Ctrl Pts',(57.5790981734916,55.449920584,1.7438857714121));
#2348=CARTESIAN_POINT('Ctrl Pts',(57.5790981734916,55.449920584,2.120533031));
#2349=CARTESIAN_POINT('Origin',(52.294474385,-0.050079872,-13.14301268));
#2350=CARTESIAN_POINT('',(52.2944743842773,47.499965410124,51.9253993544654));
#2351=CARTESIAN_POINT('',(52.294474385,47.49996541,58.920535566));
#2352=CARTESIAN_POINT('',(52.294474385,47.49996541,51.925399355));
#2353=CARTESIAN_POINT('',(52.2944743847621,43.650010902,53.2786285881458));
#2354=CARTESIAN_POINT('Origin',(52.294474385,43.650010902,45.068833752));
#2355=CARTESIAN_POINT('',(52.2944743858728,-43.750071308,53.2786285896614));
#2356=CARTESIAN_POINT('',(52.294474385,43.650010902,53.278628588));
#2357=CARTESIAN_POINT('',(52.2944743844667,-47.60003459003,51.9253925784885));
#2358=CARTESIAN_POINT('Origin',(52.294474385,-43.750071308,45.068833752));
#2359=CARTESIAN_POINT('',(52.294474385,-47.60003459,58.920535566));
#2360=CARTESIAN_POINT('',(52.294474385,-47.60003459,51.925392579));
#2361=CARTESIAN_POINT('',(52.294474385,-37.550035136,58.920535566));
#2362=CARTESIAN_POINT('',(52.294474385,-47.60003459,58.920535566));
#2363=CARTESIAN_POINT('',(52.294474385,-37.550035136,54.899590855));
#2364=CARTESIAN_POINT('',(52.294474385,-37.550035136,58.920535566));
#2365=CARTESIAN_POINT('',(52.294474385,37.449964864,54.899590855));
#2366=CARTESIAN_POINT('',(52.294474385,-37.550035136,54.899590855));
#2367=CARTESIAN_POINT('',(52.294474385,37.449964864,58.920535566));
#2368=CARTESIAN_POINT('',(52.294474385,37.449964864,58.920535566));
#2369=CARTESIAN_POINT('',(52.294474385,37.449964864,58.920535566));
#2370=CARTESIAN_POINT('Origin',(54.433219081,-47.60003459,-2.879464434));
#2371=CARTESIAN_POINT('',(56.0944326200826,-47.6000345911555,49.5967741848681));
#2372=CARTESIAN_POINT('',(56.094432621,-47.60003459,49.59677418));
#2373=CARTESIAN_POINT('',(56.094432621,-47.60003459,58.920535566));
#2374=CARTESIAN_POINT('',(56.094432621,-47.60003459,58.920535566));
#2375=CARTESIAN_POINT('',(52.294474385,-47.60003459,58.920535566));
#2376=CARTESIAN_POINT('Origin',(54.433212421,47.49996541,-2.879464434));
#2377=CARTESIAN_POINT('',(56.094427112,47.49996541,58.920535566));
#2378=CARTESIAN_POINT('',(56.0944271111609,47.4999654113109,49.5967843364181));
#2379=CARTESIAN_POINT('',(56.094427112,47.49996541,58.920535566));
#2380=CARTESIAN_POINT('',(56.094427112,47.49996541,49.596784331));
#2381=CARTESIAN_POINT('',(52.294474385,47.49996541,58.920535566));
#2382=CARTESIAN_POINT('Origin',(52.0187,-52.550081744,2.120533031));
#2383=CARTESIAN_POINT('',(55.8720748643481,-51.149898992,2.120533031));
#2384=CARTESIAN_POINT('',(55.6853245723332,-53.950264496,2.120533031));
#2385=CARTESIAN_POINT('Ctrl Pts',(55.8720748643483,-51.149898992,2.120533031));
#2386=CARTESIAN_POINT('Ctrl Pts',(55.8720748643483,-51.149898992,2.29642136354517));
#2387=CARTESIAN_POINT('Ctrl Pts',(55.8697948093322,-51.1850680023016,2.4840006641285));
#2388=CARTESIAN_POINT('Ctrl Pts',(55.8604987548243,-51.3280016201963,2.82897597579975));
#2389=CARTESIAN_POINT('Ctrl Pts',(55.8534795053968,-51.4357640690509,2.98637279373022));
#2390=CARTESIAN_POINT('Ctrl Pts',(55.8372125159566,-51.6844010929335,3.23500981761279));
#2391=CARTESIAN_POINT('Ctrl Pts',(55.8268762332818,-51.8419040524534,3.3427647732877));
#2392=CARTESIAN_POINT('Ctrl Pts',(55.8041061204578,-52.1868833472104,3.48561654459717));
#2393=CARTESIAN_POINT('Ctrl Pts',(55.7916690046549,-52.3743584623278,3.520715783));
#2394=CARTESIAN_POINT('Ctrl Pts',(55.7682311178655,-52.7258157651092,3.520715783));
#2395=CARTESIAN_POINT('Ctrl Pts',(55.7556635139462,-52.9132929221535,3.4856129180584));
#2396=CARTESIAN_POINT('Ctrl Pts',(55.7324221085525,-53.2582679871707,3.34275956599005));
#2397=CARTESIAN_POINT('Ctrl Pts',(55.7217517160366,-53.4157652489326,3.23500696374664));
#2398=CARTESIAN_POINT('Ctrl Pts',(55.7048571162778,-53.6643939856447,2.98637822703455));
#2399=CARTESIAN_POINT('Ctrl Pts',(55.6975034747029,-53.7721561058598,2.82898594000519));
#2400=CARTESIAN_POINT('Ctrl Pts',(55.6877354223766,-53.915092583352,2.48401161125328));
#2401=CARTESIAN_POINT('Ctrl Pts',(55.6853245723331,-53.950264496,2.29642845581631));
#2402=CARTESIAN_POINT('Ctrl Pts',(55.6853245723331,-53.950264496,2.120533031));
#2403=CARTESIAN_POINT('Ctrl Pts',(55.6853245723332,-53.950264496,2.120533031));
#2404=CARTESIAN_POINT('Ctrl Pts',(55.6853245723332,-53.950264496,1.94474252917453));
#2405=CARTESIAN_POINT('Ctrl Pts',(55.6877325680813,-53.9151341904079,1.75726405641094));
#2406=CARTESIAN_POINT('Ctrl Pts',(55.6974899397885,-53.7723543227945,1.41244950992998));
#2407=CARTESIAN_POINT('Ctrl Pts',(55.7048357623408,-53.6647072062323,1.25511232306562));
#2408=CARTESIAN_POINT('Ctrl Pts',(55.7217229607366,-53.4161894579282,1.00637215866978));
#2409=CARTESIAN_POINT('Ctrl Pts',(55.7323971849442,-53.2586369855966,0.898504521626687));
#2410=CARTESIAN_POINT('Ctrl Pts',(55.7556494811693,-52.9135021566087,0.755494638883483));
#2411=CARTESIAN_POINT('Ctrl Pts',(55.7682241369462,-52.7259204458386,0.720350279));
#2412=CARTESIAN_POINT('Ctrl Pts',(55.7916756215943,-52.374259239574,0.720350279));
#2413=CARTESIAN_POINT('Ctrl Pts',(55.8041192717955,-52.1866850108235,0.755488847668859));
#2414=CARTESIAN_POINT('Ctrl Pts',(55.8268992605436,-51.8415542624011,0.898488999025891));
#2415=CARTESIAN_POINT('Ctrl Pts',(55.8372388916276,-51.6839989634959,1.00635300349924));
#2416=CARTESIAN_POINT('Ctrl Pts',(55.8534988640305,-51.4354671596474,1.25509564991777));
#2417=CARTESIAN_POINT('Ctrl Pts',(55.8605109851366,-51.3278137292393,1.41244023273516));
#2418=CARTESIAN_POINT('Ctrl Pts',(55.8697973638418,-51.1850285655862,1.75726407927394));
#2419=CARTESIAN_POINT('Ctrl Pts',(55.8720748643483,-51.149898992,1.94474414992448));
#2420=CARTESIAN_POINT('Ctrl Pts',(55.8720748643483,-51.149898992,2.120533031));
#2421=CARTESIAN_POINT('',(57.5777,-53.950264496,2.120533031));
#2422=CARTESIAN_POINT('',(52.0187,-53.950264496,2.120533031));
#2423=CARTESIAN_POINT('Origin',(57.5777,-52.550081744,2.120533031));
#2424=CARTESIAN_POINT('Origin',(52.0187,52.449920584,2.120533031));
#2425=CARTESIAN_POINT('',(55.685324623,53.850103336,2.120533031));
#2426=CARTESIAN_POINT('',(55.8720749125052,51.049737832,2.120533031));
#2427=CARTESIAN_POINT('Ctrl Pts',(55.6853246231412,53.850103336,2.120533031));
#2428=CARTESIAN_POINT('Ctrl Pts',(55.6853246231412,53.850103336,2.29642845581394));
#2429=CARTESIAN_POINT('Ctrl Pts',(55.6877354731513,53.814931423353,2.48401161124938));
#2430=CARTESIAN_POINT('Ctrl Pts',(55.6975035253422,53.671994945862,2.82898594000135));
#2431=CARTESIAN_POINT('Ctrl Pts',(55.7048571668151,53.5642328256471,2.98637822703223));
#2432=CARTESIAN_POINT('Ctrl Pts',(55.7217517663384,53.3156040889349,3.23500696374439));
#2433=CARTESIAN_POINT('Ctrl Pts',(55.7324221587051,53.1581068271743,3.34275956598794));
#2434=CARTESIAN_POINT('Ctrl Pts',(55.7556635637721,52.8131317621572,3.48561291805745));
#2435=CARTESIAN_POINT('Ctrl Pts',(55.7682311675141,52.6256546051115,3.520715783));
#2436=CARTESIAN_POINT('Ctrl Pts',(55.7916690539711,52.2741973023254,3.520715783));
#2437=CARTESIAN_POINT('Ctrl Pts',(55.8041061695965,52.0867221872065,3.48561654459616));
#2438=CARTESIAN_POINT('Ctrl Pts',(55.8268762820939,51.7417428924496,3.34276477328552));
#2439=CARTESIAN_POINT('Ctrl Pts',(55.8372125646196,51.5842399329312,3.2350098176105));
#2440=CARTESIAN_POINT('Ctrl Pts',(55.8534795538245,51.3356029090487,2.98637279372798));
#2441=CARTESIAN_POINT('Ctrl Pts',(55.8604988031499,51.2278404601942,2.82897597579605));
#2442=CARTESIAN_POINT('Ctrl Pts',(55.8697948575224,51.0849068423006,2.48400066412478));
#2443=CARTESIAN_POINT('Ctrl Pts',(55.8720749125052,51.049737832,2.2964213635429));
#2444=CARTESIAN_POINT('Ctrl Pts',(55.8720749125052,51.049737832,2.120533031));
#2445=CARTESIAN_POINT('Ctrl Pts',(55.8720749125052,51.049737832,2.120533031));
#2446=CARTESIAN_POINT('Ctrl Pts',(55.8720749125052,51.049737832,1.94474414992389));
#2447=CARTESIAN_POINT('Ctrl Pts',(55.8697974120319,51.0848674055864,1.75726407927196));
#2448=CARTESIAN_POINT('Ctrl Pts',(55.8605110334617,51.2276525692426,1.41244023272879));
#2449=CARTESIAN_POINT('Ctrl Pts',(55.8534989124574,51.3353059996537,1.25509564990845));
#2450=CARTESIAN_POINT('Ctrl Pts',(55.8372389402895,51.5838378035051,1.00635300349301));
#2451=CARTESIAN_POINT('Ctrl Pts',(55.8268993093549,51.7413931024073,0.898488999022683));
#2452=CARTESIAN_POINT('Ctrl Pts',(55.8041193209337,52.0865238508254,0.755488847668731));
#2453=CARTESIAN_POINT('Ctrl Pts',(55.7916756709102,52.2740980795745,0.720350279));
#2454=CARTESIAN_POINT('Ctrl Pts',(55.768224186595,52.6257592858379,0.720350279));
#2455=CARTESIAN_POINT('Ctrl Pts',(55.7556495309958,52.8133409966066,0.755494638883274));
#2456=CARTESIAN_POINT('Ctrl Pts',(55.7323972350977,53.15847582559,0.898504521623261));
#2457=CARTESIAN_POINT('Ctrl Pts',(55.7217230110395,53.3160282979186,1.00637215866327));
#2458=CARTESIAN_POINT('Ctrl Pts',(55.7048358128789,53.5645460462258,1.25511232305606));
#2459=CARTESIAN_POINT('Ctrl Pts',(55.6974899904283,53.6721931627911,1.41244950992349));
#2460=CARTESIAN_POINT('Ctrl Pts',(55.6877326188561,53.8149730304077,1.75726405640896));
#2461=CARTESIAN_POINT('Ctrl Pts',(55.6853246231412,53.850103336,1.94474252917396));
#2462=CARTESIAN_POINT('Ctrl Pts',(55.6853246231412,53.850103336,2.120533031));
#2463=CARTESIAN_POINT('',(57.5777,51.049737832,2.120533031));
#2464=CARTESIAN_POINT('',(52.0187,51.049737832,2.120533031));
#2465=CARTESIAN_POINT('Origin',(57.5777,52.449920584,2.120533031));
#2466=CARTESIAN_POINT('Origin',(52.0187,-52.550034702,67.120535539));
#2467=CARTESIAN_POINT('',(55.8720791054675,-51.149833645,67.120535539));
#2468=CARTESIAN_POINT('',(55.685326540085,-53.950235759,67.120535539));
#2469=CARTESIAN_POINT('Ctrl Pts',(55.8720791054675,-51.149833645,67.120535539));
#2470=CARTESIAN_POINT('Ctrl Pts',(55.8720791054675,-51.149833645,67.296326718243));
#2471=CARTESIAN_POINT('Ctrl Pts',(55.8698015781462,-51.1849636778518,67.4838092399744));
#2472=CARTESIAN_POINT('Ctrl Pts',(55.8605150896699,-51.3277507084096,67.8286375948346));
#2473=CARTESIAN_POINT('Ctrl Pts',(55.8535028855202,-51.4354055464345,67.9859842348997));
#2474=CARTESIAN_POINT('Ctrl Pts',(55.837242719546,-51.6839405996906,68.2347301330228));
#2475=CARTESIAN_POINT('Ctrl Pts',(55.8269029649431,-51.8414979581878,68.3425955474182));
#2476=CARTESIAN_POINT('Ctrl Pts',(55.8041227022029,-52.1866332182994,68.4855975679995));
#2477=CARTESIAN_POINT('Ctrl Pts',(55.7916789014416,-52.3742098991292,68.520736596));
#2478=CARTESIAN_POINT('Ctrl Pts',(55.7682271313173,-52.7258757026923,68.520736596));
#2479=CARTESIAN_POINT('Ctrl Pts',(55.7556523215576,-52.9134598657306,68.4855917766387));
#2480=CARTESIAN_POINT('Ctrl Pts',(55.7323997389979,-53.2585992065106,68.3425800244256));
#2481=CARTESIAN_POINT('Ctrl Pts',(55.7217253825268,-53.4161537383629,68.2347109773687));
#2482=CARTESIAN_POINT('Ctrl Pts',(55.7048379741657,-53.6646747357198,67.985967561331));
#2483=CARTESIAN_POINT('Ctrl Pts',(55.6974920598472,-53.7723232597394,67.8286283174057));
#2484=CARTESIAN_POINT('Ctrl Pts',(55.6877345660582,-53.9151049941239,67.483809262838));
#2485=CARTESIAN_POINT('Ctrl Pts',(55.685326540085,-53.950235759,67.2963283390338));
#2486=CARTESIAN_POINT('Ctrl Pts',(55.685326540085,-53.950235759,67.120535539));
#2487=CARTESIAN_POINT('Ctrl Pts',(55.685326540085,-53.950235759,67.120535539));
#2488=CARTESIAN_POINT('Ctrl Pts',(55.685326540085,-53.950235759,66.9447427389662));
#2489=CARTESIAN_POINT('Ctrl Pts',(55.6877345660582,-53.9151049941239,66.7572618151621));
#2490=CARTESIAN_POINT('Ctrl Pts',(55.6974920598472,-53.7723232597394,66.4124427605943));
#2491=CARTESIAN_POINT('Ctrl Pts',(55.7048379741657,-53.6646747357198,66.255103516669));
#2492=CARTESIAN_POINT('Ctrl Pts',(55.7217253825268,-53.4161537383629,66.0063601006313));
#2493=CARTESIAN_POINT('Ctrl Pts',(55.7323997389979,-53.2585992065106,65.8984910535744));
#2494=CARTESIAN_POINT('Ctrl Pts',(55.7556523215576,-52.9134598657306,65.7554793013613));
#2495=CARTESIAN_POINT('Ctrl Pts',(55.7682271313173,-52.7258757026923,65.720334482));
#2496=CARTESIAN_POINT('Ctrl Pts',(55.7916789014416,-52.3742098991292,65.720334482));
#2497=CARTESIAN_POINT('Ctrl Pts',(55.8041227022029,-52.1866332182994,65.7554735100005));
#2498=CARTESIAN_POINT('Ctrl Pts',(55.8269029649431,-51.8414979581878,65.8984755305818));
#2499=CARTESIAN_POINT('Ctrl Pts',(55.837242719546,-51.6839405996906,66.0063409449773));
#2500=CARTESIAN_POINT('Ctrl Pts',(55.8535028855202,-51.4354055464345,66.2550868431003));
#2501=CARTESIAN_POINT('Ctrl Pts',(55.8605150896699,-51.3277507084096,66.4124334831654));
#2502=CARTESIAN_POINT('Ctrl Pts',(55.8698015781462,-51.1849636778517,66.7572618380256));
#2503=CARTESIAN_POINT('Ctrl Pts',(55.8720791054675,-51.149833645,66.9447443597571));
#2504=CARTESIAN_POINT('Ctrl Pts',(55.8720791054675,-51.149833645,67.120535539));
#2505=CARTESIAN_POINT('',(57.5777,-53.950235759,67.120535539));
#2506=CARTESIAN_POINT('',(52.0187,-53.950235759,67.120535539));
#2507=CARTESIAN_POINT('Origin',(57.5777,-52.550034702,67.120535539));
#2508=CARTESIAN_POINT('Origin',(52.0187,52.449967534,67.120535524));
#2509=CARTESIAN_POINT('',(55.68532015,53.850168662,67.120535524));
#2510=CARTESIAN_POINT('',(55.8720730580077,51.049766406,67.120535524));
#2511=CARTESIAN_POINT('Ctrl Pts',(55.6853201499718,53.850168662,67.120535524));
#2512=CARTESIAN_POINT('Ctrl Pts',(55.6853201499718,53.850168662,67.2963283328767));
#2513=CARTESIAN_POINT('Ctrl Pts',(55.6877281802504,53.8150378953623,67.48380926601));
#2514=CARTESIAN_POINT('Ctrl Pts',(55.6974856915122,53.6722561541389,67.8286283374951));
#2515=CARTESIAN_POINT('Ctrl Pts',(55.7048316189967,53.5646076250505,67.9859675890124));
#2516=CARTESIAN_POINT('Ctrl Pts',(55.7217190577793,53.3160866154894,68.2347110180475));
#2517=CARTESIAN_POINT('Ctrl Pts',(55.7323934335751,53.1585320752717,68.3425800709609));
#2518=CARTESIAN_POINT('Ctrl Pts',(55.7556460584332,52.8133927164292,68.4855918308307));
#2519=CARTESIAN_POINT('Ctrl Pts',(55.7682208911658,52.6258085436967,68.520736652));
#2520=CARTESIAN_POINT('Ctrl Pts',(55.7916727043292,52.2741427221555,68.520736652));
#2521=CARTESIAN_POINT('Ctrl Pts',(55.8041165280449,52.0865660316456,68.4855976222025));
#2522=CARTESIAN_POINT('Ctrl Pts',(55.8268968330221,51.7414307534793,68.342595593983));
#2523=CARTESIAN_POINT('Ctrl Pts',(55.8372366069076,51.5838733866113,68.2347301737379));
#2524=CARTESIAN_POINT('Ctrl Pts',(55.8534968032281,51.3353383211244,67.9859842626127));
#2525=CARTESIAN_POINT('Ctrl Pts',(55.8605090205048,51.2276834780188,67.8286376149417));
#2526=CARTESIAN_POINT('Ctrl Pts',(55.8697955263975,51.0848964406119,67.4838092431464));
#2527=CARTESIAN_POINT('Ctrl Pts',(55.8720730580077,51.049766406,67.2963267120827));
#2528=CARTESIAN_POINT('Ctrl Pts',(55.8720730580077,51.049766406,67.120535524));
#2529=CARTESIAN_POINT('Ctrl Pts',(55.8720730580077,51.049766406,67.120535524));
#2530=CARTESIAN_POINT('Ctrl Pts',(55.8720730580077,51.049766406,66.9447443359173));
#2531=CARTESIAN_POINT('Ctrl Pts',(55.8697955263975,51.0848964406119,66.7572618048536));
#2532=CARTESIAN_POINT('Ctrl Pts',(55.8605090205048,51.2276834780188,66.4124334330583));
#2533=CARTESIAN_POINT('Ctrl Pts',(55.8534968032281,51.3353383211244,66.2550867853873));
#2534=CARTESIAN_POINT('Ctrl Pts',(55.8372366069076,51.5838733866113,66.0063408742621));
#2535=CARTESIAN_POINT('Ctrl Pts',(55.8268968330221,51.7414307534793,65.898475454017));
#2536=CARTESIAN_POINT('Ctrl Pts',(55.8041165280449,52.0865660316456,65.7554734257975));
#2537=CARTESIAN_POINT('Ctrl Pts',(55.7916727043292,52.2741427221555,65.720334396));
#2538=CARTESIAN_POINT('Ctrl Pts',(55.7682208911658,52.6258085436967,65.720334396));
#2539=CARTESIAN_POINT('Ctrl Pts',(55.7556460584332,52.8133927164292,65.7554792171693));
#2540=CARTESIAN_POINT('Ctrl Pts',(55.7323934335751,53.1585320752717,65.8984909770391));
#2541=CARTESIAN_POINT('Ctrl Pts',(55.7217190577793,53.3160866154894,66.0063600299525));
#2542=CARTESIAN_POINT('Ctrl Pts',(55.7048316189967,53.5646076250505,66.2551034589876));
#2543=CARTESIAN_POINT('Ctrl Pts',(55.6974856915122,53.6722561541389,66.4124427105049));
#2544=CARTESIAN_POINT('Ctrl Pts',(55.6877281802504,53.8150378953623,66.75726178199));
#2545=CARTESIAN_POINT('Ctrl Pts',(55.6853201499718,53.850168662,66.9447427151233));
#2546=CARTESIAN_POINT('Ctrl Pts',(55.6853201499718,53.850168662,67.120535524));
#2547=CARTESIAN_POINT('',(57.5777,51.049766406,67.120535524));
#2548=CARTESIAN_POINT('',(52.0187,51.049766406,67.120535524));
#2549=CARTESIAN_POINT('Origin',(57.5777,52.449967534,67.120535524));
#2550=CARTESIAN_POINT('Origin',(56.579260776,-0.05003459,58.920535566));
#2551=CARTESIAN_POINT('',(56.105175052,37.449964864,58.920535566));
#2552=CARTESIAN_POINT('',(52.294474385,37.449964864,58.920535566));
#2553=CARTESIAN_POINT('',(56.105175052,47.321612834,58.920535566));
#2554=CARTESIAN_POINT('',(56.105175052,37.449964864,58.920535566));
#2555=CARTESIAN_POINT('Origin',(-731.471438807,-0.050080209,58.920535566));
#2556=CARTESIAN_POINT('Origin',(-731.471438807,-0.050080209,-2.879464434));
#2557=CARTESIAN_POINT('',(55.779953564,-52.55003459,72.120535566));
#2558=CARTESIAN_POINT('',(55.779947479,52.44996541,72.120535566));
#2559=CARTESIAN_POINT('Origin',(-731.471438807,-0.050080209,72.120535566));
#2560=CARTESIAN_POINT('',(55.430553028,57.44996541,67.120535566));
#2561=CARTESIAN_POINT('Ctrl Pts',(55.7799474794918,52.44996541,72.120535566));
#2562=CARTESIAN_POINT('Ctrl Pts',(55.7380682581165,53.0779548659232,72.1205355659959));
#2563=CARTESIAN_POINT('Ctrl Pts',(55.6925629427932,53.7478371944204,71.995009124623));
#2564=CARTESIAN_POINT('Ctrl Pts',(55.6073607627983,54.9803189850802,71.4842810238799));
#2565=CARTESIAN_POINT('Ctrl Pts',(55.5677068668386,55.5429189102095,71.0990733144082));
#2566=CARTESIAN_POINT('Ctrl Pts',(55.5045226950057,56.4303001316446,70.2108447103688));
#2567=CARTESIAN_POINT('Ctrl Pts',(55.4767583297052,56.8146746861004,69.6490345452732));
#2568=CARTESIAN_POINT('Ctrl Pts',(55.4397515124928,57.3245123905417,68.4177579336232));
#2569=CARTESIAN_POINT('Ctrl Pts',(55.4305530279508,57.44996541,67.7482859712484));
#2570=CARTESIAN_POINT('Ctrl Pts',(55.4305530279508,57.44996541,67.120535566));
#2571=CARTESIAN_POINT('',(55.430553028,57.44996541,2.120535566));
#2572=CARTESIAN_POINT('',(55.430553028,57.44996541,2.120535566));
#2573=CARTESIAN_POINT('',(55.779947479,52.44996541,-2.879464434));
#2574=CARTESIAN_POINT('Ctrl Pts',(55.4305530279508,57.44996541,2.120535566));
#2575=CARTESIAN_POINT('Ctrl Pts',(55.4305530279508,57.44996541,1.49278516075155));
#2576=CARTESIAN_POINT('Ctrl Pts',(55.4397515124928,57.3245123905418,0.82331319837679));
#2577=CARTESIAN_POINT('Ctrl Pts',(55.4767583297052,56.8146746861004,-0.407963413273169));
#2578=CARTESIAN_POINT('Ctrl Pts',(55.5045226950057,56.4303001316446,-0.96977357836878));
#2579=CARTESIAN_POINT('Ctrl Pts',(55.5677068668386,55.5429189102095,-1.85800218240817));
#2580=CARTESIAN_POINT('Ctrl Pts',(55.6073607627983,54.9803189850802,-2.24320989187994));
#2581=CARTESIAN_POINT('Ctrl Pts',(55.6925629427932,53.7478371944204,-2.753937992623));
#2582=CARTESIAN_POINT('Ctrl Pts',(55.7380682581166,53.0779548659232,-2.879464434));
#2583=CARTESIAN_POINT('Ctrl Pts',(55.7799474794918,52.44996541,-2.879464434));
#2584=CARTESIAN_POINT('',(55.779953564,-52.55003459,-2.879464434));
#2585=CARTESIAN_POINT('Origin',(-731.471438807,-0.050080209,-2.879464434));
#2586=CARTESIAN_POINT('',(55.430559695,-57.55003459,2.120535566));
#2587=CARTESIAN_POINT('Ctrl Pts',(55.779953563946,-52.55003459,-2.879464434));
#2588=CARTESIAN_POINT('Ctrl Pts',(55.738074415704,-53.1780240454865,-2.87946443400045));
#2589=CARTESIAN_POINT('Ctrl Pts',(55.6925691784283,-53.8479063732866,-2.75393799275974));
#2590=CARTESIAN_POINT('Ctrl Pts',(55.6073671421187,-55.0803881619521,-2.24320989350929));
#2591=CARTESIAN_POINT('Ctrl Pts',(55.5677133117957,-55.6429880857895,-1.85800218541789));
#2592=CARTESIAN_POINT('Ctrl Pts',(55.5045292432582,-56.5303693087256,-0.969773582701502));
#2593=CARTESIAN_POINT('Ctrl Pts',(55.4767649226521,-56.9147438645936,-0.407963416197319));
#2594=CARTESIAN_POINT('Ctrl Pts',(55.4397581647584,-57.4245815704785,0.823313197509217));
#2595=CARTESIAN_POINT('Ctrl Pts',(55.4305596948356,-57.55003459,1.49278516051647));
#2596=CARTESIAN_POINT('Ctrl Pts',(55.4305596948356,-57.55003459,2.120535566));
#2597=CARTESIAN_POINT('',(55.430559695,-57.55003459,67.120535566));
#2598=CARTESIAN_POINT('',(55.430559695,-57.55003459,2.120535566));
#2599=CARTESIAN_POINT('Ctrl Pts',(55.4305596948356,-57.55003459,67.120535566));
#2600=CARTESIAN_POINT('Ctrl Pts',(55.4305596948356,-57.55003459,67.7482859714835));
#2601=CARTESIAN_POINT('Ctrl Pts',(55.4397581647584,-57.4245815704785,68.4177579344908));
#2602=CARTESIAN_POINT('Ctrl Pts',(55.4767649226521,-56.9147438645936,69.6490345481973));
#2603=CARTESIAN_POINT('Ctrl Pts',(55.5045292432582,-56.5303693087256,70.2108447147015));
#2604=CARTESIAN_POINT('Ctrl Pts',(55.5677133117957,-55.6429880857895,71.0990733174179));
#2605=CARTESIAN_POINT('Ctrl Pts',(55.6073671421187,-55.0803881619521,71.4842810255093));
#2606=CARTESIAN_POINT('Ctrl Pts',(55.6925691784283,-53.8479063732866,71.9950091247597));
#2607=CARTESIAN_POINT('Ctrl Pts',(55.738074415704,-53.1780240454865,72.120535566));
#2608=CARTESIAN_POINT('Ctrl Pts',(55.779953563946,-52.55003459,72.120535566));
#2609=CARTESIAN_POINT('',(56.6368997987604,-37.5500351359897,64.8996132105));
#2610=CARTESIAN_POINT('',(56.6368955096438,37.4499648640134,64.8996132105));
#2611=CARTESIAN_POINT('Origin',(-731.471438807,-0.050080209,64.899590855));
#2612=CARTESIAN_POINT('',(56.105175052,-47.421773252,64.899635566));
#2613=CARTESIAN_POINT('Origin',(-731.471438808,-0.050080209,64.899635566));
#2614=CARTESIAN_POINT('',(56.105175052,-47.421773252,58.920535566));
#2615=CARTESIAN_POINT('',(56.105175052,-47.421773252,64.899635566));
#2616=CARTESIAN_POINT('Origin',(-731.471438807,-0.050080209,58.920535566));
#2617=CARTESIAN_POINT('',(55.897922358,-50.750071308,42.860637048));
#2618=CARTESIAN_POINT('Ctrl Pts',(56.0944326209277,-47.6000345935086,49.5967741879986));
#2619=CARTESIAN_POINT('Ctrl Pts',(56.0734634762134,-47.9473447632821,49.3413761528347));
#2620=CARTESIAN_POINT('Ctrl Pts',(56.0540322570028,-48.2653508821392,49.0549120597839));
#2621=CARTESIAN_POINT('Ctrl Pts',(55.9933507164092,-49.2507068255184,48.0044846521332));
#2622=CARTESIAN_POINT('Ctrl Pts',(55.9569407669278,-49.8264604715472,47.0546953352163));
#2623=CARTESIAN_POINT('Ctrl Pts',(55.9092067914999,-50.5759144557443,44.9970801241098));
#2624=CARTESIAN_POINT('Ctrl Pts',(55.8979223587501,-50.750071308,43.8894196183226));
#2625=CARTESIAN_POINT('Ctrl Pts',(55.8979223587501,-50.750071308,42.8606370609293));
#2626=CARTESIAN_POINT('',(55.8979223593521,-50.750071308,19.5213840285403));
#2627=CARTESIAN_POINT('',(55.897922358,-50.750071308,42.860637048));
#2628=CARTESIAN_POINT('',(56.0944326196081,-47.6000345878824,12.5444035022624));
#2629=CARTESIAN_POINT('Ctrl Pts',(55.8979223587501,-50.750071308,19.5213840328948));
#2630=CARTESIAN_POINT('Ctrl Pts',(55.8979223587795,-50.7500713075427,18.5100582167426));
#2631=CARTESIAN_POINT('Ctrl Pts',(55.9087978757318,-50.5821196971654,17.4206235747868));
#2632=CARTESIAN_POINT('Ctrl Pts',(55.9536137566997,-49.8788944510768,15.373578911412));
#2633=CARTESIAN_POINT('Ctrl Pts',(55.9875047408558,-49.3433653427338,14.4160555812769));
#2634=CARTESIAN_POINT('Ctrl Pts',(56.0470291507337,-48.3798371348951,13.2495262600183));
#2635=CARTESIAN_POINT('Ctrl Pts',(56.0696651511333,-48.0102561003068,12.876419098848));
#2636=CARTESIAN_POINT('Ctrl Pts',(56.0944326215307,-47.6000345835216,12.5444035077939));
#2637=CARTESIAN_POINT('',(56.094432621,-47.60003459,10.320535566));
#2638=CARTESIAN_POINT('',(56.094432621,-47.60003459,12.54440349));
#2639=CARTESIAN_POINT('',(57.5151742519792,-4.64622404955322,10.3205356950245));
#2640=CARTESIAN_POINT('Origin',(-731.471438807,-0.050080209,10.320535566));
#2641=CARTESIAN_POINT('',(57.5151742519792,4.54606363155316,10.3205356950245));
#2642=CARTESIAN_POINT('Origin',(-731.471438807,-0.050080209,493.812360872));
#2643=CARTESIAN_POINT('',(56.094427112,47.49996541,10.320535566));
#2644=CARTESIAN_POINT('Origin',(-731.471438807,-0.050080209,10.320535566));
#2645=CARTESIAN_POINT('',(56.0944271108843,47.4999654079739,12.5444001017016));
#2646=CARTESIAN_POINT('',(56.094427112,47.49996541,12.54440009));
#2647=CARTESIAN_POINT('',(55.897915919,50.650010902,19.521387959));
#2648=CARTESIAN_POINT('Ctrl Pts',(56.0944271129375,47.4999654037967,12.544400107016));
#2649=CARTESIAN_POINT('Ctrl Pts',(56.0735134941511,47.8463552353265,12.8247522374944));
#2650=CARTESIAN_POINT('Ctrl Pts',(56.0541904660398,48.1625950005326,13.1332741538298));
#2651=CARTESIAN_POINT('Ctrl Pts',(55.9942578667262,49.1358806320452,14.2423415751205));
#2652=CARTESIAN_POINT('Ctrl Pts',(55.9578733012657,49.7115744126603,15.2251329027748));
#2653=CARTESIAN_POINT('Ctrl Pts',(55.9096701895152,50.4685602416192,17.3388701443723));
#2654=CARTESIAN_POINT('Ctrl Pts',(55.8979159188087,50.650010902,18.4697607170619));
#2655=CARTESIAN_POINT('Ctrl Pts',(55.8979159188087,50.650010902,19.5213879792977));
#2656=CARTESIAN_POINT('',(55.897915919791,50.650010902,42.8606410026865));
#2657=CARTESIAN_POINT('',(55.897915919,50.650010902,42.860640994));
#2658=CARTESIAN_POINT('Ctrl Pts',(55.8979159188087,50.650010902,42.8606410026865));
#2659=CARTESIAN_POINT('Ctrl Pts',(55.8979159187767,50.6500109024963,43.8894235374822));
#2660=CARTESIAN_POINT('Ctrl Pts',(55.9092003733094,50.4758540569428,44.9970840245115));
#2661=CARTESIAN_POINT('Ctrl Pts',(55.9569344437449,49.7264000818758,47.05469917723));
#2662=CARTESIAN_POINT('Ctrl Pts',(55.9933444665624,49.1506464375169,48.0044884590643));
#2663=CARTESIAN_POINT('Ctrl Pts',(56.0540262797456,48.1652881077211,49.0549183381084));
#2664=CARTESIAN_POINT('Ctrl Pts',(56.0734577210802,47.8472789981271,49.3413846951782));
#2665=CARTESIAN_POINT('Ctrl Pts',(56.094427112322,47.499965413991,49.5967843399675));
#2666=CARTESIAN_POINT('',(56.105175052,47.321612834,64.899635566));
#2667=CARTESIAN_POINT('',(56.105175052,47.321612834,64.899635566));
#2668=CARTESIAN_POINT('Origin',(-731.471438807,-0.050080209,64.899635566));
#2669=CARTESIAN_POINT('Origin',(56.579260776,-0.05003459,58.920535566));
#2670=CARTESIAN_POINT('',(56.105175052,-37.550035136,58.920535566));
#2671=CARTESIAN_POINT('',(56.105175052,-47.421773252,58.920535566));
#2672=CARTESIAN_POINT('',(52.294474385,-37.550035136,58.920535566));
#2673=CARTESIAN_POINT('Origin',(52.294474385,-0.050079872,-13.14301268));
#2674=CARTESIAN_POINT('',(52.294474385,-47.60003459,10.320535566));
#2675=CARTESIAN_POINT('',(52.294474384566,-47.6000345900656,14.873021890986));
#2676=CARTESIAN_POINT('',(52.294474385,-47.60003459,10.320535566));
#2677=CARTESIAN_POINT('Origin',(52.294474385,-43.750071308,21.729580717));
#2678=CARTESIAN_POINT('',(52.2944743846292,47.4999654101364,14.8730151146745));
#2679=CARTESIAN_POINT('Origin',(52.294474385,43.650010902,21.729580717));
#2680=CARTESIAN_POINT('',(52.294474385,47.49996541,10.320535566));
#2681=CARTESIAN_POINT('',(52.294474385,47.49996541,10.320535566));
#2682=CARTESIAN_POINT('',(52.294474385,-47.60003459,10.320535566));
#2683=CARTESIAN_POINT('Origin',(56.433219081,-57.55003459,-2.879464434));
#2684=CARTESIAN_POINT('',(57.435878467,-57.55003459,67.120535566));
#2685=CARTESIAN_POINT('',(55.430559695,-57.55003459,2.120535566));
#2686=CARTESIAN_POINT('Origin',(56.433212421,57.44996541,-2.879464434));
#2687=CARTESIAN_POINT('',(57.435871813,57.44996541,2.120535566));
#2688=CARTESIAN_POINT('',(55.430553028,57.44996541,67.120535566));
#2689=CARTESIAN_POINT('Origin',(58.579260776,-0.05003459,-2.879464434));
#2690=CARTESIAN_POINT('',(55.779947479,52.44996541,-2.879464434));
#2691=CARTESIAN_POINT('',(57.784384606,-52.55003459,-2.879464434));
#2692=CARTESIAN_POINT('Origin',(58.579260776,-0.05003459,72.120535566));
#2693=CARTESIAN_POINT('',(55.779953564,-52.55003459,72.120535566));
#2694=CARTESIAN_POINT('',(57.784378534,52.44996541,72.120535566));
#2695=CARTESIAN_POINT('Origin',(56.433212421,52.44996541,67.120535566));
#2696=CARTESIAN_POINT('Origin',(58.579260776,52.44996541,2.120535566));
#2697=CARTESIAN_POINT('Origin',(58.579260776,-52.55003459,67.120535566));
#2698=CARTESIAN_POINT('Origin',(56.433219081,-52.55003459,2.120535566));
#2699=CARTESIAN_POINT('Origin',(54.433219081,-47.60003459,-2.879464434));
#2700=CARTESIAN_POINT('',(52.294474385,-47.60003459,14.87302189));
#2701=CARTESIAN_POINT('',(52.294474385,-47.60003459,10.320535566));
#2702=CARTESIAN_POINT('Origin',(54.433212421,47.49996541,-2.879464434));
#2703=CARTESIAN_POINT('',(52.294474385,47.49996541,14.873015114));
#2704=CARTESIAN_POINT('',(52.294474385,47.49996541,10.320535566));
#2705=CARTESIAN_POINT('Origin',(56.579260776,-0.05003459,10.320535566));
#2706=CARTESIAN_POINT('',(57.515174173,4.546063632,10.320535566));
#2707=CARTESIAN_POINT('Origin',(41.9345,-0.050035136,64.899590855));
#2708=CARTESIAN_POINT('',(56.636895509,37.449964864,64.899590855));
#2709=CARTESIAN_POINT('',(56.636899799,-37.550035136,64.899590855));
#2710=CARTESIAN_POINT('Origin',(41.9345,37.449964864,59.899590855));
#2711=CARTESIAN_POINT('',(56.105175052,37.449964864,64.899635566));
#2712=CARTESIAN_POINT('',(56.105175052,37.449964864,64.899635566));
#2713=CARTESIAN_POINT('',(56.105175052,37.449964864,64.899635566));
#2714=CARTESIAN_POINT('',(52.294474385,37.449964864,54.899590855));
#2715=CARTESIAN_POINT('Origin',(41.9345,-37.550035136,59.899590855));
#2716=CARTESIAN_POINT('',(52.294474385,-37.550035136,54.899590855));
#2717=CARTESIAN_POINT('',(56.105175052,-37.550035136,64.899635566));
#2718=CARTESIAN_POINT('',(56.105175052,-37.550035136,64.899635566));
#2719=CARTESIAN_POINT('',(56.105175052,-37.550035136,64.899635566));
#2720=CARTESIAN_POINT('Origin',(41.9345,-0.050035136,54.899590855));
#2721=CARTESIAN_POINT('Origin',(56.105175052,-42.485904194,64.899635566));
#2722=CARTESIAN_POINT('',(56.105175052,-47.421773252,64.899635566));
#2723=CARTESIAN_POINT('Origin',(56.579260776,-0.05003459,64.899635566));
#2724=CARTESIAN_POINT('Origin',(56.105175052,42.385788849,64.899635566));
#2725=CARTESIAN_POINT('',(56.105175052,37.449964864,64.899635566));
#2726=CARTESIAN_POINT('Origin',(56.579260776,-0.05003459,64.899635566));
#2727=CARTESIAN_POINT('Origin',(57.5777,25.,190.));
#2728=CARTESIAN_POINT('',(57.5777,49.449967534,67.120535524));
#2729=CARTESIAN_POINT('Origin',(57.5777,52.449967534,67.120535524));
#2730=CARTESIAN_POINT('Origin',(57.,52.449967534,67.120535524));
#2731=CARTESIAN_POINT('',(57.,49.449967534,67.120535524));
#2732=CARTESIAN_POINT('Origin',(57.5777,25.,190.));
#2733=CARTESIAN_POINT('',(57.5777,-55.550034702,67.120535539));
#2734=CARTESIAN_POINT('Origin',(57.5777,-52.550034702,67.120535539));
#2735=CARTESIAN_POINT('Origin',(57.,-52.550034702,67.120535539));
#2736=CARTESIAN_POINT('',(57.,-55.550034702,67.120535539));
#2737=CARTESIAN_POINT('Origin',(57.5777,25.,190.));
#2738=CARTESIAN_POINT('',(57.5777,49.449920584,2.120533031));
#2739=CARTESIAN_POINT('Origin',(57.5777,52.449920584,2.120533031));
#2740=CARTESIAN_POINT('Origin',(57.,52.449920584,2.120533031));
#2741=CARTESIAN_POINT('',(57.,49.449920584,2.120533031));
#2742=CARTESIAN_POINT('Origin',(57.5777,25.,190.));
#2743=CARTESIAN_POINT('',(57.5777,-55.550081744,2.120533031));
#2744=CARTESIAN_POINT('Origin',(57.5777,-52.550081744,2.120533031));
#2745=CARTESIAN_POINT('Origin',(57.,-52.550081744,2.120533031));
#2746=CARTESIAN_POINT('',(57.,-55.550081744,2.120533031));
#2747=CARTESIAN_POINT('Origin',(21.410209057,-0.050030203,32.445696119));
#2748=CARTESIAN_POINT('Origin',(35.465415532,-43.750071308,55.381698696));
#2749=CARTESIAN_POINT('',(43.3487595203469,-43.750071308,56.414916387401));
#2750=CARTESIAN_POINT('',(43.348759521,-43.750071308,56.414916387));
#2751=CARTESIAN_POINT('',(58.02796643,-48.750071308,41.555343803));
#2752=CARTESIAN_POINT('',(43.348759521,-43.750071308,56.414916387));
#2753=CARTESIAN_POINT('Origin',(35.465415532,43.650010902,55.381698696));
#2754=CARTESIAN_POINT('',(38.17834569,48.650010902,53.719212246));
#2755=CARTESIAN_POINT('',(43.3487595131105,43.650010902,56.4149163891064));
#2756=CARTESIAN_POINT('',(58.320497107,43.650010902,47.240219866));
#2757=CARTESIAN_POINT('',(40.790839327,43.650010902,57.982412569));
#2758=CARTESIAN_POINT('Origin',(38.077909169,-0.050030203,59.64489902));
#2759=CARTESIAN_POINT('',(43.348759521,-30.750071308,56.414916387));
#2760=CARTESIAN_POINT('',(43.3487595151023,30.650010902,56.4149163914313));
#2761=CARTESIAN_POINT('',(40.790839327,30.650010902,57.982412569));
#2762=CARTESIAN_POINT('',(43.348759521,43.650010902,56.414916387));
#2763=CARTESIAN_POINT('Origin',(30.292656652,-48.750071308,46.940527005));
#2764=CARTESIAN_POINT('Origin',(30.292656652,48.650010902,46.940527005));
#2765=CARTESIAN_POINT('Origin',(25.067700149,43.650010902,38.414176571));
#2766=CARTESIAN_POINT('',(55.897915919,50.650010902,19.521387959));
#2767=CARTESIAN_POINT('Origin',(25.067700149,-43.750071308,38.414176571));
#2768=CARTESIAN_POINT('',(27.780630307,-50.750071308,36.751690121));
#2769=CARTESIAN_POINT('Origin',(35.465415532,-43.750071308,55.381698696));
#2770=CARTESIAN_POINT('',(41.835836782,-43.750071308,59.687692698));
#2771=CARTESIAN_POINT('',(55.897922358,-50.750071308,42.860637048));
#2772=CARTESIAN_POINT('Origin',(35.465415532,43.650010902,55.381698696));
#2773=CARTESIAN_POINT('',(38.17834569,50.650010902,53.719212246));
#2774=CARTESIAN_POINT('',(52.294474385,43.650010902,53.278628588));
#2775=CARTESIAN_POINT('Origin',(39.122906624,-0.050030203,61.350179149));
#2776=CARTESIAN_POINT('Origin',(30.292656652,-50.750071308,46.940527005));
#2777=CARTESIAN_POINT('Origin',(30.292656652,50.650010902,46.940527005));
#2778=CARTESIAN_POINT('Origin',(-12.282129233,0.,-34.366404409));
#2779=CARTESIAN_POINT('',(43.348759521,-43.750071308,56.414916387));
#2780=CARTESIAN_POINT('',(34.4924277220835,-37.550028561,41.9627025851363));
#2781=CARTESIAN_POINT('Origin',(35.537425176,-37.550028561,43.667982715));
#2782=CARTESIAN_POINT('Origin',(27.86364761,-43.750071308,48.370443547));
#2783=CARTESIAN_POINT('Origin',(-12.282129233,0.,-34.366404409));
#2784=CARTESIAN_POINT('',(27.726056864,30.650010902,30.920993615));
#2785=CARTESIAN_POINT('',(27.726056864,43.650010902,30.920993615));
#2786=CARTESIAN_POINT('',(34.4924277220835,37.449971439,41.9627025851363));
#2787=CARTESIAN_POINT('Origin',(35.537425176,37.449971439,43.667982715));
#2788=CARTESIAN_POINT('Origin',(27.86364761,30.650010902,48.370443547));
#2789=CARTESIAN_POINT('Origin',(27.86364761,43.650010902,48.370443547));
#2790=CARTESIAN_POINT('Origin',(32.126864917,37.449971439,45.757977625));
#2791=CARTESIAN_POINT('',(31.0818674630835,37.449971439,44.0526974951363));
#2792=CARTESIAN_POINT('Origin',(32.126864917,-37.550028561,45.757977625));
#2793=CARTESIAN_POINT('',(31.0818674630835,-37.550028561,44.0526974951363));
#2794=CARTESIAN_POINT('Origin',(35.052090742,13.50056422,27.604420192));
#2795=CARTESIAN_POINT('',(33.48459456,21.985026548,25.046499998));
#2796=CARTESIAN_POINT('',(34.529592015,5.016101892,26.751780127));
#2797=CARTESIAN_POINT('Origin',(40.253607527,23.985026548,24.416925242));
#2798=CARTESIAN_POINT('',(42.182348001,23.985026548,19.716507552));
#2799=CARTESIAN_POINT('',(36.234872144,23.985026548,25.706782673));
#2800=CARTESIAN_POINT('Origin',(45.455124312,13.50056422,21.229430291));
#2801=CARTESIAN_POINT('',(44.932625585,21.985026548,20.376790227));
#2802=CARTESIAN_POINT('',(43.88762813,5.016101892,18.671510097));
#2803=CARTESIAN_POINT('Origin',(40.253607527,3.016101892,24.416925242));
#2804=CARTESIAN_POINT('',(35.189874689,3.016101892,24.001502543));
#2805=CARTESIAN_POINT('',(43.227345455,3.016101892,21.421787681));
#2806=CARTESIAN_POINT('Origin',(43.749844183,21.985026548,22.274427746));
#2807=CARTESIAN_POINT('Origin',(36.757370871,21.985026548,26.559422737));
#2808=CARTESIAN_POINT('Origin',(36.757370871,5.016101892,26.559422737));
#2809=CARTESIAN_POINT('Origin',(43.749844183,5.016101892,22.274427746));
#2810=CARTESIAN_POINT('',(0.,0.,0.));
#2811=UNCERTAINTY_MEASURE_WITH_UNIT(LENGTH_MEASURE(0.01),#2817,
'DISTANCE_ACCURACY_VALUE',
'Maximum model space distance between geometric entities at asserted c
onnectivities');
#2812=UNCERTAINTY_MEASURE_WITH_UNIT(LENGTH_MEASURE(0.01),#2817,
'DISTANCE_ACCURACY_VALUE',
'Maximum model space distance between geometric entities at asserted c
onnectivities');
#2813=UNCERTAINTY_MEASURE_WITH_UNIT(LENGTH_MEASURE(0.01),#2817,
'DISTANCE_ACCURACY_VALUE',
'Maximum model space distance between geometric entities at asserted c
onnectivities');
#2814=(
GEOMETRIC_REPRESENTATION_CONTEXT(3)
GLOBAL_UNCERTAINTY_ASSIGNED_CONTEXT((#2811))
GLOBAL_UNIT_ASSIGNED_CONTEXT((#2817,#2819,#2820))
REPRESENTATION_CONTEXT('','3D')
);
#2815=(
GEOMETRIC_REPRESENTATION_CONTEXT(3)
GLOBAL_UNCERTAINTY_ASSIGNED_CONTEXT((#2812))
GLOBAL_UNIT_ASSIGNED_CONTEXT((#2817,#2819,#2820))
REPRESENTATION_CONTEXT('','3D')
);
#2816=(
GEOMETRIC_REPRESENTATION_CONTEXT(3)
GLOBAL_UNCERTAINTY_ASSIGNED_CONTEXT((#2813))
GLOBAL_UNIT_ASSIGNED_CONTEXT((#2817,#2819,#2820))
REPRESENTATION_CONTEXT('','3D')
);
#2817=(
LENGTH_UNIT()
NAMED_UNIT(*)
SI_UNIT(.MILLI.,.METRE.)
);
#2818=(
LENGTH_UNIT()
NAMED_UNIT(*)
SI_UNIT($,.METRE.)
);
#2819=(
NAMED_UNIT(*)
PLANE_ANGLE_UNIT()
SI_UNIT($,.RADIAN.)
);
#2820=(
NAMED_UNIT(*)
SI_UNIT($,.STERADIAN.)
SOLID_ANGLE_UNIT()
);
#2821=SHAPE_DEFINITION_REPRESENTATION(#2823,#2826);
#2822=SHAPE_DEFINITION_REPRESENTATION(#2824,#2827);
#2823=PRODUCT_DEFINITION_SHAPE('',$,#2829);
#2824=PRODUCT_DEFINITION_SHAPE('',$,#2830);
#2825=PRODUCT_DEFINITION_SHAPE($,$,#14);
#2826=SHAPE_REPRESENTATION('',(#1477,#1600),#2814);
#2827=SHAPE_REPRESENTATION('',(#1478),#2815);
#2828=PRODUCT_DEFINITION_CONTEXT('part definition',#2836,'design');
#2829=PRODUCT_DEFINITION('Chassis','Chassis v25',#2831,#2828);
#2830=PRODUCT_DEFINITION('Chassis_1','Chassis',#2832,#2828);
#2831=PRODUCT_DEFINITION_FORMATION('',$,#2838);
#2832=PRODUCT_DEFINITION_FORMATION('',$,#2839);
#2833=PRODUCT_RELATED_PRODUCT_CATEGORY('Chassis v25','Chassis v25',(#2838));
#2834=PRODUCT_RELATED_PRODUCT_CATEGORY('Chassis','Chassis',(#2839));
#2835=APPLICATION_PROTOCOL_DEFINITION('international standard',
'automotive_design',2009,#2836);
#2836=APPLICATION_CONTEXT(
'Core Data for Automotive Mechanical Design Process');
#2837=PRODUCT_CONTEXT('part definition',#2836,'mechanical');
#2838=PRODUCT('Chassis','Chassis v25',$,(#2837));
#2839=PRODUCT('Chassis_1','Chassis',$,(#2837));
#2840=PRESENTATION_STYLE_ASSIGNMENT((#2848));
#2841=PRESENTATION_STYLE_ASSIGNMENT((#2849));
#2842=PRESENTATION_STYLE_ASSIGNMENT((#2850));
#2843=PRESENTATION_STYLE_ASSIGNMENT((#2851));
#2844=PRESENTATION_STYLE_ASSIGNMENT((#2852));
#2845=PRESENTATION_STYLE_ASSIGNMENT((#2853));
#2846=PRESENTATION_STYLE_ASSIGNMENT((#2854));
#2847=PRESENTATION_STYLE_ASSIGNMENT((#2855));
#2848=SURFACE_STYLE_USAGE(.BOTH.,#2856);
#2849=SURFACE_STYLE_USAGE(.BOTH.,#2857);
#2850=SURFACE_STYLE_USAGE(.BOTH.,#2858);
#2851=SURFACE_STYLE_USAGE(.BOTH.,#2859);
#2852=SURFACE_STYLE_USAGE(.BOTH.,#2860);
#2853=SURFACE_STYLE_USAGE(.BOTH.,#2861);
#2854=SURFACE_STYLE_USAGE(.BOTH.,#2862);
#2855=SURFACE_STYLE_USAGE(.BOTH.,#2863);
#2856=SURFACE_SIDE_STYLE('',(#2864));
#2857=SURFACE_SIDE_STYLE('',(#2865));
#2858=SURFACE_SIDE_STYLE('',(#2866));
#2859=SURFACE_SIDE_STYLE('',(#2867));
#2860=SURFACE_SIDE_STYLE('',(#2868));
#2861=SURFACE_SIDE_STYLE('',(#2869));
#2862=SURFACE_SIDE_STYLE('',(#2870));
#2863=SURFACE_SIDE_STYLE('',(#2871));
#2864=SURFACE_STYLE_FILL_AREA(#2872);
#2865=SURFACE_STYLE_FILL_AREA(#2873);
#2866=SURFACE_STYLE_FILL_AREA(#2874);
#2867=SURFACE_STYLE_FILL_AREA(#2875);
#2868=SURFACE_STYLE_FILL_AREA(#2876);
#2869=SURFACE_STYLE_FILL_AREA(#2877);
#2870=SURFACE_STYLE_FILL_AREA(#2878);
#2871=SURFACE_STYLE_FILL_AREA(#2879);
#2872=FILL_AREA_STYLE('Steel - Satin',(#2880));
#2873=FILL_AREA_STYLE('Aluminum - Satin',(#2881));
#2874=FILL_AREA_STYLE('Opaque(50,50,50)',(#2882));
#2875=FILL_AREA_STYLE('Opaque(255,255,255)',(#2883));
#2876=FILL_AREA_STYLE('Opaque(245,245,246)',(#2884));
#2877=FILL_AREA_STYLE('ABS (White) (1)',(#2885));
#2878=FILL_AREA_STYLE('Opaque(250,182,1)',(#2886));
#2879=FILL_AREA_STYLE('ABS (White)',(#2887));
#2880=FILL_AREA_STYLE_COLOUR('Steel - Satin',#2888);
#2881=FILL_AREA_STYLE_COLOUR('Aluminum - Satin',#2889);
#2882=FILL_AREA_STYLE_COLOUR('Opaque(50,50,50)',#2890);
#2883=FILL_AREA_STYLE_COLOUR('Opaque(255,255,255)',#2891);
#2884=FILL_AREA_STYLE_COLOUR('Opaque(245,245,246)',#2892);
#2885=FILL_AREA_STYLE_COLOUR('ABS (White) (1)',#2893);
#2886=FILL_AREA_STYLE_COLOUR('Opaque(250,182,1)',#2894);
#2887=FILL_AREA_STYLE_COLOUR('ABS (White)',#2895);
#2888=COLOUR_RGB('Steel - Satin',0.627450980392157,0.627450980392157,0.627450980392157);
#2889=COLOUR_RGB('Aluminum - Satin',0.96078431372549,0.96078431372549,0.964705882352941);
#2890=COLOUR_RGB('Opaque(50,50,50)',0.196078431372549,0.196078431372549,
0.196078431372549);
#2891=COLOUR_RGB('Opaque(255,255,255)',1.,1.,1.);
#2892=COLOUR_RGB('Opaque(245,245,246)',0.96078431372549,0.96078431372549,
0.964705882352941);
#2893=COLOUR_RGB('ABS (White) (1)',0.905882352941176,0.262745098039216,
0.184313725490196);
#2894=COLOUR_RGB('Opaque(250,182,1)',0.980392156862745,0.713725490196078,
0.00392156862745098);
#2895=COLOUR_RGB('ABS (White)',0.964705882352941,0.964705882352941,0.952941176470588);
ENDSEC;
END-ISO-10303-21;
