ISO-10303-21;
HEADER;
/* Generated by software containing ST-Developer
 * from STEP Tools, Inc. (www.steptools.com) 
 */

FILE_DESCRIPTION(
/* description */ (''),
/* implementation_level */ '2;1');

FILE_NAME(
/* name */ 'FrontFrame.step',
/* time_stamp */ '2026-08-13T12:58:00-04:00',
/* author */ (''),
/* organization */ (''),
/* preprocessor_version */ 'ST-DEVELOPER v20.1',
/* originating_system */ 'Autodesk Translation Framework v15.8.0.0',
/* authorisation */ '');

FILE_SCHEMA (('AUTOMOTIVE_DESIGN { 1 0 10303 214 3 1 1 }'));
ENDSEC;

DATA;
#10=MECHANICAL_DESIGN_GEOMETRIC_PRESENTATION_REPRESENTATION('',(#17),#5273);
#11=ITEM_DEFINED_TRANSFORMATION($,$,#2579,#2825);
#12=(
REPRESENTATION_RELATIONSHIP($,$,#5284,#5283)
REPRESENTATION_RELATIONSHIP_WITH_TRANSFORMATION(#11)
SHAPE_REPRESENTATION_RELATIONSHIP()
);
#13=CONTEXT_DEPENDENT_SHAPE_REPRESENTATION(#12,#5282);
#14=NEXT_ASSEMBLY_USAGE_OCCURRENCE('Chassis:1','Chassis:1','Chassis:1',
#5286,#5287,'Chassis:1');
#15=SHAPE_REPRESENTATION_RELATIONSHIP('SRR','None',#5284,#16);
#16=ADVANCED_BREP_SHAPE_REPRESENTATION('',(#18),#5272);
#17=STYLED_ITEM('',(#5299),#18);
#18=MANIFOLD_SOLID_BREP('Body26',#2565);
#19=B_SPLINE_SURFACE_WITH_KNOTS('',1,3,((#4304,#4305,#4306,#4307,#4308,
#4309,#4310,#4311,#4312,#4313,#4314,#4315,#4316,#4317,#4318,#4319,#4320,
#4321,#4322,#4323,#4324,#4325,#4326,#4327,#4328,#4329,#4330,#4331,#4332,
#4333,#4334,#4335,#4336,#4337,#4338,#4339,#4340,#4341,#4342,#4343,#4344,
#4345,#4346,#4347,#4348,#4349,#4350,#4351,#4352,#4353,#4354,#4355,#4356,
#4357,#4358,#4359,#4360,#4361,#4362,#4363,#4364,#4365,#4366,#4367,#4368,
#4369),(#4370,#4371,#4372,#4373,#4374,#4375,#4376,#4377,#4378,#4379,#4380,
#4381,#4382,#4383,#4384,#4385,#4386,#4387,#4388,#4389,#4390,#4391,#4392,
#4393,#4394,#4395,#4396,#4397,#4398,#4399,#4400,#4401,#4402,#4403,#4404,
#4405,#4406,#4407,#4408,#4409,#4410,#4411,#4412,#4413,#4414,#4415,#4416,
#4417,#4418,#4419,#4420,#4421,#4422,#4423,#4424,#4425,#4426,#4427,#4428,
#4429,#4430,#4431,#4432,#4433,#4434,#4435)),.UNSPECIFIED.,.F.,.T.,.F.,(2,
2),(4,2,2,2,2,2,2,2,2,2,2,2,2,2,2,2,2,2,2,2,2,2,2,2,2,2,2,2,2,2,2,2,4),
(-4.70272521121541E-5,1.),(-6.28318530717958,-6.08683576633022,-5.89048622548086,
-5.6941366846315,-5.49778714378214,-5.30143760293277,-5.10508806208341,
-4.90873852123405,-4.71238898038469,-4.51603943953533,-4.31968989868596,
-4.1233403578366,-3.92699081698724,-3.73064127613788,-3.53429173528852,
-3.33794219443915,-3.14159265358979,-2.94524311274043,-2.74889357189107,
-2.55254403104171,-2.35619449019234,-2.15984494934298,-1.96349540849362,
-1.76714586764426,-1.57079632679489,-1.37444678594553,-1.17809724509617,
-0.981747704246809,-0.785398163397447,-0.589048622548084,-0.392699081698722,
-0.19634954084936,1.77635683940025E-15),.UNSPECIFIED.);
#20=B_SPLINE_SURFACE_WITH_KNOTS('',1,3,((#4833,#4834,#4835,#4836,#4837,
#4838,#4839,#4840,#4841,#4842,#4843,#4844,#4845,#4846,#4847,#4848,#4849,
#4850,#4851,#4852,#4853,#4854,#4855,#4856,#4857,#4858,#4859,#4860,#4861,
#4862,#4863,#4864,#4865,#4866,#4867,#4868,#4869,#4870,#4871,#4872,#4873,
#4874,#4875,#4876,#4877,#4878,#4879,#4880,#4881,#4882,#4883,#4884,#4885,
#4886,#4887,#4888,#4889,#4890,#4891,#4892,#4893,#4894,#4895,#4896,#4897,
#4898),(#4899,#4900,#4901,#4902,#4903,#4904,#4905,#4906,#4907,#4908,#4909,
#4910,#4911,#4912,#4913,#4914,#4915,#4916,#4917,#4918,#4919,#4920,#4921,
#4922,#4923,#4924,#4925,#4926,#4927,#4928,#4929,#4930,#4931,#4932,#4933,
#4934,#4935,#4936,#4937,#4938,#4939,#4940,#4941,#4942,#4943,#4944,#4945,
#4946,#4947,#4948,#4949,#4950,#4951,#4952,#4953,#4954,#4955,#4956,#4957,
#4958,#4959,#4960,#4961,#4962,#4963,#4964)),.UNSPECIFIED.,.F.,.T.,.F.,(2,
2),(4,2,2,2,2,2,2,2,2,2,2,2,2,2,2,2,2,2,2,2,2,2,2,2,2,2,2,2,2,2,2,2,4),
(-4.70272521322978E-5,1.),(-1.77635683940025E-15,0.19634954084936,0.392699081698722,
0.589048622548084,0.785398163397447,0.981747704246809,1.17809724509617,
1.37444678594553,1.57079632679489,1.76714586764426,1.96349540849362,2.15984494934298,
2.35619449019234,2.55254403104171,2.74889357189107,2.94524311274043,3.14159265358979,
3.33794219443915,3.53429173528852,3.73064127613788,3.92699081698724,4.1233403578366,
4.31968989868596,4.51603943953533,4.71238898038469,4.90873852123405,5.10508806208341,
5.30143760293277,5.49778714378214,5.6941366846315,5.89048622548086,6.08683576633022,
6.28318530717958),.UNSPECIFIED.);
#21=B_SPLINE_CURVE_WITH_KNOTS('',3,(#4000,#4001,#4002,#4003,#4004,#4005,
#4006,#4007,#4008,#4009,#4010,#4011,#4012,#4013,#4014,#4015,#4016,#4017,
#4018,#4019,#4020,#4021,#4022,#4023,#4024,#4025,#4026,#4027,#4028,#4029,
#4030,#4031,#4032,#4033,#4034,#4035,#4036,#4037,#4038,#4039,#4040,#4041,
#4042,#4043,#4044,#4045,#4046,#4047,#4048,#4049,#4050,#4051,#4052,#4053,
#4054,#4055,#4056,#4057,#4058,#4059,#4060,#4061,#4062,#4063,#4064,#4065,
#4066,#4067,#4068,#4069,#4070,#4071,#4072,#4073,#4074,#4075,#4076,#4077,
#4078,#4079,#4080,#4081,#4082,#4083,#4084,#4085,#4086,#4087,#4088,#4089,
#4090,#4091,#4092,#4093,#4094,#4095,#4096,#4097,#4098,#4099,#4100,#4101,
#4102,#4103,#4104,#4105,#4106,#4107,#4108,#4109,#4110,#4111,#4112,#4113,
#4114,#4115,#4116,#4117,#4118,#4119,#4120,#4121,#4122,#4123,#4124,#4125,
#4126,#4127,#4128,#4129,#4130,#4131,#4132,#4133,#4134,#4135,#4136,#4137,
#4138,#4139,#4140,#4141,#4142,#4143,#4144,#4145,#4146,#4147,#4148,#4149,
#4150,#4151,#4152,#4153,#4154,#4155,#4156,#4157,#4158,#4159,#4160,#4161,
#4162,#4163,#4164,#4165,#4166,#4167,#4168,#4169,#4170,#4171,#4172,#4173,
#4174,#4175,#4176,#4177,#4178,#4179,#4180,#4181,#4182,#4183,#4184,#4185,
#4186,#4187,#4188,#4189,#4190,#4191,#4192,#4193,#4194,#4195,#4196,#4197,
#4198,#4199,#4200,#4201,#4202,#4203,#4204,#4205,#4206,#4207,#4208,#4209,
#4210,#4211,#4212,#4213,#4214,#4215,#4216,#4217,#4218,#4219,#4220,#4221,
#4222,#4223,#4224,#4225,#4226,#4227,#4228,#4229,#4230,#4231,#4232,#4233,
#4234,#4235,#4236,#4237,#4238,#4239,#4240,#4241,#4242,#4243,#4244,#4245,
#4246,#4247,#4248,#4249,#4250,#4251,#4252,#4253,#4254,#4255,#4256,#4257,
#4258,#4259,#4260,#4261,#4262,#4263,#4264,#4265,#4266,#4267,#4268,#4269,
#4270,#4271,#4272,#4273,#4274,#4275,#4276,#4277,#4278,#4279,#4280,#4281,
#4282,#4283,#4284,#4285,#4286,#4287,#4288,#4289,#4290,#4291,#4292,#4293,
#4294,#4295,#4296,#4297,#4298,#4299,#4300,#4301,#4302,#4303),
 .UNSPECIFIED.,.T.,.F.,(4,3,3,3,3,3,3,3,3,3,3,3,3,3,3,3,3,3,3,3,3,3,3,3,
3,3,3,3,3,3,3,3,3,3,3,3,3,3,3,3,3,3,3,3,3,3,3,3,3,3,3,3,3,3,3,3,3,3,3,3,
3,3,3,3,3,3,3,3,3,3,3,3,3,3,3,3,3,3,3,3,3,3,3,3,3,3,3,3,3,3,3,3,3,3,3,3,
3,3,3,3,3,4),(-1.07317269386941,-1.06563694825622,-1.06039275009786,-1.0272705338294,
-1.00745641976873,-0.973964506821096,-0.941440145896769,-0.936698376689264,
-0.932129690861135,-0.898839017538867,-0.87510156323564,-0.841052113996751,
-0.808226428312145,-0.800903274631165,-0.767516401153471,-0.740880412460737,
-0.706727119740881,-0.673029824734471,-0.66667367483791,-0.66113919819781,
-0.627398203166826,-0.604888667741248,-0.570701720024055,-0.536514772306862,
-0.527821729526548,-0.521813410273212,-0.486824797893383,-0.468247475834008,
-0.433574428753449,-0.400120874041274,-0.387800719485899,-0.382385036729574,
-0.34823301407751,-0.332408517165148,-0.298744832454442,-0.265081147743735,
-0.254582331433981,-0.249649943782784,-0.215851459679404,-0.198314830185005,
-0.165110128558798,-0.131926200557871,-0.12569085023443,-0.120788964142237,
-0.0865585816160333,-0.0659118423661053,-0.0329559211253647,-0.0164779605049944,
-0.00739419076948838,-0.00130757655000764,1.15375891591965E-10,0.0342125422826614,
0.065739761544088,0.0715678039573799,0.0766255428984769,0.106977444825136,
0.131593564594667,0.141481798948961,0.148135517829374,0.179942517697625,
0.197828737952931,0.23124373907434,0.264658740195749,0.274499168005708,
0.28086130527911,0.313057088894158,0.331860520802424,0.365743797992637,
0.39962707518285,0.413670192005076,0.41966389303954,0.45250977587259,0.467603749462833,
0.501740754240396,0.535877759017959,0.553647380599706,0.560779753372168,
0.594592838416074,0.604004219374416,0.638028363645212,0.672052507916007,
0.688950044619769,0.694615862899361,0.699636364240834,0.732747788231804,
0.739642654731055,0.773277440423165,0.806912226115276,0.823574411409504,
0.8282774725626,0.833255283663721,0.865982016790766,0.873560967292191,0.906724372448522,
0.939887777604854,0.951399475566813,0.956203954266789,0.960390477042097,
0.993472856455786,1.00573987440843,1.0386798638142,1.07152797369672),
 .UNSPECIFIED.);
#22=B_SPLINE_CURVE_WITH_KNOTS('',1,(#4437,#4438),.UNSPECIFIED.,.F.,.F.,
(2,2),(-1.,7.13009295702505E-15),.UNSPECIFIED.);
#23=B_SPLINE_CURVE_WITH_KNOTS('',3,(#4440,#4441,#4442,#4443,#4444,#4445,
#4446,#4447,#4448,#4449,#4450,#4451,#4452,#4453,#4454,#4455,#4456,#4457,
#4458,#4459,#4460,#4461),.UNSPECIFIED.,.F.,.F.,(4,2,2,2,2,2,2,2,2,2,4),
(1.0000000145186E-6,0.0320849462275643,0.0641253670480406,0.127943920045525,
0.170161544930735,0.226882017515998,0.283016216960006,0.326025447427441,
0.390124811751202,0.422006235282376,0.453837838359919),.UNSPECIFIED.);
#24=B_SPLINE_CURVE_WITH_KNOTS('',3,(#4462,#4463,#4464,#4465,#4466,#4467,
#4468,#4469,#4470,#4471,#4472,#4473,#4474,#4475,#4476,#4477,#4478,#4479,
#4480,#4481,#4482,#4483,#4484,#4485,#4486,#4487,#4488,#4489,#4490,#4491,
#4492,#4493,#4494,#4495,#4496,#4497,#4498,#4499,#4500,#4501,#4502,#4503,
#4504,#4505,#4506,#4507,#4508,#4509,#4510,#4511,#4512,#4513),
 .UNSPECIFIED.,.F.,.F.,(4,2,2,2,2,2,2,2,2,2,2,2,2,2,2,2,2,2,2,2,2,2,2,2,
2,4),(1.0000000436678E-6,0.0507747043841203,0.101760275537807,0.205223924700054,
0.26257463642693,0.321757533695044,0.444157163715708,0.505261307335783,
0.565427928144328,0.624058006101925,0.652789593673367,0.681080323739381,
0.709201596983609,0.736811990910814,0.791095681842724,0.843833761096651,
0.895514495616266,0.946758302612867,0.998169713575464,1.0503635100542,1.07704492928664,
1.13154771126468,1.15963102717657,1.25780418880469,1.30730487090455,1.35696783758246),
 .UNSPECIFIED.);
#25=B_SPLINE_CURVE_WITH_KNOTS('',3,(#4529,#4530,#4531,#4532,#4533,#4534,
#4535,#4536,#4537,#4538,#4539,#4540,#4541,#4542,#4543,#4544,#4545,#4546,
#4547,#4548,#4549,#4550,#4551,#4552,#4553,#4554,#4555,#4556,#4557,#4558,
#4559,#4560,#4561,#4562,#4563,#4564,#4565,#4566,#4567,#4568,#4569,#4570,
#4571,#4572,#4573,#4574,#4575,#4576,#4577,#4578,#4579,#4580,#4581,#4582,
#4583,#4584,#4585,#4586,#4587,#4588,#4589,#4590,#4591,#4592,#4593,#4594,
#4595,#4596,#4597,#4598,#4599,#4600,#4601,#4602,#4603,#4604,#4605,#4606,
#4607,#4608,#4609,#4610,#4611,#4612,#4613,#4614,#4615,#4616,#4617,#4618,
#4619,#4620,#4621,#4622,#4623,#4624,#4625,#4626,#4627,#4628,#4629,#4630,
#4631,#4632,#4633,#4634,#4635,#4636,#4637,#4638,#4639,#4640,#4641,#4642,
#4643,#4644,#4645,#4646,#4647,#4648,#4649,#4650,#4651,#4652,#4653,#4654,
#4655,#4656,#4657,#4658,#4659,#4660,#4661,#4662,#4663,#4664,#4665,#4666,
#4667,#4668,#4669,#4670,#4671,#4672,#4673,#4674,#4675,#4676,#4677,#4678,
#4679,#4680,#4681,#4682,#4683,#4684,#4685,#4686,#4687,#4688,#4689,#4690,
#4691,#4692,#4693,#4694,#4695,#4696,#4697,#4698,#4699,#4700,#4701,#4702,
#4703,#4704,#4705,#4706,#4707,#4708,#4709,#4710,#4711,#4712,#4713,#4714,
#4715,#4716,#4717,#4718,#4719,#4720,#4721,#4722,#4723,#4724,#4725,#4726,
#4727,#4728,#4729,#4730,#4731,#4732,#4733,#4734,#4735,#4736,#4737,#4738,
#4739,#4740,#4741,#4742,#4743,#4744,#4745,#4746,#4747,#4748,#4749,#4750,
#4751,#4752,#4753,#4754,#4755,#4756,#4757,#4758,#4759,#4760,#4761,#4762,
#4763,#4764,#4765,#4766,#4767,#4768,#4769,#4770,#4771,#4772,#4773,#4774,
#4775,#4776,#4777,#4778,#4779,#4780,#4781,#4782,#4783,#4784,#4785,#4786,
#4787,#4788,#4789,#4790,#4791,#4792,#4793,#4794,#4795,#4796,#4797,#4798,
#4799,#4800,#4801,#4802,#4803,#4804,#4805,#4806,#4807,#4808,#4809,#4810,
#4811,#4812,#4813,#4814,#4815,#4816,#4817,#4818,#4819,#4820,#4821,#4822,
#4823,#4824,#4825,#4826,#4827,#4828,#4829,#4830,#4831,#4832),
 .UNSPECIFIED.,.T.,.F.,(4,3,3,3,3,3,3,3,3,3,3,3,3,3,3,3,3,3,3,3,3,3,3,3,
3,3,3,3,3,3,3,3,3,3,3,3,3,3,3,3,3,3,3,3,3,3,3,3,3,3,3,3,3,3,3,3,3,3,3,3,
3,3,3,3,3,3,3,3,3,3,3,3,3,3,3,3,3,3,3,3,3,3,3,3,3,3,3,3,3,3,3,3,3,3,3,3,
3,3,3,3,3,4),(-1.07317269387128,-1.06563694805297,-1.0603927500451,-1.02727053378156,
-1.00745641977002,-0.973964506827834,-0.941440145897512,-0.93669837676731,
-0.932129690878768,-0.898839017556962,-0.875101563235964,-0.841052113997633,
-0.808226428312064,-0.800903274632148,-0.767516401153729,-0.740880412460355,
-0.706727119740055,-0.673029824733929,-0.666673674839272,-0.661139198197838,
-0.627398203168776,-0.604888667740622,-0.570701720023477,-0.536514772306333,
-0.52782172953075,-0.521813410269497,-0.486824797890266,-0.468247475833784,
-0.433574428753559,-0.400120874041286,-0.387800719489375,-0.382385036736755,
-0.348233014088701,-0.332408517165268,-0.298744832454548,-0.265081147743827,
-0.254582331435866,-0.249649943795577,-0.215851459694108,-0.198314830185092,
-0.16511012856067,-0.131926200557905,-0.125690850236784,-0.120788964142569,
-0.0865585816145573,-0.0659118423661257,-0.0329559211253667,-0.0164779605049871,
-0.00739419076868492,-0.00130757654899854,1.15392382734026E-10,0.0342125422967583,
0.065739761544243,0.071567803994773,0.0766255429766031,0.106977444903632,
0.131593564595154,0.14148179894845,0.148135517830724,0.179942517698106,
0.197828737953641,0.231243739075134,0.264658740196627,0.27449916800611,
0.28086130527561,0.313057088891514,0.331860520803373,0.365743797993663,
0.399627075183953,0.413670192007522,0.41966389305147,0.452509775884338,
0.467603749464239,0.501740754241983,0.535877759019728,0.553647380600985,
0.560779753373611,0.594592838417,0.604004219376581,0.6380283636476,0.672052507918619,
0.688950044622497,0.694615862893299,0.699636364245095,0.732747788236434,
0.739642654734131,0.77327744042648,0.806912226118829,0.823574411413172,
0.8282774725147,0.833255283655744,0.865982016783702,0.873560967296202,0.906724372452736,
0.93988777760927,0.951399475570645,0.956203954282091,0.960390477049378,
0.993472856464743,1.00573987441328,1.03867986382081,1.0715279737022),
 .UNSPECIFIED.);
#26=B_SPLINE_CURVE_WITH_KNOTS('',1,(#4966,#4967),.UNSPECIFIED.,.F.,.F.,
(2,2),(-1.,-6.10872097806144E-14),.UNSPECIFIED.);
#27=B_SPLINE_CURVE_WITH_KNOTS('',3,(#4969,#4970,#4971,#4972,#4973,#4974,
#4975,#4976,#4977,#4978,#4979,#4980,#4981,#4982,#4983,#4984,#4985,#4986,
#4987,#4988,#4989,#4990),.UNSPECIFIED.,.F.,.F.,(4,2,2,2,2,2,2,2,2,2,4),
(1.00000001476975E-6,0.0320849476775225,0.0641253699633376,0.127943925927705,
0.170161552794825,0.226882025768498,0.283016225638442,0.32602545821774,
0.390124825647092,0.422006250703174,0.453837855296809),.UNSPECIFIED.);
#28=B_SPLINE_CURVE_WITH_KNOTS('',3,(#4991,#4992,#4993,#4994,#4995,#4996,
#4997,#4998,#4999,#5000,#5001,#5002,#5003,#5004,#5005,#5006,#5007,#5008,
#5009,#5010,#5011,#5012,#5013,#5014,#5015,#5016,#5017,#5018,#5019,#5020,
#5021,#5022,#5023,#5024,#5025,#5026,#5027,#5028,#5029,#5030,#5031,#5032,
#5033,#5034,#5035,#5036,#5037,#5038,#5039,#5040,#5041,#5042),
 .UNSPECIFIED.,.F.,.F.,(4,2,2,2,2,2,2,2,2,2,2,2,2,2,2,2,2,2,2,2,2,2,2,2,
2,4),(1.00000004189132E-6,0.0507747023725451,0.101760271499589,0.205223916472177,
0.262574627956691,0.321757525004388,0.444157154917461,0.505261298618551,
0.565427919599159,0.624057997768724,0.652789585465455,0.681080315636801,
0.709201588972861,0.736811983016556,0.791095674040032,0.84383375327436,
0.895514487664546,0.946758294440158,0.998169705111482,1.05036350125919,
1.07704492032239,1.13154770198106,1.15963101769385,1.25780417507233,1.30730485506336,
1.35696781966181),.UNSPECIFIED.);
#29=CONICAL_SURFACE('',#2650,3.40001105084658,0.785398554399863);
#30=CONICAL_SURFACE('',#2651,3.40001055841192,0.785398627995654);
#31=CONICAL_SURFACE('',#2680,2.15,0.785398163397447);
#32=CONICAL_SURFACE('',#2684,2.15,0.785398163397447);
#33=CONICAL_SURFACE('',#2702,2.15,0.785398163397447);
#34=CONICAL_SURFACE('',#2705,2.15,0.785398163397447);
#35=CONICAL_SURFACE('',#2727,2.15,0.785398163397447);
#36=CONICAL_SURFACE('',#2730,2.15,0.785398163397447);
#37=CONICAL_SURFACE('',#2759,3.40001055841192,0.785398627995654);
#38=CONICAL_SURFACE('',#2762,3.40001105084658,0.785398554399863);
#39=CONICAL_SURFACE('',#2821,2.24999999999995,0.785398163397457);
#40=CONICAL_SURFACE('',#2822,2.24999999999995,0.785398163397456);
#41=CONICAL_SURFACE('',#2823,4.75,0.78539816339744);
#42=CONICAL_SURFACE('',#2824,4.75,0.78539816339744);
#43=CYLINDRICAL_SURFACE('',#2592,1.39999946346325);
#44=CYLINDRICAL_SURFACE('',#2597,12.4999976158142);
#45=CYLINDRICAL_SURFACE('',#2608,1.40000018201691);
#46=CYLINDRICAL_SURFACE('',#2615,1.39999973007778);
#47=CYLINDRICAL_SURFACE('',#2616,1.39999966830442);
#48=CYLINDRICAL_SURFACE('',#2618,1.40000012788598);
#49=CYLINDRICAL_SURFACE('',#2652,1.60000029422925);
#50=CYLINDRICAL_SURFACE('',#2654,1.39999904974436);
#51=CYLINDRICAL_SURFACE('',#2656,1.39999971014652);
#52=CYLINDRICAL_SURFACE('',#2658,1.40000002825555);
#53=CYLINDRICAL_SURFACE('',#2660,1.40000022640709);
#54=CYLINDRICAL_SURFACE('',#2662,1.4000003924918);
#55=CYLINDRICAL_SURFACE('',#2664,1.60000030099938);
#56=CYLINDRICAL_SURFACE('',#2666,1.59999293051541);
#57=CYLINDRICAL_SURFACE('',#2671,5.13383621570302);
#58=CYLINDRICAL_SURFACE('',#2673,1.40000014971803);
#59=CYLINDRICAL_SURFACE('',#2675,1.40000014971803);
#60=CYLINDRICAL_SURFACE('',#2677,2.15);
#61=CYLINDRICAL_SURFACE('',#2681,2.15);
#62=CYLINDRICAL_SURFACE('',#2698,1.39999986042358);
#63=CYLINDRICAL_SURFACE('',#2699,1.39999986042358);
#64=CYLINDRICAL_SURFACE('',#2700,2.15);
#65=CYLINDRICAL_SURFACE('',#2703,2.15);
#66=CYLINDRICAL_SURFACE('',#2708,1.39999914949876);
#67=CYLINDRICAL_SURFACE('',#2725,2.15);
#68=CYLINDRICAL_SURFACE('',#2728,2.15);
#69=CYLINDRICAL_SURFACE('',#2731,2.8);
#70=CYLINDRICAL_SURFACE('',#2733,2.8);
#71=CYLINDRICAL_SURFACE('',#2737,1.39999914949876);
#72=CYLINDRICAL_SURFACE('',#2745,1.59999293051541);
#73=CYLINDRICAL_SURFACE('',#2746,1.60000029422925);
#74=CYLINDRICAL_SURFACE('',#2747,1.39999904974436);
#75=CYLINDRICAL_SURFACE('',#2748,1.39999971014652);
#76=CYLINDRICAL_SURFACE('',#2749,1.40000002825555);
#77=CYLINDRICAL_SURFACE('',#2750,1.40000022640709);
#78=CYLINDRICAL_SURFACE('',#2751,1.4000003924918);
#79=CYLINDRICAL_SURFACE('',#2752,1.60000030099938);
#80=CYLINDRICAL_SURFACE('',#2765,1.40000018201691);
#81=CYLINDRICAL_SURFACE('',#2770,1.40000012788598);
#82=CYLINDRICAL_SURFACE('',#2772,1.39999966830442);
#83=CYLINDRICAL_SURFACE('',#2774,1.39999973007778);
#84=CYLINDRICAL_SURFACE('',#2785,5.13383621570302);
#85=CYLINDRICAL_SURFACE('',#2786,1.39999946346325);
#86=CYLINDRICAL_SURFACE('',#2789,12.4999976158142);
#87=CYLINDRICAL_SURFACE('',#2793,2.15);
#88=CYLINDRICAL_SURFACE('',#2795,2.15);
#89=CYLINDRICAL_SURFACE('',#2797,2.15);
#90=CYLINDRICAL_SURFACE('',#2799,2.15);
#91=CYLINDRICAL_SURFACE('',#2801,4.75);
#92=CYLINDRICAL_SURFACE('',#2806,4.75);
#93=CYLINDRICAL_SURFACE('',#2811,4.75);
#94=CYLINDRICAL_SURFACE('',#2816,4.75);
#95=ELLIPSE('',#2588,13.4629094723523,12.4999976158129);
#96=ELLIPSE('',#2589,5.11590657527602,4.75000000000002);
#97=ELLIPSE('',#2590,5.11590657527602,4.75000000000002);
#98=ELLIPSE('',#2598,13.4629098772738,12.4999976154037);
#99=ELLIPSE('',#2663,1.56524805710347,1.40000039249178);
#100=ELLIPSE('',#2740,1.56524805710347,1.40000039249178);
#101=ELLIPSE('',#2755,13.4629094723532,12.4999976158136);
#102=ELLIPSE('',#2757,5.11590657527602,4.75000000000002);
#103=ELLIPSE('',#2758,5.11590657527602,4.75000000000002);
#104=ELLIPSE('',#2790,13.4629098772738,12.4999976154037);
#105=FACE_BOUND('',#440,.T.);
#106=FACE_BOUND('',#441,.T.);
#107=FACE_BOUND('',#443,.T.);
#108=FACE_BOUND('',#444,.T.);
#109=FACE_BOUND('',#445,.T.);
#110=FACE_BOUND('',#452,.T.);
#111=FACE_BOUND('',#455,.T.);
#112=FACE_BOUND('',#456,.T.);
#113=FACE_BOUND('',#457,.T.);
#114=FACE_BOUND('',#458,.T.);
#115=FACE_BOUND('',#460,.T.);
#116=FACE_BOUND('',#463,.T.);
#117=FACE_BOUND('',#465,.T.);
#118=FACE_BOUND('',#466,.T.);
#119=FACE_BOUND('',#467,.T.);
#120=FACE_BOUND('',#473,.T.);
#121=FACE_BOUND('',#474,.T.);
#122=FACE_BOUND('',#475,.T.);
#123=FACE_BOUND('',#476,.T.);
#124=FACE_BOUND('',#477,.T.);
#125=FACE_BOUND('',#478,.T.);
#126=FACE_BOUND('',#479,.T.);
#127=FACE_BOUND('',#480,.T.);
#128=FACE_BOUND('',#481,.T.);
#129=FACE_BOUND('',#482,.T.);
#130=FACE_BOUND('',#483,.T.);
#131=FACE_BOUND('',#484,.T.);
#132=FACE_BOUND('',#485,.T.);
#133=FACE_BOUND('',#486,.T.);
#134=FACE_BOUND('',#487,.T.);
#135=FACE_BOUND('',#488,.T.);
#136=FACE_BOUND('',#489,.T.);
#137=FACE_BOUND('',#490,.T.);
#138=FACE_BOUND('',#491,.T.);
#139=FACE_BOUND('',#492,.T.);
#140=FACE_BOUND('',#493,.T.);
#141=FACE_BOUND('',#494,.T.);
#142=FACE_BOUND('',#495,.T.);
#143=FACE_BOUND('',#496,.T.);
#144=FACE_BOUND('',#497,.T.);
#145=FACE_BOUND('',#498,.T.);
#146=FACE_BOUND('',#499,.T.);
#147=FACE_BOUND('',#500,.T.);
#148=FACE_BOUND('',#522,.T.);
#149=FACE_BOUND('',#523,.T.);
#150=FACE_BOUND('',#524,.T.);
#151=FACE_BOUND('',#525,.T.);
#152=FACE_BOUND('',#526,.T.);
#153=FACE_BOUND('',#527,.T.);
#154=FACE_BOUND('',#528,.T.);
#155=FACE_BOUND('',#529,.T.);
#156=FACE_BOUND('',#530,.T.);
#157=FACE_BOUND('',#531,.T.);
#158=FACE_BOUND('',#532,.T.);
#159=FACE_BOUND('',#533,.T.);
#160=FACE_BOUND('',#534,.T.);
#161=FACE_BOUND('',#535,.T.);
#162=FACE_BOUND('',#536,.T.);
#163=FACE_BOUND('',#537,.T.);
#164=FACE_BOUND('',#538,.T.);
#165=FACE_BOUND('',#539,.T.);
#166=FACE_BOUND('',#540,.T.);
#167=FACE_BOUND('',#541,.T.);
#168=FACE_BOUND('',#542,.T.);
#169=FACE_BOUND('',#543,.T.);
#170=FACE_BOUND('',#544,.T.);
#171=FACE_BOUND('',#553,.T.);
#172=FACE_BOUND('',#558,.T.);
#173=FACE_BOUND('',#561,.T.);
#174=FACE_BOUND('',#562,.T.);
#175=FACE_BOUND('',#564,.T.);
#176=FACE_BOUND('',#569,.T.);
#177=FACE_BOUND('',#571,.T.);
#178=FACE_BOUND('',#585,.T.);
#179=FACE_BOUND('',#588,.T.);
#180=FACE_BOUND('',#601,.T.);
#181=FACE_BOUND('',#602,.T.);
#182=FACE_BOUND('',#603,.T.);
#183=FACE_BOUND('',#608,.T.);
#184=FACE_BOUND('',#614,.T.);
#185=FACE_BOUND('',#615,.T.);
#186=FACE_BOUND('',#616,.T.);
#187=FACE_BOUND('',#618,.T.);
#188=FACE_BOUND('',#619,.T.);
#189=FACE_BOUND('',#620,.T.);
#190=FACE_BOUND('',#621,.T.);
#191=FACE_BOUND('',#623,.T.);
#192=FACE_BOUND('',#624,.T.);
#193=FACE_BOUND('',#634,.T.);
#194=FACE_BOUND('',#641,.T.);
#195=FACE_BOUND('',#644,.T.);
#196=FACE_BOUND('',#647,.T.);
#197=FACE_BOUND('',#650,.T.);
#198=CIRCLE('',#2585,2.15);
#199=CIRCLE('',#2586,2.15);
#200=CIRCLE('',#2591,1.39999946346325);
#201=CIRCLE('',#2593,1.39999946346326);
#202=CIRCLE('',#2602,3.39999932521911);
#203=CIRCLE('',#2603,1.40000018201691);
#204=CIRCLE('',#2604,1.39999973007778);
#205=CIRCLE('',#2605,3.4000000807392);
#206=CIRCLE('',#2607,1.40000018201691);
#207=CIRCLE('',#2610,1.39999914949884);
#208=CIRCLE('',#2612,1.39999973007778);
#209=CIRCLE('',#2613,1.39999966830442);
#210=CIRCLE('',#2614,1.40000012788598);
#211=CIRCLE('',#2617,1.39999966830443);
#212=CIRCLE('',#2619,1.40000012788599);
#213=CIRCLE('',#2622,5.13383621570302);
#214=CIRCLE('',#2623,5.13383621570302);
#215=CIRCLE('',#2624,1.59999293051541);
#216=CIRCLE('',#2625,1.60000029422925);
#217=CIRCLE('',#2626,1.39999904974543);
#218=CIRCLE('',#2627,1.39999971014678);
#219=CIRCLE('',#2628,1.40000002825555);
#220=CIRCLE('',#2629,1.40000022640709);
#221=CIRCLE('',#2630,1.4000003924918);
#222=CIRCLE('',#2631,1.60000030099938);
#223=CIRCLE('',#2632,4.65000000000001);
#224=CIRCLE('',#2633,4.65000000000001);
#225=CIRCLE('',#2634,1.40000014971803);
#226=CIRCLE('',#2635,1.40000014971803);
#227=CIRCLE('',#2636,1.39999986042358);
#228=CIRCLE('',#2637,1.39999986042358);
#229=CIRCLE('',#2638,4.64999999999993);
#230=CIRCLE('',#2639,4.64999999999993);
#231=CIRCLE('',#2640,4.64999999999993);
#232=CIRCLE('',#2641,4.64999999999993);
#233=CIRCLE('',#2642,1.60000030099938);
#234=CIRCLE('',#2643,1.4000003924918);
#235=CIRCLE('',#2644,1.40000022640709);
#236=CIRCLE('',#2645,1.40000002825555);
#237=CIRCLE('',#2646,1.39999971014678);
#238=CIRCLE('',#2647,1.39999904974543);
#239=CIRCLE('',#2648,1.60000029422925);
#240=CIRCLE('',#2649,1.59999293051541);
#241=CIRCLE('',#2653,1.60000029422925);
#242=CIRCLE('',#2655,1.39999904974543);
#243=CIRCLE('',#2657,1.39999971014678);
#244=CIRCLE('',#2659,1.40000002825555);
#245=CIRCLE('',#2661,1.40000022640709);
#246=CIRCLE('',#2665,1.60000030099938);
#247=CIRCLE('',#2667,1.59999293051541);
#248=CIRCLE('',#2672,5.13383621570302);
#249=CIRCLE('',#2674,1.40000014971803);
#250=CIRCLE('',#2676,1.40000014971803);
#251=CIRCLE('',#2678,2.15);
#252=CIRCLE('',#2679,2.15);
#253=CIRCLE('',#2682,2.15);
#254=CIRCLE('',#2683,2.15);
#255=CIRCLE('',#2686,5.13383621570302);
#256=CIRCLE('',#2687,1.39999986042358);
#257=CIRCLE('',#2688,1.59999293051541);
#258=CIRCLE('',#2689,1.40000022640709);
#259=CIRCLE('',#2690,1.40000002825555);
#260=CIRCLE('',#2691,1.39999971014678);
#261=CIRCLE('',#2692,1.39999904974543);
#262=CIRCLE('',#2693,1.60000029422925);
#263=CIRCLE('',#2694,1.60000030099938);
#264=CIRCLE('',#2695,1.39999986042358);
#265=CIRCLE('',#2696,2.15);
#266=CIRCLE('',#2697,2.15);
#267=CIRCLE('',#2701,2.15);
#268=CIRCLE('',#2704,2.15);
#269=CIRCLE('',#2709,1.3999991494989);
#270=CIRCLE('',#2715,2.15);
#271=CIRCLE('',#2716,2.15);
#272=CIRCLE('',#2721,1.39999914949884);
#273=CIRCLE('',#2726,2.15);
#274=CIRCLE('',#2729,2.15);
#275=CIRCLE('',#2732,2.8);
#276=CIRCLE('',#2734,2.8);
#277=CIRCLE('',#2738,1.3999991494989);
#278=CIRCLE('',#2756,1.39999946346325);
#279=CIRCLE('',#2760,1.40000012772708);
#280=CIRCLE('',#2761,3.4000000807392);
#281=CIRCLE('',#2763,1.39999966830443);
#282=CIRCLE('',#2764,3.39999932521911);
#283=CIRCLE('',#2766,1.40000018201691);
#284=CIRCLE('',#2767,1.40000018201691);
#285=CIRCLE('',#2771,1.40000012788598);
#286=CIRCLE('',#2773,1.39999966830442);
#287=CIRCLE('',#2775,1.39999973007778);
#288=CIRCLE('',#2776,1.39999973007778);
#289=CIRCLE('',#2780,2.15);
#290=CIRCLE('',#2781,2.15);
#291=CIRCLE('',#2787,1.39999946346326);
#292=CIRCLE('',#2794,2.15);
#293=CIRCLE('',#2796,2.15);
#294=CIRCLE('',#2798,2.15);
#295=CIRCLE('',#2800,2.15);
#296=CIRCLE('',#2802,4.75);
#297=CIRCLE('',#2803,4.75);
#298=CIRCLE('',#2805,2.25000000000003);
#299=CIRCLE('',#2807,4.75);
#300=CIRCLE('',#2808,4.75);
#301=CIRCLE('',#2810,2.25000000000003);
#302=CIRCLE('',#2812,4.75);
#303=CIRCLE('',#2813,4.75);
#304=CIRCLE('',#2815,2.24999999999995);
#305=CIRCLE('',#2817,4.75);
#306=CIRCLE('',#2818,4.75);
#307=CIRCLE('',#2820,2.24999999999995);
#308=FACE_OUTER_BOUND('',#435,.T.);
#309=FACE_OUTER_BOUND('',#436,.T.);
#310=FACE_OUTER_BOUND('',#437,.T.);
#311=FACE_OUTER_BOUND('',#438,.T.);
#312=FACE_OUTER_BOUND('',#439,.T.);
#313=FACE_OUTER_BOUND('',#442,.T.);
#314=FACE_OUTER_BOUND('',#446,.T.);
#315=FACE_OUTER_BOUND('',#447,.T.);
#316=FACE_OUTER_BOUND('',#448,.T.);
#317=FACE_OUTER_BOUND('',#449,.T.);
#318=FACE_OUTER_BOUND('',#450,.T.);
#319=FACE_OUTER_BOUND('',#451,.T.);
#320=FACE_OUTER_BOUND('',#453,.T.);
#321=FACE_OUTER_BOUND('',#454,.T.);
#322=FACE_OUTER_BOUND('',#459,.T.);
#323=FACE_OUTER_BOUND('',#461,.T.);
#324=FACE_OUTER_BOUND('',#462,.T.);
#325=FACE_OUTER_BOUND('',#464,.T.);
#326=FACE_OUTER_BOUND('',#468,.T.);
#327=FACE_OUTER_BOUND('',#469,.T.);
#328=FACE_OUTER_BOUND('',#470,.T.);
#329=FACE_OUTER_BOUND('',#471,.T.);
#330=FACE_OUTER_BOUND('',#472,.T.);
#331=FACE_OUTER_BOUND('',#501,.T.);
#332=FACE_OUTER_BOUND('',#502,.T.);
#333=FACE_OUTER_BOUND('',#503,.T.);
#334=FACE_OUTER_BOUND('',#504,.T.);
#335=FACE_OUTER_BOUND('',#505,.T.);
#336=FACE_OUTER_BOUND('',#506,.T.);
#337=FACE_OUTER_BOUND('',#507,.T.);
#338=FACE_OUTER_BOUND('',#508,.T.);
#339=FACE_OUTER_BOUND('',#509,.T.);
#340=FACE_OUTER_BOUND('',#510,.T.);
#341=FACE_OUTER_BOUND('',#511,.T.);
#342=FACE_OUTER_BOUND('',#512,.T.);
#343=FACE_OUTER_BOUND('',#513,.T.);
#344=FACE_OUTER_BOUND('',#514,.T.);
#345=FACE_OUTER_BOUND('',#515,.T.);
#346=FACE_OUTER_BOUND('',#516,.T.);
#347=FACE_OUTER_BOUND('',#517,.T.);
#348=FACE_OUTER_BOUND('',#518,.T.);
#349=FACE_OUTER_BOUND('',#519,.T.);
#350=FACE_OUTER_BOUND('',#520,.T.);
#351=FACE_OUTER_BOUND('',#521,.T.);
#352=FACE_OUTER_BOUND('',#545,.T.);
#353=FACE_OUTER_BOUND('',#546,.T.);
#354=FACE_OUTER_BOUND('',#547,.T.);
#355=FACE_OUTER_BOUND('',#548,.T.);
#356=FACE_OUTER_BOUND('',#549,.T.);
#357=FACE_OUTER_BOUND('',#550,.T.);
#358=FACE_OUTER_BOUND('',#551,.T.);
#359=FACE_OUTER_BOUND('',#552,.T.);
#360=FACE_OUTER_BOUND('',#554,.T.);
#361=FACE_OUTER_BOUND('',#555,.T.);
#362=FACE_OUTER_BOUND('',#556,.T.);
#363=FACE_OUTER_BOUND('',#557,.T.);
#364=FACE_OUTER_BOUND('',#559,.T.);
#365=FACE_OUTER_BOUND('',#560,.T.);
#366=FACE_OUTER_BOUND('',#563,.T.);
#367=FACE_OUTER_BOUND('',#565,.T.);
#368=FACE_OUTER_BOUND('',#566,.T.);
#369=FACE_OUTER_BOUND('',#567,.T.);
#370=FACE_OUTER_BOUND('',#568,.T.);
#371=FACE_OUTER_BOUND('',#570,.T.);
#372=FACE_OUTER_BOUND('',#572,.T.);
#373=FACE_OUTER_BOUND('',#573,.T.);
#374=FACE_OUTER_BOUND('',#574,.T.);
#375=FACE_OUTER_BOUND('',#575,.T.);
#376=FACE_OUTER_BOUND('',#576,.T.);
#377=FACE_OUTER_BOUND('',#577,.T.);
#378=FACE_OUTER_BOUND('',#578,.T.);
#379=FACE_OUTER_BOUND('',#579,.T.);
#380=FACE_OUTER_BOUND('',#580,.T.);
#381=FACE_OUTER_BOUND('',#581,.T.);
#382=FACE_OUTER_BOUND('',#582,.T.);
#383=FACE_OUTER_BOUND('',#583,.T.);
#384=FACE_OUTER_BOUND('',#584,.T.);
#385=FACE_OUTER_BOUND('',#586,.T.);
#386=FACE_OUTER_BOUND('',#587,.T.);
#387=FACE_OUTER_BOUND('',#589,.T.);
#388=FACE_OUTER_BOUND('',#590,.T.);
#389=FACE_OUTER_BOUND('',#591,.T.);
#390=FACE_OUTER_BOUND('',#592,.T.);
#391=FACE_OUTER_BOUND('',#593,.T.);
#392=FACE_OUTER_BOUND('',#594,.T.);
#393=FACE_OUTER_BOUND('',#595,.T.);
#394=FACE_OUTER_BOUND('',#596,.T.);
#395=FACE_OUTER_BOUND('',#597,.T.);
#396=FACE_OUTER_BOUND('',#598,.T.);
#397=FACE_OUTER_BOUND('',#599,.T.);
#398=FACE_OUTER_BOUND('',#600,.T.);
#399=FACE_OUTER_BOUND('',#604,.T.);
#400=FACE_OUTER_BOUND('',#605,.T.);
#401=FACE_OUTER_BOUND('',#606,.T.);
#402=FACE_OUTER_BOUND('',#607,.T.);
#403=FACE_OUTER_BOUND('',#609,.T.);
#404=FACE_OUTER_BOUND('',#610,.T.);
#405=FACE_OUTER_BOUND('',#611,.T.);
#406=FACE_OUTER_BOUND('',#612,.T.);
#407=FACE_OUTER_BOUND('',#613,.T.);
#408=FACE_OUTER_BOUND('',#617,.T.);
#409=FACE_OUTER_BOUND('',#622,.T.);
#410=FACE_OUTER_BOUND('',#625,.T.);
#411=FACE_OUTER_BOUND('',#626,.T.);
#412=FACE_OUTER_BOUND('',#627,.T.);
#413=FACE_OUTER_BOUND('',#628,.T.);
#414=FACE_OUTER_BOUND('',#629,.T.);
#415=FACE_OUTER_BOUND('',#630,.T.);
#416=FACE_OUTER_BOUND('',#631,.T.);
#417=FACE_OUTER_BOUND('',#632,.T.);
#418=FACE_OUTER_BOUND('',#633,.T.);
#419=FACE_OUTER_BOUND('',#635,.T.);
#420=FACE_OUTER_BOUND('',#636,.T.);
#421=FACE_OUTER_BOUND('',#637,.T.);
#422=FACE_OUTER_BOUND('',#638,.T.);
#423=FACE_OUTER_BOUND('',#639,.T.);
#424=FACE_OUTER_BOUND('',#640,.T.);
#425=FACE_OUTER_BOUND('',#642,.T.);
#426=FACE_OUTER_BOUND('',#643,.T.);
#427=FACE_OUTER_BOUND('',#645,.T.);
#428=FACE_OUTER_BOUND('',#646,.T.);
#429=FACE_OUTER_BOUND('',#648,.T.);
#430=FACE_OUTER_BOUND('',#649,.T.);
#431=FACE_OUTER_BOUND('',#651,.T.);
#432=FACE_OUTER_BOUND('',#652,.T.);
#433=FACE_OUTER_BOUND('',#653,.T.);
#434=FACE_OUTER_BOUND('',#654,.T.);
#435=EDGE_LOOP('',(#1679,#1680,#1681,#1682));
#436=EDGE_LOOP('',(#1683,#1684,#1685,#1686));
#437=EDGE_LOOP('',(#1687,#1688,#1689,#1690));
#438=EDGE_LOOP('',(#1691,#1692,#1693,#1694));
#439=EDGE_LOOP('',(#1695,#1696,#1697,#1698,#1699,#1700));
#440=EDGE_LOOP('',(#1701));
#441=EDGE_LOOP('',(#1702));
#442=EDGE_LOOP('',(#1703,#1704,#1705,#1706,#1707,#1708,#1709));
#443=EDGE_LOOP('',(#1710));
#444=EDGE_LOOP('',(#1711));
#445=EDGE_LOOP('',(#1712));
#446=EDGE_LOOP('',(#1713,#1714,#1715,#1716));
#447=EDGE_LOOP('',(#1717,#1718,#1719,#1720));
#448=EDGE_LOOP('',(#1721,#1722,#1723,#1724));
#449=EDGE_LOOP('',(#1725,#1726,#1727,#1728,#1729));
#450=EDGE_LOOP('',(#1730,#1731,#1732,#1733));
#451=EDGE_LOOP('',(#1734,#1735,#1736,#1737,#1738));
#452=EDGE_LOOP('',(#1739));
#453=EDGE_LOOP('',(#1740,#1741,#1742,#1743,#1744,#1745,#1746));
#454=EDGE_LOOP('',(#1747,#1748,#1749,#1750,#1751));
#455=EDGE_LOOP('',(#1752));
#456=EDGE_LOOP('',(#1753));
#457=EDGE_LOOP('',(#1754));
#458=EDGE_LOOP('',(#1755));
#459=EDGE_LOOP('',(#1756,#1757,#1758,#1759));
#460=EDGE_LOOP('',(#1760));
#461=EDGE_LOOP('',(#1761,#1762,#1763,#1764));
#462=EDGE_LOOP('',(#1765,#1766,#1767,#1768,#1769,#1770,#1771,#1772));
#463=EDGE_LOOP('',(#1773));
#464=EDGE_LOOP('',(#1774,#1775,#1776,#1777));
#465=EDGE_LOOP('',(#1778));
#466=EDGE_LOOP('',(#1779));
#467=EDGE_LOOP('',(#1780));
#468=EDGE_LOOP('',(#1781,#1782,#1783,#1784));
#469=EDGE_LOOP('',(#1785,#1786,#1787,#1788));
#470=EDGE_LOOP('',(#1789,#1790,#1791,#1792));
#471=EDGE_LOOP('',(#1793,#1794,#1795,#1796));
#472=EDGE_LOOP('',(#1797,#1798,#1799,#1800,#1801,#1802,#1803,#1804,#1805,
#1806,#1807,#1808,#1809,#1810,#1811,#1812,#1813,#1814,#1815,#1816,#1817,
#1818,#1819,#1820,#1821,#1822,#1823,#1824));
#473=EDGE_LOOP('',(#1825,#1826,#1827,#1828));
#474=EDGE_LOOP('',(#1829));
#475=EDGE_LOOP('',(#1830));
#476=EDGE_LOOP('',(#1831));
#477=EDGE_LOOP('',(#1832));
#478=EDGE_LOOP('',(#1833));
#479=EDGE_LOOP('',(#1834));
#480=EDGE_LOOP('',(#1835));
#481=EDGE_LOOP('',(#1836));
#482=EDGE_LOOP('',(#1837,#1838,#1839,#1840));
#483=EDGE_LOOP('',(#1841));
#484=EDGE_LOOP('',(#1842));
#485=EDGE_LOOP('',(#1843));
#486=EDGE_LOOP('',(#1844));
#487=EDGE_LOOP('',(#1845));
#488=EDGE_LOOP('',(#1846));
#489=EDGE_LOOP('',(#1847));
#490=EDGE_LOOP('',(#1848));
#491=EDGE_LOOP('',(#1849));
#492=EDGE_LOOP('',(#1850));
#493=EDGE_LOOP('',(#1851));
#494=EDGE_LOOP('',(#1852));
#495=EDGE_LOOP('',(#1853));
#496=EDGE_LOOP('',(#1854));
#497=EDGE_LOOP('',(#1855));
#498=EDGE_LOOP('',(#1856));
#499=EDGE_LOOP('',(#1857));
#500=EDGE_LOOP('',(#1858));
#501=EDGE_LOOP('',(#1859,#1860,#1861,#1862));
#502=EDGE_LOOP('',(#1863,#1864,#1865,#1866));
#503=EDGE_LOOP('',(#1867,#1868,#1869,#1870));
#504=EDGE_LOOP('',(#1871,#1872,#1873,#1874));
#505=EDGE_LOOP('',(#1875,#1876,#1877,#1878));
#506=EDGE_LOOP('',(#1879,#1880,#1881,#1882));
#507=EDGE_LOOP('',(#1883,#1884,#1885,#1886));
#508=EDGE_LOOP('',(#1887,#1888,#1889,#1890));
#509=EDGE_LOOP('',(#1891,#1892,#1893,#1894));
#510=EDGE_LOOP('',(#1895,#1896,#1897,#1898));
#511=EDGE_LOOP('',(#1899,#1900,#1901,#1902));
#512=EDGE_LOOP('',(#1903,#1904,#1905,#1906));
#513=EDGE_LOOP('',(#1907,#1908,#1909,#1910));
#514=EDGE_LOOP('',(#1911,#1912,#1913,#1914));
#515=EDGE_LOOP('',(#1915,#1916,#1917,#1918));
#516=EDGE_LOOP('',(#1919,#1920,#1921,#1922));
#517=EDGE_LOOP('',(#1923,#1924,#1925,#1926));
#518=EDGE_LOOP('',(#1927,#1928,#1929,#1930));
#519=EDGE_LOOP('',(#1931,#1932,#1933,#1934));
#520=EDGE_LOOP('',(#1935,#1936,#1937,#1938));
#521=EDGE_LOOP('',(#1939,#1940,#1941,#1942,#1943,#1944,#1945,#1946,#1947,
#1948,#1949,#1950,#1951,#1952,#1953,#1954,#1955,#1956,#1957,#1958,#1959,
#1960,#1961,#1962,#1963,#1964,#1965,#1966));
#522=EDGE_LOOP('',(#1967,#1968,#1969,#1970));
#523=EDGE_LOOP('',(#1971));
#524=EDGE_LOOP('',(#1972));
#525=EDGE_LOOP('',(#1973));
#526=EDGE_LOOP('',(#1974));
#527=EDGE_LOOP('',(#1975));
#528=EDGE_LOOP('',(#1976));
#529=EDGE_LOOP('',(#1977));
#530=EDGE_LOOP('',(#1978));
#531=EDGE_LOOP('',(#1979));
#532=EDGE_LOOP('',(#1980));
#533=EDGE_LOOP('',(#1981));
#534=EDGE_LOOP('',(#1982));
#535=EDGE_LOOP('',(#1983));
#536=EDGE_LOOP('',(#1984));
#537=EDGE_LOOP('',(#1985));
#538=EDGE_LOOP('',(#1986));
#539=EDGE_LOOP('',(#1987));
#540=EDGE_LOOP('',(#1988));
#541=EDGE_LOOP('',(#1989));
#542=EDGE_LOOP('',(#1990));
#543=EDGE_LOOP('',(#1991));
#544=EDGE_LOOP('',(#1992));
#545=EDGE_LOOP('',(#1993,#1994,#1995,#1996));
#546=EDGE_LOOP('',(#1997,#1998,#1999,#2000));
#547=EDGE_LOOP('',(#2001,#2002,#2003,#2004));
#548=EDGE_LOOP('',(#2005,#2006,#2007,#2008));
#549=EDGE_LOOP('',(#2009,#2010,#2011,#2012));
#550=EDGE_LOOP('',(#2013,#2014,#2015,#2016));
#551=EDGE_LOOP('',(#2017,#2018,#2019,#2020,#2021,#2022));
#552=EDGE_LOOP('',(#2023,#2024,#2025,#2026,#2027));
#553=EDGE_LOOP('',(#2028));
#554=EDGE_LOOP('',(#2029,#2030,#2031,#2032));
#555=EDGE_LOOP('',(#2033,#2034,#2035,#2036,#2037,#2038,#2039,#2040));
#556=EDGE_LOOP('',(#2041,#2042,#2043,#2044));
#557=EDGE_LOOP('',(#2045,#2046,#2047,#2048));
#558=EDGE_LOOP('',(#2049));
#559=EDGE_LOOP('',(#2050,#2051,#2052,#2053));
#560=EDGE_LOOP('',(#2054,#2055,#2056,#2057,#2058,#2059,#2060,#2061));
#561=EDGE_LOOP('',(#2062));
#562=EDGE_LOOP('',(#2063));
#563=EDGE_LOOP('',(#2064,#2065,#2066,#2067));
#564=EDGE_LOOP('',(#2068));
#565=EDGE_LOOP('',(#2069,#2070,#2071,#2072,#2073));
#566=EDGE_LOOP('',(#2074,#2075,#2076,#2077));
#567=EDGE_LOOP('',(#2078,#2079,#2080,#2081));
#568=EDGE_LOOP('',(#2082,#2083,#2084,#2085,#2086,#2087,#2088,#2089));
#569=EDGE_LOOP('',(#2090));
#570=EDGE_LOOP('',(#2091,#2092,#2093,#2094));
#571=EDGE_LOOP('',(#2095));
#572=EDGE_LOOP('',(#2096,#2097,#2098,#2099,#2100));
#573=EDGE_LOOP('',(#2101,#2102,#2103,#2104,#2105,#2106,#2107,#2108));
#574=EDGE_LOOP('',(#2109,#2110,#2111,#2112,#2113,#2114,#2115));
#575=EDGE_LOOP('',(#2116,#2117,#2118,#2119));
#576=EDGE_LOOP('',(#2120,#2121,#2122,#2123));
#577=EDGE_LOOP('',(#2124,#2125,#2126,#2127));
#578=EDGE_LOOP('',(#2128,#2129,#2130,#2131));
#579=EDGE_LOOP('',(#2132,#2133,#2134,#2135,#2136));
#580=EDGE_LOOP('',(#2137,#2138,#2139,#2140,#2141));
#581=EDGE_LOOP('',(#2142));
#582=EDGE_LOOP('',(#2143));
#583=EDGE_LOOP('',(#2144,#2145,#2146,#2147));
#584=EDGE_LOOP('',(#2148,#2149,#2150,#2151,#2152));
#585=EDGE_LOOP('',(#2153));
#586=EDGE_LOOP('',(#2154,#2155,#2156,#2157,#2158,#2159));
#587=EDGE_LOOP('',(#2160,#2161,#2162,#2163));
#588=EDGE_LOOP('',(#2164));
#589=EDGE_LOOP('',(#2165,#2166,#2167,#2168));
#590=EDGE_LOOP('',(#2169,#2170,#2171,#2172));
#591=EDGE_LOOP('',(#2173,#2174,#2175,#2176));
#592=EDGE_LOOP('',(#2177,#2178,#2179,#2180));
#593=EDGE_LOOP('',(#2181,#2182,#2183,#2184));
#594=EDGE_LOOP('',(#2185,#2186,#2187,#2188));
#595=EDGE_LOOP('',(#2189,#2190,#2191,#2192));
#596=EDGE_LOOP('',(#2193,#2194,#2195,#2196));
#597=EDGE_LOOP('',(#2197,#2198,#2199,#2200));
#598=EDGE_LOOP('',(#2201,#2202,#2203,#2204));
#599=EDGE_LOOP('',(#2205,#2206,#2207,#2208));
#600=EDGE_LOOP('',(#2209,#2210,#2211,#2212,#2213,#2214,#2215));
#601=EDGE_LOOP('',(#2216));
#602=EDGE_LOOP('',(#2217));
#603=EDGE_LOOP('',(#2218));
#604=EDGE_LOOP('',(#2219,#2220,#2221,#2222));
#605=EDGE_LOOP('',(#2223,#2224,#2225,#2226));
#606=EDGE_LOOP('',(#2227,#2228,#2229,#2230));
#607=EDGE_LOOP('',(#2231,#2232,#2233,#2234));
#608=EDGE_LOOP('',(#2235));
#609=EDGE_LOOP('',(#2236,#2237,#2238,#2239));
#610=EDGE_LOOP('',(#2240,#2241,#2242,#2243));
#611=EDGE_LOOP('',(#2244,#2245,#2246,#2247));
#612=EDGE_LOOP('',(#2248,#2249,#2250,#2251));
#613=EDGE_LOOP('',(#2252,#2253,#2254,#2255));
#614=EDGE_LOOP('',(#2256));
#615=EDGE_LOOP('',(#2257));
#616=EDGE_LOOP('',(#2258));
#617=EDGE_LOOP('',(#2259,#2260,#2261,#2262,#2263));
#618=EDGE_LOOP('',(#2264));
#619=EDGE_LOOP('',(#2265));
#620=EDGE_LOOP('',(#2266));
#621=EDGE_LOOP('',(#2267));
#622=EDGE_LOOP('',(#2268,#2269,#2270,#2271,#2272,#2273));
#623=EDGE_LOOP('',(#2274));
#624=EDGE_LOOP('',(#2275));
#625=EDGE_LOOP('',(#2276,#2277,#2278,#2279));
#626=EDGE_LOOP('',(#2280,#2281,#2282,#2283));
#627=EDGE_LOOP('',(#2284,#2285,#2286,#2287));
#628=EDGE_LOOP('',(#2288,#2289,#2290,#2291));
#629=EDGE_LOOP('',(#2292,#2293,#2294,#2295));
#630=EDGE_LOOP('',(#2296,#2297,#2298,#2299));
#631=EDGE_LOOP('',(#2300,#2301,#2302,#2303));
#632=EDGE_LOOP('',(#2304,#2305,#2306,#2307,#2308));
#633=EDGE_LOOP('',(#2309,#2310,#2311,#2312,#2313));
#634=EDGE_LOOP('',(#2314));
#635=EDGE_LOOP('',(#2315,#2316,#2317,#2318));
#636=EDGE_LOOP('',(#2319,#2320,#2321,#2322));
#637=EDGE_LOOP('',(#2323,#2324,#2325,#2326));
#638=EDGE_LOOP('',(#2327,#2328,#2329,#2330));
#639=EDGE_LOOP('',(#2331,#2332,#2333,#2334,#2335));
#640=EDGE_LOOP('',(#2336));
#641=EDGE_LOOP('',(#2337));
#642=EDGE_LOOP('',(#2338,#2339,#2340,#2341,#2342));
#643=EDGE_LOOP('',(#2343));
#644=EDGE_LOOP('',(#2344));
#645=EDGE_LOOP('',(#2345,#2346,#2347,#2348,#2349));
#646=EDGE_LOOP('',(#2350));
#647=EDGE_LOOP('',(#2351));
#648=EDGE_LOOP('',(#2352,#2353,#2354,#2355,#2356));
#649=EDGE_LOOP('',(#2357));
#650=EDGE_LOOP('',(#2358));
#651=EDGE_LOOP('',(#2359,#2360,#2361,#2362,#2363));
#652=EDGE_LOOP('',(#2364,#2365,#2366,#2367,#2368));
#653=EDGE_LOOP('',(#2369,#2370,#2371,#2372,#2373));
#654=EDGE_LOOP('',(#2374,#2375,#2376,#2377,#2378));
#655=LINE('',#3549,#877);
#656=LINE('',#3551,#878);
#657=LINE('',#3553,#879);
#658=LINE('',#3554,#880);
#659=LINE('',#3558,#881);
#660=LINE('',#3560,#882);
#661=LINE('',#3562,#883);
#662=LINE('',#3563,#884);
#663=LINE('',#3567,#885);
#664=LINE('',#3569,#886);
#665=LINE('',#3571,#887);
#666=LINE('',#3572,#888);
#667=LINE('',#3576,#889);
#668=LINE('',#3578,#890);
#669=LINE('',#3580,#891);
#670=LINE('',#3581,#892);
#671=LINE('',#3585,#893);
#672=LINE('',#3587,#894);
#673=LINE('',#3589,#895);
#674=LINE('',#3591,#896);
#675=LINE('',#3593,#897);
#676=LINE('',#3594,#898);
#677=LINE('',#3602,#899);
#678=LINE('',#3604,#900);
#679=LINE('',#3606,#901);
#680=LINE('',#3608,#902);
#681=LINE('',#3610,#903);
#682=LINE('',#3612,#904);
#683=LINE('',#3622,#905);
#684=LINE('',#3626,#906);
#685=LINE('',#3628,#907);
#686=LINE('',#3629,#908);
#687=LINE('',#3631,#909);
#688=LINE('',#3632,#910);
#689=LINE('',#3635,#911);
#690=LINE('',#3636,#912);
#691=LINE('',#3640,#913);
#692=LINE('',#3644,#914);
#693=LINE('',#3646,#915);
#694=LINE('',#3648,#916);
#695=LINE('',#3650,#917);
#696=LINE('',#3652,#918);
#697=LINE('',#3654,#919);
#698=LINE('',#3655,#920);
#699=LINE('',#3658,#921);
#700=LINE('',#3659,#922);
#701=LINE('',#3660,#923);
#702=LINE('',#3670,#924);
#703=LINE('',#3671,#925);
#704=LINE('',#3675,#926);
#705=LINE('',#3678,#927);
#706=LINE('',#3680,#928);
#707=LINE('',#3682,#929);
#708=LINE('',#3684,#930);
#709=LINE('',#3686,#931);
#710=LINE('',#3688,#932);
#711=LINE('',#3689,#933);
#712=LINE('',#3695,#934);
#713=LINE('',#3696,#935);
#714=LINE('',#3697,#936);
#715=LINE('',#3705,#937);
#716=LINE('',#3709,#938);
#717=LINE('',#3713,#939);
#718=LINE('',#3716,#940);
#719=LINE('',#3718,#941);
#720=LINE('',#3719,#942);
#721=LINE('',#3722,#943);
#722=LINE('',#3726,#944);
#723=LINE('',#3728,#945);
#724=LINE('',#3729,#946);
#725=LINE('',#3731,#947);
#726=LINE('',#3733,#948);
#727=LINE('',#3735,#949);
#728=LINE('',#3737,#950);
#729=LINE('',#3739,#951);
#730=LINE('',#3741,#952);
#731=LINE('',#3743,#953);
#732=LINE('',#3745,#954);
#733=LINE('',#3747,#955);
#734=LINE('',#3749,#956);
#735=LINE('',#3751,#957);
#736=LINE('',#3753,#958);
#737=LINE('',#3755,#959);
#738=LINE('',#3758,#960);
#739=LINE('',#3759,#961);
#740=LINE('',#3777,#962);
#741=LINE('',#3778,#963);
#742=LINE('',#3816,#964);
#743=LINE('',#3818,#965);
#744=LINE('',#3822,#966);
#745=LINE('',#3825,#967);
#746=LINE('',#3829,#968);
#747=LINE('',#3833,#969);
#748=LINE('',#3837,#970);
#749=LINE('',#3841,#971);
#750=LINE('',#3846,#972);
#751=LINE('',#3849,#973);
#752=LINE('',#3853,#974);
#753=LINE('',#3854,#975);
#754=LINE('',#3857,#976);
#755=LINE('',#3858,#977);
#756=LINE('',#3861,#978);
#757=LINE('',#3862,#979);
#758=LINE('',#3867,#980);
#759=LINE('',#3871,#981);
#760=LINE('',#3877,#982);
#761=LINE('',#3880,#983);
#762=LINE('',#3885,#984);
#763=LINE('',#3888,#985);
#764=LINE('',#3891,#986);
#765=LINE('',#3893,#987);
#766=LINE('',#3897,#988);
#767=LINE('',#3899,#989);
#768=LINE('',#3901,#990);
#769=LINE('',#3903,#991);
#770=LINE('',#3905,#992);
#771=LINE('',#3907,#993);
#772=LINE('',#3909,#994);
#773=LINE('',#3911,#995);
#774=LINE('',#3913,#996);
#775=LINE('',#3914,#997);
#776=LINE('',#3915,#998);
#777=LINE('',#3916,#999);
#778=LINE('',#3940,#1000);
#779=LINE('',#3942,#1001);
#780=LINE('',#3945,#1002);
#781=LINE('',#3948,#1003);
#782=LINE('',#3951,#1004);
#783=LINE('',#3954,#1005);
#784=LINE('',#3956,#1006);
#785=LINE('',#3958,#1007);
#786=LINE('',#3960,#1008);
#787=LINE('',#3961,#1009);
#788=LINE('',#3966,#1010);
#789=LINE('',#3969,#1011);
#790=LINE('',#3970,#1012);
#791=LINE('',#3972,#1013);
#792=LINE('',#3973,#1014);
#793=LINE('',#3976,#1015);
#794=LINE('',#3977,#1016);
#795=LINE('',#3979,#1017);
#796=LINE('',#3983,#1018);
#797=LINE('',#3985,#1019);
#798=LINE('',#3987,#1020);
#799=LINE('',#3989,#1021);
#800=LINE('',#3991,#1022);
#801=LINE('',#3992,#1023);
#802=LINE('',#3998,#1024);
#803=LINE('',#4515,#1025);
#804=LINE('',#4517,#1026);
#805=LINE('',#4520,#1027);
#806=LINE('',#4522,#1028);
#807=LINE('',#4523,#1029);
#808=LINE('',#4527,#1030);
#809=LINE('',#5045,#1031);
#810=LINE('',#5047,#1032);
#811=LINE('',#5049,#1033);
#812=LINE('',#5050,#1034);
#813=LINE('',#5053,#1035);
#814=LINE('',#5055,#1036);
#815=LINE('',#5057,#1037);
#816=LINE('',#5059,#1038);
#817=LINE('',#5060,#1039);
#818=LINE('',#5063,#1040);
#819=LINE('',#5066,#1041);
#820=LINE('',#5069,#1042);
#821=LINE('',#5072,#1043);
#822=LINE('',#5075,#1044);
#823=LINE('',#5079,#1045);
#824=LINE('',#5086,#1046);
#825=LINE('',#5088,#1047);
#826=LINE('',#5089,#1048);
#827=LINE('',#5094,#1049);
#828=LINE('',#5095,#1050);
#829=LINE('',#5098,#1051);
#830=LINE('',#5099,#1052);
#831=LINE('',#5101,#1053);
#832=LINE('',#5104,#1054);
#833=LINE('',#5106,#1055);
#834=LINE('',#5108,#1056);
#835=LINE('',#5110,#1057);
#836=LINE('',#5112,#1058);
#837=LINE('',#5114,#1059);
#838=LINE('',#5116,#1060);
#839=LINE('',#5118,#1061);
#840=LINE('',#5121,#1062);
#841=LINE('',#5123,#1063);
#842=LINE('',#5124,#1064);
#843=LINE('',#5127,#1065);
#844=LINE('',#5130,#1066);
#845=LINE('',#5131,#1067);
#846=LINE('',#5142,#1068);
#847=LINE('',#5148,#1069);
#848=LINE('',#5154,#1070);
#849=LINE('',#5158,#1071);
#850=LINE('',#5159,#1072);
#851=LINE('',#5162,#1073);
#852=LINE('',#5166,#1074);
#853=LINE('',#5172,#1075);
#854=LINE('',#5177,#1076);
#855=LINE('',#5179,#1077);
#856=LINE('',#5180,#1078);
#857=LINE('',#5186,#1079);
#858=LINE('',#5188,#1080);
#859=LINE('',#5190,#1081);
#860=LINE('',#5194,#1082);
#861=LINE('',#5198,#1083);
#862=LINE('',#5199,#1084);
#863=LINE('',#5203,#1085);
#864=LINE('',#5205,#1086);
#865=LINE('',#5209,#1087);
#866=LINE('',#5213,#1088);
#867=LINE('',#5218,#1089);
#868=LINE('',#5222,#1090);
#869=LINE('',#5225,#1091);
#870=LINE('',#5234,#1092);
#871=LINE('',#5243,#1093);
#872=LINE('',#5252,#1094);
#873=LINE('',#5260,#1095);
#874=LINE('',#5262,#1096);
#875=LINE('',#5264,#1097);
#876=LINE('',#5266,#1098);
#877=VECTOR('',#2832,1000.);
#878=VECTOR('',#2833,1000.);
#879=VECTOR('',#2834,1000.);
#880=VECTOR('',#2835,1000.);
#881=VECTOR('',#2838,1000.);
#882=VECTOR('',#2839,1000.);
#883=VECTOR('',#2840,1000.);
#884=VECTOR('',#2841,1000.);
#885=VECTOR('',#2844,1000.);
#886=VECTOR('',#2845,1000.);
#887=VECTOR('',#2846,1000.);
#888=VECTOR('',#2847,1000.);
#889=VECTOR('',#2850,1000.);
#890=VECTOR('',#2851,1000.);
#891=VECTOR('',#2852,1000.);
#892=VECTOR('',#2853,1000.);
#893=VECTOR('',#2856,1000.);
#894=VECTOR('',#2857,1000.);
#895=VECTOR('',#2858,1000.);
#896=VECTOR('',#2859,1000.);
#897=VECTOR('',#2860,1000.);
#898=VECTOR('',#2861,1000.);
#899=VECTOR('',#2868,1000.);
#900=VECTOR('',#2869,1000.);
#901=VECTOR('',#2870,1000.);
#902=VECTOR('',#2871,1000.);
#903=VECTOR('',#2872,1000.);
#904=VECTOR('',#2873,1000.);
#905=VECTOR('',#2884,1.39999946346325);
#906=VECTOR('',#2889,1000.);
#907=VECTOR('',#2890,1000.);
#908=VECTOR('',#2891,1000.);
#909=VECTOR('',#2894,1000.);
#910=VECTOR('',#2895,1000.);
#911=VECTOR('',#2898,1000.);
#912=VECTOR('',#2899,1000.);
#913=VECTOR('',#2906,1000.);
#914=VECTOR('',#2909,1000.);
#915=VECTOR('',#2910,1000.);
#916=VECTOR('',#2911,1000.);
#917=VECTOR('',#2912,1000.);
#918=VECTOR('',#2913,1000.);
#919=VECTOR('',#2914,1000.);
#920=VECTOR('',#2915,1000.);
#921=VECTOR('',#2918,1000.);
#922=VECTOR('',#2919,1000.);
#923=VECTOR('',#2920,1000.);
#924=VECTOR('',#2931,1000.);
#925=VECTOR('',#2932,1000.);
#926=VECTOR('',#2937,1.40000018201691);
#927=VECTOR('',#2940,1000.);
#928=VECTOR('',#2941,1000.);
#929=VECTOR('',#2942,1000.);
#930=VECTOR('',#2943,1000.);
#931=VECTOR('',#2944,1000.);
#932=VECTOR('',#2945,1000.);
#933=VECTOR('',#2946,1000.);
#934=VECTOR('',#2951,1000.);
#935=VECTOR('',#2952,1000.);
#936=VECTOR('',#2953,1000.);
#937=VECTOR('',#2962,1.39999973007778);
#938=VECTOR('',#2967,1.39999966830442);
#939=VECTOR('',#2972,1.40000012788598);
#940=VECTOR('',#2975,1000.);
#941=VECTOR('',#2976,1000.);
#942=VECTOR('',#2977,1000.);
#943=VECTOR('',#2980,1000.);
#944=VECTOR('',#2983,1000.);
#945=VECTOR('',#2984,1000.);
#946=VECTOR('',#2985,1000.);
#947=VECTOR('',#2986,1000.);
#948=VECTOR('',#2987,1000.);
#949=VECTOR('',#2988,1000.);
#950=VECTOR('',#2989,1000.);
#951=VECTOR('',#2990,1000.);
#952=VECTOR('',#2991,1000.);
#953=VECTOR('',#2992,1000.);
#954=VECTOR('',#2993,1000.);
#955=VECTOR('',#2994,1000.);
#956=VECTOR('',#2995,1000.);
#957=VECTOR('',#2996,1000.);
#958=VECTOR('',#2997,1000.);
#959=VECTOR('',#2998,1000.);
#960=VECTOR('',#3001,1000.);
#961=VECTOR('',#3002,1000.);
#962=VECTOR('',#3019,1000.);
#963=VECTOR('',#3020,1000.);
#964=VECTOR('',#3059,3.40001105084658);
#965=VECTOR('',#3062,3.40001055841192);
#966=VECTOR('',#3067,1.60000029422925);
#967=VECTOR('',#3070,1.39999904974436);
#968=VECTOR('',#3075,1.39999971014652);
#969=VECTOR('',#3080,1.40000002825555);
#970=VECTOR('',#3085,1.40000022640709);
#971=VECTOR('',#3090,1.4000003924918);
#972=VECTOR('',#3097,1.60000030099938);
#973=VECTOR('',#3100,1.59999293051541);
#974=VECTOR('',#3105,1000.);
#975=VECTOR('',#3106,1000.);
#976=VECTOR('',#3109,1000.);
#977=VECTOR('',#3110,1000.);
#978=VECTOR('',#3113,1000.);
#979=VECTOR('',#3114,1000.);
#980=VECTOR('',#3121,1.40000014971803);
#981=VECTOR('',#3126,1.40000014971803);
#982=VECTOR('',#3133,2.15);
#983=VECTOR('',#3138,2.15);
#984=VECTOR('',#3143,2.15);
#985=VECTOR('',#3148,2.15);
#986=VECTOR('',#3151,1000.);
#987=VECTOR('',#3152,1000.);
#988=VECTOR('',#3155,1000.);
#989=VECTOR('',#3156,1000.);
#990=VECTOR('',#3157,1000.);
#991=VECTOR('',#3158,1000.);
#992=VECTOR('',#3159,1000.);
#993=VECTOR('',#3160,1000.);
#994=VECTOR('',#3161,1000.);
#995=VECTOR('',#3162,1000.);
#996=VECTOR('',#3163,1000.);
#997=VECTOR('',#3164,1000.);
#998=VECTOR('',#3165,1000.);
#999=VECTOR('',#3166,1000.);
#1000=VECTOR('',#3191,1.39999986042358);
#1001=VECTOR('',#3194,1.39999986042358);
#1002=VECTOR('',#3197,2.15);
#1003=VECTOR('',#3202,2.15);
#1004=VECTOR('',#3205,2.15);
#1005=VECTOR('',#3210,2.15);
#1006=VECTOR('',#3213,1000.);
#1007=VECTOR('',#3214,1000.);
#1008=VECTOR('',#3215,1000.);
#1009=VECTOR('',#3216,1000.);
#1010=VECTOR('',#3223,1.39999914949876);
#1011=VECTOR('',#3226,1000.);
#1012=VECTOR('',#3227,1000.);
#1013=VECTOR('',#3228,1000.);
#1014=VECTOR('',#3229,1000.);
#1015=VECTOR('',#3232,1000.);
#1016=VECTOR('',#3233,1000.);
#1017=VECTOR('',#3236,1000.);
#1018=VECTOR('',#3241,1000.);
#1019=VECTOR('',#3242,1000.);
#1020=VECTOR('',#3243,1000.);
#1021=VECTOR('',#3244,1000.);
#1022=VECTOR('',#3245,1000.);
#1023=VECTOR('',#3246,1000.);
#1024=VECTOR('',#3253,1000.);
#1025=VECTOR('',#3256,1000.);
#1026=VECTOR('',#3259,1000.);
#1027=VECTOR('',#3262,1000.);
#1028=VECTOR('',#3263,1000.);
#1029=VECTOR('',#3264,1000.);
#1030=VECTOR('',#3269,1000.);
#1031=VECTOR('',#3272,1000.);
#1032=VECTOR('',#3273,1000.);
#1033=VECTOR('',#3274,1000.);
#1034=VECTOR('',#3275,1000.);
#1035=VECTOR('',#3278,1000.);
#1036=VECTOR('',#3279,1000.);
#1037=VECTOR('',#3280,999.999999999999);
#1038=VECTOR('',#3281,1000.);
#1039=VECTOR('',#3282,1000.);
#1040=VECTOR('',#3285,2.15);
#1041=VECTOR('',#3290,2.15);
#1042=VECTOR('',#3293,2.15);
#1043=VECTOR('',#3298,2.15);
#1044=VECTOR('',#3301,2.8);
#1045=VECTOR('',#3306,2.8);
#1046=VECTOR('',#3317,1.39999914949876);
#1047=VECTOR('',#3320,1000.);
#1048=VECTOR('',#3321,1000.);
#1049=VECTOR('',#3326,1000.);
#1050=VECTOR('',#3327,1000.);
#1051=VECTOR('',#3330,1000.);
#1052=VECTOR('',#3331,1000.);
#1053=VECTOR('',#3334,1000.);
#1054=VECTOR('',#3339,1.59999293051541);
#1055=VECTOR('',#3342,1.60000029422925);
#1056=VECTOR('',#3345,1.39999904974436);
#1057=VECTOR('',#3348,1.39999971014652);
#1058=VECTOR('',#3351,1.40000002825555);
#1059=VECTOR('',#3354,1.40000022640709);
#1060=VECTOR('',#3357,1.4000003924918);
#1061=VECTOR('',#3360,1.60000030099938);
#1062=VECTOR('',#3363,1000.);
#1063=VECTOR('',#3364,1000.);
#1064=VECTOR('',#3365,1000.);
#1065=VECTOR('',#3368,1000.);
#1066=VECTOR('',#3371,1000.);
#1067=VECTOR('',#3372,1000.);
#1068=VECTOR('',#3383,3.40001055841192);
#1069=VECTOR('',#3390,3.40001105084658);
#1070=VECTOR('',#3397,1.40000018201691);
#1071=VECTOR('',#3404,1000.);
#1072=VECTOR('',#3405,1000.);
#1073=VECTOR('',#3408,1.40000012788598);
#1074=VECTOR('',#3413,1.39999966830442);
#1075=VECTOR('',#3420,1.39999973007778);
#1076=VECTOR('',#3429,1000.);
#1077=VECTOR('',#3430,1000.);
#1078=VECTOR('',#3431,1000.);
#1079=VECTOR('',#3438,1000.);
#1080=VECTOR('',#3441,1000.);
#1081=VECTOR('',#3444,1000.);
#1082=VECTOR('',#3449,1.39999946346325);
#1083=VECTOR('',#3454,1000.);
#1084=VECTOR('',#3455,1000.);
#1085=VECTOR('',#3460,1000.);
#1086=VECTOR('',#3463,1000.);
#1087=VECTOR('',#3468,2.15);
#1088=VECTOR('',#3473,2.15);
#1089=VECTOR('',#3480,2.15);
#1090=VECTOR('',#3485,2.15);
#1091=VECTOR('',#3488,4.75);
#1092=VECTOR('',#3499,4.75);
#1093=VECTOR('',#3510,4.75);
#1094=VECTOR('',#3521,4.75);
#1095=VECTOR('',#3532,2.24999999999995);
#1096=VECTOR('',#3535,2.24999999999995);
#1097=VECTOR('',#3538,4.75);
#1098=VECTOR('',#3541,4.75);
#1099=VERTEX_POINT('',#3547);
#1100=VERTEX_POINT('',#3548);
#1101=VERTEX_POINT('',#3550);
#1102=VERTEX_POINT('',#3552);
#1103=VERTEX_POINT('',#3556);
#1104=VERTEX_POINT('',#3557);
#1105=VERTEX_POINT('',#3559);
#1106=VERTEX_POINT('',#3561);
#1107=VERTEX_POINT('',#3565);
#1108=VERTEX_POINT('',#3566);
#1109=VERTEX_POINT('',#3568);
#1110=VERTEX_POINT('',#3570);
#1111=VERTEX_POINT('',#3574);
#1112=VERTEX_POINT('',#3575);
#1113=VERTEX_POINT('',#3577);
#1114=VERTEX_POINT('',#3579);
#1115=VERTEX_POINT('',#3583);
#1116=VERTEX_POINT('',#3584);
#1117=VERTEX_POINT('',#3586);
#1118=VERTEX_POINT('',#3588);
#1119=VERTEX_POINT('',#3590);
#1120=VERTEX_POINT('',#3592);
#1121=VERTEX_POINT('',#3595);
#1122=VERTEX_POINT('',#3597);
#1123=VERTEX_POINT('',#3600);
#1124=VERTEX_POINT('',#3601);
#1125=VERTEX_POINT('',#3603);
#1126=VERTEX_POINT('',#3605);
#1127=VERTEX_POINT('',#3607);
#1128=VERTEX_POINT('',#3609);
#1129=VERTEX_POINT('',#3611);
#1130=VERTEX_POINT('',#3614);
#1131=VERTEX_POINT('',#3616);
#1132=VERTEX_POINT('',#3618);
#1133=VERTEX_POINT('',#3621);
#1134=VERTEX_POINT('',#3625);
#1135=VERTEX_POINT('',#3627);
#1136=VERTEX_POINT('',#3634);
#1137=VERTEX_POINT('',#3642);
#1138=VERTEX_POINT('',#3643);
#1139=VERTEX_POINT('',#3645);
#1140=VERTEX_POINT('',#3647);
#1141=VERTEX_POINT('',#3649);
#1142=VERTEX_POINT('',#3651);
#1143=VERTEX_POINT('',#3653);
#1144=VERTEX_POINT('',#3657);
#1145=VERTEX_POINT('',#3661);
#1146=VERTEX_POINT('',#3663);
#1147=VERTEX_POINT('',#3665);
#1148=VERTEX_POINT('',#3667);
#1149=VERTEX_POINT('',#3672);
#1150=VERTEX_POINT('',#3677);
#1151=VERTEX_POINT('',#3679);
#1152=VERTEX_POINT('',#3681);
#1153=VERTEX_POINT('',#3683);
#1154=VERTEX_POINT('',#3685);
#1155=VERTEX_POINT('',#3687);
#1156=VERTEX_POINT('',#3690);
#1157=VERTEX_POINT('',#3693);
#1158=VERTEX_POINT('',#3694);
#1159=VERTEX_POINT('',#3698);
#1160=VERTEX_POINT('',#3700);
#1161=VERTEX_POINT('',#3702);
#1162=VERTEX_POINT('',#3707);
#1163=VERTEX_POINT('',#3711);
#1164=VERTEX_POINT('',#3715);
#1165=VERTEX_POINT('',#3717);
#1166=VERTEX_POINT('',#3721);
#1167=VERTEX_POINT('',#3723);
#1168=VERTEX_POINT('',#3725);
#1169=VERTEX_POINT('',#3727);
#1170=VERTEX_POINT('',#3730);
#1171=VERTEX_POINT('',#3732);
#1172=VERTEX_POINT('',#3734);
#1173=VERTEX_POINT('',#3736);
#1174=VERTEX_POINT('',#3738);
#1175=VERTEX_POINT('',#3740);
#1176=VERTEX_POINT('',#3742);
#1177=VERTEX_POINT('',#3744);
#1178=VERTEX_POINT('',#3746);
#1179=VERTEX_POINT('',#3748);
#1180=VERTEX_POINT('',#3750);
#1181=VERTEX_POINT('',#3752);
#1182=VERTEX_POINT('',#3754);
#1183=VERTEX_POINT('',#3756);
#1184=VERTEX_POINT('',#3760);
#1185=VERTEX_POINT('',#3762);
#1186=VERTEX_POINT('',#3764);
#1187=VERTEX_POINT('',#3766);
#1188=VERTEX_POINT('',#3768);
#1189=VERTEX_POINT('',#3770);
#1190=VERTEX_POINT('',#3772);
#1191=VERTEX_POINT('',#3774);
#1192=VERTEX_POINT('',#3776);
#1193=VERTEX_POINT('',#3779);
#1194=VERTEX_POINT('',#3781);
#1195=VERTEX_POINT('',#3783);
#1196=VERTEX_POINT('',#3785);
#1197=VERTEX_POINT('',#3787);
#1198=VERTEX_POINT('',#3789);
#1199=VERTEX_POINT('',#3791);
#1200=VERTEX_POINT('',#3793);
#1201=VERTEX_POINT('',#3795);
#1202=VERTEX_POINT('',#3797);
#1203=VERTEX_POINT('',#3799);
#1204=VERTEX_POINT('',#3801);
#1205=VERTEX_POINT('',#3803);
#1206=VERTEX_POINT('',#3805);
#1207=VERTEX_POINT('',#3807);
#1208=VERTEX_POINT('',#3809);
#1209=VERTEX_POINT('',#3811);
#1210=VERTEX_POINT('',#3813);
#1211=VERTEX_POINT('',#3820);
#1212=VERTEX_POINT('',#3824);
#1213=VERTEX_POINT('',#3828);
#1214=VERTEX_POINT('',#3832);
#1215=VERTEX_POINT('',#3836);
#1216=VERTEX_POINT('',#3840);
#1217=VERTEX_POINT('',#3844);
#1218=VERTEX_POINT('',#3848);
#1219=VERTEX_POINT('',#3852);
#1220=VERTEX_POINT('',#3856);
#1221=VERTEX_POINT('',#3860);
#1222=VERTEX_POINT('',#3866);
#1223=VERTEX_POINT('',#3870);
#1224=VERTEX_POINT('',#3874);
#1225=VERTEX_POINT('',#3876);
#1226=VERTEX_POINT('',#3882);
#1227=VERTEX_POINT('',#3884);
#1228=VERTEX_POINT('',#3890);
#1229=VERTEX_POINT('',#3892);
#1230=VERTEX_POINT('',#3894);
#1231=VERTEX_POINT('',#3896);
#1232=VERTEX_POINT('',#3898);
#1233=VERTEX_POINT('',#3900);
#1234=VERTEX_POINT('',#3902);
#1235=VERTEX_POINT('',#3904);
#1236=VERTEX_POINT('',#3906);
#1237=VERTEX_POINT('',#3908);
#1238=VERTEX_POINT('',#3910);
#1239=VERTEX_POINT('',#3912);
#1240=VERTEX_POINT('',#3917);
#1241=VERTEX_POINT('',#3919);
#1242=VERTEX_POINT('',#3921);
#1243=VERTEX_POINT('',#3923);
#1244=VERTEX_POINT('',#3925);
#1245=VERTEX_POINT('',#3927);
#1246=VERTEX_POINT('',#3929);
#1247=VERTEX_POINT('',#3931);
#1248=VERTEX_POINT('',#3933);
#1249=VERTEX_POINT('',#3935);
#1250=VERTEX_POINT('',#3937);
#1251=VERTEX_POINT('',#3944);
#1252=VERTEX_POINT('',#3950);
#1253=VERTEX_POINT('',#3957);
#1254=VERTEX_POINT('',#3959);
#1255=VERTEX_POINT('',#3964);
#1256=VERTEX_POINT('',#3968);
#1257=VERTEX_POINT('',#3971);
#1258=VERTEX_POINT('',#3975);
#1259=VERTEX_POINT('',#3982);
#1260=VERTEX_POINT('',#3984);
#1261=VERTEX_POINT('',#3986);
#1262=VERTEX_POINT('',#3988);
#1263=VERTEX_POINT('',#3990);
#1264=VERTEX_POINT('',#3993);
#1265=VERTEX_POINT('',#3995);
#1266=VERTEX_POINT('',#3999);
#1267=VERTEX_POINT('',#4436);
#1268=VERTEX_POINT('',#4439);
#1269=VERTEX_POINT('',#4519);
#1270=VERTEX_POINT('',#4521);
#1271=VERTEX_POINT('',#4524);
#1272=VERTEX_POINT('',#4528);
#1273=VERTEX_POINT('',#4965);
#1274=VERTEX_POINT('',#4968);
#1275=VERTEX_POINT('',#5044);
#1276=VERTEX_POINT('',#5046);
#1277=VERTEX_POINT('',#5048);
#1278=VERTEX_POINT('',#5052);
#1279=VERTEX_POINT('',#5054);
#1280=VERTEX_POINT('',#5056);
#1281=VERTEX_POINT('',#5058);
#1282=VERTEX_POINT('',#5062);
#1283=VERTEX_POINT('',#5068);
#1284=VERTEX_POINT('',#5074);
#1285=VERTEX_POINT('',#5078);
#1286=VERTEX_POINT('',#5084);
#1287=VERTEX_POINT('',#5090);
#1288=VERTEX_POINT('',#5093);
#1289=VERTEX_POINT('',#5097);
#1290=VERTEX_POINT('',#5120);
#1291=VERTEX_POINT('',#5122);
#1292=VERTEX_POINT('',#5126);
#1293=VERTEX_POINT('',#5128);
#1294=VERTEX_POINT('',#5132);
#1295=VERTEX_POINT('',#5134);
#1296=VERTEX_POINT('',#5136);
#1297=VERTEX_POINT('',#5139);
#1298=VERTEX_POINT('',#5141);
#1299=VERTEX_POINT('',#5145);
#1300=VERTEX_POINT('',#5147);
#1301=VERTEX_POINT('',#5151);
#1302=VERTEX_POINT('',#5153);
#1303=VERTEX_POINT('',#5161);
#1304=VERTEX_POINT('',#5165);
#1305=VERTEX_POINT('',#5169);
#1306=VERTEX_POINT('',#5171);
#1307=VERTEX_POINT('',#5178);
#1308=VERTEX_POINT('',#5181);
#1309=VERTEX_POINT('',#5183);
#1310=VERTEX_POINT('',#5193);
#1311=VERTEX_POINT('',#5197);
#1312=VERTEX_POINT('',#5201);
#1313=VERTEX_POINT('',#5208);
#1314=VERTEX_POINT('',#5212);
#1315=VERTEX_POINT('',#5216);
#1316=VERTEX_POINT('',#5220);
#1317=VERTEX_POINT('',#5224);
#1318=VERTEX_POINT('',#5226);
#1319=VERTEX_POINT('',#5230);
#1320=VERTEX_POINT('',#5233);
#1321=VERTEX_POINT('',#5235);
#1322=VERTEX_POINT('',#5239);
#1323=VERTEX_POINT('',#5242);
#1324=VERTEX_POINT('',#5244);
#1325=VERTEX_POINT('',#5248);
#1326=VERTEX_POINT('',#5251);
#1327=VERTEX_POINT('',#5253);
#1328=VERTEX_POINT('',#5257);
#1329=EDGE_CURVE('',#1099,#1100,#655,.T.);
#1330=EDGE_CURVE('',#1101,#1099,#656,.T.);
#1331=EDGE_CURVE('',#1102,#1101,#657,.T.);
#1332=EDGE_CURVE('',#1102,#1100,#658,.T.);
#1333=EDGE_CURVE('',#1103,#1104,#659,.T.);
#1334=EDGE_CURVE('',#1105,#1104,#660,.T.);
#1335=EDGE_CURVE('',#1106,#1105,#661,.T.);
#1336=EDGE_CURVE('',#1106,#1103,#662,.T.);
#1337=EDGE_CURVE('',#1107,#1108,#663,.T.);
#1338=EDGE_CURVE('',#1108,#1109,#664,.T.);
#1339=EDGE_CURVE('',#1110,#1109,#665,.T.);
#1340=EDGE_CURVE('',#1107,#1110,#666,.T.);
#1341=EDGE_CURVE('',#1111,#1112,#667,.T.);
#1342=EDGE_CURVE('',#1112,#1113,#668,.T.);
#1343=EDGE_CURVE('',#1114,#1113,#669,.T.);
#1344=EDGE_CURVE('',#1111,#1114,#670,.T.);
#1345=EDGE_CURVE('',#1115,#1116,#671,.T.);
#1346=EDGE_CURVE('',#1115,#1117,#672,.T.);
#1347=EDGE_CURVE('',#1118,#1117,#673,.T.);
#1348=EDGE_CURVE('',#1119,#1118,#674,.T.);
#1349=EDGE_CURVE('',#1119,#1120,#675,.T.);
#1350=EDGE_CURVE('',#1120,#1116,#676,.T.);
#1351=EDGE_CURVE('',#1121,#1121,#198,.T.);
#1352=EDGE_CURVE('',#1122,#1122,#199,.T.);
#1353=EDGE_CURVE('',#1123,#1124,#677,.T.);
#1354=EDGE_CURVE('',#1125,#1124,#678,.T.);
#1355=EDGE_CURVE('',#1126,#1125,#679,.T.);
#1356=EDGE_CURVE('',#1127,#1126,#680,.T.);
#1357=EDGE_CURVE('',#1128,#1127,#681,.T.);
#1358=EDGE_CURVE('',#1129,#1128,#682,.T.);
#1359=EDGE_CURVE('',#1123,#1129,#95,.T.);
#1360=EDGE_CURVE('',#1130,#1130,#96,.T.);
#1361=EDGE_CURVE('',#1131,#1131,#97,.T.);
#1362=EDGE_CURVE('',#1132,#1132,#200,.T.);
#1363=EDGE_CURVE('',#1132,#1133,#683,.T.);
#1364=EDGE_CURVE('',#1133,#1133,#201,.T.);
#1365=EDGE_CURVE('',#1134,#1123,#684,.T.);
#1366=EDGE_CURVE('',#1135,#1134,#685,.T.);
#1367=EDGE_CURVE('',#1124,#1135,#686,.T.);
#1368=EDGE_CURVE('',#1127,#1119,#687,.T.);
#1369=EDGE_CURVE('',#1128,#1118,#688,.T.);
#1370=EDGE_CURVE('',#1117,#1136,#689,.T.);
#1371=EDGE_CURVE('',#1129,#1136,#690,.T.);
#1372=EDGE_CURVE('',#1136,#1134,#98,.T.);
#1373=EDGE_CURVE('',#1135,#1115,#691,.T.);
#1374=EDGE_CURVE('',#1137,#1138,#692,.T.);
#1375=EDGE_CURVE('',#1138,#1139,#693,.T.);
#1376=EDGE_CURVE('',#1140,#1139,#694,.T.);
#1377=EDGE_CURVE('',#1141,#1140,#695,.T.);
#1378=EDGE_CURVE('',#1142,#1141,#696,.T.);
#1379=EDGE_CURVE('',#1143,#1142,#697,.T.);
#1380=EDGE_CURVE('',#1143,#1137,#698,.T.);
#1381=EDGE_CURVE('',#1125,#1144,#699,.T.);
#1382=EDGE_CURVE('',#1140,#1144,#700,.T.);
#1383=EDGE_CURVE('',#1139,#1126,#701,.T.);
#1384=EDGE_CURVE('',#1145,#1145,#202,.T.);
#1385=EDGE_CURVE('',#1146,#1146,#203,.T.);
#1386=EDGE_CURVE('',#1147,#1147,#204,.T.);
#1387=EDGE_CURVE('',#1148,#1148,#205,.T.);
#1388=EDGE_CURVE('',#1106,#1113,#702,.T.);
#1389=EDGE_CURVE('',#1103,#1112,#703,.T.);
#1390=EDGE_CURVE('',#1149,#1149,#206,.T.);
#1391=EDGE_CURVE('',#1149,#1146,#704,.T.);
#1392=EDGE_CURVE('',#1110,#1150,#705,.T.);
#1393=EDGE_CURVE('',#1150,#1151,#706,.T.);
#1394=EDGE_CURVE('',#1151,#1152,#707,.T.);
#1395=EDGE_CURVE('',#1152,#1153,#708,.T.);
#1396=EDGE_CURVE('',#1154,#1153,#709,.T.);
#1397=EDGE_CURVE('',#1155,#1154,#710,.T.);
#1398=EDGE_CURVE('',#1155,#1107,#711,.T.);
#1399=EDGE_CURVE('',#1156,#1156,#207,.T.);
#1400=EDGE_CURVE('',#1157,#1158,#712,.T.);
#1401=EDGE_CURVE('',#1157,#1101,#713,.T.);
#1402=EDGE_CURVE('',#1158,#1099,#714,.T.);
#1403=EDGE_CURVE('',#1159,#1159,#208,.T.);
#1404=EDGE_CURVE('',#1160,#1160,#209,.T.);
#1405=EDGE_CURVE('',#1161,#1161,#210,.T.);
#1406=EDGE_CURVE('',#1159,#1147,#715,.T.);
#1407=EDGE_CURVE('',#1162,#1162,#211,.T.);
#1408=EDGE_CURVE('',#1162,#1160,#716,.T.);
#1409=EDGE_CURVE('',#1163,#1163,#212,.T.);
#1410=EDGE_CURVE('',#1163,#1161,#717,.T.);
#1411=EDGE_CURVE('',#1164,#1158,#718,.T.);
#1412=EDGE_CURVE('',#1165,#1164,#719,.T.);
#1413=EDGE_CURVE('',#1165,#1157,#720,.T.);
#1414=EDGE_CURVE('',#1166,#1102,#721,.T.);
#1415=EDGE_CURVE('',#1167,#1165,#213,.T.);
#1416=EDGE_CURVE('',#1168,#1167,#722,.T.);
#1417=EDGE_CURVE('',#1169,#1168,#723,.T.);
#1418=EDGE_CURVE('',#1120,#1169,#724,.T.);
#1419=EDGE_CURVE('',#1170,#1138,#725,.T.);
#1420=EDGE_CURVE('',#1171,#1170,#726,.T.);
#1421=EDGE_CURVE('',#1171,#1172,#727,.T.);
#1422=EDGE_CURVE('',#1172,#1173,#728,.T.);
#1423=EDGE_CURVE('',#1173,#1174,#729,.T.);
#1424=EDGE_CURVE('',#1174,#1175,#730,.T.);
#1425=EDGE_CURVE('',#1175,#1176,#731,.T.);
#1426=EDGE_CURVE('',#1177,#1176,#732,.T.);
#1427=EDGE_CURVE('',#1177,#1178,#733,.T.);
#1428=EDGE_CURVE('',#1178,#1179,#734,.T.);
#1429=EDGE_CURVE('',#1179,#1180,#735,.T.);
#1430=EDGE_CURVE('',#1180,#1181,#736,.T.);
#1431=EDGE_CURVE('',#1181,#1182,#737,.T.);
#1432=EDGE_CURVE('',#1182,#1183,#214,.T.);
#1433=EDGE_CURVE('',#1183,#1166,#738,.T.);
#1434=EDGE_CURVE('',#1105,#1114,#739,.T.);
#1435=EDGE_CURVE('',#1184,#1184,#215,.T.);
#1436=EDGE_CURVE('',#1185,#1185,#216,.T.);
#1437=EDGE_CURVE('',#1186,#1186,#217,.T.);
#1438=EDGE_CURVE('',#1187,#1187,#218,.T.);
#1439=EDGE_CURVE('',#1188,#1188,#219,.T.);
#1440=EDGE_CURVE('',#1189,#1189,#220,.T.);
#1441=EDGE_CURVE('',#1190,#1190,#221,.T.);
#1442=EDGE_CURVE('',#1191,#1191,#222,.T.);
#1443=EDGE_CURVE('',#1109,#1192,#740,.T.);
#1444=EDGE_CURVE('',#1192,#1150,#741,.T.);
#1445=EDGE_CURVE('',#1193,#1193,#223,.T.);
#1446=EDGE_CURVE('',#1194,#1194,#224,.T.);
#1447=EDGE_CURVE('',#1195,#1195,#225,.T.);
#1448=EDGE_CURVE('',#1196,#1196,#226,.T.);
#1449=EDGE_CURVE('',#1197,#1197,#227,.T.);
#1450=EDGE_CURVE('',#1198,#1198,#228,.T.);
#1451=EDGE_CURVE('',#1199,#1199,#229,.T.);
#1452=EDGE_CURVE('',#1200,#1200,#230,.T.);
#1453=EDGE_CURVE('',#1201,#1201,#231,.T.);
#1454=EDGE_CURVE('',#1202,#1202,#232,.T.);
#1455=EDGE_CURVE('',#1203,#1203,#233,.T.);
#1456=EDGE_CURVE('',#1204,#1204,#234,.T.);
#1457=EDGE_CURVE('',#1205,#1205,#235,.T.);
#1458=EDGE_CURVE('',#1206,#1206,#236,.T.);
#1459=EDGE_CURVE('',#1207,#1207,#237,.T.);
#1460=EDGE_CURVE('',#1208,#1208,#238,.T.);
#1461=EDGE_CURVE('',#1209,#1209,#239,.T.);
#1462=EDGE_CURVE('',#1210,#1210,#240,.T.);
#1463=EDGE_CURVE('',#1162,#1145,#742,.T.);
#1464=EDGE_CURVE('',#1163,#1148,#743,.T.);
#1465=EDGE_CURVE('',#1211,#1211,#241,.T.);
#1466=EDGE_CURVE('',#1211,#1185,#744,.T.);
#1467=EDGE_CURVE('',#1186,#1212,#745,.T.);
#1468=EDGE_CURVE('',#1212,#1212,#242,.T.);
#1469=EDGE_CURVE('',#1187,#1213,#746,.T.);
#1470=EDGE_CURVE('',#1213,#1213,#243,.T.);
#1471=EDGE_CURVE('',#1188,#1214,#747,.T.);
#1472=EDGE_CURVE('',#1214,#1214,#244,.T.);
#1473=EDGE_CURVE('',#1189,#1215,#748,.T.);
#1474=EDGE_CURVE('',#1215,#1215,#245,.T.);
#1475=EDGE_CURVE('',#1190,#1216,#749,.T.);
#1476=EDGE_CURVE('',#1216,#1216,#99,.T.);
#1477=EDGE_CURVE('',#1217,#1217,#246,.T.);
#1478=EDGE_CURVE('',#1217,#1191,#750,.T.);
#1479=EDGE_CURVE('',#1184,#1218,#751,.T.);
#1480=EDGE_CURVE('',#1218,#1218,#247,.T.);
#1481=EDGE_CURVE('',#1116,#1219,#752,.T.);
#1482=EDGE_CURVE('',#1169,#1219,#753,.T.);
#1483=EDGE_CURVE('',#1168,#1220,#754,.T.);
#1484=EDGE_CURVE('',#1219,#1220,#755,.T.);
#1485=EDGE_CURVE('',#1221,#1167,#756,.T.);
#1486=EDGE_CURVE('',#1220,#1221,#757,.T.);
#1487=EDGE_CURVE('',#1164,#1221,#248,.T.);
#1488=EDGE_CURVE('',#1196,#1222,#758,.T.);
#1489=EDGE_CURVE('',#1222,#1222,#249,.T.);
#1490=EDGE_CURVE('',#1195,#1223,#759,.T.);
#1491=EDGE_CURVE('',#1223,#1223,#250,.T.);
#1492=EDGE_CURVE('',#1224,#1224,#251,.T.);
#1493=EDGE_CURVE('',#1224,#1225,#760,.T.);
#1494=EDGE_CURVE('',#1225,#1225,#252,.T.);
#1495=EDGE_CURVE('',#1225,#1193,#761,.T.);
#1496=EDGE_CURVE('',#1226,#1226,#253,.T.);
#1497=EDGE_CURVE('',#1226,#1227,#762,.T.);
#1498=EDGE_CURVE('',#1227,#1227,#254,.T.);
#1499=EDGE_CURVE('',#1227,#1194,#763,.T.);
#1500=EDGE_CURVE('',#1228,#1100,#764,.T.);
#1501=EDGE_CURVE('',#1229,#1228,#765,.T.);
#1502=EDGE_CURVE('',#1229,#1230,#255,.T.);
#1503=EDGE_CURVE('',#1231,#1230,#766,.T.);
#1504=EDGE_CURVE('',#1232,#1231,#767,.T.);
#1505=EDGE_CURVE('',#1233,#1232,#768,.T.);
#1506=EDGE_CURVE('',#1234,#1233,#769,.T.);
#1507=EDGE_CURVE('',#1235,#1234,#770,.T.);
#1508=EDGE_CURVE('',#1236,#1235,#771,.T.);
#1509=EDGE_CURVE('',#1236,#1237,#772,.T.);
#1510=EDGE_CURVE('',#1237,#1238,#773,.T.);
#1511=EDGE_CURVE('',#1238,#1239,#774,.T.);
#1512=EDGE_CURVE('',#1108,#1239,#775,.T.);
#1513=EDGE_CURVE('',#1144,#1155,#776,.T.);
#1514=EDGE_CURVE('',#1104,#1111,#777,.T.);
#1515=EDGE_CURVE('',#1240,#1240,#256,.T.);
#1516=EDGE_CURVE('',#1241,#1241,#257,.T.);
#1517=EDGE_CURVE('',#1242,#1242,#258,.T.);
#1518=EDGE_CURVE('',#1243,#1243,#259,.T.);
#1519=EDGE_CURVE('',#1244,#1244,#260,.T.);
#1520=EDGE_CURVE('',#1245,#1245,#261,.T.);
#1521=EDGE_CURVE('',#1246,#1246,#262,.T.);
#1522=EDGE_CURVE('',#1247,#1247,#263,.T.);
#1523=EDGE_CURVE('',#1248,#1248,#264,.T.);
#1524=EDGE_CURVE('',#1249,#1249,#265,.T.);
#1525=EDGE_CURVE('',#1250,#1250,#266,.T.);
#1526=EDGE_CURVE('',#1197,#1240,#778,.T.);
#1527=EDGE_CURVE('',#1198,#1248,#779,.T.);
#1528=EDGE_CURVE('',#1249,#1251,#780,.T.);
#1529=EDGE_CURVE('',#1251,#1251,#267,.T.);
#1530=EDGE_CURVE('',#1251,#1199,#781,.T.);
#1531=EDGE_CURVE('',#1250,#1252,#782,.T.);
#1532=EDGE_CURVE('',#1252,#1252,#268,.T.);
#1533=EDGE_CURVE('',#1252,#1200,#783,.T.);
#1534=EDGE_CURVE('',#1141,#1154,#784,.T.);
#1535=EDGE_CURVE('',#1153,#1253,#785,.T.);
#1536=EDGE_CURVE('',#1253,#1254,#786,.T.);
#1537=EDGE_CURVE('',#1254,#1142,#787,.T.);
#1538=EDGE_CURVE('',#1255,#1255,#269,.T.);
#1539=EDGE_CURVE('',#1255,#1156,#788,.T.);
#1540=EDGE_CURVE('',#1152,#1256,#789,.T.);
#1541=EDGE_CURVE('',#1256,#1170,#790,.T.);
#1542=EDGE_CURVE('',#1257,#1137,#791,.T.);
#1543=EDGE_CURVE('',#1253,#1257,#792,.T.);
#1544=EDGE_CURVE('',#1257,#1258,#793,.T.);
#1545=EDGE_CURVE('',#1258,#1143,#794,.T.);
#1546=EDGE_CURVE('',#1254,#1258,#795,.T.);
#1547=EDGE_CURVE('',#1151,#1259,#796,.T.);
#1548=EDGE_CURVE('',#1260,#1259,#797,.T.);
#1549=EDGE_CURVE('',#1260,#1261,#798,.T.);
#1550=EDGE_CURVE('',#1261,#1262,#799,.T.);
#1551=EDGE_CURVE('',#1262,#1263,#800,.T.);
#1552=EDGE_CURVE('',#1256,#1263,#801,.T.);
#1553=EDGE_CURVE('',#1264,#1264,#270,.T.);
#1554=EDGE_CURVE('',#1265,#1265,#271,.T.);
#1555=EDGE_CURVE('',#1171,#1263,#802,.T.);
#1556=EDGE_CURVE('',#1266,#1266,#21,.T.);
#1557=EDGE_CURVE('',#1266,#1267,#22,.T.);
#1558=EDGE_CURVE('',#1268,#1267,#23,.T.);
#1559=EDGE_CURVE('',#1267,#1268,#24,.T.);
#1560=EDGE_CURVE('',#1192,#1259,#803,.T.);
#1561=EDGE_CURVE('',#1172,#1262,#804,.T.);
#1562=EDGE_CURVE('',#1239,#1269,#805,.T.);
#1563=EDGE_CURVE('',#1269,#1270,#806,.T.);
#1564=EDGE_CURVE('',#1260,#1270,#807,.T.);
#1565=EDGE_CURVE('',#1271,#1271,#272,.T.);
#1566=EDGE_CURVE('',#1261,#1173,#808,.T.);
#1567=EDGE_CURVE('',#1272,#1272,#25,.T.);
#1568=EDGE_CURVE('',#1272,#1273,#26,.T.);
#1569=EDGE_CURVE('',#1274,#1273,#27,.T.);
#1570=EDGE_CURVE('',#1273,#1274,#28,.T.);
#1571=EDGE_CURVE('',#1270,#1275,#809,.T.);
#1572=EDGE_CURVE('',#1275,#1276,#810,.T.);
#1573=EDGE_CURVE('',#1276,#1277,#811,.T.);
#1574=EDGE_CURVE('',#1277,#1174,#812,.T.);
#1575=EDGE_CURVE('',#1278,#1175,#813,.T.);
#1576=EDGE_CURVE('',#1279,#1277,#814,.T.);
#1577=EDGE_CURVE('',#1279,#1280,#815,.T.);
#1578=EDGE_CURVE('',#1280,#1281,#816,.T.);
#1579=EDGE_CURVE('',#1281,#1278,#817,.T.);
#1580=EDGE_CURVE('',#1264,#1282,#818,.T.);
#1581=EDGE_CURVE('',#1282,#1282,#273,.T.);
#1582=EDGE_CURVE('',#1282,#1201,#819,.T.);
#1583=EDGE_CURVE('',#1265,#1283,#820,.T.);
#1584=EDGE_CURVE('',#1283,#1283,#274,.T.);
#1585=EDGE_CURVE('',#1283,#1202,#821,.T.);
#1586=EDGE_CURVE('',#1268,#1284,#822,.T.);
#1587=EDGE_CURVE('',#1284,#1284,#275,.T.);
#1588=EDGE_CURVE('',#1274,#1285,#823,.T.);
#1589=EDGE_CURVE('',#1285,#1285,#276,.T.);
#1590=EDGE_CURVE('',#1286,#1286,#277,.T.);
#1591=EDGE_CURVE('',#1286,#1271,#824,.T.);
#1592=EDGE_CURVE('',#1278,#1238,#825,.T.);
#1593=EDGE_CURVE('',#1281,#1269,#826,.T.);
#1594=EDGE_CURVE('',#1287,#1287,#100,.T.);
#1595=EDGE_CURVE('',#1288,#1280,#827,.T.);
#1596=EDGE_CURVE('',#1275,#1288,#828,.T.);
#1597=EDGE_CURVE('',#1288,#1289,#829,.T.);
#1598=EDGE_CURVE('',#1276,#1289,#830,.T.);
#1599=EDGE_CURVE('',#1289,#1279,#831,.T.);
#1600=EDGE_CURVE('',#1210,#1241,#832,.T.);
#1601=EDGE_CURVE('',#1246,#1209,#833,.T.);
#1602=EDGE_CURVE('',#1208,#1245,#834,.T.);
#1603=EDGE_CURVE('',#1207,#1244,#835,.T.);
#1604=EDGE_CURVE('',#1206,#1243,#836,.T.);
#1605=EDGE_CURVE('',#1205,#1242,#837,.T.);
#1606=EDGE_CURVE('',#1204,#1287,#838,.T.);
#1607=EDGE_CURVE('',#1247,#1203,#839,.T.);
#1608=EDGE_CURVE('',#1290,#1177,#840,.T.);
#1609=EDGE_CURVE('',#1290,#1291,#841,.T.);
#1610=EDGE_CURVE('',#1178,#1291,#842,.T.);
#1611=EDGE_CURVE('',#1292,#1236,#843,.T.);
#1612=EDGE_CURVE('',#1292,#1293,#101,.T.);
#1613=EDGE_CURVE('',#1293,#1290,#844,.T.);
#1614=EDGE_CURVE('',#1176,#1237,#845,.T.);
#1615=EDGE_CURVE('',#1294,#1294,#278,.T.);
#1616=EDGE_CURVE('',#1295,#1295,#102,.T.);
#1617=EDGE_CURVE('',#1296,#1296,#103,.T.);
#1618=EDGE_CURVE('',#1297,#1297,#279,.T.);
#1619=EDGE_CURVE('',#1297,#1298,#846,.T.);
#1620=EDGE_CURVE('',#1298,#1298,#280,.T.);
#1621=EDGE_CURVE('',#1299,#1299,#281,.T.);
#1622=EDGE_CURVE('',#1299,#1300,#847,.T.);
#1623=EDGE_CURVE('',#1300,#1300,#282,.T.);
#1624=EDGE_CURVE('',#1301,#1301,#283,.T.);
#1625=EDGE_CURVE('',#1301,#1302,#848,.T.);
#1626=EDGE_CURVE('',#1302,#1302,#284,.T.);
#1627=EDGE_CURVE('',#1183,#1229,#849,.T.);
#1628=EDGE_CURVE('',#1166,#1228,#850,.T.);
#1629=EDGE_CURVE('',#1297,#1303,#851,.T.);
#1630=EDGE_CURVE('',#1303,#1303,#285,.T.);
#1631=EDGE_CURVE('',#1299,#1304,#852,.T.);
#1632=EDGE_CURVE('',#1304,#1304,#286,.T.);
#1633=EDGE_CURVE('',#1305,#1305,#287,.T.);
#1634=EDGE_CURVE('',#1305,#1306,#853,.T.);
#1635=EDGE_CURVE('',#1306,#1306,#288,.T.);
#1636=EDGE_CURVE('',#1179,#1233,#854,.T.);
#1637=EDGE_CURVE('',#1291,#1307,#855,.T.);
#1638=EDGE_CURVE('',#1307,#1234,#856,.T.);
#1639=EDGE_CURVE('',#1308,#1308,#289,.T.);
#1640=EDGE_CURVE('',#1309,#1309,#290,.T.);
#1641=EDGE_CURVE('',#1180,#1232,#857,.T.);
#1642=EDGE_CURVE('',#1181,#1231,#858,.T.);
#1643=EDGE_CURVE('',#1230,#1182,#859,.T.);
#1644=EDGE_CURVE('',#1294,#1310,#860,.T.);
#1645=EDGE_CURVE('',#1310,#1310,#291,.T.);
#1646=EDGE_CURVE('',#1311,#1292,#861,.T.);
#1647=EDGE_CURVE('',#1235,#1311,#862,.T.);
#1648=EDGE_CURVE('',#1312,#1311,#104,.T.);
#1649=EDGE_CURVE('',#1293,#1312,#863,.T.);
#1650=EDGE_CURVE('',#1307,#1312,#864,.T.);
#1651=EDGE_CURVE('',#1309,#1313,#865,.T.);
#1652=EDGE_CURVE('',#1313,#1313,#292,.T.);
#1653=EDGE_CURVE('',#1308,#1314,#866,.T.);
#1654=EDGE_CURVE('',#1314,#1314,#293,.T.);
#1655=EDGE_CURVE('',#1315,#1315,#294,.T.);
#1656=EDGE_CURVE('',#1315,#1122,#867,.T.);
#1657=EDGE_CURVE('',#1316,#1316,#295,.T.);
#1658=EDGE_CURVE('',#1316,#1121,#868,.T.);
#1659=EDGE_CURVE('',#1130,#1317,#869,.T.);
#1660=EDGE_CURVE('',#1317,#1318,#296,.T.);
#1661=EDGE_CURVE('',#1318,#1317,#297,.T.);
#1662=EDGE_CURVE('',#1319,#1319,#298,.T.);
#1663=EDGE_CURVE('',#1131,#1320,#870,.T.);
#1664=EDGE_CURVE('',#1320,#1321,#299,.T.);
#1665=EDGE_CURVE('',#1321,#1320,#300,.T.);
#1666=EDGE_CURVE('',#1322,#1322,#301,.T.);
#1667=EDGE_CURVE('',#1295,#1323,#871,.T.);
#1668=EDGE_CURVE('',#1323,#1324,#302,.T.);
#1669=EDGE_CURVE('',#1324,#1323,#303,.T.);
#1670=EDGE_CURVE('',#1325,#1325,#304,.T.);
#1671=EDGE_CURVE('',#1296,#1326,#872,.T.);
#1672=EDGE_CURVE('',#1326,#1327,#305,.T.);
#1673=EDGE_CURVE('',#1327,#1326,#306,.T.);
#1674=EDGE_CURVE('',#1328,#1328,#307,.T.);
#1675=EDGE_CURVE('',#1325,#1324,#873,.T.);
#1676=EDGE_CURVE('',#1328,#1327,#874,.T.);
#1677=EDGE_CURVE('',#1322,#1321,#875,.T.);
#1678=EDGE_CURVE('',#1319,#1318,#876,.T.);
#1679=ORIENTED_EDGE('',*,*,#1329,.F.);
#1680=ORIENTED_EDGE('',*,*,#1330,.F.);
#1681=ORIENTED_EDGE('',*,*,#1331,.F.);
#1682=ORIENTED_EDGE('',*,*,#1332,.T.);
#1683=ORIENTED_EDGE('',*,*,#1333,.T.);
#1684=ORIENTED_EDGE('',*,*,#1334,.F.);
#1685=ORIENTED_EDGE('',*,*,#1335,.F.);
#1686=ORIENTED_EDGE('',*,*,#1336,.T.);
#1687=ORIENTED_EDGE('',*,*,#1337,.T.);
#1688=ORIENTED_EDGE('',*,*,#1338,.T.);
#1689=ORIENTED_EDGE('',*,*,#1339,.F.);
#1690=ORIENTED_EDGE('',*,*,#1340,.F.);
#1691=ORIENTED_EDGE('',*,*,#1341,.T.);
#1692=ORIENTED_EDGE('',*,*,#1342,.T.);
#1693=ORIENTED_EDGE('',*,*,#1343,.F.);
#1694=ORIENTED_EDGE('',*,*,#1344,.F.);
#1695=ORIENTED_EDGE('',*,*,#1345,.F.);
#1696=ORIENTED_EDGE('',*,*,#1346,.T.);
#1697=ORIENTED_EDGE('',*,*,#1347,.F.);
#1698=ORIENTED_EDGE('',*,*,#1348,.F.);
#1699=ORIENTED_EDGE('',*,*,#1349,.T.);
#1700=ORIENTED_EDGE('',*,*,#1350,.T.);
#1701=ORIENTED_EDGE('',*,*,#1351,.F.);
#1702=ORIENTED_EDGE('',*,*,#1352,.F.);
#1703=ORIENTED_EDGE('',*,*,#1353,.T.);
#1704=ORIENTED_EDGE('',*,*,#1354,.F.);
#1705=ORIENTED_EDGE('',*,*,#1355,.F.);
#1706=ORIENTED_EDGE('',*,*,#1356,.F.);
#1707=ORIENTED_EDGE('',*,*,#1357,.F.);
#1708=ORIENTED_EDGE('',*,*,#1358,.F.);
#1709=ORIENTED_EDGE('',*,*,#1359,.F.);
#1710=ORIENTED_EDGE('',*,*,#1360,.T.);
#1711=ORIENTED_EDGE('',*,*,#1361,.T.);
#1712=ORIENTED_EDGE('',*,*,#1362,.F.);
#1713=ORIENTED_EDGE('',*,*,#1362,.T.);
#1714=ORIENTED_EDGE('',*,*,#1363,.T.);
#1715=ORIENTED_EDGE('',*,*,#1364,.T.);
#1716=ORIENTED_EDGE('',*,*,#1363,.F.);
#1717=ORIENTED_EDGE('',*,*,#1365,.F.);
#1718=ORIENTED_EDGE('',*,*,#1366,.F.);
#1719=ORIENTED_EDGE('',*,*,#1367,.F.);
#1720=ORIENTED_EDGE('',*,*,#1353,.F.);
#1721=ORIENTED_EDGE('',*,*,#1357,.T.);
#1722=ORIENTED_EDGE('',*,*,#1368,.T.);
#1723=ORIENTED_EDGE('',*,*,#1348,.T.);
#1724=ORIENTED_EDGE('',*,*,#1369,.F.);
#1725=ORIENTED_EDGE('',*,*,#1347,.T.);
#1726=ORIENTED_EDGE('',*,*,#1370,.T.);
#1727=ORIENTED_EDGE('',*,*,#1371,.F.);
#1728=ORIENTED_EDGE('',*,*,#1358,.T.);
#1729=ORIENTED_EDGE('',*,*,#1369,.T.);
#1730=ORIENTED_EDGE('',*,*,#1372,.T.);
#1731=ORIENTED_EDGE('',*,*,#1365,.T.);
#1732=ORIENTED_EDGE('',*,*,#1359,.T.);
#1733=ORIENTED_EDGE('',*,*,#1371,.T.);
#1734=ORIENTED_EDGE('',*,*,#1346,.F.);
#1735=ORIENTED_EDGE('',*,*,#1373,.F.);
#1736=ORIENTED_EDGE('',*,*,#1366,.T.);
#1737=ORIENTED_EDGE('',*,*,#1372,.F.);
#1738=ORIENTED_EDGE('',*,*,#1370,.F.);
#1739=ORIENTED_EDGE('',*,*,#1364,.F.);
#1740=ORIENTED_EDGE('',*,*,#1374,.T.);
#1741=ORIENTED_EDGE('',*,*,#1375,.T.);
#1742=ORIENTED_EDGE('',*,*,#1376,.F.);
#1743=ORIENTED_EDGE('',*,*,#1377,.F.);
#1744=ORIENTED_EDGE('',*,*,#1378,.F.);
#1745=ORIENTED_EDGE('',*,*,#1379,.F.);
#1746=ORIENTED_EDGE('',*,*,#1380,.T.);
#1747=ORIENTED_EDGE('',*,*,#1381,.T.);
#1748=ORIENTED_EDGE('',*,*,#1382,.F.);
#1749=ORIENTED_EDGE('',*,*,#1376,.T.);
#1750=ORIENTED_EDGE('',*,*,#1383,.T.);
#1751=ORIENTED_EDGE('',*,*,#1355,.T.);
#1752=ORIENTED_EDGE('',*,*,#1384,.F.);
#1753=ORIENTED_EDGE('',*,*,#1385,.F.);
#1754=ORIENTED_EDGE('',*,*,#1386,.F.);
#1755=ORIENTED_EDGE('',*,*,#1387,.F.);
#1756=ORIENTED_EDGE('',*,*,#1388,.T.);
#1757=ORIENTED_EDGE('',*,*,#1342,.F.);
#1758=ORIENTED_EDGE('',*,*,#1389,.F.);
#1759=ORIENTED_EDGE('',*,*,#1336,.F.);
#1760=ORIENTED_EDGE('',*,*,#1390,.F.);
#1761=ORIENTED_EDGE('',*,*,#1390,.T.);
#1762=ORIENTED_EDGE('',*,*,#1391,.T.);
#1763=ORIENTED_EDGE('',*,*,#1385,.T.);
#1764=ORIENTED_EDGE('',*,*,#1391,.F.);
#1765=ORIENTED_EDGE('',*,*,#1392,.T.);
#1766=ORIENTED_EDGE('',*,*,#1393,.T.);
#1767=ORIENTED_EDGE('',*,*,#1394,.T.);
#1768=ORIENTED_EDGE('',*,*,#1395,.T.);
#1769=ORIENTED_EDGE('',*,*,#1396,.F.);
#1770=ORIENTED_EDGE('',*,*,#1397,.F.);
#1771=ORIENTED_EDGE('',*,*,#1398,.T.);
#1772=ORIENTED_EDGE('',*,*,#1340,.T.);
#1773=ORIENTED_EDGE('',*,*,#1399,.F.);
#1774=ORIENTED_EDGE('',*,*,#1400,.F.);
#1775=ORIENTED_EDGE('',*,*,#1401,.T.);
#1776=ORIENTED_EDGE('',*,*,#1330,.T.);
#1777=ORIENTED_EDGE('',*,*,#1402,.F.);
#1778=ORIENTED_EDGE('',*,*,#1403,.F.);
#1779=ORIENTED_EDGE('',*,*,#1404,.F.);
#1780=ORIENTED_EDGE('',*,*,#1405,.F.);
#1781=ORIENTED_EDGE('',*,*,#1403,.T.);
#1782=ORIENTED_EDGE('',*,*,#1406,.T.);
#1783=ORIENTED_EDGE('',*,*,#1386,.T.);
#1784=ORIENTED_EDGE('',*,*,#1406,.F.);
#1785=ORIENTED_EDGE('',*,*,#1407,.F.);
#1786=ORIENTED_EDGE('',*,*,#1408,.T.);
#1787=ORIENTED_EDGE('',*,*,#1404,.T.);
#1788=ORIENTED_EDGE('',*,*,#1408,.F.);
#1789=ORIENTED_EDGE('',*,*,#1409,.F.);
#1790=ORIENTED_EDGE('',*,*,#1410,.T.);
#1791=ORIENTED_EDGE('',*,*,#1405,.T.);
#1792=ORIENTED_EDGE('',*,*,#1410,.F.);
#1793=ORIENTED_EDGE('',*,*,#1411,.F.);
#1794=ORIENTED_EDGE('',*,*,#1412,.F.);
#1795=ORIENTED_EDGE('',*,*,#1413,.T.);
#1796=ORIENTED_EDGE('',*,*,#1400,.T.);
#1797=ORIENTED_EDGE('',*,*,#1414,.T.);
#1798=ORIENTED_EDGE('',*,*,#1331,.T.);
#1799=ORIENTED_EDGE('',*,*,#1401,.F.);
#1800=ORIENTED_EDGE('',*,*,#1413,.F.);
#1801=ORIENTED_EDGE('',*,*,#1415,.F.);
#1802=ORIENTED_EDGE('',*,*,#1416,.F.);
#1803=ORIENTED_EDGE('',*,*,#1417,.F.);
#1804=ORIENTED_EDGE('',*,*,#1418,.F.);
#1805=ORIENTED_EDGE('',*,*,#1349,.F.);
#1806=ORIENTED_EDGE('',*,*,#1368,.F.);
#1807=ORIENTED_EDGE('',*,*,#1356,.T.);
#1808=ORIENTED_EDGE('',*,*,#1383,.F.);
#1809=ORIENTED_EDGE('',*,*,#1375,.F.);
#1810=ORIENTED_EDGE('',*,*,#1419,.F.);
#1811=ORIENTED_EDGE('',*,*,#1420,.F.);
#1812=ORIENTED_EDGE('',*,*,#1421,.T.);
#1813=ORIENTED_EDGE('',*,*,#1422,.T.);
#1814=ORIENTED_EDGE('',*,*,#1423,.T.);
#1815=ORIENTED_EDGE('',*,*,#1424,.T.);
#1816=ORIENTED_EDGE('',*,*,#1425,.T.);
#1817=ORIENTED_EDGE('',*,*,#1426,.F.);
#1818=ORIENTED_EDGE('',*,*,#1427,.T.);
#1819=ORIENTED_EDGE('',*,*,#1428,.T.);
#1820=ORIENTED_EDGE('',*,*,#1429,.T.);
#1821=ORIENTED_EDGE('',*,*,#1430,.T.);
#1822=ORIENTED_EDGE('',*,*,#1431,.T.);
#1823=ORIENTED_EDGE('',*,*,#1432,.T.);
#1824=ORIENTED_EDGE('',*,*,#1433,.T.);
#1825=ORIENTED_EDGE('',*,*,#1434,.T.);
#1826=ORIENTED_EDGE('',*,*,#1343,.T.);
#1827=ORIENTED_EDGE('',*,*,#1388,.F.);
#1828=ORIENTED_EDGE('',*,*,#1335,.T.);
#1829=ORIENTED_EDGE('',*,*,#1435,.F.);
#1830=ORIENTED_EDGE('',*,*,#1436,.F.);
#1831=ORIENTED_EDGE('',*,*,#1437,.F.);
#1832=ORIENTED_EDGE('',*,*,#1438,.F.);
#1833=ORIENTED_EDGE('',*,*,#1439,.F.);
#1834=ORIENTED_EDGE('',*,*,#1440,.F.);
#1835=ORIENTED_EDGE('',*,*,#1441,.F.);
#1836=ORIENTED_EDGE('',*,*,#1442,.F.);
#1837=ORIENTED_EDGE('',*,*,#1339,.T.);
#1838=ORIENTED_EDGE('',*,*,#1443,.T.);
#1839=ORIENTED_EDGE('',*,*,#1444,.T.);
#1840=ORIENTED_EDGE('',*,*,#1392,.F.);
#1841=ORIENTED_EDGE('',*,*,#1445,.T.);
#1842=ORIENTED_EDGE('',*,*,#1446,.T.);
#1843=ORIENTED_EDGE('',*,*,#1447,.F.);
#1844=ORIENTED_EDGE('',*,*,#1448,.T.);
#1845=ORIENTED_EDGE('',*,*,#1449,.T.);
#1846=ORIENTED_EDGE('',*,*,#1450,.F.);
#1847=ORIENTED_EDGE('',*,*,#1451,.T.);
#1848=ORIENTED_EDGE('',*,*,#1452,.T.);
#1849=ORIENTED_EDGE('',*,*,#1453,.T.);
#1850=ORIENTED_EDGE('',*,*,#1454,.T.);
#1851=ORIENTED_EDGE('',*,*,#1455,.T.);
#1852=ORIENTED_EDGE('',*,*,#1456,.T.);
#1853=ORIENTED_EDGE('',*,*,#1457,.T.);
#1854=ORIENTED_EDGE('',*,*,#1458,.T.);
#1855=ORIENTED_EDGE('',*,*,#1459,.T.);
#1856=ORIENTED_EDGE('',*,*,#1460,.T.);
#1857=ORIENTED_EDGE('',*,*,#1461,.T.);
#1858=ORIENTED_EDGE('',*,*,#1462,.T.);
#1859=ORIENTED_EDGE('',*,*,#1407,.T.);
#1860=ORIENTED_EDGE('',*,*,#1463,.T.);
#1861=ORIENTED_EDGE('',*,*,#1384,.T.);
#1862=ORIENTED_EDGE('',*,*,#1463,.F.);
#1863=ORIENTED_EDGE('',*,*,#1409,.T.);
#1864=ORIENTED_EDGE('',*,*,#1464,.T.);
#1865=ORIENTED_EDGE('',*,*,#1387,.T.);
#1866=ORIENTED_EDGE('',*,*,#1464,.F.);
#1867=ORIENTED_EDGE('',*,*,#1465,.T.);
#1868=ORIENTED_EDGE('',*,*,#1466,.T.);
#1869=ORIENTED_EDGE('',*,*,#1436,.T.);
#1870=ORIENTED_EDGE('',*,*,#1466,.F.);
#1871=ORIENTED_EDGE('',*,*,#1437,.T.);
#1872=ORIENTED_EDGE('',*,*,#1467,.T.);
#1873=ORIENTED_EDGE('',*,*,#1468,.T.);
#1874=ORIENTED_EDGE('',*,*,#1467,.F.);
#1875=ORIENTED_EDGE('',*,*,#1438,.T.);
#1876=ORIENTED_EDGE('',*,*,#1469,.T.);
#1877=ORIENTED_EDGE('',*,*,#1470,.T.);
#1878=ORIENTED_EDGE('',*,*,#1469,.F.);
#1879=ORIENTED_EDGE('',*,*,#1439,.T.);
#1880=ORIENTED_EDGE('',*,*,#1471,.T.);
#1881=ORIENTED_EDGE('',*,*,#1472,.T.);
#1882=ORIENTED_EDGE('',*,*,#1471,.F.);
#1883=ORIENTED_EDGE('',*,*,#1440,.T.);
#1884=ORIENTED_EDGE('',*,*,#1473,.T.);
#1885=ORIENTED_EDGE('',*,*,#1474,.T.);
#1886=ORIENTED_EDGE('',*,*,#1473,.F.);
#1887=ORIENTED_EDGE('',*,*,#1441,.T.);
#1888=ORIENTED_EDGE('',*,*,#1475,.T.);
#1889=ORIENTED_EDGE('',*,*,#1476,.T.);
#1890=ORIENTED_EDGE('',*,*,#1475,.F.);
#1891=ORIENTED_EDGE('',*,*,#1477,.T.);
#1892=ORIENTED_EDGE('',*,*,#1478,.T.);
#1893=ORIENTED_EDGE('',*,*,#1442,.T.);
#1894=ORIENTED_EDGE('',*,*,#1478,.F.);
#1895=ORIENTED_EDGE('',*,*,#1435,.T.);
#1896=ORIENTED_EDGE('',*,*,#1479,.T.);
#1897=ORIENTED_EDGE('',*,*,#1480,.T.);
#1898=ORIENTED_EDGE('',*,*,#1479,.F.);
#1899=ORIENTED_EDGE('',*,*,#1481,.F.);
#1900=ORIENTED_EDGE('',*,*,#1350,.F.);
#1901=ORIENTED_EDGE('',*,*,#1418,.T.);
#1902=ORIENTED_EDGE('',*,*,#1482,.T.);
#1903=ORIENTED_EDGE('',*,*,#1482,.F.);
#1904=ORIENTED_EDGE('',*,*,#1417,.T.);
#1905=ORIENTED_EDGE('',*,*,#1483,.T.);
#1906=ORIENTED_EDGE('',*,*,#1484,.F.);
#1907=ORIENTED_EDGE('',*,*,#1483,.F.);
#1908=ORIENTED_EDGE('',*,*,#1416,.T.);
#1909=ORIENTED_EDGE('',*,*,#1485,.F.);
#1910=ORIENTED_EDGE('',*,*,#1486,.F.);
#1911=ORIENTED_EDGE('',*,*,#1485,.T.);
#1912=ORIENTED_EDGE('',*,*,#1415,.T.);
#1913=ORIENTED_EDGE('',*,*,#1412,.T.);
#1914=ORIENTED_EDGE('',*,*,#1487,.T.);
#1915=ORIENTED_EDGE('',*,*,#1448,.F.);
#1916=ORIENTED_EDGE('',*,*,#1488,.T.);
#1917=ORIENTED_EDGE('',*,*,#1489,.F.);
#1918=ORIENTED_EDGE('',*,*,#1488,.F.);
#1919=ORIENTED_EDGE('',*,*,#1447,.T.);
#1920=ORIENTED_EDGE('',*,*,#1490,.T.);
#1921=ORIENTED_EDGE('',*,*,#1491,.T.);
#1922=ORIENTED_EDGE('',*,*,#1490,.F.);
#1923=ORIENTED_EDGE('',*,*,#1492,.F.);
#1924=ORIENTED_EDGE('',*,*,#1493,.T.);
#1925=ORIENTED_EDGE('',*,*,#1494,.T.);
#1926=ORIENTED_EDGE('',*,*,#1493,.F.);
#1927=ORIENTED_EDGE('',*,*,#1494,.F.);
#1928=ORIENTED_EDGE('',*,*,#1495,.T.);
#1929=ORIENTED_EDGE('',*,*,#1445,.F.);
#1930=ORIENTED_EDGE('',*,*,#1495,.F.);
#1931=ORIENTED_EDGE('',*,*,#1496,.F.);
#1932=ORIENTED_EDGE('',*,*,#1497,.T.);
#1933=ORIENTED_EDGE('',*,*,#1498,.T.);
#1934=ORIENTED_EDGE('',*,*,#1497,.F.);
#1935=ORIENTED_EDGE('',*,*,#1498,.F.);
#1936=ORIENTED_EDGE('',*,*,#1499,.T.);
#1937=ORIENTED_EDGE('',*,*,#1446,.F.);
#1938=ORIENTED_EDGE('',*,*,#1499,.F.);
#1939=ORIENTED_EDGE('',*,*,#1329,.T.);
#1940=ORIENTED_EDGE('',*,*,#1500,.F.);
#1941=ORIENTED_EDGE('',*,*,#1501,.F.);
#1942=ORIENTED_EDGE('',*,*,#1502,.T.);
#1943=ORIENTED_EDGE('',*,*,#1503,.F.);
#1944=ORIENTED_EDGE('',*,*,#1504,.F.);
#1945=ORIENTED_EDGE('',*,*,#1505,.F.);
#1946=ORIENTED_EDGE('',*,*,#1506,.F.);
#1947=ORIENTED_EDGE('',*,*,#1507,.F.);
#1948=ORIENTED_EDGE('',*,*,#1508,.F.);
#1949=ORIENTED_EDGE('',*,*,#1509,.T.);
#1950=ORIENTED_EDGE('',*,*,#1510,.T.);
#1951=ORIENTED_EDGE('',*,*,#1511,.T.);
#1952=ORIENTED_EDGE('',*,*,#1512,.F.);
#1953=ORIENTED_EDGE('',*,*,#1337,.F.);
#1954=ORIENTED_EDGE('',*,*,#1398,.F.);
#1955=ORIENTED_EDGE('',*,*,#1513,.F.);
#1956=ORIENTED_EDGE('',*,*,#1381,.F.);
#1957=ORIENTED_EDGE('',*,*,#1354,.T.);
#1958=ORIENTED_EDGE('',*,*,#1367,.T.);
#1959=ORIENTED_EDGE('',*,*,#1373,.T.);
#1960=ORIENTED_EDGE('',*,*,#1345,.T.);
#1961=ORIENTED_EDGE('',*,*,#1481,.T.);
#1962=ORIENTED_EDGE('',*,*,#1484,.T.);
#1963=ORIENTED_EDGE('',*,*,#1486,.T.);
#1964=ORIENTED_EDGE('',*,*,#1487,.F.);
#1965=ORIENTED_EDGE('',*,*,#1411,.T.);
#1966=ORIENTED_EDGE('',*,*,#1402,.T.);
#1967=ORIENTED_EDGE('',*,*,#1333,.F.);
#1968=ORIENTED_EDGE('',*,*,#1389,.T.);
#1969=ORIENTED_EDGE('',*,*,#1341,.F.);
#1970=ORIENTED_EDGE('',*,*,#1514,.F.);
#1971=ORIENTED_EDGE('',*,*,#1489,.T.);
#1972=ORIENTED_EDGE('',*,*,#1515,.T.);
#1973=ORIENTED_EDGE('',*,*,#1516,.T.);
#1974=ORIENTED_EDGE('',*,*,#1517,.T.);
#1975=ORIENTED_EDGE('',*,*,#1518,.T.);
#1976=ORIENTED_EDGE('',*,*,#1519,.T.);
#1977=ORIENTED_EDGE('',*,*,#1520,.T.);
#1978=ORIENTED_EDGE('',*,*,#1521,.T.);
#1979=ORIENTED_EDGE('',*,*,#1522,.T.);
#1980=ORIENTED_EDGE('',*,*,#1496,.T.);
#1981=ORIENTED_EDGE('',*,*,#1492,.T.);
#1982=ORIENTED_EDGE('',*,*,#1491,.F.);
#1983=ORIENTED_EDGE('',*,*,#1523,.F.);
#1984=ORIENTED_EDGE('',*,*,#1480,.F.);
#1985=ORIENTED_EDGE('',*,*,#1477,.F.);
#1986=ORIENTED_EDGE('',*,*,#1465,.F.);
#1987=ORIENTED_EDGE('',*,*,#1468,.F.);
#1988=ORIENTED_EDGE('',*,*,#1470,.F.);
#1989=ORIENTED_EDGE('',*,*,#1472,.F.);
#1990=ORIENTED_EDGE('',*,*,#1474,.F.);
#1991=ORIENTED_EDGE('',*,*,#1524,.T.);
#1992=ORIENTED_EDGE('',*,*,#1525,.T.);
#1993=ORIENTED_EDGE('',*,*,#1449,.F.);
#1994=ORIENTED_EDGE('',*,*,#1526,.T.);
#1995=ORIENTED_EDGE('',*,*,#1515,.F.);
#1996=ORIENTED_EDGE('',*,*,#1526,.F.);
#1997=ORIENTED_EDGE('',*,*,#1450,.T.);
#1998=ORIENTED_EDGE('',*,*,#1527,.T.);
#1999=ORIENTED_EDGE('',*,*,#1523,.T.);
#2000=ORIENTED_EDGE('',*,*,#1527,.F.);
#2001=ORIENTED_EDGE('',*,*,#1524,.F.);
#2002=ORIENTED_EDGE('',*,*,#1528,.T.);
#2003=ORIENTED_EDGE('',*,*,#1529,.T.);
#2004=ORIENTED_EDGE('',*,*,#1528,.F.);
#2005=ORIENTED_EDGE('',*,*,#1529,.F.);
#2006=ORIENTED_EDGE('',*,*,#1530,.T.);
#2007=ORIENTED_EDGE('',*,*,#1451,.F.);
#2008=ORIENTED_EDGE('',*,*,#1530,.F.);
#2009=ORIENTED_EDGE('',*,*,#1525,.F.);
#2010=ORIENTED_EDGE('',*,*,#1531,.T.);
#2011=ORIENTED_EDGE('',*,*,#1532,.T.);
#2012=ORIENTED_EDGE('',*,*,#1531,.F.);
#2013=ORIENTED_EDGE('',*,*,#1532,.F.);
#2014=ORIENTED_EDGE('',*,*,#1533,.T.);
#2015=ORIENTED_EDGE('',*,*,#1452,.F.);
#2016=ORIENTED_EDGE('',*,*,#1533,.F.);
#2017=ORIENTED_EDGE('',*,*,#1534,.T.);
#2018=ORIENTED_EDGE('',*,*,#1396,.T.);
#2019=ORIENTED_EDGE('',*,*,#1535,.T.);
#2020=ORIENTED_EDGE('',*,*,#1536,.T.);
#2021=ORIENTED_EDGE('',*,*,#1537,.T.);
#2022=ORIENTED_EDGE('',*,*,#1378,.T.);
#2023=ORIENTED_EDGE('',*,*,#1397,.T.);
#2024=ORIENTED_EDGE('',*,*,#1534,.F.);
#2025=ORIENTED_EDGE('',*,*,#1377,.T.);
#2026=ORIENTED_EDGE('',*,*,#1382,.T.);
#2027=ORIENTED_EDGE('',*,*,#1513,.T.);
#2028=ORIENTED_EDGE('',*,*,#1476,.F.);
#2029=ORIENTED_EDGE('',*,*,#1538,.T.);
#2030=ORIENTED_EDGE('',*,*,#1539,.T.);
#2031=ORIENTED_EDGE('',*,*,#1399,.T.);
#2032=ORIENTED_EDGE('',*,*,#1539,.F.);
#2033=ORIENTED_EDGE('',*,*,#1395,.F.);
#2034=ORIENTED_EDGE('',*,*,#1540,.T.);
#2035=ORIENTED_EDGE('',*,*,#1541,.T.);
#2036=ORIENTED_EDGE('',*,*,#1419,.T.);
#2037=ORIENTED_EDGE('',*,*,#1374,.F.);
#2038=ORIENTED_EDGE('',*,*,#1542,.F.);
#2039=ORIENTED_EDGE('',*,*,#1543,.F.);
#2040=ORIENTED_EDGE('',*,*,#1535,.F.);
#2041=ORIENTED_EDGE('',*,*,#1544,.F.);
#2042=ORIENTED_EDGE('',*,*,#1542,.T.);
#2043=ORIENTED_EDGE('',*,*,#1380,.F.);
#2044=ORIENTED_EDGE('',*,*,#1545,.F.);
#2045=ORIENTED_EDGE('',*,*,#1536,.F.);
#2046=ORIENTED_EDGE('',*,*,#1543,.T.);
#2047=ORIENTED_EDGE('',*,*,#1544,.T.);
#2048=ORIENTED_EDGE('',*,*,#1546,.F.);
#2049=ORIENTED_EDGE('',*,*,#1538,.F.);
#2050=ORIENTED_EDGE('',*,*,#1546,.T.);
#2051=ORIENTED_EDGE('',*,*,#1545,.T.);
#2052=ORIENTED_EDGE('',*,*,#1379,.T.);
#2053=ORIENTED_EDGE('',*,*,#1537,.F.);
#2054=ORIENTED_EDGE('',*,*,#1394,.F.);
#2055=ORIENTED_EDGE('',*,*,#1547,.T.);
#2056=ORIENTED_EDGE('',*,*,#1548,.F.);
#2057=ORIENTED_EDGE('',*,*,#1549,.T.);
#2058=ORIENTED_EDGE('',*,*,#1550,.T.);
#2059=ORIENTED_EDGE('',*,*,#1551,.T.);
#2060=ORIENTED_EDGE('',*,*,#1552,.F.);
#2061=ORIENTED_EDGE('',*,*,#1540,.F.);
#2062=ORIENTED_EDGE('',*,*,#1553,.T.);
#2063=ORIENTED_EDGE('',*,*,#1554,.T.);
#2064=ORIENTED_EDGE('',*,*,#1420,.T.);
#2065=ORIENTED_EDGE('',*,*,#1541,.F.);
#2066=ORIENTED_EDGE('',*,*,#1552,.T.);
#2067=ORIENTED_EDGE('',*,*,#1555,.F.);
#2068=ORIENTED_EDGE('',*,*,#1556,.T.);
#2069=ORIENTED_EDGE('',*,*,#1556,.F.);
#2070=ORIENTED_EDGE('',*,*,#1557,.T.);
#2071=ORIENTED_EDGE('',*,*,#1558,.F.);
#2072=ORIENTED_EDGE('',*,*,#1559,.F.);
#2073=ORIENTED_EDGE('',*,*,#1557,.F.);
#2074=ORIENTED_EDGE('',*,*,#1547,.F.);
#2075=ORIENTED_EDGE('',*,*,#1393,.F.);
#2076=ORIENTED_EDGE('',*,*,#1444,.F.);
#2077=ORIENTED_EDGE('',*,*,#1560,.T.);
#2078=ORIENTED_EDGE('',*,*,#1421,.F.);
#2079=ORIENTED_EDGE('',*,*,#1555,.T.);
#2080=ORIENTED_EDGE('',*,*,#1551,.F.);
#2081=ORIENTED_EDGE('',*,*,#1561,.F.);
#2082=ORIENTED_EDGE('',*,*,#1443,.F.);
#2083=ORIENTED_EDGE('',*,*,#1338,.F.);
#2084=ORIENTED_EDGE('',*,*,#1512,.T.);
#2085=ORIENTED_EDGE('',*,*,#1562,.T.);
#2086=ORIENTED_EDGE('',*,*,#1563,.T.);
#2087=ORIENTED_EDGE('',*,*,#1564,.F.);
#2088=ORIENTED_EDGE('',*,*,#1548,.T.);
#2089=ORIENTED_EDGE('',*,*,#1560,.F.);
#2090=ORIENTED_EDGE('',*,*,#1565,.T.);
#2091=ORIENTED_EDGE('',*,*,#1422,.F.);
#2092=ORIENTED_EDGE('',*,*,#1561,.T.);
#2093=ORIENTED_EDGE('',*,*,#1550,.F.);
#2094=ORIENTED_EDGE('',*,*,#1566,.T.);
#2095=ORIENTED_EDGE('',*,*,#1567,.T.);
#2096=ORIENTED_EDGE('',*,*,#1567,.F.);
#2097=ORIENTED_EDGE('',*,*,#1568,.T.);
#2098=ORIENTED_EDGE('',*,*,#1569,.F.);
#2099=ORIENTED_EDGE('',*,*,#1570,.F.);
#2100=ORIENTED_EDGE('',*,*,#1568,.F.);
#2101=ORIENTED_EDGE('',*,*,#1549,.F.);
#2102=ORIENTED_EDGE('',*,*,#1564,.T.);
#2103=ORIENTED_EDGE('',*,*,#1571,.T.);
#2104=ORIENTED_EDGE('',*,*,#1572,.T.);
#2105=ORIENTED_EDGE('',*,*,#1573,.T.);
#2106=ORIENTED_EDGE('',*,*,#1574,.T.);
#2107=ORIENTED_EDGE('',*,*,#1423,.F.);
#2108=ORIENTED_EDGE('',*,*,#1566,.F.);
#2109=ORIENTED_EDGE('',*,*,#1575,.T.);
#2110=ORIENTED_EDGE('',*,*,#1424,.F.);
#2111=ORIENTED_EDGE('',*,*,#1574,.F.);
#2112=ORIENTED_EDGE('',*,*,#1576,.F.);
#2113=ORIENTED_EDGE('',*,*,#1577,.T.);
#2114=ORIENTED_EDGE('',*,*,#1578,.T.);
#2115=ORIENTED_EDGE('',*,*,#1579,.T.);
#2116=ORIENTED_EDGE('',*,*,#1553,.F.);
#2117=ORIENTED_EDGE('',*,*,#1580,.T.);
#2118=ORIENTED_EDGE('',*,*,#1581,.T.);
#2119=ORIENTED_EDGE('',*,*,#1580,.F.);
#2120=ORIENTED_EDGE('',*,*,#1581,.F.);
#2121=ORIENTED_EDGE('',*,*,#1582,.T.);
#2122=ORIENTED_EDGE('',*,*,#1453,.F.);
#2123=ORIENTED_EDGE('',*,*,#1582,.F.);
#2124=ORIENTED_EDGE('',*,*,#1554,.F.);
#2125=ORIENTED_EDGE('',*,*,#1583,.T.);
#2126=ORIENTED_EDGE('',*,*,#1584,.T.);
#2127=ORIENTED_EDGE('',*,*,#1583,.F.);
#2128=ORIENTED_EDGE('',*,*,#1584,.F.);
#2129=ORIENTED_EDGE('',*,*,#1585,.T.);
#2130=ORIENTED_EDGE('',*,*,#1454,.F.);
#2131=ORIENTED_EDGE('',*,*,#1585,.F.);
#2132=ORIENTED_EDGE('',*,*,#1558,.T.);
#2133=ORIENTED_EDGE('',*,*,#1559,.T.);
#2134=ORIENTED_EDGE('',*,*,#1586,.T.);
#2135=ORIENTED_EDGE('',*,*,#1587,.F.);
#2136=ORIENTED_EDGE('',*,*,#1586,.F.);
#2137=ORIENTED_EDGE('',*,*,#1569,.T.);
#2138=ORIENTED_EDGE('',*,*,#1570,.T.);
#2139=ORIENTED_EDGE('',*,*,#1588,.T.);
#2140=ORIENTED_EDGE('',*,*,#1589,.F.);
#2141=ORIENTED_EDGE('',*,*,#1588,.F.);
#2142=ORIENTED_EDGE('',*,*,#1587,.T.);
#2143=ORIENTED_EDGE('',*,*,#1589,.T.);
#2144=ORIENTED_EDGE('',*,*,#1590,.F.);
#2145=ORIENTED_EDGE('',*,*,#1591,.T.);
#2146=ORIENTED_EDGE('',*,*,#1565,.F.);
#2147=ORIENTED_EDGE('',*,*,#1591,.F.);
#2148=ORIENTED_EDGE('',*,*,#1562,.F.);
#2149=ORIENTED_EDGE('',*,*,#1511,.F.);
#2150=ORIENTED_EDGE('',*,*,#1592,.F.);
#2151=ORIENTED_EDGE('',*,*,#1579,.F.);
#2152=ORIENTED_EDGE('',*,*,#1593,.T.);
#2153=ORIENTED_EDGE('',*,*,#1594,.T.);
#2154=ORIENTED_EDGE('',*,*,#1593,.F.);
#2155=ORIENTED_EDGE('',*,*,#1578,.F.);
#2156=ORIENTED_EDGE('',*,*,#1595,.F.);
#2157=ORIENTED_EDGE('',*,*,#1596,.F.);
#2158=ORIENTED_EDGE('',*,*,#1571,.F.);
#2159=ORIENTED_EDGE('',*,*,#1563,.F.);
#2160=ORIENTED_EDGE('',*,*,#1596,.T.);
#2161=ORIENTED_EDGE('',*,*,#1597,.T.);
#2162=ORIENTED_EDGE('',*,*,#1598,.F.);
#2163=ORIENTED_EDGE('',*,*,#1572,.F.);
#2164=ORIENTED_EDGE('',*,*,#1590,.T.);
#2165=ORIENTED_EDGE('',*,*,#1598,.T.);
#2166=ORIENTED_EDGE('',*,*,#1599,.T.);
#2167=ORIENTED_EDGE('',*,*,#1576,.T.);
#2168=ORIENTED_EDGE('',*,*,#1573,.F.);
#2169=ORIENTED_EDGE('',*,*,#1597,.F.);
#2170=ORIENTED_EDGE('',*,*,#1595,.T.);
#2171=ORIENTED_EDGE('',*,*,#1577,.F.);
#2172=ORIENTED_EDGE('',*,*,#1599,.F.);
#2173=ORIENTED_EDGE('',*,*,#1462,.F.);
#2174=ORIENTED_EDGE('',*,*,#1600,.T.);
#2175=ORIENTED_EDGE('',*,*,#1516,.F.);
#2176=ORIENTED_EDGE('',*,*,#1600,.F.);
#2177=ORIENTED_EDGE('',*,*,#1521,.F.);
#2178=ORIENTED_EDGE('',*,*,#1601,.T.);
#2179=ORIENTED_EDGE('',*,*,#1461,.F.);
#2180=ORIENTED_EDGE('',*,*,#1601,.F.);
#2181=ORIENTED_EDGE('',*,*,#1460,.F.);
#2182=ORIENTED_EDGE('',*,*,#1602,.T.);
#2183=ORIENTED_EDGE('',*,*,#1520,.F.);
#2184=ORIENTED_EDGE('',*,*,#1602,.F.);
#2185=ORIENTED_EDGE('',*,*,#1459,.F.);
#2186=ORIENTED_EDGE('',*,*,#1603,.T.);
#2187=ORIENTED_EDGE('',*,*,#1519,.F.);
#2188=ORIENTED_EDGE('',*,*,#1603,.F.);
#2189=ORIENTED_EDGE('',*,*,#1458,.F.);
#2190=ORIENTED_EDGE('',*,*,#1604,.T.);
#2191=ORIENTED_EDGE('',*,*,#1518,.F.);
#2192=ORIENTED_EDGE('',*,*,#1604,.F.);
#2193=ORIENTED_EDGE('',*,*,#1457,.F.);
#2194=ORIENTED_EDGE('',*,*,#1605,.T.);
#2195=ORIENTED_EDGE('',*,*,#1517,.F.);
#2196=ORIENTED_EDGE('',*,*,#1605,.F.);
#2197=ORIENTED_EDGE('',*,*,#1456,.F.);
#2198=ORIENTED_EDGE('',*,*,#1606,.T.);
#2199=ORIENTED_EDGE('',*,*,#1594,.F.);
#2200=ORIENTED_EDGE('',*,*,#1606,.F.);
#2201=ORIENTED_EDGE('',*,*,#1522,.F.);
#2202=ORIENTED_EDGE('',*,*,#1607,.T.);
#2203=ORIENTED_EDGE('',*,*,#1455,.F.);
#2204=ORIENTED_EDGE('',*,*,#1607,.F.);
#2205=ORIENTED_EDGE('',*,*,#1608,.F.);
#2206=ORIENTED_EDGE('',*,*,#1609,.T.);
#2207=ORIENTED_EDGE('',*,*,#1610,.F.);
#2208=ORIENTED_EDGE('',*,*,#1427,.F.);
#2209=ORIENTED_EDGE('',*,*,#1509,.F.);
#2210=ORIENTED_EDGE('',*,*,#1611,.F.);
#2211=ORIENTED_EDGE('',*,*,#1612,.T.);
#2212=ORIENTED_EDGE('',*,*,#1613,.T.);
#2213=ORIENTED_EDGE('',*,*,#1608,.T.);
#2214=ORIENTED_EDGE('',*,*,#1426,.T.);
#2215=ORIENTED_EDGE('',*,*,#1614,.T.);
#2216=ORIENTED_EDGE('',*,*,#1615,.T.);
#2217=ORIENTED_EDGE('',*,*,#1616,.F.);
#2218=ORIENTED_EDGE('',*,*,#1617,.F.);
#2219=ORIENTED_EDGE('',*,*,#1618,.F.);
#2220=ORIENTED_EDGE('',*,*,#1619,.T.);
#2221=ORIENTED_EDGE('',*,*,#1620,.F.);
#2222=ORIENTED_EDGE('',*,*,#1619,.F.);
#2223=ORIENTED_EDGE('',*,*,#1621,.F.);
#2224=ORIENTED_EDGE('',*,*,#1622,.T.);
#2225=ORIENTED_EDGE('',*,*,#1623,.F.);
#2226=ORIENTED_EDGE('',*,*,#1622,.F.);
#2227=ORIENTED_EDGE('',*,*,#1624,.F.);
#2228=ORIENTED_EDGE('',*,*,#1625,.T.);
#2229=ORIENTED_EDGE('',*,*,#1626,.F.);
#2230=ORIENTED_EDGE('',*,*,#1625,.F.);
#2231=ORIENTED_EDGE('',*,*,#1434,.F.);
#2232=ORIENTED_EDGE('',*,*,#1334,.T.);
#2233=ORIENTED_EDGE('',*,*,#1514,.T.);
#2234=ORIENTED_EDGE('',*,*,#1344,.T.);
#2235=ORIENTED_EDGE('',*,*,#1624,.T.);
#2236=ORIENTED_EDGE('',*,*,#1433,.F.);
#2237=ORIENTED_EDGE('',*,*,#1627,.T.);
#2238=ORIENTED_EDGE('',*,*,#1501,.T.);
#2239=ORIENTED_EDGE('',*,*,#1628,.F.);
#2240=ORIENTED_EDGE('',*,*,#1618,.T.);
#2241=ORIENTED_EDGE('',*,*,#1629,.T.);
#2242=ORIENTED_EDGE('',*,*,#1630,.F.);
#2243=ORIENTED_EDGE('',*,*,#1629,.F.);
#2244=ORIENTED_EDGE('',*,*,#1621,.T.);
#2245=ORIENTED_EDGE('',*,*,#1631,.T.);
#2246=ORIENTED_EDGE('',*,*,#1632,.F.);
#2247=ORIENTED_EDGE('',*,*,#1631,.F.);
#2248=ORIENTED_EDGE('',*,*,#1633,.F.);
#2249=ORIENTED_EDGE('',*,*,#1634,.T.);
#2250=ORIENTED_EDGE('',*,*,#1635,.F.);
#2251=ORIENTED_EDGE('',*,*,#1634,.F.);
#2252=ORIENTED_EDGE('',*,*,#1628,.T.);
#2253=ORIENTED_EDGE('',*,*,#1500,.T.);
#2254=ORIENTED_EDGE('',*,*,#1332,.F.);
#2255=ORIENTED_EDGE('',*,*,#1414,.F.);
#2256=ORIENTED_EDGE('',*,*,#1633,.T.);
#2257=ORIENTED_EDGE('',*,*,#1632,.T.);
#2258=ORIENTED_EDGE('',*,*,#1630,.T.);
#2259=ORIENTED_EDGE('',*,*,#1575,.F.);
#2260=ORIENTED_EDGE('',*,*,#1592,.T.);
#2261=ORIENTED_EDGE('',*,*,#1510,.F.);
#2262=ORIENTED_EDGE('',*,*,#1614,.F.);
#2263=ORIENTED_EDGE('',*,*,#1425,.F.);
#2264=ORIENTED_EDGE('',*,*,#1623,.T.);
#2265=ORIENTED_EDGE('',*,*,#1626,.T.);
#2266=ORIENTED_EDGE('',*,*,#1635,.T.);
#2267=ORIENTED_EDGE('',*,*,#1620,.T.);
#2268=ORIENTED_EDGE('',*,*,#1636,.F.);
#2269=ORIENTED_EDGE('',*,*,#1428,.F.);
#2270=ORIENTED_EDGE('',*,*,#1610,.T.);
#2271=ORIENTED_EDGE('',*,*,#1637,.T.);
#2272=ORIENTED_EDGE('',*,*,#1638,.T.);
#2273=ORIENTED_EDGE('',*,*,#1506,.T.);
#2274=ORIENTED_EDGE('',*,*,#1639,.F.);
#2275=ORIENTED_EDGE('',*,*,#1640,.F.);
#2276=ORIENTED_EDGE('',*,*,#1636,.T.);
#2277=ORIENTED_EDGE('',*,*,#1505,.T.);
#2278=ORIENTED_EDGE('',*,*,#1641,.F.);
#2279=ORIENTED_EDGE('',*,*,#1429,.F.);
#2280=ORIENTED_EDGE('',*,*,#1641,.T.);
#2281=ORIENTED_EDGE('',*,*,#1504,.T.);
#2282=ORIENTED_EDGE('',*,*,#1642,.F.);
#2283=ORIENTED_EDGE('',*,*,#1430,.F.);
#2284=ORIENTED_EDGE('',*,*,#1642,.T.);
#2285=ORIENTED_EDGE('',*,*,#1503,.T.);
#2286=ORIENTED_EDGE('',*,*,#1643,.T.);
#2287=ORIENTED_EDGE('',*,*,#1431,.F.);
#2288=ORIENTED_EDGE('',*,*,#1643,.F.);
#2289=ORIENTED_EDGE('',*,*,#1502,.F.);
#2290=ORIENTED_EDGE('',*,*,#1627,.F.);
#2291=ORIENTED_EDGE('',*,*,#1432,.F.);
#2292=ORIENTED_EDGE('',*,*,#1615,.F.);
#2293=ORIENTED_EDGE('',*,*,#1644,.T.);
#2294=ORIENTED_EDGE('',*,*,#1645,.F.);
#2295=ORIENTED_EDGE('',*,*,#1644,.F.);
#2296=ORIENTED_EDGE('',*,*,#1646,.T.);
#2297=ORIENTED_EDGE('',*,*,#1611,.T.);
#2298=ORIENTED_EDGE('',*,*,#1508,.T.);
#2299=ORIENTED_EDGE('',*,*,#1647,.T.);
#2300=ORIENTED_EDGE('',*,*,#1648,.F.);
#2301=ORIENTED_EDGE('',*,*,#1649,.F.);
#2302=ORIENTED_EDGE('',*,*,#1612,.F.);
#2303=ORIENTED_EDGE('',*,*,#1646,.F.);
#2304=ORIENTED_EDGE('',*,*,#1650,.F.);
#2305=ORIENTED_EDGE('',*,*,#1637,.F.);
#2306=ORIENTED_EDGE('',*,*,#1609,.F.);
#2307=ORIENTED_EDGE('',*,*,#1613,.F.);
#2308=ORIENTED_EDGE('',*,*,#1649,.T.);
#2309=ORIENTED_EDGE('',*,*,#1638,.F.);
#2310=ORIENTED_EDGE('',*,*,#1650,.T.);
#2311=ORIENTED_EDGE('',*,*,#1648,.T.);
#2312=ORIENTED_EDGE('',*,*,#1647,.F.);
#2313=ORIENTED_EDGE('',*,*,#1507,.T.);
#2314=ORIENTED_EDGE('',*,*,#1645,.T.);
#2315=ORIENTED_EDGE('',*,*,#1640,.T.);
#2316=ORIENTED_EDGE('',*,*,#1651,.T.);
#2317=ORIENTED_EDGE('',*,*,#1652,.T.);
#2318=ORIENTED_EDGE('',*,*,#1651,.F.);
#2319=ORIENTED_EDGE('',*,*,#1639,.T.);
#2320=ORIENTED_EDGE('',*,*,#1653,.T.);
#2321=ORIENTED_EDGE('',*,*,#1654,.T.);
#2322=ORIENTED_EDGE('',*,*,#1653,.F.);
#2323=ORIENTED_EDGE('',*,*,#1655,.T.);
#2324=ORIENTED_EDGE('',*,*,#1656,.T.);
#2325=ORIENTED_EDGE('',*,*,#1352,.T.);
#2326=ORIENTED_EDGE('',*,*,#1656,.F.);
#2327=ORIENTED_EDGE('',*,*,#1657,.T.);
#2328=ORIENTED_EDGE('',*,*,#1658,.T.);
#2329=ORIENTED_EDGE('',*,*,#1351,.T.);
#2330=ORIENTED_EDGE('',*,*,#1658,.F.);
#2331=ORIENTED_EDGE('',*,*,#1360,.F.);
#2332=ORIENTED_EDGE('',*,*,#1659,.T.);
#2333=ORIENTED_EDGE('',*,*,#1660,.T.);
#2334=ORIENTED_EDGE('',*,*,#1661,.T.);
#2335=ORIENTED_EDGE('',*,*,#1659,.F.);
#2336=ORIENTED_EDGE('',*,*,#1662,.T.);
#2337=ORIENTED_EDGE('',*,*,#1657,.F.);
#2338=ORIENTED_EDGE('',*,*,#1361,.F.);
#2339=ORIENTED_EDGE('',*,*,#1663,.T.);
#2340=ORIENTED_EDGE('',*,*,#1664,.T.);
#2341=ORIENTED_EDGE('',*,*,#1665,.T.);
#2342=ORIENTED_EDGE('',*,*,#1663,.F.);
#2343=ORIENTED_EDGE('',*,*,#1666,.T.);
#2344=ORIENTED_EDGE('',*,*,#1655,.F.);
#2345=ORIENTED_EDGE('',*,*,#1616,.T.);
#2346=ORIENTED_EDGE('',*,*,#1667,.T.);
#2347=ORIENTED_EDGE('',*,*,#1668,.T.);
#2348=ORIENTED_EDGE('',*,*,#1669,.T.);
#2349=ORIENTED_EDGE('',*,*,#1667,.F.);
#2350=ORIENTED_EDGE('',*,*,#1670,.T.);
#2351=ORIENTED_EDGE('',*,*,#1654,.F.);
#2352=ORIENTED_EDGE('',*,*,#1617,.T.);
#2353=ORIENTED_EDGE('',*,*,#1671,.T.);
#2354=ORIENTED_EDGE('',*,*,#1672,.T.);
#2355=ORIENTED_EDGE('',*,*,#1673,.T.);
#2356=ORIENTED_EDGE('',*,*,#1671,.F.);
#2357=ORIENTED_EDGE('',*,*,#1674,.T.);
#2358=ORIENTED_EDGE('',*,*,#1652,.F.);
#2359=ORIENTED_EDGE('',*,*,#1670,.F.);
#2360=ORIENTED_EDGE('',*,*,#1675,.T.);
#2361=ORIENTED_EDGE('',*,*,#1668,.F.);
#2362=ORIENTED_EDGE('',*,*,#1669,.F.);
#2363=ORIENTED_EDGE('',*,*,#1675,.F.);
#2364=ORIENTED_EDGE('',*,*,#1674,.F.);
#2365=ORIENTED_EDGE('',*,*,#1676,.T.);
#2366=ORIENTED_EDGE('',*,*,#1672,.F.);
#2367=ORIENTED_EDGE('',*,*,#1673,.F.);
#2368=ORIENTED_EDGE('',*,*,#1676,.F.);
#2369=ORIENTED_EDGE('',*,*,#1666,.F.);
#2370=ORIENTED_EDGE('',*,*,#1677,.T.);
#2371=ORIENTED_EDGE('',*,*,#1664,.F.);
#2372=ORIENTED_EDGE('',*,*,#1665,.F.);
#2373=ORIENTED_EDGE('',*,*,#1677,.F.);
#2374=ORIENTED_EDGE('',*,*,#1662,.F.);
#2375=ORIENTED_EDGE('',*,*,#1678,.T.);
#2376=ORIENTED_EDGE('',*,*,#1660,.F.);
#2377=ORIENTED_EDGE('',*,*,#1661,.F.);
#2378=ORIENTED_EDGE('',*,*,#1678,.F.);
#2379=PLANE('',#2580);
#2380=PLANE('',#2581);
#2381=PLANE('',#2582);
#2382=PLANE('',#2583);
#2383=PLANE('',#2584);
#2384=PLANE('',#2587);
#2385=PLANE('',#2594);
#2386=PLANE('',#2595);
#2387=PLANE('',#2596);
#2388=PLANE('',#2599);
#2389=PLANE('',#2600);
#2390=PLANE('',#2601);
#2391=PLANE('',#2606);
#2392=PLANE('',#2609);
#2393=PLANE('',#2611);
#2394=PLANE('',#2620);
#2395=PLANE('',#2621);
#2396=PLANE('',#2668);
#2397=PLANE('',#2669);
#2398=PLANE('',#2670);
#2399=PLANE('',#2685);
#2400=PLANE('',#2706);
#2401=PLANE('',#2707);
#2402=PLANE('',#2710);
#2403=PLANE('',#2711);
#2404=PLANE('',#2712);
#2405=PLANE('',#2713);
#2406=PLANE('',#2714);
#2407=PLANE('',#2717);
#2408=PLANE('',#2718);
#2409=PLANE('',#2719);
#2410=PLANE('',#2720);
#2411=PLANE('',#2722);
#2412=PLANE('',#2723);
#2413=PLANE('',#2724);
#2414=PLANE('',#2735);
#2415=PLANE('',#2736);
#2416=PLANE('',#2739);
#2417=PLANE('',#2741);
#2418=PLANE('',#2742);
#2419=PLANE('',#2743);
#2420=PLANE('',#2744);
#2421=PLANE('',#2753);
#2422=PLANE('',#2754);
#2423=PLANE('',#2768);
#2424=PLANE('',#2769);
#2425=PLANE('',#2777);
#2426=PLANE('',#2778);
#2427=PLANE('',#2779);
#2428=PLANE('',#2782);
#2429=PLANE('',#2783);
#2430=PLANE('',#2784);
#2431=PLANE('',#2788);
#2432=PLANE('',#2791);
#2433=PLANE('',#2792);
#2434=PLANE('',#2804);
#2435=PLANE('',#2809);
#2436=PLANE('',#2814);
#2437=PLANE('',#2819);
#2438=ADVANCED_FACE('',(#308),#2379,.T.);
#2439=ADVANCED_FACE('',(#309),#2380,.F.);
#2440=ADVANCED_FACE('',(#310),#2381,.F.);
#2441=ADVANCED_FACE('',(#311),#2382,.T.);
#2442=ADVANCED_FACE('',(#312,#105,#106),#2383,.T.);
#2443=ADVANCED_FACE('',(#313,#107,#108,#109),#2384,.F.);
#2444=ADVANCED_FACE('',(#314),#43,.F.);
#2445=ADVANCED_FACE('',(#315),#2385,.F.);
#2446=ADVANCED_FACE('',(#316),#2386,.T.);
#2447=ADVANCED_FACE('',(#317),#2387,.F.);
#2448=ADVANCED_FACE('',(#318),#44,.T.);
#2449=ADVANCED_FACE('',(#319,#110),#2388,.F.);
#2450=ADVANCED_FACE('',(#320),#2389,.T.);
#2451=ADVANCED_FACE('',(#321,#111,#112,#113,#114),#2390,.T.);
#2452=ADVANCED_FACE('',(#322,#115),#2391,.F.);
#2453=ADVANCED_FACE('',(#323),#45,.F.);
#2454=ADVANCED_FACE('',(#324,#116),#2392,.F.);
#2455=ADVANCED_FACE('',(#325,#117,#118,#119),#2393,.F.);
#2456=ADVANCED_FACE('',(#326),#46,.F.);
#2457=ADVANCED_FACE('',(#327),#47,.F.);
#2458=ADVANCED_FACE('',(#328),#48,.F.);
#2459=ADVANCED_FACE('',(#329),#2394,.F.);
#2460=ADVANCED_FACE('',(#330,#120,#121,#122,#123,#124,#125,#126,#127,#128,
#129,#130,#131,#132,#133,#134,#135,#136,#137,#138,#139,#140,#141,#142,#143,
#144,#145,#146,#147),#2395,.T.);
#2461=ADVANCED_FACE('',(#331),#29,.F.);
#2462=ADVANCED_FACE('',(#332),#30,.F.);
#2463=ADVANCED_FACE('',(#333),#49,.F.);
#2464=ADVANCED_FACE('',(#334),#50,.F.);
#2465=ADVANCED_FACE('',(#335),#51,.F.);
#2466=ADVANCED_FACE('',(#336),#52,.F.);
#2467=ADVANCED_FACE('',(#337),#53,.F.);
#2468=ADVANCED_FACE('',(#338),#54,.F.);
#2469=ADVANCED_FACE('',(#339),#55,.F.);
#2470=ADVANCED_FACE('',(#340),#56,.F.);
#2471=ADVANCED_FACE('',(#341),#2396,.T.);
#2472=ADVANCED_FACE('',(#342),#2397,.T.);
#2473=ADVANCED_FACE('',(#343),#2398,.T.);
#2474=ADVANCED_FACE('',(#344),#57,.T.);
#2475=ADVANCED_FACE('',(#345),#58,.F.);
#2476=ADVANCED_FACE('',(#346),#59,.F.);
#2477=ADVANCED_FACE('',(#347),#60,.F.);
#2478=ADVANCED_FACE('',(#348),#31,.F.);
#2479=ADVANCED_FACE('',(#349),#61,.F.);
#2480=ADVANCED_FACE('',(#350),#32,.F.);
#2481=ADVANCED_FACE('',(#351,#148,#149,#150,#151,#152,#153,#154,#155,#156,
#157,#158,#159,#160,#161,#162,#163,#164,#165,#166,#167,#168,#169,#170),
#2399,.T.);
#2482=ADVANCED_FACE('',(#352),#62,.F.);
#2483=ADVANCED_FACE('',(#353),#63,.F.);
#2484=ADVANCED_FACE('',(#354),#64,.F.);
#2485=ADVANCED_FACE('',(#355),#33,.F.);
#2486=ADVANCED_FACE('',(#356),#65,.F.);
#2487=ADVANCED_FACE('',(#357),#34,.F.);
#2488=ADVANCED_FACE('',(#358),#2400,.F.);
#2489=ADVANCED_FACE('',(#359,#171),#2401,.T.);
#2490=ADVANCED_FACE('',(#360),#66,.F.);
#2491=ADVANCED_FACE('',(#361),#2402,.F.);
#2492=ADVANCED_FACE('',(#362),#2403,.F.);
#2493=ADVANCED_FACE('',(#363,#172),#2404,.F.);
#2494=ADVANCED_FACE('',(#364),#2405,.F.);
#2495=ADVANCED_FACE('',(#365,#173,#174),#2406,.T.);
#2496=ADVANCED_FACE('',(#366,#175),#2407,.T.);
#2497=ADVANCED_FACE('',(#367),#19,.T.);
#2498=ADVANCED_FACE('',(#368),#2408,.T.);
#2499=ADVANCED_FACE('',(#369),#2409,.F.);
#2500=ADVANCED_FACE('',(#370,#176),#2410,.F.);
#2501=ADVANCED_FACE('',(#371,#177),#2411,.T.);
#2502=ADVANCED_FACE('',(#372),#20,.T.);
#2503=ADVANCED_FACE('',(#373),#2412,.F.);
#2504=ADVANCED_FACE('',(#374),#2413,.T.);
#2505=ADVANCED_FACE('',(#375),#67,.F.);
#2506=ADVANCED_FACE('',(#376),#35,.F.);
#2507=ADVANCED_FACE('',(#377),#68,.F.);
#2508=ADVANCED_FACE('',(#378),#36,.F.);
#2509=ADVANCED_FACE('',(#379),#69,.F.);
#2510=ADVANCED_FACE('',(#380),#70,.F.);
#2511=ADVANCED_FACE('',(#381),#2414,.T.);
#2512=ADVANCED_FACE('',(#382),#2415,.T.);
#2513=ADVANCED_FACE('',(#383),#71,.F.);
#2514=ADVANCED_FACE('',(#384,#178),#2416,.T.);
#2515=ADVANCED_FACE('',(#385),#2417,.F.);
#2516=ADVANCED_FACE('',(#386,#179),#2418,.F.);
#2517=ADVANCED_FACE('',(#387),#2419,.F.);
#2518=ADVANCED_FACE('',(#388),#2420,.F.);
#2519=ADVANCED_FACE('',(#389),#72,.F.);
#2520=ADVANCED_FACE('',(#390),#73,.F.);
#2521=ADVANCED_FACE('',(#391),#74,.F.);
#2522=ADVANCED_FACE('',(#392),#75,.F.);
#2523=ADVANCED_FACE('',(#393),#76,.F.);
#2524=ADVANCED_FACE('',(#394),#77,.F.);
#2525=ADVANCED_FACE('',(#395),#78,.F.);
#2526=ADVANCED_FACE('',(#396),#79,.F.);
#2527=ADVANCED_FACE('',(#397),#2421,.T.);
#2528=ADVANCED_FACE('',(#398,#180,#181,#182),#2422,.F.);
#2529=ADVANCED_FACE('',(#399),#37,.F.);
#2530=ADVANCED_FACE('',(#400),#38,.F.);
#2531=ADVANCED_FACE('',(#401),#80,.F.);
#2532=ADVANCED_FACE('',(#402,#183),#2423,.F.);
#2533=ADVANCED_FACE('',(#403),#2424,.F.);
#2534=ADVANCED_FACE('',(#404),#81,.F.);
#2535=ADVANCED_FACE('',(#405),#82,.F.);
#2536=ADVANCED_FACE('',(#406),#83,.F.);
#2537=ADVANCED_FACE('',(#407,#184,#185,#186),#2425,.F.);
#2538=ADVANCED_FACE('',(#408,#187,#188,#189,#190),#2426,.T.);
#2539=ADVANCED_FACE('',(#409,#191,#192),#2427,.T.);
#2540=ADVANCED_FACE('',(#410),#2428,.T.);
#2541=ADVANCED_FACE('',(#411),#2429,.T.);
#2542=ADVANCED_FACE('',(#412),#2430,.T.);
#2543=ADVANCED_FACE('',(#413),#84,.T.);
#2544=ADVANCED_FACE('',(#414),#85,.F.);
#2545=ADVANCED_FACE('',(#415),#2431,.F.);
#2546=ADVANCED_FACE('',(#416),#86,.T.);
#2547=ADVANCED_FACE('',(#417),#2432,.F.);
#2548=ADVANCED_FACE('',(#418,#193),#2433,.F.);
#2549=ADVANCED_FACE('',(#419),#87,.F.);
#2550=ADVANCED_FACE('',(#420),#88,.F.);
#2551=ADVANCED_FACE('',(#421),#89,.F.);
#2552=ADVANCED_FACE('',(#422),#90,.F.);
#2553=ADVANCED_FACE('',(#423),#91,.F.);
#2554=ADVANCED_FACE('',(#424,#194),#2434,.F.);
#2555=ADVANCED_FACE('',(#425),#92,.F.);
#2556=ADVANCED_FACE('',(#426,#195),#2435,.F.);
#2557=ADVANCED_FACE('',(#427),#93,.F.);
#2558=ADVANCED_FACE('',(#428,#196),#2436,.F.);
#2559=ADVANCED_FACE('',(#429),#94,.F.);
#2560=ADVANCED_FACE('',(#430,#197),#2437,.F.);
#2561=ADVANCED_FACE('',(#431),#39,.F.);
#2562=ADVANCED_FACE('',(#432),#40,.F.);
#2563=ADVANCED_FACE('',(#433),#41,.F.);
#2564=ADVANCED_FACE('',(#434),#42,.F.);
#2565=CLOSED_SHELL('',(#2438,#2439,#2440,#2441,#2442,#2443,#2444,#2445,
#2446,#2447,#2448,#2449,#2450,#2451,#2452,#2453,#2454,#2455,#2456,#2457,
#2458,#2459,#2460,#2461,#2462,#2463,#2464,#2465,#2466,#2467,#2468,#2469,
#2470,#2471,#2472,#2473,#2474,#2475,#2476,#2477,#2478,#2479,#2480,#2481,
#2482,#2483,#2484,#2485,#2486,#2487,#2488,#2489,#2490,#2491,#2492,#2493,
#2494,#2495,#2496,#2497,#2498,#2499,#2500,#2501,#2502,#2503,#2504,#2505,
#2506,#2507,#2508,#2509,#2510,#2511,#2512,#2513,#2514,#2515,#2516,#2517,
#2518,#2519,#2520,#2521,#2522,#2523,#2524,#2525,#2526,#2527,#2528,#2529,
#2530,#2531,#2532,#2533,#2534,#2535,#2536,#2537,#2538,#2539,#2540,#2541,
#2542,#2543,#2544,#2545,#2546,#2547,#2548,#2549,#2550,#2551,#2552,#2553,
#2554,#2555,#2556,#2557,#2558,#2559,#2560,#2561,#2562,#2563,#2564));
#2566=DERIVED_UNIT_ELEMENT(#2568,1.);
#2567=DERIVED_UNIT_ELEMENT(#5275,-3.);
#2568=(
MASS_UNIT()
NAMED_UNIT(*)
SI_UNIT(.KILO.,.GRAM.)
);
#2569=DERIVED_UNIT((#2566,#2567));
#2570=MEASURE_REPRESENTATION_ITEM('density measure',
POSITIVE_RATIO_MEASURE(7850.),#2569);
#2571=PROPERTY_DEFINITION_REPRESENTATION(#2576,#2573);
#2572=PROPERTY_DEFINITION_REPRESENTATION(#2577,#2574);
#2573=REPRESENTATION('material name',(#2575),#5272);
#2574=REPRESENTATION('density',(#2570),#5272);
#2575=DESCRIPTIVE_REPRESENTATION_ITEM('Steel','Steel');
#2576=PROPERTY_DEFINITION('material property','material name',#5287);
#2577=PROPERTY_DEFINITION('material property','density of part',#5287);
#2578=AXIS2_PLACEMENT_3D('',#3544,#2826,#2827);
#2579=AXIS2_PLACEMENT_3D('',#3545,#2828,#2829);
#2580=AXIS2_PLACEMENT_3D('',#3546,#2830,#2831);
#2581=AXIS2_PLACEMENT_3D('',#3555,#2836,#2837);
#2582=AXIS2_PLACEMENT_3D('',#3564,#2842,#2843);
#2583=AXIS2_PLACEMENT_3D('',#3573,#2848,#2849);
#2584=AXIS2_PLACEMENT_3D('',#3582,#2854,#2855);
#2585=AXIS2_PLACEMENT_3D('',#3596,#2862,#2863);
#2586=AXIS2_PLACEMENT_3D('',#3598,#2864,#2865);
#2587=AXIS2_PLACEMENT_3D('',#3599,#2866,#2867);
#2588=AXIS2_PLACEMENT_3D('',#3613,#2874,#2875);
#2589=AXIS2_PLACEMENT_3D('',#3615,#2876,#2877);
#2590=AXIS2_PLACEMENT_3D('',#3617,#2878,#2879);
#2591=AXIS2_PLACEMENT_3D('',#3619,#2880,#2881);
#2592=AXIS2_PLACEMENT_3D('',#3620,#2882,#2883);
#2593=AXIS2_PLACEMENT_3D('',#3623,#2885,#2886);
#2594=AXIS2_PLACEMENT_3D('',#3624,#2887,#2888);
#2595=AXIS2_PLACEMENT_3D('',#3630,#2892,#2893);
#2596=AXIS2_PLACEMENT_3D('',#3633,#2896,#2897);
#2597=AXIS2_PLACEMENT_3D('',#3637,#2900,#2901);
#2598=AXIS2_PLACEMENT_3D('',#3638,#2902,#2903);
#2599=AXIS2_PLACEMENT_3D('',#3639,#2904,#2905);
#2600=AXIS2_PLACEMENT_3D('',#3641,#2907,#2908);
#2601=AXIS2_PLACEMENT_3D('',#3656,#2916,#2917);
#2602=AXIS2_PLACEMENT_3D('',#3662,#2921,#2922);
#2603=AXIS2_PLACEMENT_3D('',#3664,#2923,#2924);
#2604=AXIS2_PLACEMENT_3D('',#3666,#2925,#2926);
#2605=AXIS2_PLACEMENT_3D('',#3668,#2927,#2928);
#2606=AXIS2_PLACEMENT_3D('',#3669,#2929,#2930);
#2607=AXIS2_PLACEMENT_3D('',#3673,#2933,#2934);
#2608=AXIS2_PLACEMENT_3D('',#3674,#2935,#2936);
#2609=AXIS2_PLACEMENT_3D('',#3676,#2938,#2939);
#2610=AXIS2_PLACEMENT_3D('',#3691,#2947,#2948);
#2611=AXIS2_PLACEMENT_3D('',#3692,#2949,#2950);
#2612=AXIS2_PLACEMENT_3D('',#3699,#2954,#2955);
#2613=AXIS2_PLACEMENT_3D('',#3701,#2956,#2957);
#2614=AXIS2_PLACEMENT_3D('',#3703,#2958,#2959);
#2615=AXIS2_PLACEMENT_3D('',#3704,#2960,#2961);
#2616=AXIS2_PLACEMENT_3D('',#3706,#2963,#2964);
#2617=AXIS2_PLACEMENT_3D('',#3708,#2965,#2966);
#2618=AXIS2_PLACEMENT_3D('',#3710,#2968,#2969);
#2619=AXIS2_PLACEMENT_3D('',#3712,#2970,#2971);
#2620=AXIS2_PLACEMENT_3D('',#3714,#2973,#2974);
#2621=AXIS2_PLACEMENT_3D('',#3720,#2978,#2979);
#2622=AXIS2_PLACEMENT_3D('',#3724,#2981,#2982);
#2623=AXIS2_PLACEMENT_3D('',#3757,#2999,#3000);
#2624=AXIS2_PLACEMENT_3D('',#3761,#3003,#3004);
#2625=AXIS2_PLACEMENT_3D('',#3763,#3005,#3006);
#2626=AXIS2_PLACEMENT_3D('',#3765,#3007,#3008);
#2627=AXIS2_PLACEMENT_3D('',#3767,#3009,#3010);
#2628=AXIS2_PLACEMENT_3D('',#3769,#3011,#3012);
#2629=AXIS2_PLACEMENT_3D('',#3771,#3013,#3014);
#2630=AXIS2_PLACEMENT_3D('',#3773,#3015,#3016);
#2631=AXIS2_PLACEMENT_3D('',#3775,#3017,#3018);
#2632=AXIS2_PLACEMENT_3D('',#3780,#3021,#3022);
#2633=AXIS2_PLACEMENT_3D('',#3782,#3023,#3024);
#2634=AXIS2_PLACEMENT_3D('',#3784,#3025,#3026);
#2635=AXIS2_PLACEMENT_3D('',#3786,#3027,#3028);
#2636=AXIS2_PLACEMENT_3D('',#3788,#3029,#3030);
#2637=AXIS2_PLACEMENT_3D('',#3790,#3031,#3032);
#2638=AXIS2_PLACEMENT_3D('',#3792,#3033,#3034);
#2639=AXIS2_PLACEMENT_3D('',#3794,#3035,#3036);
#2640=AXIS2_PLACEMENT_3D('',#3796,#3037,#3038);
#2641=AXIS2_PLACEMENT_3D('',#3798,#3039,#3040);
#2642=AXIS2_PLACEMENT_3D('',#3800,#3041,#3042);
#2643=AXIS2_PLACEMENT_3D('',#3802,#3043,#3044);
#2644=AXIS2_PLACEMENT_3D('',#3804,#3045,#3046);
#2645=AXIS2_PLACEMENT_3D('',#3806,#3047,#3048);
#2646=AXIS2_PLACEMENT_3D('',#3808,#3049,#3050);
#2647=AXIS2_PLACEMENT_3D('',#3810,#3051,#3052);
#2648=AXIS2_PLACEMENT_3D('',#3812,#3053,#3054);
#2649=AXIS2_PLACEMENT_3D('',#3814,#3055,#3056);
#2650=AXIS2_PLACEMENT_3D('',#3815,#3057,#3058);
#2651=AXIS2_PLACEMENT_3D('',#3817,#3060,#3061);
#2652=AXIS2_PLACEMENT_3D('',#3819,#3063,#3064);
#2653=AXIS2_PLACEMENT_3D('',#3821,#3065,#3066);
#2654=AXIS2_PLACEMENT_3D('',#3823,#3068,#3069);
#2655=AXIS2_PLACEMENT_3D('',#3826,#3071,#3072);
#2656=AXIS2_PLACEMENT_3D('',#3827,#3073,#3074);
#2657=AXIS2_PLACEMENT_3D('',#3830,#3076,#3077);
#2658=AXIS2_PLACEMENT_3D('',#3831,#3078,#3079);
#2659=AXIS2_PLACEMENT_3D('',#3834,#3081,#3082);
#2660=AXIS2_PLACEMENT_3D('',#3835,#3083,#3084);
#2661=AXIS2_PLACEMENT_3D('',#3838,#3086,#3087);
#2662=AXIS2_PLACEMENT_3D('',#3839,#3088,#3089);
#2663=AXIS2_PLACEMENT_3D('',#3842,#3091,#3092);
#2664=AXIS2_PLACEMENT_3D('',#3843,#3093,#3094);
#2665=AXIS2_PLACEMENT_3D('',#3845,#3095,#3096);
#2666=AXIS2_PLACEMENT_3D('',#3847,#3098,#3099);
#2667=AXIS2_PLACEMENT_3D('',#3850,#3101,#3102);
#2668=AXIS2_PLACEMENT_3D('',#3851,#3103,#3104);
#2669=AXIS2_PLACEMENT_3D('',#3855,#3107,#3108);
#2670=AXIS2_PLACEMENT_3D('',#3859,#3111,#3112);
#2671=AXIS2_PLACEMENT_3D('',#3863,#3115,#3116);
#2672=AXIS2_PLACEMENT_3D('',#3864,#3117,#3118);
#2673=AXIS2_PLACEMENT_3D('',#3865,#3119,#3120);
#2674=AXIS2_PLACEMENT_3D('',#3868,#3122,#3123);
#2675=AXIS2_PLACEMENT_3D('',#3869,#3124,#3125);
#2676=AXIS2_PLACEMENT_3D('',#3872,#3127,#3128);
#2677=AXIS2_PLACEMENT_3D('',#3873,#3129,#3130);
#2678=AXIS2_PLACEMENT_3D('',#3875,#3131,#3132);
#2679=AXIS2_PLACEMENT_3D('',#3878,#3134,#3135);
#2680=AXIS2_PLACEMENT_3D('',#3879,#3136,#3137);
#2681=AXIS2_PLACEMENT_3D('',#3881,#3139,#3140);
#2682=AXIS2_PLACEMENT_3D('',#3883,#3141,#3142);
#2683=AXIS2_PLACEMENT_3D('',#3886,#3144,#3145);
#2684=AXIS2_PLACEMENT_3D('',#3887,#3146,#3147);
#2685=AXIS2_PLACEMENT_3D('',#3889,#3149,#3150);
#2686=AXIS2_PLACEMENT_3D('',#3895,#3153,#3154);
#2687=AXIS2_PLACEMENT_3D('',#3918,#3167,#3168);
#2688=AXIS2_PLACEMENT_3D('',#3920,#3169,#3170);
#2689=AXIS2_PLACEMENT_3D('',#3922,#3171,#3172);
#2690=AXIS2_PLACEMENT_3D('',#3924,#3173,#3174);
#2691=AXIS2_PLACEMENT_3D('',#3926,#3175,#3176);
#2692=AXIS2_PLACEMENT_3D('',#3928,#3177,#3178);
#2693=AXIS2_PLACEMENT_3D('',#3930,#3179,#3180);
#2694=AXIS2_PLACEMENT_3D('',#3932,#3181,#3182);
#2695=AXIS2_PLACEMENT_3D('',#3934,#3183,#3184);
#2696=AXIS2_PLACEMENT_3D('',#3936,#3185,#3186);
#2697=AXIS2_PLACEMENT_3D('',#3938,#3187,#3188);
#2698=AXIS2_PLACEMENT_3D('',#3939,#3189,#3190);
#2699=AXIS2_PLACEMENT_3D('',#3941,#3192,#3193);
#2700=AXIS2_PLACEMENT_3D('',#3943,#3195,#3196);
#2701=AXIS2_PLACEMENT_3D('',#3946,#3198,#3199);
#2702=AXIS2_PLACEMENT_3D('',#3947,#3200,#3201);
#2703=AXIS2_PLACEMENT_3D('',#3949,#3203,#3204);
#2704=AXIS2_PLACEMENT_3D('',#3952,#3206,#3207);
#2705=AXIS2_PLACEMENT_3D('',#3953,#3208,#3209);
#2706=AXIS2_PLACEMENT_3D('',#3955,#3211,#3212);
#2707=AXIS2_PLACEMENT_3D('',#3962,#3217,#3218);
#2708=AXIS2_PLACEMENT_3D('',#3963,#3219,#3220);
#2709=AXIS2_PLACEMENT_3D('',#3965,#3221,#3222);
#2710=AXIS2_PLACEMENT_3D('',#3967,#3224,#3225);
#2711=AXIS2_PLACEMENT_3D('',#3974,#3230,#3231);
#2712=AXIS2_PLACEMENT_3D('',#3978,#3234,#3235);
#2713=AXIS2_PLACEMENT_3D('',#3980,#3237,#3238);
#2714=AXIS2_PLACEMENT_3D('',#3981,#3239,#3240);
#2715=AXIS2_PLACEMENT_3D('',#3994,#3247,#3248);
#2716=AXIS2_PLACEMENT_3D('',#3996,#3249,#3250);
#2717=AXIS2_PLACEMENT_3D('',#3997,#3251,#3252);
#2718=AXIS2_PLACEMENT_3D('',#4514,#3254,#3255);
#2719=AXIS2_PLACEMENT_3D('',#4516,#3257,#3258);
#2720=AXIS2_PLACEMENT_3D('',#4518,#3260,#3261);
#2721=AXIS2_PLACEMENT_3D('',#4525,#3265,#3266);
#2722=AXIS2_PLACEMENT_3D('',#4526,#3267,#3268);
#2723=AXIS2_PLACEMENT_3D('',#5043,#3270,#3271);
#2724=AXIS2_PLACEMENT_3D('',#5051,#3276,#3277);
#2725=AXIS2_PLACEMENT_3D('',#5061,#3283,#3284);
#2726=AXIS2_PLACEMENT_3D('',#5064,#3286,#3287);
#2727=AXIS2_PLACEMENT_3D('',#5065,#3288,#3289);
#2728=AXIS2_PLACEMENT_3D('',#5067,#3291,#3292);
#2729=AXIS2_PLACEMENT_3D('',#5070,#3294,#3295);
#2730=AXIS2_PLACEMENT_3D('',#5071,#3296,#3297);
#2731=AXIS2_PLACEMENT_3D('',#5073,#3299,#3300);
#2732=AXIS2_PLACEMENT_3D('',#5076,#3302,#3303);
#2733=AXIS2_PLACEMENT_3D('',#5077,#3304,#3305);
#2734=AXIS2_PLACEMENT_3D('',#5080,#3307,#3308);
#2735=AXIS2_PLACEMENT_3D('',#5081,#3309,#3310);
#2736=AXIS2_PLACEMENT_3D('',#5082,#3311,#3312);
#2737=AXIS2_PLACEMENT_3D('',#5083,#3313,#3314);
#2738=AXIS2_PLACEMENT_3D('',#5085,#3315,#3316);
#2739=AXIS2_PLACEMENT_3D('',#5087,#3318,#3319);
#2740=AXIS2_PLACEMENT_3D('',#5091,#3322,#3323);
#2741=AXIS2_PLACEMENT_3D('',#5092,#3324,#3325);
#2742=AXIS2_PLACEMENT_3D('',#5096,#3328,#3329);
#2743=AXIS2_PLACEMENT_3D('',#5100,#3332,#3333);
#2744=AXIS2_PLACEMENT_3D('',#5102,#3335,#3336);
#2745=AXIS2_PLACEMENT_3D('',#5103,#3337,#3338);
#2746=AXIS2_PLACEMENT_3D('',#5105,#3340,#3341);
#2747=AXIS2_PLACEMENT_3D('',#5107,#3343,#3344);
#2748=AXIS2_PLACEMENT_3D('',#5109,#3346,#3347);
#2749=AXIS2_PLACEMENT_3D('',#5111,#3349,#3350);
#2750=AXIS2_PLACEMENT_3D('',#5113,#3352,#3353);
#2751=AXIS2_PLACEMENT_3D('',#5115,#3355,#3356);
#2752=AXIS2_PLACEMENT_3D('',#5117,#3358,#3359);
#2753=AXIS2_PLACEMENT_3D('',#5119,#3361,#3362);
#2754=AXIS2_PLACEMENT_3D('',#5125,#3366,#3367);
#2755=AXIS2_PLACEMENT_3D('',#5129,#3369,#3370);
#2756=AXIS2_PLACEMENT_3D('',#5133,#3373,#3374);
#2757=AXIS2_PLACEMENT_3D('',#5135,#3375,#3376);
#2758=AXIS2_PLACEMENT_3D('',#5137,#3377,#3378);
#2759=AXIS2_PLACEMENT_3D('',#5138,#3379,#3380);
#2760=AXIS2_PLACEMENT_3D('',#5140,#3381,#3382);
#2761=AXIS2_PLACEMENT_3D('',#5143,#3384,#3385);
#2762=AXIS2_PLACEMENT_3D('',#5144,#3386,#3387);
#2763=AXIS2_PLACEMENT_3D('',#5146,#3388,#3389);
#2764=AXIS2_PLACEMENT_3D('',#5149,#3391,#3392);
#2765=AXIS2_PLACEMENT_3D('',#5150,#3393,#3394);
#2766=AXIS2_PLACEMENT_3D('',#5152,#3395,#3396);
#2767=AXIS2_PLACEMENT_3D('',#5155,#3398,#3399);
#2768=AXIS2_PLACEMENT_3D('',#5156,#3400,#3401);
#2769=AXIS2_PLACEMENT_3D('',#5157,#3402,#3403);
#2770=AXIS2_PLACEMENT_3D('',#5160,#3406,#3407);
#2771=AXIS2_PLACEMENT_3D('',#5163,#3409,#3410);
#2772=AXIS2_PLACEMENT_3D('',#5164,#3411,#3412);
#2773=AXIS2_PLACEMENT_3D('',#5167,#3414,#3415);
#2774=AXIS2_PLACEMENT_3D('',#5168,#3416,#3417);
#2775=AXIS2_PLACEMENT_3D('',#5170,#3418,#3419);
#2776=AXIS2_PLACEMENT_3D('',#5173,#3421,#3422);
#2777=AXIS2_PLACEMENT_3D('',#5174,#3423,#3424);
#2778=AXIS2_PLACEMENT_3D('',#5175,#3425,#3426);
#2779=AXIS2_PLACEMENT_3D('',#5176,#3427,#3428);
#2780=AXIS2_PLACEMENT_3D('',#5182,#3432,#3433);
#2781=AXIS2_PLACEMENT_3D('',#5184,#3434,#3435);
#2782=AXIS2_PLACEMENT_3D('',#5185,#3436,#3437);
#2783=AXIS2_PLACEMENT_3D('',#5187,#3439,#3440);
#2784=AXIS2_PLACEMENT_3D('',#5189,#3442,#3443);
#2785=AXIS2_PLACEMENT_3D('',#5191,#3445,#3446);
#2786=AXIS2_PLACEMENT_3D('',#5192,#3447,#3448);
#2787=AXIS2_PLACEMENT_3D('',#5195,#3450,#3451);
#2788=AXIS2_PLACEMENT_3D('',#5196,#3452,#3453);
#2789=AXIS2_PLACEMENT_3D('',#5200,#3456,#3457);
#2790=AXIS2_PLACEMENT_3D('',#5202,#3458,#3459);
#2791=AXIS2_PLACEMENT_3D('',#5204,#3461,#3462);
#2792=AXIS2_PLACEMENT_3D('',#5206,#3464,#3465);
#2793=AXIS2_PLACEMENT_3D('',#5207,#3466,#3467);
#2794=AXIS2_PLACEMENT_3D('',#5210,#3469,#3470);
#2795=AXIS2_PLACEMENT_3D('',#5211,#3471,#3472);
#2796=AXIS2_PLACEMENT_3D('',#5214,#3474,#3475);
#2797=AXIS2_PLACEMENT_3D('',#5215,#3476,#3477);
#2798=AXIS2_PLACEMENT_3D('',#5217,#3478,#3479);
#2799=AXIS2_PLACEMENT_3D('',#5219,#3481,#3482);
#2800=AXIS2_PLACEMENT_3D('',#5221,#3483,#3484);
#2801=AXIS2_PLACEMENT_3D('',#5223,#3486,#3487);
#2802=AXIS2_PLACEMENT_3D('',#5227,#3489,#3490);
#2803=AXIS2_PLACEMENT_3D('',#5228,#3491,#3492);
#2804=AXIS2_PLACEMENT_3D('',#5229,#3493,#3494);
#2805=AXIS2_PLACEMENT_3D('',#5231,#3495,#3496);
#2806=AXIS2_PLACEMENT_3D('',#5232,#3497,#3498);
#2807=AXIS2_PLACEMENT_3D('',#5236,#3500,#3501);
#2808=AXIS2_PLACEMENT_3D('',#5237,#3502,#3503);
#2809=AXIS2_PLACEMENT_3D('',#5238,#3504,#3505);
#2810=AXIS2_PLACEMENT_3D('',#5240,#3506,#3507);
#2811=AXIS2_PLACEMENT_3D('',#5241,#3508,#3509);
#2812=AXIS2_PLACEMENT_3D('',#5245,#3511,#3512);
#2813=AXIS2_PLACEMENT_3D('',#5246,#3513,#3514);
#2814=AXIS2_PLACEMENT_3D('',#5247,#3515,#3516);
#2815=AXIS2_PLACEMENT_3D('',#5249,#3517,#3518);
#2816=AXIS2_PLACEMENT_3D('',#5250,#3519,#3520);
#2817=AXIS2_PLACEMENT_3D('',#5254,#3522,#3523);
#2818=AXIS2_PLACEMENT_3D('',#5255,#3524,#3525);
#2819=AXIS2_PLACEMENT_3D('',#5256,#3526,#3527);
#2820=AXIS2_PLACEMENT_3D('',#5258,#3528,#3529);
#2821=AXIS2_PLACEMENT_3D('',#5259,#3530,#3531);
#2822=AXIS2_PLACEMENT_3D('',#5261,#3533,#3534);
#2823=AXIS2_PLACEMENT_3D('',#5263,#3536,#3537);
#2824=AXIS2_PLACEMENT_3D('',#5265,#3539,#3540);
#2825=AXIS2_PLACEMENT_3D('',#5267,#3542,#3543);
#2826=DIRECTION('axis',(0.,0.,1.));
#2827=DIRECTION('refdir',(1.,0.,0.));
#2828=DIRECTION('axis',(0.,0.,1.));
#2829=DIRECTION('refdir',(1.,0.,0.));
#2830=DIRECTION('center_axis',(0.,0.,1.));
#2831=DIRECTION('ref_axis',(4.34374758384592E-15,1.,0.));
#2832=DIRECTION('',(4.34374758384592E-15,1.,0.));
#2833=DIRECTION('',(-1.,4.34374758384592E-15,0.));
#2834=DIRECTION('',(-4.34374758384592E-15,-1.,0.));
#2835=DIRECTION('',(-1.,4.34374758384592E-15,0.));
#2836=DIRECTION('center_axis',(0.,0.,1.));
#2837=DIRECTION('ref_axis',(4.34374758384592E-15,1.,0.));
#2838=DIRECTION('',(4.34374758384592E-15,1.,0.));
#2839=DIRECTION('',(-1.,4.34374758384592E-15,0.));
#2840=DIRECTION('',(4.34374758384592E-15,1.,0.));
#2841=DIRECTION('',(-1.,4.34374758384592E-15,0.));
#2842=DIRECTION('center_axis',(0.,0.,1.));
#2843=DIRECTION('ref_axis',(4.34374758384592E-15,1.,0.));
#2844=DIRECTION('',(4.34374758384592E-15,1.,0.));
#2845=DIRECTION('',(0.999999999999998,6.74180896253426E-8,0.));
#2846=DIRECTION('',(4.34374758384592E-15,1.,0.));
#2847=DIRECTION('',(0.999999999999998,-6.74180983128377E-8,0.));
#2848=DIRECTION('center_axis',(0.,0.,1.));
#2849=DIRECTION('ref_axis',(4.34374758384592E-15,1.,0.));
#2850=DIRECTION('',(-4.34374758384592E-15,-1.,0.));
#2851=DIRECTION('',(1.,-4.34374758384592E-15,0.));
#2852=DIRECTION('',(-4.34374758384592E-15,-1.,0.));
#2853=DIRECTION('',(1.,-4.34374758384592E-15,0.));
#2854=DIRECTION('center_axis',(4.34374758384592E-15,1.,0.));
#2855=DIRECTION('ref_axis',(0.,0.,-1.));
#2856=DIRECTION('',(0.,0.,1.));
#2857=DIRECTION('',(-0.999999999999975,4.34374758384581E-15,2.22647103369704E-7));
#2858=DIRECTION('',(0.,0.,-1.));
#2859=DIRECTION('',(-1.,4.34374758384592E-15,0.));
#2860=DIRECTION('',(0.,0.,-1.));
#2861=DIRECTION('',(-1.,4.34374758384592E-15,0.));
#2862=DIRECTION('center_axis',(4.34374758384592E-15,1.,0.));
#2863=DIRECTION('ref_axis',(0.,0.,-1.));
#2864=DIRECTION('center_axis',(4.34374758384592E-15,1.,0.));
#2865=DIRECTION('ref_axis',(0.,0.,-1.));
#2866=DIRECTION('center_axis',(-3.71858250761054E-8,0.928476689342928,-0.371390680209931));
#2867=DIRECTION('ref_axis',(1.61322736793039E-15,0.371390680209931,0.928476689342928));
#2868=DIRECTION('',(0.999999999999999,4.00503593713498E-8,0.));
#2869=DIRECTION('',(1.61322736982478E-15,0.371390680209931,0.928476689342928));
#2870=DIRECTION('',(-0.999999999999995,4.3437475838459E-15,1.00125908081899E-7));
#2871=DIRECTION('',(-1.61322736982478E-15,-0.371390680209931,-0.928476689342928));
#2872=DIRECTION('',(0.999999999999999,4.00503593713498E-8,0.));
#2873=DIRECTION('',(1.61322736982478E-15,0.371390680209931,0.928476689342928));
#2874=DIRECTION('center_axis',(-3.71858152002221E-8,0.928476689342931,-0.371390680209923));
#2875=DIRECTION('ref_axis',(9.29643692147486E-8,0.371390680209925,0.928476689342926));
#2876=DIRECTION('center_axis',(-3.71858146949199E-8,0.928476689342927,-0.371390680209932));
#2877=DIRECTION('ref_axis',(9.29645302941122E-8,0.371390680209934,0.928476689342922));
#2878=DIRECTION('center_axis',(-3.71858155114939E-8,0.928476689342927,-0.371390680209933));
#2879=DIRECTION('ref_axis',(9.29645304139916E-8,0.371390680209935,0.928476689342922));
#2880=DIRECTION('center_axis',(3.71858250761054E-8,-0.928476689342928,0.371390680209931));
#2881=DIRECTION('ref_axis',(-1.61322755156449E-15,-0.371390680209931,-0.928476689342928));
#2882=DIRECTION('center_axis',(-3.45502240785931E-14,0.928476674642962,
-0.371390716959844));
#2883=DIRECTION('ref_axis',(-1.,-3.6949021662807E-14,6.56772780418427E-16));
#2884=DIRECTION('',(-3.45502240785931E-14,0.928476674642962,-0.371390716959844));
#2885=DIRECTION('center_axis',(-8.2689070684549E-8,0.92847666140567,-0.371390750053059));
#2886=DIRECTION('ref_axis',(-0.999999999999997,-7.67748789078768E-8,3.07099394228564E-8));
#2887=DIRECTION('center_axis',(0.,0.,1.));
#2888=DIRECTION('ref_axis',(-4.34374758384592E-15,-1.,0.));
#2889=DIRECTION('',(-4.34374758384592E-15,-1.,0.));
#2890=DIRECTION('',(-0.999999999999996,-8.90588575046798E-8,0.));
#2891=DIRECTION('',(4.34374758384592E-15,1.,0.));
#2892=DIRECTION('center_axis',(0.,0.,1.));
#2893=DIRECTION('ref_axis',(-4.34374758384592E-15,-1.,0.));
#2894=DIRECTION('',(4.34374758384592E-15,1.,0.));
#2895=DIRECTION('',(4.34374758384592E-15,1.,0.));
#2896=DIRECTION('center_axis',(1.,-4.34374758384592E-15,0.));
#2897=DIRECTION('ref_axis',(0.,0.,-1.));
#2898=DIRECTION('',(-1.6132276732057E-15,-0.37139075005306,-0.928476661405673));
#2899=DIRECTION('',(4.34374758384592E-15,1.,0.));
#2900=DIRECTION('center_axis',(4.34374758384592E-15,1.,0.));
#2901=DIRECTION('ref_axis',(0.,0.,-1.));
#2902=DIRECTION('center_axis',(8.27858181969004E-8,-0.928476661396954,0.371390750074849));
#2903=DIRECTION('ref_axis',(8.92998323238407E-11,0.37139075007485,0.928476661396957));
#2904=DIRECTION('center_axis',(8.26890706845492E-8,-0.92847666140567,0.371390750053059));
#2905=DIRECTION('ref_axis',(0.999999999999975,-4.34374753090637E-15,-2.22647103369704E-7));
#2906=DIRECTION('',(1.6132276732057E-15,0.37139075005306,0.928476661405673));
#2907=DIRECTION('center_axis',(-3.39723798245226E-8,-0.863778872101905,
-0.50387107488956));
#2908=DIRECTION('ref_axis',(0.999999999999998,-4.34374753421509E-15,-6.74227550766461E-8));
#2909=DIRECTION('',(0.999999999999999,-3.93299499695504E-8,0.));
#2910=DIRECTION('',(-2.18868876412137E-15,-0.50387107488956,0.863778872101905));
#2911=DIRECTION('',(0.999999999999998,-4.34374758384591E-15,-6.74227550766461E-8));
#2912=DIRECTION('',(0.396491073427779,-0.462573096171823,0.792982319721002));
#2913=DIRECTION('',(-2.18868876412137E-15,-0.50387107488956,0.863778872101905));
#2914=DIRECTION('',(-0.999999999999999,2.93446186181141E-8,1.71177086404455E-8));
#2915=DIRECTION('',(2.18868876412137E-15,0.50387107488956,-0.863778872101905));
#2916=DIRECTION('center_axis',(-4.34374758384592E-15,-1.,0.));
#2917=DIRECTION('ref_axis',(-1.,4.34374758384592E-15,0.));
#2918=DIRECTION('',(0.,0.,-1.));
#2919=DIRECTION('',(0.44721353021679,-1.94258269134238E-15,0.894427223641497));
#2920=DIRECTION('',(0.,0.,1.));
#2921=DIRECTION('center_axis',(-4.34374758384592E-15,-1.,0.));
#2922=DIRECTION('ref_axis',(-0.999999999999949,4.3437475838457E-15,-3.19310121749797E-7));
#2923=DIRECTION('center_axis',(-4.34732454254674E-15,-1.,0.));
#2924=DIRECTION('ref_axis',(1.,-4.34732454254674E-15,0.));
#2925=DIRECTION('center_axis',(-4.82337046324455E-15,-1.,0.));
#2926=DIRECTION('ref_axis',(1.,-4.82337046324455E-15,0.));
#2927=DIRECTION('center_axis',(-4.34374758384592E-15,-1.,0.));
#2928=DIRECTION('ref_axis',(-0.999999999999994,4.34374758384589E-15,1.12883809094592E-7));
#2929=DIRECTION('center_axis',(-4.34374758384592E-15,-1.,0.));
#2930=DIRECTION('ref_axis',(-1.,4.34374758384592E-15,0.));
#2931=DIRECTION('',(0.,0.,-1.));
#2932=DIRECTION('',(0.,0.,-1.));
#2933=DIRECTION('center_axis',(4.34732454254674E-15,1.,0.));
#2934=DIRECTION('ref_axis',(1.,-4.34732454254674E-15,0.));
#2935=DIRECTION('center_axis',(-4.34732454254674E-15,-1.,4.18619577409101E-18));
#2936=DIRECTION('ref_axis',(1.,-4.34732454254674E-15,1.49738493974832E-35));
#2937=DIRECTION('',(-4.34732454254674E-15,-1.,4.18619577409101E-18));
#2938=DIRECTION('center_axis',(-5.82343336245026E-8,-0.863778941884122,
-0.503870955262896));
#2939=DIRECTION('ref_axis',(0.999999999999993,-4.34374764340293E-15,-1.15573896975428E-7));
#2940=DIRECTION('',(2.18868824449334E-15,0.503870955262896,-0.863778941884124));
#2941=DIRECTION('',(-0.999999999999998,6.74180983128377E-8,0.));
#2942=DIRECTION('',(2.18868824449334E-15,0.503870955262896,-0.863778941884124));
#2943=DIRECTION('',(-0.999999999999998,6.74180983128377E-8,0.));
#2944=DIRECTION('',(2.18868824449334E-15,0.503870955262896,-0.863778941884124));
#2945=DIRECTION('',(-0.396491098381123,0.462572989228923,-0.792982369627692));
#2946=DIRECTION('',(2.18868824449334E-15,0.503870955262896,-0.863778941884124));
#2947=DIRECTION('center_axis',(5.8234333624503E-8,0.863778941884122,0.503870955262896));
#2948=DIRECTION('ref_axis',(-1.75798547999277E-8,0.503870955262898,-0.863778941884123));
#2949=DIRECTION('center_axis',(-4.34374758384592E-15,-1.,0.));
#2950=DIRECTION('ref_axis',(-1.,4.34374758384592E-15,0.));
#2951=DIRECTION('',(-1.,4.34374758384592E-15,0.));
#2952=DIRECTION('',(0.,0.,-1.));
#2953=DIRECTION('',(0.,0.,-1.));
#2954=DIRECTION('center_axis',(4.82337046324455E-15,1.,0.));
#2955=DIRECTION('ref_axis',(1.,-4.82337046324455E-15,0.));
#2956=DIRECTION('center_axis',(4.12201162379278E-15,1.,0.));
#2957=DIRECTION('ref_axis',(-1.,4.12201162379278E-15,0.));
#2958=DIRECTION('center_axis',(4.34304834848197E-15,1.,0.));
#2959=DIRECTION('ref_axis',(-1.,4.34304834848197E-15,0.));
#2960=DIRECTION('center_axis',(-4.82337046324455E-15,-1.,4.19335084731488E-15));
#2961=DIRECTION('ref_axis',(1.,-4.82337046324455E-15,2.01122700771784E-30));
#2962=DIRECTION('',(-4.82337046324455E-15,-1.,4.19335084731488E-15));
#2963=DIRECTION('center_axis',(4.12201162379278E-15,1.,1.1042967088753E-16));
#2964=DIRECTION('ref_axis',(-1.,4.12201162379278E-15,-2.44862290925986E-32));
#2965=DIRECTION('center_axis',(-1.3892129046433E-7,0.999999999999974,-1.83058464133949E-7));
#2966=DIRECTION('ref_axis',(0.99999999999994,1.38921232514443E-7,-3.16564887461177E-7));
#2967=DIRECTION('',(4.12201162379278E-15,1.,1.1042967088753E-16));
#2968=DIRECTION('center_axis',(4.34304834848197E-15,1.,-9.36293022117081E-18));
#2969=DIRECTION('ref_axis',(-1.,4.34304834848197E-15,6.54689192081802E-36));
#2970=DIRECTION('center_axis',(1.56950393222883E-8,0.999999999999994,1.12876523779362E-7));
#2971=DIRECTION('ref_axis',(0.809017627339983,-7.9044621142752E-8,0.587784381089851));
#2972=DIRECTION('',(4.34304834848197E-15,1.,-9.36293022117081E-18));
#2973=DIRECTION('center_axis',(-3.02749766851644E-15,-0.69697826820681,
0.717092249049895));
#2974=DIRECTION('ref_axis',(1.,-4.34374758384592E-15,-3.15544362088405E-30));
#2975=DIRECTION('',(-3.11486772420512E-15,-0.717092249049895,-0.69697826820681));
#2976=DIRECTION('',(-1.,4.34374758384592E-15,0.));
#2977=DIRECTION('',(-3.11486772420512E-15,-0.717092249049895,-0.69697826820681));
#2978=DIRECTION('center_axis',(1.,-4.34374758384592E-15,0.));
#2979=DIRECTION('ref_axis',(0.,0.,-1.));
#2980=DIRECTION('',(0.,0.,-1.));
#2981=DIRECTION('center_axis',(-1.,4.34374758384592E-15,0.));
#2982=DIRECTION('ref_axis',(3.02749766851645E-15,0.69697826820681,-0.717092249049894));
#2983=DIRECTION('',(2.02686146485595E-15,0.466615848580543,-0.884460089463318));
#2984=DIRECTION('',(-1.61322709792579E-15,-0.371390617614445,-0.928476714381121));
#2985=DIRECTION('',(4.34374758384592E-15,1.,0.));
#2986=DIRECTION('',(-4.34374758384592E-15,-1.,0.));
#2987=DIRECTION('',(3.49957839071138E-23,8.05658782689411E-9,1.));
#2988=DIRECTION('',(4.34374758384592E-15,1.,0.));
#2989=DIRECTION('',(-3.49957839071138E-23,-8.05658782689411E-9,1.));
#2990=DIRECTION('',(4.34374758384592E-15,1.,0.));
#2991=DIRECTION('',(2.18868876412137E-15,0.50387107488956,0.863778872101905));
#2992=DIRECTION('',(0.,0.,1.));
#2993=DIRECTION('',(1.61322736982478E-15,0.371390680209931,-0.928476689342928));
#2994=DIRECTION('',(-4.34374758384592E-15,-1.,0.));
#2995=DIRECTION('',(0.,0.,-1.));
#2996=DIRECTION('',(-4.34374758384592E-15,-1.,0.));
#2997=DIRECTION('',(1.61322709792579E-15,0.371390617614445,-0.928476714381121));
#2998=DIRECTION('',(-2.02686146485595E-15,-0.466615848580543,-0.884460089463318));
#2999=DIRECTION('center_axis',(1.,-4.34374758384592E-15,0.));
#3000=DIRECTION('ref_axis',(-3.02749766851645E-15,-0.69697826820681,-0.717092249049894));
#3001=DIRECTION('',(3.11486772420512E-15,0.717092249049895,-0.69697826820681));
#3002=DIRECTION('',(0.,0.,-1.));
#3003=DIRECTION('center_axis',(1.,-4.34374758384592E-15,1.31631469303289E-17));
#3004=DIRECTION('ref_axis',(1.31631469303289E-17,-5.7177387674425E-32,-1.));
#3005=DIRECTION('center_axis',(1.,-4.34374758384592E-15,-9.89136222560173E-17));
#3006=DIRECTION('ref_axis',(9.89136222560173E-17,-4.29655807684023E-31,
1.));
#3007=DIRECTION('center_axis',(1.,-4.34374758384592E-15,0.));
#3008=DIRECTION('ref_axis',(0.,0.,-1.));
#3009=DIRECTION('center_axis',(1.,-4.34374758384592E-15,0.));
#3010=DIRECTION('ref_axis',(0.,0.,-1.));
#3011=DIRECTION('center_axis',(1.,-4.34374758384592E-15,0.));
#3012=DIRECTION('ref_axis',(0.,0.,-1.));
#3013=DIRECTION('center_axis',(1.,-4.34374758384592E-15,-2.37881035959216E-15));
#3014=DIRECTION('ref_axis',(-2.37881035959216E-15,1.03329517519061E-29,
-1.));
#3015=DIRECTION('center_axis',(1.,-4.34374758384592E-15,0.));
#3016=DIRECTION('ref_axis',(-4.30582788280707E-29,-9.91270279797134E-15,
-1.));
#3017=DIRECTION('center_axis',(1.,-4.34374758384592E-15,-7.0074051260583E-17));
#3018=DIRECTION('ref_axis',(7.0074051260583E-17,-3.04383990853453E-31,1.));
#3019=DIRECTION('',(-2.18868824449334E-15,-0.503870955262896,-0.863778941884124));
#3020=DIRECTION('',(-4.34374758384592E-15,-1.,0.));
#3021=DIRECTION('center_axis',(-1.,4.34374758384592E-15,0.));
#3022=DIRECTION('ref_axis',(0.,0.,-1.));
#3023=DIRECTION('center_axis',(-1.,4.34374758384592E-15,0.));
#3024=DIRECTION('ref_axis',(0.,0.,-1.));
#3025=DIRECTION('center_axis',(1.,-4.34374758384592E-15,0.));
#3026=DIRECTION('ref_axis',(0.,0.,-1.));
#3027=DIRECTION('center_axis',(-1.,4.34374758384592E-15,0.));
#3028=DIRECTION('ref_axis',(0.,0.,-1.));
#3029=DIRECTION('center_axis',(-1.,4.34374758384592E-15,0.));
#3030=DIRECTION('ref_axis',(0.,0.,-1.));
#3031=DIRECTION('center_axis',(1.,-4.34374758384592E-15,0.));
#3032=DIRECTION('ref_axis',(0.,0.,-1.));
#3033=DIRECTION('center_axis',(-1.,4.34374758384592E-15,0.));
#3034=DIRECTION('ref_axis',(0.,0.,-1.));
#3035=DIRECTION('center_axis',(-1.,4.34374758384592E-15,0.));
#3036=DIRECTION('ref_axis',(0.,0.,-1.));
#3037=DIRECTION('center_axis',(-1.,4.34374758384592E-15,0.));
#3038=DIRECTION('ref_axis',(0.,0.,-1.));
#3039=DIRECTION('center_axis',(-1.,4.34374758384592E-15,0.));
#3040=DIRECTION('ref_axis',(0.,0.,-1.));
#3041=DIRECTION('center_axis',(-1.,4.34374758384592E-15,7.0074051260583E-17));
#3042=DIRECTION('ref_axis',(7.0074051260583E-17,-3.04383990853453E-31,1.));
#3043=DIRECTION('center_axis',(-1.,4.34374758384592E-15,0.));
#3044=DIRECTION('ref_axis',(4.30582788280707E-29,9.91270279797134E-15,-1.));
#3045=DIRECTION('center_axis',(-1.,4.34374758384592E-15,2.37881035959216E-15));
#3046=DIRECTION('ref_axis',(-2.37881035959216E-15,1.03329517519061E-29,
-1.));
#3047=DIRECTION('center_axis',(-1.,4.34374758384592E-15,0.));
#3048=DIRECTION('ref_axis',(0.,0.,-1.));
#3049=DIRECTION('center_axis',(-1.,4.34374758384592E-15,0.));
#3050=DIRECTION('ref_axis',(0.,0.,-1.));
#3051=DIRECTION('center_axis',(-1.,4.34374758384592E-15,0.));
#3052=DIRECTION('ref_axis',(0.,0.,-1.));
#3053=DIRECTION('center_axis',(-1.,4.34374758384592E-15,9.89136222560173E-17));
#3054=DIRECTION('ref_axis',(9.89136222560173E-17,-4.29655807684023E-31,
1.));
#3055=DIRECTION('center_axis',(-1.,4.34374758384592E-15,-1.31631469303289E-17));
#3056=DIRECTION('ref_axis',(1.31631469303289E-17,-5.7177387674425E-32,-1.));
#3057=DIRECTION('center_axis',(-4.77194073861691E-8,-0.999999999999948,
3.19309887576821E-7));
#3058=DIRECTION('ref_axis',(-0.999999999999999,4.77194073861715E-8,-3.44328205202139E-22));
#3059=DIRECTION('',(0.707107023924248,-0.707106538448728,2.25786098609119E-7));
#3060=DIRECTION('center_axis',(-1.56944283752101E-8,-0.999999999999994,
-1.12883702035781E-7));
#3061=DIRECTION('ref_axis',(-1.,1.56944283752102E-8,1.01963393325202E-22));
#3062=DIRECTION('',(0.707107098609381,-0.707106463763567,-7.98207940237232E-8));
#3063=DIRECTION('center_axis',(1.,-4.46159766033378E-15,-9.89136222560173E-17));
#3064=DIRECTION('ref_axis',(9.89136222560173E-17,-4.41312785632586E-31,
1.));
#3065=DIRECTION('center_axis',(-1.,4.34374758384592E-15,9.89136222560173E-17));
#3066=DIRECTION('ref_axis',(9.89136222560173E-17,-4.29655807684023E-31,
1.));
#3067=DIRECTION('',(1.,-4.46159766033378E-15,-9.89136222560173E-17));
#3068=DIRECTION('center_axis',(-0.999999999999241,1.92719945179425E-12,
1.23183327853314E-6));
#3069=DIRECTION('ref_axis',(-1.23183327853314E-6,5.35077058282561E-21,-0.999999999999241));
#3070=DIRECTION('',(-0.999999999999241,1.92719945179425E-12,1.23183327853314E-6));
#3071=DIRECTION('center_axis',(-1.,4.34374758384592E-15,0.));
#3072=DIRECTION('ref_axis',(0.,0.,-1.));
#3073=DIRECTION('center_axis',(-0.99999999999981,9.65243263622853E-13,6.15656119075937E-7));
#3074=DIRECTION('ref_axis',(-6.15656119075937E-7,2.67425539688167E-21,-0.99999999999981));
#3075=DIRECTION('',(-0.99999999999981,9.65243263622853E-13,6.15656119075937E-7));
#3076=DIRECTION('center_axis',(-1.,4.34374758384592E-15,0.));
#3077=DIRECTION('ref_axis',(0.,0.,-1.));
#3078=DIRECTION('center_axis',(-1.,-1.98598276055095E-8,1.98598109988177E-8));
#3079=DIRECTION('ref_axis',(-1.98598109988177E-8,7.27793978055859E-23,-1.));
#3080=DIRECTION('',(-1.,-1.98598276055095E-8,1.98598109988177E-8));
#3081=DIRECTION('center_axis',(-1.,4.34374758384592E-15,0.));
#3082=DIRECTION('ref_axis',(0.,0.,-1.));
#3083=DIRECTION('center_axis',(-1.,-5.47236540731168E-14,2.37881035959216E-15));
#3084=DIRECTION('ref_axis',(-2.37881035959216E-15,1.62022215598688E-29,
-1.));
#3085=DIRECTION('',(-1.,-5.47236540731168E-14,2.37881035959216E-15));
#3086=DIRECTION('center_axis',(-1.,4.34374758384592E-15,2.37881035959216E-15));
#3087=DIRECTION('ref_axis',(-2.37881035959216E-15,1.03329517519061E-29,
-1.));
#3088=DIRECTION('center_axis',(-0.999999999999991,-7.18937569680743E-8,
-1.164764195651E-7));
#3089=DIRECTION('ref_axis',(1.164764195651E-7,-4.54200311896936E-22,-0.999999999999993));
#3090=DIRECTION('',(-0.999999999999991,-7.18937569680743E-8,-1.164764195651E-7));
#3091=DIRECTION('center_axis',(-0.894427223641497,2.72330632450148E-8,0.447213530216789));
#3092=DIRECTION('ref_axis',(-0.44721353021679,-3.21519077253479E-8,-0.894427223641496));
#3093=DIRECTION('center_axis',(1.,-4.40574683582752E-15,-7.0074051260583E-17));
#3094=DIRECTION('ref_axis',(7.0074051260583E-17,-3.08728529614929E-31,1.));
#3095=DIRECTION('center_axis',(-1.,4.34374758384592E-15,7.0074051260583E-17));
#3096=DIRECTION('ref_axis',(7.0074051260583E-17,-3.04383990853453E-31,1.));
#3097=DIRECTION('',(1.,-4.40574683582752E-15,-7.0074051260583E-17));
#3098=DIRECTION('center_axis',(-1.,-1.80990797244084E-13,-1.31631469303289E-17));
#3099=DIRECTION('ref_axis',(1.31631469303289E-17,2.38240845716125E-30,-1.));
#3100=DIRECTION('',(-1.,-1.80990797244084E-13,-1.31631469303289E-17));
#3101=DIRECTION('center_axis',(-1.,4.34374758384592E-15,-1.31631469303289E-17));
#3102=DIRECTION('ref_axis',(1.31631469303289E-17,-5.7177387674425E-32,-1.));
#3103=DIRECTION('center_axis',(0.,0.,1.));
#3104=DIRECTION('ref_axis',(-4.34374758384592E-15,-1.,0.));
#3105=DIRECTION('',(4.34374758384592E-15,1.,0.));
#3106=DIRECTION('',(-1.,4.34374758384592E-15,0.));
#3107=DIRECTION('center_axis',(4.03306848475019E-15,0.928476714381121,-0.371390617614445));
#3108=DIRECTION('ref_axis',(1.61322709792579E-15,0.371390617614445,0.928476714381121));
#3109=DIRECTION('',(-1.,4.34374758384592E-15,0.));
#3110=DIRECTION('',(-1.61322709792579E-15,-0.371390617614445,-0.928476714381121));
#3111=DIRECTION('center_axis',(3.84187137661443E-15,0.884460089463318,0.466615848580543));
#3112=DIRECTION('ref_axis',(-1.,4.34374758384592E-15,-1.97215226305253E-30));
#3113=DIRECTION('',(1.,-4.34374758384592E-15,0.));
#3114=DIRECTION('',(2.02686146485595E-15,0.466615848580543,-0.884460089463318));
#3115=DIRECTION('center_axis',(-1.,4.34374758384592E-15,0.));
#3116=DIRECTION('ref_axis',(3.02749766851645E-15,0.69697826820681,-0.717092249049894));
#3117=DIRECTION('center_axis',(1.,-4.34374758384592E-15,0.));
#3118=DIRECTION('ref_axis',(3.02749766851645E-15,0.69697826820681,-0.717092249049894));
#3119=DIRECTION('center_axis',(-1.,4.34374758384592E-15,0.));
#3120=DIRECTION('ref_axis',(0.,0.,-1.));
#3121=DIRECTION('',(-1.,4.34374758384592E-15,0.));
#3122=DIRECTION('center_axis',(1.,-4.34374758384592E-15,0.));
#3123=DIRECTION('ref_axis',(0.,0.,-1.));
#3124=DIRECTION('center_axis',(-1.,4.34374758384592E-15,0.));
#3125=DIRECTION('ref_axis',(0.,0.,-1.));
#3126=DIRECTION('',(-1.,4.34374758384592E-15,0.));
#3127=DIRECTION('center_axis',(-1.,4.34374758384592E-15,0.));
#3128=DIRECTION('ref_axis',(0.,0.,-1.));
#3129=DIRECTION('center_axis',(1.,-4.34374758384592E-15,0.));
#3130=DIRECTION('ref_axis',(0.,0.,-1.));
#3131=DIRECTION('center_axis',(1.,-4.34374758384592E-15,0.));
#3132=DIRECTION('ref_axis',(0.,0.,-1.));
#3133=DIRECTION('',(1.,-4.34374758384592E-15,0.));
#3134=DIRECTION('center_axis',(1.,-4.34374758384592E-15,0.));
#3135=DIRECTION('ref_axis',(0.,0.,-1.));
#3136=DIRECTION('center_axis',(1.,-4.34374758384592E-15,0.));
#3137=DIRECTION('ref_axis',(0.,0.,-1.));
#3138=DIRECTION('',(0.707106781186549,-3.15808897792369E-15,0.707106781186547));
#3139=DIRECTION('center_axis',(1.,-4.34374758384592E-15,0.));
#3140=DIRECTION('ref_axis',(0.,0.,-1.));
#3141=DIRECTION('center_axis',(1.,-4.34374758384592E-15,0.));
#3142=DIRECTION('ref_axis',(0.,0.,-1.));
#3143=DIRECTION('',(1.,-4.34374758384592E-15,0.));
#3144=DIRECTION('center_axis',(1.,-4.34374758384592E-15,0.));
#3145=DIRECTION('ref_axis',(0.,0.,-1.));
#3146=DIRECTION('center_axis',(1.,-4.34374758384592E-15,0.));
#3147=DIRECTION('ref_axis',(0.,0.,-1.));
#3148=DIRECTION('',(0.707106781186549,-3.15808897792369E-15,0.707106781186547));
#3149=DIRECTION('center_axis',(-1.,4.34374758384592E-15,0.));
#3150=DIRECTION('ref_axis',(0.,0.,1.));
#3151=DIRECTION('',(0.,0.,-1.));
#3152=DIRECTION('',(3.11486772420512E-15,0.717092249049895,-0.69697826820681));
#3153=DIRECTION('center_axis',(-1.,4.34374758384592E-15,0.));
#3154=DIRECTION('ref_axis',(-3.02749766851645E-15,-0.69697826820681,-0.717092249049894));
#3155=DIRECTION('',(-2.02686146485595E-15,-0.466615848580543,-0.884460089463318));
#3156=DIRECTION('',(1.61322709792579E-15,0.371390617614445,-0.928476714381121));
#3157=DIRECTION('',(-4.34374758384592E-15,-1.,0.));
#3158=DIRECTION('',(0.,0.,1.));
#3159=DIRECTION('',(-1.6132276732057E-15,-0.37139075005306,0.928476661405673));
#3160=DIRECTION('',(-4.34374758384592E-15,-1.,0.));
#3161=DIRECTION('',(1.61322736982478E-15,0.371390680209931,-0.928476689342928));
#3162=DIRECTION('',(0.,0.,-1.));
#3163=DIRECTION('',(-4.34374758384591E-15,-0.999999999999998,-6.08949813830022E-8));
#3164=DIRECTION('',(2.18868824449334E-15,0.503870955262897,0.863778941884123));
#3165=DIRECTION('',(4.34374758384591E-15,0.999999999999998,-6.08949813830022E-8));
#3166=DIRECTION('',(0.,0.,-1.));
#3167=DIRECTION('center_axis',(1.,-4.34374758384592E-15,0.));
#3168=DIRECTION('ref_axis',(0.,0.,-1.));
#3169=DIRECTION('center_axis',(1.,-4.34374758384592E-15,1.31631469303289E-17));
#3170=DIRECTION('ref_axis',(1.31631469303289E-17,-5.7177387674425E-32,-1.));
#3171=DIRECTION('center_axis',(1.,-4.34374758384592E-15,-2.37881035959216E-15));
#3172=DIRECTION('ref_axis',(-2.37881035959216E-15,1.03329517519061E-29,
-1.));
#3173=DIRECTION('center_axis',(1.,-4.34374758384592E-15,0.));
#3174=DIRECTION('ref_axis',(0.,0.,-1.));
#3175=DIRECTION('center_axis',(1.,-4.34374758384592E-15,0.));
#3176=DIRECTION('ref_axis',(0.,0.,-1.));
#3177=DIRECTION('center_axis',(1.,-4.34374758384592E-15,0.));
#3178=DIRECTION('ref_axis',(0.,0.,-1.));
#3179=DIRECTION('center_axis',(1.,-4.34374758384592E-15,-9.89136222560173E-17));
#3180=DIRECTION('ref_axis',(9.89136222560173E-17,-4.29655807684023E-31,
1.));
#3181=DIRECTION('center_axis',(1.,-4.34374758384592E-15,-7.0074051260583E-17));
#3182=DIRECTION('ref_axis',(7.0074051260583E-17,-3.04383990853453E-31,1.));
#3183=DIRECTION('center_axis',(-1.,4.34374758384592E-15,0.));
#3184=DIRECTION('ref_axis',(0.,0.,-1.));
#3185=DIRECTION('center_axis',(1.,-4.34374758384592E-15,0.));
#3186=DIRECTION('ref_axis',(0.,0.,-1.));
#3187=DIRECTION('center_axis',(1.,-4.34374758384592E-15,0.));
#3188=DIRECTION('ref_axis',(0.,0.,-1.));
#3189=DIRECTION('center_axis',(-1.,4.34374758384592E-15,0.));
#3190=DIRECTION('ref_axis',(0.,0.,-1.));
#3191=DIRECTION('',(-1.,4.34374758384592E-15,0.));
#3192=DIRECTION('center_axis',(-1.,4.34374758384592E-15,0.));
#3193=DIRECTION('ref_axis',(0.,0.,-1.));
#3194=DIRECTION('',(-1.,4.34374758384592E-15,0.));
#3195=DIRECTION('center_axis',(1.,-4.34374758384592E-15,0.));
#3196=DIRECTION('ref_axis',(0.,0.,-1.));
#3197=DIRECTION('',(1.,-4.34374758384592E-15,0.));
#3198=DIRECTION('center_axis',(1.,-4.34374758384592E-15,0.));
#3199=DIRECTION('ref_axis',(0.,0.,-1.));
#3200=DIRECTION('center_axis',(1.,-4.34374758384592E-15,0.));
#3201=DIRECTION('ref_axis',(0.,0.,-1.));
#3202=DIRECTION('',(0.707106781186549,-3.15808897792369E-15,0.707106781186547));
#3203=DIRECTION('center_axis',(1.,-4.34374758384592E-15,0.));
#3204=DIRECTION('ref_axis',(0.,0.,-1.));
#3205=DIRECTION('',(1.,-4.34374758384592E-15,0.));
#3206=DIRECTION('center_axis',(1.,-4.34374758384592E-15,0.));
#3207=DIRECTION('ref_axis',(0.,0.,-1.));
#3208=DIRECTION('center_axis',(1.,-4.34374758384592E-15,0.));
#3209=DIRECTION('ref_axis',(0.,0.,-1.));
#3210=DIRECTION('',(0.707106781186549,-3.15808897792369E-15,0.707106781186547));
#3211=DIRECTION('center_axis',(1.,-4.34374758384592E-15,0.));
#3212=DIRECTION('ref_axis',(0.,0.,-1.));
#3213=DIRECTION('',(4.34374758384591E-15,0.999999999999998,-6.08949813830022E-8));
#3214=DIRECTION('',(-4.34374758384592E-15,-1.,0.));
#3215=DIRECTION('',(-2.18868773582421E-15,-0.503870838159147,0.863779010194621));
#3216=DIRECTION('',(-3.75203656880501E-15,-0.863778683355947,-0.503871398453879));
#3217=DIRECTION('center_axis',(-0.894427223641497,2.72330634819442E-8,0.447213530216789));
#3218=DIRECTION('ref_axis',(-4.34374754083253E-15,-0.999999999999998,6.08949813830023E-8));
#3219=DIRECTION('center_axis',(-3.0136895451438E-8,0.863778788924923,0.503871217478625));
#3220=DIRECTION('ref_axis',(-0.999999999999999,-3.48895986828308E-8,-3.07828339805521E-16));
#3221=DIRECTION('center_axis',(-2.58678922245303E-10,-0.863779010194621,
-0.503870838159147));
#3222=DIRECTION('ref_axis',(-1.75798498435716E-8,0.503870838159147,-0.863779010194621));
#3223=DIRECTION('',(-3.0136895451438E-8,0.863778788924923,0.503871217478625));
#3224=DIRECTION('center_axis',(0.,0.,1.));
#3225=DIRECTION('ref_axis',(-4.34374758384592E-15,-1.,0.));
#3226=DIRECTION('',(4.34374758384592E-15,1.,0.));
#3227=DIRECTION('',(0.959365446366485,-0.282166511687754,0.));
#3228=DIRECTION('',(-4.34374758384592E-15,-1.,0.));
#3229=DIRECTION('',(1.,-2.99473498652184E-10,0.));
#3230=DIRECTION('center_axis',(1.,-4.34374758384592E-15,0.));
#3231=DIRECTION('ref_axis',(0.,0.,-1.));
#3232=DIRECTION('',(-2.18868773582421E-15,-0.503870838159147,0.863779010194621));
#3233=DIRECTION('',(-3.75203656880501E-15,-0.863778683355947,-0.503871398453879));
#3234=DIRECTION('center_axis',(2.58678922245304E-10,0.863779010194621,0.503870838159147));
#3235=DIRECTION('ref_axis',(-1.,2.99473498652184E-10,1.80945758995975E-25));
#3236=DIRECTION('',(1.,-2.23442441686181E-10,-1.30339019757682E-10));
#3237=DIRECTION('center_axis',(-2.1886901696031E-15,-0.503871398453879,
0.863778683355947));
#3238=DIRECTION('ref_axis',(1.,-4.34374758384592E-15,-1.18329135783152E-30));
#3239=DIRECTION('center_axis',(-1.,4.34374758384592E-15,0.));
#3240=DIRECTION('ref_axis',(0.,0.,1.));
#3241=DIRECTION('',(4.34374758384592E-15,1.,0.));
#3242=DIRECTION('',(2.18868824449334E-15,0.503870955262897,0.863778941884123));
#3243=DIRECTION('',(-4.34374758384592E-15,-1.,0.));
#3244=DIRECTION('',(3.49957839071138E-23,8.05658782689411E-9,-1.));
#3245=DIRECTION('',(-4.34374758384592E-15,-1.,0.));
#3246=DIRECTION('',(-3.49957839071138E-23,-8.05658782689411E-9,-1.));
#3247=DIRECTION('center_axis',(1.,-4.34374758384592E-15,0.));
#3248=DIRECTION('ref_axis',(0.,0.,-1.));
#3249=DIRECTION('center_axis',(1.,-4.34374758384592E-15,0.));
#3250=DIRECTION('ref_axis',(0.,0.,-1.));
#3251=DIRECTION('center_axis',(-0.282166511687754,-0.959365446366485,7.72921197673906E-9));
#3252=DIRECTION('ref_axis',(-2.73923788138697E-8,9.59529510561512E-23,-1.));
#3253=DIRECTION('',(-0.959365446366485,0.282166511687754,0.));
#3254=DIRECTION('center_axis',(0.,0.,1.));
#3255=DIRECTION('ref_axis',(4.34374758384592E-15,1.,0.));
#3256=DIRECTION('',(-0.999999999999998,-6.74180896253426E-8,0.));
#3257=DIRECTION('center_axis',(0.,0.,1.));
#3258=DIRECTION('ref_axis',(4.34374758384592E-15,1.,0.));
#3259=DIRECTION('',(-0.959365446366487,-0.282166511687746,0.));
#3260=DIRECTION('center_axis',(-5.82343261204273E-8,0.863778941884122,-0.503870955262896));
#3261=DIRECTION('ref_axis',(0.999999999999993,-4.34374744487958E-15,-1.15573896975428E-7));
#3262=DIRECTION('',(-0.396491098381127,-0.462572989228919,-0.792982369627692));
#3263=DIRECTION('',(-2.18868824449334E-15,-0.503870955262896,-0.863778941884124));
#3264=DIRECTION('',(-0.999999999999998,-6.74180896253426E-8,0.));
#3265=DIRECTION('center_axis',(-5.82343261204276E-8,0.863778941884122,-0.503870955262896));
#3266=DIRECTION('ref_axis',(-1.75798591773042E-8,-0.503870955262898,-0.863778941884123));
#3267=DIRECTION('center_axis',(-0.282166511687746,0.959365446366487,7.72921197673906E-9));
#3268=DIRECTION('ref_axis',(-2.73923788138697E-8,1.3400325923359E-22,-1.));
#3269=DIRECTION('',(0.959365446366487,0.282166511687746,0.));
#3270=DIRECTION('center_axis',(0.,0.,1.));
#3271=DIRECTION('ref_axis',(4.34374758384592E-15,1.,0.));
#3272=DIRECTION('',(4.34374758384592E-15,1.,0.));
#3273=DIRECTION('',(1.,2.99464811157016E-10,0.));
#3274=DIRECTION('',(4.34374758384592E-15,1.,0.));
#3275=DIRECTION('',(0.999999999999999,3.93299412820553E-8,0.));
#3276=DIRECTION('center_axis',(-3.39723723204479E-8,0.863778872101905,-0.50387107488956));
#3277=DIRECTION('ref_axis',(0.999999999999998,-4.34374757391976E-15,-6.74227550766461E-8));
#3278=DIRECTION('',(0.999999999999998,-4.34374758384591E-15,-6.74227550766461E-8));
#3279=DIRECTION('',(-2.18868876412137E-15,-0.50387107488956,-0.863778872101905));
#3280=DIRECTION('',(-0.999999999999999,-2.93446099306189E-8,1.71177086404455E-8));
#3281=DIRECTION('',(2.18868876412137E-15,0.50387107488956,0.863778872101905));
#3282=DIRECTION('',(0.396491073427783,0.462573096171819,0.792982319721002));
#3283=DIRECTION('center_axis',(1.,-4.34374758384592E-15,0.));
#3284=DIRECTION('ref_axis',(0.,0.,-1.));
#3285=DIRECTION('',(1.,-4.34374758384592E-15,0.));
#3286=DIRECTION('center_axis',(1.,-4.34374758384592E-15,0.));
#3287=DIRECTION('ref_axis',(0.,0.,-1.));
#3288=DIRECTION('center_axis',(1.,-4.34374758384592E-15,0.));
#3289=DIRECTION('ref_axis',(0.,0.,-1.));
#3290=DIRECTION('',(0.707106781186549,-3.15808897792369E-15,0.707106781186547));
#3291=DIRECTION('center_axis',(1.,-4.34374758384592E-15,0.));
#3292=DIRECTION('ref_axis',(0.,0.,-1.));
#3293=DIRECTION('',(1.,-4.34374758384592E-15,0.));
#3294=DIRECTION('center_axis',(1.,-4.34374758384592E-15,0.));
#3295=DIRECTION('ref_axis',(0.,0.,-1.));
#3296=DIRECTION('center_axis',(1.,-4.34374758384592E-15,0.));
#3297=DIRECTION('ref_axis',(0.,0.,-1.));
#3298=DIRECTION('',(0.707106781186549,-3.15808897792369E-15,0.707106781186547));
#3299=DIRECTION('center_axis',(4.34374758384592E-15,1.,0.));
#3300=DIRECTION('ref_axis',(0.,0.,-1.));
#3301=DIRECTION('',(4.34374758384592E-15,1.,0.));
#3302=DIRECTION('center_axis',(-4.34374758384592E-15,-1.,0.));
#3303=DIRECTION('ref_axis',(0.,0.,1.));
#3304=DIRECTION('center_axis',(-4.34374758384592E-15,-1.,0.));
#3305=DIRECTION('ref_axis',(0.,0.,1.));
#3306=DIRECTION('',(-4.34374758384592E-15,-1.,0.));
#3307=DIRECTION('center_axis',(4.34374758384592E-15,1.,0.));
#3308=DIRECTION('ref_axis',(0.,0.,-1.));
#3309=DIRECTION('center_axis',(-4.34374758384592E-15,-1.,0.));
#3310=DIRECTION('ref_axis',(-1.,4.34374758384592E-15,0.));
#3311=DIRECTION('center_axis',(4.34374758384592E-15,1.,0.));
#3312=DIRECTION('ref_axis',(-1.,4.34374758384592E-15,0.));
#3313=DIRECTION('center_axis',(-3.01369029555121E-8,-0.863778788924923,
0.503871217478625));
#3314=DIRECTION('ref_axis',(-0.999999999999999,3.4889607370326E-8,-3.0782839274508E-16));
#3315=DIRECTION('center_axis',(2.58671418169326E-10,-0.863779010194621,
0.503870838159147));
#3316=DIRECTION('ref_axis',(-1.75798542209471E-8,-0.503870838159147,-0.863779010194621));
#3317=DIRECTION('',(-3.01369029555121E-8,-0.863778788924923,0.503871217478625));
#3318=DIRECTION('center_axis',(-0.894427223641497,-2.72330557116121E-8,
0.447213530216789));
#3319=DIRECTION('ref_axis',(4.34374755737615E-15,0.999999999999998,6.08949813830023E-8));
#3320=DIRECTION('',(0.44721353021679,-1.94258269134238E-15,0.894427223641497));
#3321=DIRECTION('',(-4.34374758384591E-15,-0.999999999999998,-6.08949813830022E-8));
#3322=DIRECTION('center_axis',(0.894427223641497,2.72330554746826E-8,-0.447213530216789));
#3323=DIRECTION('ref_axis',(0.44721353021679,-3.21519116105133E-8,0.894427223641496));
#3324=DIRECTION('center_axis',(1.,-4.34374758384592E-15,0.));
#3325=DIRECTION('ref_axis',(0.,0.,-1.));
#3326=DIRECTION('',(3.75203656880501E-15,0.863778683355947,-0.503871398453879));
#3327=DIRECTION('',(2.18868773582421E-15,0.503870838159147,0.863779010194621));
#3328=DIRECTION('center_axis',(2.58671418169326E-10,-0.863779010194621,
0.503870838159147));
#3329=DIRECTION('ref_axis',(-1.,-2.99464811157016E-10,-1.55096364853693E-25));
#3330=DIRECTION('',(1.,2.23433754191013E-10,-1.30339019757682E-10));
#3331=DIRECTION('',(2.18868773582421E-15,0.503870838159147,0.863779010194621));
#3332=DIRECTION('center_axis',(1.,-4.34374758384592E-15,0.));
#3333=DIRECTION('ref_axis',(0.,0.,-1.));
#3334=DIRECTION('',(3.75203656880501E-15,0.863778683355947,-0.503871398453879));
#3335=DIRECTION('center_axis',(2.1886901696031E-15,0.503871398453879,0.863778683355947));
#3336=DIRECTION('ref_axis',(1.,-4.34374758384592E-15,1.18329135783152E-30));
#3337=DIRECTION('center_axis',(-1.,1.89678292411776E-13,-1.31631469303289E-17));
#3338=DIRECTION('ref_axis',(1.31631469303289E-17,-2.4967632325101E-30,-1.));
#3339=DIRECTION('',(-1.,1.89678292411776E-13,-1.31631469303289E-17));
#3340=DIRECTION('center_axis',(1.,-4.22589750735806E-15,-9.89136222560173E-17));
#3341=DIRECTION('ref_axis',(9.89136222560173E-17,-4.1799882973546E-31,1.));
#3342=DIRECTION('',(1.,-4.22589750735806E-15,-9.89136222560173E-17));
#3343=DIRECTION('center_axis',(-0.999999999999241,-1.91851195662657E-12,
1.23183327853314E-6));
#3344=DIRECTION('ref_axis',(-1.23183327853314E-6,5.35077507183243E-21,-0.999999999999241));
#3345=DIRECTION('',(-0.999999999999241,-1.91851195662657E-12,1.23183327853314E-6));
#3346=DIRECTION('center_axis',(-0.99999999999981,-9.56555768455162E-13,
6.15656119075937E-7));
#3347=DIRECTION('ref_axis',(-6.15656119075937E-7,2.67425416255047E-21,-0.99999999999981));
#3348=DIRECTION('',(-0.99999999999981,-9.56555768455162E-13,6.15656119075937E-7));
#3349=DIRECTION('center_axis',(-1.,1.98598362930047E-8,1.98598109988177E-8));
#3350=DIRECTION('ref_axis',(-1.98598109988177E-8,9.97526142374985E-23,-1.));
#3351=DIRECTION('',(-1.,1.98598362930047E-8,1.98598109988177E-8));
#3352=DIRECTION('center_axis',(-1.,6.34111492408086E-14,2.37881035959216E-15));
#3353=DIRECTION('ref_axis',(-2.37881035959216E-15,4.46368194394339E-30,
-1.));
#3354=DIRECTION('',(-1.,6.34111492408086E-14,2.37881035959216E-15));
#3355=DIRECTION('center_axis',(-0.999999999999991,7.18937656555695E-8,-1.164764195651E-7));
#3356=DIRECTION('ref_axis',(1.164764195651E-7,-5.57688022135373E-22,-0.999999999999993));
#3357=DIRECTION('',(-0.999999999999991,7.18937656555695E-8,-1.164764195651E-7));
#3358=DIRECTION('center_axis',(1.,-4.28174833186432E-15,-7.0074051260583E-17));
#3359=DIRECTION('ref_axis',(7.0074051260583E-17,-3.00039452091976E-31,1.));
#3360=DIRECTION('',(1.,-4.28174833186432E-15,-7.0074051260583E-17));
#3361=DIRECTION('center_axis',(0.,0.,1.));
#3362=DIRECTION('ref_axis',(4.34374758384592E-15,1.,0.));
#3363=DIRECTION('',(0.999999999999999,-4.0050368058845E-8,0.));
#3364=DIRECTION('',(-4.34374758384592E-15,-1.,0.));
#3365=DIRECTION('',(-1.,4.34374758384592E-15,0.));
#3366=DIRECTION('center_axis',(-3.71858331422422E-8,-0.928476689342928,
-0.371390680209931));
#3367=DIRECTION('ref_axis',(-1.61322737289348E-15,-0.371390680209931,0.928476689342928));
#3368=DIRECTION('',(0.999999999999999,-4.0050368058845E-8,0.));
#3369=DIRECTION('center_axis',(3.71858353360961E-8,0.928476689342927,0.371390680209933));
#3370=DIRECTION('ref_axis',(-9.29646959240924E-8,0.371390680209935,-0.928476689342922));
#3371=DIRECTION('',(-1.61322736982478E-15,-0.371390680209931,0.928476689342928));
#3372=DIRECTION('',(-0.999999999999995,4.3437475838459E-15,1.00125908081899E-7));
#3373=DIRECTION('center_axis',(-3.71858331422422E-8,-0.928476689342928,
-0.371390680209931));
#3374=DIRECTION('ref_axis',(-1.61322718760502E-15,-0.371390680209931,0.928476689342928));
#3375=DIRECTION('center_axis',(3.71858227610567E-8,0.928476689342927,0.371390680209932));
#3376=DIRECTION('ref_axis',(-9.29645270676573E-8,0.371390680209934,-0.928476689342922));
#3377=DIRECTION('center_axis',(3.71858235776307E-8,0.928476689342927,0.371390680209933));
#3378=DIRECTION('ref_axis',(-9.2964526981656E-8,0.371390680209935,-0.928476689342922));
#3379=DIRECTION('center_axis',(-1.56944196877149E-8,0.999999999999994,-1.12883702035781E-7));
#3380=DIRECTION('ref_axis',(-1.,-1.5694419687715E-8,1.01963393522418E-22));
#3381=DIRECTION('center_axis',(1.14743009891215E-10,1.,1.52813443465157E-9));
#3382=DIRECTION('ref_axis',(0.809017609510799,-9.9104270596418E-10,0.587784405629677));
#3383=DIRECTION('',(0.707107098609387,0.707106463763561,-7.98207941969145E-8));
#3384=DIRECTION('center_axis',(-4.34374758384592E-15,-1.,0.));
#3385=DIRECTION('ref_axis',(-0.999999999999994,4.34374758384589E-15,1.12883809094592E-7));
#3386=DIRECTION('center_axis',(-4.77193986986739E-8,0.999999999999948,3.19309887576821E-7));
#3387=DIRECTION('ref_axis',(-0.999999999999999,-4.77193986986763E-8,-3.44328202046695E-22));
#3388=DIRECTION('center_axis',(1.38921222884418E-7,0.999999999999981,1.36250918023302E-7));
#3389=DIRECTION('ref_axis',(-0.999999999995662,1.38920822006281E-7,2.94220062838952E-6));
#3390=DIRECTION('',(0.707107023924254,0.707106538448721,2.25786098435927E-7));
#3391=DIRECTION('center_axis',(-4.34374758384592E-15,-1.,0.));
#3392=DIRECTION('ref_axis',(-0.999999999999949,4.3437475838457E-15,-3.19310121749797E-7));
#3393=DIRECTION('center_axis',(4.3401706251451E-15,1.,4.18619577409101E-18));
#3394=DIRECTION('ref_axis',(1.,-4.3401706251451E-15,1.49738493974832E-35));
#3395=DIRECTION('center_axis',(4.3401706251451E-15,1.,0.));
#3396=DIRECTION('ref_axis',(1.,-4.3401706251451E-15,0.));
#3397=DIRECTION('',(4.3401706251451E-15,1.,4.18619577409101E-18));
#3398=DIRECTION('center_axis',(-4.3401706251451E-15,-1.,0.));
#3399=DIRECTION('ref_axis',(1.,-4.3401706251451E-15,0.));
#3400=DIRECTION('center_axis',(4.34374758384592E-15,1.,0.));
#3401=DIRECTION('ref_axis',(-1.,4.34374758384592E-15,0.));
#3402=DIRECTION('center_axis',(3.02749766851644E-15,0.69697826820681,0.717092249049895));
#3403=DIRECTION('ref_axis',(1.,-4.34374758384592E-15,3.15544362088405E-30));
#3404=DIRECTION('',(-1.,4.34374758384592E-15,0.));
#3405=DIRECTION('',(-1.,4.34374758384592E-15,0.));
#3406=DIRECTION('center_axis',(-4.34444681920987E-15,-1.,-9.36293022117081E-18));
#3407=DIRECTION('ref_axis',(-1.,4.34444681920987E-15,6.54689192081802E-36));
#3408=DIRECTION('',(-4.34444681920987E-15,-1.,-9.36293022117081E-18));
#3409=DIRECTION('center_axis',(4.34444681920987E-15,1.,0.));
#3410=DIRECTION('ref_axis',(-1.,4.34444681920987E-15,0.));
#3411=DIRECTION('center_axis',(-4.56548354389906E-15,-1.,1.1042967088753E-16));
#3412=DIRECTION('ref_axis',(-1.,4.56548354389906E-15,-2.44862290925986E-32));
#3413=DIRECTION('',(-4.56548354389906E-15,-1.,1.1042967088753E-16));
#3414=DIRECTION('center_axis',(4.56548354389906E-15,1.,0.));
#3415=DIRECTION('ref_axis',(-1.,4.56548354389906E-15,0.));
#3416=DIRECTION('center_axis',(3.86412470444729E-15,1.,4.19335084731488E-15));
#3417=DIRECTION('ref_axis',(1.,-3.86412470444729E-15,2.01122700771784E-30));
#3418=DIRECTION('center_axis',(3.86412470444729E-15,1.,0.));
#3419=DIRECTION('ref_axis',(1.,-3.86412470444729E-15,0.));
#3420=DIRECTION('',(3.86412470444729E-15,1.,4.19335084731488E-15));
#3421=DIRECTION('center_axis',(-3.86412470444729E-15,-1.,0.));
#3422=DIRECTION('ref_axis',(1.,-3.86412470444729E-15,0.));
#3423=DIRECTION('center_axis',(4.34374758384592E-15,1.,0.));
#3424=DIRECTION('ref_axis',(-1.,4.34374758384592E-15,0.));
#3425=DIRECTION('center_axis',(4.34374758384592E-15,1.,0.));
#3426=DIRECTION('ref_axis',(-1.,4.34374758384592E-15,0.));
#3427=DIRECTION('center_axis',(-4.34374758384592E-15,-1.,0.));
#3428=DIRECTION('ref_axis',(0.,0.,1.));
#3429=DIRECTION('',(-1.,4.34374758384592E-15,0.));
#3430=DIRECTION('',(0.,0.,-1.));
#3431=DIRECTION('',(0.999999999999975,-4.34374758384581E-15,-2.22647103369704E-7));
#3432=DIRECTION('center_axis',(-4.34374758384592E-15,-1.,0.));
#3433=DIRECTION('ref_axis',(0.,0.,1.));
#3434=DIRECTION('center_axis',(-4.34374758384592E-15,-1.,0.));
#3435=DIRECTION('ref_axis',(0.,0.,1.));
#3436=DIRECTION('center_axis',(0.,0.,1.));
#3437=DIRECTION('ref_axis',(4.34374758384592E-15,1.,0.));
#3438=DIRECTION('',(-1.,4.34374758384592E-15,0.));
#3439=DIRECTION('center_axis',(-4.03306848475019E-15,-0.928476714381121,
-0.371390617614445));
#3440=DIRECTION('ref_axis',(-1.61322709792579E-15,-0.371390617614445,0.928476714381121));
#3441=DIRECTION('',(-1.,4.34374758384592E-15,0.));
#3442=DIRECTION('center_axis',(-3.84187137661443E-15,-0.884460089463318,
0.466615848580543));
#3443=DIRECTION('ref_axis',(-1.,4.34374758384592E-15,1.97215226305253E-30));
#3444=DIRECTION('',(1.,-4.34374758384592E-15,0.));
#3445=DIRECTION('center_axis',(-1.,4.34374758384592E-15,0.));
#3446=DIRECTION('ref_axis',(-3.02749766851645E-15,-0.69697826820681,-0.717092249049894));
#3447=DIRECTION('center_axis',(-4.26163607028685E-14,-0.928476674642962,
-0.371390716959844));
#3448=DIRECTION('ref_axis',(-1.,4.56365168304989E-14,6.56772780418435E-16));
#3449=DIRECTION('',(-4.26163607028685E-14,-0.928476674642962,-0.371390716959844));
#3450=DIRECTION('center_axis',(8.26890787506856E-8,0.92847666140567,0.371390750053059));
#3451=DIRECTION('ref_axis',(-0.999999999999997,7.67748875953721E-8,3.07099394228564E-8));
#3452=DIRECTION('center_axis',(0.,0.,1.));
#3453=DIRECTION('ref_axis',(4.34374758384592E-15,1.,0.));
#3454=DIRECTION('',(4.34374758384592E-15,1.,0.));
#3455=DIRECTION('',(-0.999999999999996,8.90588661921749E-8,0.));
#3456=DIRECTION('center_axis',(-4.34374758384592E-15,-1.,0.));
#3457=DIRECTION('ref_axis',(0.,0.,-1.));
#3458=DIRECTION('center_axis',(-8.27858262630369E-8,-0.928476661396954,
-0.371390750074849));
#3459=DIRECTION('ref_axis',(-8.92966058684894E-11,0.37139075007485,-0.928476661396957));
#3460=DIRECTION('',(-4.34374758384592E-15,-1.,0.));
#3461=DIRECTION('center_axis',(1.,-4.34374758384592E-15,0.));
#3462=DIRECTION('ref_axis',(0.,0.,-1.));
#3463=DIRECTION('',(1.6132276732057E-15,0.37139075005306,-0.928476661405673));
#3464=DIRECTION('center_axis',(8.26890787506857E-8,0.92847666140567,0.371390750053059));
#3465=DIRECTION('ref_axis',(0.999999999999975,-4.34374763678548E-15,-2.22647103369704E-7));
#3466=DIRECTION('center_axis',(4.34374758384592E-15,1.,0.));
#3467=DIRECTION('ref_axis',(0.,0.,-1.));
#3468=DIRECTION('',(4.34374758384592E-15,1.,0.));
#3469=DIRECTION('center_axis',(4.34374758384592E-15,1.,0.));
#3470=DIRECTION('ref_axis',(0.,0.,1.));
#3471=DIRECTION('center_axis',(4.34374758384592E-15,1.,0.));
#3472=DIRECTION('ref_axis',(0.,0.,-1.));
#3473=DIRECTION('',(4.34374758384592E-15,1.,0.));
#3474=DIRECTION('center_axis',(4.34374758384592E-15,1.,0.));
#3475=DIRECTION('ref_axis',(0.,0.,1.));
#3476=DIRECTION('center_axis',(4.34374758384592E-15,1.,0.));
#3477=DIRECTION('ref_axis',(0.,0.,-1.));
#3478=DIRECTION('center_axis',(-4.34374758384592E-15,-1.,0.));
#3479=DIRECTION('ref_axis',(0.,0.,-1.));
#3480=DIRECTION('',(4.34374758384592E-15,1.,0.));
#3481=DIRECTION('center_axis',(4.34374758384592E-15,1.,0.));
#3482=DIRECTION('ref_axis',(0.,0.,-1.));
#3483=DIRECTION('center_axis',(-4.34374758384592E-15,-1.,0.));
#3484=DIRECTION('ref_axis',(0.,0.,-1.));
#3485=DIRECTION('',(4.34374758384592E-15,1.,0.));
#3486=DIRECTION('center_axis',(4.34374758384592E-15,1.,0.));
#3487=DIRECTION('ref_axis',(0.,0.,-1.));
#3488=DIRECTION('',(4.34374758384592E-15,1.,0.));
#3489=DIRECTION('center_axis',(4.34374758384592E-15,1.,0.));
#3490=DIRECTION('ref_axis',(0.,0.,-1.));
#3491=DIRECTION('center_axis',(4.34374758384592E-15,1.,0.));
#3492=DIRECTION('ref_axis',(0.,0.,-1.));
#3493=DIRECTION('center_axis',(4.34374758384592E-15,1.,0.));
#3494=DIRECTION('ref_axis',(0.,0.,-1.));
#3495=DIRECTION('center_axis',(-4.34374758384592E-15,-1.,0.));
#3496=DIRECTION('ref_axis',(0.,0.,-1.));
#3497=DIRECTION('center_axis',(4.34374758384592E-15,1.,0.));
#3498=DIRECTION('ref_axis',(0.,0.,-1.));
#3499=DIRECTION('',(4.34374758384592E-15,1.,0.));
#3500=DIRECTION('center_axis',(4.34374758384592E-15,1.,0.));
#3501=DIRECTION('ref_axis',(0.,0.,-1.));
#3502=DIRECTION('center_axis',(4.34374758384592E-15,1.,0.));
#3503=DIRECTION('ref_axis',(0.,0.,-1.));
#3504=DIRECTION('center_axis',(4.34374758384592E-15,1.,0.));
#3505=DIRECTION('ref_axis',(0.,0.,-1.));
#3506=DIRECTION('center_axis',(-4.34374758384592E-15,-1.,0.));
#3507=DIRECTION('ref_axis',(0.,0.,-1.));
#3508=DIRECTION('center_axis',(-4.34374758384592E-15,-1.,0.));
#3509=DIRECTION('ref_axis',(0.,0.,1.));
#3510=DIRECTION('',(-4.34374758384592E-15,-1.,0.));
#3511=DIRECTION('center_axis',(-4.34374758384592E-15,-1.,0.));
#3512=DIRECTION('ref_axis',(0.,0.,1.));
#3513=DIRECTION('center_axis',(-4.34374758384592E-15,-1.,0.));
#3514=DIRECTION('ref_axis',(0.,0.,1.));
#3515=DIRECTION('center_axis',(-4.34374758384592E-15,-1.,0.));
#3516=DIRECTION('ref_axis',(0.,0.,-1.));
#3517=DIRECTION('center_axis',(4.34374758384592E-15,1.,0.));
#3518=DIRECTION('ref_axis',(0.,0.,1.));
#3519=DIRECTION('center_axis',(-4.34374758384592E-15,-1.,0.));
#3520=DIRECTION('ref_axis',(0.,0.,1.));
#3521=DIRECTION('',(-4.34374758384592E-15,-1.,0.));
#3522=DIRECTION('center_axis',(-4.34374758384592E-15,-1.,0.));
#3523=DIRECTION('ref_axis',(0.,0.,1.));
#3524=DIRECTION('center_axis',(-4.34374758384592E-15,-1.,0.));
#3525=DIRECTION('ref_axis',(0.,0.,1.));
#3526=DIRECTION('center_axis',(-4.34374758384592E-15,-1.,0.));
#3527=DIRECTION('ref_axis',(0.,0.,-1.));
#3528=DIRECTION('center_axis',(4.34374758384592E-15,1.,0.));
#3529=DIRECTION('ref_axis',(0.,0.,1.));
#3530=DIRECTION('center_axis',(4.34374758384592E-15,1.,0.));
#3531=DIRECTION('ref_axis',(0.,0.,-1.));
#3532=DIRECTION('',(3.15808897792366E-15,0.707106781186541,0.707106781186554));
#3533=DIRECTION('center_axis',(4.34374758384592E-15,1.,0.));
#3534=DIRECTION('ref_axis',(0.,0.,-1.));
#3535=DIRECTION('',(3.15808897792366E-15,0.707106781186542,0.707106781186553));
#3536=DIRECTION('center_axis',(-4.34374758384592E-15,-1.,0.));
#3537=DIRECTION('ref_axis',(0.,0.,1.));
#3538=DIRECTION('',(-2.98489776667661E-15,-0.707106781186554,-0.707106781186542));
#3539=DIRECTION('center_axis',(-4.34374758384592E-15,-1.,0.));
#3540=DIRECTION('ref_axis',(0.,0.,1.));
#3541=DIRECTION('',(-2.98489776667661E-15,-0.707106781186554,-0.707106781186542));
#3542=DIRECTION('',(0.,0.,1.));
#3543=DIRECTION('',(1.,0.,0.));
#3544=CARTESIAN_POINT('',(0.,0.,0.));
#3545=CARTESIAN_POINT('',(0.,0.,0.));
#3546=CARTESIAN_POINT('Origin',(-12.6666680574417,0.442688365777233,0.));
#3547=CARTESIAN_POINT('',(-11.0000035762791,-82.4426889419557,0.));
#3548=CARTESIAN_POINT('',(-11.0000035762783,82.4426889419555,0.));
#3549=CARTESIAN_POINT('',(-11.0000035762789,-57.170809146889,0.));
#3550=CARTESIAN_POINT('',(-1.00000000000036,-82.4426889419558,0.));
#3551=CARTESIAN_POINT('',(-9.36579593388696,-82.4426889419557,0.));
#3552=CARTESIAN_POINT('',(-0.999999999999646,82.4426889419555,0.));
#3553=CARTESIAN_POINT('',(-1.,0.440820102090536,0.));
#3554=CARTESIAN_POINT('',(-9.36579593388625,82.4426889419555,0.));
#3555=CARTESIAN_POINT('Origin',(-12.6666680574417,0.442688365777233,-10.8128380775451));
#3556=CARTESIAN_POINT('',(-11.0000035762791,-82.4426889419557,-10.8128380775451));
#3557=CARTESIAN_POINT('',(-11.0000035762783,82.4426889419555,-10.8128380775451));
#3558=CARTESIAN_POINT('',(-11.0000035762789,-57.170809146889,-10.8128380775451));
#3559=CARTESIAN_POINT('',(-0.999999999999646,82.4426889419555,-10.8128380775451));
#3560=CARTESIAN_POINT('',(-9.37858651365514,82.4426889419555,-10.8128380775451));
#3561=CARTESIAN_POINT('',(-1.00000000000036,-82.4426889419558,-10.8128380775451));
#3562=CARTESIAN_POINT('',(-1.,0.440820102090536,-10.8128380775451));
#3563=CARTESIAN_POINT('',(-9.37858651365586,-82.4426889419557,-10.8128380775451));
#3564=CARTESIAN_POINT('Origin',(-12.6666680574416,15.4426883657772,-70.8128380775451));
#3565=CARTESIAN_POINT('',(-11.0000035762791,-82.4426870294418,-70.8128380775451));
#3566=CARTESIAN_POINT('',(-11.0000035762783,82.4426870301639,-70.8128380771302));
#3567=CARTESIAN_POINT('',(-11.0000035762785,46.9711133378402,-70.8128380775451));
#3568=CARTESIAN_POINT('',(-0.999999999999646,82.4426877040904,-70.8128380772765));
#3569=CARTESIAN_POINT('',(-16.1568937352145,82.4426866817738,-70.8128380775451));
#3570=CARTESIAN_POINT('',(-1.00000000000036,-82.4426877040906,-70.8128380772765));
#3571=CARTESIAN_POINT('',(-0.999999999999934,15.4408201020905,-70.8128380775451));
#3572=CARTESIAN_POINT('',(-16.1568937352153,-82.442686681774,-70.8128380775451));
#3573=CARTESIAN_POINT('Origin',(-12.6666680574416,15.4426883657772,-60.0000023841858));
#3574=CARTESIAN_POINT('',(-11.0000035762783,82.4426889419555,-60.0000023841858));
#3575=CARTESIAN_POINT('',(-11.0000035762791,-82.4426889419557,-60.0000023841858));
#3576=CARTESIAN_POINT('',(-11.0000035762785,46.9711133378402,-60.0000023841858));
#3577=CARTESIAN_POINT('',(-1.00000000000036,-82.4426889419558,-60.0000023841858));
#3578=CARTESIAN_POINT('',(-9.37858651365586,-82.4426889419557,-60.0000023841858));
#3579=CARTESIAN_POINT('',(-0.999999999999646,82.4426889419555,-60.0000023841858));
#3580=CARTESIAN_POINT('',(-0.999999999999934,15.4408201020905,-60.0000023841858));
#3581=CARTESIAN_POINT('',(-9.37858651365514,82.4426889419555,-60.0000023841858));
#3582=CARTESIAN_POINT('Origin',(-1.00000000000035,-79.4560947418214,104.692308902741));
#3583=CARTESIAN_POINT('',(-11.000003576279,-79.4560947416504,94.3923040741739));
#3584=CARTESIAN_POINT('',(-11.000003576279,-79.4560947418214,94.8923039434037));
#3585=CARTESIAN_POINT('',(-11.000003576279,-79.4560947418214,104.692308902741));
#3586=CARTESIAN_POINT('',(-31.0000011920932,-79.4560947420226,94.3923085251821));
#3587=CARTESIAN_POINT('',(-23.6146613148587,-79.4560947418213,94.3923068819035));
#3588=CARTESIAN_POINT('',(-31.0000011920932,-79.4560947418213,104.692308902741));
#3589=CARTESIAN_POINT('',(-31.0000011920932,-79.4560947418213,96.4535514513647));
#3590=CARTESIAN_POINT('',(-1.00000000000035,-79.4560947418214,104.692308902741));
#3591=CARTESIAN_POINT('',(-16.0000005960467,-79.4560947418214,104.692308902741));
#3592=CARTESIAN_POINT('',(-1.00000000000035,-79.4560947418214,94.8923039436337));
#3593=CARTESIAN_POINT('',(-1.00000000000035,-79.4560947418214,-25.9243933870327));
#3594=CARTESIAN_POINT('',(-16.0000005960467,-79.4560947418214,94.8923039436337));
#3595=CARTESIAN_POINT('',(-26.0000005960468,-79.4560947418213,101.692307754799));
#3596=CARTESIAN_POINT('Origin',(-26.0000005960468,-79.4560947418213,99.5423077547987));
#3597=CARTESIAN_POINT('',(-6.0000005960468,-79.4560947418214,101.692307754799));
#3598=CARTESIAN_POINT('Origin',(-6.0000005960468,-79.4560947418214,99.5423077547987));
#3599=CARTESIAN_POINT('Origin',(-22.7783906308245,-98.753837948902,85.3250305909272));
#3600=CARTESIAN_POINT('',(-18.5000035762791,-101.973433449608,77.276041507721));
#3601=CARTESIAN_POINT('',(-11.0000035762791,-101.97343314923,77.276041507721));
#3602=CARTESIAN_POINT('',(-22.7783905018785,-101.973433620959,77.276041507721));
#3603=CARTESIAN_POINT('',(-11.0000035762791,-102.242689132691,76.6029015571774));
#3604=CARTESIAN_POINT('',(-11.0000035762792,-122.440671841848,26.1079453924087));
#3605=CARTESIAN_POINT('',(-1.00000000000045,-102.242689132691,76.602900555918));
#3606=CARTESIAN_POINT('',(-22.7783915041355,-102.24268913269,76.6029027364992));
#3607=CARTESIAN_POINT('',(-1.0000000000004,-91.0069256586461,104.692308902741));
#3608=CARTESIAN_POINT('',(-1.00000000000043,-98.7538371969776,85.3250302901574));
#3609=CARTESIAN_POINT('',(-31.0000011920933,-91.0069268601569,104.692308902741));
#3610=CARTESIAN_POINT('',(-22.7783909410911,-91.0069265308785,104.692308902741));
#3611=CARTESIAN_POINT('',(-31.0000011920933,-96.9734348436956,89.7760391235347));
#3612=CARTESIAN_POINT('',(-31.0000011920933,-93.2489856804867,99.0871619194206));
#3613=CARTESIAN_POINT('Origin',(-18.5000035762804,-96.9734343430665,89.7760391235343));
#3614=CARTESIAN_POINT('',(-26.0000001204488,-91.1669271210088,104.292307754799));
#3615=CARTESIAN_POINT('Origin',(-26.0000005960469,-93.066927143891,99.5423077547987));
#3616=CARTESIAN_POINT('',(-6.00000012044879,-91.1669263200016,104.292307754799));
#3617=CARTESIAN_POINT('Origin',(-6.00000059604687,-93.0669263428839,99.5423077547987));
#3618=CARTESIAN_POINT('',(-21.7330596142031,-98.4961914150416,85.9691468131566));
#3619=CARTESIAN_POINT('Origin',(-23.1330590776663,-98.4961914633782,85.9691468324911));
#3620=CARTESIAN_POINT('Origin',(-23.1330590776668,-84.9868557069789,80.5654118445877));
#3621=CARTESIAN_POINT('',(-21.7330596142035,-84.9868541167429,80.5654112084933));
#3622=CARTESIAN_POINT('',(-21.7330596142036,-84.9868557069789,80.5654118445877));
#3623=CARTESIAN_POINT('Origin',(-23.1330590776668,-84.9868542242275,80.5654112514877));
#3624=CARTESIAN_POINT('Origin',(-14.7500035762791,-94.272644519806,77.276041507721));
#3625=CARTESIAN_POINT('',(-18.500003576279,-86.3026020110303,77.276041507721));
#3626=CARTESIAN_POINT('',(-18.5000035762791,-102.242689132691,77.276041507721));
#3627=CARTESIAN_POINT('',(-11.0000035762791,-86.3026013436586,77.2760415079867));
#3628=CARTESIAN_POINT('',(-19.1823341417499,-86.3026020727604,77.276041507721));
#3629=CARTESIAN_POINT('',(-11.0000035762791,-86.3860914148547,77.276041507721));
#3630=CARTESIAN_POINT('Origin',(-16.0000005960468,-88.3661389350892,104.692308902741));
#3631=CARTESIAN_POINT('',(-1.00000000000023,-51.9025453867468,104.692308902741));
#3632=CARTESIAN_POINT('',(-31.0000011920933,-87.5155492623647,104.692308902741));
#3633=CARTESIAN_POINT('Origin',(-31.0000011920933,-86.6649595896403,96.4535514513647));
#3634=CARTESIAN_POINT('',(-31.0000011920933,-81.3026029279477,89.7760391235347));
#3635=CARTESIAN_POINT('',(-31.0000011920933,-82.1473690992998,87.6641241812987));
#3636=CARTESIAN_POINT('',(-31.0000011920933,-102.24268913269,89.7760391235347));
#3637=CARTESIAN_POINT('Origin',(-18.5000035762791,-102.242689132691,89.7760391235347));
#3638=CARTESIAN_POINT('Origin',(-18.5000035766896,-81.3026018135195,89.7760391232603));
#3639=CARTESIAN_POINT('Origin',(-23.6146641530493,-84.5550898501749,81.6448220453767));
#3640=CARTESIAN_POINT('',(-11.0000035762791,-99.3629670699782,44.625134708849));
#3641=CARTESIAN_POINT('Origin',(-14.6333933898385,-85.6833028793336,-94.5308634213039));
#3642=CARTESIAN_POINT('',(-17.2000024318698,-76.7158161734923,-109.903695583066));
#3643=CARTESIAN_POINT('',(-1.00000000000033,-76.715816810638,-109.903695583066));
#3644=CARTESIAN_POINT('',(-14.3859232734732,-76.715816283687,-109.903695583344));
#3645=CARTESIAN_POINT('',(-1.00000000000045,-102.24268913287,-66.1433487759433));
#3646=CARTESIAN_POINT('',(-1.0000000000004,-91.6961788750523,-84.2230782727911));
#3647=CARTESIAN_POINT('',(-11.3261350759112,-102.242689132691,-66.1433480803922));
#3648=CARTESIAN_POINT('',(-10.3800372865849,-102.242689132691,-66.1433481441808));
#3649=CARTESIAN_POINT('',(-27.3538062572483,-83.543732259137,-98.1986974309425));
#3650=CARTESIAN_POINT('',(-19.2676617484098,-92.9775711327568,-82.0264048878016));
#3651=CARTESIAN_POINT('',(-27.3538062572483,-79.161187577209,-105.711630183437));
#3652=CARTESIAN_POINT('',(-27.3538062572483,-81.8278171573898,-101.140265790537));
#3653=CARTESIAN_POINT('',(-17.2000024318698,-79.1611878750324,-105.711630357167));
#3654=CARTESIAN_POINT('',(-18.4551489347189,-79.1611878389585,-105.711630336124));
#3655=CARTESIAN_POINT('',(-17.2000024318699,-81.5188148971926,-101.669984565915));
#3656=CARTESIAN_POINT('Origin',(-6.12667805841694,-102.242689132691,8.5922351331994));
#3657=CARTESIAN_POINT('',(-11.0000035760939,-102.242689132691,-65.4910849612749));
#3658=CARTESIAN_POINT('',(-11.0000035762791,-102.242689132691,0.964578414542103));
#3659=CARTESIAN_POINT('',(3.20102210032923,-102.242689132691,-37.0890284263117));
#3660=CARTESIAN_POINT('',(-1.00000000000045,-102.242689132691,-8.6660791269166));
#3661=CARTESIAN_POINT('',(-2.67500247919391,-102.242689132691,35.9103902680837));
#3662=CARTESIAN_POINT('Origin',(-6.07500180441285,-102.242689132691,35.9103913537372));
#3663=CARTESIAN_POINT('',(-7.50558915121086,-102.242689132691,-33.9025064176346));
#3664=CARTESIAN_POINT('Origin',(-6.10558896919395,-102.242689132691,-33.9025064176346));
#3665=CARTESIAN_POINT('',(-7.50558869927212,-102.242689132691,23.9820476373042));
#3666=CARTESIAN_POINT('Origin',(-6.10558896919434,-102.242689132691,23.9820476373042));
#3667=CARTESIAN_POINT('',(-2.62500144799377,-102.242689132691,11.9701280289428));
#3668=CARTESIAN_POINT('Origin',(-6.02500152873295,-102.242689132691,11.970127645138));
#3669=CARTESIAN_POINT('Origin',(-6.09050496986966,-82.4426889419557,-34.1173512169293));
#3670=CARTESIAN_POINT('',(-1.00000000000036,-82.4426889419558,-30.020872301981));
#3671=CARTESIAN_POINT('',(-11.0000035762791,-82.4426889419557,-20.3902147605222));
#3672=CARTESIAN_POINT('',(-7.50558915121077,-82.4426889419557,-33.9025064176346));
#3673=CARTESIAN_POINT('Origin',(-6.10558896919386,-82.4426889419557,-33.9025064176346));
#3674=CARTESIAN_POINT('Origin',(-6.10558896919395,-102.242689132691,-33.9025064176346));
#3675=CARTESIAN_POINT('',(-7.50558915121086,-102.242689132691,-33.9025064176346));
#3676=CARTESIAN_POINT('Origin',(-19.6471137404445,-65.3029008209706,-100.195333212614));
#3677=CARTESIAN_POINT('',(-1.00000000000028,-63.0206930705822,-104.107692241929));
#3678=CARTESIAN_POINT('',(-1.00000000000033,-75.1356104446707,-83.3392585768378));
#3679=CARTESIAN_POINT('',(-11.000003576279,-63.0206923960645,-104.107692242122));
#3680=CARTESIAN_POINT('',(-12.8235592911701,-63.0206922739133,-104.107692241669));
#3681=CARTESIAN_POINT('',(-11.000003576279,-59.6396910798897,-109.903695583077));
#3682=CARTESIAN_POINT('',(-11.0000035762789,-55.6105590160028,-116.81078041152));
#3683=CARTESIAN_POINT('',(-27.3538062572482,-59.639689977325,-109.90369558309));
#3684=CARTESIAN_POINT('',(-16.8927830169488,-59.6396906821462,-109.903695583344));
#3685=CARTESIAN_POINT('',(-27.3538062572482,-66.4676036831217,-98.1986984707931));
#3686=CARTESIAN_POINT('',(-27.3538062572482,-65.2672474584383,-100.2564523834));
#3687=CARTESIAN_POINT('',(-11.0000035762791,-85.5470418402031,-65.4910859787894));
#3688=CARTESIAN_POINT('',(-19.2893154384853,-75.8761771413297,-82.0697133172444));
#3689=CARTESIAN_POINT('',(-11.0000035762791,-87.3322891993743,-62.4306613625269));
#3690=CARTESIAN_POINT('',(-20.6000015269636,-63.6446683469823,-103.038017874883));
#3691=CARTESIAN_POINT('Origin',(-22.0000006764624,-63.6446682889613,-103.038017812544));
#3692=CARTESIAN_POINT('Origin',(-6.06492381033176,-82.4426889419557,23.9483401963586));
#3693=CARTESIAN_POINT('',(-1.00000000000036,-82.4426889419558,47.6861310005188));
#3694=CARTESIAN_POINT('',(-11.0000035762791,-82.4426889419557,47.6861310005188));
#3695=CARTESIAN_POINT('',(-6.03246279923576,-82.4426889419557,47.6861310005188));
#3696=CARTESIAN_POINT('',(-1.00000000000036,-82.4426889419558,-0.988026595337099));
#3697=CARTESIAN_POINT('',(-11.0000035762791,-82.4426889419557,8.6426309461217));
#3698=CARTESIAN_POINT('',(-7.50558869927203,-82.4426889419557,23.9820476373041));
#3699=CARTESIAN_POINT('Origin',(-6.10558896919426,-82.4426889419557,23.9820476373042));
#3700=CARTESIAN_POINT('',(-4.67500194896864,-82.4426889419557,35.9103900726542));
#3701=CARTESIAN_POINT('Origin',(-6.07500161727306,-82.4426889419557,35.9103900726542));
#3702=CARTESIAN_POINT('',(-4.62500133838868,-82.4426889419557,11.9701280923736));
#3703=CARTESIAN_POINT('Origin',(-6.02500146627466,-82.4426889419557,11.9701280923736));
#3704=CARTESIAN_POINT('Origin',(-6.10558896919434,-102.242689132691,23.9820476373042));
#3705=CARTESIAN_POINT('',(-7.50558869927212,-102.242689132691,23.9820476373042));
#3706=CARTESIAN_POINT('Origin',(-6.07500161727306,-82.4426889419557,35.9103900726542));
#3707=CARTESIAN_POINT('',(-4.67500194896878,-100.242690654544,35.9103896294635));
#3708=CARTESIAN_POINT('Origin',(-6.07500161727313,-100.242690849034,35.9103900726542));
#3709=CARTESIAN_POINT('',(-4.67500194896864,-82.4426889419557,35.9103900726542));
#3710=CARTESIAN_POINT('Origin',(-6.02500146627466,-82.4426889419557,11.9701280923736));
#3711=CARTESIAN_POINT('',(-4.62500133838959,-100.24269103791,11.9701266288752));
#3712=CARTESIAN_POINT('Origin',(-6.02500146627474,-100.242691015937,11.9701280923736));
#3713=CARTESIAN_POINT('',(-4.62500133838868,-82.4426889419557,11.9701280923736));
#3714=CARTESIAN_POINT('Origin',(-6.00000178813965,-78.9441037178041,51.0865831375122));
#3715=CARTESIAN_POINT('',(-11.000003576279,-75.4455184936524,54.4870352745056));
#3716=CARTESIAN_POINT('',(-11.0000035762791,-93.2613756013694,37.1709016110771));
#3717=CARTESIAN_POINT('',(-1.00000000000033,-75.4455184936525,54.4870352745056));
#3718=CARTESIAN_POINT('',(-1.00000000000033,-75.4455184936525,54.4870352745056));
#3719=CARTESIAN_POINT('',(-1.00000000000036,-81.861208047052,48.2513017266873));
#3720=CARTESIAN_POINT('Origin',(-1.,0.438951838403883,-25.9243933870327));
#3721=CARTESIAN_POINT('',(-0.999999999999646,82.4426889419555,47.6861310005188));
#3722=CARTESIAN_POINT('',(-0.999999999999646,82.4426889419555,-0.988026595337099));
#3723=CARTESIAN_POINT('',(-1.00000000000033,-74.4830175298999,60.5639987749417));
#3724=CARTESIAN_POINT('Origin',(-1.00000000000035,-79.0236907685306,58.1684694326779));
#3725=CARTESIAN_POINT('',(-1.00000000000034,-78.8818979263308,68.9019799232483));
#3726=CARTESIAN_POINT('',(-1.00000000000023,-51.3494737282586,16.7148747414456));
#3727=CARTESIAN_POINT('',(-1.0000000000003,-68.4857702255251,94.8923039436337));
#3728=CARTESIAN_POINT('',(-1.00000000000039,-88.256864329453,45.464559615445));
#3729=CARTESIAN_POINT('',(-1.00000000000021,-48.3951795242182,94.8923039436337));
#3730=CARTESIAN_POINT('',(-1.00000000052686,-59.3658327405926,-109.903695583344));
#3731=CARTESIAN_POINT('',(-1.00000000000018,-40.4398289265188,-109.903695583344));
#3732=CARTESIAN_POINT('',(-1.00000000055246,-59.3658328533825,-123.907697200775));
#3733=CARTESIAN_POINT('',(-1.00000000000026,-59.3658324319126,-71.5016168769292));
#3734=CARTESIAN_POINT('',(-1.00000000055195,59.3658328533821,-123.907697200775));
#3735=CARTESIAN_POINT('',(-0.999999999999934,15.4408195557146,-123.907697200775));
#3736=CARTESIAN_POINT('',(-1.00000000052634,59.3658327405923,-109.903695583344));
#3737=CARTESIAN_POINT('',(-0.999999999999748,59.3658324319122,-71.5016168769292));
#3738=CARTESIAN_POINT('',(-0.999999999999668,76.7158168106376,-109.903695583066));
#3739=CARTESIAN_POINT('',(-0.999999999999828,40.4398289265185,-109.903695583344));
#3740=CARTESIAN_POINT('',(-0.999999999999561,102.24268913287,-66.1433487759433));
#3741=CARTESIAN_POINT('',(-0.999999999999606,91.6961788750521,-84.2230782727911));
#3742=CARTESIAN_POINT('',(-0.999999999999561,102.24268913269,76.602900555918));
#3743=CARTESIAN_POINT('',(-0.999999999999561,102.24268913269,-8.6660791269166));
#3744=CARTESIAN_POINT('',(-0.999999999999606,91.0069256586458,104.692308902741));
#3745=CARTESIAN_POINT('',(-0.999999999999464,123.555033640905,23.3220399270562));
#3746=CARTESIAN_POINT('',(-0.999999999999659,79.4560947418211,104.692308902741));
#3747=CARTESIAN_POINT('',(-0.999999999999774,51.9025453867465,104.692308902741));
#3748=CARTESIAN_POINT('',(-0.999999999999659,79.4560947418211,94.8923039434037));
#3749=CARTESIAN_POINT('',(-0.999999999999659,79.4560947418211,99.7923064231877));
#3750=CARTESIAN_POINT('',(-0.999999999999703,68.4857702255247,94.8923039436337));
#3751=CARTESIAN_POINT('',(-0.999999999999792,48.395179524218,94.8923039436337));
#3752=CARTESIAN_POINT('',(-0.999999999999659,78.8818979263304,68.9019799232483));
#3753=CARTESIAN_POINT('',(-0.999999999999619,88.2568643294528,45.464559615445));
#3754=CARTESIAN_POINT('',(-0.999999999999677,74.4830175298995,60.5639987749417));
#3755=CARTESIAN_POINT('',(-0.999999999999783,51.3494737282583,16.7148747414456));
#3756=CARTESIAN_POINT('',(-0.999999999999677,75.4455184936521,54.4870352745056));
#3757=CARTESIAN_POINT('Origin',(-0.999999999999659,79.0236907685303,58.1684694326779));
#3758=CARTESIAN_POINT('',(-0.99999999999965,81.8612080470518,48.2513017266873));
#3759=CARTESIAN_POINT('',(-0.999999999999646,82.4426889419555,-30.020872301981));
#3760=CARTESIAN_POINT('',(-0.999999999988248,-78.8425616292604,59.7558458308638));
#3761=CARTESIAN_POINT('Origin',(-0.999999999988543,-78.8425616292605,58.1558529003484));
#3762=CARTESIAN_POINT('',(-1.00000000000041,-92.342690083973,28.0326717772277));
#3763=CARTESIAN_POINT('Origin',(-1.00000000000041,-92.342690083973,29.6326720714569));
#3764=CARTESIAN_POINT('',(-1.00000000000041,-92.3426899242754,-9.02079966578397));
#3765=CARTESIAN_POINT('Origin',(-1.00000000000041,-92.3426899242754,-10.4207987155294));
#3766=CARTESIAN_POINT('',(-1.00000000000041,-92.3426899242674,-38.0742533771808));
#3767=CARTESIAN_POINT('Origin',(-1.00000000000041,-92.3426899242674,-39.4742530873276));
#3768=CARTESIAN_POINT('',(-1.00000000000036,-82.4426887231826,-64.0064207655105));
#3769=CARTESIAN_POINT('Origin',(-1.00000000000036,-82.4426887231826,-65.406420793766));
#3770=CARTESIAN_POINT('',(-0.999999999996271,-82.4426871005801,-4.00641958047563));
#3771=CARTESIAN_POINT('Origin',(-0.999999999996359,-82.44268710058,-5.4064198068827));
#3772=CARTESIAN_POINT('',(-1.00000000000041,-92.3426897846639,-67.1277074381191));
#3773=CARTESIAN_POINT('Origin',(-1.00000000000041,-92.3426897846639,-68.5277078306109));
#3774=CARTESIAN_POINT('',(-1.00000000000041,-92.342690083974,17.0326716047628));
#3775=CARTESIAN_POINT('Origin',(-1.00000000000041,-92.342690083974,18.6326719057622));
#3776=CARTESIAN_POINT('',(-0.99999999999973,63.0206930705818,-104.107692241929));
#3777=CARTESIAN_POINT('',(-0.999999999999677,75.1356104446704,-83.3392585768378));
#3778=CARTESIAN_POINT('',(-0.999999999999934,15.440821343854,-104.107692241669));
#3779=CARTESIAN_POINT('',(-0.999999999999957,9.99999999999985,-0.756419038772534));
#3780=CARTESIAN_POINT('Origin',(-0.999999999999961,9.99999999999985,-5.40641903877255));
#3781=CARTESIAN_POINT('',(-1.00000000000005,-10.0000000000002,-0.756419038772534));
#3782=CARTESIAN_POINT('Origin',(-1.00000000000005,-10.0000000000002,-5.40641903877255));
#3783=CARTESIAN_POINT('',(-1.00000000000022,-48.9426868692928,-4.00641965716467));
#3784=CARTESIAN_POINT('Origin',(-1.00000000000022,-48.9426868692928,-5.4064198068827));
#3785=CARTESIAN_POINT('',(-0.999999999999792,48.9426868692925,-4.00641965716467));
#3786=CARTESIAN_POINT('Origin',(-0.999999999999792,48.9426868692925,-5.4064198068827));
#3787=CARTESIAN_POINT('',(-0.999999999999792,48.9426887035367,-64.0064207678072));
#3788=CARTESIAN_POINT('Origin',(-0.999999999999792,48.9426887035366,-65.4064206282308));
#3789=CARTESIAN_POINT('',(-1.00000000000022,-48.942688703537,-64.0064207678072));
#3790=CARTESIAN_POINT('Origin',(-1.00000000000022,-48.942688703537,-65.4064206282308));
#3791=CARTESIAN_POINT('',(-0.999999999999954,9.99999999999985,-60.7564214229584));
#3792=CARTESIAN_POINT('Origin',(-0.999999999999961,9.99999999999984,-65.4064214229584));
#3793=CARTESIAN_POINT('',(-1.00000000000005,-10.0000000000002,-60.7564214229584));
#3794=CARTESIAN_POINT('Origin',(-1.00000000000005,-10.0000000000002,-65.4064214229584));
#3795=CARTESIAN_POINT('',(-0.999999999999948,12.4999999999998,-111.382697200775));
#3796=CARTESIAN_POINT('Origin',(-0.999999999999952,12.4999999999998,-116.032697200775));
#3797=CARTESIAN_POINT('',(-1.00000000000006,-12.5000000000002,-111.382697200775));
#3798=CARTESIAN_POINT('Origin',(-1.00000000000006,-12.5000000000002,-116.032697200775));
#3799=CARTESIAN_POINT('',(-0.999999999999601,92.3426900839738,17.0326716047628));
#3800=CARTESIAN_POINT('Origin',(-0.999999999999601,92.3426900839738,18.6326719057622));
#3801=CARTESIAN_POINT('',(-0.999999999999601,92.3426897846636,-67.1277074381191));
#3802=CARTESIAN_POINT('Origin',(-0.999999999999601,92.3426897846637,-68.5277078306109));
#3803=CARTESIAN_POINT('',(-0.99999999999556,82.4426871005797,-4.00641958047563));
#3804=CARTESIAN_POINT('Origin',(-0.999999999995644,82.4426871005797,-5.4064198068827));
#3805=CARTESIAN_POINT('',(-0.999999999999646,82.4426887231823,-64.0064207655105));
#3806=CARTESIAN_POINT('Origin',(-0.999999999999646,82.4426887231823,-65.406420793766));
#3807=CARTESIAN_POINT('',(-0.999999999999601,92.3426899242671,-38.0742533771808));
#3808=CARTESIAN_POINT('Origin',(-0.999999999999601,92.3426899242671,-39.4742530873276));
#3809=CARTESIAN_POINT('',(-0.999999999999601,92.3426899242751,-9.02079966578397));
#3810=CARTESIAN_POINT('Origin',(-0.999999999999601,92.3426899242751,-10.4207987155294));
#3811=CARTESIAN_POINT('',(-0.999999999999601,92.3426900839728,28.0326717772277));
#3812=CARTESIAN_POINT('Origin',(-0.999999999999601,92.3426900839728,29.6326720714569));
#3813=CARTESIAN_POINT('',(-0.999999999987562,78.8425616292601,59.7558458308638));
#3814=CARTESIAN_POINT('Origin',(-0.999999999987859,78.8425616292602,58.1558529003484));
#3815=CARTESIAN_POINT('Origin',(-6.07500164216734,-102.242700858309,35.9103902680867));
#3816=CARTESIAN_POINT('',(-2.67499059132076,-102.242701020556,35.9103902680867));
#3817=CARTESIAN_POINT('Origin',(-6.02500147537205,-102.242699610354,11.9701280289418));
#3818=CARTESIAN_POINT('',(-2.62499091696013,-102.242699663715,11.9701280289418));
#3819=CARTESIAN_POINT('Origin',(-1.00000000000041,-92.342690083973,29.6326720714569));
#3820=CARTESIAN_POINT('',(-11.0000035762791,-92.342690083973,28.0326717772277));
#3821=CARTESIAN_POINT('Origin',(-11.0000035762791,-92.342690083973,29.6326720714569));
#3822=CARTESIAN_POINT('',(-1.00000000000041,-92.342690083973,28.0326717772276));
#3823=CARTESIAN_POINT('Origin',(-11.0000035762789,-92.3426899242561,-10.4207863971922));
#3824=CARTESIAN_POINT('',(-11.0000035762805,-92.3426899242561,-9.02078734744678));
#3825=CARTESIAN_POINT('',(-11.0000018517135,-92.3426899242561,-9.0207873474489));
#3826=CARTESIAN_POINT('Origin',(-11.0000035762791,-92.3426899242561,-10.4207863971922));
#3827=CARTESIAN_POINT('Origin',(-11.0000035762791,-92.3426899242578,-39.4742469307642));
#3828=CARTESIAN_POINT('',(-11.0000035762798,-92.3426899242578,-38.0742472206174));
#3829=CARTESIAN_POINT('',(-11.0000027143607,-92.3426899242578,-38.0742472206179));
#3830=CARTESIAN_POINT('Origin',(-11.0000035762791,-92.3426899242578,-39.4742469307642));
#3831=CARTESIAN_POINT('Origin',(-11.0000035762791,-82.4426889217809,-65.4064205951678));
#3832=CARTESIAN_POINT('',(-11.0000035762791,-82.4426889217809,-64.0064205669123));
#3833=CARTESIAN_POINT('',(-11.0000035484754,-82.4426889217809,-64.0064205669123));
#3834=CARTESIAN_POINT('Origin',(-11.0000035762791,-82.4426889217809,-65.4064205951678));
#3835=CARTESIAN_POINT('Origin',(-11.0000035762791,-82.4426871005806,-5.4064198068827));
#3836=CARTESIAN_POINT('',(-11.0000035762788,-82.4426871005806,-4.00641958047561));
#3837=CARTESIAN_POINT('',(-11.0000035762791,-82.4426871005806,-4.00641958047561));
#3838=CARTESIAN_POINT('Origin',(-11.0000035762788,-82.4426871005806,-5.4064198068827));
#3839=CARTESIAN_POINT('Origin',(-11.8317649364475,-92.3426905634002,-68.5277090922561));
#3840=CARTESIAN_POINT('',(-11.8183149935747,-92.3426905624332,-67.1277086981977));
#3841=CARTESIAN_POINT('',(-11.8317650995145,-92.3426905634002,-67.1277086997643));
#3842=CARTESIAN_POINT('Origin',(-12.5183151028569,-92.3426906127589,-68.527709172223));
#3843=CARTESIAN_POINT('Origin',(-1.00000000000041,-92.342690083974,18.6326719057622));
#3844=CARTESIAN_POINT('',(-11.0000035762791,-92.342690083974,17.0326716047628));
#3845=CARTESIAN_POINT('Origin',(-11.0000035762791,-92.342690083974,18.6326719057622));
#3846=CARTESIAN_POINT('',(-1.00000000000041,-92.342690083974,17.0326716047628));
#3847=CARTESIAN_POINT('Origin',(-11.000003576279,-78.8425616292622,58.1558529003484));
#3848=CARTESIAN_POINT('',(-11.0000035762792,-78.8425616292622,59.7558458308638));
#3849=CARTESIAN_POINT('',(-11.000003576279,-78.8425616292622,59.7558458308638));
#3850=CARTESIAN_POINT('Origin',(-11.0000035762789,-78.8425616292622,58.1558529003484));
#3851=CARTESIAN_POINT('Origin',(-7.66666726271346,-81.3514072100322,94.8923039436337));
#3852=CARTESIAN_POINT('',(-11.000003576279,-68.485770225525,94.8923039436337));
#3853=CARTESIAN_POINT('',(-11.000003576279,-79.9254727599678,94.8923039436337));
#3854=CARTESIAN_POINT('',(-6.8333345254265,-68.485770225525,94.8923039436337));
#3855=CARTESIAN_POINT('Origin',(-6.00000178813962,-73.6838340759278,81.8971419334407));
#3856=CARTESIAN_POINT('',(-11.000003576279,-78.8818979263307,68.9019799232483));
#3857=CARTESIAN_POINT('',(-6.00000178813965,-78.8818979263307,68.9019799232483));
#3858=CARTESIAN_POINT('',(-11.0000035762791,-89.284952964911,42.8943375552486));
#3859=CARTESIAN_POINT('Origin',(-6.00000178813964,-76.7656421661378,64.8906636238098));
#3860=CARTESIAN_POINT('',(-11.000003576279,-74.4830175298999,60.5639987749417));
#3861=CARTESIAN_POINT('',(-1.00000000000033,-74.4830175298999,60.5639987749417));
#3862=CARTESIAN_POINT('',(-11.000003576279,-62.1891776906853,37.2612954546053));
#3863=CARTESIAN_POINT('Origin',(-1.00000000000035,-79.0236907685306,58.1684694326779));
#3864=CARTESIAN_POINT('Origin',(-11.000003576279,-79.0236907685305,58.1684694326779));
#3865=CARTESIAN_POINT('Origin',(-11.0000035762785,48.9426868692925,-5.4064198068827));
#3866=CARTESIAN_POINT('',(-11.0000035762785,48.9426868692925,-4.00641965716467));
#3867=CARTESIAN_POINT('',(-11.0000035762785,48.9426868692925,-4.00641965716467));
#3868=CARTESIAN_POINT('Origin',(-11.0000035762785,48.9426868692925,-5.4064198068827));
#3869=CARTESIAN_POINT('Origin',(-11.0000035762789,-48.9426868692927,-5.4064198068827));
#3870=CARTESIAN_POINT('',(-11.0000035762789,-48.9426868692927,-4.00641965716467));
#3871=CARTESIAN_POINT('',(-11.0000035762789,-48.9426868692927,-4.00641965716467));
#3872=CARTESIAN_POINT('Origin',(-11.0000035762789,-48.9426868692927,-5.4064198068827));
#3873=CARTESIAN_POINT('Origin',(-31.0000011920929,9.99999999999998,-5.40641903877255));
#3874=CARTESIAN_POINT('',(-11.0000035762787,9.9999999999999,-3.25641903877255));
#3875=CARTESIAN_POINT('Origin',(-11.0000035762787,9.99999999999989,-5.40641903877255));
#3876=CARTESIAN_POINT('',(-3.49999999999998,9.99999999999986,-3.25641903877255));
#3877=CARTESIAN_POINT('',(-31.0000011920929,9.99999999999998,-3.25641903877255));
#3878=CARTESIAN_POINT('Origin',(-3.49999999999998,9.99999999999986,-5.40641903877255));
#3879=CARTESIAN_POINT('Origin',(-3.49999999999998,9.99999999999986,-5.40641903877255));
#3880=CARTESIAN_POINT('',(-3.49999999999998,9.99999999999986,-3.25641903877255));
#3881=CARTESIAN_POINT('Origin',(-31.000001192093,-10.,-5.40641903877255));
#3882=CARTESIAN_POINT('',(-11.0000035762787,-10.0000000000001,-3.25641903877255));
#3883=CARTESIAN_POINT('Origin',(-11.0000035762787,-10.0000000000001,-5.40641903877255));
#3884=CARTESIAN_POINT('',(-3.50000000000007,-10.0000000000001,-3.25641903877255));
#3885=CARTESIAN_POINT('',(-31.000001192093,-10.,-3.25641903877255));
#3886=CARTESIAN_POINT('Origin',(-3.50000000000007,-10.0000000000001,-5.40641903877255));
#3887=CARTESIAN_POINT('Origin',(-3.50000000000007,-10.0000000000001,-5.40641903877255));
#3888=CARTESIAN_POINT('',(-3.50000000000007,-10.0000000000001,-3.25641903877255));
#3889=CARTESIAN_POINT('Origin',(-11.0000035762788,-33.927971862407,-70.8128380775451));
#3890=CARTESIAN_POINT('',(-11.0000035762783,82.4426889419555,47.6861310005188));
#3891=CARTESIAN_POINT('',(-11.0000035762783,82.4426889419555,8.6426309461217));
#3892=CARTESIAN_POINT('',(-11.0000035762784,75.4455184936522,54.4870352745056));
#3893=CARTESIAN_POINT('',(-11.0000035762783,93.2613756013692,37.1709016110771));
#3894=CARTESIAN_POINT('',(-11.0000035762784,74.4830175298997,60.5639987749417));
#3895=CARTESIAN_POINT('Origin',(-11.0000035762784,79.0236907685303,58.1684694326779));
#3896=CARTESIAN_POINT('',(-11.0000035762784,78.8818979263305,68.9019799232483));
#3897=CARTESIAN_POINT('',(-11.0000035762784,62.1891776906851,37.2612954546053));
#3898=CARTESIAN_POINT('',(-11.0000035762784,68.4857702255248,94.8923039436337));
#3899=CARTESIAN_POINT('',(-11.0000035762783,89.2849529649108,42.8943375552486));
#3900=CARTESIAN_POINT('',(-11.0000035762784,79.4560947418212,94.8923039434037));
#3901=CARTESIAN_POINT('',(-11.0000035762784,79.9254727599676,94.8923039436337));
#3902=CARTESIAN_POINT('',(-11.0000035762784,79.4560947418211,94.3923040732864));
#3903=CARTESIAN_POINT('',(-11.0000035762784,79.4560947418212,-60.0000023841858));
#3904=CARTESIAN_POINT('',(-11.0000035762783,86.3026013440515,77.2760415077205));
#3905=CARTESIAN_POINT('',(-11.0000035762783,99.362967069978,44.625134708849));
#3906=CARTESIAN_POINT('',(-11.0000035762783,101.97343314923,77.276041507721));
#3907=CARTESIAN_POINT('',(-11.0000035762783,86.3860914148545,77.276041507721));
#3908=CARTESIAN_POINT('',(-11.0000035762783,102.24268913269,76.6029015571774));
#3909=CARTESIAN_POINT('',(-11.0000035762782,106.669413818676,65.5360899754949));
#3910=CARTESIAN_POINT('',(-11.0000035765012,102.24268913269,-65.4910849630526));
#3911=CARTESIAN_POINT('',(-11.0000035762783,102.24268913269,0.964578414542103));
#3912=CARTESIAN_POINT('',(-11.0000035762783,85.5470418402029,-65.4910859787894));
#3913=CARTESIAN_POINT('',(-11.0000035762783,85.1282823179442,-65.4910860042898));
#3914=CARTESIAN_POINT('',(-11.0000035762784,65.3029012559338,-100.195333466343));
#3915=CARTESIAN_POINT('',(-11.0000035762791,-85.1282823179444,-65.4910860042898));
#3916=CARTESIAN_POINT('',(-11.0000035762783,82.4426889419555,-20.3902147605222));
#3917=CARTESIAN_POINT('',(-11.0000035762785,48.9426887035367,-64.0064207678072));
#3918=CARTESIAN_POINT('Origin',(-11.0000035762785,48.9426887035367,-65.4064206282308));
#3919=CARTESIAN_POINT('',(-11.0000035762786,78.842561629262,59.7558458308638));
#3920=CARTESIAN_POINT('Origin',(-11.0000035762783,78.842561629262,58.1558529003484));
#3921=CARTESIAN_POINT('',(-11.0000035762781,82.4426871005804,-4.00641958047561));
#3922=CARTESIAN_POINT('Origin',(-11.000003576278,82.4426871005804,-5.4064198068827));
#3923=CARTESIAN_POINT('',(-11.0000035762783,82.4426889217807,-64.0064205669123));
#3924=CARTESIAN_POINT('Origin',(-11.0000035762783,82.4426889217807,-65.4064205951678));
#3925=CARTESIAN_POINT('',(-11.000003576279,92.3426899242576,-38.0742472206174));
#3926=CARTESIAN_POINT('Origin',(-11.0000035762783,92.3426899242576,-39.4742469307642));
#3927=CARTESIAN_POINT('',(-11.0000035762797,92.3426899242559,-9.02078734744678));
#3928=CARTESIAN_POINT('Origin',(-11.0000035762783,92.3426899242559,-10.4207863971922));
#3929=CARTESIAN_POINT('',(-11.0000035762783,92.3426900839728,28.0326717772277));
#3930=CARTESIAN_POINT('Origin',(-11.0000035762783,92.3426900839728,29.6326720714569));
#3931=CARTESIAN_POINT('',(-11.0000035762783,92.3426900839738,17.0326716047628));
#3932=CARTESIAN_POINT('Origin',(-11.0000035762783,92.3426900839738,18.6326719057622));
#3933=CARTESIAN_POINT('',(-11.0000035762789,-48.9426887035369,-64.0064207678072));
#3934=CARTESIAN_POINT('Origin',(-11.0000035762789,-48.9426887035369,-65.4064206282308));
#3935=CARTESIAN_POINT('',(-11.0000035762787,9.99999999999989,-63.2564214229584));
#3936=CARTESIAN_POINT('Origin',(-11.0000035762787,9.99999999999989,-65.4064214229584));
#3937=CARTESIAN_POINT('',(-11.0000035762787,-10.0000000000001,-63.2564214229584));
#3938=CARTESIAN_POINT('Origin',(-11.0000035762787,-10.0000000000001,-65.4064214229584));
#3939=CARTESIAN_POINT('Origin',(-11.0000035762785,48.9426887035367,-65.4064206282308));
#3940=CARTESIAN_POINT('',(-11.0000035762785,48.9426887035367,-64.0064207678072));
#3941=CARTESIAN_POINT('Origin',(-11.0000035762789,-48.9426887035369,-65.4064206282308));
#3942=CARTESIAN_POINT('',(-11.0000035762789,-48.9426887035369,-64.0064207678072));
#3943=CARTESIAN_POINT('Origin',(-31.0000011920929,9.99999999999997,-65.4064214229584));
#3944=CARTESIAN_POINT('',(-3.4999999999999,9.99999999999985,-63.2564214229584));
#3945=CARTESIAN_POINT('',(-31.0000011920929,9.99999999999997,-63.2564214229584));
#3946=CARTESIAN_POINT('Origin',(-3.4999999999999,9.99999999999986,-65.4064214229584));
#3947=CARTESIAN_POINT('Origin',(-3.4999999999999,9.99999999999986,-65.4064214229584));
#3948=CARTESIAN_POINT('',(-3.4999999999999,9.99999999999986,-63.2564214229584));
#3949=CARTESIAN_POINT('Origin',(-31.000001192093,-10.,-65.4064214229584));
#3950=CARTESIAN_POINT('',(-3.49999999999999,-10.0000000000001,-63.2564214229584));
#3951=CARTESIAN_POINT('',(-31.000001192093,-10.,-63.2564214229584));
#3952=CARTESIAN_POINT('Origin',(-3.49999999999999,-10.0000000000001,-65.4064214229584));
#3953=CARTESIAN_POINT('Origin',(-3.49999999999999,-10.0000000000001,-65.4064214229584));
#3954=CARTESIAN_POINT('',(-3.49999999999999,-10.0000000000001,-63.2564214229584));
#3955=CARTESIAN_POINT('Origin',(-27.3538062572482,-71.436406771342,-103.937044938405));
#3956=CARTESIAN_POINT('',(-27.3538062572483,-81.5967155786448,-98.198697549506));
#3957=CARTESIAN_POINT('',(-27.3538062572482,-67.5120755351974,-109.903695583781));
#3958=CARTESIAN_POINT('',(-27.3538062572482,-68.4385563929876,-109.903695583344));
#3959=CARTESIAN_POINT('',(-27.3538062572482,-72.2941479418249,-101.705853089151));
#3960=CARTESIAN_POINT('',(-27.3538062572482,-70.3393098354876,-105.057005797214));
#3961=CARTESIAN_POINT('',(-27.3538062572482,-74.1764662702967,-102.803873203305));
#3962=CARTESIAN_POINT('Origin',(-13.2059415804377,-91.757023012316,-69.902962413994));
#3963=CARTESIAN_POINT('Origin',(-22.0000006781333,-63.5967762396832,-103.010080769534));
#3964=CARTESIAN_POINT('',(-20.6000013220326,-69.5183640572148,-106.464342121972));
#3965=CARTESIAN_POINT('Origin',(-22.0000004715315,-69.5183640693031,-106.46434210053));
#3966=CARTESIAN_POINT('',(-20.6000015286345,-63.5967761908378,-103.010080769534));
#3967=CARTESIAN_POINT('Origin',(-14.1384530663493,-65.4407060146333,-109.903695583344));
#3968=CARTESIAN_POINT('',(-11.0000035767209,-56.4246530925647,-109.903695583344));
#3969=CARTESIAN_POINT('',(-11.0000035762789,-40.4266603742727,-109.903695583344));
#3970=CARTESIAN_POINT('',(-8.72396198417905,-57.0940775746564,-109.903695583344));
#3971=CARTESIAN_POINT('',(-17.2000024318698,-67.5120755382371,-109.903695583782));
#3972=CARTESIAN_POINT('',(-17.2000024318698,-69.6807563304902,-109.903695583344));
#3973=CARTESIAN_POINT('',(-18.0890057299836,-67.5120755387346,-109.903695583344));
#3974=CARTESIAN_POINT('Origin',(-17.2000024318698,-73.9208066463471,-106.806218624115));
#3975=CARTESIAN_POINT('',(-17.2000024318698,-72.2941479440927,-101.705853090474));
#3976=CARTESIAN_POINT('',(-17.2000024318698,-70.030307176785,-105.586724909921));
#3977=CARTESIAN_POINT('',(-17.2000024318698,-75.7276686254279,-103.708742141409));
#3978=CARTESIAN_POINT('Origin',(-22.0395583936149,-69.5733284950256,-106.370117323739));
#3979=CARTESIAN_POINT('',(-22.1582313685729,-72.2941479423194,-101.70585308944));
#3980=CARTESIAN_POINT('Origin',(-22.276904344559,-75.7276678085328,-103.708741664886));
#3981=CARTESIAN_POINT('Origin',(-11.0000035762788,-33.927971862407,-70.8128380775451));
#3982=CARTESIAN_POINT('',(-11.0000035762784,63.0206923973895,-104.107692241361));
#3983=CARTESIAN_POINT('',(-11.0000035762786,15.427652791608,-104.107692241669));
#3984=CARTESIAN_POINT('',(-11.0000035762784,59.6396910799419,-109.903695583047));
#3985=CARTESIAN_POINT('',(-11.0000035762784,65.3029012559338,-100.195333466343));
#3986=CARTESIAN_POINT('',(-11.0000035767205,56.4246530925645,-109.903695583344));
#3987=CARTESIAN_POINT('',(-11.0000035762785,40.4266603742725,-109.903695583344));
#3988=CARTESIAN_POINT('',(-11.0000035767461,56.4246532053544,-123.907697200775));
#3989=CARTESIAN_POINT('',(-11.0000035762785,56.4246531451362,-116.355068285921));
#3990=CARTESIAN_POINT('',(-11.0000035767465,-56.4246532053546,-123.907697200775));
#3991=CARTESIAN_POINT('',(-11.0000035762786,15.4276510034687,-123.907697200775));
#3992=CARTESIAN_POINT('',(-11.0000035762789,-56.4246531451364,-116.355068285921));
#3993=CARTESIAN_POINT('',(-11.0000035762786,12.4999999999999,-113.882697200775));
#3994=CARTESIAN_POINT('Origin',(-11.0000035762786,12.4999999999999,-116.032697200775));
#3995=CARTESIAN_POINT('',(-11.0000035762788,-12.5000000000001,-113.882697200775));
#3996=CARTESIAN_POINT('Origin',(-11.0000035762788,-12.5000000000001,-116.032697200775));
#3997=CARTESIAN_POINT('Origin',(-6.00000055347195,-57.8952433381763,-117.078840732574));
#3998=CARTESIAN_POINT('',(-11.7459716114482,-56.2052506841289,-123.907697200775));
#3999=CARTESIAN_POINT('',(-9.57272755048553,-56.8444405210069,-117.107698024795));
#4000=CARTESIAN_POINT('Ctrl Pts',(-9.57272755048552,-56.8444405210069,-117.107698024795));
#4001=CARTESIAN_POINT('Ctrl Pts',(-9.5727275497963,-56.8444405210069,-117.082537053687));
#4002=CARTESIAN_POINT('Ctrl Pts',(-9.57244280787033,-56.8445242684899,-117.057362219352));
#4003=CARTESIAN_POINT('Ctrl Pts',(-9.57187292827249,-56.8446918800546,-117.032178247109));
#4004=CARTESIAN_POINT('Ctrl Pts',(-9.57147634355601,-56.8448085225613,-117.014652477578));
#4005=CARTESIAN_POINT('Ctrl Pts',(-9.57094148100882,-56.8449658350477,-116.997119653906));
#4006=CARTESIAN_POINT('Ctrl Pts',(-9.57026933874027,-56.8451635239519,-116.979605357754));
#4007=CARTESIAN_POINT('Ctrl Pts',(-9.56602410602598,-56.8464121218203,-116.868985528485));
#4008=CARTESIAN_POINT('Ctrl Pts',(-9.55630399768503,-56.849270978394,-116.758906174988));
#4009=CARTESIAN_POINT('Ctrl Pts',(-9.54123027849248,-56.8537044275403,-116.649776188408));
#4010=CARTESIAN_POINT('Ctrl Pts',(-9.53221299568209,-56.8563565709342,-116.584493298398));
#4011=CARTESIAN_POINT('Ctrl Pts',(-9.52127891678411,-56.8595724782935,-116.519549871128));
#4012=CARTESIAN_POINT('Ctrl Pts',(-9.50844556647056,-56.8633469952998,-116.455032271517));
#4013=CARTESIAN_POINT('Ctrl Pts',(-9.48675327933564,-56.8697270834838,-116.345977795341));
#4014=CARTESIAN_POINT('Ctrl Pts',(-9.45963814943888,-56.8777021265838,-116.238143942935));
#4015=CARTESIAN_POINT('Ctrl Pts',(-9.42725042695904,-56.8872279333421,-116.131929396635));
#4016=CARTESIAN_POINT('Ctrl Pts',(-9.39579835740724,-56.8964785478886,-116.028783295524));
#4017=CARTESIAN_POINT('Ctrl Pts',(-9.35937350092785,-56.9071917478949,-115.927163635577));
#4018=CARTESIAN_POINT('Ctrl Pts',(-9.31806997077776,-56.9193398529745,-115.827448100641));
#4019=CARTESIAN_POINT('Ctrl Pts',(-9.31204827498233,-56.921110941136,-115.812910442109));
#4020=CARTESIAN_POINT('Ctrl Pts',(-9.30592284717451,-56.9229125387354,-115.798413374647));
#4021=CARTESIAN_POINT('Ctrl Pts',(-9.29969419027868,-56.9247444978535,-115.783957987185));
#4022=CARTESIAN_POINT('Ctrl Pts',(-9.29369289092331,-56.9265095870627,-115.770030248202));
#4023=CARTESIAN_POINT('Ctrl Pts',(-9.28759945871994,-56.9283017741883,-115.756149806292));
#4024=CARTESIAN_POINT('Ctrl Pts',(-9.28141551313771,-56.9301205829156,-115.742319291745));
#4025=CARTESIAN_POINT('Ctrl Pts',(-9.2363549158532,-56.9433737085306,-115.641540389673));
#4026=CARTESIAN_POINT('Ctrl Pts',(-9.18647913227231,-56.9580430664539,-115.543380805379));
#4027=CARTESIAN_POINT('Ctrl Pts',(-9.13208292663506,-56.9740419612607,-115.448158170383));
#4028=CARTESIAN_POINT('Ctrl Pts',(-9.09329646434026,-56.9854497519864,-115.38026098714));
#4029=CARTESIAN_POINT('Ctrl Pts',(-9.05221057054058,-56.9975338465968,-115.313856936325));
#4030=CARTESIAN_POINT('Ctrl Pts',(-9.00891679078573,-57.0102673199115,-115.249063219898));
#4031=CARTESIAN_POINT('Ctrl Pts',(-8.94681538187761,-57.0285324526308,-115.156121898968));
#4032=CARTESIAN_POINT('Ctrl Pts',(-8.88017567095797,-57.0481323810507,-115.066496611887));
#4033=CARTESIAN_POINT('Ctrl Pts',(-8.80931734625513,-57.0689730791563,-114.980487071913));
#4034=CARTESIAN_POINT('Ctrl Pts',(-8.74100572457474,-57.0890647464447,-114.897568781362));
#4035=CARTESIAN_POINT('Ctrl Pts',(-8.6687725682987,-57.1103098071219,-114.81801059021));
#4036=CARTESIAN_POINT('Ctrl Pts',(-8.59286660982644,-57.1326351045494,-114.742104635896));
#4037=CARTESIAN_POINT('Ctrl Pts',(-8.5759325843034,-57.1376157037547,-114.725170611301));
#4038=CARTESIAN_POINT('Ctrl Pts',(-8.55881147079321,-57.1426513288798,-114.708414641289));
#4039=CARTESIAN_POINT('Ctrl Pts',(-8.54153062784456,-57.1477339332871,-114.691861983161));
#4040=CARTESIAN_POINT('Ctrl Pts',(-8.4627458115962,-57.1709059542053,-114.616397022748));
#4041=CARTESIAN_POINT('Ctrl Pts',(-8.38057164129466,-57.1950748447167,-114.545079274072));
#4042=CARTESIAN_POINT('Ctrl Pts',(-8.2953836233632,-57.220130161677,-114.47807732573));
#4043=CARTESIAN_POINT('Ctrl Pts',(-8.22742077311623,-57.2401192492953,-114.424623289681));
#4044=CARTESIAN_POINT('Ctrl Pts',(-8.15753854389678,-57.2606728605709,-114.373916477101));
#4045=CARTESIAN_POINT('Ctrl Pts',(-8.08590800303056,-57.281740681549,-114.32605448271));
#4046=CARTESIAN_POINT('Ctrl Pts',(-7.99406163464128,-57.3087543383399,-114.264684705021));
#4047=CARTESIAN_POINT('Ctrl Pts',(-7.89934552321445,-57.3366120378485,-114.207993018033));
#4048=CARTESIAN_POINT('Ctrl Pts',(-7.80214514362359,-57.3652004050311,-114.156129552197));
#4049=CARTESIAN_POINT('Ctrl Pts',(-7.70624253497398,-57.3934070746077,-114.104958541463));
#4050=CARTESIAN_POINT('Ctrl Pts',(-7.60792077643575,-57.4223252594096,-114.058487408176));
#4051=CARTESIAN_POINT('Ctrl Pts',(-7.50752310535159,-57.4518540072056,-114.016901334405));
#4052=CARTESIAN_POINT('Ctrl Pts',(-7.4885856017165,-57.4574238651783,-114.009057164169));
#4053=CARTESIAN_POINT('Ctrl Pts',(-7.4695743260391,-57.4630154208276,-114.001386987675));
#4054=CARTESIAN_POINT('Ctrl Pts',(-7.45049176590407,-57.4686279425103,-113.993891600953));
#4055=CARTESIAN_POINT('Ctrl Pts',(-7.43387604962623,-57.4735149213656,-113.987365159099));
#4056=CARTESIAN_POINT('Ctrl Pts',(-7.41721380791264,-57.4784155841835,-113.980974214485));
#4057=CARTESIAN_POINT('Ctrl Pts',(-7.40051054110637,-57.483328313215,-113.974720295084));
#4058=CARTESIAN_POINT('Ctrl Pts',(-7.29867889938831,-57.5132788174125,-113.936593209694));
#4059=CARTESIAN_POINT('Ctrl Pts',(-7.19528057668596,-57.5436901105087,-113.903538003774));
#4060=CARTESIAN_POINT('Ctrl Pts',(-7.09070365972447,-57.5744480492669,-113.875595822913));
#4061=CARTESIAN_POINT('Ctrl Pts',(-7.02093755428267,-57.5949675067239,-113.856954834128));
#4062=CARTESIAN_POINT('Ctrl Pts',(-6.95064620818675,-57.6156414468562,-113.84059032436));
#4063=CARTESIAN_POINT('Ctrl Pts',(-6.87993892404527,-57.6364377218148,-113.826525773094));
#4064=CARTESIAN_POINT('Ctrl Pts',(-6.7725503804584,-57.6680226102311,-113.805164866718));
#4065=CARTESIAN_POINT('Ctrl Pts',(-6.66420705066874,-57.6998883183646,-113.789107569112));
#4066=CARTESIAN_POINT('Ctrl Pts',(-6.55529999321447,-57.7319198289151,-113.778377330636));
#4067=CARTESIAN_POINT('Ctrl Pts',(-6.44639293576019,-57.7639513394657,-113.767647092159));
#4068=CARTESIAN_POINT('Ctrl Pts',(-6.33692129083406,-57.7961489053179,-113.762243821832));
#4069=CARTESIAN_POINT('Ctrl Pts',(-6.22727316724606,-57.8283983767401,-113.762243824835));
#4070=CARTESIAN_POINT('Ctrl Pts',(-6.1993918881972,-57.8365987588576,-113.762243825599));
#4071=CARTESIAN_POINT('Ctrl Pts',(-6.1714995141695,-57.8448024042095,-113.762593463));
#4072=CARTESIAN_POINT('Ctrl Pts',(-6.14360249997923,-57.8530074143188,-113.763292840179));
#4073=CARTESIAN_POINT('Ctrl Pts',(-6.12432108474801,-57.8586784229012,-113.763776224591));
#4074=CARTESIAN_POINT('Ctrl Pts',(-6.10503562546554,-57.8643506209125,-113.7644268293));
#4075=CARTESIAN_POINT('Ctrl Pts',(-6.08576496815759,-57.8700184654002,-113.765243846873));
#4076=CARTESIAN_POINT('Ctrl Pts',(-5.97354497277736,-57.9030243702874,-113.770001635193));
#4077=CARTESIAN_POINT('Ctrl Pts',(-5.86170889300926,-57.9359173587819,-113.780400241538));
#4078=CARTESIAN_POINT('Ctrl Pts',(-5.75068959796794,-57.9685701163458,-113.796372320681));
#4079=CARTESIAN_POINT('Ctrl Pts',(-5.69174352784667,-57.9859072083917,-113.804852750113));
#4080=CARTESIAN_POINT('Ctrl Pts',(-5.633027688663,-58.0031765854198,-113.814905292045));
#4081=CARTESIAN_POINT('Ctrl Pts',(-5.57460741396854,-58.0203590316655,-113.826525808851));
#4082=CARTESIAN_POINT('Ctrl Pts',(-5.4655707654965,-58.05242865751,-113.848214549834));
#4083=CARTESIAN_POINT('Ctrl Pts',(-5.35756707379139,-58.0841944723652,-113.875361694376));
#4084=CARTESIAN_POINT('Ctrl Pts',(-5.25101126111636,-58.1155344401821,-113.907871403812));
#4085=CARTESIAN_POINT('Ctrl Pts',(-5.14820314330248,-58.1457721439988,-113.939237708043));
#4086=CARTESIAN_POINT('Ctrl Pts',(-5.04674226269274,-58.1756136013327,-113.975596430998));
#4087=CARTESIAN_POINT('Ctrl Pts',(-4.94702324309197,-58.2049427462748,-114.016901404543));
#4088=CARTESIAN_POINT('Ctrl Pts',(-4.91029908196284,-58.2157439780654,-114.032113051328));
#4089=CARTESIAN_POINT('Ctrl Pts',(-4.87381198220521,-58.2264754858781,-114.047995690873));
#4090=CARTESIAN_POINT('Ctrl Pts',(-4.83758078390352,-58.2371317285077,-114.064543690134));
#4091=CARTESIAN_POINT('Ctrl Pts',(-4.82165430546516,-58.2418159903161,-114.071817845166));
#4092=CARTESIAN_POINT('Ctrl Pts',(-4.80577860925698,-58.2464853161646,-114.079220036218));
#4093=CARTESIAN_POINT('Ctrl Pts',(-4.78996570729449,-58.251136173105,-114.086744608322));
#4094=CARTESIAN_POINT('Ctrl Pts',(-4.69024742424196,-58.2804651014646,-114.134195570372));
#4095=CARTESIAN_POINT('Ctrl Pts',(-4.59290938997765,-58.3090939561848,-114.186561648656));
#4096=CARTESIAN_POINT('Ctrl Pts',(-4.49831790043906,-58.3369150030871,-114.243656628152));
#4097=CARTESIAN_POINT('Ctrl Pts',(-4.45448849831583,-58.3498060132415,-114.270111849735));
#4098=CARTESIAN_POINT('Ctrl Pts',(-4.41124912360641,-58.3625234858041,-114.29758298243));
#4099=CARTESIAN_POINT('Ctrl Pts',(-4.36863836234987,-58.3750560719314,-114.326054584535));
#4100=CARTESIAN_POINT('Ctrl Pts',(-4.27799186406513,-58.4017168264778,-114.386622641882));
#4101=CARTESIAN_POINT('Ctrl Pts',(-4.19019135300487,-58.4275405253896,-114.451713796764));
#4102=CARTESIAN_POINT('Ctrl Pts',(-4.10557774178642,-58.4524269001759,-114.521119958527));
#4103=CARTESIAN_POINT('Ctrl Pts',(-4.02096413056797,-58.4773132749621,-114.590526120291));
#4104=CARTESIAN_POINT('Ctrl Pts',(-3.93953676939692,-58.501262516739,-114.664247770179));
#4105=CARTESIAN_POINT('Ctrl Pts',(-3.86167977834721,-58.524161648931,-114.742104765494));
#4106=CARTESIAN_POINT('Ctrl Pts',(-3.83739823417028,-58.5313032849284,-114.766386311001));
#4107=CARTESIAN_POINT('Ctrl Pts',(-3.81346463579168,-58.5383425838557,-114.791069944847));
#4108=CARTESIAN_POINT('Ctrl Pts',(-3.78988938728439,-58.5452764856889,-114.816148375532));
#4109=CARTESIAN_POINT('Ctrl Pts',(-3.77881363729691,-58.548534061664,-114.82793032677));
#4110=CARTESIAN_POINT('Ctrl Pts',(-3.76781705005777,-58.5517683544616,-114.839799451413));
#4111=CARTESIAN_POINT('Ctrl Pts',(-3.75691009228434,-58.5549762856332,-114.851744459797));
#4112=CARTESIAN_POINT('Ctrl Pts',(-3.68217171708146,-58.5769581772395,-114.933595929006));
#4113=CARTESIAN_POINT('Ctrl Pts',(-3.61152463950329,-58.597736745175,-115.019128061415));
#4114=CARTESIAN_POINT('Ctrl Pts',(-3.54523973640619,-58.6172323197158,-115.108020897948));
#4115=CARTESIAN_POINT('Ctrl Pts',(-3.51084725350281,-58.6273477635463,-115.154143698433));
#4116=CARTESIAN_POINT('Ctrl Pts',(-3.47762976442535,-58.6371176207149,-115.201171776622));
#4117=CARTESIAN_POINT('Ctrl Pts',(-3.44562962516153,-58.6465294335689,-115.24906337229));
#4118=CARTESIAN_POINT('Ctrl Pts',(-3.38503901528455,-58.6643502147901,-115.339743633572));
#4119=CARTESIAN_POINT('Ctrl Pts',(-3.32881247628074,-58.6808874448518,-115.433515256229));
#4120=CARTESIAN_POINT('Ctrl Pts',(-3.27718682090357,-58.696071472891,-115.530051628019));
#4121=CARTESIAN_POINT('Ctrl Pts',(-3.22559346372416,-58.711246001453,-115.626527604435));
#4122=CARTESIAN_POINT('Ctrl Pts',(-3.17859483724411,-58.7250691376783,-115.725765545218));
#4123=CARTESIAN_POINT('Ctrl Pts',(-3.13647647685618,-58.7374569005059,-115.827448269969));
#4124=CARTESIAN_POINT('Ctrl Pts',(-3.12856232238777,-58.7397845948329,-115.846554730502));
#4125=CARTESIAN_POINT('Ctrl Pts',(-3.12082068954363,-58.7420615474697,-115.865747369151));
#4126=CARTESIAN_POINT('Ctrl Pts',(-3.11325304004036,-58.7442873284993,-115.885023818341));
#4127=CARTESIAN_POINT('Ctrl Pts',(-3.10730377433331,-58.7460371139175,-115.900177892017));
#4128=CARTESIAN_POINT('Ctrl Pts',(-3.1014646613033,-58.7477545014665,-115.91537717893));
#4129=CARTESIAN_POINT('Ctrl Pts',(-3.09573880677648,-58.7494385776672,-115.930613016677));
#4130=CARTESIAN_POINT('Ctrl Pts',(-3.05575456661747,-58.7611986576588,-116.037006462864));
#4131=CARTESIAN_POINT('Ctrl Pts',(-3.02124595945693,-58.7713482562081,-116.145291023962));
#4132=CARTESIAN_POINT('Ctrl Pts',(-2.99231881877625,-58.7798562457943,-116.255013708749));
#4133=CARTESIAN_POINT('Ctrl Pts',(-2.97487083582068,-58.7849880097293,-116.321195138678));
#4134=CARTESIAN_POINT('Ctrl Pts',(-2.95945434028581,-58.7895222769364,-116.387900242112));
#4135=CARTESIAN_POINT('Ctrl Pts',(-2.94610091554542,-58.7934497581806,-116.455032451276));
#4136=CARTESIAN_POINT('Ctrl Pts',(-2.92478644023234,-58.7997187269021,-116.562187570111));
#4137=CARTESIAN_POINT('Ctrl Pts',(-2.9087269095506,-58.8044421225649,-116.670426563011));
#4138=CARTESIAN_POINT('Ctrl Pts',(-2.89798506283878,-58.8076014924058,-116.779340778785));
#4139=CARTESIAN_POINT('Ctrl Pts',(-2.89261413948287,-58.8091811773262,-116.833797886672));
#4140=CARTESIAN_POINT('Ctrl Pts',(-2.88857331106187,-58.8103696575726,-116.888423831211));
#4141=CARTESIAN_POINT('Ctrl Pts',(-2.88587451839417,-58.8111634211367,-116.943167272164));
#4142=CARTESIAN_POINT('Ctrl Pts',(-2.88438676079345,-58.811600997461,-116.973345570535));
#4143=CARTESIAN_POINT('Ctrl Pts',(-2.88330689141211,-58.8119186065755,-117.003559568934));
#4144=CARTESIAN_POINT('Ctrl Pts',(-2.88263727213333,-58.8121155538082,-117.03380059396));
#4145=CARTESIAN_POINT('Ctrl Pts',(-2.88218859120653,-58.8122475190453,-117.054063706996));
#4146=CARTESIAN_POINT('Ctrl Pts',(-2.88192410642462,-58.8123253089066,-117.074338953066));
#4147=CARTESIAN_POINT('Ctrl Pts',(-2.88184459353397,-58.8123486952312,-117.094623705087));
#4148=CARTESIAN_POINT('Ctrl Pts',(-2.88182751191902,-58.8123537192744,-117.098981442812));
#4149=CARTESIAN_POINT('Ctrl Pts',(-2.88181896716718,-58.8123562324736,-117.10333961919));
#4150=CARTESIAN_POINT('Ctrl Pts',(-2.88181896728658,-58.8123562324736,-117.107698208075));
#4151=CARTESIAN_POINT('Ctrl Pts',(-2.88181897041045,-58.8123562324736,-117.221740015298));
#4152=CARTESIAN_POINT('Ctrl Pts',(-2.88766457824499,-58.8106369357268,-117.335654097902));
#4153=CARTESIAN_POINT('Ctrl Pts',(-2.89928436546597,-58.807219349693,-117.448973146738));
#4154=CARTESIAN_POINT('Ctrl Pts',(-2.90999212222065,-58.8040700080362,-117.553397848114));
#4155=CARTESIAN_POINT('Ctrl Pts',(-2.92560380155301,-58.799478335163,-117.657317845697));
#4156=CARTESIAN_POINT('Ctrl Pts',(-2.94610095130154,-58.7934497581807,-117.760363961352));
#4157=CARTESIAN_POINT('Ctrl Pts',(-2.94989000282224,-58.7923353306108,-117.779412806973));
#4158=CARTESIAN_POINT('Ctrl Pts',(-2.95384607175362,-58.7911717802374,-117.798431626787));
#4159=CARTESIAN_POINT('Ctrl Pts',(-2.95796860816295,-58.7899592688054,-117.817418163763));
#4160=CARTESIAN_POINT('Ctrl Pts',(-2.96154626107879,-58.7889070173201,-117.833895213965));
#4161=CARTESIAN_POINT('Ctrl Pts',(-2.965248473866,-58.7878181305517,-117.850344024122));
#4162=CARTESIAN_POINT('Ctrl Pts',(-2.96907281338582,-58.7866933241299,-117.866755438719));
#4163=CARTESIAN_POINT('Ctrl Pts',(-2.99202298526927,-58.7799432694909,-117.96524166984));
#4164=CARTESIAN_POINT('Ctrl Pts',(-3.01938579091028,-58.7718953804456,-118.062467961684));
#4165=CARTESIAN_POINT('Ctrl Pts',(-3.05103822215265,-58.7625858358876,-118.158183781964));
#4166=CARTESIAN_POINT('Ctrl Pts',(-3.07670910236114,-58.7550355721713,-118.235811605799));
#4167=CARTESIAN_POINT('Ctrl Pts',(-3.10520255596908,-58.7466551392001,-118.312446044796));
#4168=CARTESIAN_POINT('Ctrl Pts',(-3.13647654699435,-58.7374569005059,-118.387948132229));
#4169=CARTESIAN_POINT('Ctrl Pts',(-3.14903923174513,-58.7337619908002,-118.418277133784));
#4170=CARTESIAN_POINT('Ctrl Pts',(-3.16205066156218,-58.7299350971546,-118.448422963914));
#4171=CARTESIAN_POINT('Ctrl Pts',(-3.17550645146856,-58.725977509269,-118.478377311051));
#4172=CARTESIAN_POINT('Ctrl Pts',(-3.18456075177568,-58.7233144780046,-118.498533367022));
#4173=CARTESIAN_POINT('Ctrl Pts',(-3.19381915550532,-58.7205914162778,-118.518608591438));
#4174=CARTESIAN_POINT('Ctrl Pts',(-3.20326510500938,-58.7178131939883,-118.538568674864));
#4175=CARTESIAN_POINT('Ctrl Pts',(-3.24841990039989,-58.7045323629848,-118.633984544138));
#4176=CARTESIAN_POINT('Ctrl Pts',(-3.29790094725127,-58.689979104141,-118.726876263219));
#4177=CARTESIAN_POINT('Ctrl Pts',(-3.35145502885662,-58.6742278930109,-118.816990605421));
#4178=CARTESIAN_POINT('Ctrl Pts',(-3.38157041550521,-58.6653704203561,-118.867665141827));
#4179=CARTESIAN_POINT('Ctrl Pts',(-3.41297472535695,-58.6561338523606,-118.917461352251));
#4180=CARTESIAN_POINT('Ctrl Pts',(-3.44562972698638,-58.6465294335689,-118.966333012971));
#4181=CARTESIAN_POINT('Ctrl Pts',(-3.50663573610916,-58.6285864774768,-119.057634952367));
#4182=CARTESIAN_POINT('Ctrl Pts',(-3.57200122610382,-58.6093613201755,-119.145707922411));
#4183=CARTESIAN_POINT('Ctrl Pts',(-3.64143252674705,-58.5889403353205,-119.230292317264));
#4184=CARTESIAN_POINT('Ctrl Pts',(-3.71086382739028,-58.5685193504654,-119.314876712117));
#4185=CARTESIAN_POINT('Ctrl Pts',(-3.7843615406408,-58.5469023610099,-119.395973233905));
#4186=CARTESIAN_POINT('Ctrl Pts',(-3.86167990794566,-58.5241616489311,-119.473291596974));
#4187=CARTESIAN_POINT('Ctrl Pts',(-3.88444949604422,-58.5174647065983,-119.496061183825));
#4188=CARTESIAN_POINT('Ctrl Pts',(-3.90755043762166,-58.5106703072869,-119.518502591007));
#4189=CARTESIAN_POINT('Ctrl Pts',(-3.93097527440364,-58.5037806446086,-119.540609616719));
#4190=CARTESIAN_POINT('Ctrl Pts',(-3.94612014717666,-58.4993262671593,-119.554902484366));
#4191=CARTESIAN_POINT('Ctrl Pts',(-3.96140411712121,-58.4948309787467,-119.569058812144));
#4192=CARTESIAN_POINT('Ctrl Pts',(-3.97680292049813,-58.4903019157694,-119.583056954043));
#4193=CARTESIAN_POINT('Ctrl Pts',(-4.0547290198809,-58.4673824587804,-119.653894964639));
#4194=CARTESIAN_POINT('Ctrl Pts',(-4.13568448406984,-58.4435720114666,-119.720774317779));
#4195=CARTESIAN_POINT('Ctrl Pts',(-4.21934476067212,-58.4189660304822,-119.783559105203));
#4196=CARTESIAN_POINT('Ctrl Pts',(-4.26820520567097,-58.404595301274,-119.820227555001));
#4197=CARTESIAN_POINT('Ctrl Pts',(-4.31798913923747,-58.3899529575737,-119.85549892143));
#4198=CARTESIAN_POINT('Ctrl Pts',(-4.36863851474153,-58.3750560719315,-119.889341750159));
#4199=CARTESIAN_POINT('Ctrl Pts',(-4.45990732344027,-58.3482122857574,-119.950325614823));
#4200=CARTESIAN_POINT('Ctrl Pts',(-4.55398039347787,-58.3205437162031,-120.006671084499));
#4201=CARTESIAN_POINT('Ctrl Pts',(-4.65049350509413,-58.2921574868039,-120.058247902718));
#4202=CARTESIAN_POINT('Ctrl Pts',(-4.74700661671039,-58.2637712574047,-120.109824720936));
#4203=CARTESIAN_POINT('Ctrl Pts',(-4.84596061394802,-58.2346671199125,-120.156633319929));
#4204=CARTESIAN_POINT('Ctrl Pts',(-4.94702341242052,-58.2049427462749,-120.198494898465));
#4205=CARTESIAN_POINT('Ctrl Pts',(-4.988909463683,-58.192623310669,-120.215844667627));
#4206=CARTESIAN_POINT('Ctrl Pts',(-5.03115734298551,-58.1801974549676,-120.232343757235));
#4207=CARTESIAN_POINT('Ctrl Pts',(-5.0737416947344,-58.1676726367035,-120.247983499708));
#4208=CARTESIAN_POINT('Ctrl Pts',(-5.09191699558537,-58.1623269561729,-120.2546586518));
#4209=CARTESIAN_POINT('Ctrl Pts',(-5.11015558107931,-58.1569626624973,-120.261177836088));
#4210=CARTESIAN_POINT('Ctrl Pts',(-5.12843482549572,-58.1515864103051,-120.267533383487));
#4211=CARTESIAN_POINT('Ctrl Pts',(-5.22860630834512,-58.1221241884541,-120.302362208618));
#4212=CARTESIAN_POINT('Ctrl Pts',(-5.33012924718771,-58.0922644792199,-120.332330558871));
#4213=CARTESIAN_POINT('Ctrl Pts',(-5.43265643359745,-58.0621094028012,-120.357406978486));
#4214=CARTESIAN_POINT('Ctrl Pts',(-5.47977170377657,-58.0482519604731,-120.368930578486));
#4215=CARTESIAN_POINT('Ctrl Pts',(-5.5270994358826,-58.0343320292895,-120.379420500981));
#4216=CARTESIAN_POINT('Ctrl Pts',(-5.57460759372679,-58.0203590316655,-120.388870459775));
#4217=CARTESIAN_POINT('Ctrl Pts',(-5.68205353575153,-57.9887572613435,-120.410242783409));
#4218=CARTESIAN_POINT('Ctrl Pts',(-5.79041712723644,-57.9568855938836,-120.426298727069));
#4219=CARTESIAN_POINT('Ctrl Pts',(-5.89931968749662,-57.9248554060381,-120.437026109916));
#4220=CARTESIAN_POINT('Ctrl Pts',(-6.00822224775681,-57.8928252181927,-120.447753492764));
#4221=CARTESIAN_POINT('Ctrl Pts',(-6.11766472771649,-57.8606362302779,-120.453152411037));
#4222=CARTESIAN_POINT('Ctrl Pts',(-6.22727335052599,-57.8283983767403,-120.453152408034));
#4223=CARTESIAN_POINT('Ctrl Pts',(-6.28432884681551,-57.8116173362915,-120.453152406471));
#4224=CARTESIAN_POINT('Ctrl Pts',(-6.34142812390279,-57.7948234191164,-120.451688529318));
#4225=CARTESIAN_POINT('Ctrl Pts',(-6.39851766888655,-57.7780323643149,-120.448759126744));
#4226=CARTESIAN_POINT('Ctrl Pts',(-6.42143227707679,-57.7712927687903,-120.447583322798));
#4227=CARTESIAN_POINT('Ctrl Pts',(-6.4443498324934,-57.7645523064318,-120.446170938268));
#4228=CARTESIAN_POINT('Ctrl Pts',(-6.4672384125379,-57.7578203662459,-120.44452402548));
#4229=CARTESIAN_POINT('Ctrl Pts',(-6.57574837524864,-57.7259056482021,-120.436716356988));
#4230=CARTESIAN_POINT('Ctrl Pts',(-6.68371788651255,-57.6941498865385,-120.423638229319));
#4231=CARTESIAN_POINT('Ctrl Pts',(-6.79077064015722,-57.6626637596218,-120.4053511716));
#4232=CARTESIAN_POINT('Ctrl Pts',(-6.82056721878592,-57.6539000536502,-120.400261234772));
#4233=CARTESIAN_POINT('Ctrl Pts',(-6.85029276557989,-57.6451572394066,-120.394767448184));
#4234=CARTESIAN_POINT('Ctrl Pts',(-6.87993910380355,-57.6364377218149,-120.38887042402));
#4235=CARTESIAN_POINT('Ctrl Pts',(-6.98711692322108,-57.6049148107963,-120.367551427177));
#4236=CARTESIAN_POINT('Ctrl Pts',(-7.09325635455613,-57.5736973082156,-120.340966996614));
#4237=CARTESIAN_POINT('Ctrl Pts',(-7.19798227461793,-57.5428955445035,-120.309213763789));
#4238=CARTESIAN_POINT('Ctrl Pts',(-7.30270819467972,-57.5120937807914,-120.277460530964));
#4239=CARTESIAN_POINT('Ctrl Pts',(-7.40602144944621,-57.4817075071306,-120.240538264201));
#4240=CARTESIAN_POINT('Ctrl Pts',(-7.50752327468013,-57.4518540072056,-120.198494828326));
#4241=CARTESIAN_POINT('Ctrl Pts',(-7.55793250183771,-57.4370277530402,-120.177614641151));
#4242=CARTESIAN_POINT('Ctrl Pts',(-7.60789345683328,-57.4223333437135,-120.155471022883));
#4243=CARTESIAN_POINT('Ctrl Pts',(-7.65735904774614,-57.4077846298004,-120.132077531645));
#4244=CARTESIAN_POINT('Ctrl Pts',(-7.67394507765797,-57.4029063821198,-120.124233591277));
#4245=CARTESIAN_POINT('Ctrl Pts',(-7.6904753947837,-57.3980445205634,-120.116249108204));
#4246=CARTESIAN_POINT('Ctrl Pts',(-7.70694816238812,-57.393199585348,-120.108124532061));
#4247=CARTESIAN_POINT('Ctrl Pts',(-7.72154473922391,-57.3889064713531,-120.1009253168));
#4248=CARTESIAN_POINT('Ctrl Pts',(-7.73609352167769,-57.3846274145387,-120.093617334529));
#4249=CARTESIAN_POINT('Ctrl Pts',(-7.75058441034725,-57.3803653853194,-120.086205685108));
#4250=CARTESIAN_POINT('Ctrl Pts',(-7.84615533566106,-57.3522562689295,-120.037324059596));
#4251=CARTESIAN_POINT('Ctrl Pts',(-7.93932332615947,-57.3248538985475,-119.983881323511));
#4252=CARTESIAN_POINT('Ctrl Pts',(-8.0297664354172,-57.2982529643684,-119.926043592887));
#4253=CARTESIAN_POINT('Ctrl Pts',(-8.04859960804907,-57.2927137918469,-119.913999911788));
#4254=CARTESIAN_POINT('Ctrl Pts',(-8.0673145358298,-57.2872093972463,-119.901765508484));
#4255=CARTESIAN_POINT('Ctrl Pts',(-8.08590815542223,-57.281740681549,-119.889341648334));
#4256=CARTESIAN_POINT('Ctrl Pts',(-8.17661221913395,-57.2550629959821,-119.828735126996));
#4257=CARTESIAN_POINT('Ctrl Pts',(-8.26442890950018,-57.2292345384473,-119.763625645256));
#4258=CARTESIAN_POINT('Ctrl Pts',(-8.34903652476731,-57.2043499271774,-119.694220700443));
#4259=CARTESIAN_POINT('Ctrl Pts',(-8.43364414003443,-57.1794653159075,-119.624815755629));
#4260=CARTESIAN_POINT('Ctrl Pts',(-8.51504340855669,-57.1555243366806,-119.551114802507));
#4261=CARTESIAN_POINT('Ctrl Pts',(-8.59286673942491,-57.1326351045494,-119.473291467375));
#4262=CARTESIAN_POINT('Ctrl Pts',(-8.63141928948455,-57.121296110732,-119.434738915203));
#4263=CARTESIAN_POINT('Ctrl Pts',(-8.66909269203137,-57.1102156898912,-119.395175007944));
#4264=CARTESIAN_POINT('Ctrl Pts',(-8.70584632894111,-57.0994057885431,-119.35462752495));
#4265=CARTESIAN_POINT('Ctrl Pts',(-8.7162203944633,-57.0963545905038,-119.343182610087));
#4266=CARTESIAN_POINT('Ctrl Pts',(-8.72652116098458,-57.0933249510092,-119.331659326017));
#4267=CARTESIAN_POINT('Ctrl Pts',(-8.73674766493487,-57.0903171534624,-119.320058281282));
#4268=CARTESIAN_POINT('Ctrl Pts',(-8.7475715949737,-57.0871336422277,-119.307779510629));
#4269=CARTESIAN_POINT('Ctrl Pts',(-8.75830651490339,-57.0839763104551,-119.295420190749));
#4270=CARTESIAN_POINT('Ctrl Pts',(-8.76894832003251,-57.0808463654077,-119.282985171531));
#4271=CARTESIAN_POINT('Ctrl Pts',(-8.83891311165996,-57.0602684699862,-119.201230852793));
#4272=CARTESIAN_POINT('Ctrl Pts',(-8.90490256715704,-57.0408597918919,-119.116154625349));
#4273=CARTESIAN_POINT('Ctrl Pts',(-8.96667923365947,-57.0226901702552,-119.028038020984));
#4274=CARTESIAN_POINT('Ctrl Pts',(-8.98098565085509,-57.0184823972862,-119.007631725609));
#4275=CARTESIAN_POINT('Ctrl Pts',(-8.99506596130857,-57.014341126347,-118.987062245414));
#4276=CARTESIAN_POINT('Ctrl Pts',(-9.00891689261057,-57.0102673199116,-118.96633286058));
#4277=CARTESIAN_POINT('Ctrl Pts',(-9.0695247625887,-56.9924414621862,-118.875626767729));
#4278=CARTESIAN_POINT('Ctrl Pts',(-9.12574217998112,-56.9759069149534,-118.781864283017));
#4279=CARTESIAN_POINT('Ctrl Pts',(-9.17734965247132,-56.9607282348262,-118.685363387028));
#4280=CARTESIAN_POINT('Ctrl Pts',(-9.22895712496151,-56.945549554699,-118.588862491039));
#4281=CARTESIAN_POINT('Ctrl Pts',(-9.27595510472685,-56.931726608684,-118.489622420904));
#4282=CARTESIAN_POINT('Ctrl Pts',(-9.31807004091594,-56.9193398529745,-118.3879479629));
#4283=CARTESIAN_POINT('Ctrl Pts',(-9.33268899885499,-56.9150401560711,-118.352654673641));
#4284=CARTESIAN_POINT('Ctrl Pts',(-9.3467188603951,-56.9109137229373,-118.317068502834));
#4285=CARTESIAN_POINT('Ctrl Pts',(-9.36015058126264,-56.9069632136557,-118.281203781101));
#4286=CARTESIAN_POINT('Ctrl Pts',(-9.36575639345693,-56.905314444051,-118.266235416555));
#4287=CARTESIAN_POINT('Ctrl Pts',(-9.37125800771672,-56.9036963209194,-118.251218532652));
#4288=CARTESIAN_POINT('Ctrl Pts',(-9.37665472279035,-56.9021090505115,-118.236154173955));
#4289=CARTESIAN_POINT('Ctrl Pts',(-9.38135730801937,-56.9007259361035,-118.223027405222));
#4290=CARTESIAN_POINT('Ctrl Pts',(-9.38597687863192,-56.8993672377766,-118.209873978659));
#4291=CARTESIAN_POINT('Ctrl Pts',(-9.39051328947153,-56.8980329982238,-118.196694764797));
#4292=CARTESIAN_POINT('Ctrl Pts',(-9.426360524188,-56.8874896854364,-118.092551117005));
#4293=CARTESIAN_POINT('Ctrl Pts',(-9.45701905830451,-56.8784724621506,-117.986798109398));
#4294=CARTESIAN_POINT('Ctrl Pts',(-9.48239851120542,-56.8710079109231,-117.879833124991));
#4295=CARTESIAN_POINT('Ctrl Pts',(-9.49180926732035,-56.8682400391575,-117.840170277056));
#4296=CARTESIAN_POINT('Ctrl Pts',(-9.50049372058334,-56.8656857860309,-117.800340595939));
#4297=CARTESIAN_POINT('Ctrl Pts',(-9.50844560222669,-56.8633469952998,-117.760363781594));
#4298=CARTESIAN_POINT('Ctrl Pts',(-9.5297983790873,-56.8570667614075,-117.653016107848));
#4299=CARTESIAN_POINT('Ctrl Pts',(-9.54587155509639,-56.852339352409,-117.544612202317));
#4300=CARTESIAN_POINT('Ctrl Pts',(-9.55661138038927,-56.8491805771024,-117.435548853688));
#4301=CARTESIAN_POINT('Ctrl Pts',(-9.56732124908394,-56.8460306125688,-117.326789715493));
#4302=CARTESIAN_POINT('Ctrl Pts',(-9.57272755348981,-56.8444405210069,-117.217374012564));
#4303=CARTESIAN_POINT('Ctrl Pts',(-9.57272755048552,-56.8444405210069,-117.107698024795));
#4304=CARTESIAN_POINT('Ctrl Pts',(-8.7999640654516,-56.071677035973,-117.107698045962));
#4305=CARTESIAN_POINT('Ctrl Pts',(-8.79996407047149,-56.071677035973,-117.290956963283));
#4306=CARTESIAN_POINT('Ctrl Pts',(-8.78191539469269,-56.0780196445276,-117.474208295192));
#4307=CARTESIAN_POINT('Ctrl Pts',(-8.71041132215652,-56.1031473760043,-117.833683594363));
#4308=CARTESIAN_POINT('Ctrl Pts',(-8.65695888526445,-56.12193145878,-118.009892681359));
#4309=CARTESIAN_POINT('Ctrl Pts',(-8.5166985915692,-56.1712212771012,-118.348511010896));
#4310=CARTESIAN_POINT('Ctrl Pts',(-8.42989654072533,-56.2017249723353,-118.510906236595));
#4311=CARTESIAN_POINT('Ctrl Pts',(-8.22627015031324,-56.27328269742,-118.815654683987));
#4312=CARTESIAN_POINT('Ctrl Pts',(-8.10945423963822,-56.3143337652163,-118.957995290937));
#4313=CARTESIAN_POINT('Ctrl Pts',(-7.85028700051165,-56.4054094738147,-119.217162544262));
#4314=CARTESIAN_POINT('Ctrl Pts',(-7.70794639993047,-56.4554303446634,-119.333978462756));
#4315=CARTESIAN_POINT('Ctrl Pts',(-7.40319796375488,-56.5625240483668,-119.537604869823));
#4316=CARTESIAN_POINT('Ctrl Pts',(-7.24080274271756,-56.6195924482549,-119.62440692961));
#4317=CARTESIAN_POINT('Ctrl Pts',(-6.90218442099132,-56.7385885960885,-119.764667241804));
#4318=CARTESIAN_POINT('Ctrl Pts',(-6.72597533677245,-56.8005114184118,-119.818119688393));
#4319=CARTESIAN_POINT('Ctrl Pts',(-6.36650004169433,-56.9268370551503,-119.889623780588));
#4320=CARTESIAN_POINT('Ctrl Pts',(-6.18324871058943,-56.9912346405707,-119.907672466424));
#4321=CARTESIAN_POINT('Ctrl Pts',(-5.81673087614266,-57.120035142842,-119.907672476464));
#4322=CARTESIAN_POINT('Ctrl Pts',(-5.63347954404896,-57.1844327282624,-119.889623800668));
#4323=CARTESIAN_POINT('Ctrl Pts',(-5.27400424505353,-57.3107583650009,-119.818119728166));
#4324=CARTESIAN_POINT('Ctrl Pts',(-5.09779515790627,-57.3726811873242,-119.764667291231));
#4325=CARTESIAN_POINT('Ctrl Pts',(-4.7591768284959,-57.4916773351578,-119.624406997588));
#4326=CARTESIAN_POINT('Ctrl Pts',(-4.59678160270316,-57.5487457350459,-119.537604946697));
#4327=CARTESIAN_POINT('Ctrl Pts',(-4.29203315537193,-57.6558394387493,-119.333978556326));
#4328=CARTESIAN_POINT('Ctrl Pts',(-4.14969254839103,-57.705860309598,-119.217162645631));
#4329=CARTESIAN_POINT('Ctrl Pts',(-3.89052529506605,-57.7969360181963,-118.957995406504));
#4330=CARTESIAN_POINT('Ctrl Pts',(-3.77370937659293,-57.8379870859926,-118.815654805954));
#4331=CARTESIAN_POINT('Ctrl Pts',(-3.57008296948528,-57.9095448110774,-118.510906369716));
#4332=CARTESIAN_POINT('Ctrl Pts',(-3.48328090974463,-57.9400485063115,-118.348511148773));
#4333=CARTESIAN_POINT('Ctrl Pts',(-3.34302059749824,-57.9893383246327,-118.00989282692));
#4334=CARTESIAN_POINT('Ctrl Pts',(-3.28956815095261,-58.0081224074084,-117.833683742853));
#4335=CARTESIAN_POINT('Ctrl Pts',(-3.21806405872267,-58.0332501388851,-117.474208447599));
#4336=CARTESIAN_POINT('Ctrl Pts',(-3.20001537290449,-58.0395927474397,-117.290957116679));
#4337=CARTESIAN_POINT('Ctrl Pts',(-3.20001536286469,-58.0395927474397,-116.924439282038));
#4338=CARTESIAN_POINT('Ctrl Pts',(-3.2180640386435,-58.0332501388851,-116.741187950129));
#4339=CARTESIAN_POINT('Ctrl Pts',(-3.28956811117966,-58.0081224074084,-116.381712650958));
#4340=CARTESIAN_POINT('Ctrl Pts',(-3.34302054807173,-57.9893383246327,-116.205503563962));
#4341=CARTESIAN_POINT('Ctrl Pts',(-3.48328084176698,-57.9400485063115,-115.866885234425));
#4342=CARTESIAN_POINT('Ctrl Pts',(-3.57008289261086,-57.9095448110774,-115.704490008726));
#4343=CARTESIAN_POINT('Ctrl Pts',(-3.77370928302294,-57.8379870859927,-115.399741561334));
#4344=CARTESIAN_POINT('Ctrl Pts',(-3.89052519369796,-57.7969360181963,-115.257400954383));
#4345=CARTESIAN_POINT('Ctrl Pts',(-4.14969243282453,-57.705860309598,-114.998233701058));
#4346=CARTESIAN_POINT('Ctrl Pts',(-4.29203303340571,-57.6558394387493,-114.881417782565));
#4347=CARTESIAN_POINT('Ctrl Pts',(-4.59678146958131,-57.5487457350459,-114.677791375498));
#4348=CARTESIAN_POINT('Ctrl Pts',(-4.75917669061862,-57.4916773351578,-114.590989315711));
#4349=CARTESIAN_POINT('Ctrl Pts',(-5.09779501234487,-57.3726811873242,-114.450729003517));
#4350=CARTESIAN_POINT('Ctrl Pts',(-5.27400409656373,-57.3107583650009,-114.397276556927));
#4351=CARTESIAN_POINT('Ctrl Pts',(-5.63347939164185,-57.1844327282624,-114.325772464732));
#4352=CARTESIAN_POINT('Ctrl Pts',(-5.81673072274675,-57.120035142842,-114.307723778897));
#4353=CARTESIAN_POINT('Ctrl Pts',(-6.18324855719353,-56.9912346405707,-114.307723768857));
#4354=CARTESIAN_POINT('Ctrl Pts',(-6.36649988928721,-56.9268370551502,-114.325772444653));
#4355=CARTESIAN_POINT('Ctrl Pts',(-6.72597518828265,-56.8005114184118,-114.397276517154));
#4356=CARTESIAN_POINT('Ctrl Pts',(-6.90218427542991,-56.7385885960885,-114.45072895409));
#4357=CARTESIAN_POINT('Ctrl Pts',(-7.24080260484029,-56.6195924482549,-114.590989247733));
#4358=CARTESIAN_POINT('Ctrl Pts',(-7.40319783063301,-56.5625240483668,-114.677791298624));
#4359=CARTESIAN_POINT('Ctrl Pts',(-7.70794627796426,-56.4554303446634,-114.881417688995));
#4360=CARTESIAN_POINT('Ctrl Pts',(-7.85028688494515,-56.4054094738147,-114.99823359969));
#4361=CARTESIAN_POINT('Ctrl Pts',(-8.10945413827015,-56.3143337652163,-115.257400838817));
#4362=CARTESIAN_POINT('Ctrl Pts',(-8.22627005674326,-56.27328269742,-115.399741439367));
#4363=CARTESIAN_POINT('Ctrl Pts',(-8.42989646385091,-56.2017249723353,-115.704489875604));
#4364=CARTESIAN_POINT('Ctrl Pts',(-8.51669852359157,-56.1712212771012,-115.866885096548));
#4365=CARTESIAN_POINT('Ctrl Pts',(-8.65695883583794,-56.12193145878,-116.2055034184));
#4366=CARTESIAN_POINT('Ctrl Pts',(-8.71041128238358,-56.1031473760043,-116.381712502468));
#4367=CARTESIAN_POINT('Ctrl Pts',(-8.78191537461351,-56.0780196445276,-116.741187797722));
#4368=CARTESIAN_POINT('Ctrl Pts',(-8.7999640604317,-56.071677035973,-116.924439128642));
#4369=CARTESIAN_POINT('Ctrl Pts',(-8.7999640654516,-56.071677035973,-117.107698045962));
#4370=CARTESIAN_POINT('Ctrl Pts',(-9.57272755048552,-56.8444405210069,-117.107698024795));
#4371=CARTESIAN_POINT('Ctrl Pts',(-9.57272755648338,-56.8444405210069,-117.326658720502));
#4372=CARTESIAN_POINT('Ctrl Pts',(-9.55116270897781,-56.8507831295624,-117.545610353091));
#4373=CARTESIAN_POINT('Ctrl Pts',(-9.46572849547558,-56.8759108610372,-117.975117210097));
#4374=CARTESIAN_POINT('Ctrl Pts',(-9.40186266595582,-56.8946949438152,-118.185654655429));
#4375=CARTESIAN_POINT('Ctrl Pts',(-9.23427741587606,-56.9439847621337,-118.590241270371));
#4376=CARTESIAN_POINT('Ctrl Pts',(-9.13056493234437,-56.9744884573702,-118.784273692501));
#4377=CARTESIAN_POINT('Ctrl Pts',(-8.88726885287678,-57.046046182453,-119.148392028658));
#4378=CARTESIAN_POINT('Ctrl Pts',(-8.74769532790072,-57.0870972502501,-119.318462870417));
#4379=CARTESIAN_POINT('Ctrl Pts',(-8.4380381509491,-57.1781729588487,-119.628120064333));
#4380=CARTESIAN_POINT('Ctrl Pts',(-8.26796731680999,-57.2281938296956,-119.767693598644));
#4381=CARTESIAN_POINT('Ctrl Pts',(-7.90384899403447,-57.3352875334023,-120.010989698025));
#4382=CARTESIAN_POINT('Ctrl Pts',(-7.70981657750699,-57.3923559332857,-120.114702192226));
#4383=CARTESIAN_POINT('Ctrl Pts',(-7.30522997185327,-57.5113520811255,-120.282287464426));
#4384=CARTESIAN_POINT('Ctrl Pts',(-7.09469252989174,-57.5732749034416,-120.346153305518));
#4385=CARTESIAN_POINT('Ctrl Pts',(-6.66518567771535,-57.6996005401882,-120.431587542521));
#4386=CARTESIAN_POINT('Ctrl Pts',(-6.44623404615071,-57.7639981256001,-120.453152402036));
#4387=CARTESIAN_POINT('Ctrl Pts',(-6.00831265490126,-57.8927986278804,-120.453152414032));
#4388=CARTESIAN_POINT('Ctrl Pts',(-5.78936102215521,-57.9571962132922,-120.431587566511));
#4389=CARTESIAN_POINT('Ctrl Pts',(-5.35985416529835,-58.0835218500389,-120.346153353039));
#4390=CARTESIAN_POINT('Ctrl Pts',(-5.14931671983795,-58.145444672355,-120.282287523482));
#4391=CARTESIAN_POINT('Ctrl Pts',(-4.74473010500309,-58.2644408201948,-120.114702273447));
#4392=CARTESIAN_POINT('Ctrl Pts',(-4.55069768279375,-58.3215092200781,-120.010989789875));
#4393=CARTESIAN_POINT('Ctrl Pts',(-4.18657934668932,-58.4286029237849,-119.767693710443));
#4394=CARTESIAN_POINT('Ctrl Pts',(-4.01650850490372,-58.4786237946317,-119.628120185449));
#4395=CARTESIAN_POINT('Ctrl Pts',(-3.7068513109876,-58.5696995032304,-119.318463008498));
#4396=CARTESIAN_POINT('Ctrl Pts',(-3.56727777669424,-58.6107505710275,-119.148392174385));
#4397=CARTESIAN_POINT('Ctrl Pts',(-3.32398167727852,-58.6823082961103,-118.784273851557));
#4398=CARTESIAN_POINT('Ctrl Pts',(-3.22026918311682,-58.7128119913467,-118.590241435109));
#4399=CARTESIAN_POINT('Ctrl Pts',(-3.05268391087188,-58.7621018096652,-118.185654829348));
#4400=CARTESIAN_POINT('Ctrl Pts',(-2.98881806981787,-58.7808858924433,-117.975117387515));
#4401=CARTESIAN_POINT('Ctrl Pts',(-2.90338383278521,-58.806013623918,-117.545610535189));
#4402=CARTESIAN_POINT('Ctrl Pts',(-2.88181897328443,-58.8123562324736,-117.326658903782));
#4403=CARTESIAN_POINT('Ctrl Pts',(-2.88181896128872,-58.8123562324736,-116.888737512367));
#4404=CARTESIAN_POINT('Ctrl Pts',(-2.9033838087943,-58.806013623918,-116.669785879779));
#4405=CARTESIAN_POINT('Ctrl Pts',(-2.98881802229652,-58.7808858924433,-116.240279022772));
#4406=CARTESIAN_POINT('Ctrl Pts',(-3.05268385181629,-58.7621018096652,-116.02974157744));
#4407=CARTESIAN_POINT('Ctrl Pts',(-3.22026910189604,-58.7128119913467,-115.625154962498));
#4408=CARTESIAN_POINT('Ctrl Pts',(-3.32398158542774,-58.6823082961103,-115.431122540368));
#4409=CARTESIAN_POINT('Ctrl Pts',(-3.56727766489532,-58.6107505710275,-115.067004204212));
#4410=CARTESIAN_POINT('Ctrl Pts',(-3.70685118987138,-58.5696995032304,-114.896933362452));
#4411=CARTESIAN_POINT('Ctrl Pts',(-4.01650836682301,-58.4786237946317,-114.587276168536));
#4412=CARTESIAN_POINT('Ctrl Pts',(-4.18657920096211,-58.4286029237848,-114.447702634225));
#4413=CARTESIAN_POINT('Ctrl Pts',(-4.55069752373763,-58.3215092200781,-114.204406534845));
#4414=CARTESIAN_POINT('Ctrl Pts',(-4.7447299402651,-58.2644408201947,-114.100694040643));
#4415=CARTESIAN_POINT('Ctrl Pts',(-5.14931654591884,-58.145444672355,-113.933108768443));
#4416=CARTESIAN_POINT('Ctrl Pts',(-5.35985398788037,-58.0835218500389,-113.869242927352));
#4417=CARTESIAN_POINT('Ctrl Pts',(-5.78936084005674,-57.9571962132922,-113.783808690349));
#4418=CARTESIAN_POINT('Ctrl Pts',(-6.00831247162139,-57.8927986278804,-113.762243830833));
#4419=CARTESIAN_POINT('Ctrl Pts',(-6.44623386287083,-57.7639981256001,-113.762243818837));
#4420=CARTESIAN_POINT('Ctrl Pts',(-6.66518549561689,-57.6996005401882,-113.783808666358));
#4421=CARTESIAN_POINT('Ctrl Pts',(-7.09469235247375,-57.5732749034416,-113.86924287983));
#4422=CARTESIAN_POINT('Ctrl Pts',(-7.30522979793417,-57.5113520811255,-113.933108709387));
#4423=CARTESIAN_POINT('Ctrl Pts',(-7.70981641276901,-57.3923559332857,-114.100693959422));
#4424=CARTESIAN_POINT('Ctrl Pts',(-7.90384883497835,-57.3352875334023,-114.204406442994));
#4425=CARTESIAN_POINT('Ctrl Pts',(-8.26796717108278,-57.2281938296956,-114.447702522426));
#4426=CARTESIAN_POINT('Ctrl Pts',(-8.43803801286839,-57.1781729588487,-114.58727604742));
#4427=CARTESIAN_POINT('Ctrl Pts',(-8.7476952067845,-57.08709725025,-114.896933224372));
#4428=CARTESIAN_POINT('Ctrl Pts',(-8.88726874107787,-57.046046182453,-115.067004058484));
#4429=CARTESIAN_POINT('Ctrl Pts',(-9.13056484049358,-56.9744884573701,-115.431122381312));
#4430=CARTESIAN_POINT('Ctrl Pts',(-9.2342773346553,-56.9439847621337,-115.62515479776));
#4431=CARTESIAN_POINT('Ctrl Pts',(-9.40186260690022,-56.8946949438152,-116.029741403521));
#4432=CARTESIAN_POINT('Ctrl Pts',(-9.46572844795424,-56.8759108610372,-116.240278845354));
#4433=CARTESIAN_POINT('Ctrl Pts',(-9.55116268498688,-56.8507831295624,-116.66978569768));
#4434=CARTESIAN_POINT('Ctrl Pts',(-9.57272754448766,-56.8444405210069,-116.888737329087));
#4435=CARTESIAN_POINT('Ctrl Pts',(-9.57272755048552,-56.8444405210069,-117.107698024795));
#4436=CARTESIAN_POINT('',(-8.80000040468589,-56.0717133752073,-117.107698045961));
#4437=CARTESIAN_POINT('Ctrl Pts',(-9.57272755048552,-56.8444405210069,-117.107698024795));
#4438=CARTESIAN_POINT('Ctrl Pts',(-8.80000040468589,-56.0717133752073,-117.107698045961));
#4439=CARTESIAN_POINT('',(-6.0000004046859,-57.0556712039877,-114.30769812266));
#4440=CARTESIAN_POINT('Ctrl Pts',(-6.00000040468601,-57.055671203988,-114.30769812266));
#4441=CARTESIAN_POINT('Ctrl Pts',(-6.10089863621466,-57.020214201308,-114.30769812266));
#4442=CARTESIAN_POINT('Ctrl Pts',(-6.20174451787926,-56.9847942696364,-114.313151294178));
#4443=CARTESIAN_POINT('Ctrl Pts',(-6.40234700947708,-56.9142947824266,-114.334922935737));
#4444=CARTESIAN_POINT('Ctrl Pts',(-6.5020241439321,-56.8792485337839,-114.351218643665));
#4445=CARTESIAN_POINT('Ctrl Pts',(-6.79724766536161,-56.7755235743388,-114.416064589451));
#4446=CARTESIAN_POINT('Ctrl Pts',(-6.98935245404845,-56.7079883492563,-114.480477164786));
#4447=CARTESIAN_POINT('Ctrl Pts',(-7.29521607171005,-56.6005331365002,-114.62165595297));
#4448=CARTESIAN_POINT('Ctrl Pts',(-7.41323725112082,-56.5590478111729,-114.686749162344));
#4449=CARTESIAN_POINT('Ctrl Pts',(-7.67851913183781,-56.4658094809984,-114.859257501654));
#4450=CARTESIAN_POINT('Ctrl Pts',(-7.82144590391835,-56.4156005506143,-114.973236147182));
#4451=CARTESIAN_POINT('Ctrl Pts',(-8.08278605762668,-56.3237443517294,-115.227563891891));
#4452=CARTESIAN_POINT('Ctrl Pts',(-8.20089058166989,-56.2822591089579,-115.367099905247));
#4453=CARTESIAN_POINT('Ctrl Pts',(-8.3846977489638,-56.2176503278888,-115.63360756045));
#4454=CARTESIAN_POINT('Ctrl Pts',(-8.45590421622085,-56.1926540305687,-115.755460398678));
#4455=CARTESIAN_POINT('Ctrl Pts',(-8.61003223883464,-56.1384664536329,-116.072236608925));
#4456=CARTESIAN_POINT('Ctrl Pts',(-8.68086553188277,-56.1135990928911,-116.272198445481));
#4457=CARTESIAN_POINT('Ctrl Pts',(-8.75224844112472,-56.088489911451,-116.582067965267));
#4458=CARTESIAN_POINT('Ctrl Pts',(-8.77012606015845,-56.0822221437546,-116.686274328994));
#4459=CARTESIAN_POINT('Ctrl Pts',(-8.79401107366826,-56.0738353171727,-116.896360515625));
#4460=CARTESIAN_POINT('Ctrl Pts',(-8.80000077934156,-56.0717132409092,-117.001988680278));
#4461=CARTESIAN_POINT('Ctrl Pts',(-8.80000040466831,-56.0717133752137,-117.107708045961));
#4462=CARTESIAN_POINT('Ctrl Pts',(-8.8000004046859,-56.0717133752073,-117.107698045961));
#4463=CARTESIAN_POINT('Ctrl Pts',(-8.80000040932197,-56.0717133752073,-117.27694397569));
#4464=CARTESIAN_POINT('Ctrl Pts',(-8.78463951721127,-56.0771212503976,-117.445806272557));
#4465=CARTESIAN_POINT('Ctrl Pts',(-8.72367189144192,-56.0985287596292,-117.778804934327));
#4466=CARTESIAN_POINT('Ctrl Pts',(-8.67808819510599,-56.1145719941814,-117.942117832802));
#4467=CARTESIAN_POINT('Ctrl Pts',(-8.49718395584606,-56.1781048794346,-118.419592620257));
#4468=CARTESIAN_POINT('Ctrl Pts',(-8.31962182957856,-56.2405595288648,-118.711500809911));
#4469=CARTESIAN_POINT('Ctrl Pts',(-7.97367010593383,-56.3620949359108,-119.102515081115));
#4470=CARTESIAN_POINT('Ctrl Pts',(-7.83742313997603,-56.410000473402,-119.228481979016));
#4471=CARTESIAN_POINT('Ctrl Pts',(-7.53944718922133,-56.5146856645249,-119.454216225008));
#4472=CARTESIAN_POINT('Ctrl Pts',(-7.37764198229764,-56.5715745363094,-119.552568307187));
#4473=CARTESIAN_POINT('Ctrl Pts',(-6.85771212006305,-56.7542378323333,-119.801257298853));
#4474=CARTESIAN_POINT('Ctrl Pts',(-6.47808511848407,-56.8877058570187,-119.893263189795));
#4475=CARTESIAN_POINT('Ctrl Pts',(-5.90176841324151,-57.0901793211592,-119.912554512507));
#4476=CARTESIAN_POINT('Ctrl Pts',(-5.70955126394351,-57.1577579981937,-119.899226811746));
#4477=CARTESIAN_POINT('Ctrl Pts',(-5.33347967071546,-57.2898833534509,-119.833797308612));
#4478=CARTESIAN_POINT('Ctrl Pts',(-5.15008710264539,-57.3543573102035,-119.782387034246));
#4479=CARTESIAN_POINT('Ctrl Pts',(-4.80006506526184,-57.4773337305798,-119.644356851612));
#4480=CARTESIAN_POINT('Ctrl Pts',(-4.63369710062684,-57.5358215613305,-119.558894784343));
#4481=CARTESIAN_POINT('Ctrl Pts',(-4.39931742796529,-57.6181685003987,-119.406883880159));
#4482=CARTESIAN_POINT('Ctrl Pts',(-4.32450144326383,-57.6444794720748,-119.352968905493));
#4483=CARTESIAN_POINT('Ctrl Pts',(-4.18122856649722,-57.6948346528948,-119.238507045349));
#4484=CARTESIAN_POINT('Ctrl Pts',(-4.11277000260215,-57.7188767405277,-119.178140765969));
#4485=CARTESIAN_POINT('Ctrl Pts',(-3.98202226920442,-57.7648115226255,-119.050900528245));
#4486=CARTESIAN_POINT('Ctrl Pts',(-3.919749880402,-57.7867150534807,-118.984112652606));
#4487=CARTESIAN_POINT('Ctrl Pts',(-3.80274435349086,-57.8278402133268,-118.845552572798));
#4488=CARTESIAN_POINT('Ctrl Pts',(-3.7479692885941,-57.847073984058,-118.773986736774));
#4489=CARTESIAN_POINT('Ctrl Pts',(-3.5956159982007,-57.9005929576238,-118.553548924919));
#4490=CARTESIAN_POINT('Ctrl Pts',(-3.5082304657928,-57.931332829792,-118.397391569952));
#4491=CARTESIAN_POINT('Ctrl Pts',(-3.36598941603333,-57.9812850815421,-118.073308648015));
#4492=CARTESIAN_POINT('Ctrl Pts',(-3.31067984768219,-58.0007608971599,-117.906737451577));
#4493=CARTESIAN_POINT('Ctrl Pts',(-3.23264408410029,-58.0281436841409,-117.567503453651));
#4494=CARTESIAN_POINT('Ctrl Pts',(-3.20950136879249,-58.0363217664189,-117.395912192048));
#4495=CARTESIAN_POINT('Ctrl Pts',(-3.19530907753292,-58.0412660369571,-117.051533492279));
#4496=CARTESIAN_POINT('Ctrl Pts',(-3.20400902179478,-58.0382545305898,-116.879858216669));
#4497=CARTESIAN_POINT('Ctrl Pts',(-3.25287349881898,-58.0210427170206,-116.539397367594));
#4498=CARTESIAN_POINT('Ctrl Pts',(-3.29296931537914,-58.0069920747872,-116.371869400609));
#4499=CARTESIAN_POINT('Ctrl Pts',(-3.40395256291955,-57.9679586111645,-116.044260140251));
#4500=CARTESIAN_POINT('Ctrl Pts',(-3.47494588626496,-57.9430401720049,-115.885391403618));
#4501=CARTESIAN_POINT('Ctrl Pts',(-3.60316274614881,-57.8979657283305,-115.657528568844));
#4502=CARTESIAN_POINT('Ctrl Pts',(-3.65006803559156,-57.8814643018586,-115.58272203262));
#4503=CARTESIAN_POINT('Ctrl Pts',(-3.80271014437167,-57.8278457757368,-115.362937897979));
#4504=CARTESIAN_POINT('Ctrl Pts',(-3.91851171757426,-57.7871247430759,-115.226493410981));
#4505=CARTESIAN_POINT('Ctrl Pts',(-4.11118014479397,-57.7194350062129,-115.038706057412));
#4506=CARTESIAN_POINT('Ctrl Pts',(-4.17958735498374,-57.6954112454076,-114.978291440021));
#4507=CARTESIAN_POINT('Ctrl Pts',(-4.49893919717218,-57.5831715921221,-114.722754083006));
#4508=CARTESIAN_POINT('Ctrl Pts',(-4.77735508342519,-57.4853082780944,-114.56933909173));
#4509=CARTESIAN_POINT('Ctrl Pts',(-5.22198097207627,-57.3291040835729,-114.413327424762));
#4510=CARTESIAN_POINT('Ctrl Pts',(-5.37483291276772,-57.2753538080707,-114.373858969201));
#4511=CARTESIAN_POINT('Ctrl Pts',(-5.68527032534488,-57.1662894795337,-114.320976360674));
#4512=CARTESIAN_POINT('Ctrl Pts',(-5.84255953741574,-57.110998053311,-114.30769812266));
#4513=CARTESIAN_POINT('Ctrl Pts',(-6.000000404686,-57.055671203988,-114.30769812266));
#4514=CARTESIAN_POINT('Origin',(-6.00000178813924,15.4426908493041,-104.107692241669));
#4515=CARTESIAN_POINT('',(-12.8235592911695,63.0206922739131,-104.107692241669));
#4516=CARTESIAN_POINT('Origin',(-6.00000178813924,15.4426872730254,-123.907697200775));
#4517=CARTESIAN_POINT('',(-11.7459716114478,56.2052506841287,-123.907697200775));
#4518=CARTESIAN_POINT('Origin',(-19.6471137404439,65.3029008209705,-100.195333212614));
#4519=CARTESIAN_POINT('',(-27.3538062572476,66.4676036831217,-98.1986984707931));
#4520=CARTESIAN_POINT('',(-19.2893154384847,75.8761771413295,-82.0697133172444));
#4521=CARTESIAN_POINT('',(-27.3538062572477,59.639689977325,-109.90369558309));
#4522=CARTESIAN_POINT('',(-27.3538062572476,65.2672474584383,-100.2564523834));
#4523=CARTESIAN_POINT('',(-16.8927830169482,59.639690682146,-109.903695583344));
#4524=CARTESIAN_POINT('',(-20.600001526963,63.6446683469821,-103.038017874883));
#4525=CARTESIAN_POINT('Origin',(-22.0000006764618,63.6446682889611,-103.038017812544));
#4526=CARTESIAN_POINT('Origin',(-6.00000055347145,57.8952433381761,-117.078840732574));
#4527=CARTESIAN_POINT('',(-8.72396198417856,57.0940775746562,-109.903695583344));
#4528=CARTESIAN_POINT('',(-9.57272755048503,56.8444405210066,-117.107698024795));
#4529=CARTESIAN_POINT('Ctrl Pts',(-9.57272755048503,56.8444405210066,-117.107698024795));
#4530=CARTESIAN_POINT('Ctrl Pts',(-9.57272755117425,56.8444405210066,-117.132858996587));
#4531=CARTESIAN_POINT('Ctrl Pts',(-9.572442810612,56.8445242684941,-117.158033831623));
#4532=CARTESIAN_POINT('Ctrl Pts',(-9.57187293236284,56.8446918800679,-117.183217804583));
#4533=CARTESIAN_POINT('Ctrl Pts',(-9.57147634860709,56.8448085225745,-117.200743573632));
#4534=CARTESIAN_POINT('Ctrl Pts',(-9.57094148702896,56.8449658350583,-117.21827639683));
#4535=CARTESIAN_POINT('Ctrl Pts',(-9.57026934573637,56.8451635239578,-117.235790692515));
#4536=CARTESIAN_POINT('Ctrl Pts',(-9.566024119065,56.8464121218312,-117.346410521998));
#4537=CARTESIAN_POINT('Ctrl Pts',(-9.5563040167393,56.8492709784095,-117.456489876008));
#4538=CARTESIAN_POINT('Ctrl Pts',(-9.54123030351183,56.8537044275599,-117.565619863394));
#4539=CARTESIAN_POINT('Ctrl Pts',(-9.53221302429083,56.85635657095,-117.630902753734));
#4540=CARTESIAN_POINT('Ctrl Pts',(-9.52127894897325,56.8595724783027,-117.69584618144));
#4541=CARTESIAN_POINT('Ctrl Pts',(-9.5084456022262,56.8633469952996,-117.760363781594));
#4542=CARTESIAN_POINT('Ctrl Pts',(-9.48675332106952,56.8697270834825,-117.869418258939));
#4543=CARTESIAN_POINT('Ctrl Pts',(-9.45963819708601,56.8777021265809,-117.977252112812));
#4544=CARTESIAN_POINT('Ctrl Pts',(-9.42725048043246,56.887227933337,-118.08346666087));
#4545=CARTESIAN_POINT('Ctrl Pts',(-9.39579841652773,56.8964785478846,-118.186612763722));
#4546=CARTESIAN_POINT('Ctrl Pts',(-9.35937356560999,56.9071917478926,-118.288232425683));
#4547=CARTESIAN_POINT('Ctrl Pts',(-9.31807004091545,56.9193398529743,-118.3879479629));
#4548=CARTESIAN_POINT('Ctrl Pts',(-9.31204834601467,56.9211109411069,-118.402485621524));
#4549=CARTESIAN_POINT('Ctrl Pts',(-9.30592291910266,56.9229125386764,-118.416982689086));
#4550=CARTESIAN_POINT('Ctrl Pts',(-9.29969426310371,56.9247444977636,-118.431438076655));
#4551=CARTESIAN_POINT('Ctrl Pts',(-9.2936929644353,56.9265095869952,-118.445365816152));
#4552=CARTESIAN_POINT('Ctrl Pts',(-9.28759953291356,56.928301774144,-118.459246258581));
#4553=CARTESIAN_POINT('Ctrl Pts',(-9.28141558800797,56.9301205828951,-118.47307677365));
#4554=CARTESIAN_POINT('Ctrl Pts',(-9.23635499625043,56.9433737085084,-118.573855678191));
#4555=CARTESIAN_POINT('Ctrl Pts',(-9.18647921805304,56.95804306643,-118.672015265218));
#4556=CARTESIAN_POINT('Ctrl Pts',(-9.13208301763843,56.9740419612351,-118.767237903196));
#4557=CARTESIAN_POINT('Ctrl Pts',(-9.09329655903798,56.9854497519683,-118.835135088616));
#4558=CARTESIAN_POINT('Ctrl Pts',(-9.05221066884737,56.9975338465871,-118.901539141733));
#4559=CARTESIAN_POINT('Ctrl Pts',(-9.00891689261008,57.0102673199113,-118.96633286058));
#4560=CARTESIAN_POINT('Ctrl Pts',(-8.94681548879514,57.0285324526301,-119.05927418491));
#4561=CARTESIAN_POINT('Ctrl Pts',(-8.88017578278721,57.0481323810496,-119.14889947564));
#4562=CARTESIAN_POINT('Ctrl Pts',(-8.80931746279817,57.0689730791547,-119.234909019494));
#4563=CARTESIAN_POINT('Ctrl Pts',(-8.74100584565903,57.0890647464435,-119.31782731379));
#4564=CARTESIAN_POINT('Ctrl Pts',(-8.66877269373997,57.1103098071212,-119.397385508901));
#4565=CARTESIAN_POINT('Ctrl Pts',(-8.5928667394244,57.1326351045492,-119.473291467375));
#4566=CARTESIAN_POINT('Ctrl Pts',(-8.57593271483164,57.1376157037537,-119.490225492895));
#4567=CARTESIAN_POINT('Ctrl Pts',(-8.55881160224203,57.1426513288781,-119.506981463843));
#4568=CARTESIAN_POINT('Ctrl Pts',(-8.54153076020286,57.1477339332846,-119.523534122915));
#4569=CARTESIAN_POINT('Ctrl Pts',(-8.46274594808778,57.1709059542032,-119.598999087646));
#4570=CARTESIAN_POINT('Ctrl Pts',(-8.38057178169213,57.1950748447149,-119.670316840824));
#4571=CARTESIAN_POINT('Ctrl Pts',(-8.29538376742996,57.2201301616755,-119.737318793835));
#4572=CARTESIAN_POINT('Ctrl Pts',(-8.22742092011019,57.2401192492942,-119.790772833608));
#4573=CARTESIAN_POINT('Ctrl Pts',(-8.15753869366732,57.2606728605703,-119.841479650018));
#4574=CARTESIAN_POINT('Ctrl Pts',(-8.08590815542173,57.2817406815488,-119.889341648334));
#4575=CARTESIAN_POINT('Ctrl Pts',(-7.99406179039368,57.30875433834,-119.950711431056));
#4576=CARTESIAN_POINT('Ctrl Pts',(-7.89934568207169,57.3366120378488,-120.007403123233));
#4577=CARTESIAN_POINT('Ctrl Pts',(-7.80214530532107,57.3652004050317,-120.059266594395));
#4578=CARTESIAN_POINT('Ctrl Pts',(-7.70624269947582,57.3934070746081,-120.110437610381));
#4579=CARTESIAN_POINT('Ctrl Pts',(-7.60792094348449,57.4223252594097,-120.156908749054));
#4580=CARTESIAN_POINT('Ctrl Pts',(-7.50752327467961,57.4518540072054,-120.198494828326));
#4581=CARTESIAN_POINT('Ctrl Pts',(-7.48858577147997,57.4574238651764,-120.206338999597));
#4582=CARTESIAN_POINT('Ctrl Pts',(-7.46957449622853,57.4630154208239,-120.21400917713));
#4583=CARTESIAN_POINT('Ctrl Pts',(-7.45049193650991,57.468627942505,-120.221504564895));
#4584=CARTESIAN_POINT('Ctrl Pts',(-7.43387622058568,57.4735149213614,-120.228031007661));
#4585=CARTESIAN_POINT('Ctrl Pts',(-7.41721397921824,57.4784155841805,-120.23442195319));
#4586=CARTESIAN_POINT('Ctrl Pts',(-7.4005107127506,57.4833283132132,-120.240675873508));
#4587=CARTESIAN_POINT('Ctrl Pts',(-7.29867907312733,57.5132788174089,-120.278802964475));
#4588=CARTESIAN_POINT('Ctrl Pts',(-7.19528075224211,57.5436901105033,-120.311858176057));
#4589=CARTESIAN_POINT('Ctrl Pts',(-7.0907038368177,57.5744480492597,-120.339800362647));
#4590=CARTESIAN_POINT('Ctrl Pts',(-7.02093773238937,57.594967506719,-120.358441355257));
#4591=CARTESIAN_POINT('Ctrl Pts',(-6.95064638718205,57.6156414468537,-120.374805868878));
#4592=CARTESIAN_POINT('Ctrl Pts',(-6.87993910380303,57.6364377218147,-120.38887042402));
#4593=CARTESIAN_POINT('Ctrl Pts',(-6.77255056138663,57.668022610231,-120.410231336279));
#4594=CARTESIAN_POINT('Ctrl Pts',(-6.66420723247681,57.6998883183645,-120.426288639821));
#4595=CARTESIAN_POINT('Ctrl Pts',(-6.55530017561042,57.731919828915,-120.437018884263));
#4596=CARTESIAN_POINT('Ctrl Pts',(-6.44639311874402,57.7639513394655,-120.447749128705));
#4597=CARTESIAN_POINT('Ctrl Pts',(-6.33692147411379,57.7961489053178,-120.45315240503));
#4598=CARTESIAN_POINT('Ctrl Pts',(-6.2272733505255,57.82839837674,-120.453152408034));
#4599=CARTESIAN_POINT('Ctrl Pts',(-6.19939207149171,57.8365987588531,-120.453152408798));
#4600=CARTESIAN_POINT('Ctrl Pts',(-6.17149969745991,57.8448024042005,-120.452802772925));
#4601=CARTESIAN_POINT('Ctrl Pts',(-6.14360268324638,57.8530074143054,-120.452103397275));
#4602=CARTESIAN_POINT('Ctrl Pts',(-6.12432126796319,57.8586784228953,-120.451620013919));
#4603=CARTESIAN_POINT('Ctrl Pts',(-6.10503580861955,57.8643506209142,-120.450969410266));
#4604=CARTESIAN_POINT('Ctrl Pts',(-6.08576515124136,57.8700184654093,-120.450152393747));
#4605=CARTESIAN_POINT('Ctrl Pts',(-5.9735451556019,57.9030243702961,-120.445394611574));
#4606=CARTESIAN_POINT('Ctrl Pts',(-5.86170907526562,57.9359173587901,-120.434996011355));
#4607=CARTESIAN_POINT('Ctrl Pts',(-5.75068977935083,57.9685701163535,-120.419023938293));
#4608=CARTESIAN_POINT('Ctrl Pts',(-5.69174370877395,57.9859072083968,-120.410543512092));
#4609=CARTESIAN_POINT('Ctrl Pts',(-5.63302786904849,58.0031765854222,-120.400490973379));
#4610=CARTESIAN_POINT('Ctrl Pts',(-5.57460759372628,58.0203590316653,-120.388870459775));
#4611=CARTESIAN_POINT('Ctrl Pts',(-5.46557094406664,58.0524286575096,-120.367181724765));
#4612=CARTESIAN_POINT('Ctrl Pts',(-5.35756725087491,58.0841944723645,-120.340034586141));
#4613=CARTESIAN_POINT('Ctrl Pts',(-5.25101143641948,58.1155344401813,-120.307524882542));
#4614=CARTESIAN_POINT('Ctrl Pts',(-5.14820331688653,58.1457721439982,-120.276158583944));
#4615=CARTESIAN_POINT('Ctrl Pts',(-5.04674243428425,58.1756136013323,-120.239799866547));
#4616=CARTESIAN_POINT('Ctrl Pts',(-4.94702341242,58.2049427462746,-120.198494898465));
#4617=CARTESIAN_POINT('Ctrl Pts',(-4.91029925046772,58.2157439780621,-120.183283253696));
#4618=CARTESIAN_POINT('Ctrl Pts',(-4.87381214985004,58.2264754858719,-120.167400616154));
#4619=CARTESIAN_POINT('Ctrl Pts',(-4.83758095065171,58.2371317284986,-120.150852618883));
#4620=CARTESIAN_POINT('Ctrl Pts',(-4.82165447182562,58.2418159903038,-120.143578464729));
#4621=CARTESIAN_POINT('Ctrl Pts',(-4.80577877522261,58.2464853161492,-120.136176274552));
#4622=CARTESIAN_POINT('Ctrl Pts',(-4.7899658728585,58.2511361730864,-120.12865170332));
#4623=CARTESIAN_POINT('Ctrl Pts',(-4.69024758721684,58.280465101443,-120.08120074674));
#4624=CARTESIAN_POINT('Ctrl Pts',(-4.59290955009363,58.3090939561603,-120.028834673798));
#4625=CARTESIAN_POINT('Ctrl Pts',(-4.49831805743638,58.3369150030598,-119.971739699493));
#4626=CARTESIAN_POINT('Ctrl Pts',(-4.45448865383229,58.3498060132236,-119.945284480294));
#4627=CARTESIAN_POINT('Ctrl Pts',(-4.41124927758718,58.3625234857952,-119.91781334995));
#4628=CARTESIAN_POINT('Ctrl Pts',(-4.36863851474102,58.3750560719313,-119.889341750159));
#4629=CARTESIAN_POINT('Ctrl Pts',(-4.27799201313805,58.4017168264776,-119.828773697778));
#4630=CARTESIAN_POINT('Ctrl Pts',(-4.19019149851181,58.4275405253895,-119.763682547706));
#4631=CARTESIAN_POINT('Ctrl Pts',(-4.10557788349097,58.4524269001757,-119.694276390578));
#4632=CARTESIAN_POINT('Ctrl Pts',(-4.02096426847014,58.477313274962,-119.624870233451));
#4633=CARTESIAN_POINT('Ctrl Pts',(-3.93953690326027,58.5012625167388,-119.551148588023));
#4634=CARTESIAN_POINT('Ctrl Pts',(-3.86167990794515,58.5241616489308,-119.473291596974));
#4635=CARTESIAN_POINT('Ctrl Pts',(-3.83739836244212,58.531303284927,-119.449010052801));
#4636=CARTESIAN_POINT('Ctrl Pts',(-3.81346476271525,58.538342583853,-119.42432642027));
#4637=CARTESIAN_POINT('Ctrl Pts',(-3.78988951283793,58.5452764856851,-119.399247990881));
#4638=CARTESIAN_POINT('Ctrl Pts',(-3.77881376222941,58.548534061653,-119.387466040276));
#4639=CARTESIAN_POINT('Ctrl Pts',(-3.76781717436408,58.5517683544435,-119.375596916262));
#4640=CARTESIAN_POINT('Ctrl Pts',(-3.75691021595992,58.5549762856082,-119.363651908503));
#4641=CARTESIAN_POINT('Ctrl Pts',(-3.68217183627394,58.5769581772142,-119.281800443396));
#4642=CARTESIAN_POINT('Ctrl Pts',(-3.61152475401052,58.5977367451494,-119.196268314865));
#4643=CARTESIAN_POINT('Ctrl Pts',(-3.54523984604345,58.6172323196903,-119.107375481971));
#4644=CARTESIAN_POINT('Ctrl Pts',(-3.51084736058263,58.6273477635297,-119.061252683333));
#4645=CARTESIAN_POINT('Ctrl Pts',(-3.47762986890007,58.6371176207068,-119.014224606926));
#4646=CARTESIAN_POINT('Ctrl Pts',(-3.44562972698587,58.6465294335686,-118.966333012971));
#4647=CARTESIAN_POINT('Ctrl Pts',(-3.3850391121443,58.6643502147889,-118.875652755013));
#4648=CARTESIAN_POINT('Ctrl Pts',(-3.32881256800607,58.6808874448497,-118.781881135442));
#4649=CARTESIAN_POINT('Ctrl Pts',(-3.2771869073425,58.6960714728882,-118.685344766485));
#4650=CARTESIAN_POINT('Ctrl Pts',(-3.22559354487436,58.7112460014512,-118.588868792892));
#4651=CARTESIAN_POINT('Ctrl Pts',(-3.17859491295476,58.7250691376773,-118.489630854678));
#4652=CARTESIAN_POINT('Ctrl Pts',(-3.13647654699386,58.7374569005056,-118.387948132229));
#4653=CARTESIAN_POINT('Ctrl Pts',(-3.12856239148166,58.7397845948317,-118.368841672137));
#4654=CARTESIAN_POINT('Ctrl Pts',(-3.12082075758888,58.7420615474677,-118.349649033919));
#4655=CARTESIAN_POINT('Ctrl Pts',(-3.11325310703224,58.7442873284965,-118.33037258515));
#4656=CARTESIAN_POINT('Ctrl Pts',(-3.10730384049242,58.7460371139155,-118.315218511794));
#4657=CARTESIAN_POINT('Ctrl Pts',(-3.10146472662725,58.7477545014652,-118.300019225194));
#4658=CARTESIAN_POINT('Ctrl Pts',(-3.09573887126337,58.7494385776666,-118.284783387755));
#4659=CARTESIAN_POINT('Ctrl Pts',(-3.05575462527343,58.7611986576589,-118.178389943753));
#4660=CARTESIAN_POINT('Ctrl Pts',(-3.02124601217891,58.7713482562086,-118.07010538454));
#4661=CARTESIAN_POINT('Ctrl Pts',(-2.99231886548606,58.7798562457951,-117.960382701332));
#4662=CARTESIAN_POINT('Ctrl Pts',(-2.97487087890632,58.7849880097296,-117.894201272364));
#4663=CARTESIAN_POINT('Ctrl Pts',(-2.95945437971829,58.7895222769364,-117.827496169779));
#4664=CARTESIAN_POINT('Ctrl Pts',(-2.94610095130105,58.7934497581803,-117.760363961352));
#4665=CARTESIAN_POINT('Ctrl Pts',(-2.92478647011749,58.7997187269018,-117.653208843684));
#4666=CARTESIAN_POINT('Ctrl Pts',(-2.9087269335059,58.8044421225646,-117.544969851664));
#4667=CARTESIAN_POINT('Ctrl Pts',(-2.89798508082724,58.8076014924055,-117.436055636478));
#4668=CARTESIAN_POINT('Ctrl Pts',(-2.89261415448791,58.8091811773259,-117.381598528885));
#4669=CARTESIAN_POINT('Ctrl Pts',(-2.88857332307425,58.8103696575723,-117.326972584568));
#4670=CARTESIAN_POINT('Ctrl Pts',(-2.88587452740744,58.8111634211364,-117.272229143763));
#4671=CARTESIAN_POINT('Ctrl Pts',(-2.88438676815329,58.8116009974607,-117.242050845471));
#4672=CARTESIAN_POINT('Ctrl Pts',(-2.88330689711662,58.8119186065753,-117.211836847128));
#4673=CARTESIAN_POINT('Ctrl Pts',(-2.88263727618111,58.8121155538079,-117.181595822136));
#4674=CARTESIAN_POINT('Ctrl Pts',(-2.88218859414423,58.812247519045,-117.161332709124));
#4675=CARTESIAN_POINT('Ctrl Pts',(-2.88192410825159,58.8123253089063,-117.141057463068));
#4676=CARTESIAN_POINT('Ctrl Pts',(-2.8818445942497,58.812348695231,-117.120772711051));
#4677=CARTESIAN_POINT('Ctrl Pts',(-2.88182751239604,58.8123537192741,-117.11641497333));
#4678=CARTESIAN_POINT('Ctrl Pts',(-2.88181896740546,58.8123562324733,-117.112056796956));
#4679=CARTESIAN_POINT('Ctrl Pts',(-2.88181896728607,58.8123562324733,-117.107698208075));
#4680=CARTESIAN_POINT('Ctrl Pts',(-2.88181896416219,58.8123562324733,-116.993656400804));
#4681=CARTESIAN_POINT('Ctrl Pts',(-2.88766456576077,58.8106369357251,-116.879742317834));
#4682=CARTESIAN_POINT('Ctrl Pts',(-2.8992843467831,58.8072193496885,-116.766423268315));
#4683=CARTESIAN_POINT('Ctrl Pts',(-2.90999209781653,58.8040700080318,-116.661998566399));
#4684=CARTESIAN_POINT('Ctrl Pts',(-2.92560377145089,58.79947833516,-116.558078568007));
#4685=CARTESIAN_POINT('Ctrl Pts',(-2.9461009155449,58.7934497581804,-116.455032451276));
#4686=CARTESIAN_POINT('Ctrl Pts',(-2.94988996604621,58.7923353306034,-116.435983605326));
#4687=CARTESIAN_POINT('Ctrl Pts',(-2.95384603396196,58.7911717802223,-116.416964785174));
#4688=CARTESIAN_POINT('Ctrl Pts',(-2.95796856935956,58.7899592687819,-116.39797824785));
#4689=CARTESIAN_POINT('Ctrl Pts',(-2.96154622140334,58.7889070172875,-116.38150119732));
#4690=CARTESIAN_POINT('Ctrl Pts',(-2.96524843332199,58.7878181305096,-116.365052386829));
#4691=CARTESIAN_POINT('Ctrl Pts',(-2.96907277197727,58.7866933240776,-116.348640971892));
#4692=CARTESIAN_POINT('Ctrl Pts',(-2.99202293848799,58.7799432694319,-116.250154739519));
#4693=CARTESIAN_POINT('Ctrl Pts',(-3.01938573882499,58.77189538038,-116.152928446182));
#4694=CARTESIAN_POINT('Ctrl Pts',(-3.05103816484593,58.7625858358155,-116.057212624176));
#4695=CARTESIAN_POINT('Ctrl Pts',(-3.07670904073805,58.7550355721179,-115.979584799186));
#4696=CARTESIAN_POINT('Ctrl Pts',(-3.10520249006598,58.7466551391707,-115.902950358876));
#4697=CARTESIAN_POINT('Ctrl Pts',(-3.13647647685566,58.7374569005057,-115.827448269969));
#4698=CARTESIAN_POINT('Ctrl Pts',(-3.14903915994355,58.7337619908003,-115.797119267729));
#4699=CARTESIAN_POINT('Ctrl Pts',(-3.16205058810766,58.7299350971551,-115.766973436889));
#4700=CARTESIAN_POINT('Ctrl Pts',(-3.1755063763715,58.72597750927,-115.737019089018));
#4701=CARTESIAN_POINT('Ctrl Pts',(-3.18456067557681,58.7233144780049,-115.716863032545));
#4702=CARTESIAN_POINT('Ctrl Pts',(-3.19381907820919,58.7205914162773,-115.696787807616));
#4703=CARTESIAN_POINT('Ctrl Pts',(-3.2032650266224,58.717813193987,-115.676827723668));
#4704=CARTESIAN_POINT('Ctrl Pts',(-3.24841981678441,58.7045323629838,-115.581411851922));
#4705=CARTESIAN_POINT('Ctrl Pts',(-3.2979008585453,58.6899791041405,-115.488520130133));
#4706=CARTESIAN_POINT('Ctrl Pts',(-3.35145493521208,58.6742278930108,-115.398405785));
#4707=CARTESIAN_POINT('Ctrl Pts',(-3.38157031908473,58.665370420356,-115.347731246944));
#4708=CARTESIAN_POINT('Ctrl Pts',(-3.41297462620869,58.6561338523604,-115.2979350348));
#4709=CARTESIAN_POINT('Ctrl Pts',(-3.44562962516101,58.6465294335686,-115.24906337229));
#4710=CARTESIAN_POINT('Ctrl Pts',(-3.50663562928179,58.6285864774765,-115.157761429552));
#4711=CARTESIAN_POINT('Ctrl Pts',(-3.57200111445136,58.6093613201752,-115.069688455927));
#4712=CARTESIAN_POINT('Ctrl Pts',(-3.64143241046064,58.5889403353202,-114.98510405727));
#4713=CARTESIAN_POINT('Ctrl Pts',(-3.71086370646992,58.5685193504652,-114.900519658614));
#4714=CARTESIAN_POINT('Ctrl Pts',(-3.78436141527761,58.5469023610096,-114.819423132799));
#4715=CARTESIAN_POINT('Ctrl Pts',(-3.86167977834669,58.5241616489308,-114.742104765494));
#4716=CARTESIAN_POINT('Ctrl Pts',(-3.88444936519669,58.5174647065983,-114.719335177397));
#4717=CARTESIAN_POINT('Ctrl Pts',(-3.90755030554352,58.5106703072873,-114.69689376895));
#4718=CARTESIAN_POINT('Ctrl Pts',(-3.93097514111318,58.5037806446093,-114.674786741956));
#4719=CARTESIAN_POINT('Ctrl Pts',(-3.94612001309385,58.4993262671628,-114.660493873487));
#4720=CARTESIAN_POINT('Ctrl Pts',(-3.96140398225336,58.4948309787529,-114.646337544881));
#4721=CARTESIAN_POINT('Ctrl Pts',(-3.97680278485377,58.4903019157785,-114.632339402147));
#4722=CARTESIAN_POINT('Ctrl Pts',(-4.05472888035687,58.4673824587891,-114.561501387279));
#4723=CARTESIAN_POINT('Ctrl Pts',(-4.13568434088321,58.443572011475,-114.4946220297));
#4724=CARTESIAN_POINT('Ctrl Pts',(-4.21934461404739,58.4189660304901,-114.431837237691));
#4725=CARTESIAN_POINT('Ctrl Pts',(-4.2682050570463,58.4045953012793,-114.395168785209));
#4726=CARTESIAN_POINT('Ctrl Pts',(-4.31798898868976,58.3899529575762,-114.359897416045));
#4727=CARTESIAN_POINT('Ctrl Pts',(-4.36863836234937,58.3750560719313,-114.326054584535));
#4728=CARTESIAN_POINT('Ctrl Pts',(-4.45990716770721,58.3482122857572,-114.26507071487));
#4729=CARTESIAN_POINT('Ctrl Pts',(-4.553980234658,58.3205437162029,-114.208725240041));
#4730=CARTESIAN_POINT('Ctrl Pts',(-4.65049334344864,58.2921574868036,-114.157148416535));
#4731=CARTESIAN_POINT('Ctrl Pts',(-4.74700645223928,58.2637712574044,-114.105571593029));
#4732=CARTESIAN_POINT('Ctrl Pts',(-4.84596044691247,58.2346671199122,-114.058762988615));
#4733=CARTESIAN_POINT('Ctrl Pts',(-4.94702324309146,58.2049427462746,-114.016901404543));
#4734=CARTESIAN_POINT('Ctrl Pts',(-4.9889092934073,58.1926233106676,-113.999551633084));
#4735=CARTESIAN_POINT('Ctrl Pts',(-5.03115717180982,58.180197454965,-113.983052541161));
#4736=CARTESIAN_POINT('Ctrl Pts',(-5.07374152270584,58.1676726366998,-113.967412796353));
#4737=CARTESIAN_POINT('Ctrl Pts',(-5.09191682321983,58.1623269561607,-113.960737643255));
#4738=CARTESIAN_POINT('Ctrl Pts',(-5.11015540838549,58.1569626624766,-113.954218457957));
#4739=CARTESIAN_POINT('Ctrl Pts',(-5.12843465248273,58.1515864102759,-113.947862909547));
#4740=CARTESIAN_POINT('Ctrl Pts',(-5.22860613342394,58.1221241884249,-113.913034078933));
#4741=CARTESIAN_POINT('Ctrl Pts',(-5.33012907062445,58.0922644791908,-113.883065723121));
#4742=CARTESIAN_POINT('Ctrl Pts',(-5.43265625565997,58.0621094027723,-113.857989297893));
#4743=CARTESIAN_POINT('Ctrl Pts',(-5.47977152517555,58.0482519604537,-113.846465695321));
#4744=CARTESIAN_POINT('Ctrl Pts',(-5.52709925667437,58.0343320292796,-113.835975770241));
#4745=CARTESIAN_POINT('Ctrl Pts',(-5.57460741396805,58.0203590316653,-113.826525808851));
#4746=CARTESIAN_POINT('Ctrl Pts',(-5.68205335482195,57.9887572613433,-113.80515347933));
#4747=CARTESIAN_POINT('Ctrl Pts',(-5.79041694542726,57.9568855938833,-113.789097529733));
#4748=CARTESIAN_POINT('Ctrl Pts',(-5.89931950509975,57.9248554060379,-113.77837014092));
#4749=CARTESIAN_POINT('Ctrl Pts',(-6.00822206477225,57.8928252181924,-113.767642752106));
#4750=CARTESIAN_POINT('Ctrl Pts',(-6.11766454443613,57.8606362302776,-113.762243827838));
#4751=CARTESIAN_POINT('Ctrl Pts',(-6.22727316724561,57.82839837674,-113.762243824835));
#4752=CARTESIAN_POINT('Ctrl Pts',(-6.28432866353323,57.8116173362918,-113.762243823272));
#4753=CARTESIAN_POINT('Ctrl Pts',(-6.34142794069882,57.7948234191173,-113.763707697296));
#4754=CARTESIAN_POINT('Ctrl Pts',(-6.39851748584117,57.7780323643164,-113.766637096743));
#4755=CARTESIAN_POINT('Ctrl Pts',(-6.42143209409622,57.7712927687916,-113.767812899433));
#4756=CARTESIAN_POINT('Ctrl Pts',(-6.44434964959062,57.7645523064331,-113.769225282708));
#4757=CARTESIAN_POINT('Ctrl Pts',(-6.46723822972574,57.757820366247,-113.770872194243));
#4758=CARTESIAN_POINT('Ctrl Pts',(-6.57574819286196,57.7259056482038,-113.77867985679));
#4759=CARTESIAN_POINT('Ctrl Pts',(-6.68371770484008,57.694149886541,-113.791757978543));
#4760=CARTESIAN_POINT('Ctrl Pts',(-6.79077045948438,57.6626637596249,-113.810045030397));
#4761=CARTESIAN_POINT('Ctrl Pts',(-6.82056703839569,57.6539000536522,-113.815134965592));
#4762=CARTESIAN_POINT('Ctrl Pts',(-6.85029258549437,57.6451572394075,-113.820628750553));
#4763=CARTESIAN_POINT('Ctrl Pts',(-6.87993892404482,57.6364377218147,-113.826525773094));
#4764=CARTESIAN_POINT('Ctrl Pts',(-6.98711674463034,57.6049148107961,-113.847844764065));
#4765=CARTESIAN_POINT('Ctrl Pts',(-7.09325617742183,57.5736973082153,-113.874429188812));
#4766=CARTESIAN_POINT('Ctrl Pts',(-7.19798209922322,57.5428955445032,-113.9061824159));
#4767=CARTESIAN_POINT('Ctrl Pts',(-7.3027080210246,57.5120937807911,-113.937935642987));
#4768=CARTESIAN_POINT('Ctrl Pts',(-7.40602127781386,57.4817075071303,-113.97485790409));
#4769=CARTESIAN_POINT('Ctrl Pts',(-7.50752310535109,57.4518540072054,-114.016901334405));
#4770=CARTESIAN_POINT('Ctrl Pts',(-7.55793233365259,57.43702775304,-114.037781518818));
#4771=CARTESIAN_POINT('Ctrl Pts',(-7.6078932898613,57.4223333437132,-114.059925134349));
#4772=CARTESIAN_POINT('Ctrl Pts',(-7.65735888205576,57.4077846298002,-114.083318622877));
#4773=CARTESIAN_POINT('Ctrl Pts',(-7.67394491237148,57.4029063821272,-114.091162562324));
#4774=CARTESIAN_POINT('Ctrl Pts',(-7.69047522990896,57.3980445205784,-114.099147044479));
#4775=CARTESIAN_POINT('Ctrl Pts',(-7.70694799793299,57.3931995853704,-114.107271619706));
#4776=CARTESIAN_POINT('Ctrl Pts',(-7.72154457519327,57.3889064713667,-114.114470834182));
#4777=CARTESIAN_POINT('Ctrl Pts',(-7.73609335807733,57.3846274145435,-114.12177881567));
#4778=CARTESIAN_POINT('Ctrl Pts',(-7.7505842471826,57.3803653853155,-114.129190464313));
#4779=CARTESIAN_POINT('Ctrl Pts',(-7.84615517517459,57.3522562689255,-114.178072084591));
#4780=CARTESIAN_POINT('Ctrl Pts',(-7.939323168601,57.3248538985435,-114.231514815572));
#4781=CARTESIAN_POINT('Ctrl Pts',(-8.02976628102746,57.2982529643644,-114.289352541242));
#4782=CARTESIAN_POINT('Ctrl Pts',(-8.04859945431472,57.2927137918441,-114.301396221306));
#4783=CARTESIAN_POINT('Ctrl Pts',(-8.06731438276133,57.2872093972449,-114.313630623582));
#4784=CARTESIAN_POINT('Ctrl Pts',(-8.08590800303008,57.2817406815488,-114.32605448271));
#4785=CARTESIAN_POINT('Ctrl Pts',(-8.17661207006212,57.2550629959819,-114.386660999079));
#4786=CARTESIAN_POINT('Ctrl Pts',(-8.26442876399535,57.2292345384471,-114.451770476008));
#4787=CARTESIAN_POINT('Ctrl Pts',(-8.34903638306481,57.2043499271772,-114.521175416186));
#4788=CARTESIAN_POINT('Ctrl Pts',(-8.43364400213426,57.1794653159073,-114.590580356365));
#4789=CARTESIAN_POINT('Ctrl Pts',(-8.51504327469421,57.1555243366803,-114.664281305028));
#4790=CARTESIAN_POINT('Ctrl Pts',(-8.59286660982595,57.1326351045492,-114.742104635896));
#4791=CARTESIAN_POINT('Ctrl Pts',(-8.63141916199767,57.1212961107318,-114.780657185956));
#4792=CARTESIAN_POINT('Ctrl Pts',(-8.66909256671197,57.110215689891,-114.820221091151));
#4793=CARTESIAN_POINT('Ctrl Pts',(-8.70584620584308,57.0994057885428,-114.860768572132));
#4794=CARTESIAN_POINT('Ctrl Pts',(-8.71622027187846,57.096354590537,-114.872213486301));
#4795=CARTESIAN_POINT('Ctrl Pts',(-8.72652103891883,57.0933249510754,-114.883736769679));
#4796=CARTESIAN_POINT('Ctrl Pts',(-8.73674754339411,57.0903171535611,-114.895337813725));
#4797=CARTESIAN_POINT('Ctrl Pts',(-8.74757147419408,57.0871336423004,-114.907616583882));
#4798=CARTESIAN_POINT('Ctrl Pts',(-8.75830639488819,57.0839763105021,-114.919975903272));
#4799=CARTESIAN_POINT('Ctrl Pts',(-8.76894820078427,57.0808463654296,-114.932410922006));
#4800=CARTESIAN_POINT('Ctrl Pts',(-8.83891299689492,57.0602684700067,-115.01416523691));
#4801=CARTESIAN_POINT('Ctrl Pts',(-8.90490245705714,57.0408597919111,-115.099241460738));
#4802=CARTESIAN_POINT('Ctrl Pts',(-8.96667912839119,57.0226901702733,-115.187358061719));
#4803=CARTESIAN_POINT('Ctrl Pts',(-8.98098554672623,57.018482397298,-115.207764356339));
#4804=CARTESIAN_POINT('Ctrl Pts',(-8.99506585832742,57.0143411263527,-115.228333835793));
#4805=CARTESIAN_POINT('Ctrl Pts',(-9.00891679078523,57.0102673199113,-115.249063219898));
#4806=CARTESIAN_POINT('Ctrl Pts',(-9.06952466573266,56.9924414621859,-115.339769309429));
#4807=CARTESIAN_POINT('Ctrl Pts',(-9.12574208826183,56.9759069149531,-115.43353179106));
#4808=CARTESIAN_POINT('Ctrl Pts',(-9.17734956603881,56.9607282348259,-115.530032684222));
#4809=CARTESIAN_POINT('Ctrl Pts',(-9.22895704381578,56.9455495546988,-115.626533577383));
#4810=CARTESIAN_POINT('Ctrl Pts',(-9.27595502901796,56.9317266086838,-115.725773644944));
#4811=CARTESIAN_POINT('Ctrl Pts',(-9.31806997077727,56.9193398529743,-115.827448100641));
#4812=CARTESIAN_POINT('Ctrl Pts',(-9.33268893064902,56.9150401560711,-115.862741389096));
#4813=CARTESIAN_POINT('Ctrl Pts',(-9.34671879413794,56.9109137229376,-115.898327559133));
#4814=CARTESIAN_POINT('Ctrl Pts',(-9.36015051696963,56.9069632136561,-115.934192280128));
#4815=CARTESIAN_POINT('Ctrl Pts',(-9.36575632999733,56.9053144440475,-115.949160644403));
#4816=CARTESIAN_POINT('Ctrl Pts',(-9.3712579450927,56.9036963209122,-115.96417752804));
#4817=CARTESIAN_POINT('Ctrl Pts',(-9.37665466100401,56.9021090505007,-115.979241886477));
#4818=CARTESIAN_POINT('Ctrl Pts',(-9.38135724694273,56.9007259360954,-115.992368654928));
#4819=CARTESIAN_POINT('Ctrl Pts',(-9.38597681826672,56.8993672377711,-116.005522081212));
#4820=CARTESIAN_POINT('Ctrl Pts',(-9.39051322981952,56.898032998221,-116.018701294801));
#4821=CARTESIAN_POINT('Ctrl Pts',(-9.42636047024222,56.8874896854333,-116.122844940634));
#4822=CARTESIAN_POINT('Ctrl Pts',(-9.45701901015263,56.8784724621475,-116.228597946566));
#4823=CARTESIAN_POINT('Ctrl Pts',(-9.48239846891336,56.87100791092,-116.335562929587));
#4824=CARTESIAN_POINT('Ctrl Pts',(-9.4918092271975,56.8682400391556,-116.375225776993));
#4825=CARTESIAN_POINT('Ctrl Pts',(-9.50049368263933,56.8656857860299,-116.415055457621));
#4826=CARTESIAN_POINT('Ctrl Pts',(-9.50844556647007,56.8633469952996,-116.455032271517));
#4827=CARTESIAN_POINT('Ctrl Pts',(-9.52979834921267,56.8570667614071,-116.562379944098));
#4828=CARTESIAN_POINT('Ctrl Pts',(-9.5458715311611,56.8523393524083,-116.670783848754));
#4829=CARTESIAN_POINT('Ctrl Pts',(-9.55661136242899,56.8491805771017,-116.779847196799));
#4830=CARTESIAN_POINT('Ctrl Pts',(-9.56732123708105,56.8460306125683,-116.888606334402));
#4831=CARTESIAN_POINT('Ctrl Pts',(-9.57272754748074,56.8444405210066,-116.998022037031));
#4832=CARTESIAN_POINT('Ctrl Pts',(-9.57272755048503,56.8444405210066,-117.107698024795));
#4833=CARTESIAN_POINT('Ctrl Pts',(-8.79996406545109,56.0716770359727,-117.107698045962));
#4834=CARTESIAN_POINT('Ctrl Pts',(-8.79996406043119,56.0716770359727,-116.924439128642));
#4835=CARTESIAN_POINT('Ctrl Pts',(-8.78191537461301,56.0780196445273,-116.741187797722));
#4836=CARTESIAN_POINT('Ctrl Pts',(-8.71041128238307,56.103147376004,-116.381712502468));
#4837=CARTESIAN_POINT('Ctrl Pts',(-8.65695883583743,56.1219314587797,-116.2055034184));
#4838=CARTESIAN_POINT('Ctrl Pts',(-8.51669852359105,56.171221277101,-115.866885096548));
#4839=CARTESIAN_POINT('Ctrl Pts',(-8.42989646385041,56.2017249723351,-115.704489875604));
#4840=CARTESIAN_POINT('Ctrl Pts',(-8.22627005674273,56.2732826974198,-115.399741439367));
#4841=CARTESIAN_POINT('Ctrl Pts',(-8.10945413826965,56.3143337652161,-115.257400838817));
#4842=CARTESIAN_POINT('Ctrl Pts',(-7.85028688494464,56.4054094738144,-114.99823359969));
#4843=CARTESIAN_POINT('Ctrl Pts',(-7.70794627796375,56.4554303446631,-114.881417688995));
#4844=CARTESIAN_POINT('Ctrl Pts',(-7.40319783063252,56.5625240483665,-114.677791298624));
#4845=CARTESIAN_POINT('Ctrl Pts',(-7.24080260483977,56.6195924482546,-114.590989247733));
#4846=CARTESIAN_POINT('Ctrl Pts',(-6.90218427542941,56.7385885960883,-114.45072895409));
#4847=CARTESIAN_POINT('Ctrl Pts',(-6.72597518828216,56.8005114184115,-114.397276517154));
#4848=CARTESIAN_POINT('Ctrl Pts',(-6.36649988928672,56.92683705515,-114.325772444653));
#4849=CARTESIAN_POINT('Ctrl Pts',(-6.18324855719302,56.9912346405704,-114.307723768857));
#4850=CARTESIAN_POINT('Ctrl Pts',(-5.81673072274625,57.1200351428418,-114.307723778897));
#4851=CARTESIAN_POINT('Ctrl Pts',(-5.63347939164135,57.1844327282621,-114.325772464732));
#4852=CARTESIAN_POINT('Ctrl Pts',(-5.27400409656324,57.3107583650006,-114.397276556927));
#4853=CARTESIAN_POINT('Ctrl Pts',(-5.09779501234436,57.3726811873239,-114.450729003517));
#4854=CARTESIAN_POINT('Ctrl Pts',(-4.75917669061812,57.4916773351575,-114.590989315711));
#4855=CARTESIAN_POINT('Ctrl Pts',(-4.59678146958083,57.5487457350456,-114.677791375498));
#4856=CARTESIAN_POINT('Ctrl Pts',(-4.2920330334052,57.655839438749,-114.881417782565));
#4857=CARTESIAN_POINT('Ctrl Pts',(-4.14969243282403,57.7058603095977,-114.998233701058));
#4858=CARTESIAN_POINT('Ctrl Pts',(-3.89052519369745,57.7969360181961,-115.257400954383));
#4859=CARTESIAN_POINT('Ctrl Pts',(-3.77370928302244,57.8379870859924,-115.399741561334));
#4860=CARTESIAN_POINT('Ctrl Pts',(-3.57008289261036,57.9095448110771,-115.704490008726));
#4861=CARTESIAN_POINT('Ctrl Pts',(-3.48328084176649,57.9400485063112,-115.866885234425));
#4862=CARTESIAN_POINT('Ctrl Pts',(-3.34302054807123,57.9893383246324,-116.205503563962));
#4863=CARTESIAN_POINT('Ctrl Pts',(-3.28956811117917,58.0081224074081,-116.381712650958));
#4864=CARTESIAN_POINT('Ctrl Pts',(-3.218064038643,58.0332501388848,-116.741187950129));
#4865=CARTESIAN_POINT('Ctrl Pts',(-3.20001536286419,58.0395927474394,-116.924439282038));
#4866=CARTESIAN_POINT('Ctrl Pts',(-3.20001537290399,58.0395927474394,-117.290957116679));
#4867=CARTESIAN_POINT('Ctrl Pts',(-3.21806405872218,58.0332501388848,-117.474208447599));
#4868=CARTESIAN_POINT('Ctrl Pts',(-3.28956815095211,58.0081224074081,-117.833683742853));
#4869=CARTESIAN_POINT('Ctrl Pts',(-3.34302059749774,57.9893383246324,-118.00989282692));
#4870=CARTESIAN_POINT('Ctrl Pts',(-3.48328090974412,57.9400485063112,-118.348511148773));
#4871=CARTESIAN_POINT('Ctrl Pts',(-3.57008296948477,57.9095448110771,-118.510906369716));
#4872=CARTESIAN_POINT('Ctrl Pts',(-3.77370937659244,57.8379870859924,-118.815654805953));
#4873=CARTESIAN_POINT('Ctrl Pts',(-3.89052529506555,57.796936018196,-118.957995406504));
#4874=CARTESIAN_POINT('Ctrl Pts',(-4.14969254839052,57.7058603095977,-119.217162645631));
#4875=CARTESIAN_POINT('Ctrl Pts',(-4.29203315537143,57.655839438749,-119.333978556326));
#4876=CARTESIAN_POINT('Ctrl Pts',(-4.59678160270265,57.5487457350456,-119.537604946697));
#4877=CARTESIAN_POINT('Ctrl Pts',(-4.7591768284954,57.4916773351575,-119.624406997588));
#4878=CARTESIAN_POINT('Ctrl Pts',(-5.09779515790576,57.3726811873239,-119.764667291231));
#4879=CARTESIAN_POINT('Ctrl Pts',(-5.27400424505302,57.3107583650006,-119.818119728166));
#4880=CARTESIAN_POINT('Ctrl Pts',(-5.63347954404846,57.1844327282621,-119.889623800668));
#4881=CARTESIAN_POINT('Ctrl Pts',(-5.81673087614215,57.1200351428418,-119.907672476464));
#4882=CARTESIAN_POINT('Ctrl Pts',(-6.18324871058894,56.9912346405704,-119.907672466424));
#4883=CARTESIAN_POINT('Ctrl Pts',(-6.36650004169383,56.92683705515,-119.889623780588));
#4884=CARTESIAN_POINT('Ctrl Pts',(-6.72597533677194,56.8005114184115,-119.818119688393));
#4885=CARTESIAN_POINT('Ctrl Pts',(-6.90218442099081,56.7385885960883,-119.764667241804));
#4886=CARTESIAN_POINT('Ctrl Pts',(-7.24080274271706,56.6195924482546,-119.62440692961));
#4887=CARTESIAN_POINT('Ctrl Pts',(-7.40319796375436,56.5625240483665,-119.537604869823));
#4888=CARTESIAN_POINT('Ctrl Pts',(-7.70794639992998,56.4554303446631,-119.333978462756));
#4889=CARTESIAN_POINT('Ctrl Pts',(-7.85028700051114,56.4054094738144,-119.217162544262));
#4890=CARTESIAN_POINT('Ctrl Pts',(-8.10945423963771,56.3143337652161,-118.957995290937));
#4891=CARTESIAN_POINT('Ctrl Pts',(-8.22627015031274,56.2732826974198,-118.815654683987));
#4892=CARTESIAN_POINT('Ctrl Pts',(-8.42989654072482,56.2017249723351,-118.510906236595));
#4893=CARTESIAN_POINT('Ctrl Pts',(-8.51669859156869,56.171221277101,-118.348511010896));
#4894=CARTESIAN_POINT('Ctrl Pts',(-8.65695888526394,56.1219314587797,-118.009892681359));
#4895=CARTESIAN_POINT('Ctrl Pts',(-8.710411322156,56.103147376004,-117.833683594363));
#4896=CARTESIAN_POINT('Ctrl Pts',(-8.78191539469218,56.0780196445273,-117.474208295192));
#4897=CARTESIAN_POINT('Ctrl Pts',(-8.79996407047098,56.0716770359727,-117.290956963283));
#4898=CARTESIAN_POINT('Ctrl Pts',(-8.79996406545109,56.0716770359727,-117.107698045962));
#4899=CARTESIAN_POINT('Ctrl Pts',(-9.57272755048503,56.8444405210066,-117.107698024795));
#4900=CARTESIAN_POINT('Ctrl Pts',(-9.57272754448717,56.8444405210066,-116.888737329087));
#4901=CARTESIAN_POINT('Ctrl Pts',(-9.5511626849864,56.8507831295622,-116.66978569768));
#4902=CARTESIAN_POINT('Ctrl Pts',(-9.46572844795375,56.875910861037,-116.240278845354));
#4903=CARTESIAN_POINT('Ctrl Pts',(-9.40186260689973,56.894694943815,-116.029741403521));
#4904=CARTESIAN_POINT('Ctrl Pts',(-9.2342773346548,56.9439847621335,-115.62515479776));
#4905=CARTESIAN_POINT('Ctrl Pts',(-9.13056484049309,56.9744884573699,-115.431122381312));
#4906=CARTESIAN_POINT('Ctrl Pts',(-8.88726874107737,57.0460461824527,-115.067004058484));
#4907=CARTESIAN_POINT('Ctrl Pts',(-8.74769520678401,57.0870972502498,-114.896933224372));
#4908=CARTESIAN_POINT('Ctrl Pts',(-8.43803801286789,57.1781729588485,-114.58727604742));
#4909=CARTESIAN_POINT('Ctrl Pts',(-8.26796717108229,57.2281938296954,-114.447702522426));
#4910=CARTESIAN_POINT('Ctrl Pts',(-7.90384883497786,57.3352875334021,-114.204406442994));
#4911=CARTESIAN_POINT('Ctrl Pts',(-7.70981641276851,57.3923559332855,-114.100693959422));
#4912=CARTESIAN_POINT('Ctrl Pts',(-7.30522979793367,57.5113520811252,-113.933108709387));
#4913=CARTESIAN_POINT('Ctrl Pts',(-7.09469235247326,57.5732749034414,-113.86924287983));
#4914=CARTESIAN_POINT('Ctrl Pts',(-6.66518549561638,57.699600540188,-113.783808666358));
#4915=CARTESIAN_POINT('Ctrl Pts',(-6.44623386287033,57.7639981255999,-113.762243818837));
#4916=CARTESIAN_POINT('Ctrl Pts',(-6.00831247162088,57.8927986278801,-113.762243830833));
#4917=CARTESIAN_POINT('Ctrl Pts',(-5.78936084005624,57.957196213292,-113.783808690349));
#4918=CARTESIAN_POINT('Ctrl Pts',(-5.35985398787988,58.0835218500386,-113.869242927352));
#4919=CARTESIAN_POINT('Ctrl Pts',(-5.14931654591833,58.1454446723547,-113.933108768443));
#4920=CARTESIAN_POINT('Ctrl Pts',(-4.7447299402646,58.2644408201945,-114.100694040643));
#4921=CARTESIAN_POINT('Ctrl Pts',(-4.55069752373713,58.3215092200779,-114.204406534845));
#4922=CARTESIAN_POINT('Ctrl Pts',(-4.18657920096161,58.4286029237846,-114.447702634225));
#4923=CARTESIAN_POINT('Ctrl Pts',(-4.01650836682251,58.4786237946314,-114.587276168536));
#4924=CARTESIAN_POINT('Ctrl Pts',(-3.70685118987086,58.5696995032301,-114.896933362452));
#4925=CARTESIAN_POINT('Ctrl Pts',(-3.56727766489481,58.6107505710272,-115.067004204212));
#4926=CARTESIAN_POINT('Ctrl Pts',(-3.32398158542722,58.68230829611,-115.431122540368));
#4927=CARTESIAN_POINT('Ctrl Pts',(-3.22026910189553,58.7128119913464,-115.625154962498));
#4928=CARTESIAN_POINT('Ctrl Pts',(-3.05268385181578,58.762101809665,-116.02974157744));
#4929=CARTESIAN_POINT('Ctrl Pts',(-2.98881802229601,58.780885892443,-116.240279022772));
#4930=CARTESIAN_POINT('Ctrl Pts',(-2.90338380879379,58.8060136239177,-116.669785879779));
#4931=CARTESIAN_POINT('Ctrl Pts',(-2.88181896128821,58.8123562324733,-116.888737512367));
#4932=CARTESIAN_POINT('Ctrl Pts',(-2.88181897328392,58.8123562324733,-117.326658903782));
#4933=CARTESIAN_POINT('Ctrl Pts',(-2.9033838327847,58.8060136239177,-117.545610535189));
#4934=CARTESIAN_POINT('Ctrl Pts',(-2.98881806981735,58.780885892443,-117.975117387515));
#4935=CARTESIAN_POINT('Ctrl Pts',(-3.05268391087137,58.762101809665,-118.185654829348));
#4936=CARTESIAN_POINT('Ctrl Pts',(-3.2202691831163,58.7128119913464,-118.590241435109));
#4937=CARTESIAN_POINT('Ctrl Pts',(-3.32398167727801,58.68230829611,-118.784273851557));
#4938=CARTESIAN_POINT('Ctrl Pts',(-3.56727777669373,58.6107505710272,-119.148392174385));
#4939=CARTESIAN_POINT('Ctrl Pts',(-3.70685131098709,58.5696995032301,-119.318463008498));
#4940=CARTESIAN_POINT('Ctrl Pts',(-4.01650850490321,58.4786237946315,-119.628120185449));
#4941=CARTESIAN_POINT('Ctrl Pts',(-4.18657934668881,58.4286029237846,-119.767693710443));
#4942=CARTESIAN_POINT('Ctrl Pts',(-4.55069768279324,58.3215092200779,-120.010989789875));
#4943=CARTESIAN_POINT('Ctrl Pts',(-4.74473010500258,58.2644408201945,-120.114702273447));
#4944=CARTESIAN_POINT('Ctrl Pts',(-5.14931671983742,58.1454446723547,-120.282287523482));
#4945=CARTESIAN_POINT('Ctrl Pts',(-5.35985416529784,58.0835218500386,-120.346153353039));
#4946=CARTESIAN_POINT('Ctrl Pts',(-5.7893610221547,57.957196213292,-120.431587566511));
#4947=CARTESIAN_POINT('Ctrl Pts',(-6.00831265490077,57.8927986278801,-120.453152414032));
#4948=CARTESIAN_POINT('Ctrl Pts',(-6.44623404615023,57.7639981255999,-120.453152402036));
#4949=CARTESIAN_POINT('Ctrl Pts',(-6.66518567771485,57.699600540188,-120.431587542521));
#4950=CARTESIAN_POINT('Ctrl Pts',(-7.09469252989122,57.5732749034414,-120.346153305518));
#4951=CARTESIAN_POINT('Ctrl Pts',(-7.30522997185275,57.5113520811252,-120.282287464426));
#4952=CARTESIAN_POINT('Ctrl Pts',(-7.70981657750648,57.3923559332855,-120.114702192226));
#4953=CARTESIAN_POINT('Ctrl Pts',(-7.90384899403398,57.3352875334021,-120.010989698025));
#4954=CARTESIAN_POINT('Ctrl Pts',(-8.26796731680949,57.2281938296954,-119.767693598644));
#4955=CARTESIAN_POINT('Ctrl Pts',(-8.43803815094859,57.1781729588485,-119.628120064333));
#4956=CARTESIAN_POINT('Ctrl Pts',(-8.74769532790021,57.0870972502498,-119.318462870417));
#4957=CARTESIAN_POINT('Ctrl Pts',(-8.88726885287628,57.0460461824527,-119.148392028658));
#4958=CARTESIAN_POINT('Ctrl Pts',(-9.13056493234388,56.9744884573699,-118.784273692501));
#4959=CARTESIAN_POINT('Ctrl Pts',(-9.23427741587557,56.9439847621335,-118.590241270371));
#4960=CARTESIAN_POINT('Ctrl Pts',(-9.40186266595532,56.894694943815,-118.185654655429));
#4961=CARTESIAN_POINT('Ctrl Pts',(-9.46572849547509,56.875910861037,-117.975117210097));
#4962=CARTESIAN_POINT('Ctrl Pts',(-9.55116270897731,56.8507831295622,-117.545610353091));
#4963=CARTESIAN_POINT('Ctrl Pts',(-9.57272755648289,56.8444405210066,-117.326658720502));
#4964=CARTESIAN_POINT('Ctrl Pts',(-9.57272755048503,56.8444405210066,-117.107698024795));
#4965=CARTESIAN_POINT('',(-8.8000004046854,56.0717133752071,-117.107698045961));
#4966=CARTESIAN_POINT('Ctrl Pts',(-9.57272755048503,56.8444405210066,-117.107698024795));
#4967=CARTESIAN_POINT('Ctrl Pts',(-8.80000040468545,56.0717133752071,-117.107698045961));
#4968=CARTESIAN_POINT('',(-6.00000040468541,57.0556712578933,-119.90769812266));
#4969=CARTESIAN_POINT('Ctrl Pts',(-6.00000040468532,57.0556712578931,-119.90769812266));
#4970=CARTESIAN_POINT('Ctrl Pts',(-6.10089864076526,57.0202142535864,-119.90769812266));
#4971=CARTESIAN_POINT('Ctrl Pts',(-6.20174452693696,56.9847943202455,-119.90224495065));
#4972=CARTESIAN_POINT('Ctrl Pts',(-6.40234702742456,56.9142948295168,-119.880473307144));
#4973=CARTESIAN_POINT('Ctrl Pts',(-6.50202416623731,56.8792485790149,-119.864177597757));
#4974=CARTESIAN_POINT('Ctrl Pts',(-6.79724770029856,56.7755236138539,-119.799331646201));
#4975=CARTESIAN_POINT('Ctrl Pts',(-6.98935249673375,56.7079883848271,-119.734919065155));
#4976=CARTESIAN_POINT('Ctrl Pts',(-7.29521612531643,56.6005331655142,-119.593740264746));
#4977=CARTESIAN_POINT('Ctrl Pts',(-7.41323730857252,56.5590478376062,-119.528647049776));
#4978=CARTESIAN_POINT('Ctrl Pts',(-7.6785191906458,56.4658095036069,-119.356138699834));
#4979=CARTESIAN_POINT('Ctrl Pts',(-7.82144596025193,56.4156005719288,-119.242160050129));
#4980=CARTESIAN_POINT('Ctrl Pts',(-8.08278610834186,56.3237443700936,-118.987832297331));
#4981=CARTESIAN_POINT('Ctrl Pts',(-8.20089062902623,56.2822591258432,-118.848296280273));
#4982=CARTESIAN_POINT('Ctrl Pts',(-8.38469779308313,56.2176503407573,-118.581788614107));
#4983=CARTESIAN_POINT('Ctrl Pts',(-8.45590425977865,56.1926540412957,-118.459935768207));
#4984=CARTESIAN_POINT('Ctrl Pts',(-8.61003227849716,56.1384664596376,-118.143159538349));
#4985=CARTESIAN_POINT('Ctrl Pts',(-8.68086556691424,56.1135990966702,-117.943197689903));
#4986=CARTESIAN_POINT('Ctrl Pts',(-8.75224846560725,56.0884899129672,-117.633328152816));
#4987=CARTESIAN_POINT('Ctrl Pts',(-8.77012608054408,56.0822221447019,-117.52912178353));
#4988=CARTESIAN_POINT('Ctrl Pts',(-8.79401108470311,56.0738353173639,-117.319035586189));
#4989=CARTESIAN_POINT('Ctrl Pts',(-8.80000078513238,56.0717132409089,-117.213407416432));
#4990=CARTESIAN_POINT('Ctrl Pts',(-8.80000040466728,56.0717133752134,-117.107688045961));
#4991=CARTESIAN_POINT('Ctrl Pts',(-8.80000040468541,56.071713375207,-117.107698045961));
#4992=CARTESIAN_POINT('Ctrl Pts',(-8.80000040004934,56.071713375207,-116.938452122937));
#4993=CARTESIAN_POINT('Ctrl Pts',(-8.78463949990602,56.0771212499729,-116.769589833573));
#4994=CARTESIAN_POINT('Ctrl Pts',(-8.72367186068666,56.0985287575149,-116.436591187873));
#4995=CARTESIAN_POINT('Ctrl Pts',(-8.67808815897673,56.1145719908176,-116.273278297905));
#4996=CARTESIAN_POINT('Ctrl Pts',(-8.49718390761308,56.1781048711271,-115.795803536835));
#4997=CARTESIAN_POINT('Ctrl Pts',(-8.31962177891536,56.2405595157839,-115.503895364891));
#4998=CARTESIAN_POINT('Ctrl Pts',(-7.97367005412593,56.3620949157242,-115.112881112998));
#4999=CARTESIAN_POINT('Ctrl Pts',(-7.83742308534786,56.4100004517683,-114.986914219018));
#5000=CARTESIAN_POINT('Ctrl Pts',(-7.53944712954577,56.5146856403335,-114.761179981195));
#5001=CARTESIAN_POINT('Ctrl Pts',(-7.37764192053974,56.571574510945,-114.662827903368));
#5002=CARTESIAN_POINT('Ctrl Pts',(-6.85771205228221,56.7542378043117,-114.414138924855));
#5003=CARTESIAN_POINT('Ctrl Pts',(-6.47808504844062,56.8877058280195,-114.322133043546));
#5004=CARTESIAN_POINT('Ctrl Pts',(-5.90176834274427,57.0901792919374,-114.302841735263));
#5005=CARTESIAN_POINT('Ctrl Pts',(-5.70955119359108,57.1577579691909,-114.316169440885));
#5006=CARTESIAN_POINT('Ctrl Pts',(-5.33347960149094,57.2898833252898,-114.381598953605));
#5007=CARTESIAN_POINT('Ctrl Pts',(-5.15008703434203,57.3543572827346,-114.433009232756));
#5008=CARTESIAN_POINT('Ctrl Pts',(-4.80006499979306,57.477333704742,-114.571039424645));
#5009=CARTESIAN_POINT('Ctrl Pts',(-4.63369703688099,57.5358215365641,-114.656501496475));
#5010=CARTESIAN_POINT('Ctrl Pts',(-4.39931736758392,57.6181684773491,-114.808512407186));
#5011=CARTESIAN_POINT('Ctrl Pts',(-4.32450138401819,57.6444794496581,-114.862427384026));
#5012=CARTESIAN_POINT('Ctrl Pts',(-4.18122850986456,57.6948346317777,-114.9768892483));
#5013=CARTESIAN_POINT('Ctrl Pts',(-4.11276994739775,57.718876720081,-115.037255529659));
#5014=CARTESIAN_POINT('Ctrl Pts',(-3.98202221709373,57.7648115035226,-115.164495771182));
#5015=CARTESIAN_POINT('Ctrl Pts',(-3.91974982988888,57.786715035096,-115.231283648702));
#5016=CARTESIAN_POINT('Ctrl Pts',(-3.80274430636938,57.8278401964326,-115.369843732083));
#5017=CARTESIAN_POINT('Ctrl Pts',(-3.74796924322162,57.8470739679377,-115.44140956985));
#5018=CARTESIAN_POINT('Ctrl Pts',(-3.59561595856178,57.9005929437063,-115.661847386294));
#5019=CARTESIAN_POINT('Ctrl Pts',(-3.50823043016097,57.9313328175041,-115.81800474415));
#5020=CARTESIAN_POINT('Ctrl Pts',(-3.36598938919976,57.9812850723756,-116.142087670489));
#5021=CARTESIAN_POINT('Ctrl Pts',(-3.31067982534414,58.000760889642,-116.308658868859));
#5022=CARTESIAN_POINT('Ctrl Pts',(-3.23264407122384,58.0281436798151,-116.647892869192));
#5023=CARTESIAN_POINT('Ctrl Pts',(-3.20950136069186,58.036321763726,-116.819484131637));
#5024=CARTESIAN_POINT('Ctrl Pts',(-3.19530907912035,58.0412660374893,-117.163862831696));
#5025=CARTESIAN_POINT('Ctrl Pts',(-3.20400902818826,58.0382545327319,-117.335538107023));
#5026=CARTESIAN_POINT('Ctrl Pts',(-3.25287351467283,58.0210427224044,-117.675998954257));
#5027=CARTESIAN_POINT('Ctrl Pts',(-3.29296933584196,58.0069920817588,-117.84352691991));
#5028=CARTESIAN_POINT('Ctrl Pts',(-3.40395259217493,57.9679586213742,-118.171136176409));
#5029=CARTESIAN_POINT('Ctrl Pts',(-3.47494591972218,57.9430401837715,-118.330004910743));
#5030=CARTESIAN_POINT('Ctrl Pts',(-3.60316278539202,57.8979657424702,-118.557867741321));
#5031=CARTESIAN_POINT('Ctrl Pts',(-3.65006807667912,57.8814643167798,-118.632674276));
#5032=CARTESIAN_POINT('Ctrl Pts',(-3.80271019096164,57.8278457929324,-118.85245840597));
#5033=CARTESIAN_POINT('Ctrl Pts',(-3.91851176741429,57.787124761792,-118.988902889462));
#5034=CARTESIAN_POINT('Ctrl Pts',(-4.1111801992405,57.7194350268967,-119.176690237603));
#5035=CARTESIAN_POINT('Ctrl Pts',(-4.17958741083623,57.6954112667707,-119.237104853037));
#5036=CARTESIAN_POINT('Ctrl Pts',(-4.49893924987894,57.5831716195429,-119.492642193841));
#5037=CARTESIAN_POINT('Ctrl Pts',(-4.77735512811633,57.4853083112302,-119.646057173609));
#5038=CARTESIAN_POINT('Ctrl Pts',(-5.22198100156151,57.3291041250794,-119.802068828718));
#5039=CARTESIAN_POINT('Ctrl Pts',(-5.37483293667526,57.2753538523007,-119.841537281234));
#5040=CARTESIAN_POINT('Ctrl Pts',(-5.68527033760022,57.1662895288534,-119.894419885688));
#5041=CARTESIAN_POINT('Ctrl Pts',(-5.84255954359821,57.1109981050858,-119.90769812266));
#5042=CARTESIAN_POINT('Ctrl Pts',(-6.00000040468533,57.0556712578931,-119.90769812266));
#5043=CARTESIAN_POINT('Origin',(-14.1384530663487,65.4407060146331,-109.903695583344));
#5044=CARTESIAN_POINT('',(-27.3538062572476,67.5120755351974,-109.903695583781));
#5045=CARTESIAN_POINT('',(-27.3538062572476,68.4385563929876,-109.903695583344));
#5046=CARTESIAN_POINT('',(-17.2000024318692,67.5120755382369,-109.903695583782));
#5047=CARTESIAN_POINT('',(-18.089005729983,67.5120755387344,-109.903695583344));
#5048=CARTESIAN_POINT('',(-17.2000024318692,76.7158161734921,-109.903695583066));
#5049=CARTESIAN_POINT('',(-17.2000024318692,69.68075633049,-109.903695583344));
#5050=CARTESIAN_POINT('',(-14.3859232734726,76.7158162836868,-109.903695583344));
#5051=CARTESIAN_POINT('Origin',(-14.6333933898377,85.6833028793334,-94.5308634213039));
#5052=CARTESIAN_POINT('',(-11.3261350759104,102.24268913269,-66.1433480803922));
#5053=CARTESIAN_POINT('',(-10.3800372865841,102.24268913269,-66.1433481441808));
#5054=CARTESIAN_POINT('',(-17.2000024318692,79.1611878750322,-105.711630357167));
#5055=CARTESIAN_POINT('',(-17.2000024318691,81.5188148971924,-101.669984565915));
#5056=CARTESIAN_POINT('',(-27.3538062572476,79.161187577209,-105.711630183437));
#5057=CARTESIAN_POINT('',(-18.4551489347183,79.1611878389583,-105.711630336124));
#5058=CARTESIAN_POINT('',(-27.3538062572475,83.543732259137,-98.1986974309425));
#5059=CARTESIAN_POINT('',(-27.3538062572476,81.8278171573898,-101.140265790537));
#5060=CARTESIAN_POINT('',(-19.267661748409,92.9775711327566,-82.0264048878016));
#5061=CARTESIAN_POINT('Origin',(-31.0000011920929,12.5,-116.032697200775));
#5062=CARTESIAN_POINT('',(-3.49999999999989,12.4999999999999,-113.882697200775));
#5063=CARTESIAN_POINT('',(-31.0000011920929,12.5,-113.882697200775));
#5064=CARTESIAN_POINT('Origin',(-3.49999999999989,12.4999999999999,-116.032697200775));
#5065=CARTESIAN_POINT('Origin',(-3.49999999999989,12.4999999999999,-116.032697200775));
#5066=CARTESIAN_POINT('',(-3.49999999999989,12.4999999999999,-113.882697200775));
#5067=CARTESIAN_POINT('Origin',(-31.000001192093,-12.5,-116.032697200775));
#5068=CARTESIAN_POINT('',(-3.5,-12.5000000000001,-113.882697200775));
#5069=CARTESIAN_POINT('',(-31.000001192093,-12.5,-113.882697200775));
#5070=CARTESIAN_POINT('Origin',(-3.5,-12.5000000000001,-116.032697200775));
#5071=CARTESIAN_POINT('Origin',(-3.5,-12.5000000000001,-116.032697200775));
#5072=CARTESIAN_POINT('',(-3.5,-12.5000000000001,-113.882697200775));
#5073=CARTESIAN_POINT('Origin',(-6.0000004046861,-102.242715465542,-117.10769812266));
#5074=CARTESIAN_POINT('',(-6.00000040468583,-40.4426884651185,-114.30769812266));
#5075=CARTESIAN_POINT('',(-6.0000004046861,-102.242715465542,-114.30769812266));
#5076=CARTESIAN_POINT('Origin',(-6.00000040468583,-40.4426884651185,-117.10769812266));
#5077=CARTESIAN_POINT('Origin',(-6.00000040468521,102.242715465542,-117.10769812266));
#5078=CARTESIAN_POINT('',(-6.00000040468548,40.4426884651183,-119.90769812266));
#5079=CARTESIAN_POINT('',(-6.00000040468521,102.242715465542,-119.90769812266));
#5080=CARTESIAN_POINT('Origin',(-6.00000040468548,40.4426884651183,-117.10769812266));
#5081=CARTESIAN_POINT('Origin',(-6.00000034769398,-40.4426884651185,-117.10769812266));
#5082=CARTESIAN_POINT('Origin',(-6.00000034769363,40.4426884651183,-117.10769812266));
#5083=CARTESIAN_POINT('Origin',(-22.0000006781327,63.596776239683,-103.010080769534));
#5084=CARTESIAN_POINT('',(-20.600001322032,69.5183640572147,-106.464342121972));
#5085=CARTESIAN_POINT('Origin',(-22.0000004715309,69.518364069303,-106.46434210053));
#5086=CARTESIAN_POINT('',(-20.6000015286339,63.5967761908376,-103.010080769534));
#5087=CARTESIAN_POINT('Origin',(-13.2059415804369,91.7570230123158,-69.902962413994));
#5088=CARTESIAN_POINT('',(3.20102210033012,102.24268913269,-37.0890284263117));
#5089=CARTESIAN_POINT('',(-27.3538062572476,81.5967155786448,-98.198697549506));
#5090=CARTESIAN_POINT('',(-11.8183149935739,92.342690562433,-67.1277086981977));
#5091=CARTESIAN_POINT('Origin',(-12.5183151028561,92.3426906127587,-68.527709172223));
#5092=CARTESIAN_POINT('Origin',(-27.3538062572476,71.436406771342,-103.937044938405));
#5093=CARTESIAN_POINT('',(-27.3538062572476,72.2941479418249,-101.705853089151));
#5094=CARTESIAN_POINT('',(-27.3538062572476,74.1764662702967,-102.803873203305));
#5095=CARTESIAN_POINT('',(-27.3538062572476,70.3393098354876,-105.057005797214));
#5096=CARTESIAN_POINT('Origin',(-22.0395583936143,69.5733284950255,-106.370117323739));
#5097=CARTESIAN_POINT('',(-17.2000024318692,72.2941479440925,-101.705853090474));
#5098=CARTESIAN_POINT('',(-22.1582313685723,72.2941479423193,-101.70585308944));
#5099=CARTESIAN_POINT('',(-17.2000024318692,70.0303071767848,-105.586724909921));
#5100=CARTESIAN_POINT('Origin',(-17.2000024318692,73.9208066463469,-106.806218624115));
#5101=CARTESIAN_POINT('',(-17.2000024318692,75.7276686254277,-103.708742141409));
#5102=CARTESIAN_POINT('Origin',(-22.2769043445584,75.7276678085327,-103.708741664886));
#5103=CARTESIAN_POINT('Origin',(-11.0000035762784,78.842561629262,58.1558529003484));
#5104=CARTESIAN_POINT('',(-11.0000035762784,78.842561629262,59.7558458308638));
#5105=CARTESIAN_POINT('Origin',(-0.999999999999601,92.3426900839728,29.6326720714569));
#5106=CARTESIAN_POINT('',(-0.999999999999601,92.3426900839728,28.0326717772276));
#5107=CARTESIAN_POINT('Origin',(-11.0000035762781,92.3426899242559,-10.4207863971922));
#5108=CARTESIAN_POINT('',(-11.0000018517127,92.3426899242559,-9.0207873474489));
#5109=CARTESIAN_POINT('Origin',(-11.0000035762783,92.3426899242576,-39.4742469307642));
#5110=CARTESIAN_POINT('',(-11.0000027143599,92.3426899242576,-38.0742472206179));
#5111=CARTESIAN_POINT('Origin',(-11.0000035762783,82.4426889217807,-65.4064205951678));
#5112=CARTESIAN_POINT('',(-11.0000035484746,82.4426889217807,-64.0064205669123));
#5113=CARTESIAN_POINT('Origin',(-11.0000035762783,82.4426871005804,-5.4064198068827));
#5114=CARTESIAN_POINT('',(-11.0000035762783,82.4426871005804,-4.00641958047561));
#5115=CARTESIAN_POINT('Origin',(-11.8317649364467,92.3426905634,-68.5277090922561));
#5116=CARTESIAN_POINT('',(-11.8317650995137,92.3426905634,-67.1277086997643));
#5117=CARTESIAN_POINT('Origin',(-0.999999999999601,92.3426900839738,18.6326719057622));
#5118=CARTESIAN_POINT('',(-0.999999999999601,92.3426900839738,17.0326716047628));
#5119=CARTESIAN_POINT('Origin',(-16.000000596046,88.366138935089,104.692308902741));
#5120=CARTESIAN_POINT('',(-31.0000011920925,91.0069268601569,104.692308902741));
#5121=CARTESIAN_POINT('',(-16.0000004902815,91.0069262594013,104.692308902741));
#5122=CARTESIAN_POINT('',(-31.0000011920926,79.4560947418213,104.692308902741));
#5123=CARTESIAN_POINT('',(-31.0000011920925,87.5155492623647,104.692308902741));
#5124=CARTESIAN_POINT('',(-16.0000005960461,79.4560947418212,104.692308902741));
#5125=CARTESIAN_POINT('Origin',(-22.7783906308236,98.7538379489019,85.3250305909272));
#5126=CARTESIAN_POINT('',(-18.5000035762783,101.973433449608,77.276041507721));
#5127=CARTESIAN_POINT('',(-14.7500032678589,101.973433299419,77.276041507721));
#5128=CARTESIAN_POINT('',(-31.0000011920925,96.9734348436956,89.7760391235347));
#5129=CARTESIAN_POINT('Origin',(-18.5000035762789,96.9734343430659,89.776039123535));
#5130=CARTESIAN_POINT('',(-31.0000011920925,98.7538382327627,85.3250307044715));
#5131=CARTESIAN_POINT('',(-6.12667124878637,102.24268913269,76.6029010692306));
#5132=CARTESIAN_POINT('',(-21.7330596142022,98.4961914150414,85.9691468131565));
#5133=CARTESIAN_POINT('Origin',(-23.1330590776654,98.4961914633781,85.9691468324911));
#5134=CARTESIAN_POINT('',(-26.000000596046,94.9669271667732,94.7923077547987));
#5135=CARTESIAN_POINT('Origin',(-26.000000596046,93.066927143891,99.5423077547987));
#5136=CARTESIAN_POINT('',(-6.00000059604604,94.9669263657658,94.7923077547987));
#5137=CARTESIAN_POINT('Origin',(-6.00000059604606,93.0669263428836,99.5423077547987));
#5138=CARTESIAN_POINT('Origin',(-6.02500147537116,102.242699610353,11.9701280289418));
#5139=CARTESIAN_POINT('',(-4.62500133838865,100.24269103791,11.9701266288752));
#5140=CARTESIAN_POINT('Origin',(-6.02500146611503,100.24269103807,11.9701280945334));
#5141=CARTESIAN_POINT('',(-2.62500144799288,102.24268913269,11.9701280289428));
#5142=CARTESIAN_POINT('',(-2.62499091695924,102.242699663714,11.9701280289418));
#5143=CARTESIAN_POINT('Origin',(-6.02500152873206,102.24268913269,11.970127645138));
#5144=CARTESIAN_POINT('Origin',(-6.07500164216646,102.242700858309,35.9103902680867));
#5145=CARTESIAN_POINT('',(-4.67500194896791,100.242690654543,35.9103896294635));
#5146=CARTESIAN_POINT('Origin',(-6.07500161727226,100.242690849033,35.9103900726542));
#5147=CARTESIAN_POINT('',(-2.67500247919302,102.24268913269,35.9103902680837));
#5148=CARTESIAN_POINT('',(-2.67499059131988,102.242701020555,35.9103902680867));
#5149=CARTESIAN_POINT('Origin',(-6.07500180441196,102.24268913269,35.9103913537372));
#5150=CARTESIAN_POINT('Origin',(-6.10558896919306,102.24268913269,-33.9025064176346));
#5151=CARTESIAN_POINT('',(-7.50558915121006,82.4426889419555,-33.9025064176346));
#5152=CARTESIAN_POINT('Origin',(-6.10558896919315,82.4426889419555,-33.9025064176346));
#5153=CARTESIAN_POINT('',(-7.50558915120997,102.24268913269,-33.9025064176346));
#5154=CARTESIAN_POINT('',(-7.50558915120997,102.24268913269,-33.9025064176346));
#5155=CARTESIAN_POINT('Origin',(-6.10558896919306,102.24268913269,-33.9025064176346));
#5156=CARTESIAN_POINT('Origin',(-6.09050496986895,82.4426889419555,-34.1173512169293));
#5157=CARTESIAN_POINT('Origin',(-6.00000178813896,78.9441037178039,51.0865831375122));
#5158=CARTESIAN_POINT('',(-0.999999999999677,75.4455184936521,54.4870352745056));
#5159=CARTESIAN_POINT('',(-6.03246279923504,82.4426889419555,47.6861310005188));
#5160=CARTESIAN_POINT('Origin',(-6.02500146627395,82.4426889419555,11.9701280923736));
#5161=CARTESIAN_POINT('',(-4.62500133838796,82.4426889419555,11.9701280923736));
#5162=CARTESIAN_POINT('',(-4.62500133838797,82.4426889419555,11.9701280923736));
#5163=CARTESIAN_POINT('Origin',(-6.02500146627395,82.4426889419555,11.9701280923736));
#5164=CARTESIAN_POINT('Origin',(-6.07500161727234,82.4426889419555,35.9103900726542));
#5165=CARTESIAN_POINT('',(-4.67500194896792,82.4426889419555,35.9103900726542));
#5166=CARTESIAN_POINT('',(-4.67500194896792,82.4426889419555,35.9103900726542));
#5167=CARTESIAN_POINT('Origin',(-6.07500161727234,82.4426889419555,35.9103900726542));
#5168=CARTESIAN_POINT('Origin',(-6.10558896919346,102.24268913269,23.9820476373042));
#5169=CARTESIAN_POINT('',(-7.50558869927131,82.4426889419555,23.9820476373041));
#5170=CARTESIAN_POINT('Origin',(-6.10558896919354,82.4426889419555,23.9820476373042));
#5171=CARTESIAN_POINT('',(-7.50558869927124,102.24268913269,23.9820476373042));
#5172=CARTESIAN_POINT('',(-7.50558869927124,102.24268913269,23.9820476373042));
#5173=CARTESIAN_POINT('Origin',(-6.10558896919346,102.24268913269,23.9820476373042));
#5174=CARTESIAN_POINT('Origin',(-6.06492381033104,82.4426889419555,23.9483401963586));
#5175=CARTESIAN_POINT('Origin',(-6.12667805841606,102.24268913269,8.5922351331994));
#5176=CARTESIAN_POINT('Origin',(-31.0000011920926,79.4560947418213,104.692308902741));
#5177=CARTESIAN_POINT('',(-7.66666726271276,79.4560947418212,94.8923039436337));
#5178=CARTESIAN_POINT('',(-31.0000011920925,79.4560947420226,94.3923085251821));
#5179=CARTESIAN_POINT('',(-31.0000011920926,79.4560947418213,99.7923064231877));
#5180=CARTESIAN_POINT('',(-23.614661314858,79.4560947418212,94.3923068819035));
#5181=CARTESIAN_POINT('',(-26.0000005960461,79.4560947418213,101.692307754799));
#5182=CARTESIAN_POINT('Origin',(-26.0000005960461,79.4560947418213,99.5423077547987));
#5183=CARTESIAN_POINT('',(-6.00000059604611,79.4560947418212,101.692307754799));
#5184=CARTESIAN_POINT('Origin',(-6.00000059604611,79.4560947418212,99.5423077547987));
#5185=CARTESIAN_POINT('Origin',(-7.66666726271275,81.351407210032,94.8923039436337));
#5186=CARTESIAN_POINT('',(-6.83333452542591,68.4857702255248,94.8923039436337));
#5187=CARTESIAN_POINT('Origin',(-6.00000178813898,73.6838340759276,81.8971419334407));
#5188=CARTESIAN_POINT('',(-6.00000178813896,78.8818979263305,68.9019799232483));
#5189=CARTESIAN_POINT('Origin',(-6.00000178813897,76.7656421661376,64.8906636238098));
#5190=CARTESIAN_POINT('',(-0.999999999999677,74.4830175298995,60.5639987749417));
#5191=CARTESIAN_POINT('Origin',(-0.999999999999659,79.0236907685303,58.1684694326779));
#5192=CARTESIAN_POINT('Origin',(-23.133059077666,84.9868557069788,80.5654118445877));
#5193=CARTESIAN_POINT('',(-21.7330596142028,84.9868541167428,80.5654112084933));
#5194=CARTESIAN_POINT('',(-21.7330596142028,84.9868557069787,80.5654118445877));
#5195=CARTESIAN_POINT('Origin',(-23.133059077666,84.9868542242274,80.5654112514877));
#5196=CARTESIAN_POINT('Origin',(-14.7500035762783,94.2726445198058,77.276041507721));
#5197=CARTESIAN_POINT('',(-18.5000035762782,86.3026020110301,77.276041507721));
#5198=CARTESIAN_POINT('',(-18.5000035762783,102.24268913269,77.276041507721));
#5199=CARTESIAN_POINT('',(-19.1823341417491,86.3026020727602,77.276041507721));
#5200=CARTESIAN_POINT('Origin',(-18.5000035762783,102.24268913269,89.7760391235347));
#5201=CARTESIAN_POINT('',(-31.0000011920925,81.3026029279477,89.7760391235347));
#5202=CARTESIAN_POINT('Origin',(-18.5000035766888,81.3026018135193,89.7760391232603));
#5203=CARTESIAN_POINT('',(-31.0000011920925,102.24268913269,89.7760391235347));
#5204=CARTESIAN_POINT('Origin',(-31.0000011920925,86.6649595896403,96.4535514513647));
#5205=CARTESIAN_POINT('',(-31.0000011920925,82.1473690992998,87.6641241812987));
#5206=CARTESIAN_POINT('Origin',(-23.6146641530485,84.5550898501747,81.6448220453767));
#5207=CARTESIAN_POINT('Origin',(-6.0000005960469,-102.242715465542,99.5423077547987));
#5208=CARTESIAN_POINT('',(-6.00000059604608,85.9999999999999,101.692307754799));
#5209=CARTESIAN_POINT('',(-6.0000005960469,-102.242715465542,101.692307754799));
#5210=CARTESIAN_POINT('Origin',(-6.00000059604608,85.9999999999999,99.5423077547987));
#5211=CARTESIAN_POINT('Origin',(-26.0000005960469,-102.242715465542,99.5423077547987));
#5212=CARTESIAN_POINT('',(-26.0000005960461,86.,101.692307754799));
#5213=CARTESIAN_POINT('',(-26.0000005960469,-102.242715465542,101.692307754799));
#5214=CARTESIAN_POINT('Origin',(-26.0000005960461,86.,99.5423077547987));
#5215=CARTESIAN_POINT('Origin',(-6.0000005960469,-102.242715465542,99.5423077547987));
#5216=CARTESIAN_POINT('',(-6.00000059604683,-86.0000000000001,101.692307754799));
#5217=CARTESIAN_POINT('Origin',(-6.00000059604683,-86.0000000000001,99.5423077547987));
#5218=CARTESIAN_POINT('',(-6.0000005960469,-102.242715465542,101.692307754799));
#5219=CARTESIAN_POINT('Origin',(-26.0000005960469,-102.242715465542,99.5423077547987));
#5220=CARTESIAN_POINT('',(-26.0000005960468,-86.0000000000001,101.692307754799));
#5221=CARTESIAN_POINT('Origin',(-26.0000005960468,-86.,99.5423077547987));
#5222=CARTESIAN_POINT('',(-26.0000005960469,-102.242715465542,101.692307754799));
#5223=CARTESIAN_POINT('Origin',(-26.0000005960469,-102.242715465542,99.5423077547987));
#5224=CARTESIAN_POINT('',(-26.0000005960468,-88.5000000000001,104.292307754799));
#5225=CARTESIAN_POINT('',(-26.0000005960469,-102.242715465542,104.292307754799));
#5226=CARTESIAN_POINT('',(-26.0000005960468,-88.5000000000001,94.7923077547987));
#5227=CARTESIAN_POINT('Origin',(-26.0000005960468,-88.5000000000001,99.5423077547987));
#5228=CARTESIAN_POINT('Origin',(-26.0000005960468,-88.5000000000001,99.5423077547987));
#5229=CARTESIAN_POINT('Origin',(-26.0000005960468,-86.,99.5423077547987));
#5230=CARTESIAN_POINT('',(-26.0000005960468,-86.,97.2923077547987));
#5231=CARTESIAN_POINT('Origin',(-26.0000005960468,-86.,99.5423077547987));
#5232=CARTESIAN_POINT('Origin',(-6.0000005960469,-102.242715465542,99.5423077547987));
#5233=CARTESIAN_POINT('',(-6.00000059604684,-88.5000000000001,104.292307754799));
#5234=CARTESIAN_POINT('',(-6.0000005960469,-102.242715465542,104.292307754799));
#5235=CARTESIAN_POINT('',(-6.00000059604683,-88.5000000000001,94.7923077547987));
#5236=CARTESIAN_POINT('Origin',(-6.00000059604683,-88.5000000000001,99.5423077547987));
#5237=CARTESIAN_POINT('Origin',(-6.00000059604683,-88.5000000000001,99.5423077547987));
#5238=CARTESIAN_POINT('Origin',(-6.00000059604683,-86.0000000000001,99.5423077547987));
#5239=CARTESIAN_POINT('',(-6.00000059604683,-86.0000000000001,97.2923077547987));
#5240=CARTESIAN_POINT('Origin',(-6.00000059604683,-86.0000000000001,99.5423077547987));
#5241=CARTESIAN_POINT('Origin',(-26.000000596046,102.242715465542,99.5423077547987));
#5242=CARTESIAN_POINT('',(-26.0000005960461,88.5,94.7923077547987));
#5243=CARTESIAN_POINT('',(-26.000000596046,102.242715465542,94.7923077547987));
#5244=CARTESIAN_POINT('',(-26.0000005960461,88.5,104.292307754799));
#5245=CARTESIAN_POINT('Origin',(-26.0000005960461,88.5,99.5423077547987));
#5246=CARTESIAN_POINT('Origin',(-26.0000005960461,88.5,99.5423077547987));
#5247=CARTESIAN_POINT('Origin',(-26.0000005960461,86.,99.5423077547987));
#5248=CARTESIAN_POINT('',(-26.0000005960461,86.,101.792307754799));
#5249=CARTESIAN_POINT('Origin',(-26.0000005960461,86.,99.5423077547987));
#5250=CARTESIAN_POINT('Origin',(-6.00000059604601,102.242715465542,99.5423077547987));
#5251=CARTESIAN_POINT('',(-6.00000059604607,88.4999999999999,94.7923077547987));
#5252=CARTESIAN_POINT('',(-6.00000059604601,102.242715465542,94.7923077547987));
#5253=CARTESIAN_POINT('',(-6.00000059604607,88.4999999999999,104.292307754799));
#5254=CARTESIAN_POINT('Origin',(-6.00000059604607,88.4999999999999,99.5423077547987));
#5255=CARTESIAN_POINT('Origin',(-6.00000059604607,88.4999999999999,99.5423077547987));
#5256=CARTESIAN_POINT('Origin',(-6.00000059604608,85.9999999999999,99.5423077547987));
#5257=CARTESIAN_POINT('',(-6.00000059604608,85.9999999999999,101.792307754799));
#5258=CARTESIAN_POINT('Origin',(-6.00000059604608,85.9999999999999,99.5423077547987));
#5259=CARTESIAN_POINT('Origin',(-26.0000005960461,86.,99.5423077547987));
#5260=CARTESIAN_POINT('',(-26.0000005960461,86.,101.792307754799));
#5261=CARTESIAN_POINT('Origin',(-6.00000059604608,85.9999999999999,99.5423077547987));
#5262=CARTESIAN_POINT('',(-6.00000059604608,85.9999999999999,101.792307754799));
#5263=CARTESIAN_POINT('Origin',(-6.00000059604683,-88.5000000000001,99.5423077547987));
#5264=CARTESIAN_POINT('',(-6.00000059604683,-88.5000000000001,94.7923077547987));
#5265=CARTESIAN_POINT('Origin',(-26.0000005960468,-88.5000000000001,99.5423077547987));
#5266=CARTESIAN_POINT('',(-26.0000005960468,-88.5000000000001,94.7923077547987));
#5267=CARTESIAN_POINT('',(0.,0.,0.));
#5268=UNCERTAINTY_MEASURE_WITH_UNIT(LENGTH_MEASURE(0.01),#5274,
'DISTANCE_ACCURACY_VALUE',
'Maximum model space distance between geometric entities at asserted c
onnectivities');
#5269=UNCERTAINTY_MEASURE_WITH_UNIT(LENGTH_MEASURE(0.01),#5274,
'DISTANCE_ACCURACY_VALUE',
'Maximum model space distance between geometric entities at asserted c
onnectivities');
#5270=UNCERTAINTY_MEASURE_WITH_UNIT(LENGTH_MEASURE(0.01),#5274,
'DISTANCE_ACCURACY_VALUE',
'Maximum model space distance between geometric entities at asserted c
onnectivities');
#5271=(
GEOMETRIC_REPRESENTATION_CONTEXT(3)
GLOBAL_UNCERTAINTY_ASSIGNED_CONTEXT((#5268))
GLOBAL_UNIT_ASSIGNED_CONTEXT((#5274,#5276,#5277))
REPRESENTATION_CONTEXT('','3D')
);
#5272=(
GEOMETRIC_REPRESENTATION_CONTEXT(3)
GLOBAL_UNCERTAINTY_ASSIGNED_CONTEXT((#5269))
GLOBAL_UNIT_ASSIGNED_CONTEXT((#5274,#5276,#5277))
REPRESENTATION_CONTEXT('','3D')
);
#5273=(
GEOMETRIC_REPRESENTATION_CONTEXT(3)
GLOBAL_UNCERTAINTY_ASSIGNED_CONTEXT((#5270))
GLOBAL_UNIT_ASSIGNED_CONTEXT((#5274,#5276,#5277))
REPRESENTATION_CONTEXT('','3D')
);
#5274=(
LENGTH_UNIT()
NAMED_UNIT(*)
SI_UNIT(.MILLI.,.METRE.)
);
#5275=(
LENGTH_UNIT()
NAMED_UNIT(*)
SI_UNIT($,.METRE.)
);
#5276=(
NAMED_UNIT(*)
PLANE_ANGLE_UNIT()
SI_UNIT($,.RADIAN.)
);
#5277=(
NAMED_UNIT(*)
SI_UNIT($,.STERADIAN.)
SOLID_ANGLE_UNIT()
);
#5278=SHAPE_DEFINITION_REPRESENTATION(#5280,#5283);
#5279=SHAPE_DEFINITION_REPRESENTATION(#5281,#5284);
#5280=PRODUCT_DEFINITION_SHAPE('',$,#5286);
#5281=PRODUCT_DEFINITION_SHAPE('',$,#5287);
#5282=PRODUCT_DEFINITION_SHAPE($,$,#14);
#5283=SHAPE_REPRESENTATION('',(#2578,#2825),#5271);
#5284=SHAPE_REPRESENTATION('',(#2579),#5272);
#5285=PRODUCT_DEFINITION_CONTEXT('part definition',#5293,'design');
#5286=PRODUCT_DEFINITION('Chassis','Chassis v25',#5288,#5285);
#5287=PRODUCT_DEFINITION('Chassis_1','Chassis',#5289,#5285);
#5288=PRODUCT_DEFINITION_FORMATION('',$,#5295);
#5289=PRODUCT_DEFINITION_FORMATION('',$,#5296);
#5290=PRODUCT_RELATED_PRODUCT_CATEGORY('Chassis v25','Chassis v25',(#5295));
#5291=PRODUCT_RELATED_PRODUCT_CATEGORY('Chassis','Chassis',(#5296));
#5292=APPLICATION_PROTOCOL_DEFINITION('international standard',
'automotive_design',2009,#5293);
#5293=APPLICATION_CONTEXT(
'Core Data for Automotive Mechanical Design Process');
#5294=PRODUCT_CONTEXT('part definition',#5293,'mechanical');
#5295=PRODUCT('Chassis','Chassis v25',$,(#5294));
#5296=PRODUCT('Chassis_1','Chassis',$,(#5294));
#5297=PRESENTATION_STYLE_ASSIGNMENT((#5305));
#5298=PRESENTATION_STYLE_ASSIGNMENT((#5306));
#5299=PRESENTATION_STYLE_ASSIGNMENT((#5307));
#5300=PRESENTATION_STYLE_ASSIGNMENT((#5308));
#5301=PRESENTATION_STYLE_ASSIGNMENT((#5309));
#5302=PRESENTATION_STYLE_ASSIGNMENT((#5310));
#5303=PRESENTATION_STYLE_ASSIGNMENT((#5311));
#5304=PRESENTATION_STYLE_ASSIGNMENT((#5312));
#5305=SURFACE_STYLE_USAGE(.BOTH.,#5313);
#5306=SURFACE_STYLE_USAGE(.BOTH.,#5314);
#5307=SURFACE_STYLE_USAGE(.BOTH.,#5315);
#5308=SURFACE_STYLE_USAGE(.BOTH.,#5316);
#5309=SURFACE_STYLE_USAGE(.BOTH.,#5317);
#5310=SURFACE_STYLE_USAGE(.BOTH.,#5318);
#5311=SURFACE_STYLE_USAGE(.BOTH.,#5319);
#5312=SURFACE_STYLE_USAGE(.BOTH.,#5320);
#5313=SURFACE_SIDE_STYLE('',(#5321));
#5314=SURFACE_SIDE_STYLE('',(#5322));
#5315=SURFACE_SIDE_STYLE('',(#5323));
#5316=SURFACE_SIDE_STYLE('',(#5324));
#5317=SURFACE_SIDE_STYLE('',(#5325));
#5318=SURFACE_SIDE_STYLE('',(#5326));
#5319=SURFACE_SIDE_STYLE('',(#5327));
#5320=SURFACE_SIDE_STYLE('',(#5328));
#5321=SURFACE_STYLE_FILL_AREA(#5329);
#5322=SURFACE_STYLE_FILL_AREA(#5330);
#5323=SURFACE_STYLE_FILL_AREA(#5331);
#5324=SURFACE_STYLE_FILL_AREA(#5332);
#5325=SURFACE_STYLE_FILL_AREA(#5333);
#5326=SURFACE_STYLE_FILL_AREA(#5334);
#5327=SURFACE_STYLE_FILL_AREA(#5335);
#5328=SURFACE_STYLE_FILL_AREA(#5336);
#5329=FILL_AREA_STYLE('Steel - Satin',(#5337));
#5330=FILL_AREA_STYLE('Aluminum - Satin',(#5338));
#5331=FILL_AREA_STYLE('Opaque(50,50,50)',(#5339));
#5332=FILL_AREA_STYLE('Opaque(255,255,255)',(#5340));
#5333=FILL_AREA_STYLE('Opaque(245,245,246)',(#5341));
#5334=FILL_AREA_STYLE('ABS (White) (1)',(#5342));
#5335=FILL_AREA_STYLE('Opaque(250,182,1)',(#5343));
#5336=FILL_AREA_STYLE('ABS (White)',(#5344));
#5337=FILL_AREA_STYLE_COLOUR('Steel - Satin',#5345);
#5338=FILL_AREA_STYLE_COLOUR('Aluminum - Satin',#5346);
#5339=FILL_AREA_STYLE_COLOUR('Opaque(50,50,50)',#5347);
#5340=FILL_AREA_STYLE_COLOUR('Opaque(255,255,255)',#5348);
#5341=FILL_AREA_STYLE_COLOUR('Opaque(245,245,246)',#5349);
#5342=FILL_AREA_STYLE_COLOUR('ABS (White) (1)',#5350);
#5343=FILL_AREA_STYLE_COLOUR('Opaque(250,182,1)',#5351);
#5344=FILL_AREA_STYLE_COLOUR('ABS (White)',#5352);
#5345=COLOUR_RGB('Steel - Satin',0.627450980392157,0.627450980392157,0.627450980392157);
#5346=COLOUR_RGB('Aluminum - Satin',0.96078431372549,0.96078431372549,0.964705882352941);
#5347=COLOUR_RGB('Opaque(50,50,50)',0.196078431372549,0.196078431372549,
0.196078431372549);
#5348=COLOUR_RGB('Opaque(255,255,255)',1.,1.,1.);
#5349=COLOUR_RGB('Opaque(245,245,246)',0.96078431372549,0.96078431372549,
0.964705882352941);
#5350=COLOUR_RGB('ABS (White) (1)',0.905882352941176,0.262745098039216,
0.184313725490196);
#5351=COLOUR_RGB('Opaque(250,182,1)',0.980392156862745,0.713725490196078,
0.00392156862745098);
#5352=COLOUR_RGB('ABS (White)',0.964705882352941,0.964705882352941,0.952941176470588);
ENDSEC;
END-ISO-10303-21;
