ISO-10303-21;
HEADER;
/* Generated by software containing ST-Developer
 * from STEP Tools, Inc. (www.steptools.com) 
 */

FILE_DESCRIPTION(
/* description */ (''),
/* implementation_level */ '2;1');

FILE_NAME(
/* name */ 'FrontVent.step',
/* time_stamp */ '2026-08-13T12:57:15-04:00',
/* author */ (''),
/* organization */ (''),
/* preprocessor_version */ 'ST-DEVELOPER v20.1',
/* originating_system */ 'Autodesk Translation Framework v15.8.0.0',
/* authorisation */ '');

FILE_SCHEMA (('AUTOMOTIVE_DESIGN { 1 0 10303 214 3 1 1 }'));
ENDSEC;

DATA;
#10=MECHANICAL_DESIGN_GEOMETRIC_PRESENTATION_REPRESENTATION('',(#17),#6112);
#11=ITEM_DEFINED_TRANSFORMATION($,$,#3222,#3575);
#12=(
REPRESENTATION_RELATIONSHIP($,$,#6123,#6122)
REPRESENTATION_RELATIONSHIP_WITH_TRANSFORMATION(#11)
SHAPE_REPRESENTATION_RELATIONSHIP()
);
#13=CONTEXT_DEPENDENT_SHAPE_REPRESENTATION(#12,#6121);
#14=NEXT_ASSEMBLY_USAGE_OCCURRENCE('Chassis:1','Chassis:1','Chassis:1',
#6125,#6126,'Chassis:1');
#15=SHAPE_REPRESENTATION_RELATIONSHIP('SRR','None',#6123,#16);
#16=ADVANCED_BREP_SHAPE_REPRESENTATION('',(#18),#6111);
#17=STYLED_ITEM('',(#6138),#18);
#18=MANIFOLD_SOLID_BREP('FrontVent',#3208);
#19=B_SPLINE_CURVE_WITH_KNOTS('',3,(#4812,#4813,#4814,#4815,#4816,#4817),
 .UNSPECIFIED.,.F.,.F.,(4,2,4),(0.,0.496753945352942,0.993507890048179),
 .UNSPECIFIED.);
#20=B_SPLINE_CURVE_WITH_KNOTS('',3,(#4896,#4897,#4898,#4899,#4900,#4901),
 .UNSPECIFIED.,.F.,.F.,(4,2,4),(0.,0.496753714815757,0.993507429631514),
 .UNSPECIFIED.);
#21=B_SPLINE_CURVE_WITH_KNOTS('',3,(#4918,#4919,#4920,#4921,#4922,#4923,
#4924,#4925),.UNSPECIFIED.,.F.,.F.,(4,2,2,4),(-0.0100464314010261,-0.00499260770512759,
-1.17071067825051E-6,0.),.UNSPECIFIED.);
#22=B_SPLINE_CURVE_WITH_KNOTS('',3,(#4965,#4966,#4967,#4968,#4969,#4970),
 .UNSPECIFIED.,.F.,.F.,(4,2,4),(0.,0.496753945023574,0.99350789004715),
 .UNSPECIFIED.);
#23=B_SPLINE_CURVE_WITH_KNOTS('',3,(#4971,#4972,#4973,#4974,#4975,#4976,
#4977,#4978),.UNSPECIFIED.,.F.,.F.,(4,2,2,4),(-1.09466061937301,-0.929074293252079,
-0.547346133203943,0.),.UNSPECIFIED.);
#24=B_SPLINE_CURVE_WITH_KNOTS('',3,(#5082,#5083,#5084,#5085),
 .UNSPECIFIED.,.F.,.F.,(4,4),(0.,0.001005292),.UNSPECIFIED.);
#25=B_SPLINE_CURVE_WITH_KNOTS('',3,(#5261,#5262,#5263,#5264,#5265,#5266),
 .UNSPECIFIED.,.F.,.F.,(4,2,4),(0.,0.496753944929584,0.99350788985917),
 .UNSPECIFIED.);
#26=B_SPLINE_CURVE_WITH_KNOTS('',3,(#5362,#5363,#5364,#5365,#5366,#5367,
#5368,#5369),.UNSPECIFIED.,.F.,.F.,(4,2,2,4),(-2.42054951244898,-1.21026360175986,
-4.32680121901746E-5,0.),.UNSPECIFIED.);
#27=B_SPLINE_CURVE_WITH_KNOTS('',3,(#5371,#5372,#5373,#5374,#5375,#5376),
 .UNSPECIFIED.,.F.,.F.,(4,2,4),(0.,0.98643447216142,1.9728466016143),
 .UNSPECIFIED.);
#28=B_SPLINE_CURVE_WITH_KNOTS('',3,(#5387,#5388,#5389,#5390,#5391,#5392),
 .UNSPECIFIED.,.F.,.F.,(4,2,4),(-1.96077457824945,-0.98037613106948,0.),
 .UNSPECIFIED.);
#29=B_SPLINE_CURVE_WITH_KNOTS('',3,(#5394,#5395,#5396,#5397,#5398,#5399,
#5400,#5401),.UNSPECIFIED.,.F.,.F.,(4,2,2,4),(-2.23962822905114,-1.11980297370263,
-3.9764015369546E-5,0.),.UNSPECIFIED.);
#30=B_SPLINE_CURVE_WITH_KNOTS('',3,(#5421,#5422,#5423,#5424,#5425,#5426,
#5427,#5428),.UNSPECIFIED.,.F.,.F.,(4,2,2,4),(-1.38922902413966,-0.694603418677432,
-1.63625869264139E-5,0.),.UNSPECIFIED.);
#31=B_SPLINE_CURVE_WITH_KNOTS('',3,(#5430,#5431,#5432,#5433,#5434,#5435),
 .UNSPECIFIED.,.F.,.F.,(4,2,4),(0.,0.473407884596081,0.946793426589757),
 .UNSPECIFIED.);
#32=B_SPLINE_CURVE_WITH_KNOTS('',3,(#5448,#5449,#5450,#5451,#5452,#5453,
#5454,#5455),.UNSPECIFIED.,.F.,.F.,(4,2,2,4),(-1.21763650198204,-0.608807066063439,
-1.10151972353121E-5,0.),.UNSPECIFIED.);
#33=B_SPLINE_CURVE_WITH_KNOTS('',3,(#5543,#5544,#5545,#5546,#5547,#5548,
#5549,#5550),.UNSPECIFIED.,.F.,.F.,(4,2,2,4),(-3.44748626320624,-1.72373197566739,
-4.12792633829867E-5,0.),.UNSPECIFIED.);
#34=B_SPLINE_CURVE_WITH_KNOTS('',3,(#5552,#5553,#5554,#5555,#5556,#5557),
 .UNSPECIFIED.,.F.,.F.,(4,2,4),(0.,1.4996224744083,2.99922260539361),
 .UNSPECIFIED.);
#35=B_SPLINE_CURVE_WITH_KNOTS('',3,(#5568,#5569,#5570,#5571,#5572,#5573),
 .UNSPECIFIED.,.F.,.F.,(4,2,4),(-2.98714687071663,-1.4935622769908,0.),
 .UNSPECIFIED.);
#36=B_SPLINE_CURVE_WITH_KNOTS('',3,(#5575,#5576,#5577,#5578,#5579,#5580,
#5581,#5582),.UNSPECIFIED.,.F.,.F.,(4,2,2,4),(-3.26690592923106,-1.63344181517483,
-4.5081482021022E-5,0.),.UNSPECIFIED.);
#37=B_SPLINE_CURVE_WITH_KNOTS('',3,(#5624,#5625,#5626,#5627,#5628,#5629,
#5630,#5631),.UNSPECIFIED.,.F.,.F.,(4,2,2,4),(-0.87128890564926,-0.871287392601979,
-0.435655569128377,0.),.UNSPECIFIED.);
#38=B_SPLINE_CURVE_WITH_KNOTS('',3,(#5876,#5877,#5878,#5879,#5880,#5881),
 .UNSPECIFIED.,.F.,.F.,(4,2,4),(0.,0.49675371481153,0.99350742962306),
 .UNSPECIFIED.);
#39=B_SPLINE_CURVE_WITH_KNOTS('',3,(#5936,#5937,#5938,#5939,#5940,#5941),
 .UNSPECIFIED.,.F.,.F.,(4,2,4),(0.,0.496753945019235,0.993507890038468),
 .UNSPECIFIED.);
#40=(
BOUNDED_SURFACE()
B_SPLINE_SURFACE(1,3,((#4758,#4759,#4760,#4761),(#4762,#4763,#4764,#4765)),
 .UNSPECIFIED.,.F.,.F.,.F.)
B_SPLINE_SURFACE_WITH_KNOTS((2,2),(4,4),(0.,1.),(0.031759328,0.426931264),
 .UNSPECIFIED.)
GEOMETRIC_REPRESENTATION_ITEM()
RATIONAL_B_SPLINE_SURFACE(((0.999977623,0.999887856,0.999835969,0.999821961),
(0.999977623,0.999887856,0.999835969,0.999821961)))
REPRESENTATION_ITEM('')
SURFACE()
);
#41=(
BOUNDED_SURFACE()
B_SPLINE_SURFACE(1,3,((#4773,#4774,#4775,#4776),(#4777,#4778,#4779,#4780)),
 .UNSPECIFIED.,.F.,.F.,.F.)
B_SPLINE_SURFACE_WITH_KNOTS((2,2),(4,4),(0.,1.),(0.03481678,0.426931264),
 .UNSPECIFIED.)
GEOMETRIC_REPRESENTATION_ITEM()
RATIONAL_B_SPLINE_SURFACE(((0.999975546,0.999887056,0.999835861,0.999821961),
(0.999975546,0.999887056,0.999835861,0.999821961)))
REPRESENTATION_ITEM('')
SURFACE()
);
#42=(
BOUNDED_SURFACE()
B_SPLINE_SURFACE(1,3,((#4804,#4805,#4806,#4807),(#4808,#4809,#4810,#4811)),
 .UNSPECIFIED.,.F.,.F.,.F.)
B_SPLINE_SURFACE_WITH_KNOTS((2,2),(4,4),(0.,1.),(0.031759328,0.424861309),
 .UNSPECIFIED.)
GEOMETRIC_REPRESENTATION_ITEM()
RATIONAL_B_SPLINE_SURFACE(((0.999977623,0.999888326,0.999836514,0.999822184),
(0.999977623,0.999888326,0.999836514,0.999822184)))
REPRESENTATION_ITEM('')
SURFACE()
);
#43=(
BOUNDED_SURFACE()
B_SPLINE_SURFACE(1,3,((#4819,#4820,#4821,#4822),(#4823,#4824,#4825,#4826)),
 .UNSPECIFIED.,.F.,.F.,.F.)
B_SPLINE_SURFACE_WITH_KNOTS((2,2),(4,4),(0.,0.99812727),(0.033673809,0.07567943),
 .UNSPECIFIED.)
GEOMETRIC_REPRESENTATION_ITEM()
RATIONAL_B_SPLINE_SURFACE(((0.999976321,0.999966818,0.999957743,0.999949096),
(0.999976321,0.999966818,0.999957743,0.999949096)))
REPRESENTATION_ITEM('')
SURFACE()
);
#44=(
BOUNDED_SURFACE()
B_SPLINE_SURFACE(1,3,((#4832,#4833,#4834,#4835),(#4836,#4837,#4838,#4839)),
 .UNSPECIFIED.,.F.,.F.,.F.)
B_SPLINE_SURFACE_WITH_KNOTS((2,2),(4,4),(0.34161240228187,1.00000041000154),
(0.0324137856240359,0.075680011),.UNSPECIFIED.)
GEOMETRIC_REPRESENTATION_ITEM()
RATIONAL_B_SPLINE_SURFACE(((0.999977177279285,0.999967362177559,0.999958002084473,
0.999949096),(0.999977177279285,0.999967362177559,0.999958002084473,0.999949096)))
REPRESENTATION_ITEM('')
SURFACE()
);
#45=(
BOUNDED_SURFACE()
B_SPLINE_SURFACE(1,3,((#4841,#4842,#4843,#4844),(#4845,#4846,#4847,#4848)),
 .UNSPECIFIED.,.F.,.F.,.F.)
B_SPLINE_SURFACE_WITH_KNOTS((2,2),(4,4),(0.,1.),(0.033673809,0.309881154),
 .UNSPECIFIED.)
GEOMETRIC_REPRESENTATION_ITEM()
RATIONAL_B_SPLINE_SURFACE(((0.999976321,0.999913835,0.999869854,0.999844378),
(0.999976321,0.999913835,0.999869854,0.999844378)))
REPRESENTATION_ITEM('')
SURFACE()
);
#46=(
BOUNDED_SURFACE()
B_SPLINE_SURFACE(1,3,((#4857,#4858,#4859,#4860),(#4861,#4862,#4863,#4864)),
 .UNSPECIFIED.,.F.,.F.,.F.)
B_SPLINE_SURFACE_WITH_KNOTS((2,2),(4,4),(0.,1.),(0.031759328,0.309881154),
 .UNSPECIFIED.)
GEOMETRIC_REPRESENTATION_ITEM()
RATIONAL_B_SPLINE_SURFACE(((0.999977623,0.999914445,0.99987003,0.999844378),
(0.999977623,0.999914445,0.99987003,0.999844378)))
REPRESENTATION_ITEM('')
SURFACE()
);
#47=(
BOUNDED_SURFACE()
B_SPLINE_SURFACE(1,3,((#4888,#4889,#4890,#4891),(#4892,#4893,#4894,#4895)),
 .UNSPECIFIED.,.F.,.F.,.F.)
B_SPLINE_SURFACE_WITH_KNOTS((2,2),(4,4),(0.,1.),(0.031759328,0.307949635),
 .UNSPECIFIED.)
GEOMETRIC_REPRESENTATION_ITEM()
RATIONAL_B_SPLINE_SURFACE(((0.999977623,0.999914884,0.999870648,0.999844916),
(0.999977623,0.999914884,0.999870648,0.999844916)))
REPRESENTATION_ITEM('')
SURFACE()
);
#48=(
BOUNDED_SURFACE()
B_SPLINE_SURFACE(1,3,((#4903,#4904,#4905,#4906),(#4907,#4908,#4909,#4910)),
 .UNSPECIFIED.,.F.,.F.,.F.)
B_SPLINE_SURFACE_WITH_KNOTS((2,2),(4,4),(0.,1.00000000049086),(0.033673809,
0.192799752),.UNSPECIFIED.)
GEOMETRIC_REPRESENTATION_ITEM()
RATIONAL_B_SPLINE_SURFACE(((0.999976321,0.999940322,0.999910465,0.99988675),
(0.999976321,0.999940322,0.999910465,0.99988675)))
REPRESENTATION_ITEM('')
SURFACE()
);
#49=(
BOUNDED_SURFACE()
B_SPLINE_SURFACE(1,3,((#4926,#4927,#4928,#4929),(#4930,#4931,#4932,#4933)),
 .UNSPECIFIED.,.F.,.F.,.F.)
B_SPLINE_SURFACE_WITH_KNOTS((2,2),(4,4),(0.,1.),(0.031759328,0.192799752),
 .UNSPECIFIED.)
GEOMETRIC_REPRESENTATION_ITEM()
RATIONAL_B_SPLINE_SURFACE(((0.999977623,0.999941041,0.99991075,0.99988675),
(0.999977623,0.999941041,0.99991075,0.99988675)))
REPRESENTATION_ITEM('')
SURFACE()
);
#50=(
BOUNDED_SURFACE()
B_SPLINE_SURFACE(1,3,((#4957,#4958,#4959,#4960),(#4961,#4962,#4963,#4964)),
 .UNSPECIFIED.,.F.,.F.,.F.)
B_SPLINE_SURFACE_WITH_KNOTS((2,2),(4,4),(0.,1.),(0.031759328,0.191003036),
 .UNSPECIFIED.)
GEOMETRIC_REPRESENTATION_ITEM()
RATIONAL_B_SPLINE_SURFACE(((0.999977623,0.999941449,0.999911427,0.999887556),
(0.999977623,0.999941449,0.999911427,0.999887556)))
REPRESENTATION_ITEM('')
SURFACE()
);
#51=(
BOUNDED_SURFACE()
B_SPLINE_SURFACE(1,3,((#5279,#5280,#5281,#5282),(#5283,#5284,#5285,#5286)),
 .UNSPECIFIED.,.F.,.F.,.F.)
B_SPLINE_SURFACE_WITH_KNOTS((2,2),(4,4),(0.,0.998127272),(0.924146778,0.966249142),
 .UNSPECIFIED.)
GEOMETRIC_REPRESENTATION_ITEM()
RATIONAL_B_SPLINE_SURFACE(((0.999949222,0.999957845,0.999966897,0.999976377),
(0.999949222,0.999957845,0.999966897,0.999976377)))
REPRESENTATION_ITEM('')
SURFACE()
);
#52=(
BOUNDED_SURFACE()
B_SPLINE_SURFACE(1,3,((#5288,#5289,#5290,#5291),(#5292,#5293,#5294,#5295)),
 .UNSPECIFIED.,.F.,.F.,.F.)
B_SPLINE_SURFACE_WITH_KNOTS((2,2),(4,4),(0.341612391489612,1.00000040995959),
(0.924146778,0.967509067215556),.UNSPECIFIED.)
GEOMETRIC_REPRESENTATION_ITEM()
RATIONAL_B_SPLINE_SURFACE(((0.999949222,0.999958103084017,0.999967439176642,
0.999977229277848),(0.999949222,0.999958103084017,0.999967439176642,0.999977229277848)))
REPRESENTATION_ITEM('')
SURFACE()
);
#53=(
BOUNDED_SURFACE()
B_SPLINE_SURFACE(1,3,((#5296,#5297,#5298,#5299),(#5300,#5301,#5302,#5303)),
 .UNSPECIFIED.,.F.,.F.,.F.)
B_SPLINE_SURFACE_WITH_KNOTS((2,2),(4,4),(0.,1.),(0.20542021,0.66096573),
 .UNSPECIFIED.)
GEOMETRIC_REPRESENTATION_ITEM()
RATIONAL_B_SPLINE_SURFACE(((0.999881223,0.999816121,0.999801357,0.99983693),
(0.999881223,0.999816121,0.999801357,0.99983693)))
REPRESENTATION_ITEM('')
SURFACE()
);
#54=(
BOUNDED_SURFACE()
B_SPLINE_SURFACE(1,3,((#5314,#5315,#5316,#5317),(#5318,#5319,#5320,#5321)),
 .UNSPECIFIED.,.F.,.F.,.F.)
B_SPLINE_SURFACE_WITH_KNOTS((2,2),(4,4),(0.,1.),(0.281534077,0.708703022),
 .UNSPECIFIED.)
GEOMETRIC_REPRESENTATION_ITEM()
RATIONAL_B_SPLINE_SURFACE(((0.999852807,0.999807533,0.999806522,0.999849772),
(0.999852807,0.999807533,0.999806522,0.999849772)))
REPRESENTATION_ITEM('')
SURFACE()
);
#55=(
BOUNDED_SURFACE()
B_SPLINE_SURFACE(1,3,((#5324,#5325,#5326,#5327),(#5328,#5329,#5330,#5331)),
 .UNSPECIFIED.,.F.,.F.,.F.)
B_SPLINE_SURFACE_WITH_KNOTS((2,2),(4,4),(0.,1.00000315779398),(0.268872024,
0.66096339344908),.UNSPECIFIED.)
GEOMETRIC_REPRESENTATION_ITEM()
RATIONAL_B_SPLINE_SURFACE(((0.999856949,0.999812985645858,0.999806311892478,
0.999836929739909),(0.999856949,0.999812985645858,0.999806311892478,0.999836929739908)))
REPRESENTATION_ITEM('')
SURFACE()
);
#56=(
BOUNDED_SURFACE()
B_SPLINE_SURFACE(1,3,((#5333,#5334,#5335,#5336),(#5337,#5338,#5339,#5340)),
 .UNSPECIFIED.,.F.,.F.,.F.)
B_SPLINE_SURFACE_WITH_KNOTS((2,2),(4,4),(0.,1.00000319844955),(0.16420716,
0.658616182518),.UNSPECIFIED.)
GEOMETRIC_REPRESENTATION_ITEM()
RATIONAL_B_SPLINE_SURFACE(((0.999900129,0.999819587478947,0.999798339725078,
0.999836383738355),(0.999900129,0.999819587478947,0.999798339725078,0.999836383738355)))
REPRESENTATION_ITEM('')
SURFACE()
);
#57=(
BOUNDED_SURFACE()
B_SPLINE_SURFACE(1,3,((#5342,#5343,#5344,#5345),(#5346,#5347,#5348,#5349)),
 .UNSPECIFIED.,.F.,.F.,.F.)
B_SPLINE_SURFACE_WITH_KNOTS((2,2),(4,4),(-2.17209556065045E-8,1.),(0.798593331,
1.),.UNSPECIFIED.)
GEOMETRIC_REPRESENTATION_ITEM()
RATIONAL_B_SPLINE_SURFACE(((0.999882956,0.999912131,0.999951146,1.),(0.999882956,
0.999912131,0.999951146,1.)))
REPRESENTATION_ITEM('')
SURFACE()
);
#58=(
BOUNDED_SURFACE()
B_SPLINE_SURFACE(1,3,((#5353,#5354,#5355,#5356),(#5357,#5358,#5359,#5360)),
 .UNSPECIFIED.,.F.,.F.,.F.)
B_SPLINE_SURFACE_WITH_KNOTS((2,2),(4,4),(0.,1.),(0.446867579,1.),
 .UNSPECIFIED.)
GEOMETRIC_REPRESENTATION_ITEM()
RATIONAL_B_SPLINE_SURFACE(((0.99982013,0.999805872,0.999865829,1.),(0.99982013,
0.999805872,0.999865829,1.)))
REPRESENTATION_ITEM('')
SURFACE()
);
#59=(
BOUNDED_SURFACE()
B_SPLINE_SURFACE(1,3,((#5378,#5379,#5380,#5381),(#5382,#5383,#5384,#5385)),
 .UNSPECIFIED.,.F.,.F.,.F.)
B_SPLINE_SURFACE_WITH_KNOTS((2,2),(4,4),(0.,1.),(0.488054811,1.),
 .UNSPECIFIED.)
GEOMETRIC_REPRESENTATION_ITEM()
RATIONAL_B_SPLINE_SURFACE(((0.99981818,0.999815213,0.99987582,1.),(0.99981818,
0.999815213,0.99987582,1.)))
REPRESENTATION_ITEM('')
SURFACE()
);
#60=(
BOUNDED_SURFACE()
B_SPLINE_SURFACE(1,3,((#5403,#5404,#5405,#5406),(#5407,#5408,#5409,#5410)),
 .UNSPECIFIED.,.F.,.F.,.F.)
B_SPLINE_SURFACE_WITH_KNOTS((2,2),(4,4),(0.,1.00000000022604),(0.550578212,
1.),.UNSPECIFIED.)
GEOMETRIC_REPRESENTATION_ITEM()
RATIONAL_B_SPLINE_SURFACE(((0.999819937,0.999830965,0.999890986,1.),(0.999819937,
0.999830965,0.999890986,1.)))
REPRESENTATION_ITEM('')
SURFACE()
);
#61=(
BOUNDED_SURFACE()
B_SPLINE_SURFACE(1,3,((#5412,#5413,#5414,#5415),(#5416,#5417,#5418,#5419)),
 .UNSPECIFIED.,.F.,.F.,.F.)
B_SPLINE_SURFACE_WITH_KNOTS((2,2),(4,4),(0.,1.),(0.681359443,1.),
 .UNSPECIFIED.)
GEOMETRIC_REPRESENTATION_ITEM()
RATIONAL_B_SPLINE_SURFACE(((0.999842011,0.999870046,0.999922709,1.),(0.999842011,
0.999870046,0.999922709,1.)))
REPRESENTATION_ITEM('')
SURFACE()
);
#62=(
BOUNDED_SURFACE()
B_SPLINE_SURFACE(1,3,((#5437,#5438,#5439,#5440),(#5441,#5442,#5443,#5444)),
 .UNSPECIFIED.,.F.,.F.,.F.)
B_SPLINE_SURFACE_WITH_KNOTS((2,2),(4,4),(0.,1.),(0.722536273,1.),
 .UNSPECIFIED.)
GEOMETRIC_REPRESENTATION_ITEM()
RATIONAL_B_SPLINE_SURFACE(((0.999854113,0.999884068,0.999932697,1.),(0.999854113,
0.999884068,0.999932697,1.)))
REPRESENTATION_ITEM('')
SURFACE()
);
#63=(
BOUNDED_SURFACE()
B_SPLINE_SURFACE(1,3,((#5457,#5458,#5459,#5460),(#5461,#5462,#5463,#5464)),
 .UNSPECIFIED.,.F.,.F.,.F.)
B_SPLINE_SURFACE_WITH_KNOTS((2,2),(4,4),(0.,1.00000000021634),(0.78430622,
1.),.UNSPECIFIED.)
GEOMETRIC_REPRESENTATION_ITEM()
RATIONAL_B_SPLINE_SURFACE(((0.999876895,0.999906645,0.99994768,1.),(0.999876895,
0.999906645,0.99994768,1.)))
REPRESENTATION_ITEM('')
SURFACE()
);
#64=(
BOUNDED_SURFACE()
B_SPLINE_SURFACE(1,3,((#5466,#5467,#5468,#5469),(#5470,#5471,#5472,#5473)),
 .UNSPECIFIED.,.F.,.F.,.F.)
B_SPLINE_SURFACE_WITH_KNOTS((2,2),(4,4),(0.,1.),(0.136159836,1.),
 .UNSPECIFIED.)
GEOMETRIC_REPRESENTATION_ITEM()
RATIONAL_B_SPLINE_SURFACE(((0.999914408,0.999761931,0.999790462,1.),(0.999914408,
0.999761931,0.999790462,1.)))
REPRESENTATION_ITEM('')
SURFACE()
);
#65=(
BOUNDED_SURFACE()
B_SPLINE_SURFACE(1,3,((#5479,#5480,#5481,#5482),(#5483,#5484,#5485,#5486)),
 .UNSPECIFIED.,.F.,.F.,.F.)
B_SPLINE_SURFACE_WITH_KNOTS((2,2),(4,4),(0.,1.024404188),(0.092369469,1.),
 .UNSPECIFIED.)
GEOMETRIC_REPRESENTATION_ITEM()
RATIONAL_B_SPLINE_SURFACE(((0.999938992,0.999759504,0.99977984,1.),(0.999938992,
0.999759504,0.99977984,1.)))
REPRESENTATION_ITEM('')
SURFACE()
);
#66=(
BOUNDED_SURFACE()
B_SPLINE_SURFACE(1,3,((#5490,#5491,#5492,#5493),(#5494,#5495,#5496,#5497)),
 .UNSPECIFIED.,.F.,.F.,.F.)
B_SPLINE_SURFACE_WITH_KNOTS((2,2),(4,4),(0.,1.),(0.199842569,1.),
 .UNSPECIFIED.)
GEOMETRIC_REPRESENTATION_ITEM()
RATIONAL_B_SPLINE_SURFACE(((0.999883637,0.999767122,0.999805909,1.),(0.999883637,
0.999767122,0.999805909,1.)))
REPRESENTATION_ITEM('')
SURFACE()
);
#67=(
BOUNDED_SURFACE()
B_SPLINE_SURFACE(1,3,((#5499,#5500,#5501,#5502),(#5503,#5504,#5505,#5506)),
 .UNSPECIFIED.,.F.,.F.,.F.)
B_SPLINE_SURFACE_WITH_KNOTS((2,2),(4,4),(0.,1.),(0.32959042,1.),
 .UNSPECIFIED.)
GEOMETRIC_REPRESENTATION_ITEM()
RATIONAL_B_SPLINE_SURFACE(((0.999839208,0.999783784,0.999837382,1.),(0.999839208,
0.999783784,0.999837382,1.)))
REPRESENTATION_ITEM('')
SURFACE()
);
#68=(
BOUNDED_SURFACE()
B_SPLINE_SURFACE(1,3,((#5512,#5513,#5514,#5515),(#5516,#5517,#5518,#5519)),
 .UNSPECIFIED.,.F.,.F.,.F.)
B_SPLINE_SURFACE_WITH_KNOTS((2,2),(4,4),(0.,1.),(0.370786568,1.),
 .UNSPECIFIED.)
GEOMETRIC_REPRESENTATION_ITEM()
RATIONAL_B_SPLINE_SURFACE(((0.999830225,0.999790783,0.999847374,1.),(0.999830225,
0.999790783,0.999847374,1.)))
REPRESENTATION_ITEM('')
SURFACE()
);
#69=(
BOUNDED_SURFACE()
B_SPLINE_SURFACE(1,3,((#5525,#5526,#5527,#5528),(#5529,#5530,#5531,#5532)),
 .UNSPECIFIED.,.F.,.F.,.F.)
B_SPLINE_SURFACE_WITH_KNOTS((2,2),(4,4),(0.,1.),(0.433692434,1.),
 .UNSPECIFIED.)
GEOMETRIC_REPRESENTATION_ITEM()
RATIONAL_B_SPLINE_SURFACE(((0.999821275,0.999803058,0.999862633,1.),(0.999821275,
0.999803058,0.999862633,1.)))
REPRESENTATION_ITEM('')
SURFACE()
);
#70=(
BOUNDED_SURFACE()
B_SPLINE_SURFACE(1,3,((#5534,#5535,#5536,#5537),(#5538,#5539,#5540,#5541)),
 .UNSPECIFIED.,.F.,.F.,.F.)
B_SPLINE_SURFACE_WITH_KNOTS((2,2),(4,4),(0.,1.),(0.212283008,1.),
 .UNSPECIFIED.)
GEOMETRIC_REPRESENTATION_ITEM()
RATIONAL_B_SPLINE_SURFACE(((0.999878315,0.999768365,0.999808927,1.),(0.999878315,
0.999768365,0.999808927,1.)))
REPRESENTATION_ITEM('')
SURFACE()
);
#71=(
BOUNDED_SURFACE()
B_SPLINE_SURFACE(1,3,((#5559,#5560,#5561,#5562),(#5563,#5564,#5565,#5566)),
 .UNSPECIFIED.,.F.,.F.,.F.)
B_SPLINE_SURFACE_WITH_KNOTS((2,2),(4,4),(0.,1.),(0.253490629,1.),
 .UNSPECIFIED.)
GEOMETRIC_REPRESENTATION_ITEM()
RATIONAL_B_SPLINE_SURFACE(((0.999862296,0.999773021,0.999818922,1.),(0.999862296,
0.999773021,0.999818922,1.)))
REPRESENTATION_ITEM('')
SURFACE()
);
#72=(
BOUNDED_SURFACE()
B_SPLINE_SURFACE(1,3,((#5584,#5585,#5586,#5587),(#5588,#5589,#5590,#5591)),
 .UNSPECIFIED.,.F.,.F.,.F.)
B_SPLINE_SURFACE_WITH_KNOTS((2,2),(4,4),(0.,1.00000000016411),(0.316782923,
1.),.UNSPECIFIED.)
GEOMETRIC_REPRESENTATION_ITEM()
RATIONAL_B_SPLINE_SURFACE(((0.999842503,0.999781776,0.999834275,1.),(0.999842503,
0.999781776,0.999834275,1.)))
REPRESENTATION_ITEM('')
SURFACE()
);
#73=(
BOUNDED_SURFACE()
B_SPLINE_SURFACE(1,3,((#5593,#5594,#5595,#5596),(#5597,#5598,#5599,#5600)),
 .UNSPECIFIED.,.F.,.F.,.F.)
B_SPLINE_SURFACE_WITH_KNOTS((2,2),(4,4),(0.,1.024404189),(0.,0.907414405),
 .UNSPECIFIED.)
GEOMETRIC_REPRESENTATION_ITEM()
RATIONAL_B_SPLINE_SURFACE(((1.,0.999780897,0.999760611,0.999939143),(1.,
0.999780897,0.999760611,0.999939143)))
REPRESENTATION_ITEM('')
SURFACE()
);
#74=(
BOUNDED_SURFACE()
B_SPLINE_SURFACE(1,3,((#5602,#5603,#5604,#5605),(#5606,#5607,#5608,#5609)),
 .UNSPECIFIED.,.F.,.F.,.F.)
B_SPLINE_SURFACE_WITH_KNOTS((2,2),(4,4),(0.,1.),(0.,0.79970269),
 .UNSPECIFIED.)
GEOMETRIC_REPRESENTATION_ITEM()
RATIONAL_B_SPLINE_SURFACE(((1.,0.999806905,0.999768228,0.999883971),(1.,
0.999806905,0.999768228,0.999883971)))
REPRESENTATION_ITEM('')
SURFACE()
);
#75=(
BOUNDED_SURFACE()
B_SPLINE_SURFACE(1,3,((#5615,#5616,#5617,#5618),(#5619,#5620,#5621,#5622)),
 .UNSPECIFIED.,.F.,.F.,.F.)
B_SPLINE_SURFACE_WITH_KNOTS((2,2),(4,4),(0.,1.),(0.,0.863523966),
 .UNSPECIFIED.)
GEOMETRIC_REPRESENTATION_ITEM()
RATIONAL_B_SPLINE_SURFACE(((1.,0.999791495,0.999763039,0.999914632),(1.,
0.999791495,0.999763039,0.999914632)))
REPRESENTATION_ITEM('')
SURFACE()
);
#76=(
BOUNDED_SURFACE()
B_SPLINE_SURFACE(1,3,((#5648,#5649,#5650,#5651),(#5652,#5653,#5654,#5655)),
 .UNSPECIFIED.,.F.,.F.,.F.)
B_SPLINE_SURFACE_WITH_KNOTS((2,2),(4,4),(-2.10085154690942E-8,1.),(0.,0.199579706),
 .UNSPECIFIED.)
GEOMETRIC_REPRESENTATION_ITEM()
RATIONAL_B_SPLINE_SURFACE(((1.,0.99995181,0.999913238,0.999884284),(1.,
0.99995181,0.999913238,0.999884284)))
REPRESENTATION_ITEM('')
SURFACE()
);
#77=(
BOUNDED_SURFACE()
B_SPLINE_SURFACE(1,3,((#5656,#5657,#5658,#5659),(#5660,#5661,#5662,#5663)),
 .UNSPECIFIED.,.F.,.F.,.F.)
B_SPLINE_SURFACE_WITH_KNOTS((2,2),(4,4),(0.,1.),(0.,0.510820794),
 .UNSPECIFIED.)
GEOMETRIC_REPRESENTATION_ITEM()
RATIONAL_B_SPLINE_SURFACE(((1.,0.999876659,0.999816323,0.999818993),(1.,
0.999876659,0.999816323,0.999818993)))
REPRESENTATION_ITEM('')
SURFACE()
);
#78=(
BOUNDED_SURFACE()
B_SPLINE_SURFACE(1,3,((#5665,#5666,#5667,#5668),(#5669,#5670,#5671,#5672)),
 .UNSPECIFIED.,.F.,.F.,.F.)
B_SPLINE_SURFACE_WITH_KNOTS((2,2),(4,4),(0.,1.),(0.,0.448161147),
 .UNSPECIFIED.)
GEOMETRIC_REPRESENTATION_ITEM()
RATIONAL_B_SPLINE_SURFACE(((1.,0.999891789,0.999832073,0.999820854),(1.,
0.999891789,0.999832073,0.999820854)))
REPRESENTATION_ITEM('')
SURFACE()
);
#79=(
BOUNDED_SURFACE()
B_SPLINE_SURFACE(1,3,((#5674,#5675,#5676,#5677),(#5678,#5679,#5680,#5681)),
 .UNSPECIFIED.,.F.,.F.,.F.)
B_SPLINE_SURFACE_WITH_KNOTS((2,2),(4,4),(0.,1.),(0.,0.552102551),
 .UNSPECIFIED.)
GEOMETRIC_REPRESENTATION_ITEM()
RATIONAL_B_SPLINE_SURFACE(((1.,0.999866691,0.999806983,0.999820874),(1.,
0.999866691,0.999806983,0.999820874)))
REPRESENTATION_ITEM('')
SURFACE()
);
#80=(
BOUNDED_SURFACE()
B_SPLINE_SURFACE(1,3,((#5682,#5683,#5684,#5685),(#5686,#5687,#5688,#5689)),
 .UNSPECIFIED.,.F.,.F.,.F.)
B_SPLINE_SURFACE_WITH_KNOTS((2,2),(4,4),(0.,1.),(0.,0.275801148),
 .UNSPECIFIED.)
GEOMETRIC_REPRESENTATION_ITEM()
RATIONAL_B_SPLINE_SURFACE(((1.,0.999933406,0.999885179,0.999855318),(1.,
0.999933406,0.999885179,0.999855318)))
REPRESENTATION_ITEM('')
SURFACE()
);
#81=(
BOUNDED_SURFACE()
B_SPLINE_SURFACE(1,3,((#5691,#5692,#5693,#5694),(#5695,#5696,#5697,#5698)),
 .UNSPECIFIED.,.F.,.F.,.F.)
B_SPLINE_SURFACE_WITH_KNOTS((2,2),(4,4),(0.,1.),(0.,0.317072494),
 .UNSPECIFIED.)
GEOMETRIC_REPRESENTATION_ITEM()
RATIONAL_B_SPLINE_SURFACE(((1.,0.999923441,0.999871156,0.999843147),(1.,
0.999923441,0.999871156,0.999843147)))
REPRESENTATION_ITEM('')
SURFACE()
);
#82=(
BOUNDED_SURFACE()
B_SPLINE_SURFACE(1,3,((#5700,#5701,#5702,#5703),(#5704,#5705,#5706,#5707)),
 .UNSPECIFIED.,.F.,.F.,.F.)
B_SPLINE_SURFACE_WITH_KNOTS((2,2),(4,4),(0.,1.),(0.,0.21389666),
 .UNSPECIFIED.)
GEOMETRIC_REPRESENTATION_ITEM()
RATIONAL_B_SPLINE_SURFACE(((1.,0.999948353,0.999907754,0.999878201),(1.,
0.999948353,0.999907754,0.999878201)))
REPRESENTATION_ITEM('')
SURFACE()
);
#83=(
BOUNDED_SURFACE()
B_SPLINE_SURFACE(1,3,((#5715,#5716,#5717,#5718),(#5719,#5720,#5721,#5722)),
 .UNSPECIFIED.,.F.,.F.,.F.)
B_SPLINE_SURFACE_WITH_KNOTS((2,2),(4,4),(0.,1.),(0.,0.669650528),
 .UNSPECIFIED.)
GEOMETRIC_REPRESENTATION_ITEM()
RATIONAL_B_SPLINE_SURFACE(((1.,0.999838307,0.999784892,0.999839754),(1.,
0.999838307,0.999784892,0.999839754)))
REPRESENTATION_ITEM('')
SURFACE()
);
#84=(
BOUNDED_SURFACE()
B_SPLINE_SURFACE(1,3,((#5724,#5725,#5726,#5727),(#5728,#5729,#5730,#5731)),
 .UNSPECIFIED.,.F.,.F.,.F.)
B_SPLINE_SURFACE_WITH_KNOTS((2,2),(4,4),(0.,1.),(0.,0.628360054),
 .UNSPECIFIED.)
GEOMETRIC_REPRESENTATION_ITEM()
RATIONAL_B_SPLINE_SURFACE(((1.,0.999848277,0.999791891,0.999830841),(1.,
0.999848277,0.999791891,0.999830841)))
REPRESENTATION_ITEM('')
SURFACE()
);
#85=(
BOUNDED_SURFACE()
B_SPLINE_SURFACE(1,3,((#5733,#5734,#5735,#5736),(#5737,#5738,#5739,#5740)),
 .UNSPECIFIED.,.F.,.F.,.F.)
B_SPLINE_SURFACE_WITH_KNOTS((2,2),(4,4),(0.,1.),(0.,0.565317398),
 .UNSPECIFIED.)
GEOMETRIC_REPRESENTATION_ITEM()
RATIONAL_B_SPLINE_SURFACE(((1.,0.999863499,0.999804165,0.999821996),(1.,
0.999863499,0.999804165,0.999821996)))
REPRESENTATION_ITEM('')
SURFACE()
);
#86=(
BOUNDED_SURFACE()
B_SPLINE_SURFACE(1,3,((#5748,#5749,#5750,#5751),(#5752,#5753,#5754,#5755)),
 .UNSPECIFIED.,.F.,.F.,.F.)
B_SPLINE_SURFACE_WITH_KNOTS((2,2),(4,4),(0.,1.),(0.,0.787225435),
 .UNSPECIFIED.)
GEOMETRIC_REPRESENTATION_ITEM()
RATIONAL_B_SPLINE_SURFACE(((1.,0.999809919,0.999769475,0.999878667),(1.,
0.999809919,0.999769475,0.999878667)))
REPRESENTATION_ITEM('')
SURFACE()
);
#87=(
BOUNDED_SURFACE()
B_SPLINE_SURFACE(1,3,((#5757,#5758,#5759,#5760),(#5761,#5762,#5763,#5764)),
 .UNSPECIFIED.,.F.,.F.,.F.)
B_SPLINE_SURFACE_WITH_KNOTS((2,2),(4,4),(0.,1.),(0.,0.745923258),
 .UNSPECIFIED.)
GEOMETRIC_REPRESENTATION_ITEM()
RATIONAL_B_SPLINE_SURFACE(((1.,0.999819892,0.999774131,0.999862716),(1.,
0.999819892,0.999774131,0.999862716)))
REPRESENTATION_ITEM('')
SURFACE()
);
#88=(
BOUNDED_SURFACE()
B_SPLINE_SURFACE(1,3,((#5766,#5767,#5768,#5769),(#5770,#5771,#5772,#5773)),
 .UNSPECIFIED.,.F.,.F.,.F.)
B_SPLINE_SURFACE_WITH_KNOTS((2,2),(4,4),(0.,1.),(0.,0.682492979),
 .UNSPECIFIED.)
GEOMETRIC_REPRESENTATION_ITEM()
RATIONAL_B_SPLINE_SURFACE(((1.,0.999835208,0.999782885,0.999843032),(1.,
0.999835208,0.999782885,0.999843032)))
REPRESENTATION_ITEM('')
SURFACE()
);
#89=(
BOUNDED_SURFACE()
B_SPLINE_SURFACE(1,3,((#5781,#5782,#5783,#5784),(#5785,#5786,#5787,#5788)),
 .UNSPECIFIED.,.F.,.F.,.F.)
B_SPLINE_SURFACE_WITH_KNOTS((2,2),(4,4),(0.,1.),(0.337517548,0.794103979),
 .UNSPECIFIED.)
GEOMETRIC_REPRESENTATION_ITEM()
RATIONAL_B_SPLINE_SURFACE(((0.999838031,0.999802205,0.999816716,0.999881564),
(0.999838031,0.999802205,0.999816716,0.999881564)))
REPRESENTATION_ITEM('')
SURFACE()
);
#90=(
BOUNDED_SURFACE()
B_SPLINE_SURFACE(1,3,((#5790,#5791,#5792,#5793),(#5794,#5795,#5796,#5797)),
 .UNSPECIFIED.,.F.,.F.,.F.)
B_SPLINE_SURFACE_WITH_KNOTS((2,2),(4,4),(0.,1.),(0.339872805,0.835411593),
 .UNSPECIFIED.)
GEOMETRIC_REPRESENTATION_ITEM()
RATIONAL_B_SPLINE_SURFACE(((0.999837481,0.999799162,0.999820135,0.9999004),
(0.999837481,0.999799162,0.999820135,0.9999004)))
REPRESENTATION_ITEM('')
SURFACE()
);
#91=(
BOUNDED_SURFACE()
B_SPLINE_SURFACE(1,3,((#5799,#5800,#5801,#5802),(#5803,#5804,#5805,#5806)),
 .UNSPECIFIED.,.F.,.F.,.F.)
B_SPLINE_SURFACE_WITH_KNOTS((2,2),(4,4),(0.,1.),(0.337517548,0.730513819),
 .UNSPECIFIED.)
GEOMETRIC_REPRESENTATION_ITEM()
RATIONAL_B_SPLINE_SURFACE(((0.999838031,0.999807195,0.999813651,0.999857398),
(0.999838031,0.999807195,0.999813651,0.999857398)))
REPRESENTATION_ITEM('')
SURFACE()
);
#92=(
BOUNDED_SURFACE()
B_SPLINE_SURFACE(1,3,((#5814,#5815,#5816,#5817),(#5818,#5819,#5820,#5821)),
 .UNSPECIFIED.,.F.,.F.,.F.)
B_SPLINE_SURFACE_WITH_KNOTS((2,2),(4,4),(0.,1.),(0.572089149,0.968163311),
 .UNSPECIFIED.)
GEOMETRIC_REPRESENTATION_ITEM()
RATIONAL_B_SPLINE_SURFACE(((0.999822672,0.999836461,0.999888127,0.999977673),
(0.999822672,0.999836461,0.999888127,0.999977673)))
REPRESENTATION_ITEM('')
SURFACE()
);
#93=(
BOUNDED_SURFACE()
B_SPLINE_SURFACE(1,3,((#5823,#5824,#5825,#5826),(#5827,#5828,#5829,#5830)),
 .UNSPECIFIED.,.F.,.F.,.F.)
B_SPLINE_SURFACE_WITH_KNOTS((2,2),(4,4),(0.,1.),(0.572089149,0.965106065),
 .UNSPECIFIED.)
GEOMETRIC_REPRESENTATION_ITEM()
RATIONAL_B_SPLINE_SURFACE(((0.999822672,0.999836354,0.999887332,0.999975606),
(0.999822672,0.999836354,0.999887332,0.999975606)))
REPRESENTATION_ITEM('')
SURFACE()
);
#94=(
BOUNDED_SURFACE()
B_SPLINE_SURFACE(1,3,((#5833,#5834,#5835,#5836),(#5837,#5838,#5839,#5840)),
 .UNSPECIFIED.,.F.,.F.,.F.)
B_SPLINE_SURFACE_WITH_KNOTS((2,2),(4,4),(0.,1.),(0.574166573,0.968163311),
 .UNSPECIFIED.)
GEOMETRIC_REPRESENTATION_ITEM()
RATIONAL_B_SPLINE_SURFACE(((0.999822892,0.999837004,0.999888597,0.999977673),
(0.999822892,0.999837004,0.999888597,0.999977673)))
REPRESENTATION_ITEM('')
SURFACE()
);
#95=(
BOUNDED_SURFACE()
B_SPLINE_SURFACE(1,3,((#5845,#5846,#5847,#5848),(#5849,#5850,#5851,#5852)),
 .UNSPECIFIED.,.F.,.F.,.F.)
B_SPLINE_SURFACE_WITH_KNOTS((2,2),(4,4),(0.,1.),(0.289678902,0.717830494),
 .UNSPECIFIED.)
GEOMETRIC_REPRESENTATION_ITEM()
RATIONAL_B_SPLINE_SURFACE(((0.99985095,0.999807464,0.999808241,0.999853279),
(0.99985095,0.999807464,0.999808241,0.999853279)))
REPRESENTATION_ITEM('')
SURFACE()
);
#96=(
BOUNDED_SURFACE()
B_SPLINE_SURFACE(1,3,((#5867,#5868,#5869,#5870),(#5871,#5872,#5873,#5874)),
 .UNSPECIFIED.,.F.,.F.,.F.)
B_SPLINE_SURFACE_WITH_KNOTS((2,2),(4,4),(0.,1.),(0.691348112,0.968163473),
 .UNSPECIFIED.)
GEOMETRIC_REPRESENTATION_ITEM()
RATIONAL_B_SPLINE_SURFACE(((0.999845428,0.999871008,0.999915089,0.999977673),
(0.999845428,0.999871008,0.999915089,0.999977673)))
REPRESENTATION_ITEM('')
SURFACE()
);
#97=(
BOUNDED_SURFACE()
B_SPLINE_SURFACE(1,3,((#5883,#5884,#5885,#5886),(#5887,#5888,#5889,#5890)),
 .UNSPECIFIED.,.F.,.F.,.F.)
B_SPLINE_SURFACE_WITH_KNOTS((2,2),(4,4),(0.,1.),(0.689409452,0.968163473),
 .UNSPECIFIED.)
GEOMETRIC_REPRESENTATION_ITEM()
RATIONAL_B_SPLINE_SURFACE(((0.999844894,0.999870391,0.999914651,0.999977673),
(0.999844894,0.999870391,0.999914651,0.999977673)))
REPRESENTATION_ITEM('')
SURFACE()
);
#98=(
BOUNDED_SURFACE()
B_SPLINE_SURFACE(1,3,((#5894,#5895,#5896,#5897),(#5898,#5899,#5900,#5901)),
 .UNSPECIFIED.,.F.,.F.,.F.)
B_SPLINE_SURFACE_WITH_KNOTS((2,2),(4,4),(0.,1.),(0.689409452,0.966249142),
 .UNSPECIFIED.)
GEOMETRIC_REPRESENTATION_ITEM()
RATIONAL_B_SPLINE_SURFACE(((0.999844894,0.999870216,0.999914044,0.999976377),
(0.999844894,0.999870216,0.999914044,0.999976377)))
REPRESENTATION_ITEM('')
SURFACE()
);
#99=(
BOUNDED_SURFACE()
B_SPLINE_SURFACE(1,3,((#5903,#5904,#5905,#5906),(#5907,#5908,#5909,#5910)),
 .UNSPECIFIED.,.F.,.F.,.F.)
B_SPLINE_SURFACE_WITH_KNOTS((2,2),(4,4),(0.,1.),(0.806757927,0.96624897),
 .UNSPECIFIED.)
GEOMETRIC_REPRESENTATION_ITEM()
RATIONAL_B_SPLINE_SURFACE(((0.999887071,0.999910698,0.999940466,0.999976377),
(0.999887071,0.999910698,0.999940466,0.999976377)))
REPRESENTATION_ITEM('')
SURFACE()
);
#100=(
BOUNDED_SURFACE()
B_SPLINE_SURFACE(1,3,((#5916,#5917,#5918,#5919),(#5920,#5921,#5922,#5923)),
 .UNSPECIFIED.,.F.,.F.,.F.)
B_SPLINE_SURFACE_WITH_KNOTS((2,2),(4,4),(0.,1.),(0.806757927,0.968163311),
 .UNSPECIFIED.)
GEOMETRIC_REPRESENTATION_ITEM()
RATIONAL_B_SPLINE_SURFACE(((0.999887071,0.999910981,0.999941182,0.999977673),
(0.999887071,0.999910981,0.999941182,0.999977673)))
REPRESENTATION_ITEM('')
SURFACE()
);
#101=(
BOUNDED_SURFACE()
B_SPLINE_SURFACE(1,3,((#5927,#5928,#5929,#5930),(#5931,#5932,#5933,#5934)),
 .UNSPECIFIED.,.F.,.F.,.F.)
B_SPLINE_SURFACE_WITH_KNOTS((2,2),(4,4),(0.,1.),(0.808557809,0.968163311),
 .UNSPECIFIED.)
GEOMETRIC_REPRESENTATION_ITEM()
RATIONAL_B_SPLINE_SURFACE(((0.999887873,0.999911656,0.999941589,0.999977673),
(0.999887873,0.999911656,0.999941589,0.999977673)))
REPRESENTATION_ITEM('')
SURFACE()
);
#102=(
BOUNDED_SURFACE()
B_SPLINE_SURFACE(1,3,((#5953,#5954,#5955,#5956),(#5957,#5958,#5959,#5960)),
 .UNSPECIFIED.,.F.,.F.,.F.)
B_SPLINE_SURFACE_WITH_KNOTS((2,2),(4,4),(0.,1.),(0.454797516,0.847738005),
 .UNSPECIFIED.)
GEOMETRIC_REPRESENTATION_ITEM()
RATIONAL_B_SPLINE_SURFACE(((0.999820386,0.999811808,0.999840513,0.999906499),
(0.999820386,0.999811808,0.999840513,0.999906499)))
REPRESENTATION_ITEM('')
SURFACE()
);
#103=(
BOUNDED_SURFACE()
B_SPLINE_SURFACE(1,3,((#5963,#5964,#5965,#5966),(#5967,#5968,#5969,#5970)),
 .UNSPECIFIED.,.F.,.F.,.F.)
B_SPLINE_SURFACE_WITH_KNOTS((2,2),(4,4),(0.,1.),(0.454797516,0.911720831),
 .UNSPECIFIED.)
GEOMETRIC_REPRESENTATION_ITEM()
RATIONAL_B_SPLINE_SURFACE(((0.999820386,0.999810412,0.999850849,0.999941698),
(0.999820386,0.999810412,0.999850849,0.999941698)))
REPRESENTATION_ITEM('')
SURFACE()
);
#104=(
BOUNDED_SURFACE()
B_SPLINE_SURFACE(1,3,((#5972,#5973,#5974,#5975),(#5976,#5977,#5978,#5979)),
 .UNSPECIFIED.,.F.,.F.,.F.)
B_SPLINE_SURFACE_WITH_KNOTS((2,2),(4,4),(0.,1.),(0.457013799,0.95304314),
 .UNSPECIFIED.)
GEOMETRIC_REPRESENTATION_ITEM()
RATIONAL_B_SPLINE_SURFACE(((0.999820244,0.999809947,0.99985906,0.999967583),
(0.999820244,0.999809947,0.99985906,0.999967583)))
REPRESENTATION_ITEM('')
SURFACE()
);
#105=(
BOUNDED_SURFACE()
B_SPLINE_SURFACE(1,3,((#5987,#5988,#5989,#5990),(#5991,#5992,#5993,#5994)),
 .UNSPECIFIED.,.F.,.F.,.F.)
B_SPLINE_SURFACE_WITH_KNOTS((2,2),(4,4),(0.,1.),(0.,0.331027417),
 .UNSPECIFIED.)
GEOMETRIC_REPRESENTATION_ITEM()
RATIONAL_B_SPLINE_SURFACE(((1.,0.999920071,0.9998666,0.999839588),(1.,0.999920071,
0.9998666,0.999839588)))
REPRESENTATION_ITEM('')
SURFACE()
);
#106=(
BOUNDED_SURFACE()
B_SPLINE_SURFACE(1,3,((#6000,#6001,#6002,#6003),(#6004,#6005,#6006,#6007)),
 .UNSPECIFIED.,.F.,.F.,.F.)
B_SPLINE_SURFACE_WITH_KNOTS((2,2),(4,4),(0.,1.),(0.,0.393307266),
 .UNSPECIFIED.)
GEOMETRIC_REPRESENTATION_ITEM()
RATIONAL_B_SPLINE_SURFACE(((1.,0.999905032,0.999847416,0.999827152),(1.,
0.999905032,0.999847416,0.999827152)))
REPRESENTATION_ITEM('')
SURFACE()
);
#107=(
BOUNDED_SURFACE()
B_SPLINE_SURFACE(1,3,((#6011,#6012,#6013,#6014),(#6015,#6016,#6017,#6018)),
 .UNSPECIFIED.,.F.,.F.,.F.)
B_SPLINE_SURFACE_WITH_KNOTS((2,2),(4,4),(0.,1.),(0.,0.434582341),
 .UNSPECIFIED.)
GEOMETRIC_REPRESENTATION_ITEM()
RATIONAL_B_SPLINE_SURFACE(((1.,0.999895066,0.999835735,0.999822006),(1.,
0.999895066,0.999835735,0.999822006)))
REPRESENTATION_ITEM('')
SURFACE()
);
#108=(
BOUNDED_SURFACE()
B_SPLINE_SURFACE(1,3,((#6022,#6023,#6024,#6025),(#6026,#6027,#6028,#6029)),
 .UNSPECIFIED.,.F.,.F.,.F.)
B_SPLINE_SURFACE_WITH_KNOTS((2,2),(4,4),(0.,1.),(0.667447115,1.),
 .UNSPECIFIED.)
GEOMETRIC_REPRESENTATION_ITEM()
RATIONAL_B_SPLINE_SURFACE(((0.999838479,0.999865494,0.999919334,1.),(0.999838479,
0.999865494,0.999919334,1.)))
REPRESENTATION_ITEM('')
SURFACE()
);
#109=(
BOUNDED_SURFACE()
B_SPLINE_SURFACE(1,3,((#6032,#6033,#6034,#6035),(#6036,#6037,#6038,#6039)),
 .UNSPECIFIED.,.F.,.F.,.F.)
B_SPLINE_SURFACE_WITH_KNOTS((2,2),(4,4),(0.,1.),(0.605302338,1.),
 .UNSPECIFIED.)
GEOMETRIC_REPRESENTATION_ITEM()
RATIONAL_B_SPLINE_SURFACE(((0.999826145,0.999846308,0.99990426,1.),(0.999826145,
0.999846308,0.99990426,1.)))
REPRESENTATION_ITEM('')
SURFACE()
);
#110=(
BOUNDED_SURFACE()
B_SPLINE_SURFACE(1,3,((#6047,#6048,#6049,#6050),(#6051,#6052,#6053,#6054)),
 .UNSPECIFIED.,.F.,.F.,.F.)
B_SPLINE_SURFACE_WITH_KNOTS((2,2),(4,4),(0.,1.),(0.56412157,1.),
 .UNSPECIFIED.)
GEOMETRIC_REPRESENTATION_ITEM()
RATIONAL_B_SPLINE_SURFACE(((0.999821068,0.999834627,0.999894271,1.),(0.999821068,
0.999834627,0.999894271,1.)))
REPRESENTATION_ITEM('')
SURFACE()
);
#111=(
BOUNDED_SURFACE()
B_SPLINE_SURFACE(1,3,((#6055,#6056,#6057,#6058),(#6059,#6060,#6061,#6062)),
 .UNSPECIFIED.,.F.,.F.,.F.)
B_SPLINE_SURFACE_WITH_KNOTS((2,2),(4,4),(0.,1.),(0.151916974,0.543957102),
 .UNSPECIFIED.)
GEOMETRIC_REPRESENTATION_ITEM()
RATIONAL_B_SPLINE_SURFACE(((0.999906245,0.999840043,0.999811122,0.999819482),
(0.999906245,0.999840043,0.999811122,0.999819482)))
REPRESENTATION_ITEM('')
SURFACE()
);
#112=(
BOUNDED_SURFACE()
B_SPLINE_SURFACE(1,3,((#6065,#6066,#6067,#6068),(#6069,#6070,#6071,#6072)),
 .UNSPECIFIED.,.F.,.F.,.F.)
B_SPLINE_SURFACE_WITH_KNOTS((2,2),(4,4),(0.,1.),(0.088073055,0.543957102),
 .UNSPECIFIED.)
GEOMETRIC_REPRESENTATION_ITEM()
RATIONAL_B_SPLINE_SURFACE(((0.999941554,0.999850451,0.99980976,0.999819482),
(0.999941554,0.999850451,0.99980976,0.999819482)))
REPRESENTATION_ITEM('')
SURFACE()
);
#113=(
BOUNDED_SURFACE()
B_SPLINE_SURFACE(1,3,((#6080,#6081,#6082,#6083),(#6084,#6085,#6086,#6087)),
 .UNSPECIFIED.,.F.,.F.,.F.)
B_SPLINE_SURFACE_WITH_KNOTS((2,2),(4,4),(0.,1.),(0.046845125,0.541748595),
 .UNSPECIFIED.)
GEOMETRIC_REPRESENTATION_ITEM()
RATIONAL_B_SPLINE_SURFACE(((0.999967508,0.999858708,0.99980932,0.999819344),
(0.999967508,0.999858708,0.99980932,0.999819344)))
REPRESENTATION_ITEM('')
SURFACE()
);
#114=CYLINDRICAL_SURFACE('',#3295,789.);
#115=CYLINDRICAL_SURFACE('',#3302,809.050114747);
#116=CYLINDRICAL_SURFACE('',#3317,809.050114742);
#117=CYLINDRICAL_SURFACE('',#3329,809.050114742);
#118=CYLINDRICAL_SURFACE('',#3415,789.);
#119=CYLINDRICAL_SURFACE('',#3422,809.050114764);
#120=CYLINDRICAL_SURFACE('',#3426,809.050114764);
#121=CYLINDRICAL_SURFACE('',#3431,789.);
#122=CYLINDRICAL_SURFACE('',#3443,809.050114748);
#123=CYLINDRICAL_SURFACE('',#3449,809.050114764);
#124=CYLINDRICAL_SURFACE('',#3453,809.050114747);
#125=CYLINDRICAL_SURFACE('',#3460,809.050114764);
#126=CYLINDRICAL_SURFACE('',#3471,809.050114742);
#127=CYLINDRICAL_SURFACE('',#3480,809.050114742);
#128=CYLINDRICAL_SURFACE('',#3489,809.050114764);
#129=CYLINDRICAL_SURFACE('',#3498,809.050114747);
#130=CYLINDRICAL_SURFACE('',#3507,809.050114764);
#131=CYLINDRICAL_SURFACE('',#3511,809.050114742);
#132=CYLINDRICAL_SURFACE('',#3523,809.050114742);
#133=CYLINDRICAL_SURFACE('',#3532,809.050114753);
#134=CYLINDRICAL_SURFACE('',#3535,789.);
#135=CYLINDRICAL_SURFACE('',#3545,809.050114753);
#136=CYLINDRICAL_SURFACE('',#3554,809.050114753);
#137=CYLINDRICAL_SURFACE('',#3563,785.8);
#138=CYLINDRICAL_SURFACE('',#3566,785.8);
#139=CYLINDRICAL_SURFACE('',#3567,785.8);
#140=CYLINDRICAL_SURFACE('',#3570,785.8);
#141=CYLINDRICAL_SURFACE('',#3571,782.4298);
#142=CYLINDRICAL_SURFACE('',#3572,782.4298);
#143=CYLINDRICAL_SURFACE('',#3573,782.4298);
#144=CYLINDRICAL_SURFACE('',#3574,782.4298);
#145=FACE_BOUND('',#388,.T.);
#146=FACE_BOUND('',#389,.T.);
#147=FACE_BOUND('',#391,.T.);
#148=FACE_BOUND('',#392,.T.);
#149=FACE_BOUND('',#426,.T.);
#150=FACE_BOUND('',#427,.T.);
#151=FACE_BOUND('',#428,.T.);
#152=FACE_BOUND('',#429,.T.);
#153=FACE_BOUND('',#430,.T.);
#154=FACE_BOUND('',#432,.T.);
#155=FACE_BOUND('',#433,.T.);
#156=FACE_BOUND('',#434,.T.);
#157=FACE_BOUND('',#435,.T.);
#158=FACE_BOUND('',#436,.T.);
#159=FACE_BOUND('',#439,.T.);
#160=FACE_BOUND('',#440,.T.);
#161=FACE_BOUND('',#441,.T.);
#162=FACE_BOUND('',#442,.T.);
#163=FACE_BOUND('',#443,.T.);
#164=FACE_BOUND('',#445,.T.);
#165=FACE_BOUND('',#446,.T.);
#166=FACE_BOUND('',#447,.T.);
#167=FACE_BOUND('',#448,.T.);
#168=FACE_BOUND('',#449,.T.);
#169=ELLIPSE('',#3240,1851.3864709,782.4298);
#170=ELLIPSE('',#3241,1866.93288418,789.);
#171=ELLIPSE('',#3243,1914.375493286,809.050114764);
#172=ELLIPSE('',#3244,1859.361059703,785.8);
#173=ELLIPSE('',#3246,1914.375493259,809.050114753);
#174=ELLIPSE('',#3249,1914.375493286,809.050114764);
#175=ELLIPSE('',#3252,1851.386464852,782.4298);
#176=ELLIPSE('',#3253,1859.361019791,785.8);
#177=ELLIPSE('',#3254,1914.375493213,809.050114764);
#178=ELLIPSE('',#3256,1866.932884108,789.);
#179=ELLIPSE('',#3257,1914.375493186,809.050114753);
#180=ELLIPSE('',#3262,1914.375493213,809.050114764);
#181=ELLIPSE('',#3304,1914.375605804,809.050114747);
#182=ELLIPSE('',#3319,1914.375605792,809.050114742);
#183=ELLIPSE('',#3331,1914.375605792,809.050114742);
#184=ELLIPSE('',#3335,1851.386628973,782.4298);
#185=ELLIPSE('',#3336,1914.375656697,809.050114748);
#186=ELLIPSE('',#3339,1866.93304358,789.);
#187=ELLIPSE('',#3341,1914.375656737,809.050114764);
#188=ELLIPSE('',#3342,1914.375656737,809.050114764);
#189=ELLIPSE('',#3346,1914.375656696,809.050114747);
#190=ELLIPSE('',#3349,1914.375656684,809.050114742);
#191=ELLIPSE('',#3352,1914.37565671,809.050114753);
#192=ELLIPSE('',#3355,1914.375656684,809.050114742);
#193=ELLIPSE('',#3358,1851.386579755,782.4298);
#194=ELLIPSE('',#3359,1914.375605845,809.050114764);
#195=ELLIPSE('',#3361,1866.932993949,789.);
#196=ELLIPSE('',#3364,1914.375605818,809.050114753);
#197=ELLIPSE('',#3367,1914.375605845,809.050114764);
#198=ELLIPSE('',#3370,1851.386573777,782.4298);
#199=ELLIPSE('',#3372,1866.932993949,789.);
#200=ELLIPSE('',#3374,1914.375605845,809.050114764);
#201=ELLIPSE('',#3376,1914.375605792,809.050114742);
#202=ELLIPSE('',#3379,1914.375605818,809.050114753);
#203=ELLIPSE('',#3382,1914.375605792,809.050114742);
#204=ELLIPSE('',#3385,1914.375605845,809.050114764);
#205=ELLIPSE('',#3388,1914.375605804,809.050114747);
#206=ELLIPSE('',#3391,1851.386622995,782.4298);
#207=ELLIPSE('',#3392,1914.375656737,809.050114764);
#208=ELLIPSE('',#3394,1866.93304358,789.);
#209=ELLIPSE('',#3397,1914.375656697,809.050114748);
#210=ELLIPSE('',#3400,1914.375656696,809.050114747);
#211=ELLIPSE('',#3402,1914.375656684,809.050114742);
#212=ELLIPSE('',#3404,1914.37565671,809.050114753);
#213=ELLIPSE('',#3408,1914.375656684,809.050114742);
#214=ELLIPSE('',#3411,1914.375656737,809.050114764);
#215=FACE_OUTER_BOUND('',#384,.T.);
#216=FACE_OUTER_BOUND('',#385,.T.);
#217=FACE_OUTER_BOUND('',#386,.T.);
#218=FACE_OUTER_BOUND('',#387,.T.);
#219=FACE_OUTER_BOUND('',#390,.T.);
#220=FACE_OUTER_BOUND('',#393,.T.);
#221=FACE_OUTER_BOUND('',#394,.T.);
#222=FACE_OUTER_BOUND('',#395,.T.);
#223=FACE_OUTER_BOUND('',#396,.T.);
#224=FACE_OUTER_BOUND('',#397,.T.);
#225=FACE_OUTER_BOUND('',#398,.T.);
#226=FACE_OUTER_BOUND('',#399,.T.);
#227=FACE_OUTER_BOUND('',#400,.T.);
#228=FACE_OUTER_BOUND('',#401,.T.);
#229=FACE_OUTER_BOUND('',#402,.T.);
#230=FACE_OUTER_BOUND('',#403,.T.);
#231=FACE_OUTER_BOUND('',#404,.T.);
#232=FACE_OUTER_BOUND('',#405,.T.);
#233=FACE_OUTER_BOUND('',#406,.T.);
#234=FACE_OUTER_BOUND('',#407,.T.);
#235=FACE_OUTER_BOUND('',#408,.T.);
#236=FACE_OUTER_BOUND('',#409,.T.);
#237=FACE_OUTER_BOUND('',#410,.T.);
#238=FACE_OUTER_BOUND('',#411,.T.);
#239=FACE_OUTER_BOUND('',#412,.T.);
#240=FACE_OUTER_BOUND('',#413,.T.);
#241=FACE_OUTER_BOUND('',#414,.T.);
#242=FACE_OUTER_BOUND('',#415,.T.);
#243=FACE_OUTER_BOUND('',#416,.T.);
#244=FACE_OUTER_BOUND('',#417,.T.);
#245=FACE_OUTER_BOUND('',#418,.T.);
#246=FACE_OUTER_BOUND('',#419,.T.);
#247=FACE_OUTER_BOUND('',#420,.T.);
#248=FACE_OUTER_BOUND('',#421,.T.);
#249=FACE_OUTER_BOUND('',#422,.T.);
#250=FACE_OUTER_BOUND('',#423,.T.);
#251=FACE_OUTER_BOUND('',#424,.T.);
#252=FACE_OUTER_BOUND('',#425,.T.);
#253=FACE_OUTER_BOUND('',#431,.T.);
#254=FACE_OUTER_BOUND('',#437,.T.);
#255=FACE_OUTER_BOUND('',#438,.T.);
#256=FACE_OUTER_BOUND('',#444,.T.);
#257=FACE_OUTER_BOUND('',#450,.T.);
#258=FACE_OUTER_BOUND('',#451,.T.);
#259=FACE_OUTER_BOUND('',#452,.T.);
#260=FACE_OUTER_BOUND('',#453,.T.);
#261=FACE_OUTER_BOUND('',#454,.T.);
#262=FACE_OUTER_BOUND('',#455,.T.);
#263=FACE_OUTER_BOUND('',#456,.T.);
#264=FACE_OUTER_BOUND('',#457,.T.);
#265=FACE_OUTER_BOUND('',#458,.T.);
#266=FACE_OUTER_BOUND('',#459,.T.);
#267=FACE_OUTER_BOUND('',#460,.T.);
#268=FACE_OUTER_BOUND('',#461,.T.);
#269=FACE_OUTER_BOUND('',#462,.T.);
#270=FACE_OUTER_BOUND('',#463,.T.);
#271=FACE_OUTER_BOUND('',#464,.T.);
#272=FACE_OUTER_BOUND('',#465,.T.);
#273=FACE_OUTER_BOUND('',#466,.T.);
#274=FACE_OUTER_BOUND('',#467,.T.);
#275=FACE_OUTER_BOUND('',#468,.T.);
#276=FACE_OUTER_BOUND('',#469,.T.);
#277=FACE_OUTER_BOUND('',#470,.T.);
#278=FACE_OUTER_BOUND('',#471,.T.);
#279=FACE_OUTER_BOUND('',#472,.T.);
#280=FACE_OUTER_BOUND('',#473,.T.);
#281=FACE_OUTER_BOUND('',#474,.T.);
#282=FACE_OUTER_BOUND('',#475,.T.);
#283=FACE_OUTER_BOUND('',#476,.T.);
#284=FACE_OUTER_BOUND('',#477,.T.);
#285=FACE_OUTER_BOUND('',#478,.T.);
#286=FACE_OUTER_BOUND('',#479,.T.);
#287=FACE_OUTER_BOUND('',#480,.T.);
#288=FACE_OUTER_BOUND('',#481,.T.);
#289=FACE_OUTER_BOUND('',#482,.T.);
#290=FACE_OUTER_BOUND('',#483,.T.);
#291=FACE_OUTER_BOUND('',#484,.T.);
#292=FACE_OUTER_BOUND('',#485,.T.);
#293=FACE_OUTER_BOUND('',#486,.T.);
#294=FACE_OUTER_BOUND('',#487,.T.);
#295=FACE_OUTER_BOUND('',#488,.T.);
#296=FACE_OUTER_BOUND('',#489,.T.);
#297=FACE_OUTER_BOUND('',#490,.T.);
#298=FACE_OUTER_BOUND('',#491,.T.);
#299=FACE_OUTER_BOUND('',#492,.T.);
#300=FACE_OUTER_BOUND('',#493,.T.);
#301=FACE_OUTER_BOUND('',#494,.T.);
#302=FACE_OUTER_BOUND('',#495,.T.);
#303=FACE_OUTER_BOUND('',#496,.T.);
#304=FACE_OUTER_BOUND('',#497,.T.);
#305=FACE_OUTER_BOUND('',#498,.T.);
#306=FACE_OUTER_BOUND('',#499,.T.);
#307=FACE_OUTER_BOUND('',#500,.T.);
#308=FACE_OUTER_BOUND('',#501,.T.);
#309=FACE_OUTER_BOUND('',#502,.T.);
#310=FACE_OUTER_BOUND('',#503,.T.);
#311=FACE_OUTER_BOUND('',#504,.T.);
#312=FACE_OUTER_BOUND('',#505,.T.);
#313=FACE_OUTER_BOUND('',#506,.T.);
#314=FACE_OUTER_BOUND('',#507,.T.);
#315=FACE_OUTER_BOUND('',#508,.T.);
#316=FACE_OUTER_BOUND('',#509,.T.);
#317=FACE_OUTER_BOUND('',#510,.T.);
#318=FACE_OUTER_BOUND('',#511,.T.);
#319=FACE_OUTER_BOUND('',#512,.T.);
#320=FACE_OUTER_BOUND('',#513,.T.);
#321=FACE_OUTER_BOUND('',#514,.T.);
#322=FACE_OUTER_BOUND('',#515,.T.);
#323=FACE_OUTER_BOUND('',#516,.T.);
#324=FACE_OUTER_BOUND('',#517,.T.);
#325=FACE_OUTER_BOUND('',#518,.T.);
#326=FACE_OUTER_BOUND('',#519,.T.);
#327=FACE_OUTER_BOUND('',#520,.T.);
#328=FACE_OUTER_BOUND('',#521,.T.);
#329=FACE_OUTER_BOUND('',#522,.T.);
#330=FACE_OUTER_BOUND('',#523,.T.);
#331=FACE_OUTER_BOUND('',#524,.T.);
#332=FACE_OUTER_BOUND('',#525,.T.);
#333=FACE_OUTER_BOUND('',#526,.T.);
#334=FACE_OUTER_BOUND('',#527,.T.);
#335=FACE_OUTER_BOUND('',#528,.T.);
#336=FACE_OUTER_BOUND('',#529,.T.);
#337=FACE_OUTER_BOUND('',#530,.T.);
#338=FACE_OUTER_BOUND('',#531,.T.);
#339=FACE_OUTER_BOUND('',#532,.T.);
#340=FACE_OUTER_BOUND('',#533,.T.);
#341=FACE_OUTER_BOUND('',#534,.T.);
#342=FACE_OUTER_BOUND('',#535,.T.);
#343=FACE_OUTER_BOUND('',#536,.T.);
#344=FACE_OUTER_BOUND('',#537,.T.);
#345=FACE_OUTER_BOUND('',#538,.T.);
#346=FACE_OUTER_BOUND('',#539,.T.);
#347=FACE_OUTER_BOUND('',#540,.T.);
#348=FACE_OUTER_BOUND('',#541,.T.);
#349=FACE_OUTER_BOUND('',#542,.T.);
#350=FACE_OUTER_BOUND('',#543,.T.);
#351=FACE_OUTER_BOUND('',#544,.T.);
#352=FACE_OUTER_BOUND('',#545,.T.);
#353=FACE_OUTER_BOUND('',#546,.T.);
#354=FACE_OUTER_BOUND('',#547,.T.);
#355=FACE_OUTER_BOUND('',#548,.T.);
#356=FACE_OUTER_BOUND('',#549,.T.);
#357=FACE_OUTER_BOUND('',#550,.T.);
#358=FACE_OUTER_BOUND('',#551,.T.);
#359=FACE_OUTER_BOUND('',#552,.T.);
#360=FACE_OUTER_BOUND('',#553,.T.);
#361=FACE_OUTER_BOUND('',#554,.T.);
#362=FACE_OUTER_BOUND('',#555,.T.);
#363=FACE_OUTER_BOUND('',#556,.T.);
#364=FACE_OUTER_BOUND('',#557,.T.);
#365=FACE_OUTER_BOUND('',#558,.T.);
#366=FACE_OUTER_BOUND('',#559,.T.);
#367=FACE_OUTER_BOUND('',#560,.T.);
#368=FACE_OUTER_BOUND('',#561,.T.);
#369=FACE_OUTER_BOUND('',#562,.T.);
#370=FACE_OUTER_BOUND('',#563,.T.);
#371=FACE_OUTER_BOUND('',#564,.T.);
#372=FACE_OUTER_BOUND('',#565,.T.);
#373=FACE_OUTER_BOUND('',#566,.T.);
#374=FACE_OUTER_BOUND('',#567,.T.);
#375=FACE_OUTER_BOUND('',#568,.T.);
#376=FACE_OUTER_BOUND('',#569,.T.);
#377=FACE_OUTER_BOUND('',#570,.T.);
#378=FACE_OUTER_BOUND('',#571,.T.);
#379=FACE_OUTER_BOUND('',#572,.T.);
#380=FACE_OUTER_BOUND('',#573,.T.);
#381=FACE_OUTER_BOUND('',#574,.T.);
#382=FACE_OUTER_BOUND('',#575,.T.);
#383=FACE_OUTER_BOUND('',#576,.T.);
#384=EDGE_LOOP('',(#2005,#2006,#2007,#2008,#2009,#2010,#2011,#2012,#2013,
#2014,#2015,#2016,#2017,#2018,#2019,#2020,#2021));
#385=EDGE_LOOP('',(#2022,#2023,#2024,#2025));
#386=EDGE_LOOP('',(#2026,#2027,#2028,#2029));
#387=EDGE_LOOP('',(#2030,#2031,#2032,#2033,#2034,#2035,#2036,#2037,#2038,
#2039,#2040,#2041,#2042,#2043,#2044));
#388=EDGE_LOOP('',(#2045,#2046,#2047,#2048,#2049,#2050));
#389=EDGE_LOOP('',(#2051,#2052,#2053,#2054,#2055,#2056));
#390=EDGE_LOOP('',(#2057,#2058,#2059,#2060,#2061,#2062,#2063,#2064,#2065,
#2066,#2067,#2068,#2069,#2070,#2071));
#391=EDGE_LOOP('',(#2072,#2073,#2074,#2075,#2076,#2077));
#392=EDGE_LOOP('',(#2078,#2079,#2080,#2081,#2082,#2083));
#393=EDGE_LOOP('',(#2084,#2085,#2086,#2087));
#394=EDGE_LOOP('',(#2088,#2089,#2090,#2091));
#395=EDGE_LOOP('',(#2092,#2093,#2094,#2095));
#396=EDGE_LOOP('',(#2096,#2097,#2098,#2099));
#397=EDGE_LOOP('',(#2100,#2101,#2102,#2103));
#398=EDGE_LOOP('',(#2104,#2105,#2106,#2107));
#399=EDGE_LOOP('',(#2108,#2109,#2110,#2111));
#400=EDGE_LOOP('',(#2112,#2113,#2114,#2115));
#401=EDGE_LOOP('',(#2116,#2117,#2118,#2119));
#402=EDGE_LOOP('',(#2120,#2121,#2122,#2123,#2124,#2125));
#403=EDGE_LOOP('',(#2126,#2127,#2128,#2129,#2130,#2131,#2132,#2133,#2134,
#2135,#2136,#2137,#2138,#2139,#2140,#2141,#2142,#2143,#2144,#2145,#2146,
#2147,#2148,#2149,#2150,#2151,#2152,#2153,#2154));
#404=EDGE_LOOP('',(#2155,#2156,#2157,#2158));
#405=EDGE_LOOP('',(#2159,#2160,#2161,#2162,#2163));
#406=EDGE_LOOP('',(#2164,#2165,#2166,#2167,#2168,#2169));
#407=EDGE_LOOP('',(#2170,#2171,#2172,#2173));
#408=EDGE_LOOP('',(#2174,#2175,#2176,#2177));
#409=EDGE_LOOP('',(#2178,#2179,#2180,#2181));
#410=EDGE_LOOP('',(#2182,#2183,#2184,#2185));
#411=EDGE_LOOP('',(#2186,#2187,#2188,#2189));
#412=EDGE_LOOP('',(#2190,#2191,#2192));
#413=EDGE_LOOP('',(#2193,#2194,#2195,#2196));
#414=EDGE_LOOP('',(#2197,#2198,#2199,#2200));
#415=EDGE_LOOP('',(#2201,#2202,#2203,#2204));
#416=EDGE_LOOP('',(#2205,#2206,#2207,#2208));
#417=EDGE_LOOP('',(#2209,#2210,#2211,#2212));
#418=EDGE_LOOP('',(#2213,#2214,#2215,#2216));
#419=EDGE_LOOP('',(#2217,#2218,#2219,#2220));
#420=EDGE_LOOP('',(#2221,#2222,#2223,#2224));
#421=EDGE_LOOP('',(#2225,#2226,#2227,#2228));
#422=EDGE_LOOP('',(#2229,#2230,#2231,#2232));
#423=EDGE_LOOP('',(#2233,#2234,#2235,#2236));
#424=EDGE_LOOP('',(#2237,#2238,#2239,#2240));
#425=EDGE_LOOP('',(#2241,#2242,#2243,#2244,#2245,#2246,#2247,#2248,#2249,
#2250,#2251,#2252,#2253,#2254));
#426=EDGE_LOOP('',(#2255,#2256,#2257,#2258,#2259,#2260));
#427=EDGE_LOOP('',(#2261,#2262,#2263,#2264,#2265,#2266));
#428=EDGE_LOOP('',(#2267,#2268,#2269,#2270,#2271,#2272));
#429=EDGE_LOOP('',(#2273,#2274,#2275,#2276,#2277,#2278));
#430=EDGE_LOOP('',(#2279,#2280,#2281,#2282,#2283,#2284));
#431=EDGE_LOOP('',(#2285,#2286,#2287,#2288,#2289,#2290,#2291,#2292,#2293,
#2294,#2295));
#432=EDGE_LOOP('',(#2296,#2297,#2298,#2299,#2300,#2301));
#433=EDGE_LOOP('',(#2302,#2303,#2304,#2305,#2306,#2307));
#434=EDGE_LOOP('',(#2308,#2309,#2310,#2311,#2312,#2313));
#435=EDGE_LOOP('',(#2314,#2315,#2316,#2317,#2318,#2319));
#436=EDGE_LOOP('',(#2320,#2321,#2322,#2323,#2324,#2325));
#437=EDGE_LOOP('',(#2326,#2327,#2328,#2329,#2330,#2331,#2332,#2333,#2334,
#2335,#2336,#2337));
#438=EDGE_LOOP('',(#2338,#2339,#2340,#2341,#2342,#2343,#2344,#2345,#2346,
#2347,#2348));
#439=EDGE_LOOP('',(#2349,#2350,#2351,#2352,#2353,#2354));
#440=EDGE_LOOP('',(#2355,#2356,#2357,#2358,#2359,#2360));
#441=EDGE_LOOP('',(#2361,#2362,#2363,#2364,#2365,#2366));
#442=EDGE_LOOP('',(#2367,#2368,#2369,#2370,#2371,#2372));
#443=EDGE_LOOP('',(#2373,#2374,#2375,#2376,#2377,#2378));
#444=EDGE_LOOP('',(#2379,#2380,#2381,#2382,#2383,#2384,#2385,#2386,#2387,
#2388,#2389,#2390,#2391,#2392));
#445=EDGE_LOOP('',(#2393,#2394,#2395,#2396,#2397,#2398));
#446=EDGE_LOOP('',(#2399,#2400,#2401,#2402,#2403,#2404));
#447=EDGE_LOOP('',(#2405,#2406,#2407,#2408,#2409,#2410));
#448=EDGE_LOOP('',(#2411,#2412,#2413,#2414,#2415,#2416));
#449=EDGE_LOOP('',(#2417,#2418,#2419,#2420,#2421,#2422));
#450=EDGE_LOOP('',(#2423,#2424,#2425,#2426,#2427,#2428,#2429,#2430,#2431,
#2432,#2433,#2434));
#451=EDGE_LOOP('',(#2435,#2436,#2437,#2438,#2439,#2440));
#452=EDGE_LOOP('',(#2441,#2442,#2443,#2444,#2445,#2446));
#453=EDGE_LOOP('',(#2447,#2448,#2449,#2450));
#454=EDGE_LOOP('',(#2451,#2452,#2453));
#455=EDGE_LOOP('',(#2454,#2455,#2456,#2457));
#456=EDGE_LOOP('',(#2458,#2459,#2460,#2461));
#457=EDGE_LOOP('',(#2462,#2463,#2464,#2465));
#458=EDGE_LOOP('',(#2466,#2467,#2468,#2469));
#459=EDGE_LOOP('',(#2470,#2471,#2472,#2473));
#460=EDGE_LOOP('',(#2474,#2475,#2476,#2477));
#461=EDGE_LOOP('',(#2478,#2479,#2480,#2481));
#462=EDGE_LOOP('',(#2482,#2483,#2484,#2485));
#463=EDGE_LOOP('',(#2486,#2487,#2488,#2489));
#464=EDGE_LOOP('',(#2490,#2491,#2492,#2493,#2494,#2495));
#465=EDGE_LOOP('',(#2496,#2497,#2498,#2499));
#466=EDGE_LOOP('',(#2500,#2501,#2502,#2503));
#467=EDGE_LOOP('',(#2504,#2505,#2506,#2507));
#468=EDGE_LOOP('',(#2508,#2509,#2510,#2511));
#469=EDGE_LOOP('',(#2512,#2513,#2514,#2515));
#470=EDGE_LOOP('',(#2516,#2517,#2518,#2519));
#471=EDGE_LOOP('',(#2520,#2521,#2522,#2523));
#472=EDGE_LOOP('',(#2524,#2525,#2526,#2527));
#473=EDGE_LOOP('',(#2528,#2529,#2530,#2531));
#474=EDGE_LOOP('',(#2532,#2533,#2534,#2535));
#475=EDGE_LOOP('',(#2536,#2537,#2538,#2539));
#476=EDGE_LOOP('',(#2540,#2541,#2542,#2543));
#477=EDGE_LOOP('',(#2544,#2545,#2546,#2547));
#478=EDGE_LOOP('',(#2548,#2549,#2550,#2551));
#479=EDGE_LOOP('',(#2552,#2553,#2554,#2555));
#480=EDGE_LOOP('',(#2556,#2557,#2558,#2559));
#481=EDGE_LOOP('',(#2560,#2561,#2562,#2563));
#482=EDGE_LOOP('',(#2564,#2565,#2566,#2567));
#483=EDGE_LOOP('',(#2568,#2569,#2570,#2571));
#484=EDGE_LOOP('',(#2572,#2573,#2574,#2575,#2576));
#485=EDGE_LOOP('',(#2577,#2578,#2579,#2580));
#486=EDGE_LOOP('',(#2581,#2582,#2583,#2584,#2585));
#487=EDGE_LOOP('',(#2586,#2587,#2588,#2589));
#488=EDGE_LOOP('',(#2590,#2591,#2592,#2593,#2594));
#489=EDGE_LOOP('',(#2595,#2596,#2597,#2598));
#490=EDGE_LOOP('',(#2599,#2600,#2601,#2602,#2603));
#491=EDGE_LOOP('',(#2604,#2605,#2606,#2607,#2608));
#492=EDGE_LOOP('',(#2609,#2610,#2611,#2612));
#493=EDGE_LOOP('',(#2613,#2614,#2615,#2616,#2617));
#494=EDGE_LOOP('',(#2618,#2619,#2620,#2621));
#495=EDGE_LOOP('',(#2622,#2623,#2624,#2625));
#496=EDGE_LOOP('',(#2626,#2627,#2628,#2629));
#497=EDGE_LOOP('',(#2630,#2631,#2632,#2633));
#498=EDGE_LOOP('',(#2634,#2635,#2636,#2637));
#499=EDGE_LOOP('',(#2638,#2639,#2640,#2641));
#500=EDGE_LOOP('',(#2642,#2643,#2644,#2645));
#501=EDGE_LOOP('',(#2646,#2647,#2648,#2649,#2650));
#502=EDGE_LOOP('',(#2651,#2652,#2653,#2654));
#503=EDGE_LOOP('',(#2655,#2656,#2657,#2658,#2659));
#504=EDGE_LOOP('',(#2660,#2661,#2662,#2663));
#505=EDGE_LOOP('',(#2664,#2665,#2666,#2667));
#506=EDGE_LOOP('',(#2668,#2669,#2670,#2671));
#507=EDGE_LOOP('',(#2672,#2673,#2674,#2675,#2676));
#508=EDGE_LOOP('',(#2677,#2678,#2679,#2680));
#509=EDGE_LOOP('',(#2681,#2682,#2683,#2684,#2685));
#510=EDGE_LOOP('',(#2686,#2687,#2688,#2689));
#511=EDGE_LOOP('',(#2690,#2691,#2692,#2693));
#512=EDGE_LOOP('',(#2694,#2695,#2696,#2697));
#513=EDGE_LOOP('',(#2698,#2699,#2700,#2701));
#514=EDGE_LOOP('',(#2702,#2703,#2704,#2705));
#515=EDGE_LOOP('',(#2706,#2707,#2708,#2709));
#516=EDGE_LOOP('',(#2710,#2711,#2712,#2713));
#517=EDGE_LOOP('',(#2714,#2715,#2716,#2717));
#518=EDGE_LOOP('',(#2718,#2719,#2720,#2721));
#519=EDGE_LOOP('',(#2722,#2723,#2724,#2725));
#520=EDGE_LOOP('',(#2726,#2727,#2728,#2729));
#521=EDGE_LOOP('',(#2730,#2731,#2732,#2733));
#522=EDGE_LOOP('',(#2734,#2735,#2736,#2737,#2738));
#523=EDGE_LOOP('',(#2739,#2740,#2741,#2742,#2743,#2744));
#524=EDGE_LOOP('',(#2745,#2746,#2747,#2748));
#525=EDGE_LOOP('',(#2749,#2750,#2751,#2752));
#526=EDGE_LOOP('',(#2753,#2754,#2755,#2756));
#527=EDGE_LOOP('',(#2757,#2758,#2759,#2760));
#528=EDGE_LOOP('',(#2761,#2762,#2763,#2764));
#529=EDGE_LOOP('',(#2765,#2766,#2767,#2768));
#530=EDGE_LOOP('',(#2769,#2770,#2771,#2772));
#531=EDGE_LOOP('',(#2773,#2774,#2775,#2776));
#532=EDGE_LOOP('',(#2777,#2778,#2779,#2780));
#533=EDGE_LOOP('',(#2781,#2782,#2783,#2784));
#534=EDGE_LOOP('',(#2785,#2786,#2787,#2788));
#535=EDGE_LOOP('',(#2789,#2790,#2791,#2792));
#536=EDGE_LOOP('',(#2793,#2794,#2795,#2796));
#537=EDGE_LOOP('',(#2797,#2798,#2799,#2800));
#538=EDGE_LOOP('',(#2801,#2802,#2803,#2804));
#539=EDGE_LOOP('',(#2805,#2806,#2807,#2808));
#540=EDGE_LOOP('',(#2809,#2810,#2811,#2812));
#541=EDGE_LOOP('',(#2813,#2814,#2815,#2816));
#542=EDGE_LOOP('',(#2817,#2818,#2819,#2820));
#543=EDGE_LOOP('',(#2821,#2822,#2823,#2824));
#544=EDGE_LOOP('',(#2825,#2826,#2827,#2828));
#545=EDGE_LOOP('',(#2829,#2830,#2831,#2832));
#546=EDGE_LOOP('',(#2833,#2834,#2835,#2836));
#547=EDGE_LOOP('',(#2837,#2838,#2839,#2840));
#548=EDGE_LOOP('',(#2841,#2842,#2843,#2844));
#549=EDGE_LOOP('',(#2845,#2846,#2847,#2848));
#550=EDGE_LOOP('',(#2849,#2850,#2851,#2852));
#551=EDGE_LOOP('',(#2853,#2854,#2855,#2856));
#552=EDGE_LOOP('',(#2857,#2858,#2859,#2860,#2861));
#553=EDGE_LOOP('',(#2862,#2863,#2864,#2865));
#554=EDGE_LOOP('',(#2866,#2867,#2868,#2869,#2870));
#555=EDGE_LOOP('',(#2871,#2872,#2873,#2874));
#556=EDGE_LOOP('',(#2875,#2876,#2877,#2878));
#557=EDGE_LOOP('',(#2879,#2880,#2881,#2882));
#558=EDGE_LOOP('',(#2883,#2884,#2885,#2886));
#559=EDGE_LOOP('',(#2887,#2888,#2889,#2890));
#560=EDGE_LOOP('',(#2891,#2892,#2893,#2894));
#561=EDGE_LOOP('',(#2895,#2896,#2897,#2898));
#562=EDGE_LOOP('',(#2899,#2900,#2901,#2902,#2903,#2904));
#563=EDGE_LOOP('',(#2905,#2906,#2907,#2908,#2909,#2910));
#564=EDGE_LOOP('',(#2911,#2912,#2913,#2914,#2915,#2916));
#565=EDGE_LOOP('',(#2917,#2918,#2919,#2920,#2921,#2922));
#566=EDGE_LOOP('',(#2923,#2924,#2925,#2926));
#567=EDGE_LOOP('',(#2927,#2928,#2929,#2930,#2931,#2932));
#568=EDGE_LOOP('',(#2933,#2934,#2935,#2936));
#569=EDGE_LOOP('',(#2937,#2938,#2939,#2940));
#570=EDGE_LOOP('',(#2941,#2942,#2943,#2944,#2945,#2946));
#571=EDGE_LOOP('',(#2947,#2948,#2949,#2950));
#572=EDGE_LOOP('',(#2951,#2952,#2953,#2954));
#573=EDGE_LOOP('',(#2955,#2956,#2957,#2958,#2959,#2960));
#574=EDGE_LOOP('',(#2961,#2962,#2963,#2964,#2965,#2966));
#575=EDGE_LOOP('',(#2967,#2968,#2969,#2970));
#576=EDGE_LOOP('',(#2971,#2972,#2973,#2974));
#577=LINE('',#4500,#784);
#578=LINE('',#4504,#785);
#579=LINE('',#4508,#786);
#580=LINE('',#4514,#787);
#581=LINE('',#4518,#788);
#582=LINE('',#4522,#789);
#583=LINE('',#4526,#790);
#584=LINE('',#4529,#791);
#585=LINE('',#4533,#792);
#586=LINE('',#4537,#793);
#587=LINE('',#4542,#794);
#588=LINE('',#4546,#795);
#589=LINE('',#4552,#796);
#590=LINE('',#4554,#797);
#591=LINE('',#4556,#798);
#592=LINE('',#4558,#799);
#593=LINE('',#4562,#800);
#594=LINE('',#4566,#801);
#595=LINE('',#4570,#802);
#596=LINE('',#4572,#803);
#597=LINE('',#4574,#804);
#598=LINE('',#4578,#805);
#599=LINE('',#4582,#806);
#600=LINE('',#4586,#807);
#601=LINE('',#4590,#808);
#602=LINE('',#4594,#809);
#603=LINE('',#4598,#810);
#604=LINE('',#4603,#811);
#605=LINE('',#4608,#812);
#606=LINE('',#4610,#813);
#607=LINE('',#4612,#814);
#608=LINE('',#4616,#815);
#609=LINE('',#4620,#816);
#610=LINE('',#4624,#817);
#611=LINE('',#4626,#818);
#612=LINE('',#4627,#819);
#613=LINE('',#4632,#820);
#614=LINE('',#4636,#821);
#615=LINE('',#4639,#822);
#616=LINE('',#4642,#823);
#617=LINE('',#4646,#824);
#618=LINE('',#4650,#825);
#619=LINE('',#4657,#826);
#620=LINE('',#4660,#827);
#621=LINE('',#4662,#828);
#622=LINE('',#4663,#829);
#623=LINE('',#4668,#830);
#624=LINE('',#4671,#831);
#625=LINE('',#4672,#832);
#626=LINE('',#4676,#833);
#627=LINE('',#4680,#834);
#628=LINE('',#4683,#835);
#629=LINE('',#4684,#836);
#630=LINE('',#4688,#837);
#631=LINE('',#4689,#838);
#632=LINE('',#4690,#839);
#633=LINE('',#4696,#840);
#634=LINE('',#4698,#841);
#635=LINE('',#4699,#842);
#636=LINE('',#4701,#843);
#637=LINE('',#4703,#844);
#638=LINE('',#4705,#845);
#639=LINE('',#4707,#846);
#640=LINE('',#4708,#847);
#641=LINE('',#4712,#848);
#642=LINE('',#4716,#849);
#643=LINE('',#4720,#850);
#644=LINE('',#4724,#851);
#645=LINE('',#4727,#852);
#646=LINE('',#4732,#853);
#647=LINE('',#4736,#854);
#648=LINE('',#4742,#855);
#649=LINE('',#4746,#856);
#650=LINE('',#4751,#857);
#651=LINE('',#4752,#858);
#652=LINE('',#4756,#859);
#653=LINE('',#4757,#860);
#654=LINE('',#4767,#861);
#655=LINE('',#4784,#862);
#656=LINE('',#4785,#863);
#657=LINE('',#4788,#864);
#658=LINE('',#4791,#865);
#659=LINE('',#4794,#866);
#660=LINE('',#4800,#867);
#661=LINE('',#4803,#868);
#662=LINE('',#4829,#869);
#663=LINE('',#4853,#870);
#664=LINE('',#4856,#871);
#665=LINE('',#4866,#872);
#666=LINE('',#4872,#873);
#667=LINE('',#4875,#874);
#668=LINE('',#4878,#875);
#669=LINE('',#4884,#876);
#670=LINE('',#4887,#877);
#671=LINE('',#4915,#878);
#672=LINE('',#4935,#879);
#673=LINE('',#4941,#880);
#674=LINE('',#4944,#881);
#675=LINE('',#4947,#882);
#676=LINE('',#4953,#883);
#677=LINE('',#4956,#884);
#678=LINE('',#4984,#885);
#679=LINE('',#4988,#886);
#680=LINE('',#4994,#887);
#681=LINE('',#4998,#888);
#682=LINE('',#5002,#889);
#683=LINE('',#5006,#890);
#684=LINE('',#5012,#891);
#685=LINE('',#5016,#892);
#686=LINE('',#5019,#893);
#687=LINE('',#5024,#894);
#688=LINE('',#5028,#895);
#689=LINE('',#5031,#896);
#690=LINE('',#5034,#897);
#691=LINE('',#5038,#898);
#692=LINE('',#5042,#899);
#693=LINE('',#5048,#900);
#694=LINE('',#5052,#901);
#695=LINE('',#5055,#902);
#696=LINE('',#5061,#903);
#697=LINE('',#5066,#904);
#698=LINE('',#5070,#905);
#699=LINE('',#5074,#906);
#700=LINE('',#5078,#907);
#701=LINE('',#5089,#908);
#702=LINE('',#5093,#909);
#703=LINE('',#5095,#910);
#704=LINE('',#5096,#911);
#705=LINE('',#5100,#912);
#706=LINE('',#5104,#913);
#707=LINE('',#5109,#914);
#708=LINE('',#5113,#915);
#709=LINE('',#5117,#916);
#710=LINE('',#5121,#917);
#711=LINE('',#5127,#918);
#712=LINE('',#5131,#919);
#713=LINE('',#5134,#920);
#714=LINE('',#5137,#921);
#715=LINE('',#5141,#922);
#716=LINE('',#5145,#923);
#717=LINE('',#5149,#924);
#718=LINE('',#5153,#925);
#719=LINE('',#5157,#926);
#720=LINE('',#5163,#927);
#721=LINE('',#5167,#928);
#722=LINE('',#5170,#929);
#723=LINE('',#5176,#930);
#724=LINE('',#5182,#931);
#725=LINE('',#5186,#932);
#726=LINE('',#5192,#933);
#727=LINE('',#5196,#934);
#728=LINE('',#5199,#935);
#729=LINE('',#5202,#936);
#730=LINE('',#5206,#937);
#731=LINE('',#5210,#938);
#732=LINE('',#5216,#939);
#733=LINE('',#5220,#940);
#734=LINE('',#5223,#941);
#735=LINE('',#5226,#942);
#736=LINE('',#5230,#943);
#737=LINE('',#5234,#944);
#738=LINE('',#5238,#945);
#739=LINE('',#5242,#946);
#740=LINE('',#5246,#947);
#741=LINE('',#5250,#948);
#742=LINE('',#5251,#949);
#743=LINE('',#5253,#950);
#744=LINE('',#5255,#951);
#745=LINE('',#5257,#952);
#746=LINE('',#5259,#953);
#747=LINE('',#5268,#954);
#748=LINE('',#5269,#955);
#749=LINE('',#5271,#956);
#750=LINE('',#5273,#957);
#751=LINE('',#5275,#958);
#752=LINE('',#5276,#959);
#753=LINE('',#5352,#960);
#754=LINE('',#5377,#961);
#755=LINE('',#5402,#962);
#756=LINE('',#5411,#963);
#757=LINE('',#5436,#964);
#758=LINE('',#5456,#965);
#759=LINE('',#5465,#966);
#760=LINE('',#5478,#967);
#761=LINE('',#5489,#968);
#762=LINE('',#5498,#969);
#763=LINE('',#5511,#970);
#764=LINE('',#5524,#971);
#765=LINE('',#5533,#972);
#766=LINE('',#5558,#973);
#767=LINE('',#5583,#974);
#768=LINE('',#5592,#975);
#769=LINE('',#5831,#976);
#770=LINE('',#5856,#977);
#771=LINE('',#5861,#978);
#772=LINE('',#5865,#979);
#773=LINE('',#5892,#980);
#774=LINE('',#5902,#981);
#775=LINE('',#5913,#982);
#776=LINE('',#5925,#983);
#777=LINE('',#5945,#984);
#778=LINE('',#5949,#985);
#779=LINE('',#5952,#986);
#780=LINE('',#5998,#987);
#781=LINE('',#6009,#988);
#782=LINE('',#6021,#989);
#783=LINE('',#6093,#990);
#784=VECTOR('',#3584,3.376090676);
#785=VECTOR('',#3587,3.204827589);
#786=VECTOR('',#3590,2.636673117);
#787=VECTOR('',#3595,2.636673135);
#788=VECTOR('',#3598,3.20482755);
#789=VECTOR('',#3601,3.376090746);
#790=VECTOR('',#3604,2.002529509);
#791=VECTOR('',#3607,2.002529487);
#792=VECTOR('',#3610,3.372342735);
#793=VECTOR('',#3613,3.376090765);
#794=VECTOR('',#3618,3.376090658);
#795=VECTOR('',#3621,3.37234267);
#796=VECTOR('',#3628,3.375114672);
#797=VECTOR('',#3629,2.170203672);
#798=VECTOR('',#3630,10.);
#799=VECTOR('',#3631,10.);
#800=VECTOR('',#3634,1.683176084);
#801=VECTOR('',#3637,2.001503022);
#802=VECTOR('',#3640,1.851420021);
#803=VECTOR('',#3641,0.220641291067519);
#804=VECTOR('',#3642,0.463369108);
#805=VECTOR('',#3645,10.);
#806=VECTOR('',#3648,2.002648213);
#807=VECTOR('',#3651,2.002423652);
#808=VECTOR('',#3654,10.);
#809=VECTOR('',#3657,2.002035145);
#810=VECTOR('',#3660,2.001839036);
#811=VECTOR('',#3665,3.375114755);
#812=VECTOR('',#3670,0.463369015);
#813=VECTOR('',#3671,0.220641364067519);
#814=VECTOR('',#3672,1.851419984);
#815=VECTOR('',#3675,2.001503022);
#816=VECTOR('',#3678,1.683176085);
#817=VECTOR('',#3681,10.);
#818=VECTOR('',#3682,10.);
#819=VECTOR('',#3683,2.170203596);
#820=VECTOR('',#3686,2.002648213);
#821=VECTOR('',#3689,10.);
#822=VECTOR('',#3692,2.002423652);
#823=VECTOR('',#3693,2.002035145);
#824=VECTOR('',#3696,10.);
#825=VECTOR('',#3699,2.001839035);
#826=VECTOR('',#3706,3.375114681);
#827=VECTOR('',#3709,3.376090675);
#828=VECTOR('',#3712,10.);
#829=VECTOR('',#3713,10.);
#830=VECTOR('',#3718,3.376090666);
#831=VECTOR('',#3723,10.);
#832=VECTOR('',#3724,10.);
#833=VECTOR('',#3727,3.375114747);
#834=VECTOR('',#3730,3.376090748);
#835=VECTOR('',#3735,10.);
#836=VECTOR('',#3736,10.);
#837=VECTOR('',#3739,0.199968983);
#838=VECTOR('',#3740,12.48747325);
#839=VECTOR('',#3741,12.580720234);
#840=VECTOR('',#3748,3.376090757);
#841=VECTOR('',#3751,10.);
#842=VECTOR('',#3752,10.);
#843=VECTOR('',#3755,10.);
#844=VECTOR('',#3756,1.183848739);
#845=VECTOR('',#3757,10.);
#846=VECTOR('',#3758,10.);
#847=VECTOR('',#3759,10.);
#848=VECTOR('',#3762,1.972812174);
#849=VECTOR('',#3765,1.970502798);
#850=VECTOR('',#3768,1.970502801);
#851=VECTOR('',#3771,1.972812179);
#852=VECTOR('',#3774,2.164316482);
#853=VECTOR('',#3779,1.69621957);
#854=VECTOR('',#3782,1.698187066);
#855=VECTOR('',#3787,1.698187083);
#856=VECTOR('',#3790,1.696219586);
#857=VECTOR('',#3795,2.164316426);
#858=VECTOR('',#3796,12.487473199);
#859=VECTOR('',#3801,26.768934518);
#860=VECTOR('',#3802,10.);
#861=VECTOR('',#3803,10.);
#862=VECTOR('',#3812,9.99999999999999);
#863=VECTOR('',#3813,10.);
#864=VECTOR('',#3816,2.002732891);
#865=VECTOR('',#3819,2.001184924);
#866=VECTOR('',#3822,3.863701862);
#867=VECTOR('',#3829,2.002732891);
#868=VECTOR('',#3832,2.001343192);
#869=VECTOR('',#3835,10.);
#870=VECTOR('',#3844,10.);
#871=VECTOR('',#3847,10.);
#872=VECTOR('',#3848,10.);
#873=VECTOR('',#3855,2.002732891);
#874=VECTOR('',#3858,2.001661698);
#875=VECTOR('',#3861,3.863699436);
#876=VECTOR('',#3868,2.00273289);
#877=VECTOR('',#3871,2.001848327);
#878=VECTOR('',#3876,10.);
#879=VECTOR('',#3879,10.);
#880=VECTOR('',#3886,2.00273289);
#881=VECTOR('',#3889,2.002219268);
#882=VECTOR('',#3892,3.863704205);
#883=VECTOR('',#3899,2.00273289);
#884=VECTOR('',#3902,2.002434324);
#885=VECTOR('',#3909,2.00217432);
#886=VECTOR('',#3912,10.);
#887=VECTOR('',#3919,2.000117504);
#888=VECTOR('',#3922,2.000294642);
#889=VECTOR('',#3925,2.000223285);
#890=VECTOR('',#3928,10.);
#891=VECTOR('',#3933,2.000889948);
#892=VECTOR('',#3936,2.000762117);
#893=VECTOR('',#3939,10.);
#894=VECTOR('',#3942,2.001807345);
#895=VECTOR('',#3945,2.00162286);
#896=VECTOR('',#3948,10.);
#897=VECTOR('',#3949,10.);
#898=VECTOR('',#3952,2.000552093);
#899=VECTOR('',#3955,2.000452522);
#900=VECTOR('',#3960,2.001308313);
#901=VECTOR('',#3963,2.001152183);
#902=VECTOR('',#3966,9.99999999999999);
#903=VECTOR('',#3973,2.000311298);
#904=VECTOR('',#3978,2.000918732);
#905=VECTOR('',#3981,10.);
#906=VECTOR('',#3984,2.000788773);
#907=VECTOR('',#3987,2.000574807);
#908=VECTOR('',#3992,2.000473102);
#909=VECTOR('',#3997,10.);
#910=VECTOR('',#3998,1.040511169);
#911=VECTOR('',#3999,0.199968916);
#912=VECTOR('',#4004,1.183848694);
#913=VECTOR('',#4007,10.);
#914=VECTOR('',#4012,2.000311298);
#915=VECTOR('',#4015,10.);
#916=VECTOR('',#4018,2.002434323);
#917=VECTOR('',#4021,2.002219268);
#918=VECTOR('',#4026,2.000918732);
#919=VECTOR('',#4029,2.000788773);
#920=VECTOR('',#4032,10.);
#921=VECTOR('',#4033,10.);
#922=VECTOR('',#4036,2.001848327);
#923=VECTOR('',#4039,2.001661698);
#924=VECTOR('',#4042,9.99999999999999);
#925=VECTOR('',#4045,2.000574807);
#926=VECTOR('',#4048,2.000473102);
#927=VECTOR('',#4053,2.001343194);
#928=VECTOR('',#4056,2.001184926);
#929=VECTOR('',#4059,10.);
#930=VECTOR('',#4066,2.000117504);
#931=VECTOR('',#4073,10.);
#932=VECTOR('',#4076,2.002174323);
#933=VECTOR('',#4081,9.99999999999999);
#934=VECTOR('',#4084,2.000762119);
#935=VECTOR('',#4087,2.00088995);
#936=VECTOR('',#4088,10.);
#937=VECTOR('',#4091,2.00162286);
#938=VECTOR('',#4094,2.001807344);
#939=VECTOR('',#4099,2.000552093);
#940=VECTOR('',#4102,10.);
#941=VECTOR('',#4105,2.000452522);
#942=VECTOR('',#4106,9.99999999999999);
#943=VECTOR('',#4109,2.001152183);
#944=VECTOR('',#4112,2.001308313);
#945=VECTOR('',#4115,10.);
#946=VECTOR('',#4118,2.000223284);
#947=VECTOR('',#4121,2.000294642);
#948=VECTOR('',#4126,1.040511042);
#949=VECTOR('',#4127,10.);
#950=VECTOR('',#4128,10.);
#951=VECTOR('',#4129,2.002732891);
#952=VECTOR('',#4130,3.863701862);
#953=VECTOR('',#4131,2.00273289);
#954=VECTOR('',#4132,9.99999999999999);
#955=VECTOR('',#4133,10.);
#956=VECTOR('',#4136,10.);
#957=VECTOR('',#4137,10.);
#958=VECTOR('',#4138,10.);
#959=VECTOR('',#4139,10.);
#960=VECTOR('',#4176,3.48456473126656);
#961=VECTOR('',#4177,9.93417429017175);
#962=VECTOR('',#4178,6.2021239508435);
#963=VECTOR('',#4179,0.999998135202029);
#964=VECTOR('',#4180,9.934178893695);
#965=VECTOR('',#4183,6.2021239508435);
#966=VECTOR('',#4184,0.999998135202029);
#967=VECTOR('',#4189,6.20212395084349);
#968=VECTOR('',#4192,10.1766091612735);
#969=VECTOR('',#4193,0.999998752383107);
#970=VECTOR('',#4198,9.93416967605294);
#971=VECTOR('',#4203,6.20212624951128);
#972=VECTOR('',#4204,0.999999369324151);
#973=VECTOR('',#4205,9.93417429017175);
#974=VECTOR('',#4206,6.2021239518435);
#975=VECTOR('',#4207,0.999998752137867);
#976=VECTOR('',#4332,10.);
#977=VECTOR('',#4345,2.00273289);
#978=VECTOR('',#4352,3.863699436);
#979=VECTOR('',#4357,2.002732891);
#980=VECTOR('',#4362,10.);
#981=VECTOR('',#4365,10.);
#982=VECTOR('',#4366,10.);
#983=VECTOR('',#4371,10.);
#984=VECTOR('',#4378,2.00273289);
#985=VECTOR('',#4383,3.863704205);
#986=VECTOR('',#4388,2.00273289);
#987=VECTOR('',#4411,0.999998135201994);
#988=VECTOR('',#4414,6.20212395084349);
#989=VECTOR('',#4419,9.93417429017172);
#990=VECTOR('',#4466,12.580720124);
#991=CIRCLE('',#3224,782.4298);
#992=CIRCLE('',#3225,785.8);
#993=CIRCLE('',#3226,789.);
#994=CIRCLE('',#3227,810.987368068797);
#995=CIRCLE('',#3228,810.987369356109);
#996=CIRCLE('',#3229,789.);
#997=CIRCLE('',#3230,785.8);
#998=CIRCLE('',#3231,782.4298);
#999=CIRCLE('',#3232,809.050114748);
#1000=CIRCLE('',#3234,782.4298);
#1001=CIRCLE('',#3235,785.8);
#1002=CIRCLE('',#3237,782.4298);
#1003=CIRCLE('',#3238,785.8);
#1004=CIRCLE('',#3242,4787.75572456633);
#1005=CIRCLE('',#3245,4744.62569607325);
#1006=CIRCLE('',#3247,4746.98886948374);
#1007=CIRCLE('',#3248,4772.75512661533);
#1008=CIRCLE('',#3250,4775.08363097325);
#1009=CIRCLE('',#3255,4787.75308235588);
#1010=CIRCLE('',#3258,4744.62582511859);
#1011=CIRCLE('',#3259,4746.98872285581);
#1012=CIRCLE('',#3260,4772.74619700098);
#1013=CIRCLE('',#3261,4775.08205520796);
#1014=CIRCLE('',#3264,782.4298);
#1015=CIRCLE('',#3265,785.8);
#1016=CIRCLE('',#3268,782.4298);
#1017=CIRCLE('',#3269,785.8);
#1018=CIRCLE('',#3272,782.4298);
#1019=CIRCLE('',#3273,785.8);
#1020=CIRCLE('',#3277,782.4298);
#1021=CIRCLE('',#3278,785.8);
#1022=CIRCLE('',#3282,782.4298);
#1023=CIRCLE('',#3283,809.050114764);
#1024=CIRCLE('',#3284,782.4298);
#1025=CIRCLE('',#3285,809.050114764);
#1026=CIRCLE('',#3286,789.);
#1027=CIRCLE('',#3287,811.951985953);
#1028=CIRCLE('',#3288,789.);
#1029=CIRCLE('',#3289,811.953883354306);
#1030=CIRCLE('',#3290,811.954032263051);
#1031=CIRCLE('',#3291,789.);
#1032=CIRCLE('',#3292,811.951985953);
#1033=CIRCLE('',#3293,789.);
#1034=CIRCLE('',#3294,809.050114764);
#1035=CIRCLE('',#3296,811.050115226);
#1036=CIRCLE('',#3297,4812.32443350653);
#1037=CIRCLE('',#3298,812.655344589);
#1038=CIRCLE('',#3299,813.621268851);
#1039=CIRCLE('',#3301,809.050114753);
#1040=CIRCLE('',#3303,809.050114742);
#1041=CIRCLE('',#3306,811.050115215);
#1042=CIRCLE('',#3307,4810.03833953285);
#1043=CIRCLE('',#3308,788.973621813909);
#1044=CIRCLE('',#3309,812.655699288612);
#1045=CIRCLE('',#3310,4732.52941686545);
#1046=CIRCLE('',#3311,813.621268851);
#1047=CIRCLE('',#3312,812.655344579);
#1048=CIRCLE('',#3313,811.050115215);
#1049=CIRCLE('',#3314,4784.44562404967);
#1050=CIRCLE('',#3316,809.050114742);
#1051=CIRCLE('',#3318,809.050114742);
#1052=CIRCLE('',#3321,811.050115215);
#1053=CIRCLE('',#3322,4782.12236672433);
#1054=CIRCLE('',#3323,813.621243869774);
#1055=CIRCLE('',#3324,812.655344578);
#1056=CIRCLE('',#3325,811.050115215);
#1057=CIRCLE('',#3326,4756.39842680725);
#1058=CIRCLE('',#3328,809.050114742);
#1059=CIRCLE('',#3330,809.050114742);
#1060=CIRCLE('',#3333,811.050115215);
#1061=CIRCLE('',#3337,4758.51502798973);
#1062=CIRCLE('',#3338,4755.67832276523);
#1063=CIRCLE('',#3340,4909.28427957595);
#1064=CIRCLE('',#3343,4897.01277156425);
#1065=CIRCLE('',#3344,4894.82769154708);
#1066=CIRCLE('',#3345,4839.87651103026);
#1067=CIRCLE('',#3347,4842.13656233378);
#1068=CIRCLE('',#3348,4784.23663759521);
#1069=CIRCLE('',#3350,4786.55203707354);
#1070=CIRCLE('',#3351,4867.44103490055);
#1071=CIRCLE('',#3353,4869.66154065486);
#1072=CIRCLE('',#3354,4812.14002941017);
#1073=CIRCLE('',#3356,4814.42250553677);
#1074=CIRCLE('',#3360,4879.95624554937);
#1075=CIRCLE('',#3362,4837.78649822027);
#1076=CIRCLE('',#3363,4840.04122901018);
#1077=CIRCLE('',#3365,4878.07704423162);
#1078=CIRCLE('',#3366,4867.58718075317);
#1079=CIRCLE('',#3371,4732.51782704184);
#1080=CIRCLE('',#3373,4879.95308516299);
#1081=CIRCLE('',#3375,4754.04490776691);
#1082=CIRCLE('',#3377,4756.38991185281);
#1083=CIRCLE('',#3378,4837.78687411808);
#1084=CIRCLE('',#3380,4840.04138486801);
#1085=CIRCLE('',#3381,4782.12230477325);
#1086=CIRCLE('',#3383,4784.44570080809);
#1087=CIRCLE('',#3384,4865.3633731458);
#1088=CIRCLE('',#3386,4867.58569504089);
#1089=CIRCLE('',#3387,4810.03777564227);
#1090=CIRCLE('',#3389,4812.33144639668);
#1091=CIRCLE('',#3393,4909.27134381239);
#1092=CIRCLE('',#3395,4755.6789015957);
#1093=CIRCLE('',#3396,4758.51643433206);
#1094=CIRCLE('',#3398,4839.87688749049);
#1095=CIRCLE('',#3399,4842.13629226908);
#1096=CIRCLE('',#3401,4786.55203601954);
#1097=CIRCLE('',#3403,4784.23706088535);
#1098=CIRCLE('',#3405,4867.44045510697);
#1099=CIRCLE('',#3406,4869.66153968645);
#1100=CIRCLE('',#3407,4814.42377129188);
#1101=CIRCLE('',#3409,4812.14102293794);
#1102=CIRCLE('',#3410,4897.0144336258);
#1103=CIRCLE('',#3412,4894.82697235718);
#1104=CIRCLE('',#3416,788.974214132169);
#1105=CIRCLE('',#3417,812.65534459);
#1106=CIRCLE('',#3418,812.655344343909);
#1107=CIRCLE('',#3419,811.050115237);
#1108=CIRCLE('',#3421,809.050114764);
#1109=CIRCLE('',#3423,809.050114764);
#1110=CIRCLE('',#3425,811.050115226);
#1111=CIRCLE('',#3427,809.050114764);
#1112=CIRCLE('',#3428,811.050115237);
#1113=CIRCLE('',#3430,813.621267189487);
#1114=CIRCLE('',#3432,811.050115237);
#1115=CIRCLE('',#3433,812.655344601);
#1116=CIRCLE('',#3434,812.65534459);
#1117=CIRCLE('',#3435,811.050115226);
#1118=CIRCLE('',#3436,813.621268851);
#1119=CIRCLE('',#3437,811.050115215);
#1120=CIRCLE('',#3438,813.621268851);
#1121=CIRCLE('',#3439,812.655344579);
#1122=CIRCLE('',#3440,811.050115215);
#1123=CIRCLE('',#3441,813.621268851);
#1124=CIRCLE('',#3442,812.65534459);
#1125=CIRCLE('',#3444,809.050114753);
#1126=CIRCLE('',#3446,811.050115226);
#1127=CIRCLE('',#3448,809.050114764);
#1128=CIRCLE('',#3451,811.050115215);
#1129=CIRCLE('',#3452,809.050114742);
#1130=CIRCLE('',#3454,809.050114753);
#1131=CIRCLE('',#3456,811.050115226);
#1132=CIRCLE('',#3458,811.050115226);
#1133=CIRCLE('',#3459,809.050114764);
#1134=CIRCLE('',#3461,809.050114764);
#1135=CIRCLE('',#3463,811.050115237);
#1136=CIRCLE('',#3464,812.655344589);
#1137=CIRCLE('',#3465,813.621268851);
#1138=CIRCLE('',#3466,812.655344601);
#1139=CIRCLE('',#3467,813.621268862);
#1140=CIRCLE('',#3469,811.050115215);
#1141=CIRCLE('',#3470,809.050114742);
#1142=CIRCLE('',#3472,809.050114742);
#1143=CIRCLE('',#3474,811.050115215);
#1144=CIRCLE('',#3475,813.621268851);
#1145=CIRCLE('',#3476,812.655344579);
#1146=CIRCLE('',#3478,811.050115215);
#1147=CIRCLE('',#3479,809.050114742);
#1148=CIRCLE('',#3481,809.050114742);
#1149=CIRCLE('',#3483,811.050115215);
#1150=CIRCLE('',#3484,813.621268851);
#1151=CIRCLE('',#3485,812.655344578);
#1152=CIRCLE('',#3487,809.050114764);
#1153=CIRCLE('',#3488,811.050115226);
#1154=CIRCLE('',#3490,809.050114764);
#1155=CIRCLE('',#3492,811.050115237);
#1156=CIRCLE('',#3493,812.655344601);
#1157=CIRCLE('',#3494,813.621268862);
#1158=CIRCLE('',#3496,809.050114742);
#1159=CIRCLE('',#3497,811.050115215);
#1160=CIRCLE('',#3499,809.050114753);
#1161=CIRCLE('',#3501,811.050115226);
#1162=CIRCLE('',#3502,812.655344589);
#1163=CIRCLE('',#3503,813.621268851);
#1164=CIRCLE('',#3505,809.050114764);
#1165=CIRCLE('',#3506,811.050115237);
#1166=CIRCLE('',#3509,809.050114742);
#1167=CIRCLE('',#3510,811.050115215);
#1168=CIRCLE('',#3512,809.050114742);
#1169=CIRCLE('',#3514,811.050115215);
#1170=CIRCLE('',#3515,813.621268851);
#1171=CIRCLE('',#3516,812.655344579);
#1172=CIRCLE('',#3517,813.621268851);
#1173=CIRCLE('',#3518,812.655344578);
#1174=CIRCLE('',#3519,811.050115215);
#1175=CIRCLE('',#3520,811.050115215);
#1176=CIRCLE('',#3522,809.050114742);
#1177=CIRCLE('',#3524,809.050114742);
#1178=CIRCLE('',#3526,812.65534459);
#1179=CIRCLE('',#3527,813.621268851);
#1180=CIRCLE('',#3528,811.050115226);
#1181=CIRCLE('',#3529,811.050115215);
#1182=CIRCLE('',#3531,809.050114753);
#1183=CIRCLE('',#3533,809.050114753);
#1184=CIRCLE('',#3536,813.621268851);
#1185=CIRCLE('',#3537,812.65534459);
#1186=CIRCLE('',#3538,811.050115226);
#1187=CIRCLE('',#3539,811.050115215);
#1188=CIRCLE('',#3540,812.65534459);
#1189=CIRCLE('',#3541,813.621268851);
#1190=CIRCLE('',#3542,811.050115226);
#1191=CIRCLE('',#3544,809.050114753);
#1192=CIRCLE('',#3546,809.050114753);
#1193=CIRCLE('',#3548,811.050115215);
#1194=CIRCLE('',#3549,813.621268851);
#1195=CIRCLE('',#3550,812.65534459);
#1196=CIRCLE('',#3551,811.050115226);
#1197=CIRCLE('',#3553,809.050114753);
#1198=CIRCLE('',#3555,809.050114753);
#1199=CIRCLE('',#3557,811.050115215);
#1200=CIRCLE('',#3564,785.8);
#1201=CIRCLE('',#3568,785.8);
#1202=VERTEX_POINT('',#4496);
#1203=VERTEX_POINT('',#4497);
#1204=VERTEX_POINT('',#4499);
#1205=VERTEX_POINT('',#4501);
#1206=VERTEX_POINT('',#4503);
#1207=VERTEX_POINT('',#4505);
#1208=VERTEX_POINT('',#4507);
#1209=VERTEX_POINT('',#4509);
#1210=VERTEX_POINT('',#4511);
#1211=VERTEX_POINT('',#4513);
#1212=VERTEX_POINT('',#4515);
#1213=VERTEX_POINT('',#4517);
#1214=VERTEX_POINT('',#4519);
#1215=VERTEX_POINT('',#4521);
#1216=VERTEX_POINT('',#4523);
#1217=VERTEX_POINT('',#4525);
#1218=VERTEX_POINT('',#4527);
#1219=VERTEX_POINT('',#4531);
#1220=VERTEX_POINT('',#4532);
#1221=VERTEX_POINT('',#4534);
#1222=VERTEX_POINT('',#4536);
#1223=VERTEX_POINT('',#4540);
#1224=VERTEX_POINT('',#4541);
#1225=VERTEX_POINT('',#4543);
#1226=VERTEX_POINT('',#4545);
#1227=VERTEX_POINT('',#4549);
#1228=VERTEX_POINT('',#4551);
#1229=VERTEX_POINT('',#4553);
#1230=VERTEX_POINT('',#4555);
#1231=VERTEX_POINT('',#4557);
#1232=VERTEX_POINT('',#4559);
#1233=VERTEX_POINT('',#4561);
#1234=VERTEX_POINT('',#4563);
#1235=VERTEX_POINT('',#4565);
#1236=VERTEX_POINT('',#4567);
#1237=VERTEX_POINT('',#4569);
#1238=VERTEX_POINT('',#4571);
#1239=VERTEX_POINT('',#4573);
#1240=VERTEX_POINT('',#4576);
#1241=VERTEX_POINT('',#4577);
#1242=VERTEX_POINT('',#4579);
#1243=VERTEX_POINT('',#4581);
#1244=VERTEX_POINT('',#4583);
#1245=VERTEX_POINT('',#4585);
#1246=VERTEX_POINT('',#4588);
#1247=VERTEX_POINT('',#4589);
#1248=VERTEX_POINT('',#4591);
#1249=VERTEX_POINT('',#4593);
#1250=VERTEX_POINT('',#4595);
#1251=VERTEX_POINT('',#4597);
#1252=VERTEX_POINT('',#4601);
#1253=VERTEX_POINT('',#4602);
#1254=VERTEX_POINT('',#4605);
#1255=VERTEX_POINT('',#4607);
#1256=VERTEX_POINT('',#4609);
#1257=VERTEX_POINT('',#4611);
#1258=VERTEX_POINT('',#4613);
#1259=VERTEX_POINT('',#4615);
#1260=VERTEX_POINT('',#4617);
#1261=VERTEX_POINT('',#4619);
#1262=VERTEX_POINT('',#4621);
#1263=VERTEX_POINT('',#4623);
#1264=VERTEX_POINT('',#4625);
#1265=VERTEX_POINT('',#4628);
#1266=VERTEX_POINT('',#4629);
#1267=VERTEX_POINT('',#4631);
#1268=VERTEX_POINT('',#4633);
#1269=VERTEX_POINT('',#4635);
#1270=VERTEX_POINT('',#4637);
#1271=VERTEX_POINT('',#4640);
#1272=VERTEX_POINT('',#4641);
#1273=VERTEX_POINT('',#4643);
#1274=VERTEX_POINT('',#4645);
#1275=VERTEX_POINT('',#4647);
#1276=VERTEX_POINT('',#4649);
#1277=VERTEX_POINT('',#4653);
#1278=VERTEX_POINT('',#4654);
#1279=VERTEX_POINT('',#4656);
#1280=VERTEX_POINT('',#4658);
#1281=VERTEX_POINT('',#4665);
#1282=VERTEX_POINT('',#4667);
#1283=VERTEX_POINT('',#4674);
#1284=VERTEX_POINT('',#4675);
#1285=VERTEX_POINT('',#4677);
#1286=VERTEX_POINT('',#4679);
#1287=VERTEX_POINT('',#4686);
#1288=VERTEX_POINT('',#4687);
#1289=VERTEX_POINT('',#4692);
#1290=VERTEX_POINT('',#4694);
#1291=VERTEX_POINT('',#4702);
#1292=VERTEX_POINT('',#4704);
#1293=VERTEX_POINT('',#4706);
#1294=VERTEX_POINT('',#4710);
#1295=VERTEX_POINT('',#4711);
#1296=VERTEX_POINT('',#4713);
#1297=VERTEX_POINT('',#4715);
#1298=VERTEX_POINT('',#4717);
#1299=VERTEX_POINT('',#4719);
#1300=VERTEX_POINT('',#4721);
#1301=VERTEX_POINT('',#4723);
#1302=VERTEX_POINT('',#4726);
#1303=VERTEX_POINT('',#4729);
#1304=VERTEX_POINT('',#4731);
#1305=VERTEX_POINT('',#4733);
#1306=VERTEX_POINT('',#4735);
#1307=VERTEX_POINT('',#4737);
#1308=VERTEX_POINT('',#4739);
#1309=VERTEX_POINT('',#4741);
#1310=VERTEX_POINT('',#4743);
#1311=VERTEX_POINT('',#4745);
#1312=VERTEX_POINT('',#4748);
#1313=VERTEX_POINT('',#4750);
#1314=VERTEX_POINT('',#4755);
#1315=VERTEX_POINT('',#4766);
#1316=VERTEX_POINT('',#4768);
#1317=VERTEX_POINT('',#4770);
#1318=VERTEX_POINT('',#4781);
#1319=VERTEX_POINT('',#4782);
#1320=VERTEX_POINT('',#4787);
#1321=VERTEX_POINT('',#4789);
#1322=VERTEX_POINT('',#4793);
#1323=VERTEX_POINT('',#4795);
#1324=VERTEX_POINT('',#4799);
#1325=VERTEX_POINT('',#4801);
#1326=VERTEX_POINT('',#4827);
#1327=VERTEX_POINT('',#4828);
#1328=VERTEX_POINT('',#4849);
#1329=VERTEX_POINT('',#4850);
#1330=VERTEX_POINT('',#4852);
#1331=VERTEX_POINT('',#4854);
#1332=VERTEX_POINT('',#4865);
#1333=VERTEX_POINT('',#4867);
#1334=VERTEX_POINT('',#4871);
#1335=VERTEX_POINT('',#4873);
#1336=VERTEX_POINT('',#4877);
#1337=VERTEX_POINT('',#4879);
#1338=VERTEX_POINT('',#4883);
#1339=VERTEX_POINT('',#4885);
#1340=VERTEX_POINT('',#4911);
#1341=VERTEX_POINT('',#4912);
#1342=VERTEX_POINT('',#4914);
#1343=VERTEX_POINT('',#4916);
#1344=VERTEX_POINT('',#4934);
#1345=VERTEX_POINT('',#4936);
#1346=VERTEX_POINT('',#4940);
#1347=VERTEX_POINT('',#4942);
#1348=VERTEX_POINT('',#4946);
#1349=VERTEX_POINT('',#4948);
#1350=VERTEX_POINT('',#4952);
#1351=VERTEX_POINT('',#4954);
#1352=VERTEX_POINT('',#4981);
#1353=VERTEX_POINT('',#4983);
#1354=VERTEX_POINT('',#4985);
#1355=VERTEX_POINT('',#4987);
#1356=VERTEX_POINT('',#4991);
#1357=VERTEX_POINT('',#4993);
#1358=VERTEX_POINT('',#4996);
#1359=VERTEX_POINT('',#4997);
#1360=VERTEX_POINT('',#4999);
#1361=VERTEX_POINT('',#5001);
#1362=VERTEX_POINT('',#5003);
#1363=VERTEX_POINT('',#5005);
#1364=VERTEX_POINT('',#5008);
#1365=VERTEX_POINT('',#5009);
#1366=VERTEX_POINT('',#5011);
#1367=VERTEX_POINT('',#5013);
#1368=VERTEX_POINT('',#5015);
#1369=VERTEX_POINT('',#5017);
#1370=VERTEX_POINT('',#5020);
#1371=VERTEX_POINT('',#5021);
#1372=VERTEX_POINT('',#5023);
#1373=VERTEX_POINT('',#5025);
#1374=VERTEX_POINT('',#5027);
#1375=VERTEX_POINT('',#5029);
#1376=VERTEX_POINT('',#5032);
#1377=VERTEX_POINT('',#5033);
#1378=VERTEX_POINT('',#5035);
#1379=VERTEX_POINT('',#5037);
#1380=VERTEX_POINT('',#5039);
#1381=VERTEX_POINT('',#5041);
#1382=VERTEX_POINT('',#5044);
#1383=VERTEX_POINT('',#5045);
#1384=VERTEX_POINT('',#5047);
#1385=VERTEX_POINT('',#5049);
#1386=VERTEX_POINT('',#5051);
#1387=VERTEX_POINT('',#5053);
#1388=VERTEX_POINT('',#5058);
#1389=VERTEX_POINT('',#5060);
#1390=VERTEX_POINT('',#5064);
#1391=VERTEX_POINT('',#5065);
#1392=VERTEX_POINT('',#5067);
#1393=VERTEX_POINT('',#5069);
#1394=VERTEX_POINT('',#5071);
#1395=VERTEX_POINT('',#5073);
#1396=VERTEX_POINT('',#5076);
#1397=VERTEX_POINT('',#5077);
#1398=VERTEX_POINT('',#5079);
#1399=VERTEX_POINT('',#5081);
#1400=VERTEX_POINT('',#5086);
#1401=VERTEX_POINT('',#5088);
#1402=VERTEX_POINT('',#5092);
#1403=VERTEX_POINT('',#5094);
#1404=VERTEX_POINT('',#5099);
#1405=VERTEX_POINT('',#5101);
#1406=VERTEX_POINT('',#5103);
#1407=VERTEX_POINT('',#5106);
#1408=VERTEX_POINT('',#5108);
#1409=VERTEX_POINT('',#5111);
#1410=VERTEX_POINT('',#5112);
#1411=VERTEX_POINT('',#5114);
#1412=VERTEX_POINT('',#5116);
#1413=VERTEX_POINT('',#5118);
#1414=VERTEX_POINT('',#5120);
#1415=VERTEX_POINT('',#5123);
#1416=VERTEX_POINT('',#5124);
#1417=VERTEX_POINT('',#5126);
#1418=VERTEX_POINT('',#5128);
#1419=VERTEX_POINT('',#5130);
#1420=VERTEX_POINT('',#5132);
#1421=VERTEX_POINT('',#5135);
#1422=VERTEX_POINT('',#5136);
#1423=VERTEX_POINT('',#5138);
#1424=VERTEX_POINT('',#5140);
#1425=VERTEX_POINT('',#5142);
#1426=VERTEX_POINT('',#5144);
#1427=VERTEX_POINT('',#5147);
#1428=VERTEX_POINT('',#5148);
#1429=VERTEX_POINT('',#5150);
#1430=VERTEX_POINT('',#5152);
#1431=VERTEX_POINT('',#5154);
#1432=VERTEX_POINT('',#5156);
#1433=VERTEX_POINT('',#5159);
#1434=VERTEX_POINT('',#5160);
#1435=VERTEX_POINT('',#5162);
#1436=VERTEX_POINT('',#5164);
#1437=VERTEX_POINT('',#5166);
#1438=VERTEX_POINT('',#5168);
#1439=VERTEX_POINT('',#5173);
#1440=VERTEX_POINT('',#5175);
#1441=VERTEX_POINT('',#5179);
#1442=VERTEX_POINT('',#5181);
#1443=VERTEX_POINT('',#5183);
#1444=VERTEX_POINT('',#5185);
#1445=VERTEX_POINT('',#5188);
#1446=VERTEX_POINT('',#5189);
#1447=VERTEX_POINT('',#5191);
#1448=VERTEX_POINT('',#5193);
#1449=VERTEX_POINT('',#5195);
#1450=VERTEX_POINT('',#5197);
#1451=VERTEX_POINT('',#5200);
#1452=VERTEX_POINT('',#5201);
#1453=VERTEX_POINT('',#5203);
#1454=VERTEX_POINT('',#5205);
#1455=VERTEX_POINT('',#5207);
#1456=VERTEX_POINT('',#5209);
#1457=VERTEX_POINT('',#5212);
#1458=VERTEX_POINT('',#5213);
#1459=VERTEX_POINT('',#5215);
#1460=VERTEX_POINT('',#5217);
#1461=VERTEX_POINT('',#5219);
#1462=VERTEX_POINT('',#5221);
#1463=VERTEX_POINT('',#5224);
#1464=VERTEX_POINT('',#5225);
#1465=VERTEX_POINT('',#5227);
#1466=VERTEX_POINT('',#5229);
#1467=VERTEX_POINT('',#5231);
#1468=VERTEX_POINT('',#5233);
#1469=VERTEX_POINT('',#5236);
#1470=VERTEX_POINT('',#5237);
#1471=VERTEX_POINT('',#5239);
#1472=VERTEX_POINT('',#5241);
#1473=VERTEX_POINT('',#5243);
#1474=VERTEX_POINT('',#5245);
#1475=VERTEX_POINT('',#5249);
#1476=VERTEX_POINT('',#5252);
#1477=VERTEX_POINT('',#5254);
#1478=VERTEX_POINT('',#5256);
#1479=VERTEX_POINT('',#5258);
#1480=VERTEX_POINT('',#5260);
#1481=VERTEX_POINT('',#5267);
#1482=VERTEX_POINT('',#5272);
#1483=VERTEX_POINT('',#5274);
#1484=VERTEX_POINT('',#5350);
#1485=VERTEX_POINT('',#5361);
#1486=VERTEX_POINT('',#5370);
#1487=VERTEX_POINT('',#5386);
#1488=VERTEX_POINT('',#5393);
#1489=VERTEX_POINT('',#5420);
#1490=VERTEX_POINT('',#5429);
#1491=VERTEX_POINT('',#5445);
#1492=VERTEX_POINT('',#5447);
#1493=VERTEX_POINT('',#5474);
#1494=VERTEX_POINT('',#5476);
#1495=VERTEX_POINT('',#5487);
#1496=VERTEX_POINT('',#5507);
#1497=VERTEX_POINT('',#5509);
#1498=VERTEX_POINT('',#5520);
#1499=VERTEX_POINT('',#5522);
#1500=VERTEX_POINT('',#5542);
#1501=VERTEX_POINT('',#5551);
#1502=VERTEX_POINT('',#5567);
#1503=VERTEX_POINT('',#5574);
#1504=VERTEX_POINT('',#5854);
#1505=VERTEX_POINT('',#5855);
#1506=VERTEX_POINT('',#5860);
#1507=VERTEX_POINT('',#5864);
#1508=VERTEX_POINT('',#5875);
#1509=VERTEX_POINT('',#5891);
#1510=VERTEX_POINT('',#5911);
#1511=VERTEX_POINT('',#5912);
#1512=VERTEX_POINT('',#5924);
#1513=VERTEX_POINT('',#5935);
#1514=VERTEX_POINT('',#5944);
#1515=VERTEX_POINT('',#5948);
#1516=VERTEX_POINT('',#5995);
#1517=VERTEX_POINT('',#5997);
#1518=VERTEX_POINT('',#6008);
#1519=VERTEX_POINT('',#6019);
#1520=EDGE_CURVE('',#1202,#1203,#991,.T.);
#1521=EDGE_CURVE('',#1204,#1202,#577,.T.);
#1522=EDGE_CURVE('',#1205,#1204,#992,.T.);
#1523=EDGE_CURVE('',#1206,#1205,#578,.T.);
#1524=EDGE_CURVE('',#1206,#1207,#993,.T.);
#1525=EDGE_CURVE('',#1207,#1208,#579,.T.);
#1526=EDGE_CURVE('',#1208,#1209,#994,.T.);
#1527=EDGE_CURVE('',#1209,#1210,#995,.T.);
#1528=EDGE_CURVE('',#1211,#1210,#580,.T.);
#1529=EDGE_CURVE('',#1211,#1212,#996,.T.);
#1530=EDGE_CURVE('',#1212,#1213,#581,.T.);
#1531=EDGE_CURVE('',#1214,#1213,#997,.T.);
#1532=EDGE_CURVE('',#1214,#1215,#582,.T.);
#1533=EDGE_CURVE('',#1216,#1215,#998,.T.);
#1534=EDGE_CURVE('',#1217,#1216,#583,.T.);
#1535=EDGE_CURVE('',#1218,#1217,#999,.T.);
#1536=EDGE_CURVE('',#1218,#1203,#584,.T.);
#1537=EDGE_CURVE('',#1219,#1220,#585,.T.);
#1538=EDGE_CURVE('',#1220,#1221,#1000,.T.);
#1539=EDGE_CURVE('',#1222,#1221,#586,.T.);
#1540=EDGE_CURVE('',#1219,#1222,#1001,.T.);
#1541=EDGE_CURVE('',#1223,#1224,#587,.T.);
#1542=EDGE_CURVE('',#1224,#1225,#1002,.T.);
#1543=EDGE_CURVE('',#1226,#1225,#588,.T.);
#1544=EDGE_CURVE('',#1223,#1226,#1003,.T.);
#1545=EDGE_CURVE('',#1225,#1227,#169,.T.);
#1546=EDGE_CURVE('',#1228,#1227,#589,.T.);
#1547=EDGE_CURVE('',#1229,#1228,#590,.T.);
#1548=EDGE_CURVE('',#1230,#1229,#591,.T.);
#1549=EDGE_CURVE('',#1231,#1230,#592,.T.);
#1550=EDGE_CURVE('',#1232,#1231,#170,.T.);
#1551=EDGE_CURVE('',#1232,#1233,#593,.T.);
#1552=EDGE_CURVE('',#1234,#1233,#1004,.T.);
#1553=EDGE_CURVE('',#1235,#1234,#594,.T.);
#1554=EDGE_CURVE('',#1236,#1235,#171,.T.);
#1555=EDGE_CURVE('',#1236,#1237,#595,.T.);
#1556=EDGE_CURVE('',#1238,#1237,#596,.T.);
#1557=EDGE_CURVE('',#1238,#1239,#597,.T.);
#1558=EDGE_CURVE('',#1226,#1239,#172,.T.);
#1559=EDGE_CURVE('',#1240,#1241,#598,.T.);
#1560=EDGE_CURVE('',#1241,#1242,#1005,.T.);
#1561=EDGE_CURVE('',#1242,#1243,#599,.T.);
#1562=EDGE_CURVE('',#1243,#1244,#173,.T.);
#1563=EDGE_CURVE('',#1244,#1245,#600,.T.);
#1564=EDGE_CURVE('',#1245,#1240,#1006,.T.);
#1565=EDGE_CURVE('',#1246,#1247,#601,.T.);
#1566=EDGE_CURVE('',#1248,#1246,#1007,.T.);
#1567=EDGE_CURVE('',#1249,#1248,#602,.T.);
#1568=EDGE_CURVE('',#1250,#1249,#174,.T.);
#1569=EDGE_CURVE('',#1251,#1250,#603,.T.);
#1570=EDGE_CURVE('',#1247,#1251,#1008,.T.);
#1571=EDGE_CURVE('',#1252,#1253,#604,.T.);
#1572=EDGE_CURVE('',#1253,#1220,#175,.T.);
#1573=EDGE_CURVE('',#1254,#1219,#176,.T.);
#1574=EDGE_CURVE('',#1254,#1255,#605,.T.);
#1575=EDGE_CURVE('',#1255,#1256,#606,.T.);
#1576=EDGE_CURVE('',#1257,#1256,#607,.T.);
#1577=EDGE_CURVE('',#1258,#1257,#177,.T.);
#1578=EDGE_CURVE('',#1259,#1258,#608,.T.);
#1579=EDGE_CURVE('',#1260,#1259,#1009,.T.);
#1580=EDGE_CURVE('',#1261,#1260,#609,.T.);
#1581=EDGE_CURVE('',#1262,#1261,#178,.T.);
#1582=EDGE_CURVE('',#1263,#1262,#610,.T.);
#1583=EDGE_CURVE('',#1264,#1263,#611,.T.);
#1584=EDGE_CURVE('',#1264,#1252,#612,.T.);
#1585=EDGE_CURVE('',#1265,#1266,#179,.T.);
#1586=EDGE_CURVE('',#1266,#1267,#613,.T.);
#1587=EDGE_CURVE('',#1267,#1268,#1010,.T.);
#1588=EDGE_CURVE('',#1268,#1269,#614,.T.);
#1589=EDGE_CURVE('',#1269,#1270,#1011,.T.);
#1590=EDGE_CURVE('',#1270,#1265,#615,.T.);
#1591=EDGE_CURVE('',#1271,#1272,#616,.T.);
#1592=EDGE_CURVE('',#1273,#1271,#1012,.T.);
#1593=EDGE_CURVE('',#1274,#1273,#617,.T.);
#1594=EDGE_CURVE('',#1275,#1274,#1013,.T.);
#1595=EDGE_CURVE('',#1276,#1275,#618,.T.);
#1596=EDGE_CURVE('',#1272,#1276,#180,.T.);
#1597=EDGE_CURVE('',#1277,#1278,#1014,.T.);
#1598=EDGE_CURVE('',#1279,#1277,#619,.T.);
#1599=EDGE_CURVE('',#1279,#1280,#1015,.T.);
#1600=EDGE_CURVE('',#1280,#1278,#620,.T.);
#1601=EDGE_CURVE('',#1278,#1202,#621,.T.);
#1602=EDGE_CURVE('',#1280,#1204,#622,.T.);
#1603=EDGE_CURVE('',#1227,#1281,#1016,.T.);
#1604=EDGE_CURVE('',#1282,#1281,#623,.T.);
#1605=EDGE_CURVE('',#1228,#1282,#1017,.T.);
#1606=EDGE_CURVE('',#1224,#1281,#624,.T.);
#1607=EDGE_CURVE('',#1223,#1282,#625,.T.);
#1608=EDGE_CURVE('',#1283,#1284,#626,.T.);
#1609=EDGE_CURVE('',#1284,#1285,#1018,.T.);
#1610=EDGE_CURVE('',#1286,#1285,#627,.T.);
#1611=EDGE_CURVE('',#1283,#1286,#1019,.T.);
#1612=EDGE_CURVE('',#1215,#1285,#628,.T.);
#1613=EDGE_CURVE('',#1214,#1286,#629,.T.);
#1614=EDGE_CURVE('',#1287,#1288,#630,.T.);
#1615=EDGE_CURVE('',#1256,#1287,#631,.T.);
#1616=EDGE_CURVE('',#1255,#1288,#632,.T.);
#1617=EDGE_CURVE('',#1253,#1289,#1020,.T.);
#1618=EDGE_CURVE('',#1252,#1290,#1021,.T.);
#1619=EDGE_CURVE('',#1290,#1289,#633,.T.);
#1620=EDGE_CURVE('',#1289,#1221,#634,.T.);
#1621=EDGE_CURVE('',#1290,#1222,#635,.T.);
#1622=EDGE_CURVE('',#1205,#1279,#636,.T.);
#1623=EDGE_CURVE('',#1291,#1279,#637,.T.);
#1624=EDGE_CURVE('',#1292,#1291,#638,.T.);
#1625=EDGE_CURVE('',#1293,#1292,#639,.T.);
#1626=EDGE_CURVE('',#1293,#1206,#640,.T.);
#1627=EDGE_CURVE('',#1294,#1295,#641,.T.);
#1628=EDGE_CURVE('',#1295,#1296,#1022,.T.);
#1629=EDGE_CURVE('',#1297,#1296,#642,.T.);
#1630=EDGE_CURVE('',#1297,#1298,#1023,.T.);
#1631=EDGE_CURVE('',#1298,#1299,#643,.T.);
#1632=EDGE_CURVE('',#1299,#1300,#1024,.T.);
#1633=EDGE_CURVE('',#1301,#1300,#644,.T.);
#1634=EDGE_CURVE('',#1301,#1257,#1025,.T.);
#1635=EDGE_CURVE('',#1302,#1287,#645,.T.);
#1636=EDGE_CURVE('',#1302,#1261,#1026,.T.);
#1637=EDGE_CURVE('',#1303,#1260,#1027,.T.);
#1638=EDGE_CURVE('',#1304,#1303,#646,.T.);
#1639=EDGE_CURVE('',#1305,#1304,#1028,.T.);
#1640=EDGE_CURVE('',#1305,#1306,#647,.T.);
#1641=EDGE_CURVE('',#1307,#1306,#1029,.T.);
#1642=EDGE_CURVE('',#1308,#1307,#1030,.T.);
#1643=EDGE_CURVE('',#1309,#1308,#648,.T.);
#1644=EDGE_CURVE('',#1310,#1309,#1031,.T.);
#1645=EDGE_CURVE('',#1310,#1311,#649,.T.);
#1646=EDGE_CURVE('',#1233,#1311,#1032,.T.);
#1647=EDGE_CURVE('',#1312,#1232,#1033,.T.);
#1648=EDGE_CURVE('',#1312,#1313,#650,.T.);
#1649=EDGE_CURVE('',#1313,#1237,#651,.T.);
#1650=EDGE_CURVE('',#1236,#1294,#1034,.T.);
#1651=EDGE_CURVE('',#1314,#1312,#652,.T.);
#1652=EDGE_CURVE('',#1314,#1231,#653,.T.);
#1653=EDGE_CURVE('',#1229,#1315,#654,.T.);
#1654=EDGE_CURVE('',#1315,#1316,#1035,.T.);
#1655=EDGE_CURVE('',#1316,#1317,#1036,.T.);
#1656=EDGE_CURVE('',#1230,#1317,#1037,.T.);
#1657=EDGE_CURVE('',#1318,#1319,#1038,.T.);
#1658=EDGE_CURVE('',#1318,#1314,#655,.T.);
#1659=EDGE_CURVE('',#1317,#1319,#656,.T.);
#1660=EDGE_CURVE('',#1315,#1320,#657,.T.);
#1661=EDGE_CURVE('',#1320,#1321,#1039,.T.);
#1662=EDGE_CURVE('',#1321,#1316,#658,.T.);
#1663=EDGE_CURVE('',#1320,#1322,#659,.T.);
#1664=EDGE_CURVE('',#1322,#1323,#1040,.T.);
#1665=EDGE_CURVE('',#1323,#1321,#181,.T.);
#1666=EDGE_CURVE('',#1322,#1324,#660,.T.);
#1667=EDGE_CURVE('',#1324,#1325,#1041,.T.);
#1668=EDGE_CURVE('',#1325,#1323,#661,.T.);
#1669=EDGE_CURVE('',#1324,#1318,#19,.T.);
#1670=EDGE_CURVE('',#1319,#1325,#1042,.T.);
#1671=EDGE_CURVE('',#1326,#1327,#662,.T.);
#1672=EDGE_CURVE('',#1293,#1327,#1043,.T.);
#1673=EDGE_CURVE('',#1292,#1326,#1044,.T.);
#1674=EDGE_CURVE('',#1291,#1326,#1045,.T.);
#1675=EDGE_CURVE('',#1328,#1329,#1046,.T.);
#1676=EDGE_CURVE('',#1328,#1330,#663,.T.);
#1677=EDGE_CURVE('',#1330,#1331,#1047,.T.);
#1678=EDGE_CURVE('',#1331,#1329,#664,.T.);
#1679=EDGE_CURVE('',#1330,#1332,#665,.T.);
#1680=EDGE_CURVE('',#1332,#1333,#1048,.T.);
#1681=EDGE_CURVE('',#1333,#1331,#1049,.T.);
#1682=EDGE_CURVE('',#1332,#1334,#666,.T.);
#1683=EDGE_CURVE('',#1334,#1335,#1050,.T.);
#1684=EDGE_CURVE('',#1335,#1333,#667,.T.);
#1685=EDGE_CURVE('',#1334,#1336,#668,.T.);
#1686=EDGE_CURVE('',#1336,#1337,#1051,.T.);
#1687=EDGE_CURVE('',#1337,#1335,#182,.T.);
#1688=EDGE_CURVE('',#1336,#1338,#669,.T.);
#1689=EDGE_CURVE('',#1338,#1339,#1052,.T.);
#1690=EDGE_CURVE('',#1339,#1337,#670,.T.);
#1691=EDGE_CURVE('',#1338,#1328,#20,.T.);
#1692=EDGE_CURVE('',#1329,#1339,#1053,.T.);
#1693=EDGE_CURVE('',#1340,#1341,#1054,.T.);
#1694=EDGE_CURVE('',#1340,#1342,#671,.T.);
#1695=EDGE_CURVE('',#1342,#1343,#1055,.T.);
#1696=EDGE_CURVE('',#1343,#1341,#21,.T.);
#1697=EDGE_CURVE('',#1342,#1344,#672,.T.);
#1698=EDGE_CURVE('',#1344,#1345,#1056,.T.);
#1699=EDGE_CURVE('',#1345,#1343,#1057,.T.);
#1700=EDGE_CURVE('',#1344,#1346,#673,.T.);
#1701=EDGE_CURVE('',#1346,#1347,#1058,.T.);
#1702=EDGE_CURVE('',#1347,#1345,#674,.T.);
#1703=EDGE_CURVE('',#1346,#1348,#675,.T.);
#1704=EDGE_CURVE('',#1348,#1349,#1059,.T.);
#1705=EDGE_CURVE('',#1349,#1347,#183,.T.);
#1706=EDGE_CURVE('',#1348,#1350,#676,.T.);
#1707=EDGE_CURVE('',#1350,#1351,#1060,.T.);
#1708=EDGE_CURVE('',#1351,#1349,#677,.T.);
#1709=EDGE_CURVE('',#1350,#1340,#22,.T.);
#1710=EDGE_CURVE('',#1341,#1351,#23,.T.);
#1711=EDGE_CURVE('',#1296,#1203,#184,.T.);
#1712=EDGE_CURVE('',#1352,#1218,#185,.T.);
#1713=EDGE_CURVE('',#1353,#1352,#678,.T.);
#1714=EDGE_CURVE('',#1354,#1353,#1061,.T.);
#1715=EDGE_CURVE('',#1355,#1354,#679,.T.);
#1716=EDGE_CURVE('',#1208,#1355,#1062,.T.);
#1717=EDGE_CURVE('',#1309,#1207,#186,.T.);
#1718=EDGE_CURVE('',#1356,#1308,#1063,.T.);
#1719=EDGE_CURVE('',#1357,#1356,#680,.T.);
#1720=EDGE_CURVE('',#1297,#1357,#187,.T.);
#1721=EDGE_CURVE('',#1358,#1359,#681,.T.);
#1722=EDGE_CURVE('',#1360,#1358,#188,.T.);
#1723=EDGE_CURVE('',#1361,#1360,#682,.T.);
#1724=EDGE_CURVE('',#1362,#1361,#1064,.T.);
#1725=EDGE_CURVE('',#1363,#1362,#683,.T.);
#1726=EDGE_CURVE('',#1359,#1363,#1065,.T.);
#1727=EDGE_CURVE('',#1364,#1365,#1066,.T.);
#1728=EDGE_CURVE('',#1366,#1364,#684,.T.);
#1729=EDGE_CURVE('',#1367,#1366,#189,.T.);
#1730=EDGE_CURVE('',#1368,#1367,#685,.T.);
#1731=EDGE_CURVE('',#1369,#1368,#1067,.T.);
#1732=EDGE_CURVE('',#1365,#1369,#686,.T.);
#1733=EDGE_CURVE('',#1370,#1371,#1068,.T.);
#1734=EDGE_CURVE('',#1372,#1370,#687,.T.);
#1735=EDGE_CURVE('',#1373,#1372,#190,.T.);
#1736=EDGE_CURVE('',#1374,#1373,#688,.T.);
#1737=EDGE_CURVE('',#1375,#1374,#1069,.T.);
#1738=EDGE_CURVE('',#1371,#1375,#689,.T.);
#1739=EDGE_CURVE('',#1376,#1377,#690,.T.);
#1740=EDGE_CURVE('',#1377,#1378,#1070,.T.);
#1741=EDGE_CURVE('',#1378,#1379,#691,.T.);
#1742=EDGE_CURVE('',#1379,#1380,#191,.T.);
#1743=EDGE_CURVE('',#1380,#1381,#692,.T.);
#1744=EDGE_CURVE('',#1381,#1376,#1071,.T.);
#1745=EDGE_CURVE('',#1382,#1383,#1072,.T.);
#1746=EDGE_CURVE('',#1384,#1382,#693,.T.);
#1747=EDGE_CURVE('',#1385,#1384,#192,.T.);
#1748=EDGE_CURVE('',#1386,#1385,#694,.T.);
#1749=EDGE_CURVE('',#1387,#1386,#1073,.T.);
#1750=EDGE_CURVE('',#1383,#1387,#695,.T.);
#1751=EDGE_CURVE('',#1277,#1295,#193,.T.);
#1752=EDGE_CURVE('',#1388,#1294,#194,.T.);
#1753=EDGE_CURVE('',#1389,#1388,#696,.T.);
#1754=EDGE_CURVE('',#1311,#1389,#1074,.T.);
#1755=EDGE_CURVE('',#1327,#1310,#195,.T.);
#1756=EDGE_CURVE('',#1390,#1391,#697,.T.);
#1757=EDGE_CURVE('',#1391,#1392,#1075,.T.);
#1758=EDGE_CURVE('',#1392,#1393,#698,.T.);
#1759=EDGE_CURVE('',#1393,#1394,#1076,.T.);
#1760=EDGE_CURVE('',#1394,#1395,#699,.T.);
#1761=EDGE_CURVE('',#1395,#1390,#196,.T.);
#1762=EDGE_CURVE('',#1396,#1397,#700,.T.);
#1763=EDGE_CURVE('',#1398,#1396,#1077,.T.);
#1764=EDGE_CURVE('',#1399,#1398,#24,.T.);
#1765=EDGE_CURVE('',#1400,#1399,#1078,.T.);
#1766=EDGE_CURVE('',#1401,#1400,#701,.T.);
#1767=EDGE_CURVE('',#1397,#1401,#197,.T.);
#1768=EDGE_CURVE('',#1228,#1402,#702,.T.);
#1769=EDGE_CURVE('',#1403,#1402,#703,.T.);
#1770=EDGE_CURVE('',#1403,#1313,#704,.T.);
#1771=EDGE_CURVE('',#1300,#1284,#198,.T.);
#1772=EDGE_CURVE('',#1404,#1283,#705,.T.);
#1773=EDGE_CURVE('',#1405,#1404,#1079,.T.);
#1774=EDGE_CURVE('',#1406,#1405,#706,.T.);
#1775=EDGE_CURVE('',#1304,#1406,#199,.T.);
#1776=EDGE_CURVE('',#1407,#1303,#1080,.T.);
#1777=EDGE_CURVE('',#1408,#1407,#707,.T.);
#1778=EDGE_CURVE('',#1301,#1408,#200,.T.);
#1779=EDGE_CURVE('',#1409,#1410,#708,.T.);
#1780=EDGE_CURVE('',#1411,#1409,#1081,.T.);
#1781=EDGE_CURVE('',#1412,#1411,#709,.T.);
#1782=EDGE_CURVE('',#1413,#1412,#201,.T.);
#1783=EDGE_CURVE('',#1414,#1413,#710,.T.);
#1784=EDGE_CURVE('',#1410,#1414,#1082,.T.);
#1785=EDGE_CURVE('',#1415,#1416,#1083,.T.);
#1786=EDGE_CURVE('',#1416,#1417,#711,.T.);
#1787=EDGE_CURVE('',#1417,#1418,#202,.T.);
#1788=EDGE_CURVE('',#1418,#1419,#712,.T.);
#1789=EDGE_CURVE('',#1419,#1420,#1084,.T.);
#1790=EDGE_CURVE('',#1420,#1415,#713,.T.);
#1791=EDGE_CURVE('',#1421,#1422,#714,.T.);
#1792=EDGE_CURVE('',#1423,#1421,#1085,.T.);
#1793=EDGE_CURVE('',#1424,#1423,#715,.T.);
#1794=EDGE_CURVE('',#1425,#1424,#203,.T.);
#1795=EDGE_CURVE('',#1426,#1425,#716,.T.);
#1796=EDGE_CURVE('',#1422,#1426,#1086,.T.);
#1797=EDGE_CURVE('',#1427,#1428,#717,.T.);
#1798=EDGE_CURVE('',#1429,#1427,#1087,.T.);
#1799=EDGE_CURVE('',#1430,#1429,#718,.T.);
#1800=EDGE_CURVE('',#1431,#1430,#204,.T.);
#1801=EDGE_CURVE('',#1432,#1431,#719,.T.);
#1802=EDGE_CURVE('',#1428,#1432,#1088,.T.);
#1803=EDGE_CURVE('',#1433,#1434,#1089,.T.);
#1804=EDGE_CURVE('',#1435,#1433,#720,.T.);
#1805=EDGE_CURVE('',#1436,#1435,#205,.T.);
#1806=EDGE_CURVE('',#1437,#1436,#721,.T.);
#1807=EDGE_CURVE('',#1438,#1437,#1090,.T.);
#1808=EDGE_CURVE('',#1434,#1438,#722,.T.);
#1809=EDGE_CURVE('',#1216,#1299,#206,.T.);
#1810=EDGE_CURVE('',#1439,#1298,#207,.T.);
#1811=EDGE_CURVE('',#1440,#1439,#723,.T.);
#1812=EDGE_CURVE('',#1306,#1440,#1091,.T.);
#1813=EDGE_CURVE('',#1211,#1305,#208,.T.);
#1814=EDGE_CURVE('',#1441,#1210,#1092,.T.);
#1815=EDGE_CURVE('',#1442,#1441,#724,.T.);
#1816=EDGE_CURVE('',#1443,#1442,#1093,.T.);
#1817=EDGE_CURVE('',#1444,#1443,#725,.T.);
#1818=EDGE_CURVE('',#1217,#1444,#209,.T.);
#1819=EDGE_CURVE('',#1445,#1446,#1094,.T.);
#1820=EDGE_CURVE('',#1447,#1445,#726,.T.);
#1821=EDGE_CURVE('',#1448,#1447,#1095,.T.);
#1822=EDGE_CURVE('',#1449,#1448,#727,.T.);
#1823=EDGE_CURVE('',#1450,#1449,#210,.T.);
#1824=EDGE_CURVE('',#1446,#1450,#728,.T.);
#1825=EDGE_CURVE('',#1451,#1452,#729,.T.);
#1826=EDGE_CURVE('',#1453,#1451,#1096,.T.);
#1827=EDGE_CURVE('',#1454,#1453,#730,.T.);
#1828=EDGE_CURVE('',#1455,#1454,#211,.T.);
#1829=EDGE_CURVE('',#1456,#1455,#731,.T.);
#1830=EDGE_CURVE('',#1452,#1456,#1097,.T.);
#1831=EDGE_CURVE('',#1457,#1458,#212,.T.);
#1832=EDGE_CURVE('',#1458,#1459,#732,.T.);
#1833=EDGE_CURVE('',#1459,#1460,#1098,.T.);
#1834=EDGE_CURVE('',#1460,#1461,#733,.T.);
#1835=EDGE_CURVE('',#1461,#1462,#1099,.T.);
#1836=EDGE_CURVE('',#1462,#1457,#734,.T.);
#1837=EDGE_CURVE('',#1463,#1464,#735,.T.);
#1838=EDGE_CURVE('',#1465,#1463,#1100,.T.);
#1839=EDGE_CURVE('',#1466,#1465,#736,.T.);
#1840=EDGE_CURVE('',#1467,#1466,#213,.T.);
#1841=EDGE_CURVE('',#1468,#1467,#737,.T.);
#1842=EDGE_CURVE('',#1464,#1468,#1101,.T.);
#1843=EDGE_CURVE('',#1469,#1470,#738,.T.);
#1844=EDGE_CURVE('',#1471,#1469,#1102,.T.);
#1845=EDGE_CURVE('',#1472,#1471,#739,.T.);
#1846=EDGE_CURVE('',#1473,#1472,#214,.T.);
#1847=EDGE_CURVE('',#1474,#1473,#740,.T.);
#1848=EDGE_CURVE('',#1470,#1474,#1103,.T.);
#1849=EDGE_CURVE('',#1288,#1475,#741,.T.);
#1850=EDGE_CURVE('',#1252,#1475,#742,.T.);
#1851=EDGE_CURVE('',#1264,#1476,#743,.T.);
#1852=EDGE_CURVE('',#1476,#1477,#744,.T.);
#1853=EDGE_CURVE('',#1477,#1478,#745,.T.);
#1854=EDGE_CURVE('',#1478,#1479,#746,.T.);
#1855=EDGE_CURVE('',#1479,#1480,#25,.T.);
#1856=EDGE_CURVE('',#1480,#1481,#747,.T.);
#1857=EDGE_CURVE('',#1481,#1302,#748,.T.);
#1858=EDGE_CURVE('',#1213,#1283,#749,.T.);
#1859=EDGE_CURVE('',#1212,#1482,#750,.T.);
#1860=EDGE_CURVE('',#1482,#1483,#751,.T.);
#1861=EDGE_CURVE('',#1483,#1404,#752,.T.);
#1862=EDGE_CURVE('',#1406,#1482,#1104,.T.);
#1863=EDGE_CURVE('',#1405,#1483,#1105,.T.);
#1864=EDGE_CURVE('',#1247,#1399,#1106,.T.);
#1865=EDGE_CURVE('',#1251,#1400,#1107,.T.);
#1866=EDGE_CURVE('',#1250,#1401,#1108,.T.);
#1867=EDGE_CURVE('',#1249,#1397,#1109,.T.);
#1868=EDGE_CURVE('',#1248,#1396,#1110,.T.);
#1869=EDGE_CURVE('',#1235,#1388,#1111,.T.);
#1870=EDGE_CURVE('',#1234,#1389,#1112,.T.);
#1871=EDGE_CURVE('',#1246,#1398,#1113,.T.);
#1872=EDGE_CURVE('',#1356,#1484,#1114,.T.);
#1873=EDGE_CURVE('',#1307,#1484,#753,.T.);
#1874=EDGE_CURVE('',#1364,#1485,#26,.T.);
#1875=EDGE_CURVE('',#1365,#1486,#27,.T.);
#1876=EDGE_CURVE('',#1486,#1485,#754,.T.);
#1877=EDGE_CURVE('',#1369,#1487,#28,.T.);
#1878=EDGE_CURVE('',#1368,#1488,#29,.T.);
#1879=EDGE_CURVE('',#1488,#1487,#755,.T.);
#1880=EDGE_CURVE('',#1487,#1486,#756,.T.);
#1881=EDGE_CURVE('',#1359,#1489,#30,.T.);
#1882=EDGE_CURVE('',#1363,#1490,#31,.T.);
#1883=EDGE_CURVE('',#1490,#1489,#757,.T.);
#1884=EDGE_CURVE('',#1362,#1491,#1115,.T.);
#1885=EDGE_CURVE('',#1361,#1492,#32,.T.);
#1886=EDGE_CURVE('',#1492,#1491,#758,.T.);
#1887=EDGE_CURVE('',#1491,#1490,#759,.T.);
#1888=EDGE_CURVE('',#1354,#1493,#1116,.T.);
#1889=EDGE_CURVE('',#1353,#1494,#1117,.T.);
#1890=EDGE_CURVE('',#1494,#1493,#760,.T.);
#1891=EDGE_CURVE('',#1355,#1495,#1118,.T.);
#1892=EDGE_CURVE('',#1495,#1209,#761,.T.);
#1893=EDGE_CURVE('',#1493,#1495,#762,.T.);
#1894=EDGE_CURVE('',#1382,#1496,#1119,.T.);
#1895=EDGE_CURVE('',#1383,#1497,#1120,.T.);
#1896=EDGE_CURVE('',#1497,#1496,#763,.T.);
#1897=EDGE_CURVE('',#1387,#1498,#1121,.T.);
#1898=EDGE_CURVE('',#1386,#1499,#1122,.T.);
#1899=EDGE_CURVE('',#1499,#1498,#764,.T.);
#1900=EDGE_CURVE('',#1498,#1497,#765,.T.);
#1901=EDGE_CURVE('',#1370,#1500,#33,.T.);
#1902=EDGE_CURVE('',#1371,#1501,#34,.T.);
#1903=EDGE_CURVE('',#1501,#1500,#766,.T.);
#1904=EDGE_CURVE('',#1375,#1502,#35,.T.);
#1905=EDGE_CURVE('',#1374,#1503,#36,.T.);
#1906=EDGE_CURVE('',#1503,#1502,#767,.T.);
#1907=EDGE_CURVE('',#1502,#1501,#768,.T.);
#1908=EDGE_CURVE('',#1495,#1441,#1123,.T.);
#1909=EDGE_CURVE('',#1493,#1442,#1124,.T.);
#1910=EDGE_CURVE('',#1352,#1444,#1125,.T.);
#1911=EDGE_CURVE('',#1494,#1443,#1126,.T.);
#1912=EDGE_CURVE('',#1484,#1440,#37,.T.);
#1913=EDGE_CURVE('',#1357,#1439,#1127,.T.);
#1914=EDGE_CURVE('',#1485,#1446,#1128,.T.);
#1915=EDGE_CURVE('',#1366,#1450,#1129,.T.);
#1916=EDGE_CURVE('',#1367,#1449,#1130,.T.);
#1917=EDGE_CURVE('',#1488,#1448,#1131,.T.);
#1918=EDGE_CURVE('',#1489,#1474,#1132,.T.);
#1919=EDGE_CURVE('',#1358,#1473,#1133,.T.);
#1920=EDGE_CURVE('',#1360,#1472,#1134,.T.);
#1921=EDGE_CURVE('',#1492,#1471,#1135,.T.);
#1922=EDGE_CURVE('',#1487,#1447,#1136,.T.);
#1923=EDGE_CURVE('',#1486,#1445,#1137,.T.);
#1924=EDGE_CURVE('',#1491,#1469,#1138,.T.);
#1925=EDGE_CURVE('',#1490,#1470,#1139,.T.);
#1926=EDGE_CURVE('',#1496,#1468,#1140,.T.);
#1927=EDGE_CURVE('',#1384,#1467,#1141,.T.);
#1928=EDGE_CURVE('',#1385,#1466,#1142,.T.);
#1929=EDGE_CURVE('',#1499,#1465,#1143,.T.);
#1930=EDGE_CURVE('',#1497,#1464,#1144,.T.);
#1931=EDGE_CURVE('',#1498,#1463,#1145,.T.);
#1932=EDGE_CURVE('',#1500,#1456,#1146,.T.);
#1933=EDGE_CURVE('',#1372,#1455,#1147,.T.);
#1934=EDGE_CURVE('',#1373,#1454,#1148,.T.);
#1935=EDGE_CURVE('',#1503,#1453,#1149,.T.);
#1936=EDGE_CURVE('',#1501,#1452,#1150,.T.);
#1937=EDGE_CURVE('',#1502,#1451,#1151,.T.);
#1938=EDGE_CURVE('',#1430,#1272,#1152,.T.);
#1939=EDGE_CURVE('',#1429,#1271,#1153,.T.);
#1940=EDGE_CURVE('',#1431,#1276,#1154,.T.);
#1941=EDGE_CURVE('',#1432,#1275,#1155,.T.);
#1942=EDGE_CURVE('',#1428,#1274,#1156,.T.);
#1943=EDGE_CURVE('',#1427,#1273,#1157,.T.);
#1944=EDGE_CURVE('',#1435,#1478,#1158,.T.);
#1945=EDGE_CURVE('',#1433,#1479,#1159,.T.);
#1946=EDGE_CURVE('',#1436,#1477,#1160,.T.);
#1947=EDGE_CURVE('',#1437,#1476,#1161,.T.);
#1948=EDGE_CURVE('',#1438,#1263,#1162,.T.);
#1949=EDGE_CURVE('',#1262,#1481,#769,.T.);
#1950=EDGE_CURVE('',#1434,#1480,#1163,.T.);
#1951=EDGE_CURVE('',#1408,#1258,#1164,.T.);
#1952=EDGE_CURVE('',#1407,#1259,#1165,.T.);
#1953=EDGE_CURVE('',#1504,#1505,#770,.T.);
#1954=EDGE_CURVE('',#1424,#1504,#1166,.T.);
#1955=EDGE_CURVE('',#1423,#1505,#1167,.T.);
#1956=EDGE_CURVE('',#1506,#1504,#771,.T.);
#1957=EDGE_CURVE('',#1425,#1506,#1168,.T.);
#1958=EDGE_CURVE('',#1507,#1506,#772,.T.);
#1959=EDGE_CURVE('',#1426,#1507,#1169,.T.);
#1960=EDGE_CURVE('',#1505,#1508,#38,.T.);
#1961=EDGE_CURVE('',#1421,#1508,#1170,.T.);
#1962=EDGE_CURVE('',#1509,#1507,#773,.T.);
#1963=EDGE_CURVE('',#1422,#1509,#1171,.T.);
#1964=EDGE_CURVE('',#1508,#1509,#774,.T.);
#1965=EDGE_CURVE('',#1510,#1511,#775,.T.);
#1966=EDGE_CURVE('',#1409,#1510,#1172,.T.);
#1967=EDGE_CURVE('',#1410,#1511,#1173,.T.);
#1968=EDGE_CURVE('',#1511,#1512,#776,.T.);
#1969=EDGE_CURVE('',#1414,#1512,#1174,.T.);
#1970=EDGE_CURVE('',#1513,#1510,#39,.T.);
#1971=EDGE_CURVE('',#1411,#1513,#1175,.T.);
#1972=EDGE_CURVE('',#1512,#1514,#777,.T.);
#1973=EDGE_CURVE('',#1413,#1514,#1176,.T.);
#1974=EDGE_CURVE('',#1514,#1515,#778,.T.);
#1975=EDGE_CURVE('',#1412,#1515,#1177,.T.);
#1976=EDGE_CURVE('',#1515,#1513,#779,.T.);
#1977=EDGE_CURVE('',#1420,#1269,#1178,.T.);
#1978=EDGE_CURVE('',#1415,#1268,#1179,.T.);
#1979=EDGE_CURVE('',#1419,#1270,#1180,.T.);
#1980=EDGE_CURVE('',#1416,#1267,#1181,.T.);
#1981=EDGE_CURVE('',#1418,#1265,#1182,.T.);
#1982=EDGE_CURVE('',#1417,#1266,#1183,.T.);
#1983=EDGE_CURVE('',#1516,#1460,#1184,.T.);
#1984=EDGE_CURVE('',#1517,#1516,#780,.T.);
#1985=EDGE_CURVE('',#1517,#1461,#1185,.T.);
#1986=EDGE_CURVE('',#1518,#1517,#781,.T.);
#1987=EDGE_CURVE('',#1518,#1462,#1186,.T.);
#1988=EDGE_CURVE('',#1519,#1459,#1187,.T.);
#1989=EDGE_CURVE('',#1516,#1519,#782,.T.);
#1990=EDGE_CURVE('',#1376,#1517,#1188,.T.);
#1991=EDGE_CURVE('',#1377,#1516,#1189,.T.);
#1992=EDGE_CURVE('',#1381,#1518,#1190,.T.);
#1993=EDGE_CURVE('',#1380,#1457,#1191,.T.);
#1994=EDGE_CURVE('',#1379,#1458,#1192,.T.);
#1995=EDGE_CURVE('',#1378,#1519,#1193,.T.);
#1996=EDGE_CURVE('',#1241,#1392,#1194,.T.);
#1997=EDGE_CURVE('',#1240,#1393,#1195,.T.);
#1998=EDGE_CURVE('',#1245,#1394,#1196,.T.);
#1999=EDGE_CURVE('',#1244,#1395,#1197,.T.);
#2000=EDGE_CURVE('',#1243,#1390,#1198,.T.);
#2001=EDGE_CURVE('',#1242,#1391,#1199,.T.);
#2002=EDGE_CURVE('',#1238,#1403,#783,.T.);
#2003=EDGE_CURVE('',#1254,#1475,#1200,.T.);
#2004=EDGE_CURVE('',#1402,#1239,#1201,.T.);
#2005=ORIENTED_EDGE('',*,*,#1520,.F.);
#2006=ORIENTED_EDGE('',*,*,#1521,.F.);
#2007=ORIENTED_EDGE('',*,*,#1522,.F.);
#2008=ORIENTED_EDGE('',*,*,#1523,.F.);
#2009=ORIENTED_EDGE('',*,*,#1524,.T.);
#2010=ORIENTED_EDGE('',*,*,#1525,.T.);
#2011=ORIENTED_EDGE('',*,*,#1526,.T.);
#2012=ORIENTED_EDGE('',*,*,#1527,.T.);
#2013=ORIENTED_EDGE('',*,*,#1528,.F.);
#2014=ORIENTED_EDGE('',*,*,#1529,.T.);
#2015=ORIENTED_EDGE('',*,*,#1530,.T.);
#2016=ORIENTED_EDGE('',*,*,#1531,.F.);
#2017=ORIENTED_EDGE('',*,*,#1532,.T.);
#2018=ORIENTED_EDGE('',*,*,#1533,.F.);
#2019=ORIENTED_EDGE('',*,*,#1534,.F.);
#2020=ORIENTED_EDGE('',*,*,#1535,.F.);
#2021=ORIENTED_EDGE('',*,*,#1536,.T.);
#2022=ORIENTED_EDGE('',*,*,#1537,.T.);
#2023=ORIENTED_EDGE('',*,*,#1538,.T.);
#2024=ORIENTED_EDGE('',*,*,#1539,.F.);
#2025=ORIENTED_EDGE('',*,*,#1540,.F.);
#2026=ORIENTED_EDGE('',*,*,#1541,.T.);
#2027=ORIENTED_EDGE('',*,*,#1542,.T.);
#2028=ORIENTED_EDGE('',*,*,#1543,.F.);
#2029=ORIENTED_EDGE('',*,*,#1544,.F.);
#2030=ORIENTED_EDGE('',*,*,#1543,.T.);
#2031=ORIENTED_EDGE('',*,*,#1545,.T.);
#2032=ORIENTED_EDGE('',*,*,#1546,.F.);
#2033=ORIENTED_EDGE('',*,*,#1547,.F.);
#2034=ORIENTED_EDGE('',*,*,#1548,.F.);
#2035=ORIENTED_EDGE('',*,*,#1549,.F.);
#2036=ORIENTED_EDGE('',*,*,#1550,.F.);
#2037=ORIENTED_EDGE('',*,*,#1551,.T.);
#2038=ORIENTED_EDGE('',*,*,#1552,.F.);
#2039=ORIENTED_EDGE('',*,*,#1553,.F.);
#2040=ORIENTED_EDGE('',*,*,#1554,.F.);
#2041=ORIENTED_EDGE('',*,*,#1555,.T.);
#2042=ORIENTED_EDGE('',*,*,#1556,.F.);
#2043=ORIENTED_EDGE('',*,*,#1557,.T.);
#2044=ORIENTED_EDGE('',*,*,#1558,.F.);
#2045=ORIENTED_EDGE('',*,*,#1559,.T.);
#2046=ORIENTED_EDGE('',*,*,#1560,.T.);
#2047=ORIENTED_EDGE('',*,*,#1561,.T.);
#2048=ORIENTED_EDGE('',*,*,#1562,.T.);
#2049=ORIENTED_EDGE('',*,*,#1563,.T.);
#2050=ORIENTED_EDGE('',*,*,#1564,.T.);
#2051=ORIENTED_EDGE('',*,*,#1565,.F.);
#2052=ORIENTED_EDGE('',*,*,#1566,.F.);
#2053=ORIENTED_EDGE('',*,*,#1567,.F.);
#2054=ORIENTED_EDGE('',*,*,#1568,.F.);
#2055=ORIENTED_EDGE('',*,*,#1569,.F.);
#2056=ORIENTED_EDGE('',*,*,#1570,.F.);
#2057=ORIENTED_EDGE('',*,*,#1571,.T.);
#2058=ORIENTED_EDGE('',*,*,#1572,.T.);
#2059=ORIENTED_EDGE('',*,*,#1537,.F.);
#2060=ORIENTED_EDGE('',*,*,#1573,.F.);
#2061=ORIENTED_EDGE('',*,*,#1574,.T.);
#2062=ORIENTED_EDGE('',*,*,#1575,.T.);
#2063=ORIENTED_EDGE('',*,*,#1576,.F.);
#2064=ORIENTED_EDGE('',*,*,#1577,.F.);
#2065=ORIENTED_EDGE('',*,*,#1578,.F.);
#2066=ORIENTED_EDGE('',*,*,#1579,.F.);
#2067=ORIENTED_EDGE('',*,*,#1580,.F.);
#2068=ORIENTED_EDGE('',*,*,#1581,.F.);
#2069=ORIENTED_EDGE('',*,*,#1582,.F.);
#2070=ORIENTED_EDGE('',*,*,#1583,.F.);
#2071=ORIENTED_EDGE('',*,*,#1584,.T.);
#2072=ORIENTED_EDGE('',*,*,#1585,.T.);
#2073=ORIENTED_EDGE('',*,*,#1586,.T.);
#2074=ORIENTED_EDGE('',*,*,#1587,.T.);
#2075=ORIENTED_EDGE('',*,*,#1588,.T.);
#2076=ORIENTED_EDGE('',*,*,#1589,.T.);
#2077=ORIENTED_EDGE('',*,*,#1590,.T.);
#2078=ORIENTED_EDGE('',*,*,#1591,.F.);
#2079=ORIENTED_EDGE('',*,*,#1592,.F.);
#2080=ORIENTED_EDGE('',*,*,#1593,.F.);
#2081=ORIENTED_EDGE('',*,*,#1594,.F.);
#2082=ORIENTED_EDGE('',*,*,#1595,.F.);
#2083=ORIENTED_EDGE('',*,*,#1596,.F.);
#2084=ORIENTED_EDGE('',*,*,#1597,.F.);
#2085=ORIENTED_EDGE('',*,*,#1598,.F.);
#2086=ORIENTED_EDGE('',*,*,#1599,.T.);
#2087=ORIENTED_EDGE('',*,*,#1600,.T.);
#2088=ORIENTED_EDGE('',*,*,#1601,.F.);
#2089=ORIENTED_EDGE('',*,*,#1600,.F.);
#2090=ORIENTED_EDGE('',*,*,#1602,.T.);
#2091=ORIENTED_EDGE('',*,*,#1521,.T.);
#2092=ORIENTED_EDGE('',*,*,#1546,.T.);
#2093=ORIENTED_EDGE('',*,*,#1603,.T.);
#2094=ORIENTED_EDGE('',*,*,#1604,.F.);
#2095=ORIENTED_EDGE('',*,*,#1605,.F.);
#2096=ORIENTED_EDGE('',*,*,#1606,.F.);
#2097=ORIENTED_EDGE('',*,*,#1541,.F.);
#2098=ORIENTED_EDGE('',*,*,#1607,.T.);
#2099=ORIENTED_EDGE('',*,*,#1604,.T.);
#2100=ORIENTED_EDGE('',*,*,#1608,.T.);
#2101=ORIENTED_EDGE('',*,*,#1609,.T.);
#2102=ORIENTED_EDGE('',*,*,#1610,.F.);
#2103=ORIENTED_EDGE('',*,*,#1611,.F.);
#2104=ORIENTED_EDGE('',*,*,#1612,.F.);
#2105=ORIENTED_EDGE('',*,*,#1532,.F.);
#2106=ORIENTED_EDGE('',*,*,#1613,.T.);
#2107=ORIENTED_EDGE('',*,*,#1610,.T.);
#2108=ORIENTED_EDGE('',*,*,#1614,.F.);
#2109=ORIENTED_EDGE('',*,*,#1615,.F.);
#2110=ORIENTED_EDGE('',*,*,#1575,.F.);
#2111=ORIENTED_EDGE('',*,*,#1616,.T.);
#2112=ORIENTED_EDGE('',*,*,#1617,.F.);
#2113=ORIENTED_EDGE('',*,*,#1571,.F.);
#2114=ORIENTED_EDGE('',*,*,#1618,.T.);
#2115=ORIENTED_EDGE('',*,*,#1619,.T.);
#2116=ORIENTED_EDGE('',*,*,#1620,.F.);
#2117=ORIENTED_EDGE('',*,*,#1619,.F.);
#2118=ORIENTED_EDGE('',*,*,#1621,.T.);
#2119=ORIENTED_EDGE('',*,*,#1539,.T.);
#2120=ORIENTED_EDGE('',*,*,#1523,.T.);
#2121=ORIENTED_EDGE('',*,*,#1622,.T.);
#2122=ORIENTED_EDGE('',*,*,#1623,.F.);
#2123=ORIENTED_EDGE('',*,*,#1624,.F.);
#2124=ORIENTED_EDGE('',*,*,#1625,.F.);
#2125=ORIENTED_EDGE('',*,*,#1626,.T.);
#2126=ORIENTED_EDGE('',*,*,#1627,.T.);
#2127=ORIENTED_EDGE('',*,*,#1628,.T.);
#2128=ORIENTED_EDGE('',*,*,#1629,.F.);
#2129=ORIENTED_EDGE('',*,*,#1630,.T.);
#2130=ORIENTED_EDGE('',*,*,#1631,.T.);
#2131=ORIENTED_EDGE('',*,*,#1632,.T.);
#2132=ORIENTED_EDGE('',*,*,#1633,.F.);
#2133=ORIENTED_EDGE('',*,*,#1634,.T.);
#2134=ORIENTED_EDGE('',*,*,#1576,.T.);
#2135=ORIENTED_EDGE('',*,*,#1615,.T.);
#2136=ORIENTED_EDGE('',*,*,#1635,.F.);
#2137=ORIENTED_EDGE('',*,*,#1636,.T.);
#2138=ORIENTED_EDGE('',*,*,#1580,.T.);
#2139=ORIENTED_EDGE('',*,*,#1637,.F.);
#2140=ORIENTED_EDGE('',*,*,#1638,.F.);
#2141=ORIENTED_EDGE('',*,*,#1639,.F.);
#2142=ORIENTED_EDGE('',*,*,#1640,.T.);
#2143=ORIENTED_EDGE('',*,*,#1641,.F.);
#2144=ORIENTED_EDGE('',*,*,#1642,.F.);
#2145=ORIENTED_EDGE('',*,*,#1643,.F.);
#2146=ORIENTED_EDGE('',*,*,#1644,.F.);
#2147=ORIENTED_EDGE('',*,*,#1645,.T.);
#2148=ORIENTED_EDGE('',*,*,#1646,.F.);
#2149=ORIENTED_EDGE('',*,*,#1551,.F.);
#2150=ORIENTED_EDGE('',*,*,#1647,.F.);
#2151=ORIENTED_EDGE('',*,*,#1648,.T.);
#2152=ORIENTED_EDGE('',*,*,#1649,.T.);
#2153=ORIENTED_EDGE('',*,*,#1555,.F.);
#2154=ORIENTED_EDGE('',*,*,#1650,.T.);
#2155=ORIENTED_EDGE('',*,*,#1651,.T.);
#2156=ORIENTED_EDGE('',*,*,#1647,.T.);
#2157=ORIENTED_EDGE('',*,*,#1550,.T.);
#2158=ORIENTED_EDGE('',*,*,#1652,.F.);
#2159=ORIENTED_EDGE('',*,*,#1548,.T.);
#2160=ORIENTED_EDGE('',*,*,#1653,.T.);
#2161=ORIENTED_EDGE('',*,*,#1654,.T.);
#2162=ORIENTED_EDGE('',*,*,#1655,.T.);
#2163=ORIENTED_EDGE('',*,*,#1656,.F.);
#2164=ORIENTED_EDGE('',*,*,#1657,.F.);
#2165=ORIENTED_EDGE('',*,*,#1658,.T.);
#2166=ORIENTED_EDGE('',*,*,#1652,.T.);
#2167=ORIENTED_EDGE('',*,*,#1549,.T.);
#2168=ORIENTED_EDGE('',*,*,#1656,.T.);
#2169=ORIENTED_EDGE('',*,*,#1659,.T.);
#2170=ORIENTED_EDGE('',*,*,#1654,.F.);
#2171=ORIENTED_EDGE('',*,*,#1660,.T.);
#2172=ORIENTED_EDGE('',*,*,#1661,.T.);
#2173=ORIENTED_EDGE('',*,*,#1662,.T.);
#2174=ORIENTED_EDGE('',*,*,#1661,.F.);
#2175=ORIENTED_EDGE('',*,*,#1663,.T.);
#2176=ORIENTED_EDGE('',*,*,#1664,.T.);
#2177=ORIENTED_EDGE('',*,*,#1665,.T.);
#2178=ORIENTED_EDGE('',*,*,#1664,.F.);
#2179=ORIENTED_EDGE('',*,*,#1666,.T.);
#2180=ORIENTED_EDGE('',*,*,#1667,.T.);
#2181=ORIENTED_EDGE('',*,*,#1668,.T.);
#2182=ORIENTED_EDGE('',*,*,#1667,.F.);
#2183=ORIENTED_EDGE('',*,*,#1669,.T.);
#2184=ORIENTED_EDGE('',*,*,#1657,.T.);
#2185=ORIENTED_EDGE('',*,*,#1670,.T.);
#2186=ORIENTED_EDGE('',*,*,#1671,.T.);
#2187=ORIENTED_EDGE('',*,*,#1672,.F.);
#2188=ORIENTED_EDGE('',*,*,#1625,.T.);
#2189=ORIENTED_EDGE('',*,*,#1673,.T.);
#2190=ORIENTED_EDGE('',*,*,#1673,.F.);
#2191=ORIENTED_EDGE('',*,*,#1624,.T.);
#2192=ORIENTED_EDGE('',*,*,#1674,.T.);
#2193=ORIENTED_EDGE('',*,*,#1675,.F.);
#2194=ORIENTED_EDGE('',*,*,#1676,.T.);
#2195=ORIENTED_EDGE('',*,*,#1677,.T.);
#2196=ORIENTED_EDGE('',*,*,#1678,.T.);
#2197=ORIENTED_EDGE('',*,*,#1677,.F.);
#2198=ORIENTED_EDGE('',*,*,#1679,.T.);
#2199=ORIENTED_EDGE('',*,*,#1680,.T.);
#2200=ORIENTED_EDGE('',*,*,#1681,.T.);
#2201=ORIENTED_EDGE('',*,*,#1680,.F.);
#2202=ORIENTED_EDGE('',*,*,#1682,.T.);
#2203=ORIENTED_EDGE('',*,*,#1683,.T.);
#2204=ORIENTED_EDGE('',*,*,#1684,.T.);
#2205=ORIENTED_EDGE('',*,*,#1683,.F.);
#2206=ORIENTED_EDGE('',*,*,#1685,.T.);
#2207=ORIENTED_EDGE('',*,*,#1686,.T.);
#2208=ORIENTED_EDGE('',*,*,#1687,.T.);
#2209=ORIENTED_EDGE('',*,*,#1686,.F.);
#2210=ORIENTED_EDGE('',*,*,#1688,.T.);
#2211=ORIENTED_EDGE('',*,*,#1689,.T.);
#2212=ORIENTED_EDGE('',*,*,#1690,.T.);
#2213=ORIENTED_EDGE('',*,*,#1689,.F.);
#2214=ORIENTED_EDGE('',*,*,#1691,.T.);
#2215=ORIENTED_EDGE('',*,*,#1675,.T.);
#2216=ORIENTED_EDGE('',*,*,#1692,.T.);
#2217=ORIENTED_EDGE('',*,*,#1693,.F.);
#2218=ORIENTED_EDGE('',*,*,#1694,.T.);
#2219=ORIENTED_EDGE('',*,*,#1695,.T.);
#2220=ORIENTED_EDGE('',*,*,#1696,.T.);
#2221=ORIENTED_EDGE('',*,*,#1695,.F.);
#2222=ORIENTED_EDGE('',*,*,#1697,.T.);
#2223=ORIENTED_EDGE('',*,*,#1698,.T.);
#2224=ORIENTED_EDGE('',*,*,#1699,.T.);
#2225=ORIENTED_EDGE('',*,*,#1698,.F.);
#2226=ORIENTED_EDGE('',*,*,#1700,.T.);
#2227=ORIENTED_EDGE('',*,*,#1701,.T.);
#2228=ORIENTED_EDGE('',*,*,#1702,.T.);
#2229=ORIENTED_EDGE('',*,*,#1701,.F.);
#2230=ORIENTED_EDGE('',*,*,#1703,.T.);
#2231=ORIENTED_EDGE('',*,*,#1704,.T.);
#2232=ORIENTED_EDGE('',*,*,#1705,.T.);
#2233=ORIENTED_EDGE('',*,*,#1704,.F.);
#2234=ORIENTED_EDGE('',*,*,#1706,.T.);
#2235=ORIENTED_EDGE('',*,*,#1707,.T.);
#2236=ORIENTED_EDGE('',*,*,#1708,.T.);
#2237=ORIENTED_EDGE('',*,*,#1707,.F.);
#2238=ORIENTED_EDGE('',*,*,#1709,.T.);
#2239=ORIENTED_EDGE('',*,*,#1693,.T.);
#2240=ORIENTED_EDGE('',*,*,#1710,.T.);
#2241=ORIENTED_EDGE('',*,*,#1629,.T.);
#2242=ORIENTED_EDGE('',*,*,#1711,.T.);
#2243=ORIENTED_EDGE('',*,*,#1536,.F.);
#2244=ORIENTED_EDGE('',*,*,#1712,.F.);
#2245=ORIENTED_EDGE('',*,*,#1713,.F.);
#2246=ORIENTED_EDGE('',*,*,#1714,.F.);
#2247=ORIENTED_EDGE('',*,*,#1715,.F.);
#2248=ORIENTED_EDGE('',*,*,#1716,.F.);
#2249=ORIENTED_EDGE('',*,*,#1525,.F.);
#2250=ORIENTED_EDGE('',*,*,#1717,.F.);
#2251=ORIENTED_EDGE('',*,*,#1643,.T.);
#2252=ORIENTED_EDGE('',*,*,#1718,.F.);
#2253=ORIENTED_EDGE('',*,*,#1719,.F.);
#2254=ORIENTED_EDGE('',*,*,#1720,.F.);
#2255=ORIENTED_EDGE('',*,*,#1721,.F.);
#2256=ORIENTED_EDGE('',*,*,#1722,.F.);
#2257=ORIENTED_EDGE('',*,*,#1723,.F.);
#2258=ORIENTED_EDGE('',*,*,#1724,.F.);
#2259=ORIENTED_EDGE('',*,*,#1725,.F.);
#2260=ORIENTED_EDGE('',*,*,#1726,.F.);
#2261=ORIENTED_EDGE('',*,*,#1727,.F.);
#2262=ORIENTED_EDGE('',*,*,#1728,.F.);
#2263=ORIENTED_EDGE('',*,*,#1729,.F.);
#2264=ORIENTED_EDGE('',*,*,#1730,.F.);
#2265=ORIENTED_EDGE('',*,*,#1731,.F.);
#2266=ORIENTED_EDGE('',*,*,#1732,.F.);
#2267=ORIENTED_EDGE('',*,*,#1733,.F.);
#2268=ORIENTED_EDGE('',*,*,#1734,.F.);
#2269=ORIENTED_EDGE('',*,*,#1735,.F.);
#2270=ORIENTED_EDGE('',*,*,#1736,.F.);
#2271=ORIENTED_EDGE('',*,*,#1737,.F.);
#2272=ORIENTED_EDGE('',*,*,#1738,.F.);
#2273=ORIENTED_EDGE('',*,*,#1739,.T.);
#2274=ORIENTED_EDGE('',*,*,#1740,.T.);
#2275=ORIENTED_EDGE('',*,*,#1741,.T.);
#2276=ORIENTED_EDGE('',*,*,#1742,.T.);
#2277=ORIENTED_EDGE('',*,*,#1743,.T.);
#2278=ORIENTED_EDGE('',*,*,#1744,.T.);
#2279=ORIENTED_EDGE('',*,*,#1745,.F.);
#2280=ORIENTED_EDGE('',*,*,#1746,.F.);
#2281=ORIENTED_EDGE('',*,*,#1747,.F.);
#2282=ORIENTED_EDGE('',*,*,#1748,.F.);
#2283=ORIENTED_EDGE('',*,*,#1749,.F.);
#2284=ORIENTED_EDGE('',*,*,#1750,.F.);
#2285=ORIENTED_EDGE('',*,*,#1598,.T.);
#2286=ORIENTED_EDGE('',*,*,#1751,.T.);
#2287=ORIENTED_EDGE('',*,*,#1627,.F.);
#2288=ORIENTED_EDGE('',*,*,#1752,.F.);
#2289=ORIENTED_EDGE('',*,*,#1753,.F.);
#2290=ORIENTED_EDGE('',*,*,#1754,.F.);
#2291=ORIENTED_EDGE('',*,*,#1645,.F.);
#2292=ORIENTED_EDGE('',*,*,#1755,.F.);
#2293=ORIENTED_EDGE('',*,*,#1671,.F.);
#2294=ORIENTED_EDGE('',*,*,#1674,.F.);
#2295=ORIENTED_EDGE('',*,*,#1623,.T.);
#2296=ORIENTED_EDGE('',*,*,#1710,.F.);
#2297=ORIENTED_EDGE('',*,*,#1696,.F.);
#2298=ORIENTED_EDGE('',*,*,#1699,.F.);
#2299=ORIENTED_EDGE('',*,*,#1702,.F.);
#2300=ORIENTED_EDGE('',*,*,#1705,.F.);
#2301=ORIENTED_EDGE('',*,*,#1708,.F.);
#2302=ORIENTED_EDGE('',*,*,#1756,.T.);
#2303=ORIENTED_EDGE('',*,*,#1757,.T.);
#2304=ORIENTED_EDGE('',*,*,#1758,.T.);
#2305=ORIENTED_EDGE('',*,*,#1759,.T.);
#2306=ORIENTED_EDGE('',*,*,#1760,.T.);
#2307=ORIENTED_EDGE('',*,*,#1761,.T.);
#2308=ORIENTED_EDGE('',*,*,#1692,.F.);
#2309=ORIENTED_EDGE('',*,*,#1678,.F.);
#2310=ORIENTED_EDGE('',*,*,#1681,.F.);
#2311=ORIENTED_EDGE('',*,*,#1684,.F.);
#2312=ORIENTED_EDGE('',*,*,#1687,.F.);
#2313=ORIENTED_EDGE('',*,*,#1690,.F.);
#2314=ORIENTED_EDGE('',*,*,#1762,.F.);
#2315=ORIENTED_EDGE('',*,*,#1763,.F.);
#2316=ORIENTED_EDGE('',*,*,#1764,.F.);
#2317=ORIENTED_EDGE('',*,*,#1765,.F.);
#2318=ORIENTED_EDGE('',*,*,#1766,.F.);
#2319=ORIENTED_EDGE('',*,*,#1767,.F.);
#2320=ORIENTED_EDGE('',*,*,#1670,.F.);
#2321=ORIENTED_EDGE('',*,*,#1659,.F.);
#2322=ORIENTED_EDGE('',*,*,#1655,.F.);
#2323=ORIENTED_EDGE('',*,*,#1662,.F.);
#2324=ORIENTED_EDGE('',*,*,#1665,.F.);
#2325=ORIENTED_EDGE('',*,*,#1668,.F.);
#2326=ORIENTED_EDGE('',*,*,#1547,.T.);
#2327=ORIENTED_EDGE('',*,*,#1768,.T.);
#2328=ORIENTED_EDGE('',*,*,#1769,.F.);
#2329=ORIENTED_EDGE('',*,*,#1770,.T.);
#2330=ORIENTED_EDGE('',*,*,#1648,.F.);
#2331=ORIENTED_EDGE('',*,*,#1651,.F.);
#2332=ORIENTED_EDGE('',*,*,#1658,.F.);
#2333=ORIENTED_EDGE('',*,*,#1669,.F.);
#2334=ORIENTED_EDGE('',*,*,#1666,.F.);
#2335=ORIENTED_EDGE('',*,*,#1663,.F.);
#2336=ORIENTED_EDGE('',*,*,#1660,.F.);
#2337=ORIENTED_EDGE('',*,*,#1653,.F.);
#2338=ORIENTED_EDGE('',*,*,#1633,.T.);
#2339=ORIENTED_EDGE('',*,*,#1771,.T.);
#2340=ORIENTED_EDGE('',*,*,#1608,.F.);
#2341=ORIENTED_EDGE('',*,*,#1772,.F.);
#2342=ORIENTED_EDGE('',*,*,#1773,.F.);
#2343=ORIENTED_EDGE('',*,*,#1774,.F.);
#2344=ORIENTED_EDGE('',*,*,#1775,.F.);
#2345=ORIENTED_EDGE('',*,*,#1638,.T.);
#2346=ORIENTED_EDGE('',*,*,#1776,.F.);
#2347=ORIENTED_EDGE('',*,*,#1777,.F.);
#2348=ORIENTED_EDGE('',*,*,#1778,.F.);
#2349=ORIENTED_EDGE('',*,*,#1779,.F.);
#2350=ORIENTED_EDGE('',*,*,#1780,.F.);
#2351=ORIENTED_EDGE('',*,*,#1781,.F.);
#2352=ORIENTED_EDGE('',*,*,#1782,.F.);
#2353=ORIENTED_EDGE('',*,*,#1783,.F.);
#2354=ORIENTED_EDGE('',*,*,#1784,.F.);
#2355=ORIENTED_EDGE('',*,*,#1785,.T.);
#2356=ORIENTED_EDGE('',*,*,#1786,.T.);
#2357=ORIENTED_EDGE('',*,*,#1787,.T.);
#2358=ORIENTED_EDGE('',*,*,#1788,.T.);
#2359=ORIENTED_EDGE('',*,*,#1789,.T.);
#2360=ORIENTED_EDGE('',*,*,#1790,.T.);
#2361=ORIENTED_EDGE('',*,*,#1791,.F.);
#2362=ORIENTED_EDGE('',*,*,#1792,.F.);
#2363=ORIENTED_EDGE('',*,*,#1793,.F.);
#2364=ORIENTED_EDGE('',*,*,#1794,.F.);
#2365=ORIENTED_EDGE('',*,*,#1795,.F.);
#2366=ORIENTED_EDGE('',*,*,#1796,.F.);
#2367=ORIENTED_EDGE('',*,*,#1797,.F.);
#2368=ORIENTED_EDGE('',*,*,#1798,.F.);
#2369=ORIENTED_EDGE('',*,*,#1799,.F.);
#2370=ORIENTED_EDGE('',*,*,#1800,.F.);
#2371=ORIENTED_EDGE('',*,*,#1801,.F.);
#2372=ORIENTED_EDGE('',*,*,#1802,.F.);
#2373=ORIENTED_EDGE('',*,*,#1803,.F.);
#2374=ORIENTED_EDGE('',*,*,#1804,.F.);
#2375=ORIENTED_EDGE('',*,*,#1805,.F.);
#2376=ORIENTED_EDGE('',*,*,#1806,.F.);
#2377=ORIENTED_EDGE('',*,*,#1807,.F.);
#2378=ORIENTED_EDGE('',*,*,#1808,.F.);
#2379=ORIENTED_EDGE('',*,*,#1534,.T.);
#2380=ORIENTED_EDGE('',*,*,#1809,.T.);
#2381=ORIENTED_EDGE('',*,*,#1631,.F.);
#2382=ORIENTED_EDGE('',*,*,#1810,.F.);
#2383=ORIENTED_EDGE('',*,*,#1811,.F.);
#2384=ORIENTED_EDGE('',*,*,#1812,.F.);
#2385=ORIENTED_EDGE('',*,*,#1640,.F.);
#2386=ORIENTED_EDGE('',*,*,#1813,.F.);
#2387=ORIENTED_EDGE('',*,*,#1528,.T.);
#2388=ORIENTED_EDGE('',*,*,#1814,.F.);
#2389=ORIENTED_EDGE('',*,*,#1815,.F.);
#2390=ORIENTED_EDGE('',*,*,#1816,.F.);
#2391=ORIENTED_EDGE('',*,*,#1817,.F.);
#2392=ORIENTED_EDGE('',*,*,#1818,.F.);
#2393=ORIENTED_EDGE('',*,*,#1819,.F.);
#2394=ORIENTED_EDGE('',*,*,#1820,.F.);
#2395=ORIENTED_EDGE('',*,*,#1821,.F.);
#2396=ORIENTED_EDGE('',*,*,#1822,.F.);
#2397=ORIENTED_EDGE('',*,*,#1823,.F.);
#2398=ORIENTED_EDGE('',*,*,#1824,.F.);
#2399=ORIENTED_EDGE('',*,*,#1825,.F.);
#2400=ORIENTED_EDGE('',*,*,#1826,.F.);
#2401=ORIENTED_EDGE('',*,*,#1827,.F.);
#2402=ORIENTED_EDGE('',*,*,#1828,.F.);
#2403=ORIENTED_EDGE('',*,*,#1829,.F.);
#2404=ORIENTED_EDGE('',*,*,#1830,.F.);
#2405=ORIENTED_EDGE('',*,*,#1831,.T.);
#2406=ORIENTED_EDGE('',*,*,#1832,.T.);
#2407=ORIENTED_EDGE('',*,*,#1833,.T.);
#2408=ORIENTED_EDGE('',*,*,#1834,.T.);
#2409=ORIENTED_EDGE('',*,*,#1835,.T.);
#2410=ORIENTED_EDGE('',*,*,#1836,.T.);
#2411=ORIENTED_EDGE('',*,*,#1837,.F.);
#2412=ORIENTED_EDGE('',*,*,#1838,.F.);
#2413=ORIENTED_EDGE('',*,*,#1839,.F.);
#2414=ORIENTED_EDGE('',*,*,#1840,.F.);
#2415=ORIENTED_EDGE('',*,*,#1841,.F.);
#2416=ORIENTED_EDGE('',*,*,#1842,.F.);
#2417=ORIENTED_EDGE('',*,*,#1843,.F.);
#2418=ORIENTED_EDGE('',*,*,#1844,.F.);
#2419=ORIENTED_EDGE('',*,*,#1845,.F.);
#2420=ORIENTED_EDGE('',*,*,#1846,.F.);
#2421=ORIENTED_EDGE('',*,*,#1847,.F.);
#2422=ORIENTED_EDGE('',*,*,#1848,.F.);
#2423=ORIENTED_EDGE('',*,*,#1635,.T.);
#2424=ORIENTED_EDGE('',*,*,#1614,.T.);
#2425=ORIENTED_EDGE('',*,*,#1849,.T.);
#2426=ORIENTED_EDGE('',*,*,#1850,.F.);
#2427=ORIENTED_EDGE('',*,*,#1584,.F.);
#2428=ORIENTED_EDGE('',*,*,#1851,.T.);
#2429=ORIENTED_EDGE('',*,*,#1852,.T.);
#2430=ORIENTED_EDGE('',*,*,#1853,.T.);
#2431=ORIENTED_EDGE('',*,*,#1854,.T.);
#2432=ORIENTED_EDGE('',*,*,#1855,.T.);
#2433=ORIENTED_EDGE('',*,*,#1856,.T.);
#2434=ORIENTED_EDGE('',*,*,#1857,.T.);
#2435=ORIENTED_EDGE('',*,*,#1772,.T.);
#2436=ORIENTED_EDGE('',*,*,#1858,.F.);
#2437=ORIENTED_EDGE('',*,*,#1530,.F.);
#2438=ORIENTED_EDGE('',*,*,#1859,.T.);
#2439=ORIENTED_EDGE('',*,*,#1860,.T.);
#2440=ORIENTED_EDGE('',*,*,#1861,.T.);
#2441=ORIENTED_EDGE('',*,*,#1862,.T.);
#2442=ORIENTED_EDGE('',*,*,#1859,.F.);
#2443=ORIENTED_EDGE('',*,*,#1529,.F.);
#2444=ORIENTED_EDGE('',*,*,#1813,.T.);
#2445=ORIENTED_EDGE('',*,*,#1639,.T.);
#2446=ORIENTED_EDGE('',*,*,#1775,.T.);
#2447=ORIENTED_EDGE('',*,*,#1860,.F.);
#2448=ORIENTED_EDGE('',*,*,#1862,.F.);
#2449=ORIENTED_EDGE('',*,*,#1774,.T.);
#2450=ORIENTED_EDGE('',*,*,#1863,.T.);
#2451=ORIENTED_EDGE('',*,*,#1773,.T.);
#2452=ORIENTED_EDGE('',*,*,#1861,.F.);
#2453=ORIENTED_EDGE('',*,*,#1863,.F.);
#2454=ORIENTED_EDGE('',*,*,#1864,.F.);
#2455=ORIENTED_EDGE('',*,*,#1570,.T.);
#2456=ORIENTED_EDGE('',*,*,#1865,.T.);
#2457=ORIENTED_EDGE('',*,*,#1765,.T.);
#2458=ORIENTED_EDGE('',*,*,#1865,.F.);
#2459=ORIENTED_EDGE('',*,*,#1569,.T.);
#2460=ORIENTED_EDGE('',*,*,#1866,.T.);
#2461=ORIENTED_EDGE('',*,*,#1766,.T.);
#2462=ORIENTED_EDGE('',*,*,#1866,.F.);
#2463=ORIENTED_EDGE('',*,*,#1568,.T.);
#2464=ORIENTED_EDGE('',*,*,#1867,.T.);
#2465=ORIENTED_EDGE('',*,*,#1767,.T.);
#2466=ORIENTED_EDGE('',*,*,#1867,.F.);
#2467=ORIENTED_EDGE('',*,*,#1567,.T.);
#2468=ORIENTED_EDGE('',*,*,#1868,.T.);
#2469=ORIENTED_EDGE('',*,*,#1762,.T.);
#2470=ORIENTED_EDGE('',*,*,#1650,.F.);
#2471=ORIENTED_EDGE('',*,*,#1554,.T.);
#2472=ORIENTED_EDGE('',*,*,#1869,.T.);
#2473=ORIENTED_EDGE('',*,*,#1752,.T.);
#2474=ORIENTED_EDGE('',*,*,#1870,.F.);
#2475=ORIENTED_EDGE('',*,*,#1552,.T.);
#2476=ORIENTED_EDGE('',*,*,#1646,.T.);
#2477=ORIENTED_EDGE('',*,*,#1754,.T.);
#2478=ORIENTED_EDGE('',*,*,#1869,.F.);
#2479=ORIENTED_EDGE('',*,*,#1553,.T.);
#2480=ORIENTED_EDGE('',*,*,#1870,.T.);
#2481=ORIENTED_EDGE('',*,*,#1753,.T.);
#2482=ORIENTED_EDGE('',*,*,#1871,.F.);
#2483=ORIENTED_EDGE('',*,*,#1565,.T.);
#2484=ORIENTED_EDGE('',*,*,#1864,.T.);
#2485=ORIENTED_EDGE('',*,*,#1764,.T.);
#2486=ORIENTED_EDGE('',*,*,#1868,.F.);
#2487=ORIENTED_EDGE('',*,*,#1566,.T.);
#2488=ORIENTED_EDGE('',*,*,#1871,.T.);
#2489=ORIENTED_EDGE('',*,*,#1763,.T.);
#2490=ORIENTED_EDGE('',*,*,#1672,.T.);
#2491=ORIENTED_EDGE('',*,*,#1755,.T.);
#2492=ORIENTED_EDGE('',*,*,#1644,.T.);
#2493=ORIENTED_EDGE('',*,*,#1717,.T.);
#2494=ORIENTED_EDGE('',*,*,#1524,.F.);
#2495=ORIENTED_EDGE('',*,*,#1626,.F.);
#2496=ORIENTED_EDGE('',*,*,#1872,.F.);
#2497=ORIENTED_EDGE('',*,*,#1718,.T.);
#2498=ORIENTED_EDGE('',*,*,#1642,.T.);
#2499=ORIENTED_EDGE('',*,*,#1873,.T.);
#2500=ORIENTED_EDGE('',*,*,#1874,.F.);
#2501=ORIENTED_EDGE('',*,*,#1727,.T.);
#2502=ORIENTED_EDGE('',*,*,#1875,.T.);
#2503=ORIENTED_EDGE('',*,*,#1876,.T.);
#2504=ORIENTED_EDGE('',*,*,#1877,.F.);
#2505=ORIENTED_EDGE('',*,*,#1731,.T.);
#2506=ORIENTED_EDGE('',*,*,#1878,.T.);
#2507=ORIENTED_EDGE('',*,*,#1879,.T.);
#2508=ORIENTED_EDGE('',*,*,#1875,.F.);
#2509=ORIENTED_EDGE('',*,*,#1732,.T.);
#2510=ORIENTED_EDGE('',*,*,#1877,.T.);
#2511=ORIENTED_EDGE('',*,*,#1880,.T.);
#2512=ORIENTED_EDGE('',*,*,#1881,.F.);
#2513=ORIENTED_EDGE('',*,*,#1726,.T.);
#2514=ORIENTED_EDGE('',*,*,#1882,.T.);
#2515=ORIENTED_EDGE('',*,*,#1883,.T.);
#2516=ORIENTED_EDGE('',*,*,#1884,.F.);
#2517=ORIENTED_EDGE('',*,*,#1724,.T.);
#2518=ORIENTED_EDGE('',*,*,#1885,.T.);
#2519=ORIENTED_EDGE('',*,*,#1886,.T.);
#2520=ORIENTED_EDGE('',*,*,#1882,.F.);
#2521=ORIENTED_EDGE('',*,*,#1725,.T.);
#2522=ORIENTED_EDGE('',*,*,#1884,.T.);
#2523=ORIENTED_EDGE('',*,*,#1887,.T.);
#2524=ORIENTED_EDGE('',*,*,#1888,.F.);
#2525=ORIENTED_EDGE('',*,*,#1714,.T.);
#2526=ORIENTED_EDGE('',*,*,#1889,.T.);
#2527=ORIENTED_EDGE('',*,*,#1890,.T.);
#2528=ORIENTED_EDGE('',*,*,#1526,.F.);
#2529=ORIENTED_EDGE('',*,*,#1716,.T.);
#2530=ORIENTED_EDGE('',*,*,#1891,.T.);
#2531=ORIENTED_EDGE('',*,*,#1892,.T.);
#2532=ORIENTED_EDGE('',*,*,#1891,.F.);
#2533=ORIENTED_EDGE('',*,*,#1715,.T.);
#2534=ORIENTED_EDGE('',*,*,#1888,.T.);
#2535=ORIENTED_EDGE('',*,*,#1893,.T.);
#2536=ORIENTED_EDGE('',*,*,#1894,.F.);
#2537=ORIENTED_EDGE('',*,*,#1745,.T.);
#2538=ORIENTED_EDGE('',*,*,#1895,.T.);
#2539=ORIENTED_EDGE('',*,*,#1896,.T.);
#2540=ORIENTED_EDGE('',*,*,#1897,.F.);
#2541=ORIENTED_EDGE('',*,*,#1749,.T.);
#2542=ORIENTED_EDGE('',*,*,#1898,.T.);
#2543=ORIENTED_EDGE('',*,*,#1899,.T.);
#2544=ORIENTED_EDGE('',*,*,#1895,.F.);
#2545=ORIENTED_EDGE('',*,*,#1750,.T.);
#2546=ORIENTED_EDGE('',*,*,#1897,.T.);
#2547=ORIENTED_EDGE('',*,*,#1900,.T.);
#2548=ORIENTED_EDGE('',*,*,#1901,.F.);
#2549=ORIENTED_EDGE('',*,*,#1733,.T.);
#2550=ORIENTED_EDGE('',*,*,#1902,.T.);
#2551=ORIENTED_EDGE('',*,*,#1903,.T.);
#2552=ORIENTED_EDGE('',*,*,#1904,.F.);
#2553=ORIENTED_EDGE('',*,*,#1737,.T.);
#2554=ORIENTED_EDGE('',*,*,#1905,.T.);
#2555=ORIENTED_EDGE('',*,*,#1906,.T.);
#2556=ORIENTED_EDGE('',*,*,#1902,.F.);
#2557=ORIENTED_EDGE('',*,*,#1738,.T.);
#2558=ORIENTED_EDGE('',*,*,#1904,.T.);
#2559=ORIENTED_EDGE('',*,*,#1907,.T.);
#2560=ORIENTED_EDGE('',*,*,#1814,.T.);
#2561=ORIENTED_EDGE('',*,*,#1527,.F.);
#2562=ORIENTED_EDGE('',*,*,#1892,.F.);
#2563=ORIENTED_EDGE('',*,*,#1908,.T.);
#2564=ORIENTED_EDGE('',*,*,#1909,.T.);
#2565=ORIENTED_EDGE('',*,*,#1815,.T.);
#2566=ORIENTED_EDGE('',*,*,#1908,.F.);
#2567=ORIENTED_EDGE('',*,*,#1893,.F.);
#2568=ORIENTED_EDGE('',*,*,#1712,.T.);
#2569=ORIENTED_EDGE('',*,*,#1535,.T.);
#2570=ORIENTED_EDGE('',*,*,#1818,.T.);
#2571=ORIENTED_EDGE('',*,*,#1910,.F.);
#2572=ORIENTED_EDGE('',*,*,#1910,.T.);
#2573=ORIENTED_EDGE('',*,*,#1817,.T.);
#2574=ORIENTED_EDGE('',*,*,#1911,.F.);
#2575=ORIENTED_EDGE('',*,*,#1889,.F.);
#2576=ORIENTED_EDGE('',*,*,#1713,.T.);
#2577=ORIENTED_EDGE('',*,*,#1911,.T.);
#2578=ORIENTED_EDGE('',*,*,#1816,.T.);
#2579=ORIENTED_EDGE('',*,*,#1909,.F.);
#2580=ORIENTED_EDGE('',*,*,#1890,.F.);
#2581=ORIENTED_EDGE('',*,*,#1912,.T.);
#2582=ORIENTED_EDGE('',*,*,#1811,.T.);
#2583=ORIENTED_EDGE('',*,*,#1913,.F.);
#2584=ORIENTED_EDGE('',*,*,#1719,.T.);
#2585=ORIENTED_EDGE('',*,*,#1872,.T.);
#2586=ORIENTED_EDGE('',*,*,#1913,.T.);
#2587=ORIENTED_EDGE('',*,*,#1810,.T.);
#2588=ORIENTED_EDGE('',*,*,#1630,.F.);
#2589=ORIENTED_EDGE('',*,*,#1720,.T.);
#2590=ORIENTED_EDGE('',*,*,#1914,.T.);
#2591=ORIENTED_EDGE('',*,*,#1824,.T.);
#2592=ORIENTED_EDGE('',*,*,#1915,.F.);
#2593=ORIENTED_EDGE('',*,*,#1728,.T.);
#2594=ORIENTED_EDGE('',*,*,#1874,.T.);
#2595=ORIENTED_EDGE('',*,*,#1915,.T.);
#2596=ORIENTED_EDGE('',*,*,#1823,.T.);
#2597=ORIENTED_EDGE('',*,*,#1916,.F.);
#2598=ORIENTED_EDGE('',*,*,#1729,.T.);
#2599=ORIENTED_EDGE('',*,*,#1878,.F.);
#2600=ORIENTED_EDGE('',*,*,#1730,.T.);
#2601=ORIENTED_EDGE('',*,*,#1916,.T.);
#2602=ORIENTED_EDGE('',*,*,#1822,.T.);
#2603=ORIENTED_EDGE('',*,*,#1917,.F.);
#2604=ORIENTED_EDGE('',*,*,#1918,.T.);
#2605=ORIENTED_EDGE('',*,*,#1847,.T.);
#2606=ORIENTED_EDGE('',*,*,#1919,.F.);
#2607=ORIENTED_EDGE('',*,*,#1721,.T.);
#2608=ORIENTED_EDGE('',*,*,#1881,.T.);
#2609=ORIENTED_EDGE('',*,*,#1919,.T.);
#2610=ORIENTED_EDGE('',*,*,#1846,.T.);
#2611=ORIENTED_EDGE('',*,*,#1920,.F.);
#2612=ORIENTED_EDGE('',*,*,#1722,.T.);
#2613=ORIENTED_EDGE('',*,*,#1885,.F.);
#2614=ORIENTED_EDGE('',*,*,#1723,.T.);
#2615=ORIENTED_EDGE('',*,*,#1920,.T.);
#2616=ORIENTED_EDGE('',*,*,#1845,.T.);
#2617=ORIENTED_EDGE('',*,*,#1921,.F.);
#2618=ORIENTED_EDGE('',*,*,#1641,.T.);
#2619=ORIENTED_EDGE('',*,*,#1812,.T.);
#2620=ORIENTED_EDGE('',*,*,#1912,.F.);
#2621=ORIENTED_EDGE('',*,*,#1873,.F.);
#2622=ORIENTED_EDGE('',*,*,#1917,.T.);
#2623=ORIENTED_EDGE('',*,*,#1821,.T.);
#2624=ORIENTED_EDGE('',*,*,#1922,.F.);
#2625=ORIENTED_EDGE('',*,*,#1879,.F.);
#2626=ORIENTED_EDGE('',*,*,#1922,.T.);
#2627=ORIENTED_EDGE('',*,*,#1820,.T.);
#2628=ORIENTED_EDGE('',*,*,#1923,.F.);
#2629=ORIENTED_EDGE('',*,*,#1880,.F.);
#2630=ORIENTED_EDGE('',*,*,#1923,.T.);
#2631=ORIENTED_EDGE('',*,*,#1819,.T.);
#2632=ORIENTED_EDGE('',*,*,#1914,.F.);
#2633=ORIENTED_EDGE('',*,*,#1876,.F.);
#2634=ORIENTED_EDGE('',*,*,#1921,.T.);
#2635=ORIENTED_EDGE('',*,*,#1844,.T.);
#2636=ORIENTED_EDGE('',*,*,#1924,.F.);
#2637=ORIENTED_EDGE('',*,*,#1886,.F.);
#2638=ORIENTED_EDGE('',*,*,#1925,.T.);
#2639=ORIENTED_EDGE('',*,*,#1848,.T.);
#2640=ORIENTED_EDGE('',*,*,#1918,.F.);
#2641=ORIENTED_EDGE('',*,*,#1883,.F.);
#2642=ORIENTED_EDGE('',*,*,#1924,.T.);
#2643=ORIENTED_EDGE('',*,*,#1843,.T.);
#2644=ORIENTED_EDGE('',*,*,#1925,.F.);
#2645=ORIENTED_EDGE('',*,*,#1887,.F.);
#2646=ORIENTED_EDGE('',*,*,#1926,.T.);
#2647=ORIENTED_EDGE('',*,*,#1841,.T.);
#2648=ORIENTED_EDGE('',*,*,#1927,.F.);
#2649=ORIENTED_EDGE('',*,*,#1746,.T.);
#2650=ORIENTED_EDGE('',*,*,#1894,.T.);
#2651=ORIENTED_EDGE('',*,*,#1927,.T.);
#2652=ORIENTED_EDGE('',*,*,#1840,.T.);
#2653=ORIENTED_EDGE('',*,*,#1928,.F.);
#2654=ORIENTED_EDGE('',*,*,#1747,.T.);
#2655=ORIENTED_EDGE('',*,*,#1928,.T.);
#2656=ORIENTED_EDGE('',*,*,#1839,.T.);
#2657=ORIENTED_EDGE('',*,*,#1929,.F.);
#2658=ORIENTED_EDGE('',*,*,#1898,.F.);
#2659=ORIENTED_EDGE('',*,*,#1748,.T.);
#2660=ORIENTED_EDGE('',*,*,#1930,.T.);
#2661=ORIENTED_EDGE('',*,*,#1842,.T.);
#2662=ORIENTED_EDGE('',*,*,#1926,.F.);
#2663=ORIENTED_EDGE('',*,*,#1896,.F.);
#2664=ORIENTED_EDGE('',*,*,#1929,.T.);
#2665=ORIENTED_EDGE('',*,*,#1838,.T.);
#2666=ORIENTED_EDGE('',*,*,#1931,.F.);
#2667=ORIENTED_EDGE('',*,*,#1899,.F.);
#2668=ORIENTED_EDGE('',*,*,#1931,.T.);
#2669=ORIENTED_EDGE('',*,*,#1837,.T.);
#2670=ORIENTED_EDGE('',*,*,#1930,.F.);
#2671=ORIENTED_EDGE('',*,*,#1900,.F.);
#2672=ORIENTED_EDGE('',*,*,#1932,.T.);
#2673=ORIENTED_EDGE('',*,*,#1829,.T.);
#2674=ORIENTED_EDGE('',*,*,#1933,.F.);
#2675=ORIENTED_EDGE('',*,*,#1734,.T.);
#2676=ORIENTED_EDGE('',*,*,#1901,.T.);
#2677=ORIENTED_EDGE('',*,*,#1933,.T.);
#2678=ORIENTED_EDGE('',*,*,#1828,.T.);
#2679=ORIENTED_EDGE('',*,*,#1934,.F.);
#2680=ORIENTED_EDGE('',*,*,#1735,.T.);
#2681=ORIENTED_EDGE('',*,*,#1905,.F.);
#2682=ORIENTED_EDGE('',*,*,#1736,.T.);
#2683=ORIENTED_EDGE('',*,*,#1934,.T.);
#2684=ORIENTED_EDGE('',*,*,#1827,.T.);
#2685=ORIENTED_EDGE('',*,*,#1935,.F.);
#2686=ORIENTED_EDGE('',*,*,#1936,.T.);
#2687=ORIENTED_EDGE('',*,*,#1830,.T.);
#2688=ORIENTED_EDGE('',*,*,#1932,.F.);
#2689=ORIENTED_EDGE('',*,*,#1903,.F.);
#2690=ORIENTED_EDGE('',*,*,#1935,.T.);
#2691=ORIENTED_EDGE('',*,*,#1826,.T.);
#2692=ORIENTED_EDGE('',*,*,#1937,.F.);
#2693=ORIENTED_EDGE('',*,*,#1906,.F.);
#2694=ORIENTED_EDGE('',*,*,#1937,.T.);
#2695=ORIENTED_EDGE('',*,*,#1825,.T.);
#2696=ORIENTED_EDGE('',*,*,#1936,.F.);
#2697=ORIENTED_EDGE('',*,*,#1907,.F.);
#2698=ORIENTED_EDGE('',*,*,#1938,.F.);
#2699=ORIENTED_EDGE('',*,*,#1799,.T.);
#2700=ORIENTED_EDGE('',*,*,#1939,.T.);
#2701=ORIENTED_EDGE('',*,*,#1591,.T.);
#2702=ORIENTED_EDGE('',*,*,#1940,.F.);
#2703=ORIENTED_EDGE('',*,*,#1800,.T.);
#2704=ORIENTED_EDGE('',*,*,#1938,.T.);
#2705=ORIENTED_EDGE('',*,*,#1596,.T.);
#2706=ORIENTED_EDGE('',*,*,#1941,.F.);
#2707=ORIENTED_EDGE('',*,*,#1801,.T.);
#2708=ORIENTED_EDGE('',*,*,#1940,.T.);
#2709=ORIENTED_EDGE('',*,*,#1595,.T.);
#2710=ORIENTED_EDGE('',*,*,#1942,.F.);
#2711=ORIENTED_EDGE('',*,*,#1802,.T.);
#2712=ORIENTED_EDGE('',*,*,#1941,.T.);
#2713=ORIENTED_EDGE('',*,*,#1594,.T.);
#2714=ORIENTED_EDGE('',*,*,#1939,.F.);
#2715=ORIENTED_EDGE('',*,*,#1798,.T.);
#2716=ORIENTED_EDGE('',*,*,#1943,.T.);
#2717=ORIENTED_EDGE('',*,*,#1592,.T.);
#2718=ORIENTED_EDGE('',*,*,#1943,.F.);
#2719=ORIENTED_EDGE('',*,*,#1797,.T.);
#2720=ORIENTED_EDGE('',*,*,#1942,.T.);
#2721=ORIENTED_EDGE('',*,*,#1593,.T.);
#2722=ORIENTED_EDGE('',*,*,#1854,.F.);
#2723=ORIENTED_EDGE('',*,*,#1944,.F.);
#2724=ORIENTED_EDGE('',*,*,#1804,.T.);
#2725=ORIENTED_EDGE('',*,*,#1945,.T.);
#2726=ORIENTED_EDGE('',*,*,#1853,.F.);
#2727=ORIENTED_EDGE('',*,*,#1946,.F.);
#2728=ORIENTED_EDGE('',*,*,#1805,.T.);
#2729=ORIENTED_EDGE('',*,*,#1944,.T.);
#2730=ORIENTED_EDGE('',*,*,#1852,.F.);
#2731=ORIENTED_EDGE('',*,*,#1947,.F.);
#2732=ORIENTED_EDGE('',*,*,#1806,.T.);
#2733=ORIENTED_EDGE('',*,*,#1946,.T.);
#2734=ORIENTED_EDGE('',*,*,#1851,.F.);
#2735=ORIENTED_EDGE('',*,*,#1583,.T.);
#2736=ORIENTED_EDGE('',*,*,#1948,.F.);
#2737=ORIENTED_EDGE('',*,*,#1807,.T.);
#2738=ORIENTED_EDGE('',*,*,#1947,.T.);
#2739=ORIENTED_EDGE('',*,*,#1949,.T.);
#2740=ORIENTED_EDGE('',*,*,#1856,.F.);
#2741=ORIENTED_EDGE('',*,*,#1950,.F.);
#2742=ORIENTED_EDGE('',*,*,#1808,.T.);
#2743=ORIENTED_EDGE('',*,*,#1948,.T.);
#2744=ORIENTED_EDGE('',*,*,#1582,.T.);
#2745=ORIENTED_EDGE('',*,*,#1855,.F.);
#2746=ORIENTED_EDGE('',*,*,#1945,.F.);
#2747=ORIENTED_EDGE('',*,*,#1803,.T.);
#2748=ORIENTED_EDGE('',*,*,#1950,.T.);
#2749=ORIENTED_EDGE('',*,*,#1951,.F.);
#2750=ORIENTED_EDGE('',*,*,#1777,.T.);
#2751=ORIENTED_EDGE('',*,*,#1952,.T.);
#2752=ORIENTED_EDGE('',*,*,#1578,.T.);
#2753=ORIENTED_EDGE('',*,*,#1634,.F.);
#2754=ORIENTED_EDGE('',*,*,#1778,.T.);
#2755=ORIENTED_EDGE('',*,*,#1951,.T.);
#2756=ORIENTED_EDGE('',*,*,#1577,.T.);
#2757=ORIENTED_EDGE('',*,*,#1952,.F.);
#2758=ORIENTED_EDGE('',*,*,#1776,.T.);
#2759=ORIENTED_EDGE('',*,*,#1637,.T.);
#2760=ORIENTED_EDGE('',*,*,#1579,.T.);
#2761=ORIENTED_EDGE('',*,*,#1953,.F.);
#2762=ORIENTED_EDGE('',*,*,#1954,.F.);
#2763=ORIENTED_EDGE('',*,*,#1793,.T.);
#2764=ORIENTED_EDGE('',*,*,#1955,.T.);
#2765=ORIENTED_EDGE('',*,*,#1956,.F.);
#2766=ORIENTED_EDGE('',*,*,#1957,.F.);
#2767=ORIENTED_EDGE('',*,*,#1794,.T.);
#2768=ORIENTED_EDGE('',*,*,#1954,.T.);
#2769=ORIENTED_EDGE('',*,*,#1958,.F.);
#2770=ORIENTED_EDGE('',*,*,#1959,.F.);
#2771=ORIENTED_EDGE('',*,*,#1795,.T.);
#2772=ORIENTED_EDGE('',*,*,#1957,.T.);
#2773=ORIENTED_EDGE('',*,*,#1960,.F.);
#2774=ORIENTED_EDGE('',*,*,#1955,.F.);
#2775=ORIENTED_EDGE('',*,*,#1792,.T.);
#2776=ORIENTED_EDGE('',*,*,#1961,.T.);
#2777=ORIENTED_EDGE('',*,*,#1962,.F.);
#2778=ORIENTED_EDGE('',*,*,#1963,.F.);
#2779=ORIENTED_EDGE('',*,*,#1796,.T.);
#2780=ORIENTED_EDGE('',*,*,#1959,.T.);
#2781=ORIENTED_EDGE('',*,*,#1964,.F.);
#2782=ORIENTED_EDGE('',*,*,#1961,.F.);
#2783=ORIENTED_EDGE('',*,*,#1791,.T.);
#2784=ORIENTED_EDGE('',*,*,#1963,.T.);
#2785=ORIENTED_EDGE('',*,*,#1965,.F.);
#2786=ORIENTED_EDGE('',*,*,#1966,.F.);
#2787=ORIENTED_EDGE('',*,*,#1779,.T.);
#2788=ORIENTED_EDGE('',*,*,#1967,.T.);
#2789=ORIENTED_EDGE('',*,*,#1968,.F.);
#2790=ORIENTED_EDGE('',*,*,#1967,.F.);
#2791=ORIENTED_EDGE('',*,*,#1784,.T.);
#2792=ORIENTED_EDGE('',*,*,#1969,.T.);
#2793=ORIENTED_EDGE('',*,*,#1970,.F.);
#2794=ORIENTED_EDGE('',*,*,#1971,.F.);
#2795=ORIENTED_EDGE('',*,*,#1780,.T.);
#2796=ORIENTED_EDGE('',*,*,#1966,.T.);
#2797=ORIENTED_EDGE('',*,*,#1972,.F.);
#2798=ORIENTED_EDGE('',*,*,#1969,.F.);
#2799=ORIENTED_EDGE('',*,*,#1783,.T.);
#2800=ORIENTED_EDGE('',*,*,#1973,.T.);
#2801=ORIENTED_EDGE('',*,*,#1974,.F.);
#2802=ORIENTED_EDGE('',*,*,#1973,.F.);
#2803=ORIENTED_EDGE('',*,*,#1782,.T.);
#2804=ORIENTED_EDGE('',*,*,#1975,.T.);
#2805=ORIENTED_EDGE('',*,*,#1976,.F.);
#2806=ORIENTED_EDGE('',*,*,#1975,.F.);
#2807=ORIENTED_EDGE('',*,*,#1781,.T.);
#2808=ORIENTED_EDGE('',*,*,#1971,.T.);
#2809=ORIENTED_EDGE('',*,*,#1790,.F.);
#2810=ORIENTED_EDGE('',*,*,#1977,.T.);
#2811=ORIENTED_EDGE('',*,*,#1588,.F.);
#2812=ORIENTED_EDGE('',*,*,#1978,.F.);
#2813=ORIENTED_EDGE('',*,*,#1789,.F.);
#2814=ORIENTED_EDGE('',*,*,#1979,.T.);
#2815=ORIENTED_EDGE('',*,*,#1589,.F.);
#2816=ORIENTED_EDGE('',*,*,#1977,.F.);
#2817=ORIENTED_EDGE('',*,*,#1785,.F.);
#2818=ORIENTED_EDGE('',*,*,#1978,.T.);
#2819=ORIENTED_EDGE('',*,*,#1587,.F.);
#2820=ORIENTED_EDGE('',*,*,#1980,.F.);
#2821=ORIENTED_EDGE('',*,*,#1788,.F.);
#2822=ORIENTED_EDGE('',*,*,#1981,.T.);
#2823=ORIENTED_EDGE('',*,*,#1590,.F.);
#2824=ORIENTED_EDGE('',*,*,#1979,.F.);
#2825=ORIENTED_EDGE('',*,*,#1787,.F.);
#2826=ORIENTED_EDGE('',*,*,#1982,.T.);
#2827=ORIENTED_EDGE('',*,*,#1585,.F.);
#2828=ORIENTED_EDGE('',*,*,#1981,.F.);
#2829=ORIENTED_EDGE('',*,*,#1786,.F.);
#2830=ORIENTED_EDGE('',*,*,#1980,.T.);
#2831=ORIENTED_EDGE('',*,*,#1586,.F.);
#2832=ORIENTED_EDGE('',*,*,#1982,.F.);
#2833=ORIENTED_EDGE('',*,*,#1636,.F.);
#2834=ORIENTED_EDGE('',*,*,#1857,.F.);
#2835=ORIENTED_EDGE('',*,*,#1949,.F.);
#2836=ORIENTED_EDGE('',*,*,#1581,.T.);
#2837=ORIENTED_EDGE('',*,*,#1834,.F.);
#2838=ORIENTED_EDGE('',*,*,#1983,.F.);
#2839=ORIENTED_EDGE('',*,*,#1984,.F.);
#2840=ORIENTED_EDGE('',*,*,#1985,.T.);
#2841=ORIENTED_EDGE('',*,*,#1835,.F.);
#2842=ORIENTED_EDGE('',*,*,#1985,.F.);
#2843=ORIENTED_EDGE('',*,*,#1986,.F.);
#2844=ORIENTED_EDGE('',*,*,#1987,.T.);
#2845=ORIENTED_EDGE('',*,*,#1833,.F.);
#2846=ORIENTED_EDGE('',*,*,#1988,.F.);
#2847=ORIENTED_EDGE('',*,*,#1989,.F.);
#2848=ORIENTED_EDGE('',*,*,#1983,.T.);
#2849=ORIENTED_EDGE('',*,*,#1739,.F.);
#2850=ORIENTED_EDGE('',*,*,#1990,.T.);
#2851=ORIENTED_EDGE('',*,*,#1984,.T.);
#2852=ORIENTED_EDGE('',*,*,#1991,.F.);
#2853=ORIENTED_EDGE('',*,*,#1744,.F.);
#2854=ORIENTED_EDGE('',*,*,#1992,.T.);
#2855=ORIENTED_EDGE('',*,*,#1986,.T.);
#2856=ORIENTED_EDGE('',*,*,#1990,.F.);
#2857=ORIENTED_EDGE('',*,*,#1836,.F.);
#2858=ORIENTED_EDGE('',*,*,#1987,.F.);
#2859=ORIENTED_EDGE('',*,*,#1992,.F.);
#2860=ORIENTED_EDGE('',*,*,#1743,.F.);
#2861=ORIENTED_EDGE('',*,*,#1993,.T.);
#2862=ORIENTED_EDGE('',*,*,#1831,.F.);
#2863=ORIENTED_EDGE('',*,*,#1993,.F.);
#2864=ORIENTED_EDGE('',*,*,#1742,.F.);
#2865=ORIENTED_EDGE('',*,*,#1994,.T.);
#2866=ORIENTED_EDGE('',*,*,#1832,.F.);
#2867=ORIENTED_EDGE('',*,*,#1994,.F.);
#2868=ORIENTED_EDGE('',*,*,#1741,.F.);
#2869=ORIENTED_EDGE('',*,*,#1995,.T.);
#2870=ORIENTED_EDGE('',*,*,#1988,.T.);
#2871=ORIENTED_EDGE('',*,*,#1740,.F.);
#2872=ORIENTED_EDGE('',*,*,#1991,.T.);
#2873=ORIENTED_EDGE('',*,*,#1989,.T.);
#2874=ORIENTED_EDGE('',*,*,#1995,.F.);
#2875=ORIENTED_EDGE('',*,*,#1758,.F.);
#2876=ORIENTED_EDGE('',*,*,#1996,.F.);
#2877=ORIENTED_EDGE('',*,*,#1559,.F.);
#2878=ORIENTED_EDGE('',*,*,#1997,.T.);
#2879=ORIENTED_EDGE('',*,*,#1759,.F.);
#2880=ORIENTED_EDGE('',*,*,#1997,.F.);
#2881=ORIENTED_EDGE('',*,*,#1564,.F.);
#2882=ORIENTED_EDGE('',*,*,#1998,.T.);
#2883=ORIENTED_EDGE('',*,*,#1760,.F.);
#2884=ORIENTED_EDGE('',*,*,#1998,.F.);
#2885=ORIENTED_EDGE('',*,*,#1563,.F.);
#2886=ORIENTED_EDGE('',*,*,#1999,.T.);
#2887=ORIENTED_EDGE('',*,*,#1761,.F.);
#2888=ORIENTED_EDGE('',*,*,#1999,.F.);
#2889=ORIENTED_EDGE('',*,*,#1562,.F.);
#2890=ORIENTED_EDGE('',*,*,#2000,.T.);
#2891=ORIENTED_EDGE('',*,*,#1756,.F.);
#2892=ORIENTED_EDGE('',*,*,#2000,.F.);
#2893=ORIENTED_EDGE('',*,*,#1561,.F.);
#2894=ORIENTED_EDGE('',*,*,#2001,.T.);
#2895=ORIENTED_EDGE('',*,*,#1757,.F.);
#2896=ORIENTED_EDGE('',*,*,#2001,.F.);
#2897=ORIENTED_EDGE('',*,*,#1560,.F.);
#2898=ORIENTED_EDGE('',*,*,#1996,.T.);
#2899=ORIENTED_EDGE('',*,*,#1970,.T.);
#2900=ORIENTED_EDGE('',*,*,#1965,.T.);
#2901=ORIENTED_EDGE('',*,*,#1968,.T.);
#2902=ORIENTED_EDGE('',*,*,#1972,.T.);
#2903=ORIENTED_EDGE('',*,*,#1974,.T.);
#2904=ORIENTED_EDGE('',*,*,#1976,.T.);
#2905=ORIENTED_EDGE('',*,*,#1956,.T.);
#2906=ORIENTED_EDGE('',*,*,#1953,.T.);
#2907=ORIENTED_EDGE('',*,*,#1960,.T.);
#2908=ORIENTED_EDGE('',*,*,#1964,.T.);
#2909=ORIENTED_EDGE('',*,*,#1962,.T.);
#2910=ORIENTED_EDGE('',*,*,#1958,.T.);
#2911=ORIENTED_EDGE('',*,*,#1694,.F.);
#2912=ORIENTED_EDGE('',*,*,#1709,.F.);
#2913=ORIENTED_EDGE('',*,*,#1706,.F.);
#2914=ORIENTED_EDGE('',*,*,#1703,.F.);
#2915=ORIENTED_EDGE('',*,*,#1700,.F.);
#2916=ORIENTED_EDGE('',*,*,#1697,.F.);
#2917=ORIENTED_EDGE('',*,*,#1676,.F.);
#2918=ORIENTED_EDGE('',*,*,#1691,.F.);
#2919=ORIENTED_EDGE('',*,*,#1688,.F.);
#2920=ORIENTED_EDGE('',*,*,#1685,.F.);
#2921=ORIENTED_EDGE('',*,*,#1682,.F.);
#2922=ORIENTED_EDGE('',*,*,#1679,.F.);
#2923=ORIENTED_EDGE('',*,*,#1649,.F.);
#2924=ORIENTED_EDGE('',*,*,#1770,.F.);
#2925=ORIENTED_EDGE('',*,*,#2002,.F.);
#2926=ORIENTED_EDGE('',*,*,#1556,.T.);
#2927=ORIENTED_EDGE('',*,*,#1573,.T.);
#2928=ORIENTED_EDGE('',*,*,#1540,.T.);
#2929=ORIENTED_EDGE('',*,*,#1621,.F.);
#2930=ORIENTED_EDGE('',*,*,#1618,.F.);
#2931=ORIENTED_EDGE('',*,*,#1850,.T.);
#2932=ORIENTED_EDGE('',*,*,#2003,.F.);
#2933=ORIENTED_EDGE('',*,*,#2003,.T.);
#2934=ORIENTED_EDGE('',*,*,#1849,.F.);
#2935=ORIENTED_EDGE('',*,*,#1616,.F.);
#2936=ORIENTED_EDGE('',*,*,#1574,.F.);
#2937=ORIENTED_EDGE('',*,*,#1531,.T.);
#2938=ORIENTED_EDGE('',*,*,#1858,.T.);
#2939=ORIENTED_EDGE('',*,*,#1611,.T.);
#2940=ORIENTED_EDGE('',*,*,#1613,.F.);
#2941=ORIENTED_EDGE('',*,*,#1558,.T.);
#2942=ORIENTED_EDGE('',*,*,#2004,.F.);
#2943=ORIENTED_EDGE('',*,*,#1768,.F.);
#2944=ORIENTED_EDGE('',*,*,#1605,.T.);
#2945=ORIENTED_EDGE('',*,*,#1607,.F.);
#2946=ORIENTED_EDGE('',*,*,#1544,.T.);
#2947=ORIENTED_EDGE('',*,*,#2002,.T.);
#2948=ORIENTED_EDGE('',*,*,#1769,.T.);
#2949=ORIENTED_EDGE('',*,*,#2004,.T.);
#2950=ORIENTED_EDGE('',*,*,#1557,.F.);
#2951=ORIENTED_EDGE('',*,*,#1522,.T.);
#2952=ORIENTED_EDGE('',*,*,#1602,.F.);
#2953=ORIENTED_EDGE('',*,*,#1599,.F.);
#2954=ORIENTED_EDGE('',*,*,#1622,.F.);
#2955=ORIENTED_EDGE('',*,*,#1612,.T.);
#2956=ORIENTED_EDGE('',*,*,#1609,.F.);
#2957=ORIENTED_EDGE('',*,*,#1771,.F.);
#2958=ORIENTED_EDGE('',*,*,#1632,.F.);
#2959=ORIENTED_EDGE('',*,*,#1809,.F.);
#2960=ORIENTED_EDGE('',*,*,#1533,.T.);
#2961=ORIENTED_EDGE('',*,*,#1601,.T.);
#2962=ORIENTED_EDGE('',*,*,#1520,.T.);
#2963=ORIENTED_EDGE('',*,*,#1711,.F.);
#2964=ORIENTED_EDGE('',*,*,#1628,.F.);
#2965=ORIENTED_EDGE('',*,*,#1751,.F.);
#2966=ORIENTED_EDGE('',*,*,#1597,.T.);
#2967=ORIENTED_EDGE('',*,*,#1572,.F.);
#2968=ORIENTED_EDGE('',*,*,#1617,.T.);
#2969=ORIENTED_EDGE('',*,*,#1620,.T.);
#2970=ORIENTED_EDGE('',*,*,#1538,.F.);
#2971=ORIENTED_EDGE('',*,*,#1606,.T.);
#2972=ORIENTED_EDGE('',*,*,#1603,.F.);
#2973=ORIENTED_EDGE('',*,*,#1545,.F.);
#2974=ORIENTED_EDGE('',*,*,#1542,.F.);
#2975=PLANE('',#3223);
#2976=PLANE('',#3233);
#2977=PLANE('',#3236);
#2978=PLANE('',#3239);
#2979=PLANE('',#3251);
#2980=PLANE('',#3263);
#2981=PLANE('',#3266);
#2982=PLANE('',#3267);
#2983=PLANE('',#3270);
#2984=PLANE('',#3271);
#2985=PLANE('',#3274);
#2986=PLANE('',#3275);
#2987=PLANE('',#3276);
#2988=PLANE('',#3279);
#2989=PLANE('',#3280);
#2990=PLANE('',#3281);
#2991=PLANE('',#3300);
#2992=PLANE('',#3305);
#2993=PLANE('',#3315);
#2994=PLANE('',#3320);
#2995=PLANE('',#3327);
#2996=PLANE('',#3332);
#2997=PLANE('',#3334);
#2998=PLANE('',#3357);
#2999=PLANE('',#3368);
#3000=PLANE('',#3369);
#3001=PLANE('',#3390);
#3002=PLANE('',#3413);
#3003=PLANE('',#3414);
#3004=PLANE('',#3420);
#3005=PLANE('',#3424);
#3006=PLANE('',#3429);
#3007=PLANE('',#3445);
#3008=PLANE('',#3447);
#3009=PLANE('',#3450);
#3010=PLANE('',#3455);
#3011=PLANE('',#3457);
#3012=PLANE('',#3462);
#3013=PLANE('',#3468);
#3014=PLANE('',#3473);
#3015=PLANE('',#3477);
#3016=PLANE('',#3482);
#3017=PLANE('',#3486);
#3018=PLANE('',#3491);
#3019=PLANE('',#3495);
#3020=PLANE('',#3500);
#3021=PLANE('',#3504);
#3022=PLANE('',#3508);
#3023=PLANE('',#3513);
#3024=PLANE('',#3521);
#3025=PLANE('',#3525);
#3026=PLANE('',#3530);
#3027=PLANE('',#3534);
#3028=PLANE('',#3543);
#3029=PLANE('',#3547);
#3030=PLANE('',#3552);
#3031=PLANE('',#3556);
#3032=PLANE('',#3558);
#3033=PLANE('',#3559);
#3034=PLANE('',#3560);
#3035=PLANE('',#3561);
#3036=PLANE('',#3562);
#3037=PLANE('',#3565);
#3038=PLANE('',#3569);
#3039=ADVANCED_FACE('',(#215),#2975,.T.);
#3040=ADVANCED_FACE('',(#216),#2976,.F.);
#3041=ADVANCED_FACE('',(#217),#2977,.F.);
#3042=ADVANCED_FACE('',(#218,#145,#146),#2978,.F.);
#3043=ADVANCED_FACE('',(#219,#147,#148),#2979,.F.);
#3044=ADVANCED_FACE('',(#220),#2980,.T.);
#3045=ADVANCED_FACE('',(#221),#2981,.T.);
#3046=ADVANCED_FACE('',(#222),#2982,.F.);
#3047=ADVANCED_FACE('',(#223),#2983,.T.);
#3048=ADVANCED_FACE('',(#224),#2984,.F.);
#3049=ADVANCED_FACE('',(#225),#2985,.T.);
#3050=ADVANCED_FACE('',(#226),#2986,.F.);
#3051=ADVANCED_FACE('',(#227),#2987,.T.);
#3052=ADVANCED_FACE('',(#228),#2988,.T.);
#3053=ADVANCED_FACE('',(#229),#2989,.T.);
#3054=ADVANCED_FACE('',(#230),#2990,.F.);
#3055=ADVANCED_FACE('',(#231),#114,.T.);
#3056=ADVANCED_FACE('',(#232),#40,.F.);
#3057=ADVANCED_FACE('',(#233),#41,.F.);
#3058=ADVANCED_FACE('',(#234),#2991,.F.);
#3059=ADVANCED_FACE('',(#235),#115,.F.);
#3060=ADVANCED_FACE('',(#236),#2992,.F.);
#3061=ADVANCED_FACE('',(#237),#42,.F.);
#3062=ADVANCED_FACE('',(#238),#43,.F.);
#3063=ADVANCED_FACE('',(#239),#44,.F.);
#3064=ADVANCED_FACE('',(#240),#45,.F.);
#3065=ADVANCED_FACE('',(#241),#46,.F.);
#3066=ADVANCED_FACE('',(#242),#2993,.F.);
#3067=ADVANCED_FACE('',(#243),#116,.F.);
#3068=ADVANCED_FACE('',(#244),#2994,.F.);
#3069=ADVANCED_FACE('',(#245),#47,.F.);
#3070=ADVANCED_FACE('',(#246),#48,.F.);
#3071=ADVANCED_FACE('',(#247),#49,.F.);
#3072=ADVANCED_FACE('',(#248),#2995,.F.);
#3073=ADVANCED_FACE('',(#249),#117,.F.);
#3074=ADVANCED_FACE('',(#250),#2996,.F.);
#3075=ADVANCED_FACE('',(#251),#50,.F.);
#3076=ADVANCED_FACE('',(#252,#149,#150,#151,#152,#153),#2997,.F.);
#3077=ADVANCED_FACE('',(#253,#154,#155,#156,#157,#158),#2998,.F.);
#3078=ADVANCED_FACE('',(#254),#2999,.F.);
#3079=ADVANCED_FACE('',(#255,#159,#160,#161,#162,#163),#3000,.F.);
#3080=ADVANCED_FACE('',(#256,#164,#165,#166,#167,#168),#3001,.F.);
#3081=ADVANCED_FACE('',(#257),#3002,.T.);
#3082=ADVANCED_FACE('',(#258),#3003,.T.);
#3083=ADVANCED_FACE('',(#259),#118,.T.);
#3084=ADVANCED_FACE('',(#260),#51,.F.);
#3085=ADVANCED_FACE('',(#261),#52,.F.);
#3086=ADVANCED_FACE('',(#262),#53,.F.);
#3087=ADVANCED_FACE('',(#263),#3004,.F.);
#3088=ADVANCED_FACE('',(#264),#119,.F.);
#3089=ADVANCED_FACE('',(#265),#3005,.F.);
#3090=ADVANCED_FACE('',(#266),#120,.F.);
#3091=ADVANCED_FACE('',(#267),#54,.F.);
#3092=ADVANCED_FACE('',(#268),#3006,.F.);
#3093=ADVANCED_FACE('',(#269),#55,.F.);
#3094=ADVANCED_FACE('',(#270),#56,.F.);
#3095=ADVANCED_FACE('',(#271),#121,.T.);
#3096=ADVANCED_FACE('',(#272),#57,.F.);
#3097=ADVANCED_FACE('',(#273),#58,.F.);
#3098=ADVANCED_FACE('',(#274),#59,.F.);
#3099=ADVANCED_FACE('',(#275),#60,.F.);
#3100=ADVANCED_FACE('',(#276),#61,.F.);
#3101=ADVANCED_FACE('',(#277),#62,.F.);
#3102=ADVANCED_FACE('',(#278),#63,.F.);
#3103=ADVANCED_FACE('',(#279),#64,.F.);
#3104=ADVANCED_FACE('',(#280),#65,.F.);
#3105=ADVANCED_FACE('',(#281),#66,.F.);
#3106=ADVANCED_FACE('',(#282),#67,.F.);
#3107=ADVANCED_FACE('',(#283),#68,.F.);
#3108=ADVANCED_FACE('',(#284),#69,.F.);
#3109=ADVANCED_FACE('',(#285),#70,.F.);
#3110=ADVANCED_FACE('',(#286),#71,.F.);
#3111=ADVANCED_FACE('',(#287),#72,.F.);
#3112=ADVANCED_FACE('',(#288),#73,.F.);
#3113=ADVANCED_FACE('',(#289),#74,.F.);
#3114=ADVANCED_FACE('',(#290),#122,.F.);
#3115=ADVANCED_FACE('',(#291),#3007,.F.);
#3116=ADVANCED_FACE('',(#292),#75,.F.);
#3117=ADVANCED_FACE('',(#293),#3008,.F.);
#3118=ADVANCED_FACE('',(#294),#123,.F.);
#3119=ADVANCED_FACE('',(#295),#3009,.F.);
#3120=ADVANCED_FACE('',(#296),#124,.F.);
#3121=ADVANCED_FACE('',(#297),#3010,.F.);
#3122=ADVANCED_FACE('',(#298),#3011,.F.);
#3123=ADVANCED_FACE('',(#299),#125,.F.);
#3124=ADVANCED_FACE('',(#300),#3012,.F.);
#3125=ADVANCED_FACE('',(#301),#76,.F.);
#3126=ADVANCED_FACE('',(#302),#77,.F.);
#3127=ADVANCED_FACE('',(#303),#78,.F.);
#3128=ADVANCED_FACE('',(#304),#79,.F.);
#3129=ADVANCED_FACE('',(#305),#80,.F.);
#3130=ADVANCED_FACE('',(#306),#81,.F.);
#3131=ADVANCED_FACE('',(#307),#82,.F.);
#3132=ADVANCED_FACE('',(#308),#3013,.F.);
#3133=ADVANCED_FACE('',(#309),#126,.F.);
#3134=ADVANCED_FACE('',(#310),#3014,.F.);
#3135=ADVANCED_FACE('',(#311),#83,.F.);
#3136=ADVANCED_FACE('',(#312),#84,.F.);
#3137=ADVANCED_FACE('',(#313),#85,.F.);
#3138=ADVANCED_FACE('',(#314),#3015,.F.);
#3139=ADVANCED_FACE('',(#315),#127,.F.);
#3140=ADVANCED_FACE('',(#316),#3016,.F.);
#3141=ADVANCED_FACE('',(#317),#86,.F.);
#3142=ADVANCED_FACE('',(#318),#87,.F.);
#3143=ADVANCED_FACE('',(#319),#88,.F.);
#3144=ADVANCED_FACE('',(#320),#3017,.F.);
#3145=ADVANCED_FACE('',(#321),#128,.F.);
#3146=ADVANCED_FACE('',(#322),#3018,.F.);
#3147=ADVANCED_FACE('',(#323),#89,.F.);
#3148=ADVANCED_FACE('',(#324),#90,.F.);
#3149=ADVANCED_FACE('',(#325),#91,.F.);
#3150=ADVANCED_FACE('',(#326),#3019,.F.);
#3151=ADVANCED_FACE('',(#327),#129,.F.);
#3152=ADVANCED_FACE('',(#328),#3020,.F.);
#3153=ADVANCED_FACE('',(#329),#92,.F.);
#3154=ADVANCED_FACE('',(#330),#93,.F.);
#3155=ADVANCED_FACE('',(#331),#94,.F.);
#3156=ADVANCED_FACE('',(#332),#3021,.F.);
#3157=ADVANCED_FACE('',(#333),#130,.F.);
#3158=ADVANCED_FACE('',(#334),#95,.F.);
#3159=ADVANCED_FACE('',(#335),#3022,.F.);
#3160=ADVANCED_FACE('',(#336),#131,.F.);
#3161=ADVANCED_FACE('',(#337),#3023,.F.);
#3162=ADVANCED_FACE('',(#338),#96,.F.);
#3163=ADVANCED_FACE('',(#339),#97,.F.);
#3164=ADVANCED_FACE('',(#340),#98,.F.);
#3165=ADVANCED_FACE('',(#341),#99,.F.);
#3166=ADVANCED_FACE('',(#342),#100,.F.);
#3167=ADVANCED_FACE('',(#343),#101,.F.);
#3168=ADVANCED_FACE('',(#344),#3024,.F.);
#3169=ADVANCED_FACE('',(#345),#132,.F.);
#3170=ADVANCED_FACE('',(#346),#3025,.F.);
#3171=ADVANCED_FACE('',(#347),#102,.F.);
#3172=ADVANCED_FACE('',(#348),#103,.F.);
#3173=ADVANCED_FACE('',(#349),#104,.F.);
#3174=ADVANCED_FACE('',(#350),#3026,.F.);
#3175=ADVANCED_FACE('',(#351),#133,.F.);
#3176=ADVANCED_FACE('',(#352),#3027,.F.);
#3177=ADVANCED_FACE('',(#353),#134,.T.);
#3178=ADVANCED_FACE('',(#354),#105,.F.);
#3179=ADVANCED_FACE('',(#355),#106,.F.);
#3180=ADVANCED_FACE('',(#356),#107,.F.);
#3181=ADVANCED_FACE('',(#357),#108,.F.);
#3182=ADVANCED_FACE('',(#358),#109,.F.);
#3183=ADVANCED_FACE('',(#359),#3028,.F.);
#3184=ADVANCED_FACE('',(#360),#135,.F.);
#3185=ADVANCED_FACE('',(#361),#3029,.F.);
#3186=ADVANCED_FACE('',(#362),#110,.F.);
#3187=ADVANCED_FACE('',(#363),#111,.F.);
#3188=ADVANCED_FACE('',(#364),#112,.F.);
#3189=ADVANCED_FACE('',(#365),#3030,.F.);
#3190=ADVANCED_FACE('',(#366),#136,.F.);
#3191=ADVANCED_FACE('',(#367),#3031,.F.);
#3192=ADVANCED_FACE('',(#368),#113,.F.);
#3193=ADVANCED_FACE('',(#369),#3032,.T.);
#3194=ADVANCED_FACE('',(#370),#3033,.T.);
#3195=ADVANCED_FACE('',(#371),#3034,.F.);
#3196=ADVANCED_FACE('',(#372),#3035,.F.);
#3197=ADVANCED_FACE('',(#373),#3036,.T.);
#3198=ADVANCED_FACE('',(#374),#137,.T.);
#3199=ADVANCED_FACE('',(#375),#3037,.F.);
#3200=ADVANCED_FACE('',(#376),#138,.T.);
#3201=ADVANCED_FACE('',(#377),#139,.T.);
#3202=ADVANCED_FACE('',(#378),#3038,.F.);
#3203=ADVANCED_FACE('',(#379),#140,.T.);
#3204=ADVANCED_FACE('',(#380),#141,.F.);
#3205=ADVANCED_FACE('',(#381),#142,.F.);
#3206=ADVANCED_FACE('',(#382),#143,.F.);
#3207=ADVANCED_FACE('',(#383),#144,.F.);
#3208=CLOSED_SHELL('',(#3039,#3040,#3041,#3042,#3043,#3044,#3045,#3046,
#3047,#3048,#3049,#3050,#3051,#3052,#3053,#3054,#3055,#3056,#3057,#3058,
#3059,#3060,#3061,#3062,#3063,#3064,#3065,#3066,#3067,#3068,#3069,#3070,
#3071,#3072,#3073,#3074,#3075,#3076,#3077,#3078,#3079,#3080,#3081,#3082,
#3083,#3084,#3085,#3086,#3087,#3088,#3089,#3090,#3091,#3092,#3093,#3094,
#3095,#3096,#3097,#3098,#3099,#3100,#3101,#3102,#3103,#3104,#3105,#3106,
#3107,#3108,#3109,#3110,#3111,#3112,#3113,#3114,#3115,#3116,#3117,#3118,
#3119,#3120,#3121,#3122,#3123,#3124,#3125,#3126,#3127,#3128,#3129,#3130,
#3131,#3132,#3133,#3134,#3135,#3136,#3137,#3138,#3139,#3140,#3141,#3142,
#3143,#3144,#3145,#3146,#3147,#3148,#3149,#3150,#3151,#3152,#3153,#3154,
#3155,#3156,#3157,#3158,#3159,#3160,#3161,#3162,#3163,#3164,#3165,#3166,
#3167,#3168,#3169,#3170,#3171,#3172,#3173,#3174,#3175,#3176,#3177,#3178,
#3179,#3180,#3181,#3182,#3183,#3184,#3185,#3186,#3187,#3188,#3189,#3190,
#3191,#3192,#3193,#3194,#3195,#3196,#3197,#3198,#3199,#3200,#3201,#3202,
#3203,#3204,#3205,#3206,#3207));
#3209=DERIVED_UNIT_ELEMENT(#3211,1.);
#3210=DERIVED_UNIT_ELEMENT(#6114,-3.);
#3211=(
MASS_UNIT()
NAMED_UNIT(*)
SI_UNIT(.KILO.,.GRAM.)
);
#3212=DERIVED_UNIT((#3209,#3210));
#3213=MEASURE_REPRESENTATION_ITEM('density measure',
POSITIVE_RATIO_MEASURE(7850.),#3212);
#3214=PROPERTY_DEFINITION_REPRESENTATION(#3219,#3216);
#3215=PROPERTY_DEFINITION_REPRESENTATION(#3220,#3217);
#3216=REPRESENTATION('material name',(#3218),#6111);
#3217=REPRESENTATION('density',(#3213),#6111);
#3218=DESCRIPTIVE_REPRESENTATION_ITEM('Steel','Steel');
#3219=PROPERTY_DEFINITION('material property','material name',#6126);
#3220=PROPERTY_DEFINITION('material property','density of part',#6126);
#3221=AXIS2_PLACEMENT_3D('',#4493,#3576,#3577);
#3222=AXIS2_PLACEMENT_3D('',#4494,#3578,#3579);
#3223=AXIS2_PLACEMENT_3D('',#4495,#3580,#3581);
#3224=AXIS2_PLACEMENT_3D('',#4498,#3582,#3583);
#3225=AXIS2_PLACEMENT_3D('',#4502,#3585,#3586);
#3226=AXIS2_PLACEMENT_3D('',#4506,#3588,#3589);
#3227=AXIS2_PLACEMENT_3D('',#4510,#3591,#3592);
#3228=AXIS2_PLACEMENT_3D('',#4512,#3593,#3594);
#3229=AXIS2_PLACEMENT_3D('',#4516,#3596,#3597);
#3230=AXIS2_PLACEMENT_3D('',#4520,#3599,#3600);
#3231=AXIS2_PLACEMENT_3D('',#4524,#3602,#3603);
#3232=AXIS2_PLACEMENT_3D('',#4528,#3605,#3606);
#3233=AXIS2_PLACEMENT_3D('',#4530,#3608,#3609);
#3234=AXIS2_PLACEMENT_3D('',#4535,#3611,#3612);
#3235=AXIS2_PLACEMENT_3D('',#4538,#3614,#3615);
#3236=AXIS2_PLACEMENT_3D('',#4539,#3616,#3617);
#3237=AXIS2_PLACEMENT_3D('',#4544,#3619,#3620);
#3238=AXIS2_PLACEMENT_3D('',#4547,#3622,#3623);
#3239=AXIS2_PLACEMENT_3D('',#4548,#3624,#3625);
#3240=AXIS2_PLACEMENT_3D('',#4550,#3626,#3627);
#3241=AXIS2_PLACEMENT_3D('',#4560,#3632,#3633);
#3242=AXIS2_PLACEMENT_3D('',#4564,#3635,#3636);
#3243=AXIS2_PLACEMENT_3D('',#4568,#3638,#3639);
#3244=AXIS2_PLACEMENT_3D('',#4575,#3643,#3644);
#3245=AXIS2_PLACEMENT_3D('',#4580,#3646,#3647);
#3246=AXIS2_PLACEMENT_3D('',#4584,#3649,#3650);
#3247=AXIS2_PLACEMENT_3D('',#4587,#3652,#3653);
#3248=AXIS2_PLACEMENT_3D('',#4592,#3655,#3656);
#3249=AXIS2_PLACEMENT_3D('',#4596,#3658,#3659);
#3250=AXIS2_PLACEMENT_3D('',#4599,#3661,#3662);
#3251=AXIS2_PLACEMENT_3D('',#4600,#3663,#3664);
#3252=AXIS2_PLACEMENT_3D('',#4604,#3666,#3667);
#3253=AXIS2_PLACEMENT_3D('',#4606,#3668,#3669);
#3254=AXIS2_PLACEMENT_3D('',#4614,#3673,#3674);
#3255=AXIS2_PLACEMENT_3D('',#4618,#3676,#3677);
#3256=AXIS2_PLACEMENT_3D('',#4622,#3679,#3680);
#3257=AXIS2_PLACEMENT_3D('',#4630,#3684,#3685);
#3258=AXIS2_PLACEMENT_3D('',#4634,#3687,#3688);
#3259=AXIS2_PLACEMENT_3D('',#4638,#3690,#3691);
#3260=AXIS2_PLACEMENT_3D('',#4644,#3694,#3695);
#3261=AXIS2_PLACEMENT_3D('',#4648,#3697,#3698);
#3262=AXIS2_PLACEMENT_3D('',#4651,#3700,#3701);
#3263=AXIS2_PLACEMENT_3D('',#4652,#3702,#3703);
#3264=AXIS2_PLACEMENT_3D('',#4655,#3704,#3705);
#3265=AXIS2_PLACEMENT_3D('',#4659,#3707,#3708);
#3266=AXIS2_PLACEMENT_3D('',#4661,#3710,#3711);
#3267=AXIS2_PLACEMENT_3D('',#4664,#3714,#3715);
#3268=AXIS2_PLACEMENT_3D('',#4666,#3716,#3717);
#3269=AXIS2_PLACEMENT_3D('',#4669,#3719,#3720);
#3270=AXIS2_PLACEMENT_3D('',#4670,#3721,#3722);
#3271=AXIS2_PLACEMENT_3D('',#4673,#3725,#3726);
#3272=AXIS2_PLACEMENT_3D('',#4678,#3728,#3729);
#3273=AXIS2_PLACEMENT_3D('',#4681,#3731,#3732);
#3274=AXIS2_PLACEMENT_3D('',#4682,#3733,#3734);
#3275=AXIS2_PLACEMENT_3D('',#4685,#3737,#3738);
#3276=AXIS2_PLACEMENT_3D('',#4691,#3742,#3743);
#3277=AXIS2_PLACEMENT_3D('',#4693,#3744,#3745);
#3278=AXIS2_PLACEMENT_3D('',#4695,#3746,#3747);
#3279=AXIS2_PLACEMENT_3D('',#4697,#3749,#3750);
#3280=AXIS2_PLACEMENT_3D('',#4700,#3753,#3754);
#3281=AXIS2_PLACEMENT_3D('',#4709,#3760,#3761);
#3282=AXIS2_PLACEMENT_3D('',#4714,#3763,#3764);
#3283=AXIS2_PLACEMENT_3D('',#4718,#3766,#3767);
#3284=AXIS2_PLACEMENT_3D('',#4722,#3769,#3770);
#3285=AXIS2_PLACEMENT_3D('',#4725,#3772,#3773);
#3286=AXIS2_PLACEMENT_3D('',#4728,#3775,#3776);
#3287=AXIS2_PLACEMENT_3D('',#4730,#3777,#3778);
#3288=AXIS2_PLACEMENT_3D('',#4734,#3780,#3781);
#3289=AXIS2_PLACEMENT_3D('',#4738,#3783,#3784);
#3290=AXIS2_PLACEMENT_3D('',#4740,#3785,#3786);
#3291=AXIS2_PLACEMENT_3D('',#4744,#3788,#3789);
#3292=AXIS2_PLACEMENT_3D('',#4747,#3791,#3792);
#3293=AXIS2_PLACEMENT_3D('',#4749,#3793,#3794);
#3294=AXIS2_PLACEMENT_3D('',#4753,#3797,#3798);
#3295=AXIS2_PLACEMENT_3D('',#4754,#3799,#3800);
#3296=AXIS2_PLACEMENT_3D('',#4769,#3804,#3805);
#3297=AXIS2_PLACEMENT_3D('',#4771,#3806,#3807);
#3298=AXIS2_PLACEMENT_3D('',#4772,#3808,#3809);
#3299=AXIS2_PLACEMENT_3D('',#4783,#3810,#3811);
#3300=AXIS2_PLACEMENT_3D('',#4786,#3814,#3815);
#3301=AXIS2_PLACEMENT_3D('',#4790,#3817,#3818);
#3302=AXIS2_PLACEMENT_3D('',#4792,#3820,#3821);
#3303=AXIS2_PLACEMENT_3D('',#4796,#3823,#3824);
#3304=AXIS2_PLACEMENT_3D('',#4797,#3825,#3826);
#3305=AXIS2_PLACEMENT_3D('',#4798,#3827,#3828);
#3306=AXIS2_PLACEMENT_3D('',#4802,#3830,#3831);
#3307=AXIS2_PLACEMENT_3D('',#4818,#3833,#3834);
#3308=AXIS2_PLACEMENT_3D('',#4830,#3836,#3837);
#3309=AXIS2_PLACEMENT_3D('',#4831,#3838,#3839);
#3310=AXIS2_PLACEMENT_3D('',#4840,#3840,#3841);
#3311=AXIS2_PLACEMENT_3D('',#4851,#3842,#3843);
#3312=AXIS2_PLACEMENT_3D('',#4855,#3845,#3846);
#3313=AXIS2_PLACEMENT_3D('',#4868,#3849,#3850);
#3314=AXIS2_PLACEMENT_3D('',#4869,#3851,#3852);
#3315=AXIS2_PLACEMENT_3D('',#4870,#3853,#3854);
#3316=AXIS2_PLACEMENT_3D('',#4874,#3856,#3857);
#3317=AXIS2_PLACEMENT_3D('',#4876,#3859,#3860);
#3318=AXIS2_PLACEMENT_3D('',#4880,#3862,#3863);
#3319=AXIS2_PLACEMENT_3D('',#4881,#3864,#3865);
#3320=AXIS2_PLACEMENT_3D('',#4882,#3866,#3867);
#3321=AXIS2_PLACEMENT_3D('',#4886,#3869,#3870);
#3322=AXIS2_PLACEMENT_3D('',#4902,#3872,#3873);
#3323=AXIS2_PLACEMENT_3D('',#4913,#3874,#3875);
#3324=AXIS2_PLACEMENT_3D('',#4917,#3877,#3878);
#3325=AXIS2_PLACEMENT_3D('',#4937,#3880,#3881);
#3326=AXIS2_PLACEMENT_3D('',#4938,#3882,#3883);
#3327=AXIS2_PLACEMENT_3D('',#4939,#3884,#3885);
#3328=AXIS2_PLACEMENT_3D('',#4943,#3887,#3888);
#3329=AXIS2_PLACEMENT_3D('',#4945,#3890,#3891);
#3330=AXIS2_PLACEMENT_3D('',#4949,#3893,#3894);
#3331=AXIS2_PLACEMENT_3D('',#4950,#3895,#3896);
#3332=AXIS2_PLACEMENT_3D('',#4951,#3897,#3898);
#3333=AXIS2_PLACEMENT_3D('',#4955,#3900,#3901);
#3334=AXIS2_PLACEMENT_3D('',#4979,#3903,#3904);
#3335=AXIS2_PLACEMENT_3D('',#4980,#3905,#3906);
#3336=AXIS2_PLACEMENT_3D('',#4982,#3907,#3908);
#3337=AXIS2_PLACEMENT_3D('',#4986,#3910,#3911);
#3338=AXIS2_PLACEMENT_3D('',#4989,#3913,#3914);
#3339=AXIS2_PLACEMENT_3D('',#4990,#3915,#3916);
#3340=AXIS2_PLACEMENT_3D('',#4992,#3917,#3918);
#3341=AXIS2_PLACEMENT_3D('',#4995,#3920,#3921);
#3342=AXIS2_PLACEMENT_3D('',#5000,#3923,#3924);
#3343=AXIS2_PLACEMENT_3D('',#5004,#3926,#3927);
#3344=AXIS2_PLACEMENT_3D('',#5007,#3929,#3930);
#3345=AXIS2_PLACEMENT_3D('',#5010,#3931,#3932);
#3346=AXIS2_PLACEMENT_3D('',#5014,#3934,#3935);
#3347=AXIS2_PLACEMENT_3D('',#5018,#3937,#3938);
#3348=AXIS2_PLACEMENT_3D('',#5022,#3940,#3941);
#3349=AXIS2_PLACEMENT_3D('',#5026,#3943,#3944);
#3350=AXIS2_PLACEMENT_3D('',#5030,#3946,#3947);
#3351=AXIS2_PLACEMENT_3D('',#5036,#3950,#3951);
#3352=AXIS2_PLACEMENT_3D('',#5040,#3953,#3954);
#3353=AXIS2_PLACEMENT_3D('',#5043,#3956,#3957);
#3354=AXIS2_PLACEMENT_3D('',#5046,#3958,#3959);
#3355=AXIS2_PLACEMENT_3D('',#5050,#3961,#3962);
#3356=AXIS2_PLACEMENT_3D('',#5054,#3964,#3965);
#3357=AXIS2_PLACEMENT_3D('',#5056,#3967,#3968);
#3358=AXIS2_PLACEMENT_3D('',#5057,#3969,#3970);
#3359=AXIS2_PLACEMENT_3D('',#5059,#3971,#3972);
#3360=AXIS2_PLACEMENT_3D('',#5062,#3974,#3975);
#3361=AXIS2_PLACEMENT_3D('',#5063,#3976,#3977);
#3362=AXIS2_PLACEMENT_3D('',#5068,#3979,#3980);
#3363=AXIS2_PLACEMENT_3D('',#5072,#3982,#3983);
#3364=AXIS2_PLACEMENT_3D('',#5075,#3985,#3986);
#3365=AXIS2_PLACEMENT_3D('',#5080,#3988,#3989);
#3366=AXIS2_PLACEMENT_3D('',#5087,#3990,#3991);
#3367=AXIS2_PLACEMENT_3D('',#5090,#3993,#3994);
#3368=AXIS2_PLACEMENT_3D('',#5091,#3995,#3996);
#3369=AXIS2_PLACEMENT_3D('',#5097,#4000,#4001);
#3370=AXIS2_PLACEMENT_3D('',#5098,#4002,#4003);
#3371=AXIS2_PLACEMENT_3D('',#5102,#4005,#4006);
#3372=AXIS2_PLACEMENT_3D('',#5105,#4008,#4009);
#3373=AXIS2_PLACEMENT_3D('',#5107,#4010,#4011);
#3374=AXIS2_PLACEMENT_3D('',#5110,#4013,#4014);
#3375=AXIS2_PLACEMENT_3D('',#5115,#4016,#4017);
#3376=AXIS2_PLACEMENT_3D('',#5119,#4019,#4020);
#3377=AXIS2_PLACEMENT_3D('',#5122,#4022,#4023);
#3378=AXIS2_PLACEMENT_3D('',#5125,#4024,#4025);
#3379=AXIS2_PLACEMENT_3D('',#5129,#4027,#4028);
#3380=AXIS2_PLACEMENT_3D('',#5133,#4030,#4031);
#3381=AXIS2_PLACEMENT_3D('',#5139,#4034,#4035);
#3382=AXIS2_PLACEMENT_3D('',#5143,#4037,#4038);
#3383=AXIS2_PLACEMENT_3D('',#5146,#4040,#4041);
#3384=AXIS2_PLACEMENT_3D('',#5151,#4043,#4044);
#3385=AXIS2_PLACEMENT_3D('',#5155,#4046,#4047);
#3386=AXIS2_PLACEMENT_3D('',#5158,#4049,#4050);
#3387=AXIS2_PLACEMENT_3D('',#5161,#4051,#4052);
#3388=AXIS2_PLACEMENT_3D('',#5165,#4054,#4055);
#3389=AXIS2_PLACEMENT_3D('',#5169,#4057,#4058);
#3390=AXIS2_PLACEMENT_3D('',#5171,#4060,#4061);
#3391=AXIS2_PLACEMENT_3D('',#5172,#4062,#4063);
#3392=AXIS2_PLACEMENT_3D('',#5174,#4064,#4065);
#3393=AXIS2_PLACEMENT_3D('',#5177,#4067,#4068);
#3394=AXIS2_PLACEMENT_3D('',#5178,#4069,#4070);
#3395=AXIS2_PLACEMENT_3D('',#5180,#4071,#4072);
#3396=AXIS2_PLACEMENT_3D('',#5184,#4074,#4075);
#3397=AXIS2_PLACEMENT_3D('',#5187,#4077,#4078);
#3398=AXIS2_PLACEMENT_3D('',#5190,#4079,#4080);
#3399=AXIS2_PLACEMENT_3D('',#5194,#4082,#4083);
#3400=AXIS2_PLACEMENT_3D('',#5198,#4085,#4086);
#3401=AXIS2_PLACEMENT_3D('',#5204,#4089,#4090);
#3402=AXIS2_PLACEMENT_3D('',#5208,#4092,#4093);
#3403=AXIS2_PLACEMENT_3D('',#5211,#4095,#4096);
#3404=AXIS2_PLACEMENT_3D('',#5214,#4097,#4098);
#3405=AXIS2_PLACEMENT_3D('',#5218,#4100,#4101);
#3406=AXIS2_PLACEMENT_3D('',#5222,#4103,#4104);
#3407=AXIS2_PLACEMENT_3D('',#5228,#4107,#4108);
#3408=AXIS2_PLACEMENT_3D('',#5232,#4110,#4111);
#3409=AXIS2_PLACEMENT_3D('',#5235,#4113,#4114);
#3410=AXIS2_PLACEMENT_3D('',#5240,#4116,#4117);
#3411=AXIS2_PLACEMENT_3D('',#5244,#4119,#4120);
#3412=AXIS2_PLACEMENT_3D('',#5247,#4122,#4123);
#3413=AXIS2_PLACEMENT_3D('',#5248,#4124,#4125);
#3414=AXIS2_PLACEMENT_3D('',#5270,#4134,#4135);
#3415=AXIS2_PLACEMENT_3D('',#5277,#4140,#4141);
#3416=AXIS2_PLACEMENT_3D('',#5278,#4142,#4143);
#3417=AXIS2_PLACEMENT_3D('',#5287,#4144,#4145);
#3418=AXIS2_PLACEMENT_3D('',#5304,#4146,#4147);
#3419=AXIS2_PLACEMENT_3D('',#5305,#4148,#4149);
#3420=AXIS2_PLACEMENT_3D('',#5306,#4150,#4151);
#3421=AXIS2_PLACEMENT_3D('',#5307,#4152,#4153);
#3422=AXIS2_PLACEMENT_3D('',#5308,#4154,#4155);
#3423=AXIS2_PLACEMENT_3D('',#5309,#4156,#4157);
#3424=AXIS2_PLACEMENT_3D('',#5310,#4158,#4159);
#3425=AXIS2_PLACEMENT_3D('',#5311,#4160,#4161);
#3426=AXIS2_PLACEMENT_3D('',#5312,#4162,#4163);
#3427=AXIS2_PLACEMENT_3D('',#5313,#4164,#4165);
#3428=AXIS2_PLACEMENT_3D('',#5322,#4166,#4167);
#3429=AXIS2_PLACEMENT_3D('',#5323,#4168,#4169);
#3430=AXIS2_PLACEMENT_3D('',#5332,#4170,#4171);
#3431=AXIS2_PLACEMENT_3D('',#5341,#4172,#4173);
#3432=AXIS2_PLACEMENT_3D('',#5351,#4174,#4175);
#3433=AXIS2_PLACEMENT_3D('',#5446,#4181,#4182);
#3434=AXIS2_PLACEMENT_3D('',#5475,#4185,#4186);
#3435=AXIS2_PLACEMENT_3D('',#5477,#4187,#4188);
#3436=AXIS2_PLACEMENT_3D('',#5488,#4190,#4191);
#3437=AXIS2_PLACEMENT_3D('',#5508,#4194,#4195);
#3438=AXIS2_PLACEMENT_3D('',#5510,#4196,#4197);
#3439=AXIS2_PLACEMENT_3D('',#5521,#4199,#4200);
#3440=AXIS2_PLACEMENT_3D('',#5523,#4201,#4202);
#3441=AXIS2_PLACEMENT_3D('',#5601,#4208,#4209);
#3442=AXIS2_PLACEMENT_3D('',#5610,#4210,#4211);
#3443=AXIS2_PLACEMENT_3D('',#5611,#4212,#4213);
#3444=AXIS2_PLACEMENT_3D('',#5612,#4214,#4215);
#3445=AXIS2_PLACEMENT_3D('',#5613,#4216,#4217);
#3446=AXIS2_PLACEMENT_3D('',#5614,#4218,#4219);
#3447=AXIS2_PLACEMENT_3D('',#5623,#4220,#4221);
#3448=AXIS2_PLACEMENT_3D('',#5632,#4222,#4223);
#3449=AXIS2_PLACEMENT_3D('',#5633,#4224,#4225);
#3450=AXIS2_PLACEMENT_3D('',#5634,#4226,#4227);
#3451=AXIS2_PLACEMENT_3D('',#5635,#4228,#4229);
#3452=AXIS2_PLACEMENT_3D('',#5636,#4230,#4231);
#3453=AXIS2_PLACEMENT_3D('',#5637,#4232,#4233);
#3454=AXIS2_PLACEMENT_3D('',#5638,#4234,#4235);
#3455=AXIS2_PLACEMENT_3D('',#5639,#4236,#4237);
#3456=AXIS2_PLACEMENT_3D('',#5640,#4238,#4239);
#3457=AXIS2_PLACEMENT_3D('',#5641,#4240,#4241);
#3458=AXIS2_PLACEMENT_3D('',#5642,#4242,#4243);
#3459=AXIS2_PLACEMENT_3D('',#5643,#4244,#4245);
#3460=AXIS2_PLACEMENT_3D('',#5644,#4246,#4247);
#3461=AXIS2_PLACEMENT_3D('',#5645,#4248,#4249);
#3462=AXIS2_PLACEMENT_3D('',#5646,#4250,#4251);
#3463=AXIS2_PLACEMENT_3D('',#5647,#4252,#4253);
#3464=AXIS2_PLACEMENT_3D('',#5664,#4254,#4255);
#3465=AXIS2_PLACEMENT_3D('',#5673,#4256,#4257);
#3466=AXIS2_PLACEMENT_3D('',#5690,#4258,#4259);
#3467=AXIS2_PLACEMENT_3D('',#5699,#4260,#4261);
#3468=AXIS2_PLACEMENT_3D('',#5708,#4262,#4263);
#3469=AXIS2_PLACEMENT_3D('',#5709,#4264,#4265);
#3470=AXIS2_PLACEMENT_3D('',#5710,#4266,#4267);
#3471=AXIS2_PLACEMENT_3D('',#5711,#4268,#4269);
#3472=AXIS2_PLACEMENT_3D('',#5712,#4270,#4271);
#3473=AXIS2_PLACEMENT_3D('',#5713,#4272,#4273);
#3474=AXIS2_PLACEMENT_3D('',#5714,#4274,#4275);
#3475=AXIS2_PLACEMENT_3D('',#5723,#4276,#4277);
#3476=AXIS2_PLACEMENT_3D('',#5732,#4278,#4279);
#3477=AXIS2_PLACEMENT_3D('',#5741,#4280,#4281);
#3478=AXIS2_PLACEMENT_3D('',#5742,#4282,#4283);
#3479=AXIS2_PLACEMENT_3D('',#5743,#4284,#4285);
#3480=AXIS2_PLACEMENT_3D('',#5744,#4286,#4287);
#3481=AXIS2_PLACEMENT_3D('',#5745,#4288,#4289);
#3482=AXIS2_PLACEMENT_3D('',#5746,#4290,#4291);
#3483=AXIS2_PLACEMENT_3D('',#5747,#4292,#4293);
#3484=AXIS2_PLACEMENT_3D('',#5756,#4294,#4295);
#3485=AXIS2_PLACEMENT_3D('',#5765,#4296,#4297);
#3486=AXIS2_PLACEMENT_3D('',#5774,#4298,#4299);
#3487=AXIS2_PLACEMENT_3D('',#5775,#4300,#4301);
#3488=AXIS2_PLACEMENT_3D('',#5776,#4302,#4303);
#3489=AXIS2_PLACEMENT_3D('',#5777,#4304,#4305);
#3490=AXIS2_PLACEMENT_3D('',#5778,#4306,#4307);
#3491=AXIS2_PLACEMENT_3D('',#5779,#4308,#4309);
#3492=AXIS2_PLACEMENT_3D('',#5780,#4310,#4311);
#3493=AXIS2_PLACEMENT_3D('',#5789,#4312,#4313);
#3494=AXIS2_PLACEMENT_3D('',#5798,#4314,#4315);
#3495=AXIS2_PLACEMENT_3D('',#5807,#4316,#4317);
#3496=AXIS2_PLACEMENT_3D('',#5808,#4318,#4319);
#3497=AXIS2_PLACEMENT_3D('',#5809,#4320,#4321);
#3498=AXIS2_PLACEMENT_3D('',#5810,#4322,#4323);
#3499=AXIS2_PLACEMENT_3D('',#5811,#4324,#4325);
#3500=AXIS2_PLACEMENT_3D('',#5812,#4326,#4327);
#3501=AXIS2_PLACEMENT_3D('',#5813,#4328,#4329);
#3502=AXIS2_PLACEMENT_3D('',#5822,#4330,#4331);
#3503=AXIS2_PLACEMENT_3D('',#5832,#4333,#4334);
#3504=AXIS2_PLACEMENT_3D('',#5841,#4335,#4336);
#3505=AXIS2_PLACEMENT_3D('',#5842,#4337,#4338);
#3506=AXIS2_PLACEMENT_3D('',#5843,#4339,#4340);
#3507=AXIS2_PLACEMENT_3D('',#5844,#4341,#4342);
#3508=AXIS2_PLACEMENT_3D('',#5853,#4343,#4344);
#3509=AXIS2_PLACEMENT_3D('',#5857,#4346,#4347);
#3510=AXIS2_PLACEMENT_3D('',#5858,#4348,#4349);
#3511=AXIS2_PLACEMENT_3D('',#5859,#4350,#4351);
#3512=AXIS2_PLACEMENT_3D('',#5862,#4353,#4354);
#3513=AXIS2_PLACEMENT_3D('',#5863,#4355,#4356);
#3514=AXIS2_PLACEMENT_3D('',#5866,#4358,#4359);
#3515=AXIS2_PLACEMENT_3D('',#5882,#4360,#4361);
#3516=AXIS2_PLACEMENT_3D('',#5893,#4363,#4364);
#3517=AXIS2_PLACEMENT_3D('',#5914,#4367,#4368);
#3518=AXIS2_PLACEMENT_3D('',#5915,#4369,#4370);
#3519=AXIS2_PLACEMENT_3D('',#5926,#4372,#4373);
#3520=AXIS2_PLACEMENT_3D('',#5942,#4374,#4375);
#3521=AXIS2_PLACEMENT_3D('',#5943,#4376,#4377);
#3522=AXIS2_PLACEMENT_3D('',#5946,#4379,#4380);
#3523=AXIS2_PLACEMENT_3D('',#5947,#4381,#4382);
#3524=AXIS2_PLACEMENT_3D('',#5950,#4384,#4385);
#3525=AXIS2_PLACEMENT_3D('',#5951,#4386,#4387);
#3526=AXIS2_PLACEMENT_3D('',#5961,#4389,#4390);
#3527=AXIS2_PLACEMENT_3D('',#5962,#4391,#4392);
#3528=AXIS2_PLACEMENT_3D('',#5971,#4393,#4394);
#3529=AXIS2_PLACEMENT_3D('',#5980,#4395,#4396);
#3530=AXIS2_PLACEMENT_3D('',#5981,#4397,#4398);
#3531=AXIS2_PLACEMENT_3D('',#5982,#4399,#4400);
#3532=AXIS2_PLACEMENT_3D('',#5983,#4401,#4402);
#3533=AXIS2_PLACEMENT_3D('',#5984,#4403,#4404);
#3534=AXIS2_PLACEMENT_3D('',#5985,#4405,#4406);
#3535=AXIS2_PLACEMENT_3D('',#5986,#4407,#4408);
#3536=AXIS2_PLACEMENT_3D('',#5996,#4409,#4410);
#3537=AXIS2_PLACEMENT_3D('',#5999,#4412,#4413);
#3538=AXIS2_PLACEMENT_3D('',#6010,#4415,#4416);
#3539=AXIS2_PLACEMENT_3D('',#6020,#4417,#4418);
#3540=AXIS2_PLACEMENT_3D('',#6030,#4420,#4421);
#3541=AXIS2_PLACEMENT_3D('',#6031,#4422,#4423);
#3542=AXIS2_PLACEMENT_3D('',#6040,#4424,#4425);
#3543=AXIS2_PLACEMENT_3D('',#6041,#4426,#4427);
#3544=AXIS2_PLACEMENT_3D('',#6042,#4428,#4429);
#3545=AXIS2_PLACEMENT_3D('',#6043,#4430,#4431);
#3546=AXIS2_PLACEMENT_3D('',#6044,#4432,#4433);
#3547=AXIS2_PLACEMENT_3D('',#6045,#4434,#4435);
#3548=AXIS2_PLACEMENT_3D('',#6046,#4436,#4437);
#3549=AXIS2_PLACEMENT_3D('',#6063,#4438,#4439);
#3550=AXIS2_PLACEMENT_3D('',#6064,#4440,#4441);
#3551=AXIS2_PLACEMENT_3D('',#6073,#4442,#4443);
#3552=AXIS2_PLACEMENT_3D('',#6074,#4444,#4445);
#3553=AXIS2_PLACEMENT_3D('',#6075,#4446,#4447);
#3554=AXIS2_PLACEMENT_3D('',#6076,#4448,#4449);
#3555=AXIS2_PLACEMENT_3D('',#6077,#4450,#4451);
#3556=AXIS2_PLACEMENT_3D('',#6078,#4452,#4453);
#3557=AXIS2_PLACEMENT_3D('',#6079,#4454,#4455);
#3558=AXIS2_PLACEMENT_3D('',#6088,#4456,#4457);
#3559=AXIS2_PLACEMENT_3D('',#6089,#4458,#4459);
#3560=AXIS2_PLACEMENT_3D('',#6090,#4460,#4461);
#3561=AXIS2_PLACEMENT_3D('',#6091,#4462,#4463);
#3562=AXIS2_PLACEMENT_3D('',#6092,#4464,#4465);
#3563=AXIS2_PLACEMENT_3D('',#6094,#4467,#4468);
#3564=AXIS2_PLACEMENT_3D('',#6095,#4469,#4470);
#3565=AXIS2_PLACEMENT_3D('',#6096,#4471,#4472);
#3566=AXIS2_PLACEMENT_3D('',#6097,#4473,#4474);
#3567=AXIS2_PLACEMENT_3D('',#6098,#4475,#4476);
#3568=AXIS2_PLACEMENT_3D('',#6099,#4477,#4478);
#3569=AXIS2_PLACEMENT_3D('',#6100,#4479,#4480);
#3570=AXIS2_PLACEMENT_3D('',#6101,#4481,#4482);
#3571=AXIS2_PLACEMENT_3D('',#6102,#4483,#4484);
#3572=AXIS2_PLACEMENT_3D('',#6103,#4485,#4486);
#3573=AXIS2_PLACEMENT_3D('',#6104,#4487,#4488);
#3574=AXIS2_PLACEMENT_3D('',#6105,#4489,#4490);
#3575=AXIS2_PLACEMENT_3D('',#6106,#4491,#4492);
#3576=DIRECTION('axis',(0.,0.,1.));
#3577=DIRECTION('refdir',(1.,0.,0.));
#3578=DIRECTION('axis',(0.,0.,1.));
#3579=DIRECTION('refdir',(1.,0.,0.));
#3580=DIRECTION('center_axis',(0.,-1.E-9,1.));
#3581=DIRECTION('ref_axis',(0.,1.,1.E-9));
#3582=DIRECTION('center_axis',(0.,-1.E-9,1.));
#3583=DIRECTION('ref_axis',(0.,1.,1.E-9));
#3584=DIRECTION('',(-1.,0.,0.));
#3585=DIRECTION('center_axis',(0.,1.E-9,-1.));
#3586=DIRECTION('ref_axis',(0.,1.,1.E-9));
#3587=DIRECTION('',(-1.,0.,0.));
#3588=DIRECTION('center_axis',(0.,-1.E-9,1.));
#3589=DIRECTION('ref_axis',(0.,1.,1.E-9));
#3590=DIRECTION('',(-1.,0.,0.));
#3591=DIRECTION('center_axis',(-1.36378253037106E-10,-7.53389940545459E-10,
1.));
#3592=DIRECTION('ref_axis',(0.999999998093384,6.17513715699858E-5,1.36424775639241E-10));
#3593=DIRECTION('center_axis',(2.76951312696718E-10,-7.53531355058484E-10,
1.));
#3594=DIRECTION('ref_axis',(0.998804221957719,0.0488889169386565,-2.39780808570087E-10));
#3595=DIRECTION('',(-1.,0.,0.));
#3596=DIRECTION('center_axis',(0.,0.,1.));
#3597=DIRECTION('ref_axis',(0.,1.,0.));
#3598=DIRECTION('',(-1.,0.,0.));
#3599=DIRECTION('center_axis',(0.,1.E-9,-1.));
#3600=DIRECTION('ref_axis',(0.,1.,1.E-9));
#3601=DIRECTION('',(-1.,0.,0.));
#3602=DIRECTION('center_axis',(0.,-1.E-9,1.));
#3603=DIRECTION('ref_axis',(0.,1.,1.E-9));
#3604=DIRECTION('',(-1.,0.,0.));
#3605=DIRECTION('center_axis',(0.,-1.E-9,1.));
#3606=DIRECTION('ref_axis',(0.,1.,1.E-9));
#3607=DIRECTION('',(-1.,0.,0.));
#3608=DIRECTION('center_axis',(0.,-1.E-9,1.));
#3609=DIRECTION('ref_axis',(0.,1.,1.E-9));
#3610=DIRECTION('',(-1.,0.,0.));
#3611=DIRECTION('center_axis',(0.,-1.E-9,1.));
#3612=DIRECTION('ref_axis',(0.,1.,1.E-9));
#3613=DIRECTION('',(-1.,0.,0.));
#3614=DIRECTION('center_axis',(0.,-1.E-9,1.));
#3615=DIRECTION('ref_axis',(0.,1.,1.E-9));
#3616=DIRECTION('center_axis',(0.,-1.E-9,1.));
#3617=DIRECTION('ref_axis',(0.,1.,1.E-9));
#3618=DIRECTION('',(-1.,0.,0.));
#3619=DIRECTION('center_axis',(0.,-1.E-9,1.));
#3620=DIRECTION('ref_axis',(0.,1.,1.E-9));
#3621=DIRECTION('',(-1.,0.,0.));
#3622=DIRECTION('center_axis',(0.,-1.E-9,1.));
#3623=DIRECTION('ref_axis',(0.,1.,1.E-9));
#3624=DIRECTION('center_axis',(0.,-0.906307769722658,-0.422618298870673));
#3625=DIRECTION('ref_axis',(0.,-0.422618298870673,0.906307769722658));
#3626=DIRECTION('center_axis',(0.,-0.906307769722658,-0.422618298870673));
#3627=DIRECTION('ref_axis',(0.,-0.422618298870673,0.906307769722658));
#3628=DIRECTION('',(-1.,0.,0.));
#3629=DIRECTION('',(-1.,0.,0.));
#3630=DIRECTION('',(-0.25631135526396,-0.408500429917217,0.876031898917043));
#3631=DIRECTION('',(-0.95856766736295,0.120389131191674,-0.258175297380029));
#3632=DIRECTION('center_axis',(0.,-0.906307769722658,-0.422618298870673));
#3633=DIRECTION('ref_axis',(0.,0.422618298870673,-0.906307769722658));
#3634=DIRECTION('',(-1.,0.,0.));
#3635=DIRECTION('center_axis',(-7.13663824902689E-7,0.906307847667216,0.422618131717404));
#3636=DIRECTION('ref_axis',(0.968166880965558,-0.105783056465259,0.226854216549506));
#3637=DIRECTION('',(1.,0.,0.));
#3638=DIRECTION('center_axis',(0.,-0.906307769722658,-0.422618298870673));
#3639=DIRECTION('ref_axis',(0.,-0.422618298870673,0.906307769722658));
#3640=DIRECTION('',(1.,0.,0.));
#3641=DIRECTION('',(0.,-0.422618298870673,0.906307769722658));
#3642=DIRECTION('',(-1.,0.,0.));
#3643=DIRECTION('center_axis',(0.,-0.906307769722658,-0.422618298870673));
#3644=DIRECTION('ref_axis',(0.,-0.422618298870673,0.906307769722658));
#3645=DIRECTION('',(0.958605339075766,-0.120335545497384,0.258060381277878));
#3646=DIRECTION('center_axis',(9.70085209200817E-8,-0.906307780458277,-0.422618275848055));
#3647=DIRECTION('ref_axis',(0.966661172241393,-0.108215100543953,0.232068244478124));
#3648=DIRECTION('',(-1.,0.,0.));
#3649=DIRECTION('center_axis',(0.,0.906307769722658,0.422618298870673));
#3650=DIRECTION('ref_axis',(0.,-0.422618298870673,0.906307769722658));
#3651=DIRECTION('',(1.,0.,0.));
#3652=DIRECTION('center_axis',(-2.92214122537396E-6,0.906308094617156,0.422617602121447));
#3653=DIRECTION('ref_axis',(0.96725894359423,-0.10725420230875,0.230014504160255));
#3654=DIRECTION('',(-0.958646040219757,0.120277619718175,-0.257936162191172));
#3655=DIRECTION('center_axis',(-1.13249269607193E-12,0.90630776972278,0.422618298870412));
#3656=DIRECTION('ref_axis',(0.96789674326452,-0.106224329147938,0.227798784621444));
#3657=DIRECTION('',(1.,0.,0.));
#3658=DIRECTION('center_axis',(0.,-0.906307769722658,-0.422618298870673));
#3659=DIRECTION('ref_axis',(0.,-0.422618298870673,0.906307769722658));
#3660=DIRECTION('',(-1.,0.,0.));
#3661=DIRECTION('center_axis',(6.81138577571579E-8,-0.906307777137999,-0.422618282968419));
#3662=DIRECTION('ref_axis',(0.967546307268516,-0.106792949049547,0.229018360234194));
#3663=DIRECTION('center_axis',(0.,0.906307769722658,-0.422618298870673));
#3664=DIRECTION('ref_axis',(0.,-0.422618298870673,-0.906307769722658));
#3665=DIRECTION('',(-1.,0.,0.));
#3666=DIRECTION('center_axis',(0.,0.906307769722658,-0.422618298870673));
#3667=DIRECTION('ref_axis',(0.,0.422618298870673,0.906307769722658));
#3668=DIRECTION('center_axis',(0.,0.906307769722658,-0.422618298870673));
#3669=DIRECTION('ref_axis',(0.,0.422618298870673,0.906307769722658));
#3670=DIRECTION('',(1.,0.,0.));
#3671=DIRECTION('',(0.,0.422618298870673,0.906307769722658));
#3672=DIRECTION('',(1.,0.,0.));
#3673=DIRECTION('center_axis',(0.,0.906307769722658,-0.422618298870673));
#3674=DIRECTION('ref_axis',(0.,0.422618298870673,0.906307769722658));
#3675=DIRECTION('',(-1.,0.,0.));
#3676=DIRECTION('center_axis',(1.52267435986829E-5,-0.906306101101359,0.422621876947466));
#3677=DIRECTION('ref_axis',(0.967966007589339,0.106125798813945,0.227550264727725));
#3678=DIRECTION('',(-1.,0.,0.));
#3679=DIRECTION('center_axis',(0.,0.906307769722658,-0.422618298870673));
#3680=DIRECTION('ref_axis',(0.,-0.422618298870673,-0.906307769722658));
#3681=DIRECTION('',(0.958567667311905,0.120389130921009,0.258175297695766));
#3682=DIRECTION('',(0.256311356227256,-0.408500426445722,-0.876031900253985));
#3683=DIRECTION('',(-1.,0.,0.));
#3684=DIRECTION('center_axis',(0.,-0.906307769722658,0.422618298870673));
#3685=DIRECTION('ref_axis',(0.,0.422618298870673,0.906307769722658));
#3686=DIRECTION('',(1.,0.,0.));
#3687=DIRECTION('center_axis',(4.84943906464616E-8,0.906307775052568,-0.422618287440643));
#3688=DIRECTION('ref_axis',(0.96724952114961,0.107272070940487,0.230045792467476));
#3689=DIRECTION('',(-0.958605339156601,-0.120335545382371,-0.258060381031233));
#3690=DIRECTION('center_axis',(-2.64400921159585E-6,-0.906308063685264,
0.422617668457054));
#3691=DIRECTION('ref_axis',(0.966892508961393,0.10784295202074,0.231276401333544));
#3692=DIRECTION('',(-1.,0.,0.));
#3693=DIRECTION('',(-1.,0.,0.));
#3694=DIRECTION('center_axis',(1.21338276181823E-12,-0.906307769722521,
0.422618298870967));
#3695=DIRECTION('ref_axis',(0.967317954560537,0.107161846933942,0.229809297780847));
#3696=DIRECTION('',(0.958646040185569,0.120277620585443,0.257936161913822));
#3697=DIRECTION('center_axis',(-2.01136100011263E-7,0.906307747448478,-0.422618346637751));
#3698=DIRECTION('ref_axis',(0.967906785001602,0.106208174053926,0.227763647915978));
#3699=DIRECTION('',(1.,0.,0.));
#3700=DIRECTION('center_axis',(0.,0.906307769722658,-0.422618298870673));
#3701=DIRECTION('ref_axis',(0.,0.422618298870673,0.906307769722658));
#3702=DIRECTION('center_axis',(0.,0.,-1.));
#3703=DIRECTION('ref_axis',(0.,-1.,0.));
#3704=DIRECTION('center_axis',(0.,0.,-1.));
#3705=DIRECTION('ref_axis',(0.,-1.,0.));
#3706=DIRECTION('',(-1.,0.,0.));
#3707=DIRECTION('center_axis',(0.,0.,-1.));
#3708=DIRECTION('ref_axis',(0.,-1.,0.));
#3709=DIRECTION('',(-1.,0.,0.));
#3710=DIRECTION('center_axis',(0.,-1.,0.));
#3711=DIRECTION('ref_axis',(0.,0.,1.));
#3712=DIRECTION('',(5.90923107170104E-11,-3.5226996383893E-12,1.));
#3713=DIRECTION('',(2.94652066759556E-10,-7.78260757178891E-12,1.));
#3714=DIRECTION('center_axis',(0.,0.,-1.));
#3715=DIRECTION('ref_axis',(0.,-1.,0.));
#3716=DIRECTION('center_axis',(0.,0.,-1.));
#3717=DIRECTION('ref_axis',(0.,-1.,0.));
#3718=DIRECTION('',(-1.,0.,0.));
#3719=DIRECTION('center_axis',(0.,0.,-1.));
#3720=DIRECTION('ref_axis',(0.,-1.,0.));
#3721=DIRECTION('center_axis',(0.,-1.,0.));
#3722=DIRECTION('ref_axis',(0.,0.,1.));
#3723=DIRECTION('',(5.91852121071839E-11,-1.5778567936368E-12,1.));
#3724=DIRECTION('',(2.92402719002955E-10,0.,1.));
#3725=DIRECTION('center_axis',(0.,1.E-9,1.));
#3726=DIRECTION('ref_axis',(0.,1.,-1.E-9));
#3727=DIRECTION('',(-1.,0.,0.));
#3728=DIRECTION('center_axis',(0.,1.E-9,1.));
#3729=DIRECTION('ref_axis',(0.,1.,-1.E-9));
#3730=DIRECTION('',(-1.,0.,0.));
#3731=DIRECTION('center_axis',(0.,1.E-9,1.));
#3732=DIRECTION('ref_axis',(0.,1.,-1.E-9));
#3733=DIRECTION('center_axis',(0.,1.,-1.E-9));
#3734=DIRECTION('ref_axis',(0.,-1.E-9,-1.));
#3735=DIRECTION('',(1.1732888010061E-10,-9.79181837590095E-10,-1.));
#3736=DIRECTION('',(3.52657355653444E-10,-9.74890129273678E-10,-1.));
#3737=DIRECTION('center_axis',(-1.,0.,0.));
#3738=DIRECTION('ref_axis',(0.,0.,1.));
#3739=DIRECTION('',(0.,0.,-1.));
#3740=DIRECTION('',(0.,1.,1.E-9));
#3741=DIRECTION('',(0.,1.,0.));
#3742=DIRECTION('center_axis',(0.,1.E-9,1.));
#3743=DIRECTION('ref_axis',(0.,1.,-1.E-9));
#3744=DIRECTION('center_axis',(0.,1.E-9,1.));
#3745=DIRECTION('ref_axis',(0.,1.,-1.E-9));
#3746=DIRECTION('center_axis',(0.,1.E-9,1.));
#3747=DIRECTION('ref_axis',(0.,1.,-1.E-9));
#3748=DIRECTION('',(-1.,0.,0.));
#3749=DIRECTION('center_axis',(0.,1.,-1.E-9));
#3750=DIRECTION('ref_axis',(0.,-1.E-9,-1.));
#3751=DIRECTION('',(9.74669961018966E-11,-9.99999929866887E-10,-1.));
#3752=DIRECTION('',(3.57381101827994E-10,-9.99999929866887E-10,-1.));
#3753=DIRECTION('center_axis',(0.,-1.,-1.E-9));
#3754=DIRECTION('ref_axis',(0.,-1.E-9,1.));
#3755=DIRECTION('',(-1.62749590518096E-10,9.99998589761417E-10,-1.));
#3756=DIRECTION('',(-1.,0.,0.));
#3757=DIRECTION('',(-0.25914747633867,3.60024970925048E-8,0.965837763554158));
#3758=DIRECTION('',(-0.966013032077421,2.584992040597E-10,-0.258493369076631));
#3759=DIRECTION('',(-1.01718355350239E-10,-9.99999213533327E-10,1.));
#3760=DIRECTION('center_axis',(0.,-1.E-9,1.));
#3761=DIRECTION('ref_axis',(0.,1.,1.E-9));
#3762=DIRECTION('',(-1.,0.,0.));
#3763=DIRECTION('center_axis',(0.,-1.E-9,1.));
#3764=DIRECTION('ref_axis',(0.,1.,1.E-9));
#3765=DIRECTION('',(-1.,0.,0.));
#3766=DIRECTION('center_axis',(0.,0.,1.));
#3767=DIRECTION('ref_axis',(0.998548191786652,-0.0538656539884912,0.));
#3768=DIRECTION('',(-1.,0.,0.));
#3769=DIRECTION('center_axis',(0.,-1.E-9,1.));
#3770=DIRECTION('ref_axis',(0.,1.,1.E-9));
#3771=DIRECTION('',(-1.,0.,0.));
#3772=DIRECTION('center_axis',(0.,0.,1.));
#3773=DIRECTION('ref_axis',(0.998548191786652,-0.0538656539884912,0.));
#3774=DIRECTION('',(-1.,0.,0.));
#3775=DIRECTION('center_axis',(0.,0.,-1.));
#3776=DIRECTION('ref_axis',(0.,-1.,0.));
#3777=DIRECTION('center_axis',(0.,0.,1.));
#3778=DIRECTION('ref_axis',(0.999999998097912,6.1678000006039E-5,0.));
#3779=DIRECTION('',(-1.,0.,0.));
#3780=DIRECTION('center_axis',(0.,-1.E-9,1.));
#3781=DIRECTION('ref_axis',(0.,1.,1.E-9));
#3782=DIRECTION('',(-1.,0.,0.));
#3783=DIRECTION('center_axis',(-7.74607949938258E-13,-1.00000245694715E-9,
1.));
#3784=DIRECTION('ref_axis',(0.999960756233022,0.00885923212711794,9.63382653842481E-12));
#3785=DIRECTION('center_axis',(4.73423338151414E-13,-1.00000122862656E-9,
1.));
#3786=DIRECTION('ref_axis',(0.999999998115504,6.13921226751853E-5,-4.12041856852624E-13));
#3787=DIRECTION('',(-1.,0.,0.));
#3788=DIRECTION('center_axis',(0.,-1.E-9,1.));
#3789=DIRECTION('ref_axis',(0.,1.,1.E-9));
#3790=DIRECTION('',(-1.,0.,0.));
#3791=DIRECTION('center_axis',(0.,0.,1.));
#3792=DIRECTION('ref_axis',(0.998548179864783,-0.0538658749927058,0.));
#3793=DIRECTION('center_axis',(0.,0.,1.));
#3794=DIRECTION('ref_axis',(0.,1.,0.));
#3795=DIRECTION('',(-1.,0.,0.));
#3796=DIRECTION('',(0.,1.,1.E-9));
#3797=DIRECTION('center_axis',(0.,0.,1.));
#3798=DIRECTION('ref_axis',(0.998548191786652,-0.0538656539884912,0.));
#3799=DIRECTION('center_axis',(0.,0.,-1.));
#3800=DIRECTION('ref_axis',(0.,-1.,0.));
#3801=DIRECTION('',(0.,0.,-1.));
#3802=DIRECTION('',(0.0536092100216544,0.998561897505636,0.000435259460726477));
#3803=DIRECTION('',(-0.259147729400841,0.,0.965837695654083));
#3804=DIRECTION('center_axis',(0.,0.,1.));
#3805=DIRECTION('ref_axis',(0.998548198366123,-0.0538655320197501,0.));
#3806=DIRECTION('center_axis',(-1.18236129943953E-7,0.90630779400297,0.422618246801362));
#3807=DIRECTION('ref_axis',(0.96875829177537,-0.1048120945785,0.224770542879921));
#3808=DIRECTION('center_axis',(0.,0.,1.));
#3809=DIRECTION('ref_axis',(0.998548191786652,-0.0538656539884911,0.));
#3810=DIRECTION('center_axis',(0.,0.,1.));
#3811=DIRECTION('ref_axis',(0.998548187848559,-0.0538657269918307,0.));
#3812=DIRECTION('',(-0.966013497694858,0.,-0.258491629016004));
#3813=DIRECTION('',(0.958705037156289,-0.120193597492936,0.257755990915566));
#3814=DIRECTION('center_axis',(0.,0.,1.));
#3815=DIRECTION('ref_axis',(0.,1.,0.));
#3816=DIRECTION('',(-1.,0.,0.));
#3817=DIRECTION('center_axis',(0.,0.,1.));
#3818=DIRECTION('ref_axis',(0.998548206567899,-0.0538653799766909,0.));
#3819=DIRECTION('',(1.,0.,0.));
#3820=DIRECTION('center_axis',(0.,0.,1.));
#3821=DIRECTION('ref_axis',(0.,1.,0.));
#3822=DIRECTION('',(0.,0.,1.));
#3823=DIRECTION('center_axis',(0.,0.,1.));
#3824=DIRECTION('ref_axis',(0.998548206567899,-0.0538653799766908,0.));
#3825=DIRECTION('center_axis',(0.,0.906307781262882,0.422618274122584));
#3826=DIRECTION('ref_axis',(0.,-0.422618274122584,0.906307781262882));
#3827=DIRECTION('center_axis',(0.,0.,-1.));
#3828=DIRECTION('ref_axis',(0.,-1.,0.));
#3829=DIRECTION('',(1.,0.,0.));
#3830=DIRECTION('center_axis',(0.,0.,1.));
#3831=DIRECTION('ref_axis',(0.998548198366123,-0.0538655320197501,0.));
#3832=DIRECTION('',(-1.,0.,0.));
#3833=DIRECTION('center_axis',(6.98913760931617E-8,-0.90630778880747,-0.422618257943157));
#3834=DIRECTION('ref_axis',(0.968181109564818,-0.105760391265947,0.226804053581746));
#3835=DIRECTION('',(0.958582233992973,-0.12034753124226,0.258140605866134));
#3836=DIRECTION('center_axis',(-0.00811936314310329,6.47901321510392E-8,
0.999967037427808));
#3837=DIRECTION('ref_axis',(0.998643402953496,-0.0514354355918429,0.00810861905249343));
#3838=DIRECTION('center_axis',(3.82910367315605E-8,-1.97406310346248E-9,
0.999999999999999));
#3839=DIRECTION('ref_axis',(0.998759789884025,-0.0497883732493501,-3.83418331937398E-8));
#3840=DIRECTION('center_axis',(-9.29482155351421E-5,0.906318162686204,0.422596000153496));
#3841=DIRECTION('ref_axis',(0.966822872565544,-0.107869728933699,0.231554863183394));
#3842=DIRECTION('center_axis',(0.,0.,1.));
#3843=DIRECTION('ref_axis',(0.998548187848559,-0.0538657269918307,0.));
#3844=DIRECTION('',(-0.966012448315449,-4.81849255102807E-11,-0.258495550637901));
#3845=DIRECTION('center_axis',(0.,0.,1.));
#3846=DIRECTION('ref_axis',(0.998548191786652,-0.0538656539884912,0.));
#3847=DIRECTION('',(0.958658892900061,-0.120259316342356,0.257896924945797));
#3848=DIRECTION('',(-0.259147604159936,2.93258071287452E-12,0.965837729257956));
#3849=DIRECTION('center_axis',(0.,0.,1.));
#3850=DIRECTION('ref_axis',(0.998548198366123,-0.0538655320197501,0.));
#3851=DIRECTION('center_axis',(-2.41371066101687E-6,0.906308045909672,0.422617706578376));
#3852=DIRECTION('ref_axis',(0.968121464001801,-0.105855671933351,0.227014113346613));
#3853=DIRECTION('center_axis',(0.,0.,1.));
#3854=DIRECTION('ref_axis',(0.,1.,0.));
#3855=DIRECTION('',(-1.,0.,0.));
#3856=DIRECTION('center_axis',(0.,0.,1.));
#3857=DIRECTION('ref_axis',(0.998548206567899,-0.0538653799766908,0.));
#3858=DIRECTION('',(1.,0.,0.));
#3859=DIRECTION('center_axis',(0.,0.,1.));
#3860=DIRECTION('ref_axis',(0.,1.,0.));
#3861=DIRECTION('',(0.,0.,1.));
#3862=DIRECTION('center_axis',(0.,0.,1.));
#3863=DIRECTION('ref_axis',(0.998548206567899,-0.0538653799766908,0.));
#3864=DIRECTION('center_axis',(0.,0.906307781262882,0.422618274122584));
#3865=DIRECTION('ref_axis',(0.,-0.422618274122584,0.906307781262882));
#3866=DIRECTION('center_axis',(0.,0.,-1.));
#3867=DIRECTION('ref_axis',(0.,-1.,0.));
#3868=DIRECTION('',(1.,0.,0.));
#3869=DIRECTION('center_axis',(0.,0.,1.));
#3870=DIRECTION('ref_axis',(0.998548198366123,-0.0538655320197501,0.));
#3871=DIRECTION('',(-1.,0.,0.));
#3872=DIRECTION('center_axis',(6.86831641145264E-8,-0.906307788795575,-0.422618257968666));
#3873=DIRECTION('ref_axis',(0.967535502419365,-0.106810424841332,0.229055854985898));
#3874=DIRECTION('center_axis',(-7.31159754364446E-9,3.37086426677211E-10,
1.));
#3875=DIRECTION('ref_axis',(0.999050229294779,-0.0435733788688725,7.31934119185983E-9));
#3876=DIRECTION('',(-0.966013042621256,2.92728924927813E-13,-0.258493329673367));
#3877=DIRECTION('center_axis',(0.,0.,1.));
#3878=DIRECTION('ref_axis',(0.998548191786652,-0.0538656539884912,0.));
#3879=DIRECTION('',(-0.259147700170349,-5.22652518266768E-12,0.965837703497031));
#3880=DIRECTION('center_axis',(0.,0.,1.));
#3881=DIRECTION('ref_axis',(0.998548198366123,-0.0538655320197501,0.));
#3882=DIRECTION('center_axis',(-2.89041493758135E-6,0.906308101581493,0.422617587186567));
#3883=DIRECTION('ref_axis',(0.967476372856365,-0.106903400497627,0.229262144556698));
#3884=DIRECTION('center_axis',(0.,0.,1.));
#3885=DIRECTION('ref_axis',(0.,1.,0.));
#3886=DIRECTION('',(-1.,0.,0.));
#3887=DIRECTION('center_axis',(0.,0.,1.));
#3888=DIRECTION('ref_axis',(0.998548206567899,-0.0538653799766908,0.));
#3889=DIRECTION('',(1.,0.,0.));
#3890=DIRECTION('center_axis',(0.,0.,1.));
#3891=DIRECTION('ref_axis',(0.,1.,0.));
#3892=DIRECTION('',(0.,0.,1.));
#3893=DIRECTION('center_axis',(0.,0.,1.));
#3894=DIRECTION('ref_axis',(0.998548206567899,-0.0538653799766908,0.));
#3895=DIRECTION('center_axis',(0.,0.906307781262882,0.422618274122584));
#3896=DIRECTION('ref_axis',(0.,-0.422618274122584,0.906307781262882));
#3897=DIRECTION('center_axis',(0.,0.,-1.));
#3898=DIRECTION('ref_axis',(0.,-1.,0.));
#3899=DIRECTION('',(1.,0.,0.));
#3900=DIRECTION('center_axis',(0.,0.,1.));
#3901=DIRECTION('ref_axis',(0.998548198366123,-0.0538655320197501,0.));
#3902=DIRECTION('',(-1.,0.,0.));
#3903=DIRECTION('center_axis',(0.,-0.906307786369158,-0.422618263172141));
#3904=DIRECTION('ref_axis',(0.,-0.422618263172141,0.906307786369158));
#3905=DIRECTION('center_axis',(0.,-0.906307786369158,-0.422618263172141));
#3906=DIRECTION('ref_axis',(0.,-0.422618263172141,0.906307786369158));
#3907=DIRECTION('center_axis',(0.,-0.906307786369158,-0.422618263172141));
#3908=DIRECTION('ref_axis',(0.,-0.422618263172141,0.906307786369158));
#3909=DIRECTION('',(-1.,0.,0.));
#3910=DIRECTION('center_axis',(1.26661010741655E-8,-0.906307787875574,-0.42261825994162));
#3911=DIRECTION('ref_axis',(0.9671614128862,-0.10741388946817,0.230349859503515));
#3912=DIRECTION('',(-0.958620932361715,0.120313346450177,-0.258012803372072));
#3913=DIRECTION('center_axis',(-1.42286738789776E-12,0.906307786369331,
0.422618263171769));
#3914=DIRECTION('ref_axis',(0.967515725100878,-0.10684247883022,0.229124434314493));
#3915=DIRECTION('center_axis',(0.,-0.906307786369158,-0.422618263172141));
#3916=DIRECTION('ref_axis',(0.,0.422618263172141,-0.906307786369158));
#3917=DIRECTION('center_axis',(2.29991514051552E-7,0.906307762364172,0.422618314650933));
#3918=DIRECTION('ref_axis',(0.970914772864756,-0.101185745233669,0.216992969458658));
#3919=DIRECTION('',(1.,0.,0.));
#3920=DIRECTION('center_axis',(0.,-0.906307786369158,-0.422618263172141));
#3921=DIRECTION('ref_axis',(0.,-0.422618263172141,0.906307786369158));
#3922=DIRECTION('',(1.,0.,0.));
#3923=DIRECTION('center_axis',(0.,-0.906307786369158,-0.422618263172141));
#3924=DIRECTION('ref_axis',(0.,-0.422618263172141,0.906307786369158));
#3925=DIRECTION('',(-1.,0.,0.));
#3926=DIRECTION('center_axis',(-1.63034958340946E-7,-0.906307769328506,
-0.422618299715903));
#3927=DIRECTION('ref_axis',(0.970331288780579,-0.102180465181172,0.219126316422239));
#3928=DIRECTION('',(-0.958861310189808,0.119970738366765,-0.257278078655797));
#3929=DIRECTION('center_axis',(7.02631170173361E-8,0.90630777903884,0.422618278892052));
#3930=DIRECTION('ref_axis',(0.970653942193937,-0.101631563946732,0.217949420079775));
#3931=DIRECTION('center_axis',(-7.41794720030028E-13,0.906307786369241,
0.422618263171963));
#3932=DIRECTION('ref_axis',(0.969422653080033,-0.103709281556151,0.222405271102951));
#3933=DIRECTION('',(1.,0.,0.));
#3934=DIRECTION('center_axis',(0.,-0.906307786369158,-0.422618263172141));
#3935=DIRECTION('ref_axis',(0.,-0.422618263172141,0.906307786369158));
#3936=DIRECTION('',(-1.,0.,0.));
#3937=DIRECTION('center_axis',(3.07512063714334E-6,-0.906308116327949,-0.422617555561324));
#3938=DIRECTION('ref_axis',(0.96908769152751,-0.104264035925231,0.223602452899033));
#3939=DIRECTION('',(-0.958756482833422,0.120120278337903,-0.257598768158762));
#3940=DIRECTION('center_axis',(-4.86921737912537E-13,0.906307786369219,
0.422618263172009));
#3941=DIRECTION('ref_axis',(0.968159508480586,-0.105795766366143,0.226879752198451));
#3942=DIRECTION('',(1.,0.,0.));
#3943=DIRECTION('center_axis',(0.,-0.906307786369158,-0.422618263172141));
#3944=DIRECTION('ref_axis',(0.,-0.422618263172141,0.906307786369158));
#3945=DIRECTION('',(-1.,0.,0.));
#3946=DIRECTION('center_axis',(7.48032621307168E-8,-0.906307794669763,-0.42261824537143));
#3947=DIRECTION('ref_axis',(0.967811773865721,-0.106362435649256,0.228095161390248));
#3948=DIRECTION('',(-0.958662885196285,0.12025362813799,-0.257884736785224));
#3949=DIRECTION('',(0.958807411401107,-0.120047652604562,0.257443020776331));
#3950=DIRECTION('center_axis',(0.,-0.906307786369151,-0.422618263172155));
#3951=DIRECTION('ref_axis',(0.969494867470262,-0.103588643411913,0.222146561766997));
#3952=DIRECTION('',(-1.,0.,0.));
#3953=DIRECTION('center_axis',(0.,0.906307786369158,0.422618263172141));
#3954=DIRECTION('ref_axis',(0.,-0.422618263172141,0.906307786369158));
#3955=DIRECTION('',(1.,0.,0.));
#3956=DIRECTION('center_axis',(-1.36625920397469E-12,0.906307786369291,
0.422618263171856));
#3957=DIRECTION('ref_axis',(0.970054359916707,-0.102648868393118,0.220131207747106));
#3958=DIRECTION('center_axis',(-8.17891577985641E-14,0.906307786369181,
0.422618263172091));
#3959=DIRECTION('ref_axis',(0.968795092227146,-0.104751432702338,0.224640171437354));
#3960=DIRECTION('',(1.,0.,0.));
#3961=DIRECTION('center_axis',(0.,-0.906307786369158,-0.422618263172141));
#3962=DIRECTION('ref_axis',(0.,-0.422618263172141,0.906307786369158));
#3963=DIRECTION('',(-1.,0.,0.));
#3964=DIRECTION('center_axis',(-2.83282061643936E-7,-0.906307755712474,
-0.422618328915511));
#3965=DIRECTION('ref_axis',(0.968453850641255,-0.105313767643145,0.225845410674939));
#3966=DIRECTION('',(-0.958707117669402,0.120190630420595,-0.257749636060124));
#3967=DIRECTION('center_axis',(0.,0.906307781262882,0.422618274122584));
#3968=DIRECTION('ref_axis',(0.,0.422618274122584,-0.906307781262882));
#3969=DIRECTION('center_axis',(0.,0.906307781262882,0.422618274122584));
#3970=DIRECTION('ref_axis',(0.,-0.422618274122584,0.906307781262882));
#3971=DIRECTION('center_axis',(0.,0.906307781262882,0.422618274122584));
#3972=DIRECTION('ref_axis',(0.,-0.422618274122584,0.906307781262882));
#3973=DIRECTION('',(-1.,0.,0.));
#3974=DIRECTION('center_axis',(1.54893727990688E-7,-0.906307797575698,-0.42261823913961));
#3975=DIRECTION('ref_axis',(0.970068605507815,-0.102624678711056,0.220079703579352));
#3976=DIRECTION('center_axis',(0.,0.906307781262882,0.422618274122584));
#3977=DIRECTION('ref_axis',(0.,0.422618274122584,-0.906307781262882));
#3978=DIRECTION('',(1.,0.,0.));
#3979=DIRECTION('center_axis',(-5.76617550591387E-13,0.906307781262941,
0.422618274122459));
#3980=DIRECTION('ref_axis',(0.969375525206506,-0.103787933516718,0.222573933754472));
#3981=DIRECTION('',(-0.958752756219823,0.120125594409586,-0.257610158977934));
#3982=DIRECTION('center_axis',(-2.98345670002735E-7,-0.906307749199672,
-0.422618342882245));
#3983=DIRECTION('ref_axis',(0.969040088934091,-0.104346182422427,0.223770373938275));
#3984=DIRECTION('',(-1.,0.,0.));
#3985=DIRECTION('center_axis',(0.,-0.906307781262882,-0.422618274122584));
#3986=DIRECTION('ref_axis',(0.,-0.422618274122584,0.906307781262882));
#3987=DIRECTION('',(-1.,0.,0.));
#3988=DIRECTION('center_axis',(-9.15451960207044E-13,-0.906307781262781,
-0.422618274122801));
#3989=DIRECTION('ref_axis',(0.969447936576885,-0.103667063753543,0.222314727716224));
#3990=DIRECTION('center_axis',(-4.9579880381478E-8,0.906307786497185,0.422618262897582));
#3991=DIRECTION('ref_axis',(0.9700077868337,-0.102727401985472,0.220299737547056));
#3992=DIRECTION('',(1.,0.,0.));
#3993=DIRECTION('center_axis',(0.,0.906307781262882,0.422618274122584));
#3994=DIRECTION('ref_axis',(0.,-0.422618274122584,0.906307781262882));
#3995=DIRECTION('center_axis',(0.,1.,0.));
#3996=DIRECTION('ref_axis',(0.,0.,-1.));
#3997=DIRECTION('',(-2.69511461480816E-10,5.44176966877808E-13,-1.));
#3998=DIRECTION('',(-1.,0.,0.));
#3999=DIRECTION('',(0.,0.,1.));
#4000=DIRECTION('center_axis',(0.,-0.906307781262882,0.422618274122584));
#4001=DIRECTION('ref_axis',(0.,0.422618274122584,0.906307781262882));
#4002=DIRECTION('center_axis',(0.,-0.906307781262882,0.422618274122584));
#4003=DIRECTION('ref_axis',(0.,0.422618274122584,0.906307781262882));
#4004=DIRECTION('',(-1.,0.,0.));
#4005=DIRECTION('center_axis',(-5.91123575784195E-5,-0.906314384602911,
0.42260410879164));
#4006=DIRECTION('ref_axis',(0.966579437558347,0.108290086608962,0.232373509745868));
#4007=DIRECTION('',(-0.958579199251931,-0.120372722830128,-0.258140129309621));
#4008=DIRECTION('center_axis',(0.,-0.906307781262882,0.422618274122584));
#4009=DIRECTION('ref_axis',(0.,-0.422618274122584,-0.906307781262882));
#4010=DIRECTION('center_axis',(6.237057063188E-7,0.906307847089153,-0.422618132957207));
#4011=DIRECTION('ref_axis',(0.970258791792024,0.102302616047558,0.219390181412268));
#4012=DIRECTION('',(1.,0.,0.));
#4013=DIRECTION('center_axis',(0.,-0.906307781262882,0.422618274122584));
#4014=DIRECTION('ref_axis',(0.,0.422618274122584,0.906307781262882));
#4015=DIRECTION('',(-0.958617899538606,-0.120317664872611,-0.25802205759158));
#4016=DIRECTION('center_axis',(-7.92257278684795E-8,0.906307772411584,-0.422618293104246));
#4017=DIRECTION('ref_axis',(0.967466731954829,0.106921764770117,0.229294262420772));
#4018=DIRECTION('',(1.,0.,0.));
#4019=DIRECTION('center_axis',(0.,-0.906307781262882,0.422618274122584));
#4020=DIRECTION('ref_axis',(0.,0.422618274122584,0.906307781262882));
#4021=DIRECTION('',(-1.,0.,0.));
#4022=DIRECTION('center_axis',(2.15120383543693E-12,-0.906307781262654,
0.422618274123074));
#4023=DIRECTION('ref_axis',(0.967111940001672,0.107493434066678,0.230520405037722));
#4024=DIRECTION('center_axis',(1.64747884465497E-13,-0.906307781262866,
0.422618274122618));
#4025=DIRECTION('ref_axis',(0.968818448242077,0.10471284739899,0.224557417903329));
#4026=DIRECTION('',(-1.,0.,0.));
#4027=DIRECTION('center_axis',(0.,0.906307781262882,-0.422618274122584));
#4028=DIRECTION('ref_axis',(0.,0.422618274122584,0.906307781262882));
#4029=DIRECTION('',(1.,0.,0.));
#4030=DIRECTION('center_axis',(-2.4133599627438E-8,0.90630777863986,-0.422618279747673));
#4031=DIRECTION('ref_axis',(0.96938703698371,0.103768750546027,0.222532736778343));
#4032=DIRECTION('',(0.958752756300239,0.120125594294951,0.257610158732102));
#4033=DIRECTION('',(-0.958658892934254,-0.120259315475209,-0.257896925223052));
#4034=DIRECTION('center_axis',(-3.6444244956779E-8,0.906307777208201,-0.422618282817875));
#4035=DIRECTION('ref_axis',(0.968111130762541,0.10587484336373,0.227049237031047));
#4036=DIRECTION('',(1.,0.,0.));
#4037=DIRECTION('center_axis',(0.,-0.906307781262882,0.422618274122584));
#4038=DIRECTION('ref_axis',(0.,0.422618274122584,0.906307781262882));
#4039=DIRECTION('',(-1.,0.,0.));
#4040=DIRECTION('center_axis',(-2.6783293311873E-6,-0.90630807492841,0.422617644345791));
#4041=DIRECTION('ref_axis',(0.967762956149307,0.106439306271279,0.228266368056364));
#4042=DIRECTION('',(-0.958803459390344,-0.120053292923078,-0.257455108940246));
#4043=DIRECTION('center_axis',(-9.96044185867865E-13,0.906307781262775,
-0.422618274122814));
#4044=DIRECTION('ref_axis',(0.969995714105069,0.102747806763981,0.220343374810747));
#4045=DIRECTION('',(1.,0.,0.));
#4046=DIRECTION('center_axis',(0.,-0.906307781262882,0.422618274122584));
#4047=DIRECTION('ref_axis',(0.,0.422618274122584,0.906307781262882));
#4048=DIRECTION('',(-1.,0.,0.));
#4049=DIRECTION('center_axis',(-4.95805480145983E-8,-0.906307786497261,
0.422618262897421));
#4050=DIRECTION('ref_axis',(0.969666479629582,0.103301310752137,0.221530488826402));
#4051=DIRECTION('center_axis',(6.98724039880496E-8,0.906307788841565,-0.422618257870041));
#4052=DIRECTION('ref_axis',(0.968747386228721,0.104830141250403,0.224809126061293));
#4053=DIRECTION('',(1.,0.,0.));
#4054=DIRECTION('center_axis',(0.,-0.906307781262882,0.422618274122584));
#4055=DIRECTION('ref_axis',(0.,0.422618274122584,0.906307781262882));
#4056=DIRECTION('',(-1.,0.,0.));
#4057=DIRECTION('center_axis',(-2.87220193429036E-6,-0.906308092836158,
0.422617605941159));
#4058=DIRECTION('ref_axis',(0.968405611384419,0.105390016530926,0.226016628270532));
#4059=DIRECTION('',(-0.958705037156289,-0.120193597492936,-0.257755990915566));
#4060=DIRECTION('center_axis',(0.,0.906307786369158,-0.422618263172141));
#4061=DIRECTION('ref_axis',(0.,-0.422618263172141,-0.906307786369158));
#4062=DIRECTION('center_axis',(0.,0.906307786369158,-0.422618263172141));
#4063=DIRECTION('ref_axis',(0.,0.422618263172141,0.906307786369158));
#4064=DIRECTION('center_axis',(0.,0.906307786369158,-0.422618263172141));
#4065=DIRECTION('ref_axis',(0.,0.422618263172141,0.906307786369158));
#4066=DIRECTION('',(-1.,0.,0.));
#4067=DIRECTION('center_axis',(2.54362230215314E-5,-0.906305127630011,0.422623964044336));
#4068=DIRECTION('ref_axis',(0.970727913197971,0.101528980978628,0.217667601079613));
#4069=DIRECTION('center_axis',(0.,0.906307786369158,-0.422618263172141));
#4070=DIRECTION('ref_axis',(0.,-0.422618263172141,-0.906307786369158));
#4071=DIRECTION('center_axis',(2.24663295085576E-13,-0.906307786369147,
0.422618263172165));
#4072=DIRECTION('ref_axis',(0.96691692043923,0.10780632303211,0.231191404863184));
#4073=DIRECTION('',(0.958620932361715,0.120313346450177,0.258012803372072));
#4074=DIRECTION('center_axis',(1.26661048217626E-8,0.906307787875575,-0.422618259941619));
#4075=DIRECTION('ref_axis',(0.967525395150783,0.106826825592912,0.229090896964639));
#4076=DIRECTION('',(1.,0.,0.));
#4077=DIRECTION('center_axis',(0.,0.906307786369158,-0.422618263172141));
#4078=DIRECTION('ref_axis',(0.,0.422618263172141,0.906307786369158));
#4079=DIRECTION('center_axis',(3.29686568013517E-13,-0.906307786369127,
0.422618263172206));
#4080=DIRECTION('ref_axis',(0.968866265096933,0.104633796001681,0.224387898718712));
#4081=DIRECTION('',(0.958756482833421,0.120120278337905,0.257598768158762));
#4082=DIRECTION('center_axis',(2.52185424536277E-6,0.906308057034735,-0.42261768271993));
#4083=DIRECTION('ref_axis',(0.96943420965116,0.103687627564928,0.222364990607755));
#4084=DIRECTION('',(1.,0.,0.));
#4085=DIRECTION('center_axis',(0.,0.906307786369158,-0.422618263172141));
#4086=DIRECTION('ref_axis',(0.,0.422618263172141,0.906307786369158));
#4087=DIRECTION('',(-1.,0.,0.));
#4088=DIRECTION('',(0.958662885196286,0.120253628137986,0.257884736785224));
#4089=DIRECTION('center_axis',(7.4804931005322E-8,0.90630779466995,-0.422618245371028));
#4090=DIRECTION('ref_axis',(0.968169838753204,0.105778810384633,0.226843572979723));
#4091=DIRECTION('',(1.,0.,0.));
#4092=DIRECTION('center_axis',(0.,0.906307786369158,-0.422618263172141));
#4093=DIRECTION('ref_axis',(0.,0.422618263172141,0.906307786369158));
#4094=DIRECTION('',(-1.,0.,0.));
#4095=DIRECTION('center_axis',(-4.86921781194873E-13,-0.906307786369211,
0.422618263172026));
#4096=DIRECTION('ref_axis',(0.967584592257649,0.106731032757913,0.228885437439841));
#4097=DIRECTION('center_axis',(0.,-0.906307786369158,0.422618263172141));
#4098=DIRECTION('ref_axis',(0.,0.422618263172141,0.906307786369158));
#4099=DIRECTION('',(1.,0.,0.));
#4100=DIRECTION('center_axis',(1.66102552487027E-13,0.906307786369181,-0.422618263172092));
#4101=DIRECTION('ref_axis',(0.970042215749006,0.102669363969381,0.220175160649156));
#4102=DIRECTION('',(-0.958807411320849,-0.120047652719049,-0.257443021021854));
#4103=DIRECTION('center_axis',(1.03188263434441E-7,-0.90630777549437,0.422618286493185));
#4104=DIRECTION('ref_axis',(0.969713475166247,0.103222629084572,0.221361389871562));
#4105=DIRECTION('',(-1.,0.,0.));
#4106=DIRECTION('',(0.958707117669402,0.120190630420595,0.257749636060124));
#4107=DIRECTION('center_axis',(1.15945446225503E-7,0.906307798998591,-0.422618236088218));
#4108=DIRECTION('ref_axis',(0.968806095243328,0.10473314726261,0.224601241501118));
#4109=DIRECTION('',(1.,0.,0.));
#4110=DIRECTION('center_axis',(0.,0.906307786369158,-0.422618263172141));
#4111=DIRECTION('ref_axis',(0.,0.422618263172141,0.906307786369158));
#4112=DIRECTION('',(-1.,0.,0.));
#4113=DIRECTION('center_axis',(4.90735048311087E-13,-0.906307786369113,
0.422618263172237));
#4114=DIRECTION('ref_axis',(0.968229516103892,0.105681275395307,0.226634225517782));
#4115=DIRECTION('',(0.958861310189811,0.119970738366758,0.257278078655788));
#4116=DIRECTION('center_axis',(1.15512759203701E-7,0.90630779857391,-0.422618236998948));
#4117=DIRECTION('ref_axis',(0.970666630195237,0.101609744579394,0.217903081281413));
#4118=DIRECTION('',(1.,0.,0.));
#4119=DIRECTION('center_axis',(0.,0.906307786369158,-0.422618263172141));
#4120=DIRECTION('ref_axis',(0.,0.422618263172141,0.906307786369158));
#4121=DIRECTION('',(-1.,0.,0.));
#4122=DIRECTION('center_axis',(1.96750622782811E-8,-0.906307784360911,0.422618267478839));
#4123=DIRECTION('ref_axis',(0.970115489579847,0.102545652786039,0.219909813268849));
#4124=DIRECTION('center_axis',(0.,1.,-1.E-9));
#4125=DIRECTION('ref_axis',(0.,-1.E-9,-1.));
#4126=DIRECTION('',(-1.,0.,0.));
#4127=DIRECTION('',(3.33586735146275E-10,-1.00000006955571E-9,-1.));
#4128=DIRECTION('',(-0.259147729504639,0.,0.965837695626232));
#4129=DIRECTION('',(-1.,0.,0.));
#4130=DIRECTION('',(0.,0.,1.));
#4131=DIRECTION('',(1.,0.,0.));
#4132=DIRECTION('',(-0.966013518590069,0.,-0.25849155092814));
#4133=DIRECTION('',(3.73574020312449E-11,-9.7127519950036E-10,-1.));
#4134=DIRECTION('center_axis',(0.,1.,-1.E-9));
#4135=DIRECTION('ref_axis',(0.,-1.E-9,-1.));
#4136=DIRECTION('',(3.2219764066149E-10,-9.76694122153797E-10,-1.));
#4137=DIRECTION('',(5.47412607559507E-11,-1.01970956644769E-9,-1.));
#4138=DIRECTION('',(-0.96601303221152,-2.58499203558548E-10,-0.25849336857549));
#4139=DIRECTION('',(-0.259147476950103,-2.2782363993408E-8,0.965837763390102));
#4140=DIRECTION('center_axis',(0.,0.,-1.));
#4141=DIRECTION('ref_axis',(0.,-1.,0.));
#4142=DIRECTION('center_axis',(-0.00811929189378337,-6.1056653335019E-8,
0.999967038006323));
#4143=DIRECTION('ref_axis',(0.998528824455969,0.0536139279380245,0.00810761750683839));
#4144=DIRECTION('center_axis',(0.,0.,1.));
#4145=DIRECTION('ref_axis',(0.999999998101241,6.16240000062389E-5,0.));
#4146=DIRECTION('center_axis',(3.98142986876268E-9,-1.17022098577407E-10,
1.));
#4147=DIRECTION('ref_axis',(0.999833833805763,-0.0182292286526069,-3.98290150463106E-9));
#4148=DIRECTION('center_axis',(0.,0.,1.));
#4149=DIRECTION('ref_axis',(0.998548198366123,-0.0538655320197501,0.));
#4150=DIRECTION('center_axis',(0.,0.,1.));
#4151=DIRECTION('ref_axis',(0.,1.,0.));
#4152=DIRECTION('center_axis',(0.,0.,1.));
#4153=DIRECTION('ref_axis',(0.998548206567899,-0.0538653799766909,0.));
#4154=DIRECTION('center_axis',(0.,0.,1.));
#4155=DIRECTION('ref_axis',(0.,1.,0.));
#4156=DIRECTION('center_axis',(0.,0.,1.));
#4157=DIRECTION('ref_axis',(0.998548206567899,-0.0538653799766909,0.));
#4158=DIRECTION('center_axis',(0.,0.,-1.));
#4159=DIRECTION('ref_axis',(0.,-1.,0.));
#4160=DIRECTION('center_axis',(0.,0.,1.));
#4161=DIRECTION('ref_axis',(0.998548198366123,-0.0538655320197501,0.));
#4162=DIRECTION('center_axis',(0.,0.,1.));
#4163=DIRECTION('ref_axis',(0.,1.,0.));
#4164=DIRECTION('center_axis',(0.,0.,1.));
#4165=DIRECTION('ref_axis',(0.998548191786652,-0.0538656539884912,0.));
#4166=DIRECTION('center_axis',(0.,0.,1.));
#4167=DIRECTION('ref_axis',(0.998548183533948,-0.0538658069748592,0.));
#4168=DIRECTION('center_axis',(0.,0.,-1.));
#4169=DIRECTION('ref_axis',(0.,-1.,0.));
#4170=DIRECTION('center_axis',(4.69145787444399E-12,5.102560949185E-12,
1.));
#4171=DIRECTION('ref_axis',(0.999831515760171,-0.0183559279994175,-4.59701098975393E-12));
#4172=DIRECTION('center_axis',(0.,0.,-1.));
#4173=DIRECTION('ref_axis',(0.,-1.,0.));
#4174=DIRECTION('center_axis',(0.,0.,1.));
#4175=DIRECTION('ref_axis',(0.998548183533948,-0.0538658069748592,0.));
#4176=DIRECTION('',(-0.258818758054477,7.10000000149443E-8,0.965925903203312));
#4177=DIRECTION('',(-0.258819058891312,-7.09999999701843E-8,0.96592582259437));
#4178=DIRECTION('',(0.258819297881339,7.09999999674485E-8,-0.96592575855715));
#4179=DIRECTION('',(0.965926064804855,2.64999999946462E-7,0.258818154947711));
#4180=DIRECTION('',(-0.258818938929786,-7.09999999807387E-8,0.965925854737958));
#4181=DIRECTION('center_axis',(0.,0.,1.));
#4182=DIRECTION('ref_axis',(0.998548191786652,-0.0538656539884912,0.));
#4183=DIRECTION('',(0.258819297881339,7.09999999674485E-8,-0.96592575855715));
#4184=DIRECTION('',(0.965926064804855,2.64999999946462E-7,0.258818154947711));
#4185=DIRECTION('center_axis',(0.,0.,1.));
#4186=DIRECTION('ref_axis',(0.998548191786652,-0.0538656539884912,0.));
#4187=DIRECTION('center_axis',(0.,0.,1.));
#4188=DIRECTION('ref_axis',(0.998548198366123,-0.0538655320197501,0.));
#4189=DIRECTION('',(0.258819297881339,0.,-0.965925758557153));
#4190=DIRECTION('center_axis',(0.,0.,1.));
#4191=DIRECTION('ref_axis',(0.998548187848559,-0.0538657269918307,0.));
#4192=DIRECTION('',(-0.258819058891313,0.,0.965925822594372));
#4193=DIRECTION('',(0.965925468629947,0.,0.258820379900844));
#4194=DIRECTION('center_axis',(0.,0.,1.));
#4195=DIRECTION('ref_axis',(0.998548198366123,-0.0538655320197501,0.));
#4196=DIRECTION('center_axis',(0.,0.,1.));
#4197=DIRECTION('ref_axis',(0.998548187848559,-0.0538657269918307,0.));
#4198=DIRECTION('',(-0.258819179102834,0.,0.965925790383783));
#4199=DIRECTION('center_axis',(0.,0.,1.));
#4200=DIRECTION('ref_axis',(0.998548191786652,-0.0538656539884912,0.));
#4201=DIRECTION('center_axis',(0.,0.,1.));
#4202=DIRECTION('ref_axis',(0.998548198366123,-0.0538655320197501,0.));
#4203=DIRECTION('',(0.258819202062126,0.,-0.965925784231855));
#4204=DIRECTION('',(0.965924883686894,0.,0.258822562916102));
#4205=DIRECTION('',(-0.258819058891312,-7.09999999701843E-8,0.96592582259437));
#4206=DIRECTION('',(0.258819297881339,7.09999999674485E-8,-0.96592575855715));
#4207=DIRECTION('',(0.96592547986683,2.64999999963465E-7,0.258820337964317));
#4208=DIRECTION('center_axis',(0.,0.,1.));
#4209=DIRECTION('ref_axis',(0.999999998105737,6.15510000065082E-5,0.));
#4210=DIRECTION('center_axis',(0.,0.,1.));
#4211=DIRECTION('ref_axis',(0.999999998101241,6.16240000062389E-5,0.));
#4212=DIRECTION('center_axis',(0.,0.,1.));
#4213=DIRECTION('ref_axis',(0.,1.,0.));
#4214=DIRECTION('center_axis',(0.,0.,1.));
#4215=DIRECTION('ref_axis',(0.998548206567899,-0.0538653799766909,0.));
#4216=DIRECTION('center_axis',(0.,0.,1.));
#4217=DIRECTION('ref_axis',(0.,1.,0.));
#4218=DIRECTION('center_axis',(0.,0.,1.));
#4219=DIRECTION('ref_axis',(0.999999998093716,6.17460000057866E-5,0.));
#4220=DIRECTION('center_axis',(0.,0.,-1.));
#4221=DIRECTION('ref_axis',(0.,-1.,0.));
#4222=DIRECTION('center_axis',(0.,0.,1.));
#4223=DIRECTION('ref_axis',(0.998548191786652,-0.0538656539884912,0.));
#4224=DIRECTION('center_axis',(0.,0.,1.));
#4225=DIRECTION('ref_axis',(0.,1.,0.));
#4226=DIRECTION('center_axis',(0.,0.,-1.));
#4227=DIRECTION('ref_axis',(0.,-1.,0.));
#4228=DIRECTION('center_axis',(0.,0.,1.));
#4229=DIRECTION('ref_axis',(0.999999998076698,6.20210000047569E-5,0.));
#4230=DIRECTION('center_axis',(0.,0.,1.));
#4231=DIRECTION('ref_axis',(0.998548206567899,-0.0538653799766908,0.));
#4232=DIRECTION('center_axis',(0.,0.,1.));
#4233=DIRECTION('ref_axis',(0.,1.,0.));
#4234=DIRECTION('center_axis',(0.,0.,1.));
#4235=DIRECTION('ref_axis',(0.998548206567899,-0.0538653799766909,0.));
#4236=DIRECTION('center_axis',(0.,0.,1.));
#4237=DIRECTION('ref_axis',(0.,1.,0.));
#4238=DIRECTION('center_axis',(0.,0.,1.));
#4239=DIRECTION('ref_axis',(0.999999998076698,6.20210000047569E-5,0.));
#4240=DIRECTION('center_axis',(0.,0.,-1.));
#4241=DIRECTION('ref_axis',(0.,-1.,0.));
#4242=DIRECTION('center_axis',(0.,0.,1.));
#4243=DIRECTION('ref_axis',(0.999999998076698,6.20210000047569E-5,0.));
#4244=DIRECTION('center_axis',(0.,0.,1.));
#4245=DIRECTION('ref_axis',(0.998548206567899,-0.0538653799766909,0.));
#4246=DIRECTION('center_axis',(0.,0.,1.));
#4247=DIRECTION('ref_axis',(0.,1.,0.));
#4248=DIRECTION('center_axis',(0.,0.,1.));
#4249=DIRECTION('ref_axis',(0.998548206567899,-0.0538653799766909,0.));
#4250=DIRECTION('center_axis',(0.,0.,1.));
#4251=DIRECTION('ref_axis',(0.,1.,0.));
#4252=DIRECTION('center_axis',(0.,0.,1.));
#4253=DIRECTION('ref_axis',(0.999999998076698,6.20210000047569E-5,0.));
#4254=DIRECTION('center_axis',(0.,0.,1.));
#4255=DIRECTION('ref_axis',(0.999999998084257,6.18990000052154E-5,0.));
#4256=DIRECTION('center_axis',(0.,0.,1.));
#4257=DIRECTION('ref_axis',(0.999999998088773,6.18260000054885E-5,0.));
#4258=DIRECTION('center_axis',(0.,0.,1.));
#4259=DIRECTION('ref_axis',(0.999999998084257,6.18990000052154E-5,0.));
#4260=DIRECTION('center_axis',(0.,0.,1.));
#4261=DIRECTION('ref_axis',(0.999999998088773,6.18260000054885E-5,0.));
#4262=DIRECTION('center_axis',(0.,0.,-1.));
#4263=DIRECTION('ref_axis',(0.,-1.,0.));
#4264=DIRECTION('center_axis',(0.,0.,1.));
#4265=DIRECTION('ref_axis',(0.999999998093716,6.17460000057866E-5,0.));
#4266=DIRECTION('center_axis',(0.,0.,1.));
#4267=DIRECTION('ref_axis',(0.998548206567899,-0.0538653799766908,0.));
#4268=DIRECTION('center_axis',(0.,0.,1.));
#4269=DIRECTION('ref_axis',(0.,1.,0.));
#4270=DIRECTION('center_axis',(0.,0.,1.));
#4271=DIRECTION('ref_axis',(0.998548206567899,-0.0538653799766908,0.));
#4272=DIRECTION('center_axis',(0.,0.,1.));
#4273=DIRECTION('ref_axis',(0.,1.,0.));
#4274=DIRECTION('center_axis',(0.,0.,1.));
#4275=DIRECTION('ref_axis',(0.999999998093716,6.17460000057866E-5,0.));
#4276=DIRECTION('center_axis',(0.,0.,1.));
#4277=DIRECTION('ref_axis',(0.999999998105737,6.15510000065082E-5,0.));
#4278=DIRECTION('center_axis',(0.,0.,1.));
#4279=DIRECTION('ref_axis',(0.999999998101241,6.16240000062389E-5,0.));
#4280=DIRECTION('center_axis',(0.,0.,-1.));
#4281=DIRECTION('ref_axis',(0.,-1.,0.));
#4282=DIRECTION('center_axis',(0.,0.,1.));
#4283=DIRECTION('ref_axis',(0.999999998076698,6.20210000047569E-5,0.));
#4284=DIRECTION('center_axis',(0.,0.,1.));
#4285=DIRECTION('ref_axis',(0.998548206567899,-0.0538653799766908,0.));
#4286=DIRECTION('center_axis',(0.,0.,1.));
#4287=DIRECTION('ref_axis',(0.,1.,0.));
#4288=DIRECTION('center_axis',(0.,0.,1.));
#4289=DIRECTION('ref_axis',(0.998548206567899,-0.0538653799766908,0.));
#4290=DIRECTION('center_axis',(0.,0.,1.));
#4291=DIRECTION('ref_axis',(0.,1.,0.));
#4292=DIRECTION('center_axis',(0.,0.,1.));
#4293=DIRECTION('ref_axis',(0.999999998076698,6.20210000047569E-5,0.));
#4294=DIRECTION('center_axis',(0.,0.,1.));
#4295=DIRECTION('ref_axis',(0.999999998088773,6.18260000054885E-5,0.));
#4296=DIRECTION('center_axis',(0.,0.,1.));
#4297=DIRECTION('ref_axis',(0.999999998084257,6.18990000052154E-5,0.));
#4298=DIRECTION('center_axis',(0.,0.,-1.));
#4299=DIRECTION('ref_axis',(0.,-1.,0.));
#4300=DIRECTION('center_axis',(0.,0.,1.));
#4301=DIRECTION('ref_axis',(0.998548206567899,-0.0538653799766909,0.));
#4302=DIRECTION('center_axis',(0.,0.,1.));
#4303=DIRECTION('ref_axis',(0.999999998076698,6.20210000047569E-5,0.));
#4304=DIRECTION('center_axis',(0.,0.,1.));
#4305=DIRECTION('ref_axis',(0.,1.,0.));
#4306=DIRECTION('center_axis',(0.,0.,1.));
#4307=DIRECTION('ref_axis',(0.998548206567899,-0.0538653799766909,0.));
#4308=DIRECTION('center_axis',(0.,0.,1.));
#4309=DIRECTION('ref_axis',(0.,1.,0.));
#4310=DIRECTION('center_axis',(0.,0.,1.));
#4311=DIRECTION('ref_axis',(0.999999998076698,6.20210000047569E-5,0.));
#4312=DIRECTION('center_axis',(0.,0.,1.));
#4313=DIRECTION('ref_axis',(0.999999998084257,6.18990000052154E-5,0.));
#4314=DIRECTION('center_axis',(0.,0.,1.));
#4315=DIRECTION('ref_axis',(0.999999998088773,6.18260000054885E-5,0.));
#4316=DIRECTION('center_axis',(0.,0.,-1.));
#4317=DIRECTION('ref_axis',(0.,-1.,0.));
#4318=DIRECTION('center_axis',(0.,0.,1.));
#4319=DIRECTION('ref_axis',(0.998548206567899,-0.0538653799766908,0.));
#4320=DIRECTION('center_axis',(0.,0.,1.));
#4321=DIRECTION('ref_axis',(0.999999998076698,6.20210000047569E-5,0.));
#4322=DIRECTION('center_axis',(0.,0.,1.));
#4323=DIRECTION('ref_axis',(0.,1.,0.));
#4324=DIRECTION('center_axis',(0.,0.,1.));
#4325=DIRECTION('ref_axis',(0.998548206567899,-0.0538653799766909,0.));
#4326=DIRECTION('center_axis',(0.,0.,1.));
#4327=DIRECTION('ref_axis',(0.,1.,0.));
#4328=DIRECTION('center_axis',(0.,0.,1.));
#4329=DIRECTION('ref_axis',(0.999999998076698,6.20210000047569E-5,0.));
#4330=DIRECTION('center_axis',(0.,0.,1.));
#4331=DIRECTION('ref_axis',(0.999999998084257,6.18990000052154E-5,0.));
#4332=DIRECTION('',(-0.053609302874114,0.998561892509657,-0.000435284831637471));
#4333=DIRECTION('center_axis',(0.,0.,1.));
#4334=DIRECTION('ref_axis',(0.999999998088773,6.18260000054885E-5,0.));
#4335=DIRECTION('center_axis',(0.,0.,-1.));
#4336=DIRECTION('ref_axis',(0.,-1.,0.));
#4337=DIRECTION('center_axis',(0.,0.,1.));
#4338=DIRECTION('ref_axis',(0.998548191786652,-0.0538656539884912,0.));
#4339=DIRECTION('center_axis',(0.,0.,1.));
#4340=DIRECTION('ref_axis',(0.999999998093716,6.17460000057866E-5,0.));
#4341=DIRECTION('center_axis',(0.,0.,1.));
#4342=DIRECTION('ref_axis',(0.,1.,0.));
#4343=DIRECTION('center_axis',(0.,0.,-1.));
#4344=DIRECTION('ref_axis',(0.,-1.,0.));
#4345=DIRECTION('',(1.,0.,0.));
#4346=DIRECTION('center_axis',(0.,0.,1.));
#4347=DIRECTION('ref_axis',(0.998548206567899,-0.0538653799766908,0.));
#4348=DIRECTION('center_axis',(0.,0.,1.));
#4349=DIRECTION('ref_axis',(0.999999998093716,6.17460000057866E-5,0.));
#4350=DIRECTION('center_axis',(0.,0.,1.));
#4351=DIRECTION('ref_axis',(0.,1.,0.));
#4352=DIRECTION('',(0.,0.,1.));
#4353=DIRECTION('center_axis',(0.,0.,1.));
#4354=DIRECTION('ref_axis',(0.998548206567899,-0.0538653799766908,0.));
#4355=DIRECTION('center_axis',(0.,0.,1.));
#4356=DIRECTION('ref_axis',(0.,1.,0.));
#4357=DIRECTION('',(-1.,0.,0.));
#4358=DIRECTION('center_axis',(0.,0.,1.));
#4359=DIRECTION('ref_axis',(0.999999998093716,6.17460000057866E-5,0.));
#4360=DIRECTION('center_axis',(0.,0.,1.));
#4361=DIRECTION('ref_axis',(0.999999998105737,6.15510000065082E-5,0.));
#4362=DIRECTION('',(-0.25914760415074,-2.45288611384475E-12,0.965837729260424));
#4363=DIRECTION('center_axis',(0.,0.,1.));
#4364=DIRECTION('ref_axis',(0.999999998101241,6.16240000062389E-5,0.));
#4365=DIRECTION('',(-0.966012448327646,3.8586970900732E-11,-0.25849555059232));
#4366=DIRECTION('',(-0.966013042632919,3.84361948907342E-11,-0.258493329629782));
#4367=DIRECTION('center_axis',(0.,0.,1.));
#4368=DIRECTION('ref_axis',(0.999999998088773,6.18260000054885E-5,0.));
#4369=DIRECTION('center_axis',(0.,0.,1.));
#4370=DIRECTION('ref_axis',(0.999999998084257,6.18990000052154E-5,0.));
#4371=DIRECTION('',(-0.259147700310827,-2.44715932519094E-12,0.965837703459339));
#4372=DIRECTION('center_axis',(0.,0.,1.));
#4373=DIRECTION('ref_axis',(0.999999998076698,6.20210000047569E-5,0.));
#4374=DIRECTION('center_axis',(0.,0.,1.));
#4375=DIRECTION('ref_axis',(0.999999998076698,6.20210000047569E-5,0.));
#4376=DIRECTION('center_axis',(0.,0.,1.));
#4377=DIRECTION('ref_axis',(0.,1.,0.));
#4378=DIRECTION('',(-1.,0.,0.));
#4379=DIRECTION('center_axis',(0.,0.,1.));
#4380=DIRECTION('ref_axis',(0.998548206567899,-0.0538653799766908,0.));
#4381=DIRECTION('center_axis',(0.,0.,1.));
#4382=DIRECTION('ref_axis',(0.,1.,0.));
#4383=DIRECTION('',(0.,0.,1.));
#4384=DIRECTION('center_axis',(0.,0.,1.));
#4385=DIRECTION('ref_axis',(0.998548206567899,-0.0538653799766908,0.));
#4386=DIRECTION('center_axis',(0.,0.,-1.));
#4387=DIRECTION('ref_axis',(0.,-1.,0.));
#4388=DIRECTION('',(1.,0.,0.));
#4389=DIRECTION('center_axis',(0.,0.,1.));
#4390=DIRECTION('ref_axis',(0.999999998101241,6.16240000062389E-5,0.));
#4391=DIRECTION('center_axis',(0.,0.,1.));
#4392=DIRECTION('ref_axis',(0.999999998105737,6.15510000065082E-5,0.));
#4393=DIRECTION('center_axis',(0.,0.,1.));
#4394=DIRECTION('ref_axis',(0.999999998093716,6.17460000057866E-5,0.));
#4395=DIRECTION('center_axis',(0.,0.,1.));
#4396=DIRECTION('ref_axis',(0.999999998093716,6.17460000057866E-5,0.));
#4397=DIRECTION('center_axis',(0.,0.,1.));
#4398=DIRECTION('ref_axis',(0.,1.,0.));
#4399=DIRECTION('center_axis',(0.,0.,1.));
#4400=DIRECTION('ref_axis',(0.998548206567899,-0.0538653799766909,0.));
#4401=DIRECTION('center_axis',(0.,0.,1.));
#4402=DIRECTION('ref_axis',(0.,1.,0.));
#4403=DIRECTION('center_axis',(0.,0.,1.));
#4404=DIRECTION('ref_axis',(0.998548206567899,-0.0538653799766909,0.));
#4405=DIRECTION('center_axis',(0.,0.,-1.));
#4406=DIRECTION('ref_axis',(0.,-1.,0.));
#4407=DIRECTION('center_axis',(0.,0.,-1.));
#4408=DIRECTION('ref_axis',(0.,-1.,0.));
#4409=DIRECTION('center_axis',(0.,0.,1.));
#4410=DIRECTION('ref_axis',(0.999999998105737,6.15510000065082E-5,0.));
#4411=DIRECTION('',(0.965926064804889,0.,0.25881815494772));
#4412=DIRECTION('center_axis',(0.,0.,1.));
#4413=DIRECTION('ref_axis',(0.999999998101241,6.16240000062389E-5,0.));
#4414=DIRECTION('',(0.258819297881339,0.,-0.965925758557153));
#4415=DIRECTION('center_axis',(0.,0.,1.));
#4416=DIRECTION('ref_axis',(0.999999998093716,6.17460000057866E-5,0.));
#4417=DIRECTION('center_axis',(0.,0.,1.));
#4418=DIRECTION('ref_axis',(0.999999998093716,6.17460000057866E-5,0.));
#4419=DIRECTION('',(-0.258819058891312,0.,0.965925822594373));
#4420=DIRECTION('center_axis',(0.,0.,1.));
#4421=DIRECTION('ref_axis',(0.998548191786652,-0.0538656539884912,0.));
#4422=DIRECTION('center_axis',(0.,0.,1.));
#4423=DIRECTION('ref_axis',(0.998548187848559,-0.0538657269918307,0.));
#4424=DIRECTION('center_axis',(0.,0.,1.));
#4425=DIRECTION('ref_axis',(0.998548198366123,-0.0538655320197501,0.));
#4426=DIRECTION('center_axis',(0.,0.,1.));
#4427=DIRECTION('ref_axis',(0.,1.,0.));
#4428=DIRECTION('center_axis',(0.,0.,1.));
#4429=DIRECTION('ref_axis',(0.998548206567899,-0.0538653799766909,0.));
#4430=DIRECTION('center_axis',(0.,0.,1.));
#4431=DIRECTION('ref_axis',(0.,1.,0.));
#4432=DIRECTION('center_axis',(0.,0.,1.));
#4433=DIRECTION('ref_axis',(0.998548206567899,-0.0538653799766909,0.));
#4434=DIRECTION('center_axis',(0.,0.,-1.));
#4435=DIRECTION('ref_axis',(0.,-1.,0.));
#4436=DIRECTION('center_axis',(0.,0.,1.));
#4437=DIRECTION('ref_axis',(0.998548198366123,-0.0538655320197501,0.));
#4438=DIRECTION('center_axis',(0.,0.,1.));
#4439=DIRECTION('ref_axis',(0.998548187848559,-0.0538657269918307,0.));
#4440=DIRECTION('center_axis',(0.,0.,1.));
#4441=DIRECTION('ref_axis',(0.998548191786652,-0.0538656539884912,0.));
#4442=DIRECTION('center_axis',(0.,0.,1.));
#4443=DIRECTION('ref_axis',(0.998548198366123,-0.0538655320197501,0.));
#4444=DIRECTION('center_axis',(0.,0.,1.));
#4445=DIRECTION('ref_axis',(0.,1.,0.));
#4446=DIRECTION('center_axis',(0.,0.,1.));
#4447=DIRECTION('ref_axis',(0.998548206567899,-0.0538653799766909,0.));
#4448=DIRECTION('center_axis',(0.,0.,1.));
#4449=DIRECTION('ref_axis',(0.,1.,0.));
#4450=DIRECTION('center_axis',(0.,0.,1.));
#4451=DIRECTION('ref_axis',(0.998548206567899,-0.0538653799766909,0.));
#4452=DIRECTION('center_axis',(0.,0.,-1.));
#4453=DIRECTION('ref_axis',(0.,-1.,0.));
#4454=DIRECTION('center_axis',(0.,0.,1.));
#4455=DIRECTION('ref_axis',(0.998548198366123,-0.0538655320197501,0.));
#4456=DIRECTION('center_axis',(0.,1.,0.));
#4457=DIRECTION('ref_axis',(0.,0.,-1.));
#4458=DIRECTION('center_axis',(0.,1.,0.));
#4459=DIRECTION('ref_axis',(0.,0.,-1.));
#4460=DIRECTION('center_axis',(0.,1.,0.));
#4461=DIRECTION('ref_axis',(0.,0.,-1.));
#4462=DIRECTION('center_axis',(0.,1.,0.));
#4463=DIRECTION('ref_axis',(0.,0.,-1.));
#4464=DIRECTION('center_axis',(1.,0.,0.));
#4465=DIRECTION('ref_axis',(0.,0.,-1.));
#4466=DIRECTION('',(0.,-1.,0.));
#4467=DIRECTION('center_axis',(0.,-5.E-9,1.));
#4468=DIRECTION('ref_axis',(0.,1.,5.E-9));
#4469=DIRECTION('center_axis',(0.,0.,1.));
#4470=DIRECTION('ref_axis',(0.,1.,0.));
#4471=DIRECTION('center_axis',(0.,0.,1.));
#4472=DIRECTION('ref_axis',(0.,1.,0.));
#4473=DIRECTION('center_axis',(0.,-5.E-9,1.));
#4474=DIRECTION('ref_axis',(0.,1.,5.E-9));
#4475=DIRECTION('center_axis',(0.,-5.E-9,1.));
#4476=DIRECTION('ref_axis',(0.,1.,5.E-9));
#4477=DIRECTION('center_axis',(0.,0.,1.));
#4478=DIRECTION('ref_axis',(0.,1.,0.));
#4479=DIRECTION('center_axis',(0.,0.,1.));
#4480=DIRECTION('ref_axis',(0.,1.,0.));
#4481=DIRECTION('center_axis',(0.,-5.E-9,1.));
#4482=DIRECTION('ref_axis',(0.,1.,5.E-9));
#4483=DIRECTION('center_axis',(0.,-1.E-9,1.));
#4484=DIRECTION('ref_axis',(0.,1.,1.E-9));
#4485=DIRECTION('center_axis',(0.,-1.E-9,1.));
#4486=DIRECTION('ref_axis',(0.,1.,1.E-9));
#4487=DIRECTION('center_axis',(0.,-1.E-9,1.));
#4488=DIRECTION('ref_axis',(0.,1.,1.E-9));
#4489=DIRECTION('center_axis',(0.,-1.E-9,1.));
#4490=DIRECTION('ref_axis',(0.,1.,1.E-9));
#4491=DIRECTION('',(0.,0.,1.));
#4492=DIRECTION('',(1.,0.,0.));
#4493=CARTESIAN_POINT('',(0.,0.,0.));
#4494=CARTESIAN_POINT('',(0.,0.,0.));
#4495=CARTESIAN_POINT('Origin',(57.360174385,-41.024227275,-23.043038432));
#4496=CARTESIAN_POINT('',(49.5685669798652,-46.3500801150234,-23.0430384094777));
#4497=CARTESIAN_POINT('',(49.934460660597,-39.698374382674,-23.0430384374199));
#4498=CARTESIAN_POINT('Origin',(-731.490138807,-0.050079644,-23.043038401));
#4499=CARTESIAN_POINT('',(52.9446576557105,-46.3500801150207,-23.0430384094777));
#4500=CARTESIAN_POINT('',(52.944657655,-46.350080115,-23.043038371));
#4501=CARTESIAN_POINT('',(53.170520271075,-42.3500801749623,-23.0430384377667));
#4502=CARTESIAN_POINT('Origin',(-731.490138807,-0.050079051,-23.043038401));
#4503=CARTESIAN_POINT('',(56.3753478601473,-42.3500801749637,-23.0430384377667));
#4504=CARTESIAN_POINT('',(56.37534786,-42.350080176,-23.043038433));
#4505=CARTESIAN_POINT('',(56.5132418376177,-39.6983743827473,-23.0430384374418));
#4506=CARTESIAN_POINT('Origin',(-731.489938807,-0.05007941,-23.043038401));
#4507=CARTESIAN_POINT('',(53.8765687199998,-39.6983743785391,-23.0430384321404));
#4508=CARTESIAN_POINT('',(56.513241837,-39.698374375,-23.043038431));
#4509=CARTESIAN_POINT('',(54.8463280963538,-7.23957930640987E-15,-23.0430384005076));
#4510=CARTESIAN_POINT('Origin',(-756.14103842644,-0.0500795823041811,-23.0430385116079));
#4511=CARTESIAN_POINT('',(53.8765687526268,39.5982145541692,-23.0430383712676));
#4512=CARTESIAN_POINT('Origin',(-756.141039713867,-0.0500795887308325,-23.043038176434));
#4513=CARTESIAN_POINT('',(56.5132418880815,39.59821455919,-23.0430383731962));
#4514=CARTESIAN_POINT('',(56.513241888,39.59821455,-23.043038371));
#4515=CARTESIAN_POINT('',(56.3753479158246,42.2499203200239,-23.043038370245));
#4516=CARTESIAN_POINT('Origin',(-731.489938807,-0.05007941,-23.043038371));
#4517=CARTESIAN_POINT('',(53.1705203656067,42.249920320017,-23.0430383646682));
#4518=CARTESIAN_POINT('',(56.375347915,42.24992032,-23.043038371));
#4519=CARTESIAN_POINT('',(52.9446577556074,46.2499203200186,-23.0430383626457));
#4520=CARTESIAN_POINT('Origin',(-731.490138807,-0.050079051,-23.043038401));
#4521=CARTESIAN_POINT('',(49.5685670086028,46.249920319991,-23.0430383626457));
#4522=CARTESIAN_POINT('',(52.944657755,46.24992032,-23.043038371));
#4523=CARTESIAN_POINT('',(49.934460687355,39.598214559896,-23.0430383690514));
#4524=CARTESIAN_POINT('Origin',(-731.490138807,-0.050079644,-23.043038401));
#4525=CARTESIAN_POINT('',(51.9369901971606,39.5982145598073,-23.0430383690303));
#4526=CARTESIAN_POINT('',(51.936990197,39.59821455,-23.043038371));
#4527=CARTESIAN_POINT('',(51.9369901479892,-39.6983743827492,-23.0430384374405));
#4528=CARTESIAN_POINT('Origin',(-756.141038807,-0.05007941,-23.043038401));
#4529=CARTESIAN_POINT('',(51.936990147,-39.698374375,-23.043038431));
#4530=CARTESIAN_POINT('Origin',(57.360174385,9.901644809,-96.643041755));
#4531=CARTESIAN_POINT('',(53.8127255150203,27.8972161304103,-96.6430417342189));
#4532=CARTESIAN_POINT('',(50.440382780287,27.8972161304821,-96.6430417342378));
#4533=CARTESIAN_POINT('',(53.812725515,27.897216138,-96.643041735));
#4534=CARTESIAN_POINT('',(49.5685670164388,46.2499202475689,-96.6430417170815));
#4535=CARTESIAN_POINT('Origin',(-731.490138807,-0.050079589,-96.643041766));
#4536=CARTESIAN_POINT('',(52.9446577813552,46.2499202475655,-96.6430417170815));
#4537=CARTESIAN_POINT('',(52.944657781,46.249920249,-96.643041714));
#4538=CARTESIAN_POINT('Origin',(-731.490138807,-0.050078683,-96.643041766));
#4539=CARTESIAN_POINT('Origin',(57.360174385,9.901644809,-96.643041755));
#4540=CARTESIAN_POINT('',(52.9446576339897,-46.3500801149996,-96.6430418144309));
#4541=CARTESIAN_POINT('',(49.5685669760544,-46.3500801150009,-96.6430418144309));
#4542=CARTESIAN_POINT('',(52.944657634,-46.350080115,-96.643041817));
#4543=CARTESIAN_POINT('',(50.4403827571536,-27.9973759558223,-96.6430417938907));
#4544=CARTESIAN_POINT('Origin',(-731.490138807,-0.050079589,-96.643041766));
#4545=CARTESIAN_POINT('',(53.8127254274881,-27.9973759560849,-96.6430417939617));
#4546=CARTESIAN_POINT('',(53.812725427,-27.997375962,-96.643041797));
#4547=CARTESIAN_POINT('Origin',(-731.490138807,-0.050078683,-96.643041766));
#4548=CARTESIAN_POINT('Origin',(57.360174385,-36.106343455,-79.253306762));
#4549=CARTESIAN_POINT('',(49.7954055914475,-42.3500801048495,-65.8635717221652));
#4550=CARTESIAN_POINT('Origin',(-731.490138807,-0.050079544,-156.57620593));
#4551=CARTESIAN_POINT('',(53.170520262608,-42.3500801141516,-65.8635717245944));
#4552=CARTESIAN_POINT('',(53.170520262,-42.350080115,-65.863571725));
#4553=CARTESIAN_POINT('',(55.3407239447307,-42.3500800257061,-65.8635717503404));
#4554=CARTESIAN_POINT('',(55.340723934,-42.350080115,-65.863571725));
#4555=CARTESIAN_POINT('',(55.4191753540981,-42.2250468657063,-66.1317063596927));
#4556=CARTESIAN_POINT('',(55.419175354,-42.225046867,-66.13170636));
#4557=CARTESIAN_POINT('',(56.3756115601853,-42.3451682912135,-65.8741051356104));
#4558=CARTESIAN_POINT('',(56.37561156,-42.3451682998087,-65.8741051375119));
#4559=CARTESIAN_POINT('',(56.9466237718088,-29.8626067879255,-92.6430417970241));
#4560=CARTESIAN_POINT('Origin',(-731.489938807,-0.05007941,-156.576206218));
#4561=CARTESIAN_POINT('',(55.2634476936702,-29.8626068070143,-92.6430417468287));
#4562=CARTESIAN_POINT('',(56.946623771,-29.862606795,-92.643041799));
#4563=CARTESIAN_POINT('',(54.3017148519334,-31.4321199413172,-89.277210358001));
#4564=CARTESIAN_POINT('Origin',(-4580.08307899338,476.600827309661,-1178.76561561991));
#4565=CARTESIAN_POINT('',(52.3002118302745,-31.432119933409,-89.2772103559006));
#4566=CARTESIAN_POINT('',(52.30021183,-31.432119941,-89.277210358));
#4567=CARTESIAN_POINT('',(52.3596114155087,-29.8626067939199,-92.6430417660024));
#4568=CARTESIAN_POINT('Origin',(-756.141038807,-0.05007941,-156.576206218));
#4569=CARTESIAN_POINT('',(54.211031437,-29.8626067953477,-92.6430417993326));
#4570=CARTESIAN_POINT('',(52.359611416,-29.862606795,-92.643041799));
#4571=CARTESIAN_POINT('',(54.211031437,-29.7693597485397,-92.8430107149144));
#4572=CARTESIAN_POINT('',(54.211031437,-29.769359748,-92.843010715));
#4573=CARTESIAN_POINT('',(53.7476623298784,-29.7693597410887,-92.8430107130704));
#4574=CARTESIAN_POINT('',(54.211031437,-29.769359748,-92.843010715));
#4575=CARTESIAN_POINT('Origin',(-731.490138807,-0.050078384,-156.576208419));
#4576=CARTESIAN_POINT('',(55.669489495,-37.095662521,-77.131705406));
#4577=CARTESIAN_POINT('',(56.630907908,-37.216351197,-76.872887734));
#4578=CARTESIAN_POINT('',(55.669489495,-37.095662521,-77.131705406));
#4579=CARTESIAN_POINT('',(53.8394130540712,-41.6908886335475,-67.2772122650602));
#4580=CARTESIAN_POINT('Origin',(-4532.60602415881,471.749258109951,-1168.35416825854));
#4581=CARTESIAN_POINT('',(51.8367648419644,-41.6908886239724,-67.2772122622833));
#4582=CARTESIAN_POINT('',(53.839413054,-41.690888634,-67.277212265));
#4583=CARTESIAN_POINT('',(51.9276039973577,-39.8892146635203,-71.1409141244195));
#4584=CARTESIAN_POINT('Origin',(-756.141038807,-0.05007941,-156.576206218));
#4585=CARTESIAN_POINT('',(53.9300276490078,-39.8892146722154,-71.1409141267804));
#4586=CARTESIAN_POINT('',(51.927603997,-39.889214673,-71.140914127));
#4587=CARTESIAN_POINT('Origin',(-4535.8979496554,472.038842043948,-1169.00799647457));
#4588=CARTESIAN_POINT('',(56.8492484221703,-32.0869646270967,-87.8728915482377));
#4589=CARTESIAN_POINT('',(55.8873261570298,-31.9662759513105,-88.1317092208346));
#4590=CARTESIAN_POINT('',(56.849248422,-32.086964626,-87.872891548));
#4591=CARTESIAN_POINT('',(54.086833622,-36.561504287,-78.277211312));
#4592=CARTESIAN_POINT('Origin',(-4562.68489502802,474.895746884074,-1175.10070868768));
#4593=CARTESIAN_POINT('',(52.0847984769676,-36.5615042783159,-78.2772113096234));
#4594=CARTESIAN_POINT('',(52.084798477,-36.561504287,-78.277211312));
#4595=CARTESIAN_POINT('',(52.164176780258,-34.759828094689,-82.1409179397189));
#4596=CARTESIAN_POINT('Origin',(-756.141038807,-0.05007941,-156.576206218));
#4597=CARTESIAN_POINT('',(54.166015816,-34.759828103,-82.140917942));
#4598=CARTESIAN_POINT('',(54.166015816,-34.759828103,-82.140917942));
#4599=CARTESIAN_POINT('Origin',(-4565.94851823051,475.185434807109,-1175.72274108852));
#4600=CARTESIAN_POINT('Origin',(57.360174385,36.006183626,-79.253306711));
#4601=CARTESIAN_POINT('',(53.1705203791977,42.2499202789398,-65.8635716885852));
#4602=CARTESIAN_POINT('',(49.7954056245474,42.2499202676398,-65.8635716859327));
#4603=CARTESIAN_POINT('',(53.170520379,42.249920279,-65.863571688));
#4604=CARTESIAN_POINT('Origin',(-731.490138807,-0.050079544,-156.576204285));
#4605=CARTESIAN_POINT('',(53.7476624226006,29.6691998863767,-92.8430107128565));
#4606=CARTESIAN_POINT('Origin',(-731.490138807,-0.050078384,-156.576201797));
#4607=CARTESIAN_POINT('',(54.211031437,29.6691998944103,-92.8430107148297));
#4608=CARTESIAN_POINT('',(53.747662422,29.669199894,-92.843010715));
#4609=CARTESIAN_POINT('',(54.211031437,29.7624469725607,-92.6430417332024));
#4610=CARTESIAN_POINT('',(54.211031437,29.669199894,-92.843010715));
#4611=CARTESIAN_POINT('',(52.3596114528204,29.7624469643307,-92.6430417308613));
#4612=CARTESIAN_POINT('',(52.359611453,29.762446972,-92.643041733));
#4613=CARTESIAN_POINT('',(52.3002118704126,31.3319600789505,-89.2772103557605));
#4614=CARTESIAN_POINT('Origin',(-756.141038807,-0.05007941,-156.576203998));
#4615=CARTESIAN_POINT('',(54.3017148919557,31.3319600878307,-89.2772103580357));
#4616=CARTESIAN_POINT('',(54.301714892,31.331960087,-89.277210358));
#4617=CARTESIAN_POINT('',(55.2634477238777,29.7624469787425,-92.6430417138792));
#4618=CARTESIAN_POINT('Origin',(-4580.08052155944,-476.772160301152,-1178.73169169943));
#4619=CARTESIAN_POINT('',(56.9466238097459,29.7624469643324,-92.6430417308591));
#4620=CARTESIAN_POINT('',(56.946623809,29.762446972,-92.643041733));
#4621=CARTESIAN_POINT('',(56.3756116154564,42.2450084390789,-65.8741051350852));
#4622=CARTESIAN_POINT('Origin',(-731.489938807,-0.05007941,-156.576203998));
#4623=CARTESIAN_POINT('',(55.4191754078638,42.1248870145655,-66.131706360044));
#4624=CARTESIAN_POINT('',(55.419175408,42.124887015,-66.13170636));
#4625=CARTESIAN_POINT('',(55.3407239816083,42.2499202235329,-65.8635717036064));
#4626=CARTESIAN_POINT('',(55.3407239789966,42.2499202662569,-65.8635717153277));
#4627=CARTESIAN_POINT('',(55.340723975,42.249920279,-65.863571688));
#4628=CARTESIAN_POINT('',(51.9276040483124,39.789054809623,-71.1409141241724));
#4629=CARTESIAN_POINT('',(51.8367648952238,41.5907287700969,-67.2772122620353));
#4630=CARTESIAN_POINT('Origin',(-756.141038807,-0.05007941,-156.576203998));
#4631=CARTESIAN_POINT('',(53.83941310718,41.5907287805516,-67.2772122650522));
#4632=CARTESIAN_POINT('',(51.836764894,41.590728781,-67.277212265));
#4633=CARTESIAN_POINT('',(56.630907956,37.116191344,-76.872887734));
#4634=CARTESIAN_POINT('Origin',(-4532.60614942403,-471.849646754233,-1168.35409563503));
#4635=CARTESIAN_POINT('',(55.669489542,36.995502668,-77.131705406));
#4636=CARTESIAN_POINT('',(56.630907956,37.116191344,-76.872887734));
#4637=CARTESIAN_POINT('',(53.9300277000938,39.7890548200942,-71.140914127106));
#4638=CARTESIAN_POINT('Origin',(-4535.8978085534,-472.140222261283,-1169.00738312031));
#4639=CARTESIAN_POINT('',(53.9300277,39.78905482,-71.140914127));
#4640=CARTESIAN_POINT('',(54.086833669,36.461344434,-78.277211312));
#4641=CARTESIAN_POINT('',(52.0847985236596,36.46134442442,-78.2772113093744));
#4642=CARTESIAN_POINT('',(54.086833669,36.461344434,-78.277211312));
#4643=CARTESIAN_POINT('',(56.8492484630786,31.9868047743712,-87.8728915484011));
#4644=CARTESIAN_POINT('Origin',(-4562.67625525056,-474.994952983507,-1175.09866333103));
#4645=CARTESIAN_POINT('',(55.887326197574,31.8661160973518,-88.1317092209029));
#4646=CARTESIAN_POINT('',(55.887326197,31.866116097,-88.131709221));
#4647=CARTESIAN_POINT('',(54.16601586,34.6596682503247,-82.1409179421514));
#4648=CARTESIAN_POINT('Origin',(-4565.94699397817,-475.286629944544,-1175.72181721318));
#4649=CARTESIAN_POINT('',(52.164176824643,34.6596682407936,-82.1409179394692));
#4650=CARTESIAN_POINT('',(52.164176824,34.65966825,-82.140917942));
#4651=CARTESIAN_POINT('Origin',(-756.141038807,-0.05007941,-156.576203998));
#4652=CARTESIAN_POINT('Origin',(50.857271697,-46.350080115,-29.187447642));
#4653=CARTESIAN_POINT('',(49.7954055908452,-42.3500801326616,-29.1874476462143));
#4654=CARTESIAN_POINT('',(49.5685669793811,-46.3500801150226,-29.187447642));
#4655=CARTESIAN_POINT('Origin',(-731.490138807,-0.05007964,-29.187447642));
#4656=CARTESIAN_POINT('',(53.1705202702961,-42.3500801502131,-29.1874476420066));
#4657=CARTESIAN_POINT('',(53.170520271,-42.350080115,-29.187447642));
#4658=CARTESIAN_POINT('',(52.944657654,-46.350080115,-29.187447642));
#4659=CARTESIAN_POINT('Origin',(-731.490138807,-0.05007902,-29.187447642));
#4660=CARTESIAN_POINT('',(52.944657654,-46.350080115,-29.187447642));
#4661=CARTESIAN_POINT('Origin',(57.360174385,-46.350080115,-79.253306762));
#4662=CARTESIAN_POINT('',(49.5685669801433,-46.3500801150677,-29.187447642));
#4663=CARTESIAN_POINT('',(52.9446576539139,-46.3500801149949,-29.187447642));
#4664=CARTESIAN_POINT('Origin',(51.350449159,-46.350080115,-65.863571725));
#4665=CARTESIAN_POINT('',(49.568566977,-46.350080115,-65.863571725));
#4666=CARTESIAN_POINT('Origin',(-731.490138807,-0.050079612,-65.863571725));
#4667=CARTESIAN_POINT('',(52.944657643,-46.350080115,-65.863571725));
#4668=CARTESIAN_POINT('',(52.944657643,-46.350080115,-65.863571725));
#4669=CARTESIAN_POINT('Origin',(-731.490138807,-0.050078837,-65.863571725));
#4670=CARTESIAN_POINT('Origin',(57.360174385,-46.350080115,-79.253306762));
#4671=CARTESIAN_POINT('',(49.5685669761482,-46.3500801150089,-96.643041817));
#4672=CARTESIAN_POINT('',(52.944657634,-46.350080115,-96.643041818));
#4673=CARTESIAN_POINT('Origin',(50.857271723,46.249920314,-29.187447646));
#4674=CARTESIAN_POINT('',(53.1705203675571,42.2499203136978,-29.1874476422413));
#4675=CARTESIAN_POINT('',(49.7954056208713,42.2499203089563,-29.1874476411587));
#4676=CARTESIAN_POINT('',(53.170520367,42.249920314,-29.187447642));
#4677=CARTESIAN_POINT('',(49.5685670093664,46.2499203139631,-29.1874476464333));
#4678=CARTESIAN_POINT('Origin',(-731.490138807,-0.05007964,-29.187447601));
#4679=CARTESIAN_POINT('',(52.9446577575215,46.2499203140308,-29.1874476464333));
#4680=CARTESIAN_POINT('',(52.944657757,46.249920314,-29.187447646));
#4681=CARTESIAN_POINT('Origin',(-731.490138807,-0.05007902,-29.187447601));
#4682=CARTESIAN_POINT('Origin',(57.360174385,46.249920317,-26.11524301));
#4683=CARTESIAN_POINT('',(49.5685670079612,46.2499203199384,-23.043038366));
#4684=CARTESIAN_POINT('',(52.9446577555924,46.249920320035,-23.043038371));
#4685=CARTESIAN_POINT('Origin',(54.211031437,46.249920287,-57.843011613));
#4686=CARTESIAN_POINT('',(54.211031437,42.249920190749,-92.6430417267398));
#4687=CARTESIAN_POINT('',(54.211031437,42.2499201285061,-92.843010715));
#4688=CARTESIAN_POINT('',(54.211031437,42.249920128,-92.643041733));
#4689=CARTESIAN_POINT('',(54.211031437,29.762446972,-92.643041733));
#4690=CARTESIAN_POINT('',(54.211031437,29.669199894,-92.843010715));
#4691=CARTESIAN_POINT('Origin',(51.35044918,46.249920279,-65.863571692));
#4692=CARTESIAN_POINT('',(49.5685670132773,46.2499202781709,-65.8635716930222));
#4693=CARTESIAN_POINT('Origin',(-731.490138807,-0.050079612,-65.863571648));
#4694=CARTESIAN_POINT('',(52.9446577703421,46.249920278171,-65.8635716930222));
#4695=CARTESIAN_POINT('Origin',(-731.490138807,-0.050078837,-65.863571648));
#4696=CARTESIAN_POINT('',(52.94465777,46.249920279,-65.863571692));
#4697=CARTESIAN_POINT('Origin',(57.360174385,46.249920317,-26.11524301));
#4698=CARTESIAN_POINT('',(49.5685670130001,46.2499202772517,-65.863571692));
#4699=CARTESIAN_POINT('',(52.94465777,46.2499202772517,-65.863571692));
#4700=CARTESIAN_POINT('Origin',(57.360174385,-42.350080171,-26.115243038));
#4701=CARTESIAN_POINT('',(53.170520271,-42.3500801740722,-23.043038433));
#4702=CARTESIAN_POINT('',(54.3543690781602,-42.3500800279974,-29.187447806533));
#4703=CARTESIAN_POINT('',(54.35436901,-42.350080167,-29.187447642));
#4704=CARTESIAN_POINT('',(55.4126680082866,-42.3500800176967,-33.1317080289354));
#4705=CARTESIAN_POINT('',(55.412668011497,-42.3500798720259,-33.1317080288667));
#4706=CARTESIAN_POINT('',(56.3753478609641,-42.3500801641584,-32.8741065767674));
#4707=CARTESIAN_POINT('',(56.375347876,-42.3500801642411,-32.874106575));
#4708=CARTESIAN_POINT('',(56.375347861,-42.3500801642411,-32.874106575));
#4709=CARTESIAN_POINT('Origin',(57.360174385,9.901644805,-92.643041755));
#4710=CARTESIAN_POINT('',(52.8092314650061,-12.7602496060369,-92.6430417574259));
#4711=CARTESIAN_POINT('',(50.8364192915495,-12.7602496019692,-92.6430417789721));
#4712=CARTESIAN_POINT('',(52.809231465,-12.760249603,-92.64304178));
#4713=CARTESIAN_POINT('',(50.906594730052,-7.24335969303061,-92.6430417740074));
#4714=CARTESIAN_POINT('Origin',(-731.490138807,-0.050079592,-92.643041766));
#4715=CARTESIAN_POINT('',(52.8770975276323,-7.24335969673077,-92.6430417550017));
#4716=CARTESIAN_POINT('',(52.877097528,-7.243359692,-92.643041774));
#4717=CARTESIAN_POINT('',(52.8770975367835,7.1431998484165,-92.6430417478836));
#4718=CARTESIAN_POINT('Origin',(-756.141038807,-0.05007941,-92.643041733));
#4719=CARTESIAN_POINT('',(50.9065947361355,7.14319984733171,-92.6430417588041));
#4720=CARTESIAN_POINT('',(52.877097537,7.143199846,-92.643041758));
#4721=CARTESIAN_POINT('',(50.8364193022063,12.6600897620014,-92.6430417521738));
#4722=CARTESIAN_POINT('Origin',(-731.490138807,-0.050079592,-92.643041766));
#4723=CARTESIAN_POINT('',(52.8092314810842,12.6600897641088,-92.6430417435193));
#4724=CARTESIAN_POINT('',(52.809231481,12.660089763,-92.643041752));
#4725=CARTESIAN_POINT('Origin',(-756.141038807,-0.05007941,-92.643041733));
#4726=CARTESIAN_POINT('',(56.3753479192355,42.2499202529686,-92.64304173207));
#4727=CARTESIAN_POINT('',(56.375347919,42.249920253,-92.643041733));
#4728=CARTESIAN_POINT('Origin',(-731.489938807,-0.05007941,-92.643041733));
#4729=CARTESIAN_POINT('',(55.7114595561567,12.6600897691136,-92.6430417234084));
#4730=CARTESIAN_POINT('Origin',(-756.141038807,-0.05007941,-92.643041693));
#4731=CARTESIAN_POINT('',(57.407679138187,12.6600897618671,-92.643041752134));
#4732=CARTESIAN_POINT('',(57.407679138,12.660089763,-92.643041752));
#4733=CARTESIAN_POINT('',(57.4772701019301,7.14319984724871,-92.6430417587814));
#4734=CARTESIAN_POINT('Origin',(-731.489938807,-0.05007941,-92.643041766));
#4735=CARTESIAN_POINT('',(55.7790830349743,7.14319983364785,-92.6430417548895));
#4736=CARTESIAN_POINT('',(57.477270102,7.143199846,-92.643041758));
#4737=CARTESIAN_POINT('',(55.810945616454,-0.000222966991306868,-92.6430416984266));
#4738=CARTESIAN_POINT('Origin',(-756.142936189116,-0.0500880945975056,-92.6430417655807));
#4739=CARTESIAN_POINT('',(55.7790830303356,-7.24335969220927,-92.6430417728815));
#4740=CARTESIAN_POINT('Origin',(-756.14308509866,-0.0500705485553088,-92.6430417645673));
#4741=CARTESIAN_POINT('',(57.4772700925773,-7.24335969311378,-92.6430417740298));
#4742=CARTESIAN_POINT('',(57.477270092,-7.243359692,-92.643041774));
#4743=CARTESIAN_POINT('',(57.4076791217449,-12.7602496021021,-92.6430417790114));
#4744=CARTESIAN_POINT('Origin',(-731.489938807,-0.05007941,-92.643041766));
#4745=CARTESIAN_POINT('',(55.7114595400383,-12.760249612644,-92.6430417376315));
#4746=CARTESIAN_POINT('',(57.407679121,-12.760249603,-92.64304178));
#4747=CARTESIAN_POINT('Origin',(-756.141038807,-0.05007941,-92.643041693));
#4748=CARTESIAN_POINT('',(56.3753478632612,-42.350080115004,-92.6430417997519));
#4749=CARTESIAN_POINT('Origin',(-731.489938807,-0.05007941,-92.643041799));
#4750=CARTESIAN_POINT('',(54.211031437,-42.3500799939942,-92.6430418060051));
#4751=CARTESIAN_POINT('',(56.375347863,-42.350080115,-92.643041799));
#4752=CARTESIAN_POINT('',(54.211031437,-42.350079993,-92.643041813));
#4753=CARTESIAN_POINT('Origin',(-756.141038807,-0.05007941,-92.643041733));
#4754=CARTESIAN_POINT('Origin',(-731.489938807,-0.05007941,-64.277210715));
#4755=CARTESIAN_POINT('',(56.375347866191,-42.3500799933938,-65.8741072808796));
#4756=CARTESIAN_POINT('',(56.375347863,-42.350080115,-65.874107281));
#4757=CARTESIAN_POINT('',(56.3753478885397,-42.3500796265494,-65.8741072794126));
#4758=CARTESIAN_POINT('Ctrl Pts',(53.805255319,-42.350079872,-60.140915081));
#4759=CARTESIAN_POINT('Ctrl Pts',(54.105876618,-36.593883546,-60.140915081));
#4760=CARTESIAN_POINT('Ctrl Pts',(54.345128012,-30.834660302,-60.140915081));
#4761=CARTESIAN_POINT('Ctrl Pts',(54.522972752,-25.073064252,-60.140915081));
#4762=CARTESIAN_POINT('Ctrl Pts',(55.408294832,-42.433898962,-66.13170636));
#4763=CARTESIAN_POINT('Ctrl Pts',(55.709511824,-36.666310016,-66.13170636));
#4764=CARTESIAN_POINT('Ctrl Pts',(55.949237447,-30.895688154,-66.13170636));
#4765=CARTESIAN_POINT('Ctrl Pts',(56.127434882,-25.122688782,-66.13170636));
#4766=CARTESIAN_POINT('',(53.8052553190206,-42.3500798725108,-60.1409150809544));
#4767=CARTESIAN_POINT('',(55.34072394,-42.350079872,-65.863571722));
#4768=CARTESIAN_POINT('',(54.4302205282432,-27.9162407353269,-60.1409150811488));
#4769=CARTESIAN_POINT('Origin',(-756.141038807,-0.05007941,-60.140915081));
#4770=CARTESIAN_POINT('',(56.127434882,-25.1226887823042,-66.1317063601419));
#4771=CARTESIAN_POINT('Origin',(-4605.85176279066,479.267114884158,-1147.80048179401));
#4772=CARTESIAN_POINT('Origin',(-756.141038807,-0.05007941,-66.13170636));
#4773=CARTESIAN_POINT('Ctrl Pts',(55.415274733,-42.300038495,-66.13170636));
#4774=CARTESIAN_POINT('Ctrl Pts',(55.713217472,-36.577019668,-66.13170636));
#4775=CARTESIAN_POINT('Ctrl Pts',(55.950616144,-30.851022991,-66.13170636));
#4776=CARTESIAN_POINT('Ctrl Pts',(56.127434882,-25.122688782,-66.13170636));
#4777=CARTESIAN_POINT('Ctrl Pts',(56.379889589,-42.35031635,-65.872888687));
#4778=CARTESIAN_POINT('Ctrl Pts',(56.678186883,-36.62049515,-65.872888687));
#4779=CARTESIAN_POINT('Ctrl Pts',(56.915868147,-30.887692556,-65.872888687));
#4780=CARTESIAN_POINT('Ctrl Pts',(57.092897471,-25.152549647,-65.872888687));
#4781=CARTESIAN_POINT('',(56.3799018904547,-42.3500799940253,-65.8728886878273));
#4782=CARTESIAN_POINT('',(57.09008877,-25.24337745,-65.872888687));
#4783=CARTESIAN_POINT('Origin',(-756.141038807,-0.05007941,-65.872888687));
#4784=CARTESIAN_POINT('',(56.3799019,-42.350079872,-65.872888687));
#4785=CARTESIAN_POINT('',(56.127434882,-25.122688782,-66.13170636));
#4786=CARTESIAN_POINT('Origin',(52.73304741,-43.683798482,-60.140915081));
#4787=CARTESIAN_POINT('',(51.8025224256839,-42.3500798731001,-60.140915081));
#4788=CARTESIAN_POINT('',(53.805255319,-42.350079872,-60.140915081));
#4789=CARTESIAN_POINT('',(52.4290356019989,-27.9162407315553,-60.1409150799912));
#4790=CARTESIAN_POINT('Origin',(-756.141038807,-0.05007941,-60.140915081));
#4791=CARTESIAN_POINT('',(52.429035604,-27.916240735,-60.140915081));
#4792=CARTESIAN_POINT('Origin',(-756.141038807,-0.05007941,-93.277210715));
#4793=CARTESIAN_POINT('',(51.8025224203938,-42.3500798722779,-56.277213219));
#4794=CARTESIAN_POINT('',(51.802522423,-42.350079872,-60.140915081));
#4795=CARTESIAN_POINT('',(52.3649337903322,-29.7179145631724,-56.2772132178917));
#4796=CARTESIAN_POINT('Origin',(-756.141038807,-0.05007941,-56.277213219));
#4797=CARTESIAN_POINT('Origin',(-756.141038807,-0.05007941,-119.90008874));
#4798=CARTESIAN_POINT('Origin',(52.733047399,-43.683798482,-56.277213219));
#4799=CARTESIAN_POINT('',(53.8052553004848,-42.3500799934469,-56.277213219));
#4800=CARTESIAN_POINT('',(51.802522417,-42.350079872,-56.277213219));
#4801=CARTESIAN_POINT('',(54.366276982,-29.717914567,-56.277213219));
#4802=CARTESIAN_POINT('Origin',(-756.141038807,-0.05007941,-56.277213219));
#4803=CARTESIAN_POINT('',(54.366276982,-29.717914567,-56.277213219));
#4804=CARTESIAN_POINT('Ctrl Pts',(56.372901381,-42.484335924,-65.872888687));
#4805=CARTESIAN_POINT('Ctrl Pts',(56.672896996,-36.740141521,-65.872888687));
#4806=CARTESIAN_POINT('Ctrl Pts',(56.911971578,-30.992940056,-65.872888687));
#4807=CARTESIAN_POINT('Ctrl Pts',(57.09008877,-25.24337745,-65.872888687));
#4808=CARTESIAN_POINT('Ctrl Pts',(53.805255308,-42.350079872,-56.277213219));
#4809=CARTESIAN_POINT('Ctrl Pts',(54.104301778,-36.624037845,-56.277213219));
#4810=CARTESIAN_POINT('Ctrl Pts',(54.342619735,-30.894998269,-56.277213219));
#4811=CARTESIAN_POINT('Ctrl Pts',(54.520172934,-25.163605027,-56.277213219));
#4812=CARTESIAN_POINT('Ctrl Pts',(53.8052552953092,-42.350080115,-56.277213219));
#4813=CARTESIAN_POINT('Ctrl Pts',(54.2343647859633,-42.350080115,-57.8764920018562));
#4814=CARTESIAN_POINT('Ctrl Pts',(54.6634734113261,-42.350080115,-59.4757710168828));
#4815=CARTESIAN_POINT('Ctrl Pts',(55.521688939124,-42.350080115,-62.6743295069498));
#4816=CARTESIAN_POINT('Ctrl Pts',(55.9507958415592,-42.350080115,-64.2736089819907));
#4817=CARTESIAN_POINT('Ctrl Pts',(56.3799018869005,-42.350080115,-65.872888687));
#4818=CARTESIAN_POINT('Origin',(-4602.62197963623,478.993622226652,-1147.21340650845));
#4819=CARTESIAN_POINT('Ctrl Pts',(55.412668011,-42.350079872,-33.131708029));
#4820=CARTESIAN_POINT('Ctrl Pts',(55.444620653,-41.737047149,-33.131708029));
#4821=CARTESIAN_POINT('Ctrl Pts',(55.475878808,-41.123975832,-33.131708029));
#4822=CARTESIAN_POINT('Ctrl Pts',(55.506442419,-40.51086671,-33.131708029));
#4823=CARTESIAN_POINT('Ctrl Pts',(56.375473307,-42.400322938,-32.873372672));
#4824=CARTESIAN_POINT('Ctrl Pts',(56.407463901,-41.78656293,-32.873372672));
#4825=CARTESIAN_POINT('Ctrl Pts',(56.438759185,-41.172764282,-32.873372672));
#4826=CARTESIAN_POINT('Ctrl Pts',(56.469359101,-40.558927783,-32.873372672));
#4827=CARTESIAN_POINT('',(55.5064424191492,-40.5108667100074,-33.13170802896));
#4828=CARTESIAN_POINT('',(56.4657478443601,-40.631305031329,-32.8733726706079));
#4829=CARTESIAN_POINT('',(55.5064424191492,-40.5108667100074,-33.13170802896));
#4830=CARTESIAN_POINT('Origin',(-731.437554684787,-0.050103127527672,-39.270859213755));
#4831=CARTESIAN_POINT('Origin',(-756.141393050401,-0.0500614306143454,-33.1316768702507));
#4832=CARTESIAN_POINT('Ctrl Pts',(54.3543674777655,-42.3500976188121,-29.1874453521586));
#4833=CARTESIAN_POINT('Ctrl Pts',(54.3872790258446,-41.7194913141533,-29.1874453521586));
#4834=CARTESIAN_POINT('Ctrl Pts',(54.4194547399671,-41.0888440787046,-29.1874453521586));
#4835=CARTESIAN_POINT('Ctrl Pts',(54.4508945561312,-40.4581567684904,-29.1874453521586));
#4836=CARTESIAN_POINT('Ctrl Pts',(55.4097914165498,-42.405245838252,-33.1317104852337));
#4837=CARTESIAN_POINT('Ctrl Pts',(55.4427458721196,-41.7738183615539,-33.1317104852337));
#4838=CARTESIAN_POINT('Ctrl Pts',(55.474963535713,-41.1423498990645,-33.1317104852337));
#4839=CARTESIAN_POINT('Ctrl Pts',(55.5064443443283,-40.5108413098085,-33.1317104852337));
#4840=CARTESIAN_POINT('Origin',(-4520.0112416278,469.985824090567,-1128.97190966288));
#4841=CARTESIAN_POINT('Ctrl Pts',(55.412668,-42.350079872,-55.131707272));
#4842=CARTESIAN_POINT('Ctrl Pts',(55.622783259,-38.318878558,-55.131707272));
#4843=CARTESIAN_POINT('Ctrl Pts',(55.802861803,-34.286134956,-55.131707272));
#4844=CARTESIAN_POINT('Ctrl Pts',(55.952889669,-30.252072781,-55.131707272));
#4845=CARTESIAN_POINT('Ctrl Pts',(56.377279764,-42.400417207,-54.872884873));
#4846=CARTESIAN_POINT('Ctrl Pts',(56.587645062,-38.364424412,-54.872884873));
#4847=CARTESIAN_POINT('Ctrl Pts',(56.767937944,-34.326887494,-54.872884873));
#4848=CARTESIAN_POINT('Ctrl Pts',(56.918144429,-30.288030433,-54.872884873));
#4849=CARTESIAN_POINT('',(56.3799019,-42.350079872,-54.872884873));
#4850=CARTESIAN_POINT('',(56.914988749998,-30.3727636526064,-54.8728848728165));
#4851=CARTESIAN_POINT('Origin',(-756.141038807,-0.05007941,-54.872884873));
#4852=CARTESIAN_POINT('',(55.412668,-42.350079872,-55.131707272));
#4853=CARTESIAN_POINT('',(56.3799018990744,-42.3500798719518,-54.872884873));
#4854=CARTESIAN_POINT('',(55.9528896693379,-30.252072780771,-55.1317072718874));
#4855=CARTESIAN_POINT('Origin',(-756.141038807,-0.05007941,-55.131707272));
#4856=CARTESIAN_POINT('',(55.952889669,-30.252072781,-55.131707272));
#4857=CARTESIAN_POINT('Ctrl Pts',(53.805255308,-42.350079872,-49.140913609));
#4858=CARTESIAN_POINT('Ctrl Pts',(54.016826814,-38.298979281,-49.140913609));
#4859=CARTESIAN_POINT('Ctrl Pts',(54.198004108,-34.246315427,-49.140913609));
#4860=CARTESIAN_POINT('Ctrl Pts',(54.348772941,-30.192316256,-49.140913609));
#4861=CARTESIAN_POINT('Ctrl Pts',(55.408294821,-42.433898962,-55.131707272));
#4862=CARTESIAN_POINT('Ctrl Pts',(55.620285564,-38.374780463,-55.131707272));
#4863=CARTESIAN_POINT('Ctrl Pts',(55.801821939,-34.314095604,-55.131707272));
#4864=CARTESIAN_POINT('Ctrl Pts',(55.952889669,-30.252072781,-55.131707272));
#4865=CARTESIAN_POINT('',(53.805255308,-42.350079872,-49.140913609));
#4866=CARTESIAN_POINT('',(55.412668000349,-42.3500798720182,-55.1317072719064));
#4867=CARTESIAN_POINT('',(54.2376278080747,-33.0456258446273,-49.1409136088248));
#4868=CARTESIAN_POINT('Origin',(-756.141038807,-0.05007941,-49.140913609));
#4869=CARTESIAN_POINT('Origin',(-4575.97161232297,476.208633582083,-1141.26838847038));
#4870=CARTESIAN_POINT('Origin',(52.733047399,-43.683798482,-49.140913609));
#4871=CARTESIAN_POINT('',(51.8025224173371,-42.3500798720177,-49.140913609));
#4872=CARTESIAN_POINT('',(53.805255308,-42.350079872,-49.140913609));
#4873=CARTESIAN_POINT('',(52.235966110636,-33.045625841096,-49.1409136078693));
#4874=CARTESIAN_POINT('Origin',(-756.141038807,-0.05007941,-49.140913609));
#4875=CARTESIAN_POINT('',(52.23596611,-33.045625845,-49.140913609));
#4876=CARTESIAN_POINT('Origin',(-756.141038807,-0.05007941,-93.277210715));
#4877=CARTESIAN_POINT('',(51.802522418,-42.350079872,-45.277214172));
#4878=CARTESIAN_POINT('',(51.802522418,-42.350079872,-49.140913609));
#4879=CARTESIAN_POINT('',(52.1604159143005,-34.8472985418465,-45.2772141708193));
#4880=CARTESIAN_POINT('Origin',(-756.141038807,-0.05007941,-45.277214172));
#4881=CARTESIAN_POINT('Origin',(-756.141038807,-0.05007941,-119.90008874));
#4882=CARTESIAN_POINT('Origin',(52.733047399,-43.683798482,-45.277214172));
#4883=CARTESIAN_POINT('',(53.805255308,-42.350079872,-45.277214172));
#4884=CARTESIAN_POINT('',(51.802522418,-42.350079872,-45.277214172));
#4885=CARTESIAN_POINT('',(54.1622642409049,-34.847298545161,-45.2772141717714));
#4886=CARTESIAN_POINT('Origin',(-756.141038807,-0.05007941,-45.277214172));
#4887=CARTESIAN_POINT('',(54.162264241,-34.847298546,-45.277214172));
#4888=CARTESIAN_POINT('Ctrl Pts',(56.372901381,-42.484335924,-54.872884873));
#4889=CARTESIAN_POINT('Ctrl Pts',(56.583670301,-38.448618083,-54.872884873));
#4890=CARTESIAN_POINT('Ctrl Pts',(56.764370765,-34.411352681,-54.872884873));
#4891=CARTESIAN_POINT('Ctrl Pts',(56.91498875,-30.372763653,-54.872884873));
#4892=CARTESIAN_POINT('Ctrl Pts',(53.805255308,-42.350079872,-45.277214172));
#4893=CARTESIAN_POINT('Ctrl Pts',(54.015357385,-38.327115406,-45.277214172));
#4894=CARTESIAN_POINT('Ctrl Pts',(54.195486026,-34.302608275,-45.277214172));
#4895=CARTESIAN_POINT('Ctrl Pts',(54.345627251,-30.276781707,-45.277214172));
#4896=CARTESIAN_POINT('Ctrl Pts',(53.805255308,-42.350079872,-45.277214172));
#4897=CARTESIAN_POINT('Ctrl Pts',(54.2343647983633,-42.350079872,-46.876492159296));
#4898=CARTESIAN_POINT('Ctrl Pts',(54.6634734234327,-42.350079872,-48.4757703787632));
#4899=CARTESIAN_POINT('Ctrl Pts',(55.5216889512076,-42.350079872,-51.6743272798303));
#4900=CARTESIAN_POINT('Ctrl Pts',(55.9507958539143,-42.3500798719752,-53.2736059614304));
#4901=CARTESIAN_POINT('Ctrl Pts',(56.3799018995235,-42.3500798719752,-54.872884873));
#4902=CARTESIAN_POINT('Origin',(-4572.71090247851,475.933223086977,-1140.65034152927));
#4903=CARTESIAN_POINT('Ctrl Pts',(55.412668,-42.350079872,-44.131708226));
#4904=CARTESIAN_POINT('Ctrl Pts',(55.533714394,-40.027724107,-44.131708226));
#4905=CARTESIAN_POINT('Ctrl Pts',(55.644793003,-37.704835484,-44.131708226));
#4906=CARTESIAN_POINT('Ctrl Pts',(55.745900887,-35.381456761,-44.131708226));
#4907=CARTESIAN_POINT('Ctrl Pts',(56.3772797644735,-42.4004172070247,-43.8728882098729));
#4908=CARTESIAN_POINT('Ctrl Pts',(56.4984702054736,-40.0753010930234,-43.872888209873));
#4909=CARTESIAN_POINT('Ctrl Pts',(56.6096810124736,-37.749651486022,-43.872888209873));
#4910=CARTESIAN_POINT('Ctrl Pts',(56.7109092434737,-35.4235111970206,-43.872888209873));
#4911=CARTESIAN_POINT('',(56.379901899,-42.350079872,-43.87288821));
#4912=CARTESIAN_POINT('',(56.7074348694929,-35.5022249568817,-43.8727199976185));
#4913=CARTESIAN_POINT('Origin',(-756.141013855224,-0.0500806140980092,-43.8728941650847));
#4914=CARTESIAN_POINT('',(55.412668,-42.350079872,-44.131708226));
#4915=CARTESIAN_POINT('',(56.3799018990057,-42.3500798720003,-43.8728882100212));
#4916=CARTESIAN_POINT('',(55.7459008871103,-35.3814567597934,-44.1317082259096));
#4917=CARTESIAN_POINT('Origin',(-756.141038807,-0.05007941,-44.131708226));
#4918=CARTESIAN_POINT('Ctrl Pts',(55.74590088732,-35.3814567583332,-44.1317082259454));
#4919=CARTESIAN_POINT('Ctrl Pts',(55.9051703193201,-35.4014468401422,-44.0888393586935));
#4920=CARTESIAN_POINT('Ctrl Pts',(56.0644520335137,-35.4214385024824,-44.0459671019817));
#4921=CARTESIAN_POINT('Ctrl Pts',(56.3869411064946,-35.46191462188,-43.9591657869143));
#4922=CARTESIAN_POINT('Ctrl Pts',(56.5471842397553,-35.4820270337423,-43.916034582026));
#4923=CARTESIAN_POINT('Ctrl Pts',(56.7074648766663,-35.5021441925808,-43.8728931972146));
#4924=CARTESIAN_POINT('Ctrl Pts',(56.7074796649623,-35.5021460486908,-43.8728892167739));
#4925=CARTESIAN_POINT('Ctrl Pts',(56.7074834058418,-35.5021465182164,-43.872888209873));
#4926=CARTESIAN_POINT('Ctrl Pts',(53.805255308,-42.350079872,-38.140916946));
#4927=CARTESIAN_POINT('Ctrl Pts',(53.927757951,-40.004440139,-38.140916946));
#4928=CARTESIAN_POINT('Ctrl Pts',(54.040071745,-37.658254852,-38.140916946));
#4929=CARTESIAN_POINT('Ctrl Pts',(54.142193646,-35.311568243,-38.140916946));
#4930=CARTESIAN_POINT('Ctrl Pts',(55.40829482,-42.433898962,-44.131708226));
#4931=CARTESIAN_POINT('Ctrl Pts',(55.531040207,-40.083616757,-44.131708226));
#4932=CARTESIAN_POINT('Ctrl Pts',(55.64357658,-37.732787916,-44.131708226));
#4933=CARTESIAN_POINT('Ctrl Pts',(55.745900887,-35.381456761,-44.131708226));
#4934=CARTESIAN_POINT('',(53.805255308,-42.350079872,-38.140916946));
#4935=CARTESIAN_POINT('',(55.4126679993781,-42.3500798719676,-44.131708226));
#4936=CARTESIAN_POINT('',(54.0125140181343,-38.1750087124711,-38.1409169460315));
#4937=CARTESIAN_POINT('Origin',(-756.141038807,-0.05007941,-38.140916946));
#4938=CARTESIAN_POINT('Origin',(-4545.9571969402,473.093709186515,-1134.59381192181));
#4939=CARTESIAN_POINT('Origin',(52.733047399,-43.683798482,-38.140916946));
#4940=CARTESIAN_POINT('',(51.8025224173371,-42.3500798720177,-38.140916946));
#4941=CARTESIAN_POINT('',(53.805255308,-42.350079872,-38.140916946));
#4942=CARTESIAN_POINT('',(52.0102947499062,-38.175008708679,-38.1409169447103));
#4943=CARTESIAN_POINT('Origin',(-756.141038807,-0.05007941,-38.140916946));
#4944=CARTESIAN_POINT('',(52.010294749,-38.175008713,-38.140916946));
#4945=CARTESIAN_POINT('Origin',(-756.141038807,-0.05007941,-93.277210715));
#4946=CARTESIAN_POINT('',(51.802522418,-42.350079872,-34.277212742));
#4947=CARTESIAN_POINT('',(51.802522418,-42.350079872,-38.140916946));
#4948=CARTESIAN_POINT('',(51.9232868745049,-39.9766836323942,-34.2772127406573));
#4949=CARTESIAN_POINT('Origin',(-756.141038807,-0.05007941,-34.277212742));
#4950=CARTESIAN_POINT('Origin',(-756.141038807,-0.05007941,-119.90008874));
#4951=CARTESIAN_POINT('Origin',(52.733047399,-43.683798482,-34.277212742));
#4952=CARTESIAN_POINT('',(53.805255308,-42.350079872,-34.277212742));
#4953=CARTESIAN_POINT('',(51.802522418,-42.350079872,-34.277212742));
#4954=CARTESIAN_POINT('',(53.9257211977953,-39.9766836354528,-34.277212742));
#4955=CARTESIAN_POINT('Origin',(-756.141038807,-0.05007941,-34.277212742));
#4956=CARTESIAN_POINT('',(53.925721198,-39.976683637,-34.277212742));
#4957=CARTESIAN_POINT('Ctrl Pts',(56.372901381,-42.484335924,-43.87288821));
#4958=CARTESIAN_POINT('Ctrl Pts',(56.494421695,-40.157514222,-43.87288821));
#4959=CARTESIAN_POINT('Ctrl Pts',(56.605947685,-37.830157056,-43.87288821));
#4960=CARTESIAN_POINT('Ctrl Pts',(56.707476392,-35.502307329,-43.87288821));
#4961=CARTESIAN_POINT('Ctrl Pts',(53.805255308,-42.350079872,-34.277212742));
#4962=CARTESIAN_POINT('Ctrl Pts',(53.926391148,-40.030611219,-34.277212742));
#4963=CARTESIAN_POINT('Ctrl Pts',(54.037564248,-37.710608795,-34.277212742));
#4964=CARTESIAN_POINT('Ctrl Pts',(54.138771658,-35.39011537,-34.277212742));
#4965=CARTESIAN_POINT('Ctrl Pts',(53.805255308,-42.350079872,-34.277212742));
#4966=CARTESIAN_POINT('Ctrl Pts',(54.23436479836,-42.350079872,-35.8764915237984));
#4967=CARTESIAN_POINT('Ctrl Pts',(54.6634734234304,-42.350079872,-37.4757705377667));
#4968=CARTESIAN_POINT('Ctrl Pts',(55.5216889512151,-42.350079872,-40.6743290278337));
#4969=CARTESIAN_POINT('Ctrl Pts',(55.9507958539296,-42.350079872,-42.2736085039329));
#4970=CARTESIAN_POINT('Ctrl Pts',(56.3799018995517,-42.350079872,-43.87288821));
#4971=CARTESIAN_POINT('Ctrl Pts',(56.707386333144,-35.5023033955469,-43.8725517853641));
#4972=CARTESIAN_POINT('Ctrl Pts',(56.5677419106576,-35.7279804138814,-43.3885858750082));
#4973=CARTESIAN_POINT('Ctrl Pts',(56.4280048517855,-35.9536472487839,-42.9046418030921));
#4974=CARTESIAN_POINT('Ctrl Pts',(55.9658239153864,-36.6995124821134,-41.3051287055019));
#4975=CARTESIAN_POINT('Ctrl Pts',(55.6429796035931,-37.2196672882621,-40.1896531637673));
#4976=CARTESIAN_POINT('Ctrl Pts',(54.8560189985208,-38.4855181114056,-37.4750274100307));
#4977=CARTESIAN_POINT('Ctrl Pts',(54.391379426439,-39.2311586890311,-35.8759960881353));
#4978=CARTESIAN_POINT('Ctrl Pts',(53.9257211975859,-39.9766836336565,-34.277212742));
#4979=CARTESIAN_POINT('Origin',(57.360174385,-23.470867033,-57.843040104));
#4980=CARTESIAN_POINT('Origin',(-731.490138807,-0.05007958,-108.069080698));
#4981=CARTESIAN_POINT('',(52.0284824499254,-37.7875023340497,-27.1409167512322));
#4982=CARTESIAN_POINT('Origin',(-756.141038807,-0.05007941,-108.069081063));
#4983=CARTESIAN_POINT('',(54.0306567731425,-37.7875023263368,-27.1409167488064));
#4984=CARTESIAN_POINT('',(54.030656773,-37.787502326,-27.140916749));
#4985=CARTESIAN_POINT('',(55.762671595578,-34.9939504642047,-33.1317080288363));
#4986=CARTESIAN_POINT('Origin',(-4548.22146093776,473.34310492336,-1123.26418489168));
#4987=CARTESIAN_POINT('',(56.7242917980072,-35.1146402415182,-32.8728879727487));
#4988=CARTESIAN_POINT('',(56.724291798,-35.114640239,-32.872887972));
#4989=CARTESIAN_POINT('Origin',(-4544.46926899873,472.993820279705,-1122.51499345946));
#4990=CARTESIAN_POINT('Origin',(-731.489938807,-0.05007941,-108.069081063));
#4991=CARTESIAN_POINT('',(54.8617373169316,-8.81287266291504,-89.2772103582609));
#4992=CARTESIAN_POINT('Origin',(-4710.717548224,489.506228663106,-1157.92321543523));
#4993=CARTESIAN_POINT('',(52.8616198128903,-8.81287266440566,-89.2772103584622));
#4994=CARTESIAN_POINT('',(52.861619813,-8.812872663,-89.277210358));
#4995=CARTESIAN_POINT('Origin',(-756.141038807,-0.05007941,-108.069081063));
#4996=CARTESIAN_POINT('',(52.7897960707424,-13.9422564783974,-78.2772113127877));
#4997=CARTESIAN_POINT('',(54.7900907130373,-13.9422564759748,-78.2772113121364));
#4998=CARTESIAN_POINT('',(52.789796071,-13.942256476,-78.277211312));
#4999=CARTESIAN_POINT('',(52.8187302690194,-12.1405804813654,-82.1409179426959));
#5000=CARTESIAN_POINT('Origin',(-756.141038807,-0.05007941,-108.069081063));
#5001=CARTESIAN_POINT('',(54.818953554008,-12.140580479698,-82.1409179419754));
#5002=CARTESIAN_POINT('',(54.818953554,-12.140580479,-82.140917942));
#5003=CARTESIAN_POINT('',(56.4611245195873,-9.34702861622171,-88.1317092210765));
#5004=CARTESIAN_POINT('Origin',(-4696.90576025289,488.238462517527,-1155.20528804756));
#5005=CARTESIAN_POINT('',(57.4257238132179,-9.46771728000309,-87.8728915480419));
#5006=CARTESIAN_POINT('',(57.425723813,-9.46771728,-87.872891548));
#5007=CARTESIAN_POINT('Origin',(-4693.75807134722,488.001276261607,-1154.69774831115));
#5008=CARTESIAN_POINT('',(54.5494207770357,-24.2010241033411,-56.2772132191591));
#5009=CARTESIAN_POINT('',(57.2422706509966,-19.7264871305842,-65.8728886868062));
#5010=CARTESIAN_POINT('Origin',(-4634.64365725169,482.213628649348,-1142.28693622706));
#5011=CARTESIAN_POINT('',(52.5485308293854,-24.2010241078688,-56.2772132204265));
#5012=CARTESIAN_POINT('',(52.548530829,-24.201024103,-56.277213219));
#5013=CARTESIAN_POINT('',(52.6003279264486,-22.3993503342009,-60.1409150822806));
#5014=CARTESIAN_POINT('Origin',(-756.141038807,-0.05007941,-108.069081063));
#5015=CARTESIAN_POINT('',(54.6010900460071,-22.3993503305011,-60.1409150810762));
#5016=CARTESIAN_POINT('',(54.601090046,-22.39935033,-60.140915081));
#5017=CARTESIAN_POINT('',(56.2789775279187,-19.6057984679695,-66.1317063600812));
#5018=CARTESIAN_POINT('Origin',(-4637.85385320697,482.461350159545,-1142.85452769116));
#5019=CARTESIAN_POINT('',(57.242270651,-19.726487131,-65.872888687));
#5020=CARTESIAN_POINT('',(54.1788122461965,-34.4597928444521,-34.2772127428712));
#5021=CARTESIAN_POINT('',(56.9293482668583,-29.9852558714071,-43.8728882104253));
#5022=CARTESIAN_POINT('Origin',(-4574.97484324199,476.166725678751,-1129.31931100757));
#5023=CARTESIAN_POINT('',(52.177004901871,-34.4597928490109,-34.2772127439852));
#5024=CARTESIAN_POINT('',(52.177004902,-34.459792842,-34.277212742));
#5025=CARTESIAN_POINT('',(52.2516899979399,-32.6581179829791,-38.1409169479302));
#5026=CARTESIAN_POINT('Origin',(-756.141038807,-0.05007941,-108.069081063));
#5027=CARTESIAN_POINT('',(54.2533128574302,-32.6581179765755,-38.1409169457547));
#5028=CARTESIAN_POINT('',(54.253312858,-32.658117976,-38.140916946));
#5029=CARTESIAN_POINT('',(55.9672085673606,-29.8645661139151,-44.131708225872));
#5030=CARTESIAN_POINT('Origin',(-4578.22810484273,476.45121504956,-1129.93027634488));
#5031=CARTESIAN_POINT('',(56.929348267,-29.98525587,-43.87288821));
#5032=CARTESIAN_POINT('',(56.3862468525097,-14.4764146519087,-77.1317054054771));
#5033=CARTESIAN_POINT('',(57.3501739431452,-14.5971033153998,-76.8728877336732));
#5034=CARTESIAN_POINT('',(56.386246852,-14.476414654,-77.131705406));
#5035=CARTESIAN_POINT('',(54.6859893632763,-19.0716402892396,-67.2772122648679));
#5036=CARTESIAN_POINT('Origin',(-4664.27311168722,485.13997340405,-1148.56250277118));
#5037=CARTESIAN_POINT('',(52.6854372702216,-19.0716402934861,-67.2772122660982));
#5038=CARTESIAN_POINT('',(54.685989363,-19.07164029,-67.277212265));
#5039=CARTESIAN_POINT('',(52.7258004625218,-17.2699665192553,-71.140914128041));
#5040=CARTESIAN_POINT('Origin',(-756.141038807,-0.05007941,-108.069081063));
#5041=CARTESIAN_POINT('',(54.7262529839696,-17.269966514457,-71.1409141266898));
#5042=CARTESIAN_POINT('',(52.725800462,-17.269966516,-71.140914127));
#5043=CARTESIAN_POINT('Origin',(-4667.45016197896,485.388831955646,-1149.09618166815));
#5044=CARTESIAN_POINT('',(54.380368530202,-29.3304079183212,-45.2772141725339));
#5045=CARTESIAN_POINT('',(57.102000955,-24.855873168,-54.872884873));
#5046=CARTESIAN_POINT('Origin',(-4604.87564264736,479.222689276347,-1135.87284606055));
#5047=CARTESIAN_POINT('',(52.379060217387,-29.3304079230151,-45.2772141737018));
#5048=CARTESIAN_POINT('',(52.379060217,-29.330407917,-45.277214172));
#5049=CARTESIAN_POINT('',(52.4422974273064,-27.5287352797407,-49.1409136105826));
#5050=CARTESIAN_POINT('Origin',(-756.141038807,-0.05007941,-108.069081063));
#5051=CARTESIAN_POINT('',(54.4434496099736,-27.5287352735546,-49.1409136087922));
#5052=CARTESIAN_POINT('',(54.44344961,-27.528735274,-49.140913609));
#5053=CARTESIAN_POINT('',(56.1393036654478,-24.7351822997079,-55.1317072718077));
#5054=CARTESIAN_POINT('Origin',(-4608.10256449101,479.496237811219,-1136.45614153407));
#5055=CARTESIAN_POINT('',(57.102000955,-24.855873168,-54.872884873));
#5056=CARTESIAN_POINT('Origin',(57.360174385,-27.555164896,-60.915244688));
#5057=CARTESIAN_POINT('Origin',(-731.490138807,-0.050079571,-119.900088394));
#5058=CARTESIAN_POINT('',(52.7830483895904,-14.3297626265891,-89.2772103574655));
#5059=CARTESIAN_POINT('Origin',(-756.141038807,-0.05007941,-119.90008874));
#5060=CARTESIAN_POINT('',(54.7833596871455,-14.3297626286517,-89.2772103579317));
#5061=CARTESIAN_POINT('',(54.783359687,-14.329762628,-89.277210358));
#5062=CARTESIAN_POINT('Origin',(-4679.10899037223,486.474179195462,-1163.25653435874));
#5063=CARTESIAN_POINT('Origin',(-731.489938807,-0.05007941,-119.90008874));
#5064=CARTESIAN_POINT('',(52.5368653029853,-24.5885305841941,-67.2772122641494));
#5065=CARTESIAN_POINT('',(54.5377840342538,-24.5885305873974,-67.2772122651813));
#5066=CARTESIAN_POINT('',(52.536865302,-24.588530587,-67.277212265));
#5067=CARTESIAN_POINT('',(57.2328041942526,-20.1139934711047,-76.8728877342339));
#5068=CARTESIAN_POINT('Origin',(-4632.39902335522,481.989869973344,-1153.6380593081));
#5069=CARTESIAN_POINT('',(56.2695574132121,-19.9933048034955,-77.1317054059984));
#5070=CARTESIAN_POINT('',(57.232804194,-20.11399347,-76.872887734));
#5071=CARTESIAN_POINT('',(54.5903151960493,-22.7868567558014,-71.140914127291));
#5072=CARTESIAN_POINT('Origin',(-4635.60366780869,482.252968259021,-1154.19874981943));
#5073=CARTESIAN_POINT('',(52.5895264233741,-22.7868567524909,-71.1409141262208));
#5074=CARTESIAN_POINT('',(54.590315196,-22.786856755,-71.140914127));
#5075=CARTESIAN_POINT('Origin',(-756.141038807,-0.05007941,-119.90008874));
#5076=CARTESIAN_POINT('',(54.6768060372495,-19.4591466088369,-78.2772113122817));
#5077=CARTESIAN_POINT('',(52.6762312300517,-19.4591466055211,-78.2772113112293));
#5078=CARTESIAN_POINT('',(54.676806037,-19.459146608,-78.277211312));
#5079=CARTESIAN_POINT('',(57.3431509378759,-14.9846761313386,-87.8728915491445));
#5080=CARTESIAN_POINT('Origin',(-4674.36491895598,486.236777329553,-1162.74558117981));
#5081=CARTESIAN_POINT('',(56.3792699477572,-14.8640116904332,-88.13164029419));
#5082=CARTESIAN_POINT('Ctrl Pts',(56.3792699477572,-14.8639616300508,-88.1316169506495));
#5083=CARTESIAN_POINT('Ctrl Pts',(56.7005671240795,-14.9041479251202,-88.0454371658374));
#5084=CARTESIAN_POINT('Ctrl Pts',(57.0218597568874,-14.9443774641526,-87.9591646440507));
#5085=CARTESIAN_POINT('Ctrl Pts',(57.3431522020224,-14.984607270228,-87.8728915495885));
#5086=CARTESIAN_POINT('',(54.7179311762606,-17.657470552606,-82.1409179420211));
#5087=CARTESIAN_POINT('Origin',(-4665.21819408248,485.170666416229,-1160.45988762849));
#5088=CARTESIAN_POINT('',(52.7174580741479,-17.6574705501037,-82.1409179413753));
#5089=CARTESIAN_POINT('',(52.717458074,-17.657470552,-82.140917942));
#5090=CARTESIAN_POINT('Origin',(-756.141038807,-0.05007941,-119.90008874));
#5091=CARTESIAN_POINT('Origin',(57.360174385,-42.350080115,-79.253306762));
#5092=CARTESIAN_POINT('',(53.170520258675,-42.3500799941068,-92.843010715));
#5093=CARTESIAN_POINT('',(53.170520262837,-42.3500801150451,-65.863571725));
#5094=CARTESIAN_POINT('',(54.211031437,-42.3500798729923,-92.843010715));
#5095=CARTESIAN_POINT('',(54.211031437,-42.350079872,-92.843010715));
#5096=CARTESIAN_POINT('',(54.211031437,-42.350079872,-92.843010715));
#5097=CARTESIAN_POINT('Origin',(57.360174385,27.455005034,-60.915244706));
#5098=CARTESIAN_POINT('Origin',(-731.490138807,-0.050079571,-119.900086871));
#5099=CARTESIAN_POINT('',(54.3543691041103,42.2499202271563,-29.1874477415151));
#5100=CARTESIAN_POINT('',(54.354369062,42.249920314,-29.187447642));
#5101=CARTESIAN_POINT('',(55.5064437385219,40.4106814241721,-33.1317080291718));
#5102=CARTESIAN_POINT('Origin',(-4520.00005021095,-470.234845333073,-1128.89922584595));
#5103=CARTESIAN_POINT('',(56.4657478975121,40.5311451783253,-32.8733726705946));
#5104=CARTESIAN_POINT('',(56.465747897,40.531145183,-32.873372672));
#5105=CARTESIAN_POINT('Origin',(-731.489938807,-0.05007941,-119.900086525));
#5106=CARTESIAN_POINT('',(54.7833597051918,14.2296027752955,-89.2772103578611));
#5107=CARTESIAN_POINT('Origin',(-4679.105924861,-486.571877011111,-1163.25683432999));
#5108=CARTESIAN_POINT('',(52.7830484078291,14.229602773528,-89.2772103574841));
#5109=CARTESIAN_POINT('',(52.783048408,14.229602775,-89.277210358));
#5110=CARTESIAN_POINT('Origin',(-756.141038807,-0.05007941,-119.900086525));
#5111=CARTESIAN_POINT('',(56.7074834510485,35.4019866666015,-43.872888209951));
#5112=CARTESIAN_POINT('',(55.7459009319974,35.2812969065021,-44.1317082255565));
#5113=CARTESIAN_POINT('',(56.707483451,35.401986667,-43.87288821));
#5114=CARTESIAN_POINT('',(53.925721248559,39.8765237832306,-34.2772127420924));
#5115=CARTESIAN_POINT('Origin',(-4542.67280703275,-472.908884668143,-1133.94810885149));
#5116=CARTESIAN_POINT('',(51.9232869255461,39.8765237793764,-34.2772127406761));
#5117=CARTESIAN_POINT('',(51.923286925,39.876523784,-34.277212742));
#5118=CARTESIAN_POINT('',(52.0102947986496,38.0748488556417,-38.1409169447377));
#5119=CARTESIAN_POINT('Origin',(-756.141038807,-0.05007941,-119.900086525));
#5120=CARTESIAN_POINT('',(54.0125140666576,38.0748488582228,-38.1409169456851));
#5121=CARTESIAN_POINT('',(54.012514066,38.07484886,-38.140916946));
#5122=CARTESIAN_POINT('Origin',(-4545.94896099035,-473.205836528336,-1134.58584594216));
#5123=CARTESIAN_POINT('',(57.2328042199581,20.013833617416,-76.8728877341945));
#5124=CARTESIAN_POINT('',(54.537784066,24.488370734,-67.277212265));
#5125=CARTESIAN_POINT('Origin',(-4632.39938824297,-482.090067964156,-1153.63814108367));
#5126=CARTESIAN_POINT('',(52.5368653343342,24.4883707312119,-67.2772122641661));
#5127=CARTESIAN_POINT('',(54.537784066,24.488370734,-67.277212265));
#5128=CARTESIAN_POINT('',(52.5895264524159,22.6866968995081,-71.140914126238));
#5129=CARTESIAN_POINT('Origin',(-756.141038807,-0.05007941,-119.900086525));
#5130=CARTESIAN_POINT('',(54.5903152250838,22.6866969023164,-71.1409141271465));
#5131=CARTESIAN_POINT('',(52.589526452,22.686696902,-71.140914127));
#5132=CARTESIAN_POINT('',(56.2695574382135,19.893144950611,-77.131705406168));
#5133=CARTESIAN_POINT('Origin',(-4635.60381951773,-482.35190214868,-1154.19936090118));
#5134=CARTESIAN_POINT('',(56.269557438,19.89314495,-77.131705406));
#5135=CARTESIAN_POINT('',(56.914988788,30.272603799,-54.872884873));
#5136=CARTESIAN_POINT('',(55.952889708,30.1519129276976,-55.131707271859));
#5137=CARTESIAN_POINT('',(56.914988788,30.272603799,-54.872884873));
#5138=CARTESIAN_POINT('',(54.1622642851366,34.7471386925524,-45.2772141720166));
#5139=CARTESIAN_POINT('Origin',(-4572.7108431308,-476.033846165257,-1140.65010556083));
#5140=CARTESIAN_POINT('',(52.1604159587528,34.7471386891026,-45.2772141708351));
#5141=CARTESIAN_POINT('',(52.160415958,34.747138693,-45.277214172));
#5142=CARTESIAN_POINT('',(52.2359661527847,32.9454659883125,-49.1409136078861));
#5143=CARTESIAN_POINT('Origin',(-756.141038807,-0.05007941,-119.900086525));
#5144=CARTESIAN_POINT('',(54.237627850452,32.9454659919867,-49.1409136090951));
#5145=CARTESIAN_POINT('',(54.23762785,32.945465992,-49.140913609));
#5146=CARTESIAN_POINT('Origin',(-4575.97168709959,-476.307615294103,-1141.26895689558));
#5147=CARTESIAN_POINT('',(57.3431522211281,14.884447415534,-87.8728915483006));
#5148=CARTESIAN_POINT('',(56.3792743584608,14.7637587474708,-88.1317092209789));
#5149=CARTESIAN_POINT('',(57.343152221,14.884447414,-87.872891548));
#5150=CARTESIAN_POINT('',(54.6768060622019,19.3589867549818,-78.2772113122376));
#5151=CARTESIAN_POINT('Origin',(-4662.03846729421,-485.020968283848,-1159.9234768688));
#5152=CARTESIAN_POINT('',(52.6762312548492,19.3589867519847,-78.2772113113591));
#5153=CARTESIAN_POINT('',(52.676231255,19.358986754,-78.277211312));
#5154=CARTESIAN_POINT('',(52.7174580966365,17.5573106971199,-82.1409179413933));
#5155=CARTESIAN_POINT('Origin',(-756.141038807,-0.05007941,-119.900086525));
#5156=CARTESIAN_POINT('',(54.7179311990695,17.5573106994704,-82.1409179420086));
#5157=CARTESIAN_POINT('',(54.717931199,17.557310699,-82.140917942));
#5158=CARTESIAN_POINT('Origin',(-4665.21675400661,-485.270671796853,-1160.45955636891));
#5159=CARTESIAN_POINT('',(54.366277019,29.617754713,-56.277213219));
#5160=CARTESIAN_POINT('',(57.090088802,25.143217597,-65.872888687));
#5161=CARTESIAN_POINT('Origin',(-4602.62143401286,-479.093721843154,-1147.21327735104));
#5162=CARTESIAN_POINT('',(52.3649338282507,29.6177547096376,-56.2772132180186));
#5163=CARTESIAN_POINT('',(52.364933825,29.617754713,-56.277213219));
#5164=CARTESIAN_POINT('',(52.4290356374188,27.8160808787824,-60.1409150800018));
#5165=CARTESIAN_POINT('Origin',(-756.141038807,-0.05007941,-119.900086525));
#5166=CARTESIAN_POINT('',(54.430220564,27.816080882,-60.140915081));
#5167=CARTESIAN_POINT('',(54.430220564,27.816080882,-60.140915081));
#5168=CARTESIAN_POINT('',(56.127434914,25.022528929,-66.13170636));
#5169=CARTESIAN_POINT('Origin',(-4605.8585559683,-479.355609805407,-1147.80784271615));
#5170=CARTESIAN_POINT('',(57.090088802,25.143217597,-65.872888687));
#5171=CARTESIAN_POINT('Origin',(57.360174385,23.370707204,-57.843040052));
#5172=CARTESIAN_POINT('Origin',(-731.490138807,-0.05007958,-108.069079213));
#5173=CARTESIAN_POINT('',(52.8616198240789,8.71271281145164,-89.2772103584773));
#5174=CARTESIAN_POINT('Origin',(-756.141038807,-0.05007941,-108.069078848));
#5175=CARTESIAN_POINT('',(54.8617373280448,8.71271281018073,-89.2772103582532));
#5176=CARTESIAN_POINT('',(54.861737328,8.71271281,-89.277210358));
#5177=CARTESIAN_POINT('Origin',(-4710.70498957361,-489.720604074071,-1157.86652681489));
#5178=CARTESIAN_POINT('Origin',(-731.489938807,-0.05007941,-108.069078848));
#5179=CARTESIAN_POINT('',(56.7242918428335,35.0144803884335,-32.8728879727305));
#5180=CARTESIAN_POINT('Origin',(-4544.46982937573,-473.094041345831,-1122.51512471218));
#5181=CARTESIAN_POINT('',(55.7626716402503,34.8937906117211,-33.1317080289231));
#5182=CARTESIAN_POINT('',(55.76267164,34.893790611,-33.131708029));
#5183=CARTESIAN_POINT('',(54.0306568211848,37.687342473429,-27.1409167488471));
#5184=CARTESIAN_POINT('Origin',(-4548.22282181862,-473.443414600415,-1123.2645061911));
#5185=CARTESIAN_POINT('',(52.0284824981349,37.6873424810831,-27.1409167512395));
#5186=CARTESIAN_POINT('',(52.028482498,37.687342473,-27.140916749));
#5187=CARTESIAN_POINT('Origin',(-756.141038807,-0.05007941,-108.069078848));
#5188=CARTESIAN_POINT('',(57.242270676292,19.6263272772452,-65.8728886867728));
#5189=CARTESIAN_POINT('',(54.549420808,24.10086425,-56.277213219));
#5190=CARTESIAN_POINT('Origin',(-4634.64402270388,-482.313826668574,-1142.28701806042));
#5191=CARTESIAN_POINT('',(56.2789775526616,19.5056386146404,-66.1317063600395));
#5192=CARTESIAN_POINT('',(56.278977553,19.505638615,-66.13170636));
#5193=CARTESIAN_POINT('',(54.601090074,22.299190476,-60.140915081));
#5194=CARTESIAN_POINT('Origin',(-4637.85359196644,-482.563985876415,-1142.85329751189));
#5195=CARTESIAN_POINT('',(52.6003279550035,22.2991904806946,-60.1409150824023));
#5196=CARTESIAN_POINT('',(52.600327955,22.299190476,-60.140915081));
#5197=CARTESIAN_POINT('',(52.5485308602346,24.100864254912,-56.2772132204353));
#5198=CARTESIAN_POINT('Origin',(-756.141038807,-0.05007941,-108.069078848));
#5199=CARTESIAN_POINT('',(54.549420808,24.10086425,-56.277213219));
#5200=CARTESIAN_POINT('',(55.9672086052246,29.7644062609035,-44.1317082258669));
#5201=CARTESIAN_POINT('',(56.9293483049665,29.8850960184197,-43.872888210376));
#5202=CARTESIAN_POINT('',(55.967208605,29.764406261,-44.131708226));
#5203=CARTESIAN_POINT('',(54.2533128994031,32.5579581228063,-38.1409169457919));
#5204=CARTESIAN_POINT('Origin',(-4578.22810429186,-476.551373954261,-1129.93027432958));
#5205=CARTESIAN_POINT('',(52.2516900396039,32.5579581299852,-38.1409169479447));
#5206=CARTESIAN_POINT('',(52.251690039,32.557958123,-38.140916946));
#5207=CARTESIAN_POINT('',(52.1770049458384,34.3596329962639,-34.2772127440023));
#5208=CARTESIAN_POINT('Origin',(-756.141038807,-0.05007941,-108.069078848));
#5209=CARTESIAN_POINT('',(54.1788122902497,34.3596329916978,-34.2772127425985));
#5210=CARTESIAN_POINT('',(54.17881229,34.359632989,-34.277212742));
#5211=CARTESIAN_POINT('Origin',(-4574.97525353068,-476.266929473236,-1129.31940524085));
#5212=CARTESIAN_POINT('',(52.7258004845126,17.1698066662882,-71.1409141280567));
#5213=CARTESIAN_POINT('',(52.6854372945138,18.9714804405193,-67.2772122661136));
#5214=CARTESIAN_POINT('Origin',(-756.141038807,-0.05007941,-108.069078848));
#5215=CARTESIAN_POINT('',(54.6859893879643,18.9714804358101,-67.2772122647477));
#5216=CARTESIAN_POINT('',(52.685437294,18.971480437,-67.277212265));
#5217=CARTESIAN_POINT('',(57.3501739614332,14.4969434620068,-76.8728877335174));
#5218=CARTESIAN_POINT('Origin',(-4664.27255013732,-485.240072224311,-1148.56237188568));
#5219=CARTESIAN_POINT('',(56.3862468711782,14.3762548007148,-77.1317054061049));
#5220=CARTESIAN_POINT('',(57.350173961,14.496943464,-76.872887734));
#5221=CARTESIAN_POINT('',(54.7262530059188,17.1698066628614,-71.1409141270983));
#5222=CARTESIAN_POINT('Origin',(-4667.45016152676,-485.489460214961,-1149.09596075632));
#5223=CARTESIAN_POINT('',(54.726253006,17.169806663,-71.140914127));
#5224=CARTESIAN_POINT('',(56.139303696828,24.6350224473601,-55.1317072721168));
#5225=CARTESIAN_POINT('',(57.102000987,24.755713315,-54.872884873));
#5226=CARTESIAN_POINT('',(56.139303697,24.635022447,-55.131707272));
#5227=CARTESIAN_POINT('',(54.4434496449851,27.4285754212141,-49.1409136089694));
#5228=CARTESIAN_POINT('Origin',(-4608.10379101495,-479.594731376532,-1136.45726341656));
#5229=CARTESIAN_POINT('',(52.4422974624099,27.4285754267788,-49.1409136105972));
#5230=CARTESIAN_POINT('',(52.442297462,27.428575421,-49.140913609));
#5231=CARTESIAN_POINT('',(52.3790602547923,29.2302480700965,-45.2772141736772));
#5232=CARTESIAN_POINT('Origin',(-756.141038807,-0.05007941,-108.069078848));
#5233=CARTESIAN_POINT('',(54.3803685679257,29.2302480653206,-45.2772141722927));
#5234=CARTESIAN_POINT('',(54.380368568,29.230248064,-45.277214172));
#5235=CARTESIAN_POINT('Origin',(-4604.87660549489,-479.322952619846,-1135.87306798897));
#5236=CARTESIAN_POINT('',(56.4611245314682,9.24686876351397,-88.1317092210794));
#5237=CARTESIAN_POINT('',(57.4257238253861,9.36755742625778,-87.8728915480835));
#5238=CARTESIAN_POINT('',(56.461124531,9.246868764,-88.131709221));
#5239=CARTESIAN_POINT('',(54.8189535691728,12.0404206254635,-82.1409179421168));
#5240=CARTESIAN_POINT('Origin',(-4696.90737377399,-488.337517038644,-1155.20624338746));
#5241=CARTESIAN_POINT('',(52.8187302844574,12.0404206284127,-82.1409179427106));
#5242=CARTESIAN_POINT('',(52.818730284,12.040420626,-82.140917942));
#5243=CARTESIAN_POINT('',(52.7897960884817,13.8420966254316,-78.277211312802));
#5244=CARTESIAN_POINT('Origin',(-756.141038807,-0.05007941,-108.069078848));
#5245=CARTESIAN_POINT('',(54.7900907303491,13.8420966222371,-78.2772113121606));
#5246=CARTESIAN_POINT('',(54.79009073,13.842096623,-78.277211312));
#5247=CARTESIAN_POINT('Origin',(-4693.75737396692,-488.101130532,-1154.69769678643));
#5248=CARTESIAN_POINT('Origin',(57.360174385,42.249920266,-79.253306711));
#5249=CARTESIAN_POINT('',(53.1705203896402,42.2499201905053,-92.843010715));
#5250=CARTESIAN_POINT('',(54.211031437,42.249920128,-92.843010715));
#5251=CARTESIAN_POINT('',(53.1705203790001,42.2499202793897,-65.863571688));
#5252=CARTESIAN_POINT('',(53.80525536708,42.2499201289805,-60.140915080958));
#5253=CARTESIAN_POINT('',(55.340723979,42.249920128,-65.863571686));
#5254=CARTESIAN_POINT('',(51.8025224739841,42.249920128742,-60.140915081));
#5255=CARTESIAN_POINT('',(53.805255367,42.249920128,-60.140915081));
#5256=CARTESIAN_POINT('',(51.802522468506,42.2499201286091,-56.277213219));
#5257=CARTESIAN_POINT('',(51.802522471,42.249920128,-60.140915081));
#5258=CARTESIAN_POINT('',(53.8052553513007,42.2499202084526,-56.2772132197014));
#5259=CARTESIAN_POINT('',(51.802522466,42.249920128,-56.277213219));
#5260=CARTESIAN_POINT('',(56.3799019423615,42.2499202039927,-65.8728886874884));
#5261=CARTESIAN_POINT('Ctrl Pts',(53.8052553481575,42.2499202889761,-56.2772132211042));
#5262=CARTESIAN_POINT('Ctrl Pts',(54.2343648386261,42.2499202873768,-57.8764920025491));
#5263=CARTESIAN_POINT('Ctrl Pts',(54.6634734637996,42.2499202857775,-59.4757710161654));
#5264=CARTESIAN_POINT('Ctrl Pts',(55.52168899178,42.249920282579,-62.6743295055311));
#5265=CARTESIAN_POINT('Ctrl Pts',(55.950795894587,42.2499202809797,-64.273608981281));
#5266=CARTESIAN_POINT('Ctrl Pts',(56.3799019402965,42.2499202793804,-65.8728886870004));
#5267=CARTESIAN_POINT('',(56.3753479259718,42.2499201481296,-65.8741072775543));
#5268=CARTESIAN_POINT('',(56.379901948,42.249920128,-65.872888687));
#5269=CARTESIAN_POINT('',(56.375347918,42.249920279,-65.87410728));
#5270=CARTESIAN_POINT('Origin',(57.360174385,42.249920317,-26.115243007));
#5271=CARTESIAN_POINT('',(53.1705203655931,42.249920320032,-23.043038371));
#5272=CARTESIAN_POINT('',(56.3753479165159,42.2499203100326,-32.8741065762104));
#5273=CARTESIAN_POINT('',(56.3753479158243,42.2499203200443,-23.043038371));
#5274=CARTESIAN_POINT('',(55.4126680578081,42.2499202189125,-33.1317080288937));
#5275=CARTESIAN_POINT('',(56.375347926,42.2499203102411,-32.874106575));
#5276=CARTESIAN_POINT('',(55.4126680597279,42.2499201280379,-33.1317080288047));
#5277=CARTESIAN_POINT('Origin',(-731.489938807,-0.05007941,-64.277210715));
#5278=CARTESIAN_POINT('Origin',(-731.438146637466,-0.0500865334416378,-39.270807725942));
#5279=CARTESIAN_POINT('Ctrl Pts',(55.506443738,40.410681424,-33.131708029));
#5280=CARTESIAN_POINT('Ctrl Pts',(55.475879723,41.023799054,-33.131708029));
#5281=CARTESIAN_POINT('Ctrl Pts',(55.444621144,41.636878885,-33.131708029));
#5282=CARTESIAN_POINT('Ctrl Pts',(55.412668059,42.249920128,-33.131708029));
#5283=CARTESIAN_POINT('Ctrl Pts',(56.46936634,40.458623787,-32.873372672));
#5284=CARTESIAN_POINT('Ctrl Pts',(56.438766109,41.072468809,-32.873372672));
#5285=CARTESIAN_POINT('Ctrl Pts',(56.40747049,41.686275985,-32.873372672));
#5286=CARTESIAN_POINT('Ctrl Pts',(56.375479542,42.300044528,-32.873372672));
#5287=CARTESIAN_POINT('Origin',(-756.141038807,-0.05007941,-33.131708029));
#5288=CARTESIAN_POINT('Ctrl Pts',(54.4508881048757,40.3581270109724,-29.1874452867862));
#5289=CARTESIAN_POINT('Ctrl Pts',(54.4194503485039,40.9887709832754,-29.1874452867862));
#5290=CARTESIAN_POINT('Ctrl Pts',(54.3872767942117,41.619374894815,-29.1874452867862));
#5291=CARTESIAN_POINT('Ctrl Pts',(54.3543675080009,42.249937886567,-29.1874452867861));
#5292=CARTESIAN_POINT('Ctrl Pts',(55.506444395265,40.4106814567242,-33.1317104849823));
#5293=CARTESIAN_POINT('Ctrl Pts',(55.4749657514483,41.0421466559641,-33.1317104849823));
#5294=CARTESIAN_POINT('Ctrl Pts',(55.4427503516916,41.6735717424396,-33.1317104849823));
#5295=CARTESIAN_POINT('Ctrl Pts',(55.409798261997,42.3049558561264,-33.1317104849823));
#5296=CARTESIAN_POINT('Ctrl Pts',(54.166015816,-34.759828105,-82.140917942));
#5297=CARTESIAN_POINT('Ctrl Pts',(54.450401472,-28.120779632,-82.140917942));
#5298=CARTESIAN_POINT('Ctrl Pts',(54.653178783,-21.4786886,-82.140917942));
#5299=CARTESIAN_POINT('Ctrl Pts',(54.774313505,-14.834558078,-82.140917942));
#5300=CARTESIAN_POINT('Ctrl Pts',(55.769770273,-34.828624622,-88.131709221));
#5301=CARTESIAN_POINT('Ctrl Pts',(56.054719597,-28.176436188,-88.131709221));
#5302=CARTESIAN_POINT('Ctrl Pts',(56.257899056,-21.521199162,-88.131709221));
#5303=CARTESIAN_POINT('Ctrl Pts',(56.37927434,-14.8639186,-88.131709221));
#5304=CARTESIAN_POINT('Origin',(-756.141038550357,-0.0500794162057883,-88.1317059840709));
#5305=CARTESIAN_POINT('Origin',(-756.141038807,-0.05007941,-82.140917942));
#5306=CARTESIAN_POINT('Origin',(52.733047421,-43.683798483,-82.140917942));
#5307=CARTESIAN_POINT('Origin',(-756.141038807,-0.05007941,-82.140917942));
#5308=CARTESIAN_POINT('Origin',(-756.141038807,-0.05007941,-93.277210715));
#5309=CARTESIAN_POINT('Origin',(-756.141038807,-0.05007941,-78.277211312));
#5310=CARTESIAN_POINT('Origin',(52.733047416,-43.683798483,-78.277211312));
#5311=CARTESIAN_POINT('Origin',(-756.141038807,-0.05007941,-78.277211312));
#5312=CARTESIAN_POINT('Origin',(-756.141038807,-0.05007941,-93.277210715));
#5313=CARTESIAN_POINT('Origin',(-756.141038807,-0.05007941,-89.277210358));
#5314=CARTESIAN_POINT('Ctrl Pts',(55.202908039,-31.467071757,-92.643041693));
#5315=CARTESIAN_POINT('Ctrl Pts',(55.444283129,-25.23355914,-92.643041693));
#5316=CARTESIAN_POINT('Ctrl Pts',(55.613807872,-18.997675705,-92.643041693));
#5317=CARTESIAN_POINT('Ctrl Pts',(55.711459536,-12.760249603,-92.643041693));
#5318=CARTESIAN_POINT('Ctrl Pts',(54.301714852,-31.432119941,-89.277210358));
#5319=CARTESIAN_POINT('Ctrl Pts',(54.542821409,-25.205531143,-89.277210358));
#5320=CARTESIAN_POINT('Ctrl Pts',(54.712157426,-18.976574166,-89.277210358));
#5321=CARTESIAN_POINT('Ctrl Pts',(54.809700197,-12.746076241,-89.277210358));
#5322=CARTESIAN_POINT('Origin',(-756.141038807,-0.05007941,-89.277210358));
#5323=CARTESIAN_POINT('Origin',(52.73303544,-43.684020605,-89.277210358));
#5324=CARTESIAN_POINT('Ctrl Pts',(55.884075598,-32.048871301,-88.131709221));
#5325=CARTESIAN_POINT('Ctrl Pts',(56.1097314848262,-26.3224598904918,-88.131709221));
#5326=CARTESIAN_POINT('Ctrl Pts',(56.2748036704635,-20.5939628268228,-88.131709221));
#5327=CARTESIAN_POINT('Ctrl Pts',(56.3792724715454,-14.8640210374851,-88.131709221));
#5328=CARTESIAN_POINT('Ctrl Pts',(56.8492514698169,-32.0869647462909,-87.8728907307071));
#5329=CARTESIAN_POINT('Ctrl Pts',(57.0751759926554,-26.3537469034587,-87.8728907307071));
#5330=CARTESIAN_POINT('Ctrl Pts',(57.2404448029175,-20.618440924422,-87.8728907307071));
#5331=CARTESIAN_POINT('Ctrl Pts',(57.3450381972359,-14.8816884966937,-87.8728907307071));
#5332=CARTESIAN_POINT('Origin',(-756.141037134774,-0.0500794336749788,-87.8728915442647));
#5333=CARTESIAN_POINT('Ctrl Pts',(56.655373475,-36.677409719,-87.872891548));
#5334=CARTESIAN_POINT('Ctrl Pts',(56.9810710962302,-29.4498597974934,-87.872891548));
#5335=CARTESIAN_POINT('Ctrl Pts',(57.2103456745941,-22.2185319496501,-87.872891548));
#5336=CARTESIAN_POINT('Ctrl Pts',(57.3431502714028,-14.9847124434414,-87.872891548));
#5337=CARTESIAN_POINT('Ctrl Pts',(54.0868254066549,-36.5615039162823,-78.2771806207008));
#5338=CARTESIAN_POINT('Ctrl Pts',(54.4114923709203,-29.3567940426005,-78.2771806207008));
#5339=CARTESIAN_POINT('Ctrl Pts',(54.6400410002375,-22.1483182007575,-78.2771806207008));
#5340=CARTESIAN_POINT('Ctrl Pts',(54.7724245089202,-14.9373585936325,-78.2771806207008));
#5341=CARTESIAN_POINT('Origin',(-731.489938807,-0.05007941,-64.277210715));
#5342=CARTESIAN_POINT('Ctrl Pts',(55.7635548095883,-8.82267238921286,-92.6430417661091));
#5343=CARTESIAN_POINT('Ctrl Pts',(55.7953297365891,-5.88189883814191,-92.6430417661091));
#5344=CARTESIAN_POINT('Ctrl Pts',(55.8111262105895,-2.94105342507096,-92.6430417661091));
#5345=CARTESIAN_POINT('Ctrl Pts',(55.8109456345896,-0.000222967000005387,
-92.6430417661091));
#5346=CARTESIAN_POINT('Ctrl Pts',(54.861737317,-8.812872663,-89.277210358));
#5347=CARTESIAN_POINT('Ctrl Pts',(54.893476749,-5.875365556,-89.277210358));
#5348=CARTESIAN_POINT('Ctrl Pts',(54.909255475,-2.937786668,-89.277210358));
#5349=CARTESIAN_POINT('Ctrl Pts',(54.909074898,-0.000222719,-89.277210358));
#5350=CARTESIAN_POINT('',(54.9090748995488,-0.00022284329787748,-89.2772103575381));
#5351=CARTESIAN_POINT('Origin',(-756.141038807,-0.05007941,-89.277210358));
#5352=CARTESIAN_POINT('',(55.810945615,-0.000222967,-92.643041693));
#5353=CARTESIAN_POINT('Ctrl Pts',(57.119429521,-24.277745002,-65.872888687));
#5354=CARTESIAN_POINT('Ctrl Pts',(57.360458676,-16.187015743,-65.872888687));
#5355=CARTESIAN_POINT('Ctrl Pts',(57.480726688,-8.093833298,-65.872888687));
#5356=CARTESIAN_POINT('Ctrl Pts',(57.480228502,0.,-65.872888687));
#5357=CARTESIAN_POINT('Ctrl Pts',(54.549420777,-24.201024103,-56.277213219));
#5358=CARTESIAN_POINT('Ctrl Pts',(54.789686673,-16.135862599,-56.277213219));
#5359=CARTESIAN_POINT('Ctrl Pts',(54.909573047,-8.068255686,-56.277213219));
#5360=CARTESIAN_POINT('Ctrl Pts',(54.909074862,0.,-56.277213219));
#5361=CARTESIAN_POINT('',(54.909074849109,0.000223072336842571,-56.2772132205928));
#5362=CARTESIAN_POINT('Ctrl Pts',(54.5494207770076,-24.2010241030002,-56.2772132190283));
#5363=CARTESIAN_POINT('Ctrl Pts',(54.6695473294846,-20.1686580336756,-56.2772132190283));
#5364=CARTESIAN_POINT('Ctrl Pts',(54.7595867884815,-16.1354518177744,-56.277213219));
#5365=CARTESIAN_POINT('Ctrl Pts',(54.8794732359186,-8.06825118264164,-56.277213219));
#5366=CARTESIAN_POINT('Ctrl Pts',(54.9093218172965,-4.03436907248478,-56.277213219));
#5367=CARTESIAN_POINT('Ctrl Pts',(54.9090748797722,-0.000288448717337807,
-56.277213219));
#5368=CARTESIAN_POINT('Ctrl Pts',(54.9090748709055,-0.000144226707025642,
-56.277213219));
#5369=CARTESIAN_POINT('Ctrl Pts',(54.909074862,0.,-56.277213219));
#5370=CARTESIAN_POINT('',(57.480228488,0.000223424999999548,-65.872888687));
#5371=CARTESIAN_POINT('Ctrl Pts',(57.2422706509997,-19.7264871305843,-65.872888687));
#5372=CARTESIAN_POINT('Ctrl Pts',(57.3217895772622,-16.4393338966525,-65.8728886869939));
#5373=CARTESIAN_POINT('Ctrl Pts',(57.381381049041,-13.151728817678,-65.8728886869692));
#5374=CARTESIAN_POINT('Ctrl Pts',(57.4607016159099,-6.5760518719173,-65.872888686941));
#5375=CARTESIAN_POINT('Ctrl Pts',(57.4804308851626,-3.28804042576267,-65.8728886869415));
#5376=CARTESIAN_POINT('Ctrl Pts',(57.480228502,0.,-65.872888687));
#5377=CARTESIAN_POINT('',(57.480228488,0.000223425,-65.872888687));
#5378=CARTESIAN_POINT('Ctrl Pts',(54.601090046,-22.399350331,-60.140915081));
#5379=CARTESIAN_POINT('Ctrl Pts',(54.806874072,-14.934329205,-60.140915081));
#5380=CARTESIAN_POINT('Ctrl Pts',(54.909535958,-7.46740428,-60.140915081));
#5381=CARTESIAN_POINT('Ctrl Pts',(54.909074872,0.,-60.140915081));
#5382=CARTESIAN_POINT('Ctrl Pts',(56.205707112,-22.44368306,-66.13170636));
#5383=CARTESIAN_POINT('Ctrl Pts',(56.411899338,-14.963887198,-66.13170636));
#5384=CARTESIAN_POINT('Ctrl Pts',(56.514765324,-7.482183758,-66.13170636));
#5385=CARTESIAN_POINT('Ctrl Pts',(56.514304239,0.,-66.13170636));
#5386=CARTESIAN_POINT('',(56.5143042245872,0.000223159350799651,-66.1317063601106));
#5387=CARTESIAN_POINT('Ctrl Pts',(56.278977527941,-19.60579846743,-66.1317063599658));
#5388=CARTESIAN_POINT('Ctrl Pts',(56.3576184782675,-16.3387499879458,-66.1317063599469));
#5389=CARTESIAN_POINT('Ctrl Pts',(56.4165516549013,-13.0712568592942,-66.1317063599668));
#5390=CARTESIAN_POINT('Ctrl Pts',(56.4949951351781,-6.53581235054513,-66.1317063599945));
#5391=CARTESIAN_POINT('Ctrl Pts',(56.5145056225998,-3.26792043069319,-66.131706360004));
#5392=CARTESIAN_POINT('Ctrl Pts',(56.514304239,0.,-66.13170636));
#5393=CARTESIAN_POINT('',(54.909074859421,0.000222939175451828,-60.140915082619));
#5394=CARTESIAN_POINT('Ctrl Pts',(54.601090046,-22.399350331,-60.140915081));
#5395=CARTESIAN_POINT('Ctrl Pts',(54.703977102651,-18.6670195645099,-60.140915081));
#5396=CARTESIAN_POINT('Ctrl Pts',(54.7810897078217,-14.9340228144939,-60.140915081));
#5397=CARTESIAN_POINT('Ctrl Pts',(54.8837521394695,-7.46743821364118,-60.140915081));
#5398=CARTESIAN_POINT('Ctrl Pts',(54.9093035989158,-3.73393940703478,-60.140915081));
#5399=CARTESIAN_POINT('Ctrl Pts',(54.9090748883361,-0.000265093437923843,
-60.140915081));
#5400=CARTESIAN_POINT('Ctrl Pts',(54.9090748801843,-0.000132546717645811,
-60.140915081));
#5401=CARTESIAN_POINT('Ctrl Pts',(54.909074872,0.,-60.140915081));
#5402=CARTESIAN_POINT('',(54.909074859,0.000222719,-60.140915081));
#5403=CARTESIAN_POINT('Ctrl Pts',(56.276630331,-19.70306803,-66.13170636));
#5404=CARTESIAN_POINT('Ctrl Pts',(56.435485268,-13.136303026,-66.13170636));
#5405=CARTESIAN_POINT('Ctrl Pts',(56.514709006,-6.568291819,-66.13170636));
#5406=CARTESIAN_POINT('Ctrl Pts',(56.514304239,0.,-66.13170636));
#5407=CARTESIAN_POINT('Ctrl Pts',(57.2422706512183,-19.7264871310053,-65.8728886869415));
#5408=CARTESIAN_POINT('Ctrl Pts',(57.4013148852183,-13.1519168640035,-65.8728886869415));
#5409=CARTESIAN_POINT('Ctrl Pts',(57.4806332692183,-6.57609890800176,-65.8728886869415));
#5410=CARTESIAN_POINT('Ctrl Pts',(57.4802285022183,0.,-65.8728886869415));
#5411=CARTESIAN_POINT('',(56.514304225,0.00022316,-66.13170636));
#5412=CARTESIAN_POINT('Ctrl Pts',(57.360864426,-13.986455551,-87.872891548));
#5413=CARTESIAN_POINT('Ctrl Pts',(57.440728586,-9.324580356,-87.872891548));
#5414=CARTESIAN_POINT('Ctrl Pts',(57.480515485,-4.662313662,-87.872891548));
#5415=CARTESIAN_POINT('Ctrl Pts',(57.480228513,0.,-87.872891548));
#5416=CARTESIAN_POINT('Ctrl Pts',(54.790090713,-13.942256476,-78.277211312));
#5417=CARTESIAN_POINT('Ctrl Pts',(54.869701584,-9.295113424,-78.277211312));
#5418=CARTESIAN_POINT('Ctrl Pts',(54.909361844,-4.647580118,-78.277211312));
#5419=CARTESIAN_POINT('Ctrl Pts',(54.909074873,0.,-78.277211312));
#5420=CARTESIAN_POINT('',(54.9090748607693,0.000223072336668381,-78.2772113134441));
#5421=CARTESIAN_POINT('Ctrl Pts',(54.790090713,-13.942256476,-78.277211312));
#5422=CARTESIAN_POINT('Ctrl Pts',(54.8298953082322,-11.61873399914,-78.277211312));
#5423=CARTESIAN_POINT('Ctrl Pts',(54.859713501948,-9.29505117690628,-78.277211312));
#5424=CARTESIAN_POINT('Ctrl Pts',(54.8993743330511,-4.64762256986005,-78.277211312));
#5425=CARTESIAN_POINT('Ctrl Pts',(54.9092178957902,-2.32389825498859,-78.277211312));
#5426=CARTESIAN_POINT('Ctrl Pts',(54.9090748797301,-0.000109084113836812,
-78.277211312));
#5427=CARTESIAN_POINT('Ctrl Pts',(54.9090748763678,-5.45419563151855E-5,
-78.277211312));
#5428=CARTESIAN_POINT('Ctrl Pts',(54.909074873,2.22044604925031E-15,-78.277211312));
#5429=CARTESIAN_POINT('',(57.4802285,0.000223425,-87.872891548));
#5430=CARTESIAN_POINT('Ctrl Pts',(57.4257238134185,-9.46771728000487,-87.8728915478879));
#5431=CARTESIAN_POINT('Ctrl Pts',(57.4439894127817,-7.88979671339785,-87.872891547944));
#5432=CARTESIAN_POINT('Ctrl Pts',(57.4576643853069,-6.31182634616073,-87.8728915479789));
#5433=CARTESIAN_POINT('Ctrl Pts',(57.4758323005612,-3.15590055129516,-87.8728915480139));
#5434=CARTESIAN_POINT('Ctrl Pts',(57.480325638169,-1.57795180365963,-87.872891548014));
#5435=CARTESIAN_POINT('Ctrl Pts',(57.480228513,2.22044604925031E-15,-87.872891548));
#5436=CARTESIAN_POINT('',(57.4802285,0.000223425,-87.872891548));
#5437=CARTESIAN_POINT('Ctrl Pts',(54.818953554,-12.140580481,-82.140917942));
#5438=CARTESIAN_POINT('Ctrl Pts',(54.879285237,-8.093884555,-82.140917942));
#5439=CARTESIAN_POINT('Ctrl Pts',(54.909324768,-4.04694881,-82.140917942));
#5440=CARTESIAN_POINT('Ctrl Pts',(54.909074884,0.,-82.140917942));
#5441=CARTESIAN_POINT('Ctrl Pts',(56.424003068,-12.164609091,-88.131709221));
#5442=CARTESIAN_POINT('Ctrl Pts',(56.484454655,-8.109903958,-88.131709221));
#5443=CARTESIAN_POINT('Ctrl Pts',(56.514554135,-4.054958526,-88.131709221));
#5444=CARTESIAN_POINT('Ctrl Pts',(56.51430425,0.,-88.131709221));
#5445=CARTESIAN_POINT('',(56.5143042366328,0.000223158823936883,-88.1317092210247));
#5446=CARTESIAN_POINT('Origin',(-756.141038807,-0.05007941,-88.131709221));
#5447=CARTESIAN_POINT('',(54.9090748704549,0.000222939175422277,-82.1409179437494));
#5448=CARTESIAN_POINT('Ctrl Pts',(54.818953554,-12.140580481,-82.140917942));
#5449=CARTESIAN_POINT('Ctrl Pts',(54.8491189694558,-10.1172610945526,-82.140917942));
#5450=CARTESIAN_POINT('Ctrl Pts',(54.8717121030308,-8.0938359002328,-82.140917942));
#5451=CARTESIAN_POINT('Ctrl Pts',(54.901752033632,-4.04696987243982,-82.140917942));
#5452=CARTESIAN_POINT('Ctrl Pts',(54.9091995559619,-2.02354321465874,-82.140917942));
#5453=CARTESIAN_POINT('Ctrl Pts',(54.9090748885253,-7.33282201416013E-5,
-82.140917942));
#5454=CARTESIAN_POINT('Ctrl Pts',(54.9090748862672,-3.67173240477129E-5,
-82.140917942));
#5455=CARTESIAN_POINT('Ctrl Pts',(54.909074884,0.,-82.140917942));
#5456=CARTESIAN_POINT('',(54.90907487,0.000222719,-82.140917942));
#5457=CARTESIAN_POINT('Ctrl Pts',(56.45986495,-9.456477291,-88.131709221));
#5458=CARTESIAN_POINT('Ctrl Pts',(56.496352616,-6.304376887,-88.131709221));
#5459=CARTESIAN_POINT('Ctrl Pts',(56.514498502,-3.152182214,-88.131709221));
#5460=CARTESIAN_POINT('Ctrl Pts',(56.51430425,0.,-88.131709221));
#5461=CARTESIAN_POINT('Ctrl Pts',(57.425723813209,-9.46771728000243,-87.872891547944));
#5462=CARTESIAN_POINT('Ctrl Pts',(57.462255080209,-6.31187028500162,-87.872891547944));
#5463=CARTESIAN_POINT('Ctrl Pts',(57.480422765209,-3.15592890600081,-87.872891547944));
#5464=CARTESIAN_POINT('Ctrl Pts',(57.480228513209,0.,-87.872891547944));
#5465=CARTESIAN_POINT('',(56.514304236,0.00022316,-88.131709221));
#5466=CARTESIAN_POINT('Ctrl Pts',(54.030656773,-37.787502328,-27.140916749));
#5467=CARTESIAN_POINT('Ctrl Pts',(54.617002292,-25.199452947,-27.140916749));
#5468=CARTESIAN_POINT('Ctrl Pts',(54.90985296,-12.601338199,-27.140916749));
#5469=CARTESIAN_POINT('Ctrl Pts',(54.909074873,0.,-27.140916749));
#5470=CARTESIAN_POINT('Ctrl Pts',(55.634142958,-37.862291197,-33.131708029));
#5471=CARTESIAN_POINT('Ctrl Pts',(56.221650509,-25.249327637,-33.131708029));
#5472=CARTESIAN_POINT('Ctrl Pts',(56.515082326,-12.626278752,-33.131708029));
#5473=CARTESIAN_POINT('Ctrl Pts',(56.514304239,0.,-33.131708029));
#5474=CARTESIAN_POINT('',(56.514304239,0.,-33.131708029));
#5475=CARTESIAN_POINT('Origin',(-756.141038807,-0.05007941,-33.131708029));
#5476=CARTESIAN_POINT('',(54.909074873,0.,-27.140916749));
#5477=CARTESIAN_POINT('Origin',(-756.141038807,-0.05007941,-27.140916749));
#5478=CARTESIAN_POINT('',(54.909074873,0.,-27.140916749));
#5479=CARTESIAN_POINT('Ctrl Pts',(56.507311601,-39.827305367,-32.872887972));
#5480=CARTESIAN_POINT('Ctrl Pts',(57.156682201,-26.560670143,-32.872887972));
#5481=CARTESIAN_POINT('Ctrl Pts',(57.481046041,-13.2822481,-32.872887972));
#5482=CARTESIAN_POINT('Ctrl Pts',(57.480228502,0.,-32.872887972));
#5483=CARTESIAN_POINT('Ctrl Pts',(53.876568561,-39.698374367,-23.043037837));
#5484=CARTESIAN_POINT('Ctrl Pts',(54.523834339,-26.474686511,-23.043037837));
#5485=CARTESIAN_POINT('Ctrl Pts',(54.847145484,-13.239250059,-23.043037837));
#5486=CARTESIAN_POINT('Ctrl Pts',(54.846327945,0.,-23.043037837));
#5487=CARTESIAN_POINT('',(57.480228502,0.,-32.872887972));
#5488=CARTESIAN_POINT('Origin',(-756.141038807,-0.05007941,-32.872887972));
#5489=CARTESIAN_POINT('',(57.480228502,0.,-32.872887972));
#5490=CARTESIAN_POINT('Ctrl Pts',(55.759267543,-35.072952492,-33.131708029));
#5491=CARTESIAN_POINT('Ctrl Pts',(56.263316752,-23.388082821,-33.131708029));
#5492=CARTESIAN_POINT('Ctrl Pts',(56.515024954,-11.695282421,-33.131708029));
#5493=CARTESIAN_POINT('Ctrl Pts',(56.514304239,0.,-33.131708029));
#5494=CARTESIAN_POINT('Ctrl Pts',(56.724291798,-35.114640239,-32.872887972));
#5495=CARTESIAN_POINT('Ctrl Pts',(57.228940977,-23.415881939,-32.872887972));
#5496=CARTESIAN_POINT('Ctrl Pts',(57.480949217,-11.709183464,-32.872887972));
#5497=CARTESIAN_POINT('Ctrl Pts',(57.480228502,0.,-32.872887972));
#5498=CARTESIAN_POINT('',(56.514304239,0.,-33.131708029));
#5499=CARTESIAN_POINT('Ctrl Pts',(56.949840349,-29.423389718,-54.872884873));
#5500=CARTESIAN_POINT('Ctrl Pts',(57.304026513,-19.619062731,-54.872884873));
#5501=CARTESIAN_POINT('Ctrl Pts',(57.480832332,-9.810196543,-54.872884873));
#5502=CARTESIAN_POINT('Ctrl Pts',(57.480228502,0.,-54.872884873));
#5503=CARTESIAN_POINT('Ctrl Pts',(54.38036853,-29.330407917,-45.277214172));
#5504=CARTESIAN_POINT('Ctrl Pts',(54.73343351,-19.557063864,-45.277214172));
#5505=CARTESIAN_POINT('Ctrl Pts',(54.909678691,-9.77919499,-45.277214172));
#5506=CARTESIAN_POINT('Ctrl Pts',(54.909074861,0.,-45.277214172));
#5507=CARTESIAN_POINT('',(54.909074861,0.,-45.277214172));
#5508=CARTESIAN_POINT('Origin',(-756.141038807,-0.05007941,-45.277214172));
#5509=CARTESIAN_POINT('',(57.480228502,0.,-54.872884873));
#5510=CARTESIAN_POINT('Origin',(-756.141038807,-0.05007941,-54.872884873));
#5511=CARTESIAN_POINT('',(57.480228502,0.,-54.872884873));
#5512=CARTESIAN_POINT('Ctrl Pts',(54.44344961,-27.528735276,-49.140913609));
#5513=CARTESIAN_POINT('Ctrl Pts',(54.754427073,-18.355305943,-49.140913609));
#5514=CARTESIAN_POINT('Ctrl Pts',(54.909641581,-9.178179324,-49.140913609));
#5515=CARTESIAN_POINT('Ctrl Pts',(54.909074862,0.,-49.140913609));
#5516=CARTESIAN_POINT('Ctrl Pts',(56.047754047,-27.583220057,-55.131707272));
#5517=CARTESIAN_POINT('Ctrl Pts',(56.359348117,-18.391634722,-55.131707272));
#5518=CARTESIAN_POINT('Ctrl Pts',(56.514870948,-9.196344765,-55.131707272));
#5519=CARTESIAN_POINT('Ctrl Pts',(56.514304228,0.,-55.131707272));
#5520=CARTESIAN_POINT('',(56.5143042287976,2.90522814139216E-14,-55.1317072719126));
#5521=CARTESIAN_POINT('Origin',(-756.141038807,-0.05007941,-55.131707272));
#5522=CARTESIAN_POINT('',(54.909074862,0.,-49.140913609));
#5523=CARTESIAN_POINT('Origin',(-756.141038807,-0.05007941,-49.140913609));
#5524=CARTESIAN_POINT('',(54.909074862,0.,-49.140913609));
#5525=CARTESIAN_POINT('Ctrl Pts',(56.136527526,-24.826364514,-55.131707272));
#5526=CARTESIAN_POINT('Ctrl Pts',(56.38888645,-16.55290899,-55.131707272));
#5527=CARTESIAN_POINT('Ctrl Pts',(56.514814282,-8.276810182,-55.131707272));
#5528=CARTESIAN_POINT('Ctrl Pts',(56.514304228,0.,-55.131707272));
#5529=CARTESIAN_POINT('Ctrl Pts',(57.102000955,-24.855873168,-54.872884873));
#5530=CARTESIAN_POINT('Ctrl Pts',(57.35466044,-16.572583812,-54.872884873));
#5531=CARTESIAN_POINT('Ctrl Pts',(57.480738556,-8.28664802,-54.872884873));
#5532=CARTESIAN_POINT('Ctrl Pts',(57.480228502,0.,-54.872884873));
#5533=CARTESIAN_POINT('',(56.514304228,0.,-55.131707272));
#5534=CARTESIAN_POINT('Ctrl Pts',(56.747644097,-34.569035544,-43.87288821));
#5535=CARTESIAN_POINT('Ctrl Pts',(57.236716381,-23.05184703,-43.87288821));
#5536=CARTESIAN_POINT('Ctrl Pts',(57.48093801,-11.527100268,-43.87288821));
#5537=CARTESIAN_POINT('Ctrl Pts',(57.480228502,0.,-43.87288821));
#5538=CARTESIAN_POINT('Ctrl Pts',(54.178812246,-34.459792842,-34.277212742));
#5539=CARTESIAN_POINT('Ctrl Pts',(54.666336756,-22.979000112,-34.277212742));
#5540=CARTESIAN_POINT('Ctrl Pts',(54.909784369,-11.490673066,-34.277212742));
#5541=CARTESIAN_POINT('Ctrl Pts',(54.909074861,0.,-34.277212742));
#5542=CARTESIAN_POINT('',(54.9090748490707,0.000223072336867236,-34.2772127434438));
#5543=CARTESIAN_POINT('Ctrl Pts',(54.178812246,-34.459792842,-34.277212742));
#5544=CARTESIAN_POINT('Ctrl Pts',(54.4225550806829,-28.719853809157,-34.277212742));
#5545=CARTESIAN_POINT('Ctrl Pts',(54.6053023407127,-22.9774869363508,-34.277212742));
#5546=CARTESIAN_POINT('Ctrl Pts',(54.848739329049,-11.4900542249077,-34.277212742));
#5547=CARTESIAN_POINT('Ctrl Pts',(54.9094266897441,-5.74531269080746,-34.277212742));
#5548=CARTESIAN_POINT('Ctrl Pts',(54.9090748779562,-0.000275177470399532,
-34.277212742));
#5549=CARTESIAN_POINT('Ctrl Pts',(54.9090748694962,-0.000137597544352075,
-34.277212742));
#5550=CARTESIAN_POINT('Ctrl Pts',(54.909074861,-4.42354486374086E-15,-34.277212742));
#5551=CARTESIAN_POINT('',(57.480228488105,0.000223425000000029,-43.8728882103919));
#5552=CARTESIAN_POINT('Ctrl Pts',(56.9293482666146,-29.9852558711884,-43.87288821));
#5553=CARTESIAN_POINT('Ctrl Pts',(57.1132645640113,-24.9898988075963,-43.8728882099575));
#5554=CARTESIAN_POINT('Ctrl Pts',(57.2511411043169,-19.992952882131,-43.8728882100067));
#5555=CARTESIAN_POINT('Ctrl Pts',(57.4347781737767,-9.99723089969355,-43.8728882099933));
#5556=CARTESIAN_POINT('Ctrl Pts',(57.4805361764611,-4.99866709822984,-43.8728882100218));
#5557=CARTESIAN_POINT('Ctrl Pts',(57.480228502,-4.44089209850063E-15,-43.87288821));
#5558=CARTESIAN_POINT('',(57.480228488,0.000223425,-43.87288821));
#5559=CARTESIAN_POINT('Ctrl Pts',(54.253312857,-32.658117978,-38.140916946));
#5560=CARTESIAN_POINT('Ctrl Pts',(54.691140423,-21.776967138,-38.140916946));
#5561=CARTESIAN_POINT('Ctrl Pts',(54.909747246,-10.889455789,-38.140916946));
#5562=CARTESIAN_POINT('Ctrl Pts',(54.909074861,0.,-38.140916946));
#5563=CARTESIAN_POINT('Ctrl Pts',(55.85724035,-32.722754803,-44.131708226));
#5564=CARTESIAN_POINT('Ctrl Pts',(56.295935793,-21.820068058,-44.131708226));
#5565=CARTESIAN_POINT('Ctrl Pts',(56.514976612,-10.911008186,-44.131708226));
#5566=CARTESIAN_POINT('Ctrl Pts',(56.514304228,0.,-44.131708226));
#5567=CARTESIAN_POINT('',(56.5143042129096,0.000223159350799906,-44.1317082263136));
#5568=CARTESIAN_POINT('Ctrl Pts',(55.9672085675436,-29.8645661141829,-44.131708226));
#5569=CARTESIAN_POINT('Ctrl Pts',(56.1498627036675,-24.8893025142198,-44.1317082259306));
#5570=CARTESIAN_POINT('Ctrl Pts',(56.2867926354141,-19.9124654460738,-44.1317082259621));
#5571=CARTESIAN_POINT('Ctrl Pts',(56.4691680389485,-9.95697954493677,-44.1317082259885));
#5572=CARTESIAN_POINT('Ctrl Pts',(56.5146110274473,-4.9785409138495,-44.1317082260091));
#5573=CARTESIAN_POINT('Ctrl Pts',(56.514304228,-4.44956571588051E-15,-44.131708226));
#5574=CARTESIAN_POINT('',(54.909074847461,0.000222939175445818,-38.140916947772));
#5575=CARTESIAN_POINT('Ctrl Pts',(54.253312857,-32.658117978,-38.140916946));
#5576=CARTESIAN_POINT('Ctrl Pts',(54.4722101610638,-27.2179521023146,-38.140916946));
#5577=CARTESIAN_POINT('Ctrl Pts',(54.6363222809639,-21.7757199477888,-38.140916946));
#5578=CARTESIAN_POINT('Ctrl Pts',(54.854921725617,-10.8890029814971,-38.140916946));
#5579=CARTESIAN_POINT('Ctrl Pts',(54.9094080313388,-5.4447942138269,-38.140916946));
#5580=CARTESIAN_POINT('Ctrl Pts',(54.9090748795157,-0.000300543213046022,
-38.140916946));
#5581=CARTESIAN_POINT('Ctrl Pts',(54.9090748702787,-0.000150271606454717,
-38.140916946));
#5582=CARTESIAN_POINT('Ctrl Pts',(54.909074861,-4.44089209850063E-15,-38.140916946));
#5583=CARTESIAN_POINT('',(54.909074847,0.000222719,-38.140916946));
#5584=CARTESIAN_POINT('Ctrl Pts',(55.964080184,-29.949657668,-44.131708226));
#5585=CARTESIAN_POINT('Ctrl Pts',(56.331500472,-19.970122347,-44.131708226));
#5586=CARTESIAN_POINT('Ctrl Pts',(56.514919595,-9.985772381,-44.131708226));
#5587=CARTESIAN_POINT('Ctrl Pts',(56.514304228,0.,-44.131708226));
#5588=CARTESIAN_POINT('Ctrl Pts',(56.9293482671584,-29.9852558700058,-43.8728882099575));
#5589=CARTESIAN_POINT('Ctrl Pts',(57.2972060031585,-19.9938588730039,-43.8728882099575));
#5590=CARTESIAN_POINT('Ctrl Pts',(57.4808438701585,-9.99764149700195,-43.8728882099575));
#5591=CARTESIAN_POINT('Ctrl Pts',(57.4802285021585,0.,-43.8728882099575));
#5592=CARTESIAN_POINT('',(56.514304214,0.00022316,-44.131708226));
#5593=CARTESIAN_POINT('Ctrl Pts',(57.480228502,0.,-32.872887972));
#5594=CARTESIAN_POINT('Ctrl Pts',(57.479413025,13.248743721,-32.872887972));
#5595=CARTESIAN_POINT('Ctrl Pts',(57.155054781,26.493650826,-32.872887972));
#5596=CARTESIAN_POINT('Ctrl Pts',(56.507327553,39.726820649,-32.872887972));
#5597=CARTESIAN_POINT('Ctrl Pts',(54.846327943,0.,-23.04303783));
#5598=CARTESIAN_POINT('Ctrl Pts',(54.845512466,13.205854142,-23.04303783));
#5599=CARTESIAN_POINT('Ctrl Pts',(54.522201613,26.407884024,-23.04303783));
#5600=CARTESIAN_POINT('Ctrl Pts',(53.876568608,39.598214556,-23.04303783));
#5601=CARTESIAN_POINT('Origin',(-756.141038807,-0.05007941,-32.872887972));
#5602=CARTESIAN_POINT('Ctrl Pts',(56.514304239,0.,-33.131708029));
#5603=CARTESIAN_POINT('Ctrl Pts',(56.51358558,11.661928987,-33.131708029));
#5604=CARTESIAN_POINT('Ctrl Pts',(56.261875823,23.321366874,-33.131708029));
#5605=CARTESIAN_POINT('Ctrl Pts',(55.759262463,34.972911437,-33.131708029));
#5606=CARTESIAN_POINT('Ctrl Pts',(57.480228502,0.,-32.872887972));
#5607=CARTESIAN_POINT('Ctrl Pts',(57.479509843,11.675790386,-32.872887972));
#5608=CARTESIAN_POINT('Ctrl Pts',(57.227501757,23.34908673,-32.872887972));
#5609=CARTESIAN_POINT('Ctrl Pts',(56.724291843,35.014480386,-32.872887972));
#5610=CARTESIAN_POINT('Origin',(-756.141038807,-0.05007941,-33.131708029));
#5611=CARTESIAN_POINT('Origin',(-756.141038807,-0.05007941,-93.277210715));
#5612=CARTESIAN_POINT('Origin',(-756.141038807,-0.05007941,-27.140916749));
#5613=CARTESIAN_POINT('Origin',(52.73304741,-43.683798482,-27.140916749));
#5614=CARTESIAN_POINT('Origin',(-756.141038807,-0.05007941,-27.140916749));
#5615=CARTESIAN_POINT('Ctrl Pts',(54.909074873,0.,-27.140916749));
#5616=CARTESIAN_POINT('Ctrl Pts',(54.908298848,12.567943483,-27.140916749));
#5617=CARTESIAN_POINT('Ctrl Pts',(54.61544841,25.132653529,-27.140916749));
#5618=CARTESIAN_POINT('Ctrl Pts',(54.030656821,37.687342473,-27.140916749));
#5619=CARTESIAN_POINT('Ctrl Pts',(56.514304239,0.,-33.131708029));
#5620=CARTESIAN_POINT('Ctrl Pts',(56.513528214,12.592817941,-33.131708029));
#5621=CARTESIAN_POINT('Ctrl Pts',(56.220099703,25.182396081,-33.131708029));
#5622=CARTESIAN_POINT('Ctrl Pts',(55.63415223,37.761933321,-33.131708029));
#5623=CARTESIAN_POINT('Origin',(52.73303544,-43.684020605,-89.277210358));
#5624=CARTESIAN_POINT('Ctrl Pts',(54.909074884,0.,-89.277210358));
#5625=CARTESIAN_POINT('Ctrl Pts',(54.9090748837216,4.50934538293484E-6,
-89.277210358));
#5626=CARTESIAN_POINT('Ctrl Pts',(54.9090748834091,9.56931390453097E-6,
-89.277210358));
#5627=CARTESIAN_POINT('Ctrl Pts',(54.9089851946767,1.45212068828786,-89.277210358));
#5628=CARTESIAN_POINT('Ctrl Pts',(54.9049957251641,2.90422390458654,-89.277210358));
#5629=CARTESIAN_POINT('Ctrl Pts',(54.8892168800013,5.80847235018623,-89.277210358));
#5630=CARTESIAN_POINT('Ctrl Pts',(54.8774271076557,7.26061234018391,-89.277210358));
#5631=CARTESIAN_POINT('Ctrl Pts',(54.8617373280006,8.71271280994741,-89.277210358));
#5632=CARTESIAN_POINT('Origin',(-756.141038807,-0.05007941,-89.277210358));
#5633=CARTESIAN_POINT('Origin',(-756.141038807,-0.05007941,-93.277210715));
#5634=CARTESIAN_POINT('Origin',(52.733047399,-43.683798482,-56.277213219));
#5635=CARTESIAN_POINT('Origin',(-756.141038807,-0.05007941,-56.277213219));
#5636=CARTESIAN_POINT('Origin',(-756.141038807,-0.05007941,-56.277213219));
#5637=CARTESIAN_POINT('Origin',(-756.141038807,-0.05007941,-93.277210715));
#5638=CARTESIAN_POINT('Origin',(-756.141038807,-0.05007941,-60.140915081));
#5639=CARTESIAN_POINT('Origin',(52.73304741,-43.683798482,-60.140915081));
#5640=CARTESIAN_POINT('Origin',(-756.141038807,-0.05007941,-60.140915081));
#5641=CARTESIAN_POINT('Origin',(52.733047416,-43.683798483,-78.277211312));
#5642=CARTESIAN_POINT('Origin',(-756.141038807,-0.05007941,-78.277211312));
#5643=CARTESIAN_POINT('Origin',(-756.141038807,-0.05007941,-78.277211312));
#5644=CARTESIAN_POINT('Origin',(-756.141038807,-0.05007941,-93.277210715));
#5645=CARTESIAN_POINT('Origin',(-756.141038807,-0.05007941,-82.140917942));
#5646=CARTESIAN_POINT('Origin',(52.733047421,-43.683798483,-82.140917942));
#5647=CARTESIAN_POINT('Origin',(-756.141038807,-0.05007941,-82.140917942));
#5648=CARTESIAN_POINT('Ctrl Pts',(55.810945619947,0.,-92.6430417637111));
#5649=CARTESIAN_POINT('Ctrl Pts',(55.810766292947,2.90748184506785,-92.6430417637111));
#5650=CARTESIAN_POINT('Ctrl Pts',(55.7949702109466,5.81497686713569,-92.6430417637111));
#5651=CARTESIAN_POINT('Ctrl Pts',(55.7635560239459,8.72240116720354,-92.6430417637111));
#5652=CARTESIAN_POINT('Ctrl Pts',(54.909074884,0.,-89.277210358));
#5653=CARTESIAN_POINT('Ctrl Pts',(54.908895557,2.904252377,-89.277210358));
#5654=CARTESIAN_POINT('Ctrl Pts',(54.893116822,5.808517915,-89.277210358));
#5655=CARTESIAN_POINT('Ctrl Pts',(54.861737328,8.71271281,-89.277210358));
#5656=CARTESIAN_POINT('Ctrl Pts',(54.909074859,0.000222719,-60.140915081));
#5657=CARTESIAN_POINT('Ctrl Pts',(54.908613798,7.434164986,-60.140915081));
#5658=CARTESIAN_POINT('Ctrl Pts',(54.805951901,14.867622699,-60.140915081));
#5659=CARTESIAN_POINT('Ctrl Pts',(54.601090074,22.299190477,-60.140915081));
#5660=CARTESIAN_POINT('Ctrl Pts',(56.514304225,0.00022316,-66.13170636));
#5661=CARTESIAN_POINT('Ctrl Pts',(56.513843161,7.448878676,-66.13170636));
#5662=CARTESIAN_POINT('Ctrl Pts',(56.410978984,14.897048691,-66.13170636));
#5663=CARTESIAN_POINT('Ctrl Pts',(56.205712603,22.343325044,-66.13170636));
#5664=CARTESIAN_POINT('Origin',(-756.141038807,-0.05007941,-66.13170636));
#5665=CARTESIAN_POINT('Ctrl Pts',(56.514304225,0.00022316,-66.13170636));
#5666=CARTESIAN_POINT('Ctrl Pts',(56.513899723,6.535093169,-66.13170636));
#5667=CARTESIAN_POINT('Ctrl Pts',(56.434675006,13.069678109,-66.13170636));
#5668=CARTESIAN_POINT('Ctrl Pts',(56.27662748,19.603027051,-66.13170636));
#5669=CARTESIAN_POINT('Ctrl Pts',(57.480228488,0.000223425,-65.872888687));
#5670=CARTESIAN_POINT('Ctrl Pts',(57.479823984,6.542860798,-65.872888687));
#5671=CARTESIAN_POINT('Ctrl Pts',(57.400505579,13.085212768,-65.872888687));
#5672=CARTESIAN_POINT('Ctrl Pts',(57.242270676,19.626327278,-65.872888687));
#5673=CARTESIAN_POINT('Origin',(-756.141038807,-0.05007941,-65.872888687));
#5674=CARTESIAN_POINT('Ctrl Pts',(57.480228488,0.000223425,-65.872888687));
#5675=CARTESIAN_POINT('Ctrl Pts',(57.479730156,8.060488079,-65.872888687));
#5676=CARTESIAN_POINT('Ctrl Pts',(57.359465294,16.120096197,-65.872888687));
#5677=CARTESIAN_POINT('Ctrl Pts',(57.119439007,24.17726778,-65.872888687));
#5678=CARTESIAN_POINT('Ctrl Pts',(54.909074848,0.000222719,-56.277213219));
#5679=CARTESIAN_POINT('Ctrl Pts',(54.908576522,8.035015842,-56.277213219));
#5680=CARTESIAN_POINT('Ctrl Pts',(54.788690146,16.069154481,-56.277213219));
#5681=CARTESIAN_POINT('Ctrl Pts',(54.549420807,24.100864262,-56.277213219));
#5682=CARTESIAN_POINT('Ctrl Pts',(54.90907487,0.000222719,-82.140917942));
#5683=CARTESIAN_POINT('Ctrl Pts',(54.908825949,4.013711362,-82.140917942));
#5684=CARTESIAN_POINT('Ctrl Pts',(54.878786401,8.02718439,-82.140917942));
#5685=CARTESIAN_POINT('Ctrl Pts',(54.818953569,12.040420626,-82.140917942));
#5686=CARTESIAN_POINT('Ctrl Pts',(56.514304236,0.00022316,-88.131709221));
#5687=CARTESIAN_POINT('Ctrl Pts',(56.514055314,4.021655294,-88.131709221));
#5688=CARTESIAN_POINT('Ctrl Pts',(56.483956801,8.043071786,-88.131709221));
#5689=CARTESIAN_POINT('Ctrl Pts',(56.424006039,12.064251022,-88.131709221));
#5690=CARTESIAN_POINT('Origin',(-756.141038807,-0.05007941,-88.131709221));
#5691=CARTESIAN_POINT('Ctrl Pts',(57.4802285,0.000223425,-87.872891548));
#5692=CARTESIAN_POINT('Ctrl Pts',(57.479942323,4.628970687,-87.872891548));
#5693=CARTESIAN_POINT('Ctrl Pts',(57.440157217,9.257668005,-87.872891548));
#5694=CARTESIAN_POINT('Ctrl Pts',(57.360869882,13.885978234,-87.872891548));
#5695=CARTESIAN_POINT('Ctrl Pts',(54.909074859,0.000222719,-78.277211312));
#5696=CARTESIAN_POINT('Ctrl Pts',(54.908788687,4.614342512,-78.277211312));
#5697=CARTESIAN_POINT('Ctrl Pts',(54.869128406,9.228412509,-78.277211312));
#5698=CARTESIAN_POINT('Ctrl Pts',(54.79009073,13.842096635,-78.277211312));
#5699=CARTESIAN_POINT('Origin',(-756.141038807,-0.05007941,-87.872891548));
#5700=CARTESIAN_POINT('Ctrl Pts',(56.514304236,0.00022316,-88.131709221));
#5701=CARTESIAN_POINT('Ctrl Pts',(56.514111188,3.118984811,-88.131709221));
#5702=CARTESIAN_POINT('Ctrl Pts',(56.495964833,6.237756994,-88.131709221));
#5703=CARTESIAN_POINT('Ctrl Pts',(56.459863585,9.356436339,-88.131709221));
#5704=CARTESIAN_POINT('Ctrl Pts',(57.4802285,0.000223425,-87.872891548));
#5705=CARTESIAN_POINT('Ctrl Pts',(57.48003545,3.122692044,-87.872891548));
#5706=CARTESIAN_POINT('Ctrl Pts',(57.461867755,6.245171209,-87.872891548));
#5707=CARTESIAN_POINT('Ctrl Pts',(57.425723825,9.367557427,-87.872891548));
#5708=CARTESIAN_POINT('Origin',(52.733047399,-43.683798482,-45.277214172));
#5709=CARTESIAN_POINT('Origin',(-756.141038807,-0.05007941,-45.277214172));
#5710=CARTESIAN_POINT('Origin',(-756.141038807,-0.05007941,-45.277214172));
#5711=CARTESIAN_POINT('Origin',(-756.141038807,-0.05007941,-93.277210715));
#5712=CARTESIAN_POINT('Origin',(-756.141038807,-0.05007941,-49.140913609));
#5713=CARTESIAN_POINT('Origin',(52.733047399,-43.683798482,-49.140913609));
#5714=CARTESIAN_POINT('Origin',(-756.141038807,-0.05007941,-49.140913609));
#5715=CARTESIAN_POINT('Ctrl Pts',(57.480228502,0.,-54.872884873));
#5716=CARTESIAN_POINT('Ctrl Pts',(57.479626734,9.776700418,-54.872884873));
#5717=CARTESIAN_POINT('Ctrl Pts',(57.302824783,19.552063302,-54.872884873));
#5718=CARTESIAN_POINT('Ctrl Pts',(56.949851849,29.322912562,-54.872884873));
#5719=CARTESIAN_POINT('Ctrl Pts',(54.909074861,0.,-45.277214172));
#5720=CARTESIAN_POINT('Ctrl Pts',(54.908473093,9.745804718,-45.277214172));
#5721=CARTESIAN_POINT('Ctrl Pts',(54.732227959,19.490276093,-45.277214172));
#5722=CARTESIAN_POINT('Ctrl Pts',(54.380368567,29.230248076,-45.277214172));
#5723=CARTESIAN_POINT('Origin',(-756.141038807,-0.05007941,-54.872884873));
#5724=CARTESIAN_POINT('Ctrl Pts',(54.909074862,0.,-49.140913609));
#5725=CARTESIAN_POINT('Ctrl Pts',(54.908510204,9.144789797,-49.140913609));
#5726=CARTESIAN_POINT('Ctrl Pts',(54.75329572,18.288520211,-49.140913609));
#5727=CARTESIAN_POINT('Ctrl Pts',(54.443449645,27.428575421,-49.140913609));
#5728=CARTESIAN_POINT('Ctrl Pts',(56.514304228,0.,-55.131707272));
#5729=CARTESIAN_POINT('Ctrl Pts',(56.513739571,9.162889153,-55.131707272));
#5730=CARTESIAN_POINT('Ctrl Pts',(56.358219004,18.324716846,-55.131707272));
#5731=CARTESIAN_POINT('Ctrl Pts',(56.047760798,27.48286208,-55.131707272));
#5732=CARTESIAN_POINT('Origin',(-756.141038807,-0.05007941,-55.131707272));
#5733=CARTESIAN_POINT('Ctrl Pts',(56.514304228,0.,-55.131707272));
#5734=CARTESIAN_POINT('Ctrl Pts',(56.51379623,8.243461309,-55.131707272));
#5735=CARTESIAN_POINT('Ctrl Pts',(56.387867188,16.486205365,-55.131707272));
#5736=CARTESIAN_POINT('Ctrl Pts',(56.136523932,24.726323514,-55.131707272));
#5737=CARTESIAN_POINT('Ctrl Pts',(57.480228502,0.,-54.872884873));
#5738=CARTESIAN_POINT('Ctrl Pts',(57.479720504,8.253259509,-54.872884873));
#5739=CARTESIAN_POINT('Ctrl Pts',(57.353642386,16.505800921,-54.872884873));
#5740=CARTESIAN_POINT('Ctrl Pts',(57.102000987,24.755713315,-54.872884873));
#5741=CARTESIAN_POINT('Origin',(52.733047399,-43.683798482,-34.277212742));
#5742=CARTESIAN_POINT('Origin',(-756.141038807,-0.05007941,-34.277212742));
#5743=CARTESIAN_POINT('Origin',(-756.141038807,-0.05007941,-34.277212742));
#5744=CARTESIAN_POINT('Origin',(-756.141038807,-0.05007941,-93.277210715));
#5745=CARTESIAN_POINT('Origin',(-756.141038807,-0.05007941,-38.140916946));
#5746=CARTESIAN_POINT('Origin',(52.733047399,-43.683798482,-38.140916946));
#5747=CARTESIAN_POINT('Origin',(-756.141038807,-0.05007941,-38.140916946));
#5748=CARTESIAN_POINT('Ctrl Pts',(57.480228488,0.000223425,-43.87288821));
#5749=CARTESIAN_POINT('Ctrl Pts',(57.479517891,11.49375056,-43.87288821));
#5750=CARTESIAN_POINT('Ctrl Pts',(57.2353009,22.984915373,-43.87288821));
#5751=CARTESIAN_POINT('Ctrl Pts',(56.747657611,34.468558466,-43.87288821));
#5752=CARTESIAN_POINT('Ctrl Pts',(54.909074848,0.000222719,-34.277212742));
#5753=CARTESIAN_POINT('Ctrl Pts',(54.90836426,11.457428748,-34.277212742));
#5754=CARTESIAN_POINT('Ctrl Pts',(54.664916793,22.912279873,-34.277212742));
#5755=CARTESIAN_POINT('Ctrl Pts',(54.17881229,34.359633001,-34.277212742));
#5756=CARTESIAN_POINT('Origin',(-756.141038807,-0.05007941,-43.87288821));
#5757=CARTESIAN_POINT('Ctrl Pts',(54.909074847,0.000222719,-38.140916946));
#5758=CARTESIAN_POINT('Ctrl Pts',(54.908401548,10.856212414,-38.140916946));
#5759=CARTESIAN_POINT('Ctrl Pts',(54.689794833,21.710249376,-38.140916946));
#5760=CARTESIAN_POINT('Ctrl Pts',(54.253312899,32.557958123,-38.140916946));
#5761=CARTESIAN_POINT('Ctrl Pts',(56.514304214,0.00022316,-44.131708226));
#5762=CARTESIAN_POINT('Ctrl Pts',(56.513630909,10.877699016,-44.131708226));
#5763=CARTESIAN_POINT('Ctrl Pts',(56.294592854,21.7532183,-44.131708226));
#5764=CARTESIAN_POINT('Ctrl Pts',(55.857248361,32.622396873,-44.131708226));
#5765=CARTESIAN_POINT('Origin',(-756.141038807,-0.05007941,-44.131708226));
#5766=CARTESIAN_POINT('Ctrl Pts',(56.514304214,0.00022316,-44.131708226));
#5767=CARTESIAN_POINT('Ctrl Pts',(56.513688173,9.952570269,-44.131708226));
#5768=CARTESIAN_POINT('Ctrl Pts',(56.330267652,19.903487523,-44.131708226));
#5769=CARTESIAN_POINT('Ctrl Pts',(55.964075847,29.849616644,-44.131708226));
#5770=CARTESIAN_POINT('Ctrl Pts',(57.480228488,0.000223425,-43.87288821));
#5771=CARTESIAN_POINT('Ctrl Pts',(57.479612445,9.96439992,-43.87288821));
#5772=CARTESIAN_POINT('Ctrl Pts',(57.295974637,19.927144874,-43.87288821));
#5773=CARTESIAN_POINT('Ctrl Pts',(56.929348305,29.885096017,-43.87288821));
#5774=CARTESIAN_POINT('Origin',(52.733047416,-43.683798483,-78.277211312));
#5775=CARTESIAN_POINT('Origin',(-756.141038807,-0.05007941,-78.277211312));
#5776=CARTESIAN_POINT('Origin',(-756.141038807,-0.05007941,-78.277211312));
#5777=CARTESIAN_POINT('Origin',(-756.141038807,-0.05007941,-93.277210715));
#5778=CARTESIAN_POINT('Origin',(-756.141038807,-0.05007941,-82.140917942));
#5779=CARTESIAN_POINT('Origin',(52.733047421,-43.683798483,-82.140917942));
#5780=CARTESIAN_POINT('Origin',(-756.141038807,-0.05007941,-82.140917942));
#5781=CARTESIAN_POINT('Ctrl Pts',(54.774309918,14.734596036,-82.140917942));
#5782=CARTESIAN_POINT('Ctrl Pts',(54.653174801,21.378659743,-82.140917942));
#5783=CARTESIAN_POINT('Ctrl Pts',(54.450398722,28.020684828,-82.140917942));
#5784=CARTESIAN_POINT('Ctrl Pts',(54.16601586,34.65966825,-82.140917942));
#5785=CARTESIAN_POINT('Ctrl Pts',(56.379274358,14.763758747,-88.131709221));
#5786=CARTESIAN_POINT('Ctrl Pts',(56.257900303,21.42097239,-88.131709221));
#5787=CARTESIAN_POINT('Ctrl Pts',(56.054723702,28.076143388,-88.131709221));
#5788=CARTESIAN_POINT('Ctrl Pts',(55.769778801,34.728266712,-88.131709221));
#5789=CARTESIAN_POINT('Origin',(-756.141038807,-0.05007941,-88.131709221));
#5790=CARTESIAN_POINT('Ctrl Pts',(57.343152221,14.884447414,-87.872891548));
#5791=CARTESIAN_POINT('Ctrl Pts',(57.210349886,22.118195174,-87.872891548));
#5792=CARTESIAN_POINT('Ctrl Pts',(56.981079465,29.349452339,-87.872891548));
#5793=CARTESIAN_POINT('Ctrl Pts',(56.655387815,36.576932678,-87.872891548));
#5794=CARTESIAN_POINT('Ctrl Pts',(54.772428865,14.837410513,-78.277211312));
#5795=CARTESIAN_POINT('Ctrl Pts',(54.640044796,22.048298623,-78.277211312));
#5796=CARTESIAN_POINT('Ctrl Pts',(54.411497495,29.25670399,-78.277211312));
#5797=CARTESIAN_POINT('Ctrl Pts',(54.086833668,36.461344446,-78.277211312));
#5798=CARTESIAN_POINT('Origin',(-756.141038807,-0.05007941,-87.872891548));
#5799=CARTESIAN_POINT('Ctrl Pts',(56.379274358,14.763758747,-88.131709221));
#5800=CARTESIAN_POINT('Ctrl Pts',(56.274804953,20.493773706,-88.131709221));
#5801=CARTESIAN_POINT('Ctrl Pts',(56.109730604,26.222344529,-88.131709221));
#5802=CARTESIAN_POINT('Ctrl Pts',(55.884070957,31.948830264,-88.131709221));
#5803=CARTESIAN_POINT('Ctrl Pts',(57.345039206,14.781306999,-87.872891548));
#5804=CARTESIAN_POINT('Ctrl Pts',(57.240446047,20.518132676,-87.872891548));
#5805=CARTESIAN_POINT('Ctrl Pts',(57.075175911,26.253512506,-87.872891548));
#5806=CARTESIAN_POINT('Ctrl Pts',(56.849248463,31.986804773,-87.872891548));
#5807=CARTESIAN_POINT('Origin',(52.733047399,-43.683798482,-56.277213219));
#5808=CARTESIAN_POINT('Origin',(-756.141038807,-0.05007941,-56.277213219));
#5809=CARTESIAN_POINT('Origin',(-756.141038807,-0.05007941,-56.277213219));
#5810=CARTESIAN_POINT('Origin',(-756.141038807,-0.05007941,-93.277210715));
#5811=CARTESIAN_POINT('Origin',(-756.141038807,-0.05007941,-60.140915081));
#5812=CARTESIAN_POINT('Origin',(52.73304741,-43.683798482,-60.140915081));
#5813=CARTESIAN_POINT('Origin',(-756.141038807,-0.05007941,-60.140915081));
#5814=CARTESIAN_POINT('Ctrl Pts',(54.52296668,24.97310215,-60.140915081));
#5815=CARTESIAN_POINT('Ctrl Pts',(54.345122595,30.734631635,-60.140915081));
#5816=CARTESIAN_POINT('Ctrl Pts',(54.105873255,36.493788991,-60.140915081));
#5817=CARTESIAN_POINT('Ctrl Pts',(53.805255367,42.249920128,-60.140915081));
#5818=CARTESIAN_POINT('Ctrl Pts',(56.127434914,25.022528929,-66.13170636));
#5819=CARTESIAN_POINT('Ctrl Pts',(55.949239544,30.795461648,-66.13170636));
#5820=CARTESIAN_POINT('Ctrl Pts',(55.709517386,36.56601755,-66.13170636));
#5821=CARTESIAN_POINT('Ctrl Pts',(55.408305219,42.333541251,-66.13170636));
#5822=CARTESIAN_POINT('Origin',(-756.141038807,-0.05007941,-66.13170636));
#5823=CARTESIAN_POINT('Ctrl Pts',(56.127434914,25.022528929,-66.13170636));
#5824=CARTESIAN_POINT('Ctrl Pts',(55.950614992,30.750901738,-66.13170636));
#5825=CARTESIAN_POINT('Ctrl Pts',(55.7132143,36.476937604,-66.13170636));
#5826=CARTESIAN_POINT('Ctrl Pts',(55.415268667,42.199996196,-66.13170636));
#5827=CARTESIAN_POINT('Ctrl Pts',(57.092901176,25.052270801,-65.872888687));
#5828=CARTESIAN_POINT('Ctrl Pts',(56.915871505,30.787452382,-65.872888687));
#5829=CARTESIAN_POINT('Ctrl Pts',(56.678189058,36.520294246,-65.872888687));
#5830=CARTESIAN_POINT('Ctrl Pts',(56.379889705,42.250155302,-65.872888687));
#5831=CARTESIAN_POINT('',(56.3756116150703,42.2450084500037,-65.8741051382628));
#5832=CARTESIAN_POINT('Origin',(-756.141038807,-0.05007941,-65.872888687));
#5833=CARTESIAN_POINT('Ctrl Pts',(57.090088802,25.143217596,-65.872888687));
#5834=CARTESIAN_POINT('Ctrl Pts',(56.911974914,30.892673809,-65.872888687));
#5835=CARTESIAN_POINT('Ctrl Pts',(56.67290587,36.639769604,-65.872888687));
#5836=CARTESIAN_POINT('Ctrl Pts',(56.37291799,42.383859091,-65.872888687));
#5837=CARTESIAN_POINT('Ctrl Pts',(54.520163165,25.063761541,-56.277213219));
#5838=CARTESIAN_POINT('Ctrl Pts',(54.342611023,30.795048657,-56.277213219));
#5839=CARTESIAN_POINT('Ctrl Pts',(54.104296352,36.523982802,-56.277213219));
#5840=CARTESIAN_POINT('Ctrl Pts',(53.805255356,42.249920128,-56.277213219));
#5841=CARTESIAN_POINT('Origin',(52.73303544,-43.684020605,-89.277210358));
#5842=CARTESIAN_POINT('Origin',(-756.141038807,-0.05007941,-89.277210358));
#5843=CARTESIAN_POINT('Origin',(-756.141038807,-0.05007941,-89.277210358));
#5844=CARTESIAN_POINT('Origin',(-756.141038807,-0.05007941,-93.277210715));
#5845=CARTESIAN_POINT('Ctrl Pts',(55.711459552,12.660089763,-92.643041693));
#5846=CARTESIAN_POINT('Ctrl Pts',(55.613807387,18.897548384,-92.643041693));
#5847=CARTESIAN_POINT('Ctrl Pts',(55.444281382,25.133465054,-92.643041693));
#5848=CARTESIAN_POINT('Ctrl Pts',(55.202904218,31.367011606,-92.643041693));
#5849=CARTESIAN_POINT('Ctrl Pts',(54.809698471,12.646027639,-89.277210358));
#5850=CARTESIAN_POINT('Ctrl Pts',(54.712154345,18.876558034,-89.277210358));
#5851=CARTESIAN_POINT('Ctrl Pts',(54.542816213,25.105548185,-89.277210358));
#5852=CARTESIAN_POINT('Ctrl Pts',(54.301706731,31.332170848,-89.277210358));
#5853=CARTESIAN_POINT('Origin',(52.733047399,-43.683798482,-45.277214172));
#5854=CARTESIAN_POINT('',(51.802522466,42.249920128,-45.277214172));
#5855=CARTESIAN_POINT('',(53.805255356,42.249920128,-45.277214172));
#5856=CARTESIAN_POINT('',(51.802522466,42.249920128,-45.277214172));
#5857=CARTESIAN_POINT('Origin',(-756.141038807,-0.05007941,-45.277214172));
#5858=CARTESIAN_POINT('Origin',(-756.141038807,-0.05007941,-45.277214172));
#5859=CARTESIAN_POINT('Origin',(-756.141038807,-0.05007941,-93.277210715));
#5860=CARTESIAN_POINT('',(51.802522466,42.249920128,-49.140913609));
#5861=CARTESIAN_POINT('',(51.802522466,42.249920128,-49.140913609));
#5862=CARTESIAN_POINT('Origin',(-756.141038807,-0.05007941,-49.140913609));
#5863=CARTESIAN_POINT('Origin',(52.733047399,-43.683798482,-49.140913609));
#5864=CARTESIAN_POINT('',(53.805255356,42.249920128,-49.140913609));
#5865=CARTESIAN_POINT('',(53.805255356,42.249920128,-49.140913609));
#5866=CARTESIAN_POINT('Origin',(-756.141038807,-0.05007941,-49.140913609));
#5867=CARTESIAN_POINT('Ctrl Pts',(56.914988788,30.272603799,-54.872884873));
#5868=CARTESIAN_POINT('Ctrl Pts',(56.764374764,34.31108678,-54.872884873));
#5869=CARTESIAN_POINT('Ctrl Pts',(56.583679828,38.348246517,-54.872884873));
#5870=CARTESIAN_POINT('Ctrl Pts',(56.372917989,42.383859091,-54.872884873));
#5871=CARTESIAN_POINT('Ctrl Pts',(54.345615493,30.176938153,-45.277214172));
#5872=CARTESIAN_POINT('Ctrl Pts',(54.195476644,34.20265895,-45.277214172));
#5873=CARTESIAN_POINT('Ctrl Pts',(54.015351944,38.227060679,-45.277214172));
#5874=CARTESIAN_POINT('Ctrl Pts',(53.805255356,42.249920128,-45.277214172));
#5875=CARTESIAN_POINT('',(56.379901948,42.249920128,-54.872884873));
#5876=CARTESIAN_POINT('Ctrl Pts',(53.805255356,42.249920128,-45.277214172));
#5877=CARTESIAN_POINT('Ctrl Pts',(54.2343648463071,42.249920128,-46.8764921592965));
#5878=CARTESIAN_POINT('Ctrl Pts',(54.6634734713213,42.249920128,-48.4757703787639));
#5879=CARTESIAN_POINT('Ctrl Pts',(55.5216889989871,42.249920128,-51.6743272798311));
#5880=CARTESIAN_POINT('Ctrl Pts',(55.9507959016409,42.2499201279582,-53.2736059614308));
#5881=CARTESIAN_POINT('Ctrl Pts',(56.3799019471973,42.2499201279582,-54.872884873));
#5882=CARTESIAN_POINT('Origin',(-756.141038807,-0.05007941,-54.872884873));
#5883=CARTESIAN_POINT('Ctrl Pts',(54.348765627,30.092354111,-49.140913609));
#5884=CARTESIAN_POINT('Ctrl Pts',(54.197998271,34.146287061,-49.140913609));
#5885=CARTESIAN_POINT('Ctrl Pts',(54.016823436,38.198885045,-49.140913609));
#5886=CARTESIAN_POINT('Ctrl Pts',(53.805255356,42.249920128,-49.140913609));
#5887=CARTESIAN_POINT('Ctrl Pts',(55.952889708,30.151912928,-55.131707272));
#5888=CARTESIAN_POINT('Ctrl Pts',(55.801824449,34.213869436,-55.131707272));
#5889=CARTESIAN_POINT('Ctrl Pts',(55.620291528,38.274488339,-55.131707272));
#5890=CARTESIAN_POINT('Ctrl Pts',(55.408305208,42.333541251,-55.131707272));
#5891=CARTESIAN_POINT('',(55.4126680484674,42.2499201280244,-55.1317072719739));
#5892=CARTESIAN_POINT('',(55.4126680482919,42.2499201280152,-55.1317072719217));
#5893=CARTESIAN_POINT('Origin',(-756.141038807,-0.05007941,-55.131707272));
#5894=CARTESIAN_POINT('Ctrl Pts',(55.952889708,30.151912928,-55.131707272));
#5895=CARTESIAN_POINT('Ctrl Pts',(55.802861857,34.18597483,-55.131707272));
#5896=CARTESIAN_POINT('Ctrl Pts',(55.622783321,38.218718469,-55.131707272));
#5897=CARTESIAN_POINT('Ctrl Pts',(55.412668048,42.249920128,-55.131707272));
#5898=CARTESIAN_POINT('Ctrl Pts',(56.918148891,30.187751612,-54.872884873));
#5899=CARTESIAN_POINT('Ctrl Pts',(56.767943013,34.226608422,-54.872884873));
#5900=CARTESIAN_POINT('Ctrl Pts',(56.58765073,38.264145403,-54.872884873));
#5901=CARTESIAN_POINT('Ctrl Pts',(56.377286009,42.300138574,-54.872884873));
#5902=CARTESIAN_POINT('',(56.3799019472571,42.2499201279614,-54.872884873));
#5903=CARTESIAN_POINT('Ctrl Pts',(55.745900932,35.281296908,-44.131708226));
#5904=CARTESIAN_POINT('Ctrl Pts',(55.644793054,37.604675564,-44.131708226));
#5905=CARTESIAN_POINT('Ctrl Pts',(55.533714447,39.927564224,-44.131708226));
#5906=CARTESIAN_POINT('Ctrl Pts',(55.412668048,42.249920128,-44.131708226));
#5907=CARTESIAN_POINT('Ctrl Pts',(56.710914464,35.323232406,-43.87288821));
#5908=CARTESIAN_POINT('Ctrl Pts',(56.609686579,37.649372644,-43.87288821));
#5909=CARTESIAN_POINT('Ctrl Pts',(56.498476114,39.975022303,-43.87288821));
#5910=CARTESIAN_POINT('Ctrl Pts',(56.377286009,42.300138574,-43.87288821));
#5911=CARTESIAN_POINT('',(56.379901948,42.249920128,-43.87288821));
#5912=CARTESIAN_POINT('',(55.412668048,42.249920128,-44.131708226));
#5913=CARTESIAN_POINT('',(56.3799019472598,42.2499201279615,-43.87288821));
#5914=CARTESIAN_POINT('Origin',(-756.141038807,-0.05007941,-43.87288821));
#5915=CARTESIAN_POINT('Origin',(-756.141038807,-0.05007941,-44.131708226));
#5916=CARTESIAN_POINT('Ctrl Pts',(54.142185089,35.211606048,-38.140916946));
#5917=CARTESIAN_POINT('Ctrl Pts',(54.04006549,37.558226674,-38.140916946));
#5918=CARTESIAN_POINT('Ctrl Pts',(53.927754564,39.904346111,-38.140916946));
#5919=CARTESIAN_POINT('Ctrl Pts',(53.805255356,42.249920128,-38.140916946));
#5920=CARTESIAN_POINT('Ctrl Pts',(55.745900932,35.281296908,-44.131708226));
#5921=CARTESIAN_POINT('Ctrl Pts',(55.643579504,37.632561975,-44.131708226));
#5922=CARTESIAN_POINT('Ctrl Pts',(55.53104658,39.983324862,-44.131708226));
#5923=CARTESIAN_POINT('Ctrl Pts',(55.408305208,42.333541251,-44.131708226));
#5924=CARTESIAN_POINT('',(53.805255356,42.249920128,-38.140916946));
#5925=CARTESIAN_POINT('',(55.4126680482912,42.2499201280152,-44.1317082259219));
#5926=CARTESIAN_POINT('Origin',(-756.141038807,-0.05007941,-38.140916946));
#5927=CARTESIAN_POINT('Ctrl Pts',(56.707483451,35.401986667,-43.87288821));
#5928=CARTESIAN_POINT('Ctrl Pts',(56.605957484,37.729784208,-43.87288821));
#5929=CARTESIAN_POINT('Ctrl Pts',(56.494434678,40.057089316,-43.87288821));
#5930=CARTESIAN_POINT('Ctrl Pts',(56.372917989,42.383859091,-43.87288821));
#5931=CARTESIAN_POINT('Ctrl Pts',(54.138764903,35.290111434,-34.277212742));
#5932=CARTESIAN_POINT('Ctrl Pts',(54.037559319,37.610552799,-34.277212742));
#5933=CARTESIAN_POINT('Ctrl Pts',(53.926388488,39.930503286,-34.277212742));
#5934=CARTESIAN_POINT('Ctrl Pts',(53.805255356,42.249920128,-34.277212742));
#5935=CARTESIAN_POINT('',(53.805255356,42.249920128,-34.277212742));
#5936=CARTESIAN_POINT('Ctrl Pts',(53.805255356,42.249920128,-34.277212742));
#5937=CARTESIAN_POINT('Ctrl Pts',(54.2343648463075,42.249920128,-35.8764915237975));
#5938=CARTESIAN_POINT('Ctrl Pts',(54.6634734713234,42.249920128,-37.4757705377654));
#5939=CARTESIAN_POINT('Ctrl Pts',(55.5216889989958,42.249920128,-40.6743290278326));
#5940=CARTESIAN_POINT('Ctrl Pts',(55.9507959016542,42.2499201279592,-42.2736085039318));
#5941=CARTESIAN_POINT('Ctrl Pts',(56.3799019472167,42.2499201279592,-43.87288821));
#5942=CARTESIAN_POINT('Origin',(-756.141038807,-0.05007941,-34.277212742));
#5943=CARTESIAN_POINT('Origin',(52.733047399,-43.683798482,-38.140916946));
#5944=CARTESIAN_POINT('',(51.802522466,42.249920128,-38.140916946));
#5945=CARTESIAN_POINT('',(53.805255356,42.249920128,-38.140916946));
#5946=CARTESIAN_POINT('Origin',(-756.141038807,-0.05007941,-38.140916946));
#5947=CARTESIAN_POINT('Origin',(-756.141038807,-0.05007941,-93.277210715));
#5948=CARTESIAN_POINT('',(51.802522466,42.249920128,-34.277212742));
#5949=CARTESIAN_POINT('',(51.802522466,42.249920128,-38.140916946));
#5950=CARTESIAN_POINT('Origin',(-756.141038807,-0.05007941,-34.277212742));
#5951=CARTESIAN_POINT('Origin',(52.733047399,-43.683798482,-34.277212742));
#5952=CARTESIAN_POINT('',(51.802522466,42.249920128,-34.277212742));
#5953=CARTESIAN_POINT('Ctrl Pts',(56.269557438,19.89314495,-77.131705406));
#5954=CARTESIAN_POINT('Ctrl Pts',(56.128934727,25.621575747,-77.131705406));
#5955=CARTESIAN_POINT('Ctrl Pts',(55.927736103,31.348116643,-77.131705406));
#5956=CARTESIAN_POINT('Ctrl Pts',(55.665989287,37.072127254,-77.131705406));
#5957=CARTESIAN_POINT('Ctrl Pts',(57.235192252,19.916790012,-76.872887734));
#5958=CARTESIAN_POINT('Ctrl Pts',(57.094402816,25.652029647,-76.872887734));
#5959=CARTESIAN_POINT('Ctrl Pts',(56.892965465,31.385377139,-76.872887734));
#5960=CARTESIAN_POINT('Ctrl Pts',(56.630907956,37.116191344,-76.872887734));
#5961=CARTESIAN_POINT('Origin',(-756.141038807,-0.05007941,-77.131705406));
#5962=CARTESIAN_POINT('Origin',(-756.141038807,-0.05007941,-76.872887734));
#5963=CARTESIAN_POINT('Ctrl Pts',(54.664809096,19.853850205,-71.140914127));
#5964=CARTESIAN_POINT('Ctrl Pts',(54.501610634,26.501897614,-71.140914127));
#5965=CARTESIAN_POINT('Ctrl Pts',(54.256667847,33.147300737,-71.140914127));
#5966=CARTESIAN_POINT('Ctrl Pts',(53.9300277,39.789054822,-71.140914127));
#5967=CARTESIAN_POINT('Ctrl Pts',(56.269557438,19.89314495,-77.131705406));
#5968=CARTESIAN_POINT('Ctrl Pts',(56.106036786,26.554350186,-77.131705406));
#5969=CARTESIAN_POINT('Ctrl Pts',(55.860610021,33.212905913,-77.131705406));
#5970=CARTESIAN_POINT('Ctrl Pts',(55.5333242,39.867805389,-77.131705406));
#5971=CARTESIAN_POINT('Origin',(-756.141038807,-0.05007941,-71.140914127));
#5972=CARTESIAN_POINT('Ctrl Pts',(57.23280422,20.013833617,-76.872887734));
#5973=CARTESIAN_POINT('Ctrl Pts',(57.054214226,27.253718927,-76.872887734));
#5974=CARTESIAN_POINT('Ctrl Pts',(56.778986354,34.490396841,-76.872887734));
#5975=CARTESIAN_POINT('Ctrl Pts',(56.407183897,41.722577999,-76.872887734));
#5976=CARTESIAN_POINT('Ctrl Pts',(54.66242858,19.950587138,-67.277212265));
#5977=CARTESIAN_POINT('Ctrl Pts',(54.484401547,27.167593394,-67.277212265));
#5978=CARTESIAN_POINT('Ctrl Pts',(54.210042025,34.381402369,-67.277212265));
#5979=CARTESIAN_POINT('Ctrl Pts',(53.839413107,41.590728781,-67.277212265));
#5980=CARTESIAN_POINT('Origin',(-756.141038807,-0.05007941,-67.277212265));
#5981=CARTESIAN_POINT('Origin',(52.73304741,-43.683798482,-71.140914127));
#5982=CARTESIAN_POINT('Origin',(-756.141038807,-0.05007941,-71.140914127));
#5983=CARTESIAN_POINT('Origin',(-756.141038807,-0.05007941,-93.277210715));
#5984=CARTESIAN_POINT('Origin',(-756.141038807,-0.05007941,-67.277212265));
#5985=CARTESIAN_POINT('Origin',(52.733047405,-43.683798482,-67.277212265));
#5986=CARTESIAN_POINT('Origin',(-731.489938807,-0.05007941,-64.277210715));
#5987=CARTESIAN_POINT('Ctrl Pts',(56.514304239,0.,-77.131705406));
#5988=CARTESIAN_POINT('Ctrl Pts',(56.514006792,4.826770468,-77.131705406));
#5989=CARTESIAN_POINT('Ctrl Pts',(56.470707546,9.653475803,-77.131705406));
#5990=CARTESIAN_POINT('Ctrl Pts',(56.384403039,14.479732807,-77.131705406));
#5991=CARTESIAN_POINT('Ctrl Pts',(57.480228502,0.,-76.872887734));
#5992=CARTESIAN_POINT('Ctrl Pts',(57.479931055,4.83250758,-76.872887734));
#5993=CARTESIAN_POINT('Ctrl Pts',(57.436580697,9.664949953,-76.872887734));
#5994=CARTESIAN_POINT('Ctrl Pts',(57.350173961,14.496943464,-76.872887734));
#5995=CARTESIAN_POINT('',(57.480228502,0.,-76.872887734));
#5996=CARTESIAN_POINT('Origin',(-756.141038807,-0.05007941,-76.872887734));
#5997=CARTESIAN_POINT('',(56.514304239,0.,-77.131705406));
#5998=CARTESIAN_POINT('',(56.514304239,0.,-77.131705406));
#5999=CARTESIAN_POINT('Origin',(-756.141038807,-0.05007941,-77.131705406));
#6000=CARTESIAN_POINT('Ctrl Pts',(54.909074873,0.,-71.140914127));
#6001=CARTESIAN_POINT('Ctrl Pts',(54.908721459,5.723642194,-71.140914127));
#6002=CARTESIAN_POINT('Ctrl Pts',(54.847782051,11.447124909,-71.140914127));
#6003=CARTESIAN_POINT('Ctrl Pts',(54.726253006,17.169806665,-71.140914127));
#6004=CARTESIAN_POINT('Ctrl Pts',(56.514304239,0.,-77.131705406));
#6005=CARTESIAN_POINT('Ctrl Pts',(56.513950825,5.73497042,-77.131705406));
#6006=CARTESIAN_POINT('Ctrl Pts',(56.452891506,11.469781051,-77.131705406));
#6007=CARTESIAN_POINT('Ctrl Pts',(56.33112263,17.203789147,-77.131705406));
#6008=CARTESIAN_POINT('',(54.909074873,0.,-71.140914127));
#6009=CARTESIAN_POINT('',(54.909074873,0.,-71.140914127));
#6010=CARTESIAN_POINT('Origin',(-756.141038807,-0.05007941,-71.140914127));
#6011=CARTESIAN_POINT('Ctrl Pts',(57.480228502,0.,-76.872887734));
#6012=CARTESIAN_POINT('Ctrl Pts',(57.479837996,6.344413977,-76.872887734));
#6013=CARTESIAN_POINT('Ctrl Pts',(57.405242672,12.688577683,-76.872887734));
#6014=CARTESIAN_POINT('Ctrl Pts',(57.256439527,19.031622992,-76.872887734));
#6015=CARTESIAN_POINT('Ctrl Pts',(54.909074862,0.,-67.277212265));
#6016=CARTESIAN_POINT('Ctrl Pts',(54.908684355,6.324364768,-67.277212265));
#6017=CARTESIAN_POINT('Ctrl Pts',(54.834323528,12.648480041,-67.277212265));
#6018=CARTESIAN_POINT('Ctrl Pts',(54.685989388,18.971480437,-67.277212265));
#6019=CARTESIAN_POINT('',(54.909074862,0.,-67.277212265));
#6020=CARTESIAN_POINT('Origin',(-756.141038807,-0.05007941,-67.277212265));
#6021=CARTESIAN_POINT('',(57.480228502,0.,-76.872887734));
#6022=CARTESIAN_POINT('Ctrl Pts',(56.384405146,-14.57977377,-77.131705406));
#6023=CARTESIAN_POINT('Ctrl Pts',(56.47130523,-9.720171981,-77.131705406));
#6024=CARTESIAN_POINT('Ctrl Pts',(56.514603741,-4.860116992,-77.131705406));
#6025=CARTESIAN_POINT('Ctrl Pts',(56.514304239,0.,-77.131705406));
#6026=CARTESIAN_POINT('Ctrl Pts',(57.350173943,-14.597103317,-76.872887734));
#6027=CARTESIAN_POINT('Ctrl Pts',(57.437177672,-9.731725399,-76.872887734));
#6028=CARTESIAN_POINT('Ctrl Pts',(57.480528004,-4.86589374,-76.872887734));
#6029=CARTESIAN_POINT('Ctrl Pts',(57.480228502,0.,-76.872887734));
#6030=CARTESIAN_POINT('Origin',(-756.141038807,-0.05007941,-77.131705406));
#6031=CARTESIAN_POINT('Origin',(-756.141038807,-0.05007941,-76.872887734));
#6032=CARTESIAN_POINT('Ctrl Pts',(54.726252984,-17.269966516,-71.140914127));
#6033=CARTESIAN_POINT('Ctrl Pts',(54.848490968,-11.51390186,-71.140914127));
#6034=CARTESIAN_POINT('Ctrl Pts',(54.909430348,-5.757028764,-71.140914127));
#6035=CARTESIAN_POINT('Ctrl Pts',(54.909074873,0.,-71.140914127));
#6036=CARTESIAN_POINT('Ctrl Pts',(56.331118399,-17.30414719,-77.131705406));
#6037=CARTESIAN_POINT('Ctrl Pts',(56.45359902,-11.536690152,-77.131705406));
#6038=CARTESIAN_POINT('Ctrl Pts',(56.514659715,-5.768423068,-77.131705406));
#6039=CARTESIAN_POINT('Ctrl Pts',(56.514304239,0.,-77.131705406));
#6040=CARTESIAN_POINT('Origin',(-756.141038807,-0.05007941,-71.140914127));
#6041=CARTESIAN_POINT('Origin',(52.73304741,-43.683798482,-71.140914127));
#6042=CARTESIAN_POINT('Origin',(-756.141038807,-0.05007941,-71.140914127));
#6043=CARTESIAN_POINT('Origin',(-756.141038807,-0.05007941,-93.277210715));
#6044=CARTESIAN_POINT('Origin',(-756.141038807,-0.05007941,-67.277212265));
#6045=CARTESIAN_POINT('Origin',(52.733047405,-43.683798482,-67.277212265));
#6046=CARTESIAN_POINT('Origin',(-756.141038807,-0.05007941,-67.277212265));
#6047=CARTESIAN_POINT('Ctrl Pts',(57.256432055,-19.132100292,-76.872887734));
#6048=CARTESIAN_POINT('Ctrl Pts',(57.40602329,-12.755567498,-76.872887734));
#6049=CARTESIAN_POINT('Ctrl Pts',(57.48062107,-6.377906752,-76.872887734));
#6050=CARTESIAN_POINT('Ctrl Pts',(57.480228502,0.,-76.872887734));
#6051=CARTESIAN_POINT('Ctrl Pts',(54.685989363,-19.071640302,-67.277212265));
#6052=CARTESIAN_POINT('Ctrl Pts',(54.835106629,-12.715258188,-67.277212265));
#6053=CARTESIAN_POINT('Ctrl Pts',(54.90946743,-6.357751701,-67.277212265));
#6054=CARTESIAN_POINT('Ctrl Pts',(54.909074862,0.,-67.277212265));
#6055=CARTESIAN_POINT('Ctrl Pts',(55.665994671,-37.172168323,-77.131705406));
#6056=CARTESIAN_POINT('Ctrl Pts',(55.927738818,-31.44819789,-77.131705406));
#6057=CARTESIAN_POINT('Ctrl Pts',(56.128935652,-25.721696594,-77.131705406));
#6058=CARTESIAN_POINT('Ctrl Pts',(56.269557413,-19.993304803,-77.131705406));
#6059=CARTESIAN_POINT('Ctrl Pts',(56.630907908,-37.216351197,-76.872887734));
#6060=CARTESIAN_POINT('Ctrl Pts',(56.892963584,-31.485577257,-76.872887734));
#6061=CARTESIAN_POINT('Ctrl Pts',(57.094399981,-25.752269441,-76.872887734));
#6062=CARTESIAN_POINT('Ctrl Pts',(57.235189305,-20.017068879,-76.872887734));
#6063=CARTESIAN_POINT('Origin',(-756.141038807,-0.05007941,-76.872887734));
#6064=CARTESIAN_POINT('Origin',(-756.141038807,-0.05007941,-77.131705406));
#6065=CARTESIAN_POINT('Ctrl Pts',(53.930027649,-39.889214673,-71.140914127));
#6066=CARTESIAN_POINT('Ctrl Pts',(54.256671003,-33.247395559,-71.140914127));
#6067=CARTESIAN_POINT('Ctrl Pts',(54.501615437,-26.601926499,-71.140914127));
#6068=CARTESIAN_POINT('Ctrl Pts',(54.664813926,-19.953812273,-71.140914127));
#6069=CARTESIAN_POINT('Ctrl Pts',(55.533314412,-39.968163237,-77.131705406));
#6070=CARTESIAN_POINT('Ctrl Pts',(55.86060507,-33.313198683,-77.131705406));
#6071=CARTESIAN_POINT('Ctrl Pts',(56.10603511,-26.654576949,-77.131705406));
#6072=CARTESIAN_POINT('Ctrl Pts',(56.269557413,-19.993304803,-77.131705406));
#6073=CARTESIAN_POINT('Origin',(-756.141038807,-0.05007941,-71.140914127));
#6074=CARTESIAN_POINT('Origin',(52.73304741,-43.683798482,-71.140914127));
#6075=CARTESIAN_POINT('Origin',(-756.141038807,-0.05007941,-71.140914127));
#6076=CARTESIAN_POINT('Origin',(-756.141038807,-0.05007941,-93.277210715));
#6077=CARTESIAN_POINT('Origin',(-756.141038807,-0.05007941,-67.277212265));
#6078=CARTESIAN_POINT('Origin',(52.733047405,-43.683798482,-67.277212265));
#6079=CARTESIAN_POINT('Origin',(-756.141038807,-0.05007941,-67.277212265));
#6080=CARTESIAN_POINT('Ctrl Pts',(56.407167541,-41.823054967,-76.872887734));
#6081=CARTESIAN_POINT('Ctrl Pts',(56.778978213,-34.590769237,-76.872887734));
#6082=CARTESIAN_POINT('Ctrl Pts',(57.054211557,-27.353985601,-76.872887734));
#6083=CARTESIAN_POINT('Ctrl Pts',(57.232804194,-20.11399347,-76.872887734));
#6084=CARTESIAN_POINT('Ctrl Pts',(53.839413053,-41.690888646,-67.277212265));
#6085=CARTESIAN_POINT('Ctrl Pts',(54.210047347,-34.481457848,-67.277212265));
#6086=CARTESIAN_POINT('Ctrl Pts',(54.484409508,-27.267543377,-67.277212265));
#6087=CARTESIAN_POINT('Ctrl Pts',(54.66243636,-20.050430569,-67.277212265));
#6088=CARTESIAN_POINT('Origin',(56.360174385,42.249920128,-57.643010715));
#6089=CARTESIAN_POINT('Origin',(56.360174385,42.249920128,-57.643010715));
#6090=CARTESIAN_POINT('Origin',(56.360174385,-42.350079872,-57.643010715));
#6091=CARTESIAN_POINT('Origin',(56.360174385,-42.350079872,-57.643010715));
#6092=CARTESIAN_POINT('Origin',(54.211031437,-46.350080115,-57.843011609));
#6093=CARTESIAN_POINT('',(54.211031437,-29.769359748,-92.843010715));
#6094=CARTESIAN_POINT('Origin',(-731.490138807,-0.050078576,-118.143012972));
#6095=CARTESIAN_POINT('Origin',(-731.490138807,-0.050078702,-92.843010715));
#6096=CARTESIAN_POINT('Origin',(70.359974385,-0.050079872,-92.843010715));
#6097=CARTESIAN_POINT('Origin',(-731.490138807,-0.050078576,-118.143012972));
#6098=CARTESIAN_POINT('Origin',(-731.490138807,-0.050078576,-118.143012972));
#6099=CARTESIAN_POINT('Origin',(-731.490138807,-0.050078702,-92.843010715));
#6100=CARTESIAN_POINT('Origin',(70.359974385,-0.050079872,-92.843010715));
#6101=CARTESIAN_POINT('Origin',(-731.490138807,-0.050078576,-118.143012972));
#6102=CARTESIAN_POINT('Origin',(-731.490138807,-0.05007958,-109.043038401));
#6103=CARTESIAN_POINT('Origin',(-731.490138807,-0.05007958,-109.043038401));
#6104=CARTESIAN_POINT('Origin',(-731.490138807,-0.05007958,-109.043038401));
#6105=CARTESIAN_POINT('Origin',(-731.490138807,-0.05007958,-109.043038401));
#6106=CARTESIAN_POINT('',(0.,0.,0.));
#6107=UNCERTAINTY_MEASURE_WITH_UNIT(LENGTH_MEASURE(0.01),#6113,
'DISTANCE_ACCURACY_VALUE',
'Maximum model space distance between geometric entities at asserted c
onnectivities');
#6108=UNCERTAINTY_MEASURE_WITH_UNIT(LENGTH_MEASURE(0.01),#6113,
'DISTANCE_ACCURACY_VALUE',
'Maximum model space distance between geometric entities at asserted c
onnectivities');
#6109=UNCERTAINTY_MEASURE_WITH_UNIT(LENGTH_MEASURE(0.01),#6113,
'DISTANCE_ACCURACY_VALUE',
'Maximum model space distance between geometric entities at asserted c
onnectivities');
#6110=(
GEOMETRIC_REPRESENTATION_CONTEXT(3)
GLOBAL_UNCERTAINTY_ASSIGNED_CONTEXT((#6107))
GLOBAL_UNIT_ASSIGNED_CONTEXT((#6113,#6115,#6116))
REPRESENTATION_CONTEXT('','3D')
);
#6111=(
GEOMETRIC_REPRESENTATION_CONTEXT(3)
GLOBAL_UNCERTAINTY_ASSIGNED_CONTEXT((#6108))
GLOBAL_UNIT_ASSIGNED_CONTEXT((#6113,#6115,#6116))
REPRESENTATION_CONTEXT('','3D')
);
#6112=(
GEOMETRIC_REPRESENTATION_CONTEXT(3)
GLOBAL_UNCERTAINTY_ASSIGNED_CONTEXT((#6109))
GLOBAL_UNIT_ASSIGNED_CONTEXT((#6113,#6115,#6116))
REPRESENTATION_CONTEXT('','3D')
);
#6113=(
LENGTH_UNIT()
NAMED_UNIT(*)
SI_UNIT(.MILLI.,.METRE.)
);
#6114=(
LENGTH_UNIT()
NAMED_UNIT(*)
SI_UNIT($,.METRE.)
);
#6115=(
NAMED_UNIT(*)
PLANE_ANGLE_UNIT()
SI_UNIT($,.RADIAN.)
);
#6116=(
NAMED_UNIT(*)
SI_UNIT($,.STERADIAN.)
SOLID_ANGLE_UNIT()
);
#6117=SHAPE_DEFINITION_REPRESENTATION(#6119,#6122);
#6118=SHAPE_DEFINITION_REPRESENTATION(#6120,#6123);
#6119=PRODUCT_DEFINITION_SHAPE('',$,#6125);
#6120=PRODUCT_DEFINITION_SHAPE('',$,#6126);
#6121=PRODUCT_DEFINITION_SHAPE($,$,#14);
#6122=SHAPE_REPRESENTATION('',(#3221,#3575),#6110);
#6123=SHAPE_REPRESENTATION('',(#3222),#6111);
#6124=PRODUCT_DEFINITION_CONTEXT('part definition',#6132,'design');
#6125=PRODUCT_DEFINITION('Chassis','Chassis v25',#6127,#6124);
#6126=PRODUCT_DEFINITION('Chassis_1','Chassis',#6128,#6124);
#6127=PRODUCT_DEFINITION_FORMATION('',$,#6134);
#6128=PRODUCT_DEFINITION_FORMATION('',$,#6135);
#6129=PRODUCT_RELATED_PRODUCT_CATEGORY('Chassis v25','Chassis v25',(#6134));
#6130=PRODUCT_RELATED_PRODUCT_CATEGORY('Chassis','Chassis',(#6135));
#6131=APPLICATION_PROTOCOL_DEFINITION('international standard',
'automotive_design',2009,#6132);
#6132=APPLICATION_CONTEXT(
'Core Data for Automotive Mechanical Design Process');
#6133=PRODUCT_CONTEXT('part definition',#6132,'mechanical');
#6134=PRODUCT('Chassis','Chassis v25',$,(#6133));
#6135=PRODUCT('Chassis_1','Chassis',$,(#6133));
#6136=PRESENTATION_STYLE_ASSIGNMENT((#6144));
#6137=PRESENTATION_STYLE_ASSIGNMENT((#6145));
#6138=PRESENTATION_STYLE_ASSIGNMENT((#6146));
#6139=PRESENTATION_STYLE_ASSIGNMENT((#6147));
#6140=PRESENTATION_STYLE_ASSIGNMENT((#6148));
#6141=PRESENTATION_STYLE_ASSIGNMENT((#6149));
#6142=PRESENTATION_STYLE_ASSIGNMENT((#6150));
#6143=PRESENTATION_STYLE_ASSIGNMENT((#6151));
#6144=SURFACE_STYLE_USAGE(.BOTH.,#6152);
#6145=SURFACE_STYLE_USAGE(.BOTH.,#6153);
#6146=SURFACE_STYLE_USAGE(.BOTH.,#6154);
#6147=SURFACE_STYLE_USAGE(.BOTH.,#6155);
#6148=SURFACE_STYLE_USAGE(.BOTH.,#6156);
#6149=SURFACE_STYLE_USAGE(.BOTH.,#6157);
#6150=SURFACE_STYLE_USAGE(.BOTH.,#6158);
#6151=SURFACE_STYLE_USAGE(.BOTH.,#6159);
#6152=SURFACE_SIDE_STYLE('',(#6160));
#6153=SURFACE_SIDE_STYLE('',(#6161));
#6154=SURFACE_SIDE_STYLE('',(#6162));
#6155=SURFACE_SIDE_STYLE('',(#6163));
#6156=SURFACE_SIDE_STYLE('',(#6164));
#6157=SURFACE_SIDE_STYLE('',(#6165));
#6158=SURFACE_SIDE_STYLE('',(#6166));
#6159=SURFACE_SIDE_STYLE('',(#6167));
#6160=SURFACE_STYLE_FILL_AREA(#6168);
#6161=SURFACE_STYLE_FILL_AREA(#6169);
#6162=SURFACE_STYLE_FILL_AREA(#6170);
#6163=SURFACE_STYLE_FILL_AREA(#6171);
#6164=SURFACE_STYLE_FILL_AREA(#6172);
#6165=SURFACE_STYLE_FILL_AREA(#6173);
#6166=SURFACE_STYLE_FILL_AREA(#6174);
#6167=SURFACE_STYLE_FILL_AREA(#6175);
#6168=FILL_AREA_STYLE('Steel - Satin',(#6176));
#6169=FILL_AREA_STYLE('Aluminum - Satin',(#6177));
#6170=FILL_AREA_STYLE('Opaque(50,50,50)',(#6178));
#6171=FILL_AREA_STYLE('Opaque(255,255,255)',(#6179));
#6172=FILL_AREA_STYLE('Opaque(245,245,246)',(#6180));
#6173=FILL_AREA_STYLE('ABS (White) (1)',(#6181));
#6174=FILL_AREA_STYLE('Opaque(250,182,1)',(#6182));
#6175=FILL_AREA_STYLE('ABS (White)',(#6183));
#6176=FILL_AREA_STYLE_COLOUR('Steel - Satin',#6184);
#6177=FILL_AREA_STYLE_COLOUR('Aluminum - Satin',#6185);
#6178=FILL_AREA_STYLE_COLOUR('Opaque(50,50,50)',#6186);
#6179=FILL_AREA_STYLE_COLOUR('Opaque(255,255,255)',#6187);
#6180=FILL_AREA_STYLE_COLOUR('Opaque(245,245,246)',#6188);
#6181=FILL_AREA_STYLE_COLOUR('ABS (White) (1)',#6189);
#6182=FILL_AREA_STYLE_COLOUR('Opaque(250,182,1)',#6190);
#6183=FILL_AREA_STYLE_COLOUR('ABS (White)',#6191);
#6184=COLOUR_RGB('Steel - Satin',0.627450980392157,0.627450980392157,0.627450980392157);
#6185=COLOUR_RGB('Aluminum - Satin',0.96078431372549,0.96078431372549,0.964705882352941);
#6186=COLOUR_RGB('Opaque(50,50,50)',0.196078431372549,0.196078431372549,
0.196078431372549);
#6187=COLOUR_RGB('Opaque(255,255,255)',1.,1.,1.);
#6188=COLOUR_RGB('Opaque(245,245,246)',0.96078431372549,0.96078431372549,
0.964705882352941);
#6189=COLOUR_RGB('ABS (White) (1)',0.905882352941176,0.262745098039216,
0.184313725490196);
#6190=COLOUR_RGB('Opaque(250,182,1)',0.980392156862745,0.713725490196078,
0.00392156862745098);
#6191=COLOUR_RGB('ABS (White)',0.964705882352941,0.964705882352941,0.952941176470588);
ENDSEC;
END-ISO-10303-21;
