ISO-10303-21;
HEADER;
/* Generated by software containing ST-Developer
 * from STEP Tools, Inc. (www.steptools.com) 
 */

FILE_DESCRIPTION(
/* description */ (''),
/* implementation_level */ '2;1');

FILE_NAME(
/* name */ 'FrontGrill.step',
/* time_stamp */ '2026-08-13T12:56:48-04:00',
/* author */ (''),
/* organization */ (''),
/* preprocessor_version */ 'ST-DEVELOPER v20.1',
/* originating_system */ 'Autodesk Translation Framework v15.8.0.0',
/* authorisation */ '');

FILE_SCHEMA (('AUTOMOTIVE_DESIGN { 1 0 10303 214 3 1 1 }'));
ENDSEC;

DATA;
#10=MECHANICAL_DESIGN_GEOMETRIC_PRESENTATION_REPRESENTATION('',(#17),#5015);
#11=ITEM_DEFINED_TRANSFORMATION($,$,#3191,#3344);
#12=(
REPRESENTATION_RELATIONSHIP($,$,#5026,#5025)
REPRESENTATION_RELATIONSHIP_WITH_TRANSFORMATION(#11)
SHAPE_REPRESENTATION_RELATIONSHIP()
);
#13=CONTEXT_DEPENDENT_SHAPE_REPRESENTATION(#12,#5024);
#14=NEXT_ASSEMBLY_USAGE_OCCURRENCE('Chassis:1','Chassis:1','Chassis:1',
#5028,#5029,'Chassis:1');
#15=SHAPE_REPRESENTATION_RELATIONSHIP('SRR','None',#5026,#16);
#16=ADVANCED_BREP_SHAPE_REPRESENTATION('',(#18),#5014);
#17=STYLED_ITEM('',(#5041),#18);
#18=MANIFOLD_SOLID_BREP('Body107',#3177);
#19=FACE_OUTER_BOUND('',#171,.T.);
#20=FACE_OUTER_BOUND('',#172,.T.);
#21=FACE_OUTER_BOUND('',#173,.T.);
#22=FACE_OUTER_BOUND('',#174,.T.);
#23=FACE_OUTER_BOUND('',#175,.T.);
#24=FACE_OUTER_BOUND('',#176,.T.);
#25=FACE_OUTER_BOUND('',#177,.T.);
#26=FACE_OUTER_BOUND('',#178,.T.);
#27=FACE_OUTER_BOUND('',#179,.T.);
#28=FACE_OUTER_BOUND('',#180,.T.);
#29=FACE_OUTER_BOUND('',#181,.T.);
#30=FACE_OUTER_BOUND('',#182,.T.);
#31=FACE_OUTER_BOUND('',#183,.T.);
#32=FACE_OUTER_BOUND('',#184,.T.);
#33=FACE_OUTER_BOUND('',#185,.T.);
#34=FACE_OUTER_BOUND('',#186,.T.);
#35=FACE_OUTER_BOUND('',#187,.T.);
#36=FACE_OUTER_BOUND('',#188,.T.);
#37=FACE_OUTER_BOUND('',#189,.T.);
#38=FACE_OUTER_BOUND('',#190,.T.);
#39=FACE_OUTER_BOUND('',#191,.T.);
#40=FACE_OUTER_BOUND('',#192,.T.);
#41=FACE_OUTER_BOUND('',#193,.T.);
#42=FACE_OUTER_BOUND('',#194,.T.);
#43=FACE_OUTER_BOUND('',#195,.T.);
#44=FACE_OUTER_BOUND('',#196,.T.);
#45=FACE_OUTER_BOUND('',#197,.T.);
#46=FACE_OUTER_BOUND('',#198,.T.);
#47=FACE_OUTER_BOUND('',#199,.T.);
#48=FACE_OUTER_BOUND('',#200,.T.);
#49=FACE_OUTER_BOUND('',#201,.T.);
#50=FACE_OUTER_BOUND('',#202,.T.);
#51=FACE_OUTER_BOUND('',#203,.T.);
#52=FACE_OUTER_BOUND('',#204,.T.);
#53=FACE_OUTER_BOUND('',#205,.T.);
#54=FACE_OUTER_BOUND('',#206,.T.);
#55=FACE_OUTER_BOUND('',#207,.T.);
#56=FACE_OUTER_BOUND('',#208,.T.);
#57=FACE_OUTER_BOUND('',#209,.T.);
#58=FACE_OUTER_BOUND('',#210,.T.);
#59=FACE_OUTER_BOUND('',#211,.T.);
#60=FACE_OUTER_BOUND('',#212,.T.);
#61=FACE_OUTER_BOUND('',#213,.T.);
#62=FACE_OUTER_BOUND('',#214,.T.);
#63=FACE_OUTER_BOUND('',#215,.T.);
#64=FACE_OUTER_BOUND('',#216,.T.);
#65=FACE_OUTER_BOUND('',#217,.T.);
#66=FACE_OUTER_BOUND('',#218,.T.);
#67=FACE_OUTER_BOUND('',#219,.T.);
#68=FACE_OUTER_BOUND('',#220,.T.);
#69=FACE_OUTER_BOUND('',#221,.T.);
#70=FACE_OUTER_BOUND('',#222,.T.);
#71=FACE_OUTER_BOUND('',#223,.T.);
#72=FACE_OUTER_BOUND('',#224,.T.);
#73=FACE_OUTER_BOUND('',#225,.T.);
#74=FACE_OUTER_BOUND('',#226,.T.);
#75=FACE_OUTER_BOUND('',#227,.T.);
#76=FACE_OUTER_BOUND('',#228,.T.);
#77=FACE_OUTER_BOUND('',#229,.T.);
#78=FACE_OUTER_BOUND('',#230,.T.);
#79=FACE_OUTER_BOUND('',#231,.T.);
#80=FACE_OUTER_BOUND('',#232,.T.);
#81=FACE_OUTER_BOUND('',#233,.T.);
#82=FACE_OUTER_BOUND('',#234,.T.);
#83=FACE_OUTER_BOUND('',#235,.T.);
#84=FACE_OUTER_BOUND('',#236,.T.);
#85=FACE_OUTER_BOUND('',#237,.T.);
#86=FACE_OUTER_BOUND('',#238,.T.);
#87=FACE_OUTER_BOUND('',#239,.T.);
#88=FACE_OUTER_BOUND('',#240,.T.);
#89=FACE_OUTER_BOUND('',#241,.T.);
#90=FACE_OUTER_BOUND('',#242,.T.);
#91=FACE_OUTER_BOUND('',#243,.T.);
#92=FACE_OUTER_BOUND('',#244,.T.);
#93=FACE_OUTER_BOUND('',#245,.T.);
#94=FACE_OUTER_BOUND('',#246,.T.);
#95=FACE_OUTER_BOUND('',#247,.T.);
#96=FACE_OUTER_BOUND('',#248,.T.);
#97=FACE_OUTER_BOUND('',#249,.T.);
#98=FACE_OUTER_BOUND('',#250,.T.);
#99=FACE_OUTER_BOUND('',#251,.T.);
#100=FACE_OUTER_BOUND('',#252,.T.);
#101=FACE_OUTER_BOUND('',#253,.T.);
#102=FACE_OUTER_BOUND('',#254,.T.);
#103=FACE_OUTER_BOUND('',#255,.T.);
#104=FACE_OUTER_BOUND('',#256,.T.);
#105=FACE_OUTER_BOUND('',#257,.T.);
#106=FACE_OUTER_BOUND('',#258,.T.);
#107=FACE_OUTER_BOUND('',#259,.T.);
#108=FACE_OUTER_BOUND('',#260,.T.);
#109=FACE_OUTER_BOUND('',#261,.T.);
#110=FACE_OUTER_BOUND('',#262,.T.);
#111=FACE_OUTER_BOUND('',#263,.T.);
#112=FACE_OUTER_BOUND('',#264,.T.);
#113=FACE_OUTER_BOUND('',#265,.T.);
#114=FACE_OUTER_BOUND('',#266,.T.);
#115=FACE_OUTER_BOUND('',#267,.T.);
#116=FACE_OUTER_BOUND('',#268,.T.);
#117=FACE_OUTER_BOUND('',#269,.T.);
#118=FACE_OUTER_BOUND('',#270,.T.);
#119=FACE_OUTER_BOUND('',#271,.T.);
#120=FACE_OUTER_BOUND('',#272,.T.);
#121=FACE_OUTER_BOUND('',#273,.T.);
#122=FACE_OUTER_BOUND('',#274,.T.);
#123=FACE_OUTER_BOUND('',#275,.T.);
#124=FACE_OUTER_BOUND('',#276,.T.);
#125=FACE_OUTER_BOUND('',#277,.T.);
#126=FACE_OUTER_BOUND('',#278,.T.);
#127=FACE_OUTER_BOUND('',#279,.T.);
#128=FACE_OUTER_BOUND('',#280,.T.);
#129=FACE_OUTER_BOUND('',#281,.T.);
#130=FACE_OUTER_BOUND('',#282,.T.);
#131=FACE_OUTER_BOUND('',#283,.T.);
#132=FACE_OUTER_BOUND('',#284,.T.);
#133=FACE_OUTER_BOUND('',#285,.T.);
#134=FACE_OUTER_BOUND('',#286,.T.);
#135=FACE_OUTER_BOUND('',#287,.T.);
#136=FACE_OUTER_BOUND('',#288,.T.);
#137=FACE_OUTER_BOUND('',#289,.T.);
#138=FACE_OUTER_BOUND('',#290,.T.);
#139=FACE_OUTER_BOUND('',#291,.T.);
#140=FACE_OUTER_BOUND('',#292,.T.);
#141=FACE_OUTER_BOUND('',#293,.T.);
#142=FACE_OUTER_BOUND('',#294,.T.);
#143=FACE_OUTER_BOUND('',#295,.T.);
#144=FACE_OUTER_BOUND('',#296,.T.);
#145=FACE_OUTER_BOUND('',#297,.T.);
#146=FACE_OUTER_BOUND('',#298,.T.);
#147=FACE_OUTER_BOUND('',#299,.T.);
#148=FACE_OUTER_BOUND('',#300,.T.);
#149=FACE_OUTER_BOUND('',#301,.T.);
#150=FACE_OUTER_BOUND('',#302,.T.);
#151=FACE_OUTER_BOUND('',#303,.T.);
#152=FACE_OUTER_BOUND('',#304,.T.);
#153=FACE_OUTER_BOUND('',#305,.T.);
#154=FACE_OUTER_BOUND('',#306,.T.);
#155=FACE_OUTER_BOUND('',#307,.T.);
#156=FACE_OUTER_BOUND('',#308,.T.);
#157=FACE_OUTER_BOUND('',#309,.T.);
#158=FACE_OUTER_BOUND('',#310,.T.);
#159=FACE_OUTER_BOUND('',#311,.T.);
#160=FACE_OUTER_BOUND('',#312,.T.);
#161=FACE_OUTER_BOUND('',#313,.T.);
#162=FACE_OUTER_BOUND('',#314,.T.);
#163=FACE_OUTER_BOUND('',#315,.T.);
#164=FACE_OUTER_BOUND('',#316,.T.);
#165=FACE_OUTER_BOUND('',#317,.T.);
#166=FACE_OUTER_BOUND('',#318,.T.);
#167=FACE_OUTER_BOUND('',#319,.T.);
#168=FACE_OUTER_BOUND('',#320,.T.);
#169=FACE_OUTER_BOUND('',#321,.T.);
#170=FACE_OUTER_BOUND('',#322,.T.);
#171=EDGE_LOOP('',(#1973,#1974,#1975,#1976));
#172=EDGE_LOOP('',(#1977,#1978,#1979,#1980));
#173=EDGE_LOOP('',(#1981,#1982,#1983,#1984));
#174=EDGE_LOOP('',(#1985,#1986,#1987,#1988));
#175=EDGE_LOOP('',(#1989,#1990,#1991,#1992));
#176=EDGE_LOOP('',(#1993,#1994,#1995,#1996));
#177=EDGE_LOOP('',(#1997,#1998,#1999,#2000));
#178=EDGE_LOOP('',(#2001,#2002,#2003,#2004));
#179=EDGE_LOOP('',(#2005,#2006,#2007,#2008));
#180=EDGE_LOOP('',(#2009,#2010,#2011,#2012));
#181=EDGE_LOOP('',(#2013,#2014,#2015,#2016));
#182=EDGE_LOOP('',(#2017,#2018,#2019,#2020));
#183=EDGE_LOOP('',(#2021,#2022,#2023,#2024));
#184=EDGE_LOOP('',(#2025,#2026,#2027,#2028));
#185=EDGE_LOOP('',(#2029,#2030,#2031,#2032,#2033,#2034,#2035,#2036));
#186=EDGE_LOOP('',(#2037,#2038,#2039,#2040));
#187=EDGE_LOOP('',(#2041,#2042,#2043,#2044));
#188=EDGE_LOOP('',(#2045,#2046,#2047,#2048));
#189=EDGE_LOOP('',(#2049,#2050,#2051,#2052));
#190=EDGE_LOOP('',(#2053,#2054,#2055,#2056));
#191=EDGE_LOOP('',(#2057,#2058,#2059,#2060));
#192=EDGE_LOOP('',(#2061,#2062,#2063,#2064,#2065,#2066,#2067,#2068,#2069,
#2070,#2071,#2072,#2073,#2074,#2075,#2076));
#193=EDGE_LOOP('',(#2077,#2078,#2079,#2080,#2081,#2082,#2083,#2084,#2085,
#2086,#2087,#2088,#2089,#2090,#2091,#2092));
#194=EDGE_LOOP('',(#2093,#2094,#2095,#2096));
#195=EDGE_LOOP('',(#2097,#2098,#2099,#2100,#2101,#2102,#2103,#2104,#2105,
#2106,#2107,#2108,#2109,#2110,#2111,#2112));
#196=EDGE_LOOP('',(#2113,#2114,#2115,#2116));
#197=EDGE_LOOP('',(#2117,#2118,#2119,#2120));
#198=EDGE_LOOP('',(#2121,#2122,#2123,#2124));
#199=EDGE_LOOP('',(#2125,#2126,#2127,#2128));
#200=EDGE_LOOP('',(#2129,#2130,#2131,#2132));
#201=EDGE_LOOP('',(#2133,#2134,#2135,#2136));
#202=EDGE_LOOP('',(#2137,#2138,#2139,#2140));
#203=EDGE_LOOP('',(#2141,#2142,#2143,#2144));
#204=EDGE_LOOP('',(#2145,#2146,#2147,#2148));
#205=EDGE_LOOP('',(#2149,#2150,#2151,#2152));
#206=EDGE_LOOP('',(#2153,#2154,#2155,#2156));
#207=EDGE_LOOP('',(#2157,#2158,#2159,#2160,#2161,#2162,#2163,#2164,#2165,
#2166,#2167,#2168,#2169,#2170,#2171,#2172));
#208=EDGE_LOOP('',(#2173,#2174,#2175,#2176,#2177,#2178,#2179,#2180,#2181,
#2182,#2183,#2184,#2185,#2186,#2187,#2188));
#209=EDGE_LOOP('',(#2189,#2190,#2191,#2192));
#210=EDGE_LOOP('',(#2193,#2194,#2195,#2196,#2197,#2198,#2199,#2200,#2201,
#2202,#2203,#2204,#2205,#2206,#2207,#2208));
#211=EDGE_LOOP('',(#2209,#2210,#2211,#2212));
#212=EDGE_LOOP('',(#2213,#2214,#2215,#2216));
#213=EDGE_LOOP('',(#2217,#2218,#2219,#2220));
#214=EDGE_LOOP('',(#2221,#2222,#2223,#2224));
#215=EDGE_LOOP('',(#2225,#2226,#2227,#2228));
#216=EDGE_LOOP('',(#2229,#2230,#2231,#2232,#2233,#2234,#2235,#2236,#2237,
#2238,#2239,#2240,#2241,#2242,#2243,#2244));
#217=EDGE_LOOP('',(#2245,#2246,#2247,#2248,#2249,#2250,#2251,#2252,#2253,
#2254,#2255,#2256,#2257,#2258,#2259,#2260));
#218=EDGE_LOOP('',(#2261,#2262,#2263,#2264));
#219=EDGE_LOOP('',(#2265,#2266,#2267,#2268));
#220=EDGE_LOOP('',(#2269,#2270,#2271,#2272));
#221=EDGE_LOOP('',(#2273,#2274,#2275,#2276));
#222=EDGE_LOOP('',(#2277,#2278,#2279,#2280));
#223=EDGE_LOOP('',(#2281,#2282,#2283,#2284));
#224=EDGE_LOOP('',(#2285,#2286,#2287,#2288));
#225=EDGE_LOOP('',(#2289,#2290,#2291,#2292));
#226=EDGE_LOOP('',(#2293,#2294,#2295,#2296));
#227=EDGE_LOOP('',(#2297,#2298,#2299,#2300));
#228=EDGE_LOOP('',(#2301,#2302,#2303,#2304));
#229=EDGE_LOOP('',(#2305,#2306,#2307,#2308));
#230=EDGE_LOOP('',(#2309,#2310,#2311,#2312));
#231=EDGE_LOOP('',(#2313,#2314,#2315,#2316));
#232=EDGE_LOOP('',(#2317,#2318,#2319,#2320));
#233=EDGE_LOOP('',(#2321,#2322,#2323,#2324));
#234=EDGE_LOOP('',(#2325,#2326,#2327,#2328));
#235=EDGE_LOOP('',(#2329,#2330,#2331,#2332));
#236=EDGE_LOOP('',(#2333,#2334,#2335,#2336));
#237=EDGE_LOOP('',(#2337,#2338,#2339,#2340));
#238=EDGE_LOOP('',(#2341,#2342,#2343,#2344));
#239=EDGE_LOOP('',(#2345,#2346,#2347,#2348));
#240=EDGE_LOOP('',(#2349,#2350,#2351,#2352));
#241=EDGE_LOOP('',(#2353,#2354,#2355,#2356));
#242=EDGE_LOOP('',(#2357,#2358,#2359,#2360));
#243=EDGE_LOOP('',(#2361,#2362,#2363,#2364));
#244=EDGE_LOOP('',(#2365,#2366,#2367,#2368));
#245=EDGE_LOOP('',(#2369,#2370,#2371,#2372));
#246=EDGE_LOOP('',(#2373,#2374,#2375,#2376));
#247=EDGE_LOOP('',(#2377,#2378,#2379,#2380));
#248=EDGE_LOOP('',(#2381,#2382,#2383,#2384));
#249=EDGE_LOOP('',(#2385,#2386,#2387,#2388));
#250=EDGE_LOOP('',(#2389,#2390,#2391,#2392));
#251=EDGE_LOOP('',(#2393,#2394,#2395,#2396));
#252=EDGE_LOOP('',(#2397,#2398,#2399,#2400));
#253=EDGE_LOOP('',(#2401,#2402,#2403,#2404));
#254=EDGE_LOOP('',(#2405,#2406,#2407,#2408));
#255=EDGE_LOOP('',(#2409,#2410,#2411,#2412));
#256=EDGE_LOOP('',(#2413,#2414,#2415,#2416));
#257=EDGE_LOOP('',(#2417,#2418,#2419,#2420));
#258=EDGE_LOOP('',(#2421,#2422,#2423,#2424));
#259=EDGE_LOOP('',(#2425,#2426,#2427,#2428));
#260=EDGE_LOOP('',(#2429,#2430,#2431,#2432));
#261=EDGE_LOOP('',(#2433,#2434,#2435,#2436));
#262=EDGE_LOOP('',(#2437,#2438,#2439,#2440));
#263=EDGE_LOOP('',(#2441,#2442,#2443,#2444));
#264=EDGE_LOOP('',(#2445,#2446,#2447,#2448));
#265=EDGE_LOOP('',(#2449,#2450,#2451,#2452));
#266=EDGE_LOOP('',(#2453,#2454,#2455,#2456));
#267=EDGE_LOOP('',(#2457,#2458,#2459,#2460));
#268=EDGE_LOOP('',(#2461,#2462,#2463,#2464));
#269=EDGE_LOOP('',(#2465,#2466,#2467,#2468));
#270=EDGE_LOOP('',(#2469,#2470,#2471,#2472));
#271=EDGE_LOOP('',(#2473,#2474,#2475,#2476));
#272=EDGE_LOOP('',(#2477,#2478,#2479,#2480));
#273=EDGE_LOOP('',(#2481,#2482,#2483,#2484));
#274=EDGE_LOOP('',(#2485,#2486,#2487,#2488));
#275=EDGE_LOOP('',(#2489,#2490,#2491,#2492));
#276=EDGE_LOOP('',(#2493,#2494,#2495,#2496));
#277=EDGE_LOOP('',(#2497,#2498,#2499,#2500));
#278=EDGE_LOOP('',(#2501,#2502,#2503,#2504));
#279=EDGE_LOOP('',(#2505,#2506,#2507,#2508));
#280=EDGE_LOOP('',(#2509,#2510,#2511,#2512));
#281=EDGE_LOOP('',(#2513,#2514,#2515,#2516));
#282=EDGE_LOOP('',(#2517,#2518,#2519,#2520));
#283=EDGE_LOOP('',(#2521,#2522,#2523,#2524));
#284=EDGE_LOOP('',(#2525,#2526,#2527,#2528));
#285=EDGE_LOOP('',(#2529,#2530,#2531,#2532));
#286=EDGE_LOOP('',(#2533,#2534,#2535,#2536));
#287=EDGE_LOOP('',(#2537,#2538,#2539,#2540));
#288=EDGE_LOOP('',(#2541,#2542,#2543,#2544));
#289=EDGE_LOOP('',(#2545,#2546,#2547,#2548));
#290=EDGE_LOOP('',(#2549,#2550,#2551,#2552));
#291=EDGE_LOOP('',(#2553,#2554,#2555,#2556));
#292=EDGE_LOOP('',(#2557,#2558,#2559,#2560));
#293=EDGE_LOOP('',(#2561,#2562,#2563,#2564));
#294=EDGE_LOOP('',(#2565,#2566,#2567,#2568));
#295=EDGE_LOOP('',(#2569,#2570,#2571,#2572));
#296=EDGE_LOOP('',(#2573,#2574,#2575,#2576));
#297=EDGE_LOOP('',(#2577,#2578,#2579,#2580,#2581,#2582,#2583,#2584,#2585,
#2586,#2587,#2588,#2589,#2590,#2591,#2592));
#298=EDGE_LOOP('',(#2593,#2594,#2595,#2596,#2597,#2598,#2599,#2600,#2601,
#2602,#2603,#2604,#2605,#2606,#2607,#2608));
#299=EDGE_LOOP('',(#2609,#2610,#2611,#2612,#2613,#2614,#2615,#2616,#2617,
#2618,#2619,#2620,#2621,#2622,#2623,#2624));
#300=EDGE_LOOP('',(#2625,#2626,#2627,#2628,#2629,#2630,#2631,#2632,#2633,
#2634,#2635,#2636,#2637,#2638,#2639,#2640));
#301=EDGE_LOOP('',(#2641,#2642,#2643,#2644,#2645,#2646,#2647,#2648,#2649,
#2650,#2651,#2652,#2653,#2654,#2655,#2656));
#302=EDGE_LOOP('',(#2657,#2658,#2659,#2660,#2661,#2662,#2663,#2664,#2665,
#2666,#2667,#2668,#2669,#2670,#2671,#2672));
#303=EDGE_LOOP('',(#2673,#2674,#2675,#2676,#2677,#2678,#2679,#2680,#2681,
#2682,#2683,#2684,#2685,#2686,#2687,#2688));
#304=EDGE_LOOP('',(#2689,#2690,#2691,#2692,#2693,#2694,#2695,#2696,#2697,
#2698,#2699,#2700,#2701,#2702,#2703,#2704));
#305=EDGE_LOOP('',(#2705,#2706,#2707,#2708));
#306=EDGE_LOOP('',(#2709,#2710,#2711,#2712));
#307=EDGE_LOOP('',(#2713,#2714,#2715,#2716));
#308=EDGE_LOOP('',(#2717,#2718,#2719,#2720));
#309=EDGE_LOOP('',(#2721,#2722,#2723,#2724));
#310=EDGE_LOOP('',(#2725,#2726,#2727,#2728));
#311=EDGE_LOOP('',(#2729,#2730,#2731,#2732));
#312=EDGE_LOOP('',(#2733,#2734,#2735,#2736));
#313=EDGE_LOOP('',(#2737,#2738,#2739,#2740,#2741,#2742,#2743,#2744,#2745,
#2746,#2747,#2748,#2749,#2750,#2751,#2752,#2753,#2754,#2755,#2756,#2757,
#2758,#2759,#2760,#2761,#2762,#2763,#2764,#2765,#2766,#2767,#2768,#2769,
#2770,#2771,#2772,#2773,#2774,#2775,#2776));
#314=EDGE_LOOP('',(#2777,#2778,#2779,#2780,#2781,#2782,#2783,#2784,#2785,
#2786,#2787,#2788,#2789,#2790,#2791,#2792,#2793,#2794,#2795,#2796,#2797,
#2798,#2799,#2800,#2801,#2802,#2803,#2804,#2805,#2806,#2807,#2808,#2809,
#2810,#2811,#2812));
#315=EDGE_LOOP('',(#2813,#2814,#2815,#2816,#2817,#2818,#2819,#2820,#2821,
#2822,#2823,#2824,#2825,#2826,#2827,#2828,#2829,#2830));
#316=EDGE_LOOP('',(#2831,#2832,#2833,#2834));
#317=EDGE_LOOP('',(#2835,#2836,#2837,#2838));
#318=EDGE_LOOP('',(#2839,#2840,#2841,#2842));
#319=EDGE_LOOP('',(#2843,#2844,#2845,#2846,#2847,#2848,#2849,#2850,#2851,
#2852,#2853,#2854,#2855,#2856,#2857,#2858,#2859,#2860));
#320=EDGE_LOOP('',(#2861,#2862,#2863,#2864));
#321=EDGE_LOOP('',(#2865,#2866,#2867,#2868));
#322=EDGE_LOOP('',(#2869,#2870,#2871,#2872));
#323=LINE('',#4110,#773);
#324=LINE('',#4112,#774);
#325=LINE('',#4114,#775);
#326=LINE('',#4115,#776);
#327=LINE('',#4118,#777);
#328=LINE('',#4120,#778);
#329=LINE('',#4121,#779);
#330=LINE('',#4125,#780);
#331=LINE('',#4127,#781);
#332=LINE('',#4129,#782);
#333=LINE('',#4130,#783);
#334=LINE('',#4134,#784);
#335=LINE('',#4136,#785);
#336=LINE('',#4138,#786);
#337=LINE('',#4139,#787);
#338=LINE('',#4143,#788);
#339=LINE('',#4145,#789);
#340=LINE('',#4147,#790);
#341=LINE('',#4148,#791);
#342=LINE('',#4152,#792);
#343=LINE('',#4154,#793);
#344=LINE('',#4156,#794);
#345=LINE('',#4157,#795);
#346=LINE('',#4161,#796);
#347=LINE('',#4163,#797);
#348=LINE('',#4165,#798);
#349=LINE('',#4166,#799);
#350=LINE('',#4170,#800);
#351=LINE('',#4172,#801);
#352=LINE('',#4174,#802);
#353=LINE('',#4175,#803);
#354=LINE('',#4179,#804);
#355=LINE('',#4181,#805);
#356=LINE('',#4183,#806);
#357=LINE('',#4184,#807);
#358=LINE('',#4188,#808);
#359=LINE('',#4190,#809);
#360=LINE('',#4192,#810);
#361=LINE('',#4193,#811);
#362=LINE('',#4197,#812);
#363=LINE('',#4199,#813);
#364=LINE('',#4201,#814);
#365=LINE('',#4202,#815);
#366=LINE('',#4206,#816);
#367=LINE('',#4207,#817);
#368=LINE('',#4208,#818);
#369=LINE('',#4212,#819);
#370=LINE('',#4214,#820);
#371=LINE('',#4216,#821);
#372=LINE('',#4217,#822);
#373=LINE('',#4221,#823);
#374=LINE('',#4223,#824);
#375=LINE('',#4225,#825);
#376=LINE('',#4226,#826);
#377=LINE('',#4230,#827);
#378=LINE('',#4232,#828);
#379=LINE('',#4234,#829);
#380=LINE('',#4236,#830);
#381=LINE('',#4238,#831);
#382=LINE('',#4240,#832);
#383=LINE('',#4242,#833);
#384=LINE('',#4243,#834);
#385=LINE('',#4245,#835);
#386=LINE('',#4246,#836);
#387=LINE('',#4250,#837);
#388=LINE('',#4252,#838);
#389=LINE('',#4254,#839);
#390=LINE('',#4255,#840);
#391=LINE('',#4259,#841);
#392=LINE('',#4261,#842);
#393=LINE('',#4263,#843);
#394=LINE('',#4264,#844);
#395=LINE('',#4268,#845);
#396=LINE('',#4270,#846);
#397=LINE('',#4272,#847);
#398=LINE('',#4273,#848);
#399=LINE('',#4277,#849);
#400=LINE('',#4279,#850);
#401=LINE('',#4281,#851);
#402=LINE('',#4282,#852);
#403=LINE('',#4286,#853);
#404=LINE('',#4288,#854);
#405=LINE('',#4290,#855);
#406=LINE('',#4291,#856);
#407=LINE('',#4295,#857);
#408=LINE('',#4297,#858);
#409=LINE('',#4299,#859);
#410=LINE('',#4301,#860);
#411=LINE('',#4303,#861);
#412=LINE('',#4304,#862);
#413=LINE('',#4306,#863);
#414=LINE('',#4308,#864);
#415=LINE('',#4310,#865);
#416=LINE('',#4312,#866);
#417=LINE('',#4314,#867);
#418=LINE('',#4316,#868);
#419=LINE('',#4318,#869);
#420=LINE('',#4320,#870);
#421=LINE('',#4321,#871);
#422=LINE('',#4325,#872);
#423=LINE('',#4327,#873);
#424=LINE('',#4329,#874);
#425=LINE('',#4331,#875);
#426=LINE('',#4333,#876);
#427=LINE('',#4335,#877);
#428=LINE('',#4337,#878);
#429=LINE('',#4338,#879);
#430=LINE('',#4340,#880);
#431=LINE('',#4342,#881);
#432=LINE('',#4344,#882);
#433=LINE('',#4346,#883);
#434=LINE('',#4348,#884);
#435=LINE('',#4350,#885);
#436=LINE('',#4351,#886);
#437=LINE('',#4353,#887);
#438=LINE('',#4354,#888);
#439=LINE('',#4356,#889);
#440=LINE('',#4357,#890);
#441=LINE('',#4358,#891);
#442=LINE('',#4359,#892);
#443=LINE('',#4361,#893);
#444=LINE('',#4363,#894);
#445=LINE('',#4365,#895);
#446=LINE('',#4366,#896);
#447=LINE('',#4370,#897);
#448=LINE('',#4372,#898);
#449=LINE('',#4374,#899);
#450=LINE('',#4375,#900);
#451=LINE('',#4379,#901);
#452=LINE('',#4381,#902);
#453=LINE('',#4383,#903);
#454=LINE('',#4384,#904);
#455=LINE('',#4386,#905);
#456=LINE('',#4387,#906);
#457=LINE('',#4391,#907);
#458=LINE('',#4393,#908);
#459=LINE('',#4395,#909);
#460=LINE('',#4396,#910);
#461=LINE('',#4398,#911);
#462=LINE('',#4402,#912);
#463=LINE('',#4404,#913);
#464=LINE('',#4406,#914);
#465=LINE('',#4407,#915);
#466=LINE('',#4411,#916);
#467=LINE('',#4413,#917);
#468=LINE('',#4415,#918);
#469=LINE('',#4416,#919);
#470=LINE('',#4420,#920);
#471=LINE('',#4422,#921);
#472=LINE('',#4424,#922);
#473=LINE('',#4425,#923);
#474=LINE('',#4429,#924);
#475=LINE('',#4431,#925);
#476=LINE('',#4433,#926);
#477=LINE('',#4434,#927);
#478=LINE('',#4436,#928);
#479=LINE('',#4437,#929);
#480=LINE('',#4441,#930);
#481=LINE('',#4443,#931);
#482=LINE('',#4445,#932);
#483=LINE('',#4446,#933);
#484=LINE('',#4450,#934);
#485=LINE('',#4452,#935);
#486=LINE('',#4454,#936);
#487=LINE('',#4456,#937);
#488=LINE('',#4458,#938);
#489=LINE('',#4459,#939);
#490=LINE('',#4461,#940);
#491=LINE('',#4463,#941);
#492=LINE('',#4464,#942);
#493=LINE('',#4466,#943);
#494=LINE('',#4468,#944);
#495=LINE('',#4470,#945);
#496=LINE('',#4472,#946);
#497=LINE('',#4473,#947);
#498=LINE('',#4477,#948);
#499=LINE('',#4479,#949);
#500=LINE('',#4481,#950);
#501=LINE('',#4482,#951);
#502=LINE('',#4484,#952);
#503=LINE('',#4486,#953);
#504=LINE('',#4487,#954);
#505=LINE('',#4489,#955);
#506=LINE('',#4491,#956);
#507=LINE('',#4493,#957);
#508=LINE('',#4495,#958);
#509=LINE('',#4497,#959);
#510=LINE('',#4499,#960);
#511=LINE('',#4500,#961);
#512=LINE('',#4504,#962);
#513=LINE('',#4506,#963);
#514=LINE('',#4508,#964);
#515=LINE('',#4509,#965);
#516=LINE('',#4513,#966);
#517=LINE('',#4514,#967);
#518=LINE('',#4516,#968);
#519=LINE('',#4518,#969);
#520=LINE('',#4519,#970);
#521=LINE('',#4521,#971);
#522=LINE('',#4523,#972);
#523=LINE('',#4524,#973);
#524=LINE('',#4526,#974);
#525=LINE('',#4528,#975);
#526=LINE('',#4530,#976);
#527=LINE('',#4532,#977);
#528=LINE('',#4533,#978);
#529=LINE('',#4537,#979);
#530=LINE('',#4539,#980);
#531=LINE('',#4541,#981);
#532=LINE('',#4542,#982);
#533=LINE('',#4544,#983);
#534=LINE('',#4548,#984);
#535=LINE('',#4550,#985);
#536=LINE('',#4552,#986);
#537=LINE('',#4553,#987);
#538=LINE('',#4555,#988);
#539=LINE('',#4556,#989);
#540=LINE('',#4560,#990);
#541=LINE('',#4562,#991);
#542=LINE('',#4564,#992);
#543=LINE('',#4565,#993);
#544=LINE('',#4569,#994);
#545=LINE('',#4570,#995);
#546=LINE('',#4572,#996);
#547=LINE('',#4574,#997);
#548=LINE('',#4575,#998);
#549=LINE('',#4577,#999);
#550=LINE('',#4579,#1000);
#551=LINE('',#4580,#1001);
#552=LINE('',#4582,#1002);
#553=LINE('',#4584,#1003);
#554=LINE('',#4586,#1004);
#555=LINE('',#4588,#1005);
#556=LINE('',#4589,#1006);
#557=LINE('',#4593,#1007);
#558=LINE('',#4595,#1008);
#559=LINE('',#4597,#1009);
#560=LINE('',#4598,#1010);
#561=LINE('',#4600,#1011);
#562=LINE('',#4602,#1012);
#563=LINE('',#4603,#1013);
#564=LINE('',#4605,#1014);
#565=LINE('',#4607,#1015);
#566=LINE('',#4608,#1016);
#567=LINE('',#4610,#1017);
#568=LINE('',#4612,#1018);
#569=LINE('',#4613,#1019);
#570=LINE('',#4617,#1020);
#571=LINE('',#4619,#1021);
#572=LINE('',#4621,#1022);
#573=LINE('',#4622,#1023);
#574=LINE('',#4624,#1024);
#575=LINE('',#4625,#1025);
#576=LINE('',#4627,#1026);
#577=LINE('',#4628,#1027);
#578=LINE('',#4631,#1028);
#579=LINE('',#4633,#1029);
#580=LINE('',#4634,#1030);
#581=LINE('',#4636,#1031);
#582=LINE('',#4638,#1032);
#583=LINE('',#4640,#1033);
#584=LINE('',#4641,#1034);
#585=LINE('',#4645,#1035);
#586=LINE('',#4646,#1036);
#587=LINE('',#4651,#1037);
#588=LINE('',#4653,#1038);
#589=LINE('',#4655,#1039);
#590=LINE('',#4656,#1040);
#591=LINE('',#4658,#1041);
#592=LINE('',#4659,#1042);
#593=LINE('',#4661,#1043);
#594=LINE('',#4662,#1044);
#595=LINE('',#4666,#1045);
#596=LINE('',#4668,#1046);
#597=LINE('',#4670,#1047);
#598=LINE('',#4671,#1048);
#599=LINE('',#4673,#1049);
#600=LINE('',#4674,#1050);
#601=LINE('',#4676,#1051);
#602=LINE('',#4677,#1052);
#603=LINE('',#4679,#1053);
#604=LINE('',#4680,#1054);
#605=LINE('',#4686,#1055);
#606=LINE('',#4688,#1056);
#607=LINE('',#4690,#1057);
#608=LINE('',#4691,#1058);
#609=LINE('',#4693,#1059);
#610=LINE('',#4694,#1060);
#611=LINE('',#4698,#1061);
#612=LINE('',#4700,#1062);
#613=LINE('',#4702,#1063);
#614=LINE('',#4703,#1064);
#615=LINE('',#4705,#1065);
#616=LINE('',#4706,#1066);
#617=LINE('',#4709,#1067);
#618=LINE('',#4711,#1068);
#619=LINE('',#4712,#1069);
#620=LINE('',#4714,#1070);
#621=LINE('',#4715,#1071);
#622=LINE('',#4719,#1072);
#623=LINE('',#4720,#1073);
#624=LINE('',#4724,#1074);
#625=LINE('',#4726,#1075);
#626=LINE('',#4728,#1076);
#627=LINE('',#4729,#1077);
#628=LINE('',#4731,#1078);
#629=LINE('',#4732,#1079);
#630=LINE('',#4734,#1080);
#631=LINE('',#4735,#1081);
#632=LINE('',#4737,#1082);
#633=LINE('',#4738,#1083);
#634=LINE('',#4742,#1084);
#635=LINE('',#4746,#1085);
#636=LINE('',#4748,#1086);
#637=LINE('',#4750,#1087);
#638=LINE('',#4751,#1088);
#639=LINE('',#4753,#1089);
#640=LINE('',#4754,#1090);
#641=LINE('',#4757,#1091);
#642=LINE('',#4759,#1092);
#643=LINE('',#4760,#1093);
#644=LINE('',#4762,#1094);
#645=LINE('',#4764,#1095);
#646=LINE('',#4766,#1096);
#647=LINE('',#4767,#1097);
#648=LINE('',#4773,#1098);
#649=LINE('',#4774,#1099);
#650=LINE('',#4775,#1100);
#651=LINE('',#4777,#1101);
#652=LINE('',#4779,#1102);
#653=LINE('',#4780,#1103);
#654=LINE('',#4784,#1104);
#655=LINE('',#4786,#1105);
#656=LINE('',#4788,#1106);
#657=LINE('',#4789,#1107);
#658=LINE('',#4791,#1108);
#659=LINE('',#4792,#1109);
#660=LINE('',#4796,#1110);
#661=LINE('',#4798,#1111);
#662=LINE('',#4800,#1112);
#663=LINE('',#4801,#1113);
#664=LINE('',#4803,#1114);
#665=LINE('',#4804,#1115);
#666=LINE('',#4806,#1116);
#667=LINE('',#4807,#1117);
#668=LINE('',#4813,#1118);
#669=LINE('',#4815,#1119);
#670=LINE('',#4817,#1120);
#671=LINE('',#4818,#1121);
#672=LINE('',#4820,#1122);
#673=LINE('',#4821,#1123);
#674=LINE('',#4823,#1124);
#675=LINE('',#4824,#1125);
#676=LINE('',#4828,#1126);
#677=LINE('',#4830,#1127);
#678=LINE('',#4832,#1128);
#679=LINE('',#4833,#1129);
#680=LINE('',#4835,#1130);
#681=LINE('',#4836,#1131);
#682=LINE('',#4838,#1132);
#683=LINE('',#4839,#1133);
#684=LINE('',#4841,#1134);
#685=LINE('',#4842,#1135);
#686=LINE('',#4845,#1136);
#687=LINE('',#4846,#1137);
#688=LINE('',#4850,#1138);
#689=LINE('',#4852,#1139);
#690=LINE('',#4853,#1140);
#691=LINE('',#4855,#1141);
#692=LINE('',#4859,#1142);
#693=LINE('',#4861,#1143);
#694=LINE('',#4863,#1144);
#695=LINE('',#4864,#1145);
#696=LINE('',#4866,#1146);
#697=LINE('',#4867,#1147);
#698=LINE('',#4869,#1148);
#699=LINE('',#4871,#1149);
#700=LINE('',#4872,#1150);
#701=LINE('',#4878,#1151);
#702=LINE('',#4880,#1152);
#703=LINE('',#4882,#1153);
#704=LINE('',#4883,#1154);
#705=LINE('',#4885,#1155);
#706=LINE('',#4886,#1156);
#707=LINE('',#4888,#1157);
#708=LINE('',#4889,#1158);
#709=LINE('',#4891,#1159);
#710=LINE('',#4892,#1160);
#711=LINE('',#4895,#1161);
#712=LINE('',#4896,#1162);
#713=LINE('',#4898,#1163);
#714=LINE('',#4899,#1164);
#715=LINE('',#4904,#1165);
#716=LINE('',#4905,#1166);
#717=LINE('',#4906,#1167);
#718=LINE('',#4909,#1168);
#719=LINE('',#4911,#1169);
#720=LINE('',#4912,#1170);
#721=LINE('',#4915,#1171);
#722=LINE('',#4917,#1172);
#723=LINE('',#4918,#1173);
#724=LINE('',#4921,#1174);
#725=LINE('',#4923,#1175);
#726=LINE('',#4924,#1176);
#727=LINE('',#4928,#1177);
#728=LINE('',#4929,#1178);
#729=LINE('',#4930,#1179);
#730=LINE('',#4934,#1180);
#731=LINE('',#4935,#1181);
#732=LINE('',#4936,#1182);
#733=LINE('',#4940,#1183);
#734=LINE('',#4941,#1184);
#735=LINE('',#4942,#1185);
#736=LINE('',#4946,#1186);
#737=LINE('',#4947,#1187);
#738=LINE('',#4948,#1188);
#739=LINE('',#4950,#1189);
#740=LINE('',#4951,#1190);
#741=LINE('',#4953,#1191);
#742=LINE('',#4954,#1192);
#743=LINE('',#4956,#1193);
#744=LINE('',#4957,#1194);
#745=LINE('',#4959,#1195);
#746=LINE('',#4960,#1196);
#747=LINE('',#4962,#1197);
#748=LINE('',#4963,#1198);
#749=LINE('',#4965,#1199);
#750=LINE('',#4966,#1200);
#751=LINE('',#4968,#1201);
#752=LINE('',#4969,#1202);
#753=LINE('',#4971,#1203);
#754=LINE('',#4972,#1204);
#755=LINE('',#4975,#1205);
#756=LINE('',#4977,#1206);
#757=LINE('',#4979,#1207);
#758=LINE('',#4980,#1208);
#759=LINE('',#4982,#1209);
#760=LINE('',#4983,#1210);
#761=LINE('',#4985,#1211);
#762=LINE('',#4986,#1212);
#763=LINE('',#4989,#1213);
#764=LINE('',#4990,#1214);
#765=LINE('',#4993,#1215);
#766=LINE('',#4994,#1216);
#767=LINE('',#4996,#1217);
#768=LINE('',#5000,#1218);
#769=LINE('',#5001,#1219);
#770=LINE('',#5004,#1220);
#771=LINE('',#5005,#1221);
#772=LINE('',#5007,#1222);
#773=VECTOR('',#3351,2.424888133);
#774=VECTOR('',#3352,0.828220157011428);
#775=VECTOR('',#3353,2.639247214);
#776=VECTOR('',#3354,0.799999237);
#777=VECTOR('',#3357,0.500001907000025);
#778=VECTOR('',#3358,2.639247373);
#779=VECTOR('',#3359,0.500001907);
#780=VECTOR('',#3362,4.782842322);
#781=VECTOR('',#3363,0.500001907000025);
#782=VECTOR('',#3364,4.782842162);
#783=VECTOR('',#3365,0.500001907);
#784=VECTOR('',#3368,4.782839227);
#785=VECTOR('',#3369,0.500001907000095);
#786=VECTOR('',#3370,4.782839535);
#787=VECTOR('',#3371,0.500001907);
#788=VECTOR('',#3374,3.175145242);
#789=VECTOR('',#3375,0.500001907000095);
#790=VECTOR('',#3376,3.17514555);
#791=VECTOR('',#3377,0.500001907);
#792=VECTOR('',#3380,3.443094325);
#793=VECTOR('',#3381,0.500001907000095);
#794=VECTOR('',#3382,3.443094017);
#795=VECTOR('',#3383,0.500001907);
#796=VECTOR('',#3386,3.175146745);
#797=VECTOR('',#3387,0.500001907000025);
#798=VECTOR('',#3388,3.175146586);
#799=VECTOR('',#3389,0.500001907);
#800=VECTOR('',#3392,3.443095641);
#801=VECTOR('',#3393,0.500001907000025);
#802=VECTOR('',#3394,3.4430958);
#803=VECTOR('',#3395,0.500001907);
#804=VECTOR('',#3398,3.978991596);
#805=VECTOR('',#3399,0.500001907000095);
#806=VECTOR('',#3400,3.978991904);
#807=VECTOR('',#3401,0.500001907);
#808=VECTOR('',#3404,4.246941956);
#809=VECTOR('',#3405,0.500001907000095);
#810=VECTOR('',#3406,4.246941647);
#811=VECTOR('',#3407,0.500001907);
#812=VECTOR('',#3410,2.639246385);
#813=VECTOR('',#3411,0.828220122979546);
#814=VECTOR('',#3412,2.424887358);
#815=VECTOR('',#3413,0.799999237);
#816=VECTOR('',#3416,2.639246693);
#817=VECTOR('',#3417,0.500001907000095);
#818=VECTOR('',#3418,0.500001907);
#819=VECTOR('',#3421,4.246944068);
#820=VECTOR('',#3422,0.500001907000025);
#821=VECTOR('',#3423,4.246944228);
#822=VECTOR('',#3424,0.500001907);
#823=VECTOR('',#3427,3.978993895);
#824=VECTOR('',#3428,0.500001907000025);
#825=VECTOR('',#3429,3.978993735);
#826=VECTOR('',#3430,0.500001907);
#827=VECTOR('',#3433,5.57905674);
#828=VECTOR('',#3434,94.700574875);
#829=VECTOR('',#3435,5.57905674);
#830=VECTOR('',#3436,10.04999876);
#831=VECTOR('',#3437,4.020938873);
#832=VECTOR('',#3438,74.600002766);
#833=VECTOR('',#3439,4.020938873);
#834=VECTOR('',#3440,10.050573349);
#835=VECTOR('',#3443,2.07055535902857);
#836=VECTOR('',#3444,2.000002861);
#837=VECTOR('',#3447,7.286187697);
#838=VECTOR('',#3448,2.0705503687874);
#839=VECTOR('',#3449,8.357983494);
#840=VECTOR('',#3450,2.07055040476954);
#841=VECTOR('',#3453,2.07055039142841);
#842=VECTOR('',#3454,8.357984247);
#843=VECTOR('',#3455,2.07055034651052);
#844=VECTOR('',#3456,7.28618863);
#845=VECTOR('',#3459,2.07055535222333);
#846=VECTOR('',#3460,6.750289089);
#847=VECTOR('',#3461,2.0705553363106);
#848=VECTOR('',#3462,5.678490612);
#849=VECTOR('',#3465,7.286188513);
#850=VECTOR('',#3466,2.07055042130028);
#851=VECTOR('',#3467,8.357984194);
#852=VECTOR('',#3468,2.07055031942841);
#853=VECTOR('',#3471,2.07055037381042);
#854=VECTOR('',#3472,8.357983431);
#855=VECTOR('',#3473,2.07055040159779);
#856=VECTOR('',#3474,7.286187677);
#857=VECTOR('',#3477,0.828220210839115);
#858=VECTOR('',#3478,0.500001907);
#859=VECTOR('',#3479,2.07055533706189);
#860=VECTOR('',#3480,0.500001907);
#861=VECTOR('',#3481,1.03527525479889);
#862=VECTOR('',#3482,0.500001907);
#863=VECTOR('',#3483,0.500001907);
#864=VECTOR('',#3484,1.03528019153095);
#865=VECTOR('',#3485,0.500001907);
#866=VECTOR('',#3486,2.07055040059779);
#867=VECTOR('',#3487,0.500001907);
#868=VECTOR('',#3488,0.828215311053474);
#869=VECTOR('',#3489,1.000001431);
#870=VECTOR('',#3490,9.93864710806937);
#871=VECTOR('',#3491,1.000001431);
#872=VECTOR('',#3494,9.93864638089001);
#873=VECTOR('',#3495,1.000001431);
#874=VECTOR('',#3496,0.828215140738529);
#875=VECTOR('',#3497,0.500001907);
#876=VECTOR('',#3498,2.07055037181042);
#877=VECTOR('',#3499,0.500001907);
#878=VECTOR('',#3500,1.03528004640521);
#879=VECTOR('',#3501,0.500001907);
#880=VECTOR('',#3502,0.500001907);
#881=VECTOR('',#3503,1.03527510940521);
#882=VECTOR('',#3504,0.500001907);
#883=VECTOR('',#3505,2.07055530981042);
#884=VECTOR('',#3506,0.500001907);
#885=VECTOR('',#3507,0.828220026324167);
#886=VECTOR('',#3508,1.000001431);
#887=VECTOR('',#3511,2.07055528494886);
#888=VECTOR('',#3512,2.000002861);
#889=VECTOR('',#3515,1.03527511324238);
#890=VECTOR('',#3516,2.07055034794886);
#891=VECTOR('',#3517,1.03528004897443);
#892=VECTOR('',#3518,2.07055034894886);
#893=VECTOR('',#3519,0.828215228193904);
#894=VECTOR('',#3520,1.000001431);
#895=VECTOR('',#3521,9.93864649375455);
#896=VECTOR('',#3522,1.000001431);
#897=VECTOR('',#3525,5.678492077);
#898=VECTOR('',#3526,2.07055031481042);
#899=VECTOR('',#3527,6.750287429);
#900=VECTOR('',#3528,2.07055034806943);
#901=VECTOR('',#3531,5.678492471);
#902=VECTOR('',#3532,2.07055036142841);
#903=VECTOR('',#3533,6.75028819);
#904=VECTOR('',#3534,2.07055038841055);
#905=VECTOR('',#3537,2.07055042202857);
#906=VECTOR('',#3538,1.999998092);
#907=VECTOR('',#3541,2.07055041622333);
#908=VECTOR('',#3542,9.96567941);
#909=VECTOR('',#3543,2.0705504003106);
#910=VECTOR('',#3544,8.893883488);
#911=VECTOR('',#3547,1.999998093);
#912=VECTOR('',#3550,8.893882041);
#913=VECTOR('',#3551,2.07055535830028);
#914=VECTOR('',#3552,9.965680277);
#915=VECTOR('',#3553,2.07055525542841);
#916=VECTOR('',#3556,8.893881347);
#917=VECTOR('',#3557,2.0705553057874);
#918=VECTOR('',#3558,9.965679699);
#919=VECTOR('',#3559,2.07055534076954);
#920=VECTOR('',#3562,8.893882195);
#921=VECTOR('',#3563,2.07055529742841);
#922=VECTOR('',#3564,9.965680469);
#923=VECTOR('',#3565,2.07055532541056);
#924=VECTOR('',#3568,8.893880697);
#925=VECTOR('',#3569,2.07055524981042);
#926=VECTOR('',#3570,9.965678604);
#927=VECTOR('',#3571,2.07055528306943);
#928=VECTOR('',#3574,8.893883776);
#929=VECTOR('',#3575,9.96567953);
#930=VECTOR('',#3578,2.07055034751052);
#931=VECTOR('',#3579,8.89388464);
#932=VECTOR('',#3580,2.07055039142841);
#933=VECTOR('',#3581,9.965680258);
#934=VECTOR('',#3584,0.828220196804207);
#935=VECTOR('',#3585,0.500001907);
#936=VECTOR('',#3586,2.07055528351052);
#937=VECTOR('',#3587,0.500001907);
#938=VECTOR('',#3588,1.03527523475526);
#939=VECTOR('',#3589,0.500001907);
#940=VECTOR('',#3590,0.500001907);
#941=VECTOR('',#3591,1.03528017175526);
#942=VECTOR('',#3592,0.500001907);
#943=VECTOR('',#3593,0.500001907);
#944=VECTOR('',#3594,0.828215300804208);
#945=VECTOR('',#3595,1.000001431);
#946=VECTOR('',#3596,9.93864688165048);
#947=VECTOR('',#3597,1.000001431);
#948=VECTOR('',#3600,9.93864657005637);
#949=VECTOR('',#3601,1.000001431);
#950=VECTOR('',#3602,0.828215169385722);
#951=VECTOR('',#3603,0.500001907);
#952=VECTOR('',#3604,0.500001907);
#953=VECTOR('',#3605,1.03528007794626);
#954=VECTOR('',#3606,0.500001907);
#955=VECTOR('',#3607,0.500001907);
#956=VECTOR('',#3608,1.03527514121421);
#957=VECTOR('',#3609,0.500001907);
#958=VECTOR('',#3610,2.07055532789252);
#959=VECTOR('',#3611,0.500001907);
#960=VECTOR('',#3612,0.828220069171365);
#961=VECTOR('',#3613,1.000001431);
#962=VECTOR('',#3616,5.678491493);
#963=VECTOR('',#3617,2.0705503687874);
#964=VECTOR('',#3618,6.750287289);
#965=VECTOR('',#3619,2.07055040476954);
#966=VECTOR('',#3622,0.828220135700599);
#967=VECTOR('',#3623,0.500001907);
#968=VECTOR('',#3624,0.500001907);
#969=VECTOR('',#3625,1.0352751718937);
#970=VECTOR('',#3626,0.500001907);
#971=VECTOR('',#3627,0.500001907);
#972=VECTOR('',#3628,1.03528010762575);
#973=VECTOR('',#3629,0.500001907);
#974=VECTOR('',#3630,0.500001907);
#975=VECTOR('',#3631,0.828215190914959);
#976=VECTOR('',#3632,1.000001431);
#977=VECTOR('',#3633,9.9386466499795);
#978=VECTOR('',#3634,1.000001431);
#979=VECTOR('',#3637,5.67849243);
#980=VECTOR('',#3638,2.07055042230028);
#981=VECTOR('',#3639,6.750288111);
#982=VECTOR('',#3640,2.07055031942841);
#983=VECTOR('',#3643,1.999998093);
#984=VECTOR('',#3646,7.286187664);
#985=VECTOR('',#3647,2.07055031381042);
#986=VECTOR('',#3648,8.357983017);
#987=VECTOR('',#3649,2.07055034706943);
#988=VECTOR('',#3652,5.678491579);
#989=VECTOR('',#3653,6.750289886);
#990=VECTOR('',#3656,2.0705504003106);
#991=VECTOR('',#3657,7.28618705);
#992=VECTOR('',#3658,2.07055041622333);
#993=VECTOR('',#3659,8.357982972);
#994=VECTOR('',#3662,0.828220205724239);
#995=VECTOR('',#3663,0.500001907);
#996=VECTOR('',#3664,0.500001907);
#997=VECTOR('',#3665,1.0352752486553);
#998=VECTOR('',#3666,0.500001907);
#999=VECTOR('',#3667,0.500001907);
#1000=VECTOR('',#3668,1.0352801856553);
#1001=VECTOR('',#3669,0.500001907);
#1002=VECTOR('',#3670,0.500001907);
#1003=VECTOR('',#3671,0.8282153019386);
#1004=VECTOR('',#3672,1.000001431);
#1005=VECTOR('',#3673,9.93864707869087);
#1006=VECTOR('',#3674,1.000001431);
#1007=VECTOR('',#3677,9.93864671127198);
#1008=VECTOR('',#3678,1.000001431);
#1009=VECTOR('',#3679,0.828215184903692);
#1010=VECTOR('',#3680,0.500001907);
#1011=VECTOR('',#3681,0.500001907);
#1012=VECTOR('',#3682,1.03528009561166);
#1013=VECTOR('',#3683,0.500001907);
#1014=VECTOR('',#3684,0.500001907);
#1015=VECTOR('',#3685,1.03527515987961);
#1016=VECTOR('',#3686,0.500001907);
#1017=VECTOR('',#3687,0.500001907);
#1018=VECTOR('',#3688,0.828220088903691);
#1019=VECTOR('',#3689,1.000001431);
#1020=VECTOR('',#3692,7.28618861);
#1021=VECTOR('',#3693,2.07055036242841);
#1022=VECTOR('',#3694,8.35798433);
#1023=VECTOR('',#3695,2.07055038941055);
#1024=VECTOR('',#3698,6.750290793);
#1025=VECTOR('',#3699,5.678492621);
#1026=VECTOR('',#3702,2.07055042402857);
#1027=VECTOR('',#3703,1.999998093);
#1028=VECTOR('',#3706,8.357983545);
#1029=VECTOR('',#3707,8.893881399);
#1030=VECTOR('',#3708,1.03527521988477);
#1031=VECTOR('',#3711,0.500001907000007);
#1032=VECTOR('',#3714,0.500001907000007);
#1033=VECTOR('',#3717,8.89388434);
#1034=VECTOR('',#3718,8.357983948);
#1035=VECTOR('',#3725,5.678491241);
#1036=VECTOR('',#3726,5.249773218);
#1037=VECTOR('',#3731,8.357982964);
#1038=VECTOR('',#3732,1.03527516940521);
#1039=VECTOR('',#3733,8.893880644);
#1040=VECTOR('',#3734,1.03527517653472);
#1041=VECTOR('',#3737,0.500001907000004);
#1042=VECTOR('',#3738,0.500001907);
#1043=VECTOR('',#3741,0.500001907000004);
#1044=VECTOR('',#3742,0.500001907);
#1045=VECTOR('',#3745,8.357984546);
#1046=VECTOR('',#3746,1.03527517121421);
#1047=VECTOR('',#3747,8.893882412);
#1048=VECTOR('',#3748,1.03527522820528);
#1049=VECTOR('',#3751,0.500001907000002);
#1050=VECTOR('',#3752,0.500001907000028);
#1051=VECTOR('',#3755,0.500001907000002);
#1052=VECTOR('',#3756,0.500001907000028);
#1053=VECTOR('',#3759,8.893883438);
#1054=VECTOR('',#3760,8.357983094);
#1055=VECTOR('',#3767,0.828215183324166);
#1056=VECTOR('',#3768,5.678492024);
#1057=VECTOR('',#3769,0.828215202627775);
#1058=VECTOR('',#3770,5.249776501);
#1059=VECTOR('',#3773,0.500001907000004);
#1060=VECTOR('',#3774,0.500001907);
#1061=VECTOR('',#3777,0.828215212171364);
#1062=VECTOR('',#3778,5.678492687);
#1063=VECTOR('',#3779,0.828215228164221);
#1064=VECTOR('',#3780,5.249776905);
#1065=VECTOR('',#3783,0.500001907000002);
#1066=VECTOR('',#3784,0.500001907000028);
#1067=VECTOR('',#3787,0.828215242011428);
#1068=VECTOR('',#3788,4.997200125);
#1069=VECTOR('',#3789,0.799994469);
#1070=VECTOR('',#3792,9.965679158);
#1071=VECTOR('',#3793,10.394395099);
#1072=VECTOR('',#3798,4.997197286);
#1073=VECTOR('',#3799,0.799994469);
#1074=VECTOR('',#3802,6.750288541);
#1075=VECTOR('',#3803,1.03528011565014);
#1076=VECTOR('',#3804,7.286188943);
#1077=VECTOR('',#3805,1.03528015021421);
#1078=VECTOR('',#3808,0.500001907000025);
#1079=VECTOR('',#3809,0.500001907000073);
#1080=VECTOR('',#3812,0.500001907000025);
#1081=VECTOR('',#3813,0.500001907000073);
#1082=VECTOR('',#3816,6.750288838);
#1083=VECTOR('',#3817,7.286186798);
#1084=VECTOR('',#3824,0.999999047);
#1085=VECTOR('',#3827,0.828220106171365);
#1086=VECTOR('',#3828,9.965680707);
#1087=VECTOR('',#3829,0.828220160720113);
#1088=VECTOR('',#3830,10.39439871);
#1089=VECTOR('',#3833,0.500001907000025);
#1090=VECTOR('',#3834,0.500001907000073);
#1091=VECTOR('',#3837,6.750287341);
#1092=VECTOR('',#3838,7.286187749);
#1093=VECTOR('',#3839,1.03528015688477);
#1094=VECTOR('',#3842,0.500001907000007);
#1095=VECTOR('',#3845,0.500001907000007);
#1096=VECTOR('',#3848,7.28618833);
#1097=VECTOR('',#3849,6.750290494);
#1098=VECTOR('',#3856,0.828220155907816);
#1099=VECTOR('',#3857,9.965679751);
#1100=VECTOR('',#3858,10.39439794);
#1101=VECTOR('',#3861,0.500001907000007);
#1102=VECTOR('',#3864,1.03527524401428);
#1103=VECTOR('',#3865,0.999999046);
#1104=VECTOR('',#3868,0.828220142164222);
#1105=VECTOR('',#3869,9.965680686);
#1106=VECTOR('',#3870,0.828220142171364);
#1107=VECTOR('',#3871,10.394398807);
#1108=VECTOR('',#3874,0.500001907000002);
#1109=VECTOR('',#3875,0.500001907000028);
#1110=VECTOR('',#3878,0.828220138627773);
#1111=VECTOR('',#3879,9.965678551);
#1112=VECTOR('',#3880,0.828220129324167);
#1113=VECTOR('',#3881,10.394396683);
#1114=VECTOR('',#3884,0.500001907000004);
#1115=VECTOR('',#3885,0.500001907);
#1116=VECTOR('',#3888,6.750289549);
#1117=VECTOR('',#3889,7.286187339);
#1118=VECTOR('',#3896,6.750288406);
#1119=VECTOR('',#3897,1.03528010721421);
#1120=VECTOR('',#3898,7.286188827);
#1121=VECTOR('',#3899,1.03528016420528);
#1122=VECTOR('',#3902,0.500001907000002);
#1123=VECTOR('',#3903,0.500001907000028);
#1124=VECTOR('',#3906,0.500001907000002);
#1125=VECTOR('',#3907,0.500001907000028);
#1126=VECTOR('',#3910,6.750287376);
#1127=VECTOR('',#3911,1.03528010540521);
#1128=VECTOR('',#3912,7.286187611);
#1129=VECTOR('',#3913,1.03528011153471);
#1130=VECTOR('',#3916,0.500001907000004);
#1131=VECTOR('',#3917,0.500001907);
#1132=VECTOR('',#3920,0.500001907000004);
#1133=VECTOR('',#3921,0.500001907);
#1134=VECTOR('',#3924,9.965679192);
#1135=VECTOR('',#3925,10.394394999);
#1136=VECTOR('',#3930,9.965679958);
#1137=VECTOR('',#3931,10.394395837);
#1138=VECTOR('',#3936,5.678491545);
#1139=VECTOR('',#3937,0.828215229907817);
#1140=VECTOR('',#3938,5.249775859);
#1141=VECTOR('',#3941,0.500001907000007);
#1142=VECTOR('',#3944,0.828215245720115);
#1143=VECTOR('',#3945,5.67849286);
#1144=VECTOR('',#3946,0.828215206171364);
#1145=VECTOR('',#3947,5.249776982);
#1146=VECTOR('',#3950,0.500001907000025);
#1147=VECTOR('',#3951,0.500001907000073);
#1148=VECTOR('',#3954,1.000003815);
#1149=VECTOR('',#3957,8.893883236);
#1150=VECTOR('',#3958,8.357982721);
#1151=VECTOR('',#3965,8.357984624);
#1152=VECTOR('',#3966,1.03527517965014);
#1153=VECTOR('',#3967,8.893882471);
#1154=VECTOR('',#3968,1.03527521421421);
#1155=VECTOR('',#3971,0.500001907000025);
#1156=VECTOR('',#3972,0.500001907000073);
#1157=VECTOR('',#3975,0.500001907000025);
#1158=VECTOR('',#3976,0.500001907000073);
#1159=VECTOR('',#3979,5.678490362);
#1160=VECTOR('',#3980,5.249772118);
#1161=VECTOR('',#3985,1.03528018001428);
#1162=VECTOR('',#3986,1.000003815);
#1163=VECTOR('',#3989,5.678492322);
#1164=VECTOR('',#3990,5.249774188);
#1165=VECTOR('',#3995,9.93864702813713);
#1166=VECTOR('',#3996,1.000001431);
#1167=VECTOR('',#3997,1.000001431);
#1168=VECTOR('',#4000,1.000001431);
#1169=VECTOR('',#4001,9.93864665605637);
#1170=VECTOR('',#4002,1.000001431);
#1171=VECTOR('',#4005,1.000001431);
#1172=VECTOR('',#4006,9.93864690164135);
#1173=VECTOR('',#4007,1.000001431);
#1174=VECTOR('',#4010,1.000001431);
#1175=VECTOR('',#4011,9.93864646589001);
#1176=VECTOR('',#4012,1.000001431);
#1177=VECTOR('',#4015,9.93864660653328);
#1178=VECTOR('',#4016,1.000001431);
#1179=VECTOR('',#4017,1.000001431);
#1180=VECTOR('',#4020,9.93864657005637);
#1181=VECTOR('',#4021,1.000001431);
#1182=VECTOR('',#4022,1.000001431);
#1183=VECTOR('',#4025,9.93864686697066);
#1184=VECTOR('',#4026,1.000001431);
#1185=VECTOR('',#4027,1.000001431);
#1186=VECTOR('',#4030,9.93864691289379);
#1187=VECTOR('',#4031,1.000001431);
#1188=VECTOR('',#4032,1.000001431);
#1189=VECTOR('',#4035,1.552913151);
#1190=VECTOR('',#4036,1.55291461);
#1191=VECTOR('',#4039,1.552914046);
#1192=VECTOR('',#4040,1.552913715);
#1193=VECTOR('',#4043,1.552914859);
#1194=VECTOR('',#4044,1.552914124);
#1195=VECTOR('',#4047,1.552914737);
#1196=VECTOR('',#4048,1.552914407);
#1197=VECTOR('',#4051,1.552914336);
#1198=VECTOR('',#4052,1.552913887);
#1199=VECTOR('',#4055,1.552912738);
#1200=VECTOR('',#4056,1.552914832);
#1201=VECTOR('',#4059,1.552913744);
#1202=VECTOR('',#4060,1.552914585);
#1203=VECTOR('',#4063,1.552913938);
#1204=VECTOR('',#4064,1.552913824);
#1205=VECTOR('',#4067,1.699999332);
#1206=VECTOR('',#4068,1.699999332);
#1207=VECTOR('',#4069,10.04999876);
#1208=VECTOR('',#4070,1.79999876);
#1209=VECTOR('',#4071,1.79999876);
#1210=VECTOR('',#4072,10.050573349);
#1211=VECTOR('',#4075,3.499998093);
#1212=VECTOR('',#4076,3.499998093);
#1213=VECTOR('',#4079,5.57905674);
#1214=VECTOR('',#4080,1.79999876);
#1215=VECTOR('',#4083,10.04999876);
#1216=VECTOR('',#4084,1.79999876);
#1217=VECTOR('',#4087,5.57905674);
#1218=VECTOR('',#4092,1.79999876);
#1219=VECTOR('',#4093,5.57905674);
#1220=VECTOR('',#4096,1.79999876);
#1221=VECTOR('',#4097,10.050573349);
#1222=VECTOR('',#4100,5.57905674);
#1223=VERTEX_POINT('',#4108);
#1224=VERTEX_POINT('',#4109);
#1225=VERTEX_POINT('',#4111);
#1226=VERTEX_POINT('',#4113);
#1227=VERTEX_POINT('',#4117);
#1228=VERTEX_POINT('',#4119);
#1229=VERTEX_POINT('',#4123);
#1230=VERTEX_POINT('',#4124);
#1231=VERTEX_POINT('',#4126);
#1232=VERTEX_POINT('',#4128);
#1233=VERTEX_POINT('',#4132);
#1234=VERTEX_POINT('',#4133);
#1235=VERTEX_POINT('',#4135);
#1236=VERTEX_POINT('',#4137);
#1237=VERTEX_POINT('',#4141);
#1238=VERTEX_POINT('',#4142);
#1239=VERTEX_POINT('',#4144);
#1240=VERTEX_POINT('',#4146);
#1241=VERTEX_POINT('',#4150);
#1242=VERTEX_POINT('',#4151);
#1243=VERTEX_POINT('',#4153);
#1244=VERTEX_POINT('',#4155);
#1245=VERTEX_POINT('',#4159);
#1246=VERTEX_POINT('',#4160);
#1247=VERTEX_POINT('',#4162);
#1248=VERTEX_POINT('',#4164);
#1249=VERTEX_POINT('',#4168);
#1250=VERTEX_POINT('',#4169);
#1251=VERTEX_POINT('',#4171);
#1252=VERTEX_POINT('',#4173);
#1253=VERTEX_POINT('',#4177);
#1254=VERTEX_POINT('',#4178);
#1255=VERTEX_POINT('',#4180);
#1256=VERTEX_POINT('',#4182);
#1257=VERTEX_POINT('',#4186);
#1258=VERTEX_POINT('',#4187);
#1259=VERTEX_POINT('',#4189);
#1260=VERTEX_POINT('',#4191);
#1261=VERTEX_POINT('',#4195);
#1262=VERTEX_POINT('',#4196);
#1263=VERTEX_POINT('',#4198);
#1264=VERTEX_POINT('',#4200);
#1265=VERTEX_POINT('',#4204);
#1266=VERTEX_POINT('',#4205);
#1267=VERTEX_POINT('',#4210);
#1268=VERTEX_POINT('',#4211);
#1269=VERTEX_POINT('',#4213);
#1270=VERTEX_POINT('',#4215);
#1271=VERTEX_POINT('',#4219);
#1272=VERTEX_POINT('',#4220);
#1273=VERTEX_POINT('',#4222);
#1274=VERTEX_POINT('',#4224);
#1275=VERTEX_POINT('',#4228);
#1276=VERTEX_POINT('',#4229);
#1277=VERTEX_POINT('',#4231);
#1278=VERTEX_POINT('',#4233);
#1279=VERTEX_POINT('',#4235);
#1280=VERTEX_POINT('',#4237);
#1281=VERTEX_POINT('',#4239);
#1282=VERTEX_POINT('',#4241);
#1283=VERTEX_POINT('',#4248);
#1284=VERTEX_POINT('',#4249);
#1285=VERTEX_POINT('',#4251);
#1286=VERTEX_POINT('',#4253);
#1287=VERTEX_POINT('',#4257);
#1288=VERTEX_POINT('',#4258);
#1289=VERTEX_POINT('',#4260);
#1290=VERTEX_POINT('',#4262);
#1291=VERTEX_POINT('',#4266);
#1292=VERTEX_POINT('',#4267);
#1293=VERTEX_POINT('',#4269);
#1294=VERTEX_POINT('',#4271);
#1295=VERTEX_POINT('',#4275);
#1296=VERTEX_POINT('',#4276);
#1297=VERTEX_POINT('',#4278);
#1298=VERTEX_POINT('',#4280);
#1299=VERTEX_POINT('',#4284);
#1300=VERTEX_POINT('',#4285);
#1301=VERTEX_POINT('',#4287);
#1302=VERTEX_POINT('',#4289);
#1303=VERTEX_POINT('',#4293);
#1304=VERTEX_POINT('',#4294);
#1305=VERTEX_POINT('',#4296);
#1306=VERTEX_POINT('',#4298);
#1307=VERTEX_POINT('',#4300);
#1308=VERTEX_POINT('',#4302);
#1309=VERTEX_POINT('',#4305);
#1310=VERTEX_POINT('',#4307);
#1311=VERTEX_POINT('',#4309);
#1312=VERTEX_POINT('',#4311);
#1313=VERTEX_POINT('',#4313);
#1314=VERTEX_POINT('',#4315);
#1315=VERTEX_POINT('',#4317);
#1316=VERTEX_POINT('',#4319);
#1317=VERTEX_POINT('',#4323);
#1318=VERTEX_POINT('',#4324);
#1319=VERTEX_POINT('',#4326);
#1320=VERTEX_POINT('',#4328);
#1321=VERTEX_POINT('',#4330);
#1322=VERTEX_POINT('',#4332);
#1323=VERTEX_POINT('',#4334);
#1324=VERTEX_POINT('',#4336);
#1325=VERTEX_POINT('',#4339);
#1326=VERTEX_POINT('',#4341);
#1327=VERTEX_POINT('',#4343);
#1328=VERTEX_POINT('',#4345);
#1329=VERTEX_POINT('',#4347);
#1330=VERTEX_POINT('',#4349);
#1331=VERTEX_POINT('',#4360);
#1332=VERTEX_POINT('',#4362);
#1333=VERTEX_POINT('',#4364);
#1334=VERTEX_POINT('',#4368);
#1335=VERTEX_POINT('',#4369);
#1336=VERTEX_POINT('',#4371);
#1337=VERTEX_POINT('',#4373);
#1338=VERTEX_POINT('',#4377);
#1339=VERTEX_POINT('',#4378);
#1340=VERTEX_POINT('',#4380);
#1341=VERTEX_POINT('',#4382);
#1342=VERTEX_POINT('',#4389);
#1343=VERTEX_POINT('',#4390);
#1344=VERTEX_POINT('',#4392);
#1345=VERTEX_POINT('',#4394);
#1346=VERTEX_POINT('',#4400);
#1347=VERTEX_POINT('',#4401);
#1348=VERTEX_POINT('',#4403);
#1349=VERTEX_POINT('',#4405);
#1350=VERTEX_POINT('',#4409);
#1351=VERTEX_POINT('',#4410);
#1352=VERTEX_POINT('',#4412);
#1353=VERTEX_POINT('',#4414);
#1354=VERTEX_POINT('',#4418);
#1355=VERTEX_POINT('',#4419);
#1356=VERTEX_POINT('',#4421);
#1357=VERTEX_POINT('',#4423);
#1358=VERTEX_POINT('',#4427);
#1359=VERTEX_POINT('',#4428);
#1360=VERTEX_POINT('',#4430);
#1361=VERTEX_POINT('',#4432);
#1362=VERTEX_POINT('',#4439);
#1363=VERTEX_POINT('',#4440);
#1364=VERTEX_POINT('',#4442);
#1365=VERTEX_POINT('',#4444);
#1366=VERTEX_POINT('',#4448);
#1367=VERTEX_POINT('',#4449);
#1368=VERTEX_POINT('',#4451);
#1369=VERTEX_POINT('',#4453);
#1370=VERTEX_POINT('',#4455);
#1371=VERTEX_POINT('',#4457);
#1372=VERTEX_POINT('',#4460);
#1373=VERTEX_POINT('',#4462);
#1374=VERTEX_POINT('',#4465);
#1375=VERTEX_POINT('',#4467);
#1376=VERTEX_POINT('',#4469);
#1377=VERTEX_POINT('',#4471);
#1378=VERTEX_POINT('',#4475);
#1379=VERTEX_POINT('',#4476);
#1380=VERTEX_POINT('',#4478);
#1381=VERTEX_POINT('',#4480);
#1382=VERTEX_POINT('',#4483);
#1383=VERTEX_POINT('',#4485);
#1384=VERTEX_POINT('',#4488);
#1385=VERTEX_POINT('',#4490);
#1386=VERTEX_POINT('',#4492);
#1387=VERTEX_POINT('',#4494);
#1388=VERTEX_POINT('',#4496);
#1389=VERTEX_POINT('',#4498);
#1390=VERTEX_POINT('',#4502);
#1391=VERTEX_POINT('',#4503);
#1392=VERTEX_POINT('',#4505);
#1393=VERTEX_POINT('',#4507);
#1394=VERTEX_POINT('',#4511);
#1395=VERTEX_POINT('',#4512);
#1396=VERTEX_POINT('',#4515);
#1397=VERTEX_POINT('',#4517);
#1398=VERTEX_POINT('',#4520);
#1399=VERTEX_POINT('',#4522);
#1400=VERTEX_POINT('',#4525);
#1401=VERTEX_POINT('',#4527);
#1402=VERTEX_POINT('',#4529);
#1403=VERTEX_POINT('',#4531);
#1404=VERTEX_POINT('',#4535);
#1405=VERTEX_POINT('',#4536);
#1406=VERTEX_POINT('',#4538);
#1407=VERTEX_POINT('',#4540);
#1408=VERTEX_POINT('',#4546);
#1409=VERTEX_POINT('',#4547);
#1410=VERTEX_POINT('',#4549);
#1411=VERTEX_POINT('',#4551);
#1412=VERTEX_POINT('',#4558);
#1413=VERTEX_POINT('',#4559);
#1414=VERTEX_POINT('',#4561);
#1415=VERTEX_POINT('',#4563);
#1416=VERTEX_POINT('',#4567);
#1417=VERTEX_POINT('',#4568);
#1418=VERTEX_POINT('',#4571);
#1419=VERTEX_POINT('',#4573);
#1420=VERTEX_POINT('',#4576);
#1421=VERTEX_POINT('',#4578);
#1422=VERTEX_POINT('',#4581);
#1423=VERTEX_POINT('',#4583);
#1424=VERTEX_POINT('',#4585);
#1425=VERTEX_POINT('',#4587);
#1426=VERTEX_POINT('',#4591);
#1427=VERTEX_POINT('',#4592);
#1428=VERTEX_POINT('',#4594);
#1429=VERTEX_POINT('',#4596);
#1430=VERTEX_POINT('',#4599);
#1431=VERTEX_POINT('',#4601);
#1432=VERTEX_POINT('',#4604);
#1433=VERTEX_POINT('',#4606);
#1434=VERTEX_POINT('',#4609);
#1435=VERTEX_POINT('',#4611);
#1436=VERTEX_POINT('',#4615);
#1437=VERTEX_POINT('',#4616);
#1438=VERTEX_POINT('',#4618);
#1439=VERTEX_POINT('',#4620);
#1440=VERTEX_POINT('',#4630);
#1441=VERTEX_POINT('',#4632);
#1442=VERTEX_POINT('',#4649);
#1443=VERTEX_POINT('',#4650);
#1444=VERTEX_POINT('',#4652);
#1445=VERTEX_POINT('',#4654);
#1446=VERTEX_POINT('',#4664);
#1447=VERTEX_POINT('',#4665);
#1448=VERTEX_POINT('',#4667);
#1449=VERTEX_POINT('',#4669);
#1450=VERTEX_POINT('',#4684);
#1451=VERTEX_POINT('',#4685);
#1452=VERTEX_POINT('',#4687);
#1453=VERTEX_POINT('',#4689);
#1454=VERTEX_POINT('',#4696);
#1455=VERTEX_POINT('',#4697);
#1456=VERTEX_POINT('',#4699);
#1457=VERTEX_POINT('',#4701);
#1458=VERTEX_POINT('',#4708);
#1459=VERTEX_POINT('',#4710);
#1460=VERTEX_POINT('',#4718);
#1461=VERTEX_POINT('',#4722);
#1462=VERTEX_POINT('',#4723);
#1463=VERTEX_POINT('',#4725);
#1464=VERTEX_POINT('',#4727);
#1465=VERTEX_POINT('',#4744);
#1466=VERTEX_POINT('',#4745);
#1467=VERTEX_POINT('',#4747);
#1468=VERTEX_POINT('',#4749);
#1469=VERTEX_POINT('',#4756);
#1470=VERTEX_POINT('',#4758);
#1471=VERTEX_POINT('',#4771);
#1472=VERTEX_POINT('',#4772);
#1473=VERTEX_POINT('',#4782);
#1474=VERTEX_POINT('',#4783);
#1475=VERTEX_POINT('',#4785);
#1476=VERTEX_POINT('',#4787);
#1477=VERTEX_POINT('',#4794);
#1478=VERTEX_POINT('',#4795);
#1479=VERTEX_POINT('',#4797);
#1480=VERTEX_POINT('',#4799);
#1481=VERTEX_POINT('',#4811);
#1482=VERTEX_POINT('',#4812);
#1483=VERTEX_POINT('',#4814);
#1484=VERTEX_POINT('',#4816);
#1485=VERTEX_POINT('',#4826);
#1486=VERTEX_POINT('',#4827);
#1487=VERTEX_POINT('',#4829);
#1488=VERTEX_POINT('',#4831);
#1489=VERTEX_POINT('',#4849);
#1490=VERTEX_POINT('',#4851);
#1491=VERTEX_POINT('',#4857);
#1492=VERTEX_POINT('',#4858);
#1493=VERTEX_POINT('',#4860);
#1494=VERTEX_POINT('',#4862);
#1495=VERTEX_POINT('',#4876);
#1496=VERTEX_POINT('',#4877);
#1497=VERTEX_POINT('',#4879);
#1498=VERTEX_POINT('',#4881);
#1499=VERTEX_POINT('',#4902);
#1500=VERTEX_POINT('',#4903);
#1501=VERTEX_POINT('',#4908);
#1502=VERTEX_POINT('',#4910);
#1503=VERTEX_POINT('',#4914);
#1504=VERTEX_POINT('',#4916);
#1505=VERTEX_POINT('',#4920);
#1506=VERTEX_POINT('',#4922);
#1507=VERTEX_POINT('',#4926);
#1508=VERTEX_POINT('',#4927);
#1509=VERTEX_POINT('',#4932);
#1510=VERTEX_POINT('',#4933);
#1511=VERTEX_POINT('',#4938);
#1512=VERTEX_POINT('',#4939);
#1513=VERTEX_POINT('',#4944);
#1514=VERTEX_POINT('',#4945);
#1515=VERTEX_POINT('',#4974);
#1516=VERTEX_POINT('',#4976);
#1517=VERTEX_POINT('',#4978);
#1518=VERTEX_POINT('',#4981);
#1519=VERTEX_POINT('',#4988);
#1520=VERTEX_POINT('',#4992);
#1521=VERTEX_POINT('',#4999);
#1522=VERTEX_POINT('',#5003);
#1523=EDGE_CURVE('',#1223,#1224,#323,.T.);
#1524=EDGE_CURVE('',#1225,#1223,#324,.T.);
#1525=EDGE_CURVE('',#1226,#1225,#325,.T.);
#1526=EDGE_CURVE('',#1224,#1226,#326,.T.);
#1527=EDGE_CURVE('',#1227,#1225,#327,.T.);
#1528=EDGE_CURVE('',#1228,#1227,#328,.T.);
#1529=EDGE_CURVE('',#1226,#1228,#329,.T.);
#1530=EDGE_CURVE('',#1229,#1230,#330,.T.);
#1531=EDGE_CURVE('',#1231,#1229,#331,.T.);
#1532=EDGE_CURVE('',#1232,#1231,#332,.T.);
#1533=EDGE_CURVE('',#1230,#1232,#333,.T.);
#1534=EDGE_CURVE('',#1233,#1234,#334,.T.);
#1535=EDGE_CURVE('',#1235,#1233,#335,.T.);
#1536=EDGE_CURVE('',#1236,#1235,#336,.T.);
#1537=EDGE_CURVE('',#1234,#1236,#337,.T.);
#1538=EDGE_CURVE('',#1237,#1238,#338,.T.);
#1539=EDGE_CURVE('',#1239,#1237,#339,.T.);
#1540=EDGE_CURVE('',#1240,#1239,#340,.T.);
#1541=EDGE_CURVE('',#1238,#1240,#341,.T.);
#1542=EDGE_CURVE('',#1241,#1242,#342,.T.);
#1543=EDGE_CURVE('',#1243,#1241,#343,.T.);
#1544=EDGE_CURVE('',#1244,#1243,#344,.T.);
#1545=EDGE_CURVE('',#1242,#1244,#345,.T.);
#1546=EDGE_CURVE('',#1245,#1246,#346,.T.);
#1547=EDGE_CURVE('',#1247,#1245,#347,.T.);
#1548=EDGE_CURVE('',#1248,#1247,#348,.T.);
#1549=EDGE_CURVE('',#1246,#1248,#349,.T.);
#1550=EDGE_CURVE('',#1249,#1250,#350,.T.);
#1551=EDGE_CURVE('',#1251,#1249,#351,.T.);
#1552=EDGE_CURVE('',#1252,#1251,#352,.T.);
#1553=EDGE_CURVE('',#1250,#1252,#353,.T.);
#1554=EDGE_CURVE('',#1253,#1254,#354,.T.);
#1555=EDGE_CURVE('',#1255,#1253,#355,.T.);
#1556=EDGE_CURVE('',#1256,#1255,#356,.T.);
#1557=EDGE_CURVE('',#1254,#1256,#357,.T.);
#1558=EDGE_CURVE('',#1257,#1258,#358,.T.);
#1559=EDGE_CURVE('',#1259,#1257,#359,.T.);
#1560=EDGE_CURVE('',#1260,#1259,#360,.T.);
#1561=EDGE_CURVE('',#1258,#1260,#361,.T.);
#1562=EDGE_CURVE('',#1261,#1262,#362,.T.);
#1563=EDGE_CURVE('',#1263,#1261,#363,.T.);
#1564=EDGE_CURVE('',#1264,#1263,#364,.T.);
#1565=EDGE_CURVE('',#1262,#1264,#365,.T.);
#1566=EDGE_CURVE('',#1265,#1266,#366,.T.);
#1567=EDGE_CURVE('',#1261,#1265,#367,.T.);
#1568=EDGE_CURVE('',#1266,#1262,#368,.T.);
#1569=EDGE_CURVE('',#1267,#1268,#369,.T.);
#1570=EDGE_CURVE('',#1269,#1267,#370,.T.);
#1571=EDGE_CURVE('',#1270,#1269,#371,.T.);
#1572=EDGE_CURVE('',#1268,#1270,#372,.T.);
#1573=EDGE_CURVE('',#1271,#1272,#373,.T.);
#1574=EDGE_CURVE('',#1273,#1271,#374,.T.);
#1575=EDGE_CURVE('',#1274,#1273,#375,.T.);
#1576=EDGE_CURVE('',#1272,#1274,#376,.T.);
#1577=EDGE_CURVE('',#1275,#1276,#377,.T.);
#1578=EDGE_CURVE('',#1277,#1275,#378,.T.);
#1579=EDGE_CURVE('',#1278,#1277,#379,.T.);
#1580=EDGE_CURVE('',#1279,#1278,#380,.T.);
#1581=EDGE_CURVE('',#1280,#1279,#381,.T.);
#1582=EDGE_CURVE('',#1281,#1280,#382,.T.);
#1583=EDGE_CURVE('',#1282,#1281,#383,.T.);
#1584=EDGE_CURVE('',#1276,#1282,#384,.T.);
#1585=EDGE_CURVE('',#1245,#1227,#385,.T.);
#1586=EDGE_CURVE('',#1228,#1246,#386,.T.);
#1587=EDGE_CURVE('',#1283,#1284,#387,.T.);
#1588=EDGE_CURVE('',#1285,#1283,#388,.T.);
#1589=EDGE_CURVE('',#1286,#1285,#389,.T.);
#1590=EDGE_CURVE('',#1284,#1286,#390,.T.);
#1591=EDGE_CURVE('',#1287,#1288,#391,.T.);
#1592=EDGE_CURVE('',#1289,#1287,#392,.T.);
#1593=EDGE_CURVE('',#1290,#1289,#393,.T.);
#1594=EDGE_CURVE('',#1288,#1290,#394,.T.);
#1595=EDGE_CURVE('',#1291,#1292,#395,.T.);
#1596=EDGE_CURVE('',#1293,#1291,#396,.T.);
#1597=EDGE_CURVE('',#1294,#1293,#397,.T.);
#1598=EDGE_CURVE('',#1292,#1294,#398,.T.);
#1599=EDGE_CURVE('',#1295,#1296,#399,.T.);
#1600=EDGE_CURVE('',#1297,#1295,#400,.T.);
#1601=EDGE_CURVE('',#1298,#1297,#401,.T.);
#1602=EDGE_CURVE('',#1296,#1298,#402,.T.);
#1603=EDGE_CURVE('',#1299,#1300,#403,.T.);
#1604=EDGE_CURVE('',#1301,#1299,#404,.T.);
#1605=EDGE_CURVE('',#1302,#1301,#405,.T.);
#1606=EDGE_CURVE('',#1300,#1302,#406,.T.);
#1607=EDGE_CURVE('',#1303,#1304,#407,.T.);
#1608=EDGE_CURVE('',#1305,#1303,#408,.T.);
#1609=EDGE_CURVE('',#1306,#1305,#409,.T.);
#1610=EDGE_CURVE('',#1307,#1306,#410,.T.);
#1611=EDGE_CURVE('',#1308,#1307,#411,.T.);
#1612=EDGE_CURVE('',#1302,#1308,#412,.T.);
#1613=EDGE_CURVE('',#1309,#1301,#413,.T.);
#1614=EDGE_CURVE('',#1310,#1309,#414,.T.);
#1615=EDGE_CURVE('',#1311,#1310,#415,.T.);
#1616=EDGE_CURVE('',#1312,#1311,#416,.T.);
#1617=EDGE_CURVE('',#1313,#1312,#417,.T.);
#1618=EDGE_CURVE('',#1314,#1313,#418,.T.);
#1619=EDGE_CURVE('',#1315,#1314,#419,.T.);
#1620=EDGE_CURVE('',#1316,#1315,#420,.T.);
#1621=EDGE_CURVE('',#1304,#1316,#421,.T.);
#1622=EDGE_CURVE('',#1317,#1318,#422,.T.);
#1623=EDGE_CURVE('',#1319,#1317,#423,.T.);
#1624=EDGE_CURVE('',#1320,#1319,#424,.T.);
#1625=EDGE_CURVE('',#1321,#1320,#425,.T.);
#1626=EDGE_CURVE('',#1322,#1321,#426,.T.);
#1627=EDGE_CURVE('',#1323,#1322,#427,.T.);
#1628=EDGE_CURVE('',#1324,#1323,#428,.T.);
#1629=EDGE_CURVE('',#1299,#1324,#429,.T.);
#1630=EDGE_CURVE('',#1325,#1300,#430,.T.);
#1631=EDGE_CURVE('',#1326,#1325,#431,.T.);
#1632=EDGE_CURVE('',#1327,#1326,#432,.T.);
#1633=EDGE_CURVE('',#1328,#1327,#433,.T.);
#1634=EDGE_CURVE('',#1329,#1328,#434,.T.);
#1635=EDGE_CURVE('',#1330,#1329,#435,.T.);
#1636=EDGE_CURVE('',#1318,#1330,#436,.T.);
#1637=EDGE_CURVE('',#1265,#1239,#437,.T.);
#1638=EDGE_CURVE('',#1240,#1266,#438,.T.);
#1639=EDGE_CURVE('',#1243,#1237,#439,.T.);
#1640=EDGE_CURVE('',#1255,#1241,#440,.T.);
#1641=EDGE_CURVE('',#1259,#1253,#441,.T.);
#1642=EDGE_CURVE('',#1235,#1257,#442,.T.);
#1643=EDGE_CURVE('',#1331,#1233,#443,.T.);
#1644=EDGE_CURVE('',#1332,#1331,#444,.T.);
#1645=EDGE_CURVE('',#1333,#1332,#445,.T.);
#1646=EDGE_CURVE('',#1263,#1333,#446,.T.);
#1647=EDGE_CURVE('',#1334,#1335,#447,.T.);
#1648=EDGE_CURVE('',#1336,#1334,#448,.T.);
#1649=EDGE_CURVE('',#1337,#1336,#449,.T.);
#1650=EDGE_CURVE('',#1335,#1337,#450,.T.);
#1651=EDGE_CURVE('',#1338,#1339,#451,.T.);
#1652=EDGE_CURVE('',#1340,#1338,#452,.T.);
#1653=EDGE_CURVE('',#1341,#1340,#453,.T.);
#1654=EDGE_CURVE('',#1339,#1341,#454,.T.);
#1655=EDGE_CURVE('',#1229,#1269,#455,.T.);
#1656=EDGE_CURVE('',#1270,#1230,#456,.T.);
#1657=EDGE_CURVE('',#1342,#1343,#457,.T.);
#1658=EDGE_CURVE('',#1344,#1342,#458,.T.);
#1659=EDGE_CURVE('',#1345,#1344,#459,.T.);
#1660=EDGE_CURVE('',#1343,#1345,#460,.T.);
#1661=EDGE_CURVE('',#1236,#1258,#461,.T.);
#1662=EDGE_CURVE('',#1346,#1347,#462,.T.);
#1663=EDGE_CURVE('',#1348,#1346,#463,.T.);
#1664=EDGE_CURVE('',#1349,#1348,#464,.T.);
#1665=EDGE_CURVE('',#1347,#1349,#465,.T.);
#1666=EDGE_CURVE('',#1350,#1351,#466,.T.);
#1667=EDGE_CURVE('',#1352,#1350,#467,.T.);
#1668=EDGE_CURVE('',#1353,#1352,#468,.T.);
#1669=EDGE_CURVE('',#1351,#1353,#469,.T.);
#1670=EDGE_CURVE('',#1354,#1355,#470,.T.);
#1671=EDGE_CURVE('',#1356,#1354,#471,.T.);
#1672=EDGE_CURVE('',#1357,#1356,#472,.T.);
#1673=EDGE_CURVE('',#1355,#1357,#473,.T.);
#1674=EDGE_CURVE('',#1358,#1359,#474,.T.);
#1675=EDGE_CURVE('',#1360,#1358,#475,.T.);
#1676=EDGE_CURVE('',#1361,#1360,#476,.T.);
#1677=EDGE_CURVE('',#1359,#1361,#477,.T.);
#1678=EDGE_CURVE('',#1322,#1311,#478,.T.);
#1679=EDGE_CURVE('',#1312,#1321,#479,.T.);
#1680=EDGE_CURVE('',#1362,#1363,#480,.T.);
#1681=EDGE_CURVE('',#1364,#1362,#481,.T.);
#1682=EDGE_CURVE('',#1365,#1364,#482,.T.);
#1683=EDGE_CURVE('',#1363,#1365,#483,.T.);
#1684=EDGE_CURVE('',#1366,#1367,#484,.T.);
#1685=EDGE_CURVE('',#1368,#1366,#485,.T.);
#1686=EDGE_CURVE('',#1369,#1368,#486,.T.);
#1687=EDGE_CURVE('',#1370,#1369,#487,.T.);
#1688=EDGE_CURVE('',#1371,#1370,#488,.T.);
#1689=EDGE_CURVE('',#1290,#1371,#489,.T.);
#1690=EDGE_CURVE('',#1372,#1289,#490,.T.);
#1691=EDGE_CURVE('',#1373,#1372,#491,.T.);
#1692=EDGE_CURVE('',#1362,#1373,#492,.T.);
#1693=EDGE_CURVE('',#1374,#1363,#493,.T.);
#1694=EDGE_CURVE('',#1375,#1374,#494,.T.);
#1695=EDGE_CURVE('',#1376,#1375,#495,.T.);
#1696=EDGE_CURVE('',#1377,#1376,#496,.T.);
#1697=EDGE_CURVE('',#1367,#1377,#497,.T.);
#1698=EDGE_CURVE('',#1378,#1379,#498,.T.);
#1699=EDGE_CURVE('',#1380,#1378,#499,.T.);
#1700=EDGE_CURVE('',#1381,#1380,#500,.T.);
#1701=EDGE_CURVE('',#1365,#1381,#501,.T.);
#1702=EDGE_CURVE('',#1382,#1364,#502,.T.);
#1703=EDGE_CURVE('',#1383,#1382,#503,.T.);
#1704=EDGE_CURVE('',#1287,#1383,#504,.T.);
#1705=EDGE_CURVE('',#1384,#1288,#505,.T.);
#1706=EDGE_CURVE('',#1385,#1384,#506,.T.);
#1707=EDGE_CURVE('',#1386,#1385,#507,.T.);
#1708=EDGE_CURVE('',#1387,#1386,#508,.T.);
#1709=EDGE_CURVE('',#1388,#1387,#509,.T.);
#1710=EDGE_CURVE('',#1389,#1388,#510,.T.);
#1711=EDGE_CURVE('',#1379,#1389,#511,.T.);
#1712=EDGE_CURVE('',#1390,#1391,#512,.T.);
#1713=EDGE_CURVE('',#1392,#1390,#513,.T.);
#1714=EDGE_CURVE('',#1393,#1392,#514,.T.);
#1715=EDGE_CURVE('',#1391,#1393,#515,.T.);
#1716=EDGE_CURVE('',#1394,#1395,#516,.T.);
#1717=EDGE_CURVE('',#1352,#1394,#517,.T.);
#1718=EDGE_CURVE('',#1396,#1350,#518,.T.);
#1719=EDGE_CURVE('',#1397,#1396,#519,.T.);
#1720=EDGE_CURVE('',#1285,#1397,#520,.T.);
#1721=EDGE_CURVE('',#1398,#1283,#521,.T.);
#1722=EDGE_CURVE('',#1399,#1398,#522,.T.);
#1723=EDGE_CURVE('',#1392,#1399,#523,.T.);
#1724=EDGE_CURVE('',#1400,#1390,#524,.T.);
#1725=EDGE_CURVE('',#1401,#1400,#525,.T.);
#1726=EDGE_CURVE('',#1402,#1401,#526,.T.);
#1727=EDGE_CURVE('',#1403,#1402,#527,.T.);
#1728=EDGE_CURVE('',#1395,#1403,#528,.T.);
#1729=EDGE_CURVE('',#1404,#1405,#529,.T.);
#1730=EDGE_CURVE('',#1406,#1404,#530,.T.);
#1731=EDGE_CURVE('',#1407,#1406,#531,.T.);
#1732=EDGE_CURVE('',#1405,#1407,#532,.T.);
#1733=EDGE_CURVE('',#1256,#1242,#533,.T.);
#1734=EDGE_CURVE('',#1408,#1409,#534,.T.);
#1735=EDGE_CURVE('',#1410,#1408,#535,.T.);
#1736=EDGE_CURVE('',#1411,#1410,#536,.T.);
#1737=EDGE_CURVE('',#1409,#1411,#537,.T.);
#1738=EDGE_CURVE('',#1328,#1305,#538,.T.);
#1739=EDGE_CURVE('',#1306,#1327,#539,.T.);
#1740=EDGE_CURVE('',#1412,#1413,#540,.T.);
#1741=EDGE_CURVE('',#1414,#1412,#541,.T.);
#1742=EDGE_CURVE('',#1415,#1414,#542,.T.);
#1743=EDGE_CURVE('',#1413,#1415,#543,.T.);
#1744=EDGE_CURVE('',#1416,#1417,#544,.T.);
#1745=EDGE_CURVE('',#1294,#1416,#545,.T.);
#1746=EDGE_CURVE('',#1418,#1293,#546,.T.);
#1747=EDGE_CURVE('',#1419,#1418,#547,.T.);
#1748=EDGE_CURVE('',#1412,#1419,#548,.T.);
#1749=EDGE_CURVE('',#1420,#1413,#549,.T.);
#1750=EDGE_CURVE('',#1421,#1420,#550,.T.);
#1751=EDGE_CURVE('',#1345,#1421,#551,.T.);
#1752=EDGE_CURVE('',#1422,#1344,#552,.T.);
#1753=EDGE_CURVE('',#1423,#1422,#553,.T.);
#1754=EDGE_CURVE('',#1424,#1423,#554,.T.);
#1755=EDGE_CURVE('',#1425,#1424,#555,.T.);
#1756=EDGE_CURVE('',#1417,#1425,#556,.T.);
#1757=EDGE_CURVE('',#1426,#1427,#557,.T.);
#1758=EDGE_CURVE('',#1428,#1426,#558,.T.);
#1759=EDGE_CURVE('',#1429,#1428,#559,.T.);
#1760=EDGE_CURVE('',#1342,#1429,#560,.T.);
#1761=EDGE_CURVE('',#1430,#1343,#561,.T.);
#1762=EDGE_CURVE('',#1431,#1430,#562,.T.);
#1763=EDGE_CURVE('',#1415,#1431,#563,.T.);
#1764=EDGE_CURVE('',#1432,#1414,#564,.T.);
#1765=EDGE_CURVE('',#1433,#1432,#565,.T.);
#1766=EDGE_CURVE('',#1291,#1433,#566,.T.);
#1767=EDGE_CURVE('',#1434,#1292,#567,.T.);
#1768=EDGE_CURVE('',#1435,#1434,#568,.T.);
#1769=EDGE_CURVE('',#1427,#1435,#569,.T.);
#1770=EDGE_CURVE('',#1436,#1437,#570,.T.);
#1771=EDGE_CURVE('',#1438,#1436,#571,.T.);
#1772=EDGE_CURVE('',#1439,#1438,#572,.T.);
#1773=EDGE_CURVE('',#1437,#1439,#573,.T.);
#1774=EDGE_CURVE('',#1369,#1386,#574,.T.);
#1775=EDGE_CURVE('',#1387,#1368,#575,.T.);
#1776=EDGE_CURVE('',#1271,#1251,#576,.T.);
#1777=EDGE_CURVE('',#1252,#1272,#577,.T.);
#1778=EDGE_CURVE('',#1397,#1440,#578,.T.);
#1779=EDGE_CURVE('',#1441,#1396,#579,.T.);
#1780=EDGE_CURVE('',#1440,#1441,#580,.T.);
#1781=EDGE_CURVE('',#1286,#1440,#581,.T.);
#1782=EDGE_CURVE('',#1441,#1351,#582,.T.);
#1783=EDGE_CURVE('',#1373,#1382,#583,.T.);
#1784=EDGE_CURVE('',#1383,#1372,#584,.T.);
#1785=EDGE_CURVE('',#1303,#1329,#585,.T.);
#1786=EDGE_CURVE('',#1330,#1304,#586,.T.);
#1787=EDGE_CURVE('',#1442,#1443,#587,.T.);
#1788=EDGE_CURVE('',#1444,#1442,#588,.T.);
#1789=EDGE_CURVE('',#1445,#1444,#589,.T.);
#1790=EDGE_CURVE('',#1443,#1445,#590,.T.);
#1791=EDGE_CURVE('',#1358,#1444,#591,.T.);
#1792=EDGE_CURVE('',#1445,#1359,#592,.T.);
#1793=EDGE_CURVE('',#1442,#1410,#593,.T.);
#1794=EDGE_CURVE('',#1411,#1443,#594,.T.);
#1795=EDGE_CURVE('',#1446,#1447,#595,.T.);
#1796=EDGE_CURVE('',#1448,#1446,#596,.T.);
#1797=EDGE_CURVE('',#1449,#1448,#597,.T.);
#1798=EDGE_CURVE('',#1447,#1449,#598,.T.);
#1799=EDGE_CURVE('',#1446,#1438,#599,.T.);
#1800=EDGE_CURVE('',#1439,#1447,#600,.T.);
#1801=EDGE_CURVE('',#1354,#1448,#601,.T.);
#1802=EDGE_CURVE('',#1449,#1355,#602,.T.);
#1803=EDGE_CURVE('',#1310,#1323,#603,.T.);
#1804=EDGE_CURVE('',#1324,#1309,#604,.T.);
#1805=EDGE_CURVE('',#1450,#1451,#605,.T.);
#1806=EDGE_CURVE('',#1452,#1450,#606,.T.);
#1807=EDGE_CURVE('',#1453,#1452,#607,.T.);
#1808=EDGE_CURVE('',#1451,#1453,#608,.T.);
#1809=EDGE_CURVE('',#1334,#1450,#609,.T.);
#1810=EDGE_CURVE('',#1452,#1335,#610,.T.);
#1811=EDGE_CURVE('',#1454,#1455,#611,.T.);
#1812=EDGE_CURVE('',#1456,#1454,#612,.T.);
#1813=EDGE_CURVE('',#1457,#1456,#613,.T.);
#1814=EDGE_CURVE('',#1455,#1457,#614,.T.);
#1815=EDGE_CURVE('',#1338,#1454,#615,.T.);
#1816=EDGE_CURVE('',#1456,#1339,#616,.T.);
#1817=EDGE_CURVE('',#1458,#1231,#617,.T.);
#1818=EDGE_CURVE('',#1459,#1458,#618,.T.);
#1819=EDGE_CURVE('',#1232,#1459,#619,.T.);
#1820=EDGE_CURVE('',#1429,#1422,#620,.T.);
#1821=EDGE_CURVE('',#1423,#1428,#621,.T.);
#1822=EDGE_CURVE('',#1331,#1460,#622,.T.);
#1823=EDGE_CURVE('',#1460,#1234,#623,.T.);
#1824=EDGE_CURVE('',#1461,#1462,#624,.T.);
#1825=EDGE_CURVE('',#1463,#1461,#625,.T.);
#1826=EDGE_CURVE('',#1464,#1463,#626,.T.);
#1827=EDGE_CURVE('',#1462,#1464,#627,.T.);
#1828=EDGE_CURVE('',#1461,#1406,#628,.T.);
#1829=EDGE_CURVE('',#1407,#1462,#629,.T.);
#1830=EDGE_CURVE('',#1295,#1463,#630,.T.);
#1831=EDGE_CURVE('',#1464,#1296,#631,.T.);
#1832=EDGE_CURVE('',#1433,#1418,#632,.T.);
#1833=EDGE_CURVE('',#1419,#1432,#633,.T.);
#1834=EDGE_CURVE('',#1244,#1238,#634,.T.);
#1835=EDGE_CURVE('',#1465,#1466,#635,.T.);
#1836=EDGE_CURVE('',#1467,#1465,#636,.T.);
#1837=EDGE_CURVE('',#1468,#1467,#637,.T.);
#1838=EDGE_CURVE('',#1466,#1468,#638,.T.);
#1839=EDGE_CURVE('',#1467,#1348,#639,.T.);
#1840=EDGE_CURVE('',#1349,#1465,#640,.T.);
#1841=EDGE_CURVE('',#1399,#1469,#641,.T.);
#1842=EDGE_CURVE('',#1470,#1398,#642,.T.);
#1843=EDGE_CURVE('',#1469,#1470,#643,.T.);
#1844=EDGE_CURVE('',#1393,#1469,#644,.T.);
#1845=EDGE_CURVE('',#1470,#1284,#645,.T.);
#1846=EDGE_CURVE('',#1371,#1384,#646,.T.);
#1847=EDGE_CURVE('',#1385,#1370,#647,.T.);
#1848=EDGE_CURVE('',#1471,#1472,#648,.T.);
#1849=EDGE_CURVE('',#1394,#1471,#649,.T.);
#1850=EDGE_CURVE('',#1472,#1395,#650,.T.);
#1851=EDGE_CURVE('',#1353,#1471,#651,.T.);
#1852=EDGE_CURVE('',#1249,#1247,#652,.T.);
#1853=EDGE_CURVE('',#1248,#1250,#653,.T.);
#1854=EDGE_CURVE('',#1473,#1474,#654,.T.);
#1855=EDGE_CURVE('',#1475,#1473,#655,.T.);
#1856=EDGE_CURVE('',#1476,#1475,#656,.T.);
#1857=EDGE_CURVE('',#1474,#1476,#657,.T.);
#1858=EDGE_CURVE('',#1475,#1356,#658,.T.);
#1859=EDGE_CURVE('',#1357,#1473,#659,.T.);
#1860=EDGE_CURVE('',#1477,#1478,#660,.T.);
#1861=EDGE_CURVE('',#1479,#1477,#661,.T.);
#1862=EDGE_CURVE('',#1480,#1479,#662,.T.);
#1863=EDGE_CURVE('',#1478,#1480,#663,.T.);
#1864=EDGE_CURVE('',#1479,#1360,#664,.T.);
#1865=EDGE_CURVE('',#1361,#1477,#665,.T.);
#1866=EDGE_CURVE('',#1326,#1307,#666,.T.);
#1867=EDGE_CURVE('',#1308,#1325,#667,.T.);
#1868=EDGE_CURVE('',#1481,#1482,#668,.T.);
#1869=EDGE_CURVE('',#1483,#1481,#669,.T.);
#1870=EDGE_CURVE('',#1484,#1483,#670,.T.);
#1871=EDGE_CURVE('',#1482,#1484,#671,.T.);
#1872=EDGE_CURVE('',#1481,#1340,#672,.T.);
#1873=EDGE_CURVE('',#1341,#1482,#673,.T.);
#1874=EDGE_CURVE('',#1436,#1483,#674,.T.);
#1875=EDGE_CURVE('',#1484,#1437,#675,.T.);
#1876=EDGE_CURVE('',#1485,#1486,#676,.T.);
#1877=EDGE_CURVE('',#1487,#1485,#677,.T.);
#1878=EDGE_CURVE('',#1488,#1487,#678,.T.);
#1879=EDGE_CURVE('',#1486,#1488,#679,.T.);
#1880=EDGE_CURVE('',#1485,#1336,#680,.T.);
#1881=EDGE_CURVE('',#1337,#1486,#681,.T.);
#1882=EDGE_CURVE('',#1408,#1487,#682,.T.);
#1883=EDGE_CURVE('',#1488,#1409,#683,.T.);
#1884=EDGE_CURVE('',#1320,#1313,#684,.T.);
#1885=EDGE_CURVE('',#1314,#1319,#685,.T.);
#1886=EDGE_CURVE('',#1381,#1374,#686,.T.);
#1887=EDGE_CURVE('',#1375,#1380,#687,.T.);
#1888=EDGE_CURVE('',#1489,#1400,#688,.T.);
#1889=EDGE_CURVE('',#1490,#1489,#689,.T.);
#1890=EDGE_CURVE('',#1401,#1490,#690,.T.);
#1891=EDGE_CURVE('',#1489,#1391,#691,.T.);
#1892=EDGE_CURVE('',#1491,#1492,#692,.T.);
#1893=EDGE_CURVE('',#1493,#1491,#693,.T.);
#1894=EDGE_CURVE('',#1494,#1493,#694,.T.);
#1895=EDGE_CURVE('',#1492,#1494,#695,.T.);
#1896=EDGE_CURVE('',#1404,#1491,#696,.T.);
#1897=EDGE_CURVE('',#1493,#1405,#697,.T.);
#1898=EDGE_CURVE('',#1260,#1254,#698,.T.);
#1899=EDGE_CURVE('',#1421,#1430,#699,.T.);
#1900=EDGE_CURVE('',#1431,#1420,#700,.T.);
#1901=EDGE_CURVE('',#1495,#1496,#701,.T.);
#1902=EDGE_CURVE('',#1497,#1495,#702,.T.);
#1903=EDGE_CURVE('',#1498,#1497,#703,.T.);
#1904=EDGE_CURVE('',#1496,#1498,#704,.T.);
#1905=EDGE_CURVE('',#1346,#1497,#705,.T.);
#1906=EDGE_CURVE('',#1498,#1347,#706,.T.);
#1907=EDGE_CURVE('',#1495,#1297,#707,.T.);
#1908=EDGE_CURVE('',#1298,#1496,#708,.T.);
#1909=EDGE_CURVE('',#1416,#1434,#709,.T.);
#1910=EDGE_CURVE('',#1435,#1417,#710,.T.);
#1911=EDGE_CURVE('',#1267,#1273,#711,.T.);
#1912=EDGE_CURVE('',#1274,#1268,#712,.T.);
#1913=EDGE_CURVE('',#1366,#1388,#713,.T.);
#1914=EDGE_CURVE('',#1389,#1367,#714,.T.);
#1915=EDGE_CURVE('',#1499,#1500,#715,.T.);
#1916=EDGE_CURVE('',#1458,#1499,#716,.T.);
#1917=EDGE_CURVE('',#1500,#1223,#717,.T.);
#1918=EDGE_CURVE('',#1501,#1455,#718,.T.);
#1919=EDGE_CURVE('',#1502,#1501,#719,.T.);
#1920=EDGE_CURVE('',#1476,#1502,#720,.T.);
#1921=EDGE_CURVE('',#1503,#1492,#721,.T.);
#1922=EDGE_CURVE('',#1504,#1503,#722,.T.);
#1923=EDGE_CURVE('',#1468,#1504,#723,.T.);
#1924=EDGE_CURVE('',#1505,#1451,#724,.T.);
#1925=EDGE_CURVE('',#1506,#1505,#725,.T.);
#1926=EDGE_CURVE('',#1480,#1506,#726,.T.);
#1927=EDGE_CURVE('',#1507,#1508,#727,.T.);
#1928=EDGE_CURVE('',#1453,#1507,#728,.T.);
#1929=EDGE_CURVE('',#1508,#1478,#729,.T.);
#1930=EDGE_CURVE('',#1509,#1510,#730,.T.);
#1931=EDGE_CURVE('',#1494,#1509,#731,.T.);
#1932=EDGE_CURVE('',#1510,#1466,#732,.T.);
#1933=EDGE_CURVE('',#1511,#1512,#733,.T.);
#1934=EDGE_CURVE('',#1457,#1511,#734,.T.);
#1935=EDGE_CURVE('',#1512,#1474,#735,.T.);
#1936=EDGE_CURVE('',#1513,#1514,#736,.T.);
#1937=EDGE_CURVE('',#1490,#1513,#737,.T.);
#1938=EDGE_CURVE('',#1514,#1472,#738,.T.);
#1939=EDGE_CURVE('',#1499,#1402,#739,.T.);
#1940=EDGE_CURVE('',#1403,#1500,#740,.T.);
#1941=EDGE_CURVE('',#1378,#1501,#741,.T.);
#1942=EDGE_CURVE('',#1502,#1379,#742,.T.);
#1943=EDGE_CURVE('',#1426,#1503,#743,.T.);
#1944=EDGE_CURVE('',#1504,#1427,#744,.T.);
#1945=EDGE_CURVE('',#1317,#1505,#745,.T.);
#1946=EDGE_CURVE('',#1506,#1318,#746,.T.);
#1947=EDGE_CURVE('',#1507,#1332,#747,.T.);
#1948=EDGE_CURVE('',#1333,#1508,#748,.T.);
#1949=EDGE_CURVE('',#1509,#1315,#749,.T.);
#1950=EDGE_CURVE('',#1316,#1510,#750,.T.);
#1951=EDGE_CURVE('',#1511,#1424,#751,.T.);
#1952=EDGE_CURVE('',#1425,#1512,#752,.T.);
#1953=EDGE_CURVE('',#1513,#1376,#753,.T.);
#1954=EDGE_CURVE('',#1377,#1514,#754,.T.);
#1955=EDGE_CURVE('',#1459,#1515,#755,.T.);
#1956=EDGE_CURVE('',#1516,#1460,#756,.T.);
#1957=EDGE_CURVE('',#1517,#1516,#757,.T.);
#1958=EDGE_CURVE('',#1277,#1517,#758,.T.);
#1959=EDGE_CURVE('',#1518,#1275,#759,.T.);
#1960=EDGE_CURVE('',#1515,#1518,#760,.T.);
#1961=EDGE_CURVE('',#1264,#1280,#761,.T.);
#1962=EDGE_CURVE('',#1281,#1224,#762,.T.);
#1963=EDGE_CURVE('',#1516,#1519,#763,.T.);
#1964=EDGE_CURVE('',#1519,#1279,#764,.T.);
#1965=EDGE_CURVE('',#1519,#1520,#765,.T.);
#1966=EDGE_CURVE('',#1520,#1278,#766,.T.);
#1967=EDGE_CURVE('',#1517,#1520,#767,.T.);
#1968=EDGE_CURVE('',#1282,#1521,#768,.T.);
#1969=EDGE_CURVE('',#1521,#1515,#769,.T.);
#1970=EDGE_CURVE('',#1276,#1522,#770,.T.);
#1971=EDGE_CURVE('',#1522,#1521,#771,.T.);
#1972=EDGE_CURVE('',#1518,#1522,#772,.T.);
#1973=ORIENTED_EDGE('',*,*,#1523,.F.);
#1974=ORIENTED_EDGE('',*,*,#1524,.F.);
#1975=ORIENTED_EDGE('',*,*,#1525,.F.);
#1976=ORIENTED_EDGE('',*,*,#1526,.F.);
#1977=ORIENTED_EDGE('',*,*,#1525,.T.);
#1978=ORIENTED_EDGE('',*,*,#1527,.F.);
#1979=ORIENTED_EDGE('',*,*,#1528,.F.);
#1980=ORIENTED_EDGE('',*,*,#1529,.F.);
#1981=ORIENTED_EDGE('',*,*,#1530,.F.);
#1982=ORIENTED_EDGE('',*,*,#1531,.F.);
#1983=ORIENTED_EDGE('',*,*,#1532,.F.);
#1984=ORIENTED_EDGE('',*,*,#1533,.F.);
#1985=ORIENTED_EDGE('',*,*,#1534,.F.);
#1986=ORIENTED_EDGE('',*,*,#1535,.F.);
#1987=ORIENTED_EDGE('',*,*,#1536,.F.);
#1988=ORIENTED_EDGE('',*,*,#1537,.F.);
#1989=ORIENTED_EDGE('',*,*,#1538,.F.);
#1990=ORIENTED_EDGE('',*,*,#1539,.F.);
#1991=ORIENTED_EDGE('',*,*,#1540,.F.);
#1992=ORIENTED_EDGE('',*,*,#1541,.F.);
#1993=ORIENTED_EDGE('',*,*,#1542,.F.);
#1994=ORIENTED_EDGE('',*,*,#1543,.F.);
#1995=ORIENTED_EDGE('',*,*,#1544,.F.);
#1996=ORIENTED_EDGE('',*,*,#1545,.F.);
#1997=ORIENTED_EDGE('',*,*,#1546,.F.);
#1998=ORIENTED_EDGE('',*,*,#1547,.F.);
#1999=ORIENTED_EDGE('',*,*,#1548,.F.);
#2000=ORIENTED_EDGE('',*,*,#1549,.F.);
#2001=ORIENTED_EDGE('',*,*,#1550,.F.);
#2002=ORIENTED_EDGE('',*,*,#1551,.F.);
#2003=ORIENTED_EDGE('',*,*,#1552,.F.);
#2004=ORIENTED_EDGE('',*,*,#1553,.F.);
#2005=ORIENTED_EDGE('',*,*,#1554,.F.);
#2006=ORIENTED_EDGE('',*,*,#1555,.F.);
#2007=ORIENTED_EDGE('',*,*,#1556,.F.);
#2008=ORIENTED_EDGE('',*,*,#1557,.F.);
#2009=ORIENTED_EDGE('',*,*,#1558,.F.);
#2010=ORIENTED_EDGE('',*,*,#1559,.F.);
#2011=ORIENTED_EDGE('',*,*,#1560,.F.);
#2012=ORIENTED_EDGE('',*,*,#1561,.F.);
#2013=ORIENTED_EDGE('',*,*,#1562,.F.);
#2014=ORIENTED_EDGE('',*,*,#1563,.F.);
#2015=ORIENTED_EDGE('',*,*,#1564,.F.);
#2016=ORIENTED_EDGE('',*,*,#1565,.F.);
#2017=ORIENTED_EDGE('',*,*,#1566,.F.);
#2018=ORIENTED_EDGE('',*,*,#1567,.F.);
#2019=ORIENTED_EDGE('',*,*,#1562,.T.);
#2020=ORIENTED_EDGE('',*,*,#1568,.F.);
#2021=ORIENTED_EDGE('',*,*,#1569,.F.);
#2022=ORIENTED_EDGE('',*,*,#1570,.F.);
#2023=ORIENTED_EDGE('',*,*,#1571,.F.);
#2024=ORIENTED_EDGE('',*,*,#1572,.F.);
#2025=ORIENTED_EDGE('',*,*,#1573,.F.);
#2026=ORIENTED_EDGE('',*,*,#1574,.F.);
#2027=ORIENTED_EDGE('',*,*,#1575,.F.);
#2028=ORIENTED_EDGE('',*,*,#1576,.F.);
#2029=ORIENTED_EDGE('',*,*,#1577,.F.);
#2030=ORIENTED_EDGE('',*,*,#1578,.F.);
#2031=ORIENTED_EDGE('',*,*,#1579,.F.);
#2032=ORIENTED_EDGE('',*,*,#1580,.F.);
#2033=ORIENTED_EDGE('',*,*,#1581,.F.);
#2034=ORIENTED_EDGE('',*,*,#1582,.F.);
#2035=ORIENTED_EDGE('',*,*,#1583,.F.);
#2036=ORIENTED_EDGE('',*,*,#1584,.F.);
#2037=ORIENTED_EDGE('',*,*,#1528,.T.);
#2038=ORIENTED_EDGE('',*,*,#1585,.F.);
#2039=ORIENTED_EDGE('',*,*,#1546,.T.);
#2040=ORIENTED_EDGE('',*,*,#1586,.F.);
#2041=ORIENTED_EDGE('',*,*,#1587,.F.);
#2042=ORIENTED_EDGE('',*,*,#1588,.F.);
#2043=ORIENTED_EDGE('',*,*,#1589,.F.);
#2044=ORIENTED_EDGE('',*,*,#1590,.F.);
#2045=ORIENTED_EDGE('',*,*,#1591,.F.);
#2046=ORIENTED_EDGE('',*,*,#1592,.F.);
#2047=ORIENTED_EDGE('',*,*,#1593,.F.);
#2048=ORIENTED_EDGE('',*,*,#1594,.F.);
#2049=ORIENTED_EDGE('',*,*,#1595,.F.);
#2050=ORIENTED_EDGE('',*,*,#1596,.F.);
#2051=ORIENTED_EDGE('',*,*,#1597,.F.);
#2052=ORIENTED_EDGE('',*,*,#1598,.F.);
#2053=ORIENTED_EDGE('',*,*,#1599,.F.);
#2054=ORIENTED_EDGE('',*,*,#1600,.F.);
#2055=ORIENTED_EDGE('',*,*,#1601,.F.);
#2056=ORIENTED_EDGE('',*,*,#1602,.F.);
#2057=ORIENTED_EDGE('',*,*,#1603,.F.);
#2058=ORIENTED_EDGE('',*,*,#1604,.F.);
#2059=ORIENTED_EDGE('',*,*,#1605,.F.);
#2060=ORIENTED_EDGE('',*,*,#1606,.F.);
#2061=ORIENTED_EDGE('',*,*,#1607,.F.);
#2062=ORIENTED_EDGE('',*,*,#1608,.F.);
#2063=ORIENTED_EDGE('',*,*,#1609,.F.);
#2064=ORIENTED_EDGE('',*,*,#1610,.F.);
#2065=ORIENTED_EDGE('',*,*,#1611,.F.);
#2066=ORIENTED_EDGE('',*,*,#1612,.F.);
#2067=ORIENTED_EDGE('',*,*,#1605,.T.);
#2068=ORIENTED_EDGE('',*,*,#1613,.F.);
#2069=ORIENTED_EDGE('',*,*,#1614,.F.);
#2070=ORIENTED_EDGE('',*,*,#1615,.F.);
#2071=ORIENTED_EDGE('',*,*,#1616,.F.);
#2072=ORIENTED_EDGE('',*,*,#1617,.F.);
#2073=ORIENTED_EDGE('',*,*,#1618,.F.);
#2074=ORIENTED_EDGE('',*,*,#1619,.F.);
#2075=ORIENTED_EDGE('',*,*,#1620,.F.);
#2076=ORIENTED_EDGE('',*,*,#1621,.F.);
#2077=ORIENTED_EDGE('',*,*,#1622,.F.);
#2078=ORIENTED_EDGE('',*,*,#1623,.F.);
#2079=ORIENTED_EDGE('',*,*,#1624,.F.);
#2080=ORIENTED_EDGE('',*,*,#1625,.F.);
#2081=ORIENTED_EDGE('',*,*,#1626,.F.);
#2082=ORIENTED_EDGE('',*,*,#1627,.F.);
#2083=ORIENTED_EDGE('',*,*,#1628,.F.);
#2084=ORIENTED_EDGE('',*,*,#1629,.F.);
#2085=ORIENTED_EDGE('',*,*,#1603,.T.);
#2086=ORIENTED_EDGE('',*,*,#1630,.F.);
#2087=ORIENTED_EDGE('',*,*,#1631,.F.);
#2088=ORIENTED_EDGE('',*,*,#1632,.F.);
#2089=ORIENTED_EDGE('',*,*,#1633,.F.);
#2090=ORIENTED_EDGE('',*,*,#1634,.F.);
#2091=ORIENTED_EDGE('',*,*,#1635,.F.);
#2092=ORIENTED_EDGE('',*,*,#1636,.F.);
#2093=ORIENTED_EDGE('',*,*,#1540,.T.);
#2094=ORIENTED_EDGE('',*,*,#1637,.F.);
#2095=ORIENTED_EDGE('',*,*,#1566,.T.);
#2096=ORIENTED_EDGE('',*,*,#1638,.F.);
#2097=ORIENTED_EDGE('',*,*,#1563,.T.);
#2098=ORIENTED_EDGE('',*,*,#1567,.T.);
#2099=ORIENTED_EDGE('',*,*,#1637,.T.);
#2100=ORIENTED_EDGE('',*,*,#1539,.T.);
#2101=ORIENTED_EDGE('',*,*,#1639,.F.);
#2102=ORIENTED_EDGE('',*,*,#1543,.T.);
#2103=ORIENTED_EDGE('',*,*,#1640,.F.);
#2104=ORIENTED_EDGE('',*,*,#1555,.T.);
#2105=ORIENTED_EDGE('',*,*,#1641,.F.);
#2106=ORIENTED_EDGE('',*,*,#1559,.T.);
#2107=ORIENTED_EDGE('',*,*,#1642,.F.);
#2108=ORIENTED_EDGE('',*,*,#1535,.T.);
#2109=ORIENTED_EDGE('',*,*,#1643,.F.);
#2110=ORIENTED_EDGE('',*,*,#1644,.F.);
#2111=ORIENTED_EDGE('',*,*,#1645,.F.);
#2112=ORIENTED_EDGE('',*,*,#1646,.F.);
#2113=ORIENTED_EDGE('',*,*,#1647,.F.);
#2114=ORIENTED_EDGE('',*,*,#1648,.F.);
#2115=ORIENTED_EDGE('',*,*,#1649,.F.);
#2116=ORIENTED_EDGE('',*,*,#1650,.F.);
#2117=ORIENTED_EDGE('',*,*,#1651,.F.);
#2118=ORIENTED_EDGE('',*,*,#1652,.F.);
#2119=ORIENTED_EDGE('',*,*,#1653,.F.);
#2120=ORIENTED_EDGE('',*,*,#1654,.F.);
#2121=ORIENTED_EDGE('',*,*,#1571,.T.);
#2122=ORIENTED_EDGE('',*,*,#1655,.F.);
#2123=ORIENTED_EDGE('',*,*,#1530,.T.);
#2124=ORIENTED_EDGE('',*,*,#1656,.F.);
#2125=ORIENTED_EDGE('',*,*,#1657,.F.);
#2126=ORIENTED_EDGE('',*,*,#1658,.F.);
#2127=ORIENTED_EDGE('',*,*,#1659,.F.);
#2128=ORIENTED_EDGE('',*,*,#1660,.F.);
#2129=ORIENTED_EDGE('',*,*,#1536,.T.);
#2130=ORIENTED_EDGE('',*,*,#1642,.T.);
#2131=ORIENTED_EDGE('',*,*,#1558,.T.);
#2132=ORIENTED_EDGE('',*,*,#1661,.F.);
#2133=ORIENTED_EDGE('',*,*,#1662,.F.);
#2134=ORIENTED_EDGE('',*,*,#1663,.F.);
#2135=ORIENTED_EDGE('',*,*,#1664,.F.);
#2136=ORIENTED_EDGE('',*,*,#1665,.F.);
#2137=ORIENTED_EDGE('',*,*,#1666,.F.);
#2138=ORIENTED_EDGE('',*,*,#1667,.F.);
#2139=ORIENTED_EDGE('',*,*,#1668,.F.);
#2140=ORIENTED_EDGE('',*,*,#1669,.F.);
#2141=ORIENTED_EDGE('',*,*,#1670,.F.);
#2142=ORIENTED_EDGE('',*,*,#1671,.F.);
#2143=ORIENTED_EDGE('',*,*,#1672,.F.);
#2144=ORIENTED_EDGE('',*,*,#1673,.F.);
#2145=ORIENTED_EDGE('',*,*,#1674,.F.);
#2146=ORIENTED_EDGE('',*,*,#1675,.F.);
#2147=ORIENTED_EDGE('',*,*,#1676,.F.);
#2148=ORIENTED_EDGE('',*,*,#1677,.F.);
#2149=ORIENTED_EDGE('',*,*,#1616,.T.);
#2150=ORIENTED_EDGE('',*,*,#1678,.F.);
#2151=ORIENTED_EDGE('',*,*,#1626,.T.);
#2152=ORIENTED_EDGE('',*,*,#1679,.F.);
#2153=ORIENTED_EDGE('',*,*,#1680,.F.);
#2154=ORIENTED_EDGE('',*,*,#1681,.F.);
#2155=ORIENTED_EDGE('',*,*,#1682,.F.);
#2156=ORIENTED_EDGE('',*,*,#1683,.F.);
#2157=ORIENTED_EDGE('',*,*,#1684,.F.);
#2158=ORIENTED_EDGE('',*,*,#1685,.F.);
#2159=ORIENTED_EDGE('',*,*,#1686,.F.);
#2160=ORIENTED_EDGE('',*,*,#1687,.F.);
#2161=ORIENTED_EDGE('',*,*,#1688,.F.);
#2162=ORIENTED_EDGE('',*,*,#1689,.F.);
#2163=ORIENTED_EDGE('',*,*,#1593,.T.);
#2164=ORIENTED_EDGE('',*,*,#1690,.F.);
#2165=ORIENTED_EDGE('',*,*,#1691,.F.);
#2166=ORIENTED_EDGE('',*,*,#1692,.F.);
#2167=ORIENTED_EDGE('',*,*,#1680,.T.);
#2168=ORIENTED_EDGE('',*,*,#1693,.F.);
#2169=ORIENTED_EDGE('',*,*,#1694,.F.);
#2170=ORIENTED_EDGE('',*,*,#1695,.F.);
#2171=ORIENTED_EDGE('',*,*,#1696,.F.);
#2172=ORIENTED_EDGE('',*,*,#1697,.F.);
#2173=ORIENTED_EDGE('',*,*,#1698,.F.);
#2174=ORIENTED_EDGE('',*,*,#1699,.F.);
#2175=ORIENTED_EDGE('',*,*,#1700,.F.);
#2176=ORIENTED_EDGE('',*,*,#1701,.F.);
#2177=ORIENTED_EDGE('',*,*,#1682,.T.);
#2178=ORIENTED_EDGE('',*,*,#1702,.F.);
#2179=ORIENTED_EDGE('',*,*,#1703,.F.);
#2180=ORIENTED_EDGE('',*,*,#1704,.F.);
#2181=ORIENTED_EDGE('',*,*,#1591,.T.);
#2182=ORIENTED_EDGE('',*,*,#1705,.F.);
#2183=ORIENTED_EDGE('',*,*,#1706,.F.);
#2184=ORIENTED_EDGE('',*,*,#1707,.F.);
#2185=ORIENTED_EDGE('',*,*,#1708,.F.);
#2186=ORIENTED_EDGE('',*,*,#1709,.F.);
#2187=ORIENTED_EDGE('',*,*,#1710,.F.);
#2188=ORIENTED_EDGE('',*,*,#1711,.F.);
#2189=ORIENTED_EDGE('',*,*,#1712,.F.);
#2190=ORIENTED_EDGE('',*,*,#1713,.F.);
#2191=ORIENTED_EDGE('',*,*,#1714,.F.);
#2192=ORIENTED_EDGE('',*,*,#1715,.F.);
#2193=ORIENTED_EDGE('',*,*,#1716,.F.);
#2194=ORIENTED_EDGE('',*,*,#1717,.F.);
#2195=ORIENTED_EDGE('',*,*,#1667,.T.);
#2196=ORIENTED_EDGE('',*,*,#1718,.F.);
#2197=ORIENTED_EDGE('',*,*,#1719,.F.);
#2198=ORIENTED_EDGE('',*,*,#1720,.F.);
#2199=ORIENTED_EDGE('',*,*,#1588,.T.);
#2200=ORIENTED_EDGE('',*,*,#1721,.F.);
#2201=ORIENTED_EDGE('',*,*,#1722,.F.);
#2202=ORIENTED_EDGE('',*,*,#1723,.F.);
#2203=ORIENTED_EDGE('',*,*,#1713,.T.);
#2204=ORIENTED_EDGE('',*,*,#1724,.F.);
#2205=ORIENTED_EDGE('',*,*,#1725,.F.);
#2206=ORIENTED_EDGE('',*,*,#1726,.F.);
#2207=ORIENTED_EDGE('',*,*,#1727,.F.);
#2208=ORIENTED_EDGE('',*,*,#1728,.F.);
#2209=ORIENTED_EDGE('',*,*,#1729,.F.);
#2210=ORIENTED_EDGE('',*,*,#1730,.F.);
#2211=ORIENTED_EDGE('',*,*,#1731,.F.);
#2212=ORIENTED_EDGE('',*,*,#1732,.F.);
#2213=ORIENTED_EDGE('',*,*,#1556,.T.);
#2214=ORIENTED_EDGE('',*,*,#1640,.T.);
#2215=ORIENTED_EDGE('',*,*,#1542,.T.);
#2216=ORIENTED_EDGE('',*,*,#1733,.F.);
#2217=ORIENTED_EDGE('',*,*,#1734,.F.);
#2218=ORIENTED_EDGE('',*,*,#1735,.F.);
#2219=ORIENTED_EDGE('',*,*,#1736,.F.);
#2220=ORIENTED_EDGE('',*,*,#1737,.F.);
#2221=ORIENTED_EDGE('',*,*,#1609,.T.);
#2222=ORIENTED_EDGE('',*,*,#1738,.F.);
#2223=ORIENTED_EDGE('',*,*,#1633,.T.);
#2224=ORIENTED_EDGE('',*,*,#1739,.F.);
#2225=ORIENTED_EDGE('',*,*,#1740,.F.);
#2226=ORIENTED_EDGE('',*,*,#1741,.F.);
#2227=ORIENTED_EDGE('',*,*,#1742,.F.);
#2228=ORIENTED_EDGE('',*,*,#1743,.F.);
#2229=ORIENTED_EDGE('',*,*,#1744,.F.);
#2230=ORIENTED_EDGE('',*,*,#1745,.F.);
#2231=ORIENTED_EDGE('',*,*,#1597,.T.);
#2232=ORIENTED_EDGE('',*,*,#1746,.F.);
#2233=ORIENTED_EDGE('',*,*,#1747,.F.);
#2234=ORIENTED_EDGE('',*,*,#1748,.F.);
#2235=ORIENTED_EDGE('',*,*,#1740,.T.);
#2236=ORIENTED_EDGE('',*,*,#1749,.F.);
#2237=ORIENTED_EDGE('',*,*,#1750,.F.);
#2238=ORIENTED_EDGE('',*,*,#1751,.F.);
#2239=ORIENTED_EDGE('',*,*,#1659,.T.);
#2240=ORIENTED_EDGE('',*,*,#1752,.F.);
#2241=ORIENTED_EDGE('',*,*,#1753,.F.);
#2242=ORIENTED_EDGE('',*,*,#1754,.F.);
#2243=ORIENTED_EDGE('',*,*,#1755,.F.);
#2244=ORIENTED_EDGE('',*,*,#1756,.F.);
#2245=ORIENTED_EDGE('',*,*,#1757,.F.);
#2246=ORIENTED_EDGE('',*,*,#1758,.F.);
#2247=ORIENTED_EDGE('',*,*,#1759,.F.);
#2248=ORIENTED_EDGE('',*,*,#1760,.F.);
#2249=ORIENTED_EDGE('',*,*,#1657,.T.);
#2250=ORIENTED_EDGE('',*,*,#1761,.F.);
#2251=ORIENTED_EDGE('',*,*,#1762,.F.);
#2252=ORIENTED_EDGE('',*,*,#1763,.F.);
#2253=ORIENTED_EDGE('',*,*,#1742,.T.);
#2254=ORIENTED_EDGE('',*,*,#1764,.F.);
#2255=ORIENTED_EDGE('',*,*,#1765,.F.);
#2256=ORIENTED_EDGE('',*,*,#1766,.F.);
#2257=ORIENTED_EDGE('',*,*,#1595,.T.);
#2258=ORIENTED_EDGE('',*,*,#1767,.F.);
#2259=ORIENTED_EDGE('',*,*,#1768,.F.);
#2260=ORIENTED_EDGE('',*,*,#1769,.F.);
#2261=ORIENTED_EDGE('',*,*,#1770,.F.);
#2262=ORIENTED_EDGE('',*,*,#1771,.F.);
#2263=ORIENTED_EDGE('',*,*,#1772,.F.);
#2264=ORIENTED_EDGE('',*,*,#1773,.F.);
#2265=ORIENTED_EDGE('',*,*,#1708,.T.);
#2266=ORIENTED_EDGE('',*,*,#1774,.F.);
#2267=ORIENTED_EDGE('',*,*,#1686,.T.);
#2268=ORIENTED_EDGE('',*,*,#1775,.F.);
#2269=ORIENTED_EDGE('',*,*,#1552,.T.);
#2270=ORIENTED_EDGE('',*,*,#1776,.F.);
#2271=ORIENTED_EDGE('',*,*,#1573,.T.);
#2272=ORIENTED_EDGE('',*,*,#1777,.F.);
#2273=ORIENTED_EDGE('',*,*,#1778,.F.);
#2274=ORIENTED_EDGE('',*,*,#1719,.T.);
#2275=ORIENTED_EDGE('',*,*,#1779,.F.);
#2276=ORIENTED_EDGE('',*,*,#1780,.F.);
#2277=ORIENTED_EDGE('',*,*,#1589,.T.);
#2278=ORIENTED_EDGE('',*,*,#1720,.T.);
#2279=ORIENTED_EDGE('',*,*,#1778,.T.);
#2280=ORIENTED_EDGE('',*,*,#1781,.F.);
#2281=ORIENTED_EDGE('',*,*,#1779,.T.);
#2282=ORIENTED_EDGE('',*,*,#1718,.T.);
#2283=ORIENTED_EDGE('',*,*,#1666,.T.);
#2284=ORIENTED_EDGE('',*,*,#1782,.F.);
#2285=ORIENTED_EDGE('',*,*,#1703,.T.);
#2286=ORIENTED_EDGE('',*,*,#1783,.F.);
#2287=ORIENTED_EDGE('',*,*,#1691,.T.);
#2288=ORIENTED_EDGE('',*,*,#1784,.F.);
#2289=ORIENTED_EDGE('',*,*,#1681,.T.);
#2290=ORIENTED_EDGE('',*,*,#1692,.T.);
#2291=ORIENTED_EDGE('',*,*,#1783,.T.);
#2292=ORIENTED_EDGE('',*,*,#1702,.T.);
#2293=ORIENTED_EDGE('',*,*,#1592,.T.);
#2294=ORIENTED_EDGE('',*,*,#1704,.T.);
#2295=ORIENTED_EDGE('',*,*,#1784,.T.);
#2296=ORIENTED_EDGE('',*,*,#1690,.T.);
#2297=ORIENTED_EDGE('',*,*,#1635,.T.);
#2298=ORIENTED_EDGE('',*,*,#1785,.F.);
#2299=ORIENTED_EDGE('',*,*,#1607,.T.);
#2300=ORIENTED_EDGE('',*,*,#1786,.F.);
#2301=ORIENTED_EDGE('',*,*,#1738,.T.);
#2302=ORIENTED_EDGE('',*,*,#1608,.T.);
#2303=ORIENTED_EDGE('',*,*,#1785,.T.);
#2304=ORIENTED_EDGE('',*,*,#1634,.T.);
#2305=ORIENTED_EDGE('',*,*,#1787,.F.);
#2306=ORIENTED_EDGE('',*,*,#1788,.F.);
#2307=ORIENTED_EDGE('',*,*,#1789,.F.);
#2308=ORIENTED_EDGE('',*,*,#1790,.F.);
#2309=ORIENTED_EDGE('',*,*,#1789,.T.);
#2310=ORIENTED_EDGE('',*,*,#1791,.F.);
#2311=ORIENTED_EDGE('',*,*,#1674,.T.);
#2312=ORIENTED_EDGE('',*,*,#1792,.F.);
#2313=ORIENTED_EDGE('',*,*,#1736,.T.);
#2314=ORIENTED_EDGE('',*,*,#1793,.F.);
#2315=ORIENTED_EDGE('',*,*,#1787,.T.);
#2316=ORIENTED_EDGE('',*,*,#1794,.F.);
#2317=ORIENTED_EDGE('',*,*,#1795,.F.);
#2318=ORIENTED_EDGE('',*,*,#1796,.F.);
#2319=ORIENTED_EDGE('',*,*,#1797,.F.);
#2320=ORIENTED_EDGE('',*,*,#1798,.F.);
#2321=ORIENTED_EDGE('',*,*,#1772,.T.);
#2322=ORIENTED_EDGE('',*,*,#1799,.F.);
#2323=ORIENTED_EDGE('',*,*,#1795,.T.);
#2324=ORIENTED_EDGE('',*,*,#1800,.F.);
#2325=ORIENTED_EDGE('',*,*,#1797,.T.);
#2326=ORIENTED_EDGE('',*,*,#1801,.F.);
#2327=ORIENTED_EDGE('',*,*,#1670,.T.);
#2328=ORIENTED_EDGE('',*,*,#1802,.F.);
#2329=ORIENTED_EDGE('',*,*,#1628,.T.);
#2330=ORIENTED_EDGE('',*,*,#1803,.F.);
#2331=ORIENTED_EDGE('',*,*,#1614,.T.);
#2332=ORIENTED_EDGE('',*,*,#1804,.F.);
#2333=ORIENTED_EDGE('',*,*,#1678,.T.);
#2334=ORIENTED_EDGE('',*,*,#1615,.T.);
#2335=ORIENTED_EDGE('',*,*,#1803,.T.);
#2336=ORIENTED_EDGE('',*,*,#1627,.T.);
#2337=ORIENTED_EDGE('',*,*,#1604,.T.);
#2338=ORIENTED_EDGE('',*,*,#1629,.T.);
#2339=ORIENTED_EDGE('',*,*,#1804,.T.);
#2340=ORIENTED_EDGE('',*,*,#1613,.T.);
#2341=ORIENTED_EDGE('',*,*,#1805,.F.);
#2342=ORIENTED_EDGE('',*,*,#1806,.F.);
#2343=ORIENTED_EDGE('',*,*,#1807,.F.);
#2344=ORIENTED_EDGE('',*,*,#1808,.F.);
#2345=ORIENTED_EDGE('',*,*,#1806,.T.);
#2346=ORIENTED_EDGE('',*,*,#1809,.F.);
#2347=ORIENTED_EDGE('',*,*,#1647,.T.);
#2348=ORIENTED_EDGE('',*,*,#1810,.F.);
#2349=ORIENTED_EDGE('',*,*,#1811,.F.);
#2350=ORIENTED_EDGE('',*,*,#1812,.F.);
#2351=ORIENTED_EDGE('',*,*,#1813,.F.);
#2352=ORIENTED_EDGE('',*,*,#1814,.F.);
#2353=ORIENTED_EDGE('',*,*,#1812,.T.);
#2354=ORIENTED_EDGE('',*,*,#1815,.F.);
#2355=ORIENTED_EDGE('',*,*,#1651,.T.);
#2356=ORIENTED_EDGE('',*,*,#1816,.F.);
#2357=ORIENTED_EDGE('',*,*,#1532,.T.);
#2358=ORIENTED_EDGE('',*,*,#1817,.F.);
#2359=ORIENTED_EDGE('',*,*,#1818,.F.);
#2360=ORIENTED_EDGE('',*,*,#1819,.F.);
#2361=ORIENTED_EDGE('',*,*,#1753,.T.);
#2362=ORIENTED_EDGE('',*,*,#1820,.F.);
#2363=ORIENTED_EDGE('',*,*,#1759,.T.);
#2364=ORIENTED_EDGE('',*,*,#1821,.F.);
#2365=ORIENTED_EDGE('',*,*,#1658,.T.);
#2366=ORIENTED_EDGE('',*,*,#1760,.T.);
#2367=ORIENTED_EDGE('',*,*,#1820,.T.);
#2368=ORIENTED_EDGE('',*,*,#1752,.T.);
#2369=ORIENTED_EDGE('',*,*,#1822,.F.);
#2370=ORIENTED_EDGE('',*,*,#1643,.T.);
#2371=ORIENTED_EDGE('',*,*,#1534,.T.);
#2372=ORIENTED_EDGE('',*,*,#1823,.F.);
#2373=ORIENTED_EDGE('',*,*,#1824,.F.);
#2374=ORIENTED_EDGE('',*,*,#1825,.F.);
#2375=ORIENTED_EDGE('',*,*,#1826,.F.);
#2376=ORIENTED_EDGE('',*,*,#1827,.F.);
#2377=ORIENTED_EDGE('',*,*,#1731,.T.);
#2378=ORIENTED_EDGE('',*,*,#1828,.F.);
#2379=ORIENTED_EDGE('',*,*,#1824,.T.);
#2380=ORIENTED_EDGE('',*,*,#1829,.F.);
#2381=ORIENTED_EDGE('',*,*,#1826,.T.);
#2382=ORIENTED_EDGE('',*,*,#1830,.F.);
#2383=ORIENTED_EDGE('',*,*,#1599,.T.);
#2384=ORIENTED_EDGE('',*,*,#1831,.F.);
#2385=ORIENTED_EDGE('',*,*,#1747,.T.);
#2386=ORIENTED_EDGE('',*,*,#1832,.F.);
#2387=ORIENTED_EDGE('',*,*,#1765,.T.);
#2388=ORIENTED_EDGE('',*,*,#1833,.F.);
#2389=ORIENTED_EDGE('',*,*,#1596,.T.);
#2390=ORIENTED_EDGE('',*,*,#1766,.T.);
#2391=ORIENTED_EDGE('',*,*,#1832,.T.);
#2392=ORIENTED_EDGE('',*,*,#1746,.T.);
#2393=ORIENTED_EDGE('',*,*,#1741,.T.);
#2394=ORIENTED_EDGE('',*,*,#1748,.T.);
#2395=ORIENTED_EDGE('',*,*,#1833,.T.);
#2396=ORIENTED_EDGE('',*,*,#1764,.T.);
#2397=ORIENTED_EDGE('',*,*,#1544,.T.);
#2398=ORIENTED_EDGE('',*,*,#1639,.T.);
#2399=ORIENTED_EDGE('',*,*,#1538,.T.);
#2400=ORIENTED_EDGE('',*,*,#1834,.F.);
#2401=ORIENTED_EDGE('',*,*,#1835,.F.);
#2402=ORIENTED_EDGE('',*,*,#1836,.F.);
#2403=ORIENTED_EDGE('',*,*,#1837,.F.);
#2404=ORIENTED_EDGE('',*,*,#1838,.F.);
#2405=ORIENTED_EDGE('',*,*,#1664,.T.);
#2406=ORIENTED_EDGE('',*,*,#1839,.F.);
#2407=ORIENTED_EDGE('',*,*,#1836,.T.);
#2408=ORIENTED_EDGE('',*,*,#1840,.F.);
#2409=ORIENTED_EDGE('',*,*,#1841,.F.);
#2410=ORIENTED_EDGE('',*,*,#1722,.T.);
#2411=ORIENTED_EDGE('',*,*,#1842,.F.);
#2412=ORIENTED_EDGE('',*,*,#1843,.F.);
#2413=ORIENTED_EDGE('',*,*,#1714,.T.);
#2414=ORIENTED_EDGE('',*,*,#1723,.T.);
#2415=ORIENTED_EDGE('',*,*,#1841,.T.);
#2416=ORIENTED_EDGE('',*,*,#1844,.F.);
#2417=ORIENTED_EDGE('',*,*,#1842,.T.);
#2418=ORIENTED_EDGE('',*,*,#1721,.T.);
#2419=ORIENTED_EDGE('',*,*,#1587,.T.);
#2420=ORIENTED_EDGE('',*,*,#1845,.F.);
#2421=ORIENTED_EDGE('',*,*,#1706,.T.);
#2422=ORIENTED_EDGE('',*,*,#1846,.F.);
#2423=ORIENTED_EDGE('',*,*,#1688,.T.);
#2424=ORIENTED_EDGE('',*,*,#1847,.F.);
#2425=ORIENTED_EDGE('',*,*,#1594,.T.);
#2426=ORIENTED_EDGE('',*,*,#1689,.T.);
#2427=ORIENTED_EDGE('',*,*,#1846,.T.);
#2428=ORIENTED_EDGE('',*,*,#1705,.T.);
#2429=ORIENTED_EDGE('',*,*,#1774,.T.);
#2430=ORIENTED_EDGE('',*,*,#1707,.T.);
#2431=ORIENTED_EDGE('',*,*,#1847,.T.);
#2432=ORIENTED_EDGE('',*,*,#1687,.T.);
#2433=ORIENTED_EDGE('',*,*,#1848,.F.);
#2434=ORIENTED_EDGE('',*,*,#1849,.F.);
#2435=ORIENTED_EDGE('',*,*,#1716,.T.);
#2436=ORIENTED_EDGE('',*,*,#1850,.F.);
#2437=ORIENTED_EDGE('',*,*,#1668,.T.);
#2438=ORIENTED_EDGE('',*,*,#1717,.T.);
#2439=ORIENTED_EDGE('',*,*,#1849,.T.);
#2440=ORIENTED_EDGE('',*,*,#1851,.F.);
#2441=ORIENTED_EDGE('',*,*,#1548,.T.);
#2442=ORIENTED_EDGE('',*,*,#1852,.F.);
#2443=ORIENTED_EDGE('',*,*,#1550,.T.);
#2444=ORIENTED_EDGE('',*,*,#1853,.F.);
#2445=ORIENTED_EDGE('',*,*,#1854,.F.);
#2446=ORIENTED_EDGE('',*,*,#1855,.F.);
#2447=ORIENTED_EDGE('',*,*,#1856,.F.);
#2448=ORIENTED_EDGE('',*,*,#1857,.F.);
#2449=ORIENTED_EDGE('',*,*,#1672,.T.);
#2450=ORIENTED_EDGE('',*,*,#1858,.F.);
#2451=ORIENTED_EDGE('',*,*,#1855,.T.);
#2452=ORIENTED_EDGE('',*,*,#1859,.F.);
#2453=ORIENTED_EDGE('',*,*,#1860,.F.);
#2454=ORIENTED_EDGE('',*,*,#1861,.F.);
#2455=ORIENTED_EDGE('',*,*,#1862,.F.);
#2456=ORIENTED_EDGE('',*,*,#1863,.F.);
#2457=ORIENTED_EDGE('',*,*,#1676,.T.);
#2458=ORIENTED_EDGE('',*,*,#1864,.F.);
#2459=ORIENTED_EDGE('',*,*,#1861,.T.);
#2460=ORIENTED_EDGE('',*,*,#1865,.F.);
#2461=ORIENTED_EDGE('',*,*,#1611,.T.);
#2462=ORIENTED_EDGE('',*,*,#1866,.F.);
#2463=ORIENTED_EDGE('',*,*,#1631,.T.);
#2464=ORIENTED_EDGE('',*,*,#1867,.F.);
#2465=ORIENTED_EDGE('',*,*,#1739,.T.);
#2466=ORIENTED_EDGE('',*,*,#1632,.T.);
#2467=ORIENTED_EDGE('',*,*,#1866,.T.);
#2468=ORIENTED_EDGE('',*,*,#1610,.T.);
#2469=ORIENTED_EDGE('',*,*,#1606,.T.);
#2470=ORIENTED_EDGE('',*,*,#1612,.T.);
#2471=ORIENTED_EDGE('',*,*,#1867,.T.);
#2472=ORIENTED_EDGE('',*,*,#1630,.T.);
#2473=ORIENTED_EDGE('',*,*,#1868,.F.);
#2474=ORIENTED_EDGE('',*,*,#1869,.F.);
#2475=ORIENTED_EDGE('',*,*,#1870,.F.);
#2476=ORIENTED_EDGE('',*,*,#1871,.F.);
#2477=ORIENTED_EDGE('',*,*,#1653,.T.);
#2478=ORIENTED_EDGE('',*,*,#1872,.F.);
#2479=ORIENTED_EDGE('',*,*,#1868,.T.);
#2480=ORIENTED_EDGE('',*,*,#1873,.F.);
#2481=ORIENTED_EDGE('',*,*,#1870,.T.);
#2482=ORIENTED_EDGE('',*,*,#1874,.F.);
#2483=ORIENTED_EDGE('',*,*,#1770,.T.);
#2484=ORIENTED_EDGE('',*,*,#1875,.F.);
#2485=ORIENTED_EDGE('',*,*,#1876,.F.);
#2486=ORIENTED_EDGE('',*,*,#1877,.F.);
#2487=ORIENTED_EDGE('',*,*,#1878,.F.);
#2488=ORIENTED_EDGE('',*,*,#1879,.F.);
#2489=ORIENTED_EDGE('',*,*,#1649,.T.);
#2490=ORIENTED_EDGE('',*,*,#1880,.F.);
#2491=ORIENTED_EDGE('',*,*,#1876,.T.);
#2492=ORIENTED_EDGE('',*,*,#1881,.F.);
#2493=ORIENTED_EDGE('',*,*,#1878,.T.);
#2494=ORIENTED_EDGE('',*,*,#1882,.F.);
#2495=ORIENTED_EDGE('',*,*,#1734,.T.);
#2496=ORIENTED_EDGE('',*,*,#1883,.F.);
#2497=ORIENTED_EDGE('',*,*,#1618,.T.);
#2498=ORIENTED_EDGE('',*,*,#1884,.F.);
#2499=ORIENTED_EDGE('',*,*,#1624,.T.);
#2500=ORIENTED_EDGE('',*,*,#1885,.F.);
#2501=ORIENTED_EDGE('',*,*,#1679,.T.);
#2502=ORIENTED_EDGE('',*,*,#1625,.T.);
#2503=ORIENTED_EDGE('',*,*,#1884,.T.);
#2504=ORIENTED_EDGE('',*,*,#1617,.T.);
#2505=ORIENTED_EDGE('',*,*,#1694,.T.);
#2506=ORIENTED_EDGE('',*,*,#1886,.F.);
#2507=ORIENTED_EDGE('',*,*,#1700,.T.);
#2508=ORIENTED_EDGE('',*,*,#1887,.F.);
#2509=ORIENTED_EDGE('',*,*,#1683,.T.);
#2510=ORIENTED_EDGE('',*,*,#1701,.T.);
#2511=ORIENTED_EDGE('',*,*,#1886,.T.);
#2512=ORIENTED_EDGE('',*,*,#1693,.T.);
#2513=ORIENTED_EDGE('',*,*,#1725,.T.);
#2514=ORIENTED_EDGE('',*,*,#1888,.F.);
#2515=ORIENTED_EDGE('',*,*,#1889,.F.);
#2516=ORIENTED_EDGE('',*,*,#1890,.F.);
#2517=ORIENTED_EDGE('',*,*,#1888,.T.);
#2518=ORIENTED_EDGE('',*,*,#1724,.T.);
#2519=ORIENTED_EDGE('',*,*,#1712,.T.);
#2520=ORIENTED_EDGE('',*,*,#1891,.F.);
#2521=ORIENTED_EDGE('',*,*,#1892,.F.);
#2522=ORIENTED_EDGE('',*,*,#1893,.F.);
#2523=ORIENTED_EDGE('',*,*,#1894,.F.);
#2524=ORIENTED_EDGE('',*,*,#1895,.F.);
#2525=ORIENTED_EDGE('',*,*,#1893,.T.);
#2526=ORIENTED_EDGE('',*,*,#1896,.F.);
#2527=ORIENTED_EDGE('',*,*,#1729,.T.);
#2528=ORIENTED_EDGE('',*,*,#1897,.F.);
#2529=ORIENTED_EDGE('',*,*,#1560,.T.);
#2530=ORIENTED_EDGE('',*,*,#1641,.T.);
#2531=ORIENTED_EDGE('',*,*,#1554,.T.);
#2532=ORIENTED_EDGE('',*,*,#1898,.F.);
#2533=ORIENTED_EDGE('',*,*,#1762,.T.);
#2534=ORIENTED_EDGE('',*,*,#1899,.F.);
#2535=ORIENTED_EDGE('',*,*,#1750,.T.);
#2536=ORIENTED_EDGE('',*,*,#1900,.F.);
#2537=ORIENTED_EDGE('',*,*,#1660,.T.);
#2538=ORIENTED_EDGE('',*,*,#1751,.T.);
#2539=ORIENTED_EDGE('',*,*,#1899,.T.);
#2540=ORIENTED_EDGE('',*,*,#1761,.T.);
#2541=ORIENTED_EDGE('',*,*,#1743,.T.);
#2542=ORIENTED_EDGE('',*,*,#1763,.T.);
#2543=ORIENTED_EDGE('',*,*,#1900,.T.);
#2544=ORIENTED_EDGE('',*,*,#1749,.T.);
#2545=ORIENTED_EDGE('',*,*,#1901,.F.);
#2546=ORIENTED_EDGE('',*,*,#1902,.F.);
#2547=ORIENTED_EDGE('',*,*,#1903,.F.);
#2548=ORIENTED_EDGE('',*,*,#1904,.F.);
#2549=ORIENTED_EDGE('',*,*,#1903,.T.);
#2550=ORIENTED_EDGE('',*,*,#1905,.F.);
#2551=ORIENTED_EDGE('',*,*,#1662,.T.);
#2552=ORIENTED_EDGE('',*,*,#1906,.F.);
#2553=ORIENTED_EDGE('',*,*,#1601,.T.);
#2554=ORIENTED_EDGE('',*,*,#1907,.F.);
#2555=ORIENTED_EDGE('',*,*,#1901,.T.);
#2556=ORIENTED_EDGE('',*,*,#1908,.F.);
#2557=ORIENTED_EDGE('',*,*,#1768,.T.);
#2558=ORIENTED_EDGE('',*,*,#1909,.F.);
#2559=ORIENTED_EDGE('',*,*,#1744,.T.);
#2560=ORIENTED_EDGE('',*,*,#1910,.F.);
#2561=ORIENTED_EDGE('',*,*,#1598,.T.);
#2562=ORIENTED_EDGE('',*,*,#1745,.T.);
#2563=ORIENTED_EDGE('',*,*,#1909,.T.);
#2564=ORIENTED_EDGE('',*,*,#1767,.T.);
#2565=ORIENTED_EDGE('',*,*,#1575,.T.);
#2566=ORIENTED_EDGE('',*,*,#1911,.F.);
#2567=ORIENTED_EDGE('',*,*,#1569,.T.);
#2568=ORIENTED_EDGE('',*,*,#1912,.F.);
#2569=ORIENTED_EDGE('',*,*,#1710,.T.);
#2570=ORIENTED_EDGE('',*,*,#1913,.F.);
#2571=ORIENTED_EDGE('',*,*,#1684,.T.);
#2572=ORIENTED_EDGE('',*,*,#1914,.F.);
#2573=ORIENTED_EDGE('',*,*,#1775,.T.);
#2574=ORIENTED_EDGE('',*,*,#1685,.T.);
#2575=ORIENTED_EDGE('',*,*,#1913,.T.);
#2576=ORIENTED_EDGE('',*,*,#1709,.T.);
#2577=ORIENTED_EDGE('',*,*,#1915,.F.);
#2578=ORIENTED_EDGE('',*,*,#1916,.F.);
#2579=ORIENTED_EDGE('',*,*,#1817,.T.);
#2580=ORIENTED_EDGE('',*,*,#1531,.T.);
#2581=ORIENTED_EDGE('',*,*,#1655,.T.);
#2582=ORIENTED_EDGE('',*,*,#1570,.T.);
#2583=ORIENTED_EDGE('',*,*,#1911,.T.);
#2584=ORIENTED_EDGE('',*,*,#1574,.T.);
#2585=ORIENTED_EDGE('',*,*,#1776,.T.);
#2586=ORIENTED_EDGE('',*,*,#1551,.T.);
#2587=ORIENTED_EDGE('',*,*,#1852,.T.);
#2588=ORIENTED_EDGE('',*,*,#1547,.T.);
#2589=ORIENTED_EDGE('',*,*,#1585,.T.);
#2590=ORIENTED_EDGE('',*,*,#1527,.T.);
#2591=ORIENTED_EDGE('',*,*,#1524,.T.);
#2592=ORIENTED_EDGE('',*,*,#1917,.F.);
#2593=ORIENTED_EDGE('',*,*,#1856,.T.);
#2594=ORIENTED_EDGE('',*,*,#1858,.T.);
#2595=ORIENTED_EDGE('',*,*,#1671,.T.);
#2596=ORIENTED_EDGE('',*,*,#1801,.T.);
#2597=ORIENTED_EDGE('',*,*,#1796,.T.);
#2598=ORIENTED_EDGE('',*,*,#1799,.T.);
#2599=ORIENTED_EDGE('',*,*,#1771,.T.);
#2600=ORIENTED_EDGE('',*,*,#1874,.T.);
#2601=ORIENTED_EDGE('',*,*,#1869,.T.);
#2602=ORIENTED_EDGE('',*,*,#1872,.T.);
#2603=ORIENTED_EDGE('',*,*,#1652,.T.);
#2604=ORIENTED_EDGE('',*,*,#1815,.T.);
#2605=ORIENTED_EDGE('',*,*,#1811,.T.);
#2606=ORIENTED_EDGE('',*,*,#1918,.F.);
#2607=ORIENTED_EDGE('',*,*,#1919,.F.);
#2608=ORIENTED_EDGE('',*,*,#1920,.F.);
#2609=ORIENTED_EDGE('',*,*,#1837,.T.);
#2610=ORIENTED_EDGE('',*,*,#1839,.T.);
#2611=ORIENTED_EDGE('',*,*,#1663,.T.);
#2612=ORIENTED_EDGE('',*,*,#1905,.T.);
#2613=ORIENTED_EDGE('',*,*,#1902,.T.);
#2614=ORIENTED_EDGE('',*,*,#1907,.T.);
#2615=ORIENTED_EDGE('',*,*,#1600,.T.);
#2616=ORIENTED_EDGE('',*,*,#1830,.T.);
#2617=ORIENTED_EDGE('',*,*,#1825,.T.);
#2618=ORIENTED_EDGE('',*,*,#1828,.T.);
#2619=ORIENTED_EDGE('',*,*,#1730,.T.);
#2620=ORIENTED_EDGE('',*,*,#1896,.T.);
#2621=ORIENTED_EDGE('',*,*,#1892,.T.);
#2622=ORIENTED_EDGE('',*,*,#1921,.F.);
#2623=ORIENTED_EDGE('',*,*,#1922,.F.);
#2624=ORIENTED_EDGE('',*,*,#1923,.F.);
#2625=ORIENTED_EDGE('',*,*,#1862,.T.);
#2626=ORIENTED_EDGE('',*,*,#1864,.T.);
#2627=ORIENTED_EDGE('',*,*,#1675,.T.);
#2628=ORIENTED_EDGE('',*,*,#1791,.T.);
#2629=ORIENTED_EDGE('',*,*,#1788,.T.);
#2630=ORIENTED_EDGE('',*,*,#1793,.T.);
#2631=ORIENTED_EDGE('',*,*,#1735,.T.);
#2632=ORIENTED_EDGE('',*,*,#1882,.T.);
#2633=ORIENTED_EDGE('',*,*,#1877,.T.);
#2634=ORIENTED_EDGE('',*,*,#1880,.T.);
#2635=ORIENTED_EDGE('',*,*,#1648,.T.);
#2636=ORIENTED_EDGE('',*,*,#1809,.T.);
#2637=ORIENTED_EDGE('',*,*,#1805,.T.);
#2638=ORIENTED_EDGE('',*,*,#1924,.F.);
#2639=ORIENTED_EDGE('',*,*,#1925,.F.);
#2640=ORIENTED_EDGE('',*,*,#1926,.F.);
#2641=ORIENTED_EDGE('',*,*,#1927,.F.);
#2642=ORIENTED_EDGE('',*,*,#1928,.F.);
#2643=ORIENTED_EDGE('',*,*,#1807,.T.);
#2644=ORIENTED_EDGE('',*,*,#1810,.T.);
#2645=ORIENTED_EDGE('',*,*,#1650,.T.);
#2646=ORIENTED_EDGE('',*,*,#1881,.T.);
#2647=ORIENTED_EDGE('',*,*,#1879,.T.);
#2648=ORIENTED_EDGE('',*,*,#1883,.T.);
#2649=ORIENTED_EDGE('',*,*,#1737,.T.);
#2650=ORIENTED_EDGE('',*,*,#1794,.T.);
#2651=ORIENTED_EDGE('',*,*,#1790,.T.);
#2652=ORIENTED_EDGE('',*,*,#1792,.T.);
#2653=ORIENTED_EDGE('',*,*,#1677,.T.);
#2654=ORIENTED_EDGE('',*,*,#1865,.T.);
#2655=ORIENTED_EDGE('',*,*,#1860,.T.);
#2656=ORIENTED_EDGE('',*,*,#1929,.F.);
#2657=ORIENTED_EDGE('',*,*,#1930,.F.);
#2658=ORIENTED_EDGE('',*,*,#1931,.F.);
#2659=ORIENTED_EDGE('',*,*,#1894,.T.);
#2660=ORIENTED_EDGE('',*,*,#1897,.T.);
#2661=ORIENTED_EDGE('',*,*,#1732,.T.);
#2662=ORIENTED_EDGE('',*,*,#1829,.T.);
#2663=ORIENTED_EDGE('',*,*,#1827,.T.);
#2664=ORIENTED_EDGE('',*,*,#1831,.T.);
#2665=ORIENTED_EDGE('',*,*,#1602,.T.);
#2666=ORIENTED_EDGE('',*,*,#1908,.T.);
#2667=ORIENTED_EDGE('',*,*,#1904,.T.);
#2668=ORIENTED_EDGE('',*,*,#1906,.T.);
#2669=ORIENTED_EDGE('',*,*,#1665,.T.);
#2670=ORIENTED_EDGE('',*,*,#1840,.T.);
#2671=ORIENTED_EDGE('',*,*,#1835,.T.);
#2672=ORIENTED_EDGE('',*,*,#1932,.F.);
#2673=ORIENTED_EDGE('',*,*,#1933,.F.);
#2674=ORIENTED_EDGE('',*,*,#1934,.F.);
#2675=ORIENTED_EDGE('',*,*,#1813,.T.);
#2676=ORIENTED_EDGE('',*,*,#1816,.T.);
#2677=ORIENTED_EDGE('',*,*,#1654,.T.);
#2678=ORIENTED_EDGE('',*,*,#1873,.T.);
#2679=ORIENTED_EDGE('',*,*,#1871,.T.);
#2680=ORIENTED_EDGE('',*,*,#1875,.T.);
#2681=ORIENTED_EDGE('',*,*,#1773,.T.);
#2682=ORIENTED_EDGE('',*,*,#1800,.T.);
#2683=ORIENTED_EDGE('',*,*,#1798,.T.);
#2684=ORIENTED_EDGE('',*,*,#1802,.T.);
#2685=ORIENTED_EDGE('',*,*,#1673,.T.);
#2686=ORIENTED_EDGE('',*,*,#1859,.T.);
#2687=ORIENTED_EDGE('',*,*,#1854,.T.);
#2688=ORIENTED_EDGE('',*,*,#1935,.F.);
#2689=ORIENTED_EDGE('',*,*,#1936,.F.);
#2690=ORIENTED_EDGE('',*,*,#1937,.F.);
#2691=ORIENTED_EDGE('',*,*,#1889,.T.);
#2692=ORIENTED_EDGE('',*,*,#1891,.T.);
#2693=ORIENTED_EDGE('',*,*,#1715,.T.);
#2694=ORIENTED_EDGE('',*,*,#1844,.T.);
#2695=ORIENTED_EDGE('',*,*,#1843,.T.);
#2696=ORIENTED_EDGE('',*,*,#1845,.T.);
#2697=ORIENTED_EDGE('',*,*,#1590,.T.);
#2698=ORIENTED_EDGE('',*,*,#1781,.T.);
#2699=ORIENTED_EDGE('',*,*,#1780,.T.);
#2700=ORIENTED_EDGE('',*,*,#1782,.T.);
#2701=ORIENTED_EDGE('',*,*,#1669,.T.);
#2702=ORIENTED_EDGE('',*,*,#1851,.T.);
#2703=ORIENTED_EDGE('',*,*,#1848,.T.);
#2704=ORIENTED_EDGE('',*,*,#1938,.F.);
#2705=ORIENTED_EDGE('',*,*,#1727,.T.);
#2706=ORIENTED_EDGE('',*,*,#1939,.F.);
#2707=ORIENTED_EDGE('',*,*,#1915,.T.);
#2708=ORIENTED_EDGE('',*,*,#1940,.F.);
#2709=ORIENTED_EDGE('',*,*,#1919,.T.);
#2710=ORIENTED_EDGE('',*,*,#1941,.F.);
#2711=ORIENTED_EDGE('',*,*,#1698,.T.);
#2712=ORIENTED_EDGE('',*,*,#1942,.F.);
#2713=ORIENTED_EDGE('',*,*,#1922,.T.);
#2714=ORIENTED_EDGE('',*,*,#1943,.F.);
#2715=ORIENTED_EDGE('',*,*,#1757,.T.);
#2716=ORIENTED_EDGE('',*,*,#1944,.F.);
#2717=ORIENTED_EDGE('',*,*,#1925,.T.);
#2718=ORIENTED_EDGE('',*,*,#1945,.F.);
#2719=ORIENTED_EDGE('',*,*,#1622,.T.);
#2720=ORIENTED_EDGE('',*,*,#1946,.F.);
#2721=ORIENTED_EDGE('',*,*,#1645,.T.);
#2722=ORIENTED_EDGE('',*,*,#1947,.F.);
#2723=ORIENTED_EDGE('',*,*,#1927,.T.);
#2724=ORIENTED_EDGE('',*,*,#1948,.F.);
#2725=ORIENTED_EDGE('',*,*,#1620,.T.);
#2726=ORIENTED_EDGE('',*,*,#1949,.F.);
#2727=ORIENTED_EDGE('',*,*,#1930,.T.);
#2728=ORIENTED_EDGE('',*,*,#1950,.F.);
#2729=ORIENTED_EDGE('',*,*,#1755,.T.);
#2730=ORIENTED_EDGE('',*,*,#1951,.F.);
#2731=ORIENTED_EDGE('',*,*,#1933,.T.);
#2732=ORIENTED_EDGE('',*,*,#1952,.F.);
#2733=ORIENTED_EDGE('',*,*,#1696,.T.);
#2734=ORIENTED_EDGE('',*,*,#1953,.F.);
#2735=ORIENTED_EDGE('',*,*,#1936,.T.);
#2736=ORIENTED_EDGE('',*,*,#1954,.F.);
#2737=ORIENTED_EDGE('',*,*,#1955,.F.);
#2738=ORIENTED_EDGE('',*,*,#1818,.T.);
#2739=ORIENTED_EDGE('',*,*,#1916,.T.);
#2740=ORIENTED_EDGE('',*,*,#1939,.T.);
#2741=ORIENTED_EDGE('',*,*,#1726,.T.);
#2742=ORIENTED_EDGE('',*,*,#1890,.T.);
#2743=ORIENTED_EDGE('',*,*,#1937,.T.);
#2744=ORIENTED_EDGE('',*,*,#1953,.T.);
#2745=ORIENTED_EDGE('',*,*,#1695,.T.);
#2746=ORIENTED_EDGE('',*,*,#1887,.T.);
#2747=ORIENTED_EDGE('',*,*,#1699,.T.);
#2748=ORIENTED_EDGE('',*,*,#1941,.T.);
#2749=ORIENTED_EDGE('',*,*,#1918,.T.);
#2750=ORIENTED_EDGE('',*,*,#1814,.T.);
#2751=ORIENTED_EDGE('',*,*,#1934,.T.);
#2752=ORIENTED_EDGE('',*,*,#1951,.T.);
#2753=ORIENTED_EDGE('',*,*,#1754,.T.);
#2754=ORIENTED_EDGE('',*,*,#1821,.T.);
#2755=ORIENTED_EDGE('',*,*,#1758,.T.);
#2756=ORIENTED_EDGE('',*,*,#1943,.T.);
#2757=ORIENTED_EDGE('',*,*,#1921,.T.);
#2758=ORIENTED_EDGE('',*,*,#1895,.T.);
#2759=ORIENTED_EDGE('',*,*,#1931,.T.);
#2760=ORIENTED_EDGE('',*,*,#1949,.T.);
#2761=ORIENTED_EDGE('',*,*,#1619,.T.);
#2762=ORIENTED_EDGE('',*,*,#1885,.T.);
#2763=ORIENTED_EDGE('',*,*,#1623,.T.);
#2764=ORIENTED_EDGE('',*,*,#1945,.T.);
#2765=ORIENTED_EDGE('',*,*,#1924,.T.);
#2766=ORIENTED_EDGE('',*,*,#1808,.T.);
#2767=ORIENTED_EDGE('',*,*,#1928,.T.);
#2768=ORIENTED_EDGE('',*,*,#1947,.T.);
#2769=ORIENTED_EDGE('',*,*,#1644,.T.);
#2770=ORIENTED_EDGE('',*,*,#1822,.T.);
#2771=ORIENTED_EDGE('',*,*,#1956,.F.);
#2772=ORIENTED_EDGE('',*,*,#1957,.F.);
#2773=ORIENTED_EDGE('',*,*,#1958,.F.);
#2774=ORIENTED_EDGE('',*,*,#1578,.T.);
#2775=ORIENTED_EDGE('',*,*,#1959,.F.);
#2776=ORIENTED_EDGE('',*,*,#1960,.F.);
#2777=ORIENTED_EDGE('',*,*,#1582,.T.);
#2778=ORIENTED_EDGE('',*,*,#1961,.F.);
#2779=ORIENTED_EDGE('',*,*,#1564,.T.);
#2780=ORIENTED_EDGE('',*,*,#1646,.T.);
#2781=ORIENTED_EDGE('',*,*,#1948,.T.);
#2782=ORIENTED_EDGE('',*,*,#1929,.T.);
#2783=ORIENTED_EDGE('',*,*,#1863,.T.);
#2784=ORIENTED_EDGE('',*,*,#1926,.T.);
#2785=ORIENTED_EDGE('',*,*,#1946,.T.);
#2786=ORIENTED_EDGE('',*,*,#1636,.T.);
#2787=ORIENTED_EDGE('',*,*,#1786,.T.);
#2788=ORIENTED_EDGE('',*,*,#1621,.T.);
#2789=ORIENTED_EDGE('',*,*,#1950,.T.);
#2790=ORIENTED_EDGE('',*,*,#1932,.T.);
#2791=ORIENTED_EDGE('',*,*,#1838,.T.);
#2792=ORIENTED_EDGE('',*,*,#1923,.T.);
#2793=ORIENTED_EDGE('',*,*,#1944,.T.);
#2794=ORIENTED_EDGE('',*,*,#1769,.T.);
#2795=ORIENTED_EDGE('',*,*,#1910,.T.);
#2796=ORIENTED_EDGE('',*,*,#1756,.T.);
#2797=ORIENTED_EDGE('',*,*,#1952,.T.);
#2798=ORIENTED_EDGE('',*,*,#1935,.T.);
#2799=ORIENTED_EDGE('',*,*,#1857,.T.);
#2800=ORIENTED_EDGE('',*,*,#1920,.T.);
#2801=ORIENTED_EDGE('',*,*,#1942,.T.);
#2802=ORIENTED_EDGE('',*,*,#1711,.T.);
#2803=ORIENTED_EDGE('',*,*,#1914,.T.);
#2804=ORIENTED_EDGE('',*,*,#1697,.T.);
#2805=ORIENTED_EDGE('',*,*,#1954,.T.);
#2806=ORIENTED_EDGE('',*,*,#1938,.T.);
#2807=ORIENTED_EDGE('',*,*,#1850,.T.);
#2808=ORIENTED_EDGE('',*,*,#1728,.T.);
#2809=ORIENTED_EDGE('',*,*,#1940,.T.);
#2810=ORIENTED_EDGE('',*,*,#1917,.T.);
#2811=ORIENTED_EDGE('',*,*,#1523,.T.);
#2812=ORIENTED_EDGE('',*,*,#1962,.F.);
#2813=ORIENTED_EDGE('',*,*,#1963,.F.);
#2814=ORIENTED_EDGE('',*,*,#1956,.T.);
#2815=ORIENTED_EDGE('',*,*,#1823,.T.);
#2816=ORIENTED_EDGE('',*,*,#1537,.T.);
#2817=ORIENTED_EDGE('',*,*,#1661,.T.);
#2818=ORIENTED_EDGE('',*,*,#1561,.T.);
#2819=ORIENTED_EDGE('',*,*,#1898,.T.);
#2820=ORIENTED_EDGE('',*,*,#1557,.T.);
#2821=ORIENTED_EDGE('',*,*,#1733,.T.);
#2822=ORIENTED_EDGE('',*,*,#1545,.T.);
#2823=ORIENTED_EDGE('',*,*,#1834,.T.);
#2824=ORIENTED_EDGE('',*,*,#1541,.T.);
#2825=ORIENTED_EDGE('',*,*,#1638,.T.);
#2826=ORIENTED_EDGE('',*,*,#1568,.T.);
#2827=ORIENTED_EDGE('',*,*,#1565,.T.);
#2828=ORIENTED_EDGE('',*,*,#1961,.T.);
#2829=ORIENTED_EDGE('',*,*,#1581,.T.);
#2830=ORIENTED_EDGE('',*,*,#1964,.F.);
#2831=ORIENTED_EDGE('',*,*,#1965,.F.);
#2832=ORIENTED_EDGE('',*,*,#1964,.T.);
#2833=ORIENTED_EDGE('',*,*,#1580,.T.);
#2834=ORIENTED_EDGE('',*,*,#1966,.F.);
#2835=ORIENTED_EDGE('',*,*,#1967,.F.);
#2836=ORIENTED_EDGE('',*,*,#1957,.T.);
#2837=ORIENTED_EDGE('',*,*,#1963,.T.);
#2838=ORIENTED_EDGE('',*,*,#1965,.T.);
#2839=ORIENTED_EDGE('',*,*,#1966,.T.);
#2840=ORIENTED_EDGE('',*,*,#1579,.T.);
#2841=ORIENTED_EDGE('',*,*,#1958,.T.);
#2842=ORIENTED_EDGE('',*,*,#1967,.T.);
#2843=ORIENTED_EDGE('',*,*,#1968,.F.);
#2844=ORIENTED_EDGE('',*,*,#1583,.T.);
#2845=ORIENTED_EDGE('',*,*,#1962,.T.);
#2846=ORIENTED_EDGE('',*,*,#1526,.T.);
#2847=ORIENTED_EDGE('',*,*,#1529,.T.);
#2848=ORIENTED_EDGE('',*,*,#1586,.T.);
#2849=ORIENTED_EDGE('',*,*,#1549,.T.);
#2850=ORIENTED_EDGE('',*,*,#1853,.T.);
#2851=ORIENTED_EDGE('',*,*,#1553,.T.);
#2852=ORIENTED_EDGE('',*,*,#1777,.T.);
#2853=ORIENTED_EDGE('',*,*,#1576,.T.);
#2854=ORIENTED_EDGE('',*,*,#1912,.T.);
#2855=ORIENTED_EDGE('',*,*,#1572,.T.);
#2856=ORIENTED_EDGE('',*,*,#1656,.T.);
#2857=ORIENTED_EDGE('',*,*,#1533,.T.);
#2858=ORIENTED_EDGE('',*,*,#1819,.T.);
#2859=ORIENTED_EDGE('',*,*,#1955,.T.);
#2860=ORIENTED_EDGE('',*,*,#1969,.F.);
#2861=ORIENTED_EDGE('',*,*,#1970,.F.);
#2862=ORIENTED_EDGE('',*,*,#1584,.T.);
#2863=ORIENTED_EDGE('',*,*,#1968,.T.);
#2864=ORIENTED_EDGE('',*,*,#1971,.F.);
#2865=ORIENTED_EDGE('',*,*,#1972,.F.);
#2866=ORIENTED_EDGE('',*,*,#1959,.T.);
#2867=ORIENTED_EDGE('',*,*,#1577,.T.);
#2868=ORIENTED_EDGE('',*,*,#1970,.T.);
#2869=ORIENTED_EDGE('',*,*,#1971,.T.);
#2870=ORIENTED_EDGE('',*,*,#1969,.T.);
#2871=ORIENTED_EDGE('',*,*,#1960,.T.);
#2872=ORIENTED_EDGE('',*,*,#1972,.T.);
#2873=PLANE('',#3192);
#2874=PLANE('',#3193);
#2875=PLANE('',#3194);
#2876=PLANE('',#3195);
#2877=PLANE('',#3196);
#2878=PLANE('',#3197);
#2879=PLANE('',#3198);
#2880=PLANE('',#3199);
#2881=PLANE('',#3200);
#2882=PLANE('',#3201);
#2883=PLANE('',#3202);
#2884=PLANE('',#3203);
#2885=PLANE('',#3204);
#2886=PLANE('',#3205);
#2887=PLANE('',#3206);
#2888=PLANE('',#3207);
#2889=PLANE('',#3208);
#2890=PLANE('',#3209);
#2891=PLANE('',#3210);
#2892=PLANE('',#3211);
#2893=PLANE('',#3212);
#2894=PLANE('',#3213);
#2895=PLANE('',#3214);
#2896=PLANE('',#3215);
#2897=PLANE('',#3216);
#2898=PLANE('',#3217);
#2899=PLANE('',#3218);
#2900=PLANE('',#3219);
#2901=PLANE('',#3220);
#2902=PLANE('',#3221);
#2903=PLANE('',#3222);
#2904=PLANE('',#3223);
#2905=PLANE('',#3224);
#2906=PLANE('',#3225);
#2907=PLANE('',#3226);
#2908=PLANE('',#3227);
#2909=PLANE('',#3228);
#2910=PLANE('',#3229);
#2911=PLANE('',#3230);
#2912=PLANE('',#3231);
#2913=PLANE('',#3232);
#2914=PLANE('',#3233);
#2915=PLANE('',#3234);
#2916=PLANE('',#3235);
#2917=PLANE('',#3236);
#2918=PLANE('',#3237);
#2919=PLANE('',#3238);
#2920=PLANE('',#3239);
#2921=PLANE('',#3240);
#2922=PLANE('',#3241);
#2923=PLANE('',#3242);
#2924=PLANE('',#3243);
#2925=PLANE('',#3244);
#2926=PLANE('',#3245);
#2927=PLANE('',#3246);
#2928=PLANE('',#3247);
#2929=PLANE('',#3248);
#2930=PLANE('',#3249);
#2931=PLANE('',#3250);
#2932=PLANE('',#3251);
#2933=PLANE('',#3252);
#2934=PLANE('',#3253);
#2935=PLANE('',#3254);
#2936=PLANE('',#3255);
#2937=PLANE('',#3256);
#2938=PLANE('',#3257);
#2939=PLANE('',#3258);
#2940=PLANE('',#3259);
#2941=PLANE('',#3260);
#2942=PLANE('',#3261);
#2943=PLANE('',#3262);
#2944=PLANE('',#3263);
#2945=PLANE('',#3264);
#2946=PLANE('',#3265);
#2947=PLANE('',#3266);
#2948=PLANE('',#3267);
#2949=PLANE('',#3268);
#2950=PLANE('',#3269);
#2951=PLANE('',#3270);
#2952=PLANE('',#3271);
#2953=PLANE('',#3272);
#2954=PLANE('',#3273);
#2955=PLANE('',#3274);
#2956=PLANE('',#3275);
#2957=PLANE('',#3276);
#2958=PLANE('',#3277);
#2959=PLANE('',#3278);
#2960=PLANE('',#3279);
#2961=PLANE('',#3280);
#2962=PLANE('',#3281);
#2963=PLANE('',#3282);
#2964=PLANE('',#3283);
#2965=PLANE('',#3284);
#2966=PLANE('',#3285);
#2967=PLANE('',#3286);
#2968=PLANE('',#3287);
#2969=PLANE('',#3288);
#2970=PLANE('',#3289);
#2971=PLANE('',#3290);
#2972=PLANE('',#3291);
#2973=PLANE('',#3292);
#2974=PLANE('',#3293);
#2975=PLANE('',#3294);
#2976=PLANE('',#3295);
#2977=PLANE('',#3296);
#2978=PLANE('',#3297);
#2979=PLANE('',#3298);
#2980=PLANE('',#3299);
#2981=PLANE('',#3300);
#2982=PLANE('',#3301);
#2983=PLANE('',#3302);
#2984=PLANE('',#3303);
#2985=PLANE('',#3304);
#2986=PLANE('',#3305);
#2987=PLANE('',#3306);
#2988=PLANE('',#3307);
#2989=PLANE('',#3308);
#2990=PLANE('',#3309);
#2991=PLANE('',#3310);
#2992=PLANE('',#3311);
#2993=PLANE('',#3312);
#2994=PLANE('',#3313);
#2995=PLANE('',#3314);
#2996=PLANE('',#3315);
#2997=PLANE('',#3316);
#2998=PLANE('',#3317);
#2999=PLANE('',#3318);
#3000=PLANE('',#3319);
#3001=PLANE('',#3320);
#3002=PLANE('',#3321);
#3003=PLANE('',#3322);
#3004=PLANE('',#3323);
#3005=PLANE('',#3324);
#3006=PLANE('',#3325);
#3007=PLANE('',#3326);
#3008=PLANE('',#3327);
#3009=PLANE('',#3328);
#3010=PLANE('',#3329);
#3011=PLANE('',#3330);
#3012=PLANE('',#3331);
#3013=PLANE('',#3332);
#3014=PLANE('',#3333);
#3015=PLANE('',#3334);
#3016=PLANE('',#3335);
#3017=PLANE('',#3336);
#3018=PLANE('',#3337);
#3019=PLANE('',#3338);
#3020=PLANE('',#3339);
#3021=PLANE('',#3340);
#3022=PLANE('',#3341);
#3023=PLANE('',#3342);
#3024=PLANE('',#3343);
#3025=ADVANCED_FACE('',(#19),#2873,.T.);
#3026=ADVANCED_FACE('',(#20),#2874,.F.);
#3027=ADVANCED_FACE('',(#21),#2875,.T.);
#3028=ADVANCED_FACE('',(#22),#2876,.T.);
#3029=ADVANCED_FACE('',(#23),#2877,.T.);
#3030=ADVANCED_FACE('',(#24),#2878,.F.);
#3031=ADVANCED_FACE('',(#25),#2879,.T.);
#3032=ADVANCED_FACE('',(#26),#2880,.F.);
#3033=ADVANCED_FACE('',(#27),#2881,.T.);
#3034=ADVANCED_FACE('',(#28),#2882,.F.);
#3035=ADVANCED_FACE('',(#29),#2883,.F.);
#3036=ADVANCED_FACE('',(#30),#2884,.F.);
#3037=ADVANCED_FACE('',(#31),#2885,.F.);
#3038=ADVANCED_FACE('',(#32),#2886,.T.);
#3039=ADVANCED_FACE('',(#33),#2887,.T.);
#3040=ADVANCED_FACE('',(#34),#2888,.T.);
#3041=ADVANCED_FACE('',(#35),#2889,.F.);
#3042=ADVANCED_FACE('',(#36),#2890,.F.);
#3043=ADVANCED_FACE('',(#37),#2891,.F.);
#3044=ADVANCED_FACE('',(#38),#2892,.F.);
#3045=ADVANCED_FACE('',(#39),#2893,.F.);
#3046=ADVANCED_FACE('',(#40),#2894,.F.);
#3047=ADVANCED_FACE('',(#41),#2895,.F.);
#3048=ADVANCED_FACE('',(#42),#2896,.F.);
#3049=ADVANCED_FACE('',(#43),#2897,.F.);
#3050=ADVANCED_FACE('',(#44),#2898,.F.);
#3051=ADVANCED_FACE('',(#45),#2899,.F.);
#3052=ADVANCED_FACE('',(#46),#2900,.T.);
#3053=ADVANCED_FACE('',(#47),#2901,.F.);
#3054=ADVANCED_FACE('',(#48),#2902,.F.);
#3055=ADVANCED_FACE('',(#49),#2903,.T.);
#3056=ADVANCED_FACE('',(#50),#2904,.T.);
#3057=ADVANCED_FACE('',(#51),#2905,.F.);
#3058=ADVANCED_FACE('',(#52),#2906,.T.);
#3059=ADVANCED_FACE('',(#53),#2907,.F.);
#3060=ADVANCED_FACE('',(#54),#2908,.F.);
#3061=ADVANCED_FACE('',(#55),#2909,.F.);
#3062=ADVANCED_FACE('',(#56),#2910,.F.);
#3063=ADVANCED_FACE('',(#57),#2911,.T.);
#3064=ADVANCED_FACE('',(#58),#2912,.F.);
#3065=ADVANCED_FACE('',(#59),#2913,.T.);
#3066=ADVANCED_FACE('',(#60),#2914,.F.);
#3067=ADVANCED_FACE('',(#61),#2915,.F.);
#3068=ADVANCED_FACE('',(#62),#2916,.F.);
#3069=ADVANCED_FACE('',(#63),#2917,.T.);
#3070=ADVANCED_FACE('',(#64),#2918,.F.);
#3071=ADVANCED_FACE('',(#65),#2919,.F.);
#3072=ADVANCED_FACE('',(#66),#2920,.F.);
#3073=ADVANCED_FACE('',(#67),#2921,.F.);
#3074=ADVANCED_FACE('',(#68),#2922,.T.);
#3075=ADVANCED_FACE('',(#69),#2923,.F.);
#3076=ADVANCED_FACE('',(#70),#2924,.F.);
#3077=ADVANCED_FACE('',(#71),#2925,.T.);
#3078=ADVANCED_FACE('',(#72),#2926,.F.);
#3079=ADVANCED_FACE('',(#73),#2927,.F.);
#3080=ADVANCED_FACE('',(#74),#2928,.T.);
#3081=ADVANCED_FACE('',(#75),#2929,.F.);
#3082=ADVANCED_FACE('',(#76),#2930,.F.);
#3083=ADVANCED_FACE('',(#77),#2931,.F.);
#3084=ADVANCED_FACE('',(#78),#2932,.T.);
#3085=ADVANCED_FACE('',(#79),#2933,.F.);
#3086=ADVANCED_FACE('',(#80),#2934,.T.);
#3087=ADVANCED_FACE('',(#81),#2935,.F.);
#3088=ADVANCED_FACE('',(#82),#2936,.T.);
#3089=ADVANCED_FACE('',(#83),#2937,.F.);
#3090=ADVANCED_FACE('',(#84),#2938,.F.);
#3091=ADVANCED_FACE('',(#85),#2939,.T.);
#3092=ADVANCED_FACE('',(#86),#2940,.F.);
#3093=ADVANCED_FACE('',(#87),#2941,.T.);
#3094=ADVANCED_FACE('',(#88),#2942,.F.);
#3095=ADVANCED_FACE('',(#89),#2943,.T.);
#3096=ADVANCED_FACE('',(#90),#2944,.T.);
#3097=ADVANCED_FACE('',(#91),#2945,.F.);
#3098=ADVANCED_FACE('',(#92),#2946,.T.);
#3099=ADVANCED_FACE('',(#93),#2947,.F.);
#3100=ADVANCED_FACE('',(#94),#2948,.F.);
#3101=ADVANCED_FACE('',(#95),#2949,.F.);
#3102=ADVANCED_FACE('',(#96),#2950,.T.);
#3103=ADVANCED_FACE('',(#97),#2951,.F.);
#3104=ADVANCED_FACE('',(#98),#2952,.T.);
#3105=ADVANCED_FACE('',(#99),#2953,.F.);
#3106=ADVANCED_FACE('',(#100),#2954,.F.);
#3107=ADVANCED_FACE('',(#101),#2955,.T.);
#3108=ADVANCED_FACE('',(#102),#2956,.F.);
#3109=ADVANCED_FACE('',(#103),#2957,.F.);
#3110=ADVANCED_FACE('',(#104),#2958,.F.);
#3111=ADVANCED_FACE('',(#105),#2959,.T.);
#3112=ADVANCED_FACE('',(#106),#2960,.T.);
#3113=ADVANCED_FACE('',(#107),#2961,.F.);
#3114=ADVANCED_FACE('',(#108),#2962,.T.);
#3115=ADVANCED_FACE('',(#109),#2963,.F.);
#3116=ADVANCED_FACE('',(#110),#2964,.F.);
#3117=ADVANCED_FACE('',(#111),#2965,.T.);
#3118=ADVANCED_FACE('',(#112),#2966,.F.);
#3119=ADVANCED_FACE('',(#113),#2967,.F.);
#3120=ADVANCED_FACE('',(#114),#2968,.F.);
#3121=ADVANCED_FACE('',(#115),#2969,.F.);
#3122=ADVANCED_FACE('',(#116),#2970,.F.);
#3123=ADVANCED_FACE('',(#117),#2971,.T.);
#3124=ADVANCED_FACE('',(#118),#2972,.F.);
#3125=ADVANCED_FACE('',(#119),#2973,.F.);
#3126=ADVANCED_FACE('',(#120),#2974,.F.);
#3127=ADVANCED_FACE('',(#121),#2975,.T.);
#3128=ADVANCED_FACE('',(#122),#2976,.F.);
#3129=ADVANCED_FACE('',(#123),#2977,.F.);
#3130=ADVANCED_FACE('',(#124),#2978,.T.);
#3131=ADVANCED_FACE('',(#125),#2979,.F.);
#3132=ADVANCED_FACE('',(#126),#2980,.T.);
#3133=ADVANCED_FACE('',(#127),#2981,.F.);
#3134=ADVANCED_FACE('',(#128),#2982,.T.);
#3135=ADVANCED_FACE('',(#129),#2983,.F.);
#3136=ADVANCED_FACE('',(#130),#2984,.T.);
#3137=ADVANCED_FACE('',(#131),#2985,.F.);
#3138=ADVANCED_FACE('',(#132),#2986,.T.);
#3139=ADVANCED_FACE('',(#133),#2987,.F.);
#3140=ADVANCED_FACE('',(#134),#2988,.F.);
#3141=ADVANCED_FACE('',(#135),#2989,.F.);
#3142=ADVANCED_FACE('',(#136),#2990,.T.);
#3143=ADVANCED_FACE('',(#137),#2991,.T.);
#3144=ADVANCED_FACE('',(#138),#2992,.T.);
#3145=ADVANCED_FACE('',(#139),#2993,.F.);
#3146=ADVANCED_FACE('',(#140),#2994,.F.);
#3147=ADVANCED_FACE('',(#141),#2995,.F.);
#3148=ADVANCED_FACE('',(#142),#2996,.T.);
#3149=ADVANCED_FACE('',(#143),#2997,.F.);
#3150=ADVANCED_FACE('',(#144),#2998,.F.);
#3151=ADVANCED_FACE('',(#145),#2999,.T.);
#3152=ADVANCED_FACE('',(#146),#3000,.F.);
#3153=ADVANCED_FACE('',(#147),#3001,.F.);
#3154=ADVANCED_FACE('',(#148),#3002,.F.);
#3155=ADVANCED_FACE('',(#149),#3003,.F.);
#3156=ADVANCED_FACE('',(#150),#3004,.T.);
#3157=ADVANCED_FACE('',(#151),#3005,.T.);
#3158=ADVANCED_FACE('',(#152),#3006,.F.);
#3159=ADVANCED_FACE('',(#153),#3007,.T.);
#3160=ADVANCED_FACE('',(#154),#3008,.T.);
#3161=ADVANCED_FACE('',(#155),#3009,.T.);
#3162=ADVANCED_FACE('',(#156),#3010,.T.);
#3163=ADVANCED_FACE('',(#157),#3011,.F.);
#3164=ADVANCED_FACE('',(#158),#3012,.F.);
#3165=ADVANCED_FACE('',(#159),#3013,.F.);
#3166=ADVANCED_FACE('',(#160),#3014,.F.);
#3167=ADVANCED_FACE('',(#161),#3015,.T.);
#3168=ADVANCED_FACE('',(#162),#3016,.F.);
#3169=ADVANCED_FACE('',(#163),#3017,.T.);
#3170=ADVANCED_FACE('',(#164),#3018,.F.);
#3171=ADVANCED_FACE('',(#165),#3019,.F.);
#3172=ADVANCED_FACE('',(#166),#3020,.T.);
#3173=ADVANCED_FACE('',(#167),#3021,.F.);
#3174=ADVANCED_FACE('',(#168),#3022,.F.);
#3175=ADVANCED_FACE('',(#169),#3023,.F.);
#3176=ADVANCED_FACE('',(#170),#3024,.F.);
#3177=CLOSED_SHELL('',(#3025,#3026,#3027,#3028,#3029,#3030,#3031,#3032,
#3033,#3034,#3035,#3036,#3037,#3038,#3039,#3040,#3041,#3042,#3043,#3044,
#3045,#3046,#3047,#3048,#3049,#3050,#3051,#3052,#3053,#3054,#3055,#3056,
#3057,#3058,#3059,#3060,#3061,#3062,#3063,#3064,#3065,#3066,#3067,#3068,
#3069,#3070,#3071,#3072,#3073,#3074,#3075,#3076,#3077,#3078,#3079,#3080,
#3081,#3082,#3083,#3084,#3085,#3086,#3087,#3088,#3089,#3090,#3091,#3092,
#3093,#3094,#3095,#3096,#3097,#3098,#3099,#3100,#3101,#3102,#3103,#3104,
#3105,#3106,#3107,#3108,#3109,#3110,#3111,#3112,#3113,#3114,#3115,#3116,
#3117,#3118,#3119,#3120,#3121,#3122,#3123,#3124,#3125,#3126,#3127,#3128,
#3129,#3130,#3131,#3132,#3133,#3134,#3135,#3136,#3137,#3138,#3139,#3140,
#3141,#3142,#3143,#3144,#3145,#3146,#3147,#3148,#3149,#3150,#3151,#3152,
#3153,#3154,#3155,#3156,#3157,#3158,#3159,#3160,#3161,#3162,#3163,#3164,
#3165,#3166,#3167,#3168,#3169,#3170,#3171,#3172,#3173,#3174,#3175,#3176));
#3178=DERIVED_UNIT_ELEMENT(#3180,1.);
#3179=DERIVED_UNIT_ELEMENT(#5017,-3.);
#3180=(
MASS_UNIT()
NAMED_UNIT(*)
SI_UNIT(.KILO.,.GRAM.)
);
#3181=DERIVED_UNIT((#3178,#3179));
#3182=MEASURE_REPRESENTATION_ITEM('density measure',
POSITIVE_RATIO_MEASURE(7850.),#3181);
#3183=PROPERTY_DEFINITION_REPRESENTATION(#3188,#3185);
#3184=PROPERTY_DEFINITION_REPRESENTATION(#3189,#3186);
#3185=REPRESENTATION('material name',(#3187),#5014);
#3186=REPRESENTATION('density',(#3182),#5014);
#3187=DESCRIPTIVE_REPRESENTATION_ITEM('Steel','Steel');
#3188=PROPERTY_DEFINITION('material property','material name',#5029);
#3189=PROPERTY_DEFINITION('material property','density of part',#5029);
#3190=AXIS2_PLACEMENT_3D('',#4105,#3345,#3346);
#3191=AXIS2_PLACEMENT_3D('',#4106,#3347,#3348);
#3192=AXIS2_PLACEMENT_3D('',#4107,#3349,#3350);
#3193=AXIS2_PLACEMENT_3D('',#4116,#3355,#3356);
#3194=AXIS2_PLACEMENT_3D('',#4122,#3360,#3361);
#3195=AXIS2_PLACEMENT_3D('',#4131,#3366,#3367);
#3196=AXIS2_PLACEMENT_3D('',#4140,#3372,#3373);
#3197=AXIS2_PLACEMENT_3D('',#4149,#3378,#3379);
#3198=AXIS2_PLACEMENT_3D('',#4158,#3384,#3385);
#3199=AXIS2_PLACEMENT_3D('',#4167,#3390,#3391);
#3200=AXIS2_PLACEMENT_3D('',#4176,#3396,#3397);
#3201=AXIS2_PLACEMENT_3D('',#4185,#3402,#3403);
#3202=AXIS2_PLACEMENT_3D('',#4194,#3408,#3409);
#3203=AXIS2_PLACEMENT_3D('',#4203,#3414,#3415);
#3204=AXIS2_PLACEMENT_3D('',#4209,#3419,#3420);
#3205=AXIS2_PLACEMENT_3D('',#4218,#3425,#3426);
#3206=AXIS2_PLACEMENT_3D('',#4227,#3431,#3432);
#3207=AXIS2_PLACEMENT_3D('',#4244,#3441,#3442);
#3208=AXIS2_PLACEMENT_3D('',#4247,#3445,#3446);
#3209=AXIS2_PLACEMENT_3D('',#4256,#3451,#3452);
#3210=AXIS2_PLACEMENT_3D('',#4265,#3457,#3458);
#3211=AXIS2_PLACEMENT_3D('',#4274,#3463,#3464);
#3212=AXIS2_PLACEMENT_3D('',#4283,#3469,#3470);
#3213=AXIS2_PLACEMENT_3D('',#4292,#3475,#3476);
#3214=AXIS2_PLACEMENT_3D('',#4322,#3492,#3493);
#3215=AXIS2_PLACEMENT_3D('',#4352,#3509,#3510);
#3216=AXIS2_PLACEMENT_3D('',#4355,#3513,#3514);
#3217=AXIS2_PLACEMENT_3D('',#4367,#3523,#3524);
#3218=AXIS2_PLACEMENT_3D('',#4376,#3529,#3530);
#3219=AXIS2_PLACEMENT_3D('',#4385,#3535,#3536);
#3220=AXIS2_PLACEMENT_3D('',#4388,#3539,#3540);
#3221=AXIS2_PLACEMENT_3D('',#4397,#3545,#3546);
#3222=AXIS2_PLACEMENT_3D('',#4399,#3548,#3549);
#3223=AXIS2_PLACEMENT_3D('',#4408,#3554,#3555);
#3224=AXIS2_PLACEMENT_3D('',#4417,#3560,#3561);
#3225=AXIS2_PLACEMENT_3D('',#4426,#3566,#3567);
#3226=AXIS2_PLACEMENT_3D('',#4435,#3572,#3573);
#3227=AXIS2_PLACEMENT_3D('',#4438,#3576,#3577);
#3228=AXIS2_PLACEMENT_3D('',#4447,#3582,#3583);
#3229=AXIS2_PLACEMENT_3D('',#4474,#3598,#3599);
#3230=AXIS2_PLACEMENT_3D('',#4501,#3614,#3615);
#3231=AXIS2_PLACEMENT_3D('',#4510,#3620,#3621);
#3232=AXIS2_PLACEMENT_3D('',#4534,#3635,#3636);
#3233=AXIS2_PLACEMENT_3D('',#4543,#3641,#3642);
#3234=AXIS2_PLACEMENT_3D('',#4545,#3644,#3645);
#3235=AXIS2_PLACEMENT_3D('',#4554,#3650,#3651);
#3236=AXIS2_PLACEMENT_3D('',#4557,#3654,#3655);
#3237=AXIS2_PLACEMENT_3D('',#4566,#3660,#3661);
#3238=AXIS2_PLACEMENT_3D('',#4590,#3675,#3676);
#3239=AXIS2_PLACEMENT_3D('',#4614,#3690,#3691);
#3240=AXIS2_PLACEMENT_3D('',#4623,#3696,#3697);
#3241=AXIS2_PLACEMENT_3D('',#4626,#3700,#3701);
#3242=AXIS2_PLACEMENT_3D('',#4629,#3704,#3705);
#3243=AXIS2_PLACEMENT_3D('',#4635,#3709,#3710);
#3244=AXIS2_PLACEMENT_3D('',#4637,#3712,#3713);
#3245=AXIS2_PLACEMENT_3D('',#4639,#3715,#3716);
#3246=AXIS2_PLACEMENT_3D('',#4642,#3719,#3720);
#3247=AXIS2_PLACEMENT_3D('',#4643,#3721,#3722);
#3248=AXIS2_PLACEMENT_3D('',#4644,#3723,#3724);
#3249=AXIS2_PLACEMENT_3D('',#4647,#3727,#3728);
#3250=AXIS2_PLACEMENT_3D('',#4648,#3729,#3730);
#3251=AXIS2_PLACEMENT_3D('',#4657,#3735,#3736);
#3252=AXIS2_PLACEMENT_3D('',#4660,#3739,#3740);
#3253=AXIS2_PLACEMENT_3D('',#4663,#3743,#3744);
#3254=AXIS2_PLACEMENT_3D('',#4672,#3749,#3750);
#3255=AXIS2_PLACEMENT_3D('',#4675,#3753,#3754);
#3256=AXIS2_PLACEMENT_3D('',#4678,#3757,#3758);
#3257=AXIS2_PLACEMENT_3D('',#4681,#3761,#3762);
#3258=AXIS2_PLACEMENT_3D('',#4682,#3763,#3764);
#3259=AXIS2_PLACEMENT_3D('',#4683,#3765,#3766);
#3260=AXIS2_PLACEMENT_3D('',#4692,#3771,#3772);
#3261=AXIS2_PLACEMENT_3D('',#4695,#3775,#3776);
#3262=AXIS2_PLACEMENT_3D('',#4704,#3781,#3782);
#3263=AXIS2_PLACEMENT_3D('',#4707,#3785,#3786);
#3264=AXIS2_PLACEMENT_3D('',#4713,#3790,#3791);
#3265=AXIS2_PLACEMENT_3D('',#4716,#3794,#3795);
#3266=AXIS2_PLACEMENT_3D('',#4717,#3796,#3797);
#3267=AXIS2_PLACEMENT_3D('',#4721,#3800,#3801);
#3268=AXIS2_PLACEMENT_3D('',#4730,#3806,#3807);
#3269=AXIS2_PLACEMENT_3D('',#4733,#3810,#3811);
#3270=AXIS2_PLACEMENT_3D('',#4736,#3814,#3815);
#3271=AXIS2_PLACEMENT_3D('',#4739,#3818,#3819);
#3272=AXIS2_PLACEMENT_3D('',#4740,#3820,#3821);
#3273=AXIS2_PLACEMENT_3D('',#4741,#3822,#3823);
#3274=AXIS2_PLACEMENT_3D('',#4743,#3825,#3826);
#3275=AXIS2_PLACEMENT_3D('',#4752,#3831,#3832);
#3276=AXIS2_PLACEMENT_3D('',#4755,#3835,#3836);
#3277=AXIS2_PLACEMENT_3D('',#4761,#3840,#3841);
#3278=AXIS2_PLACEMENT_3D('',#4763,#3843,#3844);
#3279=AXIS2_PLACEMENT_3D('',#4765,#3846,#3847);
#3280=AXIS2_PLACEMENT_3D('',#4768,#3850,#3851);
#3281=AXIS2_PLACEMENT_3D('',#4769,#3852,#3853);
#3282=AXIS2_PLACEMENT_3D('',#4770,#3854,#3855);
#3283=AXIS2_PLACEMENT_3D('',#4776,#3859,#3860);
#3284=AXIS2_PLACEMENT_3D('',#4778,#3862,#3863);
#3285=AXIS2_PLACEMENT_3D('',#4781,#3866,#3867);
#3286=AXIS2_PLACEMENT_3D('',#4790,#3872,#3873);
#3287=AXIS2_PLACEMENT_3D('',#4793,#3876,#3877);
#3288=AXIS2_PLACEMENT_3D('',#4802,#3882,#3883);
#3289=AXIS2_PLACEMENT_3D('',#4805,#3886,#3887);
#3290=AXIS2_PLACEMENT_3D('',#4808,#3890,#3891);
#3291=AXIS2_PLACEMENT_3D('',#4809,#3892,#3893);
#3292=AXIS2_PLACEMENT_3D('',#4810,#3894,#3895);
#3293=AXIS2_PLACEMENT_3D('',#4819,#3900,#3901);
#3294=AXIS2_PLACEMENT_3D('',#4822,#3904,#3905);
#3295=AXIS2_PLACEMENT_3D('',#4825,#3908,#3909);
#3296=AXIS2_PLACEMENT_3D('',#4834,#3914,#3915);
#3297=AXIS2_PLACEMENT_3D('',#4837,#3918,#3919);
#3298=AXIS2_PLACEMENT_3D('',#4840,#3922,#3923);
#3299=AXIS2_PLACEMENT_3D('',#4843,#3926,#3927);
#3300=AXIS2_PLACEMENT_3D('',#4844,#3928,#3929);
#3301=AXIS2_PLACEMENT_3D('',#4847,#3932,#3933);
#3302=AXIS2_PLACEMENT_3D('',#4848,#3934,#3935);
#3303=AXIS2_PLACEMENT_3D('',#4854,#3939,#3940);
#3304=AXIS2_PLACEMENT_3D('',#4856,#3942,#3943);
#3305=AXIS2_PLACEMENT_3D('',#4865,#3948,#3949);
#3306=AXIS2_PLACEMENT_3D('',#4868,#3952,#3953);
#3307=AXIS2_PLACEMENT_3D('',#4870,#3955,#3956);
#3308=AXIS2_PLACEMENT_3D('',#4873,#3959,#3960);
#3309=AXIS2_PLACEMENT_3D('',#4874,#3961,#3962);
#3310=AXIS2_PLACEMENT_3D('',#4875,#3963,#3964);
#3311=AXIS2_PLACEMENT_3D('',#4884,#3969,#3970);
#3312=AXIS2_PLACEMENT_3D('',#4887,#3973,#3974);
#3313=AXIS2_PLACEMENT_3D('',#4890,#3977,#3978);
#3314=AXIS2_PLACEMENT_3D('',#4893,#3981,#3982);
#3315=AXIS2_PLACEMENT_3D('',#4894,#3983,#3984);
#3316=AXIS2_PLACEMENT_3D('',#4897,#3987,#3988);
#3317=AXIS2_PLACEMENT_3D('',#4900,#3991,#3992);
#3318=AXIS2_PLACEMENT_3D('',#4901,#3993,#3994);
#3319=AXIS2_PLACEMENT_3D('',#4907,#3998,#3999);
#3320=AXIS2_PLACEMENT_3D('',#4913,#4003,#4004);
#3321=AXIS2_PLACEMENT_3D('',#4919,#4008,#4009);
#3322=AXIS2_PLACEMENT_3D('',#4925,#4013,#4014);
#3323=AXIS2_PLACEMENT_3D('',#4931,#4018,#4019);
#3324=AXIS2_PLACEMENT_3D('',#4937,#4023,#4024);
#3325=AXIS2_PLACEMENT_3D('',#4943,#4028,#4029);
#3326=AXIS2_PLACEMENT_3D('',#4949,#4033,#4034);
#3327=AXIS2_PLACEMENT_3D('',#4952,#4037,#4038);
#3328=AXIS2_PLACEMENT_3D('',#4955,#4041,#4042);
#3329=AXIS2_PLACEMENT_3D('',#4958,#4045,#4046);
#3330=AXIS2_PLACEMENT_3D('',#4961,#4049,#4050);
#3331=AXIS2_PLACEMENT_3D('',#4964,#4053,#4054);
#3332=AXIS2_PLACEMENT_3D('',#4967,#4057,#4058);
#3333=AXIS2_PLACEMENT_3D('',#4970,#4061,#4062);
#3334=AXIS2_PLACEMENT_3D('',#4973,#4065,#4066);
#3335=AXIS2_PLACEMENT_3D('',#4984,#4073,#4074);
#3336=AXIS2_PLACEMENT_3D('',#4987,#4077,#4078);
#3337=AXIS2_PLACEMENT_3D('',#4991,#4081,#4082);
#3338=AXIS2_PLACEMENT_3D('',#4995,#4085,#4086);
#3339=AXIS2_PLACEMENT_3D('',#4997,#4088,#4089);
#3340=AXIS2_PLACEMENT_3D('',#4998,#4090,#4091);
#3341=AXIS2_PLACEMENT_3D('',#5002,#4094,#4095);
#3342=AXIS2_PLACEMENT_3D('',#5006,#4098,#4099);
#3343=AXIS2_PLACEMENT_3D('',#5008,#4101,#4102);
#3344=AXIS2_PLACEMENT_3D('',#5009,#4103,#4104);
#3345=DIRECTION('axis',(0.,0.,1.));
#3346=DIRECTION('refdir',(1.,0.,0.));
#3347=DIRECTION('axis',(0.,0.,1.));
#3348=DIRECTION('refdir',(1.,0.,0.));
#3349=DIRECTION('center_axis',(1.,0.,0.));
#3350=DIRECTION('ref_axis',(0.,0.,-1.));
#3351=DIRECTION('',(0.,-1.,0.));
#3352=DIRECTION('',(0.,-0.258819146996429,-0.965925798986672));
#3353=DIRECTION('',(0.,1.,0.));
#3354=DIRECTION('',(0.,0.,1.));
#3355=DIRECTION('center_axis',(0.,0.,1.));
#3356=DIRECTION('ref_axis',(0.,1.,0.));
#3357=DIRECTION('',(-0.999999999999949,-3.07999999999984E-7,8.19999999999959E-8));
#3358=DIRECTION('',(0.,1.,0.));
#3359=DIRECTION('',(1.,0.,0.));
#3360=DIRECTION('center_axis',(0.,0.,1.));
#3361=DIRECTION('ref_axis',(0.,1.,0.));
#3362=DIRECTION('',(0.,-1.,0.));
#3363=DIRECTION('',(0.999999999999949,3.07999999999984E-7,-8.19999999999959E-8));
#3364=DIRECTION('',(0.,1.,0.));
#3365=DIRECTION('',(-1.,0.,0.));
#3366=DIRECTION('center_axis',(0.,0.,1.));
#3367=DIRECTION('ref_axis',(0.,1.,0.));
#3368=DIRECTION('',(0.,1.,0.));
#3369=DIRECTION('',(-0.99999999999981,5.94999999999887E-7,1.5899999999997E-7));
#3370=DIRECTION('',(0.,-1.,0.));
#3371=DIRECTION('',(1.,0.,0.));
#3372=DIRECTION('center_axis',(0.,0.,1.));
#3373=DIRECTION('ref_axis',(0.,1.,0.));
#3374=DIRECTION('',(0.,1.,0.));
#3375=DIRECTION('',(-0.99999999999981,5.94999999999887E-7,1.5899999999997E-7));
#3376=DIRECTION('',(0.,-1.,0.));
#3377=DIRECTION('',(1.,0.,0.));
#3378=DIRECTION('center_axis',(0.,0.,1.));
#3379=DIRECTION('ref_axis',(0.,1.,0.));
#3380=DIRECTION('',(0.,1.,0.));
#3381=DIRECTION('',(0.99999999999981,-5.94999999999887E-7,-1.5899999999997E-7));
#3382=DIRECTION('',(0.,-1.,0.));
#3383=DIRECTION('',(-1.,0.,0.));
#3384=DIRECTION('center_axis',(0.,0.,1.));
#3385=DIRECTION('ref_axis',(0.,1.,0.));
#3386=DIRECTION('',(0.,-1.,0.));
#3387=DIRECTION('',(0.999999999999949,3.07999999999984E-7,-8.19999999999959E-8));
#3388=DIRECTION('',(0.,1.,0.));
#3389=DIRECTION('',(-1.,0.,0.));
#3390=DIRECTION('center_axis',(0.,0.,1.));
#3391=DIRECTION('ref_axis',(0.,1.,0.));
#3392=DIRECTION('',(0.,-1.,0.));
#3393=DIRECTION('',(-0.999999999999949,-3.07999999999984E-7,8.19999999999959E-8));
#3394=DIRECTION('',(0.,1.,0.));
#3395=DIRECTION('',(1.,0.,0.));
#3396=DIRECTION('center_axis',(0.,0.,1.));
#3397=DIRECTION('ref_axis',(0.,1.,0.));
#3398=DIRECTION('',(0.,1.,0.));
#3399=DIRECTION('',(-0.99999999999981,5.94999999999887E-7,1.5899999999997E-7));
#3400=DIRECTION('',(0.,-1.,0.));
#3401=DIRECTION('',(1.,0.,0.));
#3402=DIRECTION('center_axis',(0.,0.,1.));
#3403=DIRECTION('ref_axis',(0.,1.,0.));
#3404=DIRECTION('',(0.,1.,0.));
#3405=DIRECTION('',(0.99999999999981,-5.94999999999887E-7,-1.5899999999997E-7));
#3406=DIRECTION('',(0.,-1.,0.));
#3407=DIRECTION('',(-1.,0.,0.));
#3408=DIRECTION('center_axis',(-1.,0.,0.));
#3409=DIRECTION('ref_axis',(0.,0.,1.));
#3410=DIRECTION('',(0.,1.,0.));
#3411=DIRECTION('',(0.,-0.258818908006392,0.965925863023855));
#3412=DIRECTION('',(0.,-1.,0.));
#3413=DIRECTION('',(0.,0.,-1.));
#3414=DIRECTION('center_axis',(0.,0.,1.));
#3415=DIRECTION('ref_axis',(0.,1.,0.));
#3416=DIRECTION('',(0.,1.,0.));
#3417=DIRECTION('',(0.99999999999981,-5.94999999999887E-7,-1.5899999999997E-7));
#3418=DIRECTION('',(-1.,0.,0.));
#3419=DIRECTION('center_axis',(0.,0.,1.));
#3420=DIRECTION('ref_axis',(0.,1.,0.));
#3421=DIRECTION('',(0.,-1.,0.));
#3422=DIRECTION('',(-0.999999999999949,-3.07999999999984E-7,8.19999999999959E-8));
#3423=DIRECTION('',(0.,1.,0.));
#3424=DIRECTION('',(1.,0.,0.));
#3425=DIRECTION('center_axis',(0.,0.,1.));
#3426=DIRECTION('ref_axis',(0.,1.,0.));
#3427=DIRECTION('',(0.,-1.,0.));
#3428=DIRECTION('',(0.999999999999949,3.07999999999984E-7,-8.19999999999959E-8));
#3429=DIRECTION('',(0.,1.,0.));
#3430=DIRECTION('',(-1.,0.,0.));
#3431=DIRECTION('center_axis',(-1.,0.,0.));
#3432=DIRECTION('ref_axis',(0.,0.,1.));
#3433=DIRECTION('',(0.,0.,-1.));
#3434=DIRECTION('',(0.,-1.,0.));
#3435=DIRECTION('',(0.,0.,1.));
#3436=DIRECTION('',(0.,1.,0.));
#3437=DIRECTION('',(0.,0.,1.));
#3438=DIRECTION('',(0.,1.,0.));
#3439=DIRECTION('',(0.,0.,-1.));
#3440=DIRECTION('',(0.,1.,0.));
#3441=DIRECTION('center_axis',(1.,0.,0.));
#3442=DIRECTION('ref_axis',(0.,0.,-1.));
#3443=DIRECTION('',(0.,-0.258819146996429,-0.965925798986672));
#3444=DIRECTION('',(0.,0.,1.));
#3445=DIRECTION('center_axis',(-1.,0.,0.));
#3446=DIRECTION('ref_axis',(0.,0.,1.));
#3447=DIRECTION('',(0.,1.,0.));
#3448=DIRECTION('',(0.,0.258819001026576,0.965925838099181));
#3449=DIRECTION('',(0.,-1.,0.));
#3450=DIRECTION('',(0.,0.258819098028808,-0.965925812107511));
#3451=DIRECTION('center_axis',(-1.,0.,0.));
#3452=DIRECTION('ref_axis',(0.,0.,1.));
#3453=DIRECTION('',(0.,-0.258818990946448,-0.965925840800143));
#3454=DIRECTION('',(0.,1.,0.));
#3455=DIRECTION('',(0.,-0.258819049061185,0.965925825228347));
#3456=DIRECTION('',(0.,-1.,0.));
#3457=DIRECTION('center_axis',(-1.,0.,0.));
#3458=DIRECTION('ref_axis',(0.,0.,1.));
#3459=DIRECTION('',(0.,-0.258819041097084,-0.965925827362322));
#3460=DIRECTION('',(0.,1.,0.));
#3461=DIRECTION('',(0.,-0.258819127086175,0.965925804321611));
#3462=DIRECTION('',(0.,-1.,0.));
#3463=DIRECTION('center_axis',(-1.,0.,0.));
#3464=DIRECTION('ref_axis',(0.,0.,1.));
#3465=DIRECTION('',(0.,1.,0.));
#3466=DIRECTION('',(0.,0.258819071087465,0.965925819326423));
#3467=DIRECTION('',(0.,-1.,0.));
#3468=DIRECTION('',(0.,0.258818990946448,-0.965925840800143));
#3469=DIRECTION('center_axis',(-1.,0.,0.));
#3470=DIRECTION('ref_axis',(0.,0.,1.));
#3471=DIRECTION('',(0.,-0.258818931898698,-0.965925856621934));
#3472=DIRECTION('',(0.,1.,0.));
#3473=DIRECTION('',(0.,-0.258819135050277,0.965925802187635));
#3474=DIRECTION('',(0.,-1.,0.));
#3475=DIRECTION('center_axis',(-5.41000000105012E-7,-0.965925802187494,
-0.258819135050239));
#3476=DIRECTION('ref_axis',(1.32348898008484E-22,-0.258819135050277,0.965925802187635));
#3477=DIRECTION('',(0.,0.258819135050277,-0.965925802187635));
#3478=DIRECTION('',(-1.,0.,0.));
#3479=DIRECTION('',(0.,0.258819134117264,-0.965925802437635));
#3480=DIRECTION('',(1.,0.,0.));
#3481=DIRECTION('',(0.,0.258819135050277,-0.965925802187635));
#3482=DIRECTION('',(-1.,0.,0.));
#3483=DIRECTION('',(1.,0.,0.));
#3484=DIRECTION('',(0.,0.258819133867264,-0.965925802504623));
#3485=DIRECTION('',(-1.,0.,0.));
#3486=DIRECTION('',(0.,0.258819135050277,-0.965925802187635));
#3487=DIRECTION('',(1.,0.,0.));
#3488=DIRECTION('',(0.,0.258819135983289,-0.965925801937635));
#3489=DIRECTION('',(-1.,0.,0.));
#3490=DIRECTION('',(0.,-0.258819135050277,0.965925802187635));
#3491=DIRECTION('',(1.,0.,0.));
#3492=DIRECTION('center_axis',(-7.63999999700746E-7,0.965925856621652,-0.258818931898622));
#3493=DIRECTION('ref_axis',(-3.17637355220363E-22,-0.258818931898698,-0.965925856621934));
#3494=DIRECTION('',(0.,-0.258818931898698,-0.965925856621934));
#3495=DIRECTION('',(1.,0.,0.));
#3496=DIRECTION('',(0.,0.25881893308171,0.965925856304947));
#3497=DIRECTION('',(-1.,0.,0.));
#3498=DIRECTION('',(0.,0.258818932148698,0.965925856554947));
#3499=DIRECTION('',(1.,0.,0.));
#3500=DIRECTION('',(0.,0.258818931898698,0.965925856621934));
#3501=DIRECTION('',(-1.,0.,0.));
#3502=DIRECTION('',(1.,0.,0.));
#3503=DIRECTION('',(0.,0.258818931898698,0.965925856621934));
#3504=DIRECTION('',(-1.,0.,0.));
#3505=DIRECTION('',(0.,0.258818931898698,0.965925856621934));
#3506=DIRECTION('',(1.,0.,0.));
#3507=DIRECTION('',(0.,0.258818931898698,0.965925856621934));
#3508=DIRECTION('',(-1.,0.,0.));
#3509=DIRECTION('center_axis',(-1.,0.,0.));
#3510=DIRECTION('ref_axis',(0.,0.,1.));
#3511=DIRECTION('',(0.,-0.258818908006392,0.965925863023855));
#3512=DIRECTION('',(0.,0.,-1.));
#3513=DIRECTION('center_axis',(-6.16000000015096E-7,-0.965925863023672,
-0.258818908006343));
#3514=DIRECTION('ref_axis',(0.,-0.258818908006392,0.965925863023855));
#3515=DIRECTION('',(0.,0.258818908939405,-0.965925862773855));
#3516=DIRECTION('',(0.,0.258818908006392,-0.965925863023855));
#3517=DIRECTION('',(0.,0.258818908006392,-0.965925863023855));
#3518=DIRECTION('',(0.,0.258818908006392,-0.965925863023855));
#3519=DIRECTION('',(0.,0.258818908939405,-0.965925862773855));
#3520=DIRECTION('',(-1.,0.,0.));
#3521=DIRECTION('',(0.,-0.258818908006392,0.965925863023855));
#3522=DIRECTION('',(1.,0.,0.));
#3523=DIRECTION('center_axis',(-1.,0.,0.));
#3524=DIRECTION('ref_axis',(0.,0.,1.));
#3525=DIRECTION('',(0.,1.,0.));
#3526=DIRECTION('',(0.,0.258818931898698,0.965925856621934));
#3527=DIRECTION('',(0.,-1.,0.));
#3528=DIRECTION('',(0.,0.258818981116321,-0.965925843434117));
#3529=DIRECTION('center_axis',(-1.,0.,0.));
#3530=DIRECTION('ref_axis',(0.,0.,1.));
#3531=DIRECTION('',(0.,1.,0.));
#3532=DIRECTION('',(0.,0.258818990946448,0.965925840800143));
#3533=DIRECTION('',(0.,-1.,0.));
#3534=DIRECTION('',(0.,0.258819087948681,-0.965925814808473));
#3535=DIRECTION('center_axis',(1.,0.,0.));
#3536=DIRECTION('ref_axis',(0.,0.,-1.));
#3537=DIRECTION('',(0.,-0.258819146996429,-0.965925798986672));
#3538=DIRECTION('',(0.,0.,1.));
#3539=DIRECTION('center_axis',(-1.,0.,0.));
#3540=DIRECTION('ref_axis',(0.,0.,1.));
#3541=DIRECTION('',(0.,-0.258819041097084,-0.965925827362322));
#3542=DIRECTION('',(0.,1.,0.));
#3543=DIRECTION('',(0.,-0.258819127086175,0.965925804321611));
#3544=DIRECTION('',(0.,-1.,0.));
#3545=DIRECTION('center_axis',(-1.,0.,0.));
#3546=DIRECTION('ref_axis',(0.,0.,1.));
#3547=DIRECTION('',(0.,0.,-1.));
#3548=DIRECTION('center_axis',(1.,0.,0.));
#3549=DIRECTION('ref_axis',(0.,0.,-1.));
#3550=DIRECTION('',(0.,1.,0.));
#3551=DIRECTION('',(0.,0.258819071087465,0.965925819326423));
#3552=DIRECTION('',(0.,-1.,0.));
#3553=DIRECTION('',(0.,0.258818990946448,-0.965925840800143));
#3554=DIRECTION('center_axis',(1.,0.,0.));
#3555=DIRECTION('ref_axis',(0.,0.,-1.));
#3556=DIRECTION('',(0.,1.,0.));
#3557=DIRECTION('',(0.,0.258819001026575,0.965925838099181));
#3558=DIRECTION('',(0.,-1.,0.));
#3559=DIRECTION('',(0.,0.258819098028808,-0.965925812107511));
#3560=DIRECTION('center_axis',(-1.,0.,0.));
#3561=DIRECTION('ref_axis',(0.,0.,1.));
#3562=DIRECTION('',(0.,1.,0.));
#3563=DIRECTION('',(0.,0.258818990946448,0.965925840800143));
#3564=DIRECTION('',(0.,-1.,0.));
#3565=DIRECTION('',(0.,0.258819087948681,-0.965925814808473));
#3566=DIRECTION('center_axis',(1.,0.,0.));
#3567=DIRECTION('ref_axis',(0.,0.,-1.));
#3568=DIRECTION('',(0.,1.,0.));
#3569=DIRECTION('',(0.,0.258818931898698,0.965925856621934));
#3570=DIRECTION('',(0.,-1.,0.));
#3571=DIRECTION('',(0.,0.258818981116321,-0.965925843434117));
#3572=DIRECTION('center_axis',(-1.,0.,0.));
#3573=DIRECTION('ref_axis',(0.,0.,1.));
#3574=DIRECTION('',(0.,-1.,0.));
#3575=DIRECTION('',(0.,1.,0.));
#3576=DIRECTION('center_axis',(-1.,0.,0.));
#3577=DIRECTION('ref_axis',(0.,0.,1.));
#3578=DIRECTION('',(0.,-0.258819049061185,0.965925825228347));
#3579=DIRECTION('',(0.,-1.,0.));
#3580=DIRECTION('',(0.,-0.258818990946448,-0.965925840800143));
#3581=DIRECTION('',(0.,1.,0.));
#3582=DIRECTION('center_axis',(-6.16000000145507E-7,-0.965925825228164,
-0.258819049061136));
#3583=DIRECTION('ref_axis',(5.02925812432241E-22,-0.258819049061185,0.965925825228347));
#3584=DIRECTION('',(0.,0.258819049061185,-0.965925825228347));
#3585=DIRECTION('',(-1.,0.,0.));
#3586=DIRECTION('',(0.,0.258819049061185,-0.965925825228347));
#3587=DIRECTION('',(1.,0.,0.));
#3588=DIRECTION('',(0.,0.258819049061185,-0.965925825228347));
#3589=DIRECTION('',(-1.,0.,0.));
#3590=DIRECTION('',(1.,0.,0.));
#3591=DIRECTION('',(0.,0.258819049061186,-0.965925825228347));
#3592=DIRECTION('',(-1.,0.,0.));
#3593=DIRECTION('',(1.,0.,0.));
#3594=DIRECTION('',(0.,0.258819049061185,-0.965925825228347));
#3595=DIRECTION('',(-1.,0.,0.));
#3596=DIRECTION('',(0.,-0.258819049061185,0.965925825228347));
#3597=DIRECTION('',(1.,0.,0.));
#3598=DIRECTION('center_axis',(-5.40999999887984E-7,0.965925840800001,-0.258818990946411));
#3599=DIRECTION('ref_axis',(5.82335151237331E-22,-0.258818990946449,-0.965925840800142));
#3600=DIRECTION('',(0.,-0.258818990946448,-0.965925840800143));
#3601=DIRECTION('',(1.,0.,0.));
#3602=DIRECTION('',(0.,0.258818991879461,0.965925840550143));
#3603=DIRECTION('',(-1.,0.,0.));
#3604=DIRECTION('',(1.,0.,0.));
#3605=DIRECTION('',(0.,0.258818990013436,0.965925841050142));
#3606=DIRECTION('',(-1.,0.,0.));
#3607=DIRECTION('',(1.,0.,0.));
#3608=DIRECTION('',(0.,0.258818990946448,0.965925840800143));
#3609=DIRECTION('',(-1.,0.,0.));
#3610=DIRECTION('',(0.,0.258818990013436,0.965925841050142));
#3611=DIRECTION('',(1.,0.,0.));
#3612=DIRECTION('',(0.,0.258818990946448,0.965925840800143));
#3613=DIRECTION('',(-1.,0.,0.));
#3614=DIRECTION('center_axis',(1.,0.,0.));
#3615=DIRECTION('ref_axis',(0.,0.,-1.));
#3616=DIRECTION('',(0.,1.,0.));
#3617=DIRECTION('',(0.,0.258819001026576,0.965925838099181));
#3618=DIRECTION('',(0.,-1.,0.));
#3619=DIRECTION('',(0.,0.258819098028808,-0.965925812107511));
#3620=DIRECTION('center_axis',(-1.27000000013039E-7,-0.965925838099174,
0.258819001026573));
#3621=DIRECTION('ref_axis',(6.61744490042422E-24,0.258819001026575,0.965925838099181));
#3622=DIRECTION('',(0.,-0.258819000093563,-0.965925838349181));
#3623=DIRECTION('',(-1.,0.,0.));
#3624=DIRECTION('',(1.,0.,0.));
#3625=DIRECTION('',(0.,-0.258819001026576,-0.965925838099181));
#3626=DIRECTION('',(-1.,0.,0.));
#3627=DIRECTION('',(1.,0.,0.));
#3628=DIRECTION('',(0.,-0.258819000093563,-0.965925838349181));
#3629=DIRECTION('',(-1.,0.,0.));
#3630=DIRECTION('',(1.,0.,0.));
#3631=DIRECTION('',(0.,-0.258819001026576,-0.965925838099181));
#3632=DIRECTION('',(-1.,0.,0.));
#3633=DIRECTION('',(0.,0.258819001026575,0.965925838099181));
#3634=DIRECTION('',(1.,0.,0.));
#3635=DIRECTION('center_axis',(1.,0.,0.));
#3636=DIRECTION('ref_axis',(0.,0.,-1.));
#3637=DIRECTION('',(0.,1.,0.));
#3638=DIRECTION('',(0.,0.258819071087465,0.965925819326423));
#3639=DIRECTION('',(0.,-1.,0.));
#3640=DIRECTION('',(0.,0.258818990946448,-0.965925840800143));
#3641=DIRECTION('center_axis',(-1.,0.,0.));
#3642=DIRECTION('ref_axis',(0.,0.,1.));
#3643=DIRECTION('',(0.,0.,-1.));
#3644=DIRECTION('center_axis',(-1.,0.,0.));
#3645=DIRECTION('ref_axis',(0.,0.,1.));
#3646=DIRECTION('',(0.,1.,0.));
#3647=DIRECTION('',(0.,0.258818931898698,0.965925856621934));
#3648=DIRECTION('',(0.,-1.,0.));
#3649=DIRECTION('',(0.,0.258818981116321,-0.965925843434117));
#3650=DIRECTION('center_axis',(-1.,0.,0.));
#3651=DIRECTION('ref_axis',(0.,0.,1.));
#3652=DIRECTION('',(0.,-1.,0.));
#3653=DIRECTION('',(0.,1.,0.));
#3654=DIRECTION('center_axis',(1.,0.,0.));
#3655=DIRECTION('ref_axis',(0.,0.,-1.));
#3656=DIRECTION('',(0.,-0.258819127086175,0.965925804321611));
#3657=DIRECTION('',(0.,-1.,0.));
#3658=DIRECTION('',(0.,-0.258819041097084,-0.965925827362322));
#3659=DIRECTION('',(0.,1.,0.));
#3660=DIRECTION('center_axis',(-4.86000000161759E-7,-0.965925804321497,
-0.258819127086145));
#3661=DIRECTION('ref_axis',(-2.91167575618666E-22,-0.258819127086175,0.965925804321611));
#3662=DIRECTION('',(0.,0.258819127086175,-0.965925804321611));
#3663=DIRECTION('',(-1.,0.,0.));
#3664=DIRECTION('',(1.,0.,0.));
#3665=DIRECTION('',(0.,0.258819127086175,-0.965925804321611));
#3666=DIRECTION('',(-1.,0.,0.));
#3667=DIRECTION('',(1.,0.,0.));
#3668=DIRECTION('',(0.,0.258819127086175,-0.965925804321611));
#3669=DIRECTION('',(-1.,0.,0.));
#3670=DIRECTION('',(1.,0.,0.));
#3671=DIRECTION('',(0.,0.258819128019188,-0.96592580407161));
#3672=DIRECTION('',(-1.,0.,0.));
#3673=DIRECTION('',(0.,-0.258819127086175,0.965925804321611));
#3674=DIRECTION('',(1.,0.,0.));
#3675=DIRECTION('center_axis',(-4.86000000182243E-7,0.965925827362208,-0.258819041097053));
#3676=DIRECTION('ref_axis',(-1.58818677610181E-22,-0.258819041097084,-0.965925827362322));
#3677=DIRECTION('',(0.,-0.258819041097084,-0.965925827362322));
#3678=DIRECTION('',(1.,0.,0.));
#3679=DIRECTION('',(0.,0.258819042030097,0.965925827112322));
#3680=DIRECTION('',(-1.,0.,0.));
#3681=DIRECTION('',(1.,0.,0.));
#3682=DIRECTION('',(0.,0.258819041097084,0.965925827362322));
#3683=DIRECTION('',(-1.,0.,0.));
#3684=DIRECTION('',(1.,0.,0.));
#3685=DIRECTION('',(0.,0.258819042030097,0.965925827112322));
#3686=DIRECTION('',(-1.,0.,0.));
#3687=DIRECTION('',(1.,0.,0.));
#3688=DIRECTION('',(0.,0.258819042030097,0.965925827112322));
#3689=DIRECTION('',(-1.,0.,0.));
#3690=DIRECTION('center_axis',(-1.,0.,0.));
#3691=DIRECTION('ref_axis',(0.,0.,1.));
#3692=DIRECTION('',(0.,1.,0.));
#3693=DIRECTION('',(0.,0.258818990946448,0.965925840800143));
#3694=DIRECTION('',(0.,-1.,0.));
#3695=DIRECTION('',(0.,0.258819087948681,-0.965925814808473));
#3696=DIRECTION('center_axis',(-1.,0.,0.));
#3697=DIRECTION('ref_axis',(0.,0.,1.));
#3698=DIRECTION('',(0.,1.,0.));
#3699=DIRECTION('',(0.,-1.,0.));
#3700=DIRECTION('center_axis',(1.,0.,0.));
#3701=DIRECTION('ref_axis',(0.,0.,-1.));
#3702=DIRECTION('',(0.,-0.258819146996429,-0.965925798986672));
#3703=DIRECTION('',(0.,0.,1.));
#3704=DIRECTION('center_axis',(-1.,0.,0.));
#3705=DIRECTION('ref_axis',(0.,0.,1.));
#3706=DIRECTION('',(0.,1.,0.));
#3707=DIRECTION('',(0.,-1.,0.));
#3708=DIRECTION('',(0.,0.258819098028808,-0.965925812107511));
#3709=DIRECTION('center_axis',(0.,0.,1.));
#3710=DIRECTION('ref_axis',(0.,1.,0.));
#3711=DIRECTION('',(-0.999999999999986,1.63999999999998E-7,4.39999999999994E-8));
#3712=DIRECTION('center_axis',(0.,0.,1.));
#3713=DIRECTION('ref_axis',(0.,1.,0.));
#3714=DIRECTION('',(0.999999999999986,-1.63999999999998E-7,-4.39999999999994E-8));
#3715=DIRECTION('center_axis',(-1.,0.,0.));
#3716=DIRECTION('ref_axis',(0.,0.,1.));
#3717=DIRECTION('',(0.,1.,0.));
#3718=DIRECTION('',(0.,-1.,0.));
#3719=DIRECTION('center_axis',(0.,0.,1.));
#3720=DIRECTION('ref_axis',(0.,1.,0.));
#3721=DIRECTION('center_axis',(0.,0.,1.));
#3722=DIRECTION('ref_axis',(0.,1.,0.));
#3723=DIRECTION('center_axis',(-1.,0.,0.));
#3724=DIRECTION('ref_axis',(0.,0.,1.));
#3725=DIRECTION('',(0.,1.,0.));
#3726=DIRECTION('',(0.,-1.,0.));
#3727=DIRECTION('center_axis',(0.,0.,1.));
#3728=DIRECTION('ref_axis',(0.,1.,0.));
#3729=DIRECTION('center_axis',(-1.,0.,0.));
#3730=DIRECTION('ref_axis',(0.,0.,1.));
#3731=DIRECTION('',(0.,1.,0.));
#3732=DIRECTION('',(0.,0.258818931898698,0.965925856621934));
#3733=DIRECTION('',(0.,-1.,0.));
#3734=DIRECTION('',(0.,0.258818981116321,-0.965925843434117));
#3735=DIRECTION('center_axis',(0.,0.,1.));
#3736=DIRECTION('ref_axis',(0.,1.,0.));
#3737=DIRECTION('',(-0.999999999999992,1.22999999999999E-7,-3.29999999999997E-8));
#3738=DIRECTION('',(1.,-2.1E-8,-6.E-9));
#3739=DIRECTION('center_axis',(0.,0.,1.));
#3740=DIRECTION('ref_axis',(0.,1.,0.));
#3741=DIRECTION('',(0.999999999999992,-1.22999999999999E-7,3.29999999999997E-8));
#3742=DIRECTION('',(-1.,2.1E-8,6.E-9));
#3743=DIRECTION('center_axis',(1.,0.,0.));
#3744=DIRECTION('ref_axis',(0.,0.,-1.));
#3745=DIRECTION('',(0.,1.,0.));
#3746=DIRECTION('',(0.,0.258818990946448,0.965925840800143));
#3747=DIRECTION('',(0.,-1.,0.));
#3748=DIRECTION('',(0.,0.258819087948681,-0.965925814808473));
#3749=DIRECTION('center_axis',(0.,0.,1.));
#3750=DIRECTION('ref_axis',(0.,1.,0.));
#3751=DIRECTION('',(0.999999999999996,9.19999999999996E-8,-2.49999999999999E-8));
#3752=DIRECTION('',(-0.999999999999943,3.25999999999981E-7,8.6999999999995E-8));
#3753=DIRECTION('center_axis',(0.,0.,1.));
#3754=DIRECTION('ref_axis',(0.,1.,0.));
#3755=DIRECTION('',(-0.999999999999996,-9.19999999999996E-8,2.49999999999999E-8));
#3756=DIRECTION('',(0.999999999999943,-3.25999999999981E-7,-8.6999999999995E-8));
#3757=DIRECTION('center_axis',(-1.,0.,0.));
#3758=DIRECTION('ref_axis',(0.,0.,1.));
#3759=DIRECTION('',(0.,1.,0.));
#3760=DIRECTION('',(0.,-1.,0.));
#3761=DIRECTION('center_axis',(0.,0.,1.));
#3762=DIRECTION('ref_axis',(0.,1.,0.));
#3763=DIRECTION('center_axis',(0.,0.,1.));
#3764=DIRECTION('ref_axis',(0.,1.,0.));
#3765=DIRECTION('center_axis',(-1.,0.,0.));
#3766=DIRECTION('ref_axis',(0.,0.,1.));
#3767=DIRECTION('',(0.,0.258818931898698,0.965925856621934));
#3768=DIRECTION('',(0.,-1.,0.));
#3769=DIRECTION('',(0.,0.258818981116321,-0.965925843434116));
#3770=DIRECTION('',(0.,1.,0.));
#3771=DIRECTION('center_axis',(0.,0.,1.));
#3772=DIRECTION('ref_axis',(0.,1.,0.));
#3773=DIRECTION('',(-0.999999999999992,1.22999999999999E-7,-3.29999999999997E-8));
#3774=DIRECTION('',(1.,-2.1E-8,-6.E-9));
#3775=DIRECTION('center_axis',(-1.,0.,0.));
#3776=DIRECTION('ref_axis',(0.,0.,1.));
#3777=DIRECTION('',(0.,0.258818990946448,0.965925840800143));
#3778=DIRECTION('',(0.,-1.,0.));
#3779=DIRECTION('',(0.,0.258819087948681,-0.965925814808473));
#3780=DIRECTION('',(0.,1.,0.));
#3781=DIRECTION('center_axis',(0.,0.,1.));
#3782=DIRECTION('ref_axis',(0.,1.,0.));
#3783=DIRECTION('',(-0.999999999999996,-9.19999999999996E-8,2.49999999999999E-8));
#3784=DIRECTION('',(0.999999999999943,-3.25999999999981E-7,-8.6999999999995E-8));
#3785=DIRECTION('center_axis',(1.,0.,0.));
#3786=DIRECTION('ref_axis',(0.,0.,-1.));
#3787=DIRECTION('',(0.,-0.258819146996429,-0.965925798986672));
#3788=DIRECTION('',(0.,1.,0.));
#3789=DIRECTION('',(0.,0.,1.));
#3790=DIRECTION('center_axis',(-1.,0.,0.));
#3791=DIRECTION('ref_axis',(0.,0.,1.));
#3792=DIRECTION('',(0.,-1.,0.));
#3793=DIRECTION('',(0.,1.,0.));
#3794=DIRECTION('center_axis',(0.,0.,1.));
#3795=DIRECTION('ref_axis',(0.,1.,0.));
#3796=DIRECTION('center_axis',(-1.,0.,0.));
#3797=DIRECTION('ref_axis',(0.,0.,1.));
#3798=DIRECTION('',(0.,1.,0.));
#3799=DIRECTION('',(0.,0.,-1.));
#3800=DIRECTION('center_axis',(-1.,0.,0.));
#3801=DIRECTION('ref_axis',(0.,0.,1.));
#3802=DIRECTION('',(0.,1.,0.));
#3803=DIRECTION('',(0.,0.258819071087465,0.965925819326423));
#3804=DIRECTION('',(0.,-1.,0.));
#3805=DIRECTION('',(0.,0.258818990946448,-0.965925840800143));
#3806=DIRECTION('center_axis',(0.,0.,1.));
#3807=DIRECTION('ref_axis',(0.,1.,0.));
#3808=DIRECTION('',(0.999999999999949,3.07999999999984E-7,-8.19999999999959E-8));
#3809=DIRECTION('',(-0.999999999999853,5.22999999999923E-7,1.3999999999998E-7));
#3810=DIRECTION('center_axis',(0.,0.,1.));
#3811=DIRECTION('ref_axis',(0.,1.,0.));
#3812=DIRECTION('',(-0.999999999999949,-3.07999999999984E-7,8.19999999999959E-8));
#3813=DIRECTION('',(0.999999999999853,-5.22999999999923E-7,-1.3999999999998E-7));
#3814=DIRECTION('center_axis',(-1.,0.,0.));
#3815=DIRECTION('ref_axis',(0.,0.,1.));
#3816=DIRECTION('',(0.,-1.,0.));
#3817=DIRECTION('',(0.,1.,0.));
#3818=DIRECTION('center_axis',(0.,0.,1.));
#3819=DIRECTION('ref_axis',(0.,1.,0.));
#3820=DIRECTION('center_axis',(0.,0.,1.));
#3821=DIRECTION('ref_axis',(0.,1.,0.));
#3822=DIRECTION('center_axis',(-1.,0.,0.));
#3823=DIRECTION('ref_axis',(0.,0.,1.));
#3824=DIRECTION('',(0.,0.,-1.));
#3825=DIRECTION('center_axis',(1.,0.,0.));
#3826=DIRECTION('ref_axis',(0.,0.,-1.));
#3827=DIRECTION('',(0.,0.258818990946448,-0.965925840800143));
#3828=DIRECTION('',(0.,1.,0.));
#3829=DIRECTION('',(0.,0.258819071087465,0.965925819326423));
#3830=DIRECTION('',(0.,-1.,0.));
#3831=DIRECTION('center_axis',(0.,0.,1.));
#3832=DIRECTION('ref_axis',(0.,1.,0.));
#3833=DIRECTION('',(0.999999999999949,3.07999999999984E-7,-8.19999999999959E-8));
#3834=DIRECTION('',(-0.999999999999853,5.22999999999923E-7,1.3999999999998E-7));
#3835=DIRECTION('center_axis',(-1.,0.,0.));
#3836=DIRECTION('ref_axis',(0.,0.,1.));
#3837=DIRECTION('',(0.,1.,0.));
#3838=DIRECTION('',(0.,-1.,0.));
#3839=DIRECTION('',(0.,0.258819098028807,-0.965925812107511));
#3840=DIRECTION('center_axis',(0.,0.,1.));
#3841=DIRECTION('ref_axis',(0.,1.,0.));
#3842=DIRECTION('',(-0.999999999999986,1.63999999999998E-7,4.39999999999994E-8));
#3843=DIRECTION('center_axis',(0.,0.,1.));
#3844=DIRECTION('ref_axis',(0.,1.,0.));
#3845=DIRECTION('',(0.999999999999986,-1.63999999999998E-7,-4.39999999999994E-8));
#3846=DIRECTION('center_axis',(1.,0.,0.));
#3847=DIRECTION('ref_axis',(0.,0.,-1.));
#3848=DIRECTION('',(0.,1.,0.));
#3849=DIRECTION('',(0.,-1.,0.));
#3850=DIRECTION('center_axis',(0.,0.,1.));
#3851=DIRECTION('ref_axis',(0.,1.,0.));
#3852=DIRECTION('center_axis',(0.,0.,1.));
#3853=DIRECTION('ref_axis',(0.,1.,0.));
#3854=DIRECTION('center_axis',(-1.,0.,0.));
#3855=DIRECTION('ref_axis',(0.,0.,1.));
#3856=DIRECTION('',(0.,0.258819098028807,-0.965925812107511));
#3857=DIRECTION('',(0.,1.,0.));
#3858=DIRECTION('',(0.,-1.,0.));
#3859=DIRECTION('center_axis',(0.,0.,1.));
#3860=DIRECTION('ref_axis',(0.,1.,0.));
#3861=DIRECTION('',(-0.999999999999986,1.63999999999998E-7,4.39999999999994E-8));
#3862=DIRECTION('center_axis',(1.,0.,0.));
#3863=DIRECTION('ref_axis',(0.,0.,-1.));
#3864=DIRECTION('',(0.,-0.258819146996429,-0.965925798986672));
#3865=DIRECTION('',(0.,0.,1.));
#3866=DIRECTION('center_axis',(-1.,0.,0.));
#3867=DIRECTION('ref_axis',(0.,0.,1.));
#3868=DIRECTION('',(0.,0.258819087948681,-0.965925814808473));
#3869=DIRECTION('',(0.,1.,0.));
#3870=DIRECTION('',(0.,0.258818990946448,0.965925840800143));
#3871=DIRECTION('',(0.,-1.,0.));
#3872=DIRECTION('center_axis',(0.,0.,1.));
#3873=DIRECTION('ref_axis',(0.,1.,0.));
#3874=DIRECTION('',(0.999999999999996,9.19999999999996E-8,-2.49999999999999E-8));
#3875=DIRECTION('',(-0.999999999999943,3.25999999999981E-7,8.6999999999995E-8));
#3876=DIRECTION('center_axis',(-1.,0.,0.));
#3877=DIRECTION('ref_axis',(0.,0.,1.));
#3878=DIRECTION('',(0.,0.258818981116321,-0.965925843434117));
#3879=DIRECTION('',(0.,1.,0.));
#3880=DIRECTION('',(0.,0.258818931898698,0.965925856621934));
#3881=DIRECTION('',(0.,-1.,0.));
#3882=DIRECTION('center_axis',(0.,0.,1.));
#3883=DIRECTION('ref_axis',(0.,1.,0.));
#3884=DIRECTION('',(0.999999999999992,-1.22999999999999E-7,3.29999999999997E-8));
#3885=DIRECTION('',(-1.,2.1E-8,6.E-9));
#3886=DIRECTION('center_axis',(-1.,0.,0.));
#3887=DIRECTION('ref_axis',(0.,0.,1.));
#3888=DIRECTION('',(0.,-1.,0.));
#3889=DIRECTION('',(0.,1.,0.));
#3890=DIRECTION('center_axis',(0.,0.,1.));
#3891=DIRECTION('ref_axis',(0.,1.,0.));
#3892=DIRECTION('center_axis',(0.,0.,1.));
#3893=DIRECTION('ref_axis',(0.,1.,0.));
#3894=DIRECTION('center_axis',(-1.,0.,0.));
#3895=DIRECTION('ref_axis',(0.,0.,1.));
#3896=DIRECTION('',(0.,1.,0.));
#3897=DIRECTION('',(0.,0.258818990946448,0.965925840800143));
#3898=DIRECTION('',(0.,-1.,0.));
#3899=DIRECTION('',(0.,0.258819087948681,-0.965925814808473));
#3900=DIRECTION('center_axis',(0.,0.,1.));
#3901=DIRECTION('ref_axis',(0.,1.,0.));
#3902=DIRECTION('',(0.999999999999996,9.19999999999996E-8,-2.49999999999999E-8));
#3903=DIRECTION('',(-0.999999999999943,3.25999999999981E-7,8.6999999999995E-8));
#3904=DIRECTION('center_axis',(0.,0.,1.));
#3905=DIRECTION('ref_axis',(0.,1.,0.));
#3906=DIRECTION('',(-0.999999999999996,-9.19999999999996E-8,2.49999999999999E-8));
#3907=DIRECTION('',(0.999999999999943,-3.25999999999981E-7,-8.6999999999995E-8));
#3908=DIRECTION('center_axis',(-1.,0.,0.));
#3909=DIRECTION('ref_axis',(0.,0.,1.));
#3910=DIRECTION('',(0.,1.,0.));
#3911=DIRECTION('',(0.,0.258818931898698,0.965925856621934));
#3912=DIRECTION('',(0.,-1.,0.));
#3913=DIRECTION('',(0.,0.258818981116321,-0.965925843434117));
#3914=DIRECTION('center_axis',(0.,0.,1.));
#3915=DIRECTION('ref_axis',(0.,1.,0.));
#3916=DIRECTION('',(0.999999999999992,-1.22999999999999E-7,3.29999999999997E-8));
#3917=DIRECTION('',(-1.,2.1E-8,6.E-9));
#3918=DIRECTION('center_axis',(0.,0.,1.));
#3919=DIRECTION('ref_axis',(0.,1.,0.));
#3920=DIRECTION('',(-0.999999999999992,1.22999999999999E-7,-3.29999999999997E-8));
#3921=DIRECTION('',(1.,-2.1E-8,-6.E-9));
#3922=DIRECTION('center_axis',(-1.,0.,0.));
#3923=DIRECTION('ref_axis',(0.,0.,1.));
#3924=DIRECTION('',(0.,-1.,0.));
#3925=DIRECTION('',(0.,1.,0.));
#3926=DIRECTION('center_axis',(0.,0.,1.));
#3927=DIRECTION('ref_axis',(0.,1.,0.));
#3928=DIRECTION('center_axis',(-1.,0.,0.));
#3929=DIRECTION('ref_axis',(0.,0.,1.));
#3930=DIRECTION('',(0.,-1.,0.));
#3931=DIRECTION('',(0.,1.,0.));
#3932=DIRECTION('center_axis',(0.,0.,1.));
#3933=DIRECTION('ref_axis',(0.,1.,0.));
#3934=DIRECTION('center_axis',(-1.,0.,0.));
#3935=DIRECTION('ref_axis',(0.,0.,1.));
#3936=DIRECTION('',(0.,-1.,0.));
#3937=DIRECTION('',(0.,0.258819098028807,-0.965925812107511));
#3938=DIRECTION('',(0.,1.,0.));
#3939=DIRECTION('center_axis',(0.,0.,1.));
#3940=DIRECTION('ref_axis',(0.,1.,0.));
#3941=DIRECTION('',(0.999999999999986,-1.63999999999998E-7,-4.39999999999994E-8));
#3942=DIRECTION('center_axis',(-1.,0.,0.));
#3943=DIRECTION('ref_axis',(0.,0.,1.));
#3944=DIRECTION('',(0.,0.258819071087465,0.965925819326423));
#3945=DIRECTION('',(0.,-1.,0.));
#3946=DIRECTION('',(0.,0.258818990946448,-0.965925840800143));
#3947=DIRECTION('',(0.,1.,0.));
#3948=DIRECTION('center_axis',(0.,0.,1.));
#3949=DIRECTION('ref_axis',(0.,1.,0.));
#3950=DIRECTION('',(-0.999999999999949,-3.07999999999984E-7,8.19999999999959E-8));
#3951=DIRECTION('',(0.999999999999853,-5.22999999999923E-7,-1.3999999999998E-7));
#3952=DIRECTION('center_axis',(-1.,0.,0.));
#3953=DIRECTION('ref_axis',(0.,0.,1.));
#3954=DIRECTION('',(0.,0.,-1.));
#3955=DIRECTION('center_axis',(-1.,0.,0.));
#3956=DIRECTION('ref_axis',(0.,0.,1.));
#3957=DIRECTION('',(0.,1.,0.));
#3958=DIRECTION('',(0.,-1.,0.));
#3959=DIRECTION('center_axis',(0.,0.,1.));
#3960=DIRECTION('ref_axis',(0.,1.,0.));
#3961=DIRECTION('center_axis',(0.,0.,1.));
#3962=DIRECTION('ref_axis',(0.,1.,0.));
#3963=DIRECTION('center_axis',(1.,0.,0.));
#3964=DIRECTION('ref_axis',(0.,0.,-1.));
#3965=DIRECTION('',(0.,1.,0.));
#3966=DIRECTION('',(0.,0.258819071087465,0.965925819326423));
#3967=DIRECTION('',(0.,-1.,0.));
#3968=DIRECTION('',(0.,0.258818990946448,-0.965925840800143));
#3969=DIRECTION('center_axis',(0.,0.,1.));
#3970=DIRECTION('ref_axis',(0.,1.,0.));
#3971=DIRECTION('',(-0.999999999999949,-3.07999999999984E-7,8.19999999999959E-8));
#3972=DIRECTION('',(0.999999999999853,-5.22999999999923E-7,-1.3999999999998E-7));
#3973=DIRECTION('center_axis',(0.,0.,1.));
#3974=DIRECTION('ref_axis',(0.,1.,0.));
#3975=DIRECTION('',(0.999999999999949,3.07999999999984E-7,-8.19999999999959E-8));
#3976=DIRECTION('',(-0.999999999999853,5.22999999999923E-7,1.3999999999998E-7));
#3977=DIRECTION('center_axis',(-1.,0.,0.));
#3978=DIRECTION('ref_axis',(0.,0.,1.));
#3979=DIRECTION('',(0.,1.,0.));
#3980=DIRECTION('',(0.,-1.,0.));
#3981=DIRECTION('center_axis',(0.,0.,1.));
#3982=DIRECTION('ref_axis',(0.,1.,0.));
#3983=DIRECTION('center_axis',(1.,0.,0.));
#3984=DIRECTION('ref_axis',(0.,0.,-1.));
#3985=DIRECTION('',(0.,-0.258819146996429,-0.965925798986672));
#3986=DIRECTION('',(0.,0.,1.));
#3987=DIRECTION('center_axis',(-1.,0.,0.));
#3988=DIRECTION('ref_axis',(0.,0.,1.));
#3989=DIRECTION('',(0.,1.,0.));
#3990=DIRECTION('',(0.,-1.,0.));
#3991=DIRECTION('center_axis',(0.,0.,1.));
#3992=DIRECTION('ref_axis',(0.,1.,0.));
#3993=DIRECTION('center_axis',(3.17999999995596E-7,-0.965925798986623,0.258819146996416));
#3994=DIRECTION('ref_axis',(-5.29395592033938E-23,0.258819146996429,0.965925798986672));
#3995=DIRECTION('',(0.,-0.258819146996429,-0.965925798986672));
#3996=DIRECTION('',(1.,0.,0.));
#3997=DIRECTION('',(-1.,0.,0.));
#3998=DIRECTION('center_axis',(9.59999999801364E-8,-0.965925840800138,0.258818990946447));
#3999=DIRECTION('ref_axis',(-2.9778502051909E-23,0.258818990946448,0.965925840800143));
#4000=DIRECTION('',(-1.,0.,0.));
#4001=DIRECTION('',(0.,0.258818990946448,0.965925840800143));
#4002=DIRECTION('',(1.,0.,0.));
#4003=DIRECTION('center_axis',(3.18000000107448E-7,-0.965925819326374,0.258819071087452));
#4004=DIRECTION('ref_axis',(-3.97046694025453E-23,0.258819071087465,0.965925819326423));
#4005=DIRECTION('',(-1.,0.,0.));
#4006=DIRECTION('',(0.,0.258819071087465,0.965925819326423));
#4007=DIRECTION('',(1.,0.,0.));
#4008=DIRECTION('center_axis',(-1.26999999950291E-7,-0.965925856621926,
0.258818931898696));
#4009=DIRECTION('ref_axis',(-1.98523347012727E-23,0.258818931898698,0.965925856621934));
#4010=DIRECTION('',(-1.,0.,0.));
#4011=DIRECTION('',(0.,0.258818931898698,0.965925856621934));
#4012=DIRECTION('',(1.,0.,0.));
#4013=DIRECTION('center_axis',(2.1000000009438E-8,0.965925843434116,0.258818981116321));
#4014=DIRECTION('ref_axis',(6.61744490042422E-24,0.258818981116321,-0.965925843434117));
#4015=DIRECTION('',(0.,0.258818981116321,-0.965925843434117));
#4016=DIRECTION('',(1.,0.,0.));
#4017=DIRECTION('',(-1.,0.,0.));
#4018=DIRECTION('center_axis',(-5.40999999887984E-7,-0.965925840800001,
-0.258818990946411));
#4019=DIRECTION('ref_axis',(-5.82335151237331E-22,-0.258818990946449,0.965925840800142));
#4020=DIRECTION('',(0.,0.258818990946448,-0.965925840800143));
#4021=DIRECTION('',(1.,0.,0.));
#4022=DIRECTION('',(-1.,0.,0.));
#4023=DIRECTION('center_axis',(-3.3699999993316E-7,-0.965925814808419,-0.258819087948666));
#4024=DIRECTION('ref_axis',(1.58818677610181E-22,-0.258819087948681,0.965925814808473));
#4025=DIRECTION('',(0.,0.258819087948681,-0.965925814808473));
#4026=DIRECTION('',(1.,0.,0.));
#4027=DIRECTION('',(-1.,0.,0.));
#4028=DIRECTION('center_axis',(1.70000000018919E-7,0.965925812107497,0.258819098028804));
#4029=DIRECTION('ref_axis',(-3.97046694025453E-23,0.258819098028808,-0.965925812107511));
#4030=DIRECTION('',(0.,0.258819098028808,-0.965925812107511));
#4031=DIRECTION('',(1.,0.,0.));
#4032=DIRECTION('',(-1.,0.,0.));
#4033=DIRECTION('center_axis',(1.,0.,0.));
#4034=DIRECTION('ref_axis',(0.,0.,-1.));
#4035=DIRECTION('',(0.,1.,0.));
#4036=DIRECTION('',(0.,-1.,0.));
#4037=DIRECTION('center_axis',(1.,0.,0.));
#4038=DIRECTION('ref_axis',(0.,0.,-1.));
#4039=DIRECTION('',(0.,1.,0.));
#4040=DIRECTION('',(0.,-1.,0.));
#4041=DIRECTION('center_axis',(1.,0.,0.));
#4042=DIRECTION('ref_axis',(0.,0.,-1.));
#4043=DIRECTION('',(0.,1.,0.));
#4044=DIRECTION('',(0.,-1.,0.));
#4045=DIRECTION('center_axis',(1.,0.,0.));
#4046=DIRECTION('ref_axis',(0.,0.,-1.));
#4047=DIRECTION('',(0.,1.,0.));
#4048=DIRECTION('',(0.,-1.,0.));
#4049=DIRECTION('center_axis',(-1.,0.,0.));
#4050=DIRECTION('ref_axis',(0.,0.,1.));
#4051=DIRECTION('',(0.,1.,0.));
#4052=DIRECTION('',(0.,-1.,0.));
#4053=DIRECTION('center_axis',(-1.,0.,0.));
#4054=DIRECTION('ref_axis',(0.,0.,1.));
#4055=DIRECTION('',(0.,1.,0.));
#4056=DIRECTION('',(0.,-1.,0.));
#4057=DIRECTION('center_axis',(-1.,0.,0.));
#4058=DIRECTION('ref_axis',(0.,0.,1.));
#4059=DIRECTION('',(0.,1.,0.));
#4060=DIRECTION('',(0.,-1.,0.));
#4061=DIRECTION('center_axis',(-1.,0.,0.));
#4062=DIRECTION('ref_axis',(0.,0.,1.));
#4063=DIRECTION('',(0.,1.,0.));
#4064=DIRECTION('',(0.,-1.,0.));
#4065=DIRECTION('center_axis',(0.,0.,1.));
#4066=DIRECTION('ref_axis',(0.,1.,0.));
#4067=DIRECTION('',(-1.,0.,0.));
#4068=DIRECTION('',(1.,0.,0.));
#4069=DIRECTION('',(0.,-1.,0.));
#4070=DIRECTION('',(1.,0.,0.));
#4071=DIRECTION('',(-1.,0.,0.));
#4072=DIRECTION('',(0.,-1.,0.));
#4073=DIRECTION('center_axis',(0.,0.,1.));
#4074=DIRECTION('ref_axis',(0.,1.,0.));
#4075=DIRECTION('',(-1.,0.,0.));
#4076=DIRECTION('',(1.,0.,0.));
#4077=DIRECTION('center_axis',(0.,1.,0.));
#4078=DIRECTION('ref_axis',(0.,0.,-1.));
#4079=DIRECTION('',(0.,0.,-1.));
#4080=DIRECTION('',(-1.,0.,0.));
#4081=DIRECTION('center_axis',(0.,0.,1.));
#4082=DIRECTION('ref_axis',(0.,1.,0.));
#4083=DIRECTION('',(0.,1.,0.));
#4084=DIRECTION('',(-1.,0.,0.));
#4085=DIRECTION('center_axis',(-1.,0.,0.));
#4086=DIRECTION('ref_axis',(0.,0.,1.));
#4087=DIRECTION('',(0.,0.,-1.));
#4088=DIRECTION('center_axis',(0.,1.,0.));
#4089=DIRECTION('ref_axis',(0.,0.,-1.));
#4090=DIRECTION('center_axis',(0.,1.,0.));
#4091=DIRECTION('ref_axis',(0.,0.,-1.));
#4092=DIRECTION('',(1.,0.,0.));
#4093=DIRECTION('',(0.,0.,1.));
#4094=DIRECTION('center_axis',(0.,0.,1.));
#4095=DIRECTION('ref_axis',(0.,1.,0.));
#4096=DIRECTION('',(1.,0.,0.));
#4097=DIRECTION('',(0.,1.,0.));
#4098=DIRECTION('center_axis',(0.,1.,0.));
#4099=DIRECTION('ref_axis',(0.,0.,-1.));
#4100=DIRECTION('',(0.,0.,-1.));
#4101=DIRECTION('center_axis',(-1.,0.,0.));
#4102=DIRECTION('ref_axis',(0.,0.,1.));
#4103=DIRECTION('',(0.,0.,1.));
#4104=DIRECTION('',(1.,0.,0.));
#4105=CARTESIAN_POINT('',(0.,0.,0.));
#4106=CARTESIAN_POINT('',(0.,0.,0.));
#4107=CARTESIAN_POINT('Origin',(57.805174385,-36.084002273,55.499590473));
#4108=CARTESIAN_POINT('',(57.805174385,-34.925148378405,55.099590874917));
#4109=CARTESIAN_POINT('',(57.805174385,-37.350036518,55.099590855));
#4110=CARTESIAN_POINT('',(57.805174385,-34.925148385,55.099590855));
#4111=CARTESIAN_POINT('',(57.805174385,-34.7107893022759,55.8995901125576));
#4112=CARTESIAN_POINT('',(57.805174385,-34.710789305,55.899590113));
#4113=CARTESIAN_POINT('',(57.805174385,-37.350036518,55.899590092));
#4114=CARTESIAN_POINT('',(57.805174385,-37.350036518,55.899590092));
#4115=CARTESIAN_POINT('',(57.805174385,-37.350036518,55.099590855));
#4116=CARTESIAN_POINT('Origin',(58.055175338,-36.030412333,55.899590092));
#4117=CARTESIAN_POINT('',(58.305176292,-34.710789145,55.899590092));
#4118=CARTESIAN_POINT('',(58.305176292,-34.710789145,55.899590092));
#4119=CARTESIAN_POINT('',(58.305176292,-37.350036518,55.899590092));
#4120=CARTESIAN_POINT('',(58.305176292,-37.350036518,55.899590092));
#4121=CARTESIAN_POINT('',(57.805174385,-37.350036518,55.899590092));
#4122=CARTESIAN_POINT('Origin',(58.055175338,-34.958615916,63.899591999));
#4123=CARTESIAN_POINT('',(58.305176292,-32.567194199189,63.8995919785115));
#4124=CARTESIAN_POINT('',(58.305176292,-37.350036518,63.899591999));
#4125=CARTESIAN_POINT('',(58.305176292,-32.567194197,63.899591999));
#4126=CARTESIAN_POINT('',(57.805174385,-32.567194356,63.899591999));
#4127=CARTESIAN_POINT('',(57.805174385,-32.567194356,63.899591999));
#4128=CARTESIAN_POINT('',(57.805174385,-37.350036518,63.899591999));
#4129=CARTESIAN_POINT('',(57.805174385,-37.350036518,63.899591999));
#4130=CARTESIAN_POINT('',(58.305176292,-37.350036518,63.899591999));
#4131=CARTESIAN_POINT('Origin',(58.055175338,34.858546837,63.899591999));
#4132=CARTESIAN_POINT('',(57.805174385,32.4671270150741,63.8995920391789));
#4133=CARTESIAN_POINT('',(57.805174385,37.249966247,63.899591999));
#4134=CARTESIAN_POINT('',(57.805174385,32.46712702,63.899591999));
#4135=CARTESIAN_POINT('',(58.305176292,32.4671267115545,63.8995919988806));
#4136=CARTESIAN_POINT('',(58.305176292,32.467126712,63.899591999));
#4137=CARTESIAN_POINT('',(58.305176292,37.249966247,63.899591999));
#4138=CARTESIAN_POINT('',(58.305176292,37.249966247,63.899591999));
#4139=CARTESIAN_POINT('',(57.805174385,37.249966247,63.899591999));
#4140=CARTESIAN_POINT('Origin',(58.055175338,35.66239415,57.899592953));
#4141=CARTESIAN_POINT('',(57.805174385,34.0748209999707,57.8995929921623));
#4142=CARTESIAN_POINT('',(57.805174385,37.249966247,57.8995929526667));
#4143=CARTESIAN_POINT('',(57.805174385,34.074821005,57.899592952));
#4144=CARTESIAN_POINT('',(58.305176292,34.0748206966252,57.8995929525662));
#4145=CARTESIAN_POINT('',(58.305176292,34.074820697,57.899592952));
#4146=CARTESIAN_POINT('',(58.305176292,37.249966247,57.899592953));
#4147=CARTESIAN_POINT('',(58.305176292,37.249966247,57.899592953));
#4148=CARTESIAN_POINT('',(57.805174385,37.249966247,57.899592953));
#4149=CARTESIAN_POINT('Origin',(58.055175338,35.528418405,58.899591999));
#4150=CARTESIAN_POINT('',(58.305176292,33.8068719287281,58.8995919594394));
#4151=CARTESIAN_POINT('',(58.305176292,37.249966247,58.899591999));
#4152=CARTESIAN_POINT('',(58.305176292,33.806871923,58.899591999));
#4153=CARTESIAN_POINT('',(57.805174385,33.806872231,58.899591999));
#4154=CARTESIAN_POINT('',(57.805174385,33.806872231,58.899592));
#4155=CARTESIAN_POINT('',(57.805174385,37.249966247,58.899591999));
#4156=CARTESIAN_POINT('',(57.805174385,37.249966247,58.899591999));
#4157=CARTESIAN_POINT('',(58.305176292,37.249966247,58.899591999));
#4158=CARTESIAN_POINT('Origin',(58.055175338,-35.762464421,57.899592953));
#4159=CARTESIAN_POINT('',(58.305176292,-34.1748897763093,57.8995929315378));
#4160=CARTESIAN_POINT('',(58.305176292,-37.350036518,57.8995929526667));
#4161=CARTESIAN_POINT('',(58.305176292,-34.174889774,57.899592952));
#4162=CARTESIAN_POINT('',(57.805174385,-34.1748899329651,57.899592952324));
#4163=CARTESIAN_POINT('',(57.805174385,-34.174889933,57.899592952));
#4164=CARTESIAN_POINT('',(57.805174385,-37.350036518,57.899592953));
#4165=CARTESIAN_POINT('',(57.805174385,-37.350036518,57.899592953));
#4166=CARTESIAN_POINT('',(58.305176292,-37.350036518,57.899592953));
#4167=CARTESIAN_POINT('Origin',(58.055175338,-35.628488676,58.899591999));
#4168=CARTESIAN_POINT('',(57.805174385,-33.906940874801,58.8995920194946));
#4169=CARTESIAN_POINT('',(57.805174385,-37.350036518,58.899591999));
#4170=CARTESIAN_POINT('',(57.805174385,-33.906940877,58.899591999));
#4171=CARTESIAN_POINT('',(58.305176292,-33.906940718,58.899591999));
#4172=CARTESIAN_POINT('',(58.305176292,-33.906940718,58.899591999));
#4173=CARTESIAN_POINT('',(58.305176292,-37.350036518,58.899591999));
#4174=CARTESIAN_POINT('',(58.305176292,-37.350036518,58.899591999));
#4175=CARTESIAN_POINT('',(57.805174385,-37.350036518,58.899591999));
#4176=CARTESIAN_POINT('Origin',(58.055175338,35.260470493,60.899590092));
#4177=CARTESIAN_POINT('',(57.805174385,33.2709746466549,60.8995901307938));
#4178=CARTESIAN_POINT('',(57.805174385,37.249966247,60.8995900916667));
#4179=CARTESIAN_POINT('',(57.805174385,33.270974652,60.899590091));
#4180=CARTESIAN_POINT('',(58.305176292,33.270974343311,60.89959009175));
#4181=CARTESIAN_POINT('',(58.305176292,33.270974343,60.899590091));
#4182=CARTESIAN_POINT('',(58.305176292,37.249966247,60.899590092));
#4183=CARTESIAN_POINT('',(58.305176292,37.249966247,60.899590092));
#4184=CARTESIAN_POINT('',(57.805174385,37.249966247,60.899590092));
#4185=CARTESIAN_POINT('Origin',(58.055175338,35.126495941,61.899593906));
#4186=CARTESIAN_POINT('',(58.305176292,33.0030242973105,61.8995938658896));
#4187=CARTESIAN_POINT('',(58.305176292,37.249966247,61.899593906));
#4188=CARTESIAN_POINT('',(58.305176292,33.003024292,61.899593906));
#4189=CARTESIAN_POINT('',(57.805174385,33.0030246,61.899593906));
#4190=CARTESIAN_POINT('',(57.805174385,33.0030246,61.899593906));
#4191=CARTESIAN_POINT('',(57.805174385,37.249966247,61.899593906));
#4192=CARTESIAN_POINT('',(57.805174385,37.249966247,61.899593906));
#4193=CARTESIAN_POINT('',(58.305176292,37.249966247,61.899593906));
#4194=CARTESIAN_POINT('Origin',(57.805174385,35.983932598,55.499590473));
#4195=CARTESIAN_POINT('',(57.805174385,34.6107198623572,55.8995900914291));
#4196=CARTESIAN_POINT('',(57.805174385,37.249966247,55.899590092));
#4197=CARTESIAN_POINT('',(57.805174385,34.610719862,55.899590092));
#4198=CARTESIAN_POINT('',(57.805174385,34.8250788896667,55.099590855));
#4199=CARTESIAN_POINT('',(57.805174385,34.82507889,55.099590855));
#4200=CARTESIAN_POINT('',(57.805174385,37.249966247,55.099590855));
#4201=CARTESIAN_POINT('',(57.805174385,37.249966247,55.099590855));
#4202=CARTESIAN_POINT('',(57.805174385,37.249966247,55.899590092));
#4203=CARTESIAN_POINT('Origin',(58.055175338,35.930343254,55.899590092));
#4204=CARTESIAN_POINT('',(58.305176292,34.6107195591515,55.8995900508617));
#4205=CARTESIAN_POINT('',(58.305176292,37.249966247,55.8995900916667));
#4206=CARTESIAN_POINT('',(58.305176292,34.610719554,55.899590091));
#4207=CARTESIAN_POINT('',(57.805174385,34.610719862,55.899590091));
#4208=CARTESIAN_POINT('',(58.305176292,37.249966247,55.899590092));
#4209=CARTESIAN_POINT('Origin',(58.055175338,-35.226563828,61.899593906));
#4210=CARTESIAN_POINT('',(57.805174385,-33.1030924478036,61.8995939274878));
#4211=CARTESIAN_POINT('',(57.805174385,-37.350036518,61.8995939066667));
#4212=CARTESIAN_POINT('',(57.805174385,-33.10309245,61.899593907));
#4213=CARTESIAN_POINT('',(58.305176292,-33.1030922908178,61.8995939066178));
#4214=CARTESIAN_POINT('',(58.305176292,-33.103092291,61.899593907));
#4215=CARTESIAN_POINT('',(58.305176292,-37.350036518,61.899593906));
#4216=CARTESIAN_POINT('',(58.305176292,-37.350036518,61.899593906));
#4217=CARTESIAN_POINT('',(57.805174385,-37.350036518,61.899593906));
#4218=CARTESIAN_POINT('Origin',(58.055175338,-35.360539572,60.899590092));
#4219=CARTESIAN_POINT('',(58.305176292,-33.371042626197,60.8995900715066));
#4220=CARTESIAN_POINT('',(58.305176292,-37.350036518,60.899590092));
#4221=CARTESIAN_POINT('',(58.305176292,-33.371042624,60.899590092));
#4222=CARTESIAN_POINT('',(57.805174385,-33.371042783,60.899590092));
#4223=CARTESIAN_POINT('',(57.805174385,-33.371042783,60.899590092));
#4224=CARTESIAN_POINT('',(57.805174385,-37.350036518,60.899590092));
#4225=CARTESIAN_POINT('',(57.805174385,-37.350036518,60.899590092));
#4226=CARTESIAN_POINT('',(58.305176292,-37.350036518,60.899590092));
#4227=CARTESIAN_POINT('Origin',(54.305176292,-0.050178783,59.510059195));
#4228=CARTESIAN_POINT('',(54.305176292,-47.400609867,64.699586468));
#4229=CARTESIAN_POINT('',(54.305176292,-47.400609867,59.120529728));
#4230=CARTESIAN_POINT('',(54.305176292,-47.400609867,64.699586468));
#4231=CARTESIAN_POINT('',(54.305176292,47.299965008,64.699586468));
#4232=CARTESIAN_POINT('',(54.305176292,47.299965008,64.699586468));
#4233=CARTESIAN_POINT('',(54.305176292,47.299965008,59.120529728));
#4234=CARTESIAN_POINT('',(54.305176292,47.299965008,59.120529728));
#4235=CARTESIAN_POINT('',(54.305176292,37.249966247,59.120529728));
#4236=CARTESIAN_POINT('',(54.305176292,37.249966247,59.120529728));
#4237=CARTESIAN_POINT('',(54.305176292,37.249966247,55.099590855));
#4238=CARTESIAN_POINT('',(54.305176292,37.249966247,55.099590855));
#4239=CARTESIAN_POINT('',(54.305176292,-37.350036518,55.099590855));
#4240=CARTESIAN_POINT('',(54.305176292,-37.350036518,55.099590855));
#4241=CARTESIAN_POINT('',(54.305176292,-37.350036518,59.120529728));
#4242=CARTESIAN_POINT('',(54.305176292,-37.350036518,59.120529728));
#4243=CARTESIAN_POINT('',(54.305176292,-47.400609867,59.120529728));
#4244=CARTESIAN_POINT('Origin',(58.305176292,-35.896438377,56.899591522));
#4245=CARTESIAN_POINT('',(58.305176292,-34.174889774,57.899592932));
#4246=CARTESIAN_POINT('',(58.305176292,-37.350036518,55.899590092));
#4247=CARTESIAN_POINT('Origin',(58.305176292,-28.175033943,59.899591045));
#4248=CARTESIAN_POINT('',(58.305176292,-31.8181287495106,60.8995900956696));
#4249=CARTESIAN_POINT('',(58.305176292,-24.531941052785,60.8995900807606));
#4250=CARTESIAN_POINT('',(58.305176292,-31.818128751,60.899590092));
#4251=CARTESIAN_POINT('',(58.305176292,-32.354026559,58.899591999));
#4252=CARTESIAN_POINT('',(58.305176292,-32.354026559,58.899591999));
#4253=CARTESIAN_POINT('',(58.305176292,-23.9960430651897,58.8995919986158));
#4254=CARTESIAN_POINT('',(58.305176292,-23.996043065,58.899591999));
#4255=CARTESIAN_POINT('',(58.305176292,-24.531941054,60.899590081));
#4256=CARTESIAN_POINT('Origin',(58.305176292,-18.800033943,59.899591045));
#4257=CARTESIAN_POINT('',(58.305176292,-14.6210426,60.899590092));
#4258=CARTESIAN_POINT('',(58.305176292,-15.1569404986938,58.899591982106));
#4259=CARTESIAN_POINT('',(58.305176292,-14.621042599,60.899590092));
#4260=CARTESIAN_POINT('',(58.305176292,-22.9790268397054,60.8995900728049));
#4261=CARTESIAN_POINT('',(58.305176292,-22.979026847,60.899590092));
#4262=CARTESIAN_POINT('',(58.305176292,-22.4431291226667,58.899591999));
#4263=CARTESIAN_POINT('',(58.305176292,-22.443129123,58.899591999));
#4264=CARTESIAN_POINT('',(58.305176292,-15.156940493,58.899591999));
#4265=CARTESIAN_POINT('Origin',(58.305176292,-0.050034167,56.899591522));
#4266=CARTESIAN_POINT('',(58.305176292,3.32511046183648,57.8995929528207));
#4267=CARTESIAN_POINT('',(58.305176292,2.78921118748334,55.8995900768555));
#4268=CARTESIAN_POINT('',(58.305176292,3.325110461,57.899592953));
#4269=CARTESIAN_POINT('',(58.305176292,-3.42517862200103,57.8995929379213));
#4270=CARTESIAN_POINT('',(58.305176292,-3.425178628,57.899592953));
#4271=CARTESIAN_POINT('',(58.305176292,-2.88927941979691,55.8995900920866));
#4272=CARTESIAN_POINT('',(58.305176292,-2.889279419,55.899590092));
#4273=CARTESIAN_POINT('',(58.305176292,2.789211193,55.899590092));
#4274=CARTESIAN_POINT('Origin',(58.305176292,9.324966206,59.899591045));
#4275=CARTESIAN_POINT('',(58.305176292,5.68187182753949,60.8995900915503));
#4276=CARTESIAN_POINT('',(58.305176292,12.9680603456917,60.8995900566485));
#4277=CARTESIAN_POINT('',(58.305176292,5.681871828,60.899590092));
#4278=CARTESIAN_POINT('',(58.305176292,5.14597388773906,58.8995919790122));
#4279=CARTESIAN_POINT('',(58.305176292,5.14597389,58.899591979));
#4280=CARTESIAN_POINT('',(58.305176292,13.5039580850999,58.8995919986934));
#4281=CARTESIAN_POINT('',(58.305176292,13.503958085,58.899591999));
#4282=CARTESIAN_POINT('',(58.305176292,12.968060341,60.899590057));
#4283=CARTESIAN_POINT('Origin',(58.305176292,18.699965759,59.899591045));
#4284=CARTESIAN_POINT('',(58.305176292,22.878957528,60.899590092));
#4285=CARTESIAN_POINT('',(58.305176292,22.3430596989197,58.8995919751224));
#4286=CARTESIAN_POINT('',(58.305176292,22.878957528,60.899590092));
#4287=CARTESIAN_POINT('',(58.305176292,14.5209741016051,60.8995900750908));
#4288=CARTESIAN_POINT('',(58.305176292,14.520974097,60.899590092));
#4289=CARTESIAN_POINT('',(58.305176292,15.05687203,58.899591999));
#4290=CARTESIAN_POINT('',(58.305176292,15.056872029,58.899591999));
#4291=CARTESIAN_POINT('',(58.305176292,22.343059707,58.899591999));
#4292=CARTESIAN_POINT('Origin',(58.117675279,14.788923098,59.899591045));
#4293=CARTESIAN_POINT('',(57.805174385,15.8607205493596,55.8995901088877));
#4294=CARTESIAN_POINT('',(57.805174385,16.0750799252077,55.0995908549624));
#4295=CARTESIAN_POINT('',(57.805174385,15.860720686,55.899590127));
#4296=CARTESIAN_POINT('',(58.305176292,15.8607204156084,55.899590091989));
#4297=CARTESIAN_POINT('',(58.305176292,15.860720415,55.899590092));
#4298=CARTESIAN_POINT('',(58.305176292,15.3248212121323,57.8995929361638));
#4299=CARTESIAN_POINT('',(58.305176292,15.324821076,57.899592918));
#4300=CARTESIAN_POINT('',(57.805174385,15.324821346,57.899592953));
#4301=CARTESIAN_POINT('',(57.805174385,15.324821346,57.899592953));
#4302=CARTESIAN_POINT('',(57.805174385,15.0568721638665,58.899592015837));
#4303=CARTESIAN_POINT('',(57.805174385,15.0568723,58.899592034));
#4304=CARTESIAN_POINT('',(58.305176292,15.05687203,58.899591999));
#4305=CARTESIAN_POINT('',(57.805174385,14.5209742364371,60.8995900919385));
#4306=CARTESIAN_POINT('',(57.805174385,14.520974236,60.899590092));
#4307=CARTESIAN_POINT('',(57.805174385,14.2530237773316,61.8995939229068));
#4308=CARTESIAN_POINT('',(57.805174385,14.253023914,61.899593941));
#4309=CARTESIAN_POINT('',(58.305176292,14.2530236432854,61.899593906093));
#4310=CARTESIAN_POINT('',(58.305176292,14.253023643,61.899593906));
#4311=CARTESIAN_POINT('',(58.305176292,13.7171257166383,63.8995919821137));
#4312=CARTESIAN_POINT('',(58.305176292,13.71712558,63.899591964));
#4313=CARTESIAN_POINT('',(57.805174385,13.7171258508022,63.8995919990479));
#4314=CARTESIAN_POINT('',(57.805174385,13.717125851,63.899591999));
#4315=CARTESIAN_POINT('',(57.805174385,13.5027676067071,64.6995865017807));
#4316=CARTESIAN_POINT('',(57.805174385,13.50276788,64.699586538));
#4317=CARTESIAN_POINT('',(58.805175815,13.5027673363958,64.6995864677));
#4318=CARTESIAN_POINT('',(58.805175815,13.502767338,64.699586468));
#4319=CARTESIAN_POINT('',(58.805175815,16.0750796562953,55.0995908212177));
#4320=CARTESIAN_POINT('',(58.805175815,16.075079383,55.099590785));
#4321=CARTESIAN_POINT('',(57.805174385,16.075079925,55.099590855));
#4322=CARTESIAN_POINT('Origin',(58.117675279,22.611008568,59.899591045));
#4323=CARTESIAN_POINT('',(58.805175815,23.8971629963233,64.6995864203432));
#4324=CARTESIAN_POINT('',(58.805175815,21.3248535405148,55.0995908547138));
#4325=CARTESIAN_POINT('',(58.805175815,23.897163382,64.699586369));
#4326=CARTESIAN_POINT('',(57.805174385,23.897162616703,64.6995864679773));
#4327=CARTESIAN_POINT('',(57.805174385,23.897162617,64.699586468));
#4328=CARTESIAN_POINT('',(57.805174385,23.6828050505226,63.8995920228146));
#4329=CARTESIAN_POINT('',(57.805174385,23.682804858,63.899592049));
#4330=CARTESIAN_POINT('',(58.305176292,23.68280524,63.899591999));
#4331=CARTESIAN_POINT('',(58.305176292,23.68280524,63.899591999));
#4332=CARTESIAN_POINT('',(58.305176292,23.146907410816,61.899593882133));
#4333=CARTESIAN_POINT('',(58.305176292,23.146907604,61.899593857));
#4334=CARTESIAN_POINT('',(57.805174385,23.146907221,61.899593906));
#4335=CARTESIAN_POINT('',(57.805174385,23.146907221,61.899593906));
#4336=CARTESIAN_POINT('',(57.805174385,22.8789573386535,60.8995901158001));
#4337=CARTESIAN_POINT('',(57.805174385,22.878957146,60.899590141));
#4338=CARTESIAN_POINT('',(58.305176292,22.878957528,60.899590092));
#4339=CARTESIAN_POINT('',(57.805174385,22.343059509,58.899591999));
#4340=CARTESIAN_POINT('',(57.805174385,22.343059509,58.899591999));
#4341=CARTESIAN_POINT('',(57.805174385,22.0751109026713,57.8995929768123));
#4342=CARTESIAN_POINT('',(57.805174385,22.07511071,57.899593002));
#4343=CARTESIAN_POINT('',(58.305176292,22.0751110922224,57.8995929530466));
#4344=CARTESIAN_POINT('',(58.305176292,22.075111092,57.899592953));
#4345=CARTESIAN_POINT('',(58.305176292,21.5392119860098,55.8995900682536));
#4346=CARTESIAN_POINT('',(58.305176292,21.539212178,55.899590042));
#4347=CARTESIAN_POINT('',(57.805174385,21.5392117973712,55.8995900919005));
#4348=CARTESIAN_POINT('',(57.805174385,21.539211797,55.899590092));
#4349=CARTESIAN_POINT('',(57.805174385,21.3248531596707,55.0995909026528));
#4350=CARTESIAN_POINT('',(57.805174385,21.324852774,55.099590954));
#4351=CARTESIAN_POINT('',(58.805175815,21.324853539,55.099590855));
#4352=CARTESIAN_POINT('Origin',(58.305176292,35.796368702,56.899591522));
#4353=CARTESIAN_POINT('',(58.305176292,34.610719554,55.899590051));
#4354=CARTESIAN_POINT('',(58.305176292,37.249966247,57.899592953));
#4355=CARTESIAN_POINT('Origin',(58.117675279,33.538923247,59.899591045));
#4356=CARTESIAN_POINT('',(57.805174385,33.80687223,58.899591999));
#4357=CARTESIAN_POINT('',(58.305176292,33.270974344,60.899590092));
#4358=CARTESIAN_POINT('',(57.805174385,33.0030246,61.899593906));
#4359=CARTESIAN_POINT('',(58.305176292,32.467126712,63.899591999));
#4360=CARTESIAN_POINT('',(57.805174385,32.2527689478271,64.6995865064255));
#4361=CARTESIAN_POINT('',(57.805174385,32.252769259,64.699586547));
#4362=CARTESIAN_POINT('',(58.805175815,32.252768642,64.699586468));
#4363=CARTESIAN_POINT('',(58.805175815,32.252768642,64.699586468));
#4364=CARTESIAN_POINT('',(58.805175815,34.8250785839981,55.099590816682));
#4365=CARTESIAN_POINT('',(58.805175815,34.825078274,55.099590775));
#4366=CARTESIAN_POINT('',(57.805174385,34.825078889,55.099590855));
#4367=CARTESIAN_POINT('Origin',(58.305176292,28.074966057,62.899592953));
#4368=CARTESIAN_POINT('',(58.305176292,25.2357200442578,63.899591999359));
#4369=CARTESIAN_POINT('',(58.305176292,30.9142121211724,63.8995919977125));
#4370=CARTESIAN_POINT('',(58.305176292,25.235720045,63.899591999));
#4371=CARTESIAN_POINT('',(58.305176292,24.6998224245091,61.8995939140343));
#4372=CARTESIAN_POINT('',(58.305176292,24.699822424,61.899593914));
#4373=CARTESIAN_POINT('',(58.305176292,31.450109853,61.899593906));
#4374=CARTESIAN_POINT('',(58.305176292,31.450109853,61.899593906));
#4375=CARTESIAN_POINT('',(58.305176292,30.914212121,63.899591998));
#4376=CARTESIAN_POINT('Origin',(58.305176292,-9.425034241,62.899592953));
#4377=CARTESIAN_POINT('',(58.305176292,-12.264280695,63.899591999));
#4378=CARTESIAN_POINT('',(58.305176292,-6.58578822171157,63.8995919767809));
#4379=CARTESIAN_POINT('',(58.305176292,-12.264280695,63.899591999));
#4380=CARTESIAN_POINT('',(58.305176292,-12.800178450889,61.8995938998254));
#4381=CARTESIAN_POINT('',(58.305176292,-12.80017845,61.8995939));
#4382=CARTESIAN_POINT('',(58.305176292,-6.04989026064401,61.8995939060061));
#4383=CARTESIAN_POINT('',(58.305176292,-6.049890261,61.899593906));
#4384=CARTESIAN_POINT('',(58.305176292,-6.585788224,63.899591977));
#4385=CARTESIAN_POINT('Origin',(58.305176292,-35.092589872,62.899592953));
#4386=CARTESIAN_POINT('',(58.305176292,-32.567194197,63.899591978));
#4387=CARTESIAN_POINT('',(58.305176292,-37.350036518,61.899593906));
#4388=CARTESIAN_POINT('Origin',(58.305176292,-0.05003439,62.899592953));
#4389=CARTESIAN_POINT('',(58.305176292,4.93280533566108,63.8995919990908));
#4390=CARTESIAN_POINT('',(58.305176292,4.3969073392189,61.8995938907449));
#4391=CARTESIAN_POINT('',(58.305176292,4.932805336,63.899591999));
#4392=CARTESIAN_POINT('',(58.305176292,-5.03287406865859,63.8995919838209));
#4393=CARTESIAN_POINT('',(58.305176292,-5.032874074,63.899591999));
#4394=CARTESIAN_POINT('',(58.305176292,-4.496976144,61.899593906));
#4395=CARTESIAN_POINT('',(58.305176292,-4.496976144,61.899593906));
#4396=CARTESIAN_POINT('',(58.305176292,4.396907344,61.899593906));
#4397=CARTESIAN_POINT('Origin',(58.305176292,34.992521389,62.899592953));
#4398=CARTESIAN_POINT('',(58.305176292,37.249966247,63.899591999));
#4399=CARTESIAN_POINT('Origin',(58.305176292,9.324965982,56.899591522));
#4400=CARTESIAN_POINT('',(58.305176292,4.87802493005583,57.8995929523184));
#4401=CARTESIAN_POINT('',(58.305176292,13.7719069756292,57.89959291714));
#4402=CARTESIAN_POINT('',(58.305176292,4.87802493,57.899592953));
#4403=CARTESIAN_POINT('',(58.305176292,4.34212571281086,55.8995900715114));
#4404=CARTESIAN_POINT('',(58.305176292,4.342125715,55.899590071));
#4405=CARTESIAN_POINT('',(58.305176292,14.307805992,55.899590092));
#4406=CARTESIAN_POINT('',(58.305176292,14.307805992,55.899590092));
#4407=CARTESIAN_POINT('',(58.305176292,13.771906971,57.899592917));
#4408=CARTESIAN_POINT('Origin',(58.305176292,-28.175034539,56.899591522));
#4409=CARTESIAN_POINT('',(58.305176292,-32.6219754113068,57.8995929569439));
#4410=CARTESIAN_POINT('',(58.305176292,-23.7280940654099,57.8995929416933));
#4411=CARTESIAN_POINT('',(58.305176292,-32.621975413,57.899592953));
#4412=CARTESIAN_POINT('',(58.305176292,-33.157874499761,55.8995900919158));
#4413=CARTESIAN_POINT('',(58.305176292,-33.157874499,55.899590092));
#4414=CARTESIAN_POINT('',(58.305176292,-23.1921948007363,55.899590091892));
#4415=CARTESIAN_POINT('',(58.305176292,-23.1921948,55.899590092));
#4416=CARTESIAN_POINT('',(58.305176292,-23.728094067,57.899592941));
#4417=CARTESIAN_POINT('Origin',(58.305176292,-9.425034092,56.899591522));
#4418=CARTESIAN_POINT('',(58.305176292,-13.8719752327236,57.8995929525926));
#4419=CARTESIAN_POINT('',(58.305176292,-4.97809303478319,57.8995929308291));
#4420=CARTESIAN_POINT('',(58.305176292,-13.871975233,57.899592953));
#4421=CARTESIAN_POINT('',(58.305176292,-14.4078742656805,55.8995900865966));
#4422=CARTESIAN_POINT('',(58.305176292,-14.407874265,55.899590086));
#4423=CARTESIAN_POINT('',(58.305176292,-4.44219379648685,55.89959009199));
#4424=CARTESIAN_POINT('',(58.305176292,-4.442193796,55.899590092));
#4425=CARTESIAN_POINT('',(58.305176292,-4.978093037,57.899592931));
#4426=CARTESIAN_POINT('Origin',(58.305176292,28.074966653,56.899591522));
#4427=CARTESIAN_POINT('',(58.305176292,23.6280258967262,57.899592952665));
#4428=CARTESIAN_POINT('',(58.305176292,32.5219065941317,57.8995929512404));
#4429=CARTESIAN_POINT('',(58.305176292,23.628025897,57.899592953));
#4430=CARTESIAN_POINT('',(58.305176292,23.0921269991302,55.8995901001436));
#4431=CARTESIAN_POINT('',(58.305176292,23.092126998,55.8995901));
#4432=CARTESIAN_POINT('',(58.305176292,33.057805603,55.899590092));
#4433=CARTESIAN_POINT('',(58.305176292,33.057805603,55.899590092));
#4434=CARTESIAN_POINT('',(58.305176292,32.521906594,57.899592951));
#4435=CARTESIAN_POINT('Origin',(58.305176292,18.699965461,62.899592953));
#4436=CARTESIAN_POINT('',(58.305176292,23.146907419,61.899593906));
#4437=CARTESIAN_POINT('',(58.305176292,13.717125711,63.899591999));
#4438=CARTESIAN_POINT('Origin',(58.305176292,-18.800035136,62.899592953));
#4439=CARTESIAN_POINT('',(58.305176292,-23.246977225,61.899593906));
#4440=CARTESIAN_POINT('',(58.305176292,-23.7828749422217,63.899591979862));
#4441=CARTESIAN_POINT('',(58.305176292,-23.246977225,61.899593906));
#4442=CARTESIAN_POINT('',(58.305176292,-14.3530925916856,61.8995938891116));
#4443=CARTESIAN_POINT('',(58.305176292,-14.353092585,61.899593906));
#4444=CARTESIAN_POINT('',(58.305176292,-13.817194692,63.899591999));
#4445=CARTESIAN_POINT('',(58.305176292,-13.817194692,63.899591999));
#4446=CARTESIAN_POINT('',(58.305176292,-23.78287495,63.899591999));
#4447=CARTESIAN_POINT('Origin',(58.117675279,-22.711077945,59.899591045));
#4448=CARTESIAN_POINT('',(57.805174385,-21.6392808682803,55.8995901112047));
#4449=CARTESIAN_POINT('',(57.805174385,-21.4249215493249,55.0995908549129));
#4450=CARTESIAN_POINT('',(57.805174385,-21.639280713,55.899590132));
#4451=CARTESIAN_POINT('',(58.305176292,-21.639281021,55.899590092));
#4452=CARTESIAN_POINT('',(58.305176292,-21.639281021,55.899590092));
#4453=CARTESIAN_POINT('',(58.305176292,-22.1751800157299,57.8995929338024));
#4454=CARTESIAN_POINT('',(58.305176292,-22.175180171,57.899592913));
#4455=CARTESIAN_POINT('',(57.805174385,-22.175179863,57.899592953));
#4456=CARTESIAN_POINT('',(57.805174385,-22.175179863,57.899592953));
#4457=CARTESIAN_POINT('',(57.805174385,-22.443128969755,58.8995920181413));
#4458=CARTESIAN_POINT('',(57.805174385,-22.443128815,58.899592039));
#4459=CARTESIAN_POINT('',(58.305176292,-22.443129122,58.899591999));
#4460=CARTESIAN_POINT('',(57.805174385,-22.979026687,60.899590092));
#4461=CARTESIAN_POINT('',(57.805174385,-22.979026687,60.899590092));
#4462=CARTESIAN_POINT('',(57.805174385,-23.2469770722712,61.8995939251984));
#4463=CARTESIAN_POINT('',(57.805174385,-23.246976917,61.899593946));
#4464=CARTESIAN_POINT('',(58.305176292,-23.246977225,61.899593906));
#4465=CARTESIAN_POINT('',(57.805174385,-23.782874789573,63.8995919991144));
#4466=CARTESIAN_POINT('',(57.805174385,-23.78287479,63.899591999));
#4467=CARTESIAN_POINT('',(57.805174385,-23.9972329976291,64.6995865063496));
#4468=CARTESIAN_POINT('',(57.805174385,-23.997232687,64.699586547));
#4469=CARTESIAN_POINT('',(58.805175815,-23.997233301898,64.6995864682021));
#4470=CARTESIAN_POINT('',(58.805175815,-23.997233303,64.699586468));
#4471=CARTESIAN_POINT('',(58.805175815,-21.4249218544956,55.0995908166318));
#4472=CARTESIAN_POINT('',(58.805175815,-21.424922165,55.099590775));
#4473=CARTESIAN_POINT('',(57.805174385,-21.424921549,55.099590855));
#4474=CARTESIAN_POINT('Origin',(58.117675279,-14.888991581,59.899591045));
#4475=CARTESIAN_POINT('',(58.805175815,-13.6028368792745,64.6995864342319));
#4476=CARTESIAN_POINT('',(58.805175815,-16.175147081336,55.09959085509));
#4477=CARTESIAN_POINT('',(58.805175815,-13.602836606,64.699586398));
#4478=CARTESIAN_POINT('',(57.805174385,-13.602837148,64.699586468));
#4479=CARTESIAN_POINT('',(57.805174385,-13.602837148,64.699586468));
#4480=CARTESIAN_POINT('',(57.805174385,-13.8171948263324,63.8995920159062));
#4481=CARTESIAN_POINT('',(57.805174385,-13.817194963,63.899592034));
#4482=CARTESIAN_POINT('',(58.305176292,-13.817194692,63.899591999));
#4483=CARTESIAN_POINT('',(57.805174385,-14.35309272561,61.8995939058955));
#4484=CARTESIAN_POINT('',(57.805174385,-14.353092726,61.899593906));
#4485=CARTESIAN_POINT('',(57.805174385,-14.6210427338615,60.8995901088403));
#4486=CARTESIAN_POINT('',(57.805174385,-14.62104287,60.899590127));
#4487=CARTESIAN_POINT('',(58.305176292,-14.6210426,60.899590092));
#4488=CARTESIAN_POINT('',(57.805174385,-15.156940633,58.899591999));
#4489=CARTESIAN_POINT('',(57.805174385,-15.156940633,58.899591999));
#4490=CARTESIAN_POINT('',(57.805174385,-15.424889363865,57.899592969838));
#4491=CARTESIAN_POINT('',(57.805174385,-15.4248895,57.899592988));
#4492=CARTESIAN_POINT('',(58.305176292,-15.42488923,57.899592953));
#4493=CARTESIAN_POINT('',(58.305176292,-15.42488923,57.899592953));
#4494=CARTESIAN_POINT('',(58.305176292,-15.9607884056654,55.8995900750952));
#4495=CARTESIAN_POINT('',(58.305176292,-15.960788269,55.899590057));
#4496=CARTESIAN_POINT('',(57.805174385,-15.96078854,55.899590092));
#4497=CARTESIAN_POINT('',(57.805174385,-15.96078854,55.899590092));
#4498=CARTESIAN_POINT('',(57.805174385,-16.175147349257,55.0995908887005));
#4499=CARTESIAN_POINT('',(57.805174385,-16.175147622,55.099590925));
#4500=CARTESIAN_POINT('',(58.805175815,-16.175147081,55.099590855));
#4501=CARTESIAN_POINT('Origin',(58.305176292,-28.175035732,62.899592953));
#4502=CARTESIAN_POINT('',(58.305176292,-31.0142808099728,63.8995920026484));
#4503=CARTESIAN_POINT('',(58.305176292,-25.3357893172601,63.8995919876987));
#4504=CARTESIAN_POINT('',(58.305176292,-31.014280811,63.899591999));
#4505=CARTESIAN_POINT('',(58.305176292,-31.5501786193138,61.8995939059722));
#4506=CARTESIAN_POINT('',(58.305176292,-31.550178619,61.899593906));
#4507=CARTESIAN_POINT('',(58.305176292,-24.7998913300582,61.8995939066511));
#4508=CARTESIAN_POINT('',(58.305176292,-24.79989133,61.899593906));
#4509=CARTESIAN_POINT('',(58.305176292,-25.335789319,63.899591988));
#4510=CARTESIAN_POINT('Origin',(58.117675279,-32.086077647,59.899591045));
#4511=CARTESIAN_POINT('',(57.805174385,-33.1578744679637,55.89959008822));
#4512=CARTESIAN_POINT('',(57.805174385,-33.3722335439971,55.0995908549403));
#4513=CARTESIAN_POINT('',(57.805174385,-33.157874436,55.899590084));
#4514=CARTESIAN_POINT('',(58.305176292,-33.1578745,55.899590092));
#4515=CARTESIAN_POINT('',(57.805174385,-32.6219753808883,57.8995929531904));
#4516=CARTESIAN_POINT('',(57.805174385,-32.62197538,57.899592953));
#4517=CARTESIAN_POINT('',(57.805174385,-32.3540265264384,58.8995919952831));
#4518=CARTESIAN_POINT('',(57.805174385,-32.354026495,58.899591991));
#4519=CARTESIAN_POINT('',(58.305176292,-32.354026558,58.899591999));
#4520=CARTESIAN_POINT('',(57.805174385,-31.818128718,60.899590092));
#4521=CARTESIAN_POINT('',(57.805174385,-31.818128718,60.899590092));
#4522=CARTESIAN_POINT('',(57.805174385,-31.5501785883167,61.8995939020053));
#4523=CARTESIAN_POINT('',(57.805174385,-31.550178556,61.899593898));
#4524=CARTESIAN_POINT('',(58.305176292,-31.55017862,61.899593906));
#4525=CARTESIAN_POINT('',(57.805174385,-31.0142807782712,63.8995919989607));
#4526=CARTESIAN_POINT('',(57.805174385,-31.014280779,63.899591999));
#4527=CARTESIAN_POINT('',(57.805174385,-30.7999230139643,64.6995864600704));
#4528=CARTESIAN_POINT('',(57.805174385,-30.79992295,64.699586451));
#4529=CARTESIAN_POINT('',(58.805175815,-30.7999230752415,64.6995864676806));
#4530=CARTESIAN_POINT('',(58.805175815,-30.799923077,64.699586468));
#4531=CARTESIAN_POINT('',(58.805175815,-33.3722336069064,55.0995908629141));
#4532=CARTESIAN_POINT('',(58.805175815,-33.372233671,55.099590871));
#4533=CARTESIAN_POINT('',(57.805174385,-33.372233544,55.099590855));
#4534=CARTESIAN_POINT('Origin',(58.305176292,9.324966206,62.899592953));
#4535=CARTESIAN_POINT('',(58.305176292,6.485720003,63.899591999));
#4536=CARTESIAN_POINT('',(58.305176292,12.1642124376917,63.8995919636485));
#4537=CARTESIAN_POINT('',(58.305176292,6.485720003,63.899591999));
#4538=CARTESIAN_POINT('',(58.305176292,5.94982206314473,61.8995938854569));
#4539=CARTESIAN_POINT('',(58.305176292,5.949822066,61.899593886));
#4540=CARTESIAN_POINT('',(58.305176292,12.700110177,61.899593906));
#4541=CARTESIAN_POINT('',(58.305176292,12.700110177,61.899593906));
#4542=CARTESIAN_POINT('',(58.305176292,12.164212433,63.899591964));
#4543=CARTESIAN_POINT('Origin',(58.305176292,35.394444449,59.899591045));
#4544=CARTESIAN_POINT('',(58.305176292,37.249966247,60.899590092));
#4545=CARTESIAN_POINT('Origin',(58.305176292,28.074966057,59.899591045));
#4546=CARTESIAN_POINT('',(58.305176292,24.431872332,60.899590092));
#4547=CARTESIAN_POINT('',(58.305176292,31.718059996208,60.8995900907101));
#4548=CARTESIAN_POINT('',(58.305176292,24.431872332,60.899590092));
#4549=CARTESIAN_POINT('',(58.305176292,23.8959747115153,58.8995920065863));
#4550=CARTESIAN_POINT('',(58.305176292,23.895974711,58.899592007));
#4551=CARTESIAN_POINT('',(58.305176292,32.253957728,58.899591999));
#4552=CARTESIAN_POINT('',(58.305176292,32.253957728,58.899591999));
#4553=CARTESIAN_POINT('',(58.305176292,31.718059996,60.899590091));
#4554=CARTESIAN_POINT('Origin',(58.305176292,18.699966057,56.899591522));
#4555=CARTESIAN_POINT('',(58.305176292,21.539211994,55.899590092));
#4556=CARTESIAN_POINT('',(58.305176292,15.324821206,57.899592953));
#4557=CARTESIAN_POINT('Origin',(58.305176292,-0.050034167,59.899591045));
#4558=CARTESIAN_POINT('',(58.305176292,-3.69312778181018,58.8995919988264));
#4559=CARTESIAN_POINT('',(58.305176292,-4.22902570666536,60.8995900768256));
#4560=CARTESIAN_POINT('',(58.305176292,-3.693127782,58.899591999));
#4561=CARTESIAN_POINT('',(58.305176292,3.59305926322766,58.8995919837509));
#4562=CARTESIAN_POINT('',(58.305176292,3.593059268,58.899591999));
#4563=CARTESIAN_POINT('',(58.305176292,4.12895726,60.899590092));
#4564=CARTESIAN_POINT('',(58.305176292,4.12895726,60.899590092));
#4565=CARTESIAN_POINT('',(58.305176292,-4.229025712,60.899590092));
#4566=CARTESIAN_POINT('Origin',(58.117675279,-3.961076716,59.899591045));
#4567=CARTESIAN_POINT('',(57.805174385,-2.88927929959555,55.8995901071528));
#4568=CARTESIAN_POINT('',(57.805174385,-2.67491994647692,55.0995908548722));
#4569=CARTESIAN_POINT('',(57.805174385,-2.889279177,55.899590123));
#4570=CARTESIAN_POINT('',(58.305176292,-2.88927942,55.899590092));
#4571=CARTESIAN_POINT('',(57.805174385,-3.42517850237722,57.8995929528989));
#4572=CARTESIAN_POINT('',(57.805174385,-3.425178502,57.899592953));
#4573=CARTESIAN_POINT('',(57.805174385,-3.69312766106794,58.899592014088));
#4574=CARTESIAN_POINT('',(57.805174385,-3.693127539,58.89959203));
#4575=CARTESIAN_POINT('',(58.305176292,-3.693127781,58.899591999));
#4576=CARTESIAN_POINT('',(57.805174385,-4.22902558633166,60.8995900919111));
#4577=CARTESIAN_POINT('',(57.805174385,-4.229025586,60.899590092));
#4578=CARTESIAN_POINT('',(57.805174385,-4.496976022935,61.899593921101));
#4579=CARTESIAN_POINT('',(57.805174385,-4.496975901,61.899593938));
#4580=CARTESIAN_POINT('',(58.305176292,-4.496976143,61.899593906));
#4581=CARTESIAN_POINT('',(57.805174385,-5.032873948,63.899591999));
#4582=CARTESIAN_POINT('',(57.805174385,-5.032873948,63.899591999));
#4583=CARTESIAN_POINT('',(57.805174385,-5.24723215599864,64.6995864982754));
#4584=CARTESIAN_POINT('',(57.805174385,-5.247231911,64.699586531));
#4585=CARTESIAN_POINT('',(58.805175815,-5.24723239572681,64.6995864682371));
#4586=CARTESIAN_POINT('',(58.805175815,-5.247232397,64.699586468));
#4587=CARTESIAN_POINT('',(58.805175815,-2.67492018700442,55.0995908247267));
#4588=CARTESIAN_POINT('',(58.805175815,-2.674920432,55.099590792));
#4589=CARTESIAN_POINT('',(57.805174385,-2.674919946,55.099590855));
#4590=CARTESIAN_POINT('Origin',(58.117675279,3.861008233,59.899591045));
#4591=CARTESIAN_POINT('',(58.805175815,5.14716319398069,64.6995864377105));
#4592=CARTESIAN_POINT('',(58.805175815,2.5748524251818,55.0995908547892));
#4593=CARTESIAN_POINT('',(58.805175815,5.147163439,64.699586405));
#4594=CARTESIAN_POINT('',(57.805174385,5.14716295259555,64.6995864681084));
#4595=CARTESIAN_POINT('',(57.805174385,5.147162953,64.699586468));
#4596=CARTESIAN_POINT('',(57.805174385,4.93280521445722,63.8995920141622));
#4597=CARTESIAN_POINT('',(57.805174385,4.932805092,63.899592031));
#4598=CARTESIAN_POINT('',(58.305176292,4.932805335,63.899591999));
#4599=CARTESIAN_POINT('',(57.805174385,4.39690721855422,61.8995939060301));
#4600=CARTESIAN_POINT('',(57.805174385,4.396907218,61.899593906));
#4601=CARTESIAN_POINT('',(57.805174385,4.1289571395839,60.8995901071449));
#4602=CARTESIAN_POINT('',(57.805174385,4.128957017,60.899590123));
#4603=CARTESIAN_POINT('',(58.305176292,4.12895726,60.899590092));
#4604=CARTESIAN_POINT('',(57.805174385,3.5930591424366,58.899591998883));
#4605=CARTESIAN_POINT('',(57.805174385,3.593059142,58.899591999));
#4606=CARTESIAN_POINT('',(57.805174385,3.32511034059747,57.8995929681541));
#4607=CARTESIAN_POINT('',(57.805174385,3.325110218,57.899592984));
#4608=CARTESIAN_POINT('',(58.305176292,3.325110461,57.899592953));
#4609=CARTESIAN_POINT('',(57.805174385,2.78921106745554,55.8995900918779));
#4610=CARTESIAN_POINT('',(57.805174385,2.789211067,55.899590092));
#4611=CARTESIAN_POINT('',(57.805174385,2.57485218302237,55.0995908852916));
#4612=CARTESIAN_POINT('',(57.805174385,2.574851938,55.099590918));
#4613=CARTESIAN_POINT('',(58.805175815,2.574852424,55.099590855));
#4614=CARTESIAN_POINT('Origin',(58.305176292,-9.425034092,59.899591045));
#4615=CARTESIAN_POINT('',(58.305176292,-13.068128603,60.899590092));
#4616=CARTESIAN_POINT('',(58.305176292,-5.78193998978794,60.8995900702776));
#4617=CARTESIAN_POINT('',(58.305176292,-13.068128603,60.899590092));
#4618=CARTESIAN_POINT('',(58.305176292,-13.6040263588889,58.8995919928254));
#4619=CARTESIAN_POINT('',(58.305176292,-13.604026358,58.899591993));
#4620=CARTESIAN_POINT('',(58.305176292,-5.24604202833183,58.8995919989111));
#4621=CARTESIAN_POINT('',(58.305176292,-5.246042028,58.899591999));
#4622=CARTESIAN_POINT('',(58.305176292,-5.781939992,60.89959007));
#4623=CARTESIAN_POINT('Origin',(58.305176292,-18.800035136,56.899591522));
#4624=CARTESIAN_POINT('',(58.305176292,-22.175180023,57.899592953));
#4625=CARTESIAN_POINT('',(58.305176292,-15.9607884,55.899590092));
#4626=CARTESIAN_POINT('Origin',(58.305176292,-35.494514124,59.899591045));
#4627=CARTESIAN_POINT('',(58.305176292,-33.371042624,60.899590071));
#4628=CARTESIAN_POINT('',(58.305176292,-37.350036518,58.899591999));
#4629=CARTESIAN_POINT('Origin',(57.805174385,-28.175033943,58.399592476));
#4630=CARTESIAN_POINT('',(57.805174385,-23.9960429811647,58.8995920093303));
#4631=CARTESIAN_POINT('',(57.805174385,-32.354026526,58.899591999));
#4632=CARTESIAN_POINT('',(57.805174385,-23.7280939812062,57.8995929522781));
#4633=CARTESIAN_POINT('',(57.805174385,-23.728093981,57.899592953));
#4634=CARTESIAN_POINT('',(57.805174385,-23.99604298,58.89959201));
#4635=CARTESIAN_POINT('Origin',(58.055175338,-28.175033943,58.899591999));
#4636=CARTESIAN_POINT('',(58.305176292,-23.996043065,58.899591998));
#4637=CARTESIAN_POINT('Origin',(58.055175338,-28.175033943,57.899592953));
#4638=CARTESIAN_POINT('',(57.805174385,-23.728093981,57.899592952));
#4639=CARTESIAN_POINT('Origin',(57.805174385,-18.800034539,61.399591999));
#4640=CARTESIAN_POINT('',(57.805174385,-23.246977065,61.899593906));
#4641=CARTESIAN_POINT('',(57.805174385,-14.621042739,60.899590092));
#4642=CARTESIAN_POINT('Origin',(58.055175338,-18.800035136,61.899593906));
#4643=CARTESIAN_POINT('Origin',(58.055175338,-18.800033943,60.899590092));
#4644=CARTESIAN_POINT('Origin',(57.805174385,18.699966355,55.499590473));
#4645=CARTESIAN_POINT('',(57.805174385,15.860720556,55.899590092));
#4646=CARTESIAN_POINT('',(57.805174385,21.324853143,55.099590855));
#4647=CARTESIAN_POINT('Origin',(58.055175338,18.699966057,55.899590092));
#4648=CARTESIAN_POINT('Origin',(57.805174385,28.074966653,58.399592476));
#4649=CARTESIAN_POINT('',(57.805174385,23.8959747745447,58.8995919986994));
#4650=CARTESIAN_POINT('',(57.805174385,32.2539577383041,58.8995920007306));
#4651=CARTESIAN_POINT('',(57.805174385,23.895974775,58.899591999));
#4652=CARTESIAN_POINT('',(57.805174385,23.62802596003,57.8995929444047));
#4653=CARTESIAN_POINT('',(57.805174385,23.628025961,57.899592944));
#4654=CARTESIAN_POINT('',(57.805174385,32.5219066049,57.8995929523065));
#4655=CARTESIAN_POINT('',(57.805174385,32.521906605,57.899592953));
#4656=CARTESIAN_POINT('',(57.805174385,32.253957738,58.899592001));
#4657=CARTESIAN_POINT('Origin',(58.055175338,28.074967249,57.899592953));
#4658=CARTESIAN_POINT('',(58.305176292,23.628025897,57.899592952));
#4659=CARTESIAN_POINT('',(57.805174385,32.521906605,57.899592952));
#4660=CARTESIAN_POINT('Origin',(58.055175338,28.074966057,58.899591999));
#4661=CARTESIAN_POINT('',(57.805174385,23.895974774,58.899591998));
#4662=CARTESIAN_POINT('',(58.305176292,32.253957728,58.899592));
#4663=CARTESIAN_POINT('Origin',(57.805174385,-9.425034018,58.399592476));
#4664=CARTESIAN_POINT('',(57.805174385,-13.604026406,58.899591999));
#4665=CARTESIAN_POINT('',(57.805174385,-5.24604186222348,58.8995920207294));
#4666=CARTESIAN_POINT('',(57.805174385,-13.604026406,58.899591999));
#4667=CARTESIAN_POINT('',(57.805174385,-13.8719752803687,57.8995929583873));
#4668=CARTESIAN_POINT('',(57.805174385,-13.871975281,57.899592959));
#4669=CARTESIAN_POINT('',(57.805174385,-4.97809286939572,57.899592952894));
#4670=CARTESIAN_POINT('',(57.805174385,-4.978092869,57.899592953));
#4671=CARTESIAN_POINT('',(57.805174385,-5.24604186,58.899592021));
#4672=CARTESIAN_POINT('Origin',(58.055175338,-9.425033943,58.899591999));
#4673=CARTESIAN_POINT('',(57.805174385,-13.604026406,58.899591999));
#4674=CARTESIAN_POINT('',(58.305176292,-5.246042028,58.899591999));
#4675=CARTESIAN_POINT('Origin',(58.055175338,-9.425034092,57.899592953));
#4676=CARTESIAN_POINT('',(58.305176292,-13.871975233,57.899592952));
#4677=CARTESIAN_POINT('',(57.805174385,-4.978092869,57.899592952));
#4678=CARTESIAN_POINT('Origin',(57.805174385,18.699965461,61.399591999));
#4679=CARTESIAN_POINT('',(57.805174385,14.253023783,61.899593906));
#4680=CARTESIAN_POINT('',(57.805174385,22.87895733,60.899590092));
#4681=CARTESIAN_POINT('Origin',(58.055175338,18.699965461,61.899593906));
#4682=CARTESIAN_POINT('Origin',(58.055175338,18.699965461,60.899590092));
#4683=CARTESIAN_POINT('Origin',(57.805174385,28.074966057,64.299589233));
#4684=CARTESIAN_POINT('',(57.805174385,25.2357201079108,63.8995919913277));
#4685=CARTESIAN_POINT('',(57.805174385,25.4500778134894,64.699586459986));
#4686=CARTESIAN_POINT('',(57.805174385,25.235720109,63.899591991));
#4687=CARTESIAN_POINT('',(57.805174385,30.914212132,63.899591999));
#4688=CARTESIAN_POINT('',(57.805174385,30.914212132,63.899591999));
#4689=CARTESIAN_POINT('',(57.805174385,30.6998543173333,64.699586468));
#4690=CARTESIAN_POINT('',(57.805174385,30.699854317,64.699586468));
#4691=CARTESIAN_POINT('',(57.805174385,25.450077816,64.699586468));
#4692=CARTESIAN_POINT('Origin',(58.055175338,28.074966057,63.899591999));
#4693=CARTESIAN_POINT('',(58.305176292,25.235720045,63.899592));
#4694=CARTESIAN_POINT('',(57.805174385,30.914212132,63.899591999));
#4695=CARTESIAN_POINT('Origin',(57.805174385,-9.425034539,64.299589233));
#4696=CARTESIAN_POINT('',(57.805174385,-12.2642807422691,63.8995920048707));
#4697=CARTESIAN_POINT('',(57.805174385,-12.0499228687766,64.6995864740314));
#4698=CARTESIAN_POINT('',(57.805174385,-12.264280743,63.899592005));
#4699=CARTESIAN_POINT('',(57.805174385,-6.58578805579472,63.8995919985809));
#4700=CARTESIAN_POINT('',(57.805174385,-6.585788056,63.899591999));
#4701=CARTESIAN_POINT('',(57.805174385,-6.800145966215,64.6995864680143));
#4702=CARTESIAN_POINT('',(57.805174385,-6.800145966,64.699586468));
#4703=CARTESIAN_POINT('',(57.805174385,-12.049922871,64.699586468));
#4704=CARTESIAN_POINT('Origin',(58.055175338,-9.425034241,63.899591999));
#4705=CARTESIAN_POINT('',(58.305176292,-12.264280695,63.899591999));
#4706=CARTESIAN_POINT('',(57.805174385,-6.585788056,63.899591998));
#4707=CARTESIAN_POINT('Origin',(57.805174385,-34.905025975,64.299589233));
#4708=CARTESIAN_POINT('',(57.805174385,-32.352836393,64.699586468));
#4709=CARTESIAN_POINT('',(57.805174385,-32.352836394,64.699586468));
#4710=CARTESIAN_POINT('',(57.805174385,-37.350036518,64.699586468));
#4711=CARTESIAN_POINT('',(57.805174385,-37.350036518,64.699586468));
#4712=CARTESIAN_POINT('',(57.805174385,-37.350036518,63.899591999));
#4713=CARTESIAN_POINT('Origin',(57.805174385,-0.050034465,64.299589233));
#4714=CARTESIAN_POINT('',(57.805174385,4.93280521,63.899591999));
#4715=CARTESIAN_POINT('',(57.805174385,-5.247232146,64.699586468));
#4716=CARTESIAN_POINT('Origin',(58.055175338,-0.05003439,63.899591999));
#4717=CARTESIAN_POINT('Origin',(57.805174385,34.804956897,64.299589233));
#4718=CARTESIAN_POINT('',(57.805174385,37.249966247,64.699586468));
#4719=CARTESIAN_POINT('',(57.805174385,32.252768961,64.699586468));
#4720=CARTESIAN_POINT('',(57.805174385,37.249966247,64.699586468));
#4721=CARTESIAN_POINT('Origin',(57.805174385,9.324966057,61.399591999));
#4722=CARTESIAN_POINT('',(57.805174385,5.94982190631321,61.8995939060947));
#4723=CARTESIAN_POINT('',(57.805174385,12.7001104432986,61.899593941358));
#4724=CARTESIAN_POINT('',(57.805174385,5.949821907,61.899593906));
#4725=CARTESIAN_POINT('',(57.805174385,5.68187167079606,60.8995901120568));
#4726=CARTESIAN_POINT('',(57.805174385,5.681871668,60.899590112));
#4727=CARTESIAN_POINT('',(57.805174385,12.968060612,60.899590092));
#4728=CARTESIAN_POINT('',(57.805174385,12.968060612,60.899590092));
#4729=CARTESIAN_POINT('',(57.805174385,12.700110448,61.899593941));
#4730=CARTESIAN_POINT('Origin',(58.055175338,9.324966057,61.899593906));
#4731=CARTESIAN_POINT('',(57.805174385,5.949821906,61.899593906));
#4732=CARTESIAN_POINT('',(58.305176292,12.700110177,61.899593906));
#4733=CARTESIAN_POINT('Origin',(58.055175338,9.324966057,60.899590092));
#4734=CARTESIAN_POINT('',(58.305176292,5.681871828,60.899590091));
#4735=CARTESIAN_POINT('',(57.805174385,12.968060612,60.899590092));
#4736=CARTESIAN_POINT('Origin',(57.805174385,-0.05003439,58.399592476));
#4737=CARTESIAN_POINT('',(57.805174385,3.325110335,57.899592953));
#4738=CARTESIAN_POINT('',(57.805174385,-3.693127656,58.899591999));
#4739=CARTESIAN_POINT('Origin',(58.055175338,-0.05003439,57.899592953));
#4740=CARTESIAN_POINT('Origin',(58.055175338,-0.05003439,58.899591999));
#4741=CARTESIAN_POINT('Origin',(57.805174385,35.595406277,58.399592476));
#4742=CARTESIAN_POINT('',(57.805174385,37.249966247,58.899591999));
#4743=CARTESIAN_POINT('Origin',(57.805174385,9.324965684,55.499590473));
#4744=CARTESIAN_POINT('',(57.805174385,14.3078062583063,55.8995901273528));
#4745=CARTESIAN_POINT('',(57.805174385,14.5221650817504,55.0995908887697));
#4746=CARTESIAN_POINT('',(57.805174385,14.307806263,55.899590127));
#4747=CARTESIAN_POINT('',(57.805174385,4.342125556,55.899590092));
#4748=CARTESIAN_POINT('',(57.805174385,4.342125556,55.899590092));
#4749=CARTESIAN_POINT('',(57.805174385,4.12776638335479,55.0995908549049));
#4750=CARTESIAN_POINT('',(57.805174385,4.127766383,55.099590855));
#4751=CARTESIAN_POINT('',(57.805174385,14.522165093,55.099590855));
#4752=CARTESIAN_POINT('Origin',(58.055175338,9.324965759,55.899590092));
#4753=CARTESIAN_POINT('',(57.805174385,4.342125556,55.899590092));
#4754=CARTESIAN_POINT('',(58.305176292,14.307805992,55.899590092));
#4755=CARTESIAN_POINT('Origin',(57.805174385,-28.175035136,61.399591999));
#4756=CARTESIAN_POINT('',(57.805174385,-24.7998912460815,61.8995939172529));
#4757=CARTESIAN_POINT('',(57.805174385,-31.550178587,61.899593906));
#4758=CARTESIAN_POINT('',(57.805174385,-24.5319409688967,60.8995900916944));
#4759=CARTESIAN_POINT('',(57.805174385,-24.531940969,60.899590092));
#4760=CARTESIAN_POINT('',(57.805174385,-24.799891245,61.899593918));
#4761=CARTESIAN_POINT('Origin',(58.055175338,-28.175036328,61.899593906));
#4762=CARTESIAN_POINT('',(58.305176292,-24.79989133,61.899593907));
#4763=CARTESIAN_POINT('Origin',(58.055175338,-28.175033943,60.899590092));
#4764=CARTESIAN_POINT('',(57.805174385,-24.531940969,60.899590091));
#4765=CARTESIAN_POINT('Origin',(57.805174385,-18.800034539,58.399592476));
#4766=CARTESIAN_POINT('',(57.805174385,-22.443128963,58.899591999));
#4767=CARTESIAN_POINT('',(57.805174385,-15.42488937,57.899592953));
#4768=CARTESIAN_POINT('Origin',(58.055175338,-18.800033943,58.899591999));
#4769=CARTESIAN_POINT('Origin',(58.055175338,-18.800035136,57.899592953));
#4770=CARTESIAN_POINT('Origin',(57.805174385,-28.175035136,55.499590473));
#4771=CARTESIAN_POINT('',(57.805174385,-23.1921947167002,55.8995901028315));
#4772=CARTESIAN_POINT('',(57.805174385,-22.9778356069599,55.0995908655854));
#4773=CARTESIAN_POINT('',(57.805174385,-23.192194715,55.899590103));
#4774=CARTESIAN_POINT('',(57.805174385,-33.157874467,55.899590092));
#4775=CARTESIAN_POINT('',(57.805174385,-22.977835604,55.099590855));
#4776=CARTESIAN_POINT('Origin',(58.055175338,-28.175035136,55.899590092));
#4777=CARTESIAN_POINT('',(58.305176292,-23.192194801,55.899590092));
#4778=CARTESIAN_POINT('Origin',(57.805174385,-35.695476548,58.399592476));
#4779=CARTESIAN_POINT('',(57.805174385,-33.906940877,58.89959202));
#4780=CARTESIAN_POINT('',(57.805174385,-37.350036518,57.899592953));
#4781=CARTESIAN_POINT('Origin',(57.805174385,-9.425034092,55.499590473));
#4782=CARTESIAN_POINT('',(57.805174385,-4.4421936297757,55.8995901138088));
#4783=CARTESIAN_POINT('',(57.805174385,-4.22783461505877,55.0995908760049));
#4784=CARTESIAN_POINT('',(57.805174385,-4.442193627,55.899590114));
#4785=CARTESIAN_POINT('',(57.805174385,-14.4078743128675,55.8995900922978));
#4786=CARTESIAN_POINT('',(57.805174385,-14.407874313,55.899590092));
#4787=CARTESIAN_POINT('',(57.805174385,-14.622233415,55.099590855));
#4788=CARTESIAN_POINT('',(57.805174385,-14.622233414,55.099590855));
#4789=CARTESIAN_POINT('',(57.805174385,-4.227834608,55.099590855));
#4790=CARTESIAN_POINT('Origin',(58.055175338,-9.425034092,55.899590092));
#4791=CARTESIAN_POINT('',(57.805174385,-14.407874313,55.899590093));
#4792=CARTESIAN_POINT('',(58.305176292,-4.442193796,55.899590092));
#4793=CARTESIAN_POINT('Origin',(57.805174385,28.074966057,55.499590473));
#4794=CARTESIAN_POINT('',(57.805174385,33.0578056133033,55.8995900932559));
#4795=CARTESIAN_POINT('',(57.805174385,33.2721646949516,55.0995908561024));
#4796=CARTESIAN_POINT('',(57.805174385,33.057805613,55.899590093));
#4797=CARTESIAN_POINT('',(57.805174385,23.0921270624522,55.8995900918788));
#4798=CARTESIAN_POINT('',(57.805174385,23.092127062,55.899590092));
#4799=CARTESIAN_POINT('',(57.805174385,22.8777680127389,55.0995908549378));
#4800=CARTESIAN_POINT('',(57.805174385,22.877768013,55.099590855));
#4801=CARTESIAN_POINT('',(57.805174385,33.272164695,55.099590855));
#4802=CARTESIAN_POINT('Origin',(58.055175338,28.074966057,55.899590092));
#4803=CARTESIAN_POINT('',(57.805174385,23.092127062,55.899590092));
#4804=CARTESIAN_POINT('',(58.305176292,33.057805603,55.899590092));
#4805=CARTESIAN_POINT('Origin',(57.805174385,18.699966057,58.399592476));
#4806=CARTESIAN_POINT('',(57.805174385,22.075110895,57.899592953));
#4807=CARTESIAN_POINT('',(57.805174385,15.05687217,58.899591999));
#4808=CARTESIAN_POINT('Origin',(58.055175338,18.699966057,57.899592953));
#4809=CARTESIAN_POINT('Origin',(58.055175338,18.699966057,58.899591999));
#4810=CARTESIAN_POINT('Origin',(57.805174385,-9.425034241,61.399591999));
#4811=CARTESIAN_POINT('',(57.805174385,-12.800178498,61.899593906));
#4812=CARTESIAN_POINT('',(57.805174385,-6.04989009420436,61.8995939277177));
#4813=CARTESIAN_POINT('',(57.805174385,-12.800178498,61.899593906));
#4814=CARTESIAN_POINT('',(57.805174385,-13.0681286502688,60.8995900978708));
#4815=CARTESIAN_POINT('',(57.805174385,-13.068128651,60.899590098));
#4816=CARTESIAN_POINT('',(57.805174385,-5.781939824,60.899590092));
#4817=CARTESIAN_POINT('',(57.805174385,-5.781939824,60.899590092));
#4818=CARTESIAN_POINT('',(57.805174385,-6.049890092,61.899593928));
#4819=CARTESIAN_POINT('Origin',(58.055175338,-9.425034241,61.899593906));
#4820=CARTESIAN_POINT('',(57.805174385,-12.800178498,61.899593906));
#4821=CARTESIAN_POINT('',(58.305176292,-6.04989026,61.899593906));
#4822=CARTESIAN_POINT('Origin',(58.055175338,-9.425034241,60.899590092));
#4823=CARTESIAN_POINT('',(58.305176292,-13.068128603,60.899590092));
#4824=CARTESIAN_POINT('',(57.805174385,-5.781939824,60.899590092));
#4825=CARTESIAN_POINT('Origin',(57.805174385,28.074966057,61.399591999));
#4826=CARTESIAN_POINT('',(57.805174385,24.699822487,61.899593906));
#4827=CARTESIAN_POINT('',(57.805174385,31.4501098632321,61.8995939072606));
#4828=CARTESIAN_POINT('',(57.805174385,24.699822487,61.899593906));
#4829=CARTESIAN_POINT('',(57.805174385,24.431872394917,60.8995900838796));
#4830=CARTESIAN_POINT('',(57.805174385,24.431872396,60.899590084));
#4831=CARTESIAN_POINT('',(57.805174385,31.718060007,60.899590092));
#4832=CARTESIAN_POINT('',(57.805174385,31.718060007,60.899590092));
#4833=CARTESIAN_POINT('',(57.805174385,31.450109863,61.899593907));
#4834=CARTESIAN_POINT('Origin',(58.055175338,28.074966057,61.899593906));
#4835=CARTESIAN_POINT('',(57.805174385,24.699822487,61.899593906));
#4836=CARTESIAN_POINT('',(58.305176292,31.450109853,61.899593906));
#4837=CARTESIAN_POINT('Origin',(58.055175338,28.074966057,60.899590092));
#4838=CARTESIAN_POINT('',(58.305176292,24.431872332,60.899590092));
#4839=CARTESIAN_POINT('',(57.805174385,31.718060007,60.899590092));
#4840=CARTESIAN_POINT('Origin',(57.805174385,18.699965461,64.299589233));
#4841=CARTESIAN_POINT('',(57.805174385,23.682805043,63.899591999));
#4842=CARTESIAN_POINT('',(57.805174385,13.502767618,64.699586468));
#4843=CARTESIAN_POINT('Origin',(58.055175338,18.699965461,63.899591999));
#4844=CARTESIAN_POINT('Origin',(57.805174385,-18.800035136,64.299589233));
#4845=CARTESIAN_POINT('',(57.805174385,-13.817194832,63.899591999));
#4846=CARTESIAN_POINT('',(57.805174385,-23.997232985,64.699586468));
#4847=CARTESIAN_POINT('Origin',(58.055175338,-18.800035136,63.899591999));
#4848=CARTESIAN_POINT('Origin',(57.805174385,-28.175035136,64.299589233));
#4849=CARTESIAN_POINT('',(57.805174385,-25.3357892336979,63.8995919986583));
#4850=CARTESIAN_POINT('',(57.805174385,-25.335789234,63.899591999));
#4851=CARTESIAN_POINT('',(57.805174385,-25.550147153,64.699586468));
#4852=CARTESIAN_POINT('',(57.805174385,-25.550147153,64.699586468));
#4853=CARTESIAN_POINT('',(57.805174385,-30.799923012,64.699586468));
#4854=CARTESIAN_POINT('Origin',(58.055175338,-28.175035136,63.899591999));
#4855=CARTESIAN_POINT('',(57.805174385,-25.335789233,63.899591998));
#4856=CARTESIAN_POINT('Origin',(57.805174385,9.324966206,64.299589233));
#4857=CARTESIAN_POINT('',(57.805174385,6.48571984631623,63.8995920194717));
#4858=CARTESIAN_POINT('',(57.805174385,6.70007790568105,64.6995864878977));
#4859=CARTESIAN_POINT('',(57.805174385,6.485719844,63.899592019));
#4860=CARTESIAN_POINT('',(57.805174385,12.164212704,63.899591999));
#4861=CARTESIAN_POINT('',(57.805174385,12.164212704,63.899591999));
#4862=CARTESIAN_POINT('',(57.805174385,11.94985488,64.699586468));
#4863=CARTESIAN_POINT('',(57.805174385,11.94985488,64.699586468));
#4864=CARTESIAN_POINT('',(57.805174385,6.700077899,64.699586468));
#4865=CARTESIAN_POINT('Origin',(58.055175338,9.324966355,63.899591999));
#4866=CARTESIAN_POINT('',(58.305176292,6.485720003,63.899591999));
#4867=CARTESIAN_POINT('',(57.805174385,12.164212704,63.899591999));
#4868=CARTESIAN_POINT('Origin',(57.805174385,35.193483217,61.399591999));
#4869=CARTESIAN_POINT('',(57.805174385,37.249966247,61.899593906));
#4870=CARTESIAN_POINT('Origin',(57.805174385,-0.050034167,61.399591999));
#4871=CARTESIAN_POINT('',(57.805174385,-4.496976018,61.899593906));
#4872=CARTESIAN_POINT('',(57.805174385,4.128957135,60.899590092));
#4873=CARTESIAN_POINT('Origin',(58.055175338,-0.05003439,61.899593906));
#4874=CARTESIAN_POINT('Origin',(58.055175338,-0.050033943,60.899590092));
#4875=CARTESIAN_POINT('Origin',(57.805174385,9.32496628,58.399592476));
#4876=CARTESIAN_POINT('',(57.805174385,5.145973731,58.899591999));
#4877=CARTESIAN_POINT('',(57.805174385,13.5039583513591,58.8995920338693));
#4878=CARTESIAN_POINT('',(57.805174385,5.145973731,58.899591999));
#4879=CARTESIAN_POINT('',(57.805174385,4.87802477327703,57.8995929729976));
#4880=CARTESIAN_POINT('',(57.805174385,4.878024771,57.899592973));
#4881=CARTESIAN_POINT('',(57.805174385,13.7719072419149,57.8995929523105));
#4882=CARTESIAN_POINT('',(57.805174385,13.771907242,57.899592953));
#4883=CARTESIAN_POINT('',(57.805174385,13.503958356,58.899592034));
#4884=CARTESIAN_POINT('Origin',(58.055175338,9.324966206,57.899592953));
#4885=CARTESIAN_POINT('',(58.305176292,4.87802493,57.899592952));
#4886=CARTESIAN_POINT('',(57.805174385,13.771907242,57.899592952));
#4887=CARTESIAN_POINT('Origin',(58.055175338,9.324966355,58.899591999));
#4888=CARTESIAN_POINT('',(57.805174385,5.145973731,58.899592));
#4889=CARTESIAN_POINT('',(58.305176292,13.503958085,58.899591998));
#4890=CARTESIAN_POINT('Origin',(57.805174385,-0.050033943,55.499590473));
#4891=CARTESIAN_POINT('',(57.805174385,-2.889279294,55.899590092));
#4892=CARTESIAN_POINT('',(57.805174385,2.574852172,55.099590855));
#4893=CARTESIAN_POINT('Origin',(58.055175338,-0.050033943,55.899590092));
#4894=CARTESIAN_POINT('Origin',(57.805174385,-35.2935517,61.399591999));
#4895=CARTESIAN_POINT('',(57.805174385,-33.10309245,61.899593928));
#4896=CARTESIAN_POINT('',(57.805174385,-37.350036518,60.899590092));
#4897=CARTESIAN_POINT('Origin',(57.805174385,-18.800034837,55.499590473));
#4898=CARTESIAN_POINT('',(57.805174385,-21.639280862,55.899590092));
#4899=CARTESIAN_POINT('',(57.805174385,-16.175147361,55.099590855));
#4900=CARTESIAN_POINT('Origin',(58.055175338,-18.800035136,55.899590092));
#4901=CARTESIAN_POINT('Origin',(58.117675279,-33.63899173,59.899591045));
#4902=CARTESIAN_POINT('',(58.805175815,-32.3528362348801,64.6995864481171));
#4903=CARTESIAN_POINT('',(58.805175815,-34.92514822,55.099590855));
#4904=CARTESIAN_POINT('',(58.805175815,-32.352836074,64.699586427));
#4905=CARTESIAN_POINT('',(57.805174385,-32.352836393,64.699586468));
#4906=CARTESIAN_POINT('',(58.805175815,-34.92514822,55.099590855));
#4907=CARTESIAN_POINT('Origin',(58.117675279,-13.336077498,59.899591045));
#4908=CARTESIAN_POINT('',(58.805175815,-12.049922821,64.699586468));
#4909=CARTESIAN_POINT('',(58.805175815,-12.049922821,64.699586468));
#4910=CARTESIAN_POINT('',(58.805175815,-14.6222333673555,55.0995908489868));
#4911=CARTESIAN_POINT('',(58.805175815,-14.622233319,55.099590842));
#4912=CARTESIAN_POINT('',(57.805174385,-14.622233415,55.099590855));
#4913=CARTESIAN_POINT('Origin',(58.117675279,5.4139228,59.899591045));
#4914=CARTESIAN_POINT('',(58.805175815,6.70007806293626,64.6995864681399));
#4915=CARTESIAN_POINT('',(58.805175815,6.700078064,64.699586468));
#4916=CARTESIAN_POINT('',(58.805175815,4.12776654125487,55.0995908351054));
#4917=CARTESIAN_POINT('',(58.805175815,4.127766702,55.099590813));
#4918=CARTESIAN_POINT('',(57.805174385,4.127766383,55.099590855));
#4919=CARTESIAN_POINT('Origin',(58.117675279,24.163923545,59.899591045));
#4920=CARTESIAN_POINT('',(58.805175815,25.4500777485873,64.6995864682669));
#4921=CARTESIAN_POINT('',(58.805175815,25.45007775,64.699586468));
#4922=CARTESIAN_POINT('',(58.805175815,22.8777679491273,55.0995908629369));
#4923=CARTESIAN_POINT('',(58.805175815,22.877767885,55.099590871));
#4924=CARTESIAN_POINT('',(57.805174385,22.877768012,55.099590855));
#4925=CARTESIAN_POINT('Origin',(58.117675279,31.986008866,59.899591045));
#4926=CARTESIAN_POINT('',(58.805175815,30.6998543066326,64.6995864668552));
#4927=CARTESIAN_POINT('',(58.805175815,33.2721646844502,55.0995908551206));
#4928=CARTESIAN_POINT('',(58.805175815,30.699854296,64.699586465));
#4929=CARTESIAN_POINT('',(57.805174385,30.699854318,64.699586468));
#4930=CARTESIAN_POINT('',(58.805175815,33.272164684,55.099590855));
#4931=CARTESIAN_POINT('Origin',(58.117675279,13.236009313,59.899591045));
#4932=CARTESIAN_POINT('',(58.805175815,11.9498546112745,64.6995864342319));
#4933=CARTESIAN_POINT('',(58.805175815,14.522164813336,55.09959085509));
#4934=CARTESIAN_POINT('',(58.805175815,11.949854338,64.699586398));
#4935=CARTESIAN_POINT('',(57.805174385,11.94985488,64.699586468));
#4936=CARTESIAN_POINT('',(58.805175815,14.522164813,55.099590855));
#4937=CARTESIAN_POINT('Origin',(58.117675279,-5.513990948,59.899591045));
#4938=CARTESIAN_POINT('',(58.805175815,-6.80014613411571,64.6995864469742));
#4939=CARTESIAN_POINT('',(58.805175815,-4.22783478454314,55.0995908546041));
#4940=CARTESIAN_POINT('',(58.805175815,-6.800146304,64.699586424));
#4941=CARTESIAN_POINT('',(57.805174385,-6.800145967,64.699586468));
#4942=CARTESIAN_POINT('',(58.805175815,-4.227834782,55.099590855));
#4943=CARTESIAN_POINT('Origin',(58.117675279,-24.263992028,59.899591045));
#4944=CARTESIAN_POINT('',(58.805175815,-25.5501472372652,64.6995864573877));
#4945=CARTESIAN_POINT('',(58.805175815,-22.9778356919965,55.0995908548243));
#4946=CARTESIAN_POINT('',(58.805175815,-25.550147323,64.699586446));
#4947=CARTESIAN_POINT('',(57.805174385,-25.550147153,64.699586468));
#4948=CARTESIAN_POINT('',(58.805175815,-22.977835691,55.099590855));
#4949=CARTESIAN_POINT('Origin',(58.805175815,-32.862535136,59.899588661));
#4950=CARTESIAN_POINT('',(58.805175815,-32.352836228,64.699586468));
#4951=CARTESIAN_POINT('',(58.805175815,-33.37223361,55.099590855));
#4952=CARTESIAN_POINT('Origin',(58.805175815,-14.112534539,59.899588661));
#4953=CARTESIAN_POINT('',(58.805175815,-13.602836868,64.699586468));
#4954=CARTESIAN_POINT('',(58.805175815,-14.622233365,55.099590855));
#4955=CARTESIAN_POINT('Origin',(58.805175815,4.637465684,59.899588661));
#4956=CARTESIAN_POINT('',(58.805175815,5.147163205,64.699586468));
#4957=CARTESIAN_POINT('',(58.805175815,4.127766548,55.099590855));
#4958=CARTESIAN_POINT('Origin',(58.805175815,23.387466057,59.899588661));
#4959=CARTESIAN_POINT('',(58.805175815,23.897163013,64.699586468));
#4960=CARTESIAN_POINT('',(58.805175815,22.877767946,55.099590855));
#4961=CARTESIAN_POINT('Origin',(58.805175815,32.762466057,59.899588661));
#4962=CARTESIAN_POINT('',(58.805175815,30.699854307,64.699586468));
#4963=CARTESIAN_POINT('',(58.805175815,34.825078571,55.099590855));
#4964=CARTESIAN_POINT('Origin',(58.805175815,14.012465759,59.899588661));
#4965=CARTESIAN_POINT('',(58.805175815,11.9498546,64.699586468));
#4966=CARTESIAN_POINT('',(58.805175815,16.075079644,55.099590855));
#4967=CARTESIAN_POINT('Origin',(58.805175815,-4.737534018,59.899588661));
#4968=CARTESIAN_POINT('',(58.805175815,-6.800146141,64.699586468));
#4969=CARTESIAN_POINT('',(58.805175815,-2.674920197,55.099590855));
#4970=CARTESIAN_POINT('Origin',(58.805175815,-23.487535136,59.899588661));
#4971=CARTESIAN_POINT('',(58.805175815,-25.550147241,64.699586468));
#4972=CARTESIAN_POINT('',(58.805175815,-21.424921868,55.099590855));
#4973=CARTESIAN_POINT('Origin',(58.010175024,-0.050063358,64.699586468));
#4974=CARTESIAN_POINT('',(56.105175052,-37.350036518,64.699586468));
#4975=CARTESIAN_POINT('',(57.805174385,-37.350036518,64.699586468));
#4976=CARTESIAN_POINT('',(56.105175052,37.249966247,64.699586468));
#4977=CARTESIAN_POINT('',(56.105175052,37.249966247,64.699586468));
#4978=CARTESIAN_POINT('',(56.105175052,47.299965008,64.699586468));
#4979=CARTESIAN_POINT('',(56.105175052,47.299965008,64.699586468));
#4980=CARTESIAN_POINT('',(54.305176292,47.299965008,64.699586468));
#4981=CARTESIAN_POINT('',(56.105175052,-47.400609867,64.699586468));
#4982=CARTESIAN_POINT('',(56.105175052,-47.400609867,64.699586468));
#4983=CARTESIAN_POINT('',(56.105175052,-37.350036518,64.699586468));
#4984=CARTESIAN_POINT('Origin',(58.110730576,-0.050034407,55.099590855));
#4985=CARTESIAN_POINT('',(57.805174385,37.249966247,55.099590855));
#4986=CARTESIAN_POINT('',(54.305176292,-37.350036518,55.099590855));
#4987=CARTESIAN_POINT('Origin',(57.616286206,37.249966247,59.813028677));
#4988=CARTESIAN_POINT('',(56.105175052,37.249966247,59.120529728));
#4989=CARTESIAN_POINT('',(56.105175052,37.249966247,64.699586468));
#4990=CARTESIAN_POINT('',(56.105175052,37.249966247,59.120529728));
#4991=CARTESIAN_POINT('Origin',(56.205174718,42.274965627,59.120529728));
#4992=CARTESIAN_POINT('',(56.105175052,47.299965008,59.120529728));
#4993=CARTESIAN_POINT('',(56.105175052,37.249966247,59.120529728));
#4994=CARTESIAN_POINT('',(56.105175052,47.299965008,59.120529728));
#4995=CARTESIAN_POINT('Origin',(56.105175052,42.274965627,61.910058098));
#4996=CARTESIAN_POINT('',(56.105175052,47.299965008,64.699586468));
#4997=CARTESIAN_POINT('Origin',(56.205174718,47.299965008,61.910058098));
#4998=CARTESIAN_POINT('Origin',(57.616286206,-37.350036518,59.813028677));
#4999=CARTESIAN_POINT('',(56.105175052,-37.350036518,59.120529728));
#5000=CARTESIAN_POINT('',(54.305176292,-37.350036518,59.120529728));
#5001=CARTESIAN_POINT('',(56.105175052,-37.350036518,59.120529728));
#5002=CARTESIAN_POINT('Origin',(56.205174718,-42.375323193,59.120529728));
#5003=CARTESIAN_POINT('',(56.105175052,-47.400609867,59.120529728));
#5004=CARTESIAN_POINT('',(54.305176292,-47.400609867,59.120529728));
#5005=CARTESIAN_POINT('',(56.105175052,-47.400609867,59.120529728));
#5006=CARTESIAN_POINT('Origin',(56.205174718,-47.400609867,61.910058098));
#5007=CARTESIAN_POINT('',(56.105175052,-47.400609867,64.699586468));
#5008=CARTESIAN_POINT('Origin',(56.105175052,-42.375323193,61.910058098));
#5009=CARTESIAN_POINT('',(0.,0.,0.));
#5010=UNCERTAINTY_MEASURE_WITH_UNIT(LENGTH_MEASURE(0.01),#5016,
'DISTANCE_ACCURACY_VALUE',
'Maximum model space distance between geometric entities at asserted c
onnectivities');
#5011=UNCERTAINTY_MEASURE_WITH_UNIT(LENGTH_MEASURE(0.01),#5016,
'DISTANCE_ACCURACY_VALUE',
'Maximum model space distance between geometric entities at asserted c
onnectivities');
#5012=UNCERTAINTY_MEASURE_WITH_UNIT(LENGTH_MEASURE(0.01),#5016,
'DISTANCE_ACCURACY_VALUE',
'Maximum model space distance between geometric entities at asserted c
onnectivities');
#5013=(
GEOMETRIC_REPRESENTATION_CONTEXT(3)
GLOBAL_UNCERTAINTY_ASSIGNED_CONTEXT((#5010))
GLOBAL_UNIT_ASSIGNED_CONTEXT((#5016,#5018,#5019))
REPRESENTATION_CONTEXT('','3D')
);
#5014=(
GEOMETRIC_REPRESENTATION_CONTEXT(3)
GLOBAL_UNCERTAINTY_ASSIGNED_CONTEXT((#5011))
GLOBAL_UNIT_ASSIGNED_CONTEXT((#5016,#5018,#5019))
REPRESENTATION_CONTEXT('','3D')
);
#5015=(
GEOMETRIC_REPRESENTATION_CONTEXT(3)
GLOBAL_UNCERTAINTY_ASSIGNED_CONTEXT((#5012))
GLOBAL_UNIT_ASSIGNED_CONTEXT((#5016,#5018,#5019))
REPRESENTATION_CONTEXT('','3D')
);
#5016=(
LENGTH_UNIT()
NAMED_UNIT(*)
SI_UNIT(.MILLI.,.METRE.)
);
#5017=(
LENGTH_UNIT()
NAMED_UNIT(*)
SI_UNIT($,.METRE.)
);
#5018=(
NAMED_UNIT(*)
PLANE_ANGLE_UNIT()
SI_UNIT($,.RADIAN.)
);
#5019=(
NAMED_UNIT(*)
SI_UNIT($,.STERADIAN.)
SOLID_ANGLE_UNIT()
);
#5020=SHAPE_DEFINITION_REPRESENTATION(#5022,#5025);
#5021=SHAPE_DEFINITION_REPRESENTATION(#5023,#5026);
#5022=PRODUCT_DEFINITION_SHAPE('',$,#5028);
#5023=PRODUCT_DEFINITION_SHAPE('',$,#5029);
#5024=PRODUCT_DEFINITION_SHAPE($,$,#14);
#5025=SHAPE_REPRESENTATION('',(#3190,#3344),#5013);
#5026=SHAPE_REPRESENTATION('',(#3191),#5014);
#5027=PRODUCT_DEFINITION_CONTEXT('part definition',#5035,'design');
#5028=PRODUCT_DEFINITION('Chassis','Chassis v25',#5030,#5027);
#5029=PRODUCT_DEFINITION('Chassis_1','Chassis',#5031,#5027);
#5030=PRODUCT_DEFINITION_FORMATION('',$,#5037);
#5031=PRODUCT_DEFINITION_FORMATION('',$,#5038);
#5032=PRODUCT_RELATED_PRODUCT_CATEGORY('Chassis v25','Chassis v25',(#5037));
#5033=PRODUCT_RELATED_PRODUCT_CATEGORY('Chassis','Chassis',(#5038));
#5034=APPLICATION_PROTOCOL_DEFINITION('international standard',
'automotive_design',2009,#5035);
#5035=APPLICATION_CONTEXT(
'Core Data for Automotive Mechanical Design Process');
#5036=PRODUCT_CONTEXT('part definition',#5035,'mechanical');
#5037=PRODUCT('Chassis','Chassis v25',$,(#5036));
#5038=PRODUCT('Chassis_1','Chassis',$,(#5036));
#5039=PRESENTATION_STYLE_ASSIGNMENT((#5047));
#5040=PRESENTATION_STYLE_ASSIGNMENT((#5048));
#5041=PRESENTATION_STYLE_ASSIGNMENT((#5049));
#5042=PRESENTATION_STYLE_ASSIGNMENT((#5050));
#5043=PRESENTATION_STYLE_ASSIGNMENT((#5051));
#5044=PRESENTATION_STYLE_ASSIGNMENT((#5052));
#5045=PRESENTATION_STYLE_ASSIGNMENT((#5053));
#5046=PRESENTATION_STYLE_ASSIGNMENT((#5054));
#5047=SURFACE_STYLE_USAGE(.BOTH.,#5055);
#5048=SURFACE_STYLE_USAGE(.BOTH.,#5056);
#5049=SURFACE_STYLE_USAGE(.BOTH.,#5057);
#5050=SURFACE_STYLE_USAGE(.BOTH.,#5058);
#5051=SURFACE_STYLE_USAGE(.BOTH.,#5059);
#5052=SURFACE_STYLE_USAGE(.BOTH.,#5060);
#5053=SURFACE_STYLE_USAGE(.BOTH.,#5061);
#5054=SURFACE_STYLE_USAGE(.BOTH.,#5062);
#5055=SURFACE_SIDE_STYLE('',(#5063));
#5056=SURFACE_SIDE_STYLE('',(#5064));
#5057=SURFACE_SIDE_STYLE('',(#5065));
#5058=SURFACE_SIDE_STYLE('',(#5066));
#5059=SURFACE_SIDE_STYLE('',(#5067));
#5060=SURFACE_SIDE_STYLE('',(#5068));
#5061=SURFACE_SIDE_STYLE('',(#5069));
#5062=SURFACE_SIDE_STYLE('',(#5070));
#5063=SURFACE_STYLE_FILL_AREA(#5071);
#5064=SURFACE_STYLE_FILL_AREA(#5072);
#5065=SURFACE_STYLE_FILL_AREA(#5073);
#5066=SURFACE_STYLE_FILL_AREA(#5074);
#5067=SURFACE_STYLE_FILL_AREA(#5075);
#5068=SURFACE_STYLE_FILL_AREA(#5076);
#5069=SURFACE_STYLE_FILL_AREA(#5077);
#5070=SURFACE_STYLE_FILL_AREA(#5078);
#5071=FILL_AREA_STYLE('Steel - Satin',(#5079));
#5072=FILL_AREA_STYLE('Aluminum - Satin',(#5080));
#5073=FILL_AREA_STYLE('Opaque(50,50,50)',(#5081));
#5074=FILL_AREA_STYLE('Opaque(255,255,255)',(#5082));
#5075=FILL_AREA_STYLE('Opaque(245,245,246)',(#5083));
#5076=FILL_AREA_STYLE('ABS (White) (1)',(#5084));
#5077=FILL_AREA_STYLE('Opaque(250,182,1)',(#5085));
#5078=FILL_AREA_STYLE('ABS (White)',(#5086));
#5079=FILL_AREA_STYLE_COLOUR('Steel - Satin',#5087);
#5080=FILL_AREA_STYLE_COLOUR('Aluminum - Satin',#5088);
#5081=FILL_AREA_STYLE_COLOUR('Opaque(50,50,50)',#5089);
#5082=FILL_AREA_STYLE_COLOUR('Opaque(255,255,255)',#5090);
#5083=FILL_AREA_STYLE_COLOUR('Opaque(245,245,246)',#5091);
#5084=FILL_AREA_STYLE_COLOUR('ABS (White) (1)',#5092);
#5085=FILL_AREA_STYLE_COLOUR('Opaque(250,182,1)',#5093);
#5086=FILL_AREA_STYLE_COLOUR('ABS (White)',#5094);
#5087=COLOUR_RGB('Steel - Satin',0.627450980392157,0.627450980392157,0.627450980392157);
#5088=COLOUR_RGB('Aluminum - Satin',0.96078431372549,0.96078431372549,0.964705882352941);
#5089=COLOUR_RGB('Opaque(50,50,50)',0.196078431372549,0.196078431372549,
0.196078431372549);
#5090=COLOUR_RGB('Opaque(255,255,255)',1.,1.,1.);
#5091=COLOUR_RGB('Opaque(245,245,246)',0.96078431372549,0.96078431372549,
0.964705882352941);
#5092=COLOUR_RGB('ABS (White) (1)',0.905882352941176,0.262745098039216,
0.184313725490196);
#5093=COLOUR_RGB('Opaque(250,182,1)',0.980392156862745,0.713725490196078,
0.00392156862745098);
#5094=COLOUR_RGB('ABS (White)',0.964705882352941,0.964705882352941,0.952941176470588);
ENDSEC;
END-ISO-10303-21;
