ISO-10303-21;
HEADER;
/* Generated by software containing ST-Developer
 * from STEP Tools, Inc. (www.steptools.com) 
 */

FILE_DESCRIPTION(
/* description */ (''),
/* implementation_level */ '2;1');

FILE_NAME(
/* name */ 'MountSpacer.step',
/* time_stamp */ '2026-08-13T12:56:05-04:00',
/* author */ (''),
/* organization */ (''),
/* preprocessor_version */ 'ST-DEVELOPER v20.1',
/* originating_system */ 'Autodesk Translation Framework v15.8.0.0',
/* authorisation */ '');

FILE_SCHEMA (('AUTOMOTIVE_DESIGN { 1 0 10303 214 3 1 1 }'));
ENDSEC;

DATA;
#10=MECHANICAL_DESIGN_GEOMETRIC_PRESENTATION_REPRESENTATION('',(#17),#4725);
#11=ITEM_DEFINED_TRANSFORMATION($,$,#2737,#3046);
#12=(
REPRESENTATION_RELATIONSHIP($,$,#4736,#4735)
REPRESENTATION_RELATIONSHIP_WITH_TRANSFORMATION(#11)
SHAPE_REPRESENTATION_RELATIONSHIP()
);
#13=CONTEXT_DEPENDENT_SHAPE_REPRESENTATION(#12,#4734);
#14=NEXT_ASSEMBLY_USAGE_OCCURRENCE('Chassis:1','Chassis:1','Chassis:1',
#4738,#4739,'Chassis:1');
#15=SHAPE_REPRESENTATION_RELATIONSHIP('SRR','None',#4736,#16);
#16=ADVANCED_BREP_SHAPE_REPRESENTATION('',(#18),#4724);
#17=STYLED_ITEM('',(#4756),#18);
#18=MANIFOLD_SOLID_BREP('MountSpacer (1)',#2723);
#19=ELLIPSE('',#2965,3.19783365755401,3.10001076459205);
#20=ELLIPSE('',#3037,3.19783365755401,3.10001076459205);
#21=CONICAL_SURFACE('',#2959,2.79999999999991,0.785398163397478);
#22=CONICAL_SURFACE('',#3045,2.79999999999991,0.785398163397478);
#23=(
BOUNDED_CURVE()
B_SPLINE_CURVE(2,(#4449,#4450,#4451),.UNSPECIFIED.,.F.,.F.)
B_SPLINE_CURVE_WITH_KNOTS((3,3),(0.0750855830630318,0.158792950995606),
 .UNSPECIFIED.)
CURVE()
GEOMETRIC_REPRESENTATION_ITEM()
RATIONAL_B_SPLINE_CURVE((1.06948516602315,1.10276430409916,1.12388559387331))
REPRESENTATION_ITEM('')
);
#24=(
BOUNDED_CURVE()
B_SPLINE_CURVE(2,(#4452,#4453,#4454),.UNSPECIFIED.,.F.,.F.)
B_SPLINE_CURVE_WITH_KNOTS((3,3),(0.158792950995606,0.533342502584406),
 .UNSPECIFIED.)
CURVE()
GEOMETRIC_REPRESENTATION_ITEM()
RATIONAL_B_SPLINE_CURVE((1.12388559387331,1.2183930405805,1.06948516602316))
REPRESENTATION_ITEM('')
);
#25=(
BOUNDED_CURVE()
B_SPLINE_CURVE(2,(#4494,#4495,#4496),.UNSPECIFIED.,.F.,.F.)
B_SPLINE_CURVE_WITH_KNOTS((3,3),(0.357224805985598,0.828693131298318),
 .UNSPECIFIED.)
CURVE()
GEOMETRIC_REPRESENTATION_ITEM()
RATIONAL_B_SPLINE_CURVE((1.3364793793167,1.4488638198729,1.27178858655245))
REPRESENTATION_ITEM('')
);
#26=(
BOUNDED_CURVE()
B_SPLINE_CURVE(2,(#4498,#4499,#4500),.UNSPECIFIED.,.F.,.F.)
B_SPLINE_CURVE_WITH_KNOTS((3,3),(0.251857245384575,0.357224805985598),
 .UNSPECIFIED.)
CURVE()
GEOMETRIC_REPRESENTATION_ITEM()
RATIONAL_B_SPLINE_CURVE((1.27178858654976,1.31136279413982,1.3364793793167))
REPRESENTATION_ITEM('')
);
#27=FACE_BOUND('',#510,.T.);
#28=FACE_BOUND('',#511,.T.);
#29=FACE_BOUND('',#512,.T.);
#30=FACE_BOUND('',#513,.T.);
#31=FACE_BOUND('',#514,.T.);
#32=FACE_BOUND('',#518,.T.);
#33=FACE_BOUND('',#529,.T.);
#34=FACE_BOUND('',#554,.T.);
#35=FACE_BOUND('',#557,.T.);
#36=FACE_BOUND('',#560,.T.);
#37=FACE_BOUND('',#563,.T.);
#38=FACE_BOUND('',#578,.T.);
#39=FACE_BOUND('',#579,.T.);
#40=FACE_BOUND('',#580,.T.);
#41=FACE_BOUND('',#581,.T.);
#42=FACE_BOUND('',#582,.T.);
#43=CIRCLE('',#2740,41.200000000001);
#44=CIRCLE('',#2741,41.200000000001);
#45=CIRCLE('',#2743,1.79999999999533);
#46=CIRCLE('',#2744,1.79999999999533);
#47=CIRCLE('',#2746,3.2000000000071);
#48=CIRCLE('',#2747,3.2000000000071);
#49=CIRCLE('',#2749,1.80000000000004);
#50=CIRCLE('',#2750,1.80000000000004);
#51=CIRCLE('',#2752,41.200000000003);
#52=CIRCLE('',#2753,41.200000000003);
#53=CIRCLE('',#2755,1.80000000000474);
#54=CIRCLE('',#2756,1.80000000000474);
#55=CIRCLE('',#2758,3.2000000000024);
#56=CIRCLE('',#2759,3.2000000000024);
#57=CIRCLE('',#2761,1.80000000000001);
#58=CIRCLE('',#2762,1.80000000000001);
#59=CIRCLE('',#2764,41.200000000001);
#60=CIRCLE('',#2765,41.200000000001);
#61=CIRCLE('',#2767,1.7999999999953);
#62=CIRCLE('',#2768,1.7999999999953);
#63=CIRCLE('',#2770,3.2000000000071);
#64=CIRCLE('',#2771,3.2000000000071);
#65=CIRCLE('',#2773,1.79999999999995);
#66=CIRCLE('',#2774,1.79999999999995);
#67=CIRCLE('',#2776,41.2000000000027);
#68=CIRCLE('',#2777,41.2000000000027);
#69=CIRCLE('',#2782,41.2000000000026);
#70=CIRCLE('',#2783,41.2000000000026);
#71=CIRCLE('',#2785,1.80000000000462);
#72=CIRCLE('',#2786,1.80000000000462);
#73=CIRCLE('',#2788,3.2000000000024);
#74=CIRCLE('',#2789,3.2000000000024);
#75=CIRCLE('',#2791,1.80000000000003);
#76=CIRCLE('',#2792,1.80000000000003);
#77=CIRCLE('',#2794,41.2000000000004);
#78=CIRCLE('',#2795,41.2000000000004);
#79=CIRCLE('',#2797,1.7999999999953);
#80=CIRCLE('',#2798,1.7999999999953);
#81=CIRCLE('',#2800,3.20000000000711);
#82=CIRCLE('',#2801,3.20000000000711);
#83=CIRCLE('',#2803,1.79999999999932);
#84=CIRCLE('',#2804,1.79999999999932);
#85=CIRCLE('',#2806,41.200000000003);
#86=CIRCLE('',#2807,41.200000000003);
#87=CIRCLE('',#2809,0.800000000000018);
#88=CIRCLE('',#2810,0.800000000000018);
#89=CIRCLE('',#2813,1.20000000000283);
#90=CIRCLE('',#2814,1.20000000000283);
#91=CIRCLE('',#2816,43.6999999999968);
#92=CIRCLE('',#2817,43.6999999999968);
#93=CIRCLE('',#2819,1.20000000000001);
#94=CIRCLE('',#2820,1.20000000000001);
#95=CIRCLE('',#2823,0.800000000000625);
#96=CIRCLE('',#2824,0.800000000000625);
#97=CIRCLE('',#2826,41.2000000000023);
#98=CIRCLE('',#2827,41.2000000000023);
#99=CIRCLE('',#2829,1.80000000000466);
#100=CIRCLE('',#2830,1.80000000000466);
#101=CIRCLE('',#2832,3.20000000000241);
#102=CIRCLE('',#2833,3.20000000000241);
#103=CIRCLE('',#2835,1.79999999999997);
#104=CIRCLE('',#2836,1.79999999999997);
#105=CIRCLE('',#2838,41.2000000000004);
#106=CIRCLE('',#2839,41.2000000000004);
#107=CIRCLE('',#2843,41.2000000000004);
#108=CIRCLE('',#2844,41.2000000000004);
#109=CIRCLE('',#2846,1.79999999999526);
#110=CIRCLE('',#2847,1.79999999999526);
#111=CIRCLE('',#2849,3.20000000000711);
#112=CIRCLE('',#2850,3.20000000000711);
#113=CIRCLE('',#2852,1.79999999999933);
#114=CIRCLE('',#2853,1.79999999999933);
#115=CIRCLE('',#2855,41.2000000000035);
#116=CIRCLE('',#2856,41.2000000000035);
#117=CIRCLE('',#2858,0.800000000000018);
#118=CIRCLE('',#2859,0.800000000000018);
#119=CIRCLE('',#2862,1.20000000000283);
#120=CIRCLE('',#2863,1.20000000000283);
#121=CIRCLE('',#2865,43.6999999999975);
#122=CIRCLE('',#2866,43.6999999999975);
#123=CIRCLE('',#2868,1.20000000000001);
#124=CIRCLE('',#2869,1.20000000000001);
#125=CIRCLE('',#2872,0.80000000000066);
#126=CIRCLE('',#2873,0.80000000000066);
#127=CIRCLE('',#2875,41.2000000000031);
#128=CIRCLE('',#2876,41.2000000000031);
#129=CIRCLE('',#2878,1.80000000000471);
#130=CIRCLE('',#2879,1.80000000000471);
#131=CIRCLE('',#2881,3.20000000000242);
#132=CIRCLE('',#2882,3.20000000000242);
#133=CIRCLE('',#2884,1.79999999999989);
#134=CIRCLE('',#2885,1.79999999999989);
#135=CIRCLE('',#2887,41.2000000000013);
#136=CIRCLE('',#2888,41.2000000000013);
#137=CIRCLE('',#2890,1.7999999999953);
#138=CIRCLE('',#2891,1.7999999999953);
#139=CIRCLE('',#2893,3.20000000000708);
#140=CIRCLE('',#2894,3.20000000000708);
#141=CIRCLE('',#2896,1.80000000000005);
#142=CIRCLE('',#2897,1.80000000000005);
#143=CIRCLE('',#2899,41.2000000000034);
#144=CIRCLE('',#2900,41.2000000000034);
#145=CIRCLE('',#2905,41.2000000000032);
#146=CIRCLE('',#2906,41.2000000000032);
#147=CIRCLE('',#2908,1.80000000000476);
#148=CIRCLE('',#2909,1.80000000000476);
#149=CIRCLE('',#2911,3.2000000000024);
#150=CIRCLE('',#2912,3.2000000000024);
#151=CIRCLE('',#2914,1.80000000000002);
#152=CIRCLE('',#2915,1.80000000000002);
#153=CIRCLE('',#2917,41.200000000001);
#154=CIRCLE('',#2918,41.200000000001);
#155=CIRCLE('',#2920,1.7999999999953);
#156=CIRCLE('',#2921,1.7999999999953);
#157=CIRCLE('',#2923,3.20000000000711);
#158=CIRCLE('',#2924,3.20000000000711);
#159=CIRCLE('',#2926,1.8);
#160=CIRCLE('',#2927,1.8);
#161=CIRCLE('',#2929,41.2000000000025);
#162=CIRCLE('',#2930,41.2000000000025);
#163=CIRCLE('',#2932,1.8000000000047);
#164=CIRCLE('',#2933,1.8000000000047);
#165=CIRCLE('',#2935,3.20000000000241);
#166=CIRCLE('',#2936,3.20000000000241);
#167=CIRCLE('',#2938,1.79999999999998);
#168=CIRCLE('',#2939,1.79999999999998);
#169=CIRCLE('',#2941,41.2);
#170=CIRCLE('',#2942,41.2);
#171=CIRCLE('',#2946,47.);
#172=CIRCLE('',#2947,47.);
#173=CIRCLE('',#2948,47.5);
#174=CIRCLE('',#2949,47.5);
#175=CIRCLE('',#2950,5.);
#176=CIRCLE('',#2951,4.);
#177=CIRCLE('',#2952,4.);
#178=CIRCLE('',#2953,4.);
#179=CIRCLE('',#2954,4.);
#180=CIRCLE('',#2958,3.1000107645921);
#181=CIRCLE('',#2960,2.79999999999991);
#182=CIRCLE('',#2961,3.7999999999998);
#183=CIRCLE('',#2972,3.1000107645921);
#184=CIRCLE('',#2974,3.7999999999998);
#185=CIRCLE('',#2985,2.79999999999991);
#186=CIRCLE('',#2991,47.5);
#187=CIRCLE('',#2996,47.5);
#188=CIRCLE('',#3000,4.);
#189=CIRCLE('',#3002,2.09999999999999);
#190=CIRCLE('',#3004,4.);
#191=CIRCLE('',#3006,2.09999999999999);
#192=CIRCLE('',#3008,4.);
#193=CIRCLE('',#3010,2.1);
#194=CIRCLE('',#3012,4.);
#195=CIRCLE('',#3014,2.1);
#196=CIRCLE('',#3016,2.1);
#197=CIRCLE('',#3018,2.09999999999999);
#198=CIRCLE('',#3020,2.1);
#199=CIRCLE('',#3022,2.09999999999999);
#200=CIRCLE('',#3024,5.);
#201=CIRCLE('',#3027,47.);
#202=CIRCLE('',#3033,47.);
#203=CIRCLE('',#3042,2.79999999999991);
#204=CIRCLE('',#3044,2.79999999999991);
#205=CYLINDRICAL_SURFACE('',#2739,41.200000000001);
#206=CYLINDRICAL_SURFACE('',#2742,1.79999999999533);
#207=CYLINDRICAL_SURFACE('',#2745,3.2000000000071);
#208=CYLINDRICAL_SURFACE('',#2748,1.80000000000004);
#209=CYLINDRICAL_SURFACE('',#2751,41.200000000003);
#210=CYLINDRICAL_SURFACE('',#2754,1.80000000000474);
#211=CYLINDRICAL_SURFACE('',#2757,3.2000000000024);
#212=CYLINDRICAL_SURFACE('',#2760,1.80000000000001);
#213=CYLINDRICAL_SURFACE('',#2763,41.200000000001);
#214=CYLINDRICAL_SURFACE('',#2766,1.7999999999953);
#215=CYLINDRICAL_SURFACE('',#2769,3.2000000000071);
#216=CYLINDRICAL_SURFACE('',#2772,1.79999999999995);
#217=CYLINDRICAL_SURFACE('',#2775,41.2000000000027);
#218=CYLINDRICAL_SURFACE('',#2781,41.2000000000026);
#219=CYLINDRICAL_SURFACE('',#2784,1.80000000000462);
#220=CYLINDRICAL_SURFACE('',#2787,3.2000000000024);
#221=CYLINDRICAL_SURFACE('',#2790,1.80000000000003);
#222=CYLINDRICAL_SURFACE('',#2793,41.2000000000004);
#223=CYLINDRICAL_SURFACE('',#2796,1.7999999999953);
#224=CYLINDRICAL_SURFACE('',#2799,3.20000000000711);
#225=CYLINDRICAL_SURFACE('',#2802,1.79999999999932);
#226=CYLINDRICAL_SURFACE('',#2805,41.200000000003);
#227=CYLINDRICAL_SURFACE('',#2808,0.800000000000018);
#228=CYLINDRICAL_SURFACE('',#2812,1.20000000000283);
#229=CYLINDRICAL_SURFACE('',#2815,43.6999999999968);
#230=CYLINDRICAL_SURFACE('',#2818,1.20000000000001);
#231=CYLINDRICAL_SURFACE('',#2822,0.800000000000625);
#232=CYLINDRICAL_SURFACE('',#2825,41.2000000000023);
#233=CYLINDRICAL_SURFACE('',#2828,1.80000000000466);
#234=CYLINDRICAL_SURFACE('',#2831,3.20000000000241);
#235=CYLINDRICAL_SURFACE('',#2834,1.79999999999997);
#236=CYLINDRICAL_SURFACE('',#2837,41.2000000000004);
#237=CYLINDRICAL_SURFACE('',#2842,41.2000000000004);
#238=CYLINDRICAL_SURFACE('',#2845,1.79999999999526);
#239=CYLINDRICAL_SURFACE('',#2848,3.20000000000711);
#240=CYLINDRICAL_SURFACE('',#2851,1.79999999999933);
#241=CYLINDRICAL_SURFACE('',#2854,41.2000000000035);
#242=CYLINDRICAL_SURFACE('',#2857,0.800000000000018);
#243=CYLINDRICAL_SURFACE('',#2861,1.20000000000283);
#244=CYLINDRICAL_SURFACE('',#2864,43.6999999999975);
#245=CYLINDRICAL_SURFACE('',#2867,1.20000000000001);
#246=CYLINDRICAL_SURFACE('',#2871,0.80000000000066);
#247=CYLINDRICAL_SURFACE('',#2874,41.2000000000031);
#248=CYLINDRICAL_SURFACE('',#2877,1.80000000000471);
#249=CYLINDRICAL_SURFACE('',#2880,3.20000000000242);
#250=CYLINDRICAL_SURFACE('',#2883,1.79999999999989);
#251=CYLINDRICAL_SURFACE('',#2886,41.2000000000013);
#252=CYLINDRICAL_SURFACE('',#2889,1.7999999999953);
#253=CYLINDRICAL_SURFACE('',#2892,3.20000000000708);
#254=CYLINDRICAL_SURFACE('',#2895,1.80000000000005);
#255=CYLINDRICAL_SURFACE('',#2898,41.2000000000034);
#256=CYLINDRICAL_SURFACE('',#2904,41.2000000000032);
#257=CYLINDRICAL_SURFACE('',#2907,1.80000000000476);
#258=CYLINDRICAL_SURFACE('',#2910,3.2000000000024);
#259=CYLINDRICAL_SURFACE('',#2913,1.80000000000002);
#260=CYLINDRICAL_SURFACE('',#2916,41.200000000001);
#261=CYLINDRICAL_SURFACE('',#2919,1.7999999999953);
#262=CYLINDRICAL_SURFACE('',#2922,3.20000000000711);
#263=CYLINDRICAL_SURFACE('',#2925,1.8);
#264=CYLINDRICAL_SURFACE('',#2928,41.2000000000025);
#265=CYLINDRICAL_SURFACE('',#2931,1.8000000000047);
#266=CYLINDRICAL_SURFACE('',#2934,3.20000000000241);
#267=CYLINDRICAL_SURFACE('',#2937,1.79999999999998);
#268=CYLINDRICAL_SURFACE('',#2940,41.2);
#269=CYLINDRICAL_SURFACE('',#2964,3.10001076459205);
#270=CYLINDRICAL_SURFACE('',#2986,2.79999999999992);
#271=CYLINDRICAL_SURFACE('',#2990,47.5);
#272=CYLINDRICAL_SURFACE('',#2995,47.5);
#273=CYLINDRICAL_SURFACE('',#2999,4.);
#274=CYLINDRICAL_SURFACE('',#3003,4.);
#275=CYLINDRICAL_SURFACE('',#3007,4.);
#276=CYLINDRICAL_SURFACE('',#3011,4.);
#277=CYLINDRICAL_SURFACE('',#3015,2.1);
#278=CYLINDRICAL_SURFACE('',#3017,2.09999999999999);
#279=CYLINDRICAL_SURFACE('',#3019,2.1);
#280=CYLINDRICAL_SURFACE('',#3021,2.09999999999999);
#281=CYLINDRICAL_SURFACE('',#3023,5.);
#282=CYLINDRICAL_SURFACE('',#3026,47.);
#283=CYLINDRICAL_SURFACE('',#3032,47.);
#284=CYLINDRICAL_SURFACE('',#3038,3.10001076459205);
#285=CYLINDRICAL_SURFACE('',#3043,2.79999999999992);
#286=FACE_OUTER_BOUND('',#430,.T.);
#287=FACE_OUTER_BOUND('',#431,.T.);
#288=FACE_OUTER_BOUND('',#432,.T.);
#289=FACE_OUTER_BOUND('',#433,.T.);
#290=FACE_OUTER_BOUND('',#434,.T.);
#291=FACE_OUTER_BOUND('',#435,.T.);
#292=FACE_OUTER_BOUND('',#436,.T.);
#293=FACE_OUTER_BOUND('',#437,.T.);
#294=FACE_OUTER_BOUND('',#438,.T.);
#295=FACE_OUTER_BOUND('',#439,.T.);
#296=FACE_OUTER_BOUND('',#440,.T.);
#297=FACE_OUTER_BOUND('',#441,.T.);
#298=FACE_OUTER_BOUND('',#442,.T.);
#299=FACE_OUTER_BOUND('',#443,.T.);
#300=FACE_OUTER_BOUND('',#444,.T.);
#301=FACE_OUTER_BOUND('',#445,.T.);
#302=FACE_OUTER_BOUND('',#446,.T.);
#303=FACE_OUTER_BOUND('',#447,.T.);
#304=FACE_OUTER_BOUND('',#448,.T.);
#305=FACE_OUTER_BOUND('',#449,.T.);
#306=FACE_OUTER_BOUND('',#450,.T.);
#307=FACE_OUTER_BOUND('',#451,.T.);
#308=FACE_OUTER_BOUND('',#452,.T.);
#309=FACE_OUTER_BOUND('',#453,.T.);
#310=FACE_OUTER_BOUND('',#454,.T.);
#311=FACE_OUTER_BOUND('',#455,.T.);
#312=FACE_OUTER_BOUND('',#456,.T.);
#313=FACE_OUTER_BOUND('',#457,.T.);
#314=FACE_OUTER_BOUND('',#458,.T.);
#315=FACE_OUTER_BOUND('',#459,.T.);
#316=FACE_OUTER_BOUND('',#460,.T.);
#317=FACE_OUTER_BOUND('',#461,.T.);
#318=FACE_OUTER_BOUND('',#462,.T.);
#319=FACE_OUTER_BOUND('',#463,.T.);
#320=FACE_OUTER_BOUND('',#464,.T.);
#321=FACE_OUTER_BOUND('',#465,.T.);
#322=FACE_OUTER_BOUND('',#466,.T.);
#323=FACE_OUTER_BOUND('',#467,.T.);
#324=FACE_OUTER_BOUND('',#468,.T.);
#325=FACE_OUTER_BOUND('',#469,.T.);
#326=FACE_OUTER_BOUND('',#470,.T.);
#327=FACE_OUTER_BOUND('',#471,.T.);
#328=FACE_OUTER_BOUND('',#472,.T.);
#329=FACE_OUTER_BOUND('',#473,.T.);
#330=FACE_OUTER_BOUND('',#474,.T.);
#331=FACE_OUTER_BOUND('',#475,.T.);
#332=FACE_OUTER_BOUND('',#476,.T.);
#333=FACE_OUTER_BOUND('',#477,.T.);
#334=FACE_OUTER_BOUND('',#478,.T.);
#335=FACE_OUTER_BOUND('',#479,.T.);
#336=FACE_OUTER_BOUND('',#480,.T.);
#337=FACE_OUTER_BOUND('',#481,.T.);
#338=FACE_OUTER_BOUND('',#482,.T.);
#339=FACE_OUTER_BOUND('',#483,.T.);
#340=FACE_OUTER_BOUND('',#484,.T.);
#341=FACE_OUTER_BOUND('',#485,.T.);
#342=FACE_OUTER_BOUND('',#486,.T.);
#343=FACE_OUTER_BOUND('',#487,.T.);
#344=FACE_OUTER_BOUND('',#488,.T.);
#345=FACE_OUTER_BOUND('',#489,.T.);
#346=FACE_OUTER_BOUND('',#490,.T.);
#347=FACE_OUTER_BOUND('',#491,.T.);
#348=FACE_OUTER_BOUND('',#492,.T.);
#349=FACE_OUTER_BOUND('',#493,.T.);
#350=FACE_OUTER_BOUND('',#494,.T.);
#351=FACE_OUTER_BOUND('',#495,.T.);
#352=FACE_OUTER_BOUND('',#496,.T.);
#353=FACE_OUTER_BOUND('',#497,.T.);
#354=FACE_OUTER_BOUND('',#498,.T.);
#355=FACE_OUTER_BOUND('',#499,.T.);
#356=FACE_OUTER_BOUND('',#500,.T.);
#357=FACE_OUTER_BOUND('',#501,.T.);
#358=FACE_OUTER_BOUND('',#502,.T.);
#359=FACE_OUTER_BOUND('',#503,.T.);
#360=FACE_OUTER_BOUND('',#504,.T.);
#361=FACE_OUTER_BOUND('',#505,.T.);
#362=FACE_OUTER_BOUND('',#506,.T.);
#363=FACE_OUTER_BOUND('',#507,.T.);
#364=FACE_OUTER_BOUND('',#508,.T.);
#365=FACE_OUTER_BOUND('',#509,.T.);
#366=FACE_OUTER_BOUND('',#515,.T.);
#367=FACE_OUTER_BOUND('',#516,.T.);
#368=FACE_OUTER_BOUND('',#517,.T.);
#369=FACE_OUTER_BOUND('',#519,.T.);
#370=FACE_OUTER_BOUND('',#520,.T.);
#371=FACE_OUTER_BOUND('',#521,.T.);
#372=FACE_OUTER_BOUND('',#522,.T.);
#373=FACE_OUTER_BOUND('',#523,.T.);
#374=FACE_OUTER_BOUND('',#524,.T.);
#375=FACE_OUTER_BOUND('',#525,.T.);
#376=FACE_OUTER_BOUND('',#526,.T.);
#377=FACE_OUTER_BOUND('',#527,.T.);
#378=FACE_OUTER_BOUND('',#528,.T.);
#379=FACE_OUTER_BOUND('',#530,.T.);
#380=FACE_OUTER_BOUND('',#531,.T.);
#381=FACE_OUTER_BOUND('',#532,.T.);
#382=FACE_OUTER_BOUND('',#533,.T.);
#383=FACE_OUTER_BOUND('',#534,.T.);
#384=FACE_OUTER_BOUND('',#535,.T.);
#385=FACE_OUTER_BOUND('',#536,.T.);
#386=FACE_OUTER_BOUND('',#537,.T.);
#387=FACE_OUTER_BOUND('',#538,.T.);
#388=FACE_OUTER_BOUND('',#539,.T.);
#389=FACE_OUTER_BOUND('',#540,.T.);
#390=FACE_OUTER_BOUND('',#541,.T.);
#391=FACE_OUTER_BOUND('',#542,.T.);
#392=FACE_OUTER_BOUND('',#543,.T.);
#393=FACE_OUTER_BOUND('',#544,.T.);
#394=FACE_OUTER_BOUND('',#545,.T.);
#395=FACE_OUTER_BOUND('',#546,.T.);
#396=FACE_OUTER_BOUND('',#547,.T.);
#397=FACE_OUTER_BOUND('',#548,.T.);
#398=FACE_OUTER_BOUND('',#549,.T.);
#399=FACE_OUTER_BOUND('',#550,.T.);
#400=FACE_OUTER_BOUND('',#551,.T.);
#401=FACE_OUTER_BOUND('',#552,.T.);
#402=FACE_OUTER_BOUND('',#553,.T.);
#403=FACE_OUTER_BOUND('',#555,.T.);
#404=FACE_OUTER_BOUND('',#556,.T.);
#405=FACE_OUTER_BOUND('',#558,.T.);
#406=FACE_OUTER_BOUND('',#559,.T.);
#407=FACE_OUTER_BOUND('',#561,.T.);
#408=FACE_OUTER_BOUND('',#562,.T.);
#409=FACE_OUTER_BOUND('',#564,.T.);
#410=FACE_OUTER_BOUND('',#565,.T.);
#411=FACE_OUTER_BOUND('',#566,.T.);
#412=FACE_OUTER_BOUND('',#567,.T.);
#413=FACE_OUTER_BOUND('',#568,.T.);
#414=FACE_OUTER_BOUND('',#569,.T.);
#415=FACE_OUTER_BOUND('',#570,.T.);
#416=FACE_OUTER_BOUND('',#571,.T.);
#417=FACE_OUTER_BOUND('',#572,.T.);
#418=FACE_OUTER_BOUND('',#573,.T.);
#419=FACE_OUTER_BOUND('',#574,.T.);
#420=FACE_OUTER_BOUND('',#575,.T.);
#421=FACE_OUTER_BOUND('',#576,.T.);
#422=FACE_OUTER_BOUND('',#577,.T.);
#423=FACE_OUTER_BOUND('',#583,.T.);
#424=FACE_OUTER_BOUND('',#584,.T.);
#425=FACE_OUTER_BOUND('',#585,.T.);
#426=FACE_OUTER_BOUND('',#586,.T.);
#427=FACE_OUTER_BOUND('',#587,.T.);
#428=FACE_OUTER_BOUND('',#588,.T.);
#429=FACE_OUTER_BOUND('',#589,.T.);
#430=EDGE_LOOP('',(#1718,#1719,#1720,#1721));
#431=EDGE_LOOP('',(#1722,#1723,#1724,#1725));
#432=EDGE_LOOP('',(#1726,#1727,#1728,#1729));
#433=EDGE_LOOP('',(#1730,#1731,#1732,#1733));
#434=EDGE_LOOP('',(#1734,#1735,#1736,#1737));
#435=EDGE_LOOP('',(#1738,#1739,#1740,#1741));
#436=EDGE_LOOP('',(#1742,#1743,#1744,#1745));
#437=EDGE_LOOP('',(#1746,#1747,#1748,#1749));
#438=EDGE_LOOP('',(#1750,#1751,#1752,#1753));
#439=EDGE_LOOP('',(#1754,#1755,#1756,#1757));
#440=EDGE_LOOP('',(#1758,#1759,#1760,#1761));
#441=EDGE_LOOP('',(#1762,#1763,#1764,#1765));
#442=EDGE_LOOP('',(#1766,#1767,#1768,#1769));
#443=EDGE_LOOP('',(#1770,#1771,#1772,#1773));
#444=EDGE_LOOP('',(#1774,#1775,#1776,#1777));
#445=EDGE_LOOP('',(#1778,#1779,#1780,#1781));
#446=EDGE_LOOP('',(#1782,#1783,#1784,#1785));
#447=EDGE_LOOP('',(#1786,#1787,#1788,#1789));
#448=EDGE_LOOP('',(#1790,#1791,#1792,#1793));
#449=EDGE_LOOP('',(#1794,#1795,#1796,#1797));
#450=EDGE_LOOP('',(#1798,#1799,#1800,#1801));
#451=EDGE_LOOP('',(#1802,#1803,#1804,#1805));
#452=EDGE_LOOP('',(#1806,#1807,#1808,#1809));
#453=EDGE_LOOP('',(#1810,#1811,#1812,#1813));
#454=EDGE_LOOP('',(#1814,#1815,#1816,#1817));
#455=EDGE_LOOP('',(#1818,#1819,#1820,#1821));
#456=EDGE_LOOP('',(#1822,#1823,#1824,#1825));
#457=EDGE_LOOP('',(#1826,#1827,#1828,#1829));
#458=EDGE_LOOP('',(#1830,#1831,#1832,#1833));
#459=EDGE_LOOP('',(#1834,#1835,#1836,#1837));
#460=EDGE_LOOP('',(#1838,#1839,#1840,#1841));
#461=EDGE_LOOP('',(#1842,#1843,#1844,#1845));
#462=EDGE_LOOP('',(#1846,#1847,#1848,#1849));
#463=EDGE_LOOP('',(#1850,#1851,#1852,#1853));
#464=EDGE_LOOP('',(#1854,#1855,#1856,#1857));
#465=EDGE_LOOP('',(#1858,#1859,#1860,#1861));
#466=EDGE_LOOP('',(#1862,#1863,#1864,#1865));
#467=EDGE_LOOP('',(#1866,#1867,#1868,#1869));
#468=EDGE_LOOP('',(#1870,#1871,#1872,#1873));
#469=EDGE_LOOP('',(#1874,#1875,#1876,#1877));
#470=EDGE_LOOP('',(#1878,#1879,#1880,#1881));
#471=EDGE_LOOP('',(#1882,#1883,#1884,#1885));
#472=EDGE_LOOP('',(#1886,#1887,#1888,#1889));
#473=EDGE_LOOP('',(#1890,#1891,#1892,#1893));
#474=EDGE_LOOP('',(#1894,#1895,#1896,#1897));
#475=EDGE_LOOP('',(#1898,#1899,#1900,#1901));
#476=EDGE_LOOP('',(#1902,#1903,#1904,#1905));
#477=EDGE_LOOP('',(#1906,#1907,#1908,#1909));
#478=EDGE_LOOP('',(#1910,#1911,#1912,#1913));
#479=EDGE_LOOP('',(#1914,#1915,#1916,#1917));
#480=EDGE_LOOP('',(#1918,#1919,#1920,#1921));
#481=EDGE_LOOP('',(#1922,#1923,#1924,#1925));
#482=EDGE_LOOP('',(#1926,#1927,#1928,#1929));
#483=EDGE_LOOP('',(#1930,#1931,#1932,#1933));
#484=EDGE_LOOP('',(#1934,#1935,#1936,#1937));
#485=EDGE_LOOP('',(#1938,#1939,#1940,#1941));
#486=EDGE_LOOP('',(#1942,#1943,#1944,#1945));
#487=EDGE_LOOP('',(#1946,#1947,#1948,#1949));
#488=EDGE_LOOP('',(#1950,#1951,#1952,#1953));
#489=EDGE_LOOP('',(#1954,#1955,#1956,#1957));
#490=EDGE_LOOP('',(#1958,#1959,#1960,#1961));
#491=EDGE_LOOP('',(#1962,#1963,#1964,#1965));
#492=EDGE_LOOP('',(#1966,#1967,#1968,#1969));
#493=EDGE_LOOP('',(#1970,#1971,#1972,#1973));
#494=EDGE_LOOP('',(#1974,#1975,#1976,#1977));
#495=EDGE_LOOP('',(#1978,#1979,#1980,#1981));
#496=EDGE_LOOP('',(#1982,#1983,#1984,#1985));
#497=EDGE_LOOP('',(#1986,#1987,#1988,#1989));
#498=EDGE_LOOP('',(#1990,#1991,#1992,#1993));
#499=EDGE_LOOP('',(#1994,#1995,#1996,#1997));
#500=EDGE_LOOP('',(#1998,#1999,#2000,#2001));
#501=EDGE_LOOP('',(#2002,#2003,#2004,#2005));
#502=EDGE_LOOP('',(#2006,#2007,#2008,#2009));
#503=EDGE_LOOP('',(#2010,#2011,#2012,#2013));
#504=EDGE_LOOP('',(#2014,#2015,#2016,#2017));
#505=EDGE_LOOP('',(#2018,#2019,#2020,#2021));
#506=EDGE_LOOP('',(#2022,#2023,#2024,#2025));
#507=EDGE_LOOP('',(#2026,#2027,#2028,#2029));
#508=EDGE_LOOP('',(#2030,#2031,#2032,#2033));
#509=EDGE_LOOP('',(#2034,#2035,#2036,#2037,#2038,#2039,#2040,#2041,#2042,
#2043,#2044,#2045,#2046,#2047,#2048,#2049,#2050,#2051,#2052,#2053,#2054,
#2055,#2056,#2057,#2058,#2059,#2060,#2061,#2062,#2063,#2064,#2065,#2066,
#2067,#2068,#2069,#2070,#2071,#2072,#2073,#2074,#2075,#2076,#2077,#2078,
#2079,#2080,#2081,#2082,#2083,#2084,#2085,#2086,#2087,#2088,#2089,#2090,
#2091,#2092,#2093,#2094,#2095,#2096,#2097,#2098,#2099,#2100,#2101,#2102,
#2103,#2104,#2105,#2106,#2107,#2108,#2109,#2110,#2111,#2112,#2113,#2114,
#2115,#2116,#2117,#2118,#2119,#2120,#2121,#2122,#2123,#2124,#2125,#2126,
#2127,#2128,#2129,#2130,#2131,#2132));
#510=EDGE_LOOP('',(#2133));
#511=EDGE_LOOP('',(#2134));
#512=EDGE_LOOP('',(#2135));
#513=EDGE_LOOP('',(#2136));
#514=EDGE_LOOP('',(#2137));
#515=EDGE_LOOP('',(#2138,#2139,#2140,#2141));
#516=EDGE_LOOP('',(#2142,#2143,#2144,#2145,#2146,#2147,#2148));
#517=EDGE_LOOP('',(#2149,#2150,#2151,#2152,#2153,#2154,#2155));
#518=EDGE_LOOP('',(#2156));
#519=EDGE_LOOP('',(#2157,#2158,#2159,#2160,#2161,#2162));
#520=EDGE_LOOP('',(#2163,#2164,#2165,#2166));
#521=EDGE_LOOP('',(#2167,#2168,#2169,#2170,#2171));
#522=EDGE_LOOP('',(#2172,#2173,#2174,#2175));
#523=EDGE_LOOP('',(#2176,#2177,#2178,#2179,#2180,#2181,#2182));
#524=EDGE_LOOP('',(#2183,#2184,#2185,#2186,#2187));
#525=EDGE_LOOP('',(#2188,#2189,#2190,#2191,#2192));
#526=EDGE_LOOP('',(#2193,#2194,#2195,#2196));
#527=EDGE_LOOP('',(#2197,#2198,#2199,#2200,#2201));
#528=EDGE_LOOP('',(#2202,#2203,#2204,#2205,#2206,#2207,#2208));
#529=EDGE_LOOP('',(#2209));
#530=EDGE_LOOP('',(#2210,#2211,#2212,#2213,#2214,#2215,#2216));
#531=EDGE_LOOP('',(#2217,#2218,#2219,#2220));
#532=EDGE_LOOP('',(#2221,#2222,#2223,#2224));
#533=EDGE_LOOP('',(#2225,#2226,#2227,#2228));
#534=EDGE_LOOP('',(#2229,#2230,#2231,#2232));
#535=EDGE_LOOP('',(#2233));
#536=EDGE_LOOP('',(#2234,#2235,#2236,#2237,#2238,#2239));
#537=EDGE_LOOP('',(#2240,#2241,#2242,#2243));
#538=EDGE_LOOP('',(#2244,#2245,#2246,#2247,#2248));
#539=EDGE_LOOP('',(#2249,#2250,#2251,#2252,#2253,#2254,#2255));
#540=EDGE_LOOP('',(#2256));
#541=EDGE_LOOP('',(#2257,#2258,#2259,#2260));
#542=EDGE_LOOP('',(#2261,#2262,#2263,#2264,#2265));
#543=EDGE_LOOP('',(#2266,#2267,#2268,#2269));
#544=EDGE_LOOP('',(#2270,#2271,#2272,#2273,#2274,#2275,#2276,#2277));
#545=EDGE_LOOP('',(#2278,#2279,#2280,#2281));
#546=EDGE_LOOP('',(#2282,#2283,#2284,#2285));
#547=EDGE_LOOP('',(#2286,#2287,#2288,#2289));
#548=EDGE_LOOP('',(#2290,#2291,#2292,#2293));
#549=EDGE_LOOP('',(#2294,#2295,#2296,#2297));
#550=EDGE_LOOP('',(#2298,#2299,#2300,#2301));
#551=EDGE_LOOP('',(#2302,#2303,#2304,#2305));
#552=EDGE_LOOP('',(#2306,#2307,#2308,#2309));
#553=EDGE_LOOP('',(#2310));
#554=EDGE_LOOP('',(#2311));
#555=EDGE_LOOP('',(#2312,#2313,#2314,#2315));
#556=EDGE_LOOP('',(#2316));
#557=EDGE_LOOP('',(#2317));
#558=EDGE_LOOP('',(#2318,#2319,#2320,#2321));
#559=EDGE_LOOP('',(#2322));
#560=EDGE_LOOP('',(#2323));
#561=EDGE_LOOP('',(#2324,#2325,#2326,#2327));
#562=EDGE_LOOP('',(#2328));
#563=EDGE_LOOP('',(#2329));
#564=EDGE_LOOP('',(#2330,#2331,#2332,#2333));
#565=EDGE_LOOP('',(#2334,#2335,#2336,#2337));
#566=EDGE_LOOP('',(#2338,#2339,#2340,#2341));
#567=EDGE_LOOP('',(#2342,#2343,#2344,#2345));
#568=EDGE_LOOP('',(#2346,#2347,#2348,#2349));
#569=EDGE_LOOP('',(#2350,#2351,#2352,#2353));
#570=EDGE_LOOP('',(#2354,#2355,#2356,#2357));
#571=EDGE_LOOP('',(#2358,#2359,#2360,#2361));
#572=EDGE_LOOP('',(#2362,#2363,#2364,#2365));
#573=EDGE_LOOP('',(#2366,#2367,#2368,#2369));
#574=EDGE_LOOP('',(#2370,#2371,#2372,#2373));
#575=EDGE_LOOP('',(#2374,#2375,#2376,#2377));
#576=EDGE_LOOP('',(#2378,#2379,#2380,#2381));
#577=EDGE_LOOP('',(#2382,#2383,#2384,#2385,#2386,#2387,#2388,#2389,#2390,
#2391,#2392,#2393,#2394,#2395,#2396,#2397,#2398,#2399,#2400,#2401,#2402,
#2403,#2404,#2405,#2406,#2407,#2408,#2409,#2410,#2411,#2412,#2413,#2414,
#2415,#2416,#2417,#2418,#2419,#2420,#2421,#2422,#2423,#2424,#2425,#2426,
#2427,#2428,#2429,#2430,#2431,#2432,#2433,#2434,#2435,#2436,#2437,#2438,
#2439,#2440,#2441,#2442,#2443,#2444,#2445,#2446,#2447,#2448,#2449,#2450,
#2451,#2452,#2453,#2454,#2455,#2456,#2457,#2458,#2459,#2460,#2461,#2462,
#2463,#2464,#2465,#2466,#2467,#2468,#2469,#2470,#2471,#2472,#2473,#2474,
#2475,#2476,#2477,#2478,#2479,#2480,#2481,#2482,#2483,#2484,#2485,#2486));
#578=EDGE_LOOP('',(#2487));
#579=EDGE_LOOP('',(#2488));
#580=EDGE_LOOP('',(#2489));
#581=EDGE_LOOP('',(#2490));
#582=EDGE_LOOP('',(#2491));
#583=EDGE_LOOP('',(#2492));
#584=EDGE_LOOP('',(#2493,#2494,#2495,#2496));
#585=EDGE_LOOP('',(#2497,#2498,#2499,#2500,#2501,#2502));
#586=EDGE_LOOP('',(#2503,#2504,#2505,#2506));
#587=EDGE_LOOP('',(#2507));
#588=EDGE_LOOP('',(#2508,#2509,#2510,#2511));
#589=EDGE_LOOP('',(#2512,#2513,#2514,#2515,#2516,#2517));
#590=LINE('',#3906,#822);
#591=LINE('',#3908,#823);
#592=LINE('',#3910,#824);
#593=LINE('',#3911,#825);
#594=LINE('',#3917,#826);
#595=LINE('',#3923,#827);
#596=LINE('',#3929,#828);
#597=LINE('',#3935,#829);
#598=LINE('',#3941,#830);
#599=LINE('',#3947,#831);
#600=LINE('',#3953,#832);
#601=LINE('',#3959,#833);
#602=LINE('',#3965,#834);
#603=LINE('',#3971,#835);
#604=LINE('',#3977,#836);
#605=LINE('',#3983,#837);
#606=LINE('',#3989,#838);
#607=LINE('',#3992,#839);
#608=LINE('',#3994,#840);
#609=LINE('',#3995,#841);
#610=LINE('',#3998,#842);
#611=LINE('',#4000,#843);
#612=LINE('',#4001,#844);
#613=LINE('',#4004,#845);
#614=LINE('',#4006,#846);
#615=LINE('',#4007,#847);
#616=LINE('',#4013,#848);
#617=LINE('',#4019,#849);
#618=LINE('',#4025,#850);
#619=LINE('',#4031,#851);
#620=LINE('',#4037,#852);
#621=LINE('',#4043,#853);
#622=LINE('',#4049,#854);
#623=LINE('',#4055,#855);
#624=LINE('',#4061,#856);
#625=LINE('',#4067,#857);
#626=LINE('',#4070,#858);
#627=LINE('',#4072,#859);
#628=LINE('',#4073,#860);
#629=LINE('',#4079,#861);
#630=LINE('',#4085,#862);
#631=LINE('',#4091,#863);
#632=LINE('',#4094,#864);
#633=LINE('',#4096,#865);
#634=LINE('',#4097,#866);
#635=LINE('',#4103,#867);
#636=LINE('',#4109,#868);
#637=LINE('',#4115,#869);
#638=LINE('',#4121,#870);
#639=LINE('',#4127,#871);
#640=LINE('',#4133,#872);
#641=LINE('',#4136,#873);
#642=LINE('',#4138,#874);
#643=LINE('',#4139,#875);
#644=LINE('',#4143,#876);
#645=LINE('',#4145,#877);
#646=LINE('',#4147,#878);
#647=LINE('',#4148,#879);
#648=LINE('',#4154,#880);
#649=LINE('',#4160,#881);
#650=LINE('',#4166,#882);
#651=LINE('',#4172,#883);
#652=LINE('',#4178,#884);
#653=LINE('',#4184,#885);
#654=LINE('',#4187,#886);
#655=LINE('',#4189,#887);
#656=LINE('',#4190,#888);
#657=LINE('',#4196,#889);
#658=LINE('',#4202,#890);
#659=LINE('',#4208,#891);
#660=LINE('',#4211,#892);
#661=LINE('',#4213,#893);
#662=LINE('',#4214,#894);
#663=LINE('',#4220,#895);
#664=LINE('',#4226,#896);
#665=LINE('',#4232,#897);
#666=LINE('',#4238,#898);
#667=LINE('',#4244,#899);
#668=LINE('',#4250,#900);
#669=LINE('',#4256,#901);
#670=LINE('',#4262,#902);
#671=LINE('',#4268,#903);
#672=LINE('',#4274,#904);
#673=LINE('',#4277,#905);
#674=LINE('',#4279,#906);
#675=LINE('',#4280,#907);
#676=LINE('',#4283,#908);
#677=LINE('',#4285,#909);
#678=LINE('',#4286,#910);
#679=LINE('',#4289,#911);
#680=LINE('',#4291,#912);
#681=LINE('',#4292,#913);
#682=LINE('',#4298,#914);
#683=LINE('',#4304,#915);
#684=LINE('',#4310,#916);
#685=LINE('',#4316,#917);
#686=LINE('',#4322,#918);
#687=LINE('',#4328,#919);
#688=LINE('',#4334,#920);
#689=LINE('',#4340,#921);
#690=LINE('',#4346,#922);
#691=LINE('',#4352,#923);
#692=LINE('',#4358,#924);
#693=LINE('',#4364,#925);
#694=LINE('',#4370,#926);
#695=LINE('',#4373,#927);
#696=LINE('',#4375,#928);
#697=LINE('',#4376,#929);
#698=LINE('',#4379,#930);
#699=LINE('',#4381,#931);
#700=LINE('',#4382,#932);
#701=LINE('',#4387,#933);
#702=LINE('',#4389,#934);
#703=LINE('',#4391,#935);
#704=LINE('',#4393,#936);
#705=LINE('',#4396,#937);
#706=LINE('',#4398,#938);
#707=LINE('',#4400,#939);
#708=LINE('',#4402,#940);
#709=LINE('',#4404,#941);
#710=LINE('',#4406,#942);
#711=LINE('',#4410,#943);
#712=LINE('',#4414,#944);
#713=LINE('',#4416,#945);
#714=LINE('',#4418,#946);
#715=LINE('',#4420,#947);
#716=LINE('',#4421,#948);
#717=LINE('',#4434,#949);
#718=LINE('',#4435,#950);
#719=LINE('',#4439,#951);
#720=LINE('',#4441,#952);
#721=LINE('',#4443,#953);
#722=LINE('',#4445,#954);
#723=LINE('',#4447,#955);
#724=LINE('',#4457,#956);
#725=LINE('',#4459,#957);
#726=LINE('',#4461,#958);
#727=LINE('',#4463,#959);
#728=LINE('',#4465,#960);
#729=LINE('',#4466,#961);
#730=LINE('',#4472,#962);
#731=LINE('',#4476,#963);
#732=LINE('',#4478,#964);
#733=LINE('',#4479,#965);
#734=LINE('',#4482,#966);
#735=LINE('',#4483,#967);
#736=LINE('',#4484,#968);
#737=LINE('',#4487,#969);
#738=LINE('',#4492,#970);
#739=LINE('',#4502,#971);
#740=LINE('',#4504,#972);
#741=LINE('',#4506,#973);
#742=LINE('',#4507,#974);
#743=LINE('',#4510,#975);
#744=LINE('',#4511,#976);
#745=LINE('',#4513,#977);
#746=LINE('',#4514,#978);
#747=LINE('',#4517,#979);
#748=LINE('',#4519,#980);
#749=LINE('',#4520,#981);
#750=LINE('',#4524,#982);
#751=LINE('',#4526,#983);
#752=LINE('',#4528,#984);
#753=LINE('',#4529,#985);
#754=LINE('',#4531,#986);
#755=LINE('',#4533,#987);
#756=LINE('',#4535,#988);
#757=LINE('',#4536,#989);
#758=LINE('',#4538,#990);
#759=LINE('',#4540,#991);
#760=LINE('',#4541,#992);
#761=LINE('',#4546,#993);
#762=LINE('',#4549,#994);
#763=LINE('',#4551,#995);
#764=LINE('',#4552,#996);
#765=LINE('',#4554,#997);
#766=LINE('',#4555,#998);
#767=LINE('',#4558,#999);
#768=LINE('',#4559,#1000);
#769=LINE('',#4563,#1001);
#770=LINE('',#4565,#1002);
#771=LINE('',#4567,#1003);
#772=LINE('',#4568,#1004);
#773=LINE('',#4573,#1005);
#774=LINE('',#4574,#1006);
#775=LINE('',#4575,#1007);
#776=LINE('',#4578,#1008);
#777=LINE('',#4579,#1009);
#778=LINE('',#4581,#1010);
#779=LINE('',#4583,#1011);
#780=LINE('',#4588,#1012);
#781=LINE('',#4592,#1013);
#782=LINE('',#4594,#1014);
#783=LINE('',#4595,#1015);
#784=LINE('',#4598,#1016);
#785=LINE('',#4600,#1017);
#786=LINE('',#4601,#1018);
#787=LINE('',#4603,#1019);
#788=LINE('',#4604,#1020);
#789=LINE('',#4609,#1021);
#790=LINE('',#4611,#1022);
#791=LINE('',#4612,#1023);
#792=LINE('',#4614,#1024);
#793=LINE('',#4616,#1025);
#794=LINE('',#4621,#1026);
#795=LINE('',#4622,#1027);
#796=LINE('',#4624,#1028);
#797=LINE('',#4627,#1029);
#798=LINE('',#4634,#1030);
#799=LINE('',#4641,#1031);
#800=LINE('',#4648,#1032);
#801=LINE('',#4655,#1033);
#802=LINE('',#4659,#1034);
#803=LINE('',#4663,#1035);
#804=LINE('',#4667,#1036);
#805=LINE('',#4671,#1037);
#806=LINE('',#4674,#1038);
#807=LINE('',#4678,#1039);
#808=LINE('',#4681,#1040);
#809=LINE('',#4682,#1041);
#810=LINE('',#4685,#1042);
#811=LINE('',#4686,#1043);
#812=LINE('',#4689,#1044);
#813=LINE('',#4690,#1045);
#814=LINE('',#4693,#1046);
#815=LINE('',#4694,#1047);
#816=LINE('',#4698,#1048);
#817=LINE('',#4700,#1049);
#818=LINE('',#4706,#1050);
#819=LINE('',#4708,#1051);
#820=LINE('',#4715,#1052);
#821=LINE('',#4718,#1053);
#822=VECTOR('',#3053,10.);
#823=VECTOR('',#3054,10.);
#824=VECTOR('',#3055,10.);
#825=VECTOR('',#3056,10.);
#826=VECTOR('',#3063,10.);
#827=VECTOR('',#3070,10.);
#828=VECTOR('',#3077,10.);
#829=VECTOR('',#3084,10.);
#830=VECTOR('',#3091,10.);
#831=VECTOR('',#3098,10.);
#832=VECTOR('',#3105,10.);
#833=VECTOR('',#3112,10.);
#834=VECTOR('',#3119,10.);
#835=VECTOR('',#3126,10.);
#836=VECTOR('',#3133,10.);
#837=VECTOR('',#3140,10.);
#838=VECTOR('',#3147,10.);
#839=VECTOR('',#3150,10.);
#840=VECTOR('',#3151,10.);
#841=VECTOR('',#3152,10.);
#842=VECTOR('',#3155,10.);
#843=VECTOR('',#3156,10.);
#844=VECTOR('',#3157,10.);
#845=VECTOR('',#3160,10.);
#846=VECTOR('',#3161,10.);
#847=VECTOR('',#3162,10.);
#848=VECTOR('',#3169,10.);
#849=VECTOR('',#3176,10.);
#850=VECTOR('',#3183,10.);
#851=VECTOR('',#3190,10.);
#852=VECTOR('',#3197,10.);
#853=VECTOR('',#3204,10.);
#854=VECTOR('',#3211,10.);
#855=VECTOR('',#3218,10.);
#856=VECTOR('',#3225,10.);
#857=VECTOR('',#3232,10.);
#858=VECTOR('',#3235,10.);
#859=VECTOR('',#3236,10.);
#860=VECTOR('',#3237,10.);
#861=VECTOR('',#3244,10.);
#862=VECTOR('',#3251,10.);
#863=VECTOR('',#3258,10.);
#864=VECTOR('',#3261,10.);
#865=VECTOR('',#3262,10.);
#866=VECTOR('',#3263,10.);
#867=VECTOR('',#3270,10.);
#868=VECTOR('',#3277,10.);
#869=VECTOR('',#3284,10.);
#870=VECTOR('',#3291,10.);
#871=VECTOR('',#3298,10.);
#872=VECTOR('',#3305,10.);
#873=VECTOR('',#3308,10.);
#874=VECTOR('',#3309,10.);
#875=VECTOR('',#3310,10.);
#876=VECTOR('',#3313,10.);
#877=VECTOR('',#3314,10.);
#878=VECTOR('',#3315,10.);
#879=VECTOR('',#3316,10.);
#880=VECTOR('',#3323,10.);
#881=VECTOR('',#3330,10.);
#882=VECTOR('',#3337,10.);
#883=VECTOR('',#3344,10.);
#884=VECTOR('',#3351,10.);
#885=VECTOR('',#3358,10.);
#886=VECTOR('',#3361,10.);
#887=VECTOR('',#3362,10.);
#888=VECTOR('',#3363,10.);
#889=VECTOR('',#3370,10.);
#890=VECTOR('',#3377,10.);
#891=VECTOR('',#3384,10.);
#892=VECTOR('',#3387,10.);
#893=VECTOR('',#3388,10.);
#894=VECTOR('',#3389,10.);
#895=VECTOR('',#3396,10.);
#896=VECTOR('',#3403,10.);
#897=VECTOR('',#3410,10.);
#898=VECTOR('',#3417,10.);
#899=VECTOR('',#3424,10.);
#900=VECTOR('',#3431,10.);
#901=VECTOR('',#3438,10.);
#902=VECTOR('',#3445,10.);
#903=VECTOR('',#3452,10.);
#904=VECTOR('',#3459,10.);
#905=VECTOR('',#3462,10.);
#906=VECTOR('',#3463,10.);
#907=VECTOR('',#3464,10.);
#908=VECTOR('',#3467,10.);
#909=VECTOR('',#3468,10.);
#910=VECTOR('',#3469,10.);
#911=VECTOR('',#3472,10.);
#912=VECTOR('',#3473,10.);
#913=VECTOR('',#3474,10.);
#914=VECTOR('',#3481,10.);
#915=VECTOR('',#3488,10.);
#916=VECTOR('',#3495,10.);
#917=VECTOR('',#3502,10.);
#918=VECTOR('',#3509,10.);
#919=VECTOR('',#3516,10.);
#920=VECTOR('',#3523,10.);
#921=VECTOR('',#3530,10.);
#922=VECTOR('',#3537,10.);
#923=VECTOR('',#3544,10.);
#924=VECTOR('',#3551,10.);
#925=VECTOR('',#3558,10.);
#926=VECTOR('',#3565,10.);
#927=VECTOR('',#3568,10.);
#928=VECTOR('',#3569,10.);
#929=VECTOR('',#3570,10.);
#930=VECTOR('',#3573,10.);
#931=VECTOR('',#3574,10.);
#932=VECTOR('',#3575,10.);
#933=VECTOR('',#3580,10.);
#934=VECTOR('',#3581,10.);
#935=VECTOR('',#3582,10.);
#936=VECTOR('',#3583,10.);
#937=VECTOR('',#3586,10.);
#938=VECTOR('',#3587,10.);
#939=VECTOR('',#3588,10.);
#940=VECTOR('',#3589,10.);
#941=VECTOR('',#3590,10.);
#942=VECTOR('',#3591,10.);
#943=VECTOR('',#3594,10.);
#944=VECTOR('',#3597,10.);
#945=VECTOR('',#3598,10.);
#946=VECTOR('',#3599,10.);
#947=VECTOR('',#3600,10.);
#948=VECTOR('',#3601,10.);
#949=VECTOR('',#3614,10.);
#950=VECTOR('',#3615,10.);
#951=VECTOR('',#3618,10.);
#952=VECTOR('',#3619,10.);
#953=VECTOR('',#3620,10.);
#954=VECTOR('',#3621,10.);
#955=VECTOR('',#3622,10.);
#956=VECTOR('',#3625,10.);
#957=VECTOR('',#3626,10.);
#958=VECTOR('',#3627,10.);
#959=VECTOR('',#3628,10.);
#960=VECTOR('',#3629,10.);
#961=VECTOR('',#3630,10.);
#962=VECTOR('',#3637,2.79999999999991);
#963=VECTOR('',#3642,1000.);
#964=VECTOR('',#3643,1000.);
#965=VECTOR('',#3644,1000.);
#966=VECTOR('',#3647,10.);
#967=VECTOR('',#3648,10.);
#968=VECTOR('',#3649,1000.);
#969=VECTOR('',#3652,3.10001076459205);
#970=VECTOR('',#3657,10.);
#971=VECTOR('',#3658,10.);
#972=VECTOR('',#3659,10.);
#973=VECTOR('',#3660,10.);
#974=VECTOR('',#3661,10.);
#975=VECTOR('',#3664,10.);
#976=VECTOR('',#3665,10.);
#977=VECTOR('',#3666,1000.);
#978=VECTOR('',#3667,1000.);
#979=VECTOR('',#3670,1000.);
#980=VECTOR('',#3671,1000.);
#981=VECTOR('',#3672,1000.);
#982=VECTOR('',#3675,1000.);
#983=VECTOR('',#3676,10.);
#984=VECTOR('',#3677,1000.);
#985=VECTOR('',#3678,1000.);
#986=VECTOR('',#3681,1000.);
#987=VECTOR('',#3682,10.);
#988=VECTOR('',#3683,10.);
#989=VECTOR('',#3684,10.);
#990=VECTOR('',#3687,10.);
#991=VECTOR('',#3688,10.);
#992=VECTOR('',#3689,10.);
#993=VECTOR('',#3696,1000.);
#994=VECTOR('',#3699,10.);
#995=VECTOR('',#3700,10.);
#996=VECTOR('',#3701,10.);
#997=VECTOR('',#3704,10.);
#998=VECTOR('',#3705,10.);
#999=VECTOR('',#3708,10.);
#1000=VECTOR('',#3709,10.);
#1001=VECTOR('',#3712,10.);
#1002=VECTOR('',#3713,10.);
#1003=VECTOR('',#3714,10.);
#1004=VECTOR('',#3715,10.);
#1005=VECTOR('',#3720,1000.);
#1006=VECTOR('',#3721,1000.);
#1007=VECTOR('',#3722,1000.);
#1008=VECTOR('',#3725,1000.);
#1009=VECTOR('',#3726,1000.);
#1010=VECTOR('',#3729,1000.);
#1011=VECTOR('',#3732,1000.);
#1012=VECTOR('',#3739,2.79999999999992);
#1013=VECTOR('',#3744,10.);
#1014=VECTOR('',#3745,10.);
#1015=VECTOR('',#3746,10.);
#1016=VECTOR('',#3749,10.);
#1017=VECTOR('',#3750,10.);
#1018=VECTOR('',#3751,10.);
#1019=VECTOR('',#3752,10.);
#1020=VECTOR('',#3753,10.);
#1021=VECTOR('',#3760,10.);
#1022=VECTOR('',#3761,10.);
#1023=VECTOR('',#3762,10.);
#1024=VECTOR('',#3765,10.);
#1025=VECTOR('',#3768,10.);
#1026=VECTOR('',#3775,10.);
#1027=VECTOR('',#3776,10.);
#1028=VECTOR('',#3779,10.);
#1029=VECTOR('',#3782,4.);
#1030=VECTOR('',#3791,4.);
#1031=VECTOR('',#3800,4.);
#1032=VECTOR('',#3809,4.);
#1033=VECTOR('',#3818,2.1);
#1034=VECTOR('',#3823,2.09999999999999);
#1035=VECTOR('',#3828,2.1);
#1036=VECTOR('',#3833,2.09999999999999);
#1037=VECTOR('',#3838,5.);
#1038=VECTOR('',#3843,10.);
#1039=VECTOR('',#3848,10.);
#1040=VECTOR('',#3851,10.);
#1041=VECTOR('',#3852,10.);
#1042=VECTOR('',#3855,10.);
#1043=VECTOR('',#3856,10.);
#1044=VECTOR('',#3859,10.);
#1045=VECTOR('',#3860,10.);
#1046=VECTOR('',#3863,10.);
#1047=VECTOR('',#3864,10.);
#1048=VECTOR('',#3869,10.);
#1049=VECTOR('',#3872,10.);
#1050=VECTOR('',#3881,3.10001076459205);
#1051=VECTOR('',#3884,1000.);
#1052=VECTOR('',#3893,2.79999999999992);
#1053=VECTOR('',#3898,2.79999999999991);
#1054=VERTEX_POINT('',#3904);
#1055=VERTEX_POINT('',#3905);
#1056=VERTEX_POINT('',#3907);
#1057=VERTEX_POINT('',#3909);
#1058=VERTEX_POINT('',#3913);
#1059=VERTEX_POINT('',#3915);
#1060=VERTEX_POINT('',#3919);
#1061=VERTEX_POINT('',#3921);
#1062=VERTEX_POINT('',#3925);
#1063=VERTEX_POINT('',#3927);
#1064=VERTEX_POINT('',#3931);
#1065=VERTEX_POINT('',#3933);
#1066=VERTEX_POINT('',#3937);
#1067=VERTEX_POINT('',#3939);
#1068=VERTEX_POINT('',#3943);
#1069=VERTEX_POINT('',#3945);
#1070=VERTEX_POINT('',#3949);
#1071=VERTEX_POINT('',#3951);
#1072=VERTEX_POINT('',#3955);
#1073=VERTEX_POINT('',#3957);
#1074=VERTEX_POINT('',#3961);
#1075=VERTEX_POINT('',#3963);
#1076=VERTEX_POINT('',#3967);
#1077=VERTEX_POINT('',#3969);
#1078=VERTEX_POINT('',#3973);
#1079=VERTEX_POINT('',#3975);
#1080=VERTEX_POINT('',#3979);
#1081=VERTEX_POINT('',#3981);
#1082=VERTEX_POINT('',#3985);
#1083=VERTEX_POINT('',#3987);
#1084=VERTEX_POINT('',#3991);
#1085=VERTEX_POINT('',#3993);
#1086=VERTEX_POINT('',#3997);
#1087=VERTEX_POINT('',#3999);
#1088=VERTEX_POINT('',#4003);
#1089=VERTEX_POINT('',#4005);
#1090=VERTEX_POINT('',#4009);
#1091=VERTEX_POINT('',#4011);
#1092=VERTEX_POINT('',#4015);
#1093=VERTEX_POINT('',#4017);
#1094=VERTEX_POINT('',#4021);
#1095=VERTEX_POINT('',#4023);
#1096=VERTEX_POINT('',#4027);
#1097=VERTEX_POINT('',#4029);
#1098=VERTEX_POINT('',#4033);
#1099=VERTEX_POINT('',#4035);
#1100=VERTEX_POINT('',#4039);
#1101=VERTEX_POINT('',#4041);
#1102=VERTEX_POINT('',#4045);
#1103=VERTEX_POINT('',#4047);
#1104=VERTEX_POINT('',#4051);
#1105=VERTEX_POINT('',#4053);
#1106=VERTEX_POINT('',#4057);
#1107=VERTEX_POINT('',#4059);
#1108=VERTEX_POINT('',#4063);
#1109=VERTEX_POINT('',#4065);
#1110=VERTEX_POINT('',#4069);
#1111=VERTEX_POINT('',#4071);
#1112=VERTEX_POINT('',#4075);
#1113=VERTEX_POINT('',#4077);
#1114=VERTEX_POINT('',#4081);
#1115=VERTEX_POINT('',#4083);
#1116=VERTEX_POINT('',#4087);
#1117=VERTEX_POINT('',#4089);
#1118=VERTEX_POINT('',#4093);
#1119=VERTEX_POINT('',#4095);
#1120=VERTEX_POINT('',#4099);
#1121=VERTEX_POINT('',#4101);
#1122=VERTEX_POINT('',#4105);
#1123=VERTEX_POINT('',#4107);
#1124=VERTEX_POINT('',#4111);
#1125=VERTEX_POINT('',#4113);
#1126=VERTEX_POINT('',#4117);
#1127=VERTEX_POINT('',#4119);
#1128=VERTEX_POINT('',#4123);
#1129=VERTEX_POINT('',#4125);
#1130=VERTEX_POINT('',#4129);
#1131=VERTEX_POINT('',#4131);
#1132=VERTEX_POINT('',#4135);
#1133=VERTEX_POINT('',#4137);
#1134=VERTEX_POINT('',#4141);
#1135=VERTEX_POINT('',#4142);
#1136=VERTEX_POINT('',#4144);
#1137=VERTEX_POINT('',#4146);
#1138=VERTEX_POINT('',#4150);
#1139=VERTEX_POINT('',#4152);
#1140=VERTEX_POINT('',#4156);
#1141=VERTEX_POINT('',#4158);
#1142=VERTEX_POINT('',#4162);
#1143=VERTEX_POINT('',#4164);
#1144=VERTEX_POINT('',#4168);
#1145=VERTEX_POINT('',#4170);
#1146=VERTEX_POINT('',#4174);
#1147=VERTEX_POINT('',#4176);
#1148=VERTEX_POINT('',#4180);
#1149=VERTEX_POINT('',#4182);
#1150=VERTEX_POINT('',#4186);
#1151=VERTEX_POINT('',#4188);
#1152=VERTEX_POINT('',#4192);
#1153=VERTEX_POINT('',#4194);
#1154=VERTEX_POINT('',#4198);
#1155=VERTEX_POINT('',#4200);
#1156=VERTEX_POINT('',#4204);
#1157=VERTEX_POINT('',#4206);
#1158=VERTEX_POINT('',#4210);
#1159=VERTEX_POINT('',#4212);
#1160=VERTEX_POINT('',#4216);
#1161=VERTEX_POINT('',#4218);
#1162=VERTEX_POINT('',#4222);
#1163=VERTEX_POINT('',#4224);
#1164=VERTEX_POINT('',#4228);
#1165=VERTEX_POINT('',#4230);
#1166=VERTEX_POINT('',#4234);
#1167=VERTEX_POINT('',#4236);
#1168=VERTEX_POINT('',#4240);
#1169=VERTEX_POINT('',#4242);
#1170=VERTEX_POINT('',#4246);
#1171=VERTEX_POINT('',#4248);
#1172=VERTEX_POINT('',#4252);
#1173=VERTEX_POINT('',#4254);
#1174=VERTEX_POINT('',#4258);
#1175=VERTEX_POINT('',#4260);
#1176=VERTEX_POINT('',#4264);
#1177=VERTEX_POINT('',#4266);
#1178=VERTEX_POINT('',#4270);
#1179=VERTEX_POINT('',#4272);
#1180=VERTEX_POINT('',#4276);
#1181=VERTEX_POINT('',#4278);
#1182=VERTEX_POINT('',#4282);
#1183=VERTEX_POINT('',#4284);
#1184=VERTEX_POINT('',#4288);
#1185=VERTEX_POINT('',#4290);
#1186=VERTEX_POINT('',#4294);
#1187=VERTEX_POINT('',#4296);
#1188=VERTEX_POINT('',#4300);
#1189=VERTEX_POINT('',#4302);
#1190=VERTEX_POINT('',#4306);
#1191=VERTEX_POINT('',#4308);
#1192=VERTEX_POINT('',#4312);
#1193=VERTEX_POINT('',#4314);
#1194=VERTEX_POINT('',#4318);
#1195=VERTEX_POINT('',#4320);
#1196=VERTEX_POINT('',#4324);
#1197=VERTEX_POINT('',#4326);
#1198=VERTEX_POINT('',#4330);
#1199=VERTEX_POINT('',#4332);
#1200=VERTEX_POINT('',#4336);
#1201=VERTEX_POINT('',#4338);
#1202=VERTEX_POINT('',#4342);
#1203=VERTEX_POINT('',#4344);
#1204=VERTEX_POINT('',#4348);
#1205=VERTEX_POINT('',#4350);
#1206=VERTEX_POINT('',#4354);
#1207=VERTEX_POINT('',#4356);
#1208=VERTEX_POINT('',#4360);
#1209=VERTEX_POINT('',#4362);
#1210=VERTEX_POINT('',#4366);
#1211=VERTEX_POINT('',#4368);
#1212=VERTEX_POINT('',#4372);
#1213=VERTEX_POINT('',#4374);
#1214=VERTEX_POINT('',#4378);
#1215=VERTEX_POINT('',#4380);
#1216=VERTEX_POINT('',#4384);
#1217=VERTEX_POINT('',#4386);
#1218=VERTEX_POINT('',#4388);
#1219=VERTEX_POINT('',#4390);
#1220=VERTEX_POINT('',#4392);
#1221=VERTEX_POINT('',#4394);
#1222=VERTEX_POINT('',#4397);
#1223=VERTEX_POINT('',#4399);
#1224=VERTEX_POINT('',#4401);
#1225=VERTEX_POINT('',#4403);
#1226=VERTEX_POINT('',#4405);
#1227=VERTEX_POINT('',#4407);
#1228=VERTEX_POINT('',#4409);
#1229=VERTEX_POINT('',#4411);
#1230=VERTEX_POINT('',#4413);
#1231=VERTEX_POINT('',#4415);
#1232=VERTEX_POINT('',#4417);
#1233=VERTEX_POINT('',#4419);
#1234=VERTEX_POINT('',#4422);
#1235=VERTEX_POINT('',#4424);
#1236=VERTEX_POINT('',#4426);
#1237=VERTEX_POINT('',#4428);
#1238=VERTEX_POINT('',#4430);
#1239=VERTEX_POINT('',#4433);
#1240=VERTEX_POINT('',#4437);
#1241=VERTEX_POINT('',#4438);
#1242=VERTEX_POINT('',#4440);
#1243=VERTEX_POINT('',#4442);
#1244=VERTEX_POINT('',#4444);
#1245=VERTEX_POINT('',#4446);
#1246=VERTEX_POINT('',#4448);
#1247=VERTEX_POINT('',#4456);
#1248=VERTEX_POINT('',#4458);
#1249=VERTEX_POINT('',#4460);
#1250=VERTEX_POINT('',#4462);
#1251=VERTEX_POINT('',#4464);
#1252=VERTEX_POINT('',#4467);
#1253=VERTEX_POINT('',#4470);
#1254=VERTEX_POINT('',#4475);
#1255=VERTEX_POINT('',#4477);
#1256=VERTEX_POINT('',#4481);
#1257=VERTEX_POINT('',#4486);
#1258=VERTEX_POINT('',#4490);
#1259=VERTEX_POINT('',#4491);
#1260=VERTEX_POINT('',#4493);
#1261=VERTEX_POINT('',#4497);
#1262=VERTEX_POINT('',#4501);
#1263=VERTEX_POINT('',#4503);
#1264=VERTEX_POINT('',#4505);
#1265=VERTEX_POINT('',#4509);
#1266=VERTEX_POINT('',#4512);
#1267=VERTEX_POINT('',#4516);
#1268=VERTEX_POINT('',#4518);
#1269=VERTEX_POINT('',#4522);
#1270=VERTEX_POINT('',#4523);
#1271=VERTEX_POINT('',#4525);
#1272=VERTEX_POINT('',#4527);
#1273=VERTEX_POINT('',#4532);
#1274=VERTEX_POINT('',#4534);
#1275=VERTEX_POINT('',#4539);
#1276=VERTEX_POINT('',#4542);
#1277=VERTEX_POINT('',#4548);
#1278=VERTEX_POINT('',#4550);
#1279=VERTEX_POINT('',#4557);
#1280=VERTEX_POINT('',#4561);
#1281=VERTEX_POINT('',#4562);
#1282=VERTEX_POINT('',#4564);
#1283=VERTEX_POINT('',#4566);
#1284=VERTEX_POINT('',#4571);
#1285=VERTEX_POINT('',#4572);
#1286=VERTEX_POINT('',#4577);
#1287=VERTEX_POINT('',#4585);
#1288=VERTEX_POINT('',#4591);
#1289=VERTEX_POINT('',#4593);
#1290=VERTEX_POINT('',#4597);
#1291=VERTEX_POINT('',#4599);
#1292=VERTEX_POINT('',#4602);
#1293=VERTEX_POINT('',#4608);
#1294=VERTEX_POINT('',#4610);
#1295=VERTEX_POINT('',#4620);
#1296=VERTEX_POINT('',#4626);
#1297=VERTEX_POINT('',#4630);
#1298=VERTEX_POINT('',#4633);
#1299=VERTEX_POINT('',#4637);
#1300=VERTEX_POINT('',#4640);
#1301=VERTEX_POINT('',#4644);
#1302=VERTEX_POINT('',#4647);
#1303=VERTEX_POINT('',#4651);
#1304=VERTEX_POINT('',#4654);
#1305=VERTEX_POINT('',#4658);
#1306=VERTEX_POINT('',#4662);
#1307=VERTEX_POINT('',#4666);
#1308=VERTEX_POINT('',#4670);
#1309=VERTEX_POINT('',#4676);
#1310=VERTEX_POINT('',#4680);
#1311=VERTEX_POINT('',#4684);
#1312=VERTEX_POINT('',#4688);
#1313=VERTEX_POINT('',#4692);
#1314=VERTEX_POINT('',#4696);
#1315=VERTEX_POINT('',#4703);
#1316=VERTEX_POINT('',#4711);
#1317=VERTEX_POINT('',#4714);
#1318=EDGE_CURVE('',#1054,#1055,#590,.T.);
#1319=EDGE_CURVE('',#1056,#1054,#591,.T.);
#1320=EDGE_CURVE('',#1057,#1056,#592,.T.);
#1321=EDGE_CURVE('',#1057,#1055,#593,.T.);
#1322=EDGE_CURVE('',#1055,#1058,#43,.T.);
#1323=EDGE_CURVE('',#1059,#1057,#44,.T.);
#1324=EDGE_CURVE('',#1059,#1058,#594,.T.);
#1325=EDGE_CURVE('',#1058,#1060,#45,.T.);
#1326=EDGE_CURVE('',#1061,#1059,#46,.T.);
#1327=EDGE_CURVE('',#1061,#1060,#595,.T.);
#1328=EDGE_CURVE('',#1060,#1062,#47,.T.);
#1329=EDGE_CURVE('',#1063,#1061,#48,.T.);
#1330=EDGE_CURVE('',#1063,#1062,#596,.T.);
#1331=EDGE_CURVE('',#1062,#1064,#49,.T.);
#1332=EDGE_CURVE('',#1065,#1063,#50,.T.);
#1333=EDGE_CURVE('',#1065,#1064,#597,.T.);
#1334=EDGE_CURVE('',#1064,#1066,#51,.T.);
#1335=EDGE_CURVE('',#1067,#1065,#52,.T.);
#1336=EDGE_CURVE('',#1067,#1066,#598,.T.);
#1337=EDGE_CURVE('',#1066,#1068,#53,.T.);
#1338=EDGE_CURVE('',#1069,#1067,#54,.T.);
#1339=EDGE_CURVE('',#1069,#1068,#599,.T.);
#1340=EDGE_CURVE('',#1068,#1070,#55,.T.);
#1341=EDGE_CURVE('',#1071,#1069,#56,.T.);
#1342=EDGE_CURVE('',#1071,#1070,#600,.T.);
#1343=EDGE_CURVE('',#1070,#1072,#57,.T.);
#1344=EDGE_CURVE('',#1073,#1071,#58,.T.);
#1345=EDGE_CURVE('',#1073,#1072,#601,.T.);
#1346=EDGE_CURVE('',#1072,#1074,#59,.T.);
#1347=EDGE_CURVE('',#1075,#1073,#60,.T.);
#1348=EDGE_CURVE('',#1075,#1074,#602,.T.);
#1349=EDGE_CURVE('',#1074,#1076,#61,.T.);
#1350=EDGE_CURVE('',#1077,#1075,#62,.T.);
#1351=EDGE_CURVE('',#1077,#1076,#603,.T.);
#1352=EDGE_CURVE('',#1076,#1078,#63,.T.);
#1353=EDGE_CURVE('',#1079,#1077,#64,.T.);
#1354=EDGE_CURVE('',#1079,#1078,#604,.T.);
#1355=EDGE_CURVE('',#1078,#1080,#65,.T.);
#1356=EDGE_CURVE('',#1081,#1079,#66,.T.);
#1357=EDGE_CURVE('',#1081,#1080,#605,.T.);
#1358=EDGE_CURVE('',#1080,#1082,#67,.T.);
#1359=EDGE_CURVE('',#1083,#1081,#68,.T.);
#1360=EDGE_CURVE('',#1083,#1082,#606,.T.);
#1361=EDGE_CURVE('',#1082,#1084,#607,.T.);
#1362=EDGE_CURVE('',#1085,#1083,#608,.T.);
#1363=EDGE_CURVE('',#1085,#1084,#609,.T.);
#1364=EDGE_CURVE('',#1084,#1086,#610,.T.);
#1365=EDGE_CURVE('',#1087,#1085,#611,.T.);
#1366=EDGE_CURVE('',#1087,#1086,#612,.T.);
#1367=EDGE_CURVE('',#1086,#1088,#613,.T.);
#1368=EDGE_CURVE('',#1089,#1087,#614,.T.);
#1369=EDGE_CURVE('',#1089,#1088,#615,.T.);
#1370=EDGE_CURVE('',#1088,#1090,#69,.T.);
#1371=EDGE_CURVE('',#1091,#1089,#70,.T.);
#1372=EDGE_CURVE('',#1091,#1090,#616,.T.);
#1373=EDGE_CURVE('',#1090,#1092,#71,.T.);
#1374=EDGE_CURVE('',#1093,#1091,#72,.T.);
#1375=EDGE_CURVE('',#1093,#1092,#617,.T.);
#1376=EDGE_CURVE('',#1092,#1094,#73,.T.);
#1377=EDGE_CURVE('',#1095,#1093,#74,.T.);
#1378=EDGE_CURVE('',#1095,#1094,#618,.T.);
#1379=EDGE_CURVE('',#1094,#1096,#75,.T.);
#1380=EDGE_CURVE('',#1097,#1095,#76,.T.);
#1381=EDGE_CURVE('',#1097,#1096,#619,.T.);
#1382=EDGE_CURVE('',#1096,#1098,#77,.T.);
#1383=EDGE_CURVE('',#1099,#1097,#78,.T.);
#1384=EDGE_CURVE('',#1099,#1098,#620,.T.);
#1385=EDGE_CURVE('',#1098,#1100,#79,.T.);
#1386=EDGE_CURVE('',#1101,#1099,#80,.T.);
#1387=EDGE_CURVE('',#1101,#1100,#621,.T.);
#1388=EDGE_CURVE('',#1100,#1102,#81,.T.);
#1389=EDGE_CURVE('',#1103,#1101,#82,.T.);
#1390=EDGE_CURVE('',#1103,#1102,#622,.T.);
#1391=EDGE_CURVE('',#1102,#1104,#83,.T.);
#1392=EDGE_CURVE('',#1105,#1103,#84,.T.);
#1393=EDGE_CURVE('',#1105,#1104,#623,.T.);
#1394=EDGE_CURVE('',#1104,#1106,#85,.T.);
#1395=EDGE_CURVE('',#1107,#1105,#86,.T.);
#1396=EDGE_CURVE('',#1107,#1106,#624,.T.);
#1397=EDGE_CURVE('',#1106,#1108,#87,.T.);
#1398=EDGE_CURVE('',#1109,#1107,#88,.T.);
#1399=EDGE_CURVE('',#1109,#1108,#625,.T.);
#1400=EDGE_CURVE('',#1108,#1110,#626,.T.);
#1401=EDGE_CURVE('',#1111,#1109,#627,.T.);
#1402=EDGE_CURVE('',#1111,#1110,#628,.T.);
#1403=EDGE_CURVE('',#1110,#1112,#89,.T.);
#1404=EDGE_CURVE('',#1113,#1111,#90,.T.);
#1405=EDGE_CURVE('',#1113,#1112,#629,.T.);
#1406=EDGE_CURVE('',#1112,#1114,#91,.T.);
#1407=EDGE_CURVE('',#1115,#1113,#92,.T.);
#1408=EDGE_CURVE('',#1115,#1114,#630,.T.);
#1409=EDGE_CURVE('',#1114,#1116,#93,.T.);
#1410=EDGE_CURVE('',#1117,#1115,#94,.T.);
#1411=EDGE_CURVE('',#1117,#1116,#631,.T.);
#1412=EDGE_CURVE('',#1116,#1118,#632,.T.);
#1413=EDGE_CURVE('',#1119,#1117,#633,.T.);
#1414=EDGE_CURVE('',#1119,#1118,#634,.T.);
#1415=EDGE_CURVE('',#1118,#1120,#95,.T.);
#1416=EDGE_CURVE('',#1121,#1119,#96,.T.);
#1417=EDGE_CURVE('',#1121,#1120,#635,.T.);
#1418=EDGE_CURVE('',#1120,#1122,#97,.T.);
#1419=EDGE_CURVE('',#1123,#1121,#98,.T.);
#1420=EDGE_CURVE('',#1123,#1122,#636,.T.);
#1421=EDGE_CURVE('',#1122,#1124,#99,.T.);
#1422=EDGE_CURVE('',#1125,#1123,#100,.T.);
#1423=EDGE_CURVE('',#1125,#1124,#637,.T.);
#1424=EDGE_CURVE('',#1124,#1126,#101,.T.);
#1425=EDGE_CURVE('',#1127,#1125,#102,.T.);
#1426=EDGE_CURVE('',#1127,#1126,#638,.T.);
#1427=EDGE_CURVE('',#1126,#1128,#103,.T.);
#1428=EDGE_CURVE('',#1129,#1127,#104,.T.);
#1429=EDGE_CURVE('',#1129,#1128,#639,.T.);
#1430=EDGE_CURVE('',#1128,#1130,#105,.T.);
#1431=EDGE_CURVE('',#1131,#1129,#106,.T.);
#1432=EDGE_CURVE('',#1131,#1130,#640,.T.);
#1433=EDGE_CURVE('',#1130,#1132,#641,.T.);
#1434=EDGE_CURVE('',#1133,#1131,#642,.T.);
#1435=EDGE_CURVE('',#1132,#1133,#643,.T.);
#1436=EDGE_CURVE('',#1134,#1135,#644,.T.);
#1437=EDGE_CURVE('',#1136,#1134,#645,.T.);
#1438=EDGE_CURVE('',#1137,#1136,#646,.T.);
#1439=EDGE_CURVE('',#1137,#1135,#647,.T.);
#1440=EDGE_CURVE('',#1135,#1138,#107,.T.);
#1441=EDGE_CURVE('',#1139,#1137,#108,.T.);
#1442=EDGE_CURVE('',#1139,#1138,#648,.T.);
#1443=EDGE_CURVE('',#1138,#1140,#109,.T.);
#1444=EDGE_CURVE('',#1141,#1139,#110,.T.);
#1445=EDGE_CURVE('',#1141,#1140,#649,.T.);
#1446=EDGE_CURVE('',#1140,#1142,#111,.T.);
#1447=EDGE_CURVE('',#1143,#1141,#112,.T.);
#1448=EDGE_CURVE('',#1143,#1142,#650,.T.);
#1449=EDGE_CURVE('',#1142,#1144,#113,.T.);
#1450=EDGE_CURVE('',#1145,#1143,#114,.T.);
#1451=EDGE_CURVE('',#1145,#1144,#651,.T.);
#1452=EDGE_CURVE('',#1144,#1146,#115,.T.);
#1453=EDGE_CURVE('',#1147,#1145,#116,.T.);
#1454=EDGE_CURVE('',#1147,#1146,#652,.T.);
#1455=EDGE_CURVE('',#1146,#1148,#117,.T.);
#1456=EDGE_CURVE('',#1149,#1147,#118,.T.);
#1457=EDGE_CURVE('',#1149,#1148,#653,.T.);
#1458=EDGE_CURVE('',#1148,#1150,#654,.T.);
#1459=EDGE_CURVE('',#1151,#1149,#655,.T.);
#1460=EDGE_CURVE('',#1151,#1150,#656,.T.);
#1461=EDGE_CURVE('',#1150,#1152,#119,.T.);
#1462=EDGE_CURVE('',#1153,#1151,#120,.T.);
#1463=EDGE_CURVE('',#1153,#1152,#657,.T.);
#1464=EDGE_CURVE('',#1152,#1154,#121,.T.);
#1465=EDGE_CURVE('',#1155,#1153,#122,.T.);
#1466=EDGE_CURVE('',#1155,#1154,#658,.T.);
#1467=EDGE_CURVE('',#1154,#1156,#123,.T.);
#1468=EDGE_CURVE('',#1157,#1155,#124,.T.);
#1469=EDGE_CURVE('',#1157,#1156,#659,.T.);
#1470=EDGE_CURVE('',#1156,#1158,#660,.T.);
#1471=EDGE_CURVE('',#1159,#1157,#661,.T.);
#1472=EDGE_CURVE('',#1159,#1158,#662,.T.);
#1473=EDGE_CURVE('',#1158,#1160,#125,.T.);
#1474=EDGE_CURVE('',#1161,#1159,#126,.T.);
#1475=EDGE_CURVE('',#1161,#1160,#663,.T.);
#1476=EDGE_CURVE('',#1160,#1162,#127,.T.);
#1477=EDGE_CURVE('',#1163,#1161,#128,.T.);
#1478=EDGE_CURVE('',#1163,#1162,#664,.T.);
#1479=EDGE_CURVE('',#1162,#1164,#129,.T.);
#1480=EDGE_CURVE('',#1165,#1163,#130,.T.);
#1481=EDGE_CURVE('',#1165,#1164,#665,.T.);
#1482=EDGE_CURVE('',#1164,#1166,#131,.T.);
#1483=EDGE_CURVE('',#1167,#1165,#132,.T.);
#1484=EDGE_CURVE('',#1167,#1166,#666,.T.);
#1485=EDGE_CURVE('',#1166,#1168,#133,.T.);
#1486=EDGE_CURVE('',#1169,#1167,#134,.T.);
#1487=EDGE_CURVE('',#1169,#1168,#667,.T.);
#1488=EDGE_CURVE('',#1168,#1170,#135,.T.);
#1489=EDGE_CURVE('',#1171,#1169,#136,.T.);
#1490=EDGE_CURVE('',#1171,#1170,#668,.T.);
#1491=EDGE_CURVE('',#1170,#1172,#137,.T.);
#1492=EDGE_CURVE('',#1173,#1171,#138,.T.);
#1493=EDGE_CURVE('',#1173,#1172,#669,.T.);
#1494=EDGE_CURVE('',#1172,#1174,#139,.T.);
#1495=EDGE_CURVE('',#1175,#1173,#140,.T.);
#1496=EDGE_CURVE('',#1175,#1174,#670,.T.);
#1497=EDGE_CURVE('',#1174,#1176,#141,.T.);
#1498=EDGE_CURVE('',#1177,#1175,#142,.T.);
#1499=EDGE_CURVE('',#1177,#1176,#671,.T.);
#1500=EDGE_CURVE('',#1176,#1178,#143,.T.);
#1501=EDGE_CURVE('',#1179,#1177,#144,.T.);
#1502=EDGE_CURVE('',#1179,#1178,#672,.T.);
#1503=EDGE_CURVE('',#1178,#1180,#673,.T.);
#1504=EDGE_CURVE('',#1181,#1179,#674,.T.);
#1505=EDGE_CURVE('',#1181,#1180,#675,.T.);
#1506=EDGE_CURVE('',#1180,#1182,#676,.T.);
#1507=EDGE_CURVE('',#1183,#1181,#677,.T.);
#1508=EDGE_CURVE('',#1183,#1182,#678,.T.);
#1509=EDGE_CURVE('',#1182,#1184,#679,.T.);
#1510=EDGE_CURVE('',#1185,#1183,#680,.T.);
#1511=EDGE_CURVE('',#1185,#1184,#681,.T.);
#1512=EDGE_CURVE('',#1184,#1186,#145,.T.);
#1513=EDGE_CURVE('',#1187,#1185,#146,.T.);
#1514=EDGE_CURVE('',#1187,#1186,#682,.T.);
#1515=EDGE_CURVE('',#1186,#1188,#147,.T.);
#1516=EDGE_CURVE('',#1189,#1187,#148,.T.);
#1517=EDGE_CURVE('',#1189,#1188,#683,.T.);
#1518=EDGE_CURVE('',#1188,#1190,#149,.T.);
#1519=EDGE_CURVE('',#1191,#1189,#150,.T.);
#1520=EDGE_CURVE('',#1191,#1190,#684,.T.);
#1521=EDGE_CURVE('',#1190,#1192,#151,.T.);
#1522=EDGE_CURVE('',#1193,#1191,#152,.T.);
#1523=EDGE_CURVE('',#1193,#1192,#685,.T.);
#1524=EDGE_CURVE('',#1192,#1194,#153,.T.);
#1525=EDGE_CURVE('',#1195,#1193,#154,.T.);
#1526=EDGE_CURVE('',#1195,#1194,#686,.T.);
#1527=EDGE_CURVE('',#1194,#1196,#155,.T.);
#1528=EDGE_CURVE('',#1197,#1195,#156,.T.);
#1529=EDGE_CURVE('',#1197,#1196,#687,.T.);
#1530=EDGE_CURVE('',#1196,#1198,#157,.T.);
#1531=EDGE_CURVE('',#1199,#1197,#158,.T.);
#1532=EDGE_CURVE('',#1199,#1198,#688,.T.);
#1533=EDGE_CURVE('',#1198,#1200,#159,.T.);
#1534=EDGE_CURVE('',#1201,#1199,#160,.T.);
#1535=EDGE_CURVE('',#1201,#1200,#689,.T.);
#1536=EDGE_CURVE('',#1200,#1202,#161,.T.);
#1537=EDGE_CURVE('',#1203,#1201,#162,.T.);
#1538=EDGE_CURVE('',#1203,#1202,#690,.T.);
#1539=EDGE_CURVE('',#1202,#1204,#163,.T.);
#1540=EDGE_CURVE('',#1205,#1203,#164,.T.);
#1541=EDGE_CURVE('',#1205,#1204,#691,.T.);
#1542=EDGE_CURVE('',#1204,#1206,#165,.T.);
#1543=EDGE_CURVE('',#1207,#1205,#166,.T.);
#1544=EDGE_CURVE('',#1207,#1206,#692,.T.);
#1545=EDGE_CURVE('',#1206,#1208,#167,.T.);
#1546=EDGE_CURVE('',#1209,#1207,#168,.T.);
#1547=EDGE_CURVE('',#1209,#1208,#693,.T.);
#1548=EDGE_CURVE('',#1208,#1210,#169,.T.);
#1549=EDGE_CURVE('',#1211,#1209,#170,.T.);
#1550=EDGE_CURVE('',#1211,#1210,#694,.T.);
#1551=EDGE_CURVE('',#1210,#1212,#695,.T.);
#1552=EDGE_CURVE('',#1213,#1211,#696,.T.);
#1553=EDGE_CURVE('',#1212,#1213,#697,.T.);
#1554=EDGE_CURVE('',#1214,#1054,#698,.T.);
#1555=EDGE_CURVE('',#1214,#1215,#699,.T.);
#1556=EDGE_CURVE('',#1215,#1056,#700,.T.);
#1557=EDGE_CURVE('',#1216,#1215,#171,.T.);
#1558=EDGE_CURVE('',#1217,#1216,#701,.T.);
#1559=EDGE_CURVE('',#1218,#1217,#702,.T.);
#1560=EDGE_CURVE('',#1219,#1218,#703,.T.);
#1561=EDGE_CURVE('',#1220,#1219,#704,.T.);
#1562=EDGE_CURVE('',#1221,#1220,#172,.T.);
#1563=EDGE_CURVE('',#1213,#1221,#705,.T.);
#1564=EDGE_CURVE('',#1222,#1136,#706,.T.);
#1565=EDGE_CURVE('',#1222,#1223,#707,.T.);
#1566=EDGE_CURVE('',#1223,#1224,#708,.F.);
#1567=EDGE_CURVE('',#1224,#1225,#709,.T.);
#1568=EDGE_CURVE('',#1225,#1226,#710,.T.);
#1569=EDGE_CURVE('',#1227,#1226,#173,.T.);
#1570=EDGE_CURVE('',#1228,#1227,#711,.T.);
#1571=EDGE_CURVE('',#1229,#1228,#174,.T.);
#1572=EDGE_CURVE('',#1230,#1229,#712,.T.);
#1573=EDGE_CURVE('',#1231,#1230,#713,.T.);
#1574=EDGE_CURVE('',#1232,#1231,#714,.F.);
#1575=EDGE_CURVE('',#1233,#1232,#715,.T.);
#1576=EDGE_CURVE('',#1133,#1233,#716,.T.);
#1577=EDGE_CURVE('',#1234,#1234,#175,.T.);
#1578=EDGE_CURVE('',#1235,#1235,#176,.T.);
#1579=EDGE_CURVE('',#1236,#1236,#177,.T.);
#1580=EDGE_CURVE('',#1237,#1237,#178,.T.);
#1581=EDGE_CURVE('',#1238,#1238,#179,.T.);
#1582=EDGE_CURVE('',#1239,#1134,#717,.T.);
#1583=EDGE_CURVE('',#1222,#1239,#718,.T.);
#1584=EDGE_CURVE('',#1240,#1241,#719,.T.);
#1585=EDGE_CURVE('',#1241,#1242,#720,.T.);
#1586=EDGE_CURVE('',#1242,#1243,#721,.T.);
#1587=EDGE_CURVE('',#1243,#1244,#722,.T.);
#1588=EDGE_CURVE('',#1244,#1245,#723,.T.);
#1589=EDGE_CURVE('',#1245,#1246,#23,.T.);
#1590=EDGE_CURVE('',#1246,#1240,#24,.T.);
#1591=EDGE_CURVE('',#1243,#1247,#724,.T.);
#1592=EDGE_CURVE('',#1247,#1248,#725,.T.);
#1593=EDGE_CURVE('',#1248,#1249,#726,.T.);
#1594=EDGE_CURVE('',#1249,#1250,#727,.T.);
#1595=EDGE_CURVE('',#1250,#1251,#728,.T.);
#1596=EDGE_CURVE('',#1251,#1244,#729,.T.);
#1597=EDGE_CURVE('',#1252,#1252,#180,.T.);
#1598=EDGE_CURVE('',#1253,#1253,#181,.T.);
#1599=EDGE_CURVE('',#1253,#1246,#730,.T.);
#1600=EDGE_CURVE('',#1240,#1245,#182,.T.);
#1601=EDGE_CURVE('',#1250,#1254,#731,.T.);
#1602=EDGE_CURVE('',#1255,#1254,#732,.T.);
#1603=EDGE_CURVE('',#1255,#1251,#733,.T.);
#1604=EDGE_CURVE('',#1256,#1249,#734,.T.);
#1605=EDGE_CURVE('',#1232,#1256,#735,.T.);
#1606=EDGE_CURVE('',#1232,#1254,#736,.T.);
#1607=EDGE_CURVE('',#1252,#1257,#737,.T.);
#1608=EDGE_CURVE('',#1257,#1257,#19,.T.);
#1609=EDGE_CURVE('',#1258,#1259,#738,.T.);
#1610=EDGE_CURVE('',#1260,#1258,#25,.T.);
#1611=EDGE_CURVE('',#1261,#1260,#26,.T.);
#1612=EDGE_CURVE('',#1262,#1261,#739,.T.);
#1613=EDGE_CURVE('',#1263,#1262,#740,.T.);
#1614=EDGE_CURVE('',#1264,#1263,#741,.T.);
#1615=EDGE_CURVE('',#1259,#1264,#742,.T.);
#1616=EDGE_CURVE('',#1263,#1265,#743,.F.);
#1617=EDGE_CURVE('',#1225,#1265,#744,.T.);
#1618=EDGE_CURVE('',#1266,#1225,#745,.T.);
#1619=EDGE_CURVE('',#1264,#1266,#746,.T.);
#1620=EDGE_CURVE('',#1266,#1267,#747,.T.);
#1621=EDGE_CURVE('',#1267,#1268,#748,.T.);
#1622=EDGE_CURVE('',#1268,#1259,#749,.T.);
#1623=EDGE_CURVE('',#1269,#1270,#750,.T.);
#1624=EDGE_CURVE('',#1269,#1271,#751,.F.);
#1625=EDGE_CURVE('',#1272,#1271,#752,.T.);
#1626=EDGE_CURVE('',#1272,#1270,#753,.T.);
#1627=EDGE_CURVE('',#1223,#1270,#754,.T.);
#1628=EDGE_CURVE('',#1223,#1273,#755,.T.);
#1629=EDGE_CURVE('',#1273,#1274,#756,.T.);
#1630=EDGE_CURVE('',#1269,#1274,#757,.F.);
#1631=EDGE_CURVE('',#1262,#1271,#758,.T.);
#1632=EDGE_CURVE('',#1274,#1275,#759,.F.);
#1633=EDGE_CURVE('',#1265,#1275,#760,.F.);
#1634=EDGE_CURVE('',#1276,#1276,#183,.T.);
#1635=EDGE_CURVE('',#1258,#1261,#184,.T.);
#1636=EDGE_CURVE('',#1268,#1272,#761,.T.);
#1637=EDGE_CURVE('',#1229,#1277,#762,.T.);
#1638=EDGE_CURVE('',#1278,#1277,#763,.T.);
#1639=EDGE_CURVE('',#1230,#1278,#764,.T.);
#1640=EDGE_CURVE('',#1230,#1247,#765,.T.);
#1641=EDGE_CURVE('',#1248,#1278,#766,.T.);
#1642=EDGE_CURVE('',#1279,#1256,#767,.T.);
#1643=EDGE_CURVE('',#1279,#1233,#768,.T.);
#1644=EDGE_CURVE('',#1280,#1281,#769,.T.);
#1645=EDGE_CURVE('',#1282,#1280,#770,.T.);
#1646=EDGE_CURVE('',#1282,#1283,#771,.T.);
#1647=EDGE_CURVE('',#1283,#1281,#772,.T.);
#1648=EDGE_CURVE('',#1284,#1285,#773,.T.);
#1649=EDGE_CURVE('',#1285,#1255,#774,.T.);
#1650=EDGE_CURVE('',#1231,#1284,#775,.T.);
#1651=EDGE_CURVE('',#1286,#1230,#776,.T.);
#1652=EDGE_CURVE('',#1286,#1284,#777,.T.);
#1653=EDGE_CURVE('',#1242,#1286,#778,.T.);
#1654=EDGE_CURVE('',#1285,#1241,#779,.T.);
#1655=EDGE_CURVE('',#1287,#1287,#185,.T.);
#1656=EDGE_CURVE('',#1287,#1253,#780,.T.);
#1657=EDGE_CURVE('',#1283,#1288,#781,.T.);
#1658=EDGE_CURVE('',#1288,#1289,#782,.T.);
#1659=EDGE_CURVE('',#1289,#1281,#783,.T.);
#1660=EDGE_CURVE('',#1290,#1289,#784,.T.);
#1661=EDGE_CURVE('',#1290,#1291,#785,.T.);
#1662=EDGE_CURVE('',#1228,#1291,#786,.T.);
#1663=EDGE_CURVE('',#1227,#1292,#787,.T.);
#1664=EDGE_CURVE('',#1292,#1280,#788,.T.);
#1665=EDGE_CURVE('',#1291,#1277,#186,.T.);
#1666=EDGE_CURVE('',#1225,#1293,#789,.T.);
#1667=EDGE_CURVE('',#1293,#1294,#790,.T.);
#1668=EDGE_CURVE('',#1294,#1226,#791,.T.);
#1669=EDGE_CURVE('',#1275,#1293,#792,.T.);
#1670=EDGE_CURVE('',#1239,#1273,#793,.T.);
#1671=EDGE_CURVE('',#1294,#1292,#187,.T.);
#1672=EDGE_CURVE('',#1288,#1295,#794,.T.);
#1673=EDGE_CURVE('',#1295,#1290,#795,.T.);
#1674=EDGE_CURVE('',#1282,#1295,#796,.T.);
#1675=EDGE_CURVE('',#1238,#1296,#797,.T.);
#1676=EDGE_CURVE('',#1296,#1296,#188,.T.);
#1677=EDGE_CURVE('',#1297,#1297,#189,.T.);
#1678=EDGE_CURVE('',#1237,#1298,#798,.T.);
#1679=EDGE_CURVE('',#1298,#1298,#190,.T.);
#1680=EDGE_CURVE('',#1299,#1299,#191,.T.);
#1681=EDGE_CURVE('',#1236,#1300,#799,.T.);
#1682=EDGE_CURVE('',#1300,#1300,#192,.T.);
#1683=EDGE_CURVE('',#1301,#1301,#193,.T.);
#1684=EDGE_CURVE('',#1235,#1302,#800,.T.);
#1685=EDGE_CURVE('',#1302,#1302,#194,.T.);
#1686=EDGE_CURVE('',#1303,#1303,#195,.T.);
#1687=EDGE_CURVE('',#1301,#1304,#801,.T.);
#1688=EDGE_CURVE('',#1304,#1304,#196,.T.);
#1689=EDGE_CURVE('',#1299,#1305,#802,.T.);
#1690=EDGE_CURVE('',#1305,#1305,#197,.T.);
#1691=EDGE_CURVE('',#1303,#1306,#803,.T.);
#1692=EDGE_CURVE('',#1306,#1306,#198,.T.);
#1693=EDGE_CURVE('',#1297,#1307,#804,.T.);
#1694=EDGE_CURVE('',#1307,#1307,#199,.T.);
#1695=EDGE_CURVE('',#1234,#1308,#805,.T.);
#1696=EDGE_CURVE('',#1308,#1308,#200,.T.);
#1697=EDGE_CURVE('',#1132,#1279,#806,.T.);
#1698=EDGE_CURVE('',#1309,#1214,#201,.T.);
#1699=EDGE_CURVE('',#1309,#1216,#807,.T.);
#1700=EDGE_CURVE('',#1310,#1309,#808,.T.);
#1701=EDGE_CURVE('',#1310,#1217,#809,.T.);
#1702=EDGE_CURVE('',#1311,#1310,#810,.T.);
#1703=EDGE_CURVE('',#1311,#1218,#811,.T.);
#1704=EDGE_CURVE('',#1312,#1311,#812,.T.);
#1705=EDGE_CURVE('',#1312,#1219,#813,.T.);
#1706=EDGE_CURVE('',#1313,#1312,#814,.T.);
#1707=EDGE_CURVE('',#1313,#1220,#815,.T.);
#1708=EDGE_CURVE('',#1314,#1313,#202,.T.);
#1709=EDGE_CURVE('',#1314,#1221,#816,.T.);
#1710=EDGE_CURVE('',#1212,#1314,#817,.T.);
#1711=EDGE_CURVE('',#1315,#1315,#20,.T.);
#1712=EDGE_CURVE('',#1276,#1315,#818,.T.);
#1713=EDGE_CURVE('',#1224,#1267,#819,.T.);
#1714=EDGE_CURVE('',#1316,#1316,#203,.T.);
#1715=EDGE_CURVE('',#1316,#1317,#820,.T.);
#1716=EDGE_CURVE('',#1317,#1317,#204,.T.);
#1717=EDGE_CURVE('',#1317,#1260,#821,.T.);
#1718=ORIENTED_EDGE('',*,*,#1318,.F.);
#1719=ORIENTED_EDGE('',*,*,#1319,.F.);
#1720=ORIENTED_EDGE('',*,*,#1320,.F.);
#1721=ORIENTED_EDGE('',*,*,#1321,.T.);
#1722=ORIENTED_EDGE('',*,*,#1322,.F.);
#1723=ORIENTED_EDGE('',*,*,#1321,.F.);
#1724=ORIENTED_EDGE('',*,*,#1323,.F.);
#1725=ORIENTED_EDGE('',*,*,#1324,.T.);
#1726=ORIENTED_EDGE('',*,*,#1325,.F.);
#1727=ORIENTED_EDGE('',*,*,#1324,.F.);
#1728=ORIENTED_EDGE('',*,*,#1326,.F.);
#1729=ORIENTED_EDGE('',*,*,#1327,.T.);
#1730=ORIENTED_EDGE('',*,*,#1328,.F.);
#1731=ORIENTED_EDGE('',*,*,#1327,.F.);
#1732=ORIENTED_EDGE('',*,*,#1329,.F.);
#1733=ORIENTED_EDGE('',*,*,#1330,.T.);
#1734=ORIENTED_EDGE('',*,*,#1331,.F.);
#1735=ORIENTED_EDGE('',*,*,#1330,.F.);
#1736=ORIENTED_EDGE('',*,*,#1332,.F.);
#1737=ORIENTED_EDGE('',*,*,#1333,.T.);
#1738=ORIENTED_EDGE('',*,*,#1334,.F.);
#1739=ORIENTED_EDGE('',*,*,#1333,.F.);
#1740=ORIENTED_EDGE('',*,*,#1335,.F.);
#1741=ORIENTED_EDGE('',*,*,#1336,.T.);
#1742=ORIENTED_EDGE('',*,*,#1337,.F.);
#1743=ORIENTED_EDGE('',*,*,#1336,.F.);
#1744=ORIENTED_EDGE('',*,*,#1338,.F.);
#1745=ORIENTED_EDGE('',*,*,#1339,.T.);
#1746=ORIENTED_EDGE('',*,*,#1340,.F.);
#1747=ORIENTED_EDGE('',*,*,#1339,.F.);
#1748=ORIENTED_EDGE('',*,*,#1341,.F.);
#1749=ORIENTED_EDGE('',*,*,#1342,.T.);
#1750=ORIENTED_EDGE('',*,*,#1343,.F.);
#1751=ORIENTED_EDGE('',*,*,#1342,.F.);
#1752=ORIENTED_EDGE('',*,*,#1344,.F.);
#1753=ORIENTED_EDGE('',*,*,#1345,.T.);
#1754=ORIENTED_EDGE('',*,*,#1346,.F.);
#1755=ORIENTED_EDGE('',*,*,#1345,.F.);
#1756=ORIENTED_EDGE('',*,*,#1347,.F.);
#1757=ORIENTED_EDGE('',*,*,#1348,.T.);
#1758=ORIENTED_EDGE('',*,*,#1349,.F.);
#1759=ORIENTED_EDGE('',*,*,#1348,.F.);
#1760=ORIENTED_EDGE('',*,*,#1350,.F.);
#1761=ORIENTED_EDGE('',*,*,#1351,.T.);
#1762=ORIENTED_EDGE('',*,*,#1352,.F.);
#1763=ORIENTED_EDGE('',*,*,#1351,.F.);
#1764=ORIENTED_EDGE('',*,*,#1353,.F.);
#1765=ORIENTED_EDGE('',*,*,#1354,.T.);
#1766=ORIENTED_EDGE('',*,*,#1355,.F.);
#1767=ORIENTED_EDGE('',*,*,#1354,.F.);
#1768=ORIENTED_EDGE('',*,*,#1356,.F.);
#1769=ORIENTED_EDGE('',*,*,#1357,.T.);
#1770=ORIENTED_EDGE('',*,*,#1358,.F.);
#1771=ORIENTED_EDGE('',*,*,#1357,.F.);
#1772=ORIENTED_EDGE('',*,*,#1359,.F.);
#1773=ORIENTED_EDGE('',*,*,#1360,.T.);
#1774=ORIENTED_EDGE('',*,*,#1361,.F.);
#1775=ORIENTED_EDGE('',*,*,#1360,.F.);
#1776=ORIENTED_EDGE('',*,*,#1362,.F.);
#1777=ORIENTED_EDGE('',*,*,#1363,.T.);
#1778=ORIENTED_EDGE('',*,*,#1364,.F.);
#1779=ORIENTED_EDGE('',*,*,#1363,.F.);
#1780=ORIENTED_EDGE('',*,*,#1365,.F.);
#1781=ORIENTED_EDGE('',*,*,#1366,.T.);
#1782=ORIENTED_EDGE('',*,*,#1367,.F.);
#1783=ORIENTED_EDGE('',*,*,#1366,.F.);
#1784=ORIENTED_EDGE('',*,*,#1368,.F.);
#1785=ORIENTED_EDGE('',*,*,#1369,.T.);
#1786=ORIENTED_EDGE('',*,*,#1370,.F.);
#1787=ORIENTED_EDGE('',*,*,#1369,.F.);
#1788=ORIENTED_EDGE('',*,*,#1371,.F.);
#1789=ORIENTED_EDGE('',*,*,#1372,.T.);
#1790=ORIENTED_EDGE('',*,*,#1373,.F.);
#1791=ORIENTED_EDGE('',*,*,#1372,.F.);
#1792=ORIENTED_EDGE('',*,*,#1374,.F.);
#1793=ORIENTED_EDGE('',*,*,#1375,.T.);
#1794=ORIENTED_EDGE('',*,*,#1376,.F.);
#1795=ORIENTED_EDGE('',*,*,#1375,.F.);
#1796=ORIENTED_EDGE('',*,*,#1377,.F.);
#1797=ORIENTED_EDGE('',*,*,#1378,.T.);
#1798=ORIENTED_EDGE('',*,*,#1379,.F.);
#1799=ORIENTED_EDGE('',*,*,#1378,.F.);
#1800=ORIENTED_EDGE('',*,*,#1380,.F.);
#1801=ORIENTED_EDGE('',*,*,#1381,.T.);
#1802=ORIENTED_EDGE('',*,*,#1382,.F.);
#1803=ORIENTED_EDGE('',*,*,#1381,.F.);
#1804=ORIENTED_EDGE('',*,*,#1383,.F.);
#1805=ORIENTED_EDGE('',*,*,#1384,.T.);
#1806=ORIENTED_EDGE('',*,*,#1385,.F.);
#1807=ORIENTED_EDGE('',*,*,#1384,.F.);
#1808=ORIENTED_EDGE('',*,*,#1386,.F.);
#1809=ORIENTED_EDGE('',*,*,#1387,.T.);
#1810=ORIENTED_EDGE('',*,*,#1388,.F.);
#1811=ORIENTED_EDGE('',*,*,#1387,.F.);
#1812=ORIENTED_EDGE('',*,*,#1389,.F.);
#1813=ORIENTED_EDGE('',*,*,#1390,.T.);
#1814=ORIENTED_EDGE('',*,*,#1391,.F.);
#1815=ORIENTED_EDGE('',*,*,#1390,.F.);
#1816=ORIENTED_EDGE('',*,*,#1392,.F.);
#1817=ORIENTED_EDGE('',*,*,#1393,.T.);
#1818=ORIENTED_EDGE('',*,*,#1394,.F.);
#1819=ORIENTED_EDGE('',*,*,#1393,.F.);
#1820=ORIENTED_EDGE('',*,*,#1395,.F.);
#1821=ORIENTED_EDGE('',*,*,#1396,.T.);
#1822=ORIENTED_EDGE('',*,*,#1397,.F.);
#1823=ORIENTED_EDGE('',*,*,#1396,.F.);
#1824=ORIENTED_EDGE('',*,*,#1398,.F.);
#1825=ORIENTED_EDGE('',*,*,#1399,.T.);
#1826=ORIENTED_EDGE('',*,*,#1400,.F.);
#1827=ORIENTED_EDGE('',*,*,#1399,.F.);
#1828=ORIENTED_EDGE('',*,*,#1401,.F.);
#1829=ORIENTED_EDGE('',*,*,#1402,.T.);
#1830=ORIENTED_EDGE('',*,*,#1403,.F.);
#1831=ORIENTED_EDGE('',*,*,#1402,.F.);
#1832=ORIENTED_EDGE('',*,*,#1404,.F.);
#1833=ORIENTED_EDGE('',*,*,#1405,.T.);
#1834=ORIENTED_EDGE('',*,*,#1406,.F.);
#1835=ORIENTED_EDGE('',*,*,#1405,.F.);
#1836=ORIENTED_EDGE('',*,*,#1407,.F.);
#1837=ORIENTED_EDGE('',*,*,#1408,.T.);
#1838=ORIENTED_EDGE('',*,*,#1409,.F.);
#1839=ORIENTED_EDGE('',*,*,#1408,.F.);
#1840=ORIENTED_EDGE('',*,*,#1410,.F.);
#1841=ORIENTED_EDGE('',*,*,#1411,.T.);
#1842=ORIENTED_EDGE('',*,*,#1412,.F.);
#1843=ORIENTED_EDGE('',*,*,#1411,.F.);
#1844=ORIENTED_EDGE('',*,*,#1413,.F.);
#1845=ORIENTED_EDGE('',*,*,#1414,.T.);
#1846=ORIENTED_EDGE('',*,*,#1415,.F.);
#1847=ORIENTED_EDGE('',*,*,#1414,.F.);
#1848=ORIENTED_EDGE('',*,*,#1416,.F.);
#1849=ORIENTED_EDGE('',*,*,#1417,.T.);
#1850=ORIENTED_EDGE('',*,*,#1418,.F.);
#1851=ORIENTED_EDGE('',*,*,#1417,.F.);
#1852=ORIENTED_EDGE('',*,*,#1419,.F.);
#1853=ORIENTED_EDGE('',*,*,#1420,.T.);
#1854=ORIENTED_EDGE('',*,*,#1421,.F.);
#1855=ORIENTED_EDGE('',*,*,#1420,.F.);
#1856=ORIENTED_EDGE('',*,*,#1422,.F.);
#1857=ORIENTED_EDGE('',*,*,#1423,.T.);
#1858=ORIENTED_EDGE('',*,*,#1424,.F.);
#1859=ORIENTED_EDGE('',*,*,#1423,.F.);
#1860=ORIENTED_EDGE('',*,*,#1425,.F.);
#1861=ORIENTED_EDGE('',*,*,#1426,.T.);
#1862=ORIENTED_EDGE('',*,*,#1427,.F.);
#1863=ORIENTED_EDGE('',*,*,#1426,.F.);
#1864=ORIENTED_EDGE('',*,*,#1428,.F.);
#1865=ORIENTED_EDGE('',*,*,#1429,.T.);
#1866=ORIENTED_EDGE('',*,*,#1430,.F.);
#1867=ORIENTED_EDGE('',*,*,#1429,.F.);
#1868=ORIENTED_EDGE('',*,*,#1431,.F.);
#1869=ORIENTED_EDGE('',*,*,#1432,.T.);
#1870=ORIENTED_EDGE('',*,*,#1433,.F.);
#1871=ORIENTED_EDGE('',*,*,#1432,.F.);
#1872=ORIENTED_EDGE('',*,*,#1434,.F.);
#1873=ORIENTED_EDGE('',*,*,#1435,.F.);
#1874=ORIENTED_EDGE('',*,*,#1436,.F.);
#1875=ORIENTED_EDGE('',*,*,#1437,.F.);
#1876=ORIENTED_EDGE('',*,*,#1438,.F.);
#1877=ORIENTED_EDGE('',*,*,#1439,.T.);
#1878=ORIENTED_EDGE('',*,*,#1440,.F.);
#1879=ORIENTED_EDGE('',*,*,#1439,.F.);
#1880=ORIENTED_EDGE('',*,*,#1441,.F.);
#1881=ORIENTED_EDGE('',*,*,#1442,.T.);
#1882=ORIENTED_EDGE('',*,*,#1443,.F.);
#1883=ORIENTED_EDGE('',*,*,#1442,.F.);
#1884=ORIENTED_EDGE('',*,*,#1444,.F.);
#1885=ORIENTED_EDGE('',*,*,#1445,.T.);
#1886=ORIENTED_EDGE('',*,*,#1446,.F.);
#1887=ORIENTED_EDGE('',*,*,#1445,.F.);
#1888=ORIENTED_EDGE('',*,*,#1447,.F.);
#1889=ORIENTED_EDGE('',*,*,#1448,.T.);
#1890=ORIENTED_EDGE('',*,*,#1449,.F.);
#1891=ORIENTED_EDGE('',*,*,#1448,.F.);
#1892=ORIENTED_EDGE('',*,*,#1450,.F.);
#1893=ORIENTED_EDGE('',*,*,#1451,.T.);
#1894=ORIENTED_EDGE('',*,*,#1452,.F.);
#1895=ORIENTED_EDGE('',*,*,#1451,.F.);
#1896=ORIENTED_EDGE('',*,*,#1453,.F.);
#1897=ORIENTED_EDGE('',*,*,#1454,.T.);
#1898=ORIENTED_EDGE('',*,*,#1455,.F.);
#1899=ORIENTED_EDGE('',*,*,#1454,.F.);
#1900=ORIENTED_EDGE('',*,*,#1456,.F.);
#1901=ORIENTED_EDGE('',*,*,#1457,.T.);
#1902=ORIENTED_EDGE('',*,*,#1458,.F.);
#1903=ORIENTED_EDGE('',*,*,#1457,.F.);
#1904=ORIENTED_EDGE('',*,*,#1459,.F.);
#1905=ORIENTED_EDGE('',*,*,#1460,.T.);
#1906=ORIENTED_EDGE('',*,*,#1461,.F.);
#1907=ORIENTED_EDGE('',*,*,#1460,.F.);
#1908=ORIENTED_EDGE('',*,*,#1462,.F.);
#1909=ORIENTED_EDGE('',*,*,#1463,.T.);
#1910=ORIENTED_EDGE('',*,*,#1464,.F.);
#1911=ORIENTED_EDGE('',*,*,#1463,.F.);
#1912=ORIENTED_EDGE('',*,*,#1465,.F.);
#1913=ORIENTED_EDGE('',*,*,#1466,.T.);
#1914=ORIENTED_EDGE('',*,*,#1467,.F.);
#1915=ORIENTED_EDGE('',*,*,#1466,.F.);
#1916=ORIENTED_EDGE('',*,*,#1468,.F.);
#1917=ORIENTED_EDGE('',*,*,#1469,.T.);
#1918=ORIENTED_EDGE('',*,*,#1470,.F.);
#1919=ORIENTED_EDGE('',*,*,#1469,.F.);
#1920=ORIENTED_EDGE('',*,*,#1471,.F.);
#1921=ORIENTED_EDGE('',*,*,#1472,.T.);
#1922=ORIENTED_EDGE('',*,*,#1473,.F.);
#1923=ORIENTED_EDGE('',*,*,#1472,.F.);
#1924=ORIENTED_EDGE('',*,*,#1474,.F.);
#1925=ORIENTED_EDGE('',*,*,#1475,.T.);
#1926=ORIENTED_EDGE('',*,*,#1476,.F.);
#1927=ORIENTED_EDGE('',*,*,#1475,.F.);
#1928=ORIENTED_EDGE('',*,*,#1477,.F.);
#1929=ORIENTED_EDGE('',*,*,#1478,.T.);
#1930=ORIENTED_EDGE('',*,*,#1479,.F.);
#1931=ORIENTED_EDGE('',*,*,#1478,.F.);
#1932=ORIENTED_EDGE('',*,*,#1480,.F.);
#1933=ORIENTED_EDGE('',*,*,#1481,.T.);
#1934=ORIENTED_EDGE('',*,*,#1482,.F.);
#1935=ORIENTED_EDGE('',*,*,#1481,.F.);
#1936=ORIENTED_EDGE('',*,*,#1483,.F.);
#1937=ORIENTED_EDGE('',*,*,#1484,.T.);
#1938=ORIENTED_EDGE('',*,*,#1485,.F.);
#1939=ORIENTED_EDGE('',*,*,#1484,.F.);
#1940=ORIENTED_EDGE('',*,*,#1486,.F.);
#1941=ORIENTED_EDGE('',*,*,#1487,.T.);
#1942=ORIENTED_EDGE('',*,*,#1488,.F.);
#1943=ORIENTED_EDGE('',*,*,#1487,.F.);
#1944=ORIENTED_EDGE('',*,*,#1489,.F.);
#1945=ORIENTED_EDGE('',*,*,#1490,.T.);
#1946=ORIENTED_EDGE('',*,*,#1491,.F.);
#1947=ORIENTED_EDGE('',*,*,#1490,.F.);
#1948=ORIENTED_EDGE('',*,*,#1492,.F.);
#1949=ORIENTED_EDGE('',*,*,#1493,.T.);
#1950=ORIENTED_EDGE('',*,*,#1494,.F.);
#1951=ORIENTED_EDGE('',*,*,#1493,.F.);
#1952=ORIENTED_EDGE('',*,*,#1495,.F.);
#1953=ORIENTED_EDGE('',*,*,#1496,.T.);
#1954=ORIENTED_EDGE('',*,*,#1497,.F.);
#1955=ORIENTED_EDGE('',*,*,#1496,.F.);
#1956=ORIENTED_EDGE('',*,*,#1498,.F.);
#1957=ORIENTED_EDGE('',*,*,#1499,.T.);
#1958=ORIENTED_EDGE('',*,*,#1500,.F.);
#1959=ORIENTED_EDGE('',*,*,#1499,.F.);
#1960=ORIENTED_EDGE('',*,*,#1501,.F.);
#1961=ORIENTED_EDGE('',*,*,#1502,.T.);
#1962=ORIENTED_EDGE('',*,*,#1503,.F.);
#1963=ORIENTED_EDGE('',*,*,#1502,.F.);
#1964=ORIENTED_EDGE('',*,*,#1504,.F.);
#1965=ORIENTED_EDGE('',*,*,#1505,.T.);
#1966=ORIENTED_EDGE('',*,*,#1506,.F.);
#1967=ORIENTED_EDGE('',*,*,#1505,.F.);
#1968=ORIENTED_EDGE('',*,*,#1507,.F.);
#1969=ORIENTED_EDGE('',*,*,#1508,.T.);
#1970=ORIENTED_EDGE('',*,*,#1509,.F.);
#1971=ORIENTED_EDGE('',*,*,#1508,.F.);
#1972=ORIENTED_EDGE('',*,*,#1510,.F.);
#1973=ORIENTED_EDGE('',*,*,#1511,.T.);
#1974=ORIENTED_EDGE('',*,*,#1512,.F.);
#1975=ORIENTED_EDGE('',*,*,#1511,.F.);
#1976=ORIENTED_EDGE('',*,*,#1513,.F.);
#1977=ORIENTED_EDGE('',*,*,#1514,.T.);
#1978=ORIENTED_EDGE('',*,*,#1515,.F.);
#1979=ORIENTED_EDGE('',*,*,#1514,.F.);
#1980=ORIENTED_EDGE('',*,*,#1516,.F.);
#1981=ORIENTED_EDGE('',*,*,#1517,.T.);
#1982=ORIENTED_EDGE('',*,*,#1518,.F.);
#1983=ORIENTED_EDGE('',*,*,#1517,.F.);
#1984=ORIENTED_EDGE('',*,*,#1519,.F.);
#1985=ORIENTED_EDGE('',*,*,#1520,.T.);
#1986=ORIENTED_EDGE('',*,*,#1521,.F.);
#1987=ORIENTED_EDGE('',*,*,#1520,.F.);
#1988=ORIENTED_EDGE('',*,*,#1522,.F.);
#1989=ORIENTED_EDGE('',*,*,#1523,.T.);
#1990=ORIENTED_EDGE('',*,*,#1524,.F.);
#1991=ORIENTED_EDGE('',*,*,#1523,.F.);
#1992=ORIENTED_EDGE('',*,*,#1525,.F.);
#1993=ORIENTED_EDGE('',*,*,#1526,.T.);
#1994=ORIENTED_EDGE('',*,*,#1527,.F.);
#1995=ORIENTED_EDGE('',*,*,#1526,.F.);
#1996=ORIENTED_EDGE('',*,*,#1528,.F.);
#1997=ORIENTED_EDGE('',*,*,#1529,.T.);
#1998=ORIENTED_EDGE('',*,*,#1530,.F.);
#1999=ORIENTED_EDGE('',*,*,#1529,.F.);
#2000=ORIENTED_EDGE('',*,*,#1531,.F.);
#2001=ORIENTED_EDGE('',*,*,#1532,.T.);
#2002=ORIENTED_EDGE('',*,*,#1533,.F.);
#2003=ORIENTED_EDGE('',*,*,#1532,.F.);
#2004=ORIENTED_EDGE('',*,*,#1534,.F.);
#2005=ORIENTED_EDGE('',*,*,#1535,.T.);
#2006=ORIENTED_EDGE('',*,*,#1536,.F.);
#2007=ORIENTED_EDGE('',*,*,#1535,.F.);
#2008=ORIENTED_EDGE('',*,*,#1537,.F.);
#2009=ORIENTED_EDGE('',*,*,#1538,.T.);
#2010=ORIENTED_EDGE('',*,*,#1539,.F.);
#2011=ORIENTED_EDGE('',*,*,#1538,.F.);
#2012=ORIENTED_EDGE('',*,*,#1540,.F.);
#2013=ORIENTED_EDGE('',*,*,#1541,.T.);
#2014=ORIENTED_EDGE('',*,*,#1542,.F.);
#2015=ORIENTED_EDGE('',*,*,#1541,.F.);
#2016=ORIENTED_EDGE('',*,*,#1543,.F.);
#2017=ORIENTED_EDGE('',*,*,#1544,.T.);
#2018=ORIENTED_EDGE('',*,*,#1545,.F.);
#2019=ORIENTED_EDGE('',*,*,#1544,.F.);
#2020=ORIENTED_EDGE('',*,*,#1546,.F.);
#2021=ORIENTED_EDGE('',*,*,#1547,.T.);
#2022=ORIENTED_EDGE('',*,*,#1548,.F.);
#2023=ORIENTED_EDGE('',*,*,#1547,.F.);
#2024=ORIENTED_EDGE('',*,*,#1549,.F.);
#2025=ORIENTED_EDGE('',*,*,#1550,.T.);
#2026=ORIENTED_EDGE('',*,*,#1551,.F.);
#2027=ORIENTED_EDGE('',*,*,#1550,.F.);
#2028=ORIENTED_EDGE('',*,*,#1552,.F.);
#2029=ORIENTED_EDGE('',*,*,#1553,.F.);
#2030=ORIENTED_EDGE('',*,*,#1319,.T.);
#2031=ORIENTED_EDGE('',*,*,#1554,.F.);
#2032=ORIENTED_EDGE('',*,*,#1555,.T.);
#2033=ORIENTED_EDGE('',*,*,#1556,.T.);
#2034=ORIENTED_EDGE('',*,*,#1434,.T.);
#2035=ORIENTED_EDGE('',*,*,#1431,.T.);
#2036=ORIENTED_EDGE('',*,*,#1428,.T.);
#2037=ORIENTED_EDGE('',*,*,#1425,.T.);
#2038=ORIENTED_EDGE('',*,*,#1422,.T.);
#2039=ORIENTED_EDGE('',*,*,#1419,.T.);
#2040=ORIENTED_EDGE('',*,*,#1416,.T.);
#2041=ORIENTED_EDGE('',*,*,#1413,.T.);
#2042=ORIENTED_EDGE('',*,*,#1410,.T.);
#2043=ORIENTED_EDGE('',*,*,#1407,.T.);
#2044=ORIENTED_EDGE('',*,*,#1404,.T.);
#2045=ORIENTED_EDGE('',*,*,#1401,.T.);
#2046=ORIENTED_EDGE('',*,*,#1398,.T.);
#2047=ORIENTED_EDGE('',*,*,#1395,.T.);
#2048=ORIENTED_EDGE('',*,*,#1392,.T.);
#2049=ORIENTED_EDGE('',*,*,#1389,.T.);
#2050=ORIENTED_EDGE('',*,*,#1386,.T.);
#2051=ORIENTED_EDGE('',*,*,#1383,.T.);
#2052=ORIENTED_EDGE('',*,*,#1380,.T.);
#2053=ORIENTED_EDGE('',*,*,#1377,.T.);
#2054=ORIENTED_EDGE('',*,*,#1374,.T.);
#2055=ORIENTED_EDGE('',*,*,#1371,.T.);
#2056=ORIENTED_EDGE('',*,*,#1368,.T.);
#2057=ORIENTED_EDGE('',*,*,#1365,.T.);
#2058=ORIENTED_EDGE('',*,*,#1362,.T.);
#2059=ORIENTED_EDGE('',*,*,#1359,.T.);
#2060=ORIENTED_EDGE('',*,*,#1356,.T.);
#2061=ORIENTED_EDGE('',*,*,#1353,.T.);
#2062=ORIENTED_EDGE('',*,*,#1350,.T.);
#2063=ORIENTED_EDGE('',*,*,#1347,.T.);
#2064=ORIENTED_EDGE('',*,*,#1344,.T.);
#2065=ORIENTED_EDGE('',*,*,#1341,.T.);
#2066=ORIENTED_EDGE('',*,*,#1338,.T.);
#2067=ORIENTED_EDGE('',*,*,#1335,.T.);
#2068=ORIENTED_EDGE('',*,*,#1332,.T.);
#2069=ORIENTED_EDGE('',*,*,#1329,.T.);
#2070=ORIENTED_EDGE('',*,*,#1326,.T.);
#2071=ORIENTED_EDGE('',*,*,#1323,.T.);
#2072=ORIENTED_EDGE('',*,*,#1320,.T.);
#2073=ORIENTED_EDGE('',*,*,#1556,.F.);
#2074=ORIENTED_EDGE('',*,*,#1557,.F.);
#2075=ORIENTED_EDGE('',*,*,#1558,.F.);
#2076=ORIENTED_EDGE('',*,*,#1559,.F.);
#2077=ORIENTED_EDGE('',*,*,#1560,.F.);
#2078=ORIENTED_EDGE('',*,*,#1561,.F.);
#2079=ORIENTED_EDGE('',*,*,#1562,.F.);
#2080=ORIENTED_EDGE('',*,*,#1563,.F.);
#2081=ORIENTED_EDGE('',*,*,#1552,.T.);
#2082=ORIENTED_EDGE('',*,*,#1549,.T.);
#2083=ORIENTED_EDGE('',*,*,#1546,.T.);
#2084=ORIENTED_EDGE('',*,*,#1543,.T.);
#2085=ORIENTED_EDGE('',*,*,#1540,.T.);
#2086=ORIENTED_EDGE('',*,*,#1537,.T.);
#2087=ORIENTED_EDGE('',*,*,#1534,.T.);
#2088=ORIENTED_EDGE('',*,*,#1531,.T.);
#2089=ORIENTED_EDGE('',*,*,#1528,.T.);
#2090=ORIENTED_EDGE('',*,*,#1525,.T.);
#2091=ORIENTED_EDGE('',*,*,#1522,.T.);
#2092=ORIENTED_EDGE('',*,*,#1519,.T.);
#2093=ORIENTED_EDGE('',*,*,#1516,.T.);
#2094=ORIENTED_EDGE('',*,*,#1513,.T.);
#2095=ORIENTED_EDGE('',*,*,#1510,.T.);
#2096=ORIENTED_EDGE('',*,*,#1507,.T.);
#2097=ORIENTED_EDGE('',*,*,#1504,.T.);
#2098=ORIENTED_EDGE('',*,*,#1501,.T.);
#2099=ORIENTED_EDGE('',*,*,#1498,.T.);
#2100=ORIENTED_EDGE('',*,*,#1495,.T.);
#2101=ORIENTED_EDGE('',*,*,#1492,.T.);
#2102=ORIENTED_EDGE('',*,*,#1489,.T.);
#2103=ORIENTED_EDGE('',*,*,#1486,.T.);
#2104=ORIENTED_EDGE('',*,*,#1483,.T.);
#2105=ORIENTED_EDGE('',*,*,#1480,.T.);
#2106=ORIENTED_EDGE('',*,*,#1477,.T.);
#2107=ORIENTED_EDGE('',*,*,#1474,.T.);
#2108=ORIENTED_EDGE('',*,*,#1471,.T.);
#2109=ORIENTED_EDGE('',*,*,#1468,.T.);
#2110=ORIENTED_EDGE('',*,*,#1465,.T.);
#2111=ORIENTED_EDGE('',*,*,#1462,.T.);
#2112=ORIENTED_EDGE('',*,*,#1459,.T.);
#2113=ORIENTED_EDGE('',*,*,#1456,.T.);
#2114=ORIENTED_EDGE('',*,*,#1453,.T.);
#2115=ORIENTED_EDGE('',*,*,#1450,.T.);
#2116=ORIENTED_EDGE('',*,*,#1447,.T.);
#2117=ORIENTED_EDGE('',*,*,#1444,.T.);
#2118=ORIENTED_EDGE('',*,*,#1441,.T.);
#2119=ORIENTED_EDGE('',*,*,#1438,.T.);
#2120=ORIENTED_EDGE('',*,*,#1564,.F.);
#2121=ORIENTED_EDGE('',*,*,#1565,.T.);
#2122=ORIENTED_EDGE('',*,*,#1566,.T.);
#2123=ORIENTED_EDGE('',*,*,#1567,.T.);
#2124=ORIENTED_EDGE('',*,*,#1568,.T.);
#2125=ORIENTED_EDGE('',*,*,#1569,.F.);
#2126=ORIENTED_EDGE('',*,*,#1570,.F.);
#2127=ORIENTED_EDGE('',*,*,#1571,.F.);
#2128=ORIENTED_EDGE('',*,*,#1572,.F.);
#2129=ORIENTED_EDGE('',*,*,#1573,.F.);
#2130=ORIENTED_EDGE('',*,*,#1574,.F.);
#2131=ORIENTED_EDGE('',*,*,#1575,.F.);
#2132=ORIENTED_EDGE('',*,*,#1576,.F.);
#2133=ORIENTED_EDGE('',*,*,#1577,.F.);
#2134=ORIENTED_EDGE('',*,*,#1578,.F.);
#2135=ORIENTED_EDGE('',*,*,#1579,.F.);
#2136=ORIENTED_EDGE('',*,*,#1580,.F.);
#2137=ORIENTED_EDGE('',*,*,#1581,.F.);
#2138=ORIENTED_EDGE('',*,*,#1437,.T.);
#2139=ORIENTED_EDGE('',*,*,#1582,.F.);
#2140=ORIENTED_EDGE('',*,*,#1583,.F.);
#2141=ORIENTED_EDGE('',*,*,#1564,.T.);
#2142=ORIENTED_EDGE('',*,*,#1584,.T.);
#2143=ORIENTED_EDGE('',*,*,#1585,.T.);
#2144=ORIENTED_EDGE('',*,*,#1586,.T.);
#2145=ORIENTED_EDGE('',*,*,#1587,.T.);
#2146=ORIENTED_EDGE('',*,*,#1588,.T.);
#2147=ORIENTED_EDGE('',*,*,#1589,.T.);
#2148=ORIENTED_EDGE('',*,*,#1590,.T.);
#2149=ORIENTED_EDGE('',*,*,#1587,.F.);
#2150=ORIENTED_EDGE('',*,*,#1591,.T.);
#2151=ORIENTED_EDGE('',*,*,#1592,.T.);
#2152=ORIENTED_EDGE('',*,*,#1593,.T.);
#2153=ORIENTED_EDGE('',*,*,#1594,.T.);
#2154=ORIENTED_EDGE('',*,*,#1595,.T.);
#2155=ORIENTED_EDGE('',*,*,#1596,.T.);
#2156=ORIENTED_EDGE('',*,*,#1597,.T.);
#2157=ORIENTED_EDGE('',*,*,#1598,.F.);
#2158=ORIENTED_EDGE('',*,*,#1599,.T.);
#2159=ORIENTED_EDGE('',*,*,#1589,.F.);
#2160=ORIENTED_EDGE('',*,*,#1600,.F.);
#2161=ORIENTED_EDGE('',*,*,#1590,.F.);
#2162=ORIENTED_EDGE('',*,*,#1599,.F.);
#2163=ORIENTED_EDGE('',*,*,#1595,.F.);
#2164=ORIENTED_EDGE('',*,*,#1601,.T.);
#2165=ORIENTED_EDGE('',*,*,#1602,.F.);
#2166=ORIENTED_EDGE('',*,*,#1603,.T.);
#2167=ORIENTED_EDGE('',*,*,#1594,.F.);
#2168=ORIENTED_EDGE('',*,*,#1604,.F.);
#2169=ORIENTED_EDGE('',*,*,#1605,.F.);
#2170=ORIENTED_EDGE('',*,*,#1606,.T.);
#2171=ORIENTED_EDGE('',*,*,#1601,.F.);
#2172=ORIENTED_EDGE('',*,*,#1597,.F.);
#2173=ORIENTED_EDGE('',*,*,#1607,.T.);
#2174=ORIENTED_EDGE('',*,*,#1608,.T.);
#2175=ORIENTED_EDGE('',*,*,#1607,.F.);
#2176=ORIENTED_EDGE('',*,*,#1609,.F.);
#2177=ORIENTED_EDGE('',*,*,#1610,.F.);
#2178=ORIENTED_EDGE('',*,*,#1611,.F.);
#2179=ORIENTED_EDGE('',*,*,#1612,.F.);
#2180=ORIENTED_EDGE('',*,*,#1613,.F.);
#2181=ORIENTED_EDGE('',*,*,#1614,.F.);
#2182=ORIENTED_EDGE('',*,*,#1615,.F.);
#2183=ORIENTED_EDGE('',*,*,#1614,.T.);
#2184=ORIENTED_EDGE('',*,*,#1616,.T.);
#2185=ORIENTED_EDGE('',*,*,#1617,.F.);
#2186=ORIENTED_EDGE('',*,*,#1618,.F.);
#2187=ORIENTED_EDGE('',*,*,#1619,.F.);
#2188=ORIENTED_EDGE('',*,*,#1615,.T.);
#2189=ORIENTED_EDGE('',*,*,#1619,.T.);
#2190=ORIENTED_EDGE('',*,*,#1620,.T.);
#2191=ORIENTED_EDGE('',*,*,#1621,.T.);
#2192=ORIENTED_EDGE('',*,*,#1622,.T.);
#2193=ORIENTED_EDGE('',*,*,#1623,.F.);
#2194=ORIENTED_EDGE('',*,*,#1624,.T.);
#2195=ORIENTED_EDGE('',*,*,#1625,.F.);
#2196=ORIENTED_EDGE('',*,*,#1626,.T.);
#2197=ORIENTED_EDGE('',*,*,#1623,.T.);
#2198=ORIENTED_EDGE('',*,*,#1627,.F.);
#2199=ORIENTED_EDGE('',*,*,#1628,.T.);
#2200=ORIENTED_EDGE('',*,*,#1629,.T.);
#2201=ORIENTED_EDGE('',*,*,#1630,.F.);
#2202=ORIENTED_EDGE('',*,*,#1613,.T.);
#2203=ORIENTED_EDGE('',*,*,#1631,.T.);
#2204=ORIENTED_EDGE('',*,*,#1624,.F.);
#2205=ORIENTED_EDGE('',*,*,#1630,.T.);
#2206=ORIENTED_EDGE('',*,*,#1632,.T.);
#2207=ORIENTED_EDGE('',*,*,#1633,.F.);
#2208=ORIENTED_EDGE('',*,*,#1616,.F.);
#2209=ORIENTED_EDGE('',*,*,#1634,.F.);
#2210=ORIENTED_EDGE('',*,*,#1612,.T.);
#2211=ORIENTED_EDGE('',*,*,#1635,.F.);
#2212=ORIENTED_EDGE('',*,*,#1609,.T.);
#2213=ORIENTED_EDGE('',*,*,#1622,.F.);
#2214=ORIENTED_EDGE('',*,*,#1636,.T.);
#2215=ORIENTED_EDGE('',*,*,#1625,.T.);
#2216=ORIENTED_EDGE('',*,*,#1631,.F.);
#2217=ORIENTED_EDGE('',*,*,#1572,.T.);
#2218=ORIENTED_EDGE('',*,*,#1637,.T.);
#2219=ORIENTED_EDGE('',*,*,#1638,.F.);
#2220=ORIENTED_EDGE('',*,*,#1639,.F.);
#2221=ORIENTED_EDGE('',*,*,#1592,.F.);
#2222=ORIENTED_EDGE('',*,*,#1640,.F.);
#2223=ORIENTED_EDGE('',*,*,#1639,.T.);
#2224=ORIENTED_EDGE('',*,*,#1641,.F.);
#2225=ORIENTED_EDGE('',*,*,#1575,.T.);
#2226=ORIENTED_EDGE('',*,*,#1605,.T.);
#2227=ORIENTED_EDGE('',*,*,#1642,.F.);
#2228=ORIENTED_EDGE('',*,*,#1643,.T.);
#2229=ORIENTED_EDGE('',*,*,#1644,.F.);
#2230=ORIENTED_EDGE('',*,*,#1645,.F.);
#2231=ORIENTED_EDGE('',*,*,#1646,.T.);
#2232=ORIENTED_EDGE('',*,*,#1647,.T.);
#2233=ORIENTED_EDGE('',*,*,#1608,.F.);
#2234=ORIENTED_EDGE('',*,*,#1648,.T.);
#2235=ORIENTED_EDGE('',*,*,#1649,.T.);
#2236=ORIENTED_EDGE('',*,*,#1602,.T.);
#2237=ORIENTED_EDGE('',*,*,#1606,.F.);
#2238=ORIENTED_EDGE('',*,*,#1574,.T.);
#2239=ORIENTED_EDGE('',*,*,#1650,.T.);
#2240=ORIENTED_EDGE('',*,*,#1573,.T.);
#2241=ORIENTED_EDGE('',*,*,#1651,.F.);
#2242=ORIENTED_EDGE('',*,*,#1652,.T.);
#2243=ORIENTED_EDGE('',*,*,#1650,.F.);
#2244=ORIENTED_EDGE('',*,*,#1586,.F.);
#2245=ORIENTED_EDGE('',*,*,#1653,.T.);
#2246=ORIENTED_EDGE('',*,*,#1651,.T.);
#2247=ORIENTED_EDGE('',*,*,#1640,.T.);
#2248=ORIENTED_EDGE('',*,*,#1591,.F.);
#2249=ORIENTED_EDGE('',*,*,#1584,.F.);
#2250=ORIENTED_EDGE('',*,*,#1600,.T.);
#2251=ORIENTED_EDGE('',*,*,#1588,.F.);
#2252=ORIENTED_EDGE('',*,*,#1596,.F.);
#2253=ORIENTED_EDGE('',*,*,#1603,.F.);
#2254=ORIENTED_EDGE('',*,*,#1649,.F.);
#2255=ORIENTED_EDGE('',*,*,#1654,.T.);
#2256=ORIENTED_EDGE('',*,*,#1655,.T.);
#2257=ORIENTED_EDGE('',*,*,#1655,.F.);
#2258=ORIENTED_EDGE('',*,*,#1656,.T.);
#2259=ORIENTED_EDGE('',*,*,#1598,.T.);
#2260=ORIENTED_EDGE('',*,*,#1656,.F.);
#2261=ORIENTED_EDGE('',*,*,#1585,.F.);
#2262=ORIENTED_EDGE('',*,*,#1654,.F.);
#2263=ORIENTED_EDGE('',*,*,#1648,.F.);
#2264=ORIENTED_EDGE('',*,*,#1652,.F.);
#2265=ORIENTED_EDGE('',*,*,#1653,.F.);
#2266=ORIENTED_EDGE('',*,*,#1647,.F.);
#2267=ORIENTED_EDGE('',*,*,#1657,.T.);
#2268=ORIENTED_EDGE('',*,*,#1658,.T.);
#2269=ORIENTED_EDGE('',*,*,#1659,.T.);
#2270=ORIENTED_EDGE('',*,*,#1659,.F.);
#2271=ORIENTED_EDGE('',*,*,#1660,.F.);
#2272=ORIENTED_EDGE('',*,*,#1661,.T.);
#2273=ORIENTED_EDGE('',*,*,#1662,.F.);
#2274=ORIENTED_EDGE('',*,*,#1570,.T.);
#2275=ORIENTED_EDGE('',*,*,#1663,.T.);
#2276=ORIENTED_EDGE('',*,*,#1664,.T.);
#2277=ORIENTED_EDGE('',*,*,#1644,.T.);
#2278=ORIENTED_EDGE('',*,*,#1637,.F.);
#2279=ORIENTED_EDGE('',*,*,#1571,.T.);
#2280=ORIENTED_EDGE('',*,*,#1662,.T.);
#2281=ORIENTED_EDGE('',*,*,#1665,.T.);
#2282=ORIENTED_EDGE('',*,*,#1568,.F.);
#2283=ORIENTED_EDGE('',*,*,#1666,.T.);
#2284=ORIENTED_EDGE('',*,*,#1667,.T.);
#2285=ORIENTED_EDGE('',*,*,#1668,.T.);
#2286=ORIENTED_EDGE('',*,*,#1617,.T.);
#2287=ORIENTED_EDGE('',*,*,#1633,.T.);
#2288=ORIENTED_EDGE('',*,*,#1669,.T.);
#2289=ORIENTED_EDGE('',*,*,#1666,.F.);
#2290=ORIENTED_EDGE('',*,*,#1565,.F.);
#2291=ORIENTED_EDGE('',*,*,#1583,.T.);
#2292=ORIENTED_EDGE('',*,*,#1670,.T.);
#2293=ORIENTED_EDGE('',*,*,#1628,.F.);
#2294=ORIENTED_EDGE('',*,*,#1668,.F.);
#2295=ORIENTED_EDGE('',*,*,#1671,.T.);
#2296=ORIENTED_EDGE('',*,*,#1663,.F.);
#2297=ORIENTED_EDGE('',*,*,#1569,.T.);
#2298=ORIENTED_EDGE('',*,*,#1660,.T.);
#2299=ORIENTED_EDGE('',*,*,#1658,.F.);
#2300=ORIENTED_EDGE('',*,*,#1672,.T.);
#2301=ORIENTED_EDGE('',*,*,#1673,.T.);
#2302=ORIENTED_EDGE('',*,*,#1646,.F.);
#2303=ORIENTED_EDGE('',*,*,#1674,.T.);
#2304=ORIENTED_EDGE('',*,*,#1672,.F.);
#2305=ORIENTED_EDGE('',*,*,#1657,.F.);
#2306=ORIENTED_EDGE('',*,*,#1581,.T.);
#2307=ORIENTED_EDGE('',*,*,#1675,.T.);
#2308=ORIENTED_EDGE('',*,*,#1676,.F.);
#2309=ORIENTED_EDGE('',*,*,#1675,.F.);
#2310=ORIENTED_EDGE('',*,*,#1676,.T.);
#2311=ORIENTED_EDGE('',*,*,#1677,.T.);
#2312=ORIENTED_EDGE('',*,*,#1580,.T.);
#2313=ORIENTED_EDGE('',*,*,#1678,.T.);
#2314=ORIENTED_EDGE('',*,*,#1679,.F.);
#2315=ORIENTED_EDGE('',*,*,#1678,.F.);
#2316=ORIENTED_EDGE('',*,*,#1679,.T.);
#2317=ORIENTED_EDGE('',*,*,#1680,.T.);
#2318=ORIENTED_EDGE('',*,*,#1579,.T.);
#2319=ORIENTED_EDGE('',*,*,#1681,.T.);
#2320=ORIENTED_EDGE('',*,*,#1682,.F.);
#2321=ORIENTED_EDGE('',*,*,#1681,.F.);
#2322=ORIENTED_EDGE('',*,*,#1682,.T.);
#2323=ORIENTED_EDGE('',*,*,#1683,.T.);
#2324=ORIENTED_EDGE('',*,*,#1578,.T.);
#2325=ORIENTED_EDGE('',*,*,#1684,.T.);
#2326=ORIENTED_EDGE('',*,*,#1685,.F.);
#2327=ORIENTED_EDGE('',*,*,#1684,.F.);
#2328=ORIENTED_EDGE('',*,*,#1685,.T.);
#2329=ORIENTED_EDGE('',*,*,#1686,.T.);
#2330=ORIENTED_EDGE('',*,*,#1683,.F.);
#2331=ORIENTED_EDGE('',*,*,#1687,.T.);
#2332=ORIENTED_EDGE('',*,*,#1688,.F.);
#2333=ORIENTED_EDGE('',*,*,#1687,.F.);
#2334=ORIENTED_EDGE('',*,*,#1680,.F.);
#2335=ORIENTED_EDGE('',*,*,#1689,.T.);
#2336=ORIENTED_EDGE('',*,*,#1690,.F.);
#2337=ORIENTED_EDGE('',*,*,#1689,.F.);
#2338=ORIENTED_EDGE('',*,*,#1686,.F.);
#2339=ORIENTED_EDGE('',*,*,#1691,.T.);
#2340=ORIENTED_EDGE('',*,*,#1692,.F.);
#2341=ORIENTED_EDGE('',*,*,#1691,.F.);
#2342=ORIENTED_EDGE('',*,*,#1677,.F.);
#2343=ORIENTED_EDGE('',*,*,#1693,.T.);
#2344=ORIENTED_EDGE('',*,*,#1694,.F.);
#2345=ORIENTED_EDGE('',*,*,#1693,.F.);
#2346=ORIENTED_EDGE('',*,*,#1577,.T.);
#2347=ORIENTED_EDGE('',*,*,#1695,.T.);
#2348=ORIENTED_EDGE('',*,*,#1696,.F.);
#2349=ORIENTED_EDGE('',*,*,#1695,.F.);
#2350=ORIENTED_EDGE('',*,*,#1435,.T.);
#2351=ORIENTED_EDGE('',*,*,#1576,.T.);
#2352=ORIENTED_EDGE('',*,*,#1643,.F.);
#2353=ORIENTED_EDGE('',*,*,#1697,.F.);
#2354=ORIENTED_EDGE('',*,*,#1698,.F.);
#2355=ORIENTED_EDGE('',*,*,#1699,.T.);
#2356=ORIENTED_EDGE('',*,*,#1557,.T.);
#2357=ORIENTED_EDGE('',*,*,#1555,.F.);
#2358=ORIENTED_EDGE('',*,*,#1700,.F.);
#2359=ORIENTED_EDGE('',*,*,#1701,.T.);
#2360=ORIENTED_EDGE('',*,*,#1558,.T.);
#2361=ORIENTED_EDGE('',*,*,#1699,.F.);
#2362=ORIENTED_EDGE('',*,*,#1702,.F.);
#2363=ORIENTED_EDGE('',*,*,#1703,.T.);
#2364=ORIENTED_EDGE('',*,*,#1559,.T.);
#2365=ORIENTED_EDGE('',*,*,#1701,.F.);
#2366=ORIENTED_EDGE('',*,*,#1704,.F.);
#2367=ORIENTED_EDGE('',*,*,#1705,.T.);
#2368=ORIENTED_EDGE('',*,*,#1560,.T.);
#2369=ORIENTED_EDGE('',*,*,#1703,.F.);
#2370=ORIENTED_EDGE('',*,*,#1706,.F.);
#2371=ORIENTED_EDGE('',*,*,#1707,.T.);
#2372=ORIENTED_EDGE('',*,*,#1561,.T.);
#2373=ORIENTED_EDGE('',*,*,#1705,.F.);
#2374=ORIENTED_EDGE('',*,*,#1708,.F.);
#2375=ORIENTED_EDGE('',*,*,#1709,.T.);
#2376=ORIENTED_EDGE('',*,*,#1562,.T.);
#2377=ORIENTED_EDGE('',*,*,#1707,.F.);
#2378=ORIENTED_EDGE('',*,*,#1553,.T.);
#2379=ORIENTED_EDGE('',*,*,#1563,.T.);
#2380=ORIENTED_EDGE('',*,*,#1709,.F.);
#2381=ORIENTED_EDGE('',*,*,#1710,.F.);
#2382=ORIENTED_EDGE('',*,*,#1433,.T.);
#2383=ORIENTED_EDGE('',*,*,#1697,.T.);
#2384=ORIENTED_EDGE('',*,*,#1642,.T.);
#2385=ORIENTED_EDGE('',*,*,#1604,.T.);
#2386=ORIENTED_EDGE('',*,*,#1593,.F.);
#2387=ORIENTED_EDGE('',*,*,#1641,.T.);
#2388=ORIENTED_EDGE('',*,*,#1638,.T.);
#2389=ORIENTED_EDGE('',*,*,#1665,.F.);
#2390=ORIENTED_EDGE('',*,*,#1661,.F.);
#2391=ORIENTED_EDGE('',*,*,#1673,.F.);
#2392=ORIENTED_EDGE('',*,*,#1674,.F.);
#2393=ORIENTED_EDGE('',*,*,#1645,.T.);
#2394=ORIENTED_EDGE('',*,*,#1664,.F.);
#2395=ORIENTED_EDGE('',*,*,#1671,.F.);
#2396=ORIENTED_EDGE('',*,*,#1667,.F.);
#2397=ORIENTED_EDGE('',*,*,#1669,.F.);
#2398=ORIENTED_EDGE('',*,*,#1632,.F.);
#2399=ORIENTED_EDGE('',*,*,#1629,.F.);
#2400=ORIENTED_EDGE('',*,*,#1670,.F.);
#2401=ORIENTED_EDGE('',*,*,#1582,.T.);
#2402=ORIENTED_EDGE('',*,*,#1436,.T.);
#2403=ORIENTED_EDGE('',*,*,#1440,.T.);
#2404=ORIENTED_EDGE('',*,*,#1443,.T.);
#2405=ORIENTED_EDGE('',*,*,#1446,.T.);
#2406=ORIENTED_EDGE('',*,*,#1449,.T.);
#2407=ORIENTED_EDGE('',*,*,#1452,.T.);
#2408=ORIENTED_EDGE('',*,*,#1455,.T.);
#2409=ORIENTED_EDGE('',*,*,#1458,.T.);
#2410=ORIENTED_EDGE('',*,*,#1461,.T.);
#2411=ORIENTED_EDGE('',*,*,#1464,.T.);
#2412=ORIENTED_EDGE('',*,*,#1467,.T.);
#2413=ORIENTED_EDGE('',*,*,#1470,.T.);
#2414=ORIENTED_EDGE('',*,*,#1473,.T.);
#2415=ORIENTED_EDGE('',*,*,#1476,.T.);
#2416=ORIENTED_EDGE('',*,*,#1479,.T.);
#2417=ORIENTED_EDGE('',*,*,#1482,.T.);
#2418=ORIENTED_EDGE('',*,*,#1485,.T.);
#2419=ORIENTED_EDGE('',*,*,#1488,.T.);
#2420=ORIENTED_EDGE('',*,*,#1491,.T.);
#2421=ORIENTED_EDGE('',*,*,#1494,.T.);
#2422=ORIENTED_EDGE('',*,*,#1497,.T.);
#2423=ORIENTED_EDGE('',*,*,#1500,.T.);
#2424=ORIENTED_EDGE('',*,*,#1503,.T.);
#2425=ORIENTED_EDGE('',*,*,#1506,.T.);
#2426=ORIENTED_EDGE('',*,*,#1509,.T.);
#2427=ORIENTED_EDGE('',*,*,#1512,.T.);
#2428=ORIENTED_EDGE('',*,*,#1515,.T.);
#2429=ORIENTED_EDGE('',*,*,#1518,.T.);
#2430=ORIENTED_EDGE('',*,*,#1521,.T.);
#2431=ORIENTED_EDGE('',*,*,#1524,.T.);
#2432=ORIENTED_EDGE('',*,*,#1527,.T.);
#2433=ORIENTED_EDGE('',*,*,#1530,.T.);
#2434=ORIENTED_EDGE('',*,*,#1533,.T.);
#2435=ORIENTED_EDGE('',*,*,#1536,.T.);
#2436=ORIENTED_EDGE('',*,*,#1539,.T.);
#2437=ORIENTED_EDGE('',*,*,#1542,.T.);
#2438=ORIENTED_EDGE('',*,*,#1545,.T.);
#2439=ORIENTED_EDGE('',*,*,#1548,.T.);
#2440=ORIENTED_EDGE('',*,*,#1551,.T.);
#2441=ORIENTED_EDGE('',*,*,#1710,.T.);
#2442=ORIENTED_EDGE('',*,*,#1708,.T.);
#2443=ORIENTED_EDGE('',*,*,#1706,.T.);
#2444=ORIENTED_EDGE('',*,*,#1704,.T.);
#2445=ORIENTED_EDGE('',*,*,#1702,.T.);
#2446=ORIENTED_EDGE('',*,*,#1700,.T.);
#2447=ORIENTED_EDGE('',*,*,#1698,.T.);
#2448=ORIENTED_EDGE('',*,*,#1554,.T.);
#2449=ORIENTED_EDGE('',*,*,#1318,.T.);
#2450=ORIENTED_EDGE('',*,*,#1322,.T.);
#2451=ORIENTED_EDGE('',*,*,#1325,.T.);
#2452=ORIENTED_EDGE('',*,*,#1328,.T.);
#2453=ORIENTED_EDGE('',*,*,#1331,.T.);
#2454=ORIENTED_EDGE('',*,*,#1334,.T.);
#2455=ORIENTED_EDGE('',*,*,#1337,.T.);
#2456=ORIENTED_EDGE('',*,*,#1340,.T.);
#2457=ORIENTED_EDGE('',*,*,#1343,.T.);
#2458=ORIENTED_EDGE('',*,*,#1346,.T.);
#2459=ORIENTED_EDGE('',*,*,#1349,.T.);
#2460=ORIENTED_EDGE('',*,*,#1352,.T.);
#2461=ORIENTED_EDGE('',*,*,#1355,.T.);
#2462=ORIENTED_EDGE('',*,*,#1358,.T.);
#2463=ORIENTED_EDGE('',*,*,#1361,.T.);
#2464=ORIENTED_EDGE('',*,*,#1364,.T.);
#2465=ORIENTED_EDGE('',*,*,#1367,.T.);
#2466=ORIENTED_EDGE('',*,*,#1370,.T.);
#2467=ORIENTED_EDGE('',*,*,#1373,.T.);
#2468=ORIENTED_EDGE('',*,*,#1376,.T.);
#2469=ORIENTED_EDGE('',*,*,#1379,.T.);
#2470=ORIENTED_EDGE('',*,*,#1382,.T.);
#2471=ORIENTED_EDGE('',*,*,#1385,.T.);
#2472=ORIENTED_EDGE('',*,*,#1388,.T.);
#2473=ORIENTED_EDGE('',*,*,#1391,.T.);
#2474=ORIENTED_EDGE('',*,*,#1394,.T.);
#2475=ORIENTED_EDGE('',*,*,#1397,.T.);
#2476=ORIENTED_EDGE('',*,*,#1400,.T.);
#2477=ORIENTED_EDGE('',*,*,#1403,.T.);
#2478=ORIENTED_EDGE('',*,*,#1406,.T.);
#2479=ORIENTED_EDGE('',*,*,#1409,.T.);
#2480=ORIENTED_EDGE('',*,*,#1412,.T.);
#2481=ORIENTED_EDGE('',*,*,#1415,.T.);
#2482=ORIENTED_EDGE('',*,*,#1418,.T.);
#2483=ORIENTED_EDGE('',*,*,#1421,.T.);
#2484=ORIENTED_EDGE('',*,*,#1424,.T.);
#2485=ORIENTED_EDGE('',*,*,#1427,.T.);
#2486=ORIENTED_EDGE('',*,*,#1430,.T.);
#2487=ORIENTED_EDGE('',*,*,#1688,.T.);
#2488=ORIENTED_EDGE('',*,*,#1690,.T.);
#2489=ORIENTED_EDGE('',*,*,#1692,.T.);
#2490=ORIENTED_EDGE('',*,*,#1694,.T.);
#2491=ORIENTED_EDGE('',*,*,#1696,.T.);
#2492=ORIENTED_EDGE('',*,*,#1711,.T.);
#2493=ORIENTED_EDGE('',*,*,#1634,.T.);
#2494=ORIENTED_EDGE('',*,*,#1712,.T.);
#2495=ORIENTED_EDGE('',*,*,#1711,.F.);
#2496=ORIENTED_EDGE('',*,*,#1712,.F.);
#2497=ORIENTED_EDGE('',*,*,#1621,.F.);
#2498=ORIENTED_EDGE('',*,*,#1713,.F.);
#2499=ORIENTED_EDGE('',*,*,#1566,.F.);
#2500=ORIENTED_EDGE('',*,*,#1627,.T.);
#2501=ORIENTED_EDGE('',*,*,#1626,.F.);
#2502=ORIENTED_EDGE('',*,*,#1636,.F.);
#2503=ORIENTED_EDGE('',*,*,#1567,.F.);
#2504=ORIENTED_EDGE('',*,*,#1713,.T.);
#2505=ORIENTED_EDGE('',*,*,#1620,.F.);
#2506=ORIENTED_EDGE('',*,*,#1618,.T.);
#2507=ORIENTED_EDGE('',*,*,#1714,.F.);
#2508=ORIENTED_EDGE('',*,*,#1714,.T.);
#2509=ORIENTED_EDGE('',*,*,#1715,.T.);
#2510=ORIENTED_EDGE('',*,*,#1716,.F.);
#2511=ORIENTED_EDGE('',*,*,#1715,.F.);
#2512=ORIENTED_EDGE('',*,*,#1716,.T.);
#2513=ORIENTED_EDGE('',*,*,#1717,.T.);
#2514=ORIENTED_EDGE('',*,*,#1610,.T.);
#2515=ORIENTED_EDGE('',*,*,#1635,.T.);
#2516=ORIENTED_EDGE('',*,*,#1611,.T.);
#2517=ORIENTED_EDGE('',*,*,#1717,.F.);
#2518=PLANE('',#2738);
#2519=PLANE('',#2778);
#2520=PLANE('',#2779);
#2521=PLANE('',#2780);
#2522=PLANE('',#2811);
#2523=PLANE('',#2821);
#2524=PLANE('',#2840);
#2525=PLANE('',#2841);
#2526=PLANE('',#2860);
#2527=PLANE('',#2870);
#2528=PLANE('',#2901);
#2529=PLANE('',#2902);
#2530=PLANE('',#2903);
#2531=PLANE('',#2943);
#2532=PLANE('',#2944);
#2533=PLANE('',#2945);
#2534=PLANE('',#2955);
#2535=PLANE('',#2956);
#2536=PLANE('',#2957);
#2537=PLANE('',#2962);
#2538=PLANE('',#2963);
#2539=PLANE('',#2966);
#2540=PLANE('',#2967);
#2541=PLANE('',#2968);
#2542=PLANE('',#2969);
#2543=PLANE('',#2970);
#2544=PLANE('',#2971);
#2545=PLANE('',#2973);
#2546=PLANE('',#2975);
#2547=PLANE('',#2976);
#2548=PLANE('',#2977);
#2549=PLANE('',#2978);
#2550=PLANE('',#2979);
#2551=PLANE('',#2980);
#2552=PLANE('',#2981);
#2553=PLANE('',#2982);
#2554=PLANE('',#2983);
#2555=PLANE('',#2984);
#2556=PLANE('',#2987);
#2557=PLANE('',#2988);
#2558=PLANE('',#2989);
#2559=PLANE('',#2992);
#2560=PLANE('',#2993);
#2561=PLANE('',#2994);
#2562=PLANE('',#2997);
#2563=PLANE('',#2998);
#2564=PLANE('',#3001);
#2565=PLANE('',#3005);
#2566=PLANE('',#3009);
#2567=PLANE('',#3013);
#2568=PLANE('',#3025);
#2569=PLANE('',#3028);
#2570=PLANE('',#3029);
#2571=PLANE('',#3030);
#2572=PLANE('',#3031);
#2573=PLANE('',#3034);
#2574=PLANE('',#3035);
#2575=PLANE('',#3036);
#2576=PLANE('',#3039);
#2577=PLANE('',#3040);
#2578=PLANE('',#3041);
#2579=ADVANCED_FACE('',(#286),#2518,.F.);
#2580=ADVANCED_FACE('',(#287),#205,.F.);
#2581=ADVANCED_FACE('',(#288),#206,.T.);
#2582=ADVANCED_FACE('',(#289),#207,.F.);
#2583=ADVANCED_FACE('',(#290),#208,.T.);
#2584=ADVANCED_FACE('',(#291),#209,.F.);
#2585=ADVANCED_FACE('',(#292),#210,.T.);
#2586=ADVANCED_FACE('',(#293),#211,.F.);
#2587=ADVANCED_FACE('',(#294),#212,.T.);
#2588=ADVANCED_FACE('',(#295),#213,.F.);
#2589=ADVANCED_FACE('',(#296),#214,.T.);
#2590=ADVANCED_FACE('',(#297),#215,.F.);
#2591=ADVANCED_FACE('',(#298),#216,.T.);
#2592=ADVANCED_FACE('',(#299),#217,.F.);
#2593=ADVANCED_FACE('',(#300),#2519,.F.);
#2594=ADVANCED_FACE('',(#301),#2520,.F.);
#2595=ADVANCED_FACE('',(#302),#2521,.F.);
#2596=ADVANCED_FACE('',(#303),#218,.F.);
#2597=ADVANCED_FACE('',(#304),#219,.T.);
#2598=ADVANCED_FACE('',(#305),#220,.F.);
#2599=ADVANCED_FACE('',(#306),#221,.T.);
#2600=ADVANCED_FACE('',(#307),#222,.F.);
#2601=ADVANCED_FACE('',(#308),#223,.T.);
#2602=ADVANCED_FACE('',(#309),#224,.F.);
#2603=ADVANCED_FACE('',(#310),#225,.T.);
#2604=ADVANCED_FACE('',(#311),#226,.F.);
#2605=ADVANCED_FACE('',(#312),#227,.T.);
#2606=ADVANCED_FACE('',(#313),#2522,.F.);
#2607=ADVANCED_FACE('',(#314),#228,.F.);
#2608=ADVANCED_FACE('',(#315),#229,.F.);
#2609=ADVANCED_FACE('',(#316),#230,.F.);
#2610=ADVANCED_FACE('',(#317),#2523,.F.);
#2611=ADVANCED_FACE('',(#318),#231,.T.);
#2612=ADVANCED_FACE('',(#319),#232,.F.);
#2613=ADVANCED_FACE('',(#320),#233,.T.);
#2614=ADVANCED_FACE('',(#321),#234,.F.);
#2615=ADVANCED_FACE('',(#322),#235,.T.);
#2616=ADVANCED_FACE('',(#323),#236,.F.);
#2617=ADVANCED_FACE('',(#324),#2524,.F.);
#2618=ADVANCED_FACE('',(#325),#2525,.F.);
#2619=ADVANCED_FACE('',(#326),#237,.F.);
#2620=ADVANCED_FACE('',(#327),#238,.T.);
#2621=ADVANCED_FACE('',(#328),#239,.F.);
#2622=ADVANCED_FACE('',(#329),#240,.T.);
#2623=ADVANCED_FACE('',(#330),#241,.F.);
#2624=ADVANCED_FACE('',(#331),#242,.T.);
#2625=ADVANCED_FACE('',(#332),#2526,.F.);
#2626=ADVANCED_FACE('',(#333),#243,.F.);
#2627=ADVANCED_FACE('',(#334),#244,.F.);
#2628=ADVANCED_FACE('',(#335),#245,.F.);
#2629=ADVANCED_FACE('',(#336),#2527,.F.);
#2630=ADVANCED_FACE('',(#337),#246,.T.);
#2631=ADVANCED_FACE('',(#338),#247,.F.);
#2632=ADVANCED_FACE('',(#339),#248,.T.);
#2633=ADVANCED_FACE('',(#340),#249,.F.);
#2634=ADVANCED_FACE('',(#341),#250,.T.);
#2635=ADVANCED_FACE('',(#342),#251,.F.);
#2636=ADVANCED_FACE('',(#343),#252,.T.);
#2637=ADVANCED_FACE('',(#344),#253,.F.);
#2638=ADVANCED_FACE('',(#345),#254,.T.);
#2639=ADVANCED_FACE('',(#346),#255,.F.);
#2640=ADVANCED_FACE('',(#347),#2528,.F.);
#2641=ADVANCED_FACE('',(#348),#2529,.F.);
#2642=ADVANCED_FACE('',(#349),#2530,.F.);
#2643=ADVANCED_FACE('',(#350),#256,.F.);
#2644=ADVANCED_FACE('',(#351),#257,.T.);
#2645=ADVANCED_FACE('',(#352),#258,.F.);
#2646=ADVANCED_FACE('',(#353),#259,.T.);
#2647=ADVANCED_FACE('',(#354),#260,.F.);
#2648=ADVANCED_FACE('',(#355),#261,.T.);
#2649=ADVANCED_FACE('',(#356),#262,.F.);
#2650=ADVANCED_FACE('',(#357),#263,.T.);
#2651=ADVANCED_FACE('',(#358),#264,.F.);
#2652=ADVANCED_FACE('',(#359),#265,.T.);
#2653=ADVANCED_FACE('',(#360),#266,.F.);
#2654=ADVANCED_FACE('',(#361),#267,.T.);
#2655=ADVANCED_FACE('',(#362),#268,.F.);
#2656=ADVANCED_FACE('',(#363),#2531,.F.);
#2657=ADVANCED_FACE('',(#364),#2532,.F.);
#2658=ADVANCED_FACE('',(#365,#27,#28,#29,#30,#31),#2533,.F.);
#2659=ADVANCED_FACE('',(#366),#2534,.F.);
#2660=ADVANCED_FACE('',(#367),#2535,.T.);
#2661=ADVANCED_FACE('',(#368,#32),#2536,.F.);
#2662=ADVANCED_FACE('',(#369),#21,.F.);
#2663=ADVANCED_FACE('',(#370),#2537,.T.);
#2664=ADVANCED_FACE('',(#371),#2538,.F.);
#2665=ADVANCED_FACE('',(#372),#269,.F.);
#2666=ADVANCED_FACE('',(#373),#2539,.F.);
#2667=ADVANCED_FACE('',(#374),#2540,.F.);
#2668=ADVANCED_FACE('',(#375),#2541,.F.);
#2669=ADVANCED_FACE('',(#376),#2542,.F.);
#2670=ADVANCED_FACE('',(#377),#2543,.T.);
#2671=ADVANCED_FACE('',(#378,#33),#2544,.T.);
#2672=ADVANCED_FACE('',(#379),#2545,.F.);
#2673=ADVANCED_FACE('',(#380),#2546,.T.);
#2674=ADVANCED_FACE('',(#381),#2547,.T.);
#2675=ADVANCED_FACE('',(#382),#2548,.T.);
#2676=ADVANCED_FACE('',(#383),#2549,.T.);
#2677=ADVANCED_FACE('',(#384),#2550,.F.);
#2678=ADVANCED_FACE('',(#385),#2551,.F.);
#2679=ADVANCED_FACE('',(#386),#2552,.T.);
#2680=ADVANCED_FACE('',(#387),#2553,.T.);
#2681=ADVANCED_FACE('',(#388),#2554,.T.);
#2682=ADVANCED_FACE('',(#389),#2555,.F.);
#2683=ADVANCED_FACE('',(#390),#270,.F.);
#2684=ADVANCED_FACE('',(#391),#2556,.T.);
#2685=ADVANCED_FACE('',(#392),#2557,.T.);
#2686=ADVANCED_FACE('',(#393),#2558,.T.);
#2687=ADVANCED_FACE('',(#394),#271,.T.);
#2688=ADVANCED_FACE('',(#395),#2559,.F.);
#2689=ADVANCED_FACE('',(#396),#2560,.F.);
#2690=ADVANCED_FACE('',(#397),#2561,.F.);
#2691=ADVANCED_FACE('',(#398),#272,.T.);
#2692=ADVANCED_FACE('',(#399),#2562,.F.);
#2693=ADVANCED_FACE('',(#400),#2563,.F.);
#2694=ADVANCED_FACE('',(#401),#273,.F.);
#2695=ADVANCED_FACE('',(#402,#34),#2564,.T.);
#2696=ADVANCED_FACE('',(#403),#274,.F.);
#2697=ADVANCED_FACE('',(#404,#35),#2565,.T.);
#2698=ADVANCED_FACE('',(#405),#275,.F.);
#2699=ADVANCED_FACE('',(#406,#36),#2566,.T.);
#2700=ADVANCED_FACE('',(#407),#276,.F.);
#2701=ADVANCED_FACE('',(#408,#37),#2567,.T.);
#2702=ADVANCED_FACE('',(#409),#277,.F.);
#2703=ADVANCED_FACE('',(#410),#278,.F.);
#2704=ADVANCED_FACE('',(#411),#279,.F.);
#2705=ADVANCED_FACE('',(#412),#280,.F.);
#2706=ADVANCED_FACE('',(#413),#281,.F.);
#2707=ADVANCED_FACE('',(#414),#2568,.F.);
#2708=ADVANCED_FACE('',(#415),#282,.T.);
#2709=ADVANCED_FACE('',(#416),#2569,.F.);
#2710=ADVANCED_FACE('',(#417),#2570,.F.);
#2711=ADVANCED_FACE('',(#418),#2571,.F.);
#2712=ADVANCED_FACE('',(#419),#2572,.F.);
#2713=ADVANCED_FACE('',(#420),#283,.T.);
#2714=ADVANCED_FACE('',(#421),#2573,.F.);
#2715=ADVANCED_FACE('',(#422,#38,#39,#40,#41,#42),#2574,.T.);
#2716=ADVANCED_FACE('',(#423),#2575,.T.);
#2717=ADVANCED_FACE('',(#424),#284,.F.);
#2718=ADVANCED_FACE('',(#425),#2576,.T.);
#2719=ADVANCED_FACE('',(#426),#2577,.F.);
#2720=ADVANCED_FACE('',(#427),#2578,.T.);
#2721=ADVANCED_FACE('',(#428),#285,.F.);
#2722=ADVANCED_FACE('',(#429),#22,.F.);
#2723=CLOSED_SHELL('',(#2579,#2580,#2581,#2582,#2583,#2584,#2585,#2586,
#2587,#2588,#2589,#2590,#2591,#2592,#2593,#2594,#2595,#2596,#2597,#2598,
#2599,#2600,#2601,#2602,#2603,#2604,#2605,#2606,#2607,#2608,#2609,#2610,
#2611,#2612,#2613,#2614,#2615,#2616,#2617,#2618,#2619,#2620,#2621,#2622,
#2623,#2624,#2625,#2626,#2627,#2628,#2629,#2630,#2631,#2632,#2633,#2634,
#2635,#2636,#2637,#2638,#2639,#2640,#2641,#2642,#2643,#2644,#2645,#2646,
#2647,#2648,#2649,#2650,#2651,#2652,#2653,#2654,#2655,#2656,#2657,#2658,
#2659,#2660,#2661,#2662,#2663,#2664,#2665,#2666,#2667,#2668,#2669,#2670,
#2671,#2672,#2673,#2674,#2675,#2676,#2677,#2678,#2679,#2680,#2681,#2682,
#2683,#2684,#2685,#2686,#2687,#2688,#2689,#2690,#2691,#2692,#2693,#2694,
#2695,#2696,#2697,#2698,#2699,#2700,#2701,#2702,#2703,#2704,#2705,#2706,
#2707,#2708,#2709,#2710,#2711,#2712,#2713,#2714,#2715,#2716,#2717,#2718,
#2719,#2720,#2721,#2722));
#2724=DERIVED_UNIT_ELEMENT(#2726,1.);
#2725=DERIVED_UNIT_ELEMENT(#4727,-3.);
#2726=(
MASS_UNIT()
NAMED_UNIT(*)
SI_UNIT(.KILO.,.GRAM.)
);
#2727=DERIVED_UNIT((#2724,#2725));
#2728=MEASURE_REPRESENTATION_ITEM('density measure',
POSITIVE_RATIO_MEASURE(7850.),#2727);
#2729=PROPERTY_DEFINITION_REPRESENTATION(#2734,#2731);
#2730=PROPERTY_DEFINITION_REPRESENTATION(#2735,#2732);
#2731=REPRESENTATION('material name',(#2733),#4724);
#2732=REPRESENTATION('density',(#2728),#4724);
#2733=DESCRIPTIVE_REPRESENTATION_ITEM('Steel','Steel');
#2734=PROPERTY_DEFINITION('material property','material name',#4739);
#2735=PROPERTY_DEFINITION('material property','density of part',#4739);
#2736=AXIS2_PLACEMENT_3D('',#3901,#3047,#3048);
#2737=AXIS2_PLACEMENT_3D('',#3902,#3049,#3050);
#2738=AXIS2_PLACEMENT_3D('',#3903,#3051,#3052);
#2739=AXIS2_PLACEMENT_3D('',#3912,#3057,#3058);
#2740=AXIS2_PLACEMENT_3D('',#3914,#3059,#3060);
#2741=AXIS2_PLACEMENT_3D('',#3916,#3061,#3062);
#2742=AXIS2_PLACEMENT_3D('',#3918,#3064,#3065);
#2743=AXIS2_PLACEMENT_3D('',#3920,#3066,#3067);
#2744=AXIS2_PLACEMENT_3D('',#3922,#3068,#3069);
#2745=AXIS2_PLACEMENT_3D('',#3924,#3071,#3072);
#2746=AXIS2_PLACEMENT_3D('',#3926,#3073,#3074);
#2747=AXIS2_PLACEMENT_3D('',#3928,#3075,#3076);
#2748=AXIS2_PLACEMENT_3D('',#3930,#3078,#3079);
#2749=AXIS2_PLACEMENT_3D('',#3932,#3080,#3081);
#2750=AXIS2_PLACEMENT_3D('',#3934,#3082,#3083);
#2751=AXIS2_PLACEMENT_3D('',#3936,#3085,#3086);
#2752=AXIS2_PLACEMENT_3D('',#3938,#3087,#3088);
#2753=AXIS2_PLACEMENT_3D('',#3940,#3089,#3090);
#2754=AXIS2_PLACEMENT_3D('',#3942,#3092,#3093);
#2755=AXIS2_PLACEMENT_3D('',#3944,#3094,#3095);
#2756=AXIS2_PLACEMENT_3D('',#3946,#3096,#3097);
#2757=AXIS2_PLACEMENT_3D('',#3948,#3099,#3100);
#2758=AXIS2_PLACEMENT_3D('',#3950,#3101,#3102);
#2759=AXIS2_PLACEMENT_3D('',#3952,#3103,#3104);
#2760=AXIS2_PLACEMENT_3D('',#3954,#3106,#3107);
#2761=AXIS2_PLACEMENT_3D('',#3956,#3108,#3109);
#2762=AXIS2_PLACEMENT_3D('',#3958,#3110,#3111);
#2763=AXIS2_PLACEMENT_3D('',#3960,#3113,#3114);
#2764=AXIS2_PLACEMENT_3D('',#3962,#3115,#3116);
#2765=AXIS2_PLACEMENT_3D('',#3964,#3117,#3118);
#2766=AXIS2_PLACEMENT_3D('',#3966,#3120,#3121);
#2767=AXIS2_PLACEMENT_3D('',#3968,#3122,#3123);
#2768=AXIS2_PLACEMENT_3D('',#3970,#3124,#3125);
#2769=AXIS2_PLACEMENT_3D('',#3972,#3127,#3128);
#2770=AXIS2_PLACEMENT_3D('',#3974,#3129,#3130);
#2771=AXIS2_PLACEMENT_3D('',#3976,#3131,#3132);
#2772=AXIS2_PLACEMENT_3D('',#3978,#3134,#3135);
#2773=AXIS2_PLACEMENT_3D('',#3980,#3136,#3137);
#2774=AXIS2_PLACEMENT_3D('',#3982,#3138,#3139);
#2775=AXIS2_PLACEMENT_3D('',#3984,#3141,#3142);
#2776=AXIS2_PLACEMENT_3D('',#3986,#3143,#3144);
#2777=AXIS2_PLACEMENT_3D('',#3988,#3145,#3146);
#2778=AXIS2_PLACEMENT_3D('',#3990,#3148,#3149);
#2779=AXIS2_PLACEMENT_3D('',#3996,#3153,#3154);
#2780=AXIS2_PLACEMENT_3D('',#4002,#3158,#3159);
#2781=AXIS2_PLACEMENT_3D('',#4008,#3163,#3164);
#2782=AXIS2_PLACEMENT_3D('',#4010,#3165,#3166);
#2783=AXIS2_PLACEMENT_3D('',#4012,#3167,#3168);
#2784=AXIS2_PLACEMENT_3D('',#4014,#3170,#3171);
#2785=AXIS2_PLACEMENT_3D('',#4016,#3172,#3173);
#2786=AXIS2_PLACEMENT_3D('',#4018,#3174,#3175);
#2787=AXIS2_PLACEMENT_3D('',#4020,#3177,#3178);
#2788=AXIS2_PLACEMENT_3D('',#4022,#3179,#3180);
#2789=AXIS2_PLACEMENT_3D('',#4024,#3181,#3182);
#2790=AXIS2_PLACEMENT_3D('',#4026,#3184,#3185);
#2791=AXIS2_PLACEMENT_3D('',#4028,#3186,#3187);
#2792=AXIS2_PLACEMENT_3D('',#4030,#3188,#3189);
#2793=AXIS2_PLACEMENT_3D('',#4032,#3191,#3192);
#2794=AXIS2_PLACEMENT_3D('',#4034,#3193,#3194);
#2795=AXIS2_PLACEMENT_3D('',#4036,#3195,#3196);
#2796=AXIS2_PLACEMENT_3D('',#4038,#3198,#3199);
#2797=AXIS2_PLACEMENT_3D('',#4040,#3200,#3201);
#2798=AXIS2_PLACEMENT_3D('',#4042,#3202,#3203);
#2799=AXIS2_PLACEMENT_3D('',#4044,#3205,#3206);
#2800=AXIS2_PLACEMENT_3D('',#4046,#3207,#3208);
#2801=AXIS2_PLACEMENT_3D('',#4048,#3209,#3210);
#2802=AXIS2_PLACEMENT_3D('',#4050,#3212,#3213);
#2803=AXIS2_PLACEMENT_3D('',#4052,#3214,#3215);
#2804=AXIS2_PLACEMENT_3D('',#4054,#3216,#3217);
#2805=AXIS2_PLACEMENT_3D('',#4056,#3219,#3220);
#2806=AXIS2_PLACEMENT_3D('',#4058,#3221,#3222);
#2807=AXIS2_PLACEMENT_3D('',#4060,#3223,#3224);
#2808=AXIS2_PLACEMENT_3D('',#4062,#3226,#3227);
#2809=AXIS2_PLACEMENT_3D('',#4064,#3228,#3229);
#2810=AXIS2_PLACEMENT_3D('',#4066,#3230,#3231);
#2811=AXIS2_PLACEMENT_3D('',#4068,#3233,#3234);
#2812=AXIS2_PLACEMENT_3D('',#4074,#3238,#3239);
#2813=AXIS2_PLACEMENT_3D('',#4076,#3240,#3241);
#2814=AXIS2_PLACEMENT_3D('',#4078,#3242,#3243);
#2815=AXIS2_PLACEMENT_3D('',#4080,#3245,#3246);
#2816=AXIS2_PLACEMENT_3D('',#4082,#3247,#3248);
#2817=AXIS2_PLACEMENT_3D('',#4084,#3249,#3250);
#2818=AXIS2_PLACEMENT_3D('',#4086,#3252,#3253);
#2819=AXIS2_PLACEMENT_3D('',#4088,#3254,#3255);
#2820=AXIS2_PLACEMENT_3D('',#4090,#3256,#3257);
#2821=AXIS2_PLACEMENT_3D('',#4092,#3259,#3260);
#2822=AXIS2_PLACEMENT_3D('',#4098,#3264,#3265);
#2823=AXIS2_PLACEMENT_3D('',#4100,#3266,#3267);
#2824=AXIS2_PLACEMENT_3D('',#4102,#3268,#3269);
#2825=AXIS2_PLACEMENT_3D('',#4104,#3271,#3272);
#2826=AXIS2_PLACEMENT_3D('',#4106,#3273,#3274);
#2827=AXIS2_PLACEMENT_3D('',#4108,#3275,#3276);
#2828=AXIS2_PLACEMENT_3D('',#4110,#3278,#3279);
#2829=AXIS2_PLACEMENT_3D('',#4112,#3280,#3281);
#2830=AXIS2_PLACEMENT_3D('',#4114,#3282,#3283);
#2831=AXIS2_PLACEMENT_3D('',#4116,#3285,#3286);
#2832=AXIS2_PLACEMENT_3D('',#4118,#3287,#3288);
#2833=AXIS2_PLACEMENT_3D('',#4120,#3289,#3290);
#2834=AXIS2_PLACEMENT_3D('',#4122,#3292,#3293);
#2835=AXIS2_PLACEMENT_3D('',#4124,#3294,#3295);
#2836=AXIS2_PLACEMENT_3D('',#4126,#3296,#3297);
#2837=AXIS2_PLACEMENT_3D('',#4128,#3299,#3300);
#2838=AXIS2_PLACEMENT_3D('',#4130,#3301,#3302);
#2839=AXIS2_PLACEMENT_3D('',#4132,#3303,#3304);
#2840=AXIS2_PLACEMENT_3D('',#4134,#3306,#3307);
#2841=AXIS2_PLACEMENT_3D('',#4140,#3311,#3312);
#2842=AXIS2_PLACEMENT_3D('',#4149,#3317,#3318);
#2843=AXIS2_PLACEMENT_3D('',#4151,#3319,#3320);
#2844=AXIS2_PLACEMENT_3D('',#4153,#3321,#3322);
#2845=AXIS2_PLACEMENT_3D('',#4155,#3324,#3325);
#2846=AXIS2_PLACEMENT_3D('',#4157,#3326,#3327);
#2847=AXIS2_PLACEMENT_3D('',#4159,#3328,#3329);
#2848=AXIS2_PLACEMENT_3D('',#4161,#3331,#3332);
#2849=AXIS2_PLACEMENT_3D('',#4163,#3333,#3334);
#2850=AXIS2_PLACEMENT_3D('',#4165,#3335,#3336);
#2851=AXIS2_PLACEMENT_3D('',#4167,#3338,#3339);
#2852=AXIS2_PLACEMENT_3D('',#4169,#3340,#3341);
#2853=AXIS2_PLACEMENT_3D('',#4171,#3342,#3343);
#2854=AXIS2_PLACEMENT_3D('',#4173,#3345,#3346);
#2855=AXIS2_PLACEMENT_3D('',#4175,#3347,#3348);
#2856=AXIS2_PLACEMENT_3D('',#4177,#3349,#3350);
#2857=AXIS2_PLACEMENT_3D('',#4179,#3352,#3353);
#2858=AXIS2_PLACEMENT_3D('',#4181,#3354,#3355);
#2859=AXIS2_PLACEMENT_3D('',#4183,#3356,#3357);
#2860=AXIS2_PLACEMENT_3D('',#4185,#3359,#3360);
#2861=AXIS2_PLACEMENT_3D('',#4191,#3364,#3365);
#2862=AXIS2_PLACEMENT_3D('',#4193,#3366,#3367);
#2863=AXIS2_PLACEMENT_3D('',#4195,#3368,#3369);
#2864=AXIS2_PLACEMENT_3D('',#4197,#3371,#3372);
#2865=AXIS2_PLACEMENT_3D('',#4199,#3373,#3374);
#2866=AXIS2_PLACEMENT_3D('',#4201,#3375,#3376);
#2867=AXIS2_PLACEMENT_3D('',#4203,#3378,#3379);
#2868=AXIS2_PLACEMENT_3D('',#4205,#3380,#3381);
#2869=AXIS2_PLACEMENT_3D('',#4207,#3382,#3383);
#2870=AXIS2_PLACEMENT_3D('',#4209,#3385,#3386);
#2871=AXIS2_PLACEMENT_3D('',#4215,#3390,#3391);
#2872=AXIS2_PLACEMENT_3D('',#4217,#3392,#3393);
#2873=AXIS2_PLACEMENT_3D('',#4219,#3394,#3395);
#2874=AXIS2_PLACEMENT_3D('',#4221,#3397,#3398);
#2875=AXIS2_PLACEMENT_3D('',#4223,#3399,#3400);
#2876=AXIS2_PLACEMENT_3D('',#4225,#3401,#3402);
#2877=AXIS2_PLACEMENT_3D('',#4227,#3404,#3405);
#2878=AXIS2_PLACEMENT_3D('',#4229,#3406,#3407);
#2879=AXIS2_PLACEMENT_3D('',#4231,#3408,#3409);
#2880=AXIS2_PLACEMENT_3D('',#4233,#3411,#3412);
#2881=AXIS2_PLACEMENT_3D('',#4235,#3413,#3414);
#2882=AXIS2_PLACEMENT_3D('',#4237,#3415,#3416);
#2883=AXIS2_PLACEMENT_3D('',#4239,#3418,#3419);
#2884=AXIS2_PLACEMENT_3D('',#4241,#3420,#3421);
#2885=AXIS2_PLACEMENT_3D('',#4243,#3422,#3423);
#2886=AXIS2_PLACEMENT_3D('',#4245,#3425,#3426);
#2887=AXIS2_PLACEMENT_3D('',#4247,#3427,#3428);
#2888=AXIS2_PLACEMENT_3D('',#4249,#3429,#3430);
#2889=AXIS2_PLACEMENT_3D('',#4251,#3432,#3433);
#2890=AXIS2_PLACEMENT_3D('',#4253,#3434,#3435);
#2891=AXIS2_PLACEMENT_3D('',#4255,#3436,#3437);
#2892=AXIS2_PLACEMENT_3D('',#4257,#3439,#3440);
#2893=AXIS2_PLACEMENT_3D('',#4259,#3441,#3442);
#2894=AXIS2_PLACEMENT_3D('',#4261,#3443,#3444);
#2895=AXIS2_PLACEMENT_3D('',#4263,#3446,#3447);
#2896=AXIS2_PLACEMENT_3D('',#4265,#3448,#3449);
#2897=AXIS2_PLACEMENT_3D('',#4267,#3450,#3451);
#2898=AXIS2_PLACEMENT_3D('',#4269,#3453,#3454);
#2899=AXIS2_PLACEMENT_3D('',#4271,#3455,#3456);
#2900=AXIS2_PLACEMENT_3D('',#4273,#3457,#3458);
#2901=AXIS2_PLACEMENT_3D('',#4275,#3460,#3461);
#2902=AXIS2_PLACEMENT_3D('',#4281,#3465,#3466);
#2903=AXIS2_PLACEMENT_3D('',#4287,#3470,#3471);
#2904=AXIS2_PLACEMENT_3D('',#4293,#3475,#3476);
#2905=AXIS2_PLACEMENT_3D('',#4295,#3477,#3478);
#2906=AXIS2_PLACEMENT_3D('',#4297,#3479,#3480);
#2907=AXIS2_PLACEMENT_3D('',#4299,#3482,#3483);
#2908=AXIS2_PLACEMENT_3D('',#4301,#3484,#3485);
#2909=AXIS2_PLACEMENT_3D('',#4303,#3486,#3487);
#2910=AXIS2_PLACEMENT_3D('',#4305,#3489,#3490);
#2911=AXIS2_PLACEMENT_3D('',#4307,#3491,#3492);
#2912=AXIS2_PLACEMENT_3D('',#4309,#3493,#3494);
#2913=AXIS2_PLACEMENT_3D('',#4311,#3496,#3497);
#2914=AXIS2_PLACEMENT_3D('',#4313,#3498,#3499);
#2915=AXIS2_PLACEMENT_3D('',#4315,#3500,#3501);
#2916=AXIS2_PLACEMENT_3D('',#4317,#3503,#3504);
#2917=AXIS2_PLACEMENT_3D('',#4319,#3505,#3506);
#2918=AXIS2_PLACEMENT_3D('',#4321,#3507,#3508);
#2919=AXIS2_PLACEMENT_3D('',#4323,#3510,#3511);
#2920=AXIS2_PLACEMENT_3D('',#4325,#3512,#3513);
#2921=AXIS2_PLACEMENT_3D('',#4327,#3514,#3515);
#2922=AXIS2_PLACEMENT_3D('',#4329,#3517,#3518);
#2923=AXIS2_PLACEMENT_3D('',#4331,#3519,#3520);
#2924=AXIS2_PLACEMENT_3D('',#4333,#3521,#3522);
#2925=AXIS2_PLACEMENT_3D('',#4335,#3524,#3525);
#2926=AXIS2_PLACEMENT_3D('',#4337,#3526,#3527);
#2927=AXIS2_PLACEMENT_3D('',#4339,#3528,#3529);
#2928=AXIS2_PLACEMENT_3D('',#4341,#3531,#3532);
#2929=AXIS2_PLACEMENT_3D('',#4343,#3533,#3534);
#2930=AXIS2_PLACEMENT_3D('',#4345,#3535,#3536);
#2931=AXIS2_PLACEMENT_3D('',#4347,#3538,#3539);
#2932=AXIS2_PLACEMENT_3D('',#4349,#3540,#3541);
#2933=AXIS2_PLACEMENT_3D('',#4351,#3542,#3543);
#2934=AXIS2_PLACEMENT_3D('',#4353,#3545,#3546);
#2935=AXIS2_PLACEMENT_3D('',#4355,#3547,#3548);
#2936=AXIS2_PLACEMENT_3D('',#4357,#3549,#3550);
#2937=AXIS2_PLACEMENT_3D('',#4359,#3552,#3553);
#2938=AXIS2_PLACEMENT_3D('',#4361,#3554,#3555);
#2939=AXIS2_PLACEMENT_3D('',#4363,#3556,#3557);
#2940=AXIS2_PLACEMENT_3D('',#4365,#3559,#3560);
#2941=AXIS2_PLACEMENT_3D('',#4367,#3561,#3562);
#2942=AXIS2_PLACEMENT_3D('',#4369,#3563,#3564);
#2943=AXIS2_PLACEMENT_3D('',#4371,#3566,#3567);
#2944=AXIS2_PLACEMENT_3D('',#4377,#3571,#3572);
#2945=AXIS2_PLACEMENT_3D('',#4383,#3576,#3577);
#2946=AXIS2_PLACEMENT_3D('',#4385,#3578,#3579);
#2947=AXIS2_PLACEMENT_3D('',#4395,#3584,#3585);
#2948=AXIS2_PLACEMENT_3D('',#4408,#3592,#3593);
#2949=AXIS2_PLACEMENT_3D('',#4412,#3595,#3596);
#2950=AXIS2_PLACEMENT_3D('',#4423,#3602,#3603);
#2951=AXIS2_PLACEMENT_3D('',#4425,#3604,#3605);
#2952=AXIS2_PLACEMENT_3D('',#4427,#3606,#3607);
#2953=AXIS2_PLACEMENT_3D('',#4429,#3608,#3609);
#2954=AXIS2_PLACEMENT_3D('',#4431,#3610,#3611);
#2955=AXIS2_PLACEMENT_3D('',#4432,#3612,#3613);
#2956=AXIS2_PLACEMENT_3D('',#4436,#3616,#3617);
#2957=AXIS2_PLACEMENT_3D('',#4455,#3623,#3624);
#2958=AXIS2_PLACEMENT_3D('',#4468,#3631,#3632);
#2959=AXIS2_PLACEMENT_3D('',#4469,#3633,#3634);
#2960=AXIS2_PLACEMENT_3D('',#4471,#3635,#3636);
#2961=AXIS2_PLACEMENT_3D('',#4473,#3638,#3639);
#2962=AXIS2_PLACEMENT_3D('',#4474,#3640,#3641);
#2963=AXIS2_PLACEMENT_3D('',#4480,#3645,#3646);
#2964=AXIS2_PLACEMENT_3D('',#4485,#3650,#3651);
#2965=AXIS2_PLACEMENT_3D('',#4488,#3653,#3654);
#2966=AXIS2_PLACEMENT_3D('',#4489,#3655,#3656);
#2967=AXIS2_PLACEMENT_3D('',#4508,#3662,#3663);
#2968=AXIS2_PLACEMENT_3D('',#4515,#3668,#3669);
#2969=AXIS2_PLACEMENT_3D('',#4521,#3673,#3674);
#2970=AXIS2_PLACEMENT_3D('',#4530,#3679,#3680);
#2971=AXIS2_PLACEMENT_3D('',#4537,#3685,#3686);
#2972=AXIS2_PLACEMENT_3D('',#4543,#3690,#3691);
#2973=AXIS2_PLACEMENT_3D('',#4544,#3692,#3693);
#2974=AXIS2_PLACEMENT_3D('',#4545,#3694,#3695);
#2975=AXIS2_PLACEMENT_3D('',#4547,#3697,#3698);
#2976=AXIS2_PLACEMENT_3D('',#4553,#3702,#3703);
#2977=AXIS2_PLACEMENT_3D('',#4556,#3706,#3707);
#2978=AXIS2_PLACEMENT_3D('',#4560,#3710,#3711);
#2979=AXIS2_PLACEMENT_3D('',#4569,#3716,#3717);
#2980=AXIS2_PLACEMENT_3D('',#4570,#3718,#3719);
#2981=AXIS2_PLACEMENT_3D('',#4576,#3723,#3724);
#2982=AXIS2_PLACEMENT_3D('',#4580,#3727,#3728);
#2983=AXIS2_PLACEMENT_3D('',#4582,#3730,#3731);
#2984=AXIS2_PLACEMENT_3D('',#4584,#3733,#3734);
#2985=AXIS2_PLACEMENT_3D('',#4586,#3735,#3736);
#2986=AXIS2_PLACEMENT_3D('',#4587,#3737,#3738);
#2987=AXIS2_PLACEMENT_3D('',#4589,#3740,#3741);
#2988=AXIS2_PLACEMENT_3D('',#4590,#3742,#3743);
#2989=AXIS2_PLACEMENT_3D('',#4596,#3747,#3748);
#2990=AXIS2_PLACEMENT_3D('',#4605,#3754,#3755);
#2991=AXIS2_PLACEMENT_3D('',#4606,#3756,#3757);
#2992=AXIS2_PLACEMENT_3D('',#4607,#3758,#3759);
#2993=AXIS2_PLACEMENT_3D('',#4613,#3763,#3764);
#2994=AXIS2_PLACEMENT_3D('',#4615,#3766,#3767);
#2995=AXIS2_PLACEMENT_3D('',#4617,#3769,#3770);
#2996=AXIS2_PLACEMENT_3D('',#4618,#3771,#3772);
#2997=AXIS2_PLACEMENT_3D('',#4619,#3773,#3774);
#2998=AXIS2_PLACEMENT_3D('',#4623,#3777,#3778);
#2999=AXIS2_PLACEMENT_3D('',#4625,#3780,#3781);
#3000=AXIS2_PLACEMENT_3D('',#4628,#3783,#3784);
#3001=AXIS2_PLACEMENT_3D('',#4629,#3785,#3786);
#3002=AXIS2_PLACEMENT_3D('',#4631,#3787,#3788);
#3003=AXIS2_PLACEMENT_3D('',#4632,#3789,#3790);
#3004=AXIS2_PLACEMENT_3D('',#4635,#3792,#3793);
#3005=AXIS2_PLACEMENT_3D('',#4636,#3794,#3795);
#3006=AXIS2_PLACEMENT_3D('',#4638,#3796,#3797);
#3007=AXIS2_PLACEMENT_3D('',#4639,#3798,#3799);
#3008=AXIS2_PLACEMENT_3D('',#4642,#3801,#3802);
#3009=AXIS2_PLACEMENT_3D('',#4643,#3803,#3804);
#3010=AXIS2_PLACEMENT_3D('',#4645,#3805,#3806);
#3011=AXIS2_PLACEMENT_3D('',#4646,#3807,#3808);
#3012=AXIS2_PLACEMENT_3D('',#4649,#3810,#3811);
#3013=AXIS2_PLACEMENT_3D('',#4650,#3812,#3813);
#3014=AXIS2_PLACEMENT_3D('',#4652,#3814,#3815);
#3015=AXIS2_PLACEMENT_3D('',#4653,#3816,#3817);
#3016=AXIS2_PLACEMENT_3D('',#4656,#3819,#3820);
#3017=AXIS2_PLACEMENT_3D('',#4657,#3821,#3822);
#3018=AXIS2_PLACEMENT_3D('',#4660,#3824,#3825);
#3019=AXIS2_PLACEMENT_3D('',#4661,#3826,#3827);
#3020=AXIS2_PLACEMENT_3D('',#4664,#3829,#3830);
#3021=AXIS2_PLACEMENT_3D('',#4665,#3831,#3832);
#3022=AXIS2_PLACEMENT_3D('',#4668,#3834,#3835);
#3023=AXIS2_PLACEMENT_3D('',#4669,#3836,#3837);
#3024=AXIS2_PLACEMENT_3D('',#4672,#3839,#3840);
#3025=AXIS2_PLACEMENT_3D('',#4673,#3841,#3842);
#3026=AXIS2_PLACEMENT_3D('',#4675,#3844,#3845);
#3027=AXIS2_PLACEMENT_3D('',#4677,#3846,#3847);
#3028=AXIS2_PLACEMENT_3D('',#4679,#3849,#3850);
#3029=AXIS2_PLACEMENT_3D('',#4683,#3853,#3854);
#3030=AXIS2_PLACEMENT_3D('',#4687,#3857,#3858);
#3031=AXIS2_PLACEMENT_3D('',#4691,#3861,#3862);
#3032=AXIS2_PLACEMENT_3D('',#4695,#3865,#3866);
#3033=AXIS2_PLACEMENT_3D('',#4697,#3867,#3868);
#3034=AXIS2_PLACEMENT_3D('',#4699,#3870,#3871);
#3035=AXIS2_PLACEMENT_3D('',#4701,#3873,#3874);
#3036=AXIS2_PLACEMENT_3D('',#4702,#3875,#3876);
#3037=AXIS2_PLACEMENT_3D('',#4704,#3877,#3878);
#3038=AXIS2_PLACEMENT_3D('',#4705,#3879,#3880);
#3039=AXIS2_PLACEMENT_3D('',#4707,#3882,#3883);
#3040=AXIS2_PLACEMENT_3D('',#4709,#3885,#3886);
#3041=AXIS2_PLACEMENT_3D('',#4710,#3887,#3888);
#3042=AXIS2_PLACEMENT_3D('',#4712,#3889,#3890);
#3043=AXIS2_PLACEMENT_3D('',#4713,#3891,#3892);
#3044=AXIS2_PLACEMENT_3D('',#4716,#3894,#3895);
#3045=AXIS2_PLACEMENT_3D('',#4717,#3896,#3897);
#3046=AXIS2_PLACEMENT_3D('',#4719,#3899,#3900);
#3047=DIRECTION('axis',(0.,0.,1.));
#3048=DIRECTION('refdir',(1.,0.,0.));
#3049=DIRECTION('axis',(0.,0.,1.));
#3050=DIRECTION('refdir',(1.,0.,0.));
#3051=DIRECTION('center_axis',(0.862415688839653,-0.506200730583459,0.));
#3052=DIRECTION('ref_axis',(-0.506200730583459,-0.862415688839653,0.));
#3053=DIRECTION('',(0.506200730583459,0.862415688839653,0.));
#3054=DIRECTION('',(0.,0.,-1.));
#3055=DIRECTION('',(-0.506200730583459,-0.862415688839653,0.));
#3056=DIRECTION('',(0.,0.,-1.));
#3057=DIRECTION('center_axis',(0.,0.,-1.));
#3058=DIRECTION('ref_axis',(0.862415688839664,-0.506200730583439,0.));
#3059=DIRECTION('center_axis',(0.,0.,1.));
#3060=DIRECTION('ref_axis',(0.862415688839664,-0.506200730583439,0.));
#3061=DIRECTION('center_axis',(0.,0.,-1.));
#3062=DIRECTION('ref_axis',(0.862415688839664,-0.506200730583439,0.));
#3063=DIRECTION('',(0.,0.,-1.));
#3064=DIRECTION('center_axis',(0.,0.,-1.));
#3065=DIRECTION('ref_axis',(0.0364214597346475,0.999336518531569,0.));
#3066=DIRECTION('center_axis',(0.,0.,-1.));
#3067=DIRECTION('ref_axis',(0.0364214597346475,0.999336518531569,0.));
#3068=DIRECTION('center_axis',(0.,0.,1.));
#3069=DIRECTION('ref_axis',(0.0364214597346475,0.999336518531569,0.));
#3070=DIRECTION('',(0.,0.,-1.));
#3071=DIRECTION('center_axis',(0.,0.,-1.));
#3072=DIRECTION('ref_axis',(-0.0364214597367265,-0.999336518531493,0.));
#3073=DIRECTION('center_axis',(0.,0.,1.));
#3074=DIRECTION('ref_axis',(-0.0364214597367265,-0.999336518531493,0.));
#3075=DIRECTION('center_axis',(0.,0.,-1.));
#3076=DIRECTION('ref_axis',(-0.0364214597367265,-0.999336518531493,0.));
#3077=DIRECTION('',(0.,0.,-1.));
#3078=DIRECTION('center_axis',(0.,0.,-1.));
#3079=DIRECTION('ref_axis',(-0.960080922602808,0.279722401773868,0.));
#3080=DIRECTION('center_axis',(0.,0.,-1.));
#3081=DIRECTION('ref_axis',(-0.960080922602808,0.279722401773868,0.));
#3082=DIRECTION('center_axis',(0.,0.,1.));
#3083=DIRECTION('ref_axis',(-0.960080922602808,0.279722401773868,0.));
#3084=DIRECTION('',(0.,0.,-1.));
#3085=DIRECTION('center_axis',(0.,0.,-1.));
#3086=DIRECTION('ref_axis',(0.960080922601515,-0.279722401778306,0.));
#3087=DIRECTION('center_axis',(0.,0.,1.));
#3088=DIRECTION('ref_axis',(0.960080922601515,-0.279722401778306,0.));
#3089=DIRECTION('center_axis',(0.,0.,-1.));
#3090=DIRECTION('ref_axis',(0.960080922601515,-0.279722401778306,0.));
#3091=DIRECTION('',(0.,0.,-1.));
#3092=DIRECTION('center_axis',(0.,0.,-1.));
#3093=DIRECTION('ref_axis',(-0.680883767781168,0.732391490100835,0.));
#3094=DIRECTION('center_axis',(0.,0.,-1.));
#3095=DIRECTION('ref_axis',(-0.680883767781168,0.732391490100835,0.));
#3096=DIRECTION('center_axis',(0.,0.,1.));
#3097=DIRECTION('ref_axis',(-0.680883767781168,0.732391490100835,0.));
#3098=DIRECTION('',(0.,0.,-1.));
#3099=DIRECTION('center_axis',(0.,0.,-1.));
#3100=DIRECTION('ref_axis',(0.680883767780963,-0.732391490101025,0.));
#3101=DIRECTION('center_axis',(0.,0.,1.));
#3102=DIRECTION('ref_axis',(0.680883767780963,-0.732391490101025,0.));
#3103=DIRECTION('center_axis',(0.,0.,-1.));
#3104=DIRECTION('ref_axis',(0.680883767780963,-0.732391490101025,0.));
#3105=DIRECTION('',(0.,0.,-1.));
#3106=DIRECTION('center_axis',(0.,0.,-1.));
#3107=DIRECTION('ref_axis',(-0.876673338004846,-0.481086123715329,0.));
#3108=DIRECTION('center_axis',(0.,0.,-1.));
#3109=DIRECTION('ref_axis',(-0.876673338004846,-0.481086123715329,0.));
#3110=DIRECTION('center_axis',(0.,0.,1.));
#3111=DIRECTION('ref_axis',(-0.876673338004846,-0.481086123715329,0.));
#3112=DIRECTION('',(0.,0.,-1.));
#3113=DIRECTION('center_axis',(0.,0.,-1.));
#3114=DIRECTION('ref_axis',(0.876673338006573,0.481086123712182,0.));
#3115=DIRECTION('center_axis',(0.,0.,1.));
#3116=DIRECTION('ref_axis',(0.876673338006573,0.481086123712182,0.));
#3117=DIRECTION('center_axis',(0.,0.,-1.));
#3118=DIRECTION('ref_axis',(0.876673338006573,0.481086123712182,0.));
#3119=DIRECTION('',(0.,0.,-1.));
#3120=DIRECTION('center_axis',(0.,0.,-1.));
#3121=DIRECTION('ref_axis',(-0.999336518531569,0.0364214597346628,0.));
#3122=DIRECTION('center_axis',(0.,0.,-1.));
#3123=DIRECTION('ref_axis',(-0.999336518531569,0.0364214597346628,0.));
#3124=DIRECTION('center_axis',(0.,0.,1.));
#3125=DIRECTION('ref_axis',(-0.999336518531569,0.0364214597346628,0.));
#3126=DIRECTION('',(0.,0.,-1.));
#3127=DIRECTION('center_axis',(0.,0.,-1.));
#3128=DIRECTION('ref_axis',(0.999336518531494,-0.036421459736721,0.));
#3129=DIRECTION('center_axis',(0.,0.,1.));
#3130=DIRECTION('ref_axis',(0.999336518531494,-0.036421459736721,0.));
#3131=DIRECTION('center_axis',(0.,0.,-1.));
#3132=DIRECTION('ref_axis',(0.999336518531494,-0.036421459736721,0.));
#3133=DIRECTION('',(0.,0.,-1.));
#3134=DIRECTION('center_axis',(0.,0.,-1.));
#3135=DIRECTION('ref_axis',(-0.279722401773892,-0.960080922602801,0.));
#3136=DIRECTION('center_axis',(0.,0.,-1.));
#3137=DIRECTION('ref_axis',(-0.279722401773892,-0.960080922602801,0.));
#3138=DIRECTION('center_axis',(0.,0.,1.));
#3139=DIRECTION('ref_axis',(-0.279722401773892,-0.960080922602801,0.));
#3140=DIRECTION('',(0.,0.,-1.));
#3141=DIRECTION('center_axis',(0.,0.,-1.));
#3142=DIRECTION('ref_axis',(0.279722401778316,0.960080922601512,0.));
#3143=DIRECTION('center_axis',(0.,0.,1.));
#3144=DIRECTION('ref_axis',(0.279722401778316,0.960080922601512,0.));
#3145=DIRECTION('center_axis',(0.,0.,-1.));
#3146=DIRECTION('ref_axis',(0.279722401778316,0.960080922601512,0.));
#3147=DIRECTION('',(0.,0.,-1.));
#3148=DIRECTION('center_axis',(0.663884228330514,0.747835363816127,0.));
#3149=DIRECTION('ref_axis',(0.747835363816127,-0.663884228330514,0.));
#3150=DIRECTION('',(-0.747835363816127,0.663884228330514,0.));
#3151=DIRECTION('',(0.747835363816127,-0.663884228330514,0.));
#3152=DIRECTION('',(0.,0.,-1.));
#3153=DIRECTION('center_axis',(-0.000768367512058831,0.99999970480564,0.));
#3154=DIRECTION('ref_axis',(0.99999970480564,0.000768367512058831,0.));
#3155=DIRECTION('',(-0.99999970480564,-0.000768367512058831,0.));
#3156=DIRECTION('',(0.99999970480564,0.000768367512058831,0.));
#3157=DIRECTION('',(0.,0.,-1.));
#3158=DIRECTION('center_axis',(-0.70696182581709,0.707251706846556,0.));
#3159=DIRECTION('ref_axis',(0.707251706846556,0.70696182581709,0.));
#3160=DIRECTION('',(-0.707251706846556,-0.70696182581709,0.));
#3161=DIRECTION('',(0.707251706846556,0.70696182581709,0.));
#3162=DIRECTION('',(0.,0.,-1.));
#3163=DIRECTION('center_axis',(0.,0.,-1.));
#3164=DIRECTION('ref_axis',(-0.208637100199015,0.977993129025223,0.));
#3165=DIRECTION('center_axis',(0.,0.,1.));
#3166=DIRECTION('ref_axis',(-0.208637100199015,0.977993129025223,0.));
#3167=DIRECTION('center_axis',(0.,0.,-1.));
#3168=DIRECTION('ref_axis',(-0.208637100199015,0.977993129025223,0.));
#3169=DIRECTION('',(0.,0.,-1.));
#3170=DIRECTION('center_axis',(0.,0.,-1.));
#3171=DIRECTION('ref_axis',(-0.732391490100845,-0.680883767781157,0.));
#3172=DIRECTION('center_axis',(0.,0.,-1.));
#3173=DIRECTION('ref_axis',(-0.732391490100845,-0.680883767781157,0.));
#3174=DIRECTION('center_axis',(0.,0.,1.));
#3175=DIRECTION('ref_axis',(-0.732391490100845,-0.680883767781157,0.));
#3176=DIRECTION('',(0.,0.,-1.));
#3177=DIRECTION('center_axis',(0.,0.,-1.));
#3178=DIRECTION('ref_axis',(0.732391490101031,0.680883767780956,0.));
#3179=DIRECTION('center_axis',(0.,0.,1.));
#3180=DIRECTION('ref_axis',(0.732391490101031,0.680883767780956,0.));
#3181=DIRECTION('center_axis',(0.,0.,-1.));
#3182=DIRECTION('ref_axis',(0.732391490101031,0.680883767780956,0.));
#3183=DIRECTION('',(0.,0.,-1.));
#3184=DIRECTION('center_axis',(0.,0.,-1.));
#3185=DIRECTION('ref_axis',(0.481086123715331,-0.876673338004845,0.));
#3186=DIRECTION('center_axis',(0.,0.,-1.));
#3187=DIRECTION('ref_axis',(0.481086123715331,-0.876673338004845,0.));
#3188=DIRECTION('center_axis',(0.,0.,1.));
#3189=DIRECTION('ref_axis',(0.481086123715331,-0.876673338004845,0.));
#3190=DIRECTION('',(0.,0.,-1.));
#3191=DIRECTION('center_axis',(0.,0.,-1.));
#3192=DIRECTION('ref_axis',(-0.48108612371218,0.876673338006574,0.));
#3193=DIRECTION('center_axis',(0.,0.,1.));
#3194=DIRECTION('ref_axis',(-0.48108612371218,0.876673338006574,0.));
#3195=DIRECTION('center_axis',(0.,0.,-1.));
#3196=DIRECTION('ref_axis',(-0.48108612371218,0.876673338006574,0.));
#3197=DIRECTION('',(0.,0.,-1.));
#3198=DIRECTION('center_axis',(0.,0.,-1.));
#3199=DIRECTION('ref_axis',(-0.0364214597346728,-0.999336518531568,0.));
#3200=DIRECTION('center_axis',(0.,0.,-1.));
#3201=DIRECTION('ref_axis',(-0.0364214597346728,-0.999336518531568,0.));
#3202=DIRECTION('center_axis',(0.,0.,1.));
#3203=DIRECTION('ref_axis',(-0.0364214597346728,-0.999336518531568,0.));
#3204=DIRECTION('',(0.,0.,-1.));
#3205=DIRECTION('center_axis',(0.,0.,-1.));
#3206=DIRECTION('ref_axis',(0.0364214597367153,0.999336518531494,0.));
#3207=DIRECTION('center_axis',(0.,0.,1.));
#3208=DIRECTION('ref_axis',(0.0364214597367153,0.999336518531494,0.));
#3209=DIRECTION('center_axis',(0.,0.,-1.));
#3210=DIRECTION('ref_axis',(0.0364214597367153,0.999336518531494,0.));
#3211=DIRECTION('',(0.,0.,-1.));
#3212=DIRECTION('center_axis',(0.,0.,-1.));
#3213=DIRECTION('ref_axis',(0.960080922602803,-0.279722401773884,0.));
#3214=DIRECTION('center_axis',(0.,0.,-1.));
#3215=DIRECTION('ref_axis',(0.960080922602803,-0.279722401773884,0.));
#3216=DIRECTION('center_axis',(0.,0.,1.));
#3217=DIRECTION('ref_axis',(0.960080922602803,-0.279722401773884,0.));
#3218=DIRECTION('',(0.,0.,-1.));
#3219=DIRECTION('center_axis',(0.,0.,-1.));
#3220=DIRECTION('ref_axis',(-0.960080922601514,0.27972240177831,0.));
#3221=DIRECTION('center_axis',(0.,0.,1.));
#3222=DIRECTION('ref_axis',(-0.960080922601514,0.27972240177831,0.));
#3223=DIRECTION('center_axis',(0.,0.,-1.));
#3224=DIRECTION('ref_axis',(-0.960080922601514,0.27972240177831,0.));
#3225=DIRECTION('',(0.,0.,-1.));
#3226=DIRECTION('center_axis',(0.,0.,-1.));
#3227=DIRECTION('ref_axis',(8.65973959207602E-13,-1.,0.));
#3228=DIRECTION('center_axis',(0.,0.,-1.));
#3229=DIRECTION('ref_axis',(8.65973959207602E-13,-1.,0.));
#3230=DIRECTION('center_axis',(0.,0.,1.));
#3231=DIRECTION('ref_axis',(8.65973959207602E-13,-1.,0.));
#3232=DIRECTION('',(0.,0.,-1.));
#3233=DIRECTION('center_axis',(3.37036546220535E-12,1.,0.));
#3234=DIRECTION('ref_axis',(1.,-3.37036546220535E-12,0.));
#3235=DIRECTION('',(-1.,3.37036546220535E-12,0.));
#3236=DIRECTION('',(1.,-3.37036546220535E-12,0.));
#3237=DIRECTION('',(0.,0.,-1.));
#3238=DIRECTION('center_axis',(0.,0.,-1.));
#3239=DIRECTION('ref_axis',(0.,1.,0.));
#3240=DIRECTION('center_axis',(0.,0.,1.));
#3241=DIRECTION('ref_axis',(0.,1.,0.));
#3242=DIRECTION('center_axis',(0.,0.,-1.));
#3243=DIRECTION('ref_axis',(0.,1.,0.));
#3244=DIRECTION('',(0.,0.,-1.));
#3245=DIRECTION('center_axis',(0.,0.,-1.));
#3246=DIRECTION('ref_axis',(-0.989984446419361,0.141176470588237,0.));
#3247=DIRECTION('center_axis',(0.,0.,1.));
#3248=DIRECTION('ref_axis',(-0.989984446419361,0.141176470588237,0.));
#3249=DIRECTION('center_axis',(0.,0.,-1.));
#3250=DIRECTION('ref_axis',(-0.989984446419361,0.141176470588237,0.));
#3251=DIRECTION('',(0.,0.,-1.));
#3252=DIRECTION('center_axis',(0.,0.,-1.));
#3253=DIRECTION('ref_axis',(-0.989984446419408,-0.14117647058791,0.));
#3254=DIRECTION('center_axis',(0.,0.,1.));
#3255=DIRECTION('ref_axis',(-0.989984446419408,-0.14117647058791,0.));
#3256=DIRECTION('center_axis',(0.,0.,-1.));
#3257=DIRECTION('ref_axis',(-0.989984446419408,-0.14117647058791,0.));
#3258=DIRECTION('',(0.,0.,-1.));
#3259=DIRECTION('center_axis',(7.89929405205012E-13,-1.,0.));
#3260=DIRECTION('ref_axis',(-1.,-7.89929405205012E-13,0.));
#3261=DIRECTION('',(1.,7.89929405205012E-13,0.));
#3262=DIRECTION('',(-1.,-7.89929405205012E-13,0.));
#3263=DIRECTION('',(0.,0.,-1.));
#3264=DIRECTION('center_axis',(0.,0.,-1.));
#3265=DIRECTION('ref_axis',(0.981691815623608,0.19047619047436,0.));
#3266=DIRECTION('center_axis',(0.,0.,-1.));
#3267=DIRECTION('ref_axis',(0.981691815623608,0.19047619047436,0.));
#3268=DIRECTION('center_axis',(0.,0.,1.));
#3269=DIRECTION('ref_axis',(0.981691815623608,0.19047619047436,0.));
#3270=DIRECTION('',(0.,0.,-1.));
#3271=DIRECTION('center_axis',(0.,0.,-1.));
#3272=DIRECTION('ref_axis',(-0.981691815623248,-0.190476190476212,0.));
#3273=DIRECTION('center_axis',(0.,0.,1.));
#3274=DIRECTION('ref_axis',(-0.981691815623248,-0.190476190476212,0.));
#3275=DIRECTION('center_axis',(0.,0.,-1.));
#3276=DIRECTION('ref_axis',(-0.981691815623248,-0.190476190476212,0.));
#3277=DIRECTION('',(0.,0.,-1.));
#3278=DIRECTION('center_axis',(0.,0.,-1.));
#3279=DIRECTION('ref_axis',(0.680883767781157,-0.732391490100844,0.));
#3280=DIRECTION('center_axis',(0.,0.,-1.));
#3281=DIRECTION('ref_axis',(0.680883767781157,-0.732391490100844,0.));
#3282=DIRECTION('center_axis',(0.,0.,1.));
#3283=DIRECTION('ref_axis',(0.680883767781157,-0.732391490100844,0.));
#3284=DIRECTION('',(0.,0.,-1.));
#3285=DIRECTION('center_axis',(0.,0.,-1.));
#3286=DIRECTION('ref_axis',(-0.680883767780957,0.732391490101031,0.));
#3287=DIRECTION('center_axis',(0.,0.,1.));
#3288=DIRECTION('ref_axis',(-0.680883767780957,0.732391490101031,0.));
#3289=DIRECTION('center_axis',(0.,0.,-1.));
#3290=DIRECTION('ref_axis',(-0.680883767780957,0.732391490101031,0.));
#3291=DIRECTION('',(0.,0.,-1.));
#3292=DIRECTION('center_axis',(0.,0.,-1.));
#3293=DIRECTION('ref_axis',(0.876673338004837,0.481086123715345,0.));
#3294=DIRECTION('center_axis',(0.,0.,-1.));
#3295=DIRECTION('ref_axis',(0.876673338004837,0.481086123715345,0.));
#3296=DIRECTION('center_axis',(0.,0.,1.));
#3297=DIRECTION('ref_axis',(0.876673338004837,0.481086123715345,0.));
#3298=DIRECTION('',(0.,0.,-1.));
#3299=DIRECTION('center_axis',(0.,0.,-1.));
#3300=DIRECTION('ref_axis',(-0.876673338006568,-0.481086123712191,0.));
#3301=DIRECTION('center_axis',(0.,0.,1.));
#3302=DIRECTION('ref_axis',(-0.876673338006568,-0.481086123712191,0.));
#3303=DIRECTION('center_axis',(0.,0.,-1.));
#3304=DIRECTION('ref_axis',(-0.876673338006568,-0.481086123712191,0.));
#3305=DIRECTION('',(0.,0.,-1.));
#3306=DIRECTION('center_axis',(-0.66315303618272,-0.748483834562671,0.));
#3307=DIRECTION('ref_axis',(-0.748483834562671,0.66315303618272,0.));
#3308=DIRECTION('',(0.748483834562671,-0.66315303618272,0.));
#3309=DIRECTION('',(-0.748483834562671,0.66315303618272,0.));
#3310=DIRECTION('',(0.,0.,1.));
#3311=DIRECTION('center_axis',(-0.663153036182681,0.748483834562706,0.));
#3312=DIRECTION('ref_axis',(0.748483834562706,0.663153036182681,0.));
#3313=DIRECTION('',(-0.748483834562706,-0.663153036182681,0.));
#3314=DIRECTION('',(0.,0.,-1.));
#3315=DIRECTION('',(0.748483834562706,0.663153036182681,0.));
#3316=DIRECTION('',(0.,0.,-1.));
#3317=DIRECTION('center_axis',(0.,0.,-1.));
#3318=DIRECTION('ref_axis',(-0.663153036182705,0.748483834562685,0.));
#3319=DIRECTION('center_axis',(0.,0.,1.));
#3320=DIRECTION('ref_axis',(-0.663153036182705,0.748483834562685,0.));
#3321=DIRECTION('center_axis',(0.,0.,-1.));
#3322=DIRECTION('ref_axis',(-0.663153036182705,0.748483834562685,0.));
#3323=DIRECTION('',(0.,0.,-1.));
#3324=DIRECTION('center_axis',(0.,0.,-1.));
#3325=DIRECTION('ref_axis',(-0.0364214597346933,-0.999336518531568,0.));
#3326=DIRECTION('center_axis',(0.,0.,-1.));
#3327=DIRECTION('ref_axis',(-0.0364214597346933,-0.999336518531568,0.));
#3328=DIRECTION('center_axis',(0.,0.,1.));
#3329=DIRECTION('ref_axis',(-0.0364214597346933,-0.999336518531568,0.));
#3330=DIRECTION('',(0.,0.,-1.));
#3331=DIRECTION('center_axis',(0.,0.,-1.));
#3332=DIRECTION('ref_axis',(0.0364214597367153,0.999336518531494,0.));
#3333=DIRECTION('center_axis',(0.,0.,1.));
#3334=DIRECTION('ref_axis',(0.0364214597367153,0.999336518531494,0.));
#3335=DIRECTION('center_axis',(0.,0.,-1.));
#3336=DIRECTION('ref_axis',(0.0364214597367153,0.999336518531494,0.));
#3337=DIRECTION('',(0.,0.,-1.));
#3338=DIRECTION('center_axis',(0.,0.,-1.));
#3339=DIRECTION('ref_axis',(0.960080922602806,-0.279722401773875,0.));
#3340=DIRECTION('center_axis',(0.,0.,-1.));
#3341=DIRECTION('ref_axis',(0.960080922602806,-0.279722401773875,0.));
#3342=DIRECTION('center_axis',(0.,0.,1.));
#3343=DIRECTION('ref_axis',(0.960080922602806,-0.279722401773875,0.));
#3344=DIRECTION('',(0.,0.,-1.));
#3345=DIRECTION('center_axis',(0.,0.,-1.));
#3346=DIRECTION('ref_axis',(-0.960080922601519,0.279722401778292,0.));
#3347=DIRECTION('center_axis',(0.,0.,1.));
#3348=DIRECTION('ref_axis',(-0.960080922601519,0.279722401778292,0.));
#3349=DIRECTION('center_axis',(0.,0.,-1.));
#3350=DIRECTION('ref_axis',(-0.960080922601519,0.279722401778292,0.));
#3351=DIRECTION('',(0.,0.,-1.));
#3352=DIRECTION('center_axis',(0.,0.,-1.));
#3353=DIRECTION('ref_axis',(8.65973959207602E-13,-1.,0.));
#3354=DIRECTION('center_axis',(0.,0.,-1.));
#3355=DIRECTION('ref_axis',(8.65973959207602E-13,-1.,0.));
#3356=DIRECTION('center_axis',(0.,0.,1.));
#3357=DIRECTION('ref_axis',(8.65973959207602E-13,-1.,0.));
#3358=DIRECTION('',(0.,0.,-1.));
#3359=DIRECTION('center_axis',(3.37036546220535E-12,1.,0.));
#3360=DIRECTION('ref_axis',(1.,-3.37036546220535E-12,0.));
#3361=DIRECTION('',(-1.,3.37036546220535E-12,0.));
#3362=DIRECTION('',(1.,-3.37036546220535E-12,0.));
#3363=DIRECTION('',(0.,0.,-1.));
#3364=DIRECTION('center_axis',(0.,0.,-1.));
#3365=DIRECTION('ref_axis',(0.,1.,0.));
#3366=DIRECTION('center_axis',(0.,0.,1.));
#3367=DIRECTION('ref_axis',(0.,1.,0.));
#3368=DIRECTION('center_axis',(0.,0.,-1.));
#3369=DIRECTION('ref_axis',(0.,1.,0.));
#3370=DIRECTION('',(0.,0.,-1.));
#3371=DIRECTION('center_axis',(0.,0.,-1.));
#3372=DIRECTION('ref_axis',(-0.989984446419363,0.141176470588221,0.));
#3373=DIRECTION('center_axis',(0.,0.,1.));
#3374=DIRECTION('ref_axis',(-0.989984446419363,0.141176470588221,0.));
#3375=DIRECTION('center_axis',(0.,0.,-1.));
#3376=DIRECTION('ref_axis',(-0.989984446419363,0.141176470588221,0.));
#3377=DIRECTION('',(0.,0.,-1.));
#3378=DIRECTION('center_axis',(0.,0.,-1.));
#3379=DIRECTION('ref_axis',(-0.989984446419408,-0.14117647058791,0.));
#3380=DIRECTION('center_axis',(0.,0.,1.));
#3381=DIRECTION('ref_axis',(-0.989984446419408,-0.14117647058791,0.));
#3382=DIRECTION('center_axis',(0.,0.,-1.));
#3383=DIRECTION('ref_axis',(-0.989984446419408,-0.14117647058791,0.));
#3384=DIRECTION('',(0.,0.,-1.));
#3385=DIRECTION('center_axis',(8.21526581413212E-13,-1.,0.));
#3386=DIRECTION('ref_axis',(-1.,-8.21526581413212E-13,0.));
#3387=DIRECTION('',(1.,8.21526581413212E-13,0.));
#3388=DIRECTION('',(-1.,-8.21526581413212E-13,0.));
#3389=DIRECTION('',(0.,0.,-1.));
#3390=DIRECTION('center_axis',(0.,0.,-1.));
#3391=DIRECTION('ref_axis',(0.981691815623609,0.190476190474352,0.));
#3392=DIRECTION('center_axis',(0.,0.,-1.));
#3393=DIRECTION('ref_axis',(0.981691815623609,0.190476190474352,0.));
#3394=DIRECTION('center_axis',(0.,0.,1.));
#3395=DIRECTION('ref_axis',(0.981691815623609,0.190476190474352,0.));
#3396=DIRECTION('',(0.,0.,-1.));
#3397=DIRECTION('center_axis',(0.,0.,-1.));
#3398=DIRECTION('ref_axis',(-0.981691815623246,-0.190476190476223,0.));
#3399=DIRECTION('center_axis',(0.,0.,1.));
#3400=DIRECTION('ref_axis',(-0.981691815623246,-0.190476190476223,0.));
#3401=DIRECTION('center_axis',(0.,0.,-1.));
#3402=DIRECTION('ref_axis',(-0.981691815623246,-0.190476190476223,0.));
#3403=DIRECTION('',(0.,0.,-1.));
#3404=DIRECTION('center_axis',(0.,0.,-1.));
#3405=DIRECTION('ref_axis',(0.680883767781178,-0.732391490100826,0.));
#3406=DIRECTION('center_axis',(0.,0.,-1.));
#3407=DIRECTION('ref_axis',(0.680883767781178,-0.732391490100826,0.));
#3408=DIRECTION('center_axis',(0.,0.,1.));
#3409=DIRECTION('ref_axis',(0.680883767781178,-0.732391490100826,0.));
#3410=DIRECTION('',(0.,0.,-1.));
#3411=DIRECTION('center_axis',(0.,0.,-1.));
#3412=DIRECTION('ref_axis',(-0.680883767780955,0.732391490101032,0.));
#3413=DIRECTION('center_axis',(0.,0.,1.));
#3414=DIRECTION('ref_axis',(-0.680883767780955,0.732391490101032,0.));
#3415=DIRECTION('center_axis',(0.,0.,-1.));
#3416=DIRECTION('ref_axis',(-0.680883767780955,0.732391490101032,0.));
#3417=DIRECTION('',(0.,0.,-1.));
#3418=DIRECTION('center_axis',(0.,0.,-1.));
#3419=DIRECTION('ref_axis',(0.876673338004857,0.481086123715309,0.));
#3420=DIRECTION('center_axis',(0.,0.,-1.));
#3421=DIRECTION('ref_axis',(0.876673338004857,0.481086123715309,0.));
#3422=DIRECTION('center_axis',(0.,0.,1.));
#3423=DIRECTION('ref_axis',(0.876673338004857,0.481086123715309,0.));
#3424=DIRECTION('',(0.,0.,-1.));
#3425=DIRECTION('center_axis',(0.,0.,-1.));
#3426=DIRECTION('ref_axis',(-0.876673338006566,-0.481086123712194,0.));
#3427=DIRECTION('center_axis',(0.,0.,1.));
#3428=DIRECTION('ref_axis',(-0.876673338006566,-0.481086123712194,0.));
#3429=DIRECTION('center_axis',(0.,0.,-1.));
#3430=DIRECTION('ref_axis',(-0.876673338006566,-0.481086123712194,0.));
#3431=DIRECTION('',(0.,0.,-1.));
#3432=DIRECTION('center_axis',(0.,0.,-1.));
#3433=DIRECTION('ref_axis',(0.999336518531569,-0.0364214597346603,0.));
#3434=DIRECTION('center_axis',(0.,0.,-1.));
#3435=DIRECTION('ref_axis',(0.999336518531569,-0.0364214597346603,0.));
#3436=DIRECTION('center_axis',(0.,0.,1.));
#3437=DIRECTION('ref_axis',(0.999336518531569,-0.0364214597346603,0.));
#3438=DIRECTION('',(0.,0.,-1.));
#3439=DIRECTION('center_axis',(0.,0.,-1.));
#3440=DIRECTION('ref_axis',(-0.999336518531494,0.0364214597367212,0.));
#3441=DIRECTION('center_axis',(0.,0.,1.));
#3442=DIRECTION('ref_axis',(-0.999336518531494,0.0364214597367212,0.));
#3443=DIRECTION('center_axis',(0.,0.,-1.));
#3444=DIRECTION('ref_axis',(-0.999336518531494,0.0364214597367212,0.));
#3445=DIRECTION('',(0.,0.,-1.));
#3446=DIRECTION('center_axis',(0.,0.,-1.));
#3447=DIRECTION('ref_axis',(0.279722401773857,0.960080922602811,0.));
#3448=DIRECTION('center_axis',(0.,0.,-1.));
#3449=DIRECTION('ref_axis',(0.279722401773857,0.960080922602811,0.));
#3450=DIRECTION('center_axis',(0.,0.,1.));
#3451=DIRECTION('ref_axis',(0.279722401773857,0.960080922602811,0.));
#3452=DIRECTION('',(0.,0.,-1.));
#3453=DIRECTION('center_axis',(0.,0.,-1.));
#3454=DIRECTION('ref_axis',(-0.279722401778312,-0.960080922601513,0.));
#3455=DIRECTION('center_axis',(0.,0.,1.));
#3456=DIRECTION('ref_axis',(-0.279722401778312,-0.960080922601513,0.));
#3457=DIRECTION('center_axis',(0.,0.,-1.));
#3458=DIRECTION('ref_axis',(-0.279722401778312,-0.960080922601513,0.));
#3459=DIRECTION('',(0.,0.,-1.));
#3460=DIRECTION('center_axis',(-0.706961825817087,-0.707251706846559,0.));
#3461=DIRECTION('ref_axis',(-0.707251706846559,0.706961825817087,0.));
#3462=DIRECTION('',(0.707251706846559,-0.706961825817087,0.));
#3463=DIRECTION('',(-0.707251706846559,0.706961825817087,0.));
#3464=DIRECTION('',(0.,0.,-1.));
#3465=DIRECTION('center_axis',(-0.000768367512058646,-0.99999970480564,
0.));
#3466=DIRECTION('ref_axis',(-0.99999970480564,0.000768367512058646,0.));
#3467=DIRECTION('',(0.99999970480564,-0.000768367512058646,0.));
#3468=DIRECTION('',(-0.99999970480564,0.000768367512058646,0.));
#3469=DIRECTION('',(0.,0.,-1.));
#3470=DIRECTION('center_axis',(0.663884228330509,-0.747835363816131,0.));
#3471=DIRECTION('ref_axis',(-0.74783536381613,-0.663884228330509,0.));
#3472=DIRECTION('',(0.74783536381613,0.663884228330509,0.));
#3473=DIRECTION('',(-0.74783536381613,-0.663884228330509,0.));
#3474=DIRECTION('',(0.,0.,-1.));
#3475=DIRECTION('center_axis',(0.,0.,-1.));
#3476=DIRECTION('ref_axis',(0.182885790883946,-0.98313416556071,0.));
#3477=DIRECTION('center_axis',(0.,0.,1.));
#3478=DIRECTION('ref_axis',(0.182885790883946,-0.98313416556071,0.));
#3479=DIRECTION('center_axis',(0.,0.,-1.));
#3480=DIRECTION('ref_axis',(0.182885790883946,-0.98313416556071,0.));
#3481=DIRECTION('',(0.,0.,-1.));
#3482=DIRECTION('center_axis',(0.,0.,-1.));
#3483=DIRECTION('ref_axis',(0.732391490098074,0.680883767784137,0.));
#3484=DIRECTION('center_axis',(0.,0.,-1.));
#3485=DIRECTION('ref_axis',(0.732391490098074,0.680883767784137,0.));
#3486=DIRECTION('center_axis',(0.,0.,1.));
#3487=DIRECTION('ref_axis',(0.732391490098074,0.680883767784137,0.));
#3488=DIRECTION('',(0.,0.,-1.));
#3489=DIRECTION('center_axis',(0.,0.,-1.));
#3490=DIRECTION('ref_axis',(-0.732391490102575,-0.680883767779296,0.));
#3491=DIRECTION('center_axis',(0.,0.,1.));
#3492=DIRECTION('ref_axis',(-0.732391490102575,-0.680883767779296,0.));
#3493=DIRECTION('center_axis',(0.,0.,-1.));
#3494=DIRECTION('ref_axis',(-0.732391490102575,-0.680883767779296,0.));
#3495=DIRECTION('',(0.,0.,-1.));
#3496=DIRECTION('center_axis',(0.,0.,-1.));
#3497=DIRECTION('ref_axis',(-0.481086123715323,0.876673338004849,0.));
#3498=DIRECTION('center_axis',(0.,0.,-1.));
#3499=DIRECTION('ref_axis',(-0.481086123715323,0.876673338004849,0.));
#3500=DIRECTION('center_axis',(0.,0.,1.));
#3501=DIRECTION('ref_axis',(-0.481086123715323,0.876673338004849,0.));
#3502=DIRECTION('',(0.,0.,-1.));
#3503=DIRECTION('center_axis',(0.,0.,-1.));
#3504=DIRECTION('ref_axis',(0.481086123712174,-0.876673338006578,0.));
#3505=DIRECTION('center_axis',(0.,0.,1.));
#3506=DIRECTION('ref_axis',(0.481086123712174,-0.876673338006578,0.));
#3507=DIRECTION('center_axis',(0.,0.,-1.));
#3508=DIRECTION('ref_axis',(0.481086123712174,-0.876673338006578,0.));
#3509=DIRECTION('',(0.,0.,-1.));
#3510=DIRECTION('center_axis',(0.,0.,-1.));
#3511=DIRECTION('ref_axis',(0.0364214597346628,0.999336518531569,0.));
#3512=DIRECTION('center_axis',(0.,0.,-1.));
#3513=DIRECTION('ref_axis',(0.0364214597346628,0.999336518531569,0.));
#3514=DIRECTION('center_axis',(0.,0.,1.));
#3515=DIRECTION('ref_axis',(0.0364214597346628,0.999336518531569,0.));
#3516=DIRECTION('',(0.,0.,-1.));
#3517=DIRECTION('center_axis',(0.,0.,-1.));
#3518=DIRECTION('ref_axis',(-0.0364214597367264,-0.999336518531493,0.));
#3519=DIRECTION('center_axis',(0.,0.,1.));
#3520=DIRECTION('ref_axis',(-0.0364214597367264,-0.999336518531493,0.));
#3521=DIRECTION('center_axis',(0.,0.,-1.));
#3522=DIRECTION('ref_axis',(-0.0364214597367264,-0.999336518531493,0.));
#3523=DIRECTION('',(0.,0.,-1.));
#3524=DIRECTION('center_axis',(0.,0.,-1.));
#3525=DIRECTION('ref_axis',(-0.960080922602809,0.279722401773864,0.));
#3526=DIRECTION('center_axis',(0.,0.,-1.));
#3527=DIRECTION('ref_axis',(-0.960080922602809,0.279722401773864,0.));
#3528=DIRECTION('center_axis',(0.,0.,1.));
#3529=DIRECTION('ref_axis',(-0.960080922602809,0.279722401773864,0.));
#3530=DIRECTION('',(0.,0.,-1.));
#3531=DIRECTION('center_axis',(0.,0.,-1.));
#3532=DIRECTION('ref_axis',(0.96008092260151,-0.279722401778324,0.));
#3533=DIRECTION('center_axis',(0.,0.,1.));
#3534=DIRECTION('ref_axis',(0.96008092260151,-0.279722401778324,0.));
#3535=DIRECTION('center_axis',(0.,0.,-1.));
#3536=DIRECTION('ref_axis',(0.96008092260151,-0.279722401778324,0.));
#3537=DIRECTION('',(0.,0.,-1.));
#3538=DIRECTION('center_axis',(0.,0.,-1.));
#3539=DIRECTION('ref_axis',(-0.680883767781168,0.732391490100834,0.));
#3540=DIRECTION('center_axis',(0.,0.,-1.));
#3541=DIRECTION('ref_axis',(-0.680883767781168,0.732391490100834,0.));
#3542=DIRECTION('center_axis',(0.,0.,1.));
#3543=DIRECTION('ref_axis',(-0.680883767781168,0.732391490100834,0.));
#3544=DIRECTION('',(0.,0.,-1.));
#3545=DIRECTION('center_axis',(0.,0.,-1.));
#3546=DIRECTION('ref_axis',(0.68088376778096,-0.732391490101028,0.));
#3547=DIRECTION('center_axis',(0.,0.,1.));
#3548=DIRECTION('ref_axis',(0.68088376778096,-0.732391490101028,0.));
#3549=DIRECTION('center_axis',(0.,0.,-1.));
#3550=DIRECTION('ref_axis',(0.68088376778096,-0.732391490101028,0.));
#3551=DIRECTION('',(0.,0.,-1.));
#3552=DIRECTION('center_axis',(0.,0.,-1.));
#3553=DIRECTION('ref_axis',(-0.876673338004851,-0.481086123715319,0.));
#3554=DIRECTION('center_axis',(0.,0.,-1.));
#3555=DIRECTION('ref_axis',(-0.876673338004851,-0.481086123715319,0.));
#3556=DIRECTION('center_axis',(0.,0.,1.));
#3557=DIRECTION('ref_axis',(-0.876673338004851,-0.481086123715319,0.));
#3558=DIRECTION('',(0.,0.,-1.));
#3559=DIRECTION('center_axis',(0.,0.,-1.));
#3560=DIRECTION('ref_axis',(0.876673338006575,0.481086123712179,0.));
#3561=DIRECTION('center_axis',(0.,0.,1.));
#3562=DIRECTION('ref_axis',(0.876673338006575,0.481086123712179,0.));
#3563=DIRECTION('center_axis',(0.,0.,-1.));
#3564=DIRECTION('ref_axis',(0.876673338006575,0.481086123712179,0.));
#3565=DIRECTION('',(0.,0.,-1.));
#3566=DIRECTION('center_axis',(0.862415688839653,0.506200730583459,0.));
#3567=DIRECTION('ref_axis',(0.506200730583459,-0.862415688839653,0.));
#3568=DIRECTION('',(-0.506200730583459,0.862415688839653,0.));
#3569=DIRECTION('',(0.506200730583459,-0.862415688839653,0.));
#3570=DIRECTION('',(0.,0.,1.));
#3571=DIRECTION('center_axis',(0.463951187974968,0.885860765118659,0.));
#3572=DIRECTION('ref_axis',(-0.885860765118659,0.463951187974968,0.));
#3573=DIRECTION('',(-0.885860765118659,0.463951187974968,0.));
#3574=DIRECTION('',(0.,0.,1.));
#3575=DIRECTION('',(-0.885860765118659,0.463951187974968,0.));
#3576=DIRECTION('center_axis',(0.,0.,-1.));
#3577=DIRECTION('ref_axis',(-1.,0.,0.));
#3578=DIRECTION('center_axis',(0.,0.,-1.));
#3579=DIRECTION('ref_axis',(0.980927738420507,-0.194372765574888,0.));
#3580=DIRECTION('',(-5.3693294395042E-16,-1.,0.));
#3581=DIRECTION('',(0.756468525553471,-0.654030098578771,0.));
#3582=DIRECTION('',(-0.756468525553471,-0.654030098578771,0.));
#3583=DIRECTION('',(7.15910591933894E-16,-1.,0.));
#3584=DIRECTION('center_axis',(0.,0.,-1.));
#3585=DIRECTION('ref_axis',(0.863278817270578,0.504727335946758,0.));
#3586=DIRECTION('',(0.885860765118657,0.463951187974971,0.));
#3587=DIRECTION('',(0.245068924608456,-0.969505658669022,0.));
#3588=DIRECTION('',(-0.250274871820634,0.968174823332628,0.));
#3589=DIRECTION('',(0.601815023152041,0.798635510047299,0.));
#3590=DIRECTION('',(-1.,-4.34374758384592E-15,0.));
#3591=DIRECTION('',(0.878586921415739,-0.477582476141257,0.));
#3592=DIRECTION('center_axis',(0.,0.,-1.));
#3593=DIRECTION('ref_axis',(-1.,0.,0.));
#3594=DIRECTION('',(0.,1.,0.));
#3595=DIRECTION('center_axis',(0.,0.,-1.));
#3596=DIRECTION('ref_axis',(-1.,0.,0.));
#3597=DIRECTION('',(0.878586921415739,0.477582476141257,0.));
#3598=DIRECTION('',(-1.,4.34374758384592E-15,0.));
#3599=DIRECTION('',(0.601815023152041,-0.798635510047299,0.));
#3600=DIRECTION('',(-0.250274871820634,-0.968174823332628,0.));
#3601=DIRECTION('',(-0.245068924608456,-0.969505658669022,0.));
#3602=DIRECTION('center_axis',(0.,0.,1.));
#3603=DIRECTION('ref_axis',(-1.,0.,0.));
#3604=DIRECTION('center_axis',(0.,0.,1.));
#3605=DIRECTION('ref_axis',(1.,0.,0.));
#3606=DIRECTION('center_axis',(0.,0.,1.));
#3607=DIRECTION('ref_axis',(1.,0.,0.));
#3608=DIRECTION('center_axis',(0.,0.,1.));
#3609=DIRECTION('ref_axis',(1.,0.,0.));
#3610=DIRECTION('center_axis',(0.,0.,1.));
#3611=DIRECTION('ref_axis',(1.,0.,0.));
#3612=DIRECTION('center_axis',(-0.969505658669022,-0.245068924608456,0.));
#3613=DIRECTION('ref_axis',(0.245068924608456,-0.969505658669022,0.));
#3614=DIRECTION('',(0.245068924608456,-0.969505658669022,0.));
#3615=DIRECTION('',(0.,0.,-1.));
#3616=DIRECTION('center_axis',(-0.229820776869994,-0.907686476315471,0.351123441588392));
#3617=DIRECTION('ref_axis',(0.,-0.360780463709698,-0.93265076904778));
#3618=DIRECTION('',(0.0933924629629433,0.338546959165766,0.936303265134395));
#3619=DIRECTION('',(-0.969409581651682,0.245448697291127,0.));
#3620=DIRECTION('',(0.0486001794792195,-0.371033934400235,-0.927346667691252));
#3621=DIRECTION('',(0.969409581651682,-0.245448697291127,0.));
#3622=DIRECTION('',(0.0933924629629433,0.338546959165766,0.936303265134395));
#3623=DIRECTION('center_axis',(0.245448697291127,0.969409581651682,0.));
#3624=DIRECTION('ref_axis',(-0.969409581651682,0.245448697291127,0.));
#3625=DIRECTION('',(0.0523313619344521,-0.0132499872679172,-0.998541870126379));
#3626=DIRECTION('',(0.,0.,-1.));
#3627=DIRECTION('',(0.969409581651682,-0.245448697291127,0.));
#3628=DIRECTION('',(0.,0.,1.));
#3629=DIRECTION('',(-0.969409581651682,0.245448697291127,0.));
#3630=DIRECTION('',(0.,0.,1.));
#3631=DIRECTION('center_axis',(0.245448697291127,0.969409581651682,0.));
#3632=DIRECTION('ref_axis',(0.969409581651682,-0.245448697291127,-3.29099457441204E-20));
#3633=DIRECTION('center_axis',(0.963992473408699,-0.265929523015741,0.));
#3634=DIRECTION('ref_axis',(0.265929523015741,0.963992473408699,0.));
#3635=DIRECTION('center_axis',(0.963992473408699,-0.265929523015741,0.));
#3636=DIRECTION('ref_axis',(0.265929523015741,0.963992473408699,0.));
#3637=DIRECTION('',(0.493605045917923,-0.869686184002233,-8.65956056235519E-17));
#3638=DIRECTION('center_axis',(-0.963992473408701,0.265929523015731,0.));
#3639=DIRECTION('ref_axis',(0.265929523015731,0.963992473408701,0.));
#3640=DIRECTION('center_axis',(0.,0.,1.));
#3641=DIRECTION('ref_axis',(-4.34374758384592E-15,-1.,0.));
#3642=DIRECTION('',(0.245448702565666,0.9694095803162,0.));
#3643=DIRECTION('',(0.601815023152041,-0.798635510047299,0.));
#3644=DIRECTION('',(-0.265929523015731,-0.963992473408701,0.));
#3645=DIRECTION('center_axis',(-0.9694095803162,0.245448702565666,0.));
#3646=DIRECTION('ref_axis',(-0.245448702565666,-0.9694095803162,0.));
#3647=DIRECTION('',(-0.245448702565349,-0.96940958031628,0.));
#3648=DIRECTION('',(0.,0.,-1.));
#3649=DIRECTION('',(0.,0.,1.));
#3650=DIRECTION('center_axis',(0.245448515101977,0.969409627780865,1.75110415984792E-13));
#3651=DIRECTION('ref_axis',(0.969409627780865,-0.245448515101977,3.66031460022549E-28));
#3652=DIRECTION('',(0.245448515101977,0.969409627780865,1.75110415984792E-13));
#3653=DIRECTION('center_axis',(3.68421080181357E-8,0.999999999999999,0.));
#3654=DIRECTION('ref_axis',(0.999999999999999,-3.68421079908498E-8,4.2980585328272E-14));
#3655=DIRECTION('center_axis',(0.229820776869994,-0.907686476315471,-0.351123441588392));
#3656=DIRECTION('ref_axis',(0.,0.360780463709698,-0.93265076904778));
#3657=DIRECTION('',(0.0933924629629433,-0.338546959165766,0.936303265134395));
#3658=DIRECTION('',(0.0933924629629433,-0.338546959165766,0.936303265134395));
#3659=DIRECTION('',(0.969409581651682,0.245448697291127,0.));
#3660=DIRECTION('',(0.0486001794792195,0.371033934400235,-0.927346667691252));
#3661=DIRECTION('',(-0.969409581651682,-0.245448697291127,0.));
#3662=DIRECTION('center_axis',(0.998629534754574,4.33779462874736E-15,0.0523359562429376));
#3663=DIRECTION('ref_axis',(-0.0523359562429376,-2.27334183478526E-16,0.998629534754574));
#3664=DIRECTION('',(-0.0523313619344521,-0.0132499872679172,0.998541870126379));
#3665=DIRECTION('',(-4.34374758384592E-15,1.,0.));
#3666=DIRECTION('',(0.0523359562429376,2.27334183478526E-16,-0.998629534754574));
#3667=DIRECTION('',(4.34374758384592E-15,-1.,0.));
#3668=DIRECTION('center_axis',(0.,0.,-1.));
#3669=DIRECTION('ref_axis',(4.34374758384592E-15,-1.,0.));
#3670=DIRECTION('',(1.,4.34374758384592E-15,0.));
#3671=DIRECTION('',(0.601815023152041,0.798635510047299,0.));
#3672=DIRECTION('',(-0.265929523015731,0.963992473408701,0.));
#3673=DIRECTION('center_axis',(0.,0.,-1.));
#3674=DIRECTION('ref_axis',(-4.34374758384592E-15,1.,0.));
#3675=DIRECTION('',(0.245448702565666,-0.9694095803162,0.));
#3676=DIRECTION('',(0.969409581651682,0.245448697291127,0.));
#3677=DIRECTION('',(-0.265929523015731,0.963992473408701,0.));
#3678=DIRECTION('',(0.601815023152041,0.798635510047299,0.));
#3679=DIRECTION('center_axis',(0.9694095803162,0.245448702565666,0.));
#3680=DIRECTION('ref_axis',(-0.245448702565666,0.9694095803162,0.));
#3681=DIRECTION('',(0.,0.,1.));
#3682=DIRECTION('',(0.,0.,-1.));
#3683=DIRECTION('',(-0.245448702565349,0.96940958031628,0.));
#3684=DIRECTION('',(0.,0.,1.));
#3685=DIRECTION('center_axis',(-0.245448697291127,0.969409581651682,0.));
#3686=DIRECTION('ref_axis',(-0.969409581651682,-0.245448697291127,0.));
#3687=DIRECTION('',(0.,0.,-1.));
#3688=DIRECTION('',(0.969409581651682,0.245448697291127,0.));
#3689=DIRECTION('',(0.,0.,1.));
#3690=DIRECTION('center_axis',(-0.245448697291127,0.969409581651682,0.));
#3691=DIRECTION('ref_axis',(0.969409581651682,0.245448697291127,-3.29099457441204E-20));
#3692=DIRECTION('center_axis',(-0.963992473408701,-0.265929523015731,0.));
#3693=DIRECTION('ref_axis',(0.265929523015731,-0.963992473408702,0.));
#3694=DIRECTION('center_axis',(0.963992473408701,0.265929523015731,0.));
#3695=DIRECTION('ref_axis',(0.265929523015731,-0.963992473408701,0.));
#3696=DIRECTION('',(0.,0.,-1.));
#3697=DIRECTION('center_axis',(-0.477582476141257,0.878586921415739,0.));
#3698=DIRECTION('ref_axis',(0.878586921415739,0.477582476141257,0.));
#3699=DIRECTION('',(0.,0.,-1.));
#3700=DIRECTION('',(0.878586921415739,0.477582476141257,0.));
#3701=DIRECTION('',(0.,0.,-1.));
#3702=DIRECTION('center_axis',(-1.,-5.31799142473935E-15,0.));
#3703=DIRECTION('ref_axis',(-5.31799142473935E-15,1.,0.));
#3704=DIRECTION('',(-4.34374758384592E-15,-1.,0.));
#3705=DIRECTION('',(-5.31799142473935E-15,1.,0.));
#3706=DIRECTION('center_axis',(0.968174823332628,-0.250274871820634,0.));
#3707=DIRECTION('ref_axis',(-0.250274871820634,-0.968174823332628,0.));
#3708=DIRECTION('',(-0.250274871820634,-0.968174823332628,0.));
#3709=DIRECTION('',(0.,0.,1.));
#3710=DIRECTION('center_axis',(0.,-1.,0.));
#3711=DIRECTION('ref_axis',(0.,0.,-1.));
#3712=DIRECTION('',(0.,0.,1.));
#3713=DIRECTION('',(-1.,0.,0.));
#3714=DIRECTION('',(0.,0.,1.));
#3715=DIRECTION('',(-1.,0.,0.));
#3716=DIRECTION('center_axis',(3.68421080181357E-8,0.999999999999999,0.));
#3717=DIRECTION('ref_axis',(-0.999999999999999,3.68421080181357E-8,0.));
#3718=DIRECTION('center_axis',(-0.798635510047299,-0.601815023152041,0.));
#3719=DIRECTION('ref_axis',(0.601815023152041,-0.798635510047299,0.));
#3720=DIRECTION('',(0.601815023152041,-0.798635510047299,0.));
#3721=DIRECTION('',(0.,0.,-1.));
#3722=DIRECTION('',(0.,0.,1.));
#3723=DIRECTION('center_axis',(4.34374758384592E-15,1.,0.));
#3724=DIRECTION('ref_axis',(0.,0.,-1.));
#3725=DIRECTION('',(0.0523359562429376,-2.27334183478526E-16,-0.998629534754574));
#3726=DIRECTION('',(1.,-4.34374758384592E-15,0.));
#3727=DIRECTION('center_axis',(-0.998629534754574,4.33779462874736E-15,
-0.0523359562429376));
#3728=DIRECTION('ref_axis',(-0.0523359562429376,2.27334183478526E-16,0.998629534754574));
#3729=DIRECTION('',(4.34374758384592E-15,1.,0.));
#3730=DIRECTION('center_axis',(0.963992473408701,-0.265929523015731,0.));
#3731=DIRECTION('ref_axis',(0.265929523015731,0.963992473408702,0.));
#3732=DIRECTION('',(-0.265929523015731,-0.963992473408701,0.));
#3733=DIRECTION('center_axis',(-0.963992473408703,0.265929523015724,-3.48547233596803E-15));
#3734=DIRECTION('ref_axis',(-0.265929523015724,-0.963992473408703,-9.86076131526264E-31));
#3735=DIRECTION('center_axis',(0.963992473408703,-0.265929523015724,3.48547233596803E-15));
#3736=DIRECTION('ref_axis',(-0.265929523015724,-0.963992473408703,-1.04524069941784E-29));
#3737=DIRECTION('center_axis',(0.963992473408701,-0.265929523015731,0.));
#3738=DIRECTION('ref_axis',(0.265929523015731,0.963992473408701,0.));
#3739=DIRECTION('',(0.963992473408701,-0.265929523015731,0.));
#3740=DIRECTION('center_axis',(0.,0.,1.));
#3741=DIRECTION('ref_axis',(4.34374758384592E-15,1.,0.));
#3742=DIRECTION('center_axis',(0.,0.,-1.));
#3743=DIRECTION('ref_axis',(0.,1.,0.));
#3744=DIRECTION('',(0.,-1.,0.));
#3745=DIRECTION('',(-1.,0.,0.));
#3746=DIRECTION('',(0.,1.,0.));
#3747=DIRECTION('center_axis',(-1.,0.,0.));
#3748=DIRECTION('ref_axis',(0.,1.,0.));
#3749=DIRECTION('',(0.,0.,1.));
#3750=DIRECTION('',(0.,-1.,0.));
#3751=DIRECTION('',(0.,0.,-1.));
#3752=DIRECTION('',(0.,0.,-1.));
#3753=DIRECTION('',(0.,-1.,0.));
#3754=DIRECTION('center_axis',(0.,0.,1.));
#3755=DIRECTION('ref_axis',(-1.,0.,0.));
#3756=DIRECTION('center_axis',(0.,0.,1.));
#3757=DIRECTION('ref_axis',(-1.,0.,0.));
#3758=DIRECTION('center_axis',(0.477582476141257,0.878586921415739,0.));
#3759=DIRECTION('ref_axis',(0.878586921415739,-0.477582476141257,0.));
#3760=DIRECTION('',(0.,0.,-1.));
#3761=DIRECTION('',(0.878586921415739,-0.477582476141257,0.));
#3762=DIRECTION('',(0.,0.,1.));
#3763=DIRECTION('center_axis',(1.,-5.31799142473935E-15,0.));
#3764=DIRECTION('ref_axis',(-5.31799142473935E-15,-1.,0.));
#3765=DIRECTION('',(-5.31799142473935E-15,-1.,0.));
#3766=DIRECTION('center_axis',(-0.968174823332628,-0.250274871820634,0.));
#3767=DIRECTION('ref_axis',(-0.250274871820634,0.968174823332628,0.));
#3768=DIRECTION('',(-0.250274871820634,0.968174823332628,0.));
#3769=DIRECTION('center_axis',(0.,0.,1.));
#3770=DIRECTION('ref_axis',(-1.,0.,0.));
#3771=DIRECTION('center_axis',(0.,0.,1.));
#3772=DIRECTION('ref_axis',(-1.,0.,0.));
#3773=DIRECTION('center_axis',(0.,-1.,0.));
#3774=DIRECTION('ref_axis',(0.,0.,-1.));
#3775=DIRECTION('',(0.,0.,-1.));
#3776=DIRECTION('',(-1.,0.,0.));
#3777=DIRECTION('center_axis',(1.,0.,0.));
#3778=DIRECTION('ref_axis',(0.,0.,-1.));
#3779=DIRECTION('',(0.,-1.,0.));
#3780=DIRECTION('center_axis',(0.,0.,1.));
#3781=DIRECTION('ref_axis',(1.,0.,0.));
#3782=DIRECTION('',(0.,0.,-1.));
#3783=DIRECTION('center_axis',(0.,0.,1.));
#3784=DIRECTION('ref_axis',(1.,0.,0.));
#3785=DIRECTION('center_axis',(0.,0.,1.));
#3786=DIRECTION('ref_axis',(1.,0.,0.));
#3787=DIRECTION('center_axis',(0.,0.,-1.));
#3788=DIRECTION('ref_axis',(-1.,0.,0.));
#3789=DIRECTION('center_axis',(0.,0.,1.));
#3790=DIRECTION('ref_axis',(1.,0.,0.));
#3791=DIRECTION('',(0.,0.,-1.));
#3792=DIRECTION('center_axis',(0.,0.,1.));
#3793=DIRECTION('ref_axis',(1.,0.,0.));
#3794=DIRECTION('center_axis',(0.,0.,1.));
#3795=DIRECTION('ref_axis',(1.,0.,0.));
#3796=DIRECTION('center_axis',(0.,0.,-1.));
#3797=DIRECTION('ref_axis',(-1.,0.,0.));
#3798=DIRECTION('center_axis',(0.,0.,1.));
#3799=DIRECTION('ref_axis',(1.,0.,0.));
#3800=DIRECTION('',(0.,0.,-1.));
#3801=DIRECTION('center_axis',(0.,0.,1.));
#3802=DIRECTION('ref_axis',(1.,0.,0.));
#3803=DIRECTION('center_axis',(0.,0.,1.));
#3804=DIRECTION('ref_axis',(1.,0.,0.));
#3805=DIRECTION('center_axis',(0.,0.,-1.));
#3806=DIRECTION('ref_axis',(-1.,0.,0.));
#3807=DIRECTION('center_axis',(0.,0.,1.));
#3808=DIRECTION('ref_axis',(1.,0.,0.));
#3809=DIRECTION('',(0.,0.,-1.));
#3810=DIRECTION('center_axis',(0.,0.,1.));
#3811=DIRECTION('ref_axis',(1.,0.,0.));
#3812=DIRECTION('center_axis',(0.,0.,1.));
#3813=DIRECTION('ref_axis',(1.,0.,0.));
#3814=DIRECTION('center_axis',(0.,0.,-1.));
#3815=DIRECTION('ref_axis',(-1.,0.,0.));
#3816=DIRECTION('center_axis',(0.,0.,-1.));
#3817=DIRECTION('ref_axis',(-1.,0.,0.));
#3818=DIRECTION('',(0.,0.,-1.));
#3819=DIRECTION('center_axis',(0.,0.,1.));
#3820=DIRECTION('ref_axis',(-1.,0.,0.));
#3821=DIRECTION('center_axis',(0.,0.,-1.));
#3822=DIRECTION('ref_axis',(-1.,0.,0.));
#3823=DIRECTION('',(0.,0.,-1.));
#3824=DIRECTION('center_axis',(0.,0.,1.));
#3825=DIRECTION('ref_axis',(-1.,0.,0.));
#3826=DIRECTION('center_axis',(0.,0.,-1.));
#3827=DIRECTION('ref_axis',(-1.,0.,0.));
#3828=DIRECTION('',(0.,0.,-1.));
#3829=DIRECTION('center_axis',(0.,0.,1.));
#3830=DIRECTION('ref_axis',(-1.,0.,0.));
#3831=DIRECTION('center_axis',(0.,0.,-1.));
#3832=DIRECTION('ref_axis',(-1.,0.,0.));
#3833=DIRECTION('',(0.,0.,-1.));
#3834=DIRECTION('center_axis',(0.,0.,1.));
#3835=DIRECTION('ref_axis',(-1.,0.,0.));
#3836=DIRECTION('center_axis',(0.,0.,-1.));
#3837=DIRECTION('ref_axis',(-1.,0.,0.));
#3838=DIRECTION('',(0.,0.,-1.));
#3839=DIRECTION('center_axis',(0.,0.,1.));
#3840=DIRECTION('ref_axis',(-1.,0.,0.));
#3841=DIRECTION('center_axis',(-0.969505658669022,0.245068924608456,0.));
#3842=DIRECTION('ref_axis',(-0.245068924608456,-0.969505658669022,0.));
#3843=DIRECTION('',(-0.245068924608456,-0.969505658669022,0.));
#3844=DIRECTION('center_axis',(0.,0.,-1.));
#3845=DIRECTION('ref_axis',(0.980927738420507,-0.194372765574888,0.));
#3846=DIRECTION('center_axis',(0.,0.,-1.));
#3847=DIRECTION('ref_axis',(0.980927738420507,-0.194372765574888,0.));
#3848=DIRECTION('',(0.,0.,1.));
#3849=DIRECTION('center_axis',(-1.,5.3693294395042E-16,0.));
#3850=DIRECTION('ref_axis',(-5.3693294395042E-16,-1.,0.));
#3851=DIRECTION('',(-5.3693294395042E-16,-1.,0.));
#3852=DIRECTION('',(0.,0.,1.));
#3853=DIRECTION('center_axis',(-0.654030098578771,-0.756468525553471,0.));
#3854=DIRECTION('ref_axis',(0.756468525553471,-0.654030098578771,0.));
#3855=DIRECTION('',(0.756468525553471,-0.654030098578771,0.));
#3856=DIRECTION('',(0.,0.,1.));
#3857=DIRECTION('center_axis',(-0.654030098578771,0.756468525553471,0.));
#3858=DIRECTION('ref_axis',(-0.756468525553471,-0.654030098578771,0.));
#3859=DIRECTION('',(-0.756468525553471,-0.654030098578771,0.));
#3860=DIRECTION('',(0.,0.,1.));
#3861=DIRECTION('center_axis',(-1.,-7.15910591933894E-16,0.));
#3862=DIRECTION('ref_axis',(7.15910591933894E-16,-1.,0.));
#3863=DIRECTION('',(7.15910591933894E-16,-1.,0.));
#3864=DIRECTION('',(0.,0.,1.));
#3865=DIRECTION('center_axis',(0.,0.,-1.));
#3866=DIRECTION('ref_axis',(0.863278817270578,0.504727335946758,0.));
#3867=DIRECTION('center_axis',(0.,0.,-1.));
#3868=DIRECTION('ref_axis',(0.863278817270578,0.504727335946758,0.));
#3869=DIRECTION('',(0.,0.,1.));
#3870=DIRECTION('center_axis',(0.463951187974971,-0.885860765118658,0.));
#3871=DIRECTION('ref_axis',(0.885860765118657,0.463951187974971,0.));
#3872=DIRECTION('',(0.885860765118657,0.463951187974971,0.));
#3873=DIRECTION('center_axis',(0.,0.,-1.));
#3874=DIRECTION('ref_axis',(-1.,0.,0.));
#3875=DIRECTION('center_axis',(-3.68421080181357E-8,0.999999999999999,0.));
#3876=DIRECTION('ref_axis',(-0.999999999999999,-3.68421080181357E-8,0.));
#3877=DIRECTION('center_axis',(-3.68421080181357E-8,0.999999999999999,0.));
#3878=DIRECTION('ref_axis',(0.999999999999999,3.68421079908498E-8,4.2980585328272E-14));
#3879=DIRECTION('center_axis',(-0.245448515101977,0.969409627780865,-1.75110415984792E-13));
#3880=DIRECTION('ref_axis',(0.969409627780865,0.245448515101977,3.66031460022549E-28));
#3881=DIRECTION('',(0.245448515101977,-0.969409627780865,1.75110415984792E-13));
#3882=DIRECTION('center_axis',(0.798635510047299,-0.601815023152041,0.));
#3883=DIRECTION('ref_axis',(0.601815023152041,0.798635510047299,0.));
#3884=DIRECTION('',(0.,0.,1.));
#3885=DIRECTION('center_axis',(-4.34374758384592E-15,1.,0.));
#3886=DIRECTION('ref_axis',(0.,0.,-1.));
#3887=DIRECTION('center_axis',(0.963992473408703,0.265929523015724,3.48547233596803E-15));
#3888=DIRECTION('ref_axis',(-0.265929523015724,0.963992473408703,-9.86076131526264E-31));
#3889=DIRECTION('center_axis',(-0.963992473408703,-0.265929523015724,-3.48547233596803E-15));
#3890=DIRECTION('ref_axis',(-0.265929523015724,0.963992473408703,-1.04524069941784E-29));
#3891=DIRECTION('center_axis',(-0.963992473408701,-0.265929523015731,0.));
#3892=DIRECTION('ref_axis',(0.265929523015731,-0.963992473408701,0.));
#3893=DIRECTION('',(0.963992473408701,0.265929523015731,0.));
#3894=DIRECTION('center_axis',(-0.963992473408699,-0.265929523015741,0.));
#3895=DIRECTION('ref_axis',(0.265929523015741,-0.963992473408699,0.));
#3896=DIRECTION('center_axis',(0.963992473408699,0.265929523015741,0.));
#3897=DIRECTION('ref_axis',(0.265929523015741,-0.963992473408699,0.));
#3898=DIRECTION('',(0.493605045917923,0.869686184002233,-8.65956056235519E-17));
#3899=DIRECTION('',(0.,0.,1.));
#3900=DIRECTION('',(1.,0.,0.));
#3901=CARTESIAN_POINT('',(0.,0.,0.));
#3902=CARTESIAN_POINT('',(0.,0.,0.));
#3903=CARTESIAN_POINT('Origin',(-67.5720781749353,-70.8554701000386,46.3364240411616));
#3904=CARTESIAN_POINT('',(-67.6734366416276,-71.0281548209228,13.3364240411616));
#3905=CARTESIAN_POINT('',(-67.5720781749353,-70.8554701000386,13.3364240411616));
#3906=CARTESIAN_POINT('',(-57.4582313693198,-53.6244792446322,13.3364240411616));
#3907=CARTESIAN_POINT('',(-67.6734366416276,-71.0281548209228,46.3364240411616));
#3908=CARTESIAN_POINT('',(-67.6734366416276,-71.0281548209228,29.8364240411616));
#3909=CARTESIAN_POINT('',(-67.5720781749353,-70.8554701000386,46.3364240411616));
#3910=CARTESIAN_POINT('',(-57.4582313693198,-53.6244792446322,46.3364240411616));
#3911=CARTESIAN_POINT('',(-67.5720781749353,-70.8554701000386,46.3364240411616));
#3912=CARTESIAN_POINT('Origin',(-103.10360455513,-50.0000000000004,46.3364240411616));
#3913=CARTESIAN_POINT('',(-66.9846630292591,-69.8207482969436,13.3364240411616));
#3914=CARTESIAN_POINT('Origin',(-103.10360455513,-50.0000000000004,13.3364240411616));
#3915=CARTESIAN_POINT('',(-66.9846630292591,-69.8207482969436,46.3364240411616));
#3916=CARTESIAN_POINT('Origin',(-103.10360455513,-50.0000000000004,46.3364240411616));
#3917=CARTESIAN_POINT('',(-66.9846630292591,-69.8207482969436,46.3364240411616));
#3918=CARTESIAN_POINT('Origin',(-65.40665102085,-70.6867033196304,46.3364240411616));
#3919=CARTESIAN_POINT('',(-65.3410923933278,-68.8878975862783,13.3364240411616));
#3920=CARTESIAN_POINT('Origin',(-65.40665102085,-70.6867033196304,13.3364240411616));
#3921=CARTESIAN_POINT('',(-65.3410923933278,-68.8878975862783,46.3364240411616));
#3922=CARTESIAN_POINT('Origin',(-65.40665102085,-70.6867033196304,46.3364240411616));
#3923=CARTESIAN_POINT('',(-65.3410923933278,-68.8878975862783,46.3364240411616));
#3924=CARTESIAN_POINT('Origin',(-65.22454372217,-65.6900207269704,46.3364240411616));
#3925=CARTESIAN_POINT('',(-63.0457156652706,-63.3463679586378,13.3364240411616));
#3926=CARTESIAN_POINT('Origin',(-65.22454372217,-65.6900207269704,13.3364240411616));
#3927=CARTESIAN_POINT('',(-63.0457156652706,-63.3463679586378,46.3364240411616));
#3928=CARTESIAN_POINT('Origin',(-65.22454372217,-65.6900207269704,46.3364240411616));
#3929=CARTESIAN_POINT('',(-63.0457156652706,-63.3463679586378,46.3364240411616));
#3930=CARTESIAN_POINT('Origin',(-61.82012488326,-62.0280632764604,46.3364240411616));
#3931=CARTESIAN_POINT('',(-63.5482705439451,-61.5245629532674,13.3364240411616));
#3932=CARTESIAN_POINT('Origin',(-61.82012488326,-62.0280632764604,13.3364240411616));
#3933=CARTESIAN_POINT('',(-63.5482705439451,-61.5245629532674,46.3364240411616));
#3934=CARTESIAN_POINT('Origin',(-61.82012488326,-62.0280632764604,46.3364240411616));
#3935=CARTESIAN_POINT('',(-63.5482705439451,-61.5245629532674,46.3364240411616));
#3936=CARTESIAN_POINT('Origin',(-103.10360455513,-50.0000000000004,46.3364240411616));
#3937=CARTESIAN_POINT('',(-63.5482705439448,-38.4754370467342,13.3364240411616));
#3938=CARTESIAN_POINT('Origin',(-103.10360455513,-50.0000000000004,13.3364240411616));
#3939=CARTESIAN_POINT('',(-63.5482705439448,-38.4754370467342,46.3364240411616));
#3940=CARTESIAN_POINT('Origin',(-103.10360455513,-50.0000000000004,46.3364240411616));
#3941=CARTESIAN_POINT('',(-63.5482705439448,-38.4754370467342,46.3364240411616));
#3942=CARTESIAN_POINT('Origin',(-61.82012488326,-37.9719367235404,46.3364240411616));
#3943=CARTESIAN_POINT('',(-63.0457156652693,-36.6536320413554,13.3364240411616));
#3944=CARTESIAN_POINT('Origin',(-61.82012488326,-37.9719367235404,13.3364240411616));
#3945=CARTESIAN_POINT('',(-63.0457156652693,-36.6536320413554,46.3364240411616));
#3946=CARTESIAN_POINT('Origin',(-61.82012488326,-37.9719367235404,46.3364240411616));
#3947=CARTESIAN_POINT('',(-63.0457156652693,-36.6536320413554,46.3364240411616));
#3948=CARTESIAN_POINT('Origin',(-65.22454372217,-34.3099792730304,46.3364240411616));
#3949=CARTESIAN_POINT('',(-65.3410923933272,-31.1121024137272,13.3364240411616));
#3950=CARTESIAN_POINT('Origin',(-65.22454372217,-34.3099792730304,13.3364240411616));
#3951=CARTESIAN_POINT('',(-65.3410923933272,-31.1121024137272,46.3364240411616));
#3952=CARTESIAN_POINT('Origin',(-65.22454372217,-34.3099792730304,46.3364240411616));
#3953=CARTESIAN_POINT('',(-65.3410923933272,-31.1121024137272,46.3364240411616));
#3954=CARTESIAN_POINT('Origin',(-65.40665102085,-29.3132966803704,46.3364240411616));
#3955=CARTESIAN_POINT('',(-66.9846630292587,-30.179251703058,13.3364240411616));
#3956=CARTESIAN_POINT('Origin',(-65.40665102085,-29.3132966803704,13.3364240411616));
#3957=CARTESIAN_POINT('',(-66.9846630292587,-30.179251703058,46.3364240411616));
#3958=CARTESIAN_POINT('Origin',(-65.40665102085,-29.3132966803704,46.3364240411616));
#3959=CARTESIAN_POINT('',(-66.9846630292587,-30.179251703058,46.3364240411616));
#3960=CARTESIAN_POINT('Origin',(-103.10360455513,-50.0000000000004,46.3364240411616));
#3961=CARTESIAN_POINT('',(-83.2828562581869,-13.8810584741293,13.3364240411616));
#3962=CARTESIAN_POINT('Origin',(-103.10360455513,-50.0000000000004,13.3364240411616));
#3963=CARTESIAN_POINT('',(-83.2828562581869,-13.8810584741293,46.3364240411616));
#3964=CARTESIAN_POINT('Origin',(-103.10360455513,-50.0000000000004,46.3364240411616));
#3965=CARTESIAN_POINT('',(-83.2828562581869,-13.8810584741293,46.3364240411616));
#3966=CARTESIAN_POINT('Origin',(-82.4169012355,-12.3030464657204,46.3364240411616));
#3967=CARTESIAN_POINT('',(-84.2157069688521,-12.2374878381982,13.3364240411616));
#3968=CARTESIAN_POINT('Origin',(-82.4169012355,-12.3030464657204,13.3364240411616));
#3969=CARTESIAN_POINT('',(-84.2157069688521,-12.2374878381982,46.3364240411616));
#3970=CARTESIAN_POINT('Origin',(-82.4169012355,-12.3030464657204,46.3364240411616));
#3971=CARTESIAN_POINT('',(-84.2157069688521,-12.2374878381982,46.3364240411616));
#3972=CARTESIAN_POINT('Origin',(-87.41358382816,-12.1209391670404,46.3364240411616));
#3973=CARTESIAN_POINT('',(-89.7572365964926,-9.94211111014096,13.3364240411616));
#3974=CARTESIAN_POINT('Origin',(-87.41358382816,-12.1209391670404,13.3364240411616));
#3975=CARTESIAN_POINT('',(-89.7572365964926,-9.94211111014096,46.3364240411616));
#3976=CARTESIAN_POINT('Origin',(-87.41358382816,-12.1209391670404,46.3364240411616));
#3977=CARTESIAN_POINT('',(-89.7572365964926,-9.94211111014096,46.3364240411616));
#3978=CARTESIAN_POINT('Origin',(-91.07554127867,-8.71652032813046,46.3364240411616));
#3979=CARTESIAN_POINT('',(-91.579041601863,-10.4446659888155,13.3364240411616));
#3980=CARTESIAN_POINT('Origin',(-91.07554127867,-8.71652032813046,13.3364240411616));
#3981=CARTESIAN_POINT('',(-91.579041601863,-10.4446659888155,46.3364240411616));
#3982=CARTESIAN_POINT('Origin',(-91.07554127867,-8.71652032813046,46.3364240411616));
#3983=CARTESIAN_POINT('',(-91.579041601863,-10.4446659888155,46.3364240411616));
#3984=CARTESIAN_POINT('Origin',(-103.10360455513,-50.0000000000004,46.3364240411616));
#3985=CARTESIAN_POINT('',(-95.5687099707093,-9.49487237889679,13.3364240411616));
#3986=CARTESIAN_POINT('Origin',(-103.10360455513,-50.0000000000004,13.3364240411616));
#3987=CARTESIAN_POINT('',(-95.5687099707093,-9.49487237889679,46.3364240411616));
#3988=CARTESIAN_POINT('Origin',(-103.10360455513,-50.0000000000004,46.3364240411616));
#3989=CARTESIAN_POINT('',(-95.5687099707093,-9.49487237889679,46.3364240411616));
#3990=CARTESIAN_POINT('Origin',(-97.6390027357761,-7.65698829202911,46.3364240411616));
#3991=CARTESIAN_POINT('',(-97.6390027357761,-7.65698829202911,13.3364240411616));
#3992=CARTESIAN_POINT('',(-102.81395427,-3.06297084891921,13.3364240411616));
#3993=CARTESIAN_POINT('',(-97.6390027357761,-7.65698829202911,46.3364240411616));
#3994=CARTESIAN_POINT('',(-102.81395427,-3.06297084891921,46.3364240411616));
#3995=CARTESIAN_POINT('',(-97.6390027357761,-7.65698829202911,46.3364240411616));
#3996=CARTESIAN_POINT('Origin',(-109.65815675593,-7.66622342222679,46.3364240411616));
#3997=CARTESIAN_POINT('',(-109.65815675593,-7.66622342222679,13.3364240411616));
#3998=CARTESIAN_POINT('',(-109.500172668589,-7.66610203235082,13.3364240411616));
#3999=CARTESIAN_POINT('',(-109.65815675593,-7.66622342222679,46.3364240411616));
#4000=CARTESIAN_POINT('',(-109.500172668589,-7.66610203235082,46.3364240411616));
#4001=CARTESIAN_POINT('',(-109.65815675593,-7.66622342222679,46.3364240411616));
#4002=CARTESIAN_POINT('Origin',(-111.69945308333,-9.70668308415869,46.3364240411616));
#4003=CARTESIAN_POINT('',(-111.69945308333,-9.70668308415869,13.3364240411616));
#4004=CARTESIAN_POINT('',(-108.684697975114,-6.6931636326486,13.3364240411616));
#4005=CARTESIAN_POINT('',(-111.69945308333,-9.70668308415869,46.3364240411616));
#4006=CARTESIAN_POINT('',(-108.684697975114,-6.6931636326486,46.3364240411616));
#4007=CARTESIAN_POINT('',(-111.69945308333,-9.70668308415869,46.3364240411616));
#4008=CARTESIAN_POINT('Origin',(-103.10360455513,-50.0000000000004,46.3364240411616));
#4009=CARTESIAN_POINT('',(-114.628167508396,-10.4446659888152,13.3364240411616));
#4010=CARTESIAN_POINT('Origin',(-103.10360455513,-50.0000000000004,13.3364240411616));
#4011=CARTESIAN_POINT('',(-114.628167508396,-10.4446659888152,46.3364240411616));
#4012=CARTESIAN_POINT('Origin',(-103.10360455513,-50.0000000000004,46.3364240411616));
#4013=CARTESIAN_POINT('',(-114.628167508396,-10.4446659888152,46.3364240411616));
#4014=CARTESIAN_POINT('Origin',(-115.13166783159,-8.71652032813048,46.3364240411616));
#4015=CARTESIAN_POINT('',(-116.449972513775,-9.94211111013971,13.3364240411616));
#4016=CARTESIAN_POINT('Origin',(-115.13166783159,-8.71652032813048,13.3364240411616));
#4017=CARTESIAN_POINT('',(-116.449972513775,-9.94211111013971,46.3364240411616));
#4018=CARTESIAN_POINT('Origin',(-115.13166783159,-8.71652032813048,46.3364240411616));
#4019=CARTESIAN_POINT('',(-116.449972513775,-9.94211111013971,46.3364240411616));
#4020=CARTESIAN_POINT('Origin',(-118.7936252821,-12.1209391670404,46.3364240411616));
#4021=CARTESIAN_POINT('',(-121.991502141403,-12.2374878381976,13.3364240411616));
#4022=CARTESIAN_POINT('Origin',(-118.7936252821,-12.1209391670404,13.3364240411616));
#4023=CARTESIAN_POINT('',(-121.991502141403,-12.2374878381976,46.3364240411616));
#4024=CARTESIAN_POINT('Origin',(-118.7936252821,-12.1209391670404,46.3364240411616));
#4025=CARTESIAN_POINT('',(-121.991502141403,-12.2374878381976,46.3364240411616));
#4026=CARTESIAN_POINT('Origin',(-123.79030787476,-12.3030464657204,46.3364240411616));
#4027=CARTESIAN_POINT('',(-122.924352852072,-13.8810584741291,13.3364240411616));
#4028=CARTESIAN_POINT('Origin',(-123.79030787476,-12.3030464657204,13.3364240411616));
#4029=CARTESIAN_POINT('',(-122.924352852072,-13.8810584741291,46.3364240411616));
#4030=CARTESIAN_POINT('Origin',(-123.79030787476,-12.3030464657204,46.3364240411616));
#4031=CARTESIAN_POINT('',(-122.924352852072,-13.8810584741291,46.3364240411616));
#4032=CARTESIAN_POINT('Origin',(-103.10360455513,-50.0000000000004,46.3364240411616));
#4033=CARTESIAN_POINT('',(-139.222546081001,-30.1792517030574,13.3364240411616));
#4034=CARTESIAN_POINT('Origin',(-103.10360455513,-50.0000000000004,13.3364240411616));
#4035=CARTESIAN_POINT('',(-139.222546081001,-30.1792517030574,46.3364240411616));
#4036=CARTESIAN_POINT('Origin',(-103.10360455513,-50.0000000000004,46.3364240411616));
#4037=CARTESIAN_POINT('',(-139.222546081001,-30.1792517030574,46.3364240411616));
#4038=CARTESIAN_POINT('Origin',(-140.80055808941,-29.3132966803704,46.3364240411616));
#4039=CARTESIAN_POINT('',(-140.866116716932,-31.1121024137225,13.3364240411616));
#4040=CARTESIAN_POINT('Origin',(-140.80055808941,-29.3132966803704,13.3364240411616));
#4041=CARTESIAN_POINT('',(-140.866116716932,-31.1121024137225,46.3364240411616));
#4042=CARTESIAN_POINT('Origin',(-140.80055808941,-29.3132966803704,46.3364240411616));
#4043=CARTESIAN_POINT('',(-140.866116716932,-31.1121024137225,46.3364240411616));
#4044=CARTESIAN_POINT('Origin',(-140.98266538809,-34.3099792730304,46.3364240411616));
#4045=CARTESIAN_POINT('',(-143.161493444994,-36.6536320413586,13.3364240411616));
#4046=CARTESIAN_POINT('Origin',(-140.98266538809,-34.3099792730304,13.3364240411616));
#4047=CARTESIAN_POINT('',(-143.161493444994,-36.6536320413586,46.3364240411616));
#4048=CARTESIAN_POINT('Origin',(-140.98266538809,-34.3099792730304,46.3364240411616));
#4049=CARTESIAN_POINT('',(-143.161493444994,-36.6536320413586,46.3364240411616));
#4050=CARTESIAN_POINT('Origin',(-144.387084227,-37.9719367235404,46.3364240411616));
#4051=CARTESIAN_POINT('',(-142.658938566316,-38.4754370467332,13.3364240411616));
#4052=CARTESIAN_POINT('Origin',(-144.387084227,-37.9719367235404,13.3364240411616));
#4053=CARTESIAN_POINT('',(-142.658938566316,-38.4754370467332,46.3364240411616));
#4054=CARTESIAN_POINT('Origin',(-144.387084227,-37.9719367235404,46.3364240411616));
#4055=CARTESIAN_POINT('',(-142.658938566316,-38.4754370467332,46.3364240411616));
#4056=CARTESIAN_POINT('Origin',(-103.10360455513,-50.0000000000004,46.3364240411616));
#4057=CARTESIAN_POINT('',(-143.549307358811,-42.1523809523803,13.3364240411616));
#4058=CARTESIAN_POINT('Origin',(-103.10360455513,-50.0000000000004,13.3364240411616));
#4059=CARTESIAN_POINT('',(-143.549307358811,-42.1523809523803,46.3364240411616));
#4060=CARTESIAN_POINT('Origin',(-103.10360455513,-50.0000000000004,46.3364240411616));
#4061=CARTESIAN_POINT('',(-143.549307358811,-42.1523809523803,46.3364240411616));
#4062=CARTESIAN_POINT('Origin',(-144.33466081131,-42.0000000000004,46.3364240411616));
#4063=CARTESIAN_POINT('',(-144.334660811309,-42.8000000000004,13.3364240411616));
#4064=CARTESIAN_POINT('Origin',(-144.33466081131,-42.0000000000004,13.3364240411616));
#4065=CARTESIAN_POINT('',(-144.334660811309,-42.8000000000004,46.3364240411616));
#4066=CARTESIAN_POINT('Origin',(-144.33466081131,-42.0000000000004,46.3364240411616));
#4067=CARTESIAN_POINT('',(-144.334660811309,-42.8000000000004,46.3364240411616));
#4068=CARTESIAN_POINT('Origin',(-145.17794352795,-42.7999999999976,46.3364240411616));
#4069=CARTESIAN_POINT('',(-145.17794352795,-42.7999999999976,13.3364240411616));
#4070=CARTESIAN_POINT('',(-127.263011200777,-42.800000000058,13.3364240411616));
#4071=CARTESIAN_POINT('',(-145.17794352795,-42.7999999999976,46.3364240411616));
#4072=CARTESIAN_POINT('',(-127.263011200777,-42.800000000058,46.3364240411616));
#4073=CARTESIAN_POINT('',(-145.17794352795,-42.7999999999976,46.3364240411616));
#4074=CARTESIAN_POINT('Origin',(-145.17794352795,-44.0000000000004,46.3364240411616));
#4075=CARTESIAN_POINT('',(-146.365924863656,-43.8305882352945,13.3364240411616));
#4076=CARTESIAN_POINT('Origin',(-145.17794352795,-44.0000000000004,13.3364240411616));
#4077=CARTESIAN_POINT('',(-146.365924863656,-43.8305882352945,46.3364240411616));
#4078=CARTESIAN_POINT('Origin',(-145.17794352795,-44.0000000000004,46.3364240411616));
#4079=CARTESIAN_POINT('',(-146.365924863656,-43.8305882352945,46.3364240411616));
#4080=CARTESIAN_POINT('Origin',(-103.10360455513,-50.0000000000004,46.3364240411616));
#4081=CARTESIAN_POINT('',(-146.365924863653,-56.1694117647059,13.3364240411616));
#4082=CARTESIAN_POINT('Origin',(-103.10360455513,-50.0000000000004,13.3364240411616));
#4083=CARTESIAN_POINT('',(-146.365924863653,-56.1694117647059,46.3364240411616));
#4084=CARTESIAN_POINT('Origin',(-103.10360455513,-50.0000000000004,46.3364240411616));
#4085=CARTESIAN_POINT('',(-146.365924863653,-56.1694117647059,46.3364240411616));
#4086=CARTESIAN_POINT('Origin',(-145.17794352795,-56.0000000000004,46.3364240411616));
#4087=CARTESIAN_POINT('',(-145.17794352795,-57.2000000000004,13.3364240411616));
#4088=CARTESIAN_POINT('Origin',(-145.17794352795,-56.0000000000004,13.3364240411616));
#4089=CARTESIAN_POINT('',(-145.17794352795,-57.2000000000004,46.3364240411616));
#4090=CARTESIAN_POINT('Origin',(-145.17794352795,-56.0000000000004,46.3364240411616));
#4091=CARTESIAN_POINT('',(-145.17794352795,-57.2000000000004,46.3364240411616));
#4092=CARTESIAN_POINT('Origin',(-144.33466081131,-57.1999999999997,46.3364240411616));
#4093=CARTESIAN_POINT('',(-144.33466081131,-57.1999999999997,13.3364240411616));
#4094=CARTESIAN_POINT('',(-126.841369842363,-57.1999999999859,13.3364240411616));
#4095=CARTESIAN_POINT('',(-144.33466081131,-57.1999999999997,46.3364240411616));
#4096=CARTESIAN_POINT('',(-126.841369842363,-57.1999999999859,46.3364240411616));
#4097=CARTESIAN_POINT('',(-144.33466081131,-57.1999999999997,46.3364240411616));
#4098=CARTESIAN_POINT('Origin',(-144.33466081131,-58.0000000000004,46.3364240411616));
#4099=CARTESIAN_POINT('',(-143.54930735881,-57.8476190476208,13.3364240411616));
#4100=CARTESIAN_POINT('Origin',(-144.33466081131,-58.0000000000004,13.3364240411616));
#4101=CARTESIAN_POINT('',(-143.54930735881,-57.8476190476208,46.3364240411616));
#4102=CARTESIAN_POINT('Origin',(-144.33466081131,-58.0000000000004,46.3364240411616));
#4103=CARTESIAN_POINT('',(-143.54930735881,-57.8476190476208,46.3364240411616));
#4104=CARTESIAN_POINT('Origin',(-103.10360455513,-50.0000000000004,46.3364240411616));
#4105=CARTESIAN_POINT('',(-142.658938566315,-61.5245629532666,13.3364240411616));
#4106=CARTESIAN_POINT('Origin',(-103.10360455513,-50.0000000000004,13.3364240411616));
#4107=CARTESIAN_POINT('',(-142.658938566315,-61.5245629532666,46.3364240411616));
#4108=CARTESIAN_POINT('Origin',(-103.10360455513,-50.0000000000004,46.3364240411616));
#4109=CARTESIAN_POINT('',(-142.658938566315,-61.5245629532666,46.3364240411616));
#4110=CARTESIAN_POINT('Origin',(-144.387084227,-62.0280632764604,46.3364240411616));
#4111=CARTESIAN_POINT('',(-143.161493444991,-63.3463679586453,13.3364240411616));
#4112=CARTESIAN_POINT('Origin',(-144.387084227,-62.0280632764604,13.3364240411616));
#4113=CARTESIAN_POINT('',(-143.161493444991,-63.3463679586453,46.3364240411616));
#4114=CARTESIAN_POINT('Origin',(-144.387084227,-62.0280632764604,46.3364240411616));
#4115=CARTESIAN_POINT('',(-143.161493444991,-63.3463679586453,46.3364240411616));
#4116=CARTESIAN_POINT('Origin',(-140.98266538809,-65.6900207269704,46.3364240411616));
#4117=CARTESIAN_POINT('',(-140.866116716933,-68.8878975862736,13.3364240411616));
#4118=CARTESIAN_POINT('Origin',(-140.98266538809,-65.6900207269704,13.3364240411616));
#4119=CARTESIAN_POINT('',(-140.866116716933,-68.8878975862736,46.3364240411616));
#4120=CARTESIAN_POINT('Origin',(-140.98266538809,-65.6900207269704,46.3364240411616));
#4121=CARTESIAN_POINT('',(-140.866116716933,-68.8878975862736,46.3364240411616));
#4122=CARTESIAN_POINT('Origin',(-140.80055808941,-70.6867033196304,46.3364240411616));
#4123=CARTESIAN_POINT('',(-139.222546081001,-69.8207482969428,13.3364240411616));
#4124=CARTESIAN_POINT('Origin',(-140.80055808941,-70.6867033196304,13.3364240411616));
#4125=CARTESIAN_POINT('',(-139.222546081001,-69.8207482969428,46.3364240411616));
#4126=CARTESIAN_POINT('Origin',(-140.80055808941,-70.6867033196304,46.3364240411616));
#4127=CARTESIAN_POINT('',(-139.222546081001,-69.8207482969428,46.3364240411616));
#4128=CARTESIAN_POINT('Origin',(-103.10360455513,-50.0000000000004,46.3364240411616));
#4129=CARTESIAN_POINT('',(-130.425509645858,-80.8375339839837,13.3364240411616));
#4130=CARTESIAN_POINT('Origin',(-103.10360455513,-50.0000000000004,13.3364240411616));
#4131=CARTESIAN_POINT('',(-130.425509645858,-80.8375339839837,46.3364240411616));
#4132=CARTESIAN_POINT('Origin',(-103.10360455513,-50.0000000000004,46.3364240411616));
#4133=CARTESIAN_POINT('',(-130.425509645858,-80.8375339839837,46.3364240411616));
#4134=CARTESIAN_POINT('Origin',(-130.256965898154,-80.9868629245135,46.3364240411616));
#4135=CARTESIAN_POINT('',(-130.256965898154,-80.9868629245135,13.3364240411616));
#4136=CARTESIAN_POINT('',(-144.4993857948,-68.3681481829079,13.3364240411616));
#4137=CARTESIAN_POINT('',(-130.256965898154,-80.9868629245135,46.3364240411616));
#4138=CARTESIAN_POINT('',(-144.4993857948,-68.3681481829079,46.3364240411616));
#4139=CARTESIAN_POINT('',(-130.256965898154,-80.9868629245135,29.8364240411616));
#4140=CARTESIAN_POINT('Origin',(-130.425509645857,80.8375339839831,46.3364240411616));
#4141=CARTESIAN_POINT('',(-130.256965898154,80.986862924513,13.3364240411616));
#4142=CARTESIAN_POINT('',(-130.425509645857,80.8375339839831,13.3364240411616));
#4143=CARTESIAN_POINT('',(-144.58365766865,68.2934837126445,13.3364240411616));
#4144=CARTESIAN_POINT('',(-130.256965898154,80.986862924513,46.3364240411616));
#4145=CARTESIAN_POINT('',(-130.256965898154,80.986862924513,29.8364240411616));
#4146=CARTESIAN_POINT('',(-130.425509645857,80.8375339839831,46.3364240411616));
#4147=CARTESIAN_POINT('',(-144.58365766865,68.2934837126445,46.3364240411616));
#4148=CARTESIAN_POINT('',(-130.425509645857,80.8375339839831,46.3364240411616));
#4149=CARTESIAN_POINT('Origin',(-103.10360455513,50.0000000000002,46.3364240411616));
#4150=CARTESIAN_POINT('',(-139.222546081001,69.8207482969425,13.3364240411616));
#4151=CARTESIAN_POINT('Origin',(-103.10360455513,50.0000000000002,13.3364240411616));
#4152=CARTESIAN_POINT('',(-139.222546081001,69.8207482969425,46.3364240411616));
#4153=CARTESIAN_POINT('Origin',(-103.10360455513,50.0000000000002,46.3364240411616));
#4154=CARTESIAN_POINT('',(-139.222546081001,69.8207482969425,46.3364240411616));
#4155=CARTESIAN_POINT('Origin',(-140.80055808941,70.6867033196296,46.3364240411616));
#4156=CARTESIAN_POINT('',(-140.866116716932,68.8878975862775,13.3364240411616));
#4157=CARTESIAN_POINT('Origin',(-140.80055808941,70.6867033196296,13.3364240411616));
#4158=CARTESIAN_POINT('',(-140.866116716932,68.8878975862775,46.3364240411616));
#4159=CARTESIAN_POINT('Origin',(-140.80055808941,70.6867033196296,46.3364240411616));
#4160=CARTESIAN_POINT('',(-140.866116716932,68.8878975862775,46.3364240411616));
#4161=CARTESIAN_POINT('Origin',(-140.98266538809,65.6900207269696,46.3364240411616));
#4162=CARTESIAN_POINT('',(-143.161493444994,63.3463679586415,13.3364240411616));
#4163=CARTESIAN_POINT('Origin',(-140.98266538809,65.6900207269696,13.3364240411616));
#4164=CARTESIAN_POINT('',(-143.161493444994,63.3463679586415,46.3364240411616));
#4165=CARTESIAN_POINT('Origin',(-140.98266538809,65.6900207269696,46.3364240411616));
#4166=CARTESIAN_POINT('',(-143.161493444994,63.3463679586415,46.3364240411616));
#4167=CARTESIAN_POINT('Origin',(-144.387084227,62.0280632764596,46.3364240411616));
#4168=CARTESIAN_POINT('',(-142.658938566316,61.5245629532668,13.3364240411616));
#4169=CARTESIAN_POINT('Origin',(-144.387084227,62.0280632764596,13.3364240411616));
#4170=CARTESIAN_POINT('',(-142.658938566316,61.5245629532668,46.3364240411616));
#4171=CARTESIAN_POINT('Origin',(-144.387084227,62.0280632764596,46.3364240411616));
#4172=CARTESIAN_POINT('',(-142.658938566316,61.5245629532668,46.3364240411616));
#4173=CARTESIAN_POINT('Origin',(-103.10360455513,50.0000000000002,46.3364240411616));
#4174=CARTESIAN_POINT('',(-143.549307358811,57.8476190476198,13.3364240411616));
#4175=CARTESIAN_POINT('Origin',(-103.10360455513,50.0000000000002,13.3364240411616));
#4176=CARTESIAN_POINT('',(-143.549307358811,57.8476190476198,46.3364240411616));
#4177=CARTESIAN_POINT('Origin',(-103.10360455513,50.0000000000002,46.3364240411616));
#4178=CARTESIAN_POINT('',(-143.549307358811,57.8476190476198,46.3364240411616));
#4179=CARTESIAN_POINT('Origin',(-144.33466081131,57.9999999999996,46.3364240411616));
#4180=CARTESIAN_POINT('',(-144.334660811309,57.1999999999996,13.3364240411616));
#4181=CARTESIAN_POINT('Origin',(-144.33466081131,57.9999999999996,13.3364240411616));
#4182=CARTESIAN_POINT('',(-144.334660811309,57.1999999999996,46.3364240411616));
#4183=CARTESIAN_POINT('Origin',(-144.33466081131,57.9999999999996,46.3364240411616));
#4184=CARTESIAN_POINT('',(-144.334660811309,57.1999999999996,46.3364240411616));
#4185=CARTESIAN_POINT('Origin',(-145.17794352795,57.2000000000024,46.3364240411616));
#4186=CARTESIAN_POINT('',(-145.17794352795,57.2000000000024,13.3364240411616));
#4187=CARTESIAN_POINT('',(-127.263011200609,57.199999999942,13.3364240411616));
#4188=CARTESIAN_POINT('',(-145.17794352795,57.2000000000024,46.3364240411616));
#4189=CARTESIAN_POINT('',(-127.263011200609,57.199999999942,46.3364240411616));
#4190=CARTESIAN_POINT('',(-145.17794352795,57.2000000000024,46.3364240411616));
#4191=CARTESIAN_POINT('Origin',(-145.17794352795,55.9999999999996,46.3364240411616));
#4192=CARTESIAN_POINT('',(-146.365924863656,56.1694117647055,13.3364240411616));
#4193=CARTESIAN_POINT('Origin',(-145.17794352795,55.9999999999996,13.3364240411616));
#4194=CARTESIAN_POINT('',(-146.365924863656,56.1694117647055,46.3364240411616));
#4195=CARTESIAN_POINT('Origin',(-145.17794352795,55.9999999999996,46.3364240411616));
#4196=CARTESIAN_POINT('',(-146.365924863656,56.1694117647055,46.3364240411616));
#4197=CARTESIAN_POINT('Origin',(-103.10360455513,50.0000000000002,46.3364240411616));
#4198=CARTESIAN_POINT('',(-146.365924863653,43.8305882352941,13.3364240411616));
#4199=CARTESIAN_POINT('Origin',(-103.10360455513,50.0000000000002,13.3364240411616));
#4200=CARTESIAN_POINT('',(-146.365924863653,43.8305882352941,46.3364240411616));
#4201=CARTESIAN_POINT('Origin',(-103.10360455513,50.0000000000002,46.3364240411616));
#4202=CARTESIAN_POINT('',(-146.365924863653,43.8305882352941,46.3364240411616));
#4203=CARTESIAN_POINT('Origin',(-145.17794352795,43.9999999999996,46.3364240411616));
#4204=CARTESIAN_POINT('',(-145.17794352795,42.7999999999996,13.3364240411616));
#4205=CARTESIAN_POINT('Origin',(-145.17794352795,43.9999999999996,13.3364240411616));
#4206=CARTESIAN_POINT('',(-145.17794352795,42.7999999999996,46.3364240411616));
#4207=CARTESIAN_POINT('Origin',(-145.17794352795,43.9999999999996,46.3364240411616));
#4208=CARTESIAN_POINT('',(-145.17794352795,42.7999999999996,46.3364240411616));
#4209=CARTESIAN_POINT('Origin',(-144.33466081131,42.8000000000003,46.3364240411616));
#4210=CARTESIAN_POINT('',(-144.33466081131,42.8000000000003,13.3364240411616));
#4211=CARTESIAN_POINT('',(-126.841369842403,42.8000000000147,13.3364240411616));
#4212=CARTESIAN_POINT('',(-144.33466081131,42.8000000000003,46.3364240411616));
#4213=CARTESIAN_POINT('',(-126.841369842403,42.8000000000147,46.3364240411616));
#4214=CARTESIAN_POINT('',(-144.33466081131,42.8000000000003,46.3364240411616));
#4215=CARTESIAN_POINT('Origin',(-144.33466081131,41.9999999999996,46.3364240411616));
#4216=CARTESIAN_POINT('',(-143.54930735881,42.1523809523792,13.3364240411616));
#4217=CARTESIAN_POINT('Origin',(-144.33466081131,41.9999999999996,13.3364240411616));
#4218=CARTESIAN_POINT('',(-143.54930735881,42.1523809523792,46.3364240411616));
#4219=CARTESIAN_POINT('Origin',(-144.33466081131,41.9999999999996,46.3364240411616));
#4220=CARTESIAN_POINT('',(-143.54930735881,42.1523809523792,46.3364240411616));
#4221=CARTESIAN_POINT('Origin',(-103.10360455513,50.0000000000002,46.3364240411616));
#4222=CARTESIAN_POINT('',(-142.658938566315,38.4754370467334,13.3364240411616));
#4223=CARTESIAN_POINT('Origin',(-103.10360455513,50.0000000000002,13.3364240411616));
#4224=CARTESIAN_POINT('',(-142.658938566315,38.4754370467334,46.3364240411616));
#4225=CARTESIAN_POINT('Origin',(-103.10360455513,50.0000000000002,46.3364240411616));
#4226=CARTESIAN_POINT('',(-142.658938566315,38.4754370467334,46.3364240411616));
#4227=CARTESIAN_POINT('Origin',(-144.387084227,37.9719367235396,46.3364240411616));
#4228=CARTESIAN_POINT('',(-143.161493444991,36.6536320413547,13.3364240411616));
#4229=CARTESIAN_POINT('Origin',(-144.387084227,37.9719367235396,13.3364240411616));
#4230=CARTESIAN_POINT('',(-143.161493444991,36.6536320413547,46.3364240411616));
#4231=CARTESIAN_POINT('Origin',(-144.387084227,37.9719367235396,46.3364240411616));
#4232=CARTESIAN_POINT('',(-143.161493444991,36.6536320413547,46.3364240411616));
#4233=CARTESIAN_POINT('Origin',(-140.98266538809,34.3099792730296,46.3364240411616));
#4234=CARTESIAN_POINT('',(-140.866116716933,31.1121024137264,13.3364240411616));
#4235=CARTESIAN_POINT('Origin',(-140.98266538809,34.3099792730296,13.3364240411616));
#4236=CARTESIAN_POINT('',(-140.866116716933,31.1121024137264,46.3364240411616));
#4237=CARTESIAN_POINT('Origin',(-140.98266538809,34.3099792730296,46.3364240411616));
#4238=CARTESIAN_POINT('',(-140.866116716933,31.1121024137264,46.3364240411616));
#4239=CARTESIAN_POINT('Origin',(-140.80055808941,29.3132966803697,46.3364240411616));
#4240=CARTESIAN_POINT('',(-139.222546081001,30.1792517030572,13.3364240411616));
#4241=CARTESIAN_POINT('Origin',(-140.80055808941,29.3132966803697,13.3364240411616));
#4242=CARTESIAN_POINT('',(-139.222546081001,30.1792517030572,46.3364240411616));
#4243=CARTESIAN_POINT('Origin',(-140.80055808941,29.3132966803697,46.3364240411616));
#4244=CARTESIAN_POINT('',(-139.222546081001,30.1792517030572,46.3364240411616));
#4245=CARTESIAN_POINT('Origin',(-103.10360455513,50.0000000000002,46.3364240411616));
#4246=CARTESIAN_POINT('',(-122.924352852073,13.8810584741287,13.3364240411616));
#4247=CARTESIAN_POINT('Origin',(-103.10360455513,50.0000000000002,13.3364240411616));
#4248=CARTESIAN_POINT('',(-122.924352852073,13.8810584741287,46.3364240411616));
#4249=CARTESIAN_POINT('Origin',(-103.10360455513,50.0000000000002,46.3364240411616));
#4250=CARTESIAN_POINT('',(-122.924352852073,13.8810584741287,46.3364240411616));
#4251=CARTESIAN_POINT('Origin',(-123.79030787476,12.3030464657196,46.3364240411616));
#4252=CARTESIAN_POINT('',(-121.991502141408,12.2374878381974,13.3364240411616));
#4253=CARTESIAN_POINT('Origin',(-123.79030787476,12.3030464657196,13.3364240411616));
#4254=CARTESIAN_POINT('',(-121.991502141408,12.2374878381974,46.3364240411616));
#4255=CARTESIAN_POINT('Origin',(-123.79030787476,12.3030464657196,46.3364240411616));
#4256=CARTESIAN_POINT('',(-121.991502141408,12.2374878381974,46.3364240411616));
#4257=CARTESIAN_POINT('Origin',(-118.7936252821,12.1209391670396,46.3364240411616));
#4258=CARTESIAN_POINT('',(-116.449972513772,9.94211111013532,13.3364240411616));
#4259=CARTESIAN_POINT('Origin',(-118.7936252821,12.1209391670396,13.3364240411616));
#4260=CARTESIAN_POINT('',(-116.449972513772,9.94211111013532,46.3364240411616));
#4261=CARTESIAN_POINT('Origin',(-118.7936252821,12.1209391670396,46.3364240411616));
#4262=CARTESIAN_POINT('',(-116.449972513772,9.94211111013532,46.3364240411616));
#4263=CARTESIAN_POINT('Origin',(-115.13166783159,8.71652032812954,46.3364240411616));
#4264=CARTESIAN_POINT('',(-114.628167508397,10.4446659888146,13.3364240411616));
#4265=CARTESIAN_POINT('Origin',(-115.13166783159,8.71652032812954,13.3364240411616));
#4266=CARTESIAN_POINT('',(-114.628167508397,10.4446659888146,46.3364240411616));
#4267=CARTESIAN_POINT('Origin',(-115.13166783159,8.71652032812954,46.3364240411616));
#4268=CARTESIAN_POINT('',(-114.628167508397,10.4446659888146,46.3364240411616));
#4269=CARTESIAN_POINT('Origin',(-103.10360455513,50.0000000000002,46.3364240411616));
#4270=CARTESIAN_POINT('',(-111.699453083329,9.70668308415766,13.3364240411616));
#4271=CARTESIAN_POINT('Origin',(-103.10360455513,50.0000000000002,13.3364240411616));
#4272=CARTESIAN_POINT('',(-111.699453083329,9.70668308415766,46.3364240411616));
#4273=CARTESIAN_POINT('Origin',(-103.10360455513,50.0000000000002,46.3364240411616));
#4274=CARTESIAN_POINT('',(-111.699453083329,9.70668308415766,46.3364240411616));
#4275=CARTESIAN_POINT('Origin',(-109.65815675593,7.66622342222678,46.3364240411616));
#4276=CARTESIAN_POINT('',(-109.65815675593,7.66622342222678,13.3364240411616));
#4277=CARTESIAN_POINT('',(-107.664049811414,5.67293380168267,13.3364240411616));
#4278=CARTESIAN_POINT('',(-109.65815675593,7.66622342222678,46.3364240411616));
#4279=CARTESIAN_POINT('',(-107.664049811414,5.67293380168267,46.3364240411616));
#4280=CARTESIAN_POINT('',(-109.65815675593,7.66622342222678,46.3364240411616));
#4281=CARTESIAN_POINT('Origin',(-97.6390027357761,7.65698829202911,46.3364240411616));
#4282=CARTESIAN_POINT('',(-97.6390027357761,7.65698829202911,13.3364240411616));
#4283=CARTESIAN_POINT('',(-103.490595658512,7.66148446725198,13.3364240411616));
#4284=CARTESIAN_POINT('',(-97.6390027357761,7.65698829202911,46.3364240411616));
#4285=CARTESIAN_POINT('',(-103.490595658512,7.66148446725198,46.3364240411616));
#4286=CARTESIAN_POINT('',(-97.6390027357761,7.65698829202911,46.3364240411616));
#4287=CARTESIAN_POINT('Origin',(-95.5687099707105,9.49487237889581,46.3364240411616));
#4288=CARTESIAN_POINT('',(-95.5687099707105,9.49487237889581,13.3364240411616));
#4289=CARTESIAN_POINT('',(-101.778807887467,3.98191289235259,13.3364240411616));
#4290=CARTESIAN_POINT('',(-95.5687099707105,9.49487237889581,46.3364240411616));
#4291=CARTESIAN_POINT('',(-101.778807887467,3.98191289235259,46.3364240411616));
#4292=CARTESIAN_POINT('',(-95.5687099707105,9.49487237889581,46.3364240411616));
#4293=CARTESIAN_POINT('Origin',(-103.10360455513,50.0000000000002,46.3364240411616));
#4294=CARTESIAN_POINT('',(-91.5790416018638,10.4446659888143,13.3364240411616));
#4295=CARTESIAN_POINT('Origin',(-103.10360455513,50.0000000000002,13.3364240411616));
#4296=CARTESIAN_POINT('',(-91.5790416018638,10.4446659888143,46.3364240411616));
#4297=CARTESIAN_POINT('Origin',(-103.10360455513,50.0000000000002,46.3364240411616));
#4298=CARTESIAN_POINT('',(-91.5790416018638,10.4446659888143,46.3364240411616));
#4299=CARTESIAN_POINT('Origin',(-91.07554127867,8.71652032812952,46.3364240411616));
#4300=CARTESIAN_POINT('',(-89.75723659649,9.94211111014421,13.3364240411616));
#4301=CARTESIAN_POINT('Origin',(-91.07554127867,8.71652032812952,13.3364240411616));
#4302=CARTESIAN_POINT('',(-89.75723659649,9.94211111014421,46.3364240411616));
#4303=CARTESIAN_POINT('Origin',(-91.07554127867,8.71652032812952,46.3364240411616));
#4304=CARTESIAN_POINT('',(-89.75723659649,9.94211111014421,46.3364240411616));
#4305=CARTESIAN_POINT('Origin',(-87.41358382816,12.1209391670396,46.3364240411616));
#4306=CARTESIAN_POINT('',(-84.2157069688568,12.2374878381968,13.3364240411616));
#4307=CARTESIAN_POINT('Origin',(-87.41358382816,12.1209391670396,13.3364240411616));
#4308=CARTESIAN_POINT('',(-84.2157069688568,12.2374878381968,46.3364240411616));
#4309=CARTESIAN_POINT('Origin',(-87.41358382816,12.1209391670396,46.3364240411616));
#4310=CARTESIAN_POINT('',(-84.2157069688568,12.2374878381968,46.3364240411616));
#4311=CARTESIAN_POINT('Origin',(-82.4169012355,12.3030464657196,46.3364240411616));
#4312=CARTESIAN_POINT('',(-83.2828562581876,13.8810584741283,13.3364240411616));
#4313=CARTESIAN_POINT('Origin',(-82.4169012355,12.3030464657196,13.3364240411616));
#4314=CARTESIAN_POINT('',(-83.2828562581876,13.8810584741283,46.3364240411616));
#4315=CARTESIAN_POINT('Origin',(-82.4169012355,12.3030464657196,46.3364240411616));
#4316=CARTESIAN_POINT('',(-83.2828562581876,13.8810584741283,46.3364240411616));
#4317=CARTESIAN_POINT('Origin',(-103.10360455513,50.0000000000002,46.3364240411616));
#4318=CARTESIAN_POINT('',(-66.9846630292587,30.1792517030564,13.3364240411616));
#4319=CARTESIAN_POINT('Origin',(-103.10360455513,50.0000000000002,13.3364240411616));
#4320=CARTESIAN_POINT('',(-66.9846630292587,30.1792517030564,46.3364240411616));
#4321=CARTESIAN_POINT('Origin',(-103.10360455513,50.0000000000002,46.3364240411616));
#4322=CARTESIAN_POINT('',(-66.9846630292587,30.1792517030564,46.3364240411616));
#4323=CARTESIAN_POINT('Origin',(-65.40665102085,29.3132966803696,46.3364240411616));
#4324=CARTESIAN_POINT('',(-65.3410923933278,31.1121024137217,13.3364240411616));
#4325=CARTESIAN_POINT('Origin',(-65.40665102085,29.3132966803696,13.3364240411616));
#4326=CARTESIAN_POINT('',(-65.3410923933278,31.1121024137217,46.3364240411616));
#4327=CARTESIAN_POINT('Origin',(-65.40665102085,29.3132966803696,46.3364240411616));
#4328=CARTESIAN_POINT('',(-65.3410923933278,31.1121024137217,46.3364240411616));
#4329=CARTESIAN_POINT('Origin',(-65.22454372217,34.3099792730296,46.3364240411616));
#4330=CARTESIAN_POINT('',(-63.0457156652706,36.6536320413622,13.3364240411616));
#4331=CARTESIAN_POINT('Origin',(-65.22454372217,34.3099792730296,13.3364240411616));
#4332=CARTESIAN_POINT('',(-63.0457156652706,36.6536320413622,46.3364240411616));
#4333=CARTESIAN_POINT('Origin',(-65.22454372217,34.3099792730296,46.3364240411616));
#4334=CARTESIAN_POINT('',(-63.0457156652706,36.6536320413622,46.3364240411616));
#4335=CARTESIAN_POINT('Origin',(-61.82012488326,37.9719367235396,46.3364240411616));
#4336=CARTESIAN_POINT('',(-63.5482705439451,38.4754370467326,13.3364240411616));
#4337=CARTESIAN_POINT('Origin',(-61.82012488326,37.9719367235396,13.3364240411616));
#4338=CARTESIAN_POINT('',(-63.5482705439451,38.4754370467326,46.3364240411616));
#4339=CARTESIAN_POINT('Origin',(-61.82012488326,37.9719367235396,46.3364240411616));
#4340=CARTESIAN_POINT('',(-63.5482705439451,38.4754370467326,46.3364240411616));
#4341=CARTESIAN_POINT('Origin',(-103.10360455513,50.0000000000002,46.3364240411616));
#4342=CARTESIAN_POINT('',(-63.5482705439445,61.5245629532659,13.3364240411616));
#4343=CARTESIAN_POINT('Origin',(-103.10360455513,50.0000000000002,13.3364240411616));
#4344=CARTESIAN_POINT('',(-63.5482705439445,61.5245629532659,46.3364240411616));
#4345=CARTESIAN_POINT('Origin',(-103.10360455513,50.0000000000002,46.3364240411616));
#4346=CARTESIAN_POINT('',(-63.5482705439445,61.5245629532659,46.3364240411616));
#4347=CARTESIAN_POINT('Origin',(-61.82012488326,62.0280632764596,46.3364240411616));
#4348=CARTESIAN_POINT('',(-63.0457156652693,63.3463679586445,13.3364240411616));
#4349=CARTESIAN_POINT('Origin',(-61.82012488326,62.0280632764596,13.3364240411616));
#4350=CARTESIAN_POINT('',(-63.0457156652693,63.3463679586445,46.3364240411616));
#4351=CARTESIAN_POINT('Origin',(-61.82012488326,62.0280632764596,46.3364240411616));
#4352=CARTESIAN_POINT('',(-63.0457156652693,63.3463679586445,46.3364240411616));
#4353=CARTESIAN_POINT('Origin',(-65.22454372217,65.6900207269696,46.3364240411616));
#4354=CARTESIAN_POINT('',(-65.3410923933272,68.8878975862728,13.3364240411616));
#4355=CARTESIAN_POINT('Origin',(-65.22454372217,65.6900207269696,13.3364240411616));
#4356=CARTESIAN_POINT('',(-65.3410923933272,68.8878975862728,46.3364240411616));
#4357=CARTESIAN_POINT('Origin',(-65.22454372217,65.6900207269696,46.3364240411616));
#4358=CARTESIAN_POINT('',(-65.3410923933272,68.8878975862728,46.3364240411616));
#4359=CARTESIAN_POINT('Origin',(-65.40665102085,70.6867033196296,46.3364240411616));
#4360=CARTESIAN_POINT('',(-66.9846630292587,69.820748296942,13.3364240411616));
#4361=CARTESIAN_POINT('Origin',(-65.40665102085,70.6867033196296,13.3364240411616));
#4362=CARTESIAN_POINT('',(-66.9846630292587,69.820748296942,46.3364240411616));
#4363=CARTESIAN_POINT('Origin',(-65.40665102085,70.6867033196296,46.3364240411616));
#4364=CARTESIAN_POINT('',(-66.9846630292587,69.820748296942,46.3364240411616));
#4365=CARTESIAN_POINT('Origin',(-103.10360455513,50.0000000000002,46.3364240411616));
#4366=CARTESIAN_POINT('',(-67.5720781749357,70.8554701000383,13.3364240411616));
#4367=CARTESIAN_POINT('Origin',(-103.10360455513,50.0000000000002,13.3364240411616));
#4368=CARTESIAN_POINT('',(-67.5720781749357,70.8554701000383,46.3364240411616));
#4369=CARTESIAN_POINT('Origin',(-103.10360455513,50.0000000000002,46.3364240411616));
#4370=CARTESIAN_POINT('',(-67.5720781749357,70.8554701000383,46.3364240411616));
#4371=CARTESIAN_POINT('Origin',(-67.673436641628,71.0281548209226,46.3364240411616));
#4372=CARTESIAN_POINT('',(-67.673436641628,71.0281548209226,13.3364240411616));
#4373=CARTESIAN_POINT('',(-57.5089106026663,53.7108216050741,13.3364240411616));
#4374=CARTESIAN_POINT('',(-67.673436641628,71.0281548209226,46.3364240411616));
#4375=CARTESIAN_POINT('',(-57.5089106026663,53.7108216050741,46.3364240411616));
#4376=CARTESIAN_POINT('',(-67.673436641628,71.0281548209226,29.8364240411616));
#4377=CARTESIAN_POINT('Origin',(-62.5295001434128,-73.7221847894979,13.3364240411616));
#4378=CARTESIAN_POINT('',(-62.5295001434128,-73.7221847894979,13.3364240411616));
#4379=CARTESIAN_POINT('',(-62.5295001434128,-73.7221847894979,13.3364240411616));
#4380=CARTESIAN_POINT('',(-62.5295001434128,-73.7221847894979,46.3364240411616));
#4381=CARTESIAN_POINT('',(-62.5295001434128,-73.7221847894979,13.3364240411616));
#4382=CARTESIAN_POINT('',(-62.5295001434128,-73.7221847894979,46.3364240411616));
#4383=CARTESIAN_POINT('Origin',(-109.348078873461,0.,46.3364240411616));
#4384=CARTESIAN_POINT('',(-57.0000008493662,-59.13551998202,46.3364240411616));
#4385=CARTESIAN_POINT('Origin',(-103.10360455513,-50.0000000000003,46.3364240411616));
#4386=CARTESIAN_POINT('',(-57.0000008493662,-9.51041708748772,46.3364240411616));
#4387=CARTESIAN_POINT('',(-57.0000008493662,-9.51041708748772,46.3364240411616));
#4388=CARTESIAN_POINT('',(-68.000001013279,0.,46.3364240411616));
#4389=CARTESIAN_POINT('',(-68.000001013279,0.,46.3364240411616));
#4390=CARTESIAN_POINT('',(-57.0000008493662,9.51041708748772,46.3364240411616));
#4391=CARTESIAN_POINT('',(-57.0000008493662,9.51041708748772,46.3364240411616));
#4392=CARTESIAN_POINT('',(-57.0000008493662,59.13551998202,46.3364240411616));
#4393=CARTESIAN_POINT('',(-57.0000008493662,59.13551998202,46.3364240411616));
#4394=CARTESIAN_POINT('',(-62.5295001434128,73.7221847894979,46.3364240411616));
#4395=CARTESIAN_POINT('Origin',(-103.10360455513,50.0000000000003,46.3364240411616));
#4396=CARTESIAN_POINT('',(-73.0924043938137,68.1900829418865,46.3364240411616));
#4397=CARTESIAN_POINT('',(-131.961253432914,87.7291147689228,46.3364240411616));
#4398=CARTESIAN_POINT('',(-134.50825848364,97.805201785188,46.3364240411616));
#4399=CARTESIAN_POINT('',(-133.843907489139,95.0120602960639,46.3364243768616));
#4400=CARTESIAN_POINT('',(-131.961253432914,87.7291147689228,46.3364243768616));
#4401=CARTESIAN_POINT('',(-148.170522526036,75.9999999999995,46.3364243768616));
#4402=CARTESIAN_POINT('',(-162.32014834368,57.2228123308287,46.3364243768616));
#4403=CARTESIAN_POINT('',(-164.561528156702,75.9999999999994,46.3364243768616));
#4404=CARTESIAN_POINT('',(-151.865951315108,75.9999999999995,46.3364243768616));
#4405=CARTESIAN_POINT('',(-147.551020367635,66.7534243541519,46.3364243768616));
#4406=CARTESIAN_POINT('',(-164.561528156702,75.9999999999994,46.3364243768616));
#4407=CARTESIAN_POINT('',(-150.60360455513,50.0000000000003,46.3364240411616));
#4408=CARTESIAN_POINT('Origin',(-103.10360455513,50.0000000000003,46.3364240411616));
#4409=CARTESIAN_POINT('',(-150.60360455513,-50.0000000000003,46.3364240411616));
#4410=CARTESIAN_POINT('',(-150.60360455513,-25.0000000000001,46.3364240411616));
#4411=CARTESIAN_POINT('',(-147.551020367635,-66.7534243541519,46.3364243768616));
#4412=CARTESIAN_POINT('Origin',(-103.10360455513,-50.0000000000003,46.3364240411616));
#4413=CARTESIAN_POINT('',(-164.561528156702,-75.9999999999994,46.3364243768616));
#4414=CARTESIAN_POINT('',(-164.561528156702,-75.9999999999994,46.3364243768616));
#4415=CARTESIAN_POINT('',(-148.170522526036,-75.9999999999995,46.3364243768616));
#4416=CARTESIAN_POINT('',(-151.865951315108,-75.9999999999995,46.3364243768616));
#4417=CARTESIAN_POINT('',(-133.843907489139,-95.0120602960639,46.3364243768616));
#4418=CARTESIAN_POINT('',(-162.32014834368,-57.2228123308287,46.3364243768616));
#4419=CARTESIAN_POINT('',(-131.961253432914,-87.7291147689228,46.3364240411616));
#4420=CARTESIAN_POINT('',(-131.961253432914,-87.7291147689228,46.3364243768616));
#4421=CARTESIAN_POINT('',(-128.563627690366,-74.2879271981064,46.3364240411616));
#4422=CARTESIAN_POINT('',(-108.779585672483,-6.12323399573677E-16,46.3364240411616));
#4423=CARTESIAN_POINT('Origin',(-113.779585672483,0.,46.3364240411616));
#4424=CARTESIAN_POINT('',(-75.0000019520522,8.99999986588954,46.3364240411616));
#4425=CARTESIAN_POINT('Origin',(-71.0000019520522,8.99999986588954,46.3364240411616));
#4426=CARTESIAN_POINT('',(-75.0000019520522,-9.00000013411046,46.3364240411616));
#4427=CARTESIAN_POINT('Origin',(-71.0000019520522,-9.00000013411046,46.3364240411616));
#4428=CARTESIAN_POINT('',(-135.000001952052,8.99999986588954,46.3364240411616));
#4429=CARTESIAN_POINT('Origin',(-131.000001952052,8.99999986588954,46.3364240411616));
#4430=CARTESIAN_POINT('',(-135.000001952052,-9.00000013411046,46.3364240411616));
#4431=CARTESIAN_POINT('Origin',(-131.000001952052,-9.00000013411046,46.3364240411616));
#4432=CARTESIAN_POINT('Origin',(-134.50825848364,97.805201785188,13.3364240411616));
#4433=CARTESIAN_POINT('',(-131.961253432914,87.7291147689228,13.3364240411616));
#4434=CARTESIAN_POINT('',(-134.50825848364,97.805201785188,13.3364240411616));
#4435=CARTESIAN_POINT('',(-131.961253432914,87.7291147689227,46.3364240411616));
#4436=CARTESIAN_POINT('Origin',(-156.618021880775,-87.2461362790463,86.8923039436337));
#4437=CARTESIAN_POINT('',(-148.900400964239,-86.5784271276644,93.6698070083184));
#4438=CARTESIAN_POINT('',(-148.778461840447,-86.1363987427895,94.8923039436337));
#4439=CARTESIAN_POINT('',(-146.356068853125,-77.3552428149498,119.177930336942));
#4440=CARTESIAN_POINT('',(-167.106233975931,-81.4959166596246,94.8923039436337));
#4441=CARTESIAN_POINT('',(-159.266650850376,-83.480852131579,94.8923039436337));
#4442=CARTESIAN_POINT('',(-166.267709507403,-87.8975603568877,78.8923039436337));
#4443=CARTESIAN_POINT('',(-165.386558700159,-94.6246312096092,62.0789449481061));
#4444=CARTESIAN_POINT('',(-150.374397113825,-91.9216518208878,78.8923039436337));
#4445=CARTESIAN_POINT('',(-157.354367972649,-90.1543650240014,78.8923039436337));
#4446=CARTESIAN_POINT('',(-149.275447650813,-87.9379684788235,89.9097879866967));
#4447=CARTESIAN_POINT('',(-146.356068853125,-77.3552428149498,119.177930336942));
#4448=CARTESIAN_POINT('',(-149.537377856307,-87.5826866412773,90.6567831594547));
#4449=CARTESIAN_POINT('Ctrl Pts',(-149.275447650813,-87.9379684788235,89.9097879866967));
#4450=CARTESIAN_POINT('Ctrl Pts',(-149.446175184921,-87.7433772661095,90.3010779474209));
#4451=CARTESIAN_POINT('Ctrl Pts',(-149.537377856307,-87.5826866412773,90.6567831594547));
#4452=CARTESIAN_POINT('Ctrl Pts',(-149.537377856307,-87.5826866412773,90.6567831594547));
#4453=CARTESIAN_POINT('Ctrl Pts',(-149.906736651177,-86.9319107963088,92.0973423716845));
#4454=CARTESIAN_POINT('Ctrl Pts',(-148.900400964239,-86.5784271276644,93.6698070083184));
#4455=CARTESIAN_POINT('Origin',(-150.584417849701,-91.8684758290259,37.5423073768616));
#4456=CARTESIAN_POINT('',(-164.561528156702,-88.3295552513041,46.3364243768616));
#4457=CARTESIAN_POINT('',(-163.731828289361,-88.539630286084,30.5048077983362));
#4458=CARTESIAN_POINT('',(-164.561528156702,-88.329555251304,13.3364243768616));
#4459=CARTESIAN_POINT('',(-164.561528156702,-88.329555251304,41.9393658768616));
#4460=CARTESIAN_POINT('',(-134.104455105336,-96.0411036465877,13.3364243768616));
#4461=CARTESIAN_POINT('',(-142.137998501846,-94.0070585962535,13.3364240411616));
#4462=CARTESIAN_POINT('',(-134.104455105335,-96.0411036465878,78.6364243768616));
#4463=CARTESIAN_POINT('',(-134.104455105335,-96.0411036465878,37.5423073768616));
#4464=CARTESIAN_POINT('',(-150.374397113826,-91.9216518208878,78.6364243768616));
#4465=CARTESIAN_POINT('',(-172.9205736793,-86.2130950130803,78.6364243768616));
#4466=CARTESIAN_POINT('',(-150.374397113825,-91.9216518208878,75.0251276392198));
#4467=CARTESIAN_POINT('',(-160.86017207552,-89.2667164322251,65.0423096545741));
#4468=CARTESIAN_POINT('Origin',(-157.854991937101,-90.0276100359827,65.0423096545741));
#4469=CARTESIAN_POINT('Origin',(-149.248625183789,-84.0803424255185,90.6567831594547));
#4470=CARTESIAN_POINT('',(-149.993227848233,-86.7795213510628,90.6567831594547));
#4471=CARTESIAN_POINT('Origin',(-149.248625183789,-84.0803424255185,90.6567831594547));
#4472=CARTESIAN_POINT('',(-149.993227848233,-86.7795213510628,90.6567831594547));
#4473=CARTESIAN_POINT('Origin',(-148.284632710381,-84.3462719485342,90.6567831594547));
#4474=CARTESIAN_POINT('Origin',(-155.949065446854,74.689498742422,78.6364243768616));
#4475=CARTESIAN_POINT('',(-133.843907489139,-95.0120602960639,78.6364243768616));
#4476=CARTESIAN_POINT('',(-130.314230441622,-81.071458005167,78.6364243768616));
#4477=CARTESIAN_POINT('',(-146.56863158434,-78.1257810789786,78.6364243768616));
#4478=CARTESIAN_POINT('',(-223.41378704566,23.8511845425847,78.6364243768616));
#4479=CARTESIAN_POINT('',(-115.475796751832,34.5855057897015,78.6364243768616));
#4480=CARTESIAN_POINT('Origin',(-130.314230441622,-81.071458005167,37.5423073768616));
#4481=CARTESIAN_POINT('',(-133.843907489139,-95.0120602960639,13.3364243768616));
#4482=CARTESIAN_POINT('',(-133.843907489139,-95.0120602960639,13.3364243768616));
#4483=CARTESIAN_POINT('',(-133.843907489139,-95.0120602960639,46.3364243768616));
#4484=CARTESIAN_POINT('',(-133.843907489139,-95.0120602960639,-6.66666401881944));
#4485=CARTESIAN_POINT('Origin',(-151.111085416509,-63.3922567636297,65.0423096545789));
#4486=CARTESIAN_POINT('',(-157.635140200112,-76.5293122209149,65.0423096545764));
#4487=CARTESIAN_POINT('',(-154.116265697929,-62.6313637246604,65.0423096545789));
#4488=CARTESIAN_POINT('Origin',(-154.437306542558,-76.5293123387298,65.0423096545765));
#4489=CARTESIAN_POINT('Origin',(-156.618021880775,87.2461362790463,86.8923039436337));
#4490=CARTESIAN_POINT('',(-148.900400964239,86.5784271276644,93.6698070083184));
#4491=CARTESIAN_POINT('',(-148.778461840447,86.1363987427895,94.8923039436337));
#4492=CARTESIAN_POINT('',(-146.356068853125,77.3552428149498,119.177930336942));
#4493=CARTESIAN_POINT('',(-149.537377856298,87.5826866412796,90.6567831594547));
#4494=CARTESIAN_POINT('Ctrl Pts',(-149.537377856298,87.5826866412796,90.6567831594547));
#4495=CARTESIAN_POINT('Ctrl Pts',(-149.90673665116,86.9319107963082,92.0973423716973));
#4496=CARTESIAN_POINT('Ctrl Pts',(-148.900400964239,86.5784271276644,93.6698070083184));
#4497=CARTESIAN_POINT('',(-149.275447650813,87.9379684788235,89.9097879866967));
#4498=CARTESIAN_POINT('Ctrl Pts',(-149.275447650813,87.9379684788235,89.9097879866967));
#4499=CARTESIAN_POINT('Ctrl Pts',(-149.446175184915,87.743377266111,90.3010779474211));
#4500=CARTESIAN_POINT('Ctrl Pts',(-149.537377856298,87.5826866412796,90.6567831594547));
#4501=CARTESIAN_POINT('',(-150.374397113825,91.9216518208878,78.8923039436337));
#4502=CARTESIAN_POINT('',(-146.356068853125,77.3552428149498,119.177930336942));
#4503=CARTESIAN_POINT('',(-166.267709507403,87.8975603568877,78.8923039436337));
#4504=CARTESIAN_POINT('',(-157.354367972649,90.1543650240014,78.8923039436337));
#4505=CARTESIAN_POINT('',(-167.106233975931,81.4959166596246,94.8923039436337));
#4506=CARTESIAN_POINT('',(-165.386558700159,94.6246312096092,62.0789449481061));
#4507=CARTESIAN_POINT('',(-155.881675788902,84.3379075340913,94.8923039436337));
#4508=CARTESIAN_POINT('Origin',(-163.387593900762,67.2783883546604,23.9364243768616));
#4509=CARTESIAN_POINT('',(-164.561528156702,88.3295552513041,46.3364243768616));
#4510=CARTESIAN_POINT('',(-163.731828289361,88.539630286084,30.5048077983362));
#4511=CARTESIAN_POINT('',(-164.561528156702,33.6391941678992,46.3364243768616));
#4512=CARTESIAN_POINT('',(-167.106233975931,75.9999999999994,94.8923039436337));
#4513=CARTESIAN_POINT('',(-167.163746527106,75.9999999999994,95.9897087938576));
#4514=CARTESIAN_POINT('',(-167.10623397593,-74.9006984915058,94.8923039436337));
#4515=CARTESIAN_POINT('Origin',(-160.696183715548,74.9006984915047,94.8923039436337));
#4516=CARTESIAN_POINT('',(-148.170522526036,75.9999999999995,94.8923039436337));
#4517=CARTESIAN_POINT('',(-188.103478476005,75.9999999999993,94.8923039436337));
#4518=CARTESIAN_POINT('',(-146.56863158434,78.1257810789786,94.8923039436337));
#4519=CARTESIAN_POINT('',(-153.235441271925,69.2786258063389,94.8923039436337));
#4520=CARTESIAN_POINT('',(-115.475796751832,-34.5855057897015,94.8923039436337));
#4521=CARTESIAN_POINT('Origin',(-155.949065446854,-74.689498742422,78.6364243768616));
#4522=CARTESIAN_POINT('',(-134.104455105335,96.0411036465878,78.6364243768616));
#4523=CARTESIAN_POINT('',(-133.843907489139,95.0120602960639,78.6364243768616));
#4524=CARTESIAN_POINT('',(-130.314230441622,81.071458005167,78.6364243768616));
#4525=CARTESIAN_POINT('',(-150.374397113826,91.9216518208878,78.6364243768616));
#4526=CARTESIAN_POINT('',(-172.9205736793,86.2130950130803,78.6364243768616));
#4527=CARTESIAN_POINT('',(-146.56863158434,78.1257810789786,78.6364243768616));
#4528=CARTESIAN_POINT('',(-115.475796751832,-34.5855057897015,78.6364243768616));
#4529=CARTESIAN_POINT('',(-223.41378704566,-23.8511845425847,78.6364243768616));
#4530=CARTESIAN_POINT('Origin',(-130.314230441622,81.071458005167,37.5423073768616));
#4531=CARTESIAN_POINT('',(-133.843907489139,95.0120602960639,-6.66666401881944));
#4532=CARTESIAN_POINT('',(-133.843907489139,95.0120602960639,13.3364243768616));
#4533=CARTESIAN_POINT('',(-133.843907489139,95.0120602960639,46.3364243768616));
#4534=CARTESIAN_POINT('',(-134.104455105336,96.0411036465877,13.3364243768616));
#4535=CARTESIAN_POINT('',(-133.843907489139,95.0120602960639,13.3364243768616));
#4536=CARTESIAN_POINT('',(-134.104455105335,96.0411036465878,37.5423073768616));
#4537=CARTESIAN_POINT('Origin',(-150.584417849701,91.8684758290259,37.5423073768616));
#4538=CARTESIAN_POINT('',(-150.374397113825,91.9216518208878,75.0251276392198));
#4539=CARTESIAN_POINT('',(-164.561528156702,88.329555251304,13.3364243768616));
#4540=CARTESIAN_POINT('',(-142.137998501846,94.0070585962535,13.3364240411616));
#4541=CARTESIAN_POINT('',(-164.561528156702,88.329555251304,41.9393658768616));
#4542=CARTESIAN_POINT('',(-160.86017207552,89.2667164322251,65.0423096545741));
#4543=CARTESIAN_POINT('Origin',(-157.854991937101,90.0276100359827,65.0423096545741));
#4544=CARTESIAN_POINT('Origin',(-115.475796751832,-34.5855057897015,112.507947901578));
#4545=CARTESIAN_POINT('Origin',(-148.284632710381,84.3462719485342,90.6567831594547));
#4546=CARTESIAN_POINT('',(-146.56863158434,78.1257810789786,112.507947901578));
#4547=CARTESIAN_POINT('Origin',(-164.561528156702,-75.9999999999994,46.3364243768616));
#4548=CARTESIAN_POINT('',(-147.551020367635,-66.7534243541519,13.3364243768616));
#4549=CARTESIAN_POINT('',(-147.551020367635,-66.7534243541519,46.3364240411616));
#4550=CARTESIAN_POINT('',(-164.561528156702,-75.9999999999994,13.3364243768616));
#4551=CARTESIAN_POINT('',(-164.561528156702,-75.9999999999994,13.3364243768616));
#4552=CARTESIAN_POINT('',(-164.561528156702,-75.9999999999994,46.3364243768616));
#4553=CARTESIAN_POINT('Origin',(-164.561528156702,-89.3611109723611,46.3364243768616));
#4554=CARTESIAN_POINT('',(-164.561528156702,-33.6391941678992,46.3364243768616));
#4555=CARTESIAN_POINT('',(-164.561528156702,-89.3611109723611,13.3364243768616));
#4556=CARTESIAN_POINT('Origin',(-131.961253432914,-87.7291147689228,46.3364243768616));
#4557=CARTESIAN_POINT('',(-131.961253432914,-87.7291147689228,13.3364240411616));
#4558=CARTESIAN_POINT('',(-131.961253432914,-87.7291147689228,13.3364243768616));
#4559=CARTESIAN_POINT('',(-131.961253432914,-87.7291147689227,46.3364240411616));
#4560=CARTESIAN_POINT('Origin',(-152.500002339482,14.9193129088111,15.8364240411616));
#4561=CARTESIAN_POINT('',(-150.60360455513,14.9193129088111,13.3364240411616));
#4562=CARTESIAN_POINT('',(-150.60360455513,14.9193129088111,18.3364240411616));
#4563=CARTESIAN_POINT('',(-150.60360455513,14.9193129088111,31.0864240411616));
#4564=CARTESIAN_POINT('',(-148.000002339482,14.9193129088111,13.3364240411616));
#4565=CARTESIAN_POINT('',(-130.924040606471,14.9193129088111,13.3364240411616));
#4566=CARTESIAN_POINT('',(-148.000002339482,14.9193129088111,18.3364240411616));
#4567=CARTESIAN_POINT('',(-148.000002339482,14.9193129088111,15.8364240411616));
#4568=CARTESIAN_POINT('',(-152.500002339482,14.9193129088111,18.3364240411616));
#4569=CARTESIAN_POINT('Origin',(9.89639262536858,-76.5293183931297,260.471591131442));
#4570=CARTESIAN_POINT('Origin',(-151.727969918541,-71.2791078595889,-6.66666401881944));
#4571=CARTESIAN_POINT('',(-148.170522526036,-75.9999999999995,94.8923039436337));
#4572=CARTESIAN_POINT('',(-146.56863158434,-78.1257810789786,94.8923039436337));
#4573=CARTESIAN_POINT('',(-153.235441271925,-69.2786258063389,94.8923039436337));
#4574=CARTESIAN_POINT('',(-146.56863158434,-78.1257810789786,112.507947901578));
#4575=CARTESIAN_POINT('',(-148.170522526036,-75.9999999999995,94.8923039436337));
#4576=CARTESIAN_POINT('Origin',(-188.103478476005,-75.9999999999993,94.8923039436337));
#4577=CARTESIAN_POINT('',(-167.106233975931,-75.9999999999994,94.8923039436337));
#4578=CARTESIAN_POINT('',(-167.163746527106,-75.9999999999994,95.9897087938576));
#4579=CARTESIAN_POINT('',(-188.103478476005,-75.9999999999993,94.8923039436337));
#4580=CARTESIAN_POINT('Origin',(-163.387593900762,-67.2783883546604,23.9364243768616));
#4581=CARTESIAN_POINT('',(-167.10623397593,74.9006984915058,94.8923039436337));
#4582=CARTESIAN_POINT('Origin',(-115.475796751832,34.5855057897015,112.507947901578));
#4583=CARTESIAN_POINT('',(-115.475796751832,34.5855057897015,94.8923039436337));
#4584=CARTESIAN_POINT('Origin',(-157.326216017682,-79.5179936532074,84.6567831594547));
#4585=CARTESIAN_POINT('',(-158.669160108912,-84.3861556439212,90.6567831594547));
#4586=CARTESIAN_POINT('Origin',(-157.924557444468,-81.6869767183769,90.6567831594547));
#4587=CARTESIAN_POINT('Origin',(-157.924557444468,-81.6869767183769,90.6567831594547));
#4588=CARTESIAN_POINT('',(-158.669160108912,-84.3861556439212,90.6567831594547));
#4589=CARTESIAN_POINT('Origin',(-160.696183715548,-74.9006984915047,94.8923039436337));
#4590=CARTESIAN_POINT('Origin',(-152.500002339482,0.0401870911888524,18.3364240411616));
#4591=CARTESIAN_POINT('',(-148.000002339482,-14.9193129088111,18.3364240411616));
#4592=CARTESIAN_POINT('',(-148.000002339482,0.0401870911888524,18.3364240411616));
#4593=CARTESIAN_POINT('',(-150.60360455513,-14.9193129088111,18.3364240411616));
#4594=CARTESIAN_POINT('',(-152.500002339482,-14.9193129088111,18.3364240411616));
#4595=CARTESIAN_POINT('',(-150.60360455513,-24.9799064544057,18.3364240411616));
#4596=CARTESIAN_POINT('Origin',(-150.60360455513,-50.0000000000003,46.3364240411616));
#4597=CARTESIAN_POINT('',(-150.60360455513,-14.9193129088111,13.3364240411616));
#4598=CARTESIAN_POINT('',(-150.60360455513,-14.9193129088111,31.0864240411616));
#4599=CARTESIAN_POINT('',(-150.60360455513,-50.0000000000003,13.3364240411616));
#4600=CARTESIAN_POINT('',(-150.60360455513,-25.0000000000001,13.3364240411616));
#4601=CARTESIAN_POINT('',(-150.60360455513,-50.0000000000003,46.3364240411616));
#4602=CARTESIAN_POINT('',(-150.60360455513,50.0000000000003,13.3364240411616));
#4603=CARTESIAN_POINT('',(-150.60360455513,50.0000000000003,46.3364240411616));
#4604=CARTESIAN_POINT('',(-150.60360455513,-25.0000000000001,13.3364240411616));
#4605=CARTESIAN_POINT('Origin',(-103.10360455513,-50.0000000000003,46.3364240411616));
#4606=CARTESIAN_POINT('Origin',(-103.10360455513,-50.0000000000003,13.3364240411616));
#4607=CARTESIAN_POINT('Origin',(-164.561528156702,75.9999999999994,46.3364243768616));
#4608=CARTESIAN_POINT('',(-164.561528156702,75.9999999999994,13.3364243768616));
#4609=CARTESIAN_POINT('',(-164.561528156702,75.9999999999994,46.3364243768616));
#4610=CARTESIAN_POINT('',(-147.551020367635,66.7534243541519,13.3364243768616));
#4611=CARTESIAN_POINT('',(-164.561528156702,75.9999999999994,13.3364243768616));
#4612=CARTESIAN_POINT('',(-147.551020367635,66.7534243541519,46.3364240411616));
#4613=CARTESIAN_POINT('Origin',(-164.561528156702,89.3611109723611,46.3364243768616));
#4614=CARTESIAN_POINT('',(-164.561528156702,89.3611109723611,13.3364243768616));
#4615=CARTESIAN_POINT('Origin',(-131.961253432914,87.7291147689228,46.3364243768616));
#4616=CARTESIAN_POINT('',(-131.961253432914,87.7291147689228,13.3364243768616));
#4617=CARTESIAN_POINT('Origin',(-103.10360455513,50.0000000000003,46.3364240411616));
#4618=CARTESIAN_POINT('Origin',(-103.10360455513,50.0000000000003,13.3364240411616));
#4619=CARTESIAN_POINT('Origin',(-152.500002339482,-14.9193129088111,15.8364240411616));
#4620=CARTESIAN_POINT('',(-148.000002339482,-14.9193129088111,13.3364240411616));
#4621=CARTESIAN_POINT('',(-148.000002339482,-14.9193129088111,15.8364240411616));
#4622=CARTESIAN_POINT('',(-130.924040606471,-14.9193129088111,13.3364240411616));
#4623=CARTESIAN_POINT('Origin',(-148.000002339482,0.0401870911888524,15.8364240411616));
#4624=CARTESIAN_POINT('',(-148.000002339482,0.0200935455944262,13.3364240411616));
#4625=CARTESIAN_POINT('Origin',(-131.000001952052,-9.00000013411046,33.8364240411616));
#4626=CARTESIAN_POINT('',(-135.000001952052,-9.00000013411046,21.3364240411616));
#4627=CARTESIAN_POINT('',(-135.000001952052,-9.00000013411046,33.8364240411616));
#4628=CARTESIAN_POINT('Origin',(-131.000001952052,-9.00000013411046,21.3364240411616));
#4629=CARTESIAN_POINT('Origin',(-131.000001952052,-9.00000013411046,21.3364240411616));
#4630=CARTESIAN_POINT('',(-128.900001952052,-9.00000013411046,21.3364240411616));
#4631=CARTESIAN_POINT('Origin',(-131.000001952052,-9.00000013411046,21.3364240411616));
#4632=CARTESIAN_POINT('Origin',(-131.000001952052,8.99999986588954,33.8364240411616));
#4633=CARTESIAN_POINT('',(-135.000001952052,8.99999986588954,21.3364240411616));
#4634=CARTESIAN_POINT('',(-135.000001952052,8.99999986588954,33.8364240411616));
#4635=CARTESIAN_POINT('Origin',(-131.000001952052,8.99999986588954,21.3364240411616));
#4636=CARTESIAN_POINT('Origin',(-131.000001952052,8.99999986588954,21.3364240411616));
#4637=CARTESIAN_POINT('',(-128.900001952052,9.00000013411046,21.3364240411616));
#4638=CARTESIAN_POINT('Origin',(-131.000001952052,9.00000013411046,21.3364240411616));
#4639=CARTESIAN_POINT('Origin',(-71.0000019520522,-9.00000013411046,33.8364240411616));
#4640=CARTESIAN_POINT('',(-75.0000019520522,-9.00000013411046,21.3364240411616));
#4641=CARTESIAN_POINT('',(-75.0000019520522,-9.00000013411046,33.8364240411616));
#4642=CARTESIAN_POINT('Origin',(-71.0000019520522,-9.00000013411046,21.3364240411616));
#4643=CARTESIAN_POINT('Origin',(-71.0000019520522,-9.00000013411046,21.3364240411616));
#4644=CARTESIAN_POINT('',(-68.9000019520522,-9.00000013411046,21.3364240411616));
#4645=CARTESIAN_POINT('Origin',(-71.0000019520522,-9.00000013411046,21.3364240411616));
#4646=CARTESIAN_POINT('Origin',(-71.0000019520522,8.99999986588954,33.8364240411616));
#4647=CARTESIAN_POINT('',(-75.0000019520522,8.99999986588954,21.3364240411616));
#4648=CARTESIAN_POINT('',(-75.0000019520522,8.99999986588954,33.8364240411616));
#4649=CARTESIAN_POINT('Origin',(-71.0000019520522,8.99999986588954,21.3364240411616));
#4650=CARTESIAN_POINT('Origin',(-71.0000019520522,8.99999986588954,21.3364240411616));
#4651=CARTESIAN_POINT('',(-68.9000019520522,9.00000013411046,21.3364240411616));
#4652=CARTESIAN_POINT('Origin',(-71.0000019520522,9.00000013411046,21.3364240411616));
#4653=CARTESIAN_POINT('Origin',(-71.0000019520522,-9.00000013411046,13.3364240411616));
#4654=CARTESIAN_POINT('',(-68.9000019520522,-9.00000013411046,13.3364240411616));
#4655=CARTESIAN_POINT('',(-68.9000019520522,-9.00000013411046,13.3364240411616));
#4656=CARTESIAN_POINT('Origin',(-71.0000019520522,-9.00000013411046,13.3364240411616));
#4657=CARTESIAN_POINT('Origin',(-131.000001952052,9.00000013411046,13.3364240411616));
#4658=CARTESIAN_POINT('',(-128.900001952052,9.00000013411046,13.3364240411616));
#4659=CARTESIAN_POINT('',(-128.900001952052,9.00000013411046,13.3364240411616));
#4660=CARTESIAN_POINT('Origin',(-131.000001952052,9.00000013411046,13.3364240411616));
#4661=CARTESIAN_POINT('Origin',(-71.0000019520522,9.00000013411046,13.3364240411616));
#4662=CARTESIAN_POINT('',(-68.9000019520522,9.00000013411046,13.3364240411616));
#4663=CARTESIAN_POINT('',(-68.9000019520522,9.00000013411046,13.3364240411616));
#4664=CARTESIAN_POINT('Origin',(-71.0000019520522,9.00000013411046,13.3364240411616));
#4665=CARTESIAN_POINT('Origin',(-131.000001952052,-9.00000013411046,13.3364240411616));
#4666=CARTESIAN_POINT('',(-128.900001952052,-9.00000013411046,13.3364240411616));
#4667=CARTESIAN_POINT('',(-128.900001952052,-9.00000013411046,13.3364240411616));
#4668=CARTESIAN_POINT('Origin',(-131.000001952052,-9.00000013411046,13.3364240411616));
#4669=CARTESIAN_POINT('Origin',(-113.779585672483,0.,13.3364240411616));
#4670=CARTESIAN_POINT('',(-108.779585672483,-6.12323399573677E-16,13.3364240411616));
#4671=CARTESIAN_POINT('',(-108.779585672483,-6.12323399573677E-16,13.3364240411616));
#4672=CARTESIAN_POINT('Origin',(-113.779585672483,0.,13.3364240411616));
#4673=CARTESIAN_POINT('Origin',(-130.201731456861,-80.7683525463707,13.3364240411616));
#4674=CARTESIAN_POINT('',(-128.563627690366,-74.2879271981064,13.3364240411616));
#4675=CARTESIAN_POINT('Origin',(-103.10360455513,-50.0000000000003,13.3364240411616));
#4676=CARTESIAN_POINT('',(-57.0000008493662,-59.13551998202,13.3364240411616));
#4677=CARTESIAN_POINT('Origin',(-103.10360455513,-50.0000000000003,13.3364240411616));
#4678=CARTESIAN_POINT('',(-57.0000008493662,-59.13551998202,13.3364240411616));
#4679=CARTESIAN_POINT('Origin',(-57.0000008493662,-9.51041708748772,13.3364240411616));
#4680=CARTESIAN_POINT('',(-57.0000008493662,-9.51041708748772,13.3364240411616));
#4681=CARTESIAN_POINT('',(-57.0000008493662,-9.51041708748772,13.3364240411616));
#4682=CARTESIAN_POINT('',(-57.0000008493662,-9.51041708748772,13.3364240411616));
#4683=CARTESIAN_POINT('Origin',(-68.000001013279,0.,13.3364240411616));
#4684=CARTESIAN_POINT('',(-68.000001013279,0.,13.3364240411616));
#4685=CARTESIAN_POINT('',(-68.000001013279,0.,13.3364240411616));
#4686=CARTESIAN_POINT('',(-68.000001013279,0.,13.3364240411616));
#4687=CARTESIAN_POINT('Origin',(-57.0000008493662,9.51041708748772,13.3364240411616));
#4688=CARTESIAN_POINT('',(-57.0000008493662,9.51041708748772,13.3364240411616));
#4689=CARTESIAN_POINT('',(-57.0000008493662,9.51041708748772,13.3364240411616));
#4690=CARTESIAN_POINT('',(-57.0000008493662,9.51041708748772,13.3364240411616));
#4691=CARTESIAN_POINT('Origin',(-57.0000008493662,59.13551998202,13.3364240411616));
#4692=CARTESIAN_POINT('',(-57.0000008493662,59.13551998202,13.3364240411616));
#4693=CARTESIAN_POINT('',(-57.0000008493662,59.13551998202,13.3364240411616));
#4694=CARTESIAN_POINT('',(-57.0000008493662,59.13551998202,13.3364240411616));
#4695=CARTESIAN_POINT('Origin',(-103.10360455513,50.0000000000003,13.3364240411616));
#4696=CARTESIAN_POINT('',(-62.5295001434128,73.7221847894979,13.3364240411616));
#4697=CARTESIAN_POINT('Origin',(-103.10360455513,50.0000000000003,13.3364240411616));
#4698=CARTESIAN_POINT('',(-62.5295001434128,73.7221847894979,13.3364240411616));
#4699=CARTESIAN_POINT('Origin',(-67.8512925289267,70.9350064916933,13.3364240411616));
#4700=CARTESIAN_POINT('',(-73.0924043938137,68.1900829418865,13.3364240411616));
#4701=CARTESIAN_POINT('Origin',(-109.348078873461,0.,13.3364240411616));
#4702=CARTESIAN_POINT('Origin',(9.89639262536858,76.5293183931297,260.471591131442));
#4703=CARTESIAN_POINT('',(-157.635140200112,76.5293122209149,65.0423096545764));
#4704=CARTESIAN_POINT('Origin',(-154.437306542558,76.5293123387298,65.0423096545765));
#4705=CARTESIAN_POINT('Origin',(-151.111085416509,63.3922567636297,65.0423096545789));
#4706=CARTESIAN_POINT('',(-154.116265697929,62.6313637246604,65.0423096545789));
#4707=CARTESIAN_POINT('Origin',(-151.727969918541,71.2791078595889,-6.66666401881944));
#4708=CARTESIAN_POINT('',(-148.170522526036,75.9999999999995,94.8923039436337));
#4709=CARTESIAN_POINT('Origin',(-188.103478476005,75.9999999999993,94.8923039436337));
#4710=CARTESIAN_POINT('Origin',(-157.326216017682,79.5179936532074,84.6567831594547));
#4711=CARTESIAN_POINT('',(-158.669160108912,84.3861556439212,90.6567831594547));
#4712=CARTESIAN_POINT('Origin',(-157.924557444468,81.6869767183769,90.6567831594547));
#4713=CARTESIAN_POINT('Origin',(-157.924557444468,81.6869767183769,90.6567831594547));
#4714=CARTESIAN_POINT('',(-149.993227848233,86.7795213510628,90.6567831594547));
#4715=CARTESIAN_POINT('',(-158.669160108912,84.3861556439212,90.6567831594547));
#4716=CARTESIAN_POINT('Origin',(-149.248625183789,84.0803424255185,90.6567831594547));
#4717=CARTESIAN_POINT('Origin',(-149.248625183789,84.0803424255185,90.6567831594547));
#4718=CARTESIAN_POINT('',(-149.993227848233,86.7795213510628,90.6567831594547));
#4719=CARTESIAN_POINT('',(0.,0.,0.));
#4720=UNCERTAINTY_MEASURE_WITH_UNIT(LENGTH_MEASURE(0.01),#4726,
'DISTANCE_ACCURACY_VALUE',
'Maximum model space distance between geometric entities at asserted c
onnectivities');
#4721=UNCERTAINTY_MEASURE_WITH_UNIT(LENGTH_MEASURE(0.01),#4726,
'DISTANCE_ACCURACY_VALUE',
'Maximum model space distance between geometric entities at asserted c
onnectivities');
#4722=UNCERTAINTY_MEASURE_WITH_UNIT(LENGTH_MEASURE(0.01),#4726,
'DISTANCE_ACCURACY_VALUE',
'Maximum model space distance between geometric entities at asserted c
onnectivities');
#4723=(
GEOMETRIC_REPRESENTATION_CONTEXT(3)
GLOBAL_UNCERTAINTY_ASSIGNED_CONTEXT((#4720))
GLOBAL_UNIT_ASSIGNED_CONTEXT((#4726,#4728,#4729))
REPRESENTATION_CONTEXT('','3D')
);
#4724=(
GEOMETRIC_REPRESENTATION_CONTEXT(3)
GLOBAL_UNCERTAINTY_ASSIGNED_CONTEXT((#4721))
GLOBAL_UNIT_ASSIGNED_CONTEXT((#4726,#4728,#4729))
REPRESENTATION_CONTEXT('','3D')
);
#4725=(
GEOMETRIC_REPRESENTATION_CONTEXT(3)
GLOBAL_UNCERTAINTY_ASSIGNED_CONTEXT((#4722))
GLOBAL_UNIT_ASSIGNED_CONTEXT((#4726,#4728,#4729))
REPRESENTATION_CONTEXT('','3D')
);
#4726=(
LENGTH_UNIT()
NAMED_UNIT(*)
SI_UNIT(.MILLI.,.METRE.)
);
#4727=(
LENGTH_UNIT()
NAMED_UNIT(*)
SI_UNIT($,.METRE.)
);
#4728=(
NAMED_UNIT(*)
PLANE_ANGLE_UNIT()
SI_UNIT($,.RADIAN.)
);
#4729=(
NAMED_UNIT(*)
SI_UNIT($,.STERADIAN.)
SOLID_ANGLE_UNIT()
);
#4730=SHAPE_DEFINITION_REPRESENTATION(#4732,#4735);
#4731=SHAPE_DEFINITION_REPRESENTATION(#4733,#4736);
#4732=PRODUCT_DEFINITION_SHAPE('',$,#4738);
#4733=PRODUCT_DEFINITION_SHAPE('',$,#4739);
#4734=PRODUCT_DEFINITION_SHAPE($,$,#14);
#4735=SHAPE_REPRESENTATION('',(#2736,#3046),#4723);
#4736=SHAPE_REPRESENTATION('',(#2737),#4724);
#4737=PRODUCT_DEFINITION_CONTEXT('part definition',#4745,'design');
#4738=PRODUCT_DEFINITION('Chassis','Chassis v25',#4740,#4737);
#4739=PRODUCT_DEFINITION('Chassis_1','Chassis',#4741,#4737);
#4740=PRODUCT_DEFINITION_FORMATION('',$,#4747);
#4741=PRODUCT_DEFINITION_FORMATION('',$,#4748);
#4742=PRODUCT_RELATED_PRODUCT_CATEGORY('Chassis v25','Chassis v25',(#4747));
#4743=PRODUCT_RELATED_PRODUCT_CATEGORY('Chassis','Chassis',(#4748));
#4744=APPLICATION_PROTOCOL_DEFINITION('international standard',
'automotive_design',2009,#4745);
#4745=APPLICATION_CONTEXT(
'Core Data for Automotive Mechanical Design Process');
#4746=PRODUCT_CONTEXT('part definition',#4745,'mechanical');
#4747=PRODUCT('Chassis','Chassis v25',$,(#4746));
#4748=PRODUCT('Chassis_1','Chassis',$,(#4746));
#4749=PRESENTATION_STYLE_ASSIGNMENT((#4757));
#4750=PRESENTATION_STYLE_ASSIGNMENT((#4758));
#4751=PRESENTATION_STYLE_ASSIGNMENT((#4759));
#4752=PRESENTATION_STYLE_ASSIGNMENT((#4760));
#4753=PRESENTATION_STYLE_ASSIGNMENT((#4761));
#4754=PRESENTATION_STYLE_ASSIGNMENT((#4762));
#4755=PRESENTATION_STYLE_ASSIGNMENT((#4763));
#4756=PRESENTATION_STYLE_ASSIGNMENT((#4764));
#4757=SURFACE_STYLE_USAGE(.BOTH.,#4765);
#4758=SURFACE_STYLE_USAGE(.BOTH.,#4766);
#4759=SURFACE_STYLE_USAGE(.BOTH.,#4767);
#4760=SURFACE_STYLE_USAGE(.BOTH.,#4768);
#4761=SURFACE_STYLE_USAGE(.BOTH.,#4769);
#4762=SURFACE_STYLE_USAGE(.BOTH.,#4770);
#4763=SURFACE_STYLE_USAGE(.BOTH.,#4771);
#4764=SURFACE_STYLE_USAGE(.BOTH.,#4772);
#4765=SURFACE_SIDE_STYLE('',(#4773));
#4766=SURFACE_SIDE_STYLE('',(#4774));
#4767=SURFACE_SIDE_STYLE('',(#4775));
#4768=SURFACE_SIDE_STYLE('',(#4776));
#4769=SURFACE_SIDE_STYLE('',(#4777));
#4770=SURFACE_SIDE_STYLE('',(#4778));
#4771=SURFACE_SIDE_STYLE('',(#4779));
#4772=SURFACE_SIDE_STYLE('',(#4780));
#4773=SURFACE_STYLE_FILL_AREA(#4781);
#4774=SURFACE_STYLE_FILL_AREA(#4782);
#4775=SURFACE_STYLE_FILL_AREA(#4783);
#4776=SURFACE_STYLE_FILL_AREA(#4784);
#4777=SURFACE_STYLE_FILL_AREA(#4785);
#4778=SURFACE_STYLE_FILL_AREA(#4786);
#4779=SURFACE_STYLE_FILL_AREA(#4787);
#4780=SURFACE_STYLE_FILL_AREA(#4788);
#4781=FILL_AREA_STYLE('Steel - Satin',(#4789));
#4782=FILL_AREA_STYLE('Aluminum - Satin',(#4790));
#4783=FILL_AREA_STYLE('Opaque(50,50,50)',(#4791));
#4784=FILL_AREA_STYLE('Opaque(255,255,255)',(#4792));
#4785=FILL_AREA_STYLE('Opaque(245,245,246)',(#4793));
#4786=FILL_AREA_STYLE('ABS (White) (1)',(#4794));
#4787=FILL_AREA_STYLE('Opaque(250,182,1)',(#4795));
#4788=FILL_AREA_STYLE('ABS (White)',(#4796));
#4789=FILL_AREA_STYLE_COLOUR('Steel - Satin',#4797);
#4790=FILL_AREA_STYLE_COLOUR('Aluminum - Satin',#4798);
#4791=FILL_AREA_STYLE_COLOUR('Opaque(50,50,50)',#4799);
#4792=FILL_AREA_STYLE_COLOUR('Opaque(255,255,255)',#4800);
#4793=FILL_AREA_STYLE_COLOUR('Opaque(245,245,246)',#4801);
#4794=FILL_AREA_STYLE_COLOUR('ABS (White) (1)',#4802);
#4795=FILL_AREA_STYLE_COLOUR('Opaque(250,182,1)',#4803);
#4796=FILL_AREA_STYLE_COLOUR('ABS (White)',#4804);
#4797=COLOUR_RGB('Steel - Satin',0.627450980392157,0.627450980392157,0.627450980392157);
#4798=COLOUR_RGB('Aluminum - Satin',0.96078431372549,0.96078431372549,0.964705882352941);
#4799=COLOUR_RGB('Opaque(50,50,50)',0.196078431372549,0.196078431372549,
0.196078431372549);
#4800=COLOUR_RGB('Opaque(255,255,255)',1.,1.,1.);
#4801=COLOUR_RGB('Opaque(245,245,246)',0.96078431372549,0.96078431372549,
0.964705882352941);
#4802=COLOUR_RGB('ABS (White) (1)',0.905882352941176,0.262745098039216,
0.184313725490196);
#4803=COLOUR_RGB('Opaque(250,182,1)',0.980392156862745,0.713725490196078,
0.00392156862745098);
#4804=COLOUR_RGB('ABS (White)',0.964705882352941,0.964705882352941,0.952941176470588);
ENDSEC;
END-ISO-10303-21;
