ISO-10303-21;
HEADER;
/* Generated by software containing ST-Developer
 * from STEP Tools, Inc. (www.steptools.com) 
 */

FILE_DESCRIPTION(
/* description */ (''),
/* implementation_level */ '2;1');

FILE_NAME(
/* name */ 'RearPanel.step',
/* time_stamp */ '2026-08-13T12:57:03-04:00',
/* author */ (''),
/* organization */ (''),
/* preprocessor_version */ 'ST-DEVELOPER v20.1',
/* originating_system */ 'Autodesk Translation Framework v15.8.0.0',
/* authorisation */ '');

FILE_SCHEMA (('AUTOMOTIVE_DESIGN { 1 0 10303 214 3 1 1 }'));
ENDSEC;

DATA;
#10=MECHANICAL_DESIGN_GEOMETRIC_PRESENTATION_REPRESENTATION('',(#17),#7508);
#11=ITEM_DEFINED_TRANSFORMATION($,$,#4316,#4557);
#12=(
REPRESENTATION_RELATIONSHIP($,$,#7519,#7518)
REPRESENTATION_RELATIONSHIP_WITH_TRANSFORMATION(#11)
SHAPE_REPRESENTATION_RELATIONSHIP()
);
#13=CONTEXT_DEPENDENT_SHAPE_REPRESENTATION(#12,#7517);
#14=NEXT_ASSEMBLY_USAGE_OCCURRENCE('Chassis:1','Chassis:1','Chassis:1',
#7521,#7522,'Chassis:1');
#15=SHAPE_REPRESENTATION_RELATIONSHIP('SRR','None',#7519,#16);
#16=ADVANCED_BREP_SHAPE_REPRESENTATION('',(#18),#7507);
#17=STYLED_ITEM('',(#7535),#18);
#18=MANIFOLD_SOLID_BREP('RearPanel',#4302);
#19=(
BOUNDED_SURFACE()
B_SPLINE_SURFACE(2,1,((#6740,#6741),(#6742,#6743),(#6744,#6745),(#6746,
#6747),(#6748,#6749),(#6750,#6751),(#6752,#6753),(#6754,#6755),(#6756,#6757)),
 .UNSPECIFIED.,.T.,.F.,.F.)
B_SPLINE_SURFACE_WITH_KNOTS((3,2,2,2,3),(2,2),(-3.14159265358979,-1.5707963267949,
0.,1.5707963267949,3.14159265358979),(0.,1.35510860848968),
 .UNSPECIFIED.)
GEOMETRIC_REPRESENTATION_ITEM()
RATIONAL_B_SPLINE_SURFACE(((1.,1.),(0.707106781186548,0.707106781186548),
(1.,1.),(0.707106781186548,0.707106781186548),(1.,1.),(0.707106781186548,
0.707106781186548),(1.,1.),(0.707106781186548,0.707106781186548),(1.,1.)))
REPRESENTATION_ITEM('')
SURFACE()
);
#20=(
BOUNDED_SURFACE()
B_SPLINE_SURFACE(2,1,((#7457,#7458),(#7459,#7460),(#7461,#7462),(#7463,
#7464),(#7465,#7466),(#7467,#7468),(#7469,#7470),(#7471,#7472),(#7473,#7474)),
 .UNSPECIFIED.,.T.,.F.,.F.)
B_SPLINE_SURFACE_WITH_KNOTS((3,2,2,2,3),(2,2),(-3.14159265358979,-1.5707963267949,
0.,1.5707963267949,3.14159265358979),(0.,1.35510860899501),
 .UNSPECIFIED.)
GEOMETRIC_REPRESENTATION_ITEM()
RATIONAL_B_SPLINE_SURFACE(((1.,1.),(0.707106781186548,0.707106781186548),
(1.,1.),(0.707106781186548,0.707106781186548),(1.,1.),(0.707106781186548,
0.707106781186548),(1.,1.),(0.707106781186548,0.707106781186548),(1.,1.)))
REPRESENTATION_ITEM('')
SURFACE()
);
#21=B_SPLINE_SURFACE_WITH_KNOTS('',3,3,((#6131,#6132,#6133,#6134),(#6135,
#6136,#6137,#6138),(#6139,#6140,#6141,#6142),(#6143,#6144,#6145,#6146)),
 .UNSPECIFIED.,.F.,.F.,.F.,(4,4),(4,4),(0.,1.),(0.,1.),.UNSPECIFIED.);
#22=B_SPLINE_SURFACE_WITH_KNOTS('',3,3,((#6158,#6159,#6160,#6161),(#6162,
#6163,#6164,#6165),(#6166,#6167,#6168,#6169),(#6170,#6171,#6172,#6173)),
 .UNSPECIFIED.,.F.,.F.,.F.,(4,4),(4,4),(0.,1.),(0.,1.),.UNSPECIFIED.);
#23=B_SPLINE_SURFACE_WITH_KNOTS('',3,3,((#6302,#6303,#6304,#6305),(#6306,
#6307,#6308,#6309),(#6310,#6311,#6312,#6313),(#6314,#6315,#6316,#6317)),
 .UNSPECIFIED.,.F.,.F.,.F.,(4,4),(4,4),(0.,1.),(0.,1.),.UNSPECIFIED.);
#24=B_SPLINE_SURFACE_WITH_KNOTS('',3,3,((#6353,#6354,#6355,#6356),(#6357,
#6358,#6359,#6360),(#6361,#6362,#6363,#6364),(#6365,#6366,#6367,#6368)),
 .UNSPECIFIED.,.F.,.F.,.F.,(4,4),(4,4),(0.999311199681199,1.),(0.,1.),
 .UNSPECIFIED.);
#25=B_SPLINE_SURFACE_WITH_KNOTS('',3,3,((#6370,#6371,#6372,#6373),(#6374,
#6375,#6376,#6377),(#6378,#6379,#6380,#6381),(#6382,#6383,#6384,#6385)),
 .UNSPECIFIED.,.F.,.F.,.F.,(4,4),(4,4),(0.,1.),(0.,1.),.UNSPECIFIED.);
#26=B_SPLINE_SURFACE_WITH_KNOTS('',3,3,((#6389,#6390,#6391,#6392),(#6393,
#6394,#6395,#6396),(#6397,#6398,#6399,#6400),(#6401,#6402,#6403,#6404)),
 .UNSPECIFIED.,.F.,.F.,.F.,(4,4),(4,4),(0.,1.),(0.,1.),.UNSPECIFIED.);
#27=B_SPLINE_SURFACE_WITH_KNOTS('',3,3,((#6420,#6421,#6422,#6423),(#6424,
#6425,#6426,#6427),(#6428,#6429,#6430,#6431),(#6432,#6433,#6434,#6435)),
 .UNSPECIFIED.,.F.,.F.,.F.,(4,4),(4,4),(0.,1.),(0.,1.),.UNSPECIFIED.);
#28=B_SPLINE_SURFACE_WITH_KNOTS('',3,3,((#6441,#6442,#6443,#6444),(#6445,
#6446,#6447,#6448),(#6449,#6450,#6451,#6452),(#6453,#6454,#6455,#6456)),
 .UNSPECIFIED.,.F.,.F.,.F.,(4,4),(4,4),(0.,1.),(0.,1.),.UNSPECIFIED.);
#29=B_SPLINE_SURFACE_WITH_KNOTS('',3,1,((#6537,#6538),(#6539,#6540),(#6541,
#6542),(#6543,#6544),(#6545,#6546),(#6547,#6548),(#6549,#6550),(#6551,#6552),
(#6553,#6554),(#6555,#6556),(#6557,#6558),(#6559,#6560),(#6561,#6562),(#6563,
#6564),(#6565,#6566),(#6567,#6568),(#6569,#6570),(#6571,#6572),(#6573,#6574)),
 .UNSPECIFIED.,.F.,.F.,.F.,(4,2,2,2,3,2,2,2,4),(2,2),(-0.216072975938136,
-0.177830632136792,-0.118553755238141,-0.059276877772934,0.,0.0592768777729933,
0.118553755238107,0.177830632136762,0.233220038129998),(0.,2.27913427803261),
 .UNSPECIFIED.);
#30=B_SPLINE_SURFACE_WITH_KNOTS('',3,1,((#6597,#6598),(#6599,#6600),(#6601,
#6602),(#6603,#6604),(#6605,#6606),(#6607,#6608),(#6609,#6610),(#6611,#6612),
(#6613,#6614),(#6615,#6616),(#6617,#6618),(#6619,#6620),(#6621,#6622),(#6623,
#6624),(#6625,#6626),(#6627,#6628),(#6629,#6630),(#6631,#6632),(#6633,#6634),
(#6635,#6636),(#6637,#6638),(#6639,#6640)),.UNSPECIFIED.,.F.,.F.,.F.,(4,
2,2,2,2,2,2,2,2,2,4),(2,2),(0.233220038130828,0.237107508292293,0.296384383643305,
0.355661258250962,0.41493813228751,0.474215006016097,0.533491879744699,
0.592768753781176,0.652045628388943,0.71132250373995,0.732357036060378),
(0.,2.29976815641399),.UNSPECIFIED.);
#31=B_SPLINE_SURFACE_WITH_KNOTS('',3,3,((#6697,#6698,#6699,#6700),(#6701,
#6702,#6703,#6704),(#6705,#6706,#6707,#6708),(#6709,#6710,#6711,#6712)),
 .UNSPECIFIED.,.F.,.F.,.F.,(4,4),(4,4),(0.,1.),(0.,1.),.UNSPECIFIED.);
#32=B_SPLINE_SURFACE_WITH_KNOTS('',3,3,((#6714,#6715,#6716,#6717),(#6718,
#6719,#6720,#6721),(#6722,#6723,#6724,#6725),(#6726,#6727,#6728,#6729)),
 .UNSPECIFIED.,.F.,.F.,.F.,(4,4),(4,4),(0.707133371795579,1.),(0.,1.),
 .UNSPECIFIED.);
#33=B_SPLINE_SURFACE_WITH_KNOTS('',3,3,((#6874,#6875,#6876,#6877),(#6878,
#6879,#6880,#6881),(#6882,#6883,#6884,#6885),(#6886,#6887,#6888,#6889)),
 .UNSPECIFIED.,.F.,.F.,.F.,(4,4),(4,4),(0.,1.),(0.,1.),.UNSPECIFIED.);
#34=B_SPLINE_SURFACE_WITH_KNOTS('',3,3,((#6901,#6902,#6903,#6904),(#6905,
#6906,#6907,#6908),(#6909,#6910,#6911,#6912),(#6913,#6914,#6915,#6916)),
 .UNSPECIFIED.,.F.,.F.,.F.,(4,4),(4,4),(0.,1.),(0.,1.),.UNSPECIFIED.);
#35=B_SPLINE_SURFACE_WITH_KNOTS('',3,3,((#7028,#7029,#7030,#7031),(#7032,
#7033,#7034,#7035),(#7036,#7037,#7038,#7039),(#7040,#7041,#7042,#7043)),
 .UNSPECIFIED.,.F.,.F.,.F.,(4,4),(4,4),(0.,1.),(0.,1.),.UNSPECIFIED.);
#36=B_SPLINE_SURFACE_WITH_KNOTS('',3,3,((#7077,#7078,#7079,#7080),(#7081,
#7082,#7083,#7084),(#7085,#7086,#7087,#7088),(#7089,#7090,#7091,#7092)),
 .UNSPECIFIED.,.F.,.F.,.F.,(4,4),(4,4),(0.999311199681199,1.),(0.,1.),
 .UNSPECIFIED.);
#37=B_SPLINE_SURFACE_WITH_KNOTS('',3,3,((#7094,#7095,#7096,#7097),(#7098,
#7099,#7100,#7101),(#7102,#7103,#7104,#7105),(#7106,#7107,#7108,#7109)),
 .UNSPECIFIED.,.F.,.F.,.F.,(4,4),(4,4),(0.,1.),(0.,1.),.UNSPECIFIED.);
#38=B_SPLINE_SURFACE_WITH_KNOTS('',3,3,((#7113,#7114,#7115,#7116),(#7117,
#7118,#7119,#7120),(#7121,#7122,#7123,#7124),(#7125,#7126,#7127,#7128)),
 .UNSPECIFIED.,.F.,.F.,.F.,(4,4),(4,4),(0.,1.),(0.,1.),.UNSPECIFIED.);
#39=B_SPLINE_SURFACE_WITH_KNOTS('',3,3,((#7141,#7142,#7143,#7144),(#7145,
#7146,#7147,#7148),(#7149,#7150,#7151,#7152),(#7153,#7154,#7155,#7156)),
 .UNSPECIFIED.,.F.,.F.,.F.,(4,4),(4,4),(0.,1.),(0.,1.),.UNSPECIFIED.);
#40=B_SPLINE_SURFACE_WITH_KNOTS('',3,3,((#7162,#7163,#7164,#7165),(#7166,
#7167,#7168,#7169),(#7170,#7171,#7172,#7173),(#7174,#7175,#7176,#7177)),
 .UNSPECIFIED.,.F.,.F.,.F.,(4,4),(4,4),(0.,1.),(0.,1.),.UNSPECIFIED.);
#41=B_SPLINE_SURFACE_WITH_KNOTS('',3,1,((#7258,#7259),(#7260,#7261),(#7262,
#7263),(#7264,#7265),(#7266,#7267),(#7268,#7269),(#7270,#7271),(#7272,#7273),
(#7274,#7275),(#7276,#7277),(#7278,#7279),(#7280,#7281),(#7282,#7283),(#7284,
#7285),(#7286,#7287),(#7288,#7289),(#7290,#7291),(#7292,#7293),(#7294,#7295)),
 .UNSPECIFIED.,.F.,.F.,.F.,(4,2,2,2,3,2,2,2,4),(2,2),(-0.216072975938136,
-0.177830632136792,-0.118553755238141,-0.059276877772934,0.,0.0592768777729933,
0.118553755238107,0.177830632136762,0.233220038129998),(0.,2.27913427803259),
 .UNSPECIFIED.);
#42=B_SPLINE_SURFACE_WITH_KNOTS('',3,1,((#7318,#7319),(#7320,#7321),(#7322,
#7323),(#7324,#7325),(#7326,#7327),(#7328,#7329),(#7330,#7331),(#7332,#7333),
(#7334,#7335),(#7336,#7337),(#7338,#7339),(#7340,#7341),(#7342,#7343),(#7344,
#7345),(#7346,#7347),(#7348,#7349),(#7350,#7351),(#7352,#7353),(#7354,#7355),
(#7356,#7357),(#7358,#7359),(#7360,#7361)),.UNSPECIFIED.,.F.,.F.,.F.,(4,
2,2,2,2,2,2,2,2,2,4),(2,2),(0.233220038130828,0.237107508292293,0.296384383643305,
0.355661258250962,0.41493813228751,0.474215006016097,0.533491879744699,
0.592768753781176,0.652045628388943,0.71132250373995,0.732357036060378),
(0.,2.29976815641402),.UNSPECIFIED.);
#43=B_SPLINE_SURFACE_WITH_KNOTS('',3,3,((#7419,#7420,#7421,#7422),(#7423,
#7424,#7425,#7426),(#7427,#7428,#7429,#7430),(#7431,#7432,#7433,#7434)),
 .UNSPECIFIED.,.F.,.F.,.F.,(4,4),(4,4),(0.,1.),(0.,1.),.UNSPECIFIED.);
#44=B_SPLINE_SURFACE_WITH_KNOTS('',3,3,((#7436,#7437,#7438,#7439),(#7440,
#7441,#7442,#7443),(#7444,#7445,#7446,#7447),(#7448,#7449,#7450,#7451)),
 .UNSPECIFIED.,.F.,.F.,.F.,(4,4),(4,4),(0.707133371795579,1.),(0.,1.),
 .UNSPECIFIED.);
#45=CYLINDRICAL_SURFACE('',#4356,1.5);
#46=CYLINDRICAL_SURFACE('',#4358,1.49999999999999);
#47=CYLINDRICAL_SURFACE('',#4360,1.50000000000001);
#48=CYLINDRICAL_SURFACE('',#4370,1.40000000352535);
#49=CYLINDRICAL_SURFACE('',#4371,1.4000002355641);
#50=CYLINDRICAL_SURFACE('',#4376,3.00000000000001);
#51=CYLINDRICAL_SURFACE('',#4440,9.99999999999998);
#52=CYLINDRICAL_SURFACE('',#4461,3.00000000000001);
#53=CYLINDRICAL_SURFACE('',#4527,9.99999999999998);
#54=CYLINDRICAL_SURFACE('',#4545,1.5);
#55=CYLINDRICAL_SURFACE('',#4547,3.);
#56=CYLINDRICAL_SURFACE('',#4552,1.5);
#57=CYLINDRICAL_SURFACE('',#4554,3.00000000000001);
#58=B_SPLINE_CURVE_WITH_KNOTS('',3,(#5793,#5794,#5795,#5796,#5797,#5798,
#5799,#5800,#5801,#5802,#5803,#5804,#5805,#5806,#5807,#5808,#5809,#5810),
 .UNSPECIFIED.,.F.,.F.,(4,2,2,2,2,2,2,2,4),(-0.216072975938136,-0.177830632136792,
-0.118553755238141,-0.059276877772934,0.,0.0592768777729933,0.118553755238107,
0.177830632136762,0.233220038129998),.UNSPECIFIED.);
#59=B_SPLINE_CURVE_WITH_KNOTS('',3,(#5811,#5812,#5813,#5814,#5815,#5816,
#5817,#5818,#5819,#5820,#5821,#5822,#5823,#5824,#5825,#5826,#5827,#5828,
#5829,#5830,#5831,#5832),.UNSPECIFIED.,.F.,.F.,(4,2,2,2,2,2,2,2,2,2,4),
(0.233220038130828,0.237107508292293,0.296384383643305,0.355661258250962,
0.41493813228751,0.474215006016097,0.533491879744699,0.592768753781176,
0.652045628388943,0.71132250373995,0.732357036060378),.UNSPECIFIED.);
#60=B_SPLINE_CURVE_WITH_KNOTS('',3,(#5843,#5844,#5845,#5846,#5847,#5848,
#5849,#5850,#5851,#5852,#5853,#5854,#5855,#5856,#5857,#5858,#5859,#5860),
 .UNSPECIFIED.,.F.,.F.,(4,2,2,2,2,2,2,2,4),(-0.216072975938136,-0.177830632136792,
-0.118553755238141,-0.059276877772934,0.,0.0592768777729933,0.118553755238107,
0.177830632136762,0.233220038129998),.UNSPECIFIED.);
#61=B_SPLINE_CURVE_WITH_KNOTS('',3,(#5861,#5862,#5863,#5864,#5865,#5866,
#5867,#5868,#5869,#5870,#5871,#5872,#5873,#5874,#5875,#5876,#5877,#5878,
#5879,#5880,#5881,#5882),.UNSPECIFIED.,.F.,.F.,(4,2,2,2,2,2,2,2,2,2,4),
(0.233220038130828,0.237107508292293,0.296384383643305,0.355661258250962,
0.41493813228751,0.474215006016097,0.533491879744699,0.592768753781176,
0.652045628388943,0.71132250373995,0.732357036060378),.UNSPECIFIED.);
#62=B_SPLINE_CURVE_WITH_KNOTS('',3,(#6072,#6073,#6074,#6075,#6076,#6077,
#6078,#6079,#6080,#6081,#6082,#6083),.UNSPECIFIED.,.F.,.F.,(4,2,2,2,2,4),
(1.00264297196835E-6,0.047023333452288,0.0917336709998165,0.145975138450109,
0.173492673260962,0.19928968822976),.UNSPECIFIED.);
#63=B_SPLINE_CURVE_WITH_KNOTS('',3,(#6084,#6085,#6086,#6087,#6088,#6089,
#6090,#6091,#6092,#6093,#6094,#6095),.UNSPECIFIED.,.F.,.F.,(4,2,2,2,2,4),
(1.00000021912526E-6,0.022106146429246,0.0456855834337316,0.0921645382610484,
0.130476380302689,0.170770213647953),.UNSPECIFIED.);
#64=B_SPLINE_CURVE_WITH_KNOTS('',3,(#6340,#6341,#6342,#6343,#6344,#6345),
 .UNSPECIFIED.,.F.,.F.,(4,2,4),(-0.0151843708965771,-0.00758843301448742,
0.),.UNSPECIFIED.);
#65=B_SPLINE_CURVE_WITH_KNOTS('',3,(#6577,#6578,#6579,#6580,#6581,#6582,
#6583,#6584,#6585,#6586,#6587,#6588,#6589,#6590,#6591,#6592,#6593,#6594),
 .UNSPECIFIED.,.F.,.F.,(4,2,2,2,2,2,2,2,4),(-0.216072975938136,-0.177830632136792,
-0.118553755238141,-0.059276877772934,0.,0.0592768777729933,0.118553755238107,
0.177830632136762,0.233220038129998),.UNSPECIFIED.);
#66=B_SPLINE_CURVE_WITH_KNOTS('',3,(#6641,#6642,#6643,#6644,#6645,#6646,
#6647,#6648,#6649,#6650,#6651,#6652,#6653,#6654,#6655,#6656,#6657,#6658,
#6659,#6660,#6661,#6662),.UNSPECIFIED.,.F.,.F.,(4,2,2,2,2,2,2,2,2,2,4),
(0.233220038130828,0.237107508292293,0.296384383643305,0.355661258250962,
0.41493813228751,0.474215006016097,0.533491879744699,0.592768753781176,
0.652045628388943,0.71132250373995,0.732357036060378),.UNSPECIFIED.);
#67=B_SPLINE_CURVE_WITH_KNOTS('',3,(#6816,#6817,#6818,#6819,#6820,#6821,
#6822,#6823,#6824,#6825,#6826,#6827),.UNSPECIFIED.,.F.,.F.,(4,2,2,2,2,4),
(1.00000021823706E-6,0.0221061464312343,0.0456855834387648,0.0921645382280075,
0.130476380210743,0.170770213497581),.UNSPECIFIED.);
#68=B_SPLINE_CURVE_WITH_KNOTS('',3,(#6828,#6829,#6830,#6831,#6832,#6833,
#6834,#6835,#6836,#6837,#6838,#6839),.UNSPECIFIED.,.F.,.F.,(4,2,2,2,2,4),
(1.00264292278558E-6,0.0470233334532834,0.0917336709957415,0.145975138530967,
0.173492673438258,0.199289688496024),.UNSPECIFIED.);
#69=B_SPLINE_CURVE_WITH_KNOTS('',3,(#7064,#7065,#7066,#7067,#7068,#7069),
 .UNSPECIFIED.,.F.,.F.,(4,2,4),(0.,0.00743812735881875,0.0148689058776649),
 .UNSPECIFIED.);
#70=B_SPLINE_CURVE_WITH_KNOTS('',3,(#7298,#7299,#7300,#7301,#7302,#7303,
#7304,#7305,#7306,#7307,#7308,#7309,#7310,#7311,#7312,#7313,#7314,#7315),
 .UNSPECIFIED.,.F.,.F.,(4,2,2,2,2,2,2,2,4),(-0.216072975938136,-0.177830632136792,
-0.118553755238141,-0.059276877772934,0.,0.0592768777729933,0.118553755238107,
0.177830632136762,0.233220038129998),.UNSPECIFIED.);
#71=B_SPLINE_CURVE_WITH_KNOTS('',3,(#7362,#7363,#7364,#7365,#7366,#7367,
#7368,#7369,#7370,#7371,#7372,#7373,#7374,#7375,#7376,#7377,#7378,#7379,
#7380,#7381,#7382,#7383),.UNSPECIFIED.,.F.,.F.,(4,2,2,2,2,2,2,2,2,2,4),
(0.233220038130828,0.237107508292293,0.296384383643305,0.355661258250962,
0.41493813228751,0.474215006016097,0.533491879744699,0.592768753781176,
0.652045628388943,0.71132250373995,0.732357036060378),.UNSPECIFIED.);
#72=ELLIPSE('',#4321,3.96293721431272,3.00000000000001);
#73=ELLIPSE('',#4373,1.97040193476581,1.50000000000044);
#74=ELLIPSE('',#4378,3.43837339561343,3.00000000000001);
#75=ELLIPSE('',#4396,1.71918669787449,1.50000000000025);
#76=ELLIPSE('',#4458,1.97040193476581,1.50000000000044);
#77=ELLIPSE('',#4462,3.43837339561343,3.00000000000001);
#78=ELLIPSE('',#4463,3.96293721431272,3.00000000000001);
#79=ELLIPSE('',#4482,1.71918669787449,1.50000000000025);
#80=FACE_BOUND('',#362,.T.);
#81=FACE_BOUND('',#363,.T.);
#82=FACE_BOUND('',#364,.T.);
#83=FACE_BOUND('',#365,.T.);
#84=FACE_BOUND('',#379,.T.);
#85=FACE_BOUND('',#381,.T.);
#86=FACE_BOUND('',#392,.T.);
#87=FACE_BOUND('',#393,.T.);
#88=FACE_BOUND('',#394,.T.);
#89=FACE_BOUND('',#405,.T.);
#90=FACE_BOUND('',#406,.T.);
#91=FACE_BOUND('',#407,.T.);
#92=FACE_BOUND('',#409,.T.);
#93=FACE_BOUND('',#431,.T.);
#94=FACE_BOUND('',#479,.T.);
#95=FACE_BOUND('',#522,.T.);
#96=FACE_BOUND('',#571,.T.);
#97=FACE_BOUND('',#577,.T.);
#98=FACE_BOUND('',#578,.T.);
#99=FACE_BOUND('',#579,.T.);
#100=FACE_BOUND('',#596,.T.);
#101=FACE_BOUND('',#600,.T.);
#102=FACE_BOUND('',#605,.T.);
#103=CIRCLE('',#4318,1.40000001327247);
#104=CIRCLE('',#4319,1.40000024530786);
#105=CIRCLE('',#4325,10.0000000000005);
#106=CIRCLE('',#4332,10.0000000000006);
#107=CIRCLE('',#4347,1.5);
#108=CIRCLE('',#4348,1.49999999999999);
#109=CIRCLE('',#4349,1.50000000000001);
#110=CIRCLE('',#4357,1.5);
#111=CIRCLE('',#4359,1.49999999999999);
#112=CIRCLE('',#4361,1.50000000000001);
#113=CIRCLE('',#4363,3.00000015418093);
#114=CIRCLE('',#4364,3.00000015418093);
#115=CIRCLE('',#4365,3.00000015415696);
#116=CIRCLE('',#4366,1.40000024530786);
#117=CIRCLE('',#4368,1.50000007709046);
#118=CIRCLE('',#4369,1.40000001327247);
#119=CIRCLE('',#4374,3.00000000000001);
#120=CIRCLE('',#4375,3.00000000000001);
#121=CIRCLE('',#4377,3.00000000000001);
#122=CIRCLE('',#4379,3.00000000000001);
#123=CIRCLE('',#4391,7554.58874457793);
#124=CIRCLE('',#4428,9.99999999999998);
#125=CIRCLE('',#4455,3.00000000000001);
#126=CIRCLE('',#4456,3.00000000000001);
#127=CIRCLE('',#4459,3.00000000000001);
#128=CIRCLE('',#4460,3.00000000000001);
#129=CIRCLE('',#4477,7554.58874602602);
#130=CIRCLE('',#4514,9.99999999999998);
#131=CIRCLE('',#4542,3.);
#132=CIRCLE('',#4543,3.);
#133=CIRCLE('',#4544,1.5);
#134=CIRCLE('',#4546,1.5);
#135=CIRCLE('',#4548,3.);
#136=CIRCLE('',#4551,3.00000000000001);
#137=CIRCLE('',#4553,1.5);
#138=CIRCLE('',#4555,3.00000000000001);
#139=FACE_OUTER_BOUND('',#361,.T.);
#140=FACE_OUTER_BOUND('',#366,.T.);
#141=FACE_OUTER_BOUND('',#367,.T.);
#142=FACE_OUTER_BOUND('',#368,.T.);
#143=FACE_OUTER_BOUND('',#369,.T.);
#144=FACE_OUTER_BOUND('',#370,.T.);
#145=FACE_OUTER_BOUND('',#371,.T.);
#146=FACE_OUTER_BOUND('',#372,.T.);
#147=FACE_OUTER_BOUND('',#373,.T.);
#148=FACE_OUTER_BOUND('',#374,.T.);
#149=FACE_OUTER_BOUND('',#375,.T.);
#150=FACE_OUTER_BOUND('',#376,.T.);
#151=FACE_OUTER_BOUND('',#377,.T.);
#152=FACE_OUTER_BOUND('',#378,.T.);
#153=FACE_OUTER_BOUND('',#380,.T.);
#154=FACE_OUTER_BOUND('',#382,.T.);
#155=FACE_OUTER_BOUND('',#383,.T.);
#156=FACE_OUTER_BOUND('',#384,.T.);
#157=FACE_OUTER_BOUND('',#385,.T.);
#158=FACE_OUTER_BOUND('',#386,.T.);
#159=FACE_OUTER_BOUND('',#387,.T.);
#160=FACE_OUTER_BOUND('',#388,.T.);
#161=FACE_OUTER_BOUND('',#389,.T.);
#162=FACE_OUTER_BOUND('',#390,.T.);
#163=FACE_OUTER_BOUND('',#391,.T.);
#164=FACE_OUTER_BOUND('',#395,.T.);
#165=FACE_OUTER_BOUND('',#396,.T.);
#166=FACE_OUTER_BOUND('',#397,.T.);
#167=FACE_OUTER_BOUND('',#398,.T.);
#168=FACE_OUTER_BOUND('',#399,.T.);
#169=FACE_OUTER_BOUND('',#400,.T.);
#170=FACE_OUTER_BOUND('',#401,.T.);
#171=FACE_OUTER_BOUND('',#402,.T.);
#172=FACE_OUTER_BOUND('',#403,.T.);
#173=FACE_OUTER_BOUND('',#404,.T.);
#174=FACE_OUTER_BOUND('',#408,.T.);
#175=FACE_OUTER_BOUND('',#410,.T.);
#176=FACE_OUTER_BOUND('',#411,.T.);
#177=FACE_OUTER_BOUND('',#412,.T.);
#178=FACE_OUTER_BOUND('',#413,.T.);
#179=FACE_OUTER_BOUND('',#414,.T.);
#180=FACE_OUTER_BOUND('',#415,.T.);
#181=FACE_OUTER_BOUND('',#416,.T.);
#182=FACE_OUTER_BOUND('',#417,.T.);
#183=FACE_OUTER_BOUND('',#418,.T.);
#184=FACE_OUTER_BOUND('',#419,.T.);
#185=FACE_OUTER_BOUND('',#420,.T.);
#186=FACE_OUTER_BOUND('',#421,.T.);
#187=FACE_OUTER_BOUND('',#422,.T.);
#188=FACE_OUTER_BOUND('',#423,.T.);
#189=FACE_OUTER_BOUND('',#424,.T.);
#190=FACE_OUTER_BOUND('',#425,.T.);
#191=FACE_OUTER_BOUND('',#426,.T.);
#192=FACE_OUTER_BOUND('',#427,.T.);
#193=FACE_OUTER_BOUND('',#428,.T.);
#194=FACE_OUTER_BOUND('',#429,.T.);
#195=FACE_OUTER_BOUND('',#430,.T.);
#196=FACE_OUTER_BOUND('',#432,.T.);
#197=FACE_OUTER_BOUND('',#433,.T.);
#198=FACE_OUTER_BOUND('',#434,.T.);
#199=FACE_OUTER_BOUND('',#435,.T.);
#200=FACE_OUTER_BOUND('',#436,.T.);
#201=FACE_OUTER_BOUND('',#437,.T.);
#202=FACE_OUTER_BOUND('',#438,.T.);
#203=FACE_OUTER_BOUND('',#439,.T.);
#204=FACE_OUTER_BOUND('',#440,.T.);
#205=FACE_OUTER_BOUND('',#441,.T.);
#206=FACE_OUTER_BOUND('',#442,.T.);
#207=FACE_OUTER_BOUND('',#443,.T.);
#208=FACE_OUTER_BOUND('',#444,.T.);
#209=FACE_OUTER_BOUND('',#445,.T.);
#210=FACE_OUTER_BOUND('',#446,.T.);
#211=FACE_OUTER_BOUND('',#447,.T.);
#212=FACE_OUTER_BOUND('',#448,.T.);
#213=FACE_OUTER_BOUND('',#449,.T.);
#214=FACE_OUTER_BOUND('',#450,.T.);
#215=FACE_OUTER_BOUND('',#451,.T.);
#216=FACE_OUTER_BOUND('',#452,.T.);
#217=FACE_OUTER_BOUND('',#453,.T.);
#218=FACE_OUTER_BOUND('',#454,.T.);
#219=FACE_OUTER_BOUND('',#455,.T.);
#220=FACE_OUTER_BOUND('',#456,.T.);
#221=FACE_OUTER_BOUND('',#457,.T.);
#222=FACE_OUTER_BOUND('',#458,.T.);
#223=FACE_OUTER_BOUND('',#459,.T.);
#224=FACE_OUTER_BOUND('',#460,.T.);
#225=FACE_OUTER_BOUND('',#461,.T.);
#226=FACE_OUTER_BOUND('',#462,.T.);
#227=FACE_OUTER_BOUND('',#463,.T.);
#228=FACE_OUTER_BOUND('',#464,.T.);
#229=FACE_OUTER_BOUND('',#465,.T.);
#230=FACE_OUTER_BOUND('',#466,.T.);
#231=FACE_OUTER_BOUND('',#467,.T.);
#232=FACE_OUTER_BOUND('',#468,.T.);
#233=FACE_OUTER_BOUND('',#469,.T.);
#234=FACE_OUTER_BOUND('',#470,.T.);
#235=FACE_OUTER_BOUND('',#471,.T.);
#236=FACE_OUTER_BOUND('',#472,.T.);
#237=FACE_OUTER_BOUND('',#473,.T.);
#238=FACE_OUTER_BOUND('',#474,.T.);
#239=FACE_OUTER_BOUND('',#475,.T.);
#240=FACE_OUTER_BOUND('',#476,.T.);
#241=FACE_OUTER_BOUND('',#477,.T.);
#242=FACE_OUTER_BOUND('',#478,.T.);
#243=FACE_OUTER_BOUND('',#480,.T.);
#244=FACE_OUTER_BOUND('',#481,.T.);
#245=FACE_OUTER_BOUND('',#482,.T.);
#246=FACE_OUTER_BOUND('',#483,.T.);
#247=FACE_OUTER_BOUND('',#484,.T.);
#248=FACE_OUTER_BOUND('',#485,.T.);
#249=FACE_OUTER_BOUND('',#486,.T.);
#250=FACE_OUTER_BOUND('',#487,.T.);
#251=FACE_OUTER_BOUND('',#488,.T.);
#252=FACE_OUTER_BOUND('',#489,.T.);
#253=FACE_OUTER_BOUND('',#490,.T.);
#254=FACE_OUTER_BOUND('',#491,.T.);
#255=FACE_OUTER_BOUND('',#492,.T.);
#256=FACE_OUTER_BOUND('',#493,.T.);
#257=FACE_OUTER_BOUND('',#494,.T.);
#258=FACE_OUTER_BOUND('',#495,.T.);
#259=FACE_OUTER_BOUND('',#496,.T.);
#260=FACE_OUTER_BOUND('',#497,.T.);
#261=FACE_OUTER_BOUND('',#498,.T.);
#262=FACE_OUTER_BOUND('',#499,.T.);
#263=FACE_OUTER_BOUND('',#500,.T.);
#264=FACE_OUTER_BOUND('',#501,.T.);
#265=FACE_OUTER_BOUND('',#502,.T.);
#266=FACE_OUTER_BOUND('',#503,.T.);
#267=FACE_OUTER_BOUND('',#504,.T.);
#268=FACE_OUTER_BOUND('',#505,.T.);
#269=FACE_OUTER_BOUND('',#506,.T.);
#270=FACE_OUTER_BOUND('',#507,.T.);
#271=FACE_OUTER_BOUND('',#508,.T.);
#272=FACE_OUTER_BOUND('',#509,.T.);
#273=FACE_OUTER_BOUND('',#510,.T.);
#274=FACE_OUTER_BOUND('',#511,.T.);
#275=FACE_OUTER_BOUND('',#512,.T.);
#276=FACE_OUTER_BOUND('',#513,.T.);
#277=FACE_OUTER_BOUND('',#514,.T.);
#278=FACE_OUTER_BOUND('',#515,.T.);
#279=FACE_OUTER_BOUND('',#516,.T.);
#280=FACE_OUTER_BOUND('',#517,.T.);
#281=FACE_OUTER_BOUND('',#518,.T.);
#282=FACE_OUTER_BOUND('',#519,.T.);
#283=FACE_OUTER_BOUND('',#520,.T.);
#284=FACE_OUTER_BOUND('',#521,.T.);
#285=FACE_OUTER_BOUND('',#523,.T.);
#286=FACE_OUTER_BOUND('',#524,.T.);
#287=FACE_OUTER_BOUND('',#525,.T.);
#288=FACE_OUTER_BOUND('',#526,.T.);
#289=FACE_OUTER_BOUND('',#527,.T.);
#290=FACE_OUTER_BOUND('',#528,.T.);
#291=FACE_OUTER_BOUND('',#529,.T.);
#292=FACE_OUTER_BOUND('',#530,.T.);
#293=FACE_OUTER_BOUND('',#531,.T.);
#294=FACE_OUTER_BOUND('',#532,.T.);
#295=FACE_OUTER_BOUND('',#533,.T.);
#296=FACE_OUTER_BOUND('',#534,.T.);
#297=FACE_OUTER_BOUND('',#535,.T.);
#298=FACE_OUTER_BOUND('',#536,.T.);
#299=FACE_OUTER_BOUND('',#537,.T.);
#300=FACE_OUTER_BOUND('',#538,.T.);
#301=FACE_OUTER_BOUND('',#539,.T.);
#302=FACE_OUTER_BOUND('',#540,.T.);
#303=FACE_OUTER_BOUND('',#541,.T.);
#304=FACE_OUTER_BOUND('',#542,.T.);
#305=FACE_OUTER_BOUND('',#543,.T.);
#306=FACE_OUTER_BOUND('',#544,.T.);
#307=FACE_OUTER_BOUND('',#545,.T.);
#308=FACE_OUTER_BOUND('',#546,.T.);
#309=FACE_OUTER_BOUND('',#547,.T.);
#310=FACE_OUTER_BOUND('',#548,.T.);
#311=FACE_OUTER_BOUND('',#549,.T.);
#312=FACE_OUTER_BOUND('',#550,.T.);
#313=FACE_OUTER_BOUND('',#551,.T.);
#314=FACE_OUTER_BOUND('',#552,.T.);
#315=FACE_OUTER_BOUND('',#553,.T.);
#316=FACE_OUTER_BOUND('',#554,.T.);
#317=FACE_OUTER_BOUND('',#555,.T.);
#318=FACE_OUTER_BOUND('',#556,.T.);
#319=FACE_OUTER_BOUND('',#557,.T.);
#320=FACE_OUTER_BOUND('',#558,.T.);
#321=FACE_OUTER_BOUND('',#559,.T.);
#322=FACE_OUTER_BOUND('',#560,.T.);
#323=FACE_OUTER_BOUND('',#561,.T.);
#324=FACE_OUTER_BOUND('',#562,.T.);
#325=FACE_OUTER_BOUND('',#563,.T.);
#326=FACE_OUTER_BOUND('',#564,.T.);
#327=FACE_OUTER_BOUND('',#565,.T.);
#328=FACE_OUTER_BOUND('',#566,.T.);
#329=FACE_OUTER_BOUND('',#567,.T.);
#330=FACE_OUTER_BOUND('',#568,.T.);
#331=FACE_OUTER_BOUND('',#569,.T.);
#332=FACE_OUTER_BOUND('',#570,.T.);
#333=FACE_OUTER_BOUND('',#572,.T.);
#334=FACE_OUTER_BOUND('',#573,.T.);
#335=FACE_OUTER_BOUND('',#574,.T.);
#336=FACE_OUTER_BOUND('',#575,.T.);
#337=FACE_OUTER_BOUND('',#576,.T.);
#338=FACE_OUTER_BOUND('',#580,.T.);
#339=FACE_OUTER_BOUND('',#581,.T.);
#340=FACE_OUTER_BOUND('',#582,.T.);
#341=FACE_OUTER_BOUND('',#583,.T.);
#342=FACE_OUTER_BOUND('',#584,.T.);
#343=FACE_OUTER_BOUND('',#585,.T.);
#344=FACE_OUTER_BOUND('',#586,.T.);
#345=FACE_OUTER_BOUND('',#587,.T.);
#346=FACE_OUTER_BOUND('',#588,.T.);
#347=FACE_OUTER_BOUND('',#589,.T.);
#348=FACE_OUTER_BOUND('',#590,.T.);
#349=FACE_OUTER_BOUND('',#591,.T.);
#350=FACE_OUTER_BOUND('',#592,.T.);
#351=FACE_OUTER_BOUND('',#593,.T.);
#352=FACE_OUTER_BOUND('',#594,.T.);
#353=FACE_OUTER_BOUND('',#595,.T.);
#354=FACE_OUTER_BOUND('',#597,.T.);
#355=FACE_OUTER_BOUND('',#598,.T.);
#356=FACE_OUTER_BOUND('',#599,.T.);
#357=FACE_OUTER_BOUND('',#601,.T.);
#358=FACE_OUTER_BOUND('',#602,.T.);
#359=FACE_OUTER_BOUND('',#603,.T.);
#360=FACE_OUTER_BOUND('',#604,.T.);
#361=EDGE_LOOP('',(#2687,#2688,#2689,#2690,#2691,#2692,#2693));
#362=EDGE_LOOP('',(#2694));
#363=EDGE_LOOP('',(#2695));
#364=EDGE_LOOP('',(#2696,#2697));
#365=EDGE_LOOP('',(#2698,#2699));
#366=EDGE_LOOP('',(#2700,#2701,#2702,#2703,#2704,#2705,#2706,#2707,#2708));
#367=EDGE_LOOP('',(#2709,#2710,#2711,#2712,#2713,#2714,#2715,#2716,#2717,
#2718,#2719,#2720,#2721,#2722));
#368=EDGE_LOOP('',(#2723,#2724,#2725,#2726,#2727,#2728,#2729,#2730));
#369=EDGE_LOOP('',(#2731,#2732,#2733,#2734,#2735,#2736,#2737,#2738,#2739,
#2740,#2741));
#370=EDGE_LOOP('',(#2742,#2743,#2744,#2745));
#371=EDGE_LOOP('',(#2746,#2747,#2748));
#372=EDGE_LOOP('',(#2749,#2750,#2751,#2752,#2753,#2754,#2755,#2756,#2757,
#2758,#2759,#2760));
#373=EDGE_LOOP('',(#2761,#2762,#2763,#2764,#2765,#2766,#2767,#2768,#2769,
#2770,#2771,#2772,#2773,#2774));
#374=EDGE_LOOP('',(#2775,#2776,#2777,#2778));
#375=EDGE_LOOP('',(#2779,#2780,#2781,#2782,#2783,#2784,#2785,#2786,#2787,
#2788,#2789,#2790,#2791,#2792,#2793));
#376=EDGE_LOOP('',(#2794,#2795,#2796,#2797));
#377=EDGE_LOOP('',(#2798,#2799,#2800,#2801,#2802,#2803,#2804));
#378=EDGE_LOOP('',(#2805,#2806,#2807,#2808,#2809,#2810,#2811));
#379=EDGE_LOOP('',(#2812,#2813));
#380=EDGE_LOOP('',(#2814,#2815,#2816,#2817,#2818,#2819,#2820));
#381=EDGE_LOOP('',(#2821,#2822));
#382=EDGE_LOOP('',(#2823,#2824,#2825,#2826,#2827,#2828,#2829));
#383=EDGE_LOOP('',(#2830,#2831,#2832,#2833));
#384=EDGE_LOOP('',(#2834,#2835,#2836,#2837));
#385=EDGE_LOOP('',(#2838,#2839,#2840,#2841));
#386=EDGE_LOOP('',(#2842,#2843,#2844,#2845));
#387=EDGE_LOOP('',(#2846,#2847,#2848,#2849));
#388=EDGE_LOOP('',(#2850,#2851,#2852,#2853));
#389=EDGE_LOOP('',(#2854,#2855,#2856,#2857));
#390=EDGE_LOOP('',(#2858,#2859,#2860,#2861));
#391=EDGE_LOOP('',(#2862,#2863,#2864,#2865,#2866,#2867,#2868,#2869,#2870,
#2871,#2872,#2873,#2874,#2875,#2876,#2877));
#392=EDGE_LOOP('',(#2878));
#393=EDGE_LOOP('',(#2879));
#394=EDGE_LOOP('',(#2880));
#395=EDGE_LOOP('',(#2881,#2882,#2883,#2884));
#396=EDGE_LOOP('',(#2885,#2886,#2887,#2888));
#397=EDGE_LOOP('',(#2889,#2890,#2891,#2892,#2893,#2894,#2895));
#398=EDGE_LOOP('',(#2896,#2897,#2898,#2899));
#399=EDGE_LOOP('',(#2900,#2901,#2902,#2903,#2904,#2905,#2906,#2907,#2908,
#2909));
#400=EDGE_LOOP('',(#2910,#2911,#2912,#2913,#2914,#2915,#2916));
#401=EDGE_LOOP('',(#2917,#2918,#2919,#2920));
#402=EDGE_LOOP('',(#2921,#2922,#2923,#2924));
#403=EDGE_LOOP('',(#2925,#2926,#2927,#2928));
#404=EDGE_LOOP('',(#2929,#2930,#2931,#2932,#2933,#2934,#2935,#2936,#2937,
#2938,#2939,#2940,#2941,#2942,#2943,#2944,#2945,#2946,#2947,#2948,#2949,
#2950));
#405=EDGE_LOOP('',(#2951,#2952,#2953));
#406=EDGE_LOOP('',(#2954,#2955));
#407=EDGE_LOOP('',(#2956));
#408=EDGE_LOOP('',(#2957));
#409=EDGE_LOOP('',(#2958));
#410=EDGE_LOOP('',(#2959,#2960,#2961,#2962));
#411=EDGE_LOOP('',(#2963,#2964,#2965,#2966));
#412=EDGE_LOOP('',(#2967,#2968,#2969));
#413=EDGE_LOOP('',(#2970,#2971,#2972,#2973,#2974,#2975,#2976,#2977,#2978,
#2979));
#414=EDGE_LOOP('',(#2980,#2981,#2982));
#415=EDGE_LOOP('',(#2983,#2984,#2985,#2986,#2987,#2988,#2989,#2990,#2991,
#2992,#2993,#2994));
#416=EDGE_LOOP('',(#2995,#2996,#2997,#2998));
#417=EDGE_LOOP('',(#2999,#3000,#3001,#3002));
#418=EDGE_LOOP('',(#3003,#3004,#3005,#3006));
#419=EDGE_LOOP('',(#3007,#3008,#3009));
#420=EDGE_LOOP('',(#3010,#3011,#3012,#3013,#3014,#3015));
#421=EDGE_LOOP('',(#3016,#3017,#3018,#3019));
#422=EDGE_LOOP('',(#3020,#3021,#3022,#3023));
#423=EDGE_LOOP('',(#3024,#3025,#3026,#3027,#3028,#3029,#3030,#3031,#3032,
#3033,#3034,#3035));
#424=EDGE_LOOP('',(#3036,#3037,#3038,#3039));
#425=EDGE_LOOP('',(#3040,#3041,#3042));
#426=EDGE_LOOP('',(#3043,#3044,#3045,#3046,#3047));
#427=EDGE_LOOP('',(#3048,#3049,#3050,#3051));
#428=EDGE_LOOP('',(#3052,#3053,#3054,#3055));
#429=EDGE_LOOP('',(#3056,#3057,#3058,#3059));
#430=EDGE_LOOP('',(#3060,#3061,#3062,#3063));
#431=EDGE_LOOP('',(#3064));
#432=EDGE_LOOP('',(#3065,#3066,#3067,#3068,#3069));
#433=EDGE_LOOP('',(#3070,#3071,#3072,#3073,#3074));
#434=EDGE_LOOP('',(#3075,#3076,#3077,#3078,#3079));
#435=EDGE_LOOP('',(#3080,#3081,#3082,#3083));
#436=EDGE_LOOP('',(#3084,#3085,#3086,#3087));
#437=EDGE_LOOP('',(#3088,#3089,#3090,#3091));
#438=EDGE_LOOP('',(#3092,#3093,#3094,#3095));
#439=EDGE_LOOP('',(#3096,#3097,#3098,#3099));
#440=EDGE_LOOP('',(#3100,#3101,#3102,#3103));
#441=EDGE_LOOP('',(#3104,#3105,#3106,#3107));
#442=EDGE_LOOP('',(#3108,#3109,#3110,#3111,#3112,#3113));
#443=EDGE_LOOP('',(#3114,#3115,#3116,#3117));
#444=EDGE_LOOP('',(#3118,#3119,#3120));
#445=EDGE_LOOP('',(#3121,#3122,#3123,#3124));
#446=EDGE_LOOP('',(#3125,#3126,#3127,#3128,#3129,#3130,#3131,#3132));
#447=EDGE_LOOP('',(#3133,#3134,#3135));
#448=EDGE_LOOP('',(#3136,#3137,#3138,#3139));
#449=EDGE_LOOP('',(#3140,#3141,#3142,#3143,#3144));
#450=EDGE_LOOP('',(#3145,#3146,#3147));
#451=EDGE_LOOP('',(#3148,#3149,#3150,#3151));
#452=EDGE_LOOP('',(#3152,#3153,#3154,#3155,#3156,#3157,#3158,#3159,#3160,
#3161));
#453=EDGE_LOOP('',(#3162,#3163,#3164));
#454=EDGE_LOOP('',(#3165,#3166,#3167,#3168));
#455=EDGE_LOOP('',(#3169,#3170,#3171,#3172,#3173));
#456=EDGE_LOOP('',(#3174,#3175,#3176));
#457=EDGE_LOOP('',(#3177,#3178,#3179));
#458=EDGE_LOOP('',(#3180,#3181,#3182,#3183));
#459=EDGE_LOOP('',(#3184,#3185,#3186,#3187));
#460=EDGE_LOOP('',(#3188,#3189,#3190,#3191,#3192));
#461=EDGE_LOOP('',(#3193,#3194,#3195,#3196));
#462=EDGE_LOOP('',(#3197,#3198,#3199,#3200));
#463=EDGE_LOOP('',(#3201,#3202,#3203,#3204));
#464=EDGE_LOOP('',(#3205,#3206,#3207,#3208,#3209,#3210));
#465=EDGE_LOOP('',(#3211,#3212,#3213,#3214));
#466=EDGE_LOOP('',(#3215,#3216,#3217,#3218,#3219));
#467=EDGE_LOOP('',(#3220,#3221,#3222));
#468=EDGE_LOOP('',(#3223,#3224,#3225,#3226,#3227,#3228,#3229,#3230,#3231,
#3232,#3233));
#469=EDGE_LOOP('',(#3234,#3235,#3236,#3237));
#470=EDGE_LOOP('',(#3238,#3239,#3240,#3241));
#471=EDGE_LOOP('',(#3242,#3243,#3244,#3245));
#472=EDGE_LOOP('',(#3246,#3247,#3248,#3249,#3250));
#473=EDGE_LOOP('',(#3251,#3252,#3253,#3254,#3255));
#474=EDGE_LOOP('',(#3256,#3257,#3258,#3259,#3260));
#475=EDGE_LOOP('',(#3261,#3262,#3263,#3264));
#476=EDGE_LOOP('',(#3265,#3266,#3267,#3268));
#477=EDGE_LOOP('',(#3269,#3270,#3271,#3272));
#478=EDGE_LOOP('',(#3273,#3274,#3275,#3276,#3277,#3278,#3279,#3280,#3281));
#479=EDGE_LOOP('',(#3282,#3283));
#480=EDGE_LOOP('',(#3284,#3285,#3286,#3287,#3288,#3289,#3290));
#481=EDGE_LOOP('',(#3291,#3292,#3293,#3294,#3295));
#482=EDGE_LOOP('',(#3296,#3297,#3298,#3299));
#483=EDGE_LOOP('',(#3300,#3301,#3302,#3303));
#484=EDGE_LOOP('',(#3304,#3305,#3306,#3307,#3308,#3309,#3310,#3311));
#485=EDGE_LOOP('',(#3312,#3313,#3314,#3315,#3316));
#486=EDGE_LOOP('',(#3317,#3318,#3319,#3320,#3321,#3322,#3323,#3324,#3325));
#487=EDGE_LOOP('',(#3326,#3327,#3328,#3329));
#488=EDGE_LOOP('',(#3330,#3331,#3332,#3333));
#489=EDGE_LOOP('',(#3334,#3335,#3336));
#490=EDGE_LOOP('',(#3337,#3338,#3339,#3340,#3341,#3342,#3343));
#491=EDGE_LOOP('',(#3344,#3345,#3346));
#492=EDGE_LOOP('',(#3347,#3348,#3349,#3350));
#493=EDGE_LOOP('',(#3351,#3352,#3353));
#494=EDGE_LOOP('',(#3354,#3355,#3356,#3357));
#495=EDGE_LOOP('',(#3358,#3359,#3360,#3361));
#496=EDGE_LOOP('',(#3362,#3363,#3364,#3365));
#497=EDGE_LOOP('',(#3366,#3367,#3368,#3369,#3370));
#498=EDGE_LOOP('',(#3371,#3372,#3373,#3374,#3375,#3376));
#499=EDGE_LOOP('',(#3377,#3378,#3379,#3380,#3381,#3382,#3383,#3384,#3385,
#3386,#3387,#3388,#3389,#3390,#3391,#3392,#3393,#3394,#3395,#3396,#3397,
#3398,#3399,#3400,#3401,#3402));
#500=EDGE_LOOP('',(#3403,#3404,#3405,#3406,#3407,#3408,#3409,#3410,#3411,
#3412,#3413,#3414,#3415,#3416,#3417,#3418));
#501=EDGE_LOOP('',(#3419,#3420,#3421));
#502=EDGE_LOOP('',(#3422,#3423,#3424,#3425,#3426,#3427,#3428,#3429,#3430,
#3431));
#503=EDGE_LOOP('',(#3432,#3433,#3434,#3435,#3436,#3437,#3438,#3439,#3440));
#504=EDGE_LOOP('',(#3441,#3442,#3443,#3444,#3445));
#505=EDGE_LOOP('',(#3446,#3447,#3448));
#506=EDGE_LOOP('',(#3449,#3450,#3451,#3452,#3453,#3454,#3455,#3456,#3457,
#3458,#3459,#3460));
#507=EDGE_LOOP('',(#3461,#3462,#3463,#3464));
#508=EDGE_LOOP('',(#3465,#3466,#3467,#3468));
#509=EDGE_LOOP('',(#3469,#3470,#3471,#3472));
#510=EDGE_LOOP('',(#3473,#3474,#3475));
#511=EDGE_LOOP('',(#3476,#3477,#3478,#3479,#3480,#3481));
#512=EDGE_LOOP('',(#3482,#3483,#3484,#3485));
#513=EDGE_LOOP('',(#3486,#3487,#3488,#3489));
#514=EDGE_LOOP('',(#3490,#3491,#3492,#3493,#3494,#3495,#3496,#3497,#3498,
#3499,#3500,#3501));
#515=EDGE_LOOP('',(#3502,#3503,#3504,#3505));
#516=EDGE_LOOP('',(#3506,#3507,#3508));
#517=EDGE_LOOP('',(#3509,#3510,#3511,#3512,#3513));
#518=EDGE_LOOP('',(#3514,#3515,#3516,#3517));
#519=EDGE_LOOP('',(#3518,#3519,#3520,#3521));
#520=EDGE_LOOP('',(#3522,#3523,#3524,#3525));
#521=EDGE_LOOP('',(#3526,#3527,#3528,#3529));
#522=EDGE_LOOP('',(#3530));
#523=EDGE_LOOP('',(#3531,#3532,#3533,#3534,#3535));
#524=EDGE_LOOP('',(#3536,#3537,#3538,#3539,#3540));
#525=EDGE_LOOP('',(#3541,#3542,#3543,#3544,#3545));
#526=EDGE_LOOP('',(#3546,#3547,#3548,#3549));
#527=EDGE_LOOP('',(#3550,#3551,#3552,#3553,#3554,#3555,#3556,#3557));
#528=EDGE_LOOP('',(#3558,#3559,#3560,#3561));
#529=EDGE_LOOP('',(#3562,#3563,#3564,#3565));
#530=EDGE_LOOP('',(#3566,#3567,#3568,#3569));
#531=EDGE_LOOP('',(#3570,#3571,#3572,#3573));
#532=EDGE_LOOP('',(#3574,#3575,#3576,#3577));
#533=EDGE_LOOP('',(#3578,#3579,#3580,#3581));
#534=EDGE_LOOP('',(#3582,#3583,#3584,#3585));
#535=EDGE_LOOP('',(#3586,#3587,#3588,#3589));
#536=EDGE_LOOP('',(#3590,#3591,#3592,#3593,#3594,#3595));
#537=EDGE_LOOP('',(#3596,#3597,#3598,#3599));
#538=EDGE_LOOP('',(#3600,#3601,#3602));
#539=EDGE_LOOP('',(#3603,#3604,#3605,#3606));
#540=EDGE_LOOP('',(#3607,#3608,#3609,#3610,#3611,#3612,#3613,#3614));
#541=EDGE_LOOP('',(#3615,#3616,#3617));
#542=EDGE_LOOP('',(#3618,#3619,#3620,#3621));
#543=EDGE_LOOP('',(#3622,#3623,#3624,#3625,#3626));
#544=EDGE_LOOP('',(#3627,#3628,#3629,#3630,#3631,#3632,#3633,#3634,#3635,
#3636));
#545=EDGE_LOOP('',(#3637,#3638,#3639));
#546=EDGE_LOOP('',(#3640,#3641,#3642,#3643));
#547=EDGE_LOOP('',(#3644,#3645,#3646,#3647,#3648));
#548=EDGE_LOOP('',(#3649,#3650,#3651));
#549=EDGE_LOOP('',(#3652,#3653,#3654));
#550=EDGE_LOOP('',(#3655,#3656,#3657,#3658));
#551=EDGE_LOOP('',(#3659,#3660,#3661,#3662,#3663));
#552=EDGE_LOOP('',(#3664,#3665,#3666,#3667));
#553=EDGE_LOOP('',(#3668,#3669,#3670,#3671));
#554=EDGE_LOOP('',(#3672,#3673,#3674,#3675));
#555=EDGE_LOOP('',(#3676,#3677,#3678,#3679,#3680,#3681));
#556=EDGE_LOOP('',(#3682,#3683,#3684,#3685));
#557=EDGE_LOOP('',(#3686,#3687,#3688,#3689,#3690));
#558=EDGE_LOOP('',(#3691,#3692,#3693));
#559=EDGE_LOOP('',(#3694,#3695,#3696,#3697,#3698,#3699,#3700,#3701,#3702,
#3703,#3704));
#560=EDGE_LOOP('',(#3705,#3706,#3707,#3708));
#561=EDGE_LOOP('',(#3709,#3710,#3711,#3712));
#562=EDGE_LOOP('',(#3713,#3714,#3715,#3716));
#563=EDGE_LOOP('',(#3717,#3718,#3719,#3720));
#564=EDGE_LOOP('',(#3721,#3722,#3723,#3724,#3725));
#565=EDGE_LOOP('',(#3726,#3727,#3728,#3729,#3730));
#566=EDGE_LOOP('',(#3731,#3732,#3733,#3734,#3735));
#567=EDGE_LOOP('',(#3736,#3737,#3738,#3739));
#568=EDGE_LOOP('',(#3740,#3741,#3742,#3743));
#569=EDGE_LOOP('',(#3744,#3745,#3746,#3747));
#570=EDGE_LOOP('',(#3748,#3749,#3750,#3751,#3752,#3753,#3754,#3755,#3756));
#571=EDGE_LOOP('',(#3757,#3758));
#572=EDGE_LOOP('',(#3759,#3760,#3761,#3762,#3763,#3764,#3765));
#573=EDGE_LOOP('',(#3766,#3767,#3768,#3769,#3770));
#574=EDGE_LOOP('',(#3771,#3772,#3773,#3774));
#575=EDGE_LOOP('',(#3775,#3776,#3777,#3778));
#576=EDGE_LOOP('',(#3779,#3780,#3781,#3782,#3783,#3784,#3785,#3786,#3787,
#3788,#3789,#3790));
#577=EDGE_LOOP('',(#3791));
#578=EDGE_LOOP('',(#3792));
#579=EDGE_LOOP('',(#3793));
#580=EDGE_LOOP('',(#3794,#3795,#3796,#3797,#3798,#3799,#3800,#3801));
#581=EDGE_LOOP('',(#3802,#3803,#3804,#3805,#3806));
#582=EDGE_LOOP('',(#3807,#3808,#3809,#3810,#3811,#3812,#3813,#3814,#3815));
#583=EDGE_LOOP('',(#3816,#3817,#3818,#3819));
#584=EDGE_LOOP('',(#3820,#3821,#3822,#3823));
#585=EDGE_LOOP('',(#3824,#3825,#3826));
#586=EDGE_LOOP('',(#3827,#3828,#3829,#3830,#3831,#3832,#3833));
#587=EDGE_LOOP('',(#3834,#3835,#3836));
#588=EDGE_LOOP('',(#3837,#3838,#3839,#3840));
#589=EDGE_LOOP('',(#3841,#3842,#3843));
#590=EDGE_LOOP('',(#3844,#3845,#3846,#3847));
#591=EDGE_LOOP('',(#3848,#3849,#3850,#3851));
#592=EDGE_LOOP('',(#3852,#3853,#3854,#3855));
#593=EDGE_LOOP('',(#3856,#3857,#3858,#3859,#3860));
#594=EDGE_LOOP('',(#3861,#3862,#3863,#3864,#3865,#3866));
#595=EDGE_LOOP('',(#3867,#3868,#3869));
#596=EDGE_LOOP('',(#3870));
#597=EDGE_LOOP('',(#3871,#3872,#3873,#3874));
#598=EDGE_LOOP('',(#3875,#3876,#3877,#3878,#3879,#3880));
#599=EDGE_LOOP('',(#3881));
#600=EDGE_LOOP('',(#3882));
#601=EDGE_LOOP('',(#3883,#3884));
#602=EDGE_LOOP('',(#3885,#3886,#3887,#3888));
#603=EDGE_LOOP('',(#3889,#3890,#3891,#3892,#3893,#3894));
#604=EDGE_LOOP('',(#3895));
#605=EDGE_LOOP('',(#3896));
#606=LINE('',#5596,#1153);
#607=LINE('',#5598,#1154);
#608=LINE('',#5600,#1155);
#609=LINE('',#5602,#1156);
#610=LINE('',#5604,#1157);
#611=LINE('',#5606,#1158);
#612=LINE('',#5607,#1159);
#613=LINE('',#5614,#1160);
#614=LINE('',#5615,#1161);
#615=LINE('',#5618,#1162);
#616=LINE('',#5619,#1163);
#617=LINE('',#5622,#1164);
#618=LINE('',#5624,#1165);
#619=LINE('',#5628,#1166);
#620=LINE('',#5630,#1167);
#621=LINE('',#5632,#1168);
#622=LINE('',#5634,#1169);
#623=LINE('',#5635,#1170);
#624=LINE('',#5639,#1171);
#625=LINE('',#5641,#1172);
#626=LINE('',#5643,#1173);
#627=LINE('',#5645,#1174);
#628=LINE('',#5647,#1175);
#629=LINE('',#5649,#1176);
#630=LINE('',#5651,#1177);
#631=LINE('',#5653,#1178);
#632=LINE('',#5655,#1179);
#633=LINE('',#5657,#1180);
#634=LINE('',#5659,#1181);
#635=LINE('',#5661,#1182);
#636=LINE('',#5663,#1183);
#637=LINE('',#5664,#1184);
#638=LINE('',#5668,#1185);
#639=LINE('',#5670,#1186);
#640=LINE('',#5671,#1187);
#641=LINE('',#5673,#1188);
#642=LINE('',#5674,#1189);
#643=LINE('',#5675,#1190);
#644=LINE('',#5679,#1191);
#645=LINE('',#5683,#1192);
#646=LINE('',#5685,#1193);
#647=LINE('',#5687,#1194);
#648=LINE('',#5688,#1195);
#649=LINE('',#5689,#1196);
#650=LINE('',#5691,#1197);
#651=LINE('',#5692,#1198);
#652=LINE('',#5694,#1199);
#653=LINE('',#5698,#1200);
#654=LINE('',#5700,#1201);
#655=LINE('',#5701,#1202);
#656=LINE('',#5704,#1203);
#657=LINE('',#5706,#1204);
#658=LINE('',#5708,#1205);
#659=LINE('',#5710,#1206);
#660=LINE('',#5712,#1207);
#661=LINE('',#5714,#1208);
#662=LINE('',#5716,#1209);
#663=LINE('',#5718,#1210);
#664=LINE('',#5720,#1211);
#665=LINE('',#5722,#1212);
#666=LINE('',#5723,#1213);
#667=LINE('',#5726,#1214);
#668=LINE('',#5728,#1215);
#669=LINE('',#5730,#1216);
#670=LINE('',#5732,#1217);
#671=LINE('',#5734,#1218);
#672=LINE('',#5736,#1219);
#673=LINE('',#5738,#1220);
#674=LINE('',#5740,#1221);
#675=LINE('',#5742,#1222);
#676=LINE('',#5743,#1223);
#677=LINE('',#5745,#1224);
#678=LINE('',#5746,#1225);
#679=LINE('',#5749,#1226);
#680=LINE('',#5750,#1227);
#681=LINE('',#5753,#1228);
#682=LINE('',#5754,#1229);
#683=LINE('',#5755,#1230);
#684=LINE('',#5757,#1231);
#685=LINE('',#5759,#1232);
#686=LINE('',#5761,#1233);
#687=LINE('',#5763,#1234);
#688=LINE('',#5767,#1235);
#689=LINE('',#5768,#1236);
#690=LINE('',#5770,#1237);
#691=LINE('',#5773,#1238);
#692=LINE('',#5775,#1239);
#693=LINE('',#5777,#1240);
#694=LINE('',#5779,#1241);
#695=LINE('',#5781,#1242);
#696=LINE('',#5782,#1243);
#697=LINE('',#5785,#1244);
#698=LINE('',#5787,#1245);
#699=LINE('',#5789,#1246);
#700=LINE('',#5790,#1247);
#701=LINE('',#5835,#1248);
#702=LINE('',#5837,#1249);
#703=LINE('',#5839,#1250);
#704=LINE('',#5840,#1251);
#705=LINE('',#5885,#1252);
#706=LINE('',#5887,#1253);
#707=LINE('',#5889,#1254);
#708=LINE('',#5891,#1255);
#709=LINE('',#5892,#1256);
#710=LINE('',#5895,#1257);
#711=LINE('',#5897,#1258);
#712=LINE('',#5898,#1259);
#713=LINE('',#5901,#1260);
#714=LINE('',#5903,#1261);
#715=LINE('',#5904,#1262);
#716=LINE('',#5908,#1263);
#717=LINE('',#5910,#1264);
#718=LINE('',#5912,#1265);
#719=LINE('',#5913,#1266);
#720=LINE('',#5915,#1267);
#721=LINE('',#5916,#1268);
#722=LINE('',#5919,#1269);
#723=LINE('',#5921,#1270);
#724=LINE('',#5922,#1271);
#725=LINE('',#5925,#1272);
#726=LINE('',#5927,#1273);
#727=LINE('',#5928,#1274);
#728=LINE('',#5931,#1275);
#729=LINE('',#5933,#1276);
#730=LINE('',#5934,#1277);
#731=LINE('',#5937,#1278);
#732=LINE('',#5939,#1279);
#733=LINE('',#5940,#1280);
#734=LINE('',#5943,#1281);
#735=LINE('',#5945,#1282);
#736=LINE('',#5947,#1283);
#737=LINE('',#5948,#1284);
#738=LINE('',#5950,#1285);
#739=LINE('',#5951,#1286);
#740=LINE('',#5960,#1287);
#741=LINE('',#5962,#1288);
#742=LINE('',#5963,#1289);
#743=LINE('',#5965,#1290);
#744=LINE('',#5968,#1291);
#745=LINE('',#5970,#1292);
#746=LINE('',#5972,#1293);
#747=LINE('',#5974,#1294);
#748=LINE('',#5975,#1295);
#749=LINE('',#5978,#1296);
#750=LINE('',#5979,#1297);
#751=LINE('',#5982,#1298);
#752=LINE('',#5983,#1299);
#753=LINE('',#5985,#1300);
#754=LINE('',#5986,#1301);
#755=LINE('',#5989,#1302);
#756=LINE('',#5990,#1303);
#757=LINE('',#5992,#1304);
#758=LINE('',#5993,#1305);
#759=LINE('',#5997,#1306);
#760=LINE('',#6001,#1307);
#761=LINE('',#6005,#1308);
#762=LINE('',#6009,#1309);
#763=LINE('',#6011,#1310);
#764=LINE('',#6013,#1311);
#765=LINE('',#6015,#1312);
#766=LINE('',#6017,#1313);
#767=LINE('',#6019,#1314);
#768=LINE('',#6021,#1315);
#769=LINE('',#6023,#1316);
#770=LINE('',#6024,#1317);
#771=LINE('',#6026,#1318);
#772=LINE('',#6028,#1319);
#773=LINE('',#6030,#1320);
#774=LINE('',#6032,#1321);
#775=LINE('',#6034,#1322);
#776=LINE('',#6036,#1323);
#777=LINE('',#6038,#1324);
#778=LINE('',#6040,#1325);
#779=LINE('',#6041,#1326);
#780=LINE('',#6046,#1327);
#781=LINE('',#6051,#1328);
#782=LINE('',#6060,#1329);
#783=LINE('',#6062,#1330);
#784=LINE('',#6097,#1331);
#785=LINE('',#6105,#1332);
#786=LINE('',#6107,#1333);
#787=LINE('',#6108,#1334);
#788=LINE('',#6112,#1335);
#789=LINE('',#6114,#1336);
#790=LINE('',#6116,#1337);
#791=LINE('',#6118,#1338);
#792=LINE('',#6119,#1339);
#793=LINE('',#6121,#1340);
#794=LINE('',#6123,#1341);
#795=LINE('',#6125,#1342);
#796=LINE('',#6127,#1343);
#797=LINE('',#6129,#1344);
#798=LINE('',#6130,#1345);
#799=LINE('',#6148,#1346);
#800=LINE('',#6150,#1347);
#801=LINE('',#6151,#1348);
#802=LINE('',#6154,#1349);
#803=LINE('',#6156,#1350);
#804=LINE('',#6157,#1351);
#805=LINE('',#6174,#1352);
#806=LINE('',#6175,#1353);
#807=LINE('',#6179,#1354);
#808=LINE('',#6181,#1355);
#809=LINE('',#6182,#1356);
#810=LINE('',#6185,#1357);
#811=LINE('',#6187,#1358);
#812=LINE('',#6189,#1359);
#813=LINE('',#6191,#1360);
#814=LINE('',#6192,#1361);
#815=LINE('',#6195,#1362);
#816=LINE('',#6197,#1363);
#817=LINE('',#6198,#1364);
#818=LINE('',#6201,#1365);
#819=LINE('',#6203,#1366);
#820=LINE('',#6204,#1367);
#821=LINE('',#6206,#1368);
#822=LINE('',#6207,#1369);
#823=LINE('',#6209,#1370);
#824=LINE('',#6211,#1371);
#825=LINE('',#6213,#1372);
#826=LINE('',#6215,#1373);
#827=LINE('',#6217,#1374);
#828=LINE('',#6218,#1375);
#829=LINE('',#6221,#1376);
#830=LINE('',#6223,#1377);
#831=LINE('',#6224,#1378);
#832=LINE('',#6228,#1379);
#833=LINE('',#6230,#1380);
#834=LINE('',#6231,#1381);
#835=LINE('',#6233,#1382);
#836=LINE('',#6235,#1383);
#837=LINE('',#6239,#1384);
#838=LINE('',#6241,#1385);
#839=LINE('',#6242,#1386);
#840=LINE('',#6245,#1387);
#841=LINE('',#6247,#1388);
#842=LINE('',#6248,#1389);
#843=LINE('',#6250,#1390);
#844=LINE('',#6251,#1391);
#845=LINE('',#6256,#1392);
#846=LINE('',#6257,#1393);
#847=LINE('',#6259,#1394);
#848=LINE('',#6264,#1395);
#849=LINE('',#6266,#1396);
#850=LINE('',#6268,#1397);
#851=LINE('',#6269,#1398);
#852=LINE('',#6273,#1399);
#853=LINE('',#6275,#1400);
#854=LINE('',#6277,#1401);
#855=LINE('',#6278,#1402);
#856=LINE('',#6281,#1403);
#857=LINE('',#6283,#1404);
#858=LINE('',#6284,#1405);
#859=LINE('',#6287,#1406);
#860=LINE('',#6289,#1407);
#861=LINE('',#6290,#1408);
#862=LINE('',#6293,#1409);
#863=LINE('',#6294,#1410);
#864=LINE('',#6296,#1411);
#865=LINE('',#6297,#1412);
#866=LINE('',#6299,#1413);
#867=LINE('',#6300,#1414);
#868=LINE('',#6301,#1415);
#869=LINE('',#6321,#1416);
#870=LINE('',#6323,#1417);
#871=LINE('',#6325,#1418);
#872=LINE('',#6327,#1419);
#873=LINE('',#6329,#1420);
#874=LINE('',#6330,#1421);
#875=LINE('',#6333,#1422);
#876=LINE('',#6334,#1423);
#877=LINE('',#6335,#1424);
#878=LINE('',#6337,#1425);
#879=LINE('',#6346,#1426);
#880=LINE('',#6349,#1427);
#881=LINE('',#6351,#1428);
#882=LINE('',#6352,#1429);
#883=LINE('',#6369,#1430);
#884=LINE('',#6386,#1431);
#885=LINE('',#6387,#1432);
#886=LINE('',#6388,#1433);
#887=LINE('',#6407,#1434);
#888=LINE('',#6410,#1435);
#889=LINE('',#6412,#1436);
#890=LINE('',#6414,#1437);
#891=LINE('',#6415,#1438);
#892=LINE('',#6418,#1439);
#893=LINE('',#6419,#1440);
#894=LINE('',#6437,#1441);
#895=LINE('',#6439,#1442);
#896=LINE('',#6440,#1443);
#897=LINE('',#6458,#1444);
#898=LINE('',#6460,#1445);
#899=LINE('',#6462,#1446);
#900=LINE('',#6463,#1447);
#901=LINE('',#6465,#1448);
#902=LINE('',#6468,#1449);
#903=LINE('',#6470,#1450);
#904=LINE('',#6473,#1451);
#905=LINE('',#6474,#1452);
#906=LINE('',#6477,#1453);
#907=LINE('',#6478,#1454);
#908=LINE('',#6481,#1455);
#909=LINE('',#6483,#1456);
#910=LINE('',#6484,#1457);
#911=LINE('',#6486,#1458);
#912=LINE('',#6489,#1459);
#913=LINE('',#6490,#1460);
#914=LINE('',#6492,#1461);
#915=LINE('',#6493,#1462);
#916=LINE('',#6497,#1463);
#917=LINE('',#6499,#1464);
#918=LINE('',#6501,#1465);
#919=LINE('',#6502,#1466);
#920=LINE('',#6505,#1467);
#921=LINE('',#6507,#1468);
#922=LINE('',#6509,#1469);
#923=LINE('',#6510,#1470);
#924=LINE('',#6512,#1471);
#925=LINE('',#6513,#1472);
#926=LINE('',#6516,#1473);
#927=LINE('',#6518,#1474);
#928=LINE('',#6520,#1475);
#929=LINE('',#6521,#1476);
#930=LINE('',#6526,#1477);
#931=LINE('',#6527,#1478);
#932=LINE('',#6530,#1479);
#933=LINE('',#6531,#1480);
#934=LINE('',#6534,#1481);
#935=LINE('',#6535,#1482);
#936=LINE('',#6536,#1483);
#937=LINE('',#6595,#1484);
#938=LINE('',#6596,#1485);
#939=LINE('',#6664,#1486);
#940=LINE('',#6665,#1487);
#941=LINE('',#6667,#1488);
#942=LINE('',#6668,#1489);
#943=LINE('',#6671,#1490);
#944=LINE('',#6672,#1491);
#945=LINE('',#6674,#1492);
#946=LINE('',#6675,#1493);
#947=LINE('',#6680,#1494);
#948=LINE('',#6681,#1495);
#949=LINE('',#6683,#1496);
#950=LINE('',#6687,#1497);
#951=LINE('',#6688,#1498);
#952=LINE('',#6692,#1499);
#953=LINE('',#6693,#1500);
#954=LINE('',#6695,#1501);
#955=LINE('',#6696,#1502);
#956=LINE('',#6713,#1503);
#957=LINE('',#6735,#1504);
#958=LINE('',#6736,#1505);
#959=LINE('',#6737,#1506);
#960=LINE('',#6739,#1507);
#961=LINE('',#6758,#1508);
#962=LINE('',#6761,#1509);
#963=LINE('',#6763,#1510);
#964=LINE('',#6765,#1511);
#965=LINE('',#6767,#1512);
#966=LINE('',#6769,#1513);
#967=LINE('',#6771,#1514);
#968=LINE('',#6773,#1515);
#969=LINE('',#6775,#1516);
#970=LINE('',#6777,#1517);
#971=LINE('',#6779,#1518);
#972=LINE('',#6781,#1519);
#973=LINE('',#6783,#1520);
#974=LINE('',#6784,#1521);
#975=LINE('',#6787,#1522);
#976=LINE('',#6793,#1523);
#977=LINE('',#6795,#1524);
#978=LINE('',#6797,#1525);
#979=LINE('',#6799,#1526);
#980=LINE('',#6801,#1527);
#981=LINE('',#6802,#1528);
#982=LINE('',#6814,#1529);
#983=LINE('',#6842,#1530);
#984=LINE('',#6844,#1531);
#985=LINE('',#6845,#1532);
#986=LINE('',#6846,#1533);
#987=LINE('',#6851,#1534);
#988=LINE('',#6853,#1535);
#989=LINE('',#6854,#1536);
#990=LINE('',#6858,#1537);
#991=LINE('',#6859,#1538);
#992=LINE('',#6861,#1539);
#993=LINE('',#6863,#1540);
#994=LINE('',#6865,#1541);
#995=LINE('',#6866,#1542);
#996=LINE('',#6868,#1543);
#997=LINE('',#6870,#1544);
#998=LINE('',#6872,#1545);
#999=LINE('',#6873,#1546);
#1000=LINE('',#6891,#1547);
#1001=LINE('',#6893,#1548);
#1002=LINE('',#6894,#1549);
#1003=LINE('',#6897,#1550);
#1004=LINE('',#6899,#1551);
#1005=LINE('',#6900,#1552);
#1006=LINE('',#6917,#1553);
#1007=LINE('',#6918,#1554);
#1008=LINE('',#6921,#1555);
#1009=LINE('',#6922,#1556);
#1010=LINE('',#6925,#1557);
#1011=LINE('',#6927,#1558);
#1012=LINE('',#6929,#1559);
#1013=LINE('',#6930,#1560);
#1014=LINE('',#6933,#1561);
#1015=LINE('',#6934,#1562);
#1016=LINE('',#6937,#1563);
#1017=LINE('',#6938,#1564);
#1018=LINE('',#6941,#1565);
#1019=LINE('',#6943,#1566);
#1020=LINE('',#6945,#1567);
#1021=LINE('',#6947,#1568);
#1022=LINE('',#6949,#1569);
#1023=LINE('',#6950,#1570);
#1024=LINE('',#6951,#1571);
#1025=LINE('',#6954,#1572);
#1026=LINE('',#6955,#1573);
#1027=LINE('',#6958,#1574);
#1028=LINE('',#6959,#1575);
#1029=LINE('',#6963,#1576);
#1030=LINE('',#6966,#1577);
#1031=LINE('',#6967,#1578);
#1032=LINE('',#6970,#1579);
#1033=LINE('',#6971,#1580);
#1034=LINE('',#6973,#1581);
#1035=LINE('',#6974,#1582);
#1036=LINE('',#6979,#1583);
#1037=LINE('',#6981,#1584);
#1038=LINE('',#6985,#1585);
#1039=LINE('',#6986,#1586);
#1040=LINE('',#6989,#1587);
#1041=LINE('',#6991,#1588);
#1042=LINE('',#6993,#1589);
#1043=LINE('',#6994,#1590);
#1044=LINE('',#6996,#1591);
#1045=LINE('',#6997,#1592);
#1046=LINE('',#7002,#1593);
#1047=LINE('',#7004,#1594);
#1048=LINE('',#7006,#1595);
#1049=LINE('',#7007,#1596);
#1050=LINE('',#7010,#1597);
#1051=LINE('',#7012,#1598);
#1052=LINE('',#7013,#1599);
#1053=LINE('',#7016,#1600);
#1054=LINE('',#7018,#1601);
#1055=LINE('',#7019,#1602);
#1056=LINE('',#7022,#1603);
#1057=LINE('',#7023,#1604);
#1058=LINE('',#7024,#1605);
#1059=LINE('',#7026,#1606);
#1060=LINE('',#7027,#1607);
#1061=LINE('',#7047,#1608);
#1062=LINE('',#7049,#1609);
#1063=LINE('',#7051,#1610);
#1064=LINE('',#7053,#1611);
#1065=LINE('',#7055,#1612);
#1066=LINE('',#7056,#1613);
#1067=LINE('',#7058,#1614);
#1068=LINE('',#7059,#1615);
#1069=LINE('',#7061,#1616);
#1070=LINE('',#7070,#1617);
#1071=LINE('',#7073,#1618);
#1072=LINE('',#7075,#1619);
#1073=LINE('',#7076,#1620);
#1074=LINE('',#7093,#1621);
#1075=LINE('',#7110,#1622);
#1076=LINE('',#7111,#1623);
#1077=LINE('',#7112,#1624);
#1078=LINE('',#7131,#1625);
#1079=LINE('',#7133,#1626);
#1080=LINE('',#7135,#1627);
#1081=LINE('',#7136,#1628);
#1082=LINE('',#7139,#1629);
#1083=LINE('',#7140,#1630);
#1084=LINE('',#7158,#1631);
#1085=LINE('',#7160,#1632);
#1086=LINE('',#7161,#1633);
#1087=LINE('',#7179,#1634);
#1088=LINE('',#7181,#1635);
#1089=LINE('',#7183,#1636);
#1090=LINE('',#7184,#1637);
#1091=LINE('',#7186,#1638);
#1092=LINE('',#7189,#1639);
#1093=LINE('',#7192,#1640);
#1094=LINE('',#7193,#1641);
#1095=LINE('',#7196,#1642);
#1096=LINE('',#7197,#1643);
#1097=LINE('',#7200,#1644);
#1098=LINE('',#7202,#1645);
#1099=LINE('',#7203,#1646);
#1100=LINE('',#7205,#1647);
#1101=LINE('',#7208,#1648);
#1102=LINE('',#7210,#1649);
#1103=LINE('',#7211,#1650);
#1104=LINE('',#7212,#1651);
#1105=LINE('',#7216,#1652);
#1106=LINE('',#7218,#1653);
#1107=LINE('',#7220,#1654);
#1108=LINE('',#7221,#1655);
#1109=LINE('',#7224,#1656);
#1110=LINE('',#7226,#1657);
#1111=LINE('',#7228,#1658);
#1112=LINE('',#7229,#1659);
#1113=LINE('',#7231,#1660);
#1114=LINE('',#7232,#1661);
#1115=LINE('',#7235,#1662);
#1116=LINE('',#7236,#1663);
#1117=LINE('',#7239,#1664);
#1118=LINE('',#7240,#1665);
#1119=LINE('',#7244,#1666);
#1120=LINE('',#7247,#1667);
#1121=LINE('',#7248,#1668);
#1122=LINE('',#7251,#1669);
#1123=LINE('',#7252,#1670);
#1124=LINE('',#7254,#1671);
#1125=LINE('',#7256,#1672);
#1126=LINE('',#7257,#1673);
#1127=LINE('',#7316,#1674);
#1128=LINE('',#7317,#1675);
#1129=LINE('',#7385,#1676);
#1130=LINE('',#7386,#1677);
#1131=LINE('',#7388,#1678);
#1132=LINE('',#7389,#1679);
#1133=LINE('',#7392,#1680);
#1134=LINE('',#7393,#1681);
#1135=LINE('',#7395,#1682);
#1136=LINE('',#7396,#1683);
#1137=LINE('',#7402,#1684);
#1138=LINE('',#7403,#1685);
#1139=LINE('',#7405,#1686);
#1140=LINE('',#7409,#1687);
#1141=LINE('',#7410,#1688);
#1142=LINE('',#7414,#1689);
#1143=LINE('',#7415,#1690);
#1144=LINE('',#7417,#1691);
#1145=LINE('',#7418,#1692);
#1146=LINE('',#7435,#1693);
#1147=LINE('',#7455,#1694);
#1148=LINE('',#7475,#1695);
#1149=LINE('',#7485,#1696);
#1150=LINE('',#7488,#1697);
#1151=LINE('',#7496,#1698);
#1152=LINE('',#7499,#1699);
#1153=VECTOR('',#4564,10.);
#1154=VECTOR('',#4565,10.);
#1155=VECTOR('',#4566,10.);
#1156=VECTOR('',#4567,10.);
#1157=VECTOR('',#4568,10.);
#1158=VECTOR('',#4569,10.);
#1159=VECTOR('',#4570,10.);
#1160=VECTOR('',#4575,10.);
#1161=VECTOR('',#4576,10.);
#1162=VECTOR('',#4577,10.);
#1163=VECTOR('',#4578,10.);
#1164=VECTOR('',#4581,10.);
#1165=VECTOR('',#4582,10.);
#1166=VECTOR('',#4585,10.);
#1167=VECTOR('',#4586,1000.);
#1168=VECTOR('',#4587,10.);
#1169=VECTOR('',#4588,10.);
#1170=VECTOR('',#4589,10.);
#1171=VECTOR('',#4592,10.);
#1172=VECTOR('',#4593,10.);
#1173=VECTOR('',#4594,10.);
#1174=VECTOR('',#4595,10.);
#1175=VECTOR('',#4596,10.);
#1176=VECTOR('',#4597,10.);
#1177=VECTOR('',#4598,10.);
#1178=VECTOR('',#4599,10.);
#1179=VECTOR('',#4600,10.);
#1180=VECTOR('',#4601,10.);
#1181=VECTOR('',#4602,10.);
#1182=VECTOR('',#4603,10.);
#1183=VECTOR('',#4604,10.);
#1184=VECTOR('',#4605,10.);
#1185=VECTOR('',#4608,10.);
#1186=VECTOR('',#4609,10.);
#1187=VECTOR('',#4610,10.);
#1188=VECTOR('',#4611,10.);
#1189=VECTOR('',#4612,10.);
#1190=VECTOR('',#4613,10.);
#1191=VECTOR('',#4616,10.);
#1192=VECTOR('',#4619,10.);
#1193=VECTOR('',#4620,10.);
#1194=VECTOR('',#4621,10.);
#1195=VECTOR('',#4622,10.);
#1196=VECTOR('',#4623,10.);
#1197=VECTOR('',#4624,10.);
#1198=VECTOR('',#4625,10.);
#1199=VECTOR('',#4628,10.);
#1200=VECTOR('',#4631,10.);
#1201=VECTOR('',#4632,10.);
#1202=VECTOR('',#4633,10.);
#1203=VECTOR('',#4636,10.);
#1204=VECTOR('',#4637,10.);
#1205=VECTOR('',#4638,10.);
#1206=VECTOR('',#4639,10.);
#1207=VECTOR('',#4640,10.);
#1208=VECTOR('',#4641,10.);
#1209=VECTOR('',#4642,9.99999999999999);
#1210=VECTOR('',#4643,10.);
#1211=VECTOR('',#4644,9.99999999999999);
#1212=VECTOR('',#4645,10.);
#1213=VECTOR('',#4646,10.);
#1214=VECTOR('',#4649,10.);
#1215=VECTOR('',#4650,10.);
#1216=VECTOR('',#4651,10.);
#1217=VECTOR('',#4652,10.);
#1218=VECTOR('',#4653,10.);
#1219=VECTOR('',#4654,10.);
#1220=VECTOR('',#4655,10.);
#1221=VECTOR('',#4656,10.);
#1222=VECTOR('',#4657,10.);
#1223=VECTOR('',#4658,10.);
#1224=VECTOR('',#4659,10.);
#1225=VECTOR('',#4660,10.);
#1226=VECTOR('',#4663,10.);
#1227=VECTOR('',#4664,10.);
#1228=VECTOR('',#4667,10.);
#1229=VECTOR('',#4668,10.);
#1230=VECTOR('',#4669,10.);
#1231=VECTOR('',#4670,10.);
#1232=VECTOR('',#4671,10.);
#1233=VECTOR('',#4672,10.);
#1234=VECTOR('',#4673,10.);
#1235=VECTOR('',#4676,10.);
#1236=VECTOR('',#4677,10.);
#1237=VECTOR('',#4680,10.);
#1238=VECTOR('',#4683,10.);
#1239=VECTOR('',#4684,10.);
#1240=VECTOR('',#4685,10.);
#1241=VECTOR('',#4686,10.);
#1242=VECTOR('',#4687,10.);
#1243=VECTOR('',#4688,9.99999999999999);
#1244=VECTOR('',#4691,10.);
#1245=VECTOR('',#4692,10.);
#1246=VECTOR('',#4693,10.);
#1247=VECTOR('',#4694,10.);
#1248=VECTOR('',#4697,10.);
#1249=VECTOR('',#4698,10.);
#1250=VECTOR('',#4699,10.);
#1251=VECTOR('',#4700,10.);
#1252=VECTOR('',#4703,10.);
#1253=VECTOR('',#4704,10.);
#1254=VECTOR('',#4705,10.);
#1255=VECTOR('',#4706,10.);
#1256=VECTOR('',#4707,10.);
#1257=VECTOR('',#4710,10.);
#1258=VECTOR('',#4711,10.);
#1259=VECTOR('',#4712,10.);
#1260=VECTOR('',#4715,10.);
#1261=VECTOR('',#4716,10.);
#1262=VECTOR('',#4717,10.);
#1263=VECTOR('',#4720,10.);
#1264=VECTOR('',#4721,10.);
#1265=VECTOR('',#4722,10.);
#1266=VECTOR('',#4723,10.);
#1267=VECTOR('',#4726,10.);
#1268=VECTOR('',#4727,10.);
#1269=VECTOR('',#4730,10.);
#1270=VECTOR('',#4731,10.);
#1271=VECTOR('',#4732,9.99999999999999);
#1272=VECTOR('',#4735,10.);
#1273=VECTOR('',#4736,10.);
#1274=VECTOR('',#4737,10.);
#1275=VECTOR('',#4740,9.99999999999999);
#1276=VECTOR('',#4741,10.);
#1277=VECTOR('',#4742,9.99999999999999);
#1278=VECTOR('',#4745,10.);
#1279=VECTOR('',#4746,10.);
#1280=VECTOR('',#4747,10.);
#1281=VECTOR('',#4750,10.);
#1282=VECTOR('',#4751,10.);
#1283=VECTOR('',#4752,10.);
#1284=VECTOR('',#4753,10.);
#1285=VECTOR('',#4754,10.);
#1286=VECTOR('',#4755,10.);
#1287=VECTOR('',#4764,10.);
#1288=VECTOR('',#4765,10.);
#1289=VECTOR('',#4766,10.);
#1290=VECTOR('',#4769,10.);
#1291=VECTOR('',#4772,10.);
#1292=VECTOR('',#4773,10.);
#1293=VECTOR('',#4774,10.);
#1294=VECTOR('',#4775,10.);
#1295=VECTOR('',#4776,9.99999999999999);
#1296=VECTOR('',#4779,10.);
#1297=VECTOR('',#4780,10.);
#1298=VECTOR('',#4783,10.);
#1299=VECTOR('',#4784,10.);
#1300=VECTOR('',#4785,10.);
#1301=VECTOR('',#4786,10.);
#1302=VECTOR('',#4789,9.99999999999999);
#1303=VECTOR('',#4790,10.);
#1304=VECTOR('',#4791,10.);
#1305=VECTOR('',#4792,10.);
#1306=VECTOR('',#4797,1.5);
#1307=VECTOR('',#4802,1.49999999999999);
#1308=VECTOR('',#4807,1.50000000000001);
#1309=VECTOR('',#4810,10.);
#1310=VECTOR('',#4811,10.);
#1311=VECTOR('',#4812,10.);
#1312=VECTOR('',#4813,10.);
#1313=VECTOR('',#4814,10.);
#1314=VECTOR('',#4815,10.);
#1315=VECTOR('',#4816,10.);
#1316=VECTOR('',#4817,10.);
#1317=VECTOR('',#4818,10.);
#1318=VECTOR('',#4819,10.);
#1319=VECTOR('',#4820,10.);
#1320=VECTOR('',#4821,10.);
#1321=VECTOR('',#4822,10.);
#1322=VECTOR('',#4823,10.);
#1323=VECTOR('',#4824,10.);
#1324=VECTOR('',#4825,10.);
#1325=VECTOR('',#4826,10.);
#1326=VECTOR('',#4827,10.);
#1327=VECTOR('',#4830,10.);
#1328=VECTOR('',#4835,10.);
#1329=VECTOR('',#4846,1.40000000352535);
#1330=VECTOR('',#4849,1.4000002355641);
#1331=VECTOR('',#4860,3.00000000000001);
#1332=VECTOR('',#4869,10.);
#1333=VECTOR('',#4870,10.);
#1334=VECTOR('',#4871,10.6173358523124);
#1335=VECTOR('',#4874,10.);
#1336=VECTOR('',#4875,10.);
#1337=VECTOR('',#4876,10.);
#1338=VECTOR('',#4877,10.);
#1339=VECTOR('',#4878,9.99999999999999);
#1340=VECTOR('',#4879,10.);
#1341=VECTOR('',#4880,10.);
#1342=VECTOR('',#4881,10.);
#1343=VECTOR('',#4882,10.);
#1344=VECTOR('',#4883,10.);
#1345=VECTOR('',#4884,10.);
#1346=VECTOR('',#4885,10.);
#1347=VECTOR('',#4886,10.);
#1348=VECTOR('',#4887,0.165578779830729);
#1349=VECTOR('',#4890,10.);
#1350=VECTOR('',#4891,0.156468373139615);
#1351=VECTOR('',#4892,10.);
#1352=VECTOR('',#4893,10.);
#1353=VECTOR('',#4894,10.);
#1354=VECTOR('',#4897,9.99999999999999);
#1355=VECTOR('',#4898,10.);
#1356=VECTOR('',#4899,10.);
#1357=VECTOR('',#4902,10.);
#1358=VECTOR('',#4903,10.);
#1359=VECTOR('',#4904,10.);
#1360=VECTOR('',#4905,10.);
#1361=VECTOR('',#4906,10.);
#1362=VECTOR('',#4909,10.);
#1363=VECTOR('',#4910,10.);
#1364=VECTOR('',#4911,10.);
#1365=VECTOR('',#4914,10.);
#1366=VECTOR('',#4915,10.);
#1367=VECTOR('',#4916,10.);
#1368=VECTOR('',#4919,10.);
#1369=VECTOR('',#4920,10.);
#1370=VECTOR('',#4921,9.99999999999999);
#1371=VECTOR('',#4922,10.);
#1372=VECTOR('',#4923,10.);
#1373=VECTOR('',#4924,10.);
#1374=VECTOR('',#4925,10.);
#1375=VECTOR('',#4926,9.99999999999999);
#1376=VECTOR('',#4929,10.);
#1377=VECTOR('',#4930,10.);
#1378=VECTOR('',#4931,10.);
#1379=VECTOR('',#4934,9.99999999999999);
#1380=VECTOR('',#4935,10.);
#1381=VECTOR('',#4936,10.);
#1382=VECTOR('',#4939,10.);
#1383=VECTOR('',#4940,10.);
#1384=VECTOR('',#4945,10.);
#1385=VECTOR('',#4946,10.);
#1386=VECTOR('',#4947,10.);
#1387=VECTOR('',#4950,10.);
#1388=VECTOR('',#4951,10.);
#1389=VECTOR('',#4952,10.);
#1390=VECTOR('',#4955,10.);
#1391=VECTOR('',#4956,10.);
#1392=VECTOR('',#4963,10.);
#1393=VECTOR('',#4964,10.);
#1394=VECTOR('',#4967,10.);
#1395=VECTOR('',#4972,10.);
#1396=VECTOR('',#4973,10.);
#1397=VECTOR('',#4974,10.);
#1398=VECTOR('',#4975,10.);
#1399=VECTOR('',#4978,10.);
#1400=VECTOR('',#4979,10.);
#1401=VECTOR('',#4980,10.);
#1402=VECTOR('',#4981,10.);
#1403=VECTOR('',#4984,10.);
#1404=VECTOR('',#4985,10.);
#1405=VECTOR('',#4986,10.);
#1406=VECTOR('',#4989,10.);
#1407=VECTOR('',#4990,10.);
#1408=VECTOR('',#4991,10.);
#1409=VECTOR('',#4994,10.);
#1410=VECTOR('',#4995,0.199223537467688);
#1411=VECTOR('',#4996,10.);
#1412=VECTOR('',#4997,0.199223380132646);
#1413=VECTOR('',#5000,10.);
#1414=VECTOR('',#5001,10.);
#1415=VECTOR('',#5002,9.99999999999999);
#1416=VECTOR('',#5005,1000.);
#1417=VECTOR('',#5006,10.);
#1418=VECTOR('',#5007,1000.);
#1419=VECTOR('',#5008,10.);
#1420=VECTOR('',#5009,10.);
#1421=VECTOR('',#5010,1000.);
#1422=VECTOR('',#5013,10.);
#1423=VECTOR('',#5014,10.);
#1424=VECTOR('',#5015,10.);
#1425=VECTOR('',#5018,10.);
#1426=VECTOR('',#5021,10.);
#1427=VECTOR('',#5024,10.);
#1428=VECTOR('',#5025,10.);
#1429=VECTOR('',#5026,10.);
#1430=VECTOR('',#5027,0.154762484038153);
#1431=VECTOR('',#5028,10.);
#1432=VECTOR('',#5029,6.25801456299853);
#1433=VECTOR('',#5030,4.4112181825275);
#1434=VECTOR('',#5035,10.);
#1435=VECTOR('',#5038,10.);
#1436=VECTOR('',#5039,10.);
#1437=VECTOR('',#5040,10.);
#1438=VECTOR('',#5041,9.99999999999999);
#1439=VECTOR('',#5044,10.);
#1440=VECTOR('',#5045,10.);
#1441=VECTOR('',#5046,10.);
#1442=VECTOR('',#5047,4.51872960104886);
#1443=VECTOR('',#5048,10.);
#1444=VECTOR('',#5049,10.);
#1445=VECTOR('',#5050,10.);
#1446=VECTOR('',#5051,5.06763435544335);
#1447=VECTOR('',#5052,9.99999999999999);
#1448=VECTOR('',#5055,10.);
#1449=VECTOR('',#5060,10.);
#1450=VECTOR('',#5063,10.);
#1451=VECTOR('',#5066,10.);
#1452=VECTOR('',#5067,10.);
#1453=VECTOR('',#5070,10.);
#1454=VECTOR('',#5071,10.);
#1455=VECTOR('',#5074,10.);
#1456=VECTOR('',#5075,10.);
#1457=VECTOR('',#5076,10.);
#1458=VECTOR('',#5079,10.);
#1459=VECTOR('',#5082,10.);
#1460=VECTOR('',#5083,9.99999999999999);
#1461=VECTOR('',#5084,9.99999999999999);
#1462=VECTOR('',#5085,10.);
#1463=VECTOR('',#5088,10.);
#1464=VECTOR('',#5089,10.);
#1465=VECTOR('',#5090,10.);
#1466=VECTOR('',#5091,10.);
#1467=VECTOR('',#5094,10.);
#1468=VECTOR('',#5095,10.);
#1469=VECTOR('',#5096,10.);
#1470=VECTOR('',#5097,10.);
#1471=VECTOR('',#5100,10.);
#1472=VECTOR('',#5101,10.);
#1473=VECTOR('',#5104,10.);
#1474=VECTOR('',#5107,10.);
#1475=VECTOR('',#5110,10.);
#1476=VECTOR('',#5111,10.);
#1477=VECTOR('',#5118,10.);
#1478=VECTOR('',#5119,10.);
#1479=VECTOR('',#5122,10.);
#1480=VECTOR('',#5123,10.);
#1481=VECTOR('',#5126,10.);
#1482=VECTOR('',#5127,10.);
#1483=VECTOR('',#5128,10.);
#1484=VECTOR('',#5129,10.);
#1485=VECTOR('',#5130,10.);
#1486=VECTOR('',#5133,10.);
#1487=VECTOR('',#5134,10.);
#1488=VECTOR('',#5137,10.);
#1489=VECTOR('',#5138,10.);
#1490=VECTOR('',#5141,10.);
#1491=VECTOR('',#5142,10.);
#1492=VECTOR('',#5145,10.);
#1493=VECTOR('',#5146,10.);
#1494=VECTOR('',#5153,10.);
#1495=VECTOR('',#5154,10.);
#1496=VECTOR('',#5157,10.);
#1497=VECTOR('',#5164,10.);
#1498=VECTOR('',#5165,10.);
#1499=VECTOR('',#5170,10.);
#1500=VECTOR('',#5171,10.);
#1501=VECTOR('',#5174,10.);
#1502=VECTOR('',#5175,9.99999999999999);
#1503=VECTOR('',#5176,4.49103657859809);
#1504=VECTOR('',#5183,10.);
#1505=VECTOR('',#5184,10.);
#1506=VECTOR('',#5185,10.);
#1507=VECTOR('',#5188,10.);
#1508=VECTOR('',#5189,10.);
#1509=VECTOR('',#5192,10.);
#1510=VECTOR('',#5193,10.);
#1511=VECTOR('',#5194,10.);
#1512=VECTOR('',#5195,10.);
#1513=VECTOR('',#5196,10.);
#1514=VECTOR('',#5197,10.);
#1515=VECTOR('',#5198,10.);
#1516=VECTOR('',#5199,10.);
#1517=VECTOR('',#5200,10.);
#1518=VECTOR('',#5201,10.);
#1519=VECTOR('',#5202,10.);
#1520=VECTOR('',#5203,10.);
#1521=VECTOR('',#5204,10.);
#1522=VECTOR('',#5207,10.);
#1523=VECTOR('',#5212,10.);
#1524=VECTOR('',#5213,10.);
#1525=VECTOR('',#5214,10.);
#1526=VECTOR('',#5215,10.);
#1527=VECTOR('',#5216,10.);
#1528=VECTOR('',#5217,10.);
#1529=VECTOR('',#5232,3.00000000000001);
#1530=VECTOR('',#5235,10.);
#1531=VECTOR('',#5236,10.);
#1532=VECTOR('',#5237,1000.);
#1533=VECTOR('',#5238,10.);
#1534=VECTOR('',#5243,10.);
#1535=VECTOR('',#5244,10.6173358523124);
#1536=VECTOR('',#5245,10.);
#1537=VECTOR('',#5248,10.);
#1538=VECTOR('',#5249,10.);
#1539=VECTOR('',#5250,10.);
#1540=VECTOR('',#5251,10.);
#1541=VECTOR('',#5252,10.);
#1542=VECTOR('',#5253,10.);
#1543=VECTOR('',#5254,10.);
#1544=VECTOR('',#5255,10.);
#1545=VECTOR('',#5256,10.);
#1546=VECTOR('',#5257,10.);
#1547=VECTOR('',#5258,10.);
#1548=VECTOR('',#5259,0.165578779830729);
#1549=VECTOR('',#5260,10.);
#1550=VECTOR('',#5263,10.);
#1551=VECTOR('',#5264,10.);
#1552=VECTOR('',#5265,0.156468373139615);
#1553=VECTOR('',#5266,10.);
#1554=VECTOR('',#5267,10.);
#1555=VECTOR('',#5270,9.99999999999999);
#1556=VECTOR('',#5271,10.);
#1557=VECTOR('',#5274,10.);
#1558=VECTOR('',#5275,10.);
#1559=VECTOR('',#5276,10.);
#1560=VECTOR('',#5277,10.);
#1561=VECTOR('',#5280,10.);
#1562=VECTOR('',#5281,10.);
#1563=VECTOR('',#5284,10.);
#1564=VECTOR('',#5285,10.);
#1565=VECTOR('',#5288,10.);
#1566=VECTOR('',#5289,10.);
#1567=VECTOR('',#5290,10.);
#1568=VECTOR('',#5291,10.);
#1569=VECTOR('',#5292,10.);
#1570=VECTOR('',#5293,10.);
#1571=VECTOR('',#5294,10.);
#1572=VECTOR('',#5297,10.);
#1573=VECTOR('',#5298,10.);
#1574=VECTOR('',#5301,10.);
#1575=VECTOR('',#5302,10.);
#1576=VECTOR('',#5307,10.);
#1577=VECTOR('',#5310,10.);
#1578=VECTOR('',#5311,10.);
#1579=VECTOR('',#5314,10.);
#1580=VECTOR('',#5315,10.);
#1581=VECTOR('',#5318,10.);
#1582=VECTOR('',#5319,10.);
#1583=VECTOR('',#5326,10.);
#1584=VECTOR('',#5329,10.);
#1585=VECTOR('',#5334,10.);
#1586=VECTOR('',#5335,10.);
#1587=VECTOR('',#5338,10.);
#1588=VECTOR('',#5339,10.);
#1589=VECTOR('',#5340,10.);
#1590=VECTOR('',#5341,10.);
#1591=VECTOR('',#5344,10.);
#1592=VECTOR('',#5345,10.);
#1593=VECTOR('',#5350,10.);
#1594=VECTOR('',#5351,10.);
#1595=VECTOR('',#5352,10.);
#1596=VECTOR('',#5353,10.);
#1597=VECTOR('',#5356,10.);
#1598=VECTOR('',#5357,10.);
#1599=VECTOR('',#5358,10.);
#1600=VECTOR('',#5361,10.);
#1601=VECTOR('',#5362,10.);
#1602=VECTOR('',#5363,10.);
#1603=VECTOR('',#5366,10.);
#1604=VECTOR('',#5367,0.199223380132646);
#1605=VECTOR('',#5368,0.199223537467688);
#1606=VECTOR('',#5371,10.);
#1607=VECTOR('',#5372,10.);
#1608=VECTOR('',#5375,1000.);
#1609=VECTOR('',#5376,1000.);
#1610=VECTOR('',#5377,10.);
#1611=VECTOR('',#5378,10.);
#1612=VECTOR('',#5379,1000.);
#1613=VECTOR('',#5380,10.);
#1614=VECTOR('',#5383,10.);
#1615=VECTOR('',#5384,10.);
#1616=VECTOR('',#5387,10.);
#1617=VECTOR('',#5390,10.);
#1618=VECTOR('',#5393,10.);
#1619=VECTOR('',#5394,10.);
#1620=VECTOR('',#5395,10.);
#1621=VECTOR('',#5396,0.154762484038153);
#1622=VECTOR('',#5397,10.);
#1623=VECTOR('',#5398,4.4112181825275);
#1624=VECTOR('',#5399,6.25801456299853);
#1625=VECTOR('',#5402,10.);
#1626=VECTOR('',#5403,10.);
#1627=VECTOR('',#5404,10.);
#1628=VECTOR('',#5405,10.);
#1629=VECTOR('',#5408,10.);
#1630=VECTOR('',#5409,10.);
#1631=VECTOR('',#5410,10.);
#1632=VECTOR('',#5411,10.);
#1633=VECTOR('',#5412,4.51872960104886);
#1634=VECTOR('',#5413,10.);
#1635=VECTOR('',#5414,10.);
#1636=VECTOR('',#5415,5.06763435544335);
#1637=VECTOR('',#5416,10.);
#1638=VECTOR('',#5419,10.);
#1639=VECTOR('',#5424,10.);
#1640=VECTOR('',#5427,10.);
#1641=VECTOR('',#5428,10.);
#1642=VECTOR('',#5431,10.);
#1643=VECTOR('',#5432,10.);
#1644=VECTOR('',#5435,10.);
#1645=VECTOR('',#5436,10.);
#1646=VECTOR('',#5437,10.);
#1647=VECTOR('',#5440,10.);
#1648=VECTOR('',#5443,10.);
#1649=VECTOR('',#5444,10.);
#1650=VECTOR('',#5445,10.);
#1651=VECTOR('',#5446,10.);
#1652=VECTOR('',#5449,10.);
#1653=VECTOR('',#5450,10.);
#1654=VECTOR('',#5451,10.);
#1655=VECTOR('',#5452,10.);
#1656=VECTOR('',#5455,10.);
#1657=VECTOR('',#5456,10.);
#1658=VECTOR('',#5457,10.);
#1659=VECTOR('',#5458,10.);
#1660=VECTOR('',#5461,10.);
#1661=VECTOR('',#5462,10.);
#1662=VECTOR('',#5465,10.);
#1663=VECTOR('',#5466,10.);
#1664=VECTOR('',#5471,10.);
#1665=VECTOR('',#5472,10.);
#1666=VECTOR('',#5479,10.);
#1667=VECTOR('',#5482,10.);
#1668=VECTOR('',#5483,10.);
#1669=VECTOR('',#5486,10.);
#1670=VECTOR('',#5487,10.);
#1671=VECTOR('',#5490,10.);
#1672=VECTOR('',#5491,10.);
#1673=VECTOR('',#5492,10.);
#1674=VECTOR('',#5493,10.);
#1675=VECTOR('',#5494,10.);
#1676=VECTOR('',#5497,10.);
#1677=VECTOR('',#5498,10.);
#1678=VECTOR('',#5501,10.);
#1679=VECTOR('',#5502,10.);
#1680=VECTOR('',#5505,10.);
#1681=VECTOR('',#5506,10.);
#1682=VECTOR('',#5509,10.);
#1683=VECTOR('',#5510,10.);
#1684=VECTOR('',#5519,10.);
#1685=VECTOR('',#5520,10.);
#1686=VECTOR('',#5523,10.);
#1687=VECTOR('',#5530,10.);
#1688=VECTOR('',#5531,10.);
#1689=VECTOR('',#5536,10.);
#1690=VECTOR('',#5537,10.);
#1691=VECTOR('',#5540,10.);
#1692=VECTOR('',#5541,10.);
#1693=VECTOR('',#5542,4.49103657859809);
#1694=VECTOR('',#5549,10.);
#1695=VECTOR('',#5552,10.);
#1696=VECTOR('',#5565,1.5);
#1697=VECTOR('',#5568,3.);
#1698=VECTOR('',#5581,1.5);
#1699=VECTOR('',#5584,3.00000000000001);
#1700=VERTEX_POINT('',#5594);
#1701=VERTEX_POINT('',#5595);
#1702=VERTEX_POINT('',#5597);
#1703=VERTEX_POINT('',#5599);
#1704=VERTEX_POINT('',#5601);
#1705=VERTEX_POINT('',#5603);
#1706=VERTEX_POINT('',#5605);
#1707=VERTEX_POINT('',#5608);
#1708=VERTEX_POINT('',#5610);
#1709=VERTEX_POINT('',#5612);
#1710=VERTEX_POINT('',#5613);
#1711=VERTEX_POINT('',#5616);
#1712=VERTEX_POINT('',#5617);
#1713=VERTEX_POINT('',#5621);
#1714=VERTEX_POINT('',#5623);
#1715=VERTEX_POINT('',#5625);
#1716=VERTEX_POINT('',#5627);
#1717=VERTEX_POINT('',#5629);
#1718=VERTEX_POINT('',#5631);
#1719=VERTEX_POINT('',#5633);
#1720=VERTEX_POINT('',#5637);
#1721=VERTEX_POINT('',#5638);
#1722=VERTEX_POINT('',#5640);
#1723=VERTEX_POINT('',#5642);
#1724=VERTEX_POINT('',#5644);
#1725=VERTEX_POINT('',#5646);
#1726=VERTEX_POINT('',#5648);
#1727=VERTEX_POINT('',#5650);
#1728=VERTEX_POINT('',#5652);
#1729=VERTEX_POINT('',#5654);
#1730=VERTEX_POINT('',#5656);
#1731=VERTEX_POINT('',#5658);
#1732=VERTEX_POINT('',#5660);
#1733=VERTEX_POINT('',#5662);
#1734=VERTEX_POINT('',#5666);
#1735=VERTEX_POINT('',#5667);
#1736=VERTEX_POINT('',#5669);
#1737=VERTEX_POINT('',#5672);
#1738=VERTEX_POINT('',#5677);
#1739=VERTEX_POINT('',#5678);
#1740=VERTEX_POINT('',#5680);
#1741=VERTEX_POINT('',#5682);
#1742=VERTEX_POINT('',#5684);
#1743=VERTEX_POINT('',#5686);
#1744=VERTEX_POINT('',#5690);
#1745=VERTEX_POINT('',#5696);
#1746=VERTEX_POINT('',#5697);
#1747=VERTEX_POINT('',#5699);
#1748=VERTEX_POINT('',#5703);
#1749=VERTEX_POINT('',#5705);
#1750=VERTEX_POINT('',#5707);
#1751=VERTEX_POINT('',#5709);
#1752=VERTEX_POINT('',#5711);
#1753=VERTEX_POINT('',#5713);
#1754=VERTEX_POINT('',#5715);
#1755=VERTEX_POINT('',#5717);
#1756=VERTEX_POINT('',#5719);
#1757=VERTEX_POINT('',#5721);
#1758=VERTEX_POINT('',#5725);
#1759=VERTEX_POINT('',#5727);
#1760=VERTEX_POINT('',#5729);
#1761=VERTEX_POINT('',#5731);
#1762=VERTEX_POINT('',#5733);
#1763=VERTEX_POINT('',#5735);
#1764=VERTEX_POINT('',#5737);
#1765=VERTEX_POINT('',#5739);
#1766=VERTEX_POINT('',#5741);
#1767=VERTEX_POINT('',#5744);
#1768=VERTEX_POINT('',#5748);
#1769=VERTEX_POINT('',#5752);
#1770=VERTEX_POINT('',#5756);
#1771=VERTEX_POINT('',#5758);
#1772=VERTEX_POINT('',#5760);
#1773=VERTEX_POINT('',#5762);
#1774=VERTEX_POINT('',#5764);
#1775=VERTEX_POINT('',#5766);
#1776=VERTEX_POINT('',#5772);
#1777=VERTEX_POINT('',#5774);
#1778=VERTEX_POINT('',#5776);
#1779=VERTEX_POINT('',#5778);
#1780=VERTEX_POINT('',#5780);
#1781=VERTEX_POINT('',#5784);
#1782=VERTEX_POINT('',#5786);
#1783=VERTEX_POINT('',#5788);
#1784=VERTEX_POINT('',#5791);
#1785=VERTEX_POINT('',#5792);
#1786=VERTEX_POINT('',#5834);
#1787=VERTEX_POINT('',#5836);
#1788=VERTEX_POINT('',#5838);
#1789=VERTEX_POINT('',#5841);
#1790=VERTEX_POINT('',#5842);
#1791=VERTEX_POINT('',#5884);
#1792=VERTEX_POINT('',#5886);
#1793=VERTEX_POINT('',#5888);
#1794=VERTEX_POINT('',#5890);
#1795=VERTEX_POINT('',#5894);
#1796=VERTEX_POINT('',#5896);
#1797=VERTEX_POINT('',#5900);
#1798=VERTEX_POINT('',#5902);
#1799=VERTEX_POINT('',#5906);
#1800=VERTEX_POINT('',#5907);
#1801=VERTEX_POINT('',#5909);
#1802=VERTEX_POINT('',#5911);
#1803=VERTEX_POINT('',#5918);
#1804=VERTEX_POINT('',#5920);
#1805=VERTEX_POINT('',#5924);
#1806=VERTEX_POINT('',#5926);
#1807=VERTEX_POINT('',#5930);
#1808=VERTEX_POINT('',#5932);
#1809=VERTEX_POINT('',#5936);
#1810=VERTEX_POINT('',#5938);
#1811=VERTEX_POINT('',#5942);
#1812=VERTEX_POINT('',#5944);
#1813=VERTEX_POINT('',#5946);
#1814=VERTEX_POINT('',#5949);
#1815=VERTEX_POINT('',#5952);
#1816=VERTEX_POINT('',#5954);
#1817=VERTEX_POINT('',#5956);
#1818=VERTEX_POINT('',#5959);
#1819=VERTEX_POINT('',#5961);
#1820=VERTEX_POINT('',#5967);
#1821=VERTEX_POINT('',#5969);
#1822=VERTEX_POINT('',#5971);
#1823=VERTEX_POINT('',#5973);
#1824=VERTEX_POINT('',#5977);
#1825=VERTEX_POINT('',#5981);
#1826=VERTEX_POINT('',#5984);
#1827=VERTEX_POINT('',#5988);
#1828=VERTEX_POINT('',#5991);
#1829=VERTEX_POINT('',#5995);
#1830=VERTEX_POINT('',#5999);
#1831=VERTEX_POINT('',#6003);
#1832=VERTEX_POINT('',#6007);
#1833=VERTEX_POINT('',#6008);
#1834=VERTEX_POINT('',#6010);
#1835=VERTEX_POINT('',#6012);
#1836=VERTEX_POINT('',#6014);
#1837=VERTEX_POINT('',#6016);
#1838=VERTEX_POINT('',#6018);
#1839=VERTEX_POINT('',#6020);
#1840=VERTEX_POINT('',#6022);
#1841=VERTEX_POINT('',#6025);
#1842=VERTEX_POINT('',#6027);
#1843=VERTEX_POINT('',#6029);
#1844=VERTEX_POINT('',#6031);
#1845=VERTEX_POINT('',#6033);
#1846=VERTEX_POINT('',#6035);
#1847=VERTEX_POINT('',#6037);
#1848=VERTEX_POINT('',#6039);
#1849=VERTEX_POINT('',#6042);
#1850=VERTEX_POINT('',#6043);
#1851=VERTEX_POINT('',#6045);
#1852=VERTEX_POINT('',#6048);
#1853=VERTEX_POINT('',#6049);
#1854=VERTEX_POINT('',#6052);
#1855=VERTEX_POINT('',#6055);
#1856=VERTEX_POINT('',#6057);
#1857=VERTEX_POINT('',#6064);
#1858=VERTEX_POINT('',#6065);
#1859=VERTEX_POINT('',#6067);
#1860=VERTEX_POINT('',#6071);
#1861=VERTEX_POINT('',#6096);
#1862=VERTEX_POINT('',#6099);
#1863=VERTEX_POINT('',#6103);
#1864=VERTEX_POINT('',#6104);
#1865=VERTEX_POINT('',#6106);
#1866=VERTEX_POINT('',#6110);
#1867=VERTEX_POINT('',#6111);
#1868=VERTEX_POINT('',#6113);
#1869=VERTEX_POINT('',#6115);
#1870=VERTEX_POINT('',#6117);
#1871=VERTEX_POINT('',#6120);
#1872=VERTEX_POINT('',#6122);
#1873=VERTEX_POINT('',#6124);
#1874=VERTEX_POINT('',#6126);
#1875=VERTEX_POINT('',#6128);
#1876=VERTEX_POINT('',#6147);
#1877=VERTEX_POINT('',#6149);
#1878=VERTEX_POINT('',#6153);
#1879=VERTEX_POINT('',#6155);
#1880=VERTEX_POINT('',#6177);
#1881=VERTEX_POINT('',#6178);
#1882=VERTEX_POINT('',#6180);
#1883=VERTEX_POINT('',#6184);
#1884=VERTEX_POINT('',#6186);
#1885=VERTEX_POINT('',#6188);
#1886=VERTEX_POINT('',#6190);
#1887=VERTEX_POINT('',#6194);
#1888=VERTEX_POINT('',#6196);
#1889=VERTEX_POINT('',#6200);
#1890=VERTEX_POINT('',#6202);
#1891=VERTEX_POINT('',#6208);
#1892=VERTEX_POINT('',#6210);
#1893=VERTEX_POINT('',#6212);
#1894=VERTEX_POINT('',#6214);
#1895=VERTEX_POINT('',#6216);
#1896=VERTEX_POINT('',#6220);
#1897=VERTEX_POINT('',#6222);
#1898=VERTEX_POINT('',#6226);
#1899=VERTEX_POINT('',#6227);
#1900=VERTEX_POINT('',#6229);
#1901=VERTEX_POINT('',#6234);
#1902=VERTEX_POINT('',#6238);
#1903=VERTEX_POINT('',#6240);
#1904=VERTEX_POINT('',#6244);
#1905=VERTEX_POINT('',#6246);
#1906=VERTEX_POINT('',#6253);
#1907=VERTEX_POINT('',#6262);
#1908=VERTEX_POINT('',#6263);
#1909=VERTEX_POINT('',#6265);
#1910=VERTEX_POINT('',#6267);
#1911=VERTEX_POINT('',#6271);
#1912=VERTEX_POINT('',#6272);
#1913=VERTEX_POINT('',#6274);
#1914=VERTEX_POINT('',#6276);
#1915=VERTEX_POINT('',#6280);
#1916=VERTEX_POINT('',#6282);
#1917=VERTEX_POINT('',#6286);
#1918=VERTEX_POINT('',#6288);
#1919=VERTEX_POINT('',#6292);
#1920=VERTEX_POINT('',#6295);
#1921=VERTEX_POINT('',#6319);
#1922=VERTEX_POINT('',#6320);
#1923=VERTEX_POINT('',#6322);
#1924=VERTEX_POINT('',#6324);
#1925=VERTEX_POINT('',#6326);
#1926=VERTEX_POINT('',#6328);
#1927=VERTEX_POINT('',#6332);
#1928=VERTEX_POINT('',#6339);
#1929=VERTEX_POINT('',#6348);
#1930=VERTEX_POINT('',#6350);
#1931=VERTEX_POINT('',#6409);
#1932=VERTEX_POINT('',#6411);
#1933=VERTEX_POINT('',#6413);
#1934=VERTEX_POINT('',#6417);
#1935=VERTEX_POINT('',#6436);
#1936=VERTEX_POINT('',#6438);
#1937=VERTEX_POINT('',#6457);
#1938=VERTEX_POINT('',#6459);
#1939=VERTEX_POINT('',#6461);
#1940=VERTEX_POINT('',#6472);
#1941=VERTEX_POINT('',#6476);
#1942=VERTEX_POINT('',#6480);
#1943=VERTEX_POINT('',#6482);
#1944=VERTEX_POINT('',#6488);
#1945=VERTEX_POINT('',#6491);
#1946=VERTEX_POINT('',#6495);
#1947=VERTEX_POINT('',#6496);
#1948=VERTEX_POINT('',#6498);
#1949=VERTEX_POINT('',#6500);
#1950=VERTEX_POINT('',#6504);
#1951=VERTEX_POINT('',#6506);
#1952=VERTEX_POINT('',#6508);
#1953=VERTEX_POINT('',#6515);
#1954=VERTEX_POINT('',#6525);
#1955=VERTEX_POINT('',#6529);
#1956=VERTEX_POINT('',#6533);
#1957=VERTEX_POINT('',#6575);
#1958=VERTEX_POINT('',#6576);
#1959=VERTEX_POINT('',#6670);
#1960=VERTEX_POINT('',#6679);
#1961=VERTEX_POINT('',#6691);
#1962=VERTEX_POINT('',#6733);
#1963=VERTEX_POINT('',#6734);
#1964=VERTEX_POINT('',#6760);
#1965=VERTEX_POINT('',#6762);
#1966=VERTEX_POINT('',#6764);
#1967=VERTEX_POINT('',#6766);
#1968=VERTEX_POINT('',#6768);
#1969=VERTEX_POINT('',#6770);
#1970=VERTEX_POINT('',#6772);
#1971=VERTEX_POINT('',#6774);
#1972=VERTEX_POINT('',#6776);
#1973=VERTEX_POINT('',#6778);
#1974=VERTEX_POINT('',#6780);
#1975=VERTEX_POINT('',#6782);
#1976=VERTEX_POINT('',#6786);
#1977=VERTEX_POINT('',#6788);
#1978=VERTEX_POINT('',#6790);
#1979=VERTEX_POINT('',#6792);
#1980=VERTEX_POINT('',#6794);
#1981=VERTEX_POINT('',#6796);
#1982=VERTEX_POINT('',#6798);
#1983=VERTEX_POINT('',#6800);
#1984=VERTEX_POINT('',#6804);
#1985=VERTEX_POINT('',#6805);
#1986=VERTEX_POINT('',#6807);
#1987=VERTEX_POINT('',#6811);
#1988=VERTEX_POINT('',#6815);
#1989=VERTEX_POINT('',#6841);
#1990=VERTEX_POINT('',#6843);
#1991=VERTEX_POINT('',#6849);
#1992=VERTEX_POINT('',#6850);
#1993=VERTEX_POINT('',#6852);
#1994=VERTEX_POINT('',#6856);
#1995=VERTEX_POINT('',#6857);
#1996=VERTEX_POINT('',#6860);
#1997=VERTEX_POINT('',#6862);
#1998=VERTEX_POINT('',#6864);
#1999=VERTEX_POINT('',#6867);
#2000=VERTEX_POINT('',#6869);
#2001=VERTEX_POINT('',#6871);
#2002=VERTEX_POINT('',#6890);
#2003=VERTEX_POINT('',#6892);
#2004=VERTEX_POINT('',#6896);
#2005=VERTEX_POINT('',#6898);
#2006=VERTEX_POINT('',#6920);
#2007=VERTEX_POINT('',#6924);
#2008=VERTEX_POINT('',#6926);
#2009=VERTEX_POINT('',#6928);
#2010=VERTEX_POINT('',#6932);
#2011=VERTEX_POINT('',#6936);
#2012=VERTEX_POINT('',#6940);
#2013=VERTEX_POINT('',#6942);
#2014=VERTEX_POINT('',#6944);
#2015=VERTEX_POINT('',#6946);
#2016=VERTEX_POINT('',#6948);
#2017=VERTEX_POINT('',#6953);
#2018=VERTEX_POINT('',#6957);
#2019=VERTEX_POINT('',#6961);
#2020=VERTEX_POINT('',#6965);
#2021=VERTEX_POINT('',#6969);
#2022=VERTEX_POINT('',#6976);
#2023=VERTEX_POINT('',#6984);
#2024=VERTEX_POINT('',#6988);
#2025=VERTEX_POINT('',#6990);
#2026=VERTEX_POINT('',#6992);
#2027=VERTEX_POINT('',#7000);
#2028=VERTEX_POINT('',#7001);
#2029=VERTEX_POINT('',#7003);
#2030=VERTEX_POINT('',#7005);
#2031=VERTEX_POINT('',#7009);
#2032=VERTEX_POINT('',#7011);
#2033=VERTEX_POINT('',#7015);
#2034=VERTEX_POINT('',#7017);
#2035=VERTEX_POINT('',#7021);
#2036=VERTEX_POINT('',#7045);
#2037=VERTEX_POINT('',#7046);
#2038=VERTEX_POINT('',#7048);
#2039=VERTEX_POINT('',#7050);
#2040=VERTEX_POINT('',#7052);
#2041=VERTEX_POINT('',#7054);
#2042=VERTEX_POINT('',#7063);
#2043=VERTEX_POINT('',#7072);
#2044=VERTEX_POINT('',#7074);
#2045=VERTEX_POINT('',#7130);
#2046=VERTEX_POINT('',#7132);
#2047=VERTEX_POINT('',#7134);
#2048=VERTEX_POINT('',#7138);
#2049=VERTEX_POINT('',#7157);
#2050=VERTEX_POINT('',#7159);
#2051=VERTEX_POINT('',#7178);
#2052=VERTEX_POINT('',#7180);
#2053=VERTEX_POINT('',#7182);
#2054=VERTEX_POINT('',#7191);
#2055=VERTEX_POINT('',#7195);
#2056=VERTEX_POINT('',#7199);
#2057=VERTEX_POINT('',#7201);
#2058=VERTEX_POINT('',#7207);
#2059=VERTEX_POINT('',#7209);
#2060=VERTEX_POINT('',#7214);
#2061=VERTEX_POINT('',#7215);
#2062=VERTEX_POINT('',#7217);
#2063=VERTEX_POINT('',#7219);
#2064=VERTEX_POINT('',#7223);
#2065=VERTEX_POINT('',#7225);
#2066=VERTEX_POINT('',#7227);
#2067=VERTEX_POINT('',#7234);
#2068=VERTEX_POINT('',#7246);
#2069=VERTEX_POINT('',#7250);
#2070=VERTEX_POINT('',#7255);
#2071=VERTEX_POINT('',#7296);
#2072=VERTEX_POINT('',#7297);
#2073=VERTEX_POINT('',#7391);
#2074=VERTEX_POINT('',#7401);
#2075=VERTEX_POINT('',#7413);
#2076=VERTEX_POINT('',#7477);
#2077=VERTEX_POINT('',#7480);
#2078=VERTEX_POINT('',#7483);
#2079=VERTEX_POINT('',#7487);
#2080=VERTEX_POINT('',#7494);
#2081=VERTEX_POINT('',#7498);
#2082=EDGE_CURVE('',#1700,#1701,#606,.T.);
#2083=EDGE_CURVE('',#1700,#1702,#607,.T.);
#2084=EDGE_CURVE('',#1702,#1703,#608,.T.);
#2085=EDGE_CURVE('',#1704,#1703,#609,.T.);
#2086=EDGE_CURVE('',#1704,#1705,#610,.T.);
#2087=EDGE_CURVE('',#1705,#1706,#611,.T.);
#2088=EDGE_CURVE('',#1701,#1706,#612,.T.);
#2089=EDGE_CURVE('',#1707,#1707,#103,.T.);
#2090=EDGE_CURVE('',#1708,#1708,#104,.T.);
#2091=EDGE_CURVE('',#1709,#1710,#613,.T.);
#2092=EDGE_CURVE('',#1709,#1710,#614,.T.);
#2093=EDGE_CURVE('',#1711,#1712,#615,.T.);
#2094=EDGE_CURVE('',#1711,#1712,#616,.T.);
#2095=EDGE_CURVE('',#1713,#1700,#617,.T.);
#2096=EDGE_CURVE('',#1713,#1714,#618,.T.);
#2097=EDGE_CURVE('',#1715,#1714,#72,.T.);
#2098=EDGE_CURVE('',#1715,#1716,#619,.T.);
#2099=EDGE_CURVE('',#1717,#1716,#620,.T.);
#2100=EDGE_CURVE('',#1718,#1717,#621,.T.);
#2101=EDGE_CURVE('',#1718,#1719,#622,.T.);
#2102=EDGE_CURVE('',#1719,#1702,#623,.T.);
#2103=EDGE_CURVE('',#1720,#1721,#624,.T.);
#2104=EDGE_CURVE('',#1721,#1722,#625,.T.);
#2105=EDGE_CURVE('',#1722,#1723,#626,.T.);
#2106=EDGE_CURVE('',#1723,#1724,#627,.T.);
#2107=EDGE_CURVE('',#1724,#1725,#628,.T.);
#2108=EDGE_CURVE('',#1726,#1725,#629,.T.);
#2109=EDGE_CURVE('',#1727,#1726,#630,.T.);
#2110=EDGE_CURVE('',#1727,#1728,#631,.T.);
#2111=EDGE_CURVE('',#1728,#1729,#632,.T.);
#2112=EDGE_CURVE('',#1729,#1730,#633,.T.);
#2113=EDGE_CURVE('',#1730,#1731,#634,.T.);
#2114=EDGE_CURVE('',#1731,#1732,#635,.T.);
#2115=EDGE_CURVE('',#1732,#1733,#636,.T.);
#2116=EDGE_CURVE('',#1733,#1720,#637,.T.);
#2117=EDGE_CURVE('',#1734,#1735,#638,.T.);
#2118=EDGE_CURVE('',#1734,#1736,#639,.T.);
#2119=EDGE_CURVE('',#1725,#1736,#640,.T.);
#2120=EDGE_CURVE('',#1737,#1724,#641,.T.);
#2121=EDGE_CURVE('',#1737,#1722,#642,.T.);
#2122=EDGE_CURVE('',#1721,#1735,#643,.T.);
#2123=EDGE_CURVE('',#1738,#1739,#644,.T.);
#2124=EDGE_CURVE('',#1739,#1740,#105,.T.);
#2125=EDGE_CURVE('',#1740,#1741,#645,.T.);
#2126=EDGE_CURVE('',#1741,#1742,#646,.T.);
#2127=EDGE_CURVE('',#1742,#1743,#647,.T.);
#2128=EDGE_CURVE('',#1706,#1743,#648,.T.);
#2129=EDGE_CURVE('',#1705,#1734,#649,.T.);
#2130=EDGE_CURVE('',#1735,#1744,#650,.T.);
#2131=EDGE_CURVE('',#1744,#1738,#651,.T.);
#2132=EDGE_CURVE('',#1720,#1744,#652,.T.);
#2133=EDGE_CURVE('',#1745,#1746,#653,.T.);
#2134=EDGE_CURVE('',#1745,#1747,#654,.T.);
#2135=EDGE_CURVE('',#1746,#1747,#655,.T.);
#2136=EDGE_CURVE('',#1748,#1747,#656,.T.);
#2137=EDGE_CURVE('',#1749,#1748,#657,.T.);
#2138=EDGE_CURVE('',#1749,#1750,#658,.T.);
#2139=EDGE_CURVE('',#1751,#1750,#659,.T.);
#2140=EDGE_CURVE('',#1751,#1752,#660,.T.);
#2141=EDGE_CURVE('',#1752,#1753,#661,.T.);
#2142=EDGE_CURVE('',#1753,#1754,#662,.T.);
#2143=EDGE_CURVE('',#1755,#1754,#663,.T.);
#2144=EDGE_CURVE('',#1755,#1756,#664,.T.);
#2145=EDGE_CURVE('',#1757,#1756,#665,.T.);
#2146=EDGE_CURVE('',#1746,#1757,#666,.T.);
#2147=EDGE_CURVE('',#1758,#1749,#667,.T.);
#2148=EDGE_CURVE('',#1759,#1758,#668,.T.);
#2149=EDGE_CURVE('',#1760,#1759,#669,.T.);
#2150=EDGE_CURVE('',#1761,#1760,#670,.T.);
#2151=EDGE_CURVE('',#1762,#1761,#671,.T.);
#2152=EDGE_CURVE('',#1763,#1762,#672,.T.);
#2153=EDGE_CURVE('',#1763,#1764,#673,.T.);
#2154=EDGE_CURVE('',#1764,#1765,#674,.T.);
#2155=EDGE_CURVE('',#1765,#1766,#675,.T.);
#2156=EDGE_CURVE('',#1766,#1753,#676,.T.);
#2157=EDGE_CURVE('',#1767,#1752,#677,.T.);
#2158=EDGE_CURVE('',#1750,#1767,#678,.T.);
#2159=EDGE_CURVE('',#1768,#1748,#679,.T.);
#2160=EDGE_CURVE('',#1758,#1768,#680,.T.);
#2161=EDGE_CURVE('',#1769,#1745,#681,.T.);
#2162=EDGE_CURVE('',#1756,#1769,#682,.T.);
#2163=EDGE_CURVE('',#1704,#1755,#683,.T.);
#2164=EDGE_CURVE('',#1703,#1770,#684,.T.);
#2165=EDGE_CURVE('',#1771,#1770,#685,.T.);
#2166=EDGE_CURVE('',#1772,#1771,#686,.T.);
#2167=EDGE_CURVE('',#1773,#1772,#687,.T.);
#2168=EDGE_CURVE('',#1774,#1773,#106,.T.);
#2169=EDGE_CURVE('',#1775,#1774,#688,.T.);
#2170=EDGE_CURVE('',#1768,#1775,#689,.T.);
#2171=EDGE_CURVE('',#1769,#1757,#690,.T.);
#2172=EDGE_CURVE('',#1742,#1776,#691,.T.);
#2173=EDGE_CURVE('',#1776,#1777,#692,.T.);
#2174=EDGE_CURVE('',#1778,#1777,#693,.T.);
#2175=EDGE_CURVE('',#1778,#1779,#694,.T.);
#2176=EDGE_CURVE('',#1779,#1780,#695,.T.);
#2177=EDGE_CURVE('',#1780,#1743,#696,.T.);
#2178=EDGE_CURVE('',#1781,#1780,#697,.T.);
#2179=EDGE_CURVE('',#1781,#1782,#698,.T.);
#2180=EDGE_CURVE('',#1782,#1783,#699,.T.);
#2181=EDGE_CURVE('',#1783,#1701,#700,.T.);
#2182=EDGE_CURVE('',#1784,#1785,#58,.T.);
#2183=EDGE_CURVE('',#1785,#1784,#59,.T.);
#2184=EDGE_CURVE('',#1786,#1719,#701,.T.);
#2185=EDGE_CURVE('',#1787,#1786,#702,.T.);
#2186=EDGE_CURVE('',#1787,#1788,#703,.T.);
#2187=EDGE_CURVE('',#1788,#1770,#704,.T.);
#2188=EDGE_CURVE('',#1789,#1790,#60,.T.);
#2189=EDGE_CURVE('',#1790,#1789,#61,.T.);
#2190=EDGE_CURVE('',#1791,#1788,#705,.T.);
#2191=EDGE_CURVE('',#1792,#1791,#706,.T.);
#2192=EDGE_CURVE('',#1792,#1793,#707,.T.);
#2193=EDGE_CURVE('',#1794,#1793,#708,.T.);
#2194=EDGE_CURVE('',#1771,#1794,#709,.T.);
#2195=EDGE_CURVE('',#1729,#1795,#710,.T.);
#2196=EDGE_CURVE('',#1728,#1796,#711,.T.);
#2197=EDGE_CURVE('',#1795,#1796,#712,.T.);
#2198=EDGE_CURVE('',#1795,#1797,#713,.T.);
#2199=EDGE_CURVE('',#1796,#1798,#714,.T.);
#2200=EDGE_CURVE('',#1797,#1798,#715,.T.);
#2201=EDGE_CURVE('',#1799,#1800,#716,.T.);
#2202=EDGE_CURVE('',#1800,#1801,#717,.T.);
#2203=EDGE_CURVE('',#1801,#1802,#718,.T.);
#2204=EDGE_CURVE('',#1799,#1802,#719,.T.);
#2205=EDGE_CURVE('',#1797,#1800,#720,.T.);
#2206=EDGE_CURVE('',#1798,#1801,#721,.T.);
#2207=EDGE_CURVE('',#1763,#1803,#722,.T.);
#2208=EDGE_CURVE('',#1803,#1804,#723,.T.);
#2209=EDGE_CURVE('',#1804,#1764,#724,.T.);
#2210=EDGE_CURVE('',#1803,#1805,#725,.T.);
#2211=EDGE_CURVE('',#1805,#1806,#726,.T.);
#2212=EDGE_CURVE('',#1806,#1804,#727,.T.);
#2213=EDGE_CURVE('',#1805,#1807,#728,.T.);
#2214=EDGE_CURVE('',#1807,#1808,#729,.T.);
#2215=EDGE_CURVE('',#1808,#1806,#730,.T.);
#2216=EDGE_CURVE('',#1809,#1807,#731,.T.);
#2217=EDGE_CURVE('',#1810,#1809,#732,.T.);
#2218=EDGE_CURVE('',#1810,#1808,#733,.T.);
#2219=EDGE_CURVE('',#1802,#1811,#734,.T.);
#2220=EDGE_CURVE('',#1812,#1727,#735,.T.);
#2221=EDGE_CURVE('',#1813,#1812,#736,.T.);
#2222=EDGE_CURVE('',#1765,#1813,#737,.T.);
#2223=EDGE_CURVE('',#1814,#1810,#738,.T.);
#2224=EDGE_CURVE('',#1811,#1814,#739,.T.);
#2225=EDGE_CURVE('',#1815,#1815,#107,.T.);
#2226=EDGE_CURVE('',#1816,#1816,#108,.T.);
#2227=EDGE_CURVE('',#1817,#1817,#109,.T.);
#2228=EDGE_CURVE('',#1812,#1818,#740,.T.);
#2229=EDGE_CURVE('',#1818,#1819,#741,.T.);
#2230=EDGE_CURVE('',#1813,#1819,#742,.T.);
#2231=EDGE_CURVE('',#1818,#1726,#743,.T.);
#2232=EDGE_CURVE('',#1820,#1811,#744,.T.);
#2233=EDGE_CURVE('',#1821,#1820,#745,.T.);
#2234=EDGE_CURVE('',#1822,#1821,#746,.T.);
#2235=EDGE_CURVE('',#1823,#1822,#747,.T.);
#2236=EDGE_CURVE('',#1799,#1823,#748,.T.);
#2237=EDGE_CURVE('',#1824,#1823,#749,.T.);
#2238=EDGE_CURVE('',#1800,#1824,#750,.T.);
#2239=EDGE_CURVE('',#1825,#1822,#751,.T.);
#2240=EDGE_CURVE('',#1736,#1821,#752,.T.);
#2241=EDGE_CURVE('',#1754,#1826,#753,.T.);
#2242=EDGE_CURVE('',#1826,#1825,#754,.T.);
#2243=EDGE_CURVE('',#1827,#1809,#755,.T.);
#2244=EDGE_CURVE('',#1825,#1827,#756,.T.);
#2245=EDGE_CURVE('',#1828,#1826,#757,.T.);
#2246=EDGE_CURVE('',#1814,#1828,#758,.T.);
#2247=EDGE_CURVE('',#1829,#1829,#110,.T.);
#2248=EDGE_CURVE('',#1829,#1815,#759,.T.);
#2249=EDGE_CURVE('',#1830,#1830,#111,.T.);
#2250=EDGE_CURVE('',#1830,#1816,#760,.T.);
#2251=EDGE_CURVE('',#1831,#1831,#112,.T.);
#2252=EDGE_CURVE('',#1831,#1817,#761,.T.);
#2253=EDGE_CURVE('',#1832,#1833,#762,.T.);
#2254=EDGE_CURVE('',#1833,#1834,#763,.T.);
#2255=EDGE_CURVE('',#1834,#1835,#764,.T.);
#2256=EDGE_CURVE('',#1836,#1835,#765,.T.);
#2257=EDGE_CURVE('',#1836,#1837,#766,.T.);
#2258=EDGE_CURVE('',#1838,#1837,#767,.T.);
#2259=EDGE_CURVE('',#1839,#1838,#768,.T.);
#2260=EDGE_CURVE('',#1840,#1839,#769,.T.);
#2261=EDGE_CURVE('',#1824,#1840,#770,.T.);
#2262=EDGE_CURVE('',#1841,#1827,#771,.T.);
#2263=EDGE_CURVE('',#1841,#1842,#772,.T.);
#2264=EDGE_CURVE('',#1842,#1843,#773,.T.);
#2265=EDGE_CURVE('',#1843,#1844,#774,.T.);
#2266=EDGE_CURVE('',#1844,#1845,#775,.T.);
#2267=EDGE_CURVE('',#1846,#1845,#776,.T.);
#2268=EDGE_CURVE('',#1846,#1847,#777,.T.);
#2269=EDGE_CURVE('',#1848,#1847,#778,.T.);
#2270=EDGE_CURVE('',#1832,#1848,#779,.T.);
#2271=EDGE_CURVE('',#1849,#1850,#113,.T.);
#2272=EDGE_CURVE('',#1851,#1849,#780,.T.);
#2273=EDGE_CURVE('',#1850,#1851,#114,.T.);
#2274=EDGE_CURVE('',#1852,#1853,#115,.T.);
#2275=EDGE_CURVE('',#1853,#1852,#781,.T.);
#2276=EDGE_CURVE('',#1854,#1854,#116,.T.);
#2277=EDGE_CURVE('',#1855,#1855,#117,.T.);
#2278=EDGE_CURVE('',#1856,#1856,#118,.T.);
#2279=EDGE_CURVE('',#1707,#1856,#782,.T.);
#2280=EDGE_CURVE('',#1708,#1854,#783,.T.);
#2281=EDGE_CURVE('',#1857,#1858,#73,.T.);
#2282=EDGE_CURVE('',#1858,#1859,#119,.T.);
#2283=EDGE_CURVE('',#1859,#1857,#120,.T.);
#2284=EDGE_CURVE('',#1858,#1860,#62,.T.);
#2285=EDGE_CURVE('',#1860,#1857,#63,.T.);
#2286=EDGE_CURVE('',#1859,#1861,#784,.T.);
#2287=EDGE_CURVE('',#1861,#1715,#121,.T.);
#2288=EDGE_CURVE('',#1714,#1862,#74,.T.);
#2289=EDGE_CURVE('',#1862,#1861,#122,.T.);
#2290=EDGE_CURVE('',#1863,#1864,#785,.T.);
#2291=EDGE_CURVE('',#1864,#1865,#786,.T.);
#2292=EDGE_CURVE('',#1863,#1865,#787,.T.);
#2293=EDGE_CURVE('',#1866,#1867,#788,.T.);
#2294=EDGE_CURVE('',#1866,#1868,#789,.T.);
#2295=EDGE_CURVE('',#1868,#1869,#790,.T.);
#2296=EDGE_CURVE('',#1869,#1870,#791,.T.);
#2297=EDGE_CURVE('',#1870,#1787,#792,.T.);
#2298=EDGE_CURVE('',#1871,#1786,#793,.T.);
#2299=EDGE_CURVE('',#1871,#1872,#794,.T.);
#2300=EDGE_CURVE('',#1872,#1873,#795,.T.);
#2301=EDGE_CURVE('',#1873,#1874,#796,.T.);
#2302=EDGE_CURVE('',#1875,#1874,#797,.F.);
#2303=EDGE_CURVE('',#1867,#1875,#798,.T.);
#2304=EDGE_CURVE('',#1876,#1863,#799,.T.);
#2305=EDGE_CURVE('',#1877,#1865,#800,.T.);
#2306=EDGE_CURVE('',#1876,#1877,#801,.T.);
#2307=EDGE_CURVE('',#1878,#1867,#802,.T.);
#2308=EDGE_CURVE('',#1878,#1879,#803,.T.);
#2309=EDGE_CURVE('',#1879,#1866,#804,.T.);
#2310=EDGE_CURVE('',#1878,#1876,#805,.T.);
#2311=EDGE_CURVE('',#1879,#1877,#806,.T.);
#2312=EDGE_CURVE('',#1880,#1881,#807,.T.);
#2313=EDGE_CURVE('',#1880,#1882,#808,.T.);
#2314=EDGE_CURVE('',#1882,#1881,#809,.T.);
#2315=EDGE_CURVE('',#1880,#1883,#810,.T.);
#2316=EDGE_CURVE('',#1881,#1884,#811,.T.);
#2317=EDGE_CURVE('',#1885,#1884,#812,.T.);
#2318=EDGE_CURVE('',#1885,#1886,#813,.T.);
#2319=EDGE_CURVE('',#1886,#1883,#814,.T.);
#2320=EDGE_CURVE('',#1883,#1887,#815,.T.);
#2321=EDGE_CURVE('',#1886,#1888,#816,.T.);
#2322=EDGE_CURVE('',#1888,#1887,#817,.T.);
#2323=EDGE_CURVE('',#1887,#1889,#818,.T.);
#2324=EDGE_CURVE('',#1890,#1888,#819,.T.);
#2325=EDGE_CURVE('',#1890,#1889,#820,.T.);
#2326=EDGE_CURVE('',#1884,#1864,#821,.T.);
#2327=EDGE_CURVE('',#1832,#1882,#822,.T.);
#2328=EDGE_CURVE('',#1848,#1891,#823,.T.);
#2329=EDGE_CURVE('',#1891,#1892,#824,.T.);
#2330=EDGE_CURVE('',#1892,#1893,#825,.T.);
#2331=EDGE_CURVE('',#1893,#1894,#826,.T.);
#2332=EDGE_CURVE('',#1894,#1895,#827,.T.);
#2333=EDGE_CURVE('',#1895,#1865,#828,.T.);
#2334=EDGE_CURVE('',#1889,#1896,#829,.T.);
#2335=EDGE_CURVE('',#1897,#1890,#830,.T.);
#2336=EDGE_CURVE('',#1897,#1896,#831,.T.);
#2337=EDGE_CURVE('',#1898,#1899,#832,.T.);
#2338=EDGE_CURVE('',#1900,#1899,#833,.T.);
#2339=EDGE_CURVE('',#1900,#1898,#834,.T.);
#2340=EDGE_CURVE('',#1716,#1898,#835,.T.);
#2341=EDGE_CURVE('',#1900,#1901,#836,.T.);
#2342=EDGE_CURVE('',#1717,#1901,#123,.T.);
#2343=EDGE_CURVE('',#1896,#1902,#837,.T.);
#2344=EDGE_CURVE('',#1897,#1903,#838,.T.);
#2345=EDGE_CURVE('',#1903,#1902,#839,.T.);
#2346=EDGE_CURVE('',#1902,#1904,#840,.T.);
#2347=EDGE_CURVE('',#1905,#1903,#841,.T.);
#2348=EDGE_CURVE('',#1905,#1904,#842,.T.);
#2349=EDGE_CURVE('',#1886,#1905,#843,.T.);
#2350=EDGE_CURVE('',#1888,#1903,#844,.T.);
#2351=EDGE_CURVE('',#1906,#1906,#75,.T.);
#2352=EDGE_CURVE('',#1904,#1875,#845,.T.);
#2353=EDGE_CURVE('',#1905,#1878,#846,.T.);
#2354=EDGE_CURVE('',#1876,#1885,#847,.T.);
#2355=EDGE_CURVE('',#1907,#1908,#848,.T.);
#2356=EDGE_CURVE('',#1908,#1909,#849,.T.);
#2357=EDGE_CURVE('',#1909,#1910,#850,.T.);
#2358=EDGE_CURVE('',#1907,#1910,#851,.T.);
#2359=EDGE_CURVE('',#1911,#1912,#852,.T.);
#2360=EDGE_CURVE('',#1912,#1913,#853,.T.);
#2361=EDGE_CURVE('',#1914,#1913,#854,.T.);
#2362=EDGE_CURVE('',#1911,#1914,#855,.T.);
#2363=EDGE_CURVE('',#1911,#1915,#856,.T.);
#2364=EDGE_CURVE('',#1914,#1916,#857,.T.);
#2365=EDGE_CURVE('',#1915,#1916,#858,.T.);
#2366=EDGE_CURVE('',#1915,#1917,#859,.T.);
#2367=EDGE_CURVE('',#1916,#1918,#860,.T.);
#2368=EDGE_CURVE('',#1917,#1918,#861,.T.);
#2369=EDGE_CURVE('',#1919,#1917,#862,.T.);
#2370=EDGE_CURVE('',#1917,#1908,#863,.T.);
#2371=EDGE_CURVE('',#1920,#1908,#864,.T.);
#2372=EDGE_CURVE('',#1919,#1920,#865,.T.);
#2373=EDGE_CURVE('',#1918,#1900,#866,.T.);
#2374=EDGE_CURVE('',#1899,#1909,#867,.T.);
#2375=EDGE_CURVE('',#1918,#1909,#868,.T.);
#2376=EDGE_CURVE('',#1921,#1922,#869,.T.);
#2377=EDGE_CURVE('',#1921,#1923,#870,.T.);
#2378=EDGE_CURVE('',#1923,#1924,#871,.T.);
#2379=EDGE_CURVE('',#1925,#1924,#872,.T.);
#2380=EDGE_CURVE('',#1926,#1925,#873,.T.);
#2381=EDGE_CURVE('',#1922,#1926,#874,.T.);
#2382=EDGE_CURVE('',#1927,#1920,#875,.T.);
#2383=EDGE_CURVE('',#1927,#1922,#876,.T.);
#2384=EDGE_CURVE('',#1920,#1926,#877,.T.);
#2385=EDGE_CURVE('',#1926,#1919,#878,.T.);
#2386=EDGE_CURVE('',#1928,#1925,#64,.T.);
#2387=EDGE_CURVE('',#1919,#1928,#879,.T.);
#2388=EDGE_CURVE('',#1929,#1928,#880,.T.);
#2389=EDGE_CURVE('',#1929,#1930,#881,.T.);
#2390=EDGE_CURVE('',#1930,#1912,#882,.T.);
#2391=EDGE_CURVE('',#1925,#1929,#883,.T.);
#2392=EDGE_CURVE('',#1924,#1871,#884,.T.);
#2393=EDGE_CURVE('',#1871,#1913,#885,.T.);
#2394=EDGE_CURVE('',#1924,#1912,#886,.T.);
#2395=EDGE_CURVE('',#1807,#1841,#887,.T.);
#2396=EDGE_CURVE('',#1931,#1762,#888,.T.);
#2397=EDGE_CURVE('',#1931,#1932,#889,.T.);
#2398=EDGE_CURVE('',#1933,#1932,#890,.T.);
#2399=EDGE_CURVE('',#1933,#1842,#891,.T.);
#2400=EDGE_CURVE('',#1894,#1934,#892,.T.);
#2401=EDGE_CURVE('',#1934,#1895,#893,.T.);
#2402=EDGE_CURVE('',#1935,#1792,#894,.T.);
#2403=EDGE_CURVE('',#1935,#1936,#895,.T.);
#2404=EDGE_CURVE('',#1793,#1936,#896,.T.);
#2405=EDGE_CURVE('',#1937,#1935,#897,.T.);
#2406=EDGE_CURVE('',#1938,#1937,#898,.T.);
#2407=EDGE_CURVE('',#1938,#1939,#899,.T.);
#2408=EDGE_CURVE('',#1936,#1939,#900,.T.);
#2409=EDGE_CURVE('',#1751,#1767,#901,.T.);
#2410=EDGE_CURVE('',#1819,#1766,#902,.T.);
#2411=EDGE_CURVE('',#1759,#1775,#903,.T.);
#2412=EDGE_CURVE('',#1940,#1774,#904,.T.);
#2413=EDGE_CURVE('',#1760,#1940,#905,.T.);
#2414=EDGE_CURVE('',#1941,#1761,#906,.T.);
#2415=EDGE_CURVE('',#1941,#1931,#907,.T.);
#2416=EDGE_CURVE('',#1942,#1772,#908,.T.);
#2417=EDGE_CURVE('',#1943,#1942,#909,.T.);
#2418=EDGE_CURVE('',#1943,#1773,#910,.T.);
#2419=EDGE_CURVE('',#1942,#1794,#911,.T.);
#2420=EDGE_CURVE('',#1944,#1939,#912,.T.);
#2421=EDGE_CURVE('',#1844,#1944,#913,.T.);
#2422=EDGE_CURVE('',#1945,#1843,#914,.T.);
#2423=EDGE_CURVE('',#1936,#1945,#915,.T.);
#2424=EDGE_CURVE('',#1946,#1947,#916,.T.);
#2425=EDGE_CURVE('',#1946,#1948,#917,.T.);
#2426=EDGE_CURVE('',#1949,#1948,#918,.T.);
#2427=EDGE_CURVE('',#1949,#1947,#919,.T.);
#2428=EDGE_CURVE('',#1950,#1891,#920,.T.);
#2429=EDGE_CURVE('',#1951,#1950,#921,.T.);
#2430=EDGE_CURVE('',#1952,#1951,#922,.T.);
#2431=EDGE_CURVE('',#1952,#1892,#923,.T.);
#2432=EDGE_CURVE('',#1709,#1846,#924,.T.);
#2433=EDGE_CURVE('',#1847,#1709,#925,.T.);
#2434=EDGE_CURVE('',#1953,#1941,#926,.T.);
#2435=EDGE_CURVE('',#1943,#1940,#124,.T.);
#2436=EDGE_CURVE('',#1953,#1945,#927,.T.);
#2437=EDGE_CURVE('',#1945,#1933,#928,.T.);
#2438=EDGE_CURVE('',#1953,#1932,#929,.T.);
#2439=EDGE_CURVE('',#1954,#1934,#930,.T.);
#2440=EDGE_CURVE('',#1877,#1954,#931,.T.);
#2441=EDGE_CURVE('',#1893,#1955,#932,.T.);
#2442=EDGE_CURVE('',#1954,#1955,#933,.T.);
#2443=EDGE_CURVE('',#1879,#1956,#934,.T.);
#2444=EDGE_CURVE('',#1956,#1938,#935,.T.);
#2445=EDGE_CURVE('',#1868,#1938,#936,.T.);
#2446=EDGE_CURVE('',#1957,#1958,#65,.T.);
#2447=EDGE_CURVE('',#1957,#1789,#937,.T.);
#2448=EDGE_CURVE('',#1958,#1790,#938,.T.);
#2449=EDGE_CURVE('',#1958,#1957,#66,.T.);
#2450=EDGE_CURVE('',#1947,#1950,#939,.T.);
#2451=EDGE_CURVE('',#1951,#1949,#940,.T.);
#2452=EDGE_CURVE('',#1955,#1952,#941,.T.);
#2453=EDGE_CURVE('',#1956,#1948,#942,.T.);
#2454=EDGE_CURVE('',#1946,#1959,#943,.T.);
#2455=EDGE_CURVE('',#1959,#1944,#944,.T.);
#2456=EDGE_CURVE('',#1845,#1710,#945,.T.);
#2457=EDGE_CURVE('',#1710,#1959,#946,.T.);
#2458=EDGE_CURVE('',#1791,#1960,#947,.T.);
#2459=EDGE_CURVE('',#1869,#1960,#948,.T.);
#2460=EDGE_CURVE('',#1960,#1870,#949,.T.);
#2461=EDGE_CURVE('',#1923,#1872,#950,.T.);
#2462=EDGE_CURVE('',#1921,#1873,#951,.T.);
#2463=EDGE_CURVE('',#1901,#1961,#952,.T.);
#2464=EDGE_CURVE('',#1913,#1961,#953,.T.);
#2465=EDGE_CURVE('',#1871,#1718,#954,.T.);
#2466=EDGE_CURVE('',#1913,#1718,#955,.T.);
#2467=EDGE_CURVE('',#1961,#1717,#956,.T.);
#2468=EDGE_CURVE('',#1962,#1963,#957,.T.);
#2469=EDGE_CURVE('',#1922,#1962,#958,.T.);
#2470=EDGE_CURVE('',#1927,#1963,#959,.T.);
#2471=EDGE_CURVE('',#1874,#1962,#960,.T.);
#2472=EDGE_CURVE('',#1860,#1906,#961,.T.);
#2473=EDGE_CURVE('',#1964,#1963,#962,.T.);
#2474=EDGE_CURVE('',#1965,#1964,#963,.T.);
#2475=EDGE_CURVE('',#1966,#1965,#964,.T.);
#2476=EDGE_CURVE('',#1967,#1966,#965,.F.);
#2477=EDGE_CURVE('',#1968,#1967,#966,.T.);
#2478=EDGE_CURVE('',#1969,#1968,#967,.T.);
#2479=EDGE_CURVE('',#1970,#1969,#968,.T.);
#2480=EDGE_CURVE('',#1971,#1970,#969,.T.);
#2481=EDGE_CURVE('',#1972,#1971,#970,.T.);
#2482=EDGE_CURVE('',#1973,#1972,#971,.T.);
#2483=EDGE_CURVE('',#1974,#1973,#972,.T.);
#2484=EDGE_CURVE('',#1974,#1975,#973,.T.);
#2485=EDGE_CURVE('',#1833,#1975,#974,.T.);
#2486=EDGE_CURVE('',#1862,#1976,#975,.T.);
#2487=EDGE_CURVE('',#1976,#1977,#125,.T.);
#2488=EDGE_CURVE('',#1977,#1978,#126,.T.);
#2489=EDGE_CURVE('',#1978,#1979,#976,.T.);
#2490=EDGE_CURVE('',#1979,#1980,#977,.T.);
#2491=EDGE_CURVE('',#1980,#1981,#978,.T.);
#2492=EDGE_CURVE('',#1981,#1982,#979,.T.);
#2493=EDGE_CURVE('',#1982,#1983,#980,.T.);
#2494=EDGE_CURVE('',#1983,#1910,#981,.T.);
#2495=EDGE_CURVE('',#1984,#1985,#76,.T.);
#2496=EDGE_CURVE('',#1986,#1984,#127,.T.);
#2497=EDGE_CURVE('',#1985,#1986,#128,.T.);
#2498=EDGE_CURVE('',#1987,#1976,#77,.T.);
#2499=EDGE_CURVE('',#1978,#1987,#78,.T.);
#2500=EDGE_CURVE('',#1977,#1986,#982,.T.);
#2501=EDGE_CURVE('',#1988,#1984,#67,.T.);
#2502=EDGE_CURVE('',#1985,#1988,#68,.T.);
#2503=EDGE_CURVE('',#1989,#1783,#983,.T.);
#2504=EDGE_CURVE('',#1989,#1990,#984,.T.);
#2505=EDGE_CURVE('',#1990,#1979,#985,.T.);
#2506=EDGE_CURVE('',#1713,#1987,#986,.T.);
#2507=EDGE_CURVE('',#1991,#1992,#987,.T.);
#2508=EDGE_CURVE('',#1991,#1993,#988,.T.);
#2509=EDGE_CURVE('',#1992,#1993,#989,.T.);
#2510=EDGE_CURVE('',#1994,#1995,#990,.T.);
#2511=EDGE_CURVE('',#1995,#1967,#991,.T.);
#2512=EDGE_CURVE('',#1996,#1966,#992,.T.);
#2513=EDGE_CURVE('',#1997,#1996,#993,.T.);
#2514=EDGE_CURVE('',#1998,#1997,#994,.T.);
#2515=EDGE_CURVE('',#1998,#1782,#995,.T.);
#2516=EDGE_CURVE('',#1999,#1781,#996,.T.);
#2517=EDGE_CURVE('',#2000,#1999,#997,.T.);
#2518=EDGE_CURVE('',#2001,#2000,#998,.T.);
#2519=EDGE_CURVE('',#1994,#2001,#999,.T.);
#2520=EDGE_CURVE('',#2002,#1991,#1000,.T.);
#2521=EDGE_CURVE('',#2002,#2003,#1001,.T.);
#2522=EDGE_CURVE('',#2003,#1993,#1002,.T.);
#2523=EDGE_CURVE('',#2004,#1995,#1003,.T.);
#2524=EDGE_CURVE('',#2005,#1994,#1004,.T.);
#2525=EDGE_CURVE('',#2004,#2005,#1005,.T.);
#2526=EDGE_CURVE('',#2004,#2002,#1006,.T.);
#2527=EDGE_CURVE('',#2005,#2003,#1007,.T.);
#2528=EDGE_CURVE('',#1974,#2006,#1008,.T.);
#2529=EDGE_CURVE('',#1975,#2006,#1009,.T.);
#2530=EDGE_CURVE('',#2007,#1973,#1010,.T.);
#2531=EDGE_CURVE('',#2008,#2007,#1011,.T.);
#2532=EDGE_CURVE('',#2008,#2009,#1012,.T.);
#2533=EDGE_CURVE('',#2006,#2009,#1013,.T.);
#2534=EDGE_CURVE('',#2010,#1972,#1014,.T.);
#2535=EDGE_CURVE('',#2007,#2010,#1015,.T.);
#2536=EDGE_CURVE('',#2011,#1971,#1016,.T.);
#2537=EDGE_CURVE('',#2011,#2010,#1017,.T.);
#2538=EDGE_CURVE('',#2012,#1993,#1018,.T.);
#2539=EDGE_CURVE('',#2013,#2012,#1019,.T.);
#2540=EDGE_CURVE('',#2014,#2013,#1020,.T.);
#2541=EDGE_CURVE('',#2015,#2014,#1021,.T.);
#2542=EDGE_CURVE('',#2016,#2015,#1022,.T.);
#2543=EDGE_CURVE('',#1834,#2016,#1023,.T.);
#2544=EDGE_CURVE('',#2009,#1992,#1024,.T.);
#2545=EDGE_CURVE('',#2017,#1970,#1025,.T.);
#2546=EDGE_CURVE('',#2017,#2011,#1026,.T.);
#2547=EDGE_CURVE('',#2018,#1980,#1027,.T.);
#2548=EDGE_CURVE('',#2018,#1981,#1028,.T.);
#2549=EDGE_CURVE('',#1990,#2019,#129,.T.);
#2550=EDGE_CURVE('',#2018,#2019,#1029,.T.);
#2551=EDGE_CURVE('',#2020,#1969,#1030,.T.);
#2552=EDGE_CURVE('',#2017,#2020,#1031,.T.);
#2553=EDGE_CURVE('',#2021,#1968,#1032,.T.);
#2554=EDGE_CURVE('',#2021,#2020,#1033,.T.);
#2555=EDGE_CURVE('',#2007,#2021,#1034,.T.);
#2556=EDGE_CURVE('',#2010,#2020,#1035,.T.);
#2557=EDGE_CURVE('',#2022,#2022,#79,.T.);
#2558=EDGE_CURVE('',#2021,#2004,#1036,.T.);
#2559=EDGE_CURVE('',#2002,#2008,#1037,.T.);
#2560=EDGE_CURVE('',#2023,#1927,#1038,.T.);
#2561=EDGE_CURVE('',#2023,#1964,#1039,.T.);
#2562=EDGE_CURVE('',#1907,#2024,#1040,.T.);
#2563=EDGE_CURVE('',#2024,#2025,#1041,.T.);
#2564=EDGE_CURVE('',#2026,#2025,#1042,.T.);
#2565=EDGE_CURVE('',#2023,#2026,#1043,.T.);
#2566=EDGE_CURVE('',#2024,#1983,#1044,.T.);
#2567=EDGE_CURVE('',#2025,#1982,#1045,.T.);
#2568=EDGE_CURVE('',#2027,#2028,#1046,.T.);
#2569=EDGE_CURVE('',#2027,#2029,#1047,.T.);
#2570=EDGE_CURVE('',#2029,#2030,#1048,.T.);
#2571=EDGE_CURVE('',#2028,#2030,#1049,.T.);
#2572=EDGE_CURVE('',#2027,#2031,#1050,.T.);
#2573=EDGE_CURVE('',#2031,#2032,#1051,.T.);
#2574=EDGE_CURVE('',#2029,#2032,#1052,.T.);
#2575=EDGE_CURVE('',#2031,#2033,#1053,.T.);
#2576=EDGE_CURVE('',#2033,#2034,#1054,.T.);
#2577=EDGE_CURVE('',#2032,#2034,#1055,.T.);
#2578=EDGE_CURVE('',#2035,#2033,#1056,.T.);
#2579=EDGE_CURVE('',#2035,#2026,#1057,.T.);
#2580=EDGE_CURVE('',#2033,#2025,#1058,.T.);
#2581=EDGE_CURVE('',#2034,#2018,#1059,.T.);
#2582=EDGE_CURVE('',#2034,#1982,#1060,.T.);
#2583=EDGE_CURVE('',#2036,#2037,#1061,.T.);
#2584=EDGE_CURVE('',#2037,#2038,#1062,.T.);
#2585=EDGE_CURVE('',#2038,#2039,#1063,.T.);
#2586=EDGE_CURVE('',#2039,#2040,#1064,.T.);
#2587=EDGE_CURVE('',#2041,#2040,#1065,.T.);
#2588=EDGE_CURVE('',#2036,#2041,#1066,.T.);
#2589=EDGE_CURVE('',#2026,#2038,#1067,.T.);
#2590=EDGE_CURVE('',#2023,#2037,#1068,.T.);
#2591=EDGE_CURVE('',#2038,#2035,#1069,.T.);
#2592=EDGE_CURVE('',#2042,#2039,#69,.T.);
#2593=EDGE_CURVE('',#2035,#2042,#1070,.T.);
#2594=EDGE_CURVE('',#2043,#2042,#1071,.T.);
#2595=EDGE_CURVE('',#2044,#2028,#1072,.T.);
#2596=EDGE_CURVE('',#2043,#2044,#1073,.T.);
#2597=EDGE_CURVE('',#2039,#2043,#1074,.T.);
#2598=EDGE_CURVE('',#2040,#1998,#1075,.T.);
#2599=EDGE_CURVE('',#2040,#2028,#1076,.T.);
#2600=EDGE_CURVE('',#1998,#2030,#1077,.T.);
#2601=EDGE_CURVE('',#2045,#1840,#1078,.T.);
#2602=EDGE_CURVE('',#2045,#2046,#1079,.T.);
#2603=EDGE_CURVE('',#2047,#2046,#1080,.T.);
#2604=EDGE_CURVE('',#2047,#1730,#1081,.T.);
#2605=EDGE_CURVE('',#2048,#2012,#1082,.T.);
#2606=EDGE_CURVE('',#2013,#2048,#1083,.T.);
#2607=EDGE_CURVE('',#2049,#1778,#1084,.T.);
#2608=EDGE_CURVE('',#1777,#2050,#1085,.T.);
#2609=EDGE_CURVE('',#2049,#2050,#1086,.T.);
#2610=EDGE_CURVE('',#2051,#2049,#1087,.T.);
#2611=EDGE_CURVE('',#2050,#2052,#1088,.T.);
#2612=EDGE_CURVE('',#2053,#2052,#1089,.T.);
#2613=EDGE_CURVE('',#2053,#2051,#1090,.T.);
#2614=EDGE_CURVE('',#1737,#1723,#1091,.T.);
#2615=EDGE_CURVE('',#1733,#1738,#1092,.T.);
#2616=EDGE_CURVE('',#1732,#2054,#1093,.T.);
#2617=EDGE_CURVE('',#2054,#1739,#1094,.T.);
#2618=EDGE_CURVE('',#2055,#2047,#1095,.T.);
#2619=EDGE_CURVE('',#2055,#1731,#1096,.T.);
#2620=EDGE_CURVE('',#2056,#1740,#1097,.T.);
#2621=EDGE_CURVE('',#2056,#2057,#1098,.T.);
#2622=EDGE_CURVE('',#2057,#1741,#1099,.T.);
#2623=EDGE_CURVE('',#2057,#1776,#1100,.T.);
#2624=EDGE_CURVE('',#2058,#2052,#1101,.T.);
#2625=EDGE_CURVE('',#2050,#2059,#1102,.T.);
#2626=EDGE_CURVE('',#2059,#1839,#1103,.T.);
#2627=EDGE_CURVE('',#1838,#2058,#1104,.T.);
#2628=EDGE_CURVE('',#2060,#2061,#1105,.T.);
#2629=EDGE_CURVE('',#2062,#2061,#1106,.T.);
#2630=EDGE_CURVE('',#2062,#2063,#1107,.T.);
#2631=EDGE_CURVE('',#2060,#2063,#1108,.T.);
#2632=EDGE_CURVE('',#2064,#2015,#1109,.T.);
#2633=EDGE_CURVE('',#2064,#2065,#1110,.T.);
#2634=EDGE_CURVE('',#2065,#2066,#1111,.T.);
#2635=EDGE_CURVE('',#2066,#2016,#1112,.T.);
#2636=EDGE_CURVE('',#1711,#1836,#1113,.T.);
#2637=EDGE_CURVE('',#1835,#1711,#1114,.T.);
#2638=EDGE_CURVE('',#2067,#2055,#1115,.T.);
#2639=EDGE_CURVE('',#2067,#2059,#1116,.T.);
#2640=EDGE_CURVE('',#2056,#2054,#130,.T.);
#2641=EDGE_CURVE('',#2067,#2046,#1117,.T.);
#2642=EDGE_CURVE('',#2059,#2045,#1118,.T.);
#2643=EDGE_CURVE('',#1820,#1828,#1119,.T.);
#2644=EDGE_CURVE('',#2003,#2068,#1120,.T.);
#2645=EDGE_CURVE('',#2068,#2048,#1121,.T.);
#2646=EDGE_CURVE('',#2068,#2069,#1122,.T.);
#2647=EDGE_CURVE('',#2014,#2069,#1123,.T.);
#2648=EDGE_CURVE('',#2001,#2053,#1124,.T.);
#2649=EDGE_CURVE('',#2070,#2053,#1125,.T.);
#2650=EDGE_CURVE('',#2005,#2070,#1126,.T.);
#2651=EDGE_CURVE('',#2071,#2072,#70,.T.);
#2652=EDGE_CURVE('',#2072,#1785,#1127,.T.);
#2653=EDGE_CURVE('',#2071,#1784,#1128,.T.);
#2654=EDGE_CURVE('',#2072,#2071,#71,.T.);
#2655=EDGE_CURVE('',#2061,#2066,#1129,.T.);
#2656=EDGE_CURVE('',#2065,#2062,#1130,.T.);
#2657=EDGE_CURVE('',#2070,#2063,#1131,.T.);
#2658=EDGE_CURVE('',#2069,#2064,#1132,.T.);
#2659=EDGE_CURVE('',#2073,#2058,#1133,.T.);
#2660=EDGE_CURVE('',#2060,#2073,#1134,.T.);
#2661=EDGE_CURVE('',#1837,#1712,#1135,.T.);
#2662=EDGE_CURVE('',#1712,#2073,#1136,.T.);
#2663=EDGE_CURVE('',#2000,#2074,#1137,.T.);
#2664=EDGE_CURVE('',#1779,#2074,#1138,.T.);
#2665=EDGE_CURVE('',#2074,#1999,#1139,.T.);
#2666=EDGE_CURVE('',#2036,#1996,#1140,.T.);
#2667=EDGE_CURVE('',#2041,#1997,#1141,.T.);
#2668=EDGE_CURVE('',#2019,#2075,#1142,.T.);
#2669=EDGE_CURVE('',#2030,#2075,#1143,.T.);
#2670=EDGE_CURVE('',#2030,#1989,#1144,.T.);
#2671=EDGE_CURVE('',#1998,#1989,#1145,.T.);
#2672=EDGE_CURVE('',#2075,#1990,#1146,.T.);
#2673=EDGE_CURVE('',#2037,#1965,#1147,.T.);
#2674=EDGE_CURVE('',#1988,#2022,#1148,.T.);
#2675=EDGE_CURVE('',#1852,#2076,#131,.T.);
#2676=EDGE_CURVE('',#2076,#1853,#132,.T.);
#2677=EDGE_CURVE('',#2077,#2077,#133,.T.);
#2678=EDGE_CURVE('',#2078,#2078,#134,.T.);
#2679=EDGE_CURVE('',#2078,#2077,#1149,.T.);
#2680=EDGE_CURVE('',#2076,#2079,#1150,.T.);
#2681=EDGE_CURVE('',#2079,#2079,#135,.T.);
#2682=EDGE_CURVE('',#1849,#1851,#136,.T.);
#2683=EDGE_CURVE('',#2080,#2080,#137,.T.);
#2684=EDGE_CURVE('',#2080,#1855,#1151,.T.);
#2685=EDGE_CURVE('',#1850,#2081,#1152,.T.);
#2686=EDGE_CURVE('',#2081,#2081,#138,.T.);
#2687=ORIENTED_EDGE('',*,*,#2082,.F.);
#2688=ORIENTED_EDGE('',*,*,#2083,.T.);
#2689=ORIENTED_EDGE('',*,*,#2084,.T.);
#2690=ORIENTED_EDGE('',*,*,#2085,.F.);
#2691=ORIENTED_EDGE('',*,*,#2086,.T.);
#2692=ORIENTED_EDGE('',*,*,#2087,.T.);
#2693=ORIENTED_EDGE('',*,*,#2088,.F.);
#2694=ORIENTED_EDGE('',*,*,#2089,.T.);
#2695=ORIENTED_EDGE('',*,*,#2090,.T.);
#2696=ORIENTED_EDGE('',*,*,#2091,.F.);
#2697=ORIENTED_EDGE('',*,*,#2092,.T.);
#2698=ORIENTED_EDGE('',*,*,#2093,.T.);
#2699=ORIENTED_EDGE('',*,*,#2094,.F.);
#2700=ORIENTED_EDGE('',*,*,#2083,.F.);
#2701=ORIENTED_EDGE('',*,*,#2095,.F.);
#2702=ORIENTED_EDGE('',*,*,#2096,.T.);
#2703=ORIENTED_EDGE('',*,*,#2097,.F.);
#2704=ORIENTED_EDGE('',*,*,#2098,.T.);
#2705=ORIENTED_EDGE('',*,*,#2099,.F.);
#2706=ORIENTED_EDGE('',*,*,#2100,.F.);
#2707=ORIENTED_EDGE('',*,*,#2101,.T.);
#2708=ORIENTED_EDGE('',*,*,#2102,.T.);
#2709=ORIENTED_EDGE('',*,*,#2103,.T.);
#2710=ORIENTED_EDGE('',*,*,#2104,.T.);
#2711=ORIENTED_EDGE('',*,*,#2105,.T.);
#2712=ORIENTED_EDGE('',*,*,#2106,.T.);
#2713=ORIENTED_EDGE('',*,*,#2107,.T.);
#2714=ORIENTED_EDGE('',*,*,#2108,.F.);
#2715=ORIENTED_EDGE('',*,*,#2109,.F.);
#2716=ORIENTED_EDGE('',*,*,#2110,.T.);
#2717=ORIENTED_EDGE('',*,*,#2111,.T.);
#2718=ORIENTED_EDGE('',*,*,#2112,.T.);
#2719=ORIENTED_EDGE('',*,*,#2113,.T.);
#2720=ORIENTED_EDGE('',*,*,#2114,.T.);
#2721=ORIENTED_EDGE('',*,*,#2115,.T.);
#2722=ORIENTED_EDGE('',*,*,#2116,.T.);
#2723=ORIENTED_EDGE('',*,*,#2117,.F.);
#2724=ORIENTED_EDGE('',*,*,#2118,.T.);
#2725=ORIENTED_EDGE('',*,*,#2119,.F.);
#2726=ORIENTED_EDGE('',*,*,#2107,.F.);
#2727=ORIENTED_EDGE('',*,*,#2120,.F.);
#2728=ORIENTED_EDGE('',*,*,#2121,.T.);
#2729=ORIENTED_EDGE('',*,*,#2104,.F.);
#2730=ORIENTED_EDGE('',*,*,#2122,.T.);
#2731=ORIENTED_EDGE('',*,*,#2123,.T.);
#2732=ORIENTED_EDGE('',*,*,#2124,.T.);
#2733=ORIENTED_EDGE('',*,*,#2125,.T.);
#2734=ORIENTED_EDGE('',*,*,#2126,.T.);
#2735=ORIENTED_EDGE('',*,*,#2127,.T.);
#2736=ORIENTED_EDGE('',*,*,#2128,.F.);
#2737=ORIENTED_EDGE('',*,*,#2087,.F.);
#2738=ORIENTED_EDGE('',*,*,#2129,.T.);
#2739=ORIENTED_EDGE('',*,*,#2117,.T.);
#2740=ORIENTED_EDGE('',*,*,#2130,.T.);
#2741=ORIENTED_EDGE('',*,*,#2131,.T.);
#2742=ORIENTED_EDGE('',*,*,#2103,.F.);
#2743=ORIENTED_EDGE('',*,*,#2132,.T.);
#2744=ORIENTED_EDGE('',*,*,#2130,.F.);
#2745=ORIENTED_EDGE('',*,*,#2122,.F.);
#2746=ORIENTED_EDGE('',*,*,#2133,.F.);
#2747=ORIENTED_EDGE('',*,*,#2134,.T.);
#2748=ORIENTED_EDGE('',*,*,#2135,.F.);
#2749=ORIENTED_EDGE('',*,*,#2136,.F.);
#2750=ORIENTED_EDGE('',*,*,#2137,.F.);
#2751=ORIENTED_EDGE('',*,*,#2138,.T.);
#2752=ORIENTED_EDGE('',*,*,#2139,.F.);
#2753=ORIENTED_EDGE('',*,*,#2140,.T.);
#2754=ORIENTED_EDGE('',*,*,#2141,.T.);
#2755=ORIENTED_EDGE('',*,*,#2142,.T.);
#2756=ORIENTED_EDGE('',*,*,#2143,.F.);
#2757=ORIENTED_EDGE('',*,*,#2144,.T.);
#2758=ORIENTED_EDGE('',*,*,#2145,.F.);
#2759=ORIENTED_EDGE('',*,*,#2146,.F.);
#2760=ORIENTED_EDGE('',*,*,#2135,.T.);
#2761=ORIENTED_EDGE('',*,*,#2138,.F.);
#2762=ORIENTED_EDGE('',*,*,#2147,.F.);
#2763=ORIENTED_EDGE('',*,*,#2148,.F.);
#2764=ORIENTED_EDGE('',*,*,#2149,.F.);
#2765=ORIENTED_EDGE('',*,*,#2150,.F.);
#2766=ORIENTED_EDGE('',*,*,#2151,.F.);
#2767=ORIENTED_EDGE('',*,*,#2152,.F.);
#2768=ORIENTED_EDGE('',*,*,#2153,.T.);
#2769=ORIENTED_EDGE('',*,*,#2154,.T.);
#2770=ORIENTED_EDGE('',*,*,#2155,.T.);
#2771=ORIENTED_EDGE('',*,*,#2156,.T.);
#2772=ORIENTED_EDGE('',*,*,#2141,.F.);
#2773=ORIENTED_EDGE('',*,*,#2157,.F.);
#2774=ORIENTED_EDGE('',*,*,#2158,.F.);
#2775=ORIENTED_EDGE('',*,*,#2137,.T.);
#2776=ORIENTED_EDGE('',*,*,#2159,.F.);
#2777=ORIENTED_EDGE('',*,*,#2160,.F.);
#2778=ORIENTED_EDGE('',*,*,#2147,.T.);
#2779=ORIENTED_EDGE('',*,*,#2161,.F.);
#2780=ORIENTED_EDGE('',*,*,#2162,.F.);
#2781=ORIENTED_EDGE('',*,*,#2144,.F.);
#2782=ORIENTED_EDGE('',*,*,#2163,.F.);
#2783=ORIENTED_EDGE('',*,*,#2085,.T.);
#2784=ORIENTED_EDGE('',*,*,#2164,.T.);
#2785=ORIENTED_EDGE('',*,*,#2165,.F.);
#2786=ORIENTED_EDGE('',*,*,#2166,.F.);
#2787=ORIENTED_EDGE('',*,*,#2167,.F.);
#2788=ORIENTED_EDGE('',*,*,#2168,.F.);
#2789=ORIENTED_EDGE('',*,*,#2169,.F.);
#2790=ORIENTED_EDGE('',*,*,#2170,.F.);
#2791=ORIENTED_EDGE('',*,*,#2159,.T.);
#2792=ORIENTED_EDGE('',*,*,#2136,.T.);
#2793=ORIENTED_EDGE('',*,*,#2134,.F.);
#2794=ORIENTED_EDGE('',*,*,#2133,.T.);
#2795=ORIENTED_EDGE('',*,*,#2146,.T.);
#2796=ORIENTED_EDGE('',*,*,#2171,.F.);
#2797=ORIENTED_EDGE('',*,*,#2161,.T.);
#2798=ORIENTED_EDGE('',*,*,#2127,.F.);
#2799=ORIENTED_EDGE('',*,*,#2172,.T.);
#2800=ORIENTED_EDGE('',*,*,#2173,.T.);
#2801=ORIENTED_EDGE('',*,*,#2174,.F.);
#2802=ORIENTED_EDGE('',*,*,#2175,.T.);
#2803=ORIENTED_EDGE('',*,*,#2176,.T.);
#2804=ORIENTED_EDGE('',*,*,#2177,.T.);
#2805=ORIENTED_EDGE('',*,*,#2128,.T.);
#2806=ORIENTED_EDGE('',*,*,#2177,.F.);
#2807=ORIENTED_EDGE('',*,*,#2178,.F.);
#2808=ORIENTED_EDGE('',*,*,#2179,.T.);
#2809=ORIENTED_EDGE('',*,*,#2180,.T.);
#2810=ORIENTED_EDGE('',*,*,#2181,.T.);
#2811=ORIENTED_EDGE('',*,*,#2088,.T.);
#2812=ORIENTED_EDGE('',*,*,#2182,.T.);
#2813=ORIENTED_EDGE('',*,*,#2183,.T.);
#2814=ORIENTED_EDGE('',*,*,#2164,.F.);
#2815=ORIENTED_EDGE('',*,*,#2084,.F.);
#2816=ORIENTED_EDGE('',*,*,#2102,.F.);
#2817=ORIENTED_EDGE('',*,*,#2184,.F.);
#2818=ORIENTED_EDGE('',*,*,#2185,.F.);
#2819=ORIENTED_EDGE('',*,*,#2186,.T.);
#2820=ORIENTED_EDGE('',*,*,#2187,.T.);
#2821=ORIENTED_EDGE('',*,*,#2188,.F.);
#2822=ORIENTED_EDGE('',*,*,#2189,.F.);
#2823=ORIENTED_EDGE('',*,*,#2165,.T.);
#2824=ORIENTED_EDGE('',*,*,#2187,.F.);
#2825=ORIENTED_EDGE('',*,*,#2190,.F.);
#2826=ORIENTED_EDGE('',*,*,#2191,.F.);
#2827=ORIENTED_EDGE('',*,*,#2192,.T.);
#2828=ORIENTED_EDGE('',*,*,#2193,.F.);
#2829=ORIENTED_EDGE('',*,*,#2194,.F.);
#2830=ORIENTED_EDGE('',*,*,#2195,.F.);
#2831=ORIENTED_EDGE('',*,*,#2111,.F.);
#2832=ORIENTED_EDGE('',*,*,#2196,.T.);
#2833=ORIENTED_EDGE('',*,*,#2197,.F.);
#2834=ORIENTED_EDGE('',*,*,#2198,.F.);
#2835=ORIENTED_EDGE('',*,*,#2197,.T.);
#2836=ORIENTED_EDGE('',*,*,#2199,.T.);
#2837=ORIENTED_EDGE('',*,*,#2200,.F.);
#2838=ORIENTED_EDGE('',*,*,#2201,.T.);
#2839=ORIENTED_EDGE('',*,*,#2202,.T.);
#2840=ORIENTED_EDGE('',*,*,#2203,.T.);
#2841=ORIENTED_EDGE('',*,*,#2204,.F.);
#2842=ORIENTED_EDGE('',*,*,#2205,.F.);
#2843=ORIENTED_EDGE('',*,*,#2200,.T.);
#2844=ORIENTED_EDGE('',*,*,#2206,.T.);
#2845=ORIENTED_EDGE('',*,*,#2202,.F.);
#2846=ORIENTED_EDGE('',*,*,#2207,.T.);
#2847=ORIENTED_EDGE('',*,*,#2208,.T.);
#2848=ORIENTED_EDGE('',*,*,#2209,.T.);
#2849=ORIENTED_EDGE('',*,*,#2153,.F.);
#2850=ORIENTED_EDGE('',*,*,#2210,.T.);
#2851=ORIENTED_EDGE('',*,*,#2211,.T.);
#2852=ORIENTED_EDGE('',*,*,#2212,.T.);
#2853=ORIENTED_EDGE('',*,*,#2208,.F.);
#2854=ORIENTED_EDGE('',*,*,#2213,.T.);
#2855=ORIENTED_EDGE('',*,*,#2214,.T.);
#2856=ORIENTED_EDGE('',*,*,#2215,.T.);
#2857=ORIENTED_EDGE('',*,*,#2211,.F.);
#2858=ORIENTED_EDGE('',*,*,#2216,.F.);
#2859=ORIENTED_EDGE('',*,*,#2217,.F.);
#2860=ORIENTED_EDGE('',*,*,#2218,.T.);
#2861=ORIENTED_EDGE('',*,*,#2214,.F.);
#2862=ORIENTED_EDGE('',*,*,#2219,.F.);
#2863=ORIENTED_EDGE('',*,*,#2203,.F.);
#2864=ORIENTED_EDGE('',*,*,#2206,.F.);
#2865=ORIENTED_EDGE('',*,*,#2199,.F.);
#2866=ORIENTED_EDGE('',*,*,#2196,.F.);
#2867=ORIENTED_EDGE('',*,*,#2110,.F.);
#2868=ORIENTED_EDGE('',*,*,#2220,.F.);
#2869=ORIENTED_EDGE('',*,*,#2221,.F.);
#2870=ORIENTED_EDGE('',*,*,#2222,.F.);
#2871=ORIENTED_EDGE('',*,*,#2154,.F.);
#2872=ORIENTED_EDGE('',*,*,#2209,.F.);
#2873=ORIENTED_EDGE('',*,*,#2212,.F.);
#2874=ORIENTED_EDGE('',*,*,#2215,.F.);
#2875=ORIENTED_EDGE('',*,*,#2218,.F.);
#2876=ORIENTED_EDGE('',*,*,#2223,.F.);
#2877=ORIENTED_EDGE('',*,*,#2224,.F.);
#2878=ORIENTED_EDGE('',*,*,#2225,.F.);
#2879=ORIENTED_EDGE('',*,*,#2226,.F.);
#2880=ORIENTED_EDGE('',*,*,#2227,.F.);
#2881=ORIENTED_EDGE('',*,*,#2221,.T.);
#2882=ORIENTED_EDGE('',*,*,#2228,.T.);
#2883=ORIENTED_EDGE('',*,*,#2229,.T.);
#2884=ORIENTED_EDGE('',*,*,#2230,.F.);
#2885=ORIENTED_EDGE('',*,*,#2220,.T.);
#2886=ORIENTED_EDGE('',*,*,#2109,.T.);
#2887=ORIENTED_EDGE('',*,*,#2231,.F.);
#2888=ORIENTED_EDGE('',*,*,#2228,.F.);
#2889=ORIENTED_EDGE('',*,*,#2204,.T.);
#2890=ORIENTED_EDGE('',*,*,#2219,.T.);
#2891=ORIENTED_EDGE('',*,*,#2232,.F.);
#2892=ORIENTED_EDGE('',*,*,#2233,.F.);
#2893=ORIENTED_EDGE('',*,*,#2234,.F.);
#2894=ORIENTED_EDGE('',*,*,#2235,.F.);
#2895=ORIENTED_EDGE('',*,*,#2236,.F.);
#2896=ORIENTED_EDGE('',*,*,#2236,.T.);
#2897=ORIENTED_EDGE('',*,*,#2237,.F.);
#2898=ORIENTED_EDGE('',*,*,#2238,.F.);
#2899=ORIENTED_EDGE('',*,*,#2201,.F.);
#2900=ORIENTED_EDGE('',*,*,#2239,.T.);
#2901=ORIENTED_EDGE('',*,*,#2234,.T.);
#2902=ORIENTED_EDGE('',*,*,#2240,.F.);
#2903=ORIENTED_EDGE('',*,*,#2118,.F.);
#2904=ORIENTED_EDGE('',*,*,#2129,.F.);
#2905=ORIENTED_EDGE('',*,*,#2086,.F.);
#2906=ORIENTED_EDGE('',*,*,#2163,.T.);
#2907=ORIENTED_EDGE('',*,*,#2143,.T.);
#2908=ORIENTED_EDGE('',*,*,#2241,.T.);
#2909=ORIENTED_EDGE('',*,*,#2242,.T.);
#2910=ORIENTED_EDGE('',*,*,#2217,.T.);
#2911=ORIENTED_EDGE('',*,*,#2243,.F.);
#2912=ORIENTED_EDGE('',*,*,#2244,.F.);
#2913=ORIENTED_EDGE('',*,*,#2242,.F.);
#2914=ORIENTED_EDGE('',*,*,#2245,.F.);
#2915=ORIENTED_EDGE('',*,*,#2246,.F.);
#2916=ORIENTED_EDGE('',*,*,#2223,.T.);
#2917=ORIENTED_EDGE('',*,*,#2247,.F.);
#2918=ORIENTED_EDGE('',*,*,#2248,.T.);
#2919=ORIENTED_EDGE('',*,*,#2225,.T.);
#2920=ORIENTED_EDGE('',*,*,#2248,.F.);
#2921=ORIENTED_EDGE('',*,*,#2249,.F.);
#2922=ORIENTED_EDGE('',*,*,#2250,.T.);
#2923=ORIENTED_EDGE('',*,*,#2226,.T.);
#2924=ORIENTED_EDGE('',*,*,#2250,.F.);
#2925=ORIENTED_EDGE('',*,*,#2251,.F.);
#2926=ORIENTED_EDGE('',*,*,#2252,.T.);
#2927=ORIENTED_EDGE('',*,*,#2227,.T.);
#2928=ORIENTED_EDGE('',*,*,#2252,.F.);
#2929=ORIENTED_EDGE('',*,*,#2253,.T.);
#2930=ORIENTED_EDGE('',*,*,#2254,.T.);
#2931=ORIENTED_EDGE('',*,*,#2255,.T.);
#2932=ORIENTED_EDGE('',*,*,#2256,.F.);
#2933=ORIENTED_EDGE('',*,*,#2257,.T.);
#2934=ORIENTED_EDGE('',*,*,#2258,.F.);
#2935=ORIENTED_EDGE('',*,*,#2259,.F.);
#2936=ORIENTED_EDGE('',*,*,#2260,.F.);
#2937=ORIENTED_EDGE('',*,*,#2261,.F.);
#2938=ORIENTED_EDGE('',*,*,#2237,.T.);
#2939=ORIENTED_EDGE('',*,*,#2235,.T.);
#2940=ORIENTED_EDGE('',*,*,#2239,.F.);
#2941=ORIENTED_EDGE('',*,*,#2244,.T.);
#2942=ORIENTED_EDGE('',*,*,#2262,.F.);
#2943=ORIENTED_EDGE('',*,*,#2263,.T.);
#2944=ORIENTED_EDGE('',*,*,#2264,.T.);
#2945=ORIENTED_EDGE('',*,*,#2265,.T.);
#2946=ORIENTED_EDGE('',*,*,#2266,.T.);
#2947=ORIENTED_EDGE('',*,*,#2267,.F.);
#2948=ORIENTED_EDGE('',*,*,#2268,.T.);
#2949=ORIENTED_EDGE('',*,*,#2269,.F.);
#2950=ORIENTED_EDGE('',*,*,#2270,.F.);
#2951=ORIENTED_EDGE('',*,*,#2271,.F.);
#2952=ORIENTED_EDGE('',*,*,#2272,.F.);
#2953=ORIENTED_EDGE('',*,*,#2273,.F.);
#2954=ORIENTED_EDGE('',*,*,#2274,.F.);
#2955=ORIENTED_EDGE('',*,*,#2275,.F.);
#2956=ORIENTED_EDGE('',*,*,#2276,.T.);
#2957=ORIENTED_EDGE('',*,*,#2277,.F.);
#2958=ORIENTED_EDGE('',*,*,#2278,.T.);
#2959=ORIENTED_EDGE('',*,*,#2089,.F.);
#2960=ORIENTED_EDGE('',*,*,#2279,.T.);
#2961=ORIENTED_EDGE('',*,*,#2278,.F.);
#2962=ORIENTED_EDGE('',*,*,#2279,.F.);
#2963=ORIENTED_EDGE('',*,*,#2090,.F.);
#2964=ORIENTED_EDGE('',*,*,#2280,.T.);
#2965=ORIENTED_EDGE('',*,*,#2276,.F.);
#2966=ORIENTED_EDGE('',*,*,#2280,.F.);
#2967=ORIENTED_EDGE('',*,*,#2281,.T.);
#2968=ORIENTED_EDGE('',*,*,#2282,.T.);
#2969=ORIENTED_EDGE('',*,*,#2283,.T.);
#2970=ORIENTED_EDGE('',*,*,#2282,.F.);
#2971=ORIENTED_EDGE('',*,*,#2284,.T.);
#2972=ORIENTED_EDGE('',*,*,#2285,.T.);
#2973=ORIENTED_EDGE('',*,*,#2283,.F.);
#2974=ORIENTED_EDGE('',*,*,#2286,.T.);
#2975=ORIENTED_EDGE('',*,*,#2287,.T.);
#2976=ORIENTED_EDGE('',*,*,#2097,.T.);
#2977=ORIENTED_EDGE('',*,*,#2288,.T.);
#2978=ORIENTED_EDGE('',*,*,#2289,.T.);
#2979=ORIENTED_EDGE('',*,*,#2286,.F.);
#2980=ORIENTED_EDGE('',*,*,#2290,.T.);
#2981=ORIENTED_EDGE('',*,*,#2291,.T.);
#2982=ORIENTED_EDGE('',*,*,#2292,.F.);
#2983=ORIENTED_EDGE('',*,*,#2293,.F.);
#2984=ORIENTED_EDGE('',*,*,#2294,.T.);
#2985=ORIENTED_EDGE('',*,*,#2295,.T.);
#2986=ORIENTED_EDGE('',*,*,#2296,.T.);
#2987=ORIENTED_EDGE('',*,*,#2297,.T.);
#2988=ORIENTED_EDGE('',*,*,#2185,.T.);
#2989=ORIENTED_EDGE('',*,*,#2298,.F.);
#2990=ORIENTED_EDGE('',*,*,#2299,.T.);
#2991=ORIENTED_EDGE('',*,*,#2300,.T.);
#2992=ORIENTED_EDGE('',*,*,#2301,.T.);
#2993=ORIENTED_EDGE('',*,*,#2302,.F.);
#2994=ORIENTED_EDGE('',*,*,#2303,.F.);
#2995=ORIENTED_EDGE('',*,*,#2304,.T.);
#2996=ORIENTED_EDGE('',*,*,#2292,.T.);
#2997=ORIENTED_EDGE('',*,*,#2305,.F.);
#2998=ORIENTED_EDGE('',*,*,#2306,.F.);
#2999=ORIENTED_EDGE('',*,*,#2307,.F.);
#3000=ORIENTED_EDGE('',*,*,#2308,.T.);
#3001=ORIENTED_EDGE('',*,*,#2309,.T.);
#3002=ORIENTED_EDGE('',*,*,#2293,.T.);
#3003=ORIENTED_EDGE('',*,*,#2310,.T.);
#3004=ORIENTED_EDGE('',*,*,#2306,.T.);
#3005=ORIENTED_EDGE('',*,*,#2311,.F.);
#3006=ORIENTED_EDGE('',*,*,#2308,.F.);
#3007=ORIENTED_EDGE('',*,*,#2312,.F.);
#3008=ORIENTED_EDGE('',*,*,#2313,.T.);
#3009=ORIENTED_EDGE('',*,*,#2314,.T.);
#3010=ORIENTED_EDGE('',*,*,#2315,.F.);
#3011=ORIENTED_EDGE('',*,*,#2312,.T.);
#3012=ORIENTED_EDGE('',*,*,#2316,.T.);
#3013=ORIENTED_EDGE('',*,*,#2317,.F.);
#3014=ORIENTED_EDGE('',*,*,#2318,.T.);
#3015=ORIENTED_EDGE('',*,*,#2319,.T.);
#3016=ORIENTED_EDGE('',*,*,#2320,.F.);
#3017=ORIENTED_EDGE('',*,*,#2319,.F.);
#3018=ORIENTED_EDGE('',*,*,#2321,.T.);
#3019=ORIENTED_EDGE('',*,*,#2322,.T.);
#3020=ORIENTED_EDGE('',*,*,#2323,.F.);
#3021=ORIENTED_EDGE('',*,*,#2322,.F.);
#3022=ORIENTED_EDGE('',*,*,#2324,.F.);
#3023=ORIENTED_EDGE('',*,*,#2325,.T.);
#3024=ORIENTED_EDGE('',*,*,#2291,.F.);
#3025=ORIENTED_EDGE('',*,*,#2326,.F.);
#3026=ORIENTED_EDGE('',*,*,#2316,.F.);
#3027=ORIENTED_EDGE('',*,*,#2314,.F.);
#3028=ORIENTED_EDGE('',*,*,#2327,.F.);
#3029=ORIENTED_EDGE('',*,*,#2270,.T.);
#3030=ORIENTED_EDGE('',*,*,#2328,.T.);
#3031=ORIENTED_EDGE('',*,*,#2329,.T.);
#3032=ORIENTED_EDGE('',*,*,#2330,.T.);
#3033=ORIENTED_EDGE('',*,*,#2331,.T.);
#3034=ORIENTED_EDGE('',*,*,#2332,.T.);
#3035=ORIENTED_EDGE('',*,*,#2333,.T.);
#3036=ORIENTED_EDGE('',*,*,#2334,.F.);
#3037=ORIENTED_EDGE('',*,*,#2325,.F.);
#3038=ORIENTED_EDGE('',*,*,#2335,.F.);
#3039=ORIENTED_EDGE('',*,*,#2336,.T.);
#3040=ORIENTED_EDGE('',*,*,#2337,.T.);
#3041=ORIENTED_EDGE('',*,*,#2338,.F.);
#3042=ORIENTED_EDGE('',*,*,#2339,.T.);
#3043=ORIENTED_EDGE('',*,*,#2340,.T.);
#3044=ORIENTED_EDGE('',*,*,#2339,.F.);
#3045=ORIENTED_EDGE('',*,*,#2341,.T.);
#3046=ORIENTED_EDGE('',*,*,#2342,.F.);
#3047=ORIENTED_EDGE('',*,*,#2099,.T.);
#3048=ORIENTED_EDGE('',*,*,#2343,.F.);
#3049=ORIENTED_EDGE('',*,*,#2336,.F.);
#3050=ORIENTED_EDGE('',*,*,#2344,.T.);
#3051=ORIENTED_EDGE('',*,*,#2345,.T.);
#3052=ORIENTED_EDGE('',*,*,#2346,.F.);
#3053=ORIENTED_EDGE('',*,*,#2345,.F.);
#3054=ORIENTED_EDGE('',*,*,#2347,.F.);
#3055=ORIENTED_EDGE('',*,*,#2348,.T.);
#3056=ORIENTED_EDGE('',*,*,#2349,.T.);
#3057=ORIENTED_EDGE('',*,*,#2347,.T.);
#3058=ORIENTED_EDGE('',*,*,#2350,.F.);
#3059=ORIENTED_EDGE('',*,*,#2321,.F.);
#3060=ORIENTED_EDGE('',*,*,#2335,.T.);
#3061=ORIENTED_EDGE('',*,*,#2324,.T.);
#3062=ORIENTED_EDGE('',*,*,#2350,.T.);
#3063=ORIENTED_EDGE('',*,*,#2344,.F.);
#3064=ORIENTED_EDGE('',*,*,#2351,.T.);
#3065=ORIENTED_EDGE('',*,*,#2352,.F.);
#3066=ORIENTED_EDGE('',*,*,#2348,.F.);
#3067=ORIENTED_EDGE('',*,*,#2353,.T.);
#3068=ORIENTED_EDGE('',*,*,#2307,.T.);
#3069=ORIENTED_EDGE('',*,*,#2303,.T.);
#3070=ORIENTED_EDGE('',*,*,#2354,.T.);
#3071=ORIENTED_EDGE('',*,*,#2317,.T.);
#3072=ORIENTED_EDGE('',*,*,#2326,.T.);
#3073=ORIENTED_EDGE('',*,*,#2290,.F.);
#3074=ORIENTED_EDGE('',*,*,#2304,.F.);
#3075=ORIENTED_EDGE('',*,*,#2318,.F.);
#3076=ORIENTED_EDGE('',*,*,#2354,.F.);
#3077=ORIENTED_EDGE('',*,*,#2310,.F.);
#3078=ORIENTED_EDGE('',*,*,#2353,.F.);
#3079=ORIENTED_EDGE('',*,*,#2349,.F.);
#3080=ORIENTED_EDGE('',*,*,#2355,.T.);
#3081=ORIENTED_EDGE('',*,*,#2356,.T.);
#3082=ORIENTED_EDGE('',*,*,#2357,.T.);
#3083=ORIENTED_EDGE('',*,*,#2358,.F.);
#3084=ORIENTED_EDGE('',*,*,#2359,.T.);
#3085=ORIENTED_EDGE('',*,*,#2360,.T.);
#3086=ORIENTED_EDGE('',*,*,#2361,.F.);
#3087=ORIENTED_EDGE('',*,*,#2362,.F.);
#3088=ORIENTED_EDGE('',*,*,#2363,.F.);
#3089=ORIENTED_EDGE('',*,*,#2362,.T.);
#3090=ORIENTED_EDGE('',*,*,#2364,.T.);
#3091=ORIENTED_EDGE('',*,*,#2365,.F.);
#3092=ORIENTED_EDGE('',*,*,#2366,.F.);
#3093=ORIENTED_EDGE('',*,*,#2365,.T.);
#3094=ORIENTED_EDGE('',*,*,#2367,.T.);
#3095=ORIENTED_EDGE('',*,*,#2368,.F.);
#3096=ORIENTED_EDGE('',*,*,#2369,.T.);
#3097=ORIENTED_EDGE('',*,*,#2370,.T.);
#3098=ORIENTED_EDGE('',*,*,#2371,.F.);
#3099=ORIENTED_EDGE('',*,*,#2372,.F.);
#3100=ORIENTED_EDGE('',*,*,#2373,.T.);
#3101=ORIENTED_EDGE('',*,*,#2338,.T.);
#3102=ORIENTED_EDGE('',*,*,#2374,.T.);
#3103=ORIENTED_EDGE('',*,*,#2375,.F.);
#3104=ORIENTED_EDGE('',*,*,#2368,.T.);
#3105=ORIENTED_EDGE('',*,*,#2375,.T.);
#3106=ORIENTED_EDGE('',*,*,#2356,.F.);
#3107=ORIENTED_EDGE('',*,*,#2370,.F.);
#3108=ORIENTED_EDGE('',*,*,#2376,.F.);
#3109=ORIENTED_EDGE('',*,*,#2377,.T.);
#3110=ORIENTED_EDGE('',*,*,#2378,.T.);
#3111=ORIENTED_EDGE('',*,*,#2379,.F.);
#3112=ORIENTED_EDGE('',*,*,#2380,.F.);
#3113=ORIENTED_EDGE('',*,*,#2381,.F.);
#3114=ORIENTED_EDGE('',*,*,#2382,.F.);
#3115=ORIENTED_EDGE('',*,*,#2383,.T.);
#3116=ORIENTED_EDGE('',*,*,#2381,.T.);
#3117=ORIENTED_EDGE('',*,*,#2384,.F.);
#3118=ORIENTED_EDGE('',*,*,#2372,.T.);
#3119=ORIENTED_EDGE('',*,*,#2384,.T.);
#3120=ORIENTED_EDGE('',*,*,#2385,.T.);
#3121=ORIENTED_EDGE('',*,*,#2386,.F.);
#3122=ORIENTED_EDGE('',*,*,#2387,.F.);
#3123=ORIENTED_EDGE('',*,*,#2385,.F.);
#3124=ORIENTED_EDGE('',*,*,#2380,.T.);
#3125=ORIENTED_EDGE('',*,*,#2388,.F.);
#3126=ORIENTED_EDGE('',*,*,#2389,.T.);
#3127=ORIENTED_EDGE('',*,*,#2390,.T.);
#3128=ORIENTED_EDGE('',*,*,#2359,.F.);
#3129=ORIENTED_EDGE('',*,*,#2363,.T.);
#3130=ORIENTED_EDGE('',*,*,#2366,.T.);
#3131=ORIENTED_EDGE('',*,*,#2369,.F.);
#3132=ORIENTED_EDGE('',*,*,#2387,.T.);
#3133=ORIENTED_EDGE('',*,*,#2388,.T.);
#3134=ORIENTED_EDGE('',*,*,#2386,.T.);
#3135=ORIENTED_EDGE('',*,*,#2391,.T.);
#3136=ORIENTED_EDGE('',*,*,#2392,.T.);
#3137=ORIENTED_EDGE('',*,*,#2393,.T.);
#3138=ORIENTED_EDGE('',*,*,#2360,.F.);
#3139=ORIENTED_EDGE('',*,*,#2394,.F.);
#3140=ORIENTED_EDGE('',*,*,#2379,.T.);
#3141=ORIENTED_EDGE('',*,*,#2394,.T.);
#3142=ORIENTED_EDGE('',*,*,#2390,.F.);
#3143=ORIENTED_EDGE('',*,*,#2389,.F.);
#3144=ORIENTED_EDGE('',*,*,#2391,.F.);
#3145=ORIENTED_EDGE('',*,*,#2145,.T.);
#3146=ORIENTED_EDGE('',*,*,#2162,.T.);
#3147=ORIENTED_EDGE('',*,*,#2171,.T.);
#3148=ORIENTED_EDGE('',*,*,#2243,.T.);
#3149=ORIENTED_EDGE('',*,*,#2216,.T.);
#3150=ORIENTED_EDGE('',*,*,#2395,.T.);
#3151=ORIENTED_EDGE('',*,*,#2262,.T.);
#3152=ORIENTED_EDGE('',*,*,#2395,.F.);
#3153=ORIENTED_EDGE('',*,*,#2213,.F.);
#3154=ORIENTED_EDGE('',*,*,#2210,.F.);
#3155=ORIENTED_EDGE('',*,*,#2207,.F.);
#3156=ORIENTED_EDGE('',*,*,#2152,.T.);
#3157=ORIENTED_EDGE('',*,*,#2396,.F.);
#3158=ORIENTED_EDGE('',*,*,#2397,.T.);
#3159=ORIENTED_EDGE('',*,*,#2398,.F.);
#3160=ORIENTED_EDGE('',*,*,#2399,.T.);
#3161=ORIENTED_EDGE('',*,*,#2263,.F.);
#3162=ORIENTED_EDGE('',*,*,#2332,.F.);
#3163=ORIENTED_EDGE('',*,*,#2400,.T.);
#3164=ORIENTED_EDGE('',*,*,#2401,.T.);
#3165=ORIENTED_EDGE('',*,*,#2402,.F.);
#3166=ORIENTED_EDGE('',*,*,#2403,.T.);
#3167=ORIENTED_EDGE('',*,*,#2404,.F.);
#3168=ORIENTED_EDGE('',*,*,#2192,.F.);
#3169=ORIENTED_EDGE('',*,*,#2405,.F.);
#3170=ORIENTED_EDGE('',*,*,#2406,.F.);
#3171=ORIENTED_EDGE('',*,*,#2407,.T.);
#3172=ORIENTED_EDGE('',*,*,#2408,.F.);
#3173=ORIENTED_EDGE('',*,*,#2403,.F.);
#3174=ORIENTED_EDGE('',*,*,#2157,.T.);
#3175=ORIENTED_EDGE('',*,*,#2140,.F.);
#3176=ORIENTED_EDGE('',*,*,#2409,.T.);
#3177=ORIENTED_EDGE('',*,*,#2158,.T.);
#3178=ORIENTED_EDGE('',*,*,#2409,.F.);
#3179=ORIENTED_EDGE('',*,*,#2139,.T.);
#3180=ORIENTED_EDGE('',*,*,#2222,.T.);
#3181=ORIENTED_EDGE('',*,*,#2230,.T.);
#3182=ORIENTED_EDGE('',*,*,#2410,.T.);
#3183=ORIENTED_EDGE('',*,*,#2155,.F.);
#3184=ORIENTED_EDGE('',*,*,#2148,.T.);
#3185=ORIENTED_EDGE('',*,*,#2160,.T.);
#3186=ORIENTED_EDGE('',*,*,#2170,.T.);
#3187=ORIENTED_EDGE('',*,*,#2411,.F.);
#3188=ORIENTED_EDGE('',*,*,#2149,.T.);
#3189=ORIENTED_EDGE('',*,*,#2411,.T.);
#3190=ORIENTED_EDGE('',*,*,#2169,.T.);
#3191=ORIENTED_EDGE('',*,*,#2412,.F.);
#3192=ORIENTED_EDGE('',*,*,#2413,.F.);
#3193=ORIENTED_EDGE('',*,*,#2151,.T.);
#3194=ORIENTED_EDGE('',*,*,#2414,.F.);
#3195=ORIENTED_EDGE('',*,*,#2415,.T.);
#3196=ORIENTED_EDGE('',*,*,#2396,.T.);
#3197=ORIENTED_EDGE('',*,*,#2167,.T.);
#3198=ORIENTED_EDGE('',*,*,#2416,.F.);
#3199=ORIENTED_EDGE('',*,*,#2417,.F.);
#3200=ORIENTED_EDGE('',*,*,#2418,.T.);
#3201=ORIENTED_EDGE('',*,*,#2419,.F.);
#3202=ORIENTED_EDGE('',*,*,#2416,.T.);
#3203=ORIENTED_EDGE('',*,*,#2166,.T.);
#3204=ORIENTED_EDGE('',*,*,#2194,.T.);
#3205=ORIENTED_EDGE('',*,*,#2420,.F.);
#3206=ORIENTED_EDGE('',*,*,#2421,.F.);
#3207=ORIENTED_EDGE('',*,*,#2265,.F.);
#3208=ORIENTED_EDGE('',*,*,#2422,.F.);
#3209=ORIENTED_EDGE('',*,*,#2423,.F.);
#3210=ORIENTED_EDGE('',*,*,#2408,.T.);
#3211=ORIENTED_EDGE('',*,*,#2424,.F.);
#3212=ORIENTED_EDGE('',*,*,#2425,.T.);
#3213=ORIENTED_EDGE('',*,*,#2426,.F.);
#3214=ORIENTED_EDGE('',*,*,#2427,.T.);
#3215=ORIENTED_EDGE('',*,*,#2329,.F.);
#3216=ORIENTED_EDGE('',*,*,#2428,.F.);
#3217=ORIENTED_EDGE('',*,*,#2429,.F.);
#3218=ORIENTED_EDGE('',*,*,#2430,.F.);
#3219=ORIENTED_EDGE('',*,*,#2431,.T.);
#3220=ORIENTED_EDGE('',*,*,#2432,.F.);
#3221=ORIENTED_EDGE('',*,*,#2433,.F.);
#3222=ORIENTED_EDGE('',*,*,#2268,.F.);
#3223=ORIENTED_EDGE('',*,*,#2434,.T.);
#3224=ORIENTED_EDGE('',*,*,#2414,.T.);
#3225=ORIENTED_EDGE('',*,*,#2150,.T.);
#3226=ORIENTED_EDGE('',*,*,#2413,.T.);
#3227=ORIENTED_EDGE('',*,*,#2435,.F.);
#3228=ORIENTED_EDGE('',*,*,#2417,.T.);
#3229=ORIENTED_EDGE('',*,*,#2419,.T.);
#3230=ORIENTED_EDGE('',*,*,#2193,.T.);
#3231=ORIENTED_EDGE('',*,*,#2404,.T.);
#3232=ORIENTED_EDGE('',*,*,#2423,.T.);
#3233=ORIENTED_EDGE('',*,*,#2436,.F.);
#3234=ORIENTED_EDGE('',*,*,#2436,.T.);
#3235=ORIENTED_EDGE('',*,*,#2437,.T.);
#3236=ORIENTED_EDGE('',*,*,#2398,.T.);
#3237=ORIENTED_EDGE('',*,*,#2438,.F.);
#3238=ORIENTED_EDGE('',*,*,#2397,.F.);
#3239=ORIENTED_EDGE('',*,*,#2415,.F.);
#3240=ORIENTED_EDGE('',*,*,#2434,.F.);
#3241=ORIENTED_EDGE('',*,*,#2438,.T.);
#3242=ORIENTED_EDGE('',*,*,#2264,.F.);
#3243=ORIENTED_EDGE('',*,*,#2399,.F.);
#3244=ORIENTED_EDGE('',*,*,#2437,.F.);
#3245=ORIENTED_EDGE('',*,*,#2422,.T.);
#3246=ORIENTED_EDGE('',*,*,#2333,.F.);
#3247=ORIENTED_EDGE('',*,*,#2401,.F.);
#3248=ORIENTED_EDGE('',*,*,#2439,.F.);
#3249=ORIENTED_EDGE('',*,*,#2440,.F.);
#3250=ORIENTED_EDGE('',*,*,#2305,.T.);
#3251=ORIENTED_EDGE('',*,*,#2331,.F.);
#3252=ORIENTED_EDGE('',*,*,#2441,.T.);
#3253=ORIENTED_EDGE('',*,*,#2442,.F.);
#3254=ORIENTED_EDGE('',*,*,#2439,.T.);
#3255=ORIENTED_EDGE('',*,*,#2400,.F.);
#3256=ORIENTED_EDGE('',*,*,#2294,.F.);
#3257=ORIENTED_EDGE('',*,*,#2309,.F.);
#3258=ORIENTED_EDGE('',*,*,#2443,.T.);
#3259=ORIENTED_EDGE('',*,*,#2444,.T.);
#3260=ORIENTED_EDGE('',*,*,#2445,.F.);
#3261=ORIENTED_EDGE('',*,*,#2446,.F.);
#3262=ORIENTED_EDGE('',*,*,#2447,.T.);
#3263=ORIENTED_EDGE('',*,*,#2188,.T.);
#3264=ORIENTED_EDGE('',*,*,#2448,.F.);
#3265=ORIENTED_EDGE('',*,*,#2449,.F.);
#3266=ORIENTED_EDGE('',*,*,#2448,.T.);
#3267=ORIENTED_EDGE('',*,*,#2189,.T.);
#3268=ORIENTED_EDGE('',*,*,#2447,.F.);
#3269=ORIENTED_EDGE('',*,*,#2450,.F.);
#3270=ORIENTED_EDGE('',*,*,#2427,.F.);
#3271=ORIENTED_EDGE('',*,*,#2451,.F.);
#3272=ORIENTED_EDGE('',*,*,#2429,.T.);
#3273=ORIENTED_EDGE('',*,*,#2311,.T.);
#3274=ORIENTED_EDGE('',*,*,#2440,.T.);
#3275=ORIENTED_EDGE('',*,*,#2442,.T.);
#3276=ORIENTED_EDGE('',*,*,#2452,.T.);
#3277=ORIENTED_EDGE('',*,*,#2430,.T.);
#3278=ORIENTED_EDGE('',*,*,#2451,.T.);
#3279=ORIENTED_EDGE('',*,*,#2426,.T.);
#3280=ORIENTED_EDGE('',*,*,#2453,.F.);
#3281=ORIENTED_EDGE('',*,*,#2443,.F.);
#3282=ORIENTED_EDGE('',*,*,#2446,.T.);
#3283=ORIENTED_EDGE('',*,*,#2449,.T.);
#3284=ORIENTED_EDGE('',*,*,#2407,.F.);
#3285=ORIENTED_EDGE('',*,*,#2444,.F.);
#3286=ORIENTED_EDGE('',*,*,#2453,.T.);
#3287=ORIENTED_EDGE('',*,*,#2425,.F.);
#3288=ORIENTED_EDGE('',*,*,#2454,.T.);
#3289=ORIENTED_EDGE('',*,*,#2455,.T.);
#3290=ORIENTED_EDGE('',*,*,#2420,.T.);
#3291=ORIENTED_EDGE('',*,*,#2456,.F.);
#3292=ORIENTED_EDGE('',*,*,#2266,.F.);
#3293=ORIENTED_EDGE('',*,*,#2421,.T.);
#3294=ORIENTED_EDGE('',*,*,#2455,.F.);
#3295=ORIENTED_EDGE('',*,*,#2457,.F.);
#3296=ORIENTED_EDGE('',*,*,#2092,.F.);
#3297=ORIENTED_EDGE('',*,*,#2432,.T.);
#3298=ORIENTED_EDGE('',*,*,#2267,.T.);
#3299=ORIENTED_EDGE('',*,*,#2456,.T.);
#3300=ORIENTED_EDGE('',*,*,#2435,.T.);
#3301=ORIENTED_EDGE('',*,*,#2412,.T.);
#3302=ORIENTED_EDGE('',*,*,#2168,.T.);
#3303=ORIENTED_EDGE('',*,*,#2418,.F.);
#3304=ORIENTED_EDGE('',*,*,#2295,.F.);
#3305=ORIENTED_EDGE('',*,*,#2445,.T.);
#3306=ORIENTED_EDGE('',*,*,#2406,.T.);
#3307=ORIENTED_EDGE('',*,*,#2405,.T.);
#3308=ORIENTED_EDGE('',*,*,#2402,.T.);
#3309=ORIENTED_EDGE('',*,*,#2191,.T.);
#3310=ORIENTED_EDGE('',*,*,#2458,.T.);
#3311=ORIENTED_EDGE('',*,*,#2459,.F.);
#3312=ORIENTED_EDGE('',*,*,#2297,.F.);
#3313=ORIENTED_EDGE('',*,*,#2460,.F.);
#3314=ORIENTED_EDGE('',*,*,#2458,.F.);
#3315=ORIENTED_EDGE('',*,*,#2190,.T.);
#3316=ORIENTED_EDGE('',*,*,#2186,.F.);
#3317=ORIENTED_EDGE('',*,*,#2328,.F.);
#3318=ORIENTED_EDGE('',*,*,#2269,.T.);
#3319=ORIENTED_EDGE('',*,*,#2433,.T.);
#3320=ORIENTED_EDGE('',*,*,#2091,.T.);
#3321=ORIENTED_EDGE('',*,*,#2457,.T.);
#3322=ORIENTED_EDGE('',*,*,#2454,.F.);
#3323=ORIENTED_EDGE('',*,*,#2424,.T.);
#3324=ORIENTED_EDGE('',*,*,#2450,.T.);
#3325=ORIENTED_EDGE('',*,*,#2428,.T.);
#3326=ORIENTED_EDGE('',*,*,#2330,.F.);
#3327=ORIENTED_EDGE('',*,*,#2431,.F.);
#3328=ORIENTED_EDGE('',*,*,#2452,.F.);
#3329=ORIENTED_EDGE('',*,*,#2441,.F.);
#3330=ORIENTED_EDGE('',*,*,#2300,.F.);
#3331=ORIENTED_EDGE('',*,*,#2461,.F.);
#3332=ORIENTED_EDGE('',*,*,#2377,.F.);
#3333=ORIENTED_EDGE('',*,*,#2462,.T.);
#3334=ORIENTED_EDGE('',*,*,#2296,.F.);
#3335=ORIENTED_EDGE('',*,*,#2459,.T.);
#3336=ORIENTED_EDGE('',*,*,#2460,.T.);
#3337=ORIENTED_EDGE('',*,*,#2463,.F.);
#3338=ORIENTED_EDGE('',*,*,#2341,.F.);
#3339=ORIENTED_EDGE('',*,*,#2373,.F.);
#3340=ORIENTED_EDGE('',*,*,#2367,.F.);
#3341=ORIENTED_EDGE('',*,*,#2364,.F.);
#3342=ORIENTED_EDGE('',*,*,#2361,.T.);
#3343=ORIENTED_EDGE('',*,*,#2464,.T.);
#3344=ORIENTED_EDGE('',*,*,#2393,.F.);
#3345=ORIENTED_EDGE('',*,*,#2465,.T.);
#3346=ORIENTED_EDGE('',*,*,#2466,.F.);
#3347=ORIENTED_EDGE('',*,*,#2464,.F.);
#3348=ORIENTED_EDGE('',*,*,#2466,.T.);
#3349=ORIENTED_EDGE('',*,*,#2100,.T.);
#3350=ORIENTED_EDGE('',*,*,#2467,.F.);
#3351=ORIENTED_EDGE('',*,*,#2463,.T.);
#3352=ORIENTED_EDGE('',*,*,#2467,.T.);
#3353=ORIENTED_EDGE('',*,*,#2342,.T.);
#3354=ORIENTED_EDGE('',*,*,#2299,.F.);
#3355=ORIENTED_EDGE('',*,*,#2392,.F.);
#3356=ORIENTED_EDGE('',*,*,#2378,.F.);
#3357=ORIENTED_EDGE('',*,*,#2461,.T.);
#3358=ORIENTED_EDGE('',*,*,#2184,.T.);
#3359=ORIENTED_EDGE('',*,*,#2101,.F.);
#3360=ORIENTED_EDGE('',*,*,#2465,.F.);
#3361=ORIENTED_EDGE('',*,*,#2298,.T.);
#3362=ORIENTED_EDGE('',*,*,#2468,.F.);
#3363=ORIENTED_EDGE('',*,*,#2469,.F.);
#3364=ORIENTED_EDGE('',*,*,#2383,.F.);
#3365=ORIENTED_EDGE('',*,*,#2470,.T.);
#3366=ORIENTED_EDGE('',*,*,#2471,.F.);
#3367=ORIENTED_EDGE('',*,*,#2301,.F.);
#3368=ORIENTED_EDGE('',*,*,#2462,.F.);
#3369=ORIENTED_EDGE('',*,*,#2376,.T.);
#3370=ORIENTED_EDGE('',*,*,#2469,.T.);
#3371=ORIENTED_EDGE('',*,*,#2284,.F.);
#3372=ORIENTED_EDGE('',*,*,#2281,.F.);
#3373=ORIENTED_EDGE('',*,*,#2285,.F.);
#3374=ORIENTED_EDGE('',*,*,#2472,.T.);
#3375=ORIENTED_EDGE('',*,*,#2351,.F.);
#3376=ORIENTED_EDGE('',*,*,#2472,.F.);
#3377=ORIENTED_EDGE('',*,*,#2473,.F.);
#3378=ORIENTED_EDGE('',*,*,#2474,.F.);
#3379=ORIENTED_EDGE('',*,*,#2475,.F.);
#3380=ORIENTED_EDGE('',*,*,#2476,.F.);
#3381=ORIENTED_EDGE('',*,*,#2477,.F.);
#3382=ORIENTED_EDGE('',*,*,#2478,.F.);
#3383=ORIENTED_EDGE('',*,*,#2479,.F.);
#3384=ORIENTED_EDGE('',*,*,#2480,.F.);
#3385=ORIENTED_EDGE('',*,*,#2481,.F.);
#3386=ORIENTED_EDGE('',*,*,#2482,.F.);
#3387=ORIENTED_EDGE('',*,*,#2483,.F.);
#3388=ORIENTED_EDGE('',*,*,#2484,.T.);
#3389=ORIENTED_EDGE('',*,*,#2485,.F.);
#3390=ORIENTED_EDGE('',*,*,#2253,.F.);
#3391=ORIENTED_EDGE('',*,*,#2327,.T.);
#3392=ORIENTED_EDGE('',*,*,#2313,.F.);
#3393=ORIENTED_EDGE('',*,*,#2315,.T.);
#3394=ORIENTED_EDGE('',*,*,#2320,.T.);
#3395=ORIENTED_EDGE('',*,*,#2323,.T.);
#3396=ORIENTED_EDGE('',*,*,#2334,.T.);
#3397=ORIENTED_EDGE('',*,*,#2343,.T.);
#3398=ORIENTED_EDGE('',*,*,#2346,.T.);
#3399=ORIENTED_EDGE('',*,*,#2352,.T.);
#3400=ORIENTED_EDGE('',*,*,#2302,.T.);
#3401=ORIENTED_EDGE('',*,*,#2471,.T.);
#3402=ORIENTED_EDGE('',*,*,#2468,.T.);
#3403=ORIENTED_EDGE('',*,*,#2486,.T.);
#3404=ORIENTED_EDGE('',*,*,#2487,.T.);
#3405=ORIENTED_EDGE('',*,*,#2488,.T.);
#3406=ORIENTED_EDGE('',*,*,#2489,.T.);
#3407=ORIENTED_EDGE('',*,*,#2490,.T.);
#3408=ORIENTED_EDGE('',*,*,#2491,.T.);
#3409=ORIENTED_EDGE('',*,*,#2492,.T.);
#3410=ORIENTED_EDGE('',*,*,#2493,.T.);
#3411=ORIENTED_EDGE('',*,*,#2494,.T.);
#3412=ORIENTED_EDGE('',*,*,#2357,.F.);
#3413=ORIENTED_EDGE('',*,*,#2374,.F.);
#3414=ORIENTED_EDGE('',*,*,#2337,.F.);
#3415=ORIENTED_EDGE('',*,*,#2340,.F.);
#3416=ORIENTED_EDGE('',*,*,#2098,.F.);
#3417=ORIENTED_EDGE('',*,*,#2287,.F.);
#3418=ORIENTED_EDGE('',*,*,#2289,.F.);
#3419=ORIENTED_EDGE('',*,*,#2495,.F.);
#3420=ORIENTED_EDGE('',*,*,#2496,.F.);
#3421=ORIENTED_EDGE('',*,*,#2497,.F.);
#3422=ORIENTED_EDGE('',*,*,#2487,.F.);
#3423=ORIENTED_EDGE('',*,*,#2498,.F.);
#3424=ORIENTED_EDGE('',*,*,#2499,.F.);
#3425=ORIENTED_EDGE('',*,*,#2488,.F.);
#3426=ORIENTED_EDGE('',*,*,#2500,.T.);
#3427=ORIENTED_EDGE('',*,*,#2496,.T.);
#3428=ORIENTED_EDGE('',*,*,#2501,.F.);
#3429=ORIENTED_EDGE('',*,*,#2502,.F.);
#3430=ORIENTED_EDGE('',*,*,#2497,.T.);
#3431=ORIENTED_EDGE('',*,*,#2500,.F.);
#3432=ORIENTED_EDGE('',*,*,#2082,.T.);
#3433=ORIENTED_EDGE('',*,*,#2181,.F.);
#3434=ORIENTED_EDGE('',*,*,#2503,.F.);
#3435=ORIENTED_EDGE('',*,*,#2504,.T.);
#3436=ORIENTED_EDGE('',*,*,#2505,.T.);
#3437=ORIENTED_EDGE('',*,*,#2489,.F.);
#3438=ORIENTED_EDGE('',*,*,#2499,.T.);
#3439=ORIENTED_EDGE('',*,*,#2506,.F.);
#3440=ORIENTED_EDGE('',*,*,#2095,.T.);
#3441=ORIENTED_EDGE('',*,*,#2498,.T.);
#3442=ORIENTED_EDGE('',*,*,#2486,.F.);
#3443=ORIENTED_EDGE('',*,*,#2288,.F.);
#3444=ORIENTED_EDGE('',*,*,#2096,.F.);
#3445=ORIENTED_EDGE('',*,*,#2506,.T.);
#3446=ORIENTED_EDGE('',*,*,#2507,.F.);
#3447=ORIENTED_EDGE('',*,*,#2508,.T.);
#3448=ORIENTED_EDGE('',*,*,#2509,.F.);
#3449=ORIENTED_EDGE('',*,*,#2510,.T.);
#3450=ORIENTED_EDGE('',*,*,#2511,.T.);
#3451=ORIENTED_EDGE('',*,*,#2476,.T.);
#3452=ORIENTED_EDGE('',*,*,#2512,.F.);
#3453=ORIENTED_EDGE('',*,*,#2513,.F.);
#3454=ORIENTED_EDGE('',*,*,#2514,.F.);
#3455=ORIENTED_EDGE('',*,*,#2515,.T.);
#3456=ORIENTED_EDGE('',*,*,#2179,.F.);
#3457=ORIENTED_EDGE('',*,*,#2516,.F.);
#3458=ORIENTED_EDGE('',*,*,#2517,.F.);
#3459=ORIENTED_EDGE('',*,*,#2518,.F.);
#3460=ORIENTED_EDGE('',*,*,#2519,.F.);
#3461=ORIENTED_EDGE('',*,*,#2520,.F.);
#3462=ORIENTED_EDGE('',*,*,#2521,.T.);
#3463=ORIENTED_EDGE('',*,*,#2522,.T.);
#3464=ORIENTED_EDGE('',*,*,#2508,.F.);
#3465=ORIENTED_EDGE('',*,*,#2523,.T.);
#3466=ORIENTED_EDGE('',*,*,#2510,.F.);
#3467=ORIENTED_EDGE('',*,*,#2524,.F.);
#3468=ORIENTED_EDGE('',*,*,#2525,.F.);
#3469=ORIENTED_EDGE('',*,*,#2526,.F.);
#3470=ORIENTED_EDGE('',*,*,#2525,.T.);
#3471=ORIENTED_EDGE('',*,*,#2527,.T.);
#3472=ORIENTED_EDGE('',*,*,#2521,.F.);
#3473=ORIENTED_EDGE('',*,*,#2528,.T.);
#3474=ORIENTED_EDGE('',*,*,#2529,.F.);
#3475=ORIENTED_EDGE('',*,*,#2484,.F.);
#3476=ORIENTED_EDGE('',*,*,#2483,.T.);
#3477=ORIENTED_EDGE('',*,*,#2530,.F.);
#3478=ORIENTED_EDGE('',*,*,#2531,.F.);
#3479=ORIENTED_EDGE('',*,*,#2532,.T.);
#3480=ORIENTED_EDGE('',*,*,#2533,.F.);
#3481=ORIENTED_EDGE('',*,*,#2528,.F.);
#3482=ORIENTED_EDGE('',*,*,#2482,.T.);
#3483=ORIENTED_EDGE('',*,*,#2534,.F.);
#3484=ORIENTED_EDGE('',*,*,#2535,.F.);
#3485=ORIENTED_EDGE('',*,*,#2530,.T.);
#3486=ORIENTED_EDGE('',*,*,#2481,.T.);
#3487=ORIENTED_EDGE('',*,*,#2536,.F.);
#3488=ORIENTED_EDGE('',*,*,#2537,.T.);
#3489=ORIENTED_EDGE('',*,*,#2534,.T.);
#3490=ORIENTED_EDGE('',*,*,#2509,.T.);
#3491=ORIENTED_EDGE('',*,*,#2538,.F.);
#3492=ORIENTED_EDGE('',*,*,#2539,.F.);
#3493=ORIENTED_EDGE('',*,*,#2540,.F.);
#3494=ORIENTED_EDGE('',*,*,#2541,.F.);
#3495=ORIENTED_EDGE('',*,*,#2542,.F.);
#3496=ORIENTED_EDGE('',*,*,#2543,.F.);
#3497=ORIENTED_EDGE('',*,*,#2254,.F.);
#3498=ORIENTED_EDGE('',*,*,#2485,.T.);
#3499=ORIENTED_EDGE('',*,*,#2529,.T.);
#3500=ORIENTED_EDGE('',*,*,#2533,.T.);
#3501=ORIENTED_EDGE('',*,*,#2544,.T.);
#3502=ORIENTED_EDGE('',*,*,#2480,.T.);
#3503=ORIENTED_EDGE('',*,*,#2545,.F.);
#3504=ORIENTED_EDGE('',*,*,#2546,.T.);
#3505=ORIENTED_EDGE('',*,*,#2536,.T.);
#3506=ORIENTED_EDGE('',*,*,#2491,.F.);
#3507=ORIENTED_EDGE('',*,*,#2547,.F.);
#3508=ORIENTED_EDGE('',*,*,#2548,.T.);
#3509=ORIENTED_EDGE('',*,*,#2490,.F.);
#3510=ORIENTED_EDGE('',*,*,#2505,.F.);
#3511=ORIENTED_EDGE('',*,*,#2549,.T.);
#3512=ORIENTED_EDGE('',*,*,#2550,.F.);
#3513=ORIENTED_EDGE('',*,*,#2547,.T.);
#3514=ORIENTED_EDGE('',*,*,#2479,.T.);
#3515=ORIENTED_EDGE('',*,*,#2551,.F.);
#3516=ORIENTED_EDGE('',*,*,#2552,.F.);
#3517=ORIENTED_EDGE('',*,*,#2545,.T.);
#3518=ORIENTED_EDGE('',*,*,#2478,.T.);
#3519=ORIENTED_EDGE('',*,*,#2553,.F.);
#3520=ORIENTED_EDGE('',*,*,#2554,.T.);
#3521=ORIENTED_EDGE('',*,*,#2551,.T.);
#3522=ORIENTED_EDGE('',*,*,#2555,.F.);
#3523=ORIENTED_EDGE('',*,*,#2535,.T.);
#3524=ORIENTED_EDGE('',*,*,#2556,.T.);
#3525=ORIENTED_EDGE('',*,*,#2554,.F.);
#3526=ORIENTED_EDGE('',*,*,#2546,.F.);
#3527=ORIENTED_EDGE('',*,*,#2552,.T.);
#3528=ORIENTED_EDGE('',*,*,#2556,.F.);
#3529=ORIENTED_EDGE('',*,*,#2537,.F.);
#3530=ORIENTED_EDGE('',*,*,#2557,.F.);
#3531=ORIENTED_EDGE('',*,*,#2477,.T.);
#3532=ORIENTED_EDGE('',*,*,#2511,.F.);
#3533=ORIENTED_EDGE('',*,*,#2523,.F.);
#3534=ORIENTED_EDGE('',*,*,#2558,.F.);
#3535=ORIENTED_EDGE('',*,*,#2553,.T.);
#3536=ORIENTED_EDGE('',*,*,#2559,.F.);
#3537=ORIENTED_EDGE('',*,*,#2520,.T.);
#3538=ORIENTED_EDGE('',*,*,#2507,.T.);
#3539=ORIENTED_EDGE('',*,*,#2544,.F.);
#3540=ORIENTED_EDGE('',*,*,#2532,.F.);
#3541=ORIENTED_EDGE('',*,*,#2531,.T.);
#3542=ORIENTED_EDGE('',*,*,#2555,.T.);
#3543=ORIENTED_EDGE('',*,*,#2558,.T.);
#3544=ORIENTED_EDGE('',*,*,#2526,.T.);
#3545=ORIENTED_EDGE('',*,*,#2559,.T.);
#3546=ORIENTED_EDGE('',*,*,#2473,.T.);
#3547=ORIENTED_EDGE('',*,*,#2470,.F.);
#3548=ORIENTED_EDGE('',*,*,#2560,.F.);
#3549=ORIENTED_EDGE('',*,*,#2561,.T.);
#3550=ORIENTED_EDGE('',*,*,#2562,.T.);
#3551=ORIENTED_EDGE('',*,*,#2563,.T.);
#3552=ORIENTED_EDGE('',*,*,#2564,.F.);
#3553=ORIENTED_EDGE('',*,*,#2565,.F.);
#3554=ORIENTED_EDGE('',*,*,#2560,.T.);
#3555=ORIENTED_EDGE('',*,*,#2382,.T.);
#3556=ORIENTED_EDGE('',*,*,#2371,.T.);
#3557=ORIENTED_EDGE('',*,*,#2355,.F.);
#3558=ORIENTED_EDGE('',*,*,#2563,.F.);
#3559=ORIENTED_EDGE('',*,*,#2566,.T.);
#3560=ORIENTED_EDGE('',*,*,#2493,.F.);
#3561=ORIENTED_EDGE('',*,*,#2567,.F.);
#3562=ORIENTED_EDGE('',*,*,#2562,.F.);
#3563=ORIENTED_EDGE('',*,*,#2358,.T.);
#3564=ORIENTED_EDGE('',*,*,#2494,.F.);
#3565=ORIENTED_EDGE('',*,*,#2566,.F.);
#3566=ORIENTED_EDGE('',*,*,#2568,.F.);
#3567=ORIENTED_EDGE('',*,*,#2569,.T.);
#3568=ORIENTED_EDGE('',*,*,#2570,.T.);
#3569=ORIENTED_EDGE('',*,*,#2571,.F.);
#3570=ORIENTED_EDGE('',*,*,#2572,.T.);
#3571=ORIENTED_EDGE('',*,*,#2573,.T.);
#3572=ORIENTED_EDGE('',*,*,#2574,.F.);
#3573=ORIENTED_EDGE('',*,*,#2569,.F.);
#3574=ORIENTED_EDGE('',*,*,#2575,.T.);
#3575=ORIENTED_EDGE('',*,*,#2576,.T.);
#3576=ORIENTED_EDGE('',*,*,#2577,.F.);
#3577=ORIENTED_EDGE('',*,*,#2573,.F.);
#3578=ORIENTED_EDGE('',*,*,#2578,.F.);
#3579=ORIENTED_EDGE('',*,*,#2579,.T.);
#3580=ORIENTED_EDGE('',*,*,#2564,.T.);
#3581=ORIENTED_EDGE('',*,*,#2580,.F.);
#3582=ORIENTED_EDGE('',*,*,#2581,.F.);
#3583=ORIENTED_EDGE('',*,*,#2582,.T.);
#3584=ORIENTED_EDGE('',*,*,#2492,.F.);
#3585=ORIENTED_EDGE('',*,*,#2548,.F.);
#3586=ORIENTED_EDGE('',*,*,#2576,.F.);
#3587=ORIENTED_EDGE('',*,*,#2580,.T.);
#3588=ORIENTED_EDGE('',*,*,#2567,.T.);
#3589=ORIENTED_EDGE('',*,*,#2582,.F.);
#3590=ORIENTED_EDGE('',*,*,#2583,.T.);
#3591=ORIENTED_EDGE('',*,*,#2584,.T.);
#3592=ORIENTED_EDGE('',*,*,#2585,.T.);
#3593=ORIENTED_EDGE('',*,*,#2586,.T.);
#3594=ORIENTED_EDGE('',*,*,#2587,.F.);
#3595=ORIENTED_EDGE('',*,*,#2588,.F.);
#3596=ORIENTED_EDGE('',*,*,#2565,.T.);
#3597=ORIENTED_EDGE('',*,*,#2589,.T.);
#3598=ORIENTED_EDGE('',*,*,#2584,.F.);
#3599=ORIENTED_EDGE('',*,*,#2590,.F.);
#3600=ORIENTED_EDGE('',*,*,#2579,.F.);
#3601=ORIENTED_EDGE('',*,*,#2591,.F.);
#3602=ORIENTED_EDGE('',*,*,#2589,.F.);
#3603=ORIENTED_EDGE('',*,*,#2592,.T.);
#3604=ORIENTED_EDGE('',*,*,#2585,.F.);
#3605=ORIENTED_EDGE('',*,*,#2591,.T.);
#3606=ORIENTED_EDGE('',*,*,#2593,.T.);
#3607=ORIENTED_EDGE('',*,*,#2594,.T.);
#3608=ORIENTED_EDGE('',*,*,#2593,.F.);
#3609=ORIENTED_EDGE('',*,*,#2578,.T.);
#3610=ORIENTED_EDGE('',*,*,#2575,.F.);
#3611=ORIENTED_EDGE('',*,*,#2572,.F.);
#3612=ORIENTED_EDGE('',*,*,#2568,.T.);
#3613=ORIENTED_EDGE('',*,*,#2595,.F.);
#3614=ORIENTED_EDGE('',*,*,#2596,.F.);
#3615=ORIENTED_EDGE('',*,*,#2594,.F.);
#3616=ORIENTED_EDGE('',*,*,#2597,.F.);
#3617=ORIENTED_EDGE('',*,*,#2592,.F.);
#3618=ORIENTED_EDGE('',*,*,#2598,.F.);
#3619=ORIENTED_EDGE('',*,*,#2599,.T.);
#3620=ORIENTED_EDGE('',*,*,#2571,.T.);
#3621=ORIENTED_EDGE('',*,*,#2600,.F.);
#3622=ORIENTED_EDGE('',*,*,#2586,.F.);
#3623=ORIENTED_EDGE('',*,*,#2597,.T.);
#3624=ORIENTED_EDGE('',*,*,#2596,.T.);
#3625=ORIENTED_EDGE('',*,*,#2595,.T.);
#3626=ORIENTED_EDGE('',*,*,#2599,.F.);
#3627=ORIENTED_EDGE('',*,*,#2238,.T.);
#3628=ORIENTED_EDGE('',*,*,#2261,.T.);
#3629=ORIENTED_EDGE('',*,*,#2601,.F.);
#3630=ORIENTED_EDGE('',*,*,#2602,.T.);
#3631=ORIENTED_EDGE('',*,*,#2603,.F.);
#3632=ORIENTED_EDGE('',*,*,#2604,.T.);
#3633=ORIENTED_EDGE('',*,*,#2112,.F.);
#3634=ORIENTED_EDGE('',*,*,#2195,.T.);
#3635=ORIENTED_EDGE('',*,*,#2198,.T.);
#3636=ORIENTED_EDGE('',*,*,#2205,.T.);
#3637=ORIENTED_EDGE('',*,*,#2539,.T.);
#3638=ORIENTED_EDGE('',*,*,#2605,.F.);
#3639=ORIENTED_EDGE('',*,*,#2606,.F.);
#3640=ORIENTED_EDGE('',*,*,#2607,.T.);
#3641=ORIENTED_EDGE('',*,*,#2174,.T.);
#3642=ORIENTED_EDGE('',*,*,#2608,.T.);
#3643=ORIENTED_EDGE('',*,*,#2609,.F.);
#3644=ORIENTED_EDGE('',*,*,#2610,.T.);
#3645=ORIENTED_EDGE('',*,*,#2609,.T.);
#3646=ORIENTED_EDGE('',*,*,#2611,.T.);
#3647=ORIENTED_EDGE('',*,*,#2612,.F.);
#3648=ORIENTED_EDGE('',*,*,#2613,.T.);
#3649=ORIENTED_EDGE('',*,*,#2106,.F.);
#3650=ORIENTED_EDGE('',*,*,#2614,.F.);
#3651=ORIENTED_EDGE('',*,*,#2120,.T.);
#3652=ORIENTED_EDGE('',*,*,#2105,.F.);
#3653=ORIENTED_EDGE('',*,*,#2121,.F.);
#3654=ORIENTED_EDGE('',*,*,#2614,.T.);
#3655=ORIENTED_EDGE('',*,*,#2116,.F.);
#3656=ORIENTED_EDGE('',*,*,#2615,.T.);
#3657=ORIENTED_EDGE('',*,*,#2131,.F.);
#3658=ORIENTED_EDGE('',*,*,#2132,.F.);
#3659=ORIENTED_EDGE('',*,*,#2115,.F.);
#3660=ORIENTED_EDGE('',*,*,#2616,.T.);
#3661=ORIENTED_EDGE('',*,*,#2617,.T.);
#3662=ORIENTED_EDGE('',*,*,#2123,.F.);
#3663=ORIENTED_EDGE('',*,*,#2615,.F.);
#3664=ORIENTED_EDGE('',*,*,#2113,.F.);
#3665=ORIENTED_EDGE('',*,*,#2604,.F.);
#3666=ORIENTED_EDGE('',*,*,#2618,.F.);
#3667=ORIENTED_EDGE('',*,*,#2619,.T.);
#3668=ORIENTED_EDGE('',*,*,#2125,.F.);
#3669=ORIENTED_EDGE('',*,*,#2620,.F.);
#3670=ORIENTED_EDGE('',*,*,#2621,.T.);
#3671=ORIENTED_EDGE('',*,*,#2622,.T.);
#3672=ORIENTED_EDGE('',*,*,#2623,.T.);
#3673=ORIENTED_EDGE('',*,*,#2172,.F.);
#3674=ORIENTED_EDGE('',*,*,#2126,.F.);
#3675=ORIENTED_EDGE('',*,*,#2622,.F.);
#3676=ORIENTED_EDGE('',*,*,#2624,.T.);
#3677=ORIENTED_EDGE('',*,*,#2611,.F.);
#3678=ORIENTED_EDGE('',*,*,#2625,.T.);
#3679=ORIENTED_EDGE('',*,*,#2626,.T.);
#3680=ORIENTED_EDGE('',*,*,#2259,.T.);
#3681=ORIENTED_EDGE('',*,*,#2627,.T.);
#3682=ORIENTED_EDGE('',*,*,#2628,.T.);
#3683=ORIENTED_EDGE('',*,*,#2629,.F.);
#3684=ORIENTED_EDGE('',*,*,#2630,.T.);
#3685=ORIENTED_EDGE('',*,*,#2631,.F.);
#3686=ORIENTED_EDGE('',*,*,#2542,.T.);
#3687=ORIENTED_EDGE('',*,*,#2632,.F.);
#3688=ORIENTED_EDGE('',*,*,#2633,.T.);
#3689=ORIENTED_EDGE('',*,*,#2634,.T.);
#3690=ORIENTED_EDGE('',*,*,#2635,.T.);
#3691=ORIENTED_EDGE('',*,*,#2636,.T.);
#3692=ORIENTED_EDGE('',*,*,#2256,.T.);
#3693=ORIENTED_EDGE('',*,*,#2637,.T.);
#3694=ORIENTED_EDGE('',*,*,#2638,.F.);
#3695=ORIENTED_EDGE('',*,*,#2639,.T.);
#3696=ORIENTED_EDGE('',*,*,#2625,.F.);
#3697=ORIENTED_EDGE('',*,*,#2608,.F.);
#3698=ORIENTED_EDGE('',*,*,#2173,.F.);
#3699=ORIENTED_EDGE('',*,*,#2623,.F.);
#3700=ORIENTED_EDGE('',*,*,#2621,.F.);
#3701=ORIENTED_EDGE('',*,*,#2640,.T.);
#3702=ORIENTED_EDGE('',*,*,#2616,.F.);
#3703=ORIENTED_EDGE('',*,*,#2114,.F.);
#3704=ORIENTED_EDGE('',*,*,#2619,.F.);
#3705=ORIENTED_EDGE('',*,*,#2639,.F.);
#3706=ORIENTED_EDGE('',*,*,#2641,.T.);
#3707=ORIENTED_EDGE('',*,*,#2602,.F.);
#3708=ORIENTED_EDGE('',*,*,#2642,.F.);
#3709=ORIENTED_EDGE('',*,*,#2603,.T.);
#3710=ORIENTED_EDGE('',*,*,#2641,.F.);
#3711=ORIENTED_EDGE('',*,*,#2638,.T.);
#3712=ORIENTED_EDGE('',*,*,#2618,.T.);
#3713=ORIENTED_EDGE('',*,*,#2260,.T.);
#3714=ORIENTED_EDGE('',*,*,#2626,.F.);
#3715=ORIENTED_EDGE('',*,*,#2642,.T.);
#3716=ORIENTED_EDGE('',*,*,#2601,.T.);
#3717=ORIENTED_EDGE('',*,*,#2224,.T.);
#3718=ORIENTED_EDGE('',*,*,#2246,.T.);
#3719=ORIENTED_EDGE('',*,*,#2643,.F.);
#3720=ORIENTED_EDGE('',*,*,#2232,.T.);
#3721=ORIENTED_EDGE('',*,*,#2538,.T.);
#3722=ORIENTED_EDGE('',*,*,#2522,.F.);
#3723=ORIENTED_EDGE('',*,*,#2644,.T.);
#3724=ORIENTED_EDGE('',*,*,#2645,.T.);
#3725=ORIENTED_EDGE('',*,*,#2605,.T.);
#3726=ORIENTED_EDGE('',*,*,#2540,.T.);
#3727=ORIENTED_EDGE('',*,*,#2606,.T.);
#3728=ORIENTED_EDGE('',*,*,#2645,.F.);
#3729=ORIENTED_EDGE('',*,*,#2646,.T.);
#3730=ORIENTED_EDGE('',*,*,#2647,.F.);
#3731=ORIENTED_EDGE('',*,*,#2519,.T.);
#3732=ORIENTED_EDGE('',*,*,#2648,.T.);
#3733=ORIENTED_EDGE('',*,*,#2649,.F.);
#3734=ORIENTED_EDGE('',*,*,#2650,.F.);
#3735=ORIENTED_EDGE('',*,*,#2524,.T.);
#3736=ORIENTED_EDGE('',*,*,#2651,.T.);
#3737=ORIENTED_EDGE('',*,*,#2652,.T.);
#3738=ORIENTED_EDGE('',*,*,#2182,.F.);
#3739=ORIENTED_EDGE('',*,*,#2653,.F.);
#3740=ORIENTED_EDGE('',*,*,#2654,.T.);
#3741=ORIENTED_EDGE('',*,*,#2653,.T.);
#3742=ORIENTED_EDGE('',*,*,#2183,.F.);
#3743=ORIENTED_EDGE('',*,*,#2652,.F.);
#3744=ORIENTED_EDGE('',*,*,#2655,.T.);
#3745=ORIENTED_EDGE('',*,*,#2634,.F.);
#3746=ORIENTED_EDGE('',*,*,#2656,.T.);
#3747=ORIENTED_EDGE('',*,*,#2629,.T.);
#3748=ORIENTED_EDGE('',*,*,#2527,.F.);
#3749=ORIENTED_EDGE('',*,*,#2650,.T.);
#3750=ORIENTED_EDGE('',*,*,#2657,.T.);
#3751=ORIENTED_EDGE('',*,*,#2630,.F.);
#3752=ORIENTED_EDGE('',*,*,#2656,.F.);
#3753=ORIENTED_EDGE('',*,*,#2633,.F.);
#3754=ORIENTED_EDGE('',*,*,#2658,.F.);
#3755=ORIENTED_EDGE('',*,*,#2646,.F.);
#3756=ORIENTED_EDGE('',*,*,#2644,.F.);
#3757=ORIENTED_EDGE('',*,*,#2651,.F.);
#3758=ORIENTED_EDGE('',*,*,#2654,.F.);
#3759=ORIENTED_EDGE('',*,*,#2612,.T.);
#3760=ORIENTED_EDGE('',*,*,#2624,.F.);
#3761=ORIENTED_EDGE('',*,*,#2659,.F.);
#3762=ORIENTED_EDGE('',*,*,#2660,.F.);
#3763=ORIENTED_EDGE('',*,*,#2631,.T.);
#3764=ORIENTED_EDGE('',*,*,#2657,.F.);
#3765=ORIENTED_EDGE('',*,*,#2649,.T.);
#3766=ORIENTED_EDGE('',*,*,#2661,.T.);
#3767=ORIENTED_EDGE('',*,*,#2662,.T.);
#3768=ORIENTED_EDGE('',*,*,#2659,.T.);
#3769=ORIENTED_EDGE('',*,*,#2627,.F.);
#3770=ORIENTED_EDGE('',*,*,#2258,.T.);
#3771=ORIENTED_EDGE('',*,*,#2094,.T.);
#3772=ORIENTED_EDGE('',*,*,#2661,.F.);
#3773=ORIENTED_EDGE('',*,*,#2257,.F.);
#3774=ORIENTED_EDGE('',*,*,#2636,.F.);
#3775=ORIENTED_EDGE('',*,*,#2640,.F.);
#3776=ORIENTED_EDGE('',*,*,#2620,.T.);
#3777=ORIENTED_EDGE('',*,*,#2124,.F.);
#3778=ORIENTED_EDGE('',*,*,#2617,.F.);
#3779=ORIENTED_EDGE('',*,*,#2643,.T.);
#3780=ORIENTED_EDGE('',*,*,#2245,.T.);
#3781=ORIENTED_EDGE('',*,*,#2241,.F.);
#3782=ORIENTED_EDGE('',*,*,#2142,.F.);
#3783=ORIENTED_EDGE('',*,*,#2156,.F.);
#3784=ORIENTED_EDGE('',*,*,#2410,.F.);
#3785=ORIENTED_EDGE('',*,*,#2229,.F.);
#3786=ORIENTED_EDGE('',*,*,#2231,.T.);
#3787=ORIENTED_EDGE('',*,*,#2108,.T.);
#3788=ORIENTED_EDGE('',*,*,#2119,.T.);
#3789=ORIENTED_EDGE('',*,*,#2240,.T.);
#3790=ORIENTED_EDGE('',*,*,#2233,.T.);
#3791=ORIENTED_EDGE('',*,*,#2247,.T.);
#3792=ORIENTED_EDGE('',*,*,#2249,.T.);
#3793=ORIENTED_EDGE('',*,*,#2251,.T.);
#3794=ORIENTED_EDGE('',*,*,#2518,.T.);
#3795=ORIENTED_EDGE('',*,*,#2663,.T.);
#3796=ORIENTED_EDGE('',*,*,#2664,.F.);
#3797=ORIENTED_EDGE('',*,*,#2175,.F.);
#3798=ORIENTED_EDGE('',*,*,#2607,.F.);
#3799=ORIENTED_EDGE('',*,*,#2610,.F.);
#3800=ORIENTED_EDGE('',*,*,#2613,.F.);
#3801=ORIENTED_EDGE('',*,*,#2648,.F.);
#3802=ORIENTED_EDGE('',*,*,#2516,.T.);
#3803=ORIENTED_EDGE('',*,*,#2178,.T.);
#3804=ORIENTED_EDGE('',*,*,#2176,.F.);
#3805=ORIENTED_EDGE('',*,*,#2664,.T.);
#3806=ORIENTED_EDGE('',*,*,#2665,.T.);
#3807=ORIENTED_EDGE('',*,*,#2543,.T.);
#3808=ORIENTED_EDGE('',*,*,#2635,.F.);
#3809=ORIENTED_EDGE('',*,*,#2655,.F.);
#3810=ORIENTED_EDGE('',*,*,#2628,.F.);
#3811=ORIENTED_EDGE('',*,*,#2660,.T.);
#3812=ORIENTED_EDGE('',*,*,#2662,.F.);
#3813=ORIENTED_EDGE('',*,*,#2093,.F.);
#3814=ORIENTED_EDGE('',*,*,#2637,.F.);
#3815=ORIENTED_EDGE('',*,*,#2255,.F.);
#3816=ORIENTED_EDGE('',*,*,#2541,.T.);
#3817=ORIENTED_EDGE('',*,*,#2647,.T.);
#3818=ORIENTED_EDGE('',*,*,#2658,.T.);
#3819=ORIENTED_EDGE('',*,*,#2632,.T.);
#3820=ORIENTED_EDGE('',*,*,#2513,.T.);
#3821=ORIENTED_EDGE('',*,*,#2666,.F.);
#3822=ORIENTED_EDGE('',*,*,#2588,.T.);
#3823=ORIENTED_EDGE('',*,*,#2667,.T.);
#3824=ORIENTED_EDGE('',*,*,#2517,.T.);
#3825=ORIENTED_EDGE('',*,*,#2665,.F.);
#3826=ORIENTED_EDGE('',*,*,#2663,.F.);
#3827=ORIENTED_EDGE('',*,*,#2668,.T.);
#3828=ORIENTED_EDGE('',*,*,#2669,.F.);
#3829=ORIENTED_EDGE('',*,*,#2570,.F.);
#3830=ORIENTED_EDGE('',*,*,#2574,.T.);
#3831=ORIENTED_EDGE('',*,*,#2577,.T.);
#3832=ORIENTED_EDGE('',*,*,#2581,.T.);
#3833=ORIENTED_EDGE('',*,*,#2550,.T.);
#3834=ORIENTED_EDGE('',*,*,#2600,.T.);
#3835=ORIENTED_EDGE('',*,*,#2670,.T.);
#3836=ORIENTED_EDGE('',*,*,#2671,.F.);
#3837=ORIENTED_EDGE('',*,*,#2669,.T.);
#3838=ORIENTED_EDGE('',*,*,#2672,.T.);
#3839=ORIENTED_EDGE('',*,*,#2504,.F.);
#3840=ORIENTED_EDGE('',*,*,#2670,.F.);
#3841=ORIENTED_EDGE('',*,*,#2668,.F.);
#3842=ORIENTED_EDGE('',*,*,#2549,.F.);
#3843=ORIENTED_EDGE('',*,*,#2672,.F.);
#3844=ORIENTED_EDGE('',*,*,#2514,.T.);
#3845=ORIENTED_EDGE('',*,*,#2667,.F.);
#3846=ORIENTED_EDGE('',*,*,#2587,.T.);
#3847=ORIENTED_EDGE('',*,*,#2598,.T.);
#3848=ORIENTED_EDGE('',*,*,#2180,.F.);
#3849=ORIENTED_EDGE('',*,*,#2515,.F.);
#3850=ORIENTED_EDGE('',*,*,#2671,.T.);
#3851=ORIENTED_EDGE('',*,*,#2503,.T.);
#3852=ORIENTED_EDGE('',*,*,#2474,.T.);
#3853=ORIENTED_EDGE('',*,*,#2561,.F.);
#3854=ORIENTED_EDGE('',*,*,#2590,.T.);
#3855=ORIENTED_EDGE('',*,*,#2673,.T.);
#3856=ORIENTED_EDGE('',*,*,#2475,.T.);
#3857=ORIENTED_EDGE('',*,*,#2673,.F.);
#3858=ORIENTED_EDGE('',*,*,#2583,.F.);
#3859=ORIENTED_EDGE('',*,*,#2666,.T.);
#3860=ORIENTED_EDGE('',*,*,#2512,.T.);
#3861=ORIENTED_EDGE('',*,*,#2502,.T.);
#3862=ORIENTED_EDGE('',*,*,#2674,.T.);
#3863=ORIENTED_EDGE('',*,*,#2557,.T.);
#3864=ORIENTED_EDGE('',*,*,#2674,.F.);
#3865=ORIENTED_EDGE('',*,*,#2501,.T.);
#3866=ORIENTED_EDGE('',*,*,#2495,.T.);
#3867=ORIENTED_EDGE('',*,*,#2275,.T.);
#3868=ORIENTED_EDGE('',*,*,#2675,.T.);
#3869=ORIENTED_EDGE('',*,*,#2676,.T.);
#3870=ORIENTED_EDGE('',*,*,#2677,.T.);
#3871=ORIENTED_EDGE('',*,*,#2678,.T.);
#3872=ORIENTED_EDGE('',*,*,#2679,.T.);
#3873=ORIENTED_EDGE('',*,*,#2677,.F.);
#3874=ORIENTED_EDGE('',*,*,#2679,.F.);
#3875=ORIENTED_EDGE('',*,*,#2675,.F.);
#3876=ORIENTED_EDGE('',*,*,#2274,.T.);
#3877=ORIENTED_EDGE('',*,*,#2676,.F.);
#3878=ORIENTED_EDGE('',*,*,#2680,.T.);
#3879=ORIENTED_EDGE('',*,*,#2681,.T.);
#3880=ORIENTED_EDGE('',*,*,#2680,.F.);
#3881=ORIENTED_EDGE('',*,*,#2681,.F.);
#3882=ORIENTED_EDGE('',*,*,#2678,.F.);
#3883=ORIENTED_EDGE('',*,*,#2272,.T.);
#3884=ORIENTED_EDGE('',*,*,#2682,.T.);
#3885=ORIENTED_EDGE('',*,*,#2683,.T.);
#3886=ORIENTED_EDGE('',*,*,#2684,.T.);
#3887=ORIENTED_EDGE('',*,*,#2277,.T.);
#3888=ORIENTED_EDGE('',*,*,#2684,.F.);
#3889=ORIENTED_EDGE('',*,*,#2271,.T.);
#3890=ORIENTED_EDGE('',*,*,#2685,.T.);
#3891=ORIENTED_EDGE('',*,*,#2686,.T.);
#3892=ORIENTED_EDGE('',*,*,#2685,.F.);
#3893=ORIENTED_EDGE('',*,*,#2273,.T.);
#3894=ORIENTED_EDGE('',*,*,#2682,.F.);
#3895=ORIENTED_EDGE('',*,*,#2686,.F.);
#3896=ORIENTED_EDGE('',*,*,#2683,.F.);
#3897=PLANE('',#4317);
#3898=PLANE('',#4320);
#3899=PLANE('',#4322);
#3900=PLANE('',#4323);
#3901=PLANE('',#4324);
#3902=PLANE('',#4326);
#3903=PLANE('',#4327);
#3904=PLANE('',#4328);
#3905=PLANE('',#4329);
#3906=PLANE('',#4330);
#3907=PLANE('',#4331);
#3908=PLANE('',#4333);
#3909=PLANE('',#4334);
#3910=PLANE('',#4335);
#3911=PLANE('',#4336);
#3912=PLANE('',#4337);
#3913=PLANE('',#4338);
#3914=PLANE('',#4339);
#3915=PLANE('',#4340);
#3916=PLANE('',#4341);
#3917=PLANE('',#4342);
#3918=PLANE('',#4343);
#3919=PLANE('',#4344);
#3920=PLANE('',#4345);
#3921=PLANE('',#4346);
#3922=PLANE('',#4350);
#3923=PLANE('',#4351);
#3924=PLANE('',#4352);
#3925=PLANE('',#4353);
#3926=PLANE('',#4354);
#3927=PLANE('',#4355);
#3928=PLANE('',#4362);
#3929=PLANE('',#4367);
#3930=PLANE('',#4372);
#3931=PLANE('',#4380);
#3932=PLANE('',#4381);
#3933=PLANE('',#4382);
#3934=PLANE('',#4383);
#3935=PLANE('',#4384);
#3936=PLANE('',#4385);
#3937=PLANE('',#4386);
#3938=PLANE('',#4387);
#3939=PLANE('',#4388);
#3940=PLANE('',#4389);
#3941=PLANE('',#4390);
#3942=PLANE('',#4392);
#3943=PLANE('',#4393);
#3944=PLANE('',#4394);
#3945=PLANE('',#4395);
#3946=PLANE('',#4397);
#3947=PLANE('',#4398);
#3948=PLANE('',#4399);
#3949=PLANE('',#4400);
#3950=PLANE('',#4401);
#3951=PLANE('',#4402);
#3952=PLANE('',#4403);
#3953=PLANE('',#4404);
#3954=PLANE('',#4405);
#3955=PLANE('',#4406);
#3956=PLANE('',#4407);
#3957=PLANE('',#4408);
#3958=PLANE('',#4409);
#3959=PLANE('',#4410);
#3960=PLANE('',#4411);
#3961=PLANE('',#4412);
#3962=PLANE('',#4413);
#3963=PLANE('',#4414);
#3964=PLANE('',#4415);
#3965=PLANE('',#4416);
#3966=PLANE('',#4417);
#3967=PLANE('',#4418);
#3968=PLANE('',#4419);
#3969=PLANE('',#4420);
#3970=PLANE('',#4421);
#3971=PLANE('',#4422);
#3972=PLANE('',#4423);
#3973=PLANE('',#4424);
#3974=PLANE('',#4425);
#3975=PLANE('',#4426);
#3976=PLANE('',#4427);
#3977=PLANE('',#4429);
#3978=PLANE('',#4430);
#3979=PLANE('',#4431);
#3980=PLANE('',#4432);
#3981=PLANE('',#4433);
#3982=PLANE('',#4434);
#3983=PLANE('',#4435);
#3984=PLANE('',#4436);
#3985=PLANE('',#4437);
#3986=PLANE('',#4438);
#3987=PLANE('',#4439);
#3988=PLANE('',#4441);
#3989=PLANE('',#4442);
#3990=PLANE('',#4443);
#3991=PLANE('',#4444);
#3992=PLANE('',#4445);
#3993=PLANE('',#4446);
#3994=PLANE('',#4447);
#3995=PLANE('',#4448);
#3996=PLANE('',#4449);
#3997=PLANE('',#4450);
#3998=PLANE('',#4451);
#3999=PLANE('',#4452);
#4000=PLANE('',#4453);
#4001=PLANE('',#4454);
#4002=PLANE('',#4457);
#4003=PLANE('',#4464);
#4004=PLANE('',#4465);
#4005=PLANE('',#4466);
#4006=PLANE('',#4467);
#4007=PLANE('',#4468);
#4008=PLANE('',#4469);
#4009=PLANE('',#4470);
#4010=PLANE('',#4471);
#4011=PLANE('',#4472);
#4012=PLANE('',#4473);
#4013=PLANE('',#4474);
#4014=PLANE('',#4475);
#4015=PLANE('',#4476);
#4016=PLANE('',#4478);
#4017=PLANE('',#4479);
#4018=PLANE('',#4480);
#4019=PLANE('',#4481);
#4020=PLANE('',#4483);
#4021=PLANE('',#4484);
#4022=PLANE('',#4485);
#4023=PLANE('',#4486);
#4024=PLANE('',#4487);
#4025=PLANE('',#4488);
#4026=PLANE('',#4489);
#4027=PLANE('',#4490);
#4028=PLANE('',#4491);
#4029=PLANE('',#4492);
#4030=PLANE('',#4493);
#4031=PLANE('',#4494);
#4032=PLANE('',#4495);
#4033=PLANE('',#4496);
#4034=PLANE('',#4497);
#4035=PLANE('',#4498);
#4036=PLANE('',#4499);
#4037=PLANE('',#4500);
#4038=PLANE('',#4501);
#4039=PLANE('',#4502);
#4040=PLANE('',#4503);
#4041=PLANE('',#4504);
#4042=PLANE('',#4505);
#4043=PLANE('',#4506);
#4044=PLANE('',#4507);
#4045=PLANE('',#4508);
#4046=PLANE('',#4509);
#4047=PLANE('',#4510);
#4048=PLANE('',#4511);
#4049=PLANE('',#4512);
#4050=PLANE('',#4513);
#4051=PLANE('',#4515);
#4052=PLANE('',#4516);
#4053=PLANE('',#4517);
#4054=PLANE('',#4518);
#4055=PLANE('',#4519);
#4056=PLANE('',#4520);
#4057=PLANE('',#4521);
#4058=PLANE('',#4522);
#4059=PLANE('',#4523);
#4060=PLANE('',#4524);
#4061=PLANE('',#4525);
#4062=PLANE('',#4526);
#4063=PLANE('',#4528);
#4064=PLANE('',#4529);
#4065=PLANE('',#4530);
#4066=PLANE('',#4531);
#4067=PLANE('',#4532);
#4068=PLANE('',#4533);
#4069=PLANE('',#4534);
#4070=PLANE('',#4535);
#4071=PLANE('',#4536);
#4072=PLANE('',#4537);
#4073=PLANE('',#4538);
#4074=PLANE('',#4539);
#4075=PLANE('',#4540);
#4076=PLANE('',#4541);
#4077=PLANE('',#4549);
#4078=PLANE('',#4550);
#4079=PLANE('',#4556);
#4080=ADVANCED_FACE('',(#139,#80,#81,#82,#83),#3897,.T.);
#4081=ADVANCED_FACE('',(#140),#3898,.F.);
#4082=ADVANCED_FACE('',(#141),#3899,.T.);
#4083=ADVANCED_FACE('',(#142),#3900,.T.);
#4084=ADVANCED_FACE('',(#143),#3901,.T.);
#4085=ADVANCED_FACE('',(#144),#3902,.F.);
#4086=ADVANCED_FACE('',(#145),#3903,.F.);
#4087=ADVANCED_FACE('',(#146),#3904,.F.);
#4088=ADVANCED_FACE('',(#147),#3905,.F.);
#4089=ADVANCED_FACE('',(#148),#3906,.T.);
#4090=ADVANCED_FACE('',(#149),#3907,.F.);
#4091=ADVANCED_FACE('',(#150),#3908,.F.);
#4092=ADVANCED_FACE('',(#151),#3909,.T.);
#4093=ADVANCED_FACE('',(#152,#84),#3910,.T.);
#4094=ADVANCED_FACE('',(#153,#85),#3911,.F.);
#4095=ADVANCED_FACE('',(#154),#3912,.F.);
#4096=ADVANCED_FACE('',(#155),#3913,.F.);
#4097=ADVANCED_FACE('',(#156),#3914,.F.);
#4098=ADVANCED_FACE('',(#157),#3915,.F.);
#4099=ADVANCED_FACE('',(#158),#3916,.F.);
#4100=ADVANCED_FACE('',(#159),#3917,.F.);
#4101=ADVANCED_FACE('',(#160),#3918,.F.);
#4102=ADVANCED_FACE('',(#161),#3919,.F.);
#4103=ADVANCED_FACE('',(#162),#3920,.F.);
#4104=ADVANCED_FACE('',(#163,#86,#87,#88),#3921,.F.);
#4105=ADVANCED_FACE('',(#164),#3922,.T.);
#4106=ADVANCED_FACE('',(#165),#3923,.T.);
#4107=ADVANCED_FACE('',(#166),#3924,.F.);
#4108=ADVANCED_FACE('',(#167),#3925,.T.);
#4109=ADVANCED_FACE('',(#168),#3926,.T.);
#4110=ADVANCED_FACE('',(#169),#3927,.F.);
#4111=ADVANCED_FACE('',(#170),#45,.F.);
#4112=ADVANCED_FACE('',(#171),#46,.F.);
#4113=ADVANCED_FACE('',(#172),#47,.F.);
#4114=ADVANCED_FACE('',(#173,#89,#90,#91),#3928,.T.);
#4115=ADVANCED_FACE('',(#174,#92),#3929,.T.);
#4116=ADVANCED_FACE('',(#175),#48,.F.);
#4117=ADVANCED_FACE('',(#176),#49,.F.);
#4118=ADVANCED_FACE('',(#177),#3930,.F.);
#4119=ADVANCED_FACE('',(#178),#50,.F.);
#4120=ADVANCED_FACE('',(#179),#3931,.T.);
#4121=ADVANCED_FACE('',(#180),#3932,.F.);
#4122=ADVANCED_FACE('',(#181),#21,.T.);
#4123=ADVANCED_FACE('',(#182),#3933,.T.);
#4124=ADVANCED_FACE('',(#183),#22,.T.);
#4125=ADVANCED_FACE('',(#184),#3934,.F.);
#4126=ADVANCED_FACE('',(#185),#3935,.F.);
#4127=ADVANCED_FACE('',(#186),#3936,.T.);
#4128=ADVANCED_FACE('',(#187),#3937,.F.);
#4129=ADVANCED_FACE('',(#188),#3938,.F.);
#4130=ADVANCED_FACE('',(#189),#3939,.F.);
#4131=ADVANCED_FACE('',(#190),#3940,.T.);
#4132=ADVANCED_FACE('',(#191),#3941,.T.);
#4133=ADVANCED_FACE('',(#192),#3942,.F.);
#4134=ADVANCED_FACE('',(#193),#3943,.T.);
#4135=ADVANCED_FACE('',(#194),#3944,.T.);
#4136=ADVANCED_FACE('',(#195,#93),#3945,.F.);
#4137=ADVANCED_FACE('',(#196),#3946,.F.);
#4138=ADVANCED_FACE('',(#197),#3947,.F.);
#4139=ADVANCED_FACE('',(#198),#3948,.T.);
#4140=ADVANCED_FACE('',(#199),#3949,.F.);
#4141=ADVANCED_FACE('',(#200),#3950,.F.);
#4142=ADVANCED_FACE('',(#201),#3951,.F.);
#4143=ADVANCED_FACE('',(#202),#3952,.F.);
#4144=ADVANCED_FACE('',(#203),#3953,.T.);
#4145=ADVANCED_FACE('',(#204),#3954,.T.);
#4146=ADVANCED_FACE('',(#205),#23,.T.);
#4147=ADVANCED_FACE('',(#206),#3955,.F.);
#4148=ADVANCED_FACE('',(#207),#3956,.T.);
#4149=ADVANCED_FACE('',(#208),#3957,.T.);
#4150=ADVANCED_FACE('',(#209),#3958,.T.);
#4151=ADVANCED_FACE('',(#210),#3959,.T.);
#4152=ADVANCED_FACE('',(#211),#24,.T.);
#4153=ADVANCED_FACE('',(#212),#25,.T.);
#4154=ADVANCED_FACE('',(#213),#26,.T.);
#4155=ADVANCED_FACE('',(#214),#3960,.F.);
#4156=ADVANCED_FACE('',(#215),#3961,.F.);
#4157=ADVANCED_FACE('',(#216),#3962,.F.);
#4158=ADVANCED_FACE('',(#217),#3963,.F.);
#4159=ADVANCED_FACE('',(#218),#27,.T.);
#4160=ADVANCED_FACE('',(#219),#28,.T.);
#4161=ADVANCED_FACE('',(#220),#3964,.F.);
#4162=ADVANCED_FACE('',(#221),#3965,.F.);
#4163=ADVANCED_FACE('',(#222),#3966,.F.);
#4164=ADVANCED_FACE('',(#223),#3967,.F.);
#4165=ADVANCED_FACE('',(#224),#3968,.F.);
#4166=ADVANCED_FACE('',(#225),#3969,.T.);
#4167=ADVANCED_FACE('',(#226),#3970,.F.);
#4168=ADVANCED_FACE('',(#227),#3971,.F.);
#4169=ADVANCED_FACE('',(#228),#3972,.F.);
#4170=ADVANCED_FACE('',(#229),#3973,.F.);
#4171=ADVANCED_FACE('',(#230),#3974,.F.);
#4172=ADVANCED_FACE('',(#231),#3975,.F.);
#4173=ADVANCED_FACE('',(#232),#3976,.T.);
#4174=ADVANCED_FACE('',(#233),#3977,.T.);
#4175=ADVANCED_FACE('',(#234),#3978,.T.);
#4176=ADVANCED_FACE('',(#235),#3979,.T.);
#4177=ADVANCED_FACE('',(#236),#3980,.F.);
#4178=ADVANCED_FACE('',(#237),#3981,.F.);
#4179=ADVANCED_FACE('',(#238),#3982,.F.);
#4180=ADVANCED_FACE('',(#239),#29,.F.);
#4181=ADVANCED_FACE('',(#240),#30,.F.);
#4182=ADVANCED_FACE('',(#241),#3983,.F.);
#4183=ADVANCED_FACE('',(#242,#94),#3984,.T.);
#4184=ADVANCED_FACE('',(#243),#3985,.F.);
#4185=ADVANCED_FACE('',(#244),#3986,.F.);
#4186=ADVANCED_FACE('',(#245),#3987,.F.);
#4187=ADVANCED_FACE('',(#246),#51,.F.);
#4188=ADVANCED_FACE('',(#247),#3988,.F.);
#4189=ADVANCED_FACE('',(#248),#3989,.F.);
#4190=ADVANCED_FACE('',(#249),#3990,.F.);
#4191=ADVANCED_FACE('',(#250),#3991,.F.);
#4192=ADVANCED_FACE('',(#251),#3992,.F.);
#4193=ADVANCED_FACE('',(#252),#3993,.F.);
#4194=ADVANCED_FACE('',(#253),#3994,.F.);
#4195=ADVANCED_FACE('',(#254),#3995,.T.);
#4196=ADVANCED_FACE('',(#255),#31,.T.);
#4197=ADVANCED_FACE('',(#256),#32,.T.);
#4198=ADVANCED_FACE('',(#257),#3996,.F.);
#4199=ADVANCED_FACE('',(#258),#3997,.F.);
#4200=ADVANCED_FACE('',(#259),#3998,.T.);
#4201=ADVANCED_FACE('',(#260),#3999,.F.);
#4202=ADVANCED_FACE('',(#261),#19,.T.);
#4203=ADVANCED_FACE('',(#262),#4000,.T.);
#4204=ADVANCED_FACE('',(#263),#4001,.T.);
#4205=ADVANCED_FACE('',(#264),#4002,.T.);
#4206=ADVANCED_FACE('',(#265),#52,.F.);
#4207=ADVANCED_FACE('',(#266),#4003,.T.);
#4208=ADVANCED_FACE('',(#267),#4004,.T.);
#4209=ADVANCED_FACE('',(#268),#4005,.F.);
#4210=ADVANCED_FACE('',(#269),#4006,.T.);
#4211=ADVANCED_FACE('',(#270),#33,.F.);
#4212=ADVANCED_FACE('',(#271),#4007,.F.);
#4213=ADVANCED_FACE('',(#272),#34,.F.);
#4214=ADVANCED_FACE('',(#273),#4008,.T.);
#4215=ADVANCED_FACE('',(#274),#4009,.T.);
#4216=ADVANCED_FACE('',(#275),#4010,.F.);
#4217=ADVANCED_FACE('',(#276),#4011,.T.);
#4218=ADVANCED_FACE('',(#277),#4012,.T.);
#4219=ADVANCED_FACE('',(#278),#4013,.T.);
#4220=ADVANCED_FACE('',(#279),#4014,.F.);
#4221=ADVANCED_FACE('',(#280),#4015,.F.);
#4222=ADVANCED_FACE('',(#281),#4016,.T.);
#4223=ADVANCED_FACE('',(#282),#4017,.F.);
#4224=ADVANCED_FACE('',(#283),#4018,.F.);
#4225=ADVANCED_FACE('',(#284,#95),#4019,.T.);
#4226=ADVANCED_FACE('',(#285),#4020,.T.);
#4227=ADVANCED_FACE('',(#286),#4021,.T.);
#4228=ADVANCED_FACE('',(#287),#4022,.F.);
#4229=ADVANCED_FACE('',(#288),#4023,.T.);
#4230=ADVANCED_FACE('',(#289),#4024,.F.);
#4231=ADVANCED_FACE('',(#290),#4025,.T.);
#4232=ADVANCED_FACE('',(#291),#4026,.T.);
#4233=ADVANCED_FACE('',(#292),#4027,.T.);
#4234=ADVANCED_FACE('',(#293),#4028,.T.);
#4235=ADVANCED_FACE('',(#294),#4029,.T.);
#4236=ADVANCED_FACE('',(#295),#4030,.F.);
#4237=ADVANCED_FACE('',(#296),#4031,.F.);
#4238=ADVANCED_FACE('',(#297),#35,.F.);
#4239=ADVANCED_FACE('',(#298),#4032,.T.);
#4240=ADVANCED_FACE('',(#299),#4033,.F.);
#4241=ADVANCED_FACE('',(#300),#4034,.F.);
#4242=ADVANCED_FACE('',(#301),#4035,.F.);
#4243=ADVANCED_FACE('',(#302),#4036,.F.);
#4244=ADVANCED_FACE('',(#303),#36,.F.);
#4245=ADVANCED_FACE('',(#304),#37,.F.);
#4246=ADVANCED_FACE('',(#305),#38,.F.);
#4247=ADVANCED_FACE('',(#306),#4037,.T.);
#4248=ADVANCED_FACE('',(#307),#4038,.T.);
#4249=ADVANCED_FACE('',(#308),#39,.F.);
#4250=ADVANCED_FACE('',(#309),#40,.F.);
#4251=ADVANCED_FACE('',(#310),#4039,.T.);
#4252=ADVANCED_FACE('',(#311),#4040,.T.);
#4253=ADVANCED_FACE('',(#312),#4041,.T.);
#4254=ADVANCED_FACE('',(#313),#4042,.T.);
#4255=ADVANCED_FACE('',(#314),#4043,.F.);
#4256=ADVANCED_FACE('',(#315),#4044,.T.);
#4257=ADVANCED_FACE('',(#316),#4045,.T.);
#4258=ADVANCED_FACE('',(#317),#4046,.T.);
#4259=ADVANCED_FACE('',(#318),#4047,.T.);
#4260=ADVANCED_FACE('',(#319),#4048,.T.);
#4261=ADVANCED_FACE('',(#320),#4049,.T.);
#4262=ADVANCED_FACE('',(#321),#4050,.F.);
#4263=ADVANCED_FACE('',(#322),#4051,.F.);
#4264=ADVANCED_FACE('',(#323),#4052,.F.);
#4265=ADVANCED_FACE('',(#324),#4053,.F.);
#4266=ADVANCED_FACE('',(#325),#4054,.F.);
#4267=ADVANCED_FACE('',(#326),#4055,.T.);
#4268=ADVANCED_FACE('',(#327),#4056,.T.);
#4269=ADVANCED_FACE('',(#328),#4057,.T.);
#4270=ADVANCED_FACE('',(#329),#41,.T.);
#4271=ADVANCED_FACE('',(#330),#42,.T.);
#4272=ADVANCED_FACE('',(#331),#4058,.T.);
#4273=ADVANCED_FACE('',(#332,#96),#4059,.F.);
#4274=ADVANCED_FACE('',(#333),#4060,.T.);
#4275=ADVANCED_FACE('',(#334),#4061,.T.);
#4276=ADVANCED_FACE('',(#335),#4062,.T.);
#4277=ADVANCED_FACE('',(#336),#53,.F.);
#4278=ADVANCED_FACE('',(#337,#97,#98,#99),#4063,.T.);
#4279=ADVANCED_FACE('',(#338),#4064,.T.);
#4280=ADVANCED_FACE('',(#339),#4065,.T.);
#4281=ADVANCED_FACE('',(#340),#4066,.T.);
#4282=ADVANCED_FACE('',(#341),#4067,.T.);
#4283=ADVANCED_FACE('',(#342),#4068,.T.);
#4284=ADVANCED_FACE('',(#343),#4069,.T.);
#4285=ADVANCED_FACE('',(#344),#4070,.T.);
#4286=ADVANCED_FACE('',(#345),#4071,.F.);
#4287=ADVANCED_FACE('',(#346),#43,.F.);
#4288=ADVANCED_FACE('',(#347),#44,.F.);
#4289=ADVANCED_FACE('',(#348),#4072,.T.);
#4290=ADVANCED_FACE('',(#349),#4073,.T.);
#4291=ADVANCED_FACE('',(#350),#4074,.F.);
#4292=ADVANCED_FACE('',(#351),#4075,.T.);
#4293=ADVANCED_FACE('',(#352),#20,.F.);
#4294=ADVANCED_FACE('',(#353,#100),#4076,.T.);
#4295=ADVANCED_FACE('',(#354),#54,.F.);
#4296=ADVANCED_FACE('',(#355),#55,.T.);
#4297=ADVANCED_FACE('',(#356,#101),#4077,.F.);
#4298=ADVANCED_FACE('',(#357),#4078,.T.);
#4299=ADVANCED_FACE('',(#358),#56,.F.);
#4300=ADVANCED_FACE('',(#359),#57,.T.);
#4301=ADVANCED_FACE('',(#360,#102),#4079,.F.);
#4302=CLOSED_SHELL('',(#4080,#4081,#4082,#4083,#4084,#4085,#4086,#4087,
#4088,#4089,#4090,#4091,#4092,#4093,#4094,#4095,#4096,#4097,#4098,#4099,
#4100,#4101,#4102,#4103,#4104,#4105,#4106,#4107,#4108,#4109,#4110,#4111,
#4112,#4113,#4114,#4115,#4116,#4117,#4118,#4119,#4120,#4121,#4122,#4123,
#4124,#4125,#4126,#4127,#4128,#4129,#4130,#4131,#4132,#4133,#4134,#4135,
#4136,#4137,#4138,#4139,#4140,#4141,#4142,#4143,#4144,#4145,#4146,#4147,
#4148,#4149,#4150,#4151,#4152,#4153,#4154,#4155,#4156,#4157,#4158,#4159,
#4160,#4161,#4162,#4163,#4164,#4165,#4166,#4167,#4168,#4169,#4170,#4171,
#4172,#4173,#4174,#4175,#4176,#4177,#4178,#4179,#4180,#4181,#4182,#4183,
#4184,#4185,#4186,#4187,#4188,#4189,#4190,#4191,#4192,#4193,#4194,#4195,
#4196,#4197,#4198,#4199,#4200,#4201,#4202,#4203,#4204,#4205,#4206,#4207,
#4208,#4209,#4210,#4211,#4212,#4213,#4214,#4215,#4216,#4217,#4218,#4219,
#4220,#4221,#4222,#4223,#4224,#4225,#4226,#4227,#4228,#4229,#4230,#4231,
#4232,#4233,#4234,#4235,#4236,#4237,#4238,#4239,#4240,#4241,#4242,#4243,
#4244,#4245,#4246,#4247,#4248,#4249,#4250,#4251,#4252,#4253,#4254,#4255,
#4256,#4257,#4258,#4259,#4260,#4261,#4262,#4263,#4264,#4265,#4266,#4267,
#4268,#4269,#4270,#4271,#4272,#4273,#4274,#4275,#4276,#4277,#4278,#4279,
#4280,#4281,#4282,#4283,#4284,#4285,#4286,#4287,#4288,#4289,#4290,#4291,
#4292,#4293,#4294,#4295,#4296,#4297,#4298,#4299,#4300,#4301));
#4303=DERIVED_UNIT_ELEMENT(#4305,1.);
#4304=DERIVED_UNIT_ELEMENT(#7510,-3.);
#4305=(
MASS_UNIT()
NAMED_UNIT(*)
SI_UNIT(.KILO.,.GRAM.)
);
#4306=DERIVED_UNIT((#4303,#4304));
#4307=MEASURE_REPRESENTATION_ITEM('density measure',
POSITIVE_RATIO_MEASURE(7850.),#4306);
#4308=PROPERTY_DEFINITION_REPRESENTATION(#4313,#4310);
#4309=PROPERTY_DEFINITION_REPRESENTATION(#4314,#4311);
#4310=REPRESENTATION('material name',(#4312),#7507);
#4311=REPRESENTATION('density',(#4307),#7507);
#4312=DESCRIPTIVE_REPRESENTATION_ITEM('Steel','Steel');
#4313=PROPERTY_DEFINITION('material property','material name',#7522);
#4314=PROPERTY_DEFINITION('material property','density of part',#7522);
#4315=AXIS2_PLACEMENT_3D('',#5591,#4558,#4559);
#4316=AXIS2_PLACEMENT_3D('',#5592,#4560,#4561);
#4317=AXIS2_PLACEMENT_3D('',#5593,#4562,#4563);
#4318=AXIS2_PLACEMENT_3D('',#5609,#4571,#4572);
#4319=AXIS2_PLACEMENT_3D('',#5611,#4573,#4574);
#4320=AXIS2_PLACEMENT_3D('',#5620,#4579,#4580);
#4321=AXIS2_PLACEMENT_3D('',#5626,#4583,#4584);
#4322=AXIS2_PLACEMENT_3D('',#5636,#4590,#4591);
#4323=AXIS2_PLACEMENT_3D('',#5665,#4606,#4607);
#4324=AXIS2_PLACEMENT_3D('',#5676,#4614,#4615);
#4325=AXIS2_PLACEMENT_3D('',#5681,#4617,#4618);
#4326=AXIS2_PLACEMENT_3D('',#5693,#4626,#4627);
#4327=AXIS2_PLACEMENT_3D('',#5695,#4629,#4630);
#4328=AXIS2_PLACEMENT_3D('',#5702,#4634,#4635);
#4329=AXIS2_PLACEMENT_3D('',#5724,#4647,#4648);
#4330=AXIS2_PLACEMENT_3D('',#5747,#4661,#4662);
#4331=AXIS2_PLACEMENT_3D('',#5751,#4665,#4666);
#4332=AXIS2_PLACEMENT_3D('',#5765,#4674,#4675);
#4333=AXIS2_PLACEMENT_3D('',#5769,#4678,#4679);
#4334=AXIS2_PLACEMENT_3D('',#5771,#4681,#4682);
#4335=AXIS2_PLACEMENT_3D('',#5783,#4689,#4690);
#4336=AXIS2_PLACEMENT_3D('',#5833,#4695,#4696);
#4337=AXIS2_PLACEMENT_3D('',#5883,#4701,#4702);
#4338=AXIS2_PLACEMENT_3D('',#5893,#4708,#4709);
#4339=AXIS2_PLACEMENT_3D('',#5899,#4713,#4714);
#4340=AXIS2_PLACEMENT_3D('',#5905,#4718,#4719);
#4341=AXIS2_PLACEMENT_3D('',#5914,#4724,#4725);
#4342=AXIS2_PLACEMENT_3D('',#5917,#4728,#4729);
#4343=AXIS2_PLACEMENT_3D('',#5923,#4733,#4734);
#4344=AXIS2_PLACEMENT_3D('',#5929,#4738,#4739);
#4345=AXIS2_PLACEMENT_3D('',#5935,#4743,#4744);
#4346=AXIS2_PLACEMENT_3D('',#5941,#4748,#4749);
#4347=AXIS2_PLACEMENT_3D('',#5953,#4756,#4757);
#4348=AXIS2_PLACEMENT_3D('',#5955,#4758,#4759);
#4349=AXIS2_PLACEMENT_3D('',#5957,#4760,#4761);
#4350=AXIS2_PLACEMENT_3D('',#5958,#4762,#4763);
#4351=AXIS2_PLACEMENT_3D('',#5964,#4767,#4768);
#4352=AXIS2_PLACEMENT_3D('',#5966,#4770,#4771);
#4353=AXIS2_PLACEMENT_3D('',#5976,#4777,#4778);
#4354=AXIS2_PLACEMENT_3D('',#5980,#4781,#4782);
#4355=AXIS2_PLACEMENT_3D('',#5987,#4787,#4788);
#4356=AXIS2_PLACEMENT_3D('',#5994,#4793,#4794);
#4357=AXIS2_PLACEMENT_3D('',#5996,#4795,#4796);
#4358=AXIS2_PLACEMENT_3D('',#5998,#4798,#4799);
#4359=AXIS2_PLACEMENT_3D('',#6000,#4800,#4801);
#4360=AXIS2_PLACEMENT_3D('',#6002,#4803,#4804);
#4361=AXIS2_PLACEMENT_3D('',#6004,#4805,#4806);
#4362=AXIS2_PLACEMENT_3D('',#6006,#4808,#4809);
#4363=AXIS2_PLACEMENT_3D('',#6044,#4828,#4829);
#4364=AXIS2_PLACEMENT_3D('',#6047,#4831,#4832);
#4365=AXIS2_PLACEMENT_3D('',#6050,#4833,#4834);
#4366=AXIS2_PLACEMENT_3D('',#6053,#4836,#4837);
#4367=AXIS2_PLACEMENT_3D('',#6054,#4838,#4839);
#4368=AXIS2_PLACEMENT_3D('',#6056,#4840,#4841);
#4369=AXIS2_PLACEMENT_3D('',#6058,#4842,#4843);
#4370=AXIS2_PLACEMENT_3D('',#6059,#4844,#4845);
#4371=AXIS2_PLACEMENT_3D('',#6061,#4847,#4848);
#4372=AXIS2_PLACEMENT_3D('',#6063,#4850,#4851);
#4373=AXIS2_PLACEMENT_3D('',#6066,#4852,#4853);
#4374=AXIS2_PLACEMENT_3D('',#6068,#4854,#4855);
#4375=AXIS2_PLACEMENT_3D('',#6069,#4856,#4857);
#4376=AXIS2_PLACEMENT_3D('',#6070,#4858,#4859);
#4377=AXIS2_PLACEMENT_3D('',#6098,#4861,#4862);
#4378=AXIS2_PLACEMENT_3D('',#6100,#4863,#4864);
#4379=AXIS2_PLACEMENT_3D('',#6101,#4865,#4866);
#4380=AXIS2_PLACEMENT_3D('',#6102,#4867,#4868);
#4381=AXIS2_PLACEMENT_3D('',#6109,#4872,#4873);
#4382=AXIS2_PLACEMENT_3D('',#6152,#4888,#4889);
#4383=AXIS2_PLACEMENT_3D('',#6176,#4895,#4896);
#4384=AXIS2_PLACEMENT_3D('',#6183,#4900,#4901);
#4385=AXIS2_PLACEMENT_3D('',#6193,#4907,#4908);
#4386=AXIS2_PLACEMENT_3D('',#6199,#4912,#4913);
#4387=AXIS2_PLACEMENT_3D('',#6205,#4917,#4918);
#4388=AXIS2_PLACEMENT_3D('',#6219,#4927,#4928);
#4389=AXIS2_PLACEMENT_3D('',#6225,#4932,#4933);
#4390=AXIS2_PLACEMENT_3D('',#6232,#4937,#4938);
#4391=AXIS2_PLACEMENT_3D('',#6236,#4941,#4942);
#4392=AXIS2_PLACEMENT_3D('',#6237,#4943,#4944);
#4393=AXIS2_PLACEMENT_3D('',#6243,#4948,#4949);
#4394=AXIS2_PLACEMENT_3D('',#6249,#4953,#4954);
#4395=AXIS2_PLACEMENT_3D('',#6252,#4957,#4958);
#4396=AXIS2_PLACEMENT_3D('',#6254,#4959,#4960);
#4397=AXIS2_PLACEMENT_3D('',#6255,#4961,#4962);
#4398=AXIS2_PLACEMENT_3D('',#6258,#4965,#4966);
#4399=AXIS2_PLACEMENT_3D('',#6260,#4968,#4969);
#4400=AXIS2_PLACEMENT_3D('',#6261,#4970,#4971);
#4401=AXIS2_PLACEMENT_3D('',#6270,#4976,#4977);
#4402=AXIS2_PLACEMENT_3D('',#6279,#4982,#4983);
#4403=AXIS2_PLACEMENT_3D('',#6285,#4987,#4988);
#4404=AXIS2_PLACEMENT_3D('',#6291,#4992,#4993);
#4405=AXIS2_PLACEMENT_3D('',#6298,#4998,#4999);
#4406=AXIS2_PLACEMENT_3D('',#6318,#5003,#5004);
#4407=AXIS2_PLACEMENT_3D('',#6331,#5011,#5012);
#4408=AXIS2_PLACEMENT_3D('',#6336,#5016,#5017);
#4409=AXIS2_PLACEMENT_3D('',#6338,#5019,#5020);
#4410=AXIS2_PLACEMENT_3D('',#6347,#5022,#5023);
#4411=AXIS2_PLACEMENT_3D('',#6405,#5031,#5032);
#4412=AXIS2_PLACEMENT_3D('',#6406,#5033,#5034);
#4413=AXIS2_PLACEMENT_3D('',#6408,#5036,#5037);
#4414=AXIS2_PLACEMENT_3D('',#6416,#5042,#5043);
#4415=AXIS2_PLACEMENT_3D('',#6464,#5053,#5054);
#4416=AXIS2_PLACEMENT_3D('',#6466,#5056,#5057);
#4417=AXIS2_PLACEMENT_3D('',#6467,#5058,#5059);
#4418=AXIS2_PLACEMENT_3D('',#6469,#5061,#5062);
#4419=AXIS2_PLACEMENT_3D('',#6471,#5064,#5065);
#4420=AXIS2_PLACEMENT_3D('',#6475,#5068,#5069);
#4421=AXIS2_PLACEMENT_3D('',#6479,#5072,#5073);
#4422=AXIS2_PLACEMENT_3D('',#6485,#5077,#5078);
#4423=AXIS2_PLACEMENT_3D('',#6487,#5080,#5081);
#4424=AXIS2_PLACEMENT_3D('',#6494,#5086,#5087);
#4425=AXIS2_PLACEMENT_3D('',#6503,#5092,#5093);
#4426=AXIS2_PLACEMENT_3D('',#6511,#5098,#5099);
#4427=AXIS2_PLACEMENT_3D('',#6514,#5102,#5103);
#4428=AXIS2_PLACEMENT_3D('',#6517,#5105,#5106);
#4429=AXIS2_PLACEMENT_3D('',#6519,#5108,#5109);
#4430=AXIS2_PLACEMENT_3D('',#6522,#5112,#5113);
#4431=AXIS2_PLACEMENT_3D('',#6523,#5114,#5115);
#4432=AXIS2_PLACEMENT_3D('',#6524,#5116,#5117);
#4433=AXIS2_PLACEMENT_3D('',#6528,#5120,#5121);
#4434=AXIS2_PLACEMENT_3D('',#6532,#5124,#5125);
#4435=AXIS2_PLACEMENT_3D('',#6663,#5131,#5132);
#4436=AXIS2_PLACEMENT_3D('',#6666,#5135,#5136);
#4437=AXIS2_PLACEMENT_3D('',#6669,#5139,#5140);
#4438=AXIS2_PLACEMENT_3D('',#6673,#5143,#5144);
#4439=AXIS2_PLACEMENT_3D('',#6676,#5147,#5148);
#4440=AXIS2_PLACEMENT_3D('',#6677,#5149,#5150);
#4441=AXIS2_PLACEMENT_3D('',#6678,#5151,#5152);
#4442=AXIS2_PLACEMENT_3D('',#6682,#5155,#5156);
#4443=AXIS2_PLACEMENT_3D('',#6684,#5158,#5159);
#4444=AXIS2_PLACEMENT_3D('',#6685,#5160,#5161);
#4445=AXIS2_PLACEMENT_3D('',#6686,#5162,#5163);
#4446=AXIS2_PLACEMENT_3D('',#6689,#5166,#5167);
#4447=AXIS2_PLACEMENT_3D('',#6690,#5168,#5169);
#4448=AXIS2_PLACEMENT_3D('',#6694,#5172,#5173);
#4449=AXIS2_PLACEMENT_3D('',#6730,#5177,#5178);
#4450=AXIS2_PLACEMENT_3D('',#6731,#5179,#5180);
#4451=AXIS2_PLACEMENT_3D('',#6732,#5181,#5182);
#4452=AXIS2_PLACEMENT_3D('',#6738,#5186,#5187);
#4453=AXIS2_PLACEMENT_3D('',#6759,#5190,#5191);
#4454=AXIS2_PLACEMENT_3D('',#6785,#5205,#5206);
#4455=AXIS2_PLACEMENT_3D('',#6789,#5208,#5209);
#4456=AXIS2_PLACEMENT_3D('',#6791,#5210,#5211);
#4457=AXIS2_PLACEMENT_3D('',#6803,#5218,#5219);
#4458=AXIS2_PLACEMENT_3D('',#6806,#5220,#5221);
#4459=AXIS2_PLACEMENT_3D('',#6808,#5222,#5223);
#4460=AXIS2_PLACEMENT_3D('',#6809,#5224,#5225);
#4461=AXIS2_PLACEMENT_3D('',#6810,#5226,#5227);
#4462=AXIS2_PLACEMENT_3D('',#6812,#5228,#5229);
#4463=AXIS2_PLACEMENT_3D('',#6813,#5230,#5231);
#4464=AXIS2_PLACEMENT_3D('',#6840,#5233,#5234);
#4465=AXIS2_PLACEMENT_3D('',#6847,#5239,#5240);
#4466=AXIS2_PLACEMENT_3D('',#6848,#5241,#5242);
#4467=AXIS2_PLACEMENT_3D('',#6855,#5246,#5247);
#4468=AXIS2_PLACEMENT_3D('',#6895,#5261,#5262);
#4469=AXIS2_PLACEMENT_3D('',#6919,#5268,#5269);
#4470=AXIS2_PLACEMENT_3D('',#6923,#5272,#5273);
#4471=AXIS2_PLACEMENT_3D('',#6931,#5278,#5279);
#4472=AXIS2_PLACEMENT_3D('',#6935,#5282,#5283);
#4473=AXIS2_PLACEMENT_3D('',#6939,#5286,#5287);
#4474=AXIS2_PLACEMENT_3D('',#6952,#5295,#5296);
#4475=AXIS2_PLACEMENT_3D('',#6956,#5299,#5300);
#4476=AXIS2_PLACEMENT_3D('',#6960,#5303,#5304);
#4477=AXIS2_PLACEMENT_3D('',#6962,#5305,#5306);
#4478=AXIS2_PLACEMENT_3D('',#6964,#5308,#5309);
#4479=AXIS2_PLACEMENT_3D('',#6968,#5312,#5313);
#4480=AXIS2_PLACEMENT_3D('',#6972,#5316,#5317);
#4481=AXIS2_PLACEMENT_3D('',#6975,#5320,#5321);
#4482=AXIS2_PLACEMENT_3D('',#6977,#5322,#5323);
#4483=AXIS2_PLACEMENT_3D('',#6978,#5324,#5325);
#4484=AXIS2_PLACEMENT_3D('',#6980,#5327,#5328);
#4485=AXIS2_PLACEMENT_3D('',#6982,#5330,#5331);
#4486=AXIS2_PLACEMENT_3D('',#6983,#5332,#5333);
#4487=AXIS2_PLACEMENT_3D('',#6987,#5336,#5337);
#4488=AXIS2_PLACEMENT_3D('',#6995,#5342,#5343);
#4489=AXIS2_PLACEMENT_3D('',#6998,#5346,#5347);
#4490=AXIS2_PLACEMENT_3D('',#6999,#5348,#5349);
#4491=AXIS2_PLACEMENT_3D('',#7008,#5354,#5355);
#4492=AXIS2_PLACEMENT_3D('',#7014,#5359,#5360);
#4493=AXIS2_PLACEMENT_3D('',#7020,#5364,#5365);
#4494=AXIS2_PLACEMENT_3D('',#7025,#5369,#5370);
#4495=AXIS2_PLACEMENT_3D('',#7044,#5373,#5374);
#4496=AXIS2_PLACEMENT_3D('',#7057,#5381,#5382);
#4497=AXIS2_PLACEMENT_3D('',#7060,#5385,#5386);
#4498=AXIS2_PLACEMENT_3D('',#7062,#5388,#5389);
#4499=AXIS2_PLACEMENT_3D('',#7071,#5391,#5392);
#4500=AXIS2_PLACEMENT_3D('',#7129,#5400,#5401);
#4501=AXIS2_PLACEMENT_3D('',#7137,#5406,#5407);
#4502=AXIS2_PLACEMENT_3D('',#7185,#5417,#5418);
#4503=AXIS2_PLACEMENT_3D('',#7187,#5420,#5421);
#4504=AXIS2_PLACEMENT_3D('',#7188,#5422,#5423);
#4505=AXIS2_PLACEMENT_3D('',#7190,#5425,#5426);
#4506=AXIS2_PLACEMENT_3D('',#7194,#5429,#5430);
#4507=AXIS2_PLACEMENT_3D('',#7198,#5433,#5434);
#4508=AXIS2_PLACEMENT_3D('',#7204,#5438,#5439);
#4509=AXIS2_PLACEMENT_3D('',#7206,#5441,#5442);
#4510=AXIS2_PLACEMENT_3D('',#7213,#5447,#5448);
#4511=AXIS2_PLACEMENT_3D('',#7222,#5453,#5454);
#4512=AXIS2_PLACEMENT_3D('',#7230,#5459,#5460);
#4513=AXIS2_PLACEMENT_3D('',#7233,#5463,#5464);
#4514=AXIS2_PLACEMENT_3D('',#7237,#5467,#5468);
#4515=AXIS2_PLACEMENT_3D('',#7238,#5469,#5470);
#4516=AXIS2_PLACEMENT_3D('',#7241,#5473,#5474);
#4517=AXIS2_PLACEMENT_3D('',#7242,#5475,#5476);
#4518=AXIS2_PLACEMENT_3D('',#7243,#5477,#5478);
#4519=AXIS2_PLACEMENT_3D('',#7245,#5480,#5481);
#4520=AXIS2_PLACEMENT_3D('',#7249,#5484,#5485);
#4521=AXIS2_PLACEMENT_3D('',#7253,#5488,#5489);
#4522=AXIS2_PLACEMENT_3D('',#7384,#5495,#5496);
#4523=AXIS2_PLACEMENT_3D('',#7387,#5499,#5500);
#4524=AXIS2_PLACEMENT_3D('',#7390,#5503,#5504);
#4525=AXIS2_PLACEMENT_3D('',#7394,#5507,#5508);
#4526=AXIS2_PLACEMENT_3D('',#7397,#5511,#5512);
#4527=AXIS2_PLACEMENT_3D('',#7398,#5513,#5514);
#4528=AXIS2_PLACEMENT_3D('',#7399,#5515,#5516);
#4529=AXIS2_PLACEMENT_3D('',#7400,#5517,#5518);
#4530=AXIS2_PLACEMENT_3D('',#7404,#5521,#5522);
#4531=AXIS2_PLACEMENT_3D('',#7406,#5524,#5525);
#4532=AXIS2_PLACEMENT_3D('',#7407,#5526,#5527);
#4533=AXIS2_PLACEMENT_3D('',#7408,#5528,#5529);
#4534=AXIS2_PLACEMENT_3D('',#7411,#5532,#5533);
#4535=AXIS2_PLACEMENT_3D('',#7412,#5534,#5535);
#4536=AXIS2_PLACEMENT_3D('',#7416,#5538,#5539);
#4537=AXIS2_PLACEMENT_3D('',#7452,#5543,#5544);
#4538=AXIS2_PLACEMENT_3D('',#7453,#5545,#5546);
#4539=AXIS2_PLACEMENT_3D('',#7454,#5547,#5548);
#4540=AXIS2_PLACEMENT_3D('',#7456,#5550,#5551);
#4541=AXIS2_PLACEMENT_3D('',#7476,#5553,#5554);
#4542=AXIS2_PLACEMENT_3D('',#7478,#5555,#5556);
#4543=AXIS2_PLACEMENT_3D('',#7479,#5557,#5558);
#4544=AXIS2_PLACEMENT_3D('',#7481,#5559,#5560);
#4545=AXIS2_PLACEMENT_3D('',#7482,#5561,#5562);
#4546=AXIS2_PLACEMENT_3D('',#7484,#5563,#5564);
#4547=AXIS2_PLACEMENT_3D('',#7486,#5566,#5567);
#4548=AXIS2_PLACEMENT_3D('',#7489,#5569,#5570);
#4549=AXIS2_PLACEMENT_3D('',#7490,#5571,#5572);
#4550=AXIS2_PLACEMENT_3D('',#7491,#5573,#5574);
#4551=AXIS2_PLACEMENT_3D('',#7492,#5575,#5576);
#4552=AXIS2_PLACEMENT_3D('',#7493,#5577,#5578);
#4553=AXIS2_PLACEMENT_3D('',#7495,#5579,#5580);
#4554=AXIS2_PLACEMENT_3D('',#7497,#5582,#5583);
#4555=AXIS2_PLACEMENT_3D('',#7500,#5585,#5586);
#4556=AXIS2_PLACEMENT_3D('',#7501,#5587,#5588);
#4557=AXIS2_PLACEMENT_3D('',#7502,#5589,#5590);
#4558=DIRECTION('axis',(0.,0.,1.));
#4559=DIRECTION('refdir',(1.,0.,0.));
#4560=DIRECTION('axis',(0.,0.,1.));
#4561=DIRECTION('refdir',(1.,0.,0.));
#4562=DIRECTION('center_axis',(-1.,2.34184581382441E-12,4.83890705282875E-13));
#4563=DIRECTION('ref_axis',(4.83890705285946E-13,1.3115601893589E-12,1.));
#4564=DIRECTION('',(2.30237239134675E-12,0.888212766454951,0.459432347039739));
#4565=DIRECTION('',(-1.85808394069394E-12,-0.888212766453746,0.459432347042069));
#4566=DIRECTION('',(-3.67345421435111E-14,-0.217339159204753,0.976096147864631));
#4567=DIRECTION('',(-4.83890705285946E-13,-1.3115601893589E-12,-1.));
#4568=DIRECTION('',(2.34184581382378E-12,1.,-1.31156018936004E-12));
#4569=DIRECTION('',(-4.83890705285946E-13,-1.3115601893589E-12,-1.));
#4570=DIRECTION('',(9.81298653583602E-13,0.217339159207313,0.976096147864061));
#4571=DIRECTION('center_axis',(1.,-2.34184581382441E-12,-4.83890705282875E-13));
#4572=DIRECTION('ref_axis',(-4.83890705282474E-13,1.71317235992739E-13,
-1.));
#4573=DIRECTION('center_axis',(1.,-2.34184581382441E-12,-4.83890705282875E-13));
#4574=DIRECTION('ref_axis',(-4.83890705276347E-13,2.78769390166935E-12,
-1.));
#4575=DIRECTION('',(-3.67345421435095E-14,-0.217339159204752,0.976096147864631));
#4576=DIRECTION('',(-3.67345421435095E-14,-0.217339159204752,0.976096147864631));
#4577=DIRECTION('',(9.812986535836E-13,0.217339159207312,0.976096147864061));
#4578=DIRECTION('',(9.812986535836E-13,0.217339159207312,0.976096147864061));
#4579=DIRECTION('center_axis',(0.52307064202269,0.391569287623251,0.757014264359788));
#4580=DIRECTION('ref_axis',(1.85834680976882E-12,0.888212766453746,-0.459432347042068));
#4581=DIRECTION('',(-0.82270868356475,2.67223060295071E-12,0.568463210759637));
#4582=DIRECTION('',(0.851964658264519,-0.215709702713554,-0.47710118971079));
#4583=DIRECTION('center_axis',(-0.52307064202269,-0.391569287623251,-0.757014264359788));
#4584=DIRECTION('ref_axis',(-0.606019187811989,-0.453664347781362,0.653398349826359));
#4585=DIRECTION('',(0.599281108877686,-0.800538663989648,7.59968083292019E-13));
#4586=DIRECTION('',(0.657611557885924,0.379594807536305,-0.650734063213479));
#4587=DIRECTION('',(0.606019187811988,0.453664347781362,-0.65339834982636));
#4588=DIRECTION('',(-0.606019187811991,-0.453664347781365,0.653398349826355));
#4589=DIRECTION('',(-0.851964726795567,0.215712308890715,0.477099889005637));
#4590=DIRECTION('center_axis',(1.,-2.34184581382441E-12,-4.83890705282875E-13));
#4591=DIRECTION('ref_axis',(2.34184581382378E-12,1.,-1.31156018936004E-12));
#4592=DIRECTION('',(9.21348637619537E-13,7.6209960507833E-5,0.999999997096021));
#4593=DIRECTION('',(-4.11165968545951E-13,-0.367723980249574,0.929934983936733));
#4594=DIRECTION('',(-4.15036875210276E-13,-0.36925177841393,0.929329394853165));
#4595=DIRECTION('',(4.83890705285929E-13,1.30404031315375E-12,1.));
#4596=DIRECTION('',(-4.11165968545951E-13,-0.367723980249574,0.929934983936733));
#4597=DIRECTION('',(2.34184581382378E-12,1.,-1.31156018936004E-12));
#4598=DIRECTION('',(4.83890705285946E-13,1.3115601893589E-12,1.));
#4599=DIRECTION('',(2.34184581382378E-12,1.,-1.31156018936004E-12));
#4600=DIRECTION('',(-4.83890705285966E-13,-1.32014066256184E-12,-1.));
#4601=DIRECTION('',(4.11165968545951E-13,0.367723980249574,-0.929934983936733));
#4602=DIRECTION('',(0.,0.187561384698954,-0.982252883411299));
#4603=DIRECTION('',(-4.83890705285946E-13,-1.3115601893589E-12,-1.));
#4604=DIRECTION('',(2.34184581382378E-12,1.,-1.31156018936004E-12));
#4605=DIRECTION('',(4.83890705285946E-13,1.3115601893589E-12,1.));
#4606=DIRECTION('center_axis',(-0.229187007487898,0.905182355569479,0.357936054015842));
#4607=DIRECTION('ref_axis',(-0.969409515655918,-0.245448957943925,7.91144927347887E-13));
#4608=DIRECTION('',(0.969409515655918,0.245448957943925,-7.91009336000529E-13));
#4609=DIRECTION('',(0.865824236049621,0.021552796247105,0.499883855753535));
#4610=DIRECTION('',(-0.969409515655918,-0.245448957943925,7.91009336000529E-13));
#4611=DIRECTION('',(0.0878550314694628,-0.346986616759107,0.933746101055082));
#4612=DIRECTION('',(0.000366630491821344,0.367804230524248,-0.929903174309319));
#4613=DIRECTION('',(-0.0878737083349195,0.346981887814816,-0.933746100881785));
#4614=DIRECTION('center_axis',(-0.245448957943925,0.969409515655918,-1.15266845853476E-12));
#4615=DIRECTION('ref_axis',(-4.83890705285947E-13,-1.31156018934441E-12,
-1.));
#4616=DIRECTION('',(-0.969409515655918,-0.245448957943925,7.91009336000528E-13));
#4617=DIRECTION('center_axis',(0.245448957943925,-0.969409515655918,1.15266845853476E-12));
#4618=DIRECTION('ref_axis',(-0.969409515655918,-0.245448957943925,7.91009336000529E-13));
#4619=DIRECTION('',(0.685476042266743,0.173558622596399,-0.707106781187087));
#4620=DIRECTION('',(-0.644426910711485,-0.163165216713387,-0.747054930246582));
#4621=DIRECTION('',(-4.83890705289395E-13,-1.31156018934528E-12,-1.));
#4622=DIRECTION('',(0.851965217108896,0.215712731684719,-0.477098822284974));
#4623=DIRECTION('',(0.845927821542396,0.214184097577618,0.48839665548138));
#4624=DIRECTION('',(-1.74990732335029E-5,-4.43066668260423E-6,-0.999999999837076));
#4625=DIRECTION('',(-4.83890705289395E-13,-1.31156018934528E-12,-1.));
#4626=DIRECTION('center_axis',(-0.969407862210354,-0.245455487530636,1.80512706275579E-5));
#4627=DIRECTION('ref_axis',(1.86209245128975E-5,0.,0.999999999826631));
#4628=DIRECTION('',(-0.245448630780514,0.969409598491768,-1.15266872550435E-12));
#4629=DIRECTION('center_axis',(-1.,2.34223044489671E-12,4.83890705282874E-13));
#4630=DIRECTION('ref_axis',(-4.83890705285946E-13,-1.3115601893589E-12,
-1.));
#4631=DIRECTION('',(-2.34223044489608E-12,-1.,1.31156018936003E-12));
#4632=DIRECTION('',(4.83890705285946E-13,1.31156018937339E-12,1.));
#4633=DIRECTION('',(1.31128119710876E-12,0.367723980252013,0.929934983935768));
#4634=DIRECTION('center_axis',(0.229187007492138,0.905182355567467,-0.357936054018216));
#4635=DIRECTION('ref_axis',(-0.969409515654768,0.245448957948465,1.47090672975025E-13));
#4636=DIRECTION('',(-0.969409515654768,0.245448957948465,1.46712096966594E-13));
#4637=DIRECTION('',(-0.0878737083356163,-0.346981887817088,-0.933746100880875));
#4638=DIRECTION('',(1.31128119710876E-12,0.367723980252013,0.929934983935768));
#4639=DIRECTION('',(0.000366630490098521,-0.367804230526689,-0.929903174308355));
#4640=DIRECTION('',(0.0878550314710881,0.346986616761145,0.933746101054172));
#4641=DIRECTION('',(1.31128119710876E-12,0.367723980252013,0.929934983935768));
#4642=DIRECTION('',(-0.969409515654768,0.245448957948465,1.47167172476259E-13));
#4643=DIRECTION('',(0.86582423604952,-0.0215527962498494,0.499883855753591));
#4644=DIRECTION('',(0.969409515654768,-0.245448957948465,-1.47167172476259E-13));
#4645=DIRECTION('',(0.0308774286233836,0.360778085497304,0.932140417226132));
#4646=DIRECTION('',(-0.86582423604952,0.0215527962498492,-0.499883855753592));
#4647=DIRECTION('center_axis',(-1.,2.34223044489671E-12,4.83890705282874E-13));
#4648=DIRECTION('ref_axis',(-2.34223044489608E-12,-1.,1.31156018936004E-12));
#4649=DIRECTION('',(9.05463316281255E-13,-7.62099579185244E-5,0.999999997096021));
#4650=DIRECTION('',(4.83890705285946E-13,1.3115601893589E-12,1.));
#4651=DIRECTION('',(-2.34223044489607E-12,-1.,1.31156018936004E-12));
#4652=DIRECTION('',(-4.83890705285946E-13,-1.3115601893589E-12,-1.));
#4653=DIRECTION('',(0.,-0.187561384700376,-0.982252883411027));
#4654=DIRECTION('',(-1.31128119710876E-12,-0.367723980252013,-0.929934983935768));
#4655=DIRECTION('',(4.83890705285919E-13,1.2999856755534E-12,1.));
#4656=DIRECTION('',(2.34223044489607E-12,1.,-1.31156018936004E-12));
#4657=DIRECTION('',(4.83890705285946E-13,1.3115601893589E-12,1.));
#4658=DIRECTION('',(-2.34223044489607E-12,-1.,1.31156018936004E-12));
#4659=DIRECTION('',(4.83890705285964E-13,1.31908006556406E-12,1.));
#4660=DIRECTION('',(1.31456661355421E-12,0.369251778416368,0.929329394852196));
#4661=DIRECTION('center_axis',(0.969407862209391,-0.245455487534442,-1.80512692484454E-5));
#4662=DIRECTION('ref_axis',(-1.86209230902821E-5,0.,-0.999999999826631));
#4663=DIRECTION('',(1.74990725207207E-5,-4.43066387909867E-6,0.999999999837076));
#4664=DIRECTION('',(-0.245448630785055,-0.969409598490618,1.39020934762474E-12));
#4665=DIRECTION('center_axis',(0.245448957948465,0.969409515654768,-1.39020939730592E-12));
#4666=DIRECTION('ref_axis',(-4.83890705285944E-13,-1.31156018937339E-12,
-1.));
#4667=DIRECTION('',(0.845927821541393,-0.214184097580299,0.488396655481942));
#4668=DIRECTION('',(-0.0331059753731142,0.00838224406155185,-0.999416696067805));
#4669=DIRECTION('',(0.845927821541393,-0.214184097580299,0.488396655481942));
#4670=DIRECTION('',(0.851965217107885,-0.215712731689961,-0.477098822284408));
#4671=DIRECTION('',(-4.83890705289394E-13,-1.31156018937252E-12,-1.));
#4672=DIRECTION('',(-0.644426910710721,0.163165216714446,-0.74705493024701));
#4673=DIRECTION('',(0.685476042265931,-0.173558622601464,-0.707106781186631));
#4674=DIRECTION('center_axis',(-0.245448957948465,-0.969409515654768,1.39020939730592E-12));
#4675=DIRECTION('ref_axis',(-0.969409515654768,0.245448957948465,1.47167172476259E-13));
#4676=DIRECTION('',(-0.969409515654768,0.245448957948465,1.4716717247626E-13));
#4677=DIRECTION('',(-4.83890705289394E-13,-1.31156018937252E-12,-1.));
#4678=DIRECTION('center_axis',(-0.499999999999581,2.30695966502549E-12,
0.866025403784681));
#4679=DIRECTION('ref_axis',(-0.866025403784681,1.37265097211842E-12,-0.499999999999581));
#4680=DIRECTION('',(-2.34223044489607E-12,-1.,1.31156018936004E-12));
#4681=DIRECTION('center_axis',(0.969409598491768,0.245448630780514,-7.91008946989522E-13));
#4682=DIRECTION('ref_axis',(0.245448630780514,-0.969409598491768,1.15266872550435E-12));
#4683=DIRECTION('',(0.245448630780514,-0.969409598491768,1.15266872550435E-12));
#4684=DIRECTION('',(-4.83890705285946E-13,-1.3115601893589E-12,-1.));
#4685=DIRECTION('',(0.0523866077801183,-0.206903091095713,0.976957908110852));
#4686=DIRECTION('',(0.0503589775233779,-0.198894880883742,-0.978726110687276));
#4687=DIRECTION('',(-0.150234674492945,0.593358109259963,0.790794345424549));
#4688=DIRECTION('',(-0.0503589775248457,0.198894880889539,0.978726110686022));
#4689=DIRECTION('center_axis',(-0.346060895625038,0.915785170877885,-0.203910218771302));
#4690=DIRECTION('ref_axis',(-9.81145720224674E-13,-0.217339159207313,-0.976096147864061));
#4691=DIRECTION('',(3.08545071626013E-12,0.217339159201744,0.976096147865301));
#4692=DIRECTION('',(0.851964726796578,0.215712308885473,-0.477099889006202));
#4693=DIRECTION('',(0.191898152621475,-0.143654445275473,-0.970844219930809));
#4694=DIRECTION('',(-0.851964726796578,-0.215712308885473,0.477099889006203));
#4695=DIRECTION('center_axis',(0.346060895629328,0.915785170876799,0.203910218768899));
#4696=DIRECTION('ref_axis',(3.6498581934552E-14,0.217339159204752,-0.976096147864631));
#4697=DIRECTION('',(0.191898152622148,0.143654445272028,-0.970844219931186));
#4698=DIRECTION('',(0.851964726795567,-0.215712308890715,-0.477099889005637));
#4699=DIRECTION('',(2.0674175205591E-12,-0.217339159199184,0.976096147865871));
#4700=DIRECTION('',(-0.0503589775257773,-0.198894880886736,0.978726110686544));
#4701=DIRECTION('center_axis',(-0.969409598490618,0.245448630785055,1.47167641654261E-13));
#4702=DIRECTION('ref_axis',(0.245448630785055,0.969409598490618,-1.39020934762474E-12));
#4703=DIRECTION('',(-0.150234674495724,-0.593358109257184,0.790794345426106));
#4704=DIRECTION('',(0.0503589775243095,0.198894880880938,-0.978726110687798));
#4705=DIRECTION('',(0.0523866077810874,0.20690309109803,0.976957908110309));
#4706=DIRECTION('',(-4.83890705285946E-13,-1.3115601893589E-12,-1.));
#4707=DIRECTION('',(0.245448630785055,0.969409598490618,-1.39020934762474E-12));
#4708=DIRECTION('center_axis',(-0.245448545164161,0.969409620169305,-1.16098678863323E-12));
#4709=DIRECTION('ref_axis',(-0.969409620169305,-0.245448545164161,7.91008845188081E-13));
#4710=DIRECTION('',(-0.969409620168707,-0.24544854516401,-1.11079557714902E-6));
#4711=DIRECTION('',(-0.969409620169305,-0.245448545164161,7.91008845188081E-13));
#4712=DIRECTION('',(4.44089209850072E-13,1.31006316905771E-12,1.));
#4713=DIRECTION('center_axis',(2.34184581382378E-12,1.,-1.31006316905875E-12));
#4714=DIRECTION('ref_axis',(-1.,2.34184581382441E-12,4.83890705282875E-13));
#4715=DIRECTION('',(-0.842156082498576,1.26496206089842E-12,-0.539233838617952));
#4716=DIRECTION('',(-1.,2.34184581382441E-12,4.83890705282875E-13));
#4717=DIRECTION('',(4.44089209850072E-13,1.31006316905771E-12,1.));
#4718=DIRECTION('center_axis',(-1.,2.34184581382436E-12,4.44089209847004E-13));
#4719=DIRECTION('ref_axis',(-2.34184581382378E-12,-1.,1.31156018936004E-12));
#4720=DIRECTION('',(2.34184581382378E-12,1.,-1.31156018936004E-12));
#4721=DIRECTION('',(4.44089209850072E-13,1.31006316905771E-12,1.));
#4722=DIRECTION('',(-2.34184581382378E-12,-1.,1.31156018936004E-12));
#4723=DIRECTION('',(4.44089209850074E-13,1.31095134747635E-12,1.));
#4724=DIRECTION('center_axis',(-0.245448957943925,0.969409515655918,-1.16098646840305E-12));
#4725=DIRECTION('ref_axis',(-0.969409515655918,-0.245448957943925,7.91009336000529E-13));
#4726=DIRECTION('',(-0.969409515655918,-0.245448957943925,7.91009336000529E-13));
#4727=DIRECTION('',(-0.969409515655918,-0.245448957943925,7.91009336000529E-13));
#4728=DIRECTION('center_axis',(-0.245448545168702,-0.969409620168156,1.37898888959535E-12));
#4729=DIRECTION('ref_axis',(0.969409620168156,-0.245448545168702,-1.4716776443482E-13));
#4730=DIRECTION('',(-0.969409620167557,0.245448545168551,-1.1107962209901E-6));
#4731=DIRECTION('',(4.44089209850072E-13,1.31006316905771E-12,1.));
#4732=DIRECTION('',(0.969409620168155,-0.245448545168702,-1.4716776443482E-13));
#4733=DIRECTION('center_axis',(-2.34223044489607E-12,-1.,1.31006316905875E-12));
#4734=DIRECTION('ref_axis',(1.,-2.3422304448967E-12,-4.83890705282874E-13));
#4735=DIRECTION('',(-0.842156082498576,1.26528598029547E-12,-0.539233838617952));
#4736=DIRECTION('',(4.44089209850072E-13,1.31006316905771E-12,1.));
#4737=DIRECTION('',(1.,-2.34223044489671E-12,-4.83890705282874E-13));
#4738=DIRECTION('center_axis',(-0.245448957948465,-0.969409515654768,1.37898893598725E-12));
#4739=DIRECTION('ref_axis',(0.969409515654768,-0.245448957948465,-1.47167172476259E-13));
#4740=DIRECTION('',(-0.969409515654768,0.245448957948465,1.47167172476259E-13));
#4741=DIRECTION('',(4.44089209850072E-13,1.31006316905771E-12,1.));
#4742=DIRECTION('',(0.969409515654768,-0.245448957948465,-1.47167172476259E-13));
#4743=DIRECTION('center_axis',(-1.,2.34223044489665E-12,4.44089209847004E-13));
#4744=DIRECTION('ref_axis',(-2.34223044489607E-12,-1.,1.31156018936004E-12));
#4745=DIRECTION('',(-2.34223044489607E-12,-1.,1.31156018936004E-12));
#4746=DIRECTION('',(-4.44089209850074E-13,-1.31095134747635E-12,-1.));
#4747=DIRECTION('',(-2.34223044489607E-12,-1.,1.31156018936004E-12));
#4748=DIRECTION('center_axis',(4.83890705285946E-13,1.3115601893589E-12,
1.));
#4749=DIRECTION('ref_axis',(-2.34184581382378E-12,-1.,1.31156018936003E-12));
#4750=DIRECTION('',(1.,-2.34123831433016E-12,-4.83890705282876E-13));
#4751=DIRECTION('',(1.,-2.34184581382441E-12,-4.83890705282875E-13));
#4752=DIRECTION('',(2.34208934156024E-12,1.,-1.31156018936004E-12));
#4753=DIRECTION('',(-1.,2.34223044489671E-12,4.83890705282874E-13));
#4754=DIRECTION('',(-1.,2.34123831433016E-12,4.83890705282876E-13));
#4755=DIRECTION('',(-2.34184581382378E-12,-1.,1.31156018936004E-12));
#4756=DIRECTION('center_axis',(-4.83890705285946E-13,-1.3115601893589E-12,
-1.));
#4757=DIRECTION('ref_axis',(-2.34184581382378E-12,-1.,1.31156018936003E-12));
#4758=DIRECTION('center_axis',(-4.83890705285946E-13,-1.3115601893589E-12,
-1.));
#4759=DIRECTION('ref_axis',(-2.34184581382378E-12,-1.,1.31156018936003E-12));
#4760=DIRECTION('center_axis',(-4.83890705285946E-13,-1.3115601893589E-12,
-1.));
#4761=DIRECTION('ref_axis',(-2.34184581382378E-12,-1.,1.31156018936003E-12));
#4762=DIRECTION('center_axis',(1.,-2.34208934156088E-12,-4.83890705282875E-13));
#4763=DIRECTION('ref_axis',(2.34208934156025E-12,1.,-1.31156018936004E-12));
#4764=DIRECTION('',(4.83890705285946E-13,1.3115601893589E-12,1.));
#4765=DIRECTION('',(-2.34198691715961E-12,-1.,1.31156018936004E-12));
#4766=DIRECTION('',(4.83890705285946E-13,1.3115601893589E-12,1.));
#4767=DIRECTION('center_axis',(-2.34184581382378E-12,-1.,1.31156018936004E-12));
#4768=DIRECTION('ref_axis',(1.,-2.34184581382441E-12,-4.83890705282875E-13));
#4769=DIRECTION('',(1.,-2.34184581382441E-12,-4.83890705282875E-13));
#4770=DIRECTION('center_axis',(2.34123831432953E-12,1.,-1.31095134747738E-12));
#4771=DIRECTION('ref_axis',(0.,1.31095134747738E-12,1.));
#4772=DIRECTION('',(-4.83890705285946E-13,-1.3115601893589E-12,-1.));
#4773=DIRECTION('',(1.,-2.34123831433016E-12,-4.83890705282876E-13));
#4774=DIRECTION('',(0.866025403784681,-1.37209618278525E-12,0.499999999999581));
#4775=DIRECTION('',(4.83890705285946E-13,1.3115601893589E-12,1.));
#4776=DIRECTION('',(-0.86602540378468,1.37209618278525E-12,-0.499999999999581));
#4777=DIRECTION('center_axis',(0.499999999999581,-2.30676734948935E-12,
-0.866025403784681));
#4778=DIRECTION('ref_axis',(-0.866025403784681,1.37231787183873E-12,-0.499999999999581));
#4779=DIRECTION('',(-2.34184581382378E-12,-1.,1.31156018936004E-12));
#4780=DIRECTION('',(-0.865824236049621,-0.021552796247105,-0.499883855753535));
#4781=DIRECTION('center_axis',(-0.499999999999581,2.30676734948935E-12,
0.866025403784681));
#4782=DIRECTION('ref_axis',(0.866025403784681,-1.37231787183873E-12,0.499999999999581));
#4783=DIRECTION('',(2.34123831432953E-12,1.,-1.31191092935657E-12));
#4784=DIRECTION('',(-2.34184581382378E-12,-1.,1.31156018936004E-12));
#4785=DIRECTION('',(2.34223044489607E-12,1.,-1.31156018936004E-12));
#4786=DIRECTION('',(-0.866025403784681,1.37209618278525E-12,-0.499999999999581));
#4787=DIRECTION('center_axis',(-2.34123831432953E-12,-1.,1.31095134747738E-12));
#4788=DIRECTION('ref_axis',(0.,-1.31095134747738E-12,-1.));
#4789=DIRECTION('',(0.86602540378468,-1.37209618278525E-12,0.499999999999581));
#4790=DIRECTION('',(-4.83890705285946E-13,-1.3115601893589E-12,-1.));
#4791=DIRECTION('',(-1.,2.34123831433016E-12,4.83890705282876E-13));
#4792=DIRECTION('',(4.83890705285946E-13,1.3115601893589E-12,1.));
#4793=DIRECTION('center_axis',(-4.83890705285946E-13,-1.3115601893589E-12,
-1.));
#4794=DIRECTION('ref_axis',(-2.34184581382378E-12,-1.,1.31156018936003E-12));
#4795=DIRECTION('center_axis',(-4.83890705285946E-13,-1.3115601893589E-12,
-1.));
#4796=DIRECTION('ref_axis',(-2.34184581382378E-12,-1.,1.31156018936003E-12));
#4797=DIRECTION('',(-4.83890705285946E-13,-1.3115601893589E-12,-1.));
#4798=DIRECTION('center_axis',(-4.83890705285946E-13,-1.3115601893589E-12,
-1.));
#4799=DIRECTION('ref_axis',(-2.34184581382378E-12,-1.,1.31156018936003E-12));
#4800=DIRECTION('center_axis',(-4.83890705285946E-13,-1.3115601893589E-12,
-1.));
#4801=DIRECTION('ref_axis',(-2.34184581382378E-12,-1.,1.31156018936003E-12));
#4802=DIRECTION('',(-4.83890705285946E-13,-1.3115601893589E-12,-1.));
#4803=DIRECTION('center_axis',(-4.83890705285946E-13,-1.3115601893589E-12,
-1.));
#4804=DIRECTION('ref_axis',(-2.34184581382378E-12,-1.,1.31156018936003E-12));
#4805=DIRECTION('center_axis',(-4.83890705285946E-13,-1.3115601893589E-12,
-1.));
#4806=DIRECTION('ref_axis',(-2.34184581382378E-12,-1.,1.31156018936003E-12));
#4807=DIRECTION('',(-4.83890705285946E-13,-1.3115601893589E-12,-1.));
#4808=DIRECTION('center_axis',(1.,-2.34184581382441E-12,-4.83890705282875E-13));
#4809=DIRECTION('ref_axis',(-4.83890705285946E-13,-1.3115601893589E-12,
-1.));
#4810=DIRECTION('',(2.34184581382378E-12,1.,-1.31156018936004E-12));
#4811=DIRECTION('',(2.30237239134675E-12,0.888212766454951,0.459432347039739));
#4812=DIRECTION('',(9.812986535836E-13,0.217339159207312,0.976096147864061));
#4813=DIRECTION('',(-4.83890705285946E-13,-1.3115601893589E-12,-1.));
#4814=DIRECTION('',(9.8129865358022E-13,0.217339159205799,0.976096147864398));
#4815=DIRECTION('',(-2.34184581382378E-12,-1.,1.31156018936004E-12));
#4816=DIRECTION('',(-4.83890705285946E-13,-1.31156018934441E-12,-1.));
#4817=DIRECTION('',(-3.5978491086551E-14,0.187596182156699,-0.982246238190929));
#4818=DIRECTION('',(4.1116596854595E-13,0.367723980249573,-0.929934983936733));
#4819=DIRECTION('',(2.34223044489607E-12,1.,-1.31156018936004E-12));
#4820=DIRECTION('',(-1.31128119710876E-12,-0.367723980252013,-0.929934983935768));
#4821=DIRECTION('',(-9.14693314159265E-13,-0.187596182159276,-0.982246238190437));
#4822=DIRECTION('',(-4.83890705285946E-13,-1.3115601893734E-12,-1.));
#4823=DIRECTION('',(2.34223044489607E-12,1.,-1.31156018936004E-12));
#4824=DIRECTION('',(-3.67345421398026E-14,-0.217339159203239,0.976096147864968));
#4825=DIRECTION('',(-4.83890705285946E-13,-1.3115601893589E-12,-1.));
#4826=DIRECTION('',(-3.67345421435095E-14,-0.217339159204752,0.976096147864631));
#4827=DIRECTION('',(-1.85808394069394E-12,-0.888212766453746,0.459432347042069));
#4828=DIRECTION('center_axis',(1.,-2.34184581382441E-12,-4.83890705282875E-13));
#4829=DIRECTION('ref_axis',(4.83890705285946E-13,1.3115601893589E-12,1.));
#4830=DIRECTION('',(2.34184581382378E-12,1.,-1.31156018936004E-12));
#4831=DIRECTION('center_axis',(1.,-2.34184581382441E-12,-4.83890705282875E-13));
#4832=DIRECTION('ref_axis',(4.83890705285946E-13,1.3115601893589E-12,1.));
#4833=DIRECTION('center_axis',(1.,-2.34184581382441E-12,-4.83890705282875E-13));
#4834=DIRECTION('ref_axis',(4.83890705285946E-13,1.3115601893589E-12,1.));
#4835=DIRECTION('',(2.34184581382378E-12,1.,-1.31156018936004E-12));
#4836=DIRECTION('center_axis',(-1.,2.34184581382441E-12,4.83890705282875E-13));
#4837=DIRECTION('ref_axis',(-4.83890705276347E-13,2.78769390166935E-12,
-1.));
#4838=DIRECTION('center_axis',(1.,-2.34184581382441E-12,-4.83890705282875E-13));
#4839=DIRECTION('ref_axis',(-4.83890705285946E-13,-1.3115601893589E-12,
-1.));
#4840=DIRECTION('center_axis',(-1.,2.34184581382441E-12,4.83890705282875E-13));
#4841=DIRECTION('ref_axis',(4.83890705285947E-13,1.3115601893589E-12,1.));
#4842=DIRECTION('center_axis',(-1.,2.34184581382441E-12,4.83890705282875E-13));
#4843=DIRECTION('ref_axis',(-4.83890705282474E-13,1.71317235992739E-13,
-1.));
#4844=DIRECTION('center_axis',(-0.999999948606362,2.33417766816202E-12,
-0.000320604542497142));
#4845=DIRECTION('ref_axis',(-0.000320604542487159,-1.7763568349272E-13,
0.999999948606362));
#4846=DIRECTION('',(0.999999948606362,-2.33417766816202E-12,0.000320604542497142));
#4847=DIRECTION('center_axis',(-0.99999994861435,2.33909670602436E-12,-0.000320579625978164));
#4848=DIRECTION('ref_axis',(-0.000320579625966186,-2.7850732903002E-12,
0.99999994861435));
#4849=DIRECTION('',(0.99999994861435,-2.33909670602436E-12,0.000320579625978164));
#4850=DIRECTION('center_axis',(4.83890705285946E-13,1.3115601893589E-12,
1.));
#4851=DIRECTION('ref_axis',(-2.34223044489607E-12,-1.,1.31156018936003E-12));
#4852=DIRECTION('center_axis',(4.83890705285946E-13,1.3115601893589E-12,
1.));
#4853=DIRECTION('ref_axis',(-0.999999999999969,2.50905586845193E-7,4.83890376208152E-13));
#4854=DIRECTION('center_axis',(-4.83890705285946E-13,-1.3115601893589E-12,
-1.));
#4855=DIRECTION('ref_axis',(-2.34223044489607E-12,-1.,1.31156018936003E-12));
#4856=DIRECTION('center_axis',(-4.83890705285946E-13,-1.3115601893589E-12,
-1.));
#4857=DIRECTION('ref_axis',(-2.34223044489607E-12,-1.,1.31156018936003E-12));
#4858=DIRECTION('center_axis',(-4.83890705285946E-13,-1.3115601893589E-12,
-1.));
#4859=DIRECTION('ref_axis',(-2.34223044489607E-12,-1.,1.31156018936003E-12));
#4860=DIRECTION('',(-4.83890705285946E-13,-1.3115601893589E-12,-1.));
#4861=DIRECTION('center_axis',(-4.83890705285946E-13,-1.3115601893589E-12,
-1.));
#4862=DIRECTION('ref_axis',(-2.34223044489607E-12,-1.,1.31156018936003E-12));
#4863=DIRECTION('center_axis',(-0.488604133804245,7.98839808358866E-17,
-0.872505587620735));
#4864=DIRECTION('ref_axis',(-0.872505587620735,2.68444288092161E-12,0.488604133804245));
#4865=DIRECTION('center_axis',(-4.83890705285946E-13,-1.3115601893589E-12,
-1.));
#4866=DIRECTION('ref_axis',(-2.34223044489607E-12,-1.,1.31156018936003E-12));
#4867=DIRECTION('center_axis',(-0.85202732178136,0.218241171498062,0.475836352122488));
#4868=DIRECTION('ref_axis',(1.92751370420297E-12,0.908956617172455,-0.416890714814335));
#4869=DIRECTION('',(-0.52307146605368,-0.391569103265736,-0.757013790342106));
#4870=DIRECTION('',(0.0211112215312362,-0.893892862415619,0.447783281116959));
#4871=DIRECTION('',(-0.254261272989832,-0.967064360539319,-0.0117357416582476));
#4872=DIRECTION('center_axis',(-0.523070642022689,-0.391569287623252,-0.757014264359788));
#4873=DIRECTION('ref_axis',(-0.0247754488899491,-0.880851602691878,0.472743726735164));
#4874=DIRECTION('',(-0.0235211636915418,0.894506597419289,-0.446435551935508));
#4875=DIRECTION('',(-0.237306185319725,-0.786176773456016,0.570624092803037));
#4876=DIRECTION('',(0.851964726795651,-0.215712308893884,-0.477099889004055));
#4877=DIRECTION('',(0.72257336451785,-0.674769649387802,-0.150245309924857));
#4878=DIRECTION('',(-0.237306185319725,-0.786176773456015,0.570624092803037));
#4879=DIRECTION('',(-0.606019187811991,-0.453664347781365,0.653398349826355));
#4880=DIRECTION('',(-0.599281108877686,0.800538663989648,-7.59912572140787E-13));
#4881=DIRECTION('',(0.606019187811988,0.453664347781362,-0.653398349826359));
#4882=DIRECTION('',(0.0247754488899488,0.880851602691878,-0.472743726735164));
#4883=DIRECTION('',(-0.851964658264519,0.215709702713554,0.477101189710789));
#4884=DIRECTION('',(2.82636134643265E-8,0.888212758484925,-0.459432362448053));
#4885=DIRECTION('',(-0.52307146605368,-0.391569103265737,-0.757013790342105));
#4886=DIRECTION('',(-0.346060895629331,-0.915785170876798,-0.203910218768899));
#4887=DIRECTION('',(0.100139363528512,-0.61554021626848,0.781717564103722));
#4888=DIRECTION('center_axis',(0.851964198535746,-0.215711853370008,-0.477101038281222));
#4889=DIRECTION('ref_axis',(-1.93448035368249E-12,-0.911193658588225,0.411978296210621));
#4890=DIRECTION('',(-0.52307146605368,-0.391569103265737,-0.757013790342105));
#4891=DIRECTION('',(0.226257317828616,-0.670060100437409,0.7069845033173));
#4892=DIRECTION('',(-0.346060895629331,-0.915785170876798,-0.203910218768899));
#4893=DIRECTION('',(-0.851964198535726,0.215711853369999,0.477101038281261));
#4894=DIRECTION('',(-0.851730282847969,0.215510238914618,0.4776095290116));
#4895=DIRECTION('center_axis',(2.34084060571554E-12,1.,-1.31078187781847E-12));
#4896=DIRECTION('ref_axis',(-0.488604133804241,7.98839808191249E-17,-0.872505587620737));
#4897=DIRECTION('',(-0.478624980219495,-3.0507175216686E-14,-0.878019435041097));
#4898=DIRECTION('',(-0.872505587620737,2.68284995223411E-12,0.488604133804241));
#4899=DIRECTION('',(0.82270868356475,-2.67096116803338E-12,-0.568463210759637));
#4900=DIRECTION('center_axis',(0.852288825105935,-0.240315980774154,-0.464598738681136));
#4901=DIRECTION('ref_axis',(-1.85787496498335E-12,-0.888212737328295,0.459432403349804));
#4902=DIRECTION('',(0.209689877309302,0.970691071022763,-0.117426572762265));
#4903=DIRECTION('',(-2.82636134643265E-8,-0.888212758484925,0.459432362448053));
#4904=DIRECTION('',(-0.52307146605368,-0.391569103265737,-0.757013790342105));
#4905=DIRECTION('',(1.85808384522863E-12,0.888212737328295,-0.459432403349804));
#4906=DIRECTION('',(-0.52307146605368,-0.391569103265737,-0.757013790342105));
#4907=DIRECTION('center_axis',(-0.851964197460186,0.215711812467386,0.477101058695175));
#4908=DIRECTION('ref_axis',(1.93495219846795E-12,0.911193694530347,-0.411978216715565));
#4909=DIRECTION('',(0.188209761693592,0.976457072257677,-0.105397683281971));
#4910=DIRECTION('',(0.084128464941998,0.955749943094597,-0.281894390971474));
#4911=DIRECTION('',(-0.488604133865619,5.13510278083203E-7,-0.872505587586214));
#4912=DIRECTION('center_axis',(0.872505587586365,2.87563662764966E-7,-0.488604133865535));
#4913=DIRECTION('ref_axis',(-2.34223072947075E-12,-0.999999999999827,-5.88545381512171E-7));
#4914=DIRECTION('',(-2.50900902520086E-7,0.999999999999959,1.4050479442855E-7));
#4915=DIRECTION('',(-2.34223072968794E-12,-0.999999999999827,-5.88545381512171E-7));
#4916=DIRECTION('',(-0.488604133865619,5.13510278083203E-7,-0.872505587586214));
#4917=DIRECTION('center_axis',(-0.523070642022689,-0.391569287623252,-0.757014264359788));
#4918=DIRECTION('ref_axis',(-0.0247754488899491,-0.880851602691878,0.472743726735164));
#4919=DIRECTION('',(-0.651557785213219,-0.388868192431928,0.65134781909727));
#4920=DIRECTION('',(0.851964658264519,-0.215709702713563,-0.477101189710786));
#4921=DIRECTION('',(0.851964726795567,-0.215712308890719,-0.477099889005635));
#4922=DIRECTION('',(0.611904254101902,0.445741366556974,-0.65336652650095));
#4923=DIRECTION('',(0.851944203518911,-0.214943665498805,-0.477483292642231));
#4924=DIRECTION('',(0.678465559287383,-0.728876296764064,-0.0917814190147602));
#4925=DIRECTION('',(0.851964726795567,-0.215712308890718,-0.477099889005636));
#4926=DIRECTION('',(0.77258678687835,0.15719651870989,-0.615141375007792));
#4927=DIRECTION('center_axis',(-2.50905586845385E-7,-0.999999999999868,
-4.48039275280714E-7));
#4928=DIRECTION('ref_axis',(-0.872505587586327,2.68444288141559E-12,0.488604133865687));
#4929=DIRECTION('',(0.872505587620737,-2.68447904475507E-12,-0.488604133804241));
#4930=DIRECTION('',(-0.872505587586327,2.68444288092161E-12,0.488604133865687));
#4931=DIRECTION('',(-0.488604133865619,5.13510278083203E-7,-0.872505587586214));
#4932=DIRECTION('center_axis',(0.611178574215436,-0.3942118221522,-0.686336498880417));
#4933=DIRECTION('ref_axis',(-1.7902901383593E-12,-0.86714188022036,0.498061200624882));
#4934=DIRECTION('',(0.542032754728384,0.840357360175752,-1.36446387041486E-12));
#4935=DIRECTION('',(1.79003892625269E-12,0.867141880220359,-0.498061200624883));
#4936=DIRECTION('',(-0.72293444475707,0.0749813184410364,-0.6868359268913));
#4937=DIRECTION('center_axis',(0.211926469540904,-0.922109317937068,-0.323730717235118));
#4938=DIRECTION('ref_axis',(-3.1920299736754E-13,-0.331254970468906,0.943541278662277));
#4939=DIRECTION('',(0.97459180771251,0.22398841117268,-7.65370200171752E-13));
#4940=DIRECTION('',(-0.657611557885923,-0.379594800097394,0.650734067552844));
#4941=DIRECTION('center_axis',(0.211926478490651,-0.922109312766061,-0.323730726105284));
#4942=DIRECTION('ref_axis',(0.657298014586243,0.379627290330863,-0.651031827529983));
#4943=DIRECTION('center_axis',(-0.872505587586365,-2.87563662764966E-7,
0.488604133865535));
#4944=DIRECTION('ref_axis',(2.34223072947075E-12,0.999999999999827,5.88545381512171E-7));
#4945=DIRECTION('',(2.50900902520086E-7,-0.999999999999959,-1.40504794428551E-7));
#4946=DIRECTION('',(-2.34223072968794E-12,-0.999999999999827,-5.88545381512171E-7));
#4947=DIRECTION('',(-0.488604133865619,5.13510278083203E-7,-0.872505587586214));
#4948=DIRECTION('center_axis',(0.851964197460199,-0.215711812467875,-0.47710105869493));
#4949=DIRECTION('ref_axis',(-1.93534077652657E-12,-0.911193694529917,0.411978216716515));
#4950=DIRECTION('',(-0.188209761694018,-0.976457072257569,0.10539768328221));
#4951=DIRECTION('',(0.084128464941998,0.955749943094597,-0.281894390971474));
#4952=DIRECTION('',(-0.52307146605368,-0.391569103265737,-0.757013790342105));
#4953=DIRECTION('center_axis',(0.516797259699109,0.200026148882319,0.832412236893956));
#4954=DIRECTION('ref_axis',(2.16433815314332E-12,0.972321735040649,-0.2336459791384));
#4955=DIRECTION('',(0.851964197460189,-0.215711812467499,-0.477101058695119));
#4956=DIRECTION('',(0.851964197460189,-0.215711812467499,-0.477101058695119));
#4957=DIRECTION('center_axis',(-0.488604133865623,5.13510278341134E-7,-0.872505587586212));
#4958=DIRECTION('ref_axis',(-2.34223072973545E-12,-0.999999999999827,-5.88545381512171E-7));
#4959=DIRECTION('center_axis',(-0.488604133865623,5.13510278341134E-7,-0.872505587586212));
#4960=DIRECTION('ref_axis',(-0.872505587586327,2.68444288072738E-12,0.488604133865687));
#4961=DIRECTION('center_axis',(-0.852288825105935,0.240315980774154,0.464598738681136));
#4962=DIRECTION('ref_axis',(1.85787496498335E-12,0.888212737328295,-0.459432403349804));
#4963=DIRECTION('',(-0.209689877301208,-0.970691071022718,0.117426572777089));
#4964=DIRECTION('',(-1.85808384522863E-12,-0.888212737328295,0.459432403349804));
#4965=DIRECTION('center_axis',(0.549426265734553,-0.833939687257492,0.0517240421647522));
#4966=DIRECTION('ref_axis',(-0.651557380375234,-0.388867889371883,0.651348404998446));
#4967=DIRECTION('',(0.651557380375234,0.388867889371883,-0.651348404998446));
#4968=DIRECTION('center_axis',(0.523071466053681,0.391569103265737,0.757013790342104));
#4969=DIRECTION('ref_axis',(1.85806925401266E-12,0.888212737328295,-0.459432403349804));
#4970=DIRECTION('center_axis',(-1.,-1.51588989504704E-8,4.83890725167755E-13));
#4971=DIRECTION('ref_axis',(-1.51588989504704E-8,1.,-1.31156018202365E-12));
#4972=DIRECTION('',(1.51588989504704E-8,-1.,1.31156018202365E-12));
#4973=DIRECTION('',(-4.83890705285946E-13,-1.3115601893589E-12,-1.));
#4974=DIRECTION('',(-1.51588989504704E-8,1.,-1.31156018202365E-12));
#4975=DIRECTION('',(-4.83890705285946E-13,-1.3115601893589E-12,-1.));
#4976=DIRECTION('center_axis',(4.14814839615709E-7,0.503870953582401,-0.863778942864313));
#4977=DIRECTION('ref_axis',(0.999999999999914,-2.0901510697365E-7,3.58307181378408E-7));
#4978=DIRECTION('',(-0.999999999999914,2.09015106961751E-7,-3.58307181255241E-7));
#4979=DIRECTION('',(-2.26698780874585E-12,-0.863778942864387,-0.503870953582444));
#4980=DIRECTION('',(-0.999999999999914,2.09015106961751E-7,-3.58307181255241E-7));
#4981=DIRECTION('',(-2.26698780873823E-12,-0.863778942864387,-0.503870953582444));
#4982=DIRECTION('center_axis',(-0.999999999999914,2.09015106758056E-7,-3.58307181008821E-7));
#4983=DIRECTION('ref_axis',(4.14814839187836E-7,0.503870953582403,-0.863778942864312));
#4984=DIRECTION('',(4.14814839187836E-7,0.503870953582403,-0.863778942864312));
#4985=DIRECTION('',(4.14814839187836E-7,0.503870953582403,-0.863778942864312));
#4986=DIRECTION('',(-2.26698780873823E-12,-0.863778942864387,-0.503870953582444));
#4987=DIRECTION('center_axis',(-0.773290722335276,-0.319480195153487,0.547680439357549));
#4988=DIRECTION('ref_axis',(-0.634051621518459,0.389638733660776,-0.667952242664878));
#4989=DIRECTION('',(-0.634051621518459,0.389638733660776,-0.667952242664878));
#4990=DIRECTION('',(-0.634051621518459,0.389638733660776,-0.667952242664878));
#4991=DIRECTION('',(-2.26698780873823E-12,-0.863778942864387,-0.503870953582444));
#4992=DIRECTION('center_axis',(3.8063842438482E-9,0.498067193556708,0.867138438026216));
#4993=DIRECTION('ref_axis',(1.,0.,-4.38959233834947E-9));
#4994=DIRECTION('',(1.,3.84688367702698E-9,-6.59915813767837E-9));
#4995=DIRECTION('',(0.000219648317197267,0.86713874906744,-0.498066603598727));
#4996=DIRECTION('',(1.,1.51588988394847E-8,-4.83890725167754E-13));
#4997=DIRECTION('',(1.79002690672892E-12,0.867138106066471,-0.498067771500479));
#4998=DIRECTION('center_axis',(3.18193126903458E-8,-0.49806112838261,-0.867141921714226));
#4999=DIRECTION('ref_axis',(-1.79003905840131E-12,-0.867141921714226,0.49806112838261));
#5000=DIRECTION('',(-1.,-3.84688367702698E-9,6.59915813767838E-9));
#5001=DIRECTION('',(1.,1.51588988394847E-8,-4.83890725167754E-13));
#5002=DIRECTION('',(1.37279719431767E-5,0.867141921632735,-0.498061128335299));
#5003=DIRECTION('center_axis',(-0.523070642022689,-0.391569287623252,-0.757014264359788));
#5004=DIRECTION('ref_axis',(-0.599281108877687,0.800538663989648,-7.60169704960844E-13));
#5005=DIRECTION('',(0.0247754488899491,0.880851602691878,-0.472743726735163));
#5006=DIRECTION('',(-0.606019187811988,-0.453664347781362,0.65339834982636));
#5007=DIRECTION('',(0.599281108877687,-0.800538663989648,7.59901549723488E-13));
#5008=DIRECTION('',(-0.606019187811988,-0.453664347781362,0.65339834982636));
#5009=DIRECTION('',(-0.657612330092173,-0.37959361368646,0.650733979256652));
#5010=DIRECTION('',(0.599281108877687,-0.800538663989648,7.59968083292018E-13));
#5011=DIRECTION('center_axis',(0.279034372057786,0.20888438675669,0.937287112991318));
#5012=DIRECTION('ref_axis',(2.18088741510414E-12,0.976054926690818,-0.217524205739458));
#5013=DIRECTION('',(0.599281108877686,-0.800538663989648,7.59968083292018E-13));
#5014=DIRECTION('',(-0.750334573208951,-0.561698460409992,0.348558270337094));
#5015=DIRECTION('',(-0.750334573208868,-0.561698460410089,0.348558270337115));
#5016=DIRECTION('center_axis',(0.0299521983972096,0.497844304555953,0.866749049167274));
#5017=DIRECTION('ref_axis',(1.79005248124309E-12,0.867138106066581,-0.498067771500287));
#5018=DIRECTION('',(0.69857027195396,-0.630633796102338,0.338083703179738));
#5019=DIRECTION('center_axis',(0.282040424973147,0.676911424673801,0.67988537403525));
#5020=DIRECTION('ref_axis',(1.31830657501553E-12,0.708654979160092,-0.705555186014255));
#5021=DIRECTION('',(-0.657610500887676,-0.379595264999466,0.650734864527977));
#5022=DIRECTION('center_axis',(2.26698780873672E-12,0.863778942864386,0.503870953582446));
#5023=DIRECTION('ref_axis',(-1.,2.34223044489541E-12,4.83890705282116E-13));
#5024=DIRECTION('',(-0.773905732763544,0.319101883442359,-0.547031904717871));
#5025=DIRECTION('',(-4.14814839737218E-7,-0.503870953582403,0.863778942864312));
#5026=DIRECTION('',(-4.14814839737218E-7,-0.503870953582403,0.863778942864312));
#5027=DIRECTION('',(0.721526099891397,-0.610226744618766,0.327144321863445));
#5028=DIRECTION('',(-0.523070642022689,-0.391569287623251,-0.757014264359788));
#5029=DIRECTION('',(0.946467739897934,-0.22170184210046,0.234621206504783));
#5030=DIRECTION('',(0.986982913444025,0.00662302520670534,0.160688718044099));
#5031=DIRECTION('center_axis',(0.999451808433813,-2.38436845873504E-12,
-0.0331071384807037));
#5032=DIRECTION('ref_axis',(0.0331071384807037,1.23329665543279E-12,0.999451808433813));
#5033=DIRECTION('center_axis',(-0.499999999999581,2.30695966502549E-12,
0.866025403784681));
#5034=DIRECTION('ref_axis',(-0.866025403784681,1.37265097211842E-12,-0.499999999999581));
#5035=DIRECTION('',(-0.86582423604952,0.0215527962498493,-0.499883855753592));
#5036=DIRECTION('center_axis',(-0.229187007492138,-0.905182355567467,0.357936054018216));
#5037=DIRECTION('ref_axis',(0.969409515654768,-0.245448957948465,-1.47104550762833E-13));
#5038=DIRECTION('',(0.969409573996933,-0.245448727523084,6.20077814647682E-7));
#5039=DIRECTION('',(-0.969409573996933,0.245448727523082,-6.20077813143236E-7));
#5040=DIRECTION('',(0.969409943995447,-0.245447266153073,4.55263834218902E-6));
#5041=DIRECTION('',(-0.969409515654768,0.245448957948465,1.47167172476259E-13));
#5042=DIRECTION('center_axis',(-0.346060895629331,-0.915785170876797,-0.203910218768901));
#5043=DIRECTION('ref_axis',(-3.65818486613989E-14,-0.217339159204755,0.97609614786463));
#5044=DIRECTION('',(0.935417011840783,-0.353546212096013,0.000299785626378485));
#5045=DIRECTION('',(0.702993102112316,-0.109170696089063,-0.702767712333124));
#5046=DIRECTION('',(0.938212053064884,-0.337788707150382,-0.0752125840896891));
#5047=DIRECTION('',(-0.80692339596383,0.213531063809669,0.550707833460276));
#5048=DIRECTION('',(-0.969409598490617,0.245448630785059,1.47167641654256E-13));
#5049=DIRECTION('',(0.938212053064884,-0.337788707150382,-0.0752125840896891));
#5050=DIRECTION('',(0.938212053064884,-0.337788707150382,-0.0752125840896891));
#5051=DIRECTION('',(-0.856816813001833,0.202620078406568,0.474141384804046));
#5052=DIRECTION('',(-0.969409515654768,0.245448957948465,1.47216719967567E-13));
#5053=DIRECTION('center_axis',(-0.969409515654769,0.245448957948465,1.4532142669782E-13));
#5054=DIRECTION('ref_axis',(-0.229187007492138,-0.905182355567466,0.357936054018217));
#5055=DIRECTION('',(0.229187007492138,0.905182355567466,-0.357936054018217));
#5056=DIRECTION('center_axis',(-0.97338234069603,0.212990495506263,-0.0846278183880105));
#5057=DIRECTION('ref_axis',(-0.000366630490098566,0.367804230526689,0.929903174308355));
#5058=DIRECTION('center_axis',(-2.34223044489607E-12,-1.,1.31156018936004E-12));
#5059=DIRECTION('ref_axis',(1.,-2.3422304448967E-12,-4.83890705282874E-13));
#5060=DIRECTION('',(1.,-2.34223044489671E-12,-4.83890705282874E-13));
#5061=DIRECTION('center_axis',(-0.969409598490618,0.245448630785055,1.47167641654261E-13));
#5062=DIRECTION('ref_axis',(-4.82928134372597E-13,-1.30775847541312E-12,
-1.));
#5063=DIRECTION('',(-0.245448630785055,-0.969409598490618,1.39020934762474E-12));
#5064=DIRECTION('center_axis',(4.83890705285946E-13,1.3115601893589E-12,
1.));
#5065=DIRECTION('ref_axis',(-0.969409598490619,0.245448630785052,1.47167641654266E-13));
#5066=DIRECTION('',(-0.245448630785055,-0.969409598490618,1.39020934762474E-12));
#5067=DIRECTION('',(-0.969409598490619,0.245448630785052,1.47167641654265E-13));
#5068=DIRECTION('center_axis',(0.241348636935168,0.95321564226895,-0.18201861109054));
#5069=DIRECTION('ref_axis',(0.,0.187563267137875,0.982252523957341));
#5070=DIRECTION('',(0.969409598490617,-0.245448630785059,-1.47167641654256E-13));
#5071=DIRECTION('',(0.0403819267279575,0.177537924560738,0.98328509870556));
#5072=DIRECTION('center_axis',(-0.685476100840387,0.173558391260138,-0.707106781186444));
#5073=DIRECTION('ref_axis',(0.685476100839702,-0.173558391261996,-0.707106781186651));
#5074=DIRECTION('',(-0.245448630785055,-0.969409598490618,1.39020934762474E-12));
#5075=DIRECTION('',(0.685476100839702,-0.173558391261996,-0.707106781186652));
#5076=DIRECTION('',(-0.245448630785055,-0.969409598490618,1.39020934762474E-12));
#5077=DIRECTION('center_axis',(-0.724202219980982,0.183363609751254,0.664762311802954));
#5078=DIRECTION('ref_axis',(-0.644426965776851,0.163164999228538,-0.747054930247029));
#5079=DIRECTION('',(-0.644426965776851,0.163164999228538,-0.747054930247029));
#5080=DIRECTION('center_axis',(-0.245448957948465,-0.969409515654768,1.39020939730592E-12));
#5081=DIRECTION('ref_axis',(4.83931065068064E-13,1.31154997050685E-12,1.));
#5082=DIRECTION('',(0.851964452923863,-0.215712538202927,-0.477100274382853));
#5083=DIRECTION('',(-0.969409515654768,0.245448957948465,1.47167172476259E-13));
#5084=DIRECTION('',(-0.969409515654768,0.245448957948465,1.47216719967567E-13));
#5085=DIRECTION('',(4.83931065068066E-13,1.31154997050686E-12,1.));
#5086=DIRECTION('center_axis',(0.0723661351726878,0.19063737727374,-0.978989546862661));
#5087=DIRECTION('ref_axis',(-2.39153835623895E-12,-0.98156307356501,-0.191138516823825));
#5088=DIRECTION('',(-0.935417018765638,0.353546193853568,-0.000299691945036148));
#5089=DIRECTION('',(0.346060895629331,0.915785170876798,0.203910218768899));
#5090=DIRECTION('',(0.935417018765639,-0.353546193853565,0.000299691945036259));
#5091=DIRECTION('',(-0.346060895629327,-0.915785170876799,-0.2039102187689));
#5092=DIRECTION('center_axis',(0.789002630647315,-0.401668421464962,0.464905719506075));
#5093=DIRECTION('ref_axis',(-0.507658059472951,-9.34906171923267E-9,0.861558642607778));
#5094=DIRECTION('',(0.507658059472951,9.34905957772824E-9,-0.861558642607779));
#5095=DIRECTION('',(-0.346060895629331,-0.915785170876798,-0.203910218768899));
#5096=DIRECTION('',(-0.507658059472951,-9.34906167338734E-9,0.861558642607778));
#5097=DIRECTION('',(-0.346060895629331,-0.915785170876798,-0.203910218768899));
#5098=DIRECTION('center_axis',(2.34223044489607E-12,1.,-1.31156018936004E-12));
#5099=DIRECTION('ref_axis',(-4.83890705285946E-13,-1.31156018935891E-12,
-1.));
#5100=DIRECTION('',(1.,-2.34223044489671E-12,-4.83890705282874E-13));
#5101=DIRECTION('',(-0.507658077841988,2.31903820776652E-12,0.861558631784151));
#5102=DIRECTION('center_axis',(0.245448630785059,0.969409598490617,-1.39020934762474E-12));
#5103=DIRECTION('ref_axis',(-0.969409598490617,0.245448630785059,1.47167641654256E-13));
#5104=DIRECTION('',(0.969409598490438,-0.245448630785012,6.09227607298767E-7));
#5105=DIRECTION('center_axis',(0.245448630785059,0.969409598490617,-1.39020934762474E-12));
#5106=DIRECTION('ref_axis',(-0.969409598490617,0.245448630785059,1.47167641654256E-13));
#5107=DIRECTION('',(-0.969409598486107,0.245448630783917,3.05054648969459E-6));
#5108=DIRECTION('center_axis',(0.241346423272259,0.953210021535483,-0.182050978624151));
#5109=DIRECTION('ref_axis',(-9.14532338747165E-13,-0.187596514227149,-0.982246174769759));
#5110=DIRECTION('',(0.0402629687792378,0.177599060094178,0.983278936619079));
#5111=DIRECTION('',(-0.967698922631999,0.250479767626104,0.0286126046846903));
#5112=DIRECTION('center_axis',(0.24134868654817,0.953215280242364,-0.182020441198084));
#5113=DIRECTION('ref_axis',(-9.14518460959357E-13,-0.187565155378809,-0.982252163391725));
#5114=DIRECTION('center_axis',(0.241347299837656,0.953209868951073,-0.182050615476439));
#5115=DIRECTION('ref_axis',(-9.14712749988666E-13,-0.187596182159276,-0.982246238190437));
#5116=DIRECTION('center_axis',(0.621323229003012,-0.386547901194126,0.681570367008196));
#5117=DIRECTION('ref_axis',(-0.702993102112316,0.109170696089063,0.702767712333124));
#5118=DIRECTION('',(-0.346060895629331,-0.915785170876798,-0.203910218768899));
#5119=DIRECTION('',(-0.702993102112316,0.109170696089063,0.702767712333124));
#5120=DIRECTION('center_axis',(-0.072366224684493,-0.190637343442242,0.978989546833978));
#5121=DIRECTION('ref_axis',(-0.935417011840784,0.353546212096011,-0.000299785626379126));
#5122=DIRECTION('',(0.346060895629331,0.915785170876798,0.203910218768899));
#5123=DIRECTION('',(-0.935417011840784,0.353546212096011,-0.000299785626379104));
#5124=DIRECTION('center_axis',(-0.938212053064884,0.337788707150381,0.0752125840896888));
#5125=DIRECTION('ref_axis',(3.67483821150927E-14,0.217339159204753,-0.976096147864631));
#5126=DIRECTION('',(-3.67345421435113E-14,-0.217339159204753,0.976096147864631));
#5127=DIRECTION('',(-0.346060895629331,-0.915785170876798,-0.203910218768899));
#5128=DIRECTION('',(2.06769320104712E-12,-0.217339159199184,0.976096147865871));
#5129=DIRECTION('',(-0.346060895629331,-0.915785170876798,-0.203910218768899));
#5130=DIRECTION('',(-0.346060895629331,-0.915785170876798,-0.203910218768899));
#5131=DIRECTION('center_axis',(0.935417018765638,-0.353546193853568,0.000299691945036148));
#5132=DIRECTION('ref_axis',(0.346060895629331,0.915785170876797,0.203910218768899));
#5133=DIRECTION('',(0.0723661351726878,0.19063737727374,-0.978989546862661));
#5134=DIRECTION('',(-0.0723661351726878,-0.19063737727374,0.978989546862661));
#5135=DIRECTION('center_axis',(0.346060895629328,0.915785170876798,0.2039102187689));
#5136=DIRECTION('ref_axis',(3.68038932663239E-14,0.217339159204753,-0.976096147864631));
#5137=DIRECTION('',(-0.851730282847969,0.215510238914618,0.4776095290116));
#5138=DIRECTION('',(-0.851964585589607,0.215712187128122,0.477100196212002));
#5139=DIRECTION('center_axis',(-0.392935365444945,0.338830006236985,-0.85486608627088));
#5140=DIRECTION('ref_axis',(-2.35607366949608E-12,-0.929640722063891,-0.368467268397787));
#5141=DIRECTION('',(-0.85196458558961,0.215712187128123,0.477100196211997));
#5142=DIRECTION('',(-0.653042024728313,-0.757321671377986,1.30927392064526E-12));
#5143=DIRECTION('center_axis',(4.83890705285946E-13,1.3115601893589E-12,
1.));
#5144=DIRECTION('ref_axis',(2.34223044489607E-12,1.,-1.31156018936003E-12));
#5145=DIRECTION('',(-1.,2.34223044489671E-12,4.83890705282874E-13));
#5146=DIRECTION('',(0.93543912792703,-0.353487818662988,1.09702510170122E-14));
#5147=DIRECTION('center_axis',(2.39141051370817E-12,0.976096147864968,0.217339159203239));
#5148=DIRECTION('ref_axis',(-3.67345421398026E-14,-0.217339159203239,0.976096147864968));
#5149=DIRECTION('center_axis',(0.245448630785055,0.969409598490618,-1.39020934762474E-12));
#5150=DIRECTION('ref_axis',(-0.969409598490618,0.245448630785055,1.47167641654261E-13));
#5151=DIRECTION('center_axis',(-0.346060895629332,-0.915785170878119,-0.203910218762963));
#5152=DIRECTION('ref_axis',(-2.06766548327408E-12,0.217339159199183,-0.976096147865871));
#5153=DIRECTION('',(-2.06740364277129E-12,0.217339159199184,-0.976096147865871));
#5154=DIRECTION('',(0.938212053064884,-0.337788707150382,-0.0752125840896891));
#5155=DIRECTION('center_axis',(-0.938212053064884,0.337788707150382,0.0752125840896891));
#5156=DIRECTION('ref_axis',(-0.079909507858145,-1.12016645958946E-12,-0.996802122065292));
#5157=DIRECTION('',(-0.346060895629331,-0.915785170878119,-0.203910218762964));
#5158=DIRECTION('center_axis',(-0.346060895629331,-0.915785170876798,-0.203910218768899));
#5159=DIRECTION('ref_axis',(-3.6873282205363E-14,-0.217339159204752,0.976096147864631));
#5160=DIRECTION('center_axis',(0.393442984174257,-0.338958489678485,0.854581628914954));
#5161=DIRECTION('ref_axis',(0.851730282847969,-0.215510238914617,-0.4776095290116));
#5162=DIRECTION('center_axis',(0.599281108877686,-0.800538663989648,7.59746038687094E-13));
#5163=DIRECTION('ref_axis',(0.52307064202269,0.391569287623251,0.757014264359788));
#5164=DIRECTION('',(-0.52307064202269,-0.391569287623251,-0.757014264359788));
#5165=DIRECTION('',(-0.52307064202269,-0.391569287623251,-0.757014264359788));
#5166=DIRECTION('center_axis',(2.06772095662273E-12,-0.217339159199184,
0.976096147865871));
#5167=DIRECTION('ref_axis',(-0.346060895629331,-0.915785170878119,-0.203910218762964));
#5168=DIRECTION('center_axis',(2.26698780873822E-12,0.863778942864387,0.503870953582444));
#5169=DIRECTION('ref_axis',(7.62207285908792E-13,0.503870953582444,-0.863778942864387));
#5170=DIRECTION('',(0.892901275914393,-0.226869155578246,0.388918626087338));
#5171=DIRECTION('',(4.14814839737218E-7,0.503870953582403,-0.863778942864312));
#5172=DIRECTION('center_axis',(-0.320459244379325,-0.732677847331936,0.600407398955803));
#5173=DIRECTION('ref_axis',(1.85881865455428E-12,0.63383436286062,0.773468810267791));
#5174=DIRECTION('',(-0.52307064202269,-0.391569287623251,-0.757014264359788));
#5175=DIRECTION('',(-0.894463473758968,0.0253939785214884,-0.446419354380935));
#5176=DIRECTION('',(-0.72368348971781,0.0748961411897196,-0.686055955986639));
#5177=DIRECTION('center_axis',(0.606019187811988,0.453664347781362,-0.65339834982636));
#5178=DIRECTION('ref_axis',(-2.20032325692898E-12,-0.821419735239484,-0.570324134645464));
#5179=DIRECTION('center_axis',(-0.599281108877687,0.800538663989648,-7.59662771960246E-13));
#5180=DIRECTION('ref_axis',(-0.523070642022688,-0.391569287623251,-0.757014264359789));
#5181=DIRECTION('center_axis',(-0.599281108877726,0.800538663989618,-7.59968083291961E-13));
#5182=DIRECTION('ref_axis',(-4.83890705285944E-13,-1.3115601893589E-12,
-1.));
#5183=DIRECTION('',(0.73049171192013,0.546844147368815,-0.409076199875367));
#5184=DIRECTION('',(-0.52307064202269,-0.391569287623251,-0.757014264359788));
#5185=DIRECTION('',(-4.83890705285946E-13,-1.3115601893589E-12,-1.));
#5186=DIRECTION('center_axis',(0.851929152327981,-0.266033732871169,-0.451046308474372));
#5187=DIRECTION('ref_axis',(-0.0247754488899492,-0.880851602691878,0.472743726735163));
#5188=DIRECTION('',(0.232175827770342,0.963944767406625,-0.130018730914217));
#5189=DIRECTION('',(0.488604133865578,-5.13510273279151E-7,0.872505587586237));
#5190=DIRECTION('center_axis',(0.488604133804244,1.08048351080246E-16,0.872505587620735));
#5191=DIRECTION('ref_axis',(-0.872505587620735,2.68410728816187E-12,0.488604133804244));
#5192=DIRECTION('',(-2.34184581382378E-12,-1.,1.31156018936004E-12));
#5193=DIRECTION('',(0.730491711917569,-0.54684414737331,-0.409076199873932));
#5194=DIRECTION('',(0.232175827765827,-0.963944767408054,-0.130018730911688));
#5195=DIRECTION('',(-0.851964658265529,-0.215709702708315,0.477101189711355));
#5196=DIRECTION('',(-0.209689877296661,0.970691071024008,0.117426572774543));
#5197=DIRECTION('',(-0.188209761689444,0.976457072258727,0.105397683279649));
#5198=DIRECTION('',(2.50905586596344E-7,0.999999999999959,-1.4050741754893E-7));
#5199=DIRECTION('',(0.872505587620737,-2.68407112432841E-12,-0.488604133804241));
#5200=DIRECTION('',(-2.50905586596345E-7,-0.999999999999959,1.40507417548929E-7));
#5201=DIRECTION('',(0.188209761689018,-0.976457072258835,-0.105397683279409));
#5202=DIRECTION('',(0.209689877304755,-0.970691071024053,-0.117426572759719));
#5203=DIRECTION('',(-0.872505587620737,2.68570021684937E-12,0.488604133804241));
#5204=DIRECTION('',(0.85196465826553,0.215709702708321,-0.477101189711352));
#5205=DIRECTION('center_axis',(-4.83890705285946E-13,-1.3115601893589E-12,
-1.));
#5206=DIRECTION('ref_axis',(-2.34184581382378E-12,-1.,1.31156018936003E-12));
#5207=DIRECTION('',(2.34184581382378E-12,1.,-1.31156018936004E-12));
#5208=DIRECTION('center_axis',(4.83890705285946E-13,1.3115601893589E-12,
1.));
#5209=DIRECTION('ref_axis',(2.34184581382378E-12,1.,-1.31156018936003E-12));
#5210=DIRECTION('center_axis',(4.83890705285946E-13,1.3115601893589E-12,
1.));
#5211=DIRECTION('ref_axis',(2.34184581382378E-12,1.,-1.31156018936003E-12));
#5212=DIRECTION('',(0.599281108881436,0.800538663986841,-1.33994120016889E-12));
#5213=DIRECTION('',(0.974591807711461,-0.223988411177245,-1.77821634221577E-13));
#5214=DIRECTION('',(0.542032754724448,-0.840357360178291,8.3989464647289E-13));
#5215=DIRECTION('',(1.,-1.51635829157434E-8,-4.83890685397995E-13));
#5216=DIRECTION('',(-1.51635830267292E-8,-1.,1.31156019669642E-12));
#5217=DIRECTION('',(-2.34184581382378E-12,-1.,1.31156018936004E-12));
#5218=DIRECTION('center_axis',(-4.83890705285946E-13,-1.3115601893589E-12,
-1.));
#5219=DIRECTION('ref_axis',(2.34184581382378E-12,1.,-1.31156018936003E-12));
#5220=DIRECTION('center_axis',(-4.83890705285946E-13,-1.3115601893589E-12,
-1.));
#5221=DIRECTION('ref_axis',(-0.999999999999969,-2.50900902768934E-7,4.83891034357566E-13));
#5222=DIRECTION('center_axis',(4.83890705285946E-13,1.3115601893589E-12,
1.));
#5223=DIRECTION('ref_axis',(2.34184581382378E-12,1.,-1.31156018936003E-12));
#5224=DIRECTION('center_axis',(4.83890705285946E-13,1.3115601893589E-12,
1.));
#5225=DIRECTION('ref_axis',(2.34184581382378E-12,1.,-1.31156018936003E-12));
#5226=DIRECTION('center_axis',(4.83890705285946E-13,1.3115601893589E-12,
1.));
#5227=DIRECTION('ref_axis',(2.34184581382378E-12,1.,-1.31156018936003E-12));
#5228=DIRECTION('center_axis',(0.488604133804245,1.08048351075803E-16,0.872505587620735));
#5229=DIRECTION('ref_axis',(-0.872505587620735,2.68410728816187E-12,0.488604133804245));
#5230=DIRECTION('center_axis',(0.523070642020856,-0.391569287623716,0.757014264360815));
#5231=DIRECTION('ref_axis',(-0.606019187809864,0.453664347785914,0.653398349825169));
#5232=DIRECTION('',(4.83890705285946E-13,1.3115601893589E-12,1.));
#5233=DIRECTION('center_axis',(-0.523070642020856,0.391569287623716,-0.757014264360815));
#5234=DIRECTION('ref_axis',(-2.30249153077011E-12,-0.888212766454951,-0.459432347039739));
#5235=DIRECTION('',(-0.606019187809866,0.453664347785917,0.653398349825165));
#5236=DIRECTION('',(0.606019187809863,-0.453664347785915,-0.65339834982517));
#5237=DIRECTION('',(0.657611557884146,-0.379594807541092,-0.650734063212483));
#5238=DIRECTION('',(0.851964658265529,0.215709702708312,-0.477101189711356));
#5239=DIRECTION('center_axis',(-0.488604133804245,-1.08048351075803E-16,
-0.872505587620735));
#5240=DIRECTION('ref_axis',(-2.34184581382378E-12,-1.,1.31156018936004E-12));
#5241=DIRECTION('center_axis',(0.852027321782382,0.218241171492822,-0.475836352123061));
#5242=DIRECTION('ref_axis',(-2.33058017329313E-12,-0.908956617173549,-0.41689071481195));
#5243=DIRECTION('',(-0.523071466051846,0.3915691032662,-0.757013790343133));
#5244=DIRECTION('',(-0.254261272985302,0.967064360540479,-0.0117357416607843));
#5245=DIRECTION('',(0.0211112215354233,0.893892862416695,0.447783281114614));
#5246=DIRECTION('center_axis',(0.523070642020856,-0.391569287623716,0.757014264360815));
#5247=DIRECTION('ref_axis',(-0.024775448885823,0.880851602693234,0.472743726732853));
#5248=DIRECTION('',(-0.0235211636957317,-0.89450659742035,-0.446435551933162));
#5249=DIRECTION('',(2.82594530080318E-8,-0.88821275848613,-0.459432362445723));
#5250=DIRECTION('',(0.0247754488858228,-0.880851602693234,-0.472743726732853));
#5251=DIRECTION('',(0.606019187809863,-0.453664347785915,-0.653398349825169));
#5252=DIRECTION('',(-0.599281108881436,-0.800538663986841,1.33999671132012E-12));
#5253=DIRECTION('',(-0.606019187809866,0.453664347785917,0.653398349825165));
#5254=DIRECTION('',(-0.237306185316043,0.786176773458624,0.570624092800975));
#5255=DIRECTION('',(0.722573364521011,0.674769649384023,-0.150245309926627));
#5256=DIRECTION('',(0.851964726796661,0.215712308888642,-0.477099889004621));
#5257=DIRECTION('',(-0.237306185316042,0.786176773458624,0.570624092800975));
#5258=DIRECTION('',(-0.523071466051846,0.391569103266201,-0.757013790343133));
#5259=DIRECTION('',(0.100139363531395,0.615540216270062,0.781717564102108));
#5260=DIRECTION('',(-0.346060895625041,0.915785170877884,-0.203910218771301));
#5261=DIRECTION('center_axis',(-0.851964198536757,-0.215711853364766,0.477101038281787));
#5262=DIRECTION('ref_axis',(2.333189197401E-12,0.911193658589305,0.411978296208231));
#5263=DIRECTION('',(-0.523071466051846,0.391569103266201,-0.757013790343133));
#5264=DIRECTION('',(-0.346060895625041,0.915785170877884,-0.203910218771301));
#5265=DIRECTION('',(0.226257317831755,0.670060100438204,0.706984503315543));
#5266=DIRECTION('',(-0.851964198536737,-0.215711853364756,0.477101038281827));
#5267=DIRECTION('',(-0.851730282848979,-0.215510238909375,0.477609529012165));
#5268=DIRECTION('center_axis',(2.34323565300431E-12,1.,-1.31233850090161E-12));
#5269=DIRECTION('ref_axis',(-0.488604133804241,-1.08048351090747E-16,-0.872505587620737));
#5270=DIRECTION('',(-0.478624980219495,-3.07275910755064E-14,-0.878019435041097));
#5271=DIRECTION('',(0.82270868356475,-2.67381647719118E-12,-0.568463210759637));
#5272=DIRECTION('center_axis',(-0.85228882510706,-0.240315980768943,0.464598738681766));
#5273=DIRECTION('ref_axis',(2.30251928634573E-12,0.8882127373295,0.459432403347474));
#5274=DIRECTION('',(-0.523071466051846,0.391569103266201,-0.757013790343133));
#5275=DIRECTION('',(-2.30237235038623E-12,-0.8882127373295,-0.459432403347474));
#5276=DIRECTION('',(-0.523071466051846,0.391569103266201,-0.757013790343133));
#5277=DIRECTION('',(-2.82594530080318E-8,0.88821275848613,0.459432362445723));
#5278=DIRECTION('center_axis',(0.851964197461197,0.215711812462144,-0.47710105869574));
#5279=DIRECTION('ref_axis',(-2.33277286376676E-12,-0.911193694531428,-0.411978216713175));
#5280=DIRECTION('',(-0.488604133865619,-5.13510278111367E-7,-0.872505587586214));
#5281=DIRECTION('',(0.0841284649375212,-0.95574994309573,-0.281894390968967));
#5282=DIRECTION('center_axis',(-0.872505587586365,2.87569031315135E-7,0.488604133865535));
#5283=DIRECTION('ref_axis',(2.34184552900895E-12,0.999999999999827,-5.8854800463255E-7));
#5284=DIRECTION('',(-0.488604133865619,-5.13510278111367E-7,-0.872505587586214));
#5285=DIRECTION('',(2.3418455290311E-12,0.999999999999827,-5.8854800463255E-7));
#5286=DIRECTION('center_axis',(0.523070642020856,-0.391569287623716,0.757014264360815));
#5287=DIRECTION('ref_axis',(-0.024775448885823,0.880851602693234,0.472743726732853));
#5288=DIRECTION('',(0.772586786877614,-0.157196518715123,-0.61514137500738));
#5289=DIRECTION('',(0.851964726796578,0.215712308885475,-0.477099889006201));
#5290=DIRECTION('',(0.678465559290797,0.728876296760645,-0.0917814190166721));
#5291=DIRECTION('',(0.851944203519918,0.214943665493562,-0.477483292642795));
#5292=DIRECTION('',(0.611904254099814,-0.445741366561554,-0.65336652649978));
#5293=DIRECTION('',(0.851964726796578,0.215712308885477,-0.477099889006201));
#5294=DIRECTION('',(-0.651557785211398,0.388868192436688,0.65134781909625));
#5295=DIRECTION('center_axis',(2.50900902769126E-7,-0.999999999999868,4.48041898401093E-7));
#5296=DIRECTION('ref_axis',(-0.872505587586327,2.68410728799421E-12,0.488604133865687));
#5297=DIRECTION('',(-0.488604133865619,-5.13510278111367E-7,-0.872505587586214));
#5298=DIRECTION('',(-0.872505587586327,2.68410728816187E-12,0.488604133865687));
#5299=DIRECTION('center_axis',(-0.611178574217283,-0.394211822147536,0.686336498881452));
#5300=DIRECTION('ref_axis',(2.27190488644169E-12,0.867141880221667,0.498061200622607));
#5301=DIRECTION('',(-0.722934444757421,-0.0749813184394518,-0.686835926891103));
#5302=DIRECTION('',(-2.27171976783225E-12,-0.867141880221666,-0.498061200622608));
#5303=DIRECTION('center_axis',(-0.211926469545223,-0.922109317935226,0.323730717237537));
#5304=DIRECTION('ref_axis',(1.23244470184858E-12,0.331254970471382,0.943541278661408));
#5305=DIRECTION('center_axis',(-0.211926478834493,-0.922109312568067,0.323730726444154));
#5306=DIRECTION('ref_axis',(0.657298014473612,-0.379627290812092,-0.651031827363086));
#5307=DIRECTION('',(-0.657611557884145,0.379594800102181,0.650734067551848));
#5308=DIRECTION('center_axis',(0.872505587586365,-2.87569031315135E-7,-0.488604133865535));
#5309=DIRECTION('ref_axis',(-2.34184552900895E-12,-0.999999999999827,5.8854800463255E-7));
#5310=DIRECTION('',(-0.488604133865619,-5.13510278111367E-7,-0.872505587586214));
#5311=DIRECTION('',(2.3418455290311E-12,0.999999999999827,-5.8854800463255E-7));
#5312=DIRECTION('center_axis',(-0.85196419746121,-0.215711812462633,0.477101058695496));
#5313=DIRECTION('ref_axis',(2.3326618414643E-12,0.911193694530998,0.411978216714125));
#5314=DIRECTION('',(-0.523071466051846,0.391569103266201,-0.757013790343133));
#5315=DIRECTION('',(0.0841284649375212,-0.95574994309573,-0.281894390968967));
#5316=DIRECTION('center_axis',(-0.516797259698172,0.200026148882556,-0.832412236894481));
#5317=DIRECTION('ref_axis',(-2.38971342714223E-12,-0.972321735041262,-0.233645979135849));
#5318=DIRECTION('',(0.851964197461199,0.215711812462257,-0.477101058695685));
#5319=DIRECTION('',(0.851964197461199,0.215711812462257,-0.477101058695685));
#5320=DIRECTION('center_axis',(0.488604133865623,5.13510278369298E-7,0.872505587586212));
#5321=DIRECTION('ref_axis',(2.34184552911483E-12,0.999999999999827,-5.8854800463255E-7));
#5322=DIRECTION('center_axis',(0.488604133865623,5.13510278369298E-7,0.872505587586212));
#5323=DIRECTION('ref_axis',(-0.872505587586327,2.68410728831185E-12,0.488604133865687));
#5324=DIRECTION('center_axis',(0.85228882510706,0.240315980768943,-0.464598738681766));
#5325=DIRECTION('ref_axis',(-2.30251928634573E-12,-0.8882127373295,-0.459432403347474));
#5326=DIRECTION('',(2.30237235038623E-12,0.8882127373295,0.459432403347474));
#5327=DIRECTION('center_axis',(-0.549426265738459,-0.833939687255054,-0.0517240421625646));
#5328=DIRECTION('ref_axis',(-0.651557380373413,0.388867889376644,0.651348404997425));
#5329=DIRECTION('',(0.651557380373413,-0.388867889376643,-0.651348404997425));
#5330=DIRECTION('center_axis',(-0.523071466051847,0.391569103266201,-0.757013790343132));
#5331=DIRECTION('ref_axis',(-2.3022972417408E-12,-0.8882127373295,-0.459432403347474));
#5332=DIRECTION('center_axis',(-1.,2.34184581382441E-12,4.83890705282875E-13));
#5333=DIRECTION('ref_axis',(2.34184581382378E-12,1.,-1.31156018936004E-12));
#5334=DIRECTION('',(-2.34223044489607E-12,-1.,1.31156018936004E-12));
#5335=DIRECTION('',(-4.83890705285946E-13,-1.3115601893589E-12,-1.));
#5336=DIRECTION('center_axis',(-4.83890705285946E-13,-1.3115601893589E-12,
-1.));
#5337=DIRECTION('ref_axis',(2.34184581382378E-12,1.,-1.31156018936003E-12));
#5338=DIRECTION('',(2.34184581382378E-12,1.,-1.31156018936004E-12));
#5339=DIRECTION('',(1.51635830267292E-8,1.,-1.31156019669642E-12));
#5340=DIRECTION('',(1.,-1.51635829157434E-8,-4.83890685397995E-13));
#5341=DIRECTION('',(0.599281108881436,0.800538663986841,-1.33994120016889E-12));
#5342=DIRECTION('center_axis',(1.,-1.51635830267292E-8,-4.83890685397994E-13));
#5343=DIRECTION('ref_axis',(-1.51635830267292E-8,-1.,1.31156019669642E-12));
#5344=DIRECTION('',(-4.83890705285946E-13,-1.3115601893589E-12,-1.));
#5345=DIRECTION('',(-4.83890705285946E-13,-1.3115601893589E-12,-1.));
#5346=DIRECTION('center_axis',(1.,-2.34184581382441E-12,-4.83890705282875E-13));
#5347=DIRECTION('ref_axis',(-2.34184581382378E-12,-1.,1.31156018936004E-12));
#5348=DIRECTION('center_axis',(-4.14812479445738E-7,0.503870953584666,0.863778942862991));
#5349=DIRECTION('ref_axis',(0.999999999999914,2.09010422898331E-7,3.5830718137786E-7));
#5350=DIRECTION('',(-0.999999999999914,-2.09010422886432E-7,-3.58307181254693E-7));
#5351=DIRECTION('',(1.77901863031189E-12,0.863778942863066,-0.50387095358471));
#5352=DIRECTION('',(-0.999999999999914,-2.09010422886432E-7,-3.58307181254693E-7));
#5353=DIRECTION('',(1.77901863030427E-12,0.863778942863066,-0.50387095358471));
#5354=DIRECTION('center_axis',(0.999999999999914,2.09010422682737E-7,3.58307181008273E-7));
#5355=DIRECTION('ref_axis',(4.14812479017865E-7,-0.503870953584669,-0.86377894286299));
#5356=DIRECTION('',(4.14812479017865E-7,-0.503870953584669,-0.86377894286299));
#5357=DIRECTION('',(1.77901863031189E-12,0.863778942863066,-0.50387095358471));
#5358=DIRECTION('',(4.14812479017865E-7,-0.503870953584668,-0.86377894286299));
#5359=DIRECTION('center_axis',(0.77329072233378,-0.319480195158545,-0.54768043935671));
#5360=DIRECTION('ref_axis',(-0.634051621520284,-0.389638733659558,-0.667952242663856));
#5361=DIRECTION('',(-0.634051621520284,-0.389638733659558,-0.667952242663856));
#5362=DIRECTION('',(1.77901863031189E-12,0.863778942863066,-0.50387095358471));
#5363=DIRECTION('',(-0.634051621520284,-0.389638733659558,-0.667952242663856));
#5364=DIRECTION('center_axis',(-3.80404852255563E-9,0.498067193555915,-0.867138438026671));
#5365=DIRECTION('ref_axis',(-1.,0.,4.3868987415809E-9));
#5366=DIRECTION('',(1.,-3.85156775330301E-9,-6.59915813766828E-9));
#5367=DIRECTION('',(-2.27171410893139E-12,-0.867138106067778,-0.498067771498205));
#5368=DIRECTION('',(0.000219648313135523,-0.867138749068748,-0.498066603596452));
#5369=DIRECTION('center_axis',(-3.18216456466527E-8,-0.498061128380335,
0.867141921715532));
#5370=DIRECTION('ref_axis',(2.27171983006158E-12,0.867141921715533,0.498061128380335));
#5371=DIRECTION('',(-1.,3.85156775330301E-9,6.59915813766828E-9));
#5372=DIRECTION('',(1.37279678814178E-5,-0.867141921634041,-0.498061128333025));
#5373=DIRECTION('center_axis',(0.523070642020855,-0.391569287623716,0.757014264360815));
#5374=DIRECTION('ref_axis',(-0.599281108881437,-0.800538663986841,1.34006694629818E-12));
#5375=DIRECTION('',(0.0247754488858231,-0.880851602693234,-0.472743726732853));
#5376=DIRECTION('',(0.599281108881436,0.800538663986841,-1.33994120016889E-12));
#5377=DIRECTION('',(-0.657612330090394,0.379593613691249,0.650733979255657));
#5378=DIRECTION('',(-0.606019187809863,0.453664347785915,0.65339834982517));
#5379=DIRECTION('',(0.599281108881436,0.800538663986841,-1.34000773373742E-12));
#5380=DIRECTION('',(-0.606019187809863,0.453664347785915,0.65339834982517));
#5381=DIRECTION('center_axis',(-0.279034372056808,0.208884386755538,-0.937287112991865));
#5382=DIRECTION('ref_axis',(-2.39119141154376E-12,-0.976054926691389,-0.217524205736898));
#5383=DIRECTION('',(-0.750334573206237,0.561698460414518,0.348558270335642));
#5384=DIRECTION('',(-0.75033457320632,0.561698460414421,0.348558270335621));
#5385=DIRECTION('center_axis',(-0.0299521983948777,0.49784430455382,-0.86674904916858));
#5386=DIRECTION('ref_axis',(-2.27171233213585E-12,-0.867138106067888,-0.498067771498013));
#5387=DIRECTION('',(0.698570271956914,0.630633796099953,0.338083703178083));
#5388=DIRECTION('center_axis',(-0.282040424969976,0.676911424673338,-0.679885374037026));
#5389=DIRECTION('ref_axis',(-2.0009272017063E-12,-0.708654979161943,-0.705555186012396));
#5390=DIRECTION('',(-0.6576105008859,0.379595265004252,0.65073486452698));
#5391=DIRECTION('center_axis',(1.77901863031339E-12,0.863778942863065,-0.503870953584712));
#5392=DIRECTION('ref_axis',(-1.,2.34184581382571E-12,4.83890705282115E-13));
#5393=DIRECTION('',(-0.773905732687795,-0.319101883485047,-0.547031904800134));
#5394=DIRECTION('',(-4.14812479567247E-7,0.503870953584669,0.86377894286299));
#5395=DIRECTION('',(-4.14812479567247E-7,0.503870953584669,0.86377894286299));
#5396=DIRECTION('',(0.721526099894255,0.610226744616245,0.327144321861844));
#5397=DIRECTION('',(-0.523070642020855,0.391569287623716,-0.757014264360815));
#5398=DIRECTION('',(0.986982913443994,-0.00662302521090693,0.160688718044116));
#5399=DIRECTION('',(0.946467739898972,0.221701842096642,0.234621206504201));
#5400=DIRECTION('center_axis',(0.229187007487898,-0.905182355569479,-0.357936054015842));
#5401=DIRECTION('ref_axis',(0.969409515655918,0.245448957943925,-7.91158805135695E-13));
#5402=DIRECTION('',(-0.969409515655918,-0.245448957943925,7.91009336000529E-13));
#5403=DIRECTION('',(0.969409943996597,0.245447266148532,4.55263769911281E-6));
#5404=DIRECTION('',(-0.969409573998083,-0.245448727518541,-6.20077169301677E-7));
#5405=DIRECTION('',(0.969409573998082,0.245448727518543,6.20077170806123E-7));
#5406=DIRECTION('center_axis',(0.346060895625041,-0.915785170877883,0.203910218771304));
#5407=DIRECTION('ref_axis',(9.8104857571002E-13,0.217339159207316,0.97609614786406));
#5408=DIRECTION('',(0.702993102112827,0.109170696083927,-0.70276771233341));
#5409=DIRECTION('',(0.935417011842439,0.353546212091633,0.00029978562545109));
#5410=DIRECTION('',(0.938212053066466,0.33778870714579,-0.0752125840905751));
#5411=DIRECTION('',(-0.969409598491767,-0.245448630780518,7.91008946989527E-13));
#5412=DIRECTION('',(-0.806923395964831,-0.213531063804444,0.550707833460836));
#5413=DIRECTION('',(0.938212053066466,0.33778870714579,-0.0752125840905751));
#5414=DIRECTION('',(-0.969409515655918,-0.245448957943925,7.91058883491838E-13));
#5415=DIRECTION('',(-0.856816813002782,-0.202620078401311,0.474141384804577));
#5416=DIRECTION('',(0.938212053066466,0.33778870714579,-0.0752125840905751));
#5417=DIRECTION('center_axis',(0.969409515655918,0.245448957943924,-7.89163590222089E-13));
#5418=DIRECTION('ref_axis',(-0.229187007487898,0.905182355569478,0.357936054015843));
#5419=DIRECTION('',(0.229187007487898,-0.905182355569479,-0.357936054015843));
#5420=DIRECTION('center_axis',(0.973382340697028,0.212990495501926,0.0846278183874518));
#5421=DIRECTION('ref_axis',(-0.000366630491821188,-0.367804230524248,0.929903174309319));
#5422=DIRECTION('center_axis',(0.969409598491768,0.245448630780514,-7.91008946989522E-13));
#5423=DIRECTION('ref_axis',(-4.82928134372615E-13,-1.31536190330469E-12,
-1.));
#5424=DIRECTION('',(-0.245448630780514,0.969409598491768,-1.15266872550435E-12));
#5425=DIRECTION('center_axis',(-4.83890705285946E-13,-1.3115601893589E-12,
-1.));
#5426=DIRECTION('ref_axis',(-0.969409598491769,-0.245448630780512,7.91008946989519E-13));
#5427=DIRECTION('',(-0.969409598491769,-0.245448630780511,7.91008946989519E-13));
#5428=DIRECTION('',(-0.245448630780514,0.969409598491768,-1.15266872550435E-12));
#5429=DIRECTION('center_axis',(-0.241348636930115,0.953215642269955,0.182018611091977));
#5430=DIRECTION('ref_axis',(0.,-0.187563267139114,0.982252523957104));
#5431=DIRECTION('',(0.0403819267271259,-0.177537924558348,0.983285098706026));
#5432=DIRECTION('',(0.969409598491767,0.245448630780518,-7.91008946989527E-13));
#5433=DIRECTION('center_axis',(0.6854761008412,0.173558391258782,0.707106781185988));
#5434=DIRECTION('ref_axis',(0.685476100840514,0.17355839125693,-0.707106781187107));
#5435=DIRECTION('',(-0.245448630780514,0.969409598491768,-1.15266872550435E-12));
#5436=DIRECTION('',(0.685476100840515,0.17355839125693,-0.707106781187107));
#5437=DIRECTION('',(-0.245448630780514,0.969409598491768,-1.15266872550435E-12));
#5438=DIRECTION('center_axis',(0.724202219981841,0.183363609746118,-0.664762311803434));
#5439=DIRECTION('ref_axis',(-0.644426965777615,-0.163164999227479,-0.747054930246601));
#5440=DIRECTION('',(-0.644426965777615,-0.163164999227479,-0.747054930246601));
#5441=DIRECTION('center_axis',(0.245448957943925,-0.969409515655918,1.15266845853476E-12));
#5442=DIRECTION('ref_axis',(4.83931065068066E-13,1.31157040821095E-12,1.));
#5443=DIRECTION('',(0.851964452924873,0.215712538197685,-0.477100274383419));
#5444=DIRECTION('',(4.83931065068066E-13,1.31157040821095E-12,1.));
#5445=DIRECTION('',(-0.969409515655918,-0.245448957943925,7.91058883491838E-13));
#5446=DIRECTION('',(-0.969409515655918,-0.245448957943925,7.91009336000529E-13));
#5447=DIRECTION('center_axis',(-0.0723661351717948,0.190637377276647,0.978989546862161));
#5448=DIRECTION('ref_axis',(2.20616233614912E-12,0.981563073564508,-0.1911385168264));
#5449=DIRECTION('',(-0.935417018767294,-0.353546193849187,-0.000299691944108754));
#5450=DIRECTION('',(-0.346060895625038,0.915785170877885,-0.203910218771302));
#5451=DIRECTION('',(0.935417018767295,0.353546193849184,0.000299691944108865));
#5452=DIRECTION('',(0.346060895625041,-0.915785170877884,0.203910218771301));
#5453=DIRECTION('center_axis',(-0.789002630649197,-0.401668421462486,-0.464905719505022));
#5454=DIRECTION('ref_axis',(-0.507658059472951,9.35369953714016E-9,0.861558642607778));
#5455=DIRECTION('',(-0.346060895625041,0.915785170877884,-0.203910218771301));
#5456=DIRECTION('',(-0.507658059472951,9.35369955448416E-9,0.861558642607778));
#5457=DIRECTION('',(-0.346060895625041,0.915785170877884,-0.203910218771301));
#5458=DIRECTION('',(0.507658059472951,-9.35369745882505E-9,-0.861558642607779));
#5459=DIRECTION('center_axis',(2.34184581382378E-12,1.,-1.31156018936004E-12));
#5460=DIRECTION('ref_axis',(-4.83890705285946E-13,-1.31156018935891E-12,
-1.));
#5461=DIRECTION('',(1.,-2.34184581382441E-12,-4.83890705282875E-13));
#5462=DIRECTION('',(-0.507658077841988,2.31884294669568E-12,0.861558631784151));
#5463=DIRECTION('center_axis',(-0.245448630780518,0.969409598491767,-1.15266872550435E-12));
#5464=DIRECTION('ref_axis',(-0.969409598491767,-0.245448630780518,7.91008946989527E-13));
#5465=DIRECTION('',(0.969409598491587,0.245448630780472,6.09226963457462E-7));
#5466=DIRECTION('',(-0.969409598487256,-0.245448630779376,3.05054713262033E-6));
#5467=DIRECTION('center_axis',(-0.245448630780518,0.969409598491767,-1.15266872550435E-12));
#5468=DIRECTION('ref_axis',(-0.969409598491767,-0.245448630780518,7.91008946989527E-13));
#5469=DIRECTION('center_axis',(-0.241346423267794,0.953210021537091,0.182050978621651));
#5470=DIRECTION('ref_axis',(-3.60059204673746E-14,0.187596514224573,-0.982246174770251));
#5471=DIRECTION('',(-0.967698922633172,-0.250479767621496,0.0286126046853473));
#5472=DIRECTION('',(0.0402629687784059,-0.177599060091787,0.983278936619545));
#5473=DIRECTION('center_axis',(-0.241348686543705,0.953215280243972,0.182020441195584));
#5474=DIRECTION('ref_axis',(-3.61446983454528E-14,0.187565155376232,-0.982252163392217));
#5475=DIRECTION('center_axis',(-0.241347299833191,0.953209868952682,0.182050615473938));
#5476=DIRECTION('ref_axis',(-3.59157148466238E-14,0.187596182156699,-0.982246238190929));
#5477=DIRECTION('center_axis',(1.,-2.34184581382441E-12,-4.83890705282875E-13));
#5478=DIRECTION('ref_axis',(-2.34184581382378E-12,-1.,1.31156018936004E-12));
#5479=DIRECTION('',(-2.34184581382378E-12,-1.,1.31156018936004E-12));
#5480=DIRECTION('center_axis',(-0.621323229004823,-0.386547901193003,-0.681570367007182));
#5481=DIRECTION('ref_axis',(-0.702993102112828,-0.109170696083926,0.70276771233341));
#5482=DIRECTION('',(-0.702993102112828,-0.109170696083926,0.70276771233341));
#5483=DIRECTION('',(-0.346060895625041,0.915785170877884,-0.203910218771301));
#5484=DIRECTION('center_axis',(0.0723662246836,-0.190637343445149,-0.978989546833478));
#5485=DIRECTION('ref_axis',(-0.93541701184244,-0.35354621209163,-0.000299785625451743));
#5486=DIRECTION('',(-0.93541701184244,-0.35354621209163,-0.00029978562545171));
#5487=DIRECTION('',(0.346060895625041,-0.915785170877884,0.203910218771301));
#5488=DIRECTION('center_axis',(0.938212053066467,0.337788707145789,-0.0752125840905749));
#5489=DIRECTION('ref_axis',(-9.81478787132061E-13,-0.217339159207313,-0.976096147864061));
#5490=DIRECTION('',(3.08572639674814E-12,0.217339159201744,0.976096147865301));
#5491=DIRECTION('',(-0.346060895625041,0.915785170877884,-0.203910218771301));
#5492=DIRECTION('',(9.81298653583602E-13,0.217339159207313,0.976096147864061));
#5493=DIRECTION('',(-0.346060895625041,0.915785170877884,-0.203910218771301));
#5494=DIRECTION('',(-0.346060895625041,0.915785170877884,-0.203910218771301));
#5495=DIRECTION('center_axis',(-0.935417018767294,-0.353546193849187,-0.000299691944108754));
#5496=DIRECTION('ref_axis',(0.346060895625041,-0.915785170877884,0.203910218771301));
#5497=DIRECTION('',(0.0723661351717948,-0.190637377276647,-0.978989546862161));
#5498=DIRECTION('',(-0.0723661351717948,0.190637377276647,0.978989546862161));
#5499=DIRECTION('center_axis',(-0.346060895625038,0.915785170877885,-0.203910218771302));
#5500=DIRECTION('ref_axis',(-9.81159598012482E-13,-0.217339159207313,-0.976096147864061));
#5501=DIRECTION('',(-0.851964585590618,-0.215712187122879,0.477100196212567));
#5502=DIRECTION('',(-0.851730282848979,-0.215510238909375,0.477609529012165));
#5503=DIRECTION('center_axis',(0.392935365446532,0.338830006237387,0.854866086269991));
#5504=DIRECTION('ref_axis',(1.99855409999117E-12,0.929640722062925,-0.368467268400226));
#5505=DIRECTION('',(-0.653042024724765,0.757321671381045,-6.77271988796695E-13));
#5506=DIRECTION('',(-0.85196458559062,-0.215712187122881,0.477100196212563));
#5507=DIRECTION('center_axis',(-4.83890705285946E-13,-1.3115601893589E-12,
-1.));
#5508=DIRECTION('ref_axis',(-2.34184581382378E-12,-1.,1.31156018936003E-12));
#5509=DIRECTION('',(-1.,2.34184581382441E-12,4.83890705282875E-13));
#5510=DIRECTION('',(0.935439127928686,0.353487818658606,-9.16270849741429E-13));
#5511=DIRECTION('center_axis',(2.18069827873269E-12,0.976096147864398,-0.217339159205799));
#5512=DIRECTION('ref_axis',(9.8129865358022E-13,0.217339159205799,0.976096147864398));
#5513=DIRECTION('center_axis',(-0.245448630780514,0.969409598491768,-1.15266872550435E-12));
#5514=DIRECTION('ref_axis',(-0.969409598491768,-0.245448630780514,7.91008946989522E-13));
#5515=DIRECTION('center_axis',(4.83890705285946E-13,1.3115601893589E-12,
1.));
#5516=DIRECTION('ref_axis',(2.34184581382378E-12,1.,-1.31156018936003E-12));
#5517=DIRECTION('center_axis',(0.346060895625042,-0.915785170879205,0.203910218765366));
#5518=DIRECTION('ref_axis',(-3.0852959076455E-12,-0.217339159201744,-0.976096147865301));
#5519=DIRECTION('',(0.938212053066466,0.33778870714579,-0.0752125840905751));
#5520=DIRECTION('',(-3.08543683847232E-12,-0.217339159201744,-0.976096147865301));
#5521=DIRECTION('center_axis',(0.938212053066466,0.33778870714579,-0.0752125840905751));
#5522=DIRECTION('ref_axis',(-0.0799095078581449,-1.1202497263163E-12,-0.996802122065292));
#5523=DIRECTION('',(-0.346060895625041,0.915785170879205,-0.203910218765366));
#5524=DIRECTION('center_axis',(0.346060895625041,-0.915785170877884,0.203910218771301));
#5525=DIRECTION('ref_axis',(9.81104086861251E-13,0.217339159207313,0.976096147864061));
#5526=DIRECTION('center_axis',(-0.393442984175845,-0.338958489678884,-0.854581628914065));
#5527=DIRECTION('ref_axis',(0.851730282848979,0.215510238909375,-0.477609529012166));
#5528=DIRECTION('center_axis',(-0.599281108881436,-0.800538663986841,1.34016324477381E-12));
#5529=DIRECTION('ref_axis',(0.523070642020856,-0.391569287623716,0.757014264360815));
#5530=DIRECTION('',(-0.523070642020856,0.391569287623716,-0.757014264360815));
#5531=DIRECTION('',(-0.523070642020856,0.391569287623716,-0.757014264360815));
#5532=DIRECTION('center_axis',(-3.08575415232376E-12,-0.217339159201744,
-0.976096147865301));
#5533=DIRECTION('ref_axis',(-0.346060895625041,0.915785170879205,-0.203910218765365));
#5534=DIRECTION('center_axis',(1.77901863031189E-12,0.863778942863066,-0.50387095358471));
#5535=DIRECTION('ref_axis',(-1.59796268523057E-12,-0.50387095358471,-0.863778942863066));
#5536=DIRECTION('',(0.892901275848901,0.226869155563253,0.388918626246445));
#5537=DIRECTION('',(4.14812479567247E-7,-0.503870953584669,-0.86377894286299));
#5538=DIRECTION('center_axis',(0.320459244375893,-0.732677847335012,-0.600407398953881));
#5539=DIRECTION('ref_axis',(-1.11000098002023E-12,-0.633834362858591,0.773468810269454));
#5540=DIRECTION('',(-0.894463473759086,-0.0253939785184697,-0.446419354380869));
#5541=DIRECTION('',(-0.523070642020856,0.391569287623716,-0.757014264360815));
#5542=DIRECTION('',(-0.723683489718161,-0.0748961411881294,-0.686055955986443));
#5543=DIRECTION('center_axis',(-0.606019187809863,0.453664347785915,0.65339834982517));
#5544=DIRECTION('ref_axis',(1.64779301314866E-12,0.821419735237987,-0.570324134647619));
#5545=DIRECTION('center_axis',(0.599281108881437,0.800538663986841,-1.34024651150066E-12));
#5546=DIRECTION('ref_axis',(-0.523070642020854,0.391569287623715,-0.757014264360817));
#5547=DIRECTION('center_axis',(0.599281108881476,0.800538663986811,-1.33994120016887E-12));
#5548=DIRECTION('ref_axis',(-4.8389070528595E-13,-1.3115601893589E-12,-1.));
#5549=DIRECTION('',(-0.523070642020856,0.391569287623716,-0.757014264360815));
#5550=DIRECTION('center_axis',(-0.851929152329228,-0.266033732865995,0.45104630847507));
#5551=DIRECTION('ref_axis',(-0.0247754488858232,0.880851602693235,0.472743726732852));
#5552=DIRECTION('',(0.488604133865614,5.13510281935959E-7,0.872505587586217));
#5553=DIRECTION('center_axis',(-0.99999994861435,2.34142523401156E-12,-0.000320579625974645));
#5554=DIRECTION('ref_axis',(-2.34184581382378E-12,-1.,1.31156018936004E-12));
#5555=DIRECTION('center_axis',(-0.99999994861435,2.34142523401156E-12,-0.000320579625974645));
#5556=DIRECTION('ref_axis',(-2.34184581382378E-12,-1.,1.31156018936004E-12));
#5557=DIRECTION('center_axis',(-0.99999994861435,2.34142523401156E-12,-0.000320579625974645));
#5558=DIRECTION('ref_axis',(-2.34184581382378E-12,-1.,1.31156018936004E-12));
#5559=DIRECTION('center_axis',(0.99999994861435,-2.34142523401156E-12,0.000320579625974645));
#5560=DIRECTION('ref_axis',(-2.34184581382378E-12,-1.,1.31156018936004E-12));
#5561=DIRECTION('center_axis',(-0.99999994861435,2.34142523401156E-12,-0.000320579625974512));
#5562=DIRECTION('ref_axis',(-2.34184581382378E-12,-1.,1.31156018936004E-12));
#5563=DIRECTION('center_axis',(0.99999994861435,-2.34142523401156E-12,0.000320579625974645));
#5564=DIRECTION('ref_axis',(-2.34184581382378E-12,-1.,1.31156018936004E-12));
#5565=DIRECTION('',(-0.99999994861435,2.34142523401156E-12,-0.000320579625974512));
#5566=DIRECTION('center_axis',(-0.99999994861435,2.34142523401156E-12,-0.000320579625974512));
#5567=DIRECTION('ref_axis',(-2.34184581382378E-12,-1.,1.31156018936004E-12));
#5568=DIRECTION('',(0.99999994861435,-2.34142523401156E-12,0.000320579625974512));
#5569=DIRECTION('center_axis',(-0.99999994861435,2.34142523401156E-12,-0.000320579625974645));
#5570=DIRECTION('ref_axis',(-2.34184581382378E-12,-1.,1.31156018936004E-12));
#5571=DIRECTION('center_axis',(-0.99999994861435,2.34142523401156E-12,-0.000320579625974645));
#5572=DIRECTION('ref_axis',(-2.34184581382378E-12,-1.,1.31156018936004E-12));
#5573=DIRECTION('center_axis',(-0.999999948606362,2.34142520131335E-12,
-0.000320604542486649));
#5574=DIRECTION('ref_axis',(-2.34184581382378E-12,-1.,1.31156018936004E-12));
#5575=DIRECTION('center_axis',(-0.999999948606362,2.34142520131335E-12,
-0.000320604542486649));
#5576=DIRECTION('ref_axis',(-2.34184581382378E-12,-1.,1.31156018936004E-12));
#5577=DIRECTION('center_axis',(-0.999999948606362,2.34142520131335E-12,
-0.000320604542486608));
#5578=DIRECTION('ref_axis',(-2.34184581382378E-12,-1.,1.31156018936004E-12));
#5579=DIRECTION('center_axis',(0.999999948606362,-2.34142520131335E-12,
0.000320604542486649));
#5580=DIRECTION('ref_axis',(-2.34184581382378E-12,-1.,1.31156018936004E-12));
#5581=DIRECTION('',(-0.999999948606362,2.34142520131335E-12,-0.000320604542486608));
#5582=DIRECTION('center_axis',(-0.999999948606362,2.34142520131335E-12,
-0.000320604542486608));
#5583=DIRECTION('ref_axis',(-2.34184581382378E-12,-1.,1.31156018936004E-12));
#5584=DIRECTION('',(0.999999948606362,-2.34142520131335E-12,0.000320604542486608));
#5585=DIRECTION('center_axis',(-0.999999948606362,2.34142520131335E-12,
-0.000320604542486649));
#5586=DIRECTION('ref_axis',(-2.34184581382378E-12,-1.,1.31156018936004E-12));
#5587=DIRECTION('center_axis',(-0.999999948606362,2.34142520131335E-12,
-0.000320604542486649));
#5588=DIRECTION('ref_axis',(-2.34184581382378E-12,-1.,1.31156018936004E-12));
#5589=DIRECTION('',(0.,0.,1.));
#5590=DIRECTION('',(1.,0.,0.));
#5591=CARTESIAN_POINT('',(0.,0.,0.));
#5592=CARTESIAN_POINT('',(0.,0.,0.));
#5593=CARTESIAN_POINT('Origin',(-260.005877624783,56.001766657197,56.9840671380752));
#5594=CARTESIAN_POINT('',(-260.005877624788,0.885376827796582,-78.7076433435272));
#5595=CARTESIAN_POINT('',(-260.005877624834,56.4462332718445,-49.9685217683832));
#5596=CARTESIAN_POINT('',(-260.005877624764,83.607225639699,-35.9193671707784));
#5597=CARTESIAN_POINT('',(-260.005877625094,-54.675479616176,-49.9685217682375));
#5598=CARTESIAN_POINT('',(-260.005877625151,-81.8364719839936,-35.9193671705615));
#5599=CARTESIAN_POINT('',(-260.005877624906,-67.5860092375788,8.01421027316676));
#5600=CARTESIAN_POINT('',(-260.005877625097,-71.5404298338842,25.773985940303));
#5601=CARTESIAN_POINT('',(-260.005877624872,-67.5860092374856,79.0973157926671));
#5602=CARTESIAN_POINT('',(-260.005877624902,-67.5860092375677,16.5109254945112));
#5603=CARTESIAN_POINT('',(-260.005877624551,69.3567628934927,79.0973157924874));
#5604=CARTESIAN_POINT('',(-260.005877624837,28.4435717426148,79.0973157924311));
#5605=CARTESIAN_POINT('',(-260.005877624585,69.3567628933995,8.01421027298716));
#5606=CARTESIAN_POINT('',(-260.005877624581,69.3567628934106,16.5109254943315));
#5607=CARTESIAN_POINT('',(-260.005877624758,73.3111834897514,25.773985940113));
#5608=CARTESIAN_POINT('',(-260.005877625012,-48.1719356165552,7.29802094729429));
#5609=CARTESIAN_POINT('Origin',(-260.005877625051,-48.1719356165554,8.69802108497473));
#5610=CARTESIAN_POINT('',(-260.00587762478,50.8280659893273,7.29802129450585));
#5611=CARTESIAN_POINT('Origin',(-260.005877624819,50.8280659893234,8.69802166420606));
#5612=CARTESIAN_POINT('',(-260.005877624897,-54.2311979890971,-37.251486350318));
#5613=CARTESIAN_POINT('',(-260.005877625089,-64.0807584275033,6.98406713823266));
#5614=CARTESIAN_POINT('',(-260.005877625088,-59.6955106687577,-12.7106048224291));
#5615=CARTESIAN_POINT('',(-260.005877625088,-59.6955106687577,-12.7106048224291));
#5616=CARTESIAN_POINT('',(-260.005877624639,56.001951644799,-37.2514863504626));
#5617=CARTESIAN_POINT('',(-260.005877624785,65.8515120833212,6.98406713806225));
#5618=CARTESIAN_POINT('',(-260.005877624804,61.4662643245239,-12.710604822588));
#5619=CARTESIAN_POINT('',(-260.005877624804,61.4662643245239,-12.710604822588));
#5620=CARTESIAN_POINT('Origin',(-152.407192765428,-57.7262257486561,-122.737473786752));
#5621=CARTESIAN_POINT('',(-239.588585512883,0.885376827729858,-92.8152851623305));
#5622=CARTESIAN_POINT('',(-269.066901504603,0.885376827826013,-72.4467896168213));
#5623=CARTESIAN_POINT('',(-179.776588688755,-14.2584767681673,-126.310072260541));
#5624=CARTESIAN_POINT('',(-187.716195256593,-12.2482405972216,-121.863883439672));
#5625=CARTESIAN_POINT('',(-176.422346669059,-17.5345046514798,-126.933196083232));
#5626=CARTESIAN_POINT('Origin',(-176.791508816653,-14.5573047406955,-128.218088868506));
#5627=CARTESIAN_POINT('',(-136.557879774497,-70.7867206949014,-126.933196082649));
#5628=CARTESIAN_POINT('',(-156.273237235697,-44.450322466216,-126.933196083206));
#5629=CARTESIAN_POINT('',(-145.670693614837,-76.0469335493932,-117.915686750075));
#5630=CARTESIAN_POINT('',(-141.947200357355,-73.8976119785161,-121.600238622245));
#5631=CARTESIAN_POINT('',(-149.912827929577,-79.2225839836128,-113.341898301204));
#5632=CARTESIAN_POINT('',(-145.670693614893,-76.0469335491433,-117.915686749988));
#5633=CARTESIAN_POINT('',(-153.234666633474,-81.7093035782175,-109.760355057743));
#5634=CARTESIAN_POINT('',(-149.912827929577,-79.2225839836128,-113.341898301204));
#5635=CARTESIAN_POINT('',(-186.528292598913,-73.2795591269875,-91.1159385072469));
#5636=CARTESIAN_POINT('Origin',(-156.806266639397,73.8280676771001,105.066810020155));
#5637=CARTESIAN_POINT('',(-156.806266639471,95.2727066715165,78.5181317378297));
#5638=CARTESIAN_POINT('',(-156.806266639359,95.2727929246125,79.6504115528615));
#5639=CARTESIAN_POINT('',(-156.80626663936,95.272706671077,78.5181317378325));
#5640=CARTESIAN_POINT('',(-156.806266639361,94.0295879854839,82.7943451204087));
#5641=CARTESIAN_POINT('',(-156.806266639357,97.269142839613,74.6018541406468));
#5642=CARTESIAN_POINT('',(-156.806266639371,84.984854175707,105.558045905149));
#5643=CARTESIAN_POINT('',(-156.806266639351,102.407084111229,61.7099418485681));
#5644=CARTESIAN_POINT('',(-156.806266639371,84.9848541757071,105.667518592528));
#5645=CARTESIAN_POINT('',(-156.806266639392,84.9848541756504,62.2665370011054));
#5646=CARTESIAN_POINT('',(-156.806266639372,84.0361029094566,108.066810020141));
#5647=CARTESIAN_POINT('',(-156.806266639357,97.269142839613,74.6018541406468));
#5648=CARTESIAN_POINT('',(-156.806266639396,73.828067677104,108.066810020155));
#5649=CARTESIAN_POINT('',(-156.806266639396,73.828067677104,108.066810020155));
#5650=CARTESIAN_POINT('',(-156.806266639397,73.8280676771006,105.466810020155));
#5651=CARTESIAN_POINT('',(-156.806266639397,73.8280676771001,105.066810020155));
#5652=CARTESIAN_POINT('',(-156.806266639379,81.756474532934,105.466810020144));
#5653=CARTESIAN_POINT('',(-156.806266639435,57.5744966787329,105.466810020176));
#5654=CARTESIAN_POINT('',(-156.806266639379,81.756474532934,105.450363295062));
#5655=CARTESIAN_POINT('',(-156.806266639379,81.7564745329335,105.066810020144));
#5656=CARTESIAN_POINT('',(-156.806266639367,92.3779727725898,78.5897196455105));
#5657=CARTESIAN_POINT('',(-156.806266639366,92.6248019016563,77.9655149308281));
#5658=CARTESIAN_POINT('',(-156.80626663939,92.3916424977583,78.5181317391593));
#5659=CARTESIAN_POINT('',(-156.806266639367,92.3779727725898,78.5897196455105));
#5660=CARTESIAN_POINT('',(-156.806266639368,92.3916424978852,75.2168107719637));
#5661=CARTESIAN_POINT('',(-156.806266639388,92.3916424978309,33.7746697147168));
#5662=CARTESIAN_POINT('',(-156.806266639361,95.2727066710726,75.2168107719599));
#5663=CARTESIAN_POINT('',(-156.806266639418,71.2046509403139,75.2168107719915));
#5664=CARTESIAN_POINT('',(-156.806266639374,95.2727066710386,49.2764712756105));
#5665=CARTESIAN_POINT('Origin',(-156.815247153893,85.0203230418456,105.572071350859));
#5666=CARTESIAN_POINT('',(-259.983153660409,69.3625164715512,79.1104354793017));
#5667=CARTESIAN_POINT('',(-156.857083130007,95.4734490957397,79.1104354792171));
#5668=CARTESIAN_POINT('',(-187.857948764216,87.6242068071207,79.1104354792429));
#5669=CARTESIAN_POINT('',(-209.829241752275,70.6109881582951,108.066810020185));
#5670=CARTESIAN_POINT('',(-252.303105590976,69.5536944316612,83.544513299417));
#5671=CARTESIAN_POINT('',(-181.756521920435,77.718840637662,108.066810020162));
#5672=CARTESIAN_POINT('',(-156.815247153893,85.0203230418456,105.572071350859));
#5673=CARTESIAN_POINT('',(-156.815247153893,85.0203230418456,105.572071350859));
#5674=CARTESIAN_POINT('',(-156.815247153893,85.0203230418456,105.572071350859));
#5675=CARTESIAN_POINT('',(-155.58707831935,90.4586537139839,92.6055076973196));
#5676=CARTESIAN_POINT('Origin',(-209.656848137025,82.1048498696867,18.7874414787909));
#5677=CARTESIAN_POINT('',(-156.85709278468,95.4734466506341,75.2168107719597));
#5678=CARTESIAN_POINT('',(-158.788162445796,94.9845108311316,75.21681077196));
#5679=CARTESIAN_POINT('',(-183.256970951655,88.789148136222,75.2168107719813));
#5680=CARTESIAN_POINT('',(-158.788156539893,94.9845123264487,55.2168107719613));
#5681=CARTESIAN_POINT('Origin',(-158.788156540013,94.9845123269538,65.2168107719612));
#5682=CARTESIAN_POINT('',(-143.707683610064,98.8028020237277,39.6604615858448));
#5683=CARTESIAN_POINT('',(-162.676585374091,93.9999843334105,59.2279420547476));
#5684=CARTESIAN_POINT('',(-163.677009981831,93.7466807969893,16.5109254942526));
#5685=CARTESIAN_POINT('',(-163.303814914235,93.8411733927479,16.9435541117076));
#5686=CARTESIAN_POINT('',(-163.677009569655,93.746679168886,-45.9297632421429));
#5687=CARTESIAN_POINT('',(-163.677010394438,93.746682426603,17.6491834865031));
#5688=CARTESIAN_POINT('',(-222.418633752209,78.8736385702309,-13.0345713255188));
#5689=CARTESIAN_POINT('',(-257.112390729657,70.0893772651368,80.7678712301473));
#5690=CARTESIAN_POINT('',(-156.857092532567,95.4734456541713,78.5181174104399));
#5691=CARTESIAN_POINT('',(-156.857606651732,95.4733165429906,49.1933239872433));
#5692=CARTESIAN_POINT('',(-156.857092784834,95.4734466511565,48.65278660829));
#5693=CARTESIAN_POINT('Origin',(-156.782497986427,95.1789167361948,79.6001896547646));
#5694=CARTESIAN_POINT('',(-156.120745484905,92.565212296451,78.5181317378357));
#5695=CARTESIAN_POINT('Origin',(-255.00587762503,-54.2310130012269,81.9840671382173));
#5696=CARTESIAN_POINT('',(-255.005877625065,-68.8519807076193,78.9840671383487));
#5697=CARTESIAN_POINT('',(-255.005877625066,-68.9019505121555,78.9840671383485));
#5698=CARTESIAN_POINT('',(-255.00587762502,-49.1728180866196,78.9840671383227));
#5699=CARTESIAN_POINT('',(-255.005877625066,-68.8519807076189,79.1104354794807));
#5700=CARTESIAN_POINT('',(-255.00587762508,-68.8519807076566,50.3857543086236));
#5701=CARTESIAN_POINT('',(-255.005877625048,-63.8211427992551,91.8328915082976));
#5702=CARTESIAN_POINT('Origin',(-156.815247154287,-83.2495693862524,105.57207135108));
#5703=CARTESIAN_POINT('',(-156.85708313045,-93.7026954402157,79.1104354794659));
#5704=CARTESIAN_POINT('',(-184.480919163717,-86.708497777193,79.1104354794701));
#5705=CARTESIAN_POINT('',(-156.806266639802,-93.5020392690879,79.6504115531075));
#5706=CARTESIAN_POINT('',(-155.587078319783,-88.6879000584268,92.6055076975559));
#5707=CARTESIAN_POINT('',(-156.806266639797,-92.2588343299505,82.794345120653));
#5708=CARTESIAN_POINT('',(-156.806266639809,-95.4983891841011,74.6018541408996));
#5709=CARTESIAN_POINT('',(-156.815247154287,-83.2495693862524,105.57207135108));
#5710=CARTESIAN_POINT('',(-156.815247154287,-83.2495693862524,105.57207135108));
#5711=CARTESIAN_POINT('',(-156.806266639765,-83.2141005201137,105.667518592749));
#5712=CARTESIAN_POINT('',(-156.815247154287,-83.2495693862524,105.57207135108));
#5713=CARTESIAN_POINT('',(-156.806266639761,-82.2653492538569,108.06681002036));
#5714=CARTESIAN_POINT('',(-156.806266639809,-95.4983891841011,74.6018541408996));
#5715=CARTESIAN_POINT('',(-209.829241752601,-68.840234502447,108.066810020368));
#5716=CARTESIAN_POINT('',(-181.756521920795,-75.9480869819454,108.066810020363));
#5717=CARTESIAN_POINT('',(-259.98315366073,-67.5917628155442,79.1104354794814));
#5718=CARTESIAN_POINT('',(-252.303105591298,-67.7829407756786,83.5445132995971));
#5719=CARTESIAN_POINT('',(-255.101067528639,-68.8278791671844,79.1104354794806));
#5720=CARTESIAN_POINT('',(-187.857948764622,-85.8534531514515,79.1104354794704));
#5721=CARTESIAN_POINT('',(-255.107191128088,-68.8994285346027,78.9255737601064));
#5722=CARTESIAN_POINT('',(-255.910971699509,-78.2909623716471,54.6607178246666));
#5723=CARTESIAN_POINT('',(-229.098200378543,-69.5468653409998,93.9418715706914));
#5724=CARTESIAN_POINT('Origin',(-156.806266639739,-72.0573140215083,105.066810020346));
#5725=CARTESIAN_POINT('',(-156.806266639913,-93.5019530159942,78.5181317380773));
#5726=CARTESIAN_POINT('',(-156.806266639802,-93.5019530155548,78.5181317380801));
#5727=CARTESIAN_POINT('',(-156.806266639804,-93.501953015559,75.2168107722075));
#5728=CARTESIAN_POINT('',(-156.806266639816,-93.501953015593,49.2764712758581));
#5729=CARTESIAN_POINT('',(-156.806266639797,-90.6208888423717,75.2168107722038));
#5730=CARTESIAN_POINT('',(-156.806266639747,-69.4338972848003,75.216810772176));
#5731=CARTESIAN_POINT('',(-156.806266639819,-90.6208888422361,78.5181317393994));
#5732=CARTESIAN_POINT('',(-156.806266639817,-90.620888842426,33.7746697149568));
#5733=CARTESIAN_POINT('',(-156.806266639795,-90.6072191170675,78.5897196457505));
#5734=CARTESIAN_POINT('',(-156.806266639795,-90.6072191170675,78.5897196457505));
#5735=CARTESIAN_POINT('',(-156.806266639757,-79.9857208773412,105.450363295274));
#5736=CARTESIAN_POINT('',(-156.806266639796,-90.8540482461355,77.9655149310688));
#5737=CARTESIAN_POINT('',(-156.806266639757,-79.9857208773411,105.466810020357));
#5738=CARTESIAN_POINT('',(-156.806266639757,-79.9857208773417,105.066810020357));
#5739=CARTESIAN_POINT('',(-156.806266639739,-72.0573140215078,105.466810020346));
#5740=CARTESIAN_POINT('',(-156.806266639606,-15.3681941705713,105.466810020272));
#5741=CARTESIAN_POINT('',(-156.806266639737,-72.0573140215044,108.066810020346));
#5742=CARTESIAN_POINT('',(-156.806266639739,-72.0573140215083,105.066810020346));
#5743=CARTESIAN_POINT('',(-156.806266639737,-72.0573140215044,108.066810020346));
#5744=CARTESIAN_POINT('',(-156.806266639765,-83.2141005201139,105.55804590537));
#5745=CARTESIAN_POINT('',(-156.806266639786,-83.2141005201708,62.266537001326));
#5746=CARTESIAN_POINT('',(-156.806266639827,-100.636330455751,61.7099418488344));
#5747=CARTESIAN_POINT('Origin',(-156.782497986869,-93.4081630806698,79.6001896550119));
#5748=CARTESIAN_POINT('',(-156.857092785262,-93.7026929956731,78.5181174106881));
#5749=CARTESIAN_POINT('',(-156.857606652154,-93.7025628875504,49.1933239875114));
#5750=CARTESIAN_POINT('',(-156.120745485334,-90.794458640932,78.5181317380762));
#5751=CARTESIAN_POINT('Origin',(-209.656848137405,-80.3340962140736,18.7874414790039));
#5752=CARTESIAN_POINT('',(-255.107191128087,-68.8263287067453,78.9255737601064));
#5753=CARTESIAN_POINT('',(-230.86393904879,-74.9645818020916,92.9224218741214));
#5754=CARTESIAN_POINT('',(-256.079001378811,-68.580271896418,49.5881692874477));
#5755=CARTESIAN_POINT('',(-257.112390729981,-68.3186236091389,80.7678712303288));
#5756=CARTESIAN_POINT('',(-163.677010394904,-91.9759287712913,-45.9297632419006));
#5757=CARTESIAN_POINT('',(-222.418633752574,-77.1028849146415,-13.0345713253142));
#5758=CARTESIAN_POINT('',(-163.677009982266,-91.9759271415975,16.5109254944961));
#5759=CARTESIAN_POINT('',(-163.677010394872,-91.9759287712081,17.6491834867467));
#5760=CARTESIAN_POINT('',(-143.707683610523,-97.0320483683685,39.6604615861016));
#5761=CARTESIAN_POINT('',(-163.30381491467,-92.0704197373566,16.9435541119515));
#5762=CARTESIAN_POINT('',(-158.788156540334,-93.2137586709782,55.2168107722082));
#5763=CARTESIAN_POINT('',(-162.676585374527,-92.2292306779113,59.2279420549918));
#5764=CARTESIAN_POINT('',(-158.788162446237,-93.2137571756086,75.2168107722069));
#5765=CARTESIAN_POINT('Origin',(-158.788156540453,-93.2137586714571,65.2168107722081));
#5766=CARTESIAN_POINT('',(-156.857092785123,-93.7026929951201,75.2168107722078));
#5767=CARTESIAN_POINT('',(-183.256970952067,-87.0183944805844,75.2168107722118));
#5768=CARTESIAN_POINT('',(-156.857092785277,-93.7026929957123,48.6527866085381));
#5769=CARTESIAN_POINT('Origin',(-209.829241752545,-44.1146231720799,105.066810020335));
#5770=CARTESIAN_POINT('',(-255.10719112803,-44.1146231720081,78.9255737600739));
#5771=CARTESIAN_POINT('Origin',(-163.677009569625,93.7466791689678,16.5109254942529));
#5772=CARTESIAN_POINT('',(-162.940663677284,90.8384503734925,16.5109254942564));
#5773=CARTESIAN_POINT('',(-163.308836623455,92.2925647712302,16.5109254942547));
#5774=CARTESIAN_POINT('',(-162.940663677311,90.8384503734191,-39.4890745057436));
#5775=CARTESIAN_POINT('',(-162.940663677279,90.8384503735044,25.5788988500072));
#5776=CARTESIAN_POINT('',(-163.099240050533,91.4647543695129,-42.4463654704408));
#5777=CARTESIAN_POINT('',(-163.099240050533,91.4647543695129,-42.4463654704408));
#5778=CARTESIAN_POINT('',(-161.454222649702,84.9676895743018,-74.4172584851134));
#5779=CARTESIAN_POINT('',(-164.085268103879,95.3591132676282,-23.2829223439148));
#5780=CARTESIAN_POINT('',(-162.492405336558,89.0680353714244,-68.9525480176121));
#5781=CARTESIAN_POINT('',(-165.237426134728,99.909609436657,-54.5035073244965));
#5782=CARTESIAN_POINT('',(-164.082016880773,95.3462724264012,-38.058467147067));
#5783=CARTESIAN_POINT('Origin',(-183.986063849037,80.6086578620232,-70.4672232731286));
#5784=CARTESIAN_POINT('',(-162.492405336657,82.1333040200538,-100.09725559546));
#5785=CARTESIAN_POINT('',(-162.492405336659,81.9812225070972,-100.780271852188));
#5786=CARTESIAN_POINT('',(-154.230133632855,84.2252611744243,-104.724124277967));
#5787=CARTESIAN_POINT('',(-187.842882974747,75.7147166172673,-85.9009987707542));
#5788=CARTESIAN_POINT('',(-153.234666633087,83.4800572332291,-109.760355057959));
#5789=CARTESIAN_POINT('',(-162.327294735333,90.286774381261,-63.7592585572653));
#5790=CARTESIAN_POINT('',(-186.528292598565,75.0503127822039,-91.1159385074415));
#5791=CARTESIAN_POINT('',(-179.373373994611,81.8566845786928,-72.6904920487133));
#5792=CARTESIAN_POINT('',(-179.537080111084,82.4903504581857,-69.5667932709333));
#5793=CARTESIAN_POINT('Ctrl Pts',(-179.373373994221,81.8566845786929,-72.6904920486919));
#5794=CARTESIAN_POINT('Ctrl Pts',(-179.245086244438,81.9069361101583,-72.6825266129631));
#5795=CARTESIAN_POINT('Ctrl Pts',(-179.115316624265,81.9620631253039,-72.6551797147215));
#5796=CARTESIAN_POINT('Ctrl Pts',(-178.833326695653,82.0904987212006,-72.5569319319311));
#5797=CARTESIAN_POINT('Ctrl Pts',(-178.648120773033,82.1857260653154,-72.443571933179));
#5798=CARTESIAN_POINT('Ctrl Pts',(-178.385444070178,82.3409126477219,-72.1924053357141));
#5799=CARTESIAN_POINT('Ctrl Pts',(-178.261494661267,82.4283309622515,-72.0101567320215));
#5800=CARTESIAN_POINT('Ctrl Pts',(-178.118945512906,82.5589396995448,-71.6655008375248));
#5801=CARTESIAN_POINT('Ctrl Pts',(-178.075122794698,82.6252403371526,-71.4421093277537));
#5802=CARTESIAN_POINT('Ctrl Pts',(-178.074403020411,82.7113872307179,-71.0564348756152));
#5803=CARTESIAN_POINT('Ctrl Pts',(-178.11737860579,82.746476519168,-70.8259097951714));
#5804=CARTESIAN_POINT('Ctrl Pts',(-178.2585977847,82.7750464840853,-70.4579322303935));
#5805=CARTESIAN_POINT('Ctrl Pts',(-178.381829029086,82.7735823970447,-70.2553689363631));
#5806=CARTESIAN_POINT('Ctrl Pts',(-178.643487817419,82.7402259156484,-69.9611095118735));
#5807=CARTESIAN_POINT('Ctrl Pts',(-178.828213877865,82.7024313479184,-69.8173464310783));
#5808=CARTESIAN_POINT('Ctrl Pts',(-179.159254013379,82.6151845268182,-69.6473662259536));
#5809=CARTESIAN_POINT('Ctrl Pts',(-179.360140972981,82.5529684698461,-69.5858559256382));
#5810=CARTESIAN_POINT('Ctrl Pts',(-179.537080111075,82.4903504581856,-69.5667932709327));
#5811=CARTESIAN_POINT('Ctrl Pts',(-179.537080111083,82.4903504581829,-69.5667932709318));
#5812=CARTESIAN_POINT('Ctrl Pts',(-179.549498471732,82.4859556529392,-69.5654553706595));
#5813=CARTESIAN_POINT('Ctrl Pts',(-179.561798131405,82.4815671087331,-69.5642908015747));
#5814=CARTESIAN_POINT('Ctrl Pts',(-179.759336260123,82.4105354020056,-69.5480560190266));
#5815=CARTESIAN_POINT('Ctrl Pts',(-179.977602764738,82.3219965278757,-69.5752693972284));
#5816=CARTESIAN_POINT('Ctrl Pts',(-180.320416851712,82.1658578550004,-69.6947088809167));
#5817=CARTESIAN_POINT('Ctrl Pts',(-180.505622760217,82.0706305146486,-69.8080688867218));
#5818=CARTESIAN_POINT('Ctrl Pts',(-180.768299437591,81.915443941362,-70.0592354864736));
#5819=CARTESIAN_POINT('Ctrl Pts',(-180.892248832362,81.8280256333145,-70.2414840850488));
#5820=CARTESIAN_POINT('Ctrl Pts',(-181.034797962671,81.6974169066437,-70.5861399624761));
#5821=CARTESIAN_POINT('Ctrl Pts',(-181.078620675001,81.6311162744653,-70.8095314578409));
#5822=CARTESIAN_POINT('Ctrl Pts',(-181.079340449239,81.5449693867777,-71.1952058836654));
#5823=CARTESIAN_POINT('Ctrl Pts',(-181.036364869684,81.5098800995487,-71.4257309487413));
#5824=CARTESIAN_POINT('Ctrl Pts',(-180.895145708757,81.4813101322958,-71.7937084934881));
#5825=CARTESIAN_POINT('Ctrl Pts',(-180.771914478485,81.4827742156593,-71.9962717800778));
#5826=CARTESIAN_POINT('Ctrl Pts',(-180.510255715634,81.5161306878496,-72.2905312026662));
#5827=CARTESIAN_POINT('Ctrl Pts',(-180.325529669325,81.5539252491841,-72.4342942881943));
#5828=CARTESIAN_POINT('Ctrl Pts',(-179.983266473756,81.6441299422699,-72.6100372594997));
#5829=CARTESIAN_POINT('Ctrl Pts',(-179.76516847436,81.7125011036108,-72.6731135163495));
#5830=CARTESIAN_POINT('Ctrl Pts',(-179.514005178749,81.8028156007392,-72.6937555315806));
#5831=CARTESIAN_POINT('Ctrl Pts',(-179.443936427478,81.8290446026191,-72.6948732972967));
#5832=CARTESIAN_POINT('Ctrl Pts',(-179.373373994561,81.8566845785599,-72.6904920487127));
#5833=CARTESIAN_POINT('Origin',(-183.98606384941,-78.8379042067645,-70.4672232729195));
#5834=CARTESIAN_POINT('',(-154.230133633245,-82.4545075193948,-104.724124277749));
#5835=CARTESIAN_POINT('',(-162.327294735752,-88.5160207260861,-63.7592585570308));
#5836=CARTESIAN_POINT('',(-162.492405337037,-80.3625503649734,-100.097255595247));
#5837=CARTESIAN_POINT('',(-187.842882975098,-73.943962962031,-85.9009987705579));
#5838=CARTESIAN_POINT('',(-162.492405336971,-87.2972817162625,-68.9525480173808));
#5839=CARTESIAN_POINT('',(-162.492405337039,-80.2104688520187,-100.780271851976));
#5840=CARTESIAN_POINT('',(-164.082016881216,-93.5755187711507,-38.0584671468192));
#5841=CARTESIAN_POINT('',(-179.373373994991,-80.0859309234616,-72.6904920485009));
#5842=CARTESIAN_POINT('',(-179.537080111466,-80.7195968029454,-69.5667932707193));
#5843=CARTESIAN_POINT('Ctrl Pts',(-179.373373994601,-80.0859309234616,-72.6904920484796));
#5844=CARTESIAN_POINT('Ctrl Pts',(-179.245086244817,-80.1361824549276,-72.6825266127506));
#5845=CARTESIAN_POINT('Ctrl Pts',(-179.115316624644,-80.1913094700737,-72.6551797145088));
#5846=CARTESIAN_POINT('Ctrl Pts',(-178.833326696034,-80.3197450659715,-72.5569319317181));
#5847=CARTESIAN_POINT('Ctrl Pts',(-178.648120773414,-80.4149724100869,-72.4435719329657));
#5848=CARTESIAN_POINT('Ctrl Pts',(-178.38544407056,-80.5701589924939,-72.1924053355004));
#5849=CARTESIAN_POINT('Ctrl Pts',(-178.261494661649,-80.6575773070237,-72.0101567318076));
#5850=CARTESIAN_POINT('Ctrl Pts',(-178.118945513288,-80.7881860443168,-71.6655008373105));
#5851=CARTESIAN_POINT('Ctrl Pts',(-178.075122795081,-80.8544866819241,-71.4421093275392));
#5852=CARTESIAN_POINT('Ctrl Pts',(-178.074403020795,-80.9406335754884,-71.0564348754006));
#5853=CARTESIAN_POINT('Ctrl Pts',(-178.117378606174,-80.9757228639378,-70.8259097949566));
#5854=CARTESIAN_POINT('Ctrl Pts',(-178.258597785084,-81.0042928288534,-70.4579322301787));
#5855=CARTESIAN_POINT('Ctrl Pts',(-178.38182902947,-81.0028287418117,-70.2553689361483));
#5856=CARTESIAN_POINT('Ctrl Pts',(-178.643487817802,-80.9694722604134,-69.9611095116587));
#5857=CARTESIAN_POINT('Ctrl Pts',(-178.828213878249,-80.9316776926822,-69.8173464308637));
#5858=CARTESIAN_POINT('Ctrl Pts',(-179.159254013762,-80.8444308715799,-69.6473662257392));
#5859=CARTESIAN_POINT('Ctrl Pts',(-179.360140973364,-80.7822148146067,-69.5858559254241));
#5860=CARTESIAN_POINT('Ctrl Pts',(-179.537080111458,-80.7195968029454,-69.5667932707187));
#5861=CARTESIAN_POINT('Ctrl Pts',(-179.537080111466,-80.7195968029426,-69.566793270718));
#5862=CARTESIAN_POINT('Ctrl Pts',(-179.549498472114,-80.7152019976989,-69.5654553704457));
#5863=CARTESIAN_POINT('Ctrl Pts',(-179.561798131787,-80.7108134534927,-69.5642908013607));
#5864=CARTESIAN_POINT('Ctrl Pts',(-179.759336260505,-80.6397817467643,-69.5480560188128));
#5865=CARTESIAN_POINT('Ctrl Pts',(-179.977602765119,-80.5512428726334,-69.5752693970148));
#5866=CARTESIAN_POINT('Ctrl Pts',(-180.320416852092,-80.3951041997568,-69.6947088807034));
#5867=CARTESIAN_POINT('Ctrl Pts',(-180.505622760597,-80.2998768594045,-69.8080688865088));
#5868=CARTESIAN_POINT('Ctrl Pts',(-180.768299437971,-80.1446902861173,-70.059235486261));
#5869=CARTESIAN_POINT('Ctrl Pts',(-180.892248832742,-80.0572719780697,-70.2414840848365));
#5870=CARTESIAN_POINT('Ctrl Pts',(-181.03479796305,-79.9266632513992,-70.5861399622641));
#5871=CARTESIAN_POINT('Ctrl Pts',(-181.07862067538,-79.8603626192211,-70.8095314576291));
#5872=CARTESIAN_POINT('Ctrl Pts',(-181.079340449617,-79.7742157315345,-71.1952058834538));
#5873=CARTESIAN_POINT('Ctrl Pts',(-181.036364870061,-79.7391264443064,-71.4257309485298));
#5874=CARTESIAN_POINT('Ctrl Pts',(-180.895145709135,-79.7105564770551,-71.7937084932767));
#5875=CARTESIAN_POINT('Ctrl Pts',(-180.771914478862,-79.7120205604197,-71.9962717798664));
#5876=CARTESIAN_POINT('Ctrl Pts',(-180.510255716012,-79.745377032612,-72.2905312024547));
#5877=CARTESIAN_POINT('Ctrl Pts',(-180.325529669703,-79.7831715939477,-72.4342942879827));
#5878=CARTESIAN_POINT('Ctrl Pts',(-179.983266474134,-79.8733762870356,-72.6100372592879));
#5879=CARTESIAN_POINT('Ctrl Pts',(-179.765168474738,-79.9417474483777,-72.6731135161375));
#5880=CARTESIAN_POINT('Ctrl Pts',(-179.514005179128,-80.0320619455073,-72.6937555313684));
#5881=CARTESIAN_POINT('Ctrl Pts',(-179.443936427857,-80.0582909473874,-72.6948732970849));
#5882=CARTESIAN_POINT('Ctrl Pts',(-179.37337399494,-80.0859309233285,-72.6904920485009));
#5883=CARTESIAN_POINT('Origin',(-163.67700957006,-91.9759255135761,16.5109254944965));
#5884=CARTESIAN_POINT('',(-161.454222650096,-83.196935919159,-74.4172584848928));
#5885=CARTESIAN_POINT('',(-165.237426135192,-98.1388557814443,-54.5035073242367));
#5886=CARTESIAN_POINT('',(-163.099240050958,-89.6940007142785,-42.4463654702032));
#5887=CARTESIAN_POINT('',(-164.085268104321,-93.5883596123389,-23.282922343667));
#5888=CARTESIAN_POINT('',(-162.940663677732,-89.0676967181777,-39.4890745055076));
#5889=CARTESIAN_POINT('',(-163.099240050958,-89.6940007142785,-42.4463654702032));
#5890=CARTESIAN_POINT('',(-162.940663677705,-89.0676967181042,16.5109254944924));
#5891=CARTESIAN_POINT('',(-162.940663677701,-89.0676967180923,25.5788988502431));
#5892=CARTESIAN_POINT('',(-163.308836623883,-90.5218111158402,16.5109254944944));
#5893=CARTESIAN_POINT('Origin',(-156.806266639379,81.7564745329335,105.066810020144));
#5894=CARTESIAN_POINT('',(-165.196266639383,79.6321782075387,105.450353681401));
#5895=CARTESIAN_POINT('',(-208.361287515959,68.7030607780192,105.45030422087));
#5896=CARTESIAN_POINT('',(-165.196266639383,79.6321782075387,105.466810020151));
#5897=CARTESIAN_POINT('',(-116.987063729927,91.8384514603081,105.466810020112));
#5898=CARTESIAN_POINT('',(-165.196266639384,79.6321782075382,105.066810020151));
#5899=CARTESIAN_POINT('Origin',(-165.196266639384,79.6321782075382,105.066810020151));
#5900=CARTESIAN_POINT('',(-165.795271382952,79.6321782075396,105.066810020152));
#5901=CARTESIAN_POINT('',(-198.439118209043,79.6321782075886,84.1649045454985));
#5902=CARTESIAN_POINT('',(-165.795271382952,79.6321782075401,105.466810020152));
#5903=CARTESIAN_POINT('',(-165.899266639383,79.6321782075403,105.466810020152));
#5904=CARTESIAN_POINT('',(-165.795271382952,79.6321782075396,105.066810020152));
#5905=CARTESIAN_POINT('Origin',(-209.829241752281,68.4830281664732,105.066810020188));
#5906=CARTESIAN_POINT('',(-209.829241752311,55.8853768279201,105.066810020204));
#5907=CARTESIAN_POINT('',(-209.829241752281,68.4830281664732,105.066810020188));
#5908=CARTESIAN_POINT('',(-209.829241752339,43.6031512542045,105.06681002022));
#5909=CARTESIAN_POINT('',(-209.829241752281,68.4830281664737,105.466810020188));
#5910=CARTESIAN_POINT('',(-209.829241752281,68.4830281664732,105.066810020188));
#5911=CARTESIAN_POINT('',(-209.82924175231,55.8853768279206,105.466810020204));
#5912=CARTESIAN_POINT('',(-209.829241752339,43.603151254205,105.46681002022));
#5913=CARTESIAN_POINT('',(-209.82924175231,55.8853768279221,106.566810020204));
#5914=CARTESIAN_POINT('Origin',(-165.795271382953,79.6321782075396,105.066810020152));
#5915=CARTESIAN_POINT('',(-215.179133411792,67.1284661245981,105.066810020192));
#5916=CARTESIAN_POINT('',(-215.179133411792,67.1284661245987,105.466810020192));
#5917=CARTESIAN_POINT('Origin',(-165.196266639752,-77.861424551907,105.066810020358));
#5918=CARTESIAN_POINT('',(-165.196266639752,-77.8614245519065,105.450353681608));
#5919=CARTESIAN_POINT('',(-208.361287516277,-66.9323071221849,105.450304221048));
#5920=CARTESIAN_POINT('',(-165.196266639752,-77.8614245519065,105.466810020358));
#5921=CARTESIAN_POINT('',(-165.196266639753,-77.861424551907,105.066810020358));
#5922=CARTESIAN_POINT('',(-116.987063730353,-90.0676978049017,105.466810020351));
#5923=CARTESIAN_POINT('Origin',(-165.795271383321,-77.8614245519056,105.066810020358));
#5924=CARTESIAN_POINT('',(-165.795271383321,-77.8614245519056,105.066810020358));
#5925=CARTESIAN_POINT('',(-198.439118209412,-77.8614245518566,84.1649045457051));
#5926=CARTESIAN_POINT('',(-165.795271383321,-77.8614245519051,105.466810020358));
#5927=CARTESIAN_POINT('',(-165.795271383321,-77.8614245519056,105.066810020358));
#5928=CARTESIAN_POINT('',(-165.899266639752,-77.8614245519049,105.466810020358));
#5929=CARTESIAN_POINT('Origin',(-209.829241752598,-66.712274510633,105.066810020365));
#5930=CARTESIAN_POINT('',(-209.829241752598,-66.712274510633,105.066810020365));
#5931=CARTESIAN_POINT('',(-215.179133412103,-65.3577124687329,105.066810020366));
#5932=CARTESIAN_POINT('',(-209.829241752597,-66.7122745106324,105.466810020365));
#5933=CARTESIAN_POINT('',(-209.829241752598,-66.712274510633,105.066810020365));
#5934=CARTESIAN_POINT('',(-215.179133412102,-65.3577124687324,105.466810020366));
#5935=CARTESIAN_POINT('Origin',(-209.829241752568,-54.1146231720799,105.066810020348));
#5936=CARTESIAN_POINT('',(-209.829241752568,-54.1146231720799,105.066810020348));
#5937=CARTESIAN_POINT('',(-209.829241752539,-41.8323975983643,105.066810020332));
#5938=CARTESIAN_POINT('',(-209.829241752568,-54.1146231720794,105.466810020348));
#5939=CARTESIAN_POINT('',(-209.829241752567,-54.1146231720779,106.566810020348));
#5940=CARTESIAN_POINT('',(-209.829241752539,-41.8323975983638,105.466810020332));
#5941=CARTESIAN_POINT('Origin',(-161.001266639473,41.3209256803751,105.4668100202));
#5942=CARTESIAN_POINT('',(-165.899028164484,55.8853768278177,105.466810020183));
#5943=CARTESIAN_POINT('',(-180.864410446756,55.8853768278528,105.46681002019));
#5944=CARTESIAN_POINT('',(-157.899028164442,73.8280676771032,105.466810020155));
#5945=CARTESIAN_POINT('',(-159.450147401919,73.8280676771068,105.466810020156));
#5946=CARTESIAN_POINT('',(-157.899028164783,-72.0573140215052,105.466810020347));
#5947=CARTESIAN_POINT('',(-157.899028164565,21.1031512540834,105.466810020225));
#5948=CARTESIAN_POINT('',(-159.450147402261,-72.0573140215016,105.466810020347));
#5949=CARTESIAN_POINT('',(-165.899028164741,-54.1146231721823,105.466810020327));
#5950=CARTESIAN_POINT('',(-180.864410447014,-54.1146231721472,105.466810020334));
#5951=CARTESIAN_POINT('',(-165.899028164518,41.1031512541021,105.466810020202));
#5952=CARTESIAN_POINT('',(-161.899028164714,-42.6146231721916,105.46681002031));
#5953=CARTESIAN_POINT('Origin',(-161.899028164718,-44.1146231721916,105.466810020312));
#5954=CARTESIAN_POINT('',(-161.899028164609,2.38537682780835,105.466810020251));
#5955=CARTESIAN_POINT('Origin',(-161.899028164612,0.885376827808369,105.466810020253));
#5956=CARTESIAN_POINT('',(-161.899028164503,47.3853768278084,105.466810020192));
#5957=CARTESIAN_POINT('Origin',(-161.899028164507,45.8853768278084,105.466810020194));
#5958=CARTESIAN_POINT('Origin',(-157.899028164613,0.885376827798477,105.066810020251));
#5959=CARTESIAN_POINT('',(-157.89902816444,73.8280676771066,108.066810020155));
#5960=CARTESIAN_POINT('',(-157.899028164442,73.8280676771027,105.066810020155));
#5961=CARTESIAN_POINT('',(-157.899028164782,-72.0573140215018,108.066810020347));
#5962=CARTESIAN_POINT('',(-157.89902816444,73.8280676771066,108.066810020155));
#5963=CARTESIAN_POINT('',(-157.899028164783,-72.0573140215057,105.066810020347));
#5964=CARTESIAN_POINT('Origin',(-157.899028164442,73.8280676771027,105.066810020155));
#5965=CARTESIAN_POINT('',(-157.89902816444,73.8280676771066,108.066810020155));
#5966=CARTESIAN_POINT('Origin',(-200.727554254072,55.8853768279027,108.0668100202));
#5967=CARTESIAN_POINT('',(-165.899028164482,55.8853768278211,108.066810020183));
#5968=CARTESIAN_POINT('',(-165.899028164482,55.8853768278211,108.066810020183));
#5969=CARTESIAN_POINT('',(-209.829241752309,55.885376827924,108.066810020204));
#5970=CARTESIAN_POINT('',(-180.864410446755,55.8853768278562,108.06681002019));
#5971=CARTESIAN_POINT('',(-255.005877624772,55.8853768278593,81.9840671381852));
#5972=CARTESIAN_POINT('',(-229.004426876701,55.8853768279544,96.996011726888));
#5973=CARTESIAN_POINT('',(-255.005877624583,55.8853768279917,78.9840671382951));
#5974=CARTESIAN_POINT('',(-255.005877624587,55.8853768279793,69.5197482543494));
#5975=CARTESIAN_POINT('',(-205.766589887632,55.8853768279137,107.412383167897));
#5976=CARTESIAN_POINT('Origin',(-209.829241752334,45.8853768279201,105.066810020217));
#5977=CARTESIAN_POINT('',(-255.005877624746,67.3584548552299,78.9840671381701));
#5978=CARTESIAN_POINT('',(-255.005877624659,23.3853768279917,78.9840671383378));
#5979=CARTESIAN_POINT('',(-229.087063736598,68.003646906271,93.9483013135497));
#5980=CARTESIAN_POINT('Origin',(-255.005877624795,45.8853768279956,81.9840671381983));
#5981=CARTESIAN_POINT('',(-255.005877625029,-54.1146231718681,81.9840671383294));
#5982=CARTESIAN_POINT('',(-255.00587762471,0.885376827995623,81.9840671383672));
#5983=CARTESIAN_POINT('',(-209.829241752338,43.6031512542084,108.06681002022));
#5984=CARTESIAN_POINT('',(-209.829241752567,-54.114623172076,108.066810020348));
#5985=CARTESIAN_POINT('',(-209.829241752538,-41.8323975983603,108.066810020332));
#5986=CARTESIAN_POINT('',(-229.004426876958,-54.1146231720456,96.9960117270323));
#5987=CARTESIAN_POINT('Origin',(-200.72755425433,-54.1146231720973,108.066810020344));
#5988=CARTESIAN_POINT('',(-255.00587762484,-54.1146231720083,78.9840671384394));
#5989=CARTESIAN_POINT('',(-205.76658988789,-54.1146231720863,107.412383168041));
#5990=CARTESIAN_POINT('',(-255.005877624845,-54.1146231720207,69.5197482544936));
#5991=CARTESIAN_POINT('',(-165.89902816474,-54.1146231721789,108.066810020327));
#5992=CARTESIAN_POINT('',(-180.864410447013,-54.1146231721438,108.066810020334));
#5993=CARTESIAN_POINT('',(-165.89902816474,-54.1146231721789,108.066810020327));
#5994=CARTESIAN_POINT('Origin',(-161.899028164717,-44.1146231721882,108.066810020312));
#5995=CARTESIAN_POINT('',(-161.899028164713,-42.6146231721882,108.06681002031));
#5996=CARTESIAN_POINT('Origin',(-161.899028164717,-44.1146231721882,108.066810020312));
#5997=CARTESIAN_POINT('',(-161.899028164713,-42.6146231721882,108.06681002031));
#5998=CARTESIAN_POINT('Origin',(-161.899028164611,0.885376827811779,108.066810020253));
#5999=CARTESIAN_POINT('',(-161.899028164608,2.38537682781177,108.066810020251));
#6000=CARTESIAN_POINT('Origin',(-161.899028164611,0.885376827811779,108.066810020253));
#6001=CARTESIAN_POINT('',(-161.899028164607,2.38537682781177,108.066810020251));
#6002=CARTESIAN_POINT('Origin',(-161.899028164506,45.8853768278118,108.066810020194));
#6003=CARTESIAN_POINT('',(-161.899028164502,47.3853768278118,108.066810020192));
#6004=CARTESIAN_POINT('Origin',(-161.899028164506,45.8853768278118,108.066810020194));
#6005=CARTESIAN_POINT('',(-161.899028164503,47.3853768278118,108.066810020192));
#6006=CARTESIAN_POINT('Origin',(-255.005877624727,0.885376827949785,47.0433046186865));
#6007=CARTESIAN_POINT('',(-255.005877624822,-15.4906492783257,-69.7289543195804));
#6008=CARTESIAN_POINT('',(-255.005877624745,17.261402933919,-69.7289543196234));
#6009=CARTESIAN_POINT('',(-255.005877624783,0.88526456660343,-69.7289543196019));
#6010=CARTESIAN_POINT('',(-255.005877624647,55.0071737890331,-50.2047718830171));
#6011=CARTESIAN_POINT('',(-255.005877624686,40.0087388028125,-57.9627848815747));
#6012=CARTESIAN_POINT('',(-255.005877624643,56.0019516447761,-45.737105602754));
#6013=CARTESIAN_POINT('',(-255.005877624595,66.6772457339538,2.20691643067481));
#6014=CARTESIAN_POINT('',(-255.005877624829,56.0019516447873,-37.251486350465));
#6015=CARTESIAN_POINT('',(-255.005877624598,56.0019516448978,47.0028116067492));
#6016=CARTESIAN_POINT('',(-255.005877624785,65.8515120833095,6.98406713805983));
#6017=CARTESIAN_POINT('',(-255.005877624829,56.0019516447873,-37.251486350465));
#6018=CARTESIAN_POINT('',(-255.005877624781,67.5280669896563,6.98406713805763));
#6019=CARTESIAN_POINT('',(-255.005877624808,56.0017666571197,6.98406713807275));
#6020=CARTESIAN_POINT('',(-255.005877624746,67.5280669897502,78.518126623248));
#6021=CARTESIAN_POINT('',(-255.00587762476,67.5280669897117,49.2474963161946));
#6022=CARTESIAN_POINT('',(-255.005877624746,67.5143955872367,78.5897095495915));
#6023=CARTESIAN_POINT('',(-255.005877624746,67.3730900503289,79.3295797882473));
#6024=CARTESIAN_POINT('',(-255.005877624748,66.0683276896186,82.2466620448576));
#6025=CARTESIAN_POINT('',(-255.005877625058,-65.5877011992466,78.9840671383445));
#6026=CARTESIAN_POINT('',(-255.005877624764,-21.6146231720083,78.9840671383968));
#6027=CARTESIAN_POINT('',(-255.005877625058,-65.7436419312544,78.5897095497663));
#6028=CARTESIAN_POINT('',(-255.005877625053,-64.2975740336267,82.2466620450286));
#6029=CARTESIAN_POINT('',(-255.005877625058,-65.757313333768,78.5181266234228));
#6030=CARTESIAN_POINT('',(-255.005877625058,-65.6023363943446,79.3295797884217));
#6031=CARTESIAN_POINT('',(-255.005877625093,-65.7573133338618,6.98406713823244));
#6032=CARTESIAN_POINT('',(-255.005877625073,-65.7573133338064,49.2474963163694));
#6033=CARTESIAN_POINT('',(-255.005877625089,-64.080758427515,6.98406713823024));
#6034=CARTESIAN_POINT('',(-255.005877625066,-54.2310130013252,6.98406713821732));
#6035=CARTESIAN_POINT('',(-255.005877625087,-54.2311979891088,-37.2514863503204));
#6036=CARTESIAN_POINT('',(-255.005877625087,-54.2311979891088,-37.2514863503204));
#6037=CARTESIAN_POINT('',(-255.005877624901,-54.2311979891199,-45.7371056026094));
#6038=CARTESIAN_POINT('',(-255.005877624856,-54.2311979889983,47.0028116068937));
#6039=CARTESIAN_POINT('',(-255.005877624901,-53.2364201333886,-50.2047718828751));
#6040=CARTESIAN_POINT('',(-255.005877624903,-64.9064920781718,2.20691643084738));
#6041=CARTESIAN_POINT('',(-255.005877624869,-38.2379851471883,-57.962784881472));
#6042=CARTESIAN_POINT('',(-255.005877624857,-45.5838126188022,7.18251504404284));
#6043=CARTESIAN_POINT('',(-255.005877624853,-45.1719354623862,8.69962410776568));
#6044=CARTESIAN_POINT('Origin',(-255.00587762486,-48.1719356165671,8.6996241077696));
#6045=CARTESIAN_POINT('',(-255.005877624869,-50.760058614336,7.18251504404963));
#6046=CARTESIAN_POINT('',(-255.005877624804,-23.6432793943358,7.18251505215743));
#6047=CARTESIAN_POINT('Origin',(-255.00587762486,-48.1719356165671,8.6996241077696));
#6048=CARTESIAN_POINT('',(-255.00587762462,53.3627700277623,10.3043912160025));
#6049=CARTESIAN_POINT('',(-255.005877624632,48.2933619508653,10.3043912160091));
#6050=CARTESIAN_POINT('Origin',(-255.005877624629,50.8280659893117,8.69962456241836));
#6051=CARTESIAN_POINT('',(-255.005877624686,25.8567214086077,10.3043912073642));
#6052=CARTESIAN_POINT('',(-255.00587762463,50.8280659893156,7.2996243171105));
#6053=CARTESIAN_POINT('Origin',(-255.005877624629,50.8280659893117,8.69962456241836));
#6054=CARTESIAN_POINT('Origin',(-255.005877624727,0.885376827949785,47.0433046186865));
#6055=CARTESIAN_POINT('',(-255.005877624857,-46.6719355394766,8.69962410776764));
#6056=CARTESIAN_POINT('Origin',(-255.00587762486,-48.1719356165671,8.6996241077696));
#6057=CARTESIAN_POINT('',(-255.005877624861,-48.1719356165669,7.29962409449713));
#6058=CARTESIAN_POINT('Origin',(-255.00587762486,-48.1719356165671,8.6996241077696));
#6059=CARTESIAN_POINT('Origin',(-257.505877624936,-48.1719356165613,8.6988225341682));
#6060=CARTESIAN_POINT('',(-257.505428778575,-48.1719356165611,7.29882260259394));
#6061=CARTESIAN_POINT('Origin',(-257.505877624704,50.8280659893175,8.69882305111603));
#6062=CARTESIAN_POINT('',(-257.505428813152,50.8280659893214,7.29882288749185));
#6063=CARTESIAN_POINT('Origin',(-176.791508816651,-14.5573047406899,-123.933196083236));
#6064=CARTESIAN_POINT('',(-174.07660840621,-13.2808581318912,-123.933196075402));
#6065=CARTESIAN_POINT('',(-174.076610859631,-15.8337564237739,-123.933196091072));
#6066=CARTESIAN_POINT('Origin',(-175.111505361716,-14.5573065063339,-123.933196083236));
#6067=CARTESIAN_POINT('',(-176.791508816644,-11.5573047406899,-123.933196058477));
#6068=CARTESIAN_POINT('Origin',(-176.791508816651,-14.5573047406899,-123.933196083236));
#6069=CARTESIAN_POINT('Origin',(-176.791508816651,-14.5573047406899,-123.933196083236));
#6070=CARTESIAN_POINT('Origin',(-176.791508816652,-14.5573047406938,-126.933196083236));
#6071=CARTESIAN_POINT('',(-173.791508816652,-14.557306317159,-125.094631890629));
#6072=CARTESIAN_POINT('Ctrl Pts',(-174.076610851217,-15.8337564778451,-123.933196107997));
#6073=CARTESIAN_POINT('Ctrl Pts',(-174.053292956686,-15.7841614147673,-124.080045117344));
#6074=CARTESIAN_POINT('Ctrl Pts',(-174.0262229391,-15.7233569150389,-124.223341872554));
#6075=CARTESIAN_POINT('Ctrl Pts',(-173.969094644248,-15.5770301913371,-124.485128115582));
#6076=CARTESIAN_POINT('Ctrl Pts',(-173.939077866914,-15.4924622290101,-124.605162812608));
#6077=CARTESIAN_POINT('Ctrl Pts',(-173.874821940483,-15.2707145156327,-124.838947566216));
#6078=CARTESIAN_POINT('Ctrl Pts',(-173.844750259953,-15.1374665433371,-124.933955447989));
#6079=CARTESIAN_POINT('Ctrl Pts',(-173.813480513215,-14.9267476141268,-125.029915608663));
#6080=CARTESIAN_POINT('Ctrl Pts',(-173.80509288958,-14.852647153193,-125.054796988727));
#6081=CARTESIAN_POINT('Ctrl Pts',(-173.794237819612,-14.7041318515952,-125.086751378931));
#6082=CARTESIAN_POINT('Ctrl Pts',(-173.791508855372,-14.6309911123081,-125.094631959772));
#6083=CARTESIAN_POINT('Ctrl Pts',(-173.791508816652,-14.557306317159,-125.094631890629));
#6084=CARTESIAN_POINT('Ctrl Pts',(-173.791508816652,-14.557306317159,-125.094631890629));
#6085=CARTESIAN_POINT('Ctrl Pts',(-173.791508777931,-14.4836216954897,-125.094631821486));
#6086=CARTESIAN_POINT('Ctrl Pts',(-173.794237575227,-14.4104827011631,-125.086751364638));
#6087=CARTESIAN_POINT('Ctrl Pts',(-173.805092359832,-14.2619677331179,-125.054797066261));
#6088=CARTESIAN_POINT('Ctrl Pts',(-173.813479826951,-14.187867430198,-125.029915770974));
#6089=CARTESIAN_POINT('Ctrl Pts',(-173.844749147709,-13.9771485835803,-124.933955792972));
#6090=CARTESIAN_POINT('Ctrl Pts',(-173.874820575794,-13.8439005456785,-124.838947960503));
#6091=CARTESIAN_POINT('Ctrl Pts',(-173.939076087026,-13.6221526773813,-124.605163200249));
#6092=CARTESIAN_POINT('Ctrl Pts',(-173.969092708358,-13.537584648883,-124.485128453368));
#6093=CARTESIAN_POINT('Ctrl Pts',(-174.026221349063,-13.3912562180307,-124.223339206886));
#6094=CARTESIAN_POINT('Ctrl Pts',(-174.053290137073,-13.3304543095623,-124.080048264189));
#6095=CARTESIAN_POINT('Ctrl Pts',(-174.076608414624,-13.2808581859623,-123.933196058476));
#6096=CARTESIAN_POINT('',(-176.791508816645,-11.5573047406938,-126.93319608324));
#6097=CARTESIAN_POINT('',(-176.791508816645,-11.5573047406938,-126.93319608324));
#6098=CARTESIAN_POINT('Origin',(-176.791508816652,-14.5573047406938,-126.933196083236));
#6099=CARTESIAN_POINT('',(-178.66386986493,-12.2133200767311,-126.933196083238));
#6100=CARTESIAN_POINT('Origin',(-176.791508816653,-14.5573047406952,-127.981720426396));
#6101=CARTESIAN_POINT('Origin',(-176.791508816652,-14.5573047406938,-126.933196083236));
#6102=CARTESIAN_POINT('Origin',(-177.779119043898,-59.8434341612662,-92.8473709714882));
#6103=CARTESIAN_POINT('',(-177.779119043898,-59.8434341612662,-92.8473709714882));
#6104=CARTESIAN_POINT('',(-180.670077831919,-62.0075937716994,-97.03130340113));
#6105=CARTESIAN_POINT('',(-177.779119043898,-59.8434341612662,-92.8473709714882));
#6106=CARTESIAN_POINT('',(-180.478696373467,-70.1110812679138,-92.9719732821498));
#6107=CARTESIAN_POINT('',(-181.038157647621,-46.422331707704,-104.838525135986));
#6108=CARTESIAN_POINT('',(-177.779119043898,-59.8434341612662,-92.8473709714882));
#6109=CARTESIAN_POINT('Origin',(-157.21551703658,-37.0333486255951,-126.155641729169));
#6110=CARTESIAN_POINT('',(-169.454095635306,-72.8925640029726,-99.1508552309682));
#6111=CARTESIAN_POINT('',(-169.667062069232,-64.7934800173861,-103.192993142202));
#6112=CARTESIAN_POINT('',(-170.076213752953,-49.2334981545395,-110.958759332287));
#6113=CARTESIAN_POINT('',(-170.016345846417,-74.7552548400783,-97.7988739655729));
#6114=CARTESIAN_POINT('',(-173.969797022226,-87.8527284066671,-88.292444592072));
#6115=CARTESIAN_POINT('',(-166.508303063752,-75.6434700261616,-99.7633764497614));
#6116=CARTESIAN_POINT('',(-222.372433771467,-61.499010472496,-68.4794867279379));
#6117=CARTESIAN_POINT('',(-162.264263449628,-79.6067341914846,-100.645843308449));
#6118=CARTESIAN_POINT('',(-204.823261462772,-39.8633370808154,-91.7965137309011));
#6119=CARTESIAN_POINT('',(-164.848119954015,-88.166848066965,-94.4327276588808));
#6120=CARTESIAN_POINT('',(-148.343616003509,-78.0478761207431,-111.070855508125));
#6121=CARTESIAN_POINT('',(-148.343616003509,-78.0478761207431,-111.070855508125));
#6122=CARTESIAN_POINT('',(-162.008509402596,-59.7938792180996,-111.070855508142));
#6123=CARTESIAN_POINT('',(-160.007293293018,-62.4671670073911,-111.070855508139));
#6124=CARTESIAN_POINT('',(-157.766375087912,-56.61822878363,-115.644643956926));
#6125=CARTESIAN_POINT('',(-181.641119307068,-74.4907986336633,-89.9033493097303));
#6126=CARTESIAN_POINT('',(-157.305358875178,-40.2275320234116,-124.441357326729));
#6127=CARTESIAN_POINT('',(-157.21551703658,-37.0333486255951,-126.155641729169));
#6128=CARTESIAN_POINT('',(-169.667061187442,-37.0976614302895,-117.518789796381));
#6129=CARTESIAN_POINT('',(-159.773962356419,-39.6025040743172,-123.058936534505));
#6130=CARTESIAN_POINT('',(-169.667061571211,-49.1579655430495,-111.280538929754));
#6131=CARTESIAN_POINT('Ctrl Pts',(-176.209904645737,-58.668726851469,-90.5763296004619));
#6132=CARTESIAN_POINT('Ctrl Pts',(-176.204377661195,-58.7027003174512,-90.5331843203164));
#6133=CARTESIAN_POINT('Ctrl Pts',(-176.198850676653,-58.7366737834333,-90.4900390401708));
#6134=CARTESIAN_POINT('Ctrl Pts',(-176.193323692111,-58.7706472494155,-90.4468937600253));
#6135=CARTESIAN_POINT('Ctrl Pts',(-176.732976111791,-59.0602959547348,-91.333343390804));
#6136=CARTESIAN_POINT('Ctrl Pts',(-177.029244492048,-60.2237946105726,-91.3184245718916));
#6137=CARTESIAN_POINT('Ctrl Pts',(-177.325512872306,-61.3872932664104,-91.3035057529792));
#6138=CARTESIAN_POINT('Ctrl Pts',(-177.621781252563,-62.5507919222482,-91.2885869340668));
#6139=CARTESIAN_POINT('Ctrl Pts',(-177.256047577844,-59.4518650580005,-92.0903571811461));
#6140=CARTESIAN_POINT('Ctrl Pts',(-177.854111322901,-61.744888903694,-92.1036648234668));
#6141=CARTESIAN_POINT('Ctrl Pts',(-178.452175067958,-64.0379127493875,-92.1169724657876));
#6142=CARTESIAN_POINT('Ctrl Pts',(-179.050238813015,-66.330936595081,-92.1302801081083));
#6143=CARTESIAN_POINT('Ctrl Pts',(-177.779119043898,-59.8434341612662,-92.8473709714882));
#6144=CARTESIAN_POINT('Ctrl Pts',(-178.678978153754,-63.2659831968154,-92.8889050750421));
#6145=CARTESIAN_POINT('Ctrl Pts',(-179.578837263611,-66.6885322323646,-92.9304391785959));
#6146=CARTESIAN_POINT('Ctrl Pts',(-180.478696373467,-70.1110812679138,-92.9719732821498));
#6147=CARTESIAN_POINT('',(-176.209904645737,-58.668726851469,-90.5763296004619));
#6148=CARTESIAN_POINT('',(-176.209904645737,-58.668726851469,-90.5763296004619));
#6149=CARTESIAN_POINT('',(-176.193323692111,-58.7706472494155,-90.4468937600254));
#6150=CARTESIAN_POINT('',(-172.69314672578,-49.5080862328601,-88.3844768272006));
#6151=CARTESIAN_POINT('',(-176.209904645737,-58.668726851469,-90.5763296004619));
#6152=CARTESIAN_POINT('Origin',(-166.776109820018,-62.6293253018756,-99.0090701758297));
#6153=CARTESIAN_POINT('',(-165.206895421857,-61.4546179920784,-96.7380288048034));
#6154=CARTESIAN_POINT('',(-165.206895421857,-61.4546179920784,-96.7380288048034));
#6155=CARTESIAN_POINT('',(-165.171493307772,-61.5594612056006,-96.6274080904888));
#6156=CARTESIAN_POINT('',(-165.206895422079,-61.4546179914508,-96.7380288054846));
#6157=CARTESIAN_POINT('',(-165.171493307772,-61.5594612056006,-96.6274080904888));
#6158=CARTESIAN_POINT('Ctrl Pts',(-165.206895422079,-61.4546179914508,-96.7380288054846));
#6159=CARTESIAN_POINT('Ctrl Pts',(-165.195094717269,-61.4895657293912,-96.7011552337949));
#6160=CARTESIAN_POINT('Ctrl Pts',(-165.183294012458,-61.5245134673316,-96.6642816621052));
#6161=CARTESIAN_POINT('Ctrl Pts',(-165.171493307648,-61.559461205272,-96.6274080904156));
#6162=CARTESIAN_POINT('Ctrl Pts',(-168.874565163299,-60.5259876114569,-94.684129070477));
#6163=CARTESIAN_POINT('Ctrl Pts',(-168.864855698577,-60.5606105920779,-94.6451649293021));
#6164=CARTESIAN_POINT('Ctrl Pts',(-168.855146233856,-60.5952335726988,-94.6062007881271));
#6165=CARTESIAN_POINT('Ctrl Pts',(-168.845436769135,-60.6298565533198,-94.5672366469522));
#6166=CARTESIAN_POINT('Ctrl Pts',(-172.542234904518,-59.5973572314629,-92.6302293354694));
#6167=CARTESIAN_POINT('Ctrl Pts',(-172.534616679886,-59.6316554547645,-92.5891746248092));
#6168=CARTESIAN_POINT('Ctrl Pts',(-172.526998455255,-59.6659536780661,-92.548119914149));
#6169=CARTESIAN_POINT('Ctrl Pts',(-172.519380230623,-59.7002519013677,-92.5070652034888));
#6170=CARTESIAN_POINT('Ctrl Pts',(-176.209904645737,-58.668726851469,-90.5763296004619));
#6171=CARTESIAN_POINT('Ctrl Pts',(-176.204377661195,-58.7027003174512,-90.5331843203164));
#6172=CARTESIAN_POINT('Ctrl Pts',(-176.198850676653,-58.7366737834333,-90.4900390401709));
#6173=CARTESIAN_POINT('Ctrl Pts',(-176.193323692111,-58.7706472494155,-90.4468937600254));
#6174=CARTESIAN_POINT('',(-178.607094409209,-58.0617738273316,-89.2339002741178));
#6175=CARTESIAN_POINT('',(-210.536618075363,-50.0808874431754,-71.1888199479195));
#6176=CARTESIAN_POINT('Origin',(-175.977192983485,-31.33730920573,-113.985108724466));
#6177=CARTESIAN_POINT('',(-178.758711320212,-31.3373092057215,-112.427455252832));
#6178=CARTESIAN_POINT('',(-179.467062329521,-31.3373092057215,-113.726898405002));
#6179=CARTESIAN_POINT('',(-178.77423451376,-31.3373092057215,-112.455931964646));
#6180=CARTESIAN_POINT('',(-192.418084679925,-31.3373092056795,-104.778190441898));
#6181=CARTESIAN_POINT('',(-175.977192983485,-31.33730920573,-113.985108724466));
#6182=CARTESIAN_POINT('',(-167.788814683488,-31.3373092057594,-121.796163122307));
#6183=CARTESIAN_POINT('Origin',(-175.006890843841,-18.4382257834759,-112.216996691563));
#6184=CARTESIAN_POINT('',(-176.158458451575,-19.3002844592677,-113.883599853599));
#6185=CARTESIAN_POINT('',(-174.006332636095,-9.33771812394925,-115.088792788555));
#6186=CARTESIAN_POINT('',(-179.467063282626,-61.2896005194207,-98.2339302759939));
#6187=CARTESIAN_POINT('',(-179.467062194002,-27.0784990523208,-115.929788637441));
#6188=CARTESIAN_POINT('',(-175.006890843924,-57.9507341587506,-91.7789575571138));
#6189=CARTESIAN_POINT('',(-175.006890843924,-57.9507341587506,-91.7789575571138));
#6190=CARTESIAN_POINT('',(-175.006890843958,-18.4382257836518,-112.216996691216));
#6191=CARTESIAN_POINT('',(-175.006890843868,-31.1713189837943,-105.63074165913));
#6192=CARTESIAN_POINT('',(-175.006890843961,-18.4382257832991,-112.216996691221));
#6193=CARTESIAN_POINT('Origin',(-176.576105242122,-19.6129330930963,-114.488038062247));
#6194=CARTESIAN_POINT('',(-175.977203687648,-18.3599108329254,-113.985102730123));
#6195=CARTESIAN_POINT('',(-174.329503846193,-9.81142669124744,-114.907816538752));
#6196=CARTESIAN_POINT('',(-174.999997377521,-18.3599118602524,-112.240095050521));
#6197=CARTESIAN_POINT('',(-175.00689084407,-18.4382257845329,-112.216996690858));
#6198=CARTESIAN_POINT('',(-174.999997377523,-18.3599118599439,-112.24009505067));
#6199=CARTESIAN_POINT('Origin',(-174.999997377385,-10.5573117732814,-112.240090458251));
#6200=CARTESIAN_POINT('',(-175.977205644615,-10.5573107462609,-113.985101634218));
#6201=CARTESIAN_POINT('',(-175.977207080854,-4.83585521167331,-113.985100829923));
#6202=CARTESIAN_POINT('',(-174.999997376935,-10.5573117732814,-112.240090459018));
#6203=CARTESIAN_POINT('',(-174.999997377399,-16.3079794992971,-112.240093842779));
#6204=CARTESIAN_POINT('',(-174.999997376935,-10.5573117732814,-112.240090459018));
#6205=CARTESIAN_POINT('Origin',(-157.21551703658,-37.0333486255951,-126.155641729169));
#6206=CARTESIAN_POINT('',(-165.746102322715,-53.1005413016516,-111.950469622127));
#6207=CARTESIAN_POINT('',(-169.897192198812,-37.0393943506674,-117.389916165328));
#6208=CARTESIAN_POINT('',(-226.788065330363,-60.3809993048692,-66.0067349105491));
#6209=CARTESIAN_POINT('',(-247.677684267904,-55.091874308095,-54.3085570834495));
#6210=CARTESIAN_POINT('',(-224.796042737198,-58.92991138231,-68.1337357831252));
#6211=CARTESIAN_POINT('',(-224.681091459416,-58.8461751779896,-68.2564760918872));
#6212=CARTESIAN_POINT('',(-215.738196506722,-61.2151862421673,-73.2103243959829));
#6213=CARTESIAN_POINT('',(-235.031326035879,-56.3475717166955,-62.3972371363895));
#6214=CARTESIAN_POINT('',(-213.346824187974,-63.7842401550942,-73.5338243022093));
#6215=CARTESIAN_POINT('',(-230.59572188837,-45.2537303789873,-71.2004290609747));
#6216=CARTESIAN_POINT('',(-184.847728589569,-71.0000385555184,-89.4933058618524));
#6217=CARTESIAN_POINT('',(-226.174358963867,-60.5363860399464,-66.3504102179045));
#6218=CARTESIAN_POINT('',(-205.52622411464,-75.2074461424812,-73.0288796168984));
#6219=CARTESIAN_POINT('Origin',(-165.200001955532,-10.5573117733116,-117.728099180611));
#6220=CARTESIAN_POINT('',(-166.177210223281,-10.557310746291,-119.473110355382));
#6221=CARTESIAN_POINT('',(-166.177210223127,-10.557310746291,-119.473110355468));
#6222=CARTESIAN_POINT('',(-165.200001955366,-10.5573117733116,-117.728099180313));
#6223=CARTESIAN_POINT('',(-171.259178421742,-10.5573117732929,-114.334953381509));
#6224=CARTESIAN_POINT('',(-165.200001955366,-10.5573117733116,-117.728099180313));
#6225=CARTESIAN_POINT('Origin',(-131.805568962269,-67.4877896110529,-126.933196083188));
#6226=CARTESIAN_POINT('',(-133.476624193516,-70.0785621466755,-126.933196084317));
#6227=CARTESIAN_POINT('',(-131.805568963417,-67.4877896126018,-126.933196082785));
#6228=CARTESIAN_POINT('',(-134.862214010622,-72.226754445597,-126.93319608318));
#6229=CARTESIAN_POINT('',(-131.805568962988,-70.2518806240507,-125.345582199237));
#6230=CARTESIAN_POINT('',(-131.805568962274,-70.2518806241745,-125.345582198962));
#6231=CARTESIAN_POINT('',(-131.805568962274,-70.2518806241745,-125.345582198962));
#6232=CARTESIAN_POINT('Origin',(-131.805568962274,-70.2518806241745,-125.345582198962));
#6233=CARTESIAN_POINT('',(-153.68326766031,-74.722613090636,-126.933196083168));
#6234=CARTESIAN_POINT('',(-142.425500568415,-76.3820508850018,-114.836716884328));
#6235=CARTESIAN_POINT('',(-131.805568962274,-70.2518806241745,-125.345582198962));
#6236=CARTESIAN_POINT('Origin',(-5108.04168339515,-2944.31010555283,4803.4409997358));
#6237=CARTESIAN_POINT('Origin',(-165.200001955048,-20.8412071814308,-117.728105233435));
#6238=CARTESIAN_POINT('',(-166.177207642361,-20.841206154413,-119.4731118007));
#6239=CARTESIAN_POINT('',(-166.177208932458,-15.6993051635484,-119.473111078245));
#6240=CARTESIAN_POINT('',(-165.200001954899,-20.8412071810377,-117.728105233325));
#6241=CARTESIAN_POINT('',(-165.200001955017,-7.31810341748912,-117.728097274474));
#6242=CARTESIAN_POINT('',(-165.200001954896,-20.8412071814308,-117.728105233135));
#6243=CARTESIAN_POINT('Origin',(-165.206895421333,-20.919521104786,-117.705006873686));
#6244=CARTESIAN_POINT('',(-166.358462301287,-21.7815792360315,-119.371608982961));
#6245=CARTESIAN_POINT('',(-165.239782548336,-15.9777211017045,-119.998070932849));
#6246=CARTESIAN_POINT('',(-165.206895421337,-20.9195211043367,-117.705006873693));
#6247=CARTESIAN_POINT('',(-165.206895421194,-20.9195211032138,-117.705006874149));
#6248=CARTESIAN_POINT('',(-165.206895421333,-20.919521104786,-117.705006873686));
#6249=CARTESIAN_POINT('Origin',(-175.00689084407,-18.4382257845329,-112.216996690858));
#6250=CARTESIAN_POINT('',(-171.451882486145,-19.338330857623,-114.20780599516));
#6251=CARTESIAN_POINT('',(-171.444989019707,-19.2600169342678,-114.230904354609));
#6252=CARTESIAN_POINT('Origin',(-170.099999666215,-15.0789359211885,-114.984097480754));
#6253=CARTESIAN_POINT('',(-168.599999666215,-14.5573117733011,-115.824098901223));
#6254=CARTESIAN_POINT('Origin',(-170.099999666214,-14.5573117732965,-114.984097173755));
#6255=CARTESIAN_POINT('Origin',(-165.206895421571,-61.4546179923672,-96.7380288053618));
#6256=CARTESIAN_POINT('',(-170.548469899493,-41.1778563243906,-117.025199902562));
#6257=CARTESIAN_POINT('',(-165.206895421518,-35.9223066934297,-109.944742298833));
#6258=CARTESIAN_POINT('Origin',(-175.006890843924,-57.9507341587504,-91.7789575571138));
#6259=CARTESIAN_POINT('',(-173.041740201289,-56.7778766243008,-93.7434779128266));
#6260=CARTESIAN_POINT('Origin',(-171.327493260887,-43.4863651756965,-101.803065409262));
#6261=CARTESIAN_POINT('Origin',(-108.420525203153,-67.4877892565574,-123.933196083199));
#6262=CARTESIAN_POINT('',(-108.420526023553,-13.3677615236047,-123.93319608327));
#6263=CARTESIAN_POINT('',(-108.420525203153,-67.4877892570746,-123.933196082909));
#6264=CARTESIAN_POINT('',(-108.420526023553,-13.3677615236047,-123.93319608327));
#6265=CARTESIAN_POINT('',(-108.420525203154,-67.4877892565614,-126.933196083199));
#6266=CARTESIAN_POINT('',(-108.420525203153,-67.4877892565574,-123.933196083199));
#6267=CARTESIAN_POINT('',(-108.420526023554,-13.3677615236086,-126.93319608327));
#6268=CARTESIAN_POINT('',(-108.420526023554,-13.3677615236086,-126.93319608327));
#6269=CARTESIAN_POINT('',(-108.420526023553,-13.3677615236047,-123.93319608327));
#6270=CARTESIAN_POINT('Origin',(-118.920607103814,-76.8439575605132,-108.090971300063));
#6271=CARTESIAN_POINT('',(-105.420607103817,-76.8439603822171,-108.090966462916));
#6272=CARTESIAN_POINT('',(-142.420607103812,-76.8439526486582,-108.090979720282));
#6273=CARTESIAN_POINT('',(-118.920607103814,-76.8439575605132,-108.090971300063));
#6274=CARTESIAN_POINT('',(-142.420607103819,-79.4352894772513,-109.602592581029));
#6275=CARTESIAN_POINT('',(-142.420607103812,-76.8439526486582,-108.090979720282));
#6276=CARTESIAN_POINT('',(-105.420607103824,-79.4352972108103,-109.602579323664));
#6277=CARTESIAN_POINT('',(-118.920607103821,-79.4352943891063,-109.602584160811));
#6278=CARTESIAN_POINT('',(-105.420607103817,-76.8439603822171,-108.090966462916));
#6279=CARTESIAN_POINT('Origin',(-105.420607103817,-76.8439603822171,-108.090966462916));
#6280=CARTESIAN_POINT('',(-105.420601061224,-69.5040902786696,-120.673603333979));
#6281=CARTESIAN_POINT('',(-105.420607103817,-76.8439603822171,-108.090966462916));
#6282=CARTESIAN_POINT('',(-105.420601061231,-72.0954271072627,-122.185216194727));
#6283=CARTESIAN_POINT('',(-105.420607103824,-79.4352972108103,-109.602579323664));
#6284=CARTESIAN_POINT('',(-105.420601061224,-69.5040902786696,-120.673603333979));
#6285=CARTESIAN_POINT('Origin',(-105.420601061224,-69.5040902786696,-120.673603333979));
#6286=CARTESIAN_POINT('',(-108.420568962268,-67.660543705622,-123.833969492536));
#6287=CARTESIAN_POINT('',(-105.420601061224,-69.5040902786696,-120.673603333979));
#6288=CARTESIAN_POINT('',(-108.420568962274,-70.2518805342152,-125.345582353283));
#6289=CARTESIAN_POINT('',(-105.420601061231,-72.0954271072627,-122.185216194727));
#6290=CARTESIAN_POINT('',(-108.420568962268,-67.660543705622,-123.833969492536));
#6291=CARTESIAN_POINT('Origin',(-120.113068962268,-67.6605437506017,-123.833969415375));
#6292=CARTESIAN_POINT('',(-131.805568962268,-67.6605437955814,-123.833969338214));
#6293=CARTESIAN_POINT('',(-131.805568962268,-67.6605437955814,-123.833969338214));
#6294=CARTESIAN_POINT('',(-108.420568962268,-67.660543705622,-123.833969492536));
#6295=CARTESIAN_POINT('',(-131.805568962554,-67.4877896103671,-123.933196083411));
#6296=CARTESIAN_POINT('',(-131.805568962267,-67.487789611049,-123.933196083188));
#6297=CARTESIAN_POINT('',(-131.805568962268,-67.6605437955814,-123.833969338214));
#6298=CARTESIAN_POINT('Origin',(-108.420568962274,-70.2518805342152,-125.345582353283));
#6299=CARTESIAN_POINT('',(-131.805568962274,-70.2518806241745,-125.345582198962));
#6300=CARTESIAN_POINT('',(-131.805568962269,-67.4877896110529,-126.933196083188));
#6301=CARTESIAN_POINT('',(-108.420568962274,-70.2518805342152,-125.345582353283));
#6302=CARTESIAN_POINT('Ctrl Pts',(-108.420568962268,-67.660543705622,-123.833969492536));
#6303=CARTESIAN_POINT('Ctrl Pts',(-108.420554375896,-67.6029588892672,-123.867045022757));
#6304=CARTESIAN_POINT('Ctrl Pts',(-108.420539789524,-67.5453740729123,-123.900120552978));
#6305=CARTESIAN_POINT('Ctrl Pts',(-108.420525203153,-67.4877892565575,-123.933196083199));
#6306=CARTESIAN_POINT('Ctrl Pts',(-108.42056896227,-68.5243226484864,-124.337840446118));
#6307=CARTESIAN_POINT('Ctrl Pts',(-108.420554375898,-68.1788115178439,-124.536292325145));
#6308=CARTESIAN_POINT('Ctrl Pts',(-108.420539789525,-67.8333003872013,-124.734744204172));
#6309=CARTESIAN_POINT('Ctrl Pts',(-108.420525203153,-67.4877892565588,-124.933196083199));
#6310=CARTESIAN_POINT('Ctrl Pts',(-108.420568962272,-69.3881015913508,-124.841711399701));
#6311=CARTESIAN_POINT('Ctrl Pts',(-108.420554375899,-68.7546641464206,-125.205539627534));
#6312=CARTESIAN_POINT('Ctrl Pts',(-108.420539789527,-68.1212267014903,-125.569367855366));
#6313=CARTESIAN_POINT('Ctrl Pts',(-108.420525203154,-67.4877892565601,-125.933196083199));
#6314=CARTESIAN_POINT('Ctrl Pts',(-108.420568962274,-70.2518805342152,-125.345582353283));
#6315=CARTESIAN_POINT('Ctrl Pts',(-108.420554375901,-69.3305167749972,-125.874786929922));
#6316=CARTESIAN_POINT('Ctrl Pts',(-108.420539789528,-68.4091530157793,-126.403991506561));
#6317=CARTESIAN_POINT('Ctrl Pts',(-108.420525203154,-67.4877892565614,-126.933196083199));
#6318=CARTESIAN_POINT('Origin',(-149.268768913292,-55.3768100229166,-118.195388200593));
#6319=CARTESIAN_POINT('',(-156.197163161844,-55.4435209207603,-113.373601163847));
#6320=CARTESIAN_POINT('',(-155.646305110512,-35.8586407627253,-123.88459893609));
#6321=CARTESIAN_POINT('',(-156.134979608239,-53.2326837691486,-114.560134049822));
#6322=CARTESIAN_POINT('',(-160.439297476528,-58.6191713552298,-108.799812715062));
#6323=CARTESIAN_POINT('',(-156.197163161844,-55.4435209207603,-113.373601163847));
#6324=CARTESIAN_POINT('',(-146.774404077441,-76.8731682578733,-108.799812715045));
#6325=CARTESIAN_POINT('',(-157.983053279456,-61.9003000589841,-108.799812715059));
#6326=CARTESIAN_POINT('',(-142.532272334698,-73.6975114919282,-113.373600066461));
#6327=CARTESIAN_POINT('',(-142.532269762757,-73.6975178234038,-113.37360116383));
#6328=CARTESIAN_POINT('',(-131.910183090672,-67.5661034685734,-123.88459893606));
#6329=CARTESIAN_POINT('',(-135.35949288356,-69.5571488141239,-120.4713674857));
#6330=CARTESIAN_POINT('',(-148.897782492135,-44.8735307714175,-123.884598936081));
#6331=CARTESIAN_POINT('Origin',(-131.805568962267,-67.487789611049,-123.933196083188));
#6332=CARTESIAN_POINT('',(-155.541690982108,-35.7803269052009,-123.933196083218));
#6333=CARTESIAN_POINT('',(-155.541690982108,-35.7803269052009,-123.933196083218));
#6334=CARTESIAN_POINT('',(-155.541690982108,-35.780326905201,-123.933196083218));
#6335=CARTESIAN_POINT('',(-131.805568962267,-67.487789611049,-123.933196083188));
#6336=CARTESIAN_POINT('Origin',(-131.805568962268,-67.6605437955814,-123.833969338214));
#6337=CARTESIAN_POINT('',(-131.910183090672,-67.5661034685734,-123.88459893606));
#6338=CARTESIAN_POINT('Origin',(-131.910183090672,-67.5661034685734,-123.88459893606));
#6339=CARTESIAN_POINT('',(-142.424700617254,-73.7902689949314,-113.325866645083));
#6340=CARTESIAN_POINT('Ctrl Pts',(-142.424701076749,-73.7902685018085,-113.325866809458));
#6341=CARTESIAN_POINT('Ctrl Pts',(-142.442495146151,-73.7749174391092,-113.333769116275));
#6342=CARTESIAN_POINT('Ctrl Pts',(-142.460293066116,-73.7595664141803,-113.341669788337));
#6343=CARTESIAN_POINT('Ctrl Pts',(-142.495872774934,-73.728885191761,-113.357457087481));
#6344=CARTESIAN_POINT('Ctrl Pts',(-142.51410419987,-73.7131673219111,-113.365543166267));
#6345=CARTESIAN_POINT('Ctrl Pts',(-142.532267400076,-73.6975120346102,-113.373595238476));
#6346=CARTESIAN_POINT('',(-132.358728811514,-67.9798465732565,-123.286593043165));
#6347=CARTESIAN_POINT('Origin',(-123.924128347789,-72.2522520438797,-115.962467977718));
#6348=CARTESIAN_POINT('',(-142.420604591321,-73.7919580308945,-113.322971494956));
#6349=CARTESIAN_POINT('',(-142.420609456365,-73.7919560255021,-113.322974932612));
#6350=CARTESIAN_POINT('',(-142.420604912511,-74.1822028704947,-112.653980213176));
#6351=CARTESIAN_POINT('',(-142.420604591235,-73.7919530279707,-113.322980071238));
#6352=CARTESIAN_POINT('',(-142.420604591235,-73.7919530279707,-113.322980071238));
#6353=CARTESIAN_POINT('Ctrl Pts',(-142.533350636432,-73.6983269625542,-113.37516545883));
#6354=CARTESIAN_POINT('Ctrl Pts',(-142.495768621368,-73.7301322896565,-113.358114537673));
#6355=CARTESIAN_POINT('Ctrl Pts',(-142.458186606303,-73.7619376167588,-113.341063616516));
#6356=CARTESIAN_POINT('Ctrl Pts',(-142.420604591239,-73.7937429438611,-113.324012695359));
#6357=CARTESIAN_POINT('Ctrl Pts',(-142.532990345207,-73.6980572495041,-113.374644027163));
#6358=CARTESIAN_POINT('Ctrl Pts',(-142.495528427218,-73.7297541572193,-113.357651227737));
#6359=CARTESIAN_POINT('Ctrl Pts',(-142.458066509228,-73.7614510649346,-113.340658428312));
#6360=CARTESIAN_POINT('Ctrl Pts',(-142.420604591239,-73.7931479726499,-113.323665628886));
#6361=CARTESIAN_POINT('Ctrl Pts',(-142.532630053982,-73.6977875364539,-113.374122595496));
#6362=CARTESIAN_POINT('Ctrl Pts',(-142.495288233068,-73.7293760247822,-113.357187917802));
#6363=CARTESIAN_POINT('Ctrl Pts',(-142.457946412153,-73.7609645131104,-113.340253240107));
#6364=CARTESIAN_POINT('Ctrl Pts',(-142.420604591239,-73.7925530014387,-113.323318562413));
#6365=CARTESIAN_POINT('Ctrl Pts',(-142.532269762757,-73.6975178234038,-113.37360116383));
#6366=CARTESIAN_POINT('Ctrl Pts',(-142.495048038918,-73.728997892345,-113.356724607866));
#6367=CARTESIAN_POINT('Ctrl Pts',(-142.457826315078,-73.7604779612862,-113.339848051903));
#6368=CARTESIAN_POINT('Ctrl Pts',(-142.420604591239,-73.7919580302275,-113.322971495939));
#6369=CARTESIAN_POINT('',(-142.532269762757,-73.6975178234038,-113.37360116383));
#6370=CARTESIAN_POINT('Ctrl Pts',(-146.774404077441,-76.8731682578733,-108.799812715045));
#6371=CARTESIAN_POINT('Ctrl Pts',(-145.323138419565,-76.8634297214683,-108.563535050124));
#6372=CARTESIAN_POINT('Ctrl Pts',(-143.871872761689,-76.8536911850632,-108.327257385203));
#6373=CARTESIAN_POINT('Ctrl Pts',(-142.420607103812,-76.8439526486582,-108.090979720282));
#6374=CARTESIAN_POINT('Ctrl Pts',(-147.297474719463,-77.2647375454966,-109.556826979405));
#6375=CARTESIAN_POINT('Ctrl Pts',(-145.671852180914,-77.4124022275052,-109.236168210891));
#6376=CARTESIAN_POINT('Ctrl Pts',(-144.046229642364,-77.5600669095139,-108.915509442378));
#6377=CARTESIAN_POINT('Ctrl Pts',(-142.420607103815,-77.7077315915225,-108.594850673864));
#6378=CARTESIAN_POINT('Ctrl Pts',(-147.820545361486,-77.6563068331198,-110.313841243765));
#6379=CARTESIAN_POINT('Ctrl Pts',(-146.020565942263,-77.9613747335422,-109.908801371659));
#6380=CARTESIAN_POINT('Ctrl Pts',(-144.22058652304,-78.2664426339646,-109.503761499553));
#6381=CARTESIAN_POINT('Ctrl Pts',(-142.420607103817,-78.5715105343869,-109.098721627447));
#6382=CARTESIAN_POINT('Ctrl Pts',(-148.343616003509,-78.0478761207431,-111.070855508125));
#6383=CARTESIAN_POINT('Ctrl Pts',(-146.369279703612,-78.5103472395791,-110.581434532426));
#6384=CARTESIAN_POINT('Ctrl Pts',(-144.394943403716,-78.9728183584152,-110.092013556728));
#6385=CARTESIAN_POINT('Ctrl Pts',(-142.420607103819,-79.4352894772513,-109.602592581029));
#6386=CARTESIAN_POINT('',(-146.774404077441,-76.8731682578733,-108.799812715045));
#6387=CARTESIAN_POINT('',(-148.343616003509,-78.0478761207431,-111.070855508125));
#6388=CARTESIAN_POINT('',(-146.774404077441,-76.8731682578733,-108.799812715045));
#6389=CARTESIAN_POINT('Ctrl Pts',(-142.532269762757,-73.6975178234038,-113.37360116383));
#6390=CARTESIAN_POINT('Ctrl Pts',(-142.495048038916,-73.7289962249261,-113.356727466299));
#6391=CARTESIAN_POINT('Ctrl Pts',(-142.457826315076,-73.7604746264484,-113.339853768769));
#6392=CARTESIAN_POINT('Ctrl Pts',(-142.420604591235,-73.7919530279707,-113.322980071238));
#6393=CARTESIAN_POINT('Ctrl Pts',(-143.946314534318,-74.7560679682269,-111.849005014235));
#6394=CARTESIAN_POINT('Ctrl Pts',(-143.437744832466,-74.7738073904401,-111.758996660907));
#6395=CARTESIAN_POINT('Ctrl Pts',(-142.929175130613,-74.7915468126533,-111.66898830758));
#6396=CARTESIAN_POINT('Ctrl Pts',(-142.420605428761,-74.8092862348665,-111.578979954253));
#6397=CARTESIAN_POINT('Ctrl Pts',(-145.360359305879,-75.8146181130501,-110.32440886464));
#6398=CARTESIAN_POINT('Ctrl Pts',(-144.380441626015,-75.8186185559542,-110.161265855516));
#6399=CARTESIAN_POINT('Ctrl Pts',(-143.400523946151,-75.8226189988583,-109.998122846392));
#6400=CARTESIAN_POINT('Ctrl Pts',(-142.420606266287,-75.8266194417623,-109.834979837267));
#6401=CARTESIAN_POINT('Ctrl Pts',(-146.774404077441,-76.8731682578733,-108.799812715045));
#6402=CARTESIAN_POINT('Ctrl Pts',(-145.323138419565,-76.8634297214683,-108.563535050124));
#6403=CARTESIAN_POINT('Ctrl Pts',(-143.871872761689,-76.8536911850632,-108.327257385203));
#6404=CARTESIAN_POINT('Ctrl Pts',(-142.420607103812,-76.8439526486582,-108.090979720282));
#6405=CARTESIAN_POINT('Origin',(-255.10719112803,-44.1146231720081,78.9255737600739));
#6406=CARTESIAN_POINT('Origin',(-209.829241752545,-44.1146231720799,105.066810020335));
#6407=CARTESIAN_POINT('',(-229.087063736913,-66.2328932503698,93.9483013137258));
#6408=CARTESIAN_POINT('Origin',(-260.005877625019,-54.2326569586398,104.498263189041));
#6409=CARTESIAN_POINT('',(-158.04887729437,-90.2925975039193,78.589718850921));
#6410=CARTESIAN_POINT('',(-158.04887729437,-90.2925975039193,78.589718850921));
#6411=CARTESIAN_POINT('',(-168.611395716954,-87.618231115879,78.5897112456144));
#6412=CARTESIAN_POINT('',(-158.04887729437,-90.2925975039193,78.589718850921));
#6413=CARTESIAN_POINT('',(-172.590334008799,-86.6107904012649,78.5897000567793));
#6414=CARTESIAN_POINT('',(-214.315281198221,-76.0463536421576,78.5894949106707));
#6415=CARTESIAN_POINT('',(-172.590020904324,-86.6108665910731,78.5897095497538));
#6416=CARTESIAN_POINT('Origin',(-198.663678692024,-67.132451638546,-83.4157226575014));
#6417=CARTESIAN_POINT('',(-200.816345728517,-68.5202061883577,-73.5298084922116));
#6418=CARTESIAN_POINT('',(-200.105408993311,-68.7889087955021,-73.5295806484186));
#6419=CARTESIAN_POINT('',(-187.997156863734,-70.5109508590103,-86.3448873400466));
#6420=CARTESIAN_POINT('Ctrl Pts',(-163.099240050958,-89.6940007142785,-42.4463654702032));
#6421=CARTESIAN_POINT('Ctrl Pts',(-163.046381259883,-89.4852327155782,-41.4606018153047));
#6422=CARTESIAN_POINT('Ctrl Pts',(-162.993522468807,-89.2764647168779,-40.4748381604062));
#6423=CARTESIAN_POINT('Ctrl Pts',(-162.940663677732,-89.0676967181777,-39.4890745055076));
#6424=CARTESIAN_POINT('Ctrl Pts',(-165.048495117428,-88.9922016416079,-42.290101744833));
#6425=CARTESIAN_POINT('Ctrl Pts',(-165.418396882836,-88.7458130714988,-41.3564259983911));
#6426=CARTESIAN_POINT('Ctrl Pts',(-165.788298648243,-88.4994245013897,-40.4227502519491));
#6427=CARTESIAN_POINT('Ctrl Pts',(-166.158200413651,-88.2530359312806,-39.4890745055072));
#6428=CARTESIAN_POINT('Ctrl Pts',(-168.590558385059,-87.716936665093,-42.0061491666314));
#6429=CARTESIAN_POINT('Ctrl Pts',(-169.728673948588,-87.4021863672723,-41.1671242795897));
#6430=CARTESIAN_POINT('Ctrl Pts',(-170.866789512117,-87.0874360694516,-40.328099392548));
#6431=CARTESIAN_POINT('Ctrl Pts',(-172.004905075647,-86.772685771631,-39.4890745055063));
#6432=CARTESIAN_POINT('Ctrl Pts',(-168.947005250369,-87.5886034962666,-41.9775742940926));
#6433=CARTESIAN_POINT('Ctrl Pts',(-170.162428128742,-87.2669737833399,-41.1480743645638));
#6434=CARTESIAN_POINT('Ctrl Pts',(-171.377851007116,-86.9453440704132,-40.318574435035));
#6435=CARTESIAN_POINT('Ctrl Pts',(-172.593273885489,-86.6237143574864,-39.4890745055062));
#6436=CARTESIAN_POINT('',(-168.947005250369,-87.5886034962666,-41.9775742940926));
#6437=CARTESIAN_POINT('',(-170.016345846299,-87.2036039897875,-41.8918496764764));
#6438=CARTESIAN_POINT('',(-172.593273885489,-86.6237143574864,-39.4890745055062));
#6439=CARTESIAN_POINT('',(-168.947005250369,-87.5886034962666,-41.9775742940926));
#6440=CARTESIAN_POINT('',(-162.940663677732,-89.0676967181777,-39.4890745055076));
#6441=CARTESIAN_POINT('Ctrl Pts',(-168.947005250369,-87.5886034962666,-41.9775742940926));
#6442=CARTESIAN_POINT('Ctrl Pts',(-170.162428128742,-87.2669737833399,-41.1480743645638));
#6443=CARTESIAN_POINT('Ctrl Pts',(-171.377851007116,-86.9453440704131,-40.318574435035));
#6444=CARTESIAN_POINT('Ctrl Pts',(-172.593273885489,-86.6237143574864,-39.4890745055062));
#6445=CARTESIAN_POINT('Ctrl Pts',(-169.303452115679,-87.4602703274403,-41.9489994215539));
#6446=CARTESIAN_POINT('Ctrl Pts',(-170.596182292138,-87.1317611332184,-41.1290244495379));
#6447=CARTESIAN_POINT('Ctrl Pts',(-171.888912468597,-86.8032519389967,-40.309049477522));
#6448=CARTESIAN_POINT('Ctrl Pts',(-173.181642645056,-86.4747427447749,-39.4890745055061));
#6449=CARTESIAN_POINT('Ctrl Pts',(-169.659898980989,-87.3319371586139,-41.9204245490151));
#6450=CARTESIAN_POINT('Ctrl Pts',(-171.029936455533,-86.996548483097,-41.1099745345121));
#6451=CARTESIAN_POINT('Ctrl Pts',(-172.399973930078,-86.6611598075801,-40.2995245200091));
#6452=CARTESIAN_POINT('Ctrl Pts',(-173.770011404622,-86.3257711320633,-39.489074505506));
#6453=CARTESIAN_POINT('Ctrl Pts',(-170.016345846299,-87.2036039897875,-41.8918496764764));
#6454=CARTESIAN_POINT('Ctrl Pts',(-171.463690618929,-86.8613358329756,-41.0909246194862));
#6455=CARTESIAN_POINT('Ctrl Pts',(-172.911035391559,-86.5190676761637,-40.2899995624961));
#6456=CARTESIAN_POINT('Ctrl Pts',(-174.358380164189,-86.1767995193517,-39.4890745055059));
#6457=CARTESIAN_POINT('',(-169.63262837893,-87.341755516183,-41.9226107205142));
#6458=CARTESIAN_POINT('',(-170.016345846299,-87.2036039897875,-41.8918496764764));
#6459=CARTESIAN_POINT('',(-170.016345846299,-87.2036039897875,-41.8918496764764));
#6460=CARTESIAN_POINT('',(-170.016345846299,-87.2036039897875,-41.8918496764764));
#6461=CARTESIAN_POINT('',(-174.358380164189,-86.1767995193518,-39.4890745055059));
#6462=CARTESIAN_POINT('',(-170.016345846299,-87.2036039897875,-41.8918496764764));
#6463=CARTESIAN_POINT('',(-172.593273885489,-86.6237143574864,-39.4890745055062));
#6464=CARTESIAN_POINT('Origin',(-156.127686131811,-80.53402231955,104.498263189025));
#6465=CARTESIAN_POINT('',(-156.815247154287,-83.2495693862524,105.57207135108));
#6466=CARTESIAN_POINT('Origin',(-156.805032260825,-93.4971650749544,79.6635282483896));
#6467=CARTESIAN_POINT('Origin',(-157.899028164783,-72.0573140215057,105.066810020347));
#6468=CARTESIAN_POINT('',(-157.899028164782,-72.0573140215018,108.066810020347));
#6469=CARTESIAN_POINT('Origin',(-156.120745485334,-90.794458640932,78.5181317380762));
#6470=CARTESIAN_POINT('',(-156.120745485336,-90.7944586409363,75.2168107722036));
#6471=CARTESIAN_POINT('Origin',(-156.120745485336,-90.7944586409363,75.2168107722036));
#6472=CARTESIAN_POINT('',(-158.051815311441,-90.3055234730713,75.2168107722021));
#6473=CARTESIAN_POINT('',(-158.051815311441,-90.3055234730713,75.2168107722021));
#6474=CARTESIAN_POINT('',(-156.120745485336,-90.7944586409363,75.2168107722036));
#6475=CARTESIAN_POINT('Origin',(-157.425995572121,-90.4503074443043,78.5897192493441));
#6476=CARTESIAN_POINT('',(-158.051817261207,-90.3055229795665,78.5181317371898));
#6477=CARTESIAN_POINT('',(-158.051809405528,-90.3055249684082,78.5181317380765));
#6478=CARTESIAN_POINT('',(-158.051817261171,-90.3055229794069,78.5181317380716));
#6479=CARTESIAN_POINT('Origin',(-158.051809405539,-90.3055249684387,55.216810772204));
#6480=CARTESIAN_POINT('',(-142.971335187065,-94.1238095762026,39.6604615860976));
#6481=CARTESIAN_POINT('',(-142.971335187065,-94.1238095762026,39.6604615860976));
#6482=CARTESIAN_POINT('',(-158.051809405539,-90.3055249684387,55.216810772204));
#6483=CARTESIAN_POINT('',(-158.051809405539,-90.3055249684387,55.216810772204));
#6484=CARTESIAN_POINT('',(-158.051809405539,-90.3055249684387,55.216810772204));
#6485=CARTESIAN_POINT('Origin',(-142.971335187065,-94.1238095762026,39.6604615860976));
#6486=CARTESIAN_POINT('',(-142.971335187065,-94.1238095762026,39.6604615860976));
#6487=CARTESIAN_POINT('Origin',(-172.593273885462,-86.623714357413,16.5109254944938));
#6488=CARTESIAN_POINT('',(-257.346101660213,-65.1647819614024,6.98406713823279));
#6489=CARTESIAN_POINT('',(-192.565219223828,-81.5669317569957,-29.2932407695004));
#6490=CARTESIAN_POINT('',(-215.170862906929,-75.8433117633605,6.9840671382264));
#6491=CARTESIAN_POINT('',(-172.593273777455,-86.6237139216229,78.5181365720377));
#6492=CARTESIAN_POINT('',(-172.593273885432,-86.6237143573317,78.5181266234103));
#6493=CARTESIAN_POINT('',(-172.593273885444,-86.6237143573635,54.2780135195384));
#6494=CARTESIAN_POINT('Origin',(-226.215423115935,-53.7225508059414,-28.2248004270874));
#6495=CARTESIAN_POINT('',(-189.347898510351,-82.3089738886321,-31.0661795428767));
#6496=CARTESIAN_POINT('',(-231.060275654745,-66.5435431982166,-31.079543489852));
#6497=CARTESIAN_POINT('',(-229.250850663696,-67.2274256867915,-31.0789637803918));
#6498=CARTESIAN_POINT('',(-184.503045971541,-69.487981496357,-28.2114364801122));
#6499=CARTESIAN_POINT('',(-185.290028918895,-71.5705840730201,-28.6751521642278));
#6500=CARTESIAN_POINT('',(-226.215423115935,-53.7225508059414,-28.2248004270874));
#6501=CARTESIAN_POINT('',(-183.172954256017,-69.9906972413839,-28.2110103410049));
#6502=CARTESIAN_POINT('',(-227.253605802823,-56.4699063185718,-28.8365310833941));
#6503=CARTESIAN_POINT('Origin',(-220.006855543175,-47.5600068769339,-66.4382300772099));
#6504=CARTESIAN_POINT('',(-228.720967969153,-60.3809993404656,-62.7263595817343));
#6505=CARTESIAN_POINT('',(-234.07384381657,-60.3809994390445,-53.6418658696932));
#6506=CARTESIAN_POINT('',(-223.876115430342,-47.5600069481904,-59.8716165189698));
#6507=CARTESIAN_POINT('',(-223.876115430342,-47.5600069481904,-59.8716165189698));
#6508=CARTESIAN_POINT('',(-220.499533623119,-47.5600068860071,-65.6020943163794));
#6509=CARTESIAN_POINT('',(-221.575023427736,-47.5600069058134,-63.7768548290629));
#6510=CARTESIAN_POINT('',(-216.999356656787,-38.2974458694516,-63.5396773835546));
#6511=CARTESIAN_POINT('Origin',(-260.005877624856,-54.2311979889866,47.0028116068962));
#6512=CARTESIAN_POINT('',(-260.005877624992,-54.2311979890971,-37.251486350318));
#6513=CARTESIAN_POINT('',(-276.116451420108,-54.2311979890235,-9.90984731787434));
#6514=CARTESIAN_POINT('Origin',(-157.782144284982,-90.3738025414326,47.5145286162816));
#6515=CARTESIAN_POINT('',(-166.190323421966,-88.244902580235,78.5181266234095));
#6516=CARTESIAN_POINT('',(-166.19032342197,-88.244902580234,78.5181266234094));
#6517=CARTESIAN_POINT('Origin',(-158.051809405534,-90.3055249684256,65.2168107722039));
#6518=CARTESIAN_POINT('',(-161.98618801114,-89.3093641678126,78.5181133938002));
#6519=CARTESIAN_POINT('Origin',(-166.19032342197,-88.244902580234,78.5181266234094));
#6520=CARTESIAN_POINT('',(-172.593273885432,-86.6237143573317,78.5181266234103));
#6521=CARTESIAN_POINT('',(-166.19032342197,-88.244902580234,78.5181266234094));
#6522=CARTESIAN_POINT('Origin',(-158.051817261171,-90.3055229794069,78.5181317380716));
#6523=CARTESIAN_POINT('Origin',(-172.593273885432,-86.6237143573317,78.5181266234103));
#6524=CARTESIAN_POINT('Origin',(-176.174502531652,-58.7735700649912,-90.4657088861472));
#6525=CARTESIAN_POINT('',(-195.971493189825,-55.6992137963968,-70.6750654295171));
#6526=CARTESIAN_POINT('',(-195.971493189825,-55.6992137963968,-70.6750654295171));
#6527=CARTESIAN_POINT('',(-185.424921623826,-57.3370343601973,-81.2182556124291));
#6528=CARTESIAN_POINT('Origin',(-195.971493189734,-55.6992137961544,-70.6750654290776));
#6529=CARTESIAN_POINT('',(-211.443963523852,-49.8513050996568,-70.6800240990099));
#6530=CARTESIAN_POINT('',(-207.943786557521,-40.5887440831013,-68.6176071661851));
#6531=CARTESIAN_POINT('',(-188.827327251619,-58.3993921914942,-70.6727758424722));
#6532=CARTESIAN_POINT('Origin',(-165.171493307488,-74.3826115975123,-39.0371066137118));
#6533=CARTESIAN_POINT('',(-165.171493307488,-74.3826115975124,-39.0371066137118));
#6534=CARTESIAN_POINT('',(-165.171493307487,-66.9079577980229,-72.6066704557707));
#6535=CARTESIAN_POINT('',(-165.171493307488,-74.3826115975124,-39.0371066137118));
#6536=CARTESIAN_POINT('',(-170.016345846299,-87.2036039897968,-41.8918496764348));
#6537=CARTESIAN_POINT('Ctrl Pts',(-173.490338768902,-64.5175830185561,-69.2240183294083));
#6538=CARTESIAN_POINT('Ctrl Pts',(-181.377531264057,-85.3895567611486,-73.8714060217816));
#6539=CARTESIAN_POINT('Ctrl Pts',(-173.362051019119,-64.5678345500221,-69.2160528936794));
#6540=CARTESIAN_POINT('Ctrl Pts',(-181.249243514274,-85.4398082926146,-73.8634405860527));
#6541=CARTESIAN_POINT('Ctrl Pts',(-173.232281398946,-64.6229615651682,-69.1887059954376));
#6542=CARTESIAN_POINT('Ctrl Pts',(-181.119473894101,-85.4949353077607,-73.8360936878109));
#6543=CARTESIAN_POINT('Ctrl Pts',(-172.950291470335,-64.751397161066,-69.0904582126468));
#6544=CARTESIAN_POINT('Ctrl Pts',(-180.83748396549,-85.6233709036585,-73.7378459050201));
#6545=CARTESIAN_POINT('Ctrl Pts',(-172.765085547716,-64.8466245051814,-68.9770982138944));
#6546=CARTESIAN_POINT('Ctrl Pts',(-180.652278042871,-85.7185982477739,-73.6244859062677));
#6547=CARTESIAN_POINT('Ctrl Pts',(-172.502408844861,-65.0018110875884,-68.7259316164292));
#6548=CARTESIAN_POINT('Ctrl Pts',(-180.389601340016,-85.8737848301809,-73.3733193088025));
#6549=CARTESIAN_POINT('Ctrl Pts',(-172.378459435951,-65.0892294021182,-68.5436830127364));
#6550=CARTESIAN_POINT('Ctrl Pts',(-180.265651931106,-85.9612031447107,-73.1910707051097));
#6551=CARTESIAN_POINT('Ctrl Pts',(-172.23591028759,-65.2198381394113,-68.1990271182393));
#6552=CARTESIAN_POINT('Ctrl Pts',(-180.123102782745,-86.0918118820038,-72.8464148106126));
#6553=CARTESIAN_POINT('Ctrl Pts',(-172.192087569382,-65.2861387770186,-67.975635608468));
#6554=CARTESIAN_POINT('Ctrl Pts',(-180.079280064537,-86.1581125196111,-72.6230233008413));
#6555=CARTESIAN_POINT('Ctrl Pts',(-172.191727682239,-65.3292122238007,-67.7827983823987));
#6556=CARTESIAN_POINT('Ctrl Pts',(-180.078920177394,-86.2011859663932,-72.430186074772));
#6557=CARTESIAN_POINT('Ctrl Pts',(-172.191367795096,-65.3722856705829,-67.5899611563293));
#6558=CARTESIAN_POINT('Ctrl Pts',(-180.078560290251,-86.2442594131754,-72.2373488487026));
#6559=CARTESIAN_POINT('Ctrl Pts',(-172.234343380475,-65.4073749590323,-67.3594360758854));
#6560=CARTESIAN_POINT('Ctrl Pts',(-180.12153587563,-86.2793487016248,-72.0068237682587));
#6561=CARTESIAN_POINT('Ctrl Pts',(-172.375562559385,-65.4359449239479,-66.9914585111074));
#6562=CARTESIAN_POINT('Ctrl Pts',(-180.26275505454,-86.3079186665404,-71.6388462034807));
#6563=CARTESIAN_POINT('Ctrl Pts',(-172.498793803771,-65.4344808369062,-66.788895217077));
#6564=CARTESIAN_POINT('Ctrl Pts',(-180.385986298926,-86.3064545794987,-71.4362829094503));
#6565=CARTESIAN_POINT('Ctrl Pts',(-172.760452592104,-65.4011243555079,-66.4946357925875));
#6566=CARTESIAN_POINT('Ctrl Pts',(-180.647645087259,-86.2730980981004,-71.1420234849608));
#6567=CARTESIAN_POINT('Ctrl Pts',(-172.94517865255,-65.3633297877767,-66.3508727117924));
#6568=CARTESIAN_POINT('Ctrl Pts',(-180.832371147705,-86.2353035303692,-70.9982604041657));
#6569=CARTESIAN_POINT('Ctrl Pts',(-173.276218788063,-65.2760829666744,-66.1808925066679));
#6570=CARTESIAN_POINT('Ctrl Pts',(-181.163411283218,-86.1480567092669,-70.8282801990412));
#6571=CARTESIAN_POINT('Ctrl Pts',(-173.477105747665,-65.2138669097012,-66.1193822063528));
#6572=CARTESIAN_POINT('Ctrl Pts',(-181.36429824282,-86.0858406522937,-70.7667698987261));
#6573=CARTESIAN_POINT('Ctrl Pts',(-173.654044885759,-65.1512488980399,-66.1003195516475));
#6574=CARTESIAN_POINT('Ctrl Pts',(-181.541237380914,-86.0232226406324,-70.7477072440208));
#6575=CARTESIAN_POINT('',(-173.490338769292,-64.517583018556,-69.2240183294296));
#6576=CARTESIAN_POINT('',(-173.654044885767,-65.1512488980399,-66.100319551648));
#6577=CARTESIAN_POINT('Ctrl Pts',(-173.490338768902,-64.5175830185561,-69.2240183294083));
#6578=CARTESIAN_POINT('Ctrl Pts',(-173.362051019119,-64.5678345500221,-69.2160528936794));
#6579=CARTESIAN_POINT('Ctrl Pts',(-173.232281398946,-64.6229615651682,-69.1887059954376));
#6580=CARTESIAN_POINT('Ctrl Pts',(-172.950291470335,-64.751397161066,-69.0904582126468));
#6581=CARTESIAN_POINT('Ctrl Pts',(-172.765085547716,-64.8466245051814,-68.9770982138944));
#6582=CARTESIAN_POINT('Ctrl Pts',(-172.502408844861,-65.0018110875884,-68.7259316164292));
#6583=CARTESIAN_POINT('Ctrl Pts',(-172.378459435951,-65.0892294021182,-68.5436830127364));
#6584=CARTESIAN_POINT('Ctrl Pts',(-172.23591028759,-65.2198381394113,-68.1990271182393));
#6585=CARTESIAN_POINT('Ctrl Pts',(-172.192087569382,-65.2861387770186,-67.975635608468));
#6586=CARTESIAN_POINT('Ctrl Pts',(-172.191367795096,-65.3722856705829,-67.5899611563293));
#6587=CARTESIAN_POINT('Ctrl Pts',(-172.234343380475,-65.4073749590323,-67.3594360758854));
#6588=CARTESIAN_POINT('Ctrl Pts',(-172.375562559385,-65.4359449239479,-66.9914585111074));
#6589=CARTESIAN_POINT('Ctrl Pts',(-172.498793803771,-65.4344808369062,-66.788895217077));
#6590=CARTESIAN_POINT('Ctrl Pts',(-172.760452592104,-65.4011243555079,-66.4946357925875));
#6591=CARTESIAN_POINT('Ctrl Pts',(-172.94517865255,-65.3633297877767,-66.3508727117924));
#6592=CARTESIAN_POINT('Ctrl Pts',(-173.276218788063,-65.2760829666744,-66.1808925066679));
#6593=CARTESIAN_POINT('Ctrl Pts',(-173.477105747665,-65.2138669097012,-66.1193822063528));
#6594=CARTESIAN_POINT('Ctrl Pts',(-173.654044885759,-65.1512488980399,-66.1003195516475));
#6595=CARTESIAN_POINT('',(-173.490338769292,-64.517583018556,-69.2240183294296));
#6596=CARTESIAN_POINT('',(-173.654044885767,-65.1512488980399,-66.100319551648));
#6597=CARTESIAN_POINT('Ctrl Pts',(-173.654044885767,-65.1512488980371,-66.1003195516467));
#6598=CARTESIAN_POINT('Ctrl Pts',(-181.612643165252,-86.212184639023,-70.7897818305679));
#6599=CARTESIAN_POINT('Ctrl Pts',(-173.666463246416,-65.1468540927934,-66.0989816513744));
#6600=CARTESIAN_POINT('Ctrl Pts',(-181.625061525901,-86.2077898337793,-70.7884439302956));
#6601=CARTESIAN_POINT('Ctrl Pts',(-173.678762906089,-65.1424655485872,-66.0978170822894));
#6602=CARTESIAN_POINT('Ctrl Pts',(-181.637361185574,-86.2034012895731,-70.7872793612106));
#6603=CARTESIAN_POINT('Ctrl Pts',(-173.876301034807,-65.0714338418587,-66.0815822997415));
#6604=CARTESIAN_POINT('Ctrl Pts',(-181.834899314292,-86.1323695828446,-70.7710445786627));
#6605=CARTESIAN_POINT('Ctrl Pts',(-174.094567539421,-64.9828949677279,-66.1087956779435));
#6606=CARTESIAN_POINT('Ctrl Pts',(-182.053165818906,-86.0438307087138,-70.7982579568647));
#6607=CARTESIAN_POINT('Ctrl Pts',(-174.437381626394,-64.8267562948513,-66.2282351616322));
#6608=CARTESIAN_POINT('Ctrl Pts',(-182.395979905879,-85.8876920358372,-70.9176974405534));
#6609=CARTESIAN_POINT('Ctrl Pts',(-174.622587534899,-64.731528954499,-66.3415951674376));
#6610=CARTESIAN_POINT('Ctrl Pts',(-182.581185814384,-85.7924646954849,-71.0310574463588));
#6611=CARTESIAN_POINT('Ctrl Pts',(-174.885264212272,-64.5763423812118,-66.5927617671897));
#6612=CARTESIAN_POINT('Ctrl Pts',(-182.843862491757,-85.6372781221977,-71.2822240461109));
#6613=CARTESIAN_POINT('Ctrl Pts',(-175.009213607043,-64.4889240731642,-66.7750103657652));
#6614=CARTESIAN_POINT('Ctrl Pts',(-182.967811886528,-85.5498598141501,-71.4644726446864));
#6615=CARTESIAN_POINT('Ctrl Pts',(-175.151762737351,-64.3583153464937,-67.1196662431929));
#6616=CARTESIAN_POINT('Ctrl Pts',(-183.110361016836,-85.4192510874796,-71.8091285221141));
#6617=CARTESIAN_POINT('Ctrl Pts',(-175.195585449681,-64.2920147143156,-67.3430577385579));
#6618=CARTESIAN_POINT('Ctrl Pts',(-183.154183729166,-85.3529504553015,-72.0325200174791));
#6619=CARTESIAN_POINT('Ctrl Pts',(-175.196305223918,-64.205867826629,-67.7287321643825));
#6620=CARTESIAN_POINT('Ctrl Pts',(-183.154903503403,-85.2668035676149,-72.4181944433037));
#6621=CARTESIAN_POINT('Ctrl Pts',(-175.153329644363,-64.1707785394008,-67.9592572294586));
#6622=CARTESIAN_POINT('Ctrl Pts',(-183.111927923848,-85.2317142803867,-72.6487195083798));
#6623=CARTESIAN_POINT('Ctrl Pts',(-175.012110483436,-64.1422085721496,-68.3272347742054));
#6624=CARTESIAN_POINT('Ctrl Pts',(-182.970708762921,-85.2031443131355,-73.0166970531266));
#6625=CARTESIAN_POINT('Ctrl Pts',(-174.888879253164,-64.1436726555142,-68.5297980607951));
#6626=CARTESIAN_POINT('Ctrl Pts',(-182.847477532649,-85.2046083965001,-73.2192603397163));
#6627=CARTESIAN_POINT('Ctrl Pts',(-174.627220490313,-64.1770291277065,-68.8240574833835));
#6628=CARTESIAN_POINT('Ctrl Pts',(-182.585818769798,-85.2379648686924,-73.5135197623047));
#6629=CARTESIAN_POINT('Ctrl Pts',(-174.442494444004,-64.2148236890422,-68.9678205689114));
#6630=CARTESIAN_POINT('Ctrl Pts',(-182.401092723489,-85.2757594300281,-73.6572828478326));
#6631=CARTESIAN_POINT('Ctrl Pts',(-174.100231248436,-64.30502838213,-69.1435635402166));
#6632=CARTESIAN_POINT('Ctrl Pts',(-182.058829527921,-85.3659641231159,-73.8330258191378));
#6633=CARTESIAN_POINT('Ctrl Pts',(-173.88213324904,-64.3733995434722,-69.2066397970662));
#6634=CARTESIAN_POINT('Ctrl Pts',(-181.840731528525,-85.4343352844581,-73.8961020759874));
#6635=CARTESIAN_POINT('Ctrl Pts',(-173.630969953429,-64.4637140406018,-69.2272818122971));
#6636=CARTESIAN_POINT('Ctrl Pts',(-181.589568232914,-85.5246497815877,-73.9167440912183));
#6637=CARTESIAN_POINT('Ctrl Pts',(-173.560901202159,-64.4899430424819,-69.2283995780137));
#6638=CARTESIAN_POINT('Ctrl Pts',(-181.519499481644,-85.5508787834678,-73.9178618569349));
#6639=CARTESIAN_POINT('Ctrl Pts',(-173.490338769242,-64.517583018423,-69.2240183294297));
#6640=CARTESIAN_POINT('Ctrl Pts',(-181.448937048727,-85.5785187594089,-73.9134806083509));
#6641=CARTESIAN_POINT('Ctrl Pts',(-173.654044885767,-65.1512488980371,-66.1003195516467));
#6642=CARTESIAN_POINT('Ctrl Pts',(-173.666463246416,-65.1468540927934,-66.0989816513744));
#6643=CARTESIAN_POINT('Ctrl Pts',(-173.678762906089,-65.1424655485872,-66.0978170822894));
#6644=CARTESIAN_POINT('Ctrl Pts',(-173.876301034807,-65.0714338418587,-66.0815822997415));
#6645=CARTESIAN_POINT('Ctrl Pts',(-174.094567539421,-64.9828949677279,-66.1087956779435));
#6646=CARTESIAN_POINT('Ctrl Pts',(-174.437381626394,-64.8267562948513,-66.2282351616322));
#6647=CARTESIAN_POINT('Ctrl Pts',(-174.622587534899,-64.731528954499,-66.3415951674376));
#6648=CARTESIAN_POINT('Ctrl Pts',(-174.885264212272,-64.5763423812118,-66.5927617671897));
#6649=CARTESIAN_POINT('Ctrl Pts',(-175.009213607043,-64.4889240731642,-66.7750103657652));
#6650=CARTESIAN_POINT('Ctrl Pts',(-175.151762737351,-64.3583153464937,-67.1196662431929));
#6651=CARTESIAN_POINT('Ctrl Pts',(-175.195585449681,-64.2920147143156,-67.3430577385579));
#6652=CARTESIAN_POINT('Ctrl Pts',(-175.196305223918,-64.205867826629,-67.7287321643825));
#6653=CARTESIAN_POINT('Ctrl Pts',(-175.153329644363,-64.1707785394008,-67.9592572294586));
#6654=CARTESIAN_POINT('Ctrl Pts',(-175.012110483436,-64.1422085721496,-68.3272347742054));
#6655=CARTESIAN_POINT('Ctrl Pts',(-174.888879253164,-64.1436726555142,-68.5297980607951));
#6656=CARTESIAN_POINT('Ctrl Pts',(-174.627220490313,-64.1770291277065,-68.8240574833835));
#6657=CARTESIAN_POINT('Ctrl Pts',(-174.442494444004,-64.2148236890422,-68.9678205689114));
#6658=CARTESIAN_POINT('Ctrl Pts',(-174.100231248436,-64.30502838213,-69.1435635402166));
#6659=CARTESIAN_POINT('Ctrl Pts',(-173.88213324904,-64.3733995434722,-69.2066397970662));
#6660=CARTESIAN_POINT('Ctrl Pts',(-173.630969953429,-64.4637140406018,-69.2272818122971));
#6661=CARTESIAN_POINT('Ctrl Pts',(-173.560901202159,-64.4899430424819,-69.2283995780137));
#6662=CARTESIAN_POINT('Ctrl Pts',(-173.490338769242,-64.517583018423,-69.2240183294297));
#6663=CARTESIAN_POINT('Origin',(-224.91429811723,-50.3073624608208,-60.4833471752765));
#6664=CARTESIAN_POINT('',(-229.976672310164,-63.6889579820366,-45.7388360547931));
#6665=CARTESIAN_POINT('',(-223.876115430342,-47.5600069481904,-59.8716165189698));
#6666=CARTESIAN_POINT('Origin',(-178.103028623712,-63.269556301859,-67.0007495538482));
#6667=CARTESIAN_POINT('',(-210.536618075363,-50.0808874431754,-71.1888199479195));
#6668=CARTESIAN_POINT('',(-174.971488729843,-71.901313099713,-33.5491088518724));
#6669=CARTESIAN_POINT('Origin',(-181.860554323515,-74.7207677368083,-31.5000842122438));
#6670=CARTESIAN_POINT('',(-257.294763555968,-65.105246039609,6.98406713823269));
#6671=CARTESIAN_POINT('',(-170.016345846299,-87.2036039897875,-41.8918496764763));
#6672=CARTESIAN_POINT('',(-244.784168224509,-50.5969225204663,6.98406713820761));
#6673=CARTESIAN_POINT('Origin',(-255.005877625066,-54.2310130013252,6.98406713821732));
#6674=CARTESIAN_POINT('',(-257.505877625089,-64.0807584275092,6.98406713823145));
#6675=CARTESIAN_POINT('',(-244.566072316564,-69.9152194160943,6.98406713823284));
#6676=CARTESIAN_POINT('Origin',(-260.005877625087,-54.2311979890971,-37.251486350318));
#6677=CARTESIAN_POINT('Origin',(-158.051809405534,-90.3055249684256,65.2168107722039));
#6678=CARTESIAN_POINT('Origin',(-170.016345846299,-87.2036039897875,-41.8918496764764));
#6679=CARTESIAN_POINT('',(-161.454222650151,-77.4631133393843,-100.168541195687));
#6680=CARTESIAN_POINT('',(-161.454222650151,-77.4631133393843,-100.168541195687));
#6681=CARTESIAN_POINT('',(-170.016345846421,-74.38045359793,-99.4821511532842));
#6682=CARTESIAN_POINT('Origin',(-161.973313993533,-85.2483662916286,-71.6792557854272));
#6683=CARTESIAN_POINT('',(-162.492405337039,-80.2104688520187,-100.780271851976));
#6684=CARTESIAN_POINT('Origin',(-227.613526669077,-68.3646816007577,-28.7501531089316));
#6685=CARTESIAN_POINT('Origin',(-217.326998749512,-65.4196530045724,-74.1464978181033));
#6686=CARTESIAN_POINT('Origin',(-157.766375087912,-56.61822878363,-115.644643956926));
#6687=CARTESIAN_POINT('',(-162.008509402596,-59.7938792180996,-111.070855508142));
#6688=CARTESIAN_POINT('',(-156.197163161844,-55.4435209207603,-113.373601163847));
#6689=CARTESIAN_POINT('Origin',(-170.016345846421,-74.38045359793,-99.4821511532842));
#6690=CARTESIAN_POINT('Origin',(-123.924128347796,-74.8435888724729,-117.474080838465));
#6691=CARTESIAN_POINT('',(-142.420604591223,-76.3832948588926,-114.834584356543));
#6692=CARTESIAN_POINT('',(-142.425500568491,-76.3820508846692,-114.836716884211));
#6693=CARTESIAN_POINT('',(-142.420604591242,-76.3832898565638,-114.834592931985));
#6694=CARTESIAN_POINT('Origin',(-142.420607103819,-79.4352894772513,-109.602592581029));
#6695=CARTESIAN_POINT('',(-148.343616003509,-78.0478761207431,-111.070855508125));
#6696=CARTESIAN_POINT('',(-142.420607103819,-79.4352894772513,-109.602592581029));
#6697=CARTESIAN_POINT('Ctrl Pts',(-142.420604591242,-76.3832898565638,-114.834592931985));
#6698=CARTESIAN_POINT('Ctrl Pts',(-143.503967599126,-76.2711710874237,-115.861624204653));
#6699=CARTESIAN_POINT('Ctrl Pts',(-144.587330607009,-76.1590523182834,-116.888655477321));
#6700=CARTESIAN_POINT('Ctrl Pts',(-145.670693614893,-76.0469335491432,-117.915686749988));
#6701=CARTESIAN_POINT('Ctrl Pts',(-142.420605428768,-77.4006230634597,-113.090592815));
#6702=CARTESIAN_POINT('Ctrl Pts',(-143.975316414663,-77.3022432736286,-114.190758743465));
#6703=CARTESIAN_POINT('Ctrl Pts',(-145.530027400559,-77.2038634837975,-115.290924671929));
#6704=CARTESIAN_POINT('Ctrl Pts',(-147.084738386454,-77.1054836939664,-116.391090600394));
#6705=CARTESIAN_POINT('Ctrl Pts',(-142.420606266293,-78.4179562703555,-111.346592698015));
#6706=CARTESIAN_POINT('Ctrl Pts',(-144.446665230201,-78.3333154598335,-112.519893282276));
#6707=CARTESIAN_POINT('Ctrl Pts',(-146.472724194108,-78.2486746493116,-113.693193866537));
#6708=CARTESIAN_POINT('Ctrl Pts',(-148.498783158016,-78.1640338387896,-114.866494450799));
#6709=CARTESIAN_POINT('Ctrl Pts',(-142.420607103819,-79.4352894772513,-109.602592581029));
#6710=CARTESIAN_POINT('Ctrl Pts',(-144.918014045738,-79.3643876460385,-110.849027821087));
#6711=CARTESIAN_POINT('Ctrl Pts',(-147.415420987658,-79.2934858148256,-112.095463061146));
#6712=CARTESIAN_POINT('Ctrl Pts',(-149.912827929577,-79.2225839836128,-113.341898301204));
#6713=CARTESIAN_POINT('',(-142.420604591243,-76.3832948588222,-114.834584356687));
#6714=CARTESIAN_POINT('Ctrl Pts',(-142.422667929326,-76.3823445358036,-114.834030001681));
#6715=CARTESIAN_POINT('Ctrl Pts',(-143.504833921519,-76.2701596606253,-115.860511925235));
#6716=CARTESIAN_POINT('Ctrl Pts',(-144.586999913711,-76.157974785447,-116.886993848789));
#6717=CARTESIAN_POINT('Ctrl Pts',(-145.669165905904,-76.0457899102687,-117.913475772343));
#6718=CARTESIAN_POINT('Ctrl Pts',(-142.421979915805,-76.3826611358603,-114.834214685018));
#6719=CARTESIAN_POINT('Ctrl Pts',(-143.504544991319,-76.2704977982984,-115.860880711633));
#6720=CARTESIAN_POINT('Ctrl Pts',(-144.58711006672,-76.1583344607888,-116.887546738277));
#6721=CARTESIAN_POINT('Ctrl Pts',(-145.669675142234,-76.0461711232269,-117.914212764892));
#6722=CARTESIAN_POINT('Ctrl Pts',(-142.421292136357,-76.3829779100394,-114.834399469927));
#6723=CARTESIAN_POINT('Ctrl Pts',(-143.504256217136,-76.2708360520681,-115.861249565753));
#6724=CARTESIAN_POINT('Ctrl Pts',(-144.587220297785,-76.1586941941564,-116.888099661614));
#6725=CARTESIAN_POINT('Ctrl Pts',(-145.670184378563,-76.0465523361851,-117.91494975744));
#6726=CARTESIAN_POINT('Ctrl Pts',(-142.420604591243,-76.3832948588221,-114.834584356687));
#6727=CARTESIAN_POINT('Ctrl Pts',(-143.503967599126,-76.2711744222625,-115.861618487788));
#6728=CARTESIAN_POINT('Ctrl Pts',(-144.58733060701,-76.1590539857029,-116.888652618888));
#6729=CARTESIAN_POINT('Ctrl Pts',(-145.670693614893,-76.0469335491433,-117.915686749988));
#6730=CARTESIAN_POINT('Origin',(-160.439297476528,-58.6191713552298,-108.799812715063));
#6731=CARTESIAN_POINT('Origin',(-148.343616003509,-78.0478761207431,-111.070855508125));
#6732=CARTESIAN_POINT('Origin',(-155.541690982108,-35.7803269052009,-123.933196083218));
#6733=CARTESIAN_POINT('',(-156.386536354226,-36.4127758976215,-124.955898996535));
#6734=CARTESIAN_POINT('',(-155.541690982109,-35.7803269052029,-125.429013377805));
#6735=CARTESIAN_POINT('',(-154.454890758125,-34.9667511559556,-126.037622754744));
#6736=CARTESIAN_POINT('',(-155.646305110512,-35.8586407627253,-123.88459893609));
#6737=CARTESIAN_POINT('',(-155.541690982108,-35.7803269052009,-123.933196083218));
#6738=CARTESIAN_POINT('Origin',(-155.646305110512,-35.8586407627253,-123.88459893609));
#6739=CARTESIAN_POINT('',(-153.774109847995,-25.5665354207422,-126.418860848373));
#6740=CARTESIAN_POINT('Ctrl Pts',(-168.599999666215,-14.5573117733011,-115.824098901223));
#6741=CARTESIAN_POINT('Ctrl Pts',(-175.221116345664,-14.5573048146792,-127.647497228158));
#6742=CARTESIAN_POINT('Ctrl Pts',(-168.599999289856,-13.057311773301,-115.824098229164));
#6743=CARTESIAN_POINT('Ctrl Pts',(-175.221115969305,-13.0573048146791,-127.647496556099));
#6744=CARTESIAN_POINT('Ctrl Pts',(-170.099999289856,-13.0573117732964,-114.984096501696));
#6745=CARTESIAN_POINT('Ctrl Pts',(-176.721115969305,-13.0573048146745,-126.807494828631));
#6746=CARTESIAN_POINT('Ctrl Pts',(-171.599999289855,-13.0573117732918,-114.144094774227));
#6747=CARTESIAN_POINT('Ctrl Pts',(-178.221115969304,-13.0573048146699,-125.967493101162));
#6748=CARTESIAN_POINT('Ctrl Pts',(-171.599999666214,-14.5573117732919,-114.144095446286));
#6749=CARTESIAN_POINT('Ctrl Pts',(-178.221116345663,-14.55730481467,-125.967493773221));
#6750=CARTESIAN_POINT('Ctrl Pts',(-171.600000042572,-16.0573117732919,-114.144096118345));
#6751=CARTESIAN_POINT('Ctrl Pts',(-178.221116722021,-16.05730481467,-125.96749444528));
#6752=CARTESIAN_POINT('Ctrl Pts',(-170.100000042573,-16.0573117732966,-114.984097845813));
#6753=CARTESIAN_POINT('Ctrl Pts',(-176.721116722022,-16.0573048146747,-126.807496172748));
#6754=CARTESIAN_POINT('Ctrl Pts',(-168.600000042573,-16.0573117733012,-115.824099573282));
#6755=CARTESIAN_POINT('Ctrl Pts',(-175.221116722022,-16.0573048146793,-127.647497900217));
#6756=CARTESIAN_POINT('Ctrl Pts',(-168.599999666215,-14.5573117733011,-115.824098901223));
#6757=CARTESIAN_POINT('Ctrl Pts',(-175.221116345664,-14.5573048146792,-127.647497228158));
#6758=CARTESIAN_POINT('',(-168.599999666215,-14.5573117733011,-115.824098901223));
#6759=CARTESIAN_POINT('Origin',(-152.537175251015,12.328152305095,-127.111545647077));
#6760=CARTESIAN_POINT('',(-155.541690981937,37.5510805601842,-125.429013377902));
#6761=CARTESIAN_POINT('',(-155.541690982009,6.60676456629745,-125.429013377861));
#6762=CARTESIAN_POINT('',(-156.386536354051,38.1835295526079,-124.955898996633));
#6763=CARTESIAN_POINT('',(-154.454890757957,36.7375048109302,-126.037622754838));
#6764=CARTESIAN_POINT('',(-157.305358874986,41.9982856784037,-124.441357326837));
#6765=CARTESIAN_POINT('',(-153.774109847871,27.3372890757127,-126.418860848442));
#6766=CARTESIAN_POINT('',(-169.667061187264,38.8684150853577,-117.51878979648));
#6767=CARTESIAN_POINT('',(-157.671042913471,41.9056978058202,-124.23657384418));
#6768=CARTESIAN_POINT('',(-166.358462301181,23.5523328910793,-119.37160898302));
#6769=CARTESIAN_POINT('',(-170.548469899296,42.9486099794643,-117.025199902672));
#6770=CARTESIAN_POINT('',(-166.17720764226,22.6119598094597,-119.473111800757));
#6771=CARTESIAN_POINT('',(-165.239782548257,17.7484747567455,-119.998070932894));
#6772=CARTESIAN_POINT('',(-166.177210223227,12.3280644013377,-119.473110355412));
#6773=CARTESIAN_POINT('',(-166.17720893238,17.4700588185952,-119.473111078288));
#6774=CARTESIAN_POINT('',(-175.977205644561,12.3280644013679,-113.985101634249));
#6775=CARTESIAN_POINT('',(-166.177210223074,12.3280644013377,-119.473110355498));
#6776=CARTESIAN_POINT('',(-175.977203687558,20.1306644880324,-113.985102730173));
#6777=CARTESIAN_POINT('',(-175.977207080827,6.60660886678034,-113.985100829938));
#6778=CARTESIAN_POINT('',(-176.15845845148,21.0710381143758,-113.883599853652));
#6779=CARTESIAN_POINT('',(-174.329503846143,11.5821803463443,-114.90781653878));
#6780=CARTESIAN_POINT('',(-178.758711320062,33.1080628608456,-112.427455252917));
#6781=CARTESIAN_POINT('',(-174.006332636047,11.1084717790442,-115.088792788582));
#6782=CARTESIAN_POINT('',(-192.418084679774,33.1080628608877,-104.778190441982));
#6783=CARTESIAN_POINT('',(-175.977192983334,33.1080628608371,-113.985108724551));
#6784=CARTESIAN_POINT('',(-169.897192198634,38.810148005737,-117.389916165427));
#6785=CARTESIAN_POINT('Origin',(-131.981108092429,35.0719600466765,-126.933196083322));
#6786=CARTESIAN_POINT('',(-178.663869864869,13.9840737318167,-126.933196083272));
#6787=CARTESIAN_POINT('',(-178.663869864829,31.0860061833679,-126.933196083295));
#6788=CARTESIAN_POINT('',(-176.791508816587,13.3280583957707,-126.933196083272));
#6789=CARTESIAN_POINT('Origin',(-176.79150881658,16.3280583957707,-126.933196083276));
#6790=CARTESIAN_POINT('',(-176.422346668972,19.305258306555,-126.93319608328));
#6791=CARTESIAN_POINT('Origin',(-176.79150881658,16.3280583957707,-126.933196083276));
#6792=CARTESIAN_POINT('',(-136.557879774161,72.5574743497898,-126.933196082837));
#6793=CARTESIAN_POINT('',(-156.273237235484,46.2210761211968,-126.933196083325));
#6794=CARTESIAN_POINT('',(-133.476624193184,71.8493158015495,-126.933196084503));
#6795=CARTESIAN_POINT('',(-153.683267659956,76.4933667456047,-126.933196083366));
#6796=CARTESIAN_POINT('',(-131.805568963097,69.2585432674678,-126.933196082964));
#6797=CARTESIAN_POINT('',(-134.86221401028,73.9975081004775,-126.933196083372));
#6798=CARTESIAN_POINT('',(-108.420525202834,69.258542911318,-126.933196083379));
#6799=CARTESIAN_POINT('',(-131.805568961948,69.2585432659191,-126.933196083367));
#6800=CARTESIAN_POINT('',(-108.420526023488,15.1385151783652,-126.933196083308));
#6801=CARTESIAN_POINT('',(-108.420526023488,15.1385151783652,-126.933196083308));
#6802=CARTESIAN_POINT('',(-108.420526023521,0.885376827378315,-126.933196083289));
#6803=CARTESIAN_POINT('Origin',(-176.791508816579,16.3280583957747,-123.933196083276));
#6804=CARTESIAN_POINT('',(-174.076608406144,15.051611786963,-123.933196075439));
#6805=CARTESIAN_POINT('',(-174.076610859553,17.604510078846,-123.933196091116));
#6806=CARTESIAN_POINT('Origin',(-175.111505361643,16.3280601614108,-123.933196083277));
#6807=CARTESIAN_POINT('',(-176.791508816586,13.3280583957746,-123.93319605851));
#6808=CARTESIAN_POINT('Origin',(-176.791508816579,16.3280583957747,-123.933196083276));
#6809=CARTESIAN_POINT('Origin',(-176.791508816579,16.3280583957747,-123.933196083276));
#6810=CARTESIAN_POINT('Origin',(-176.79150881658,16.3280583957707,-126.933196083276));
#6811=CARTESIAN_POINT('',(-179.776588688684,16.0292304232598,-126.31007226058));
#6812=CARTESIAN_POINT('Origin',(-176.791508816581,16.3280583957694,-127.981720426437));
#6813=CARTESIAN_POINT('Origin',(-176.791508816581,16.328058395769,-128.218088868546));
#6814=CARTESIAN_POINT('',(-176.791508816587,13.3280583957707,-126.933196083272));
#6815=CARTESIAN_POINT('',(-173.79150881658,16.3280599722267,-125.09463189067));
#6816=CARTESIAN_POINT('Ctrl Pts',(-173.79150881658,16.3280599722267,-125.09463189067));
#6817=CARTESIAN_POINT('Ctrl Pts',(-173.791508777859,16.2543753505507,-125.094631821526));
#6818=CARTESIAN_POINT('Ctrl Pts',(-173.794237575156,16.1812363562182,-125.086751364677));
#6819=CARTESIAN_POINT('Ctrl Pts',(-173.805092359763,16.032721388163,-125.054797066295));
#6820=CARTESIAN_POINT('Ctrl Pts',(-173.813479826884,15.9586210852372,-125.029915771004));
#6821=CARTESIAN_POINT('Ctrl Pts',(-173.844749147628,15.7479022387368,-124.933955793046));
#6822=CARTESIAN_POINT('Ctrl Pts',(-173.874820575702,15.6146542008304,-124.838947960632));
#6823=CARTESIAN_POINT('Ctrl Pts',(-173.939076086959,15.3929063324505,-124.605163200288));
#6824=CARTESIAN_POINT('Ctrl Pts',(-173.96909270829,15.3083383039536,-124.485128453406));
#6825=CARTESIAN_POINT('Ctrl Pts',(-174.026221348995,15.1620098731045,-124.22333920693));
#6826=CARTESIAN_POINT('Ctrl Pts',(-174.053290137007,15.1012079646352,-124.080048264231));
#6827=CARTESIAN_POINT('Ctrl Pts',(-174.076608414558,15.0516118410342,-123.933196058514));
#6828=CARTESIAN_POINT('Ctrl Pts',(-174.076610851139,17.6045101329171,-123.933196108041));
#6829=CARTESIAN_POINT('Ctrl Pts',(-174.053292956608,17.5549150698376,-124.080045117391));
#6830=CARTESIAN_POINT('Ctrl Pts',(-174.026222939021,17.4941105701074,-124.223341872603));
#6831=CARTESIAN_POINT('Ctrl Pts',(-173.969094644172,17.3477838464105,-124.485128115618));
#6832=CARTESIAN_POINT('Ctrl Pts',(-173.93907786684,17.2632158840829,-124.605162812649));
#6833=CARTESIAN_POINT('Ctrl Pts',(-173.874821940351,17.0414681705022,-124.838947566472));
#6834=CARTESIAN_POINT('Ctrl Pts',(-173.844750259846,16.9082201981811,-124.933955448127));
#6835=CARTESIAN_POINT('Ctrl Pts',(-173.813480513145,16.6975012692251,-125.029915608694));
#6836=CARTESIAN_POINT('Ctrl Pts',(-173.805092889508,16.6234008082848,-125.054796988762));
#6837=CARTESIAN_POINT('Ctrl Pts',(-173.794237819539,16.4748855066773,-125.08675137897));
#6838=CARTESIAN_POINT('Ctrl Pts',(-173.7915088553,16.4017447673833,-125.094631959813));
#6839=CARTESIAN_POINT('Ctrl Pts',(-173.791508816579,16.3280599722267,-125.09463189067));
#6840=CARTESIAN_POINT('Origin',(-152.407192765153,59.4969794036298,-122.737473786905));
#6841=CARTESIAN_POINT('',(-149.912827929202,80.9933376385995,-113.341898301414));
#6842=CARTESIAN_POINT('',(-149.912827929202,80.9933376385995,-113.341898301414));
#6843=CARTESIAN_POINT('',(-145.670693614533,77.817687204098,-117.91568675019));
#6844=CARTESIAN_POINT('',(-145.670693614533,77.817687204098,-117.91568675019));
#6845=CARTESIAN_POINT('',(-141.947200357004,75.6683656334438,-121.600238622441));
#6846=CARTESIAN_POINT('',(-187.716195256531,14.0189942523629,-121.863883439707));
#6847=CARTESIAN_POINT('Origin',(-172.338508350499,12.328152305137,-130.47540581531));
#6848=CARTESIAN_POINT('Origin',(-177.779119043613,61.6141878164371,-92.8473709716475));
#6849=CARTESIAN_POINT('',(-177.779119043613,61.6141878164371,-92.8473709716475));
#6850=CARTESIAN_POINT('',(-180.670077831624,63.7783474268728,-97.031303401295));
#6851=CARTESIAN_POINT('',(-177.779119043613,61.6141878164371,-92.8473709716475));
#6852=CARTESIAN_POINT('',(-180.478696373135,71.881834923097,-92.9719732823361));
#6853=CARTESIAN_POINT('',(-177.779119043613,61.6141878164371,-92.8473709716475));
#6854=CARTESIAN_POINT('',(-181.038157647399,48.1930853628587,-104.83852513611));
#6855=CARTESIAN_POINT('Origin',(-157.215517036403,38.8041022805823,-126.155641729269));
#6856=CARTESIAN_POINT('',(-169.45409563496,74.663317658088,-99.1508552311618));
#6857=CARTESIAN_POINT('',(-169.667062068925,66.5642336724919,-103.192993142374));
#6858=CARTESIAN_POINT('',(-170.076213752718,51.0042518096268,-110.958759332418));
#6859=CARTESIAN_POINT('',(-169.667061570976,50.9287191981341,-111.280538929885));
#6860=CARTESIAN_POINT('',(-157.766375087643,58.3889824386474,-115.644643957077));
#6861=CARTESIAN_POINT('',(-157.215517036403,38.8041022805823,-126.155641729269));
#6862=CARTESIAN_POINT('',(-162.008509402312,61.5646328731488,-111.070855508301));
#6863=CARTESIAN_POINT('',(-181.641119306715,76.26155228886,-89.903349309928));
#6864=CARTESIAN_POINT('',(-148.343616003139,79.8186297757283,-111.070855508332));
#6865=CARTESIAN_POINT('',(-160.007293292721,64.237920662431,-111.070855508305));
#6866=CARTESIAN_POINT('',(-148.343616003139,79.8186297757283,-111.070855508332));
#6867=CARTESIAN_POINT('',(-162.264263449251,81.3774878465625,-100.64584330866));
#6868=CARTESIAN_POINT('',(-164.848119953598,89.9376017220712,-94.4327276591144));
#6869=CARTESIAN_POINT('',(-166.508303063394,77.4142236812616,-99.7633764499622));
#6870=CARTESIAN_POINT('',(-204.823261462581,41.6340907361157,-91.7965137310079));
#6871=CARTESIAN_POINT('',(-170.016345846063,76.5260084951999,-97.7988739657713));
#6872=CARTESIAN_POINT('',(-222.372433771175,63.2697641279398,-68.4794867281015));
#6873=CARTESIAN_POINT('',(-173.96979702181,89.6234820618321,-88.2924445923047));
#6874=CARTESIAN_POINT('Ctrl Pts',(-176.209904645458,60.4394805066385,-90.5763296006181));
#6875=CARTESIAN_POINT('Ctrl Pts',(-176.204377660916,60.4734539726208,-90.5331843204727));
#6876=CARTESIAN_POINT('Ctrl Pts',(-176.198850676374,60.507427438603,-90.4900390403272));
#6877=CARTESIAN_POINT('Ctrl Pts',(-176.193323691831,60.5414009045852,-90.4468937601818));
#6878=CARTESIAN_POINT('Ctrl Pts',(-176.73297611151,60.8310496099047,-91.3333433909612));
#6879=CARTESIAN_POINT('Ctrl Pts',(-177.029244491762,61.994548265744,-91.3184245720519));
#6880=CARTESIAN_POINT('Ctrl Pts',(-177.325512872014,63.1580469215832,-91.3035057531425));
#6881=CARTESIAN_POINT('Ctrl Pts',(-177.621781252266,64.3215455774225,-91.2885869342332));
#6882=CARTESIAN_POINT('Ctrl Pts',(-177.256047577562,61.2226187131709,-92.0903571813044));
#6883=CARTESIAN_POINT('Ctrl Pts',(-177.854111322608,63.5156425588672,-92.1036648236311));
#6884=CARTESIAN_POINT('Ctrl Pts',(-178.452175067654,65.8086664045635,-92.1169724659579));
#6885=CARTESIAN_POINT('Ctrl Pts',(-179.0502388127,68.1016902502597,-92.1302801082846));
#6886=CARTESIAN_POINT('Ctrl Pts',(-177.779119043613,61.6141878164371,-92.8473709716475));
#6887=CARTESIAN_POINT('Ctrl Pts',(-178.678978153454,65.0367368519904,-92.8889050752103));
#6888=CARTESIAN_POINT('Ctrl Pts',(-179.578837263294,68.4592858875437,-92.9304391787732));
#6889=CARTESIAN_POINT('Ctrl Pts',(-180.478696373135,71.881834923097,-92.971973282336));
#6890=CARTESIAN_POINT('',(-176.209904645458,60.4394805066385,-90.5763296006181));
#6891=CARTESIAN_POINT('',(-176.209904645458,60.4394805066385,-90.5763296006181));
#6892=CARTESIAN_POINT('',(-176.193323691831,60.5414009045852,-90.4468937601818));
#6893=CARTESIAN_POINT('',(-176.209904645458,60.4394805066385,-90.5763296006181));
#6894=CARTESIAN_POINT('',(-172.693146725544,51.2788398880188,-88.3844768273328));
#6895=CARTESIAN_POINT('Origin',(-166.77610981972,64.4000789569788,-99.0090701759963));
#6896=CARTESIAN_POINT('',(-165.206895421565,63.2253716471802,-96.7380288049669));
#6897=CARTESIAN_POINT('',(-165.206895421565,63.2253716471802,-96.7380288049669));
#6898=CARTESIAN_POINT('',(-165.171493307479,63.3302148607025,-96.6274080906526));
#6899=CARTESIAN_POINT('',(-165.171493307479,63.3302148607025,-96.6274080906526));
#6900=CARTESIAN_POINT('',(-165.206895421787,63.2253716465526,-96.7380288056481));
#6901=CARTESIAN_POINT('Ctrl Pts',(-165.206895421787,63.2253716465526,-96.7380288056481));
#6902=CARTESIAN_POINT('Ctrl Pts',(-165.195094716977,63.2603193844931,-96.7011552339585));
#6903=CARTESIAN_POINT('Ctrl Pts',(-165.183294012166,63.2952671224335,-96.6642816622689));
#6904=CARTESIAN_POINT('Ctrl Pts',(-165.171493307355,63.3302148603739,-96.6274080905794));
#6905=CARTESIAN_POINT('Ctrl Pts',(-168.874565163011,62.2967412665813,-94.6841290706381));
#6906=CARTESIAN_POINT('Ctrl Pts',(-168.86485569829,62.3313642472023,-94.6451649294632));
#6907=CARTESIAN_POINT('Ctrl Pts',(-168.855146233568,62.3659872278233,-94.6062007882884));
#6908=CARTESIAN_POINT('Ctrl Pts',(-168.845436768847,62.4006102084444,-94.5672366471135));
#6909=CARTESIAN_POINT('Ctrl Pts',(-172.542234904234,61.3681108866099,-92.6302293356281));
#6910=CARTESIAN_POINT('Ctrl Pts',(-172.534616679603,61.4024091099115,-92.589174624968));
#6911=CARTESIAN_POINT('Ctrl Pts',(-172.526998454971,61.4367073332132,-92.5481199143078));
#6912=CARTESIAN_POINT('Ctrl Pts',(-172.519380230339,61.4710055565148,-92.5070652036477));
#6913=CARTESIAN_POINT('Ctrl Pts',(-176.209904645458,60.4394805066385,-90.5763296006181));
#6914=CARTESIAN_POINT('Ctrl Pts',(-176.204377660916,60.4734539726208,-90.5331843204727));
#6915=CARTESIAN_POINT('Ctrl Pts',(-176.198850676374,60.507427438603,-90.4900390403273));
#6916=CARTESIAN_POINT('Ctrl Pts',(-176.193323691831,60.5414009045852,-90.4468937601818));
#6917=CARTESIAN_POINT('',(-178.607094408932,59.8325274825158,-89.2339002742725));
#6918=CARTESIAN_POINT('',(-210.536618075125,51.8516410985565,-71.1888199480532));
#6919=CARTESIAN_POINT('Origin',(-175.977192983334,33.1080628608371,-113.985108724551));
#6920=CARTESIAN_POINT('',(-179.46706232937,33.1080628608456,-113.726898405086));
#6921=CARTESIAN_POINT('',(-178.774234513609,33.1080628608456,-112.45593196473));
#6922=CARTESIAN_POINT('',(-167.788814683337,33.1080628608076,-121.796163122392));
#6923=CARTESIAN_POINT('Origin',(-175.00689084375,20.208979438583,-112.216996691613));
#6924=CARTESIAN_POINT('',(-175.006890843868,20.2089794387588,-112.216996691266));
#6925=CARTESIAN_POINT('',(-175.006890843871,20.2089794384062,-112.216996691272));
#6926=CARTESIAN_POINT('',(-175.006890843648,59.7214878139113,-91.7789575572681));
#6927=CARTESIAN_POINT('',(-175.006890843717,32.9420726389187,-105.630741659214));
#6928=CARTESIAN_POINT('',(-179.467063282334,63.0603541745854,-98.233930276157));
#6929=CARTESIAN_POINT('',(-175.006890843648,59.7214878139113,-91.7789575572681));
#6930=CARTESIAN_POINT('',(-179.467062193871,28.8492527074391,-115.929788637515));
#6931=CARTESIAN_POINT('Origin',(-176.576105242026,21.3836867482048,-114.488038062301));
#6932=CARTESIAN_POINT('',(-174.99999737743,20.1306655153594,-112.240095050571));
#6933=CARTESIAN_POINT('',(-174.999997377433,20.1306655150509,-112.24009505072));
#6934=CARTESIAN_POINT('',(-175.006890843979,20.20897943964,-112.216996690908));
#6935=CARTESIAN_POINT('Origin',(-174.999997377331,12.3280654283884,-112.240090458281));
#6936=CARTESIAN_POINT('',(-174.999997376882,12.3280654283884,-112.240090459048));
#6937=CARTESIAN_POINT('',(-174.999997376882,12.3280654283884,-112.240090459048));
#6938=CARTESIAN_POINT('',(-174.999997377318,18.0787331544041,-112.240093842825));
#6939=CARTESIAN_POINT('Origin',(-157.215517036403,38.8041022805823,-126.155641729269));
#6940=CARTESIAN_POINT('',(-184.847728589232,72.7707922107312,-89.493305862041));
#6941=CARTESIAN_POINT('',(-205.526224114283,76.9781997978341,-73.028879617098));
#6942=CARTESIAN_POINT('',(-213.346824187671,65.5549938104823,-73.533824302379));
#6943=CARTESIAN_POINT('',(-226.174358963579,62.3071396954135,-66.3504102180656));
#6944=CARTESIAN_POINT('',(-215.738196506432,62.9859398975675,-73.2103243961458));
#6945=CARTESIAN_POINT('',(-230.595721888154,47.0244840344624,-71.2004290610958));
#6946=CARTESIAN_POINT('',(-224.796042736917,60.700665037766,-68.1337357832821));
#6947=CARTESIAN_POINT('',(-235.031326035611,58.1183253722144,-62.3972371365397));
#6948=CARTESIAN_POINT('',(-226.788065330076,62.15175296034,-66.0067349107098));
#6949=CARTESIAN_POINT('',(-224.681091459136,60.6169288334447,-68.2564760920439));
#6950=CARTESIAN_POINT('',(-247.677684267642,56.8626279636944,-54.3085570835964));
#6951=CARTESIAN_POINT('',(-165.746102322462,54.8712949567161,-111.950469622269));
#6952=CARTESIAN_POINT('Origin',(-165.200001955479,12.3280654283583,-117.728099180641));
#6953=CARTESIAN_POINT('',(-165.200001955312,12.3280654283583,-117.728099180343));
#6954=CARTESIAN_POINT('',(-165.200001955312,12.3280654283583,-117.728099180343));
#6955=CARTESIAN_POINT('',(-171.259178421688,12.3280654283769,-114.334953381539));
#6956=CARTESIAN_POINT('Origin',(-131.805568961948,69.2585432659191,-126.933196083367));
#6957=CARTESIAN_POINT('',(-131.805568962655,72.0226342789211,-125.345582199423));
#6958=CARTESIAN_POINT('',(-131.805568961941,72.0226342790449,-125.345582199148));
#6959=CARTESIAN_POINT('',(-131.805568961941,72.0226342790449,-125.345582199148));
#6960=CARTESIAN_POINT('Origin',(-131.805568961941,72.0226342790449,-125.345582199148));
#6961=CARTESIAN_POINT('',(-142.425500568129,78.1528045396168,-114.836716884414));
#6962=CARTESIAN_POINT('Origin',(-5108.04168349573,2946.08086339299,4803.44099941751));
#6963=CARTESIAN_POINT('',(-131.805568961941,72.0226342790449,-125.345582199148));
#6964=CARTESIAN_POINT('Origin',(-165.200001954947,22.6119608364775,-117.728105233492));
#6965=CARTESIAN_POINT('',(-165.200001954797,22.6119608360844,-117.728105233382));
#6966=CARTESIAN_POINT('',(-165.200001954794,22.6119608364775,-117.728105233192));
#6967=CARTESIAN_POINT('',(-165.200001954978,9.08885707253585,-117.728097274496));
#6968=CARTESIAN_POINT('Origin',(-165.206895421231,22.6902747598328,-117.705006873743));
#6969=CARTESIAN_POINT('',(-165.206895421234,22.6902747593834,-117.70500687375));
#6970=CARTESIAN_POINT('',(-165.206895421231,22.6902747598328,-117.705006873743));
#6971=CARTESIAN_POINT('',(-165.206895421092,22.6902747582606,-117.705006874206));
#6972=CARTESIAN_POINT('Origin',(-175.006890843979,20.20897943964,-112.216996690908));
#6973=CARTESIAN_POINT('',(-171.45188248605,21.1090845127083,-114.207805995213));
#6974=CARTESIAN_POINT('',(-171.444989019613,21.030770589353,-114.230904354661));
#6975=CARTESIAN_POINT('Origin',(-170.099999666141,16.8496895762654,-114.984097480796));
#6976=CARTESIAN_POINT('',(-168.599999666142,16.3280654283688,-115.824098901263));
#6977=CARTESIAN_POINT('Origin',(-170.099999666142,16.3280654283734,-114.984097173795));
#6978=CARTESIAN_POINT('Origin',(-165.206895421279,63.225371647469,-96.7380288055253));
#6979=CARTESIAN_POINT('',(-165.206895421345,37.6930603484969,-109.944742298929));
#6980=CARTESIAN_POINT('Origin',(-175.006890843648,59.7214878139111,-91.7789575572681));
#6981=CARTESIAN_POINT('',(-173.041740201018,58.5486302794472,-93.7434779129778));
#6982=CARTESIAN_POINT('Origin',(-171.327493260679,45.2571188308137,-101.803065409378));
#6983=CARTESIAN_POINT('Origin',(-155.541690982022,0.885376827492609,-123.933196083266));
#6984=CARTESIAN_POINT('',(-155.541690981936,37.5510805601862,-123.933196083314));
#6985=CARTESIAN_POINT('',(-155.541690981936,37.5510805601862,-123.933196083314));
#6986=CARTESIAN_POINT('',(-155.541690981936,37.5510805601862,-123.933196083314));
#6987=CARTESIAN_POINT('Origin',(-131.981108092427,35.0719600466804,-123.933196083322));
#6988=CARTESIAN_POINT('',(-108.420526023486,15.1385151783692,-123.933196083308));
#6989=CARTESIAN_POINT('',(-108.420526023519,0.885376827382249,-123.933196083289));
#6990=CARTESIAN_POINT('',(-108.420525202833,69.2585429118391,-123.933196083088));
#6991=CARTESIAN_POINT('',(-108.420526023486,15.1385151783692,-123.933196083308));
#6992=CARTESIAN_POINT('',(-131.805568962233,69.258543265241,-123.93319608359));
#6993=CARTESIAN_POINT('',(-131.805568961947,69.258543265923,-123.933196083367));
#6994=CARTESIAN_POINT('',(-155.541690981936,37.5510805601862,-123.933196083314));
#6995=CARTESIAN_POINT('Origin',(-108.420525202833,69.2585429113219,-123.933196083379));
#6996=CARTESIAN_POINT('',(-108.420526023486,15.1385151783692,-123.933196083308));
#6997=CARTESIAN_POINT('',(-108.420525202833,69.2585429113219,-123.933196083379));
#6998=CARTESIAN_POINT('Origin',(-108.420526023486,15.1385151783692,-123.933196083308));
#6999=CARTESIAN_POINT('Origin',(-118.92060710345,78.6147112153684,-108.090971300267));
#7000=CARTESIAN_POINT('',(-105.420607103453,78.6147140370091,-108.09096646312));
#7001=CARTESIAN_POINT('',(-142.420607103448,78.6147063036235,-108.090979720486));
#7002=CARTESIAN_POINT('',(-118.92060710345,78.6147112153684,-108.090971300267));
#7003=CARTESIAN_POINT('',(-105.420607103447,81.2060508655983,-109.602579323874));
#7004=CARTESIAN_POINT('',(-105.420607103453,78.6147140370091,-108.09096646312));
#7005=CARTESIAN_POINT('',(-142.420607103443,81.2060431322127,-109.60259258124));
#7006=CARTESIAN_POINT('',(-118.920607103445,81.2060480439576,-109.602584161021));
#7007=CARTESIAN_POINT('',(-142.420607103448,78.6147063036235,-108.090979720486));
#7008=CARTESIAN_POINT('Origin',(-105.420607103453,78.6147140370091,-108.09096646312));
#7009=CARTESIAN_POINT('',(-105.420601060894,71.2748439334285,-120.673603334164));
#7010=CARTESIAN_POINT('',(-105.420607103453,78.6147140370091,-108.09096646312));
#7011=CARTESIAN_POINT('',(-105.420601060889,73.8661807620177,-122.185216194918));
#7012=CARTESIAN_POINT('',(-105.420601060894,71.2748439334285,-120.673603334164));
#7013=CARTESIAN_POINT('',(-105.420607103447,81.2060508655983,-109.602579323874));
#7014=CARTESIAN_POINT('Origin',(-105.420601060894,71.2748439334285,-120.673603334164));
#7015=CARTESIAN_POINT('',(-108.420568961946,69.4312973603867,-123.833969492716));
#7016=CARTESIAN_POINT('',(-105.420601060894,71.2748439334285,-120.673603334164));
#7017=CARTESIAN_POINT('',(-108.420568961941,72.0226341889759,-125.34558235347));
#7018=CARTESIAN_POINT('',(-108.420568961946,69.4312973603867,-123.833969492716));
#7019=CARTESIAN_POINT('',(-105.420601060889,73.8661807620177,-122.185216194918));
#7020=CARTESIAN_POINT('Origin',(-120.113068961946,69.4312974054212,-123.833969415555));
#7021=CARTESIAN_POINT('',(-131.805568961946,69.4312974504557,-123.833969338394));
#7022=CARTESIAN_POINT('',(-131.805568961946,69.4312974504557,-123.833969338394));
#7023=CARTESIAN_POINT('',(-131.805568961946,69.4312974504557,-123.833969338394));
#7024=CARTESIAN_POINT('',(-108.420568961946,69.4312973603867,-123.833969492716));
#7025=CARTESIAN_POINT('Origin',(-108.420568961941,72.0226341889759,-125.34558235347));
#7026=CARTESIAN_POINT('',(-131.805568961941,72.0226342790449,-125.345582199148));
#7027=CARTESIAN_POINT('',(-108.420568961941,72.0226341889759,-125.34558235347));
#7028=CARTESIAN_POINT('Ctrl Pts',(-108.420568961946,69.4312973603867,-123.833969492716));
#7029=CARTESIAN_POINT('Ctrl Pts',(-108.420554375575,69.3737125440318,-123.867045022937));
#7030=CARTESIAN_POINT('Ctrl Pts',(-108.420539789204,69.3161277276769,-123.900120553158));
#7031=CARTESIAN_POINT('Ctrl Pts',(-108.420525202833,69.258542911322,-123.933196083379));
#7032=CARTESIAN_POINT('Ctrl Pts',(-108.420568961945,70.2950763032498,-124.3378404463));
#7033=CARTESIAN_POINT('Ctrl Pts',(-108.420554375574,69.9495651726068,-124.536292325326));
#7034=CARTESIAN_POINT('Ctrl Pts',(-108.420539789204,69.6040540419637,-124.734744204352));
#7035=CARTESIAN_POINT('Ctrl Pts',(-108.420525202833,69.2585429113207,-124.933196083379));
#7036=CARTESIAN_POINT('Ctrl Pts',(-108.420568961943,71.1588552461129,-124.841711399885));
#7037=CARTESIAN_POINT('Ctrl Pts',(-108.420554375573,70.5254178011817,-125.205539627716));
#7038=CARTESIAN_POINT('Ctrl Pts',(-108.420539789203,69.8919803562505,-125.569367855547));
#7039=CARTESIAN_POINT('Ctrl Pts',(-108.420525202834,69.2585429113194,-125.933196083379));
#7040=CARTESIAN_POINT('Ctrl Pts',(-108.420568961941,72.0226341889759,-125.34558235347));
#7041=CARTESIAN_POINT('Ctrl Pts',(-108.420554375572,71.1012704297566,-125.874786930106));
#7042=CARTESIAN_POINT('Ctrl Pts',(-108.420539789203,70.1799066705373,-126.403991506742));
#7043=CARTESIAN_POINT('Ctrl Pts',(-108.420525202834,69.258542911318,-126.933196083379));
#7044=CARTESIAN_POINT('Origin',(-149.268768913028,57.1475636778875,-118.195388200741));
#7045=CARTESIAN_POINT('',(-156.19716316158,57.2142745757763,-113.373601163995));
#7046=CARTESIAN_POINT('',(-155.64630511034,37.6293944177112,-123.884598936186));
#7047=CARTESIAN_POINT('',(-156.134979607986,55.0034374241611,-114.560134049964));
#7048=CARTESIAN_POINT('',(-131.910183090351,69.336857123448,-123.884598936239));
#7049=CARTESIAN_POINT('',(-148.897782491921,46.6442844263717,-123.884598936201));
#7050=CARTESIAN_POINT('',(-142.532272334349,75.4682651468799,-113.373600066656));
#7051=CARTESIAN_POINT('',(-135.35949288323,71.3279024690223,-120.471367485885));
#7052=CARTESIAN_POINT('',(-146.774404077077,78.6439219128571,-108.799812715249));
#7053=CARTESIAN_POINT('',(-142.532269762407,75.4682714783557,-113.373601164025));
#7054=CARTESIAN_POINT('',(-160.439297476249,60.3899250102776,-108.799812715219));
#7055=CARTESIAN_POINT('',(-157.983053279162,63.6710537140204,-108.799812715224));
#7056=CARTESIAN_POINT('',(-156.19716316158,57.2142745757763,-113.373601163995));
#7057=CARTESIAN_POINT('Origin',(-131.805568961947,69.258543265923,-123.933196083367));
#7058=CARTESIAN_POINT('',(-131.805568961947,69.258543265923,-123.933196083367));
#7059=CARTESIAN_POINT('',(-155.541690981936,37.5510805601862,-123.933196083314));
#7060=CARTESIAN_POINT('Origin',(-131.805568961946,69.4312974504557,-123.833969338394));
#7061=CARTESIAN_POINT('',(-131.910183090351,69.336857123448,-123.884598936239));
#7062=CARTESIAN_POINT('Origin',(-131.910183090351,69.336857123448,-123.884598936239));
#7063=CARTESIAN_POINT('',(-142.424700616904,75.5610226498833,-113.325866645278));
#7064=CARTESIAN_POINT('Ctrl Pts',(-142.424701076399,75.5610221567602,-113.325866809653));
#7065=CARTESIAN_POINT('Ctrl Pts',(-142.442495144991,75.5456710947595,-113.33376911611));
#7066=CARTESIAN_POINT('Ctrl Pts',(-142.460293065846,75.5303200690634,-113.341669788569));
#7067=CARTESIAN_POINT('Ctrl Pts',(-142.495872774767,75.4996388465558,-113.357457087758));
#7068=CARTESIAN_POINT('Ctrl Pts',(-142.514104200285,75.4839209762031,-113.365543166801));
#7069=CARTESIAN_POINT('Ctrl Pts',(-142.532267399726,75.4682656895622,-113.373595238671));
#7070=CARTESIAN_POINT('',(-132.358728811191,69.7506002281354,-123.286593043345));
#7071=CARTESIAN_POINT('Origin',(-123.924128347447,74.0230056987377,-115.96246797791));
#7072=CARTESIAN_POINT('',(-142.420604590971,75.5627116858462,-113.322971495152));
#7073=CARTESIAN_POINT('',(-142.420609456016,75.5627096804537,-113.322974932808));
#7074=CARTESIAN_POINT('',(-142.420604912159,75.9529565254481,-112.653980213373));
#7075=CARTESIAN_POINT('',(-142.420604590885,75.5627066829223,-113.322980071434));
#7076=CARTESIAN_POINT('',(-142.420604590885,75.5627066829223,-113.322980071434));
#7077=CARTESIAN_POINT('Ctrl Pts',(-142.533350636082,75.4690806175062,-113.375165459025));
#7078=CARTESIAN_POINT('Ctrl Pts',(-142.495768621018,75.5008859446084,-113.358114537869));
#7079=CARTESIAN_POINT('Ctrl Pts',(-142.458186605954,75.5326912717105,-113.341063616712));
#7080=CARTESIAN_POINT('Ctrl Pts',(-142.420604590889,75.5644965988127,-113.324012695555));
#7081=CARTESIAN_POINT('Ctrl Pts',(-142.532990344857,75.468810904456,-113.374644027359));
#7082=CARTESIAN_POINT('Ctrl Pts',(-142.495528426868,75.5005078121712,-113.357651227933));
#7083=CARTESIAN_POINT('Ctrl Pts',(-142.458066508879,75.5322047198864,-113.340658428507));
#7084=CARTESIAN_POINT('Ctrl Pts',(-142.420604590889,75.5639016276015,-113.323665629082));
#7085=CARTESIAN_POINT('Ctrl Pts',(-142.532630053632,75.4685411914059,-113.374122595692));
#7086=CARTESIAN_POINT('Ctrl Pts',(-142.495288232718,75.500129679734,-113.357187917997));
#7087=CARTESIAN_POINT('Ctrl Pts',(-142.457946411804,75.5317181680621,-113.340253240303));
#7088=CARTESIAN_POINT('Ctrl Pts',(-142.420604590889,75.5633066563903,-113.323318562608));
#7089=CARTESIAN_POINT('Ctrl Pts',(-142.532269762407,75.4682714783557,-113.373601164025));
#7090=CARTESIAN_POINT('Ctrl Pts',(-142.495048038568,75.4997515472968,-113.356724608062));
#7091=CARTESIAN_POINT('Ctrl Pts',(-142.457826314729,75.5312316162379,-113.339848052098));
#7092=CARTESIAN_POINT('Ctrl Pts',(-142.420604590889,75.5627116851791,-113.322971496135));
#7093=CARTESIAN_POINT('',(-142.532269762407,75.4682714783557,-113.373601164025));
#7094=CARTESIAN_POINT('Ctrl Pts',(-146.774404077076,78.6439219128572,-108.799812715249));
#7095=CARTESIAN_POINT('Ctrl Pts',(-145.3231384192,78.6341833764459,-108.563535050328));
#7096=CARTESIAN_POINT('Ctrl Pts',(-143.871872761324,78.6244448400347,-108.327257385407));
#7097=CARTESIAN_POINT('Ctrl Pts',(-142.420607103448,78.6147063036235,-108.090979720486));
#7098=CARTESIAN_POINT('Ctrl Pts',(-147.297474719097,79.0354912004809,-109.55682697961));
#7099=CARTESIAN_POINT('Ctrl Pts',(-145.671852180547,79.1831558824828,-109.236168211097));
#7100=CARTESIAN_POINT('Ctrl Pts',(-144.046229641997,79.3308205644847,-108.915509442584));
#7101=CARTESIAN_POINT('Ctrl Pts',(-142.420607103447,79.4784852464865,-108.594850674071));
#7102=CARTESIAN_POINT('Ctrl Pts',(-147.820545361118,79.4270604881046,-110.313841243971));
#7103=CARTESIAN_POINT('Ctrl Pts',(-146.020565941894,79.7321283885196,-109.908801371866));
#7104=CARTESIAN_POINT('Ctrl Pts',(-144.220586522669,80.0371962889346,-109.50376149976));
#7105=CARTESIAN_POINT('Ctrl Pts',(-142.420607103445,80.3422641893496,-109.098721627655));
#7106=CARTESIAN_POINT('Ctrl Pts',(-148.343616003139,79.8186297757283,-111.070855508332));
#7107=CARTESIAN_POINT('Ctrl Pts',(-146.36927970324,80.2811008945564,-110.581434532634));
#7108=CARTESIAN_POINT('Ctrl Pts',(-144.394943403342,80.7435720133846,-110.092013556937));
#7109=CARTESIAN_POINT('Ctrl Pts',(-142.420607103443,81.2060431322127,-109.60259258124));
#7110=CARTESIAN_POINT('',(-146.774404077076,78.6439219128572,-108.799812715249));
#7111=CARTESIAN_POINT('',(-146.774404077076,78.6439219128572,-108.799812715249));
#7112=CARTESIAN_POINT('',(-148.343616003139,79.8186297757283,-111.070855508332));
#7113=CARTESIAN_POINT('Ctrl Pts',(-142.532269762407,75.4682714783557,-113.373601164025));
#7114=CARTESIAN_POINT('Ctrl Pts',(-142.495048038567,75.4997498798779,-113.356727466495));
#7115=CARTESIAN_POINT('Ctrl Pts',(-142.457826314726,75.5312282814001,-113.339853768964));
#7116=CARTESIAN_POINT('Ctrl Pts',(-142.420604590885,75.5627066829223,-113.322980071434));
#7117=CARTESIAN_POINT('Ctrl Pts',(-143.946314533964,76.5268216231895,-111.849005014433));
#7118=CARTESIAN_POINT('Ctrl Pts',(-143.437744832111,76.5445610454006,-111.758996661106));
#7119=CARTESIAN_POINT('Ctrl Pts',(-142.929175130259,76.5623004676116,-111.668988307779));
#7120=CARTESIAN_POINT('Ctrl Pts',(-142.420605428406,76.5800398898227,-111.578979954451));
#7121=CARTESIAN_POINT('Ctrl Pts',(-145.36035930552,77.5853717680233,-110.324408864841));
#7122=CARTESIAN_POINT('Ctrl Pts',(-144.380441625656,77.5893722109232,-110.161265855717));
#7123=CARTESIAN_POINT('Ctrl Pts',(-143.400523945792,77.5933726538232,-109.998122846593));
#7124=CARTESIAN_POINT('Ctrl Pts',(-142.420606265927,77.5973730967231,-109.834979837469));
#7125=CARTESIAN_POINT('Ctrl Pts',(-146.774404077077,78.6439219128571,-108.799812715249));
#7126=CARTESIAN_POINT('Ctrl Pts',(-145.3231384192,78.6341833764459,-108.563535050328));
#7127=CARTESIAN_POINT('Ctrl Pts',(-143.871872761324,78.6244448400347,-108.327257385407));
#7128=CARTESIAN_POINT('Ctrl Pts',(-142.420607103448,78.6147063036235,-108.090979720486));
#7129=CARTESIAN_POINT('Origin',(-260.005877624761,56.0034106147135,104.498263188897));
#7130=CARTESIAN_POINT('',(-172.590334008389,88.381544056861,78.5897000565509));
#7131=CARTESIAN_POINT('',(-172.590020903914,88.3816202466695,78.5897095495243));
#7132=CARTESIAN_POINT('',(-168.61139571654,89.3889847714564,78.589711245383));
#7133=CARTESIAN_POINT('',(-214.315281197861,77.8171072979489,78.589494910471));
#7134=CARTESIAN_POINT('',(-158.048877293943,92.0633511594475,78.5897188506819));
#7135=CARTESIAN_POINT('',(-158.048877293943,92.0633511594475,78.5897188506819));
#7136=CARTESIAN_POINT('',(-158.048877293943,92.0633511594476,78.5897188506818));
#7137=CARTESIAN_POINT('Origin',(-198.663678691706,68.9032052938395,-83.4157226576798));
#7138=CARTESIAN_POINT('',(-200.816345728192,70.2909598436872,-73.5298084923937));
#7139=CARTESIAN_POINT('',(-187.997156863399,72.2817045142461,-86.3448873402339));
#7140=CARTESIAN_POINT('',(-200.105408992985,70.5596624508282,-73.5295806486013));
#7141=CARTESIAN_POINT('Ctrl Pts',(-163.099240050533,91.4647543695129,-42.4463654704408));
#7142=CARTESIAN_POINT('Ctrl Pts',(-163.046381259459,91.2559863708149,-41.4606018155418));
#7143=CARTESIAN_POINT('Ctrl Pts',(-162.993522468385,91.047218372117,-40.4748381606427));
#7144=CARTESIAN_POINT('Ctrl Pts',(-162.940663677311,90.8384503734191,-39.4890745057436));
#7145=CARTESIAN_POINT('Ctrl Pts',(-165.048495117007,90.7629552968518,-42.2901017450688));
#7146=CARTESIAN_POINT('Ctrl Pts',(-165.418396882416,90.5165667267469,-41.3564259986262));
#7147=CARTESIAN_POINT('Ctrl Pts',(-165.788298647825,90.270178156642,-40.4227502521836));
#7148=CARTESIAN_POINT('Ctrl Pts',(-166.158200413234,90.023789586537,-39.489074505741));
#7149=CARTESIAN_POINT('Ctrl Pts',(-168.590558384643,89.4876903203543,-42.0061491668638));
#7150=CARTESIAN_POINT('Ctrl Pts',(-169.728673948174,89.1729400225411,-41.1671242798213));
#7151=CARTESIAN_POINT('Ctrl Pts',(-170.866789511705,88.858189724728,-40.3280993927787));
#7152=CARTESIAN_POINT('Ctrl Pts',(-172.004905075236,88.5434394269148,-39.4890745057362));
#7153=CARTESIAN_POINT('Ctrl Pts',(-168.947005249954,89.3593571515296,-41.9775742943247));
#7154=CARTESIAN_POINT('Ctrl Pts',(-170.162428128329,89.0377274386108,-41.148074364795));
#7155=CARTESIAN_POINT('Ctrl Pts',(-171.377851006704,88.7160977256919,-40.3185744352654));
#7156=CARTESIAN_POINT('Ctrl Pts',(-172.593273885079,88.394468012773,-39.4890745057357));
#7157=CARTESIAN_POINT('',(-168.947005249954,89.3593571515296,-41.9775742943247));
#7158=CARTESIAN_POINT('',(-170.016345845886,88.9743576450558,-41.8918496767075));
#7159=CARTESIAN_POINT('',(-172.593273885079,88.394468012773,-39.4890745057357));
#7160=CARTESIAN_POINT('',(-162.940663677311,90.8384503734191,-39.4890745057436));
#7161=CARTESIAN_POINT('',(-168.947005249954,89.3593571515296,-41.9775742943247));
#7162=CARTESIAN_POINT('Ctrl Pts',(-168.947005249954,89.3593571515296,-41.9775742943247));
#7163=CARTESIAN_POINT('Ctrl Pts',(-170.162428128329,89.0377274386108,-41.148074364795));
#7164=CARTESIAN_POINT('Ctrl Pts',(-171.377851006704,88.7160977256919,-40.3185744352654));
#7165=CARTESIAN_POINT('Ctrl Pts',(-172.593273885079,88.394468012773,-39.4890745057357));
#7166=CARTESIAN_POINT('Ctrl Pts',(-169.303452115265,89.231023982705,-41.9489994217856));
#7167=CARTESIAN_POINT('Ctrl Pts',(-170.596182291725,88.9025147884914,-41.1290244497688));
#7168=CARTESIAN_POINT('Ctrl Pts',(-171.888912468186,88.5740055942778,-40.309049477752));
#7169=CARTESIAN_POINT('Ctrl Pts',(-173.181642644647,88.2454964000643,-39.4890745057353));
#7170=CARTESIAN_POINT('Ctrl Pts',(-169.659898980576,89.1026908138804,-41.9204245492465));
#7171=CARTESIAN_POINT('Ctrl Pts',(-171.029936455122,88.7673021383721,-41.1099745347426));
#7172=CARTESIAN_POINT('Ctrl Pts',(-172.399973929668,88.4319134628638,-40.2995245202387));
#7173=CARTESIAN_POINT('Ctrl Pts',(-173.770011404214,88.0965247873555,-39.4890745057348));
#7174=CARTESIAN_POINT('Ctrl Pts',(-170.016345845886,88.9743576450558,-41.8918496767075));
#7175=CARTESIAN_POINT('Ctrl Pts',(-171.463690618518,88.6320894882527,-41.0909246197164));
#7176=CARTESIAN_POINT('Ctrl Pts',(-172.911035391149,88.2898213314497,-40.2899995627253));
#7177=CARTESIAN_POINT('Ctrl Pts',(-174.358380163781,87.9475531746467,-39.4890745057343));
#7178=CARTESIAN_POINT('',(-169.632628378517,89.1125091714494,-41.9226107207457));
#7179=CARTESIAN_POINT('',(-170.016345845886,88.9743576450558,-41.8918496767075));
#7180=CARTESIAN_POINT('',(-174.358380163781,87.9475531746467,-39.4890745057343));
#7181=CARTESIAN_POINT('',(-172.593273885079,88.394468012773,-39.4890745057357));
#7182=CARTESIAN_POINT('',(-170.016345845886,88.9743576450558,-41.8918496767075));
#7183=CARTESIAN_POINT('',(-170.016345845886,88.9743576450558,-41.8918496767075));
#7184=CARTESIAN_POINT('',(-170.016345845886,88.9743576450558,-41.8918496767075));
#7185=CARTESIAN_POINT('Origin',(-156.127686131429,82.3047759751372,104.498263188812));
#7186=CARTESIAN_POINT('',(-156.815247153893,85.0203230418456,105.572071350859));
#7187=CARTESIAN_POINT('Origin',(-156.805032260383,95.2679187304796,79.663528248142));
#7188=CARTESIAN_POINT('Origin',(-156.120745484905,92.565212296451,78.5181317378357));
#7189=CARTESIAN_POINT('',(-156.120745484906,92.5652122964466,75.2168107719632));
#7190=CARTESIAN_POINT('Origin',(-156.120745484906,92.5652122964466,75.2168107719632));
#7191=CARTESIAN_POINT('',(-158.051815311014,92.0762771285906,75.2168107719629));
#7192=CARTESIAN_POINT('',(-156.120745484906,92.5652122964466,75.2168107719632));
#7193=CARTESIAN_POINT('',(-158.051815311014,92.0762771285906,75.2168107719629));
#7194=CARTESIAN_POINT('Origin',(-157.425995571693,92.2210610998296,78.5897192491045));
#7195=CARTESIAN_POINT('',(-158.05181726078,92.0762766350943,78.5181317369506));
#7196=CARTESIAN_POINT('',(-158.051817260744,92.0762766349349,78.5181317378324));
#7197=CARTESIAN_POINT('',(-158.0518094051,92.0762786239362,78.5181317378373));
#7198=CARTESIAN_POINT('Origin',(-158.051809405112,92.0762786239056,55.2168107719648));
#7199=CARTESIAN_POINT('',(-158.051809405112,92.0762786239056,55.2168107719648));
#7200=CARTESIAN_POINT('',(-158.051809405112,92.0762786239056,55.2168107719648));
#7201=CARTESIAN_POINT('',(-142.97133518662,95.8945632315581,39.6604615858484));
#7202=CARTESIAN_POINT('',(-158.051809405112,92.0762786239056,55.2168107719648));
#7203=CARTESIAN_POINT('',(-142.97133518662,95.8945632315581,39.6604615858484));
#7204=CARTESIAN_POINT('Origin',(-142.97133518662,95.8945632315581,39.6604615858484));
#7205=CARTESIAN_POINT('',(-142.97133518662,95.8945632315581,39.6604615858484));
#7206=CARTESIAN_POINT('Origin',(-172.593273885052,88.3944680128465,16.5109254942643));
#7207=CARTESIAN_POINT('',(-257.346101659903,66.9355356172078,6.98406713805954));
#7208=CARTESIAN_POINT('',(-192.565219223442,83.3376854124026,-29.2932407697167));
#7209=CARTESIAN_POINT('',(-172.593273777045,88.394467577219,78.518136571808));
#7210=CARTESIAN_POINT('',(-172.593273885034,88.394468012896,54.2780135193088));
#7211=CARTESIAN_POINT('',(-172.593273885022,88.3944680129279,78.5181266231808));
#7212=CARTESIAN_POINT('',(-215.17086290657,77.6140654189684,6.98406713802513));
#7213=CARTESIAN_POINT('Origin',(-226.215423115679,55.4933044615087,-28.2248004272306));
#7214=CARTESIAN_POINT('',(-189.347898509962,84.0797275440194,-31.066179543095));
#7215=CARTESIAN_POINT('',(-231.060275654429,68.314296853799,-31.0795434900288));
#7216=CARTESIAN_POINT('',(-229.250850663377,68.9981793423656,-31.0789637805705));
#7217=CARTESIAN_POINT('',(-226.215423115679,55.4933044615087,-28.2248004272306));
#7218=CARTESIAN_POINT('',(-227.253605802554,58.2406599741423,-28.8365310835445));
#7219=CARTESIAN_POINT('',(-184.503045971211,71.2587351517289,-28.2114364802968));
#7220=CARTESIAN_POINT('',(-183.172954255685,71.7614508967496,-28.2110103411908));
#7221=CARTESIAN_POINT('',(-185.290028918556,73.3413377283945,-28.6751521644178));
#7222=CARTESIAN_POINT('Origin',(-220.006855542948,49.3307605323719,-66.438230077337));
#7223=CARTESIAN_POINT('',(-220.499533622892,49.3307605414496,-65.6020943165065));
#7224=CARTESIAN_POINT('',(-216.999356656604,40.0681995248831,-63.5396773836574));
#7225=CARTESIAN_POINT('',(-223.876115430115,49.3307606036638,-59.8716165190969));
#7226=CARTESIAN_POINT('',(-221.575023427509,49.3307605612657,-63.7768548291899));
#7227=CARTESIAN_POINT('',(-228.720967968866,62.1517529959542,-62.726359581895));
#7228=CARTESIAN_POINT('',(-223.876115430115,49.3307606036638,-59.8716165190969));
#7229=CARTESIAN_POINT('',(-234.073843816283,62.1517530945819,-53.6418658698539));
#7230=CARTESIAN_POINT('Origin',(-260.005877624598,56.0019516449095,47.0028116067516));
#7231=CARTESIAN_POINT('',(-260.005877624734,56.001951644799,-37.2514863504626));
#7232=CARTESIAN_POINT('',(-276.11645141985,56.0019516448725,-9.90984731801892));
#7233=CARTESIAN_POINT('Origin',(-157.782144284554,92.1445561968781,47.5145286160422));
#7234=CARTESIAN_POINT('',(-166.190323421548,90.0156562358012,78.5181266231756));
#7235=CARTESIAN_POINT('',(-166.190323421552,90.0156562358001,78.5181266231756));
#7236=CARTESIAN_POINT('',(-161.986188010717,91.0801178233591,78.5181133935632));
#7237=CARTESIAN_POINT('Origin',(-158.051809405107,92.0762786239187,65.2168107719647));
#7238=CARTESIAN_POINT('Origin',(-166.190323421552,90.0156562358001,78.5181266231756));
#7239=CARTESIAN_POINT('',(-166.190323421552,90.0156562358001,78.5181266231756));
#7240=CARTESIAN_POINT('',(-172.593273885022,88.3944680129279,78.5181266231808));
#7241=CARTESIAN_POINT('Origin',(-158.051817260744,92.0762766349349,78.5181317378324));
#7242=CARTESIAN_POINT('Origin',(-172.593273885022,88.3944680129279,78.5181266231808));
#7243=CARTESIAN_POINT('Origin',(-165.899028164517,40.8853768278211,108.066810020202));
#7244=CARTESIAN_POINT('',(-165.899028164517,41.1031512541055,108.066810020202));
#7245=CARTESIAN_POINT('Origin',(-176.174502531373,60.5443237201608,-90.4657088863037));
#7246=CARTESIAN_POINT('',(-195.97149318956,57.4699674517111,-70.6750654296655));
#7247=CARTESIAN_POINT('',(-185.424921623553,59.1077880154345,-81.2182556125819));
#7248=CARTESIAN_POINT('',(-195.97149318956,57.4699674517111,-70.6750654296655));
#7249=CARTESIAN_POINT('Origin',(-195.971493189469,57.4699674514687,-70.675065429226));
#7250=CARTESIAN_POINT('',(-211.443963523615,51.6220587550435,-70.6800240991429));
#7251=CARTESIAN_POINT('',(-188.827327251342,60.170145846775,-70.6727758426278));
#7252=CARTESIAN_POINT('',(-207.943786557327,42.3594977384771,-68.6176071662939));
#7253=CARTESIAN_POINT('Origin',(-165.171493307136,76.1533652527653,-39.0371066139092));
#7254=CARTESIAN_POINT('',(-170.016345845886,88.974357645065,-41.8918496766659));
#7255=CARTESIAN_POINT('',(-165.171493307136,76.1533652527654,-39.0371066139092));
#7256=CARTESIAN_POINT('',(-165.171493307136,76.1533652527654,-39.0371066139092));
#7257=CARTESIAN_POINT('',(-165.171493307169,68.6787114531879,-72.6066704559485));
#7258=CARTESIAN_POINT('Ctrl Pts',(-173.490338768596,66.2883366737689,-69.2240183295798));
#7259=CARTESIAN_POINT('Ctrl Pts',(-181.377531263652,87.1603104163862,-73.8714060220078));
#7260=CARTESIAN_POINT('Ctrl Pts',(-173.362051018812,66.3385882052343,-69.216052893851));
#7261=CARTESIAN_POINT('Ctrl Pts',(-181.249243513868,87.2105619478516,-73.863440586279));
#7262=CARTESIAN_POINT('Ctrl Pts',(-173.232281398639,66.3937152203799,-69.1887059956094));
#7263=CARTESIAN_POINT('Ctrl Pts',(-181.119473893695,87.2656889629972,-73.8360936880374));
#7264=CARTESIAN_POINT('Ctrl Pts',(-172.950291470028,66.5221508162766,-69.090458212819));
#7265=CARTESIAN_POINT('Ctrl Pts',(-180.837483965084,87.3941245588939,-73.737845905247));
#7266=CARTESIAN_POINT('Ctrl Pts',(-172.765085547408,66.6173781603914,-68.9770982140668));
#7267=CARTESIAN_POINT('Ctrl Pts',(-180.652278042464,87.4893519030088,-73.6244859064948));
#7268=CARTESIAN_POINT('Ctrl Pts',(-172.502408844552,66.7725647427979,-68.725931616602));
#7269=CARTESIAN_POINT('Ctrl Pts',(-180.389601339608,87.6445384854152,-73.37331930903));
#7270=CARTESIAN_POINT('Ctrl Pts',(-172.378459435642,66.8599830573275,-68.5436830129094));
#7271=CARTESIAN_POINT('Ctrl Pts',(-180.265651930698,87.7319567999449,-73.1910707053374));
#7272=CARTESIAN_POINT('Ctrl Pts',(-172.23591028728,66.9905917946209,-68.1990271184127));
#7273=CARTESIAN_POINT('Ctrl Pts',(-180.123102782337,87.8625655372382,-72.8464148108407));
#7274=CARTESIAN_POINT('Ctrl Pts',(-172.192087569072,67.0568924322286,-67.9756356086416));
#7275=CARTESIAN_POINT('Ctrl Pts',(-180.079280064128,87.928866174846,-72.6230233010696));
#7276=CARTESIAN_POINT('Ctrl Pts',(-172.191727681929,67.0999658790112,-67.7827983825724));
#7277=CARTESIAN_POINT('Ctrl Pts',(-180.078920176985,87.9719396216285,-72.4301860750004));
#7278=CARTESIAN_POINT('Ctrl Pts',(-172.191367794786,67.1430393257939,-67.5899611565031));
#7279=CARTESIAN_POINT('Ctrl Pts',(-180.078560289842,88.0150130684112,-72.2373488489311));
#7280=CARTESIAN_POINT('Ctrl Pts',(-172.234343380164,67.178128614244,-67.3594360760593));
#7281=CARTESIAN_POINT('Ctrl Pts',(-180.12153587522,88.0501023568613,-72.0068237684873));
#7282=CARTESIAN_POINT('Ctrl Pts',(-172.375562559075,67.2066985791613,-66.9914585112814));
#7283=CARTESIAN_POINT('Ctrl Pts',(-180.262755054132,88.0786723217786,-71.6388462037094));
#7284=CARTESIAN_POINT('Ctrl Pts',(-172.498793803461,67.2052344921207,-66.788895217251));
#7285=CARTESIAN_POINT('Ctrl Pts',(-180.385986298517,88.077208234738,-71.436282909679));
#7286=CARTESIAN_POINT('Ctrl Pts',(-172.760452591793,67.1718780107244,-66.4946357927614));
#7287=CARTESIAN_POINT('Ctrl Pts',(-180.647645086849,88.0438517533418,-71.1420234851894));
#7288=CARTESIAN_POINT('Ctrl Pts',(-172.94517865224,67.1340834429944,-66.3508727119662));
#7289=CARTESIAN_POINT('Ctrl Pts',(-180.832371147296,88.0060571856117,-70.9982604043942));
#7290=CARTESIAN_POINT('Ctrl Pts',(-173.276218787753,67.0468366218942,-66.1808925068414));
#7291=CARTESIAN_POINT('Ctrl Pts',(-181.163411282809,87.9188103645116,-70.8282801992694));
#7292=CARTESIAN_POINT('Ctrl Pts',(-173.477105747356,66.9846205649221,-66.1193822065261));
#7293=CARTESIAN_POINT('Ctrl Pts',(-181.364298242412,87.8565943075395,-70.7667698989541));
#7294=CARTESIAN_POINT('Ctrl Pts',(-173.65404488545,66.9220025532617,-66.1003195518206));
#7295=CARTESIAN_POINT('Ctrl Pts',(-181.541237380506,87.793976295879,-70.7477072442486));
#7296=CARTESIAN_POINT('',(-173.490338768986,66.2883366737688,-69.2240183296012));
#7297=CARTESIAN_POINT('',(-173.654044885458,66.9220025532616,-66.1003195518212));
#7298=CARTESIAN_POINT('Ctrl Pts',(-173.490338768596,66.2883366737689,-69.2240183295798));
#7299=CARTESIAN_POINT('Ctrl Pts',(-173.362051018812,66.3385882052343,-69.216052893851));
#7300=CARTESIAN_POINT('Ctrl Pts',(-173.232281398639,66.3937152203799,-69.1887059956094));
#7301=CARTESIAN_POINT('Ctrl Pts',(-172.950291470028,66.5221508162766,-69.090458212819));
#7302=CARTESIAN_POINT('Ctrl Pts',(-172.765085547408,66.6173781603914,-68.9770982140668));
#7303=CARTESIAN_POINT('Ctrl Pts',(-172.502408844552,66.7725647427979,-68.725931616602));
#7304=CARTESIAN_POINT('Ctrl Pts',(-172.378459435642,66.8599830573275,-68.5436830129094));
#7305=CARTESIAN_POINT('Ctrl Pts',(-172.23591028728,66.9905917946209,-68.1990271184127));
#7306=CARTESIAN_POINT('Ctrl Pts',(-172.192087569072,67.0568924322286,-67.9756356086416));
#7307=CARTESIAN_POINT('Ctrl Pts',(-172.191367794786,67.1430393257939,-67.5899611565031));
#7308=CARTESIAN_POINT('Ctrl Pts',(-172.234343380164,67.178128614244,-67.3594360760593));
#7309=CARTESIAN_POINT('Ctrl Pts',(-172.375562559075,67.2066985791613,-66.9914585112814));
#7310=CARTESIAN_POINT('Ctrl Pts',(-172.498793803461,67.2052344921207,-66.788895217251));
#7311=CARTESIAN_POINT('Ctrl Pts',(-172.760452591793,67.1718780107244,-66.4946357927614));
#7312=CARTESIAN_POINT('Ctrl Pts',(-172.94517865224,67.1340834429944,-66.3508727119662));
#7313=CARTESIAN_POINT('Ctrl Pts',(-173.276218787753,67.0468366218942,-66.1808925068414));
#7314=CARTESIAN_POINT('Ctrl Pts',(-173.477105747356,66.9846205649221,-66.1193822065261));
#7315=CARTESIAN_POINT('Ctrl Pts',(-173.65404488545,66.9220025532617,-66.1003195518206));
#7316=CARTESIAN_POINT('',(-173.654044885458,66.9220025532616,-66.1003195518212));
#7317=CARTESIAN_POINT('',(-173.490338768986,66.2883366737688,-69.2240183296012));
#7318=CARTESIAN_POINT('Ctrl Pts',(-173.654044885457,66.9220025532589,-66.1003195518197));
#7319=CARTESIAN_POINT('Ctrl Pts',(-181.612643164844,87.98293829427,-70.7897818307963));
#7320=CARTESIAN_POINT('Ctrl Pts',(-173.666463246106,66.9176077480152,-66.0989816515474));
#7321=CARTESIAN_POINT('Ctrl Pts',(-181.625061525492,87.9785434890263,-70.788443930524));
#7322=CARTESIAN_POINT('Ctrl Pts',(-173.67876290578,66.9132192038091,-66.0978170824626));
#7323=CARTESIAN_POINT('Ctrl Pts',(-181.637361185166,87.9741549448202,-70.7872793614391));
#7324=CARTESIAN_POINT('Ctrl Pts',(-173.876301034498,66.8421874970816,-66.0815822999145));
#7325=CARTESIAN_POINT('Ctrl Pts',(-181.834899313885,87.9031232380927,-70.7710445788911));
#7326=CARTESIAN_POINT('Ctrl Pts',(-174.094567539112,66.7536486229517,-66.1087956781163));
#7327=CARTESIAN_POINT('Ctrl Pts',(-182.053165818498,87.8145843639628,-70.7982579570928));
#7328=CARTESIAN_POINT('Ctrl Pts',(-174.437381626086,66.5975099500764,-66.2282351618045));
#7329=CARTESIAN_POINT('Ctrl Pts',(-182.395979905473,87.6584456910875,-70.9176974407811));
#7330=CARTESIAN_POINT('Ctrl Pts',(-174.622587534591,66.5022826097246,-66.3415951676097));
#7331=CARTESIAN_POINT('Ctrl Pts',(-182.581185813977,87.5632183507357,-71.0310574465863));
#7332=CARTESIAN_POINT('Ctrl Pts',(-174.885264211965,66.347096036438,-66.5927617673614));
#7333=CARTESIAN_POINT('Ctrl Pts',(-182.843862491352,87.4080317774491,-71.2822240463379));
#7334=CARTESIAN_POINT('Ctrl Pts',(-175.009213606737,66.2596777283905,-66.7750103659367));
#7335=CARTESIAN_POINT('Ctrl Pts',(-182.967811886124,87.3206134694016,-71.4644726449133));
#7336=CARTESIAN_POINT('Ctrl Pts',(-175.151762737046,66.1290690017198,-67.119666243364));
#7337=CARTESIAN_POINT('Ctrl Pts',(-183.110361016433,87.1900047427309,-71.8091285223406));
#7338=CARTESIAN_POINT('Ctrl Pts',(-175.195585449376,66.0627683695413,-67.3430577387288));
#7339=CARTESIAN_POINT('Ctrl Pts',(-183.154183728763,87.1237041105524,-72.0325200177054));
#7340=CARTESIAN_POINT('Ctrl Pts',(-175.196305223613,65.9766214818537,-67.7287321645533));
#7341=CARTESIAN_POINT('Ctrl Pts',(-183.154903503,87.0375572228648,-72.4181944435299));
#7342=CARTESIAN_POINT('Ctrl Pts',(-175.153329644058,65.9415321946247,-67.9592572296292));
#7343=CARTESIAN_POINT('Ctrl Pts',(-183.111927923445,87.0024679356358,-72.6487195086058));
#7344=CARTESIAN_POINT('Ctrl Pts',(-175.012110483132,65.9129622273718,-68.327234774376));
#7345=CARTESIAN_POINT('Ctrl Pts',(-182.970708762519,86.9738979683829,-73.0166970533526));
#7346=CARTESIAN_POINT('Ctrl Pts',(-174.888879252859,65.9144263107353,-68.5297980609657));
#7347=CARTESIAN_POINT('Ctrl Pts',(-182.847477532246,86.9753620517464,-73.2192603399423));
#7348=CARTESIAN_POINT('Ctrl Pts',(-174.627220490009,65.9477827829256,-68.8240574835541));
#7349=CARTESIAN_POINT('Ctrl Pts',(-182.585818769395,87.0087185239367,-73.5135197625306));
#7350=CARTESIAN_POINT('Ctrl Pts',(-174.442494443699,65.9855773442601,-68.9678205690822));
#7351=CARTESIAN_POINT('Ctrl Pts',(-182.401092723085,87.0465130852712,-73.6572828480588));
#7352=CARTESIAN_POINT('Ctrl Pts',(-174.10023124813,66.0757820373459,-69.1435635403876));
#7353=CARTESIAN_POINT('Ctrl Pts',(-182.058829527517,87.136717778357,-73.8330258193642));
#7354=CARTESIAN_POINT('Ctrl Pts',(-173.882133248734,66.1441531986869,-69.2066397972374));
#7355=CARTESIAN_POINT('Ctrl Pts',(-181.840731528121,87.205088939698,-73.896102076214));
#7356=CARTESIAN_POINT('Ctrl Pts',(-173.630969953123,66.2344676958152,-69.2272818124685));
#7357=CARTESIAN_POINT('Ctrl Pts',(-181.589568232509,87.2954034368263,-73.9167440914451));
#7358=CARTESIAN_POINT('Ctrl Pts',(-173.560901201852,66.2606966976951,-69.2283995781846));
#7359=CARTESIAN_POINT('Ctrl Pts',(-181.519499481238,87.3216324387062,-73.9178618571612));
#7360=CARTESIAN_POINT('Ctrl Pts',(-173.490338768935,66.2883366736359,-69.2240183296006));
#7361=CARTESIAN_POINT('Ctrl Pts',(-181.448937048322,87.349272414647,-73.9134806085771));
#7362=CARTESIAN_POINT('Ctrl Pts',(-173.654044885457,66.9220025532589,-66.1003195518197));
#7363=CARTESIAN_POINT('Ctrl Pts',(-173.666463246106,66.9176077480152,-66.0989816515474));
#7364=CARTESIAN_POINT('Ctrl Pts',(-173.67876290578,66.9132192038091,-66.0978170824626));
#7365=CARTESIAN_POINT('Ctrl Pts',(-173.876301034498,66.8421874970816,-66.0815822999145));
#7366=CARTESIAN_POINT('Ctrl Pts',(-174.094567539112,66.7536486229517,-66.1087956781163));
#7367=CARTESIAN_POINT('Ctrl Pts',(-174.437381626086,66.5975099500764,-66.2282351618045));
#7368=CARTESIAN_POINT('Ctrl Pts',(-174.622587534591,66.5022826097246,-66.3415951676097));
#7369=CARTESIAN_POINT('Ctrl Pts',(-174.885264211965,66.347096036438,-66.5927617673614));
#7370=CARTESIAN_POINT('Ctrl Pts',(-175.009213606737,66.2596777283905,-66.7750103659367));
#7371=CARTESIAN_POINT('Ctrl Pts',(-175.151762737046,66.1290690017198,-67.119666243364));
#7372=CARTESIAN_POINT('Ctrl Pts',(-175.195585449376,66.0627683695413,-67.3430577387288));
#7373=CARTESIAN_POINT('Ctrl Pts',(-175.196305223613,65.9766214818537,-67.7287321645533));
#7374=CARTESIAN_POINT('Ctrl Pts',(-175.153329644058,65.9415321946247,-67.9592572296292));
#7375=CARTESIAN_POINT('Ctrl Pts',(-175.012110483132,65.9129622273718,-68.327234774376));
#7376=CARTESIAN_POINT('Ctrl Pts',(-174.888879252859,65.9144263107353,-68.5297980609657));
#7377=CARTESIAN_POINT('Ctrl Pts',(-174.627220490009,65.9477827829256,-68.8240574835541));
#7378=CARTESIAN_POINT('Ctrl Pts',(-174.442494443699,65.9855773442601,-68.9678205690822));
#7379=CARTESIAN_POINT('Ctrl Pts',(-174.10023124813,66.0757820373459,-69.1435635403876));
#7380=CARTESIAN_POINT('Ctrl Pts',(-173.882133248734,66.1441531986869,-69.2066397972374));
#7381=CARTESIAN_POINT('Ctrl Pts',(-173.630969953123,66.2344676958152,-69.2272818124685));
#7382=CARTESIAN_POINT('Ctrl Pts',(-173.560901201852,66.2606966976951,-69.2283995781846));
#7383=CARTESIAN_POINT('Ctrl Pts',(-173.490338768935,66.2883366736359,-69.2240183296006));
#7384=CARTESIAN_POINT('Origin',(-224.91429811699,52.0781161162974,-60.4833471754108));
#7385=CARTESIAN_POINT('',(-229.976672309861,65.4597116375756,-45.7388360549625));
#7386=CARTESIAN_POINT('',(-223.876115430115,49.3307606036638,-59.8716165190969));
#7387=CARTESIAN_POINT('Origin',(-178.103028623411,65.0403099570992,-67.0007495540165));
#7388=CARTESIAN_POINT('',(-174.971488729502,73.6720667550263,-33.5491088520633));
#7389=CARTESIAN_POINT('',(-210.536618075125,51.8516410985565,-71.1888199480532));
#7390=CARTESIAN_POINT('Origin',(-181.860554323161,76.4915213921592,-31.5000842124421));
#7391=CARTESIAN_POINT('',(-257.294763555659,66.8759996954143,6.98406713805959));
#7392=CARTESIAN_POINT('',(-244.784168224268,52.367676176213,6.98406713807257));
#7393=CARTESIAN_POINT('',(-170.016345845886,88.9743576450557,-41.8918496767074));
#7394=CARTESIAN_POINT('Origin',(-255.005877624808,56.0017666571197,6.98406713807275));
#7395=CARTESIAN_POINT('',(-257.505877624785,65.8515120833154,6.98406713806104));
#7396=CARTESIAN_POINT('',(-244.566072316232,71.6859730718399,6.98406713804713));
#7397=CARTESIAN_POINT('Origin',(-260.005877624829,56.001951644799,-37.2514863504626));
#7398=CARTESIAN_POINT('Origin',(-158.051809405107,92.0762786239187,65.2168107719647));
#7399=CARTESIAN_POINT('Origin',(-161.001266639472,41.3209256803785,108.0668100202));
#7400=CARTESIAN_POINT('Origin',(-170.016345845886,88.9743576450558,-41.8918496767075));
#7401=CARTESIAN_POINT('',(-161.454222649784,79.2338669944596,-100.168541195892));
#7402=CARTESIAN_POINT('',(-170.016345846068,76.1512072530471,-99.4821511534816));
#7403=CARTESIAN_POINT('',(-161.454222649784,79.2338669944596,-100.168541195892));
#7404=CARTESIAN_POINT('Origin',(-161.97331399313,87.019119946781,-71.6792557856532));
#7405=CARTESIAN_POINT('',(-162.492405336659,81.9812225070972,-100.780271852188));
#7406=CARTESIAN_POINT('Origin',(-227.613526668752,70.1354352563302,-28.7501531091133));
#7407=CARTESIAN_POINT('Origin',(-217.326998749201,67.1904066599776,-74.1464978182772));
#7408=CARTESIAN_POINT('Origin',(-157.766375087643,58.3889824386474,-115.644643957077));
#7409=CARTESIAN_POINT('',(-156.19716316158,57.2142745757763,-113.373601163995));
#7410=CARTESIAN_POINT('',(-162.008509402312,61.5646328731488,-111.070855508301));
#7411=CARTESIAN_POINT('Origin',(-170.016345846068,76.1512072530471,-99.4821511534816));
#7412=CARTESIAN_POINT('Origin',(-123.924128347441,76.6143425273269,-117.474080838664));
#7413=CARTESIAN_POINT('',(-142.420604590861,78.1540485138403,-114.834584356746));
#7414=CARTESIAN_POINT('',(-142.425500568129,78.1528045396168,-114.836716884414));
#7415=CARTESIAN_POINT('',(-142.42060459088,78.1540435115114,-114.834592932188));
#7416=CARTESIAN_POINT('Origin',(-142.420607103443,81.2060431322127,-109.60259258124));
#7417=CARTESIAN_POINT('',(-142.420607103443,81.2060431322127,-109.60259258124));
#7418=CARTESIAN_POINT('',(-148.343616003139,79.8186297757283,-111.070855508332));
#7419=CARTESIAN_POINT('Ctrl Pts',(-142.42060459088,78.1540435115115,-114.834592932188));
#7420=CARTESIAN_POINT('Ctrl Pts',(-143.503967598764,78.0419247423736,-115.861624204855));
#7421=CARTESIAN_POINT('Ctrl Pts',(-144.587330606648,77.9298059732358,-116.888655477523));
#7422=CARTESIAN_POINT('Ctrl Pts',(-145.670693614533,77.817687204098,-117.91568675019));
#7423=CARTESIAN_POINT('Ctrl Pts',(-142.420605428401,79.1713767184119,-113.090592815205));
#7424=CARTESIAN_POINT('Ctrl Pts',(-143.975316414297,79.0729969285852,-114.19075874367));
#7425=CARTESIAN_POINT('Ctrl Pts',(-145.530027400193,78.9746171387585,-115.290924672134));
#7426=CARTESIAN_POINT('Ctrl Pts',(-147.084738386089,78.8762373489318,-116.391090600598));
#7427=CARTESIAN_POINT('Ctrl Pts',(-142.420606265922,80.1887099253123,-111.346592698223));
#7428=CARTESIAN_POINT('Ctrl Pts',(-144.44666522983,80.1040691147967,-112.519893282484));
#7429=CARTESIAN_POINT('Ctrl Pts',(-146.472724193737,80.0194283042811,-113.693193866745));
#7430=CARTESIAN_POINT('Ctrl Pts',(-148.498783157645,79.9347874937656,-114.866494451006));
#7431=CARTESIAN_POINT('Ctrl Pts',(-142.420607103443,81.2060431322127,-109.60259258124));
#7432=CARTESIAN_POINT('Ctrl Pts',(-144.918014045363,81.1351413010082,-110.849027821298));
#7433=CARTESIAN_POINT('Ctrl Pts',(-147.415420987282,81.0642394698038,-112.095463061356));
#7434=CARTESIAN_POINT('Ctrl Pts',(-149.912827929202,80.9933376385994,-113.341898301414));
#7435=CARTESIAN_POINT('',(-142.420604590881,78.1540485137698,-114.83458435689));
#7436=CARTESIAN_POINT('Ctrl Pts',(-142.422667928964,78.1530981907512,-114.834030001884));
#7437=CARTESIAN_POINT('Ctrl Pts',(-143.504833921157,78.0409133155753,-115.860511925438));
#7438=CARTESIAN_POINT('Ctrl Pts',(-144.586999913351,77.9287284403994,-116.886993848991));
#7439=CARTESIAN_POINT('Ctrl Pts',(-145.669165905544,77.8165435652234,-117.913475772545));
#7440=CARTESIAN_POINT('Ctrl Pts',(-142.421979915443,78.153414790808,-114.834214685221));
#7441=CARTESIAN_POINT('Ctrl Pts',(-143.504544990957,78.0412514532484,-115.860880711835));
#7442=CARTESIAN_POINT('Ctrl Pts',(-144.587110066359,77.9290881157412,-116.88754673848));
#7443=CARTESIAN_POINT('Ctrl Pts',(-145.669675141873,77.8169247781816,-117.914212765094));
#7444=CARTESIAN_POINT('Ctrl Pts',(-142.421292135995,78.153731564987,-114.834399470129));
#7445=CARTESIAN_POINT('Ctrl Pts',(-143.504256216774,78.0415897070181,-115.861249565955));
#7446=CARTESIAN_POINT('Ctrl Pts',(-144.587220297424,77.9294478491088,-116.888099661816));
#7447=CARTESIAN_POINT('Ctrl Pts',(-145.670184378203,77.8173059911398,-117.914949757642));
#7448=CARTESIAN_POINT('Ctrl Pts',(-142.420604590881,78.1540485137698,-114.83458435689));
#7449=CARTESIAN_POINT('Ctrl Pts',(-143.503967598765,78.0419280772125,-115.86161848799));
#7450=CARTESIAN_POINT('Ctrl Pts',(-144.587330606649,77.9298076406553,-116.88865261909));
#7451=CARTESIAN_POINT('Ctrl Pts',(-145.670693614533,77.817687204098,-117.91568675019));
#7452=CARTESIAN_POINT('Origin',(-160.439297476249,60.3899250102776,-108.799812715219));
#7453=CARTESIAN_POINT('Origin',(-148.343616003139,79.8186297757283,-111.070855508332));
#7454=CARTESIAN_POINT('Origin',(-155.541690981936,37.5510805601862,-123.933196083314));
#7455=CARTESIAN_POINT('',(-155.64630511034,37.6293944177112,-123.884598936186));
#7456=CARTESIAN_POINT('Origin',(-155.64630511034,37.6293944177112,-123.884598936186));
#7457=CARTESIAN_POINT('Ctrl Pts',(-168.599999666142,16.3280654283688,-115.824098901263));
#7458=CARTESIAN_POINT('Ctrl Pts',(-175.22111634806,16.3280584697468,-127.647497232606));
#7459=CARTESIAN_POINT('Ctrl Pts',(-168.599999289791,14.8280654283687,-115.824098229201));
#7460=CARTESIAN_POINT('Ctrl Pts',(-175.221115971709,14.8280584697467,-127.647496560544));
#7461=CARTESIAN_POINT('Ctrl Pts',(-170.09999928979,14.8280654283733,-114.984096501732));
#7462=CARTESIAN_POINT('Ctrl Pts',(-176.721115971708,14.8280584697513,-126.807494833075));
#7463=CARTESIAN_POINT('Ctrl Pts',(-171.59999928979,14.8280654283779,-114.144094774264));
#7464=CARTESIAN_POINT('Ctrl Pts',(-178.221115971708,14.8280584697559,-125.967493105607));
#7465=CARTESIAN_POINT('Ctrl Pts',(-171.599999666141,16.328065428378,-114.144095446327));
#7466=CARTESIAN_POINT('Ctrl Pts',(-178.221116348059,16.328058469756,-125.96749377767));
#7467=CARTESIAN_POINT('Ctrl Pts',(-171.600000042493,17.828065428378,-114.144096118389));
#7468=CARTESIAN_POINT('Ctrl Pts',(-178.221116724411,17.828058469756,-125.967494449732));
#7469=CARTESIAN_POINT('Ctrl Pts',(-170.100000042493,17.8280654283734,-114.984097845858));
#7470=CARTESIAN_POINT('Ctrl Pts',(-176.721116724411,17.8280584697514,-126.807496177201));
#7471=CARTESIAN_POINT('Ctrl Pts',(-168.600000042494,17.8280654283688,-115.824099573326));
#7472=CARTESIAN_POINT('Ctrl Pts',(-175.221116724412,17.8280584697468,-127.647497904669));
#7473=CARTESIAN_POINT('Ctrl Pts',(-168.599999666142,16.3280654283688,-115.824098901263));
#7474=CARTESIAN_POINT('Ctrl Pts',(-175.22111634806,16.3280584697468,-127.647497232606));
#7475=CARTESIAN_POINT('',(-168.599999666142,16.3280654283688,-115.824098901263));
#7476=CARTESIAN_POINT('Origin',(-255.005363169163,50.8280659893117,8.69962472734231));
#7477=CARTESIAN_POINT('',(-255.005363169156,53.8280659893117,8.69962472733838));
#7478=CARTESIAN_POINT('Origin',(-255.005363169163,50.8280659893117,8.69962472734231));
#7479=CARTESIAN_POINT('Origin',(-255.005363169163,50.8280659893117,8.69962472734231));
#7480=CARTESIAN_POINT('',(-255.00536316916,52.3280659893117,8.69962472734034));
#7481=CARTESIAN_POINT('Origin',(-255.005363169163,50.8280659893117,8.69962472734231));
#7482=CARTESIAN_POINT('Origin',(-240.901363893907,50.8280659892787,8.70414618238706));
#7483=CARTESIAN_POINT('',(-240.901363893903,52.3280659892787,8.70414618238509));
#7484=CARTESIAN_POINT('Origin',(-240.901363893907,50.8280659892787,8.70414618238706));
#7485=CARTESIAN_POINT('',(-240.901363893903,52.3280659892787,8.70414618238509));
#7486=CARTESIAN_POINT('Origin',(-240.901363893907,50.8280659892787,8.70414618238706));
#7487=CARTESIAN_POINT('',(-240.9013638939,53.8280659892787,8.70414618238312));
#7488=CARTESIAN_POINT('',(-240.9013638939,53.8280659892787,8.70414618238313));
#7489=CARTESIAN_POINT('Origin',(-240.901363893907,50.8280659892787,8.70414618238706));
#7490=CARTESIAN_POINT('Origin',(-240.901363893907,50.8280659892787,8.70414618238706));
#7491=CARTESIAN_POINT('Origin',(-255.006364016891,-48.1719356165671,8.69962395183011));
#7492=CARTESIAN_POINT('Origin',(-255.006364016891,-48.1719356165671,8.69962395183011));
#7493=CARTESIAN_POINT('Origin',(-240.901364741798,-48.1719356166002,8.70414607890188));
#7494=CARTESIAN_POINT('',(-240.901364741795,-46.6719356166001,8.70414607889991));
#7495=CARTESIAN_POINT('Origin',(-240.901364741798,-48.1719356166002,8.70414607890188));
#7496=CARTESIAN_POINT('',(-240.901364741794,-46.6719356166002,8.70414607889991));
#7497=CARTESIAN_POINT('Origin',(-240.901364741798,-48.1719356166002,8.70414607890188));
#7498=CARTESIAN_POINT('',(-240.901364741791,-45.1719356166001,8.70414607889794));
#7499=CARTESIAN_POINT('',(-240.901364741791,-45.1719356166002,8.70414607889795));
#7500=CARTESIAN_POINT('Origin',(-240.901364741798,-48.1719356166002,8.70414607890188));
#7501=CARTESIAN_POINT('Origin',(-240.901364741798,-48.1719356166002,8.70414607890188));
#7502=CARTESIAN_POINT('',(0.,0.,0.));
#7503=UNCERTAINTY_MEASURE_WITH_UNIT(LENGTH_MEASURE(0.01),#7509,
'DISTANCE_ACCURACY_VALUE',
'Maximum model space distance between geometric entities at asserted c
onnectivities');
#7504=UNCERTAINTY_MEASURE_WITH_UNIT(LENGTH_MEASURE(0.01),#7509,
'DISTANCE_ACCURACY_VALUE',
'Maximum model space distance between geometric entities at asserted c
onnectivities');
#7505=UNCERTAINTY_MEASURE_WITH_UNIT(LENGTH_MEASURE(0.01),#7509,
'DISTANCE_ACCURACY_VALUE',
'Maximum model space distance between geometric entities at asserted c
onnectivities');
#7506=(
GEOMETRIC_REPRESENTATION_CONTEXT(3)
GLOBAL_UNCERTAINTY_ASSIGNED_CONTEXT((#7503))
GLOBAL_UNIT_ASSIGNED_CONTEXT((#7509,#7511,#7512))
REPRESENTATION_CONTEXT('','3D')
);
#7507=(
GEOMETRIC_REPRESENTATION_CONTEXT(3)
GLOBAL_UNCERTAINTY_ASSIGNED_CONTEXT((#7504))
GLOBAL_UNIT_ASSIGNED_CONTEXT((#7509,#7511,#7512))
REPRESENTATION_CONTEXT('','3D')
);
#7508=(
GEOMETRIC_REPRESENTATION_CONTEXT(3)
GLOBAL_UNCERTAINTY_ASSIGNED_CONTEXT((#7505))
GLOBAL_UNIT_ASSIGNED_CONTEXT((#7509,#7511,#7512))
REPRESENTATION_CONTEXT('','3D')
);
#7509=(
LENGTH_UNIT()
NAMED_UNIT(*)
SI_UNIT(.MILLI.,.METRE.)
);
#7510=(
LENGTH_UNIT()
NAMED_UNIT(*)
SI_UNIT($,.METRE.)
);
#7511=(
NAMED_UNIT(*)
PLANE_ANGLE_UNIT()
SI_UNIT($,.RADIAN.)
);
#7512=(
NAMED_UNIT(*)
SI_UNIT($,.STERADIAN.)
SOLID_ANGLE_UNIT()
);
#7513=SHAPE_DEFINITION_REPRESENTATION(#7515,#7518);
#7514=SHAPE_DEFINITION_REPRESENTATION(#7516,#7519);
#7515=PRODUCT_DEFINITION_SHAPE('',$,#7521);
#7516=PRODUCT_DEFINITION_SHAPE('',$,#7522);
#7517=PRODUCT_DEFINITION_SHAPE($,$,#14);
#7518=SHAPE_REPRESENTATION('',(#4315,#4557),#7506);
#7519=SHAPE_REPRESENTATION('',(#4316),#7507);
#7520=PRODUCT_DEFINITION_CONTEXT('part definition',#7528,'design');
#7521=PRODUCT_DEFINITION('Chassis','Chassis v25',#7523,#7520);
#7522=PRODUCT_DEFINITION('Chassis_1','Chassis',#7524,#7520);
#7523=PRODUCT_DEFINITION_FORMATION('',$,#7530);
#7524=PRODUCT_DEFINITION_FORMATION('',$,#7531);
#7525=PRODUCT_RELATED_PRODUCT_CATEGORY('Chassis v25','Chassis v25',(#7530));
#7526=PRODUCT_RELATED_PRODUCT_CATEGORY('Chassis','Chassis',(#7531));
#7527=APPLICATION_PROTOCOL_DEFINITION('international standard',
'automotive_design',2009,#7528);
#7528=APPLICATION_CONTEXT(
'Core Data for Automotive Mechanical Design Process');
#7529=PRODUCT_CONTEXT('part definition',#7528,'mechanical');
#7530=PRODUCT('Chassis','Chassis v25',$,(#7529));
#7531=PRODUCT('Chassis_1','Chassis',$,(#7529));
#7532=PRESENTATION_STYLE_ASSIGNMENT((#7540));
#7533=PRESENTATION_STYLE_ASSIGNMENT((#7541));
#7534=PRESENTATION_STYLE_ASSIGNMENT((#7542));
#7535=PRESENTATION_STYLE_ASSIGNMENT((#7543));
#7536=PRESENTATION_STYLE_ASSIGNMENT((#7544));
#7537=PRESENTATION_STYLE_ASSIGNMENT((#7545));
#7538=PRESENTATION_STYLE_ASSIGNMENT((#7546));
#7539=PRESENTATION_STYLE_ASSIGNMENT((#7547));
#7540=SURFACE_STYLE_USAGE(.BOTH.,#7548);
#7541=SURFACE_STYLE_USAGE(.BOTH.,#7549);
#7542=SURFACE_STYLE_USAGE(.BOTH.,#7550);
#7543=SURFACE_STYLE_USAGE(.BOTH.,#7551);
#7544=SURFACE_STYLE_USAGE(.BOTH.,#7552);
#7545=SURFACE_STYLE_USAGE(.BOTH.,#7553);
#7546=SURFACE_STYLE_USAGE(.BOTH.,#7554);
#7547=SURFACE_STYLE_USAGE(.BOTH.,#7555);
#7548=SURFACE_SIDE_STYLE('',(#7556));
#7549=SURFACE_SIDE_STYLE('',(#7557));
#7550=SURFACE_SIDE_STYLE('',(#7558));
#7551=SURFACE_SIDE_STYLE('',(#7559));
#7552=SURFACE_SIDE_STYLE('',(#7560));
#7553=SURFACE_SIDE_STYLE('',(#7561));
#7554=SURFACE_SIDE_STYLE('',(#7562));
#7555=SURFACE_SIDE_STYLE('',(#7563));
#7556=SURFACE_STYLE_FILL_AREA(#7564);
#7557=SURFACE_STYLE_FILL_AREA(#7565);
#7558=SURFACE_STYLE_FILL_AREA(#7566);
#7559=SURFACE_STYLE_FILL_AREA(#7567);
#7560=SURFACE_STYLE_FILL_AREA(#7568);
#7561=SURFACE_STYLE_FILL_AREA(#7569);
#7562=SURFACE_STYLE_FILL_AREA(#7570);
#7563=SURFACE_STYLE_FILL_AREA(#7571);
#7564=FILL_AREA_STYLE('Steel - Satin',(#7572));
#7565=FILL_AREA_STYLE('Aluminum - Satin',(#7573));
#7566=FILL_AREA_STYLE('Opaque(50,50,50)',(#7574));
#7567=FILL_AREA_STYLE('Opaque(255,255,255)',(#7575));
#7568=FILL_AREA_STYLE('Opaque(245,245,246)',(#7576));
#7569=FILL_AREA_STYLE('ABS (White) (1)',(#7577));
#7570=FILL_AREA_STYLE('Opaque(250,182,1)',(#7578));
#7571=FILL_AREA_STYLE('ABS (White)',(#7579));
#7572=FILL_AREA_STYLE_COLOUR('Steel - Satin',#7580);
#7573=FILL_AREA_STYLE_COLOUR('Aluminum - Satin',#7581);
#7574=FILL_AREA_STYLE_COLOUR('Opaque(50,50,50)',#7582);
#7575=FILL_AREA_STYLE_COLOUR('Opaque(255,255,255)',#7583);
#7576=FILL_AREA_STYLE_COLOUR('Opaque(245,245,246)',#7584);
#7577=FILL_AREA_STYLE_COLOUR('ABS (White) (1)',#7585);
#7578=FILL_AREA_STYLE_COLOUR('Opaque(250,182,1)',#7586);
#7579=FILL_AREA_STYLE_COLOUR('ABS (White)',#7587);
#7580=COLOUR_RGB('Steel - Satin',0.627450980392157,0.627450980392157,0.627450980392157);
#7581=COLOUR_RGB('Aluminum - Satin',0.96078431372549,0.96078431372549,0.964705882352941);
#7582=COLOUR_RGB('Opaque(50,50,50)',0.196078431372549,0.196078431372549,
0.196078431372549);
#7583=COLOUR_RGB('Opaque(255,255,255)',1.,1.,1.);
#7584=COLOUR_RGB('Opaque(245,245,246)',0.96078431372549,0.96078431372549,
0.964705882352941);
#7585=COLOUR_RGB('ABS (White) (1)',0.905882352941176,0.262745098039216,
0.184313725490196);
#7586=COLOUR_RGB('Opaque(250,182,1)',0.980392156862745,0.713725490196078,
0.00392156862745098);
#7587=COLOUR_RGB('ABS (White)',0.964705882352941,0.964705882352941,0.952941176470588);
ENDSEC;
END-ISO-10303-21;
