ISO-10303-21;
HEADER;
/* Generated by software containing ST-Developer
 * from STEP Tools, Inc. (www.steptools.com) 
 */

FILE_DESCRIPTION(
/* description */ (''),
/* implementation_level */ '2;1');

FILE_NAME(
/* name */ 'RearElectronicsShield.step',
/* time_stamp */ '2026-08-13T12:57:21-04:00',
/* author */ (''),
/* organization */ (''),
/* preprocessor_version */ 'ST-DEVELOPER v20.1',
/* originating_system */ 'Autodesk Translation Framework v15.8.0.0',
/* authorisation */ '');

FILE_SCHEMA (('AUTOMOTIVE_DESIGN { 1 0 10303 214 3 1 1 }'));
ENDSEC;

DATA;
#10=MECHANICAL_DESIGN_GEOMETRIC_PRESENTATION_REPRESENTATION('',(#17),#2907);
#11=ITEM_DEFINED_TRANSFORMATION($,$,#1683,#1812);
#12=(
REPRESENTATION_RELATIONSHIP($,$,#2918,#2917)
REPRESENTATION_RELATIONSHIP_WITH_TRANSFORMATION(#11)
SHAPE_REPRESENTATION_RELATIONSHIP()
);
#13=CONTEXT_DEPENDENT_SHAPE_REPRESENTATION(#12,#2916);
#14=NEXT_ASSEMBLY_USAGE_OCCURRENCE('Chassis:1','Chassis:1','Chassis:1',
#2920,#2921,'Chassis:1');
#15=SHAPE_REPRESENTATION_RELATIONSHIP('SRR','None',#2918,#16);
#16=ADVANCED_BREP_SHAPE_REPRESENTATION('',(#18),#2906);
#17=STYLED_ITEM('',(#2936),#18);
#18=MANIFOLD_SOLID_BREP('RearElectronicsShield',#1669);
#19=FACE_BOUND('',#240,.T.);
#20=FACE_BOUND('',#242,.T.);
#21=FACE_BOUND('',#244,.T.);
#22=FACE_BOUND('',#245,.T.);
#23=FACE_BOUND('',#246,.T.);
#24=FACE_BOUND('',#255,.T.);
#25=FACE_BOUND('',#262,.T.);
#26=FACE_BOUND('',#263,.T.);
#27=FACE_BOUND('',#283,.T.);
#28=FACE_BOUND('',#284,.T.);
#29=B_SPLINE_CURVE_WITH_KNOTS('',3,(#2425,#2426,#2427,#2428,#2429,#2430,
#2431,#2432,#2433,#2434,#2435,#2436,#2437),.UNSPECIFIED.,.F.,.F.,(4,3,3,
3,4),(0.00143789188557808,0.158807222697141,0.317000873775707,0.475323504909894,
0.620366993720107),.UNSPECIFIED.);
#30=B_SPLINE_CURVE_WITH_KNOTS('',3,(#2439,#2440,#2441,#2442,#2443,#2444),
 .UNSPECIFIED.,.F.,.F.,(4,2,4),(-7.31318873819498,-6.7776174720667,-6.54149000174977),
 .UNSPECIFIED.);
#31=B_SPLINE_CURVE_WITH_KNOTS('',3,(#2446,#2447,#2448,#2449,#2450,#2451,
#2452,#2453),.UNSPECIFIED.,.F.,.F.,(4,2,2,4),(-6.39919651955298,-5.94626947998455,
-4.17825339611142,-3.7463678061863),.UNSPECIFIED.);
#32=B_SPLINE_CURVE_WITH_KNOTS('',3,(#2455,#2456,#2457,#2458),
 .UNSPECIFIED.,.F.,.F.,(4,4),(6.50273154516778,7.15407226805698),
 .UNSPECIFIED.);
#33=B_SPLINE_CURVE_WITH_KNOTS('',3,(#2459,#2460,#2461,#2462,#2463,#2464,
#2465,#2466,#2467,#2468,#2469,#2470,#2471,#2472,#2473,#2474,#2475,#2476,
#2477,#2478,#2479,#2480,#2481,#2482,#2483,#2484,#2485,#2486,#2487,#2488,
#2489,#2490,#2491,#2492,#2493,#2494,#2495,#2496,#2497,#2498,#2499,#2500,
#2501),.UNSPECIFIED.,.F.,.F.,(4,3,3,3,3,3,3,3,3,3,3,3,3,3,4),(0.620366993720107,
0.769981378426304,0.981566038182429,1.19499110460126,1.41134646927828,1.53996275685261,
1.73517418313133,1.93100285429971,2.12810769936426,2.30994413527891,2.48369488623897,
2.66024904351661,2.83755857207182,3.01474303402033,3.07863518485197),
 .UNSPECIFIED.);
#34=B_SPLINE_CURVE_WITH_KNOTS('',3,(#2505,#2506,#2507,#2508,#2509,#2510),
 .UNSPECIFIED.,.F.,.F.,(4,2,4),(-18.9427945497229,-18.5180457044472,-18.2770810341513),
 .UNSPECIFIED.);
#35=B_SPLINE_CURVE_WITH_KNOTS('',3,(#2512,#2513,#2514,#2515,#2516,#2517,
#2518,#2519,#2520,#2521),.UNSPECIFIED.,.F.,.F.,(4,2,2,2,4),(-10.7219074376204,
-10.4564190620701,-9.63539988523501,-8.81438070839995,-8.06676043610518),
 .UNSPECIFIED.);
#36=B_SPLINE_CURVE_WITH_KNOTS('',3,(#2523,#2524,#2525,#2526,#2527,#2528),
 .UNSPECIFIED.,.F.,.F.,(4,2,4),(-59.8569346894317,-59.5259455858834,-59.0375925347248),
 .UNSPECIFIED.);
#37=B_SPLINE_CURVE_WITH_KNOTS('',3,(#2530,#2531,#2532,#2533,#2534,#2535,
#2536,#2537,#2538,#2539,#2540,#2541,#2542,#2543,#2544,#2545),
 .UNSPECIFIED.,.F.,.F.,(4,3,3,3,3,4),(2.30994357559123,2.47333799322704,
2.6365219589045,2.79961474138531,2.96278901056243,3.07831144450731),
 .UNSPECIFIED.);
#38=B_SPLINE_CURVE_WITH_KNOTS('',3,(#2546,#2547,#2548,#2549,#2550,#2551,
#2552,#2553,#2554,#2555,#2556,#2557,#2558,#2559,#2560,#2561,#2562,#2563,
#2564,#2565,#2566,#2567,#2568,#2569,#2570,#2571,#2572,#2573,#2574,#2575,
#2576,#2577,#2578,#2579,#2580,#2581,#2582,#2583,#2584,#2585,#2586,#2587,
#2588,#2589,#2590,#2591,#2592,#2593,#2594,#2595,#2596,#2597,#2598,#2599,
#2600,#2601,#2602,#2603),.UNSPECIFIED.,.F.,.F.,(4,3,3,3,3,3,3,3,3,3,3,3,
3,3,3,3,3,3,3,4),(0.000643824085549195,0.19744251373611,0.219380167935566,
0.416254125707711,0.437451847417635,0.634116982489368,0.651745985566357,
0.769981191863742,0.952537760159086,1.00797446053187,1.19420222862021,1.23817133080854,
1.42813375828869,1.45853119664899,1.53996238372748,1.73245768169342,1.91679284160493,
2.10059633894894,2.28381600100279,2.30994357559113),.UNSPECIFIED.);
#39=TOROIDAL_SURFACE('',#1707,153.965332877094,102.234844013934);
#40=TOROIDAL_SURFACE('',#1708,102.236418510629,46.4636747945027);
#41=CIRCLE('',#1702,89.7669494353815);
#42=CIRCLE('',#1703,89.7669494353815);
#43=CIRCLE('',#1705,89.7669494353815);
#44=CIRCLE('',#1706,89.7669494353815);
#45=CIRCLE('',#1710,1.5999998151681);
#46=CIRCLE('',#1711,1.5999998151681);
#47=CIRCLE('',#1713,1.5999998151681);
#48=CIRCLE('',#1714,1.5999998151681);
#49=CIRCLE('',#1716,3.49999904632568);
#50=CIRCLE('',#1717,3.49999904632568);
#51=CIRCLE('',#1719,3.49999904632568);
#52=CIRCLE('',#1720,3.49999904632568);
#53=CIRCLE('',#1722,3.00000113375281);
#54=CIRCLE('',#1723,3.00000113375281);
#55=CIRCLE('',#1725,5.99999972031301);
#56=CIRCLE('',#1726,5.99999972031301);
#57=CIRCLE('',#1728,6.00000058000383);
#58=CIRCLE('',#1729,6.00000058000383);
#59=CIRCLE('',#1731,3.00000113375281);
#60=CIRCLE('',#1732,3.00000113375281);
#61=CIRCLE('',#1734,2.00000286102295);
#62=CIRCLE('',#1735,2.00000286102295);
#63=CIRCLE('',#1737,2.00000017881393);
#64=CIRCLE('',#1738,2.00000017881393);
#65=CIRCLE('',#1740,2.00000017881393);
#66=CIRCLE('',#1741,2.00000017881393);
#67=CIRCLE('',#1743,2.00000286102295);
#68=CIRCLE('',#1744,2.00000286102295);
#69=CIRCLE('',#1746,2.00000017881393);
#70=CIRCLE('',#1747,2.00000017881393);
#71=CIRCLE('',#1749,2.00000286102295);
#72=CIRCLE('',#1750,2.00000286102295);
#73=CIRCLE('',#1752,2.00000286102295);
#74=CIRCLE('',#1753,2.00000286102295);
#75=CIRCLE('',#1755,2.00000017881393);
#76=CIRCLE('',#1756,2.00000017881393);
#77=CIRCLE('',#1758,6.0000005364418);
#78=CIRCLE('',#1759,6.0000005364418);
#79=CIRCLE('',#1761,3.60000272636127);
#80=CIRCLE('',#1762,3.60000272636127);
#81=CIRCLE('',#1764,3.60000272636127);
#82=CIRCLE('',#1765,3.60000272636127);
#83=CYLINDRICAL_SURFACE('',#1701,89.7669494353815);
#84=CYLINDRICAL_SURFACE('',#1704,89.7669494353815);
#85=CYLINDRICAL_SURFACE('',#1709,1.5999998151681);
#86=CYLINDRICAL_SURFACE('',#1712,1.5999998151681);
#87=CYLINDRICAL_SURFACE('',#1715,3.49999904632568);
#88=CYLINDRICAL_SURFACE('',#1718,3.49999904632568);
#89=CYLINDRICAL_SURFACE('',#1721,3.00000113375281);
#90=CYLINDRICAL_SURFACE('',#1724,5.99999972031301);
#91=CYLINDRICAL_SURFACE('',#1727,6.00000058000383);
#92=CYLINDRICAL_SURFACE('',#1730,3.00000113375281);
#93=CYLINDRICAL_SURFACE('',#1733,2.00000286102295);
#94=CYLINDRICAL_SURFACE('',#1736,2.00000017881393);
#95=CYLINDRICAL_SURFACE('',#1739,2.00000017881393);
#96=CYLINDRICAL_SURFACE('',#1742,2.00000286102295);
#97=CYLINDRICAL_SURFACE('',#1745,2.00000017881393);
#98=CYLINDRICAL_SURFACE('',#1748,2.00000286102295);
#99=CYLINDRICAL_SURFACE('',#1751,2.00000286102295);
#100=CYLINDRICAL_SURFACE('',#1754,2.00000017881393);
#101=CYLINDRICAL_SURFACE('',#1757,6.0000005364418);
#102=CYLINDRICAL_SURFACE('',#1760,3.60000272636127);
#103=CYLINDRICAL_SURFACE('',#1763,3.60000272636127);
#104=FACE_OUTER_BOUND('',#190,.T.);
#105=FACE_OUTER_BOUND('',#191,.T.);
#106=FACE_OUTER_BOUND('',#192,.T.);
#107=FACE_OUTER_BOUND('',#193,.T.);
#108=FACE_OUTER_BOUND('',#194,.T.);
#109=FACE_OUTER_BOUND('',#195,.T.);
#110=FACE_OUTER_BOUND('',#196,.T.);
#111=FACE_OUTER_BOUND('',#197,.T.);
#112=FACE_OUTER_BOUND('',#198,.T.);
#113=FACE_OUTER_BOUND('',#199,.T.);
#114=FACE_OUTER_BOUND('',#200,.T.);
#115=FACE_OUTER_BOUND('',#201,.T.);
#116=FACE_OUTER_BOUND('',#202,.T.);
#117=FACE_OUTER_BOUND('',#203,.T.);
#118=FACE_OUTER_BOUND('',#204,.T.);
#119=FACE_OUTER_BOUND('',#205,.T.);
#120=FACE_OUTER_BOUND('',#206,.T.);
#121=FACE_OUTER_BOUND('',#207,.T.);
#122=FACE_OUTER_BOUND('',#208,.T.);
#123=FACE_OUTER_BOUND('',#209,.T.);
#124=FACE_OUTER_BOUND('',#210,.T.);
#125=FACE_OUTER_BOUND('',#211,.T.);
#126=FACE_OUTER_BOUND('',#212,.T.);
#127=FACE_OUTER_BOUND('',#213,.T.);
#128=FACE_OUTER_BOUND('',#214,.T.);
#129=FACE_OUTER_BOUND('',#215,.T.);
#130=FACE_OUTER_BOUND('',#216,.T.);
#131=FACE_OUTER_BOUND('',#217,.T.);
#132=FACE_OUTER_BOUND('',#218,.T.);
#133=FACE_OUTER_BOUND('',#219,.T.);
#134=FACE_OUTER_BOUND('',#220,.T.);
#135=FACE_OUTER_BOUND('',#221,.T.);
#136=FACE_OUTER_BOUND('',#222,.T.);
#137=FACE_OUTER_BOUND('',#223,.T.);
#138=FACE_OUTER_BOUND('',#224,.T.);
#139=FACE_OUTER_BOUND('',#225,.T.);
#140=FACE_OUTER_BOUND('',#226,.T.);
#141=FACE_OUTER_BOUND('',#227,.T.);
#142=FACE_OUTER_BOUND('',#228,.T.);
#143=FACE_OUTER_BOUND('',#229,.T.);
#144=FACE_OUTER_BOUND('',#230,.T.);
#145=FACE_OUTER_BOUND('',#231,.T.);
#146=FACE_OUTER_BOUND('',#232,.T.);
#147=FACE_OUTER_BOUND('',#233,.T.);
#148=FACE_OUTER_BOUND('',#234,.T.);
#149=FACE_OUTER_BOUND('',#235,.T.);
#150=FACE_OUTER_BOUND('',#236,.T.);
#151=FACE_OUTER_BOUND('',#237,.T.);
#152=FACE_OUTER_BOUND('',#238,.T.);
#153=FACE_OUTER_BOUND('',#239,.T.);
#154=FACE_OUTER_BOUND('',#241,.T.);
#155=FACE_OUTER_BOUND('',#243,.T.);
#156=FACE_OUTER_BOUND('',#247,.T.);
#157=FACE_OUTER_BOUND('',#248,.T.);
#158=FACE_OUTER_BOUND('',#249,.T.);
#159=FACE_OUTER_BOUND('',#250,.T.);
#160=FACE_OUTER_BOUND('',#251,.T.);
#161=FACE_OUTER_BOUND('',#252,.T.);
#162=FACE_OUTER_BOUND('',#253,.T.);
#163=FACE_OUTER_BOUND('',#254,.T.);
#164=FACE_OUTER_BOUND('',#256,.T.);
#165=FACE_OUTER_BOUND('',#257,.T.);
#166=FACE_OUTER_BOUND('',#258,.T.);
#167=FACE_OUTER_BOUND('',#259,.T.);
#168=FACE_OUTER_BOUND('',#260,.T.);
#169=FACE_OUTER_BOUND('',#261,.T.);
#170=FACE_OUTER_BOUND('',#264,.T.);
#171=FACE_OUTER_BOUND('',#265,.T.);
#172=FACE_OUTER_BOUND('',#266,.T.);
#173=FACE_OUTER_BOUND('',#267,.T.);
#174=FACE_OUTER_BOUND('',#268,.T.);
#175=FACE_OUTER_BOUND('',#269,.T.);
#176=FACE_OUTER_BOUND('',#270,.T.);
#177=FACE_OUTER_BOUND('',#271,.T.);
#178=FACE_OUTER_BOUND('',#272,.T.);
#179=FACE_OUTER_BOUND('',#273,.T.);
#180=FACE_OUTER_BOUND('',#274,.T.);
#181=FACE_OUTER_BOUND('',#275,.T.);
#182=FACE_OUTER_BOUND('',#276,.T.);
#183=FACE_OUTER_BOUND('',#277,.T.);
#184=FACE_OUTER_BOUND('',#278,.T.);
#185=FACE_OUTER_BOUND('',#279,.T.);
#186=FACE_OUTER_BOUND('',#280,.T.);
#187=FACE_OUTER_BOUND('',#281,.T.);
#188=FACE_OUTER_BOUND('',#282,.T.);
#189=FACE_OUTER_BOUND('',#285,.T.);
#190=EDGE_LOOP('',(#1048,#1049,#1050));
#191=EDGE_LOOP('',(#1051,#1052,#1053,#1054));
#192=EDGE_LOOP('',(#1055,#1056,#1057,#1058));
#193=EDGE_LOOP('',(#1059,#1060,#1061,#1062));
#194=EDGE_LOOP('',(#1063,#1064,#1065,#1066));
#195=EDGE_LOOP('',(#1067,#1068,#1069,#1070));
#196=EDGE_LOOP('',(#1071,#1072,#1073,#1074));
#197=EDGE_LOOP('',(#1075,#1076,#1077,#1078));
#198=EDGE_LOOP('',(#1079,#1080,#1081,#1082));
#199=EDGE_LOOP('',(#1083,#1084,#1085,#1086));
#200=EDGE_LOOP('',(#1087,#1088,#1089,#1090));
#201=EDGE_LOOP('',(#1091,#1092,#1093,#1094));
#202=EDGE_LOOP('',(#1095,#1096,#1097,#1098));
#203=EDGE_LOOP('',(#1099,#1100,#1101,#1102));
#204=EDGE_LOOP('',(#1103,#1104,#1105,#1106));
#205=EDGE_LOOP('',(#1107,#1108,#1109,#1110));
#206=EDGE_LOOP('',(#1111,#1112,#1113));
#207=EDGE_LOOP('',(#1114,#1115,#1116,#1117));
#208=EDGE_LOOP('',(#1118,#1119,#1120,#1121));
#209=EDGE_LOOP('',(#1122,#1123,#1124,#1125,#1126));
#210=EDGE_LOOP('',(#1127,#1128,#1129,#1130,#1131));
#211=EDGE_LOOP('',(#1132,#1133,#1134,#1135));
#212=EDGE_LOOP('',(#1136,#1137,#1138,#1139));
#213=EDGE_LOOP('',(#1140,#1141,#1142,#1143));
#214=EDGE_LOOP('',(#1144,#1145,#1146,#1147));
#215=EDGE_LOOP('',(#1148,#1149,#1150,#1151));
#216=EDGE_LOOP('',(#1152,#1153,#1154,#1155));
#217=EDGE_LOOP('',(#1156,#1157,#1158,#1159));
#218=EDGE_LOOP('',(#1160,#1161,#1162,#1163));
#219=EDGE_LOOP('',(#1164,#1165,#1166,#1167));
#220=EDGE_LOOP('',(#1168,#1169,#1170,#1171));
#221=EDGE_LOOP('',(#1172,#1173,#1174,#1175));
#222=EDGE_LOOP('',(#1176,#1177,#1178,#1179));
#223=EDGE_LOOP('',(#1180,#1181,#1182,#1183));
#224=EDGE_LOOP('',(#1184,#1185,#1186,#1187));
#225=EDGE_LOOP('',(#1188,#1189,#1190,#1191));
#226=EDGE_LOOP('',(#1192,#1193,#1194,#1195));
#227=EDGE_LOOP('',(#1196,#1197,#1198,#1199));
#228=EDGE_LOOP('',(#1200,#1201,#1202,#1203,#1204));
#229=EDGE_LOOP('',(#1205,#1206,#1207,#1208,#1209));
#230=EDGE_LOOP('',(#1210,#1211,#1212,#1213,#1214));
#231=EDGE_LOOP('',(#1215,#1216,#1217,#1218));
#232=EDGE_LOOP('',(#1219,#1220,#1221,#1222));
#233=EDGE_LOOP('',(#1223,#1224,#1225,#1226));
#234=EDGE_LOOP('',(#1227,#1228,#1229,#1230));
#235=EDGE_LOOP('',(#1231,#1232,#1233,#1234,#1235));
#236=EDGE_LOOP('',(#1236,#1237,#1238,#1239));
#237=EDGE_LOOP('',(#1240,#1241,#1242,#1243));
#238=EDGE_LOOP('',(#1244,#1245,#1246,#1247,#1248,#1249,#1250,#1251));
#239=EDGE_LOOP('',(#1252,#1253,#1254,#1255));
#240=EDGE_LOOP('',(#1256));
#241=EDGE_LOOP('',(#1257,#1258,#1259,#1260));
#242=EDGE_LOOP('',(#1261));
#243=EDGE_LOOP('',(#1262,#1263,#1264,#1265,#1266,#1267,#1268,#1269,#1270,
#1271,#1272,#1273,#1274,#1275,#1276,#1277,#1278));
#244=EDGE_LOOP('',(#1279,#1280,#1281));
#245=EDGE_LOOP('',(#1282,#1283,#1284));
#246=EDGE_LOOP('',(#1285,#1286,#1287,#1288,#1289,#1290));
#247=EDGE_LOOP('',(#1291,#1292,#1293,#1294,#1295,#1296,#1297,#1298));
#248=EDGE_LOOP('',(#1299,#1300,#1301,#1302));
#249=EDGE_LOOP('',(#1303,#1304,#1305,#1306));
#250=EDGE_LOOP('',(#1307,#1308,#1309,#1310));
#251=EDGE_LOOP('',(#1311,#1312,#1313,#1314));
#252=EDGE_LOOP('',(#1315,#1316,#1317,#1318));
#253=EDGE_LOOP('',(#1319,#1320,#1321,#1322));
#254=EDGE_LOOP('',(#1323,#1324,#1325,#1326,#1327,#1328));
#255=EDGE_LOOP('',(#1329,#1330,#1331,#1332,#1333,#1334,#1335,#1336));
#256=EDGE_LOOP('',(#1337,#1338,#1339));
#257=EDGE_LOOP('',(#1340,#1341,#1342));
#258=EDGE_LOOP('',(#1343,#1344,#1345,#1346));
#259=EDGE_LOOP('',(#1347,#1348,#1349,#1350));
#260=EDGE_LOOP('',(#1351,#1352,#1353,#1354));
#261=EDGE_LOOP('',(#1355,#1356,#1357,#1358,#1359,#1360,#1361,#1362));
#262=EDGE_LOOP('',(#1363,#1364,#1365,#1366,#1367,#1368,#1369,#1370));
#263=EDGE_LOOP('',(#1371,#1372,#1373,#1374,#1375,#1376,#1377,#1378));
#264=EDGE_LOOP('',(#1379,#1380,#1381,#1382));
#265=EDGE_LOOP('',(#1383,#1384,#1385,#1386));
#266=EDGE_LOOP('',(#1387,#1388,#1389,#1390));
#267=EDGE_LOOP('',(#1391,#1392,#1393,#1394));
#268=EDGE_LOOP('',(#1395,#1396,#1397,#1398,#1399,#1400,#1401,#1402));
#269=EDGE_LOOP('',(#1403,#1404,#1405,#1406,#1407,#1408,#1409,#1410));
#270=EDGE_LOOP('',(#1411,#1412,#1413,#1414,#1415,#1416,#1417,#1418));
#271=EDGE_LOOP('',(#1419,#1420,#1421,#1422,#1423));
#272=EDGE_LOOP('',(#1424,#1425,#1426,#1427));
#273=EDGE_LOOP('',(#1428,#1429,#1430,#1431));
#274=EDGE_LOOP('',(#1432,#1433,#1434,#1435));
#275=EDGE_LOOP('',(#1436,#1437,#1438,#1439));
#276=EDGE_LOOP('',(#1440,#1441,#1442,#1443));
#277=EDGE_LOOP('',(#1444,#1445,#1446,#1447));
#278=EDGE_LOOP('',(#1448,#1449,#1450,#1451,#1452,#1453,#1454,#1455));
#279=EDGE_LOOP('',(#1456,#1457,#1458,#1459));
#280=EDGE_LOOP('',(#1460,#1461,#1462,#1463,#1464));
#281=EDGE_LOOP('',(#1465,#1466,#1467,#1468,#1469,#1470,#1471,#1472,#1473,
#1474,#1475,#1476,#1477,#1478,#1479,#1480,#1481));
#282=EDGE_LOOP('',(#1482,#1483,#1484,#1485,#1486,#1487,#1488,#1489,#1490,
#1491,#1492,#1493,#1494,#1495,#1496,#1497,#1498,#1499,#1500,#1501,#1502,
#1503,#1504,#1505,#1506,#1507,#1508,#1509,#1510,#1511,#1512,#1513));
#283=EDGE_LOOP('',(#1514));
#284=EDGE_LOOP('',(#1515));
#285=EDGE_LOOP('',(#1516,#1517,#1518,#1519));
#286=LINE('',#2264,#470);
#287=LINE('',#2266,#471);
#288=LINE('',#2267,#472);
#289=LINE('',#2271,#473);
#290=LINE('',#2273,#474);
#291=LINE('',#2275,#475);
#292=LINE('',#2276,#476);
#293=LINE('',#2280,#477);
#294=LINE('',#2282,#478);
#295=LINE('',#2284,#479);
#296=LINE('',#2285,#480);
#297=LINE('',#2289,#481);
#298=LINE('',#2291,#482);
#299=LINE('',#2293,#483);
#300=LINE('',#2294,#484);
#301=LINE('',#2298,#485);
#302=LINE('',#2300,#486);
#303=LINE('',#2302,#487);
#304=LINE('',#2303,#488);
#305=LINE('',#2307,#489);
#306=LINE('',#2309,#490);
#307=LINE('',#2311,#491);
#308=LINE('',#2312,#492);
#309=LINE('',#2316,#493);
#310=LINE('',#2318,#494);
#311=LINE('',#2320,#495);
#312=LINE('',#2321,#496);
#313=LINE('',#2325,#497);
#314=LINE('',#2327,#498);
#315=LINE('',#2329,#499);
#316=LINE('',#2330,#500);
#317=LINE('',#2334,#501);
#318=LINE('',#2336,#502);
#319=LINE('',#2338,#503);
#320=LINE('',#2339,#504);
#321=LINE('',#2343,#505);
#322=LINE('',#2345,#506);
#323=LINE('',#2347,#507);
#324=LINE('',#2348,#508);
#325=LINE('',#2352,#509);
#326=LINE('',#2354,#510);
#327=LINE('',#2356,#511);
#328=LINE('',#2357,#512);
#329=LINE('',#2361,#513);
#330=LINE('',#2363,#514);
#331=LINE('',#2365,#515);
#332=LINE('',#2366,#516);
#333=LINE('',#2370,#517);
#334=LINE('',#2372,#518);
#335=LINE('',#2374,#519);
#336=LINE('',#2375,#520);
#337=LINE('',#2379,#521);
#338=LINE('',#2381,#522);
#339=LINE('',#2383,#523);
#340=LINE('',#2384,#524);
#341=LINE('',#2388,#525);
#342=LINE('',#2390,#526);
#343=LINE('',#2392,#527);
#344=LINE('',#2393,#528);
#345=LINE('',#2397,#529);
#346=LINE('',#2399,#530);
#347=LINE('',#2401,#531);
#348=LINE('',#2402,#532);
#349=LINE('',#2406,#533);
#350=LINE('',#2408,#534);
#351=LINE('',#2409,#535);
#352=LINE('',#2415,#536);
#353=LINE('',#2419,#537);
#354=LINE('',#2608,#538);
#355=LINE('',#2614,#539);
#356=LINE('',#2626,#540);
#357=LINE('',#2631,#541);
#358=LINE('',#2635,#542);
#359=LINE('',#2640,#543);
#360=LINE('',#2644,#544);
#361=LINE('',#2650,#545);
#362=LINE('',#2655,#546);
#363=LINE('',#2662,#547);
#364=LINE('',#2667,#548);
#365=LINE('',#2674,#549);
#366=LINE('',#2679,#550);
#367=LINE('',#2686,#551);
#368=LINE('',#2691,#552);
#369=LINE('',#2698,#553);
#370=LINE('',#2706,#554);
#371=LINE('',#2713,#555);
#372=LINE('',#2718,#556);
#373=LINE('',#2720,#557);
#374=LINE('',#2721,#558);
#375=LINE('',#2722,#559);
#376=LINE('',#2726,#560);
#377=LINE('',#2727,#561);
#378=LINE('',#2728,#562);
#379=LINE('',#2732,#563);
#380=LINE('',#2733,#564);
#381=LINE('',#2734,#565);
#382=LINE('',#2736,#566);
#383=LINE('',#2737,#567);
#384=LINE('',#2741,#568);
#385=LINE('',#2743,#569);
#386=LINE('',#2745,#570);
#387=LINE('',#2746,#571);
#388=LINE('',#2749,#572);
#389=LINE('',#2751,#573);
#390=LINE('',#2753,#574);
#391=LINE('',#2754,#575);
#392=LINE('',#2757,#576);
#393=LINE('',#2759,#577);
#394=LINE('',#2760,#578);
#395=LINE('',#2764,#579);
#396=LINE('',#2766,#580);
#397=LINE('',#2768,#581);
#398=LINE('',#2769,#582);
#399=LINE('',#2771,#583);
#400=LINE('',#2773,#584);
#401=LINE('',#2775,#585);
#402=LINE('',#2776,#586);
#403=LINE('',#2778,#587);
#404=LINE('',#2780,#588);
#405=LINE('',#2784,#589);
#406=LINE('',#2785,#590);
#407=LINE('',#2787,#591);
#408=LINE('',#2788,#592);
#409=LINE('',#2789,#593);
#410=LINE('',#2790,#594);
#411=LINE('',#2791,#595);
#412=LINE('',#2792,#596);
#413=LINE('',#2793,#597);
#414=LINE('',#2796,#598);
#415=LINE('',#2797,#599);
#416=LINE('',#2798,#600);
#417=LINE('',#2799,#601);
#418=LINE('',#2801,#602);
#419=LINE('',#2805,#603);
#420=LINE('',#2806,#604);
#421=LINE('',#2807,#605);
#422=LINE('',#2809,#606);
#423=LINE('',#2811,#607);
#424=LINE('',#2813,#608);
#425=LINE('',#2815,#609);
#426=LINE('',#2817,#610);
#427=LINE('',#2819,#611);
#428=LINE('',#2820,#612);
#429=LINE('',#2821,#613);
#430=LINE('',#2825,#614);
#431=LINE('',#2827,#615);
#432=LINE('',#2829,#616);
#433=LINE('',#2831,#617);
#434=LINE('',#2832,#618);
#435=LINE('',#2833,#619);
#436=LINE('',#2834,#620);
#437=LINE('',#2836,#621);
#438=LINE('',#2838,#622);
#439=LINE('',#2840,#623);
#440=LINE('',#2842,#624);
#441=LINE('',#2848,#625);
#442=LINE('',#2849,#626);
#443=LINE('',#2850,#627);
#444=LINE('',#2851,#628);
#445=LINE('',#2854,#629);
#446=LINE('',#2856,#630);
#447=LINE('',#2857,#631);
#448=LINE('',#2860,#632);
#449=LINE('',#2862,#633);
#450=LINE('',#2863,#634);
#451=LINE('',#2866,#635);
#452=LINE('',#2868,#636);
#453=LINE('',#2869,#637);
#454=LINE('',#2871,#638);
#455=LINE('',#2872,#639);
#456=LINE('',#2875,#640);
#457=LINE('',#2877,#641);
#458=LINE('',#2878,#642);
#459=LINE('',#2880,#643);
#460=LINE('',#2881,#644);
#461=LINE('',#2884,#645);
#462=LINE('',#2885,#646);
#463=LINE('',#2888,#647);
#464=LINE('',#2889,#648);
#465=LINE('',#2892,#649);
#466=LINE('',#2893,#650);
#467=LINE('',#2895,#651);
#468=LINE('',#2897,#652);
#469=LINE('',#2899,#653);
#470=VECTOR('',#1819,10.);
#471=VECTOR('',#1820,10.);
#472=VECTOR('',#1821,10.);
#473=VECTOR('',#1824,10.);
#474=VECTOR('',#1825,10.);
#475=VECTOR('',#1826,10.);
#476=VECTOR('',#1827,10.);
#477=VECTOR('',#1830,10.);
#478=VECTOR('',#1831,10.);
#479=VECTOR('',#1832,10.);
#480=VECTOR('',#1833,10.);
#481=VECTOR('',#1836,10.);
#482=VECTOR('',#1837,10.);
#483=VECTOR('',#1838,10.);
#484=VECTOR('',#1839,10.);
#485=VECTOR('',#1842,10.);
#486=VECTOR('',#1843,10.);
#487=VECTOR('',#1844,10.);
#488=VECTOR('',#1845,10.);
#489=VECTOR('',#1848,10.);
#490=VECTOR('',#1849,10.);
#491=VECTOR('',#1850,10.);
#492=VECTOR('',#1851,10.);
#493=VECTOR('',#1854,10.);
#494=VECTOR('',#1855,10.);
#495=VECTOR('',#1856,10.);
#496=VECTOR('',#1857,10.);
#497=VECTOR('',#1860,10.);
#498=VECTOR('',#1861,10.);
#499=VECTOR('',#1862,10.);
#500=VECTOR('',#1863,10.);
#501=VECTOR('',#1866,10.);
#502=VECTOR('',#1867,10.);
#503=VECTOR('',#1868,10.);
#504=VECTOR('',#1869,10.);
#505=VECTOR('',#1872,10.);
#506=VECTOR('',#1873,10.);
#507=VECTOR('',#1874,10.);
#508=VECTOR('',#1875,10.);
#509=VECTOR('',#1878,10.);
#510=VECTOR('',#1879,10.);
#511=VECTOR('',#1880,10.);
#512=VECTOR('',#1881,10.);
#513=VECTOR('',#1884,10.);
#514=VECTOR('',#1885,10.);
#515=VECTOR('',#1886,10.);
#516=VECTOR('',#1887,10.);
#517=VECTOR('',#1890,10.);
#518=VECTOR('',#1891,10.);
#519=VECTOR('',#1892,10.);
#520=VECTOR('',#1893,10.);
#521=VECTOR('',#1896,10.);
#522=VECTOR('',#1897,10.);
#523=VECTOR('',#1898,10.);
#524=VECTOR('',#1899,10.);
#525=VECTOR('',#1902,10.);
#526=VECTOR('',#1903,10.);
#527=VECTOR('',#1904,10.);
#528=VECTOR('',#1905,10.);
#529=VECTOR('',#1908,10.);
#530=VECTOR('',#1909,10.);
#531=VECTOR('',#1910,10.);
#532=VECTOR('',#1911,10.);
#533=VECTOR('',#1914,10.);
#534=VECTOR('',#1915,10.);
#535=VECTOR('',#1916,10.);
#536=VECTOR('',#1923,10.);
#537=VECTOR('',#1926,10.);
#538=VECTOR('',#1939,1.5999998151681);
#539=VECTOR('',#1946,1.5999998151681);
#540=VECTOR('',#1965,10.);
#541=VECTOR('',#1970,10.);
#542=VECTOR('',#1973,10.);
#543=VECTOR('',#1978,10.);
#544=VECTOR('',#1981,10.);
#545=VECTOR('',#1988,10.);
#546=VECTOR('',#1993,10.);
#547=VECTOR('',#2002,10.);
#548=VECTOR('',#2007,10.);
#549=VECTOR('',#2016,10.);
#550=VECTOR('',#2021,10.);
#551=VECTOR('',#2030,10.);
#552=VECTOR('',#2035,10.);
#553=VECTOR('',#2044,10.);
#554=VECTOR('',#2055,10.);
#555=VECTOR('',#2064,10.);
#556=VECTOR('',#2069,9.99999999999999);
#557=VECTOR('',#2070,10.);
#558=VECTOR('',#2071,10.);
#559=VECTOR('',#2072,10.);
#560=VECTOR('',#2075,10.);
#561=VECTOR('',#2076,10.);
#562=VECTOR('',#2077,10.);
#563=VECTOR('',#2080,10.);
#564=VECTOR('',#2081,10.);
#565=VECTOR('',#2082,10.);
#566=VECTOR('',#2085,10.);
#567=VECTOR('',#2086,10.);
#568=VECTOR('',#2089,10.);
#569=VECTOR('',#2090,10.);
#570=VECTOR('',#2091,10.);
#571=VECTOR('',#2092,10.);
#572=VECTOR('',#2095,10.);
#573=VECTOR('',#2096,10.);
#574=VECTOR('',#2097,9.99999999999999);
#575=VECTOR('',#2098,10.);
#576=VECTOR('',#2101,10.);
#577=VECTOR('',#2102,10.);
#578=VECTOR('',#2103,10.);
#579=VECTOR('',#2106,9.99999999999999);
#580=VECTOR('',#2107,10.);
#581=VECTOR('',#2108,10.);
#582=VECTOR('',#2109,10.);
#583=VECTOR('',#2112,10.);
#584=VECTOR('',#2113,10.);
#585=VECTOR('',#2114,10.);
#586=VECTOR('',#2115,10.);
#587=VECTOR('',#2118,10.);
#588=VECTOR('',#2121,10.);
#589=VECTOR('',#2124,10.);
#590=VECTOR('',#2125,10.);
#591=VECTOR('',#2126,10.);
#592=VECTOR('',#2127,10.);
#593=VECTOR('',#2128,10.);
#594=VECTOR('',#2129,10.);
#595=VECTOR('',#2130,10.);
#596=VECTOR('',#2131,10.);
#597=VECTOR('',#2132,10.);
#598=VECTOR('',#2133,10.);
#599=VECTOR('',#2134,10.);
#600=VECTOR('',#2135,10.);
#601=VECTOR('',#2136,10.);
#602=VECTOR('',#2139,10.);
#603=VECTOR('',#2142,10.);
#604=VECTOR('',#2143,10.);
#605=VECTOR('',#2144,10.);
#606=VECTOR('',#2147,10.);
#607=VECTOR('',#2150,10.);
#608=VECTOR('',#2153,10.);
#609=VECTOR('',#2156,10.);
#610=VECTOR('',#2159,10.);
#611=VECTOR('',#2162,10.);
#612=VECTOR('',#2163,10.);
#613=VECTOR('',#2164,10.);
#614=VECTOR('',#2171,10.);
#615=VECTOR('',#2174,10.);
#616=VECTOR('',#2177,10.);
#617=VECTOR('',#2180,10.);
#618=VECTOR('',#2181,10.);
#619=VECTOR('',#2182,10.);
#620=VECTOR('',#2183,10.);
#621=VECTOR('',#2186,10.);
#622=VECTOR('',#2189,10.);
#623=VECTOR('',#2192,10.);
#624=VECTOR('',#2195,10.);
#625=VECTOR('',#2202,10.);
#626=VECTOR('',#2203,10.);
#627=VECTOR('',#2204,10.);
#628=VECTOR('',#2205,10.);
#629=VECTOR('',#2208,10.);
#630=VECTOR('',#2209,10.);
#631=VECTOR('',#2210,10.);
#632=VECTOR('',#2213,9.99999999999999);
#633=VECTOR('',#2214,10.);
#634=VECTOR('',#2215,10.);
#635=VECTOR('',#2218,10.);
#636=VECTOR('',#2219,10.);
#637=VECTOR('',#2220,10.);
#638=VECTOR('',#2223,10.);
#639=VECTOR('',#2224,10.);
#640=VECTOR('',#2227,10.);
#641=VECTOR('',#2228,10.);
#642=VECTOR('',#2229,10.);
#643=VECTOR('',#2232,10.);
#644=VECTOR('',#2233,10.);
#645=VECTOR('',#2236,10.);
#646=VECTOR('',#2237,10.);
#647=VECTOR('',#2240,10.);
#648=VECTOR('',#2241,10.);
#649=VECTOR('',#2244,9.99999999999999);
#650=VECTOR('',#2245,10.);
#651=VECTOR('',#2248,10.);
#652=VECTOR('',#2251,10.);
#653=VECTOR('',#2254,10.);
#654=VERTEX_POINT('',#2262);
#655=VERTEX_POINT('',#2263);
#656=VERTEX_POINT('',#2265);
#657=VERTEX_POINT('',#2269);
#658=VERTEX_POINT('',#2270);
#659=VERTEX_POINT('',#2272);
#660=VERTEX_POINT('',#2274);
#661=VERTEX_POINT('',#2278);
#662=VERTEX_POINT('',#2279);
#663=VERTEX_POINT('',#2281);
#664=VERTEX_POINT('',#2283);
#665=VERTEX_POINT('',#2287);
#666=VERTEX_POINT('',#2288);
#667=VERTEX_POINT('',#2290);
#668=VERTEX_POINT('',#2292);
#669=VERTEX_POINT('',#2296);
#670=VERTEX_POINT('',#2297);
#671=VERTEX_POINT('',#2299);
#672=VERTEX_POINT('',#2301);
#673=VERTEX_POINT('',#2305);
#674=VERTEX_POINT('',#2306);
#675=VERTEX_POINT('',#2308);
#676=VERTEX_POINT('',#2310);
#677=VERTEX_POINT('',#2314);
#678=VERTEX_POINT('',#2315);
#679=VERTEX_POINT('',#2317);
#680=VERTEX_POINT('',#2319);
#681=VERTEX_POINT('',#2323);
#682=VERTEX_POINT('',#2324);
#683=VERTEX_POINT('',#2326);
#684=VERTEX_POINT('',#2328);
#685=VERTEX_POINT('',#2332);
#686=VERTEX_POINT('',#2333);
#687=VERTEX_POINT('',#2335);
#688=VERTEX_POINT('',#2337);
#689=VERTEX_POINT('',#2341);
#690=VERTEX_POINT('',#2342);
#691=VERTEX_POINT('',#2344);
#692=VERTEX_POINT('',#2346);
#693=VERTEX_POINT('',#2350);
#694=VERTEX_POINT('',#2351);
#695=VERTEX_POINT('',#2353);
#696=VERTEX_POINT('',#2355);
#697=VERTEX_POINT('',#2359);
#698=VERTEX_POINT('',#2360);
#699=VERTEX_POINT('',#2362);
#700=VERTEX_POINT('',#2364);
#701=VERTEX_POINT('',#2368);
#702=VERTEX_POINT('',#2369);
#703=VERTEX_POINT('',#2371);
#704=VERTEX_POINT('',#2373);
#705=VERTEX_POINT('',#2377);
#706=VERTEX_POINT('',#2378);
#707=VERTEX_POINT('',#2380);
#708=VERTEX_POINT('',#2382);
#709=VERTEX_POINT('',#2386);
#710=VERTEX_POINT('',#2387);
#711=VERTEX_POINT('',#2389);
#712=VERTEX_POINT('',#2391);
#713=VERTEX_POINT('',#2395);
#714=VERTEX_POINT('',#2396);
#715=VERTEX_POINT('',#2398);
#716=VERTEX_POINT('',#2400);
#717=VERTEX_POINT('',#2404);
#718=VERTEX_POINT('',#2405);
#719=VERTEX_POINT('',#2407);
#720=VERTEX_POINT('',#2411);
#721=VERTEX_POINT('',#2413);
#722=VERTEX_POINT('',#2417);
#723=VERTEX_POINT('',#2418);
#724=VERTEX_POINT('',#2423);
#725=VERTEX_POINT('',#2424);
#726=VERTEX_POINT('',#2438);
#727=VERTEX_POINT('',#2445);
#728=VERTEX_POINT('',#2454);
#729=VERTEX_POINT('',#2503);
#730=VERTEX_POINT('',#2504);
#731=VERTEX_POINT('',#2511);
#732=VERTEX_POINT('',#2522);
#733=VERTEX_POINT('',#2529);
#734=VERTEX_POINT('',#2605);
#735=VERTEX_POINT('',#2607);
#736=VERTEX_POINT('',#2611);
#737=VERTEX_POINT('',#2613);
#738=VERTEX_POINT('',#2623);
#739=VERTEX_POINT('',#2625);
#740=VERTEX_POINT('',#2629);
#741=VERTEX_POINT('',#2630);
#742=VERTEX_POINT('',#2632);
#743=VERTEX_POINT('',#2634);
#744=VERTEX_POINT('',#2638);
#745=VERTEX_POINT('',#2639);
#746=VERTEX_POINT('',#2641);
#747=VERTEX_POINT('',#2643);
#748=VERTEX_POINT('',#2647);
#749=VERTEX_POINT('',#2649);
#750=VERTEX_POINT('',#2653);
#751=VERTEX_POINT('',#2654);
#752=VERTEX_POINT('',#2659);
#753=VERTEX_POINT('',#2661);
#754=VERTEX_POINT('',#2665);
#755=VERTEX_POINT('',#2666);
#756=VERTEX_POINT('',#2671);
#757=VERTEX_POINT('',#2673);
#758=VERTEX_POINT('',#2677);
#759=VERTEX_POINT('',#2678);
#760=VERTEX_POINT('',#2683);
#761=VERTEX_POINT('',#2685);
#762=VERTEX_POINT('',#2689);
#763=VERTEX_POINT('',#2690);
#764=VERTEX_POINT('',#2695);
#765=VERTEX_POINT('',#2697);
#766=VERTEX_POINT('',#2704);
#767=VERTEX_POINT('',#2705);
#768=VERTEX_POINT('',#2710);
#769=VERTEX_POINT('',#2712);
#770=VERTEX_POINT('',#2716);
#771=VERTEX_POINT('',#2717);
#772=VERTEX_POINT('',#2719);
#773=VERTEX_POINT('',#2724);
#774=VERTEX_POINT('',#2725);
#775=VERTEX_POINT('',#2730);
#776=VERTEX_POINT('',#2731);
#777=VERTEX_POINT('',#2739);
#778=VERTEX_POINT('',#2740);
#779=VERTEX_POINT('',#2742);
#780=VERTEX_POINT('',#2744);
#781=VERTEX_POINT('',#2748);
#782=VERTEX_POINT('',#2750);
#783=VERTEX_POINT('',#2752);
#784=VERTEX_POINT('',#2756);
#785=VERTEX_POINT('',#2758);
#786=VERTEX_POINT('',#2762);
#787=VERTEX_POINT('',#2763);
#788=VERTEX_POINT('',#2765);
#789=VERTEX_POINT('',#2767);
#790=VERTEX_POINT('',#2772);
#791=VERTEX_POINT('',#2774);
#792=VERTEX_POINT('',#2782);
#793=VERTEX_POINT('',#2783);
#794=VERTEX_POINT('',#2786);
#795=VERTEX_POINT('',#2794);
#796=VERTEX_POINT('',#2795);
#797=VERTEX_POINT('',#2803);
#798=VERTEX_POINT('',#2804);
#799=VERTEX_POINT('',#2846);
#800=VERTEX_POINT('',#2847);
#801=VERTEX_POINT('',#2853);
#802=VERTEX_POINT('',#2855);
#803=VERTEX_POINT('',#2859);
#804=VERTEX_POINT('',#2861);
#805=VERTEX_POINT('',#2865);
#806=VERTEX_POINT('',#2867);
#807=VERTEX_POINT('',#2874);
#808=VERTEX_POINT('',#2876);
#809=VERTEX_POINT('',#2883);
#810=VERTEX_POINT('',#2887);
#811=VERTEX_POINT('',#2891);
#812=EDGE_CURVE('',#654,#655,#286,.T.);
#813=EDGE_CURVE('',#656,#654,#287,.T.);
#814=EDGE_CURVE('',#655,#656,#288,.T.);
#815=EDGE_CURVE('',#657,#658,#289,.T.);
#816=EDGE_CURVE('',#659,#657,#290,.T.);
#817=EDGE_CURVE('',#660,#659,#291,.T.);
#818=EDGE_CURVE('',#658,#660,#292,.T.);
#819=EDGE_CURVE('',#661,#662,#293,.T.);
#820=EDGE_CURVE('',#663,#661,#294,.T.);
#821=EDGE_CURVE('',#664,#663,#295,.T.);
#822=EDGE_CURVE('',#662,#664,#296,.T.);
#823=EDGE_CURVE('',#665,#666,#297,.T.);
#824=EDGE_CURVE('',#667,#665,#298,.T.);
#825=EDGE_CURVE('',#668,#667,#299,.T.);
#826=EDGE_CURVE('',#666,#668,#300,.T.);
#827=EDGE_CURVE('',#669,#670,#301,.T.);
#828=EDGE_CURVE('',#671,#669,#302,.T.);
#829=EDGE_CURVE('',#672,#671,#303,.T.);
#830=EDGE_CURVE('',#670,#672,#304,.T.);
#831=EDGE_CURVE('',#673,#674,#305,.T.);
#832=EDGE_CURVE('',#675,#673,#306,.T.);
#833=EDGE_CURVE('',#676,#675,#307,.T.);
#834=EDGE_CURVE('',#674,#676,#308,.T.);
#835=EDGE_CURVE('',#677,#678,#309,.T.);
#836=EDGE_CURVE('',#679,#677,#310,.T.);
#837=EDGE_CURVE('',#680,#679,#311,.T.);
#838=EDGE_CURVE('',#678,#680,#312,.T.);
#839=EDGE_CURVE('',#681,#682,#313,.T.);
#840=EDGE_CURVE('',#683,#681,#314,.T.);
#841=EDGE_CURVE('',#684,#683,#315,.T.);
#842=EDGE_CURVE('',#682,#684,#316,.T.);
#843=EDGE_CURVE('',#685,#686,#317,.T.);
#844=EDGE_CURVE('',#687,#685,#318,.T.);
#845=EDGE_CURVE('',#688,#687,#319,.T.);
#846=EDGE_CURVE('',#686,#688,#320,.T.);
#847=EDGE_CURVE('',#689,#690,#321,.T.);
#848=EDGE_CURVE('',#691,#689,#322,.T.);
#849=EDGE_CURVE('',#692,#691,#323,.T.);
#850=EDGE_CURVE('',#690,#692,#324,.T.);
#851=EDGE_CURVE('',#693,#694,#325,.T.);
#852=EDGE_CURVE('',#695,#693,#326,.T.);
#853=EDGE_CURVE('',#696,#695,#327,.T.);
#854=EDGE_CURVE('',#694,#696,#328,.T.);
#855=EDGE_CURVE('',#697,#698,#329,.T.);
#856=EDGE_CURVE('',#699,#697,#330,.T.);
#857=EDGE_CURVE('',#700,#699,#331,.T.);
#858=EDGE_CURVE('',#698,#700,#332,.T.);
#859=EDGE_CURVE('',#701,#702,#333,.T.);
#860=EDGE_CURVE('',#703,#701,#334,.T.);
#861=EDGE_CURVE('',#704,#703,#335,.T.);
#862=EDGE_CURVE('',#702,#704,#336,.T.);
#863=EDGE_CURVE('',#705,#706,#337,.T.);
#864=EDGE_CURVE('',#707,#705,#338,.T.);
#865=EDGE_CURVE('',#708,#707,#339,.T.);
#866=EDGE_CURVE('',#706,#708,#340,.T.);
#867=EDGE_CURVE('',#709,#710,#341,.T.);
#868=EDGE_CURVE('',#711,#709,#342,.T.);
#869=EDGE_CURVE('',#712,#711,#343,.T.);
#870=EDGE_CURVE('',#710,#712,#344,.T.);
#871=EDGE_CURVE('',#713,#714,#345,.T.);
#872=EDGE_CURVE('',#715,#713,#346,.T.);
#873=EDGE_CURVE('',#716,#715,#347,.T.);
#874=EDGE_CURVE('',#714,#716,#348,.T.);
#875=EDGE_CURVE('',#717,#718,#349,.T.);
#876=EDGE_CURVE('',#719,#717,#350,.T.);
#877=EDGE_CURVE('',#718,#719,#351,.T.);
#878=EDGE_CURVE('',#684,#720,#41,.T.);
#879=EDGE_CURVE('',#721,#683,#42,.T.);
#880=EDGE_CURVE('',#720,#721,#352,.T.);
#881=EDGE_CURVE('',#722,#723,#353,.T.);
#882=EDGE_CURVE('',#687,#722,#43,.T.);
#883=EDGE_CURVE('',#723,#685,#44,.T.);
#884=EDGE_CURVE('',#724,#725,#29,.T.);
#885=EDGE_CURVE('',#726,#724,#30,.T.);
#886=EDGE_CURVE('',#727,#726,#31,.T.);
#887=EDGE_CURVE('',#728,#727,#32,.T.);
#888=EDGE_CURVE('',#725,#728,#33,.T.);
#889=EDGE_CURVE('',#729,#730,#34,.T.);
#890=EDGE_CURVE('',#731,#729,#35,.T.);
#891=EDGE_CURVE('',#732,#731,#36,.T.);
#892=EDGE_CURVE('',#733,#732,#37,.T.);
#893=EDGE_CURVE('',#730,#733,#38,.T.);
#894=EDGE_CURVE('',#734,#734,#45,.T.);
#895=EDGE_CURVE('',#734,#735,#354,.T.);
#896=EDGE_CURVE('',#735,#735,#46,.T.);
#897=EDGE_CURVE('',#736,#736,#47,.T.);
#898=EDGE_CURVE('',#736,#737,#355,.T.);
#899=EDGE_CURVE('',#737,#737,#48,.T.);
#900=EDGE_CURVE('',#659,#661,#49,.T.);
#901=EDGE_CURVE('',#663,#657,#50,.T.);
#902=EDGE_CURVE('',#668,#671,#51,.T.);
#903=EDGE_CURVE('',#672,#667,#52,.T.);
#904=EDGE_CURVE('',#738,#690,#53,.T.);
#905=EDGE_CURVE('',#739,#738,#356,.T.);
#906=EDGE_CURVE('',#689,#739,#54,.T.);
#907=EDGE_CURVE('',#740,#741,#357,.T.);
#908=EDGE_CURVE('',#742,#740,#55,.T.);
#909=EDGE_CURVE('',#743,#742,#358,.T.);
#910=EDGE_CURVE('',#741,#743,#56,.T.);
#911=EDGE_CURVE('',#744,#745,#359,.T.);
#912=EDGE_CURVE('',#746,#744,#57,.T.);
#913=EDGE_CURVE('',#747,#746,#360,.T.);
#914=EDGE_CURVE('',#745,#747,#58,.T.);
#915=EDGE_CURVE('',#748,#691,#59,.T.);
#916=EDGE_CURVE('',#749,#748,#361,.T.);
#917=EDGE_CURVE('',#692,#749,#60,.T.);
#918=EDGE_CURVE('',#750,#751,#362,.T.);
#919=EDGE_CURVE('',#693,#750,#61,.T.);
#920=EDGE_CURVE('',#751,#694,#62,.T.);
#921=EDGE_CURVE('',#752,#699,#63,.T.);
#922=EDGE_CURVE('',#753,#752,#363,.T.);
#923=EDGE_CURVE('',#700,#753,#64,.T.);
#924=EDGE_CURVE('',#754,#755,#364,.T.);
#925=EDGE_CURVE('',#697,#754,#65,.T.);
#926=EDGE_CURVE('',#755,#698,#66,.T.);
#927=EDGE_CURVE('',#756,#695,#67,.T.);
#928=EDGE_CURVE('',#757,#756,#365,.T.);
#929=EDGE_CURVE('',#696,#757,#68,.T.);
#930=EDGE_CURVE('',#758,#759,#366,.T.);
#931=EDGE_CURVE('',#701,#758,#69,.T.);
#932=EDGE_CURVE('',#759,#702,#70,.T.);
#933=EDGE_CURVE('',#760,#707,#71,.T.);
#934=EDGE_CURVE('',#761,#760,#367,.T.);
#935=EDGE_CURVE('',#708,#761,#72,.T.);
#936=EDGE_CURVE('',#762,#763,#368,.T.);
#937=EDGE_CURVE('',#705,#762,#73,.T.);
#938=EDGE_CURVE('',#763,#706,#74,.T.);
#939=EDGE_CURVE('',#764,#703,#75,.T.);
#940=EDGE_CURVE('',#765,#764,#369,.T.);
#941=EDGE_CURVE('',#704,#765,#76,.T.);
#942=EDGE_CURVE('',#711,#713,#77,.T.);
#943=EDGE_CURVE('',#715,#709,#78,.T.);
#944=EDGE_CURVE('',#766,#767,#370,.T.);
#945=EDGE_CURVE('',#724,#766,#79,.T.);
#946=EDGE_CURVE('',#767,#728,#80,.T.);
#947=EDGE_CURVE('',#768,#732,#81,.T.);
#948=EDGE_CURVE('',#769,#768,#371,.T.);
#949=EDGE_CURVE('',#730,#769,#82,.T.);
#950=EDGE_CURVE('',#770,#771,#372,.T.);
#951=EDGE_CURVE('',#772,#770,#373,.T.);
#952=EDGE_CURVE('',#654,#772,#374,.T.);
#953=EDGE_CURVE('',#771,#655,#375,.T.);
#954=EDGE_CURVE('',#773,#774,#376,.T.);
#955=EDGE_CURVE('',#770,#773,#377,.T.);
#956=EDGE_CURVE('',#774,#771,#378,.T.);
#957=EDGE_CURVE('',#775,#776,#379,.T.);
#958=EDGE_CURVE('',#773,#775,#380,.T.);
#959=EDGE_CURVE('',#776,#774,#381,.T.);
#960=EDGE_CURVE('',#775,#768,#382,.T.);
#961=EDGE_CURVE('',#769,#776,#383,.T.);
#962=EDGE_CURVE('',#777,#778,#384,.T.);
#963=EDGE_CURVE('',#779,#777,#385,.T.);
#964=EDGE_CURVE('',#780,#779,#386,.T.);
#965=EDGE_CURVE('',#778,#780,#387,.T.);
#966=EDGE_CURVE('',#781,#717,#388,.T.);
#967=EDGE_CURVE('',#782,#781,#389,.T.);
#968=EDGE_CURVE('',#783,#782,#390,.T.);
#969=EDGE_CURVE('',#719,#783,#391,.T.);
#970=EDGE_CURVE('',#784,#782,#392,.T.);
#971=EDGE_CURVE('',#785,#784,#393,.T.);
#972=EDGE_CURVE('',#783,#785,#394,.T.);
#973=EDGE_CURVE('',#786,#787,#395,.T.);
#974=EDGE_CURVE('',#788,#786,#396,.T.);
#975=EDGE_CURVE('',#789,#788,#397,.T.);
#976=EDGE_CURVE('',#787,#789,#398,.T.);
#977=EDGE_CURVE('',#789,#710,#399,.T.);
#978=EDGE_CURVE('',#790,#788,#400,.T.);
#979=EDGE_CURVE('',#791,#790,#401,.T.);
#980=EDGE_CURVE('',#716,#791,#402,.T.);
#981=EDGE_CURVE('',#664,#658,#403,.T.);
#982=EDGE_CURVE('',#670,#665,#404,.T.);
#983=EDGE_CURVE('',#792,#793,#405,.T.);
#984=EDGE_CURVE('',#660,#792,#406,.T.);
#985=EDGE_CURVE('',#794,#662,#407,.T.);
#986=EDGE_CURVE('',#790,#794,#408,.T.);
#987=EDGE_CURVE('',#666,#786,#409,.T.);
#988=EDGE_CURVE('',#784,#669,#410,.T.);
#989=EDGE_CURVE('',#793,#781,#411,.T.);
#990=EDGE_CURVE('',#688,#722,#412,.T.);
#991=EDGE_CURVE('',#721,#681,#413,.T.);
#992=EDGE_CURVE('',#795,#796,#414,.T.);
#993=EDGE_CURVE('',#675,#795,#415,.T.);
#994=EDGE_CURVE('',#679,#673,#416,.T.);
#995=EDGE_CURVE('',#796,#677,#417,.T.);
#996=EDGE_CURVE('',#785,#787,#418,.T.);
#997=EDGE_CURVE('',#797,#798,#419,.T.);
#998=EDGE_CURVE('',#795,#797,#420,.T.);
#999=EDGE_CURVE('',#798,#796,#421,.T.);
#1000=EDGE_CURVE('',#676,#797,#422,.T.);
#1001=EDGE_CURVE('',#680,#674,#423,.T.);
#1002=EDGE_CURVE('',#798,#678,#424,.T.);
#1003=EDGE_CURVE('',#720,#682,#425,.T.);
#1004=EDGE_CURVE('',#686,#723,#426,.T.);
#1005=EDGE_CURVE('',#742,#739,#427,.T.);
#1006=EDGE_CURVE('',#746,#740,#428,.T.);
#1007=EDGE_CURVE('',#748,#744,#429,.T.);
#1008=EDGE_CURVE('',#743,#738,#430,.T.);
#1009=EDGE_CURVE('',#747,#741,#431,.T.);
#1010=EDGE_CURVE('',#749,#745,#432,.T.);
#1011=EDGE_CURVE('',#760,#758,#433,.T.);
#1012=EDGE_CURVE('',#764,#762,#434,.T.);
#1013=EDGE_CURVE('',#752,#750,#435,.T.);
#1014=EDGE_CURVE('',#756,#754,#436,.T.);
#1015=EDGE_CURVE('',#753,#751,#437,.T.);
#1016=EDGE_CURVE('',#757,#755,#438,.T.);
#1017=EDGE_CURVE('',#761,#759,#439,.T.);
#1018=EDGE_CURVE('',#765,#763,#440,.T.);
#1019=EDGE_CURVE('',#799,#800,#441,.T.);
#1020=EDGE_CURVE('',#779,#799,#442,.T.);
#1021=EDGE_CURVE('',#712,#777,#443,.T.);
#1022=EDGE_CURVE('',#800,#714,#444,.T.);
#1023=EDGE_CURVE('',#801,#772,#445,.T.);
#1024=EDGE_CURVE('',#802,#801,#446,.T.);
#1025=EDGE_CURVE('',#656,#802,#447,.T.);
#1026=EDGE_CURVE('',#803,#801,#448,.T.);
#1027=EDGE_CURVE('',#804,#803,#449,.T.);
#1028=EDGE_CURVE('',#802,#804,#450,.T.);
#1029=EDGE_CURVE('',#805,#803,#451,.T.);
#1030=EDGE_CURVE('',#806,#805,#452,.T.);
#1031=EDGE_CURVE('',#804,#806,#453,.T.);
#1032=EDGE_CURVE('',#766,#805,#454,.T.);
#1033=EDGE_CURVE('',#806,#767,#455,.T.);
#1034=EDGE_CURVE('',#807,#726,#456,.T.);
#1035=EDGE_CURVE('',#808,#807,#457,.T.);
#1036=EDGE_CURVE('',#727,#808,#458,.T.);
#1037=EDGE_CURVE('',#799,#807,#459,.T.);
#1038=EDGE_CURVE('',#808,#800,#460,.T.);
#1039=EDGE_CURVE('',#809,#794,#461,.T.);
#1040=EDGE_CURVE('',#791,#809,#462,.T.);
#1041=EDGE_CURVE('',#810,#792,#463,.T.);
#1042=EDGE_CURVE('',#809,#810,#464,.T.);
#1043=EDGE_CURVE('',#811,#793,#465,.T.);
#1044=EDGE_CURVE('',#810,#811,#466,.T.);
#1045=EDGE_CURVE('',#811,#718,#467,.T.);
#1046=EDGE_CURVE('',#780,#731,#468,.T.);
#1047=EDGE_CURVE('',#729,#778,#469,.T.);
#1048=ORIENTED_EDGE('',*,*,#812,.F.);
#1049=ORIENTED_EDGE('',*,*,#813,.F.);
#1050=ORIENTED_EDGE('',*,*,#814,.F.);
#1051=ORIENTED_EDGE('',*,*,#815,.F.);
#1052=ORIENTED_EDGE('',*,*,#816,.F.);
#1053=ORIENTED_EDGE('',*,*,#817,.F.);
#1054=ORIENTED_EDGE('',*,*,#818,.F.);
#1055=ORIENTED_EDGE('',*,*,#819,.F.);
#1056=ORIENTED_EDGE('',*,*,#820,.F.);
#1057=ORIENTED_EDGE('',*,*,#821,.F.);
#1058=ORIENTED_EDGE('',*,*,#822,.F.);
#1059=ORIENTED_EDGE('',*,*,#823,.F.);
#1060=ORIENTED_EDGE('',*,*,#824,.F.);
#1061=ORIENTED_EDGE('',*,*,#825,.F.);
#1062=ORIENTED_EDGE('',*,*,#826,.F.);
#1063=ORIENTED_EDGE('',*,*,#827,.F.);
#1064=ORIENTED_EDGE('',*,*,#828,.F.);
#1065=ORIENTED_EDGE('',*,*,#829,.F.);
#1066=ORIENTED_EDGE('',*,*,#830,.F.);
#1067=ORIENTED_EDGE('',*,*,#831,.F.);
#1068=ORIENTED_EDGE('',*,*,#832,.F.);
#1069=ORIENTED_EDGE('',*,*,#833,.F.);
#1070=ORIENTED_EDGE('',*,*,#834,.F.);
#1071=ORIENTED_EDGE('',*,*,#835,.F.);
#1072=ORIENTED_EDGE('',*,*,#836,.F.);
#1073=ORIENTED_EDGE('',*,*,#837,.F.);
#1074=ORIENTED_EDGE('',*,*,#838,.F.);
#1075=ORIENTED_EDGE('',*,*,#839,.F.);
#1076=ORIENTED_EDGE('',*,*,#840,.F.);
#1077=ORIENTED_EDGE('',*,*,#841,.F.);
#1078=ORIENTED_EDGE('',*,*,#842,.F.);
#1079=ORIENTED_EDGE('',*,*,#843,.F.);
#1080=ORIENTED_EDGE('',*,*,#844,.F.);
#1081=ORIENTED_EDGE('',*,*,#845,.F.);
#1082=ORIENTED_EDGE('',*,*,#846,.F.);
#1083=ORIENTED_EDGE('',*,*,#847,.F.);
#1084=ORIENTED_EDGE('',*,*,#848,.F.);
#1085=ORIENTED_EDGE('',*,*,#849,.F.);
#1086=ORIENTED_EDGE('',*,*,#850,.F.);
#1087=ORIENTED_EDGE('',*,*,#851,.F.);
#1088=ORIENTED_EDGE('',*,*,#852,.F.);
#1089=ORIENTED_EDGE('',*,*,#853,.F.);
#1090=ORIENTED_EDGE('',*,*,#854,.F.);
#1091=ORIENTED_EDGE('',*,*,#855,.F.);
#1092=ORIENTED_EDGE('',*,*,#856,.F.);
#1093=ORIENTED_EDGE('',*,*,#857,.F.);
#1094=ORIENTED_EDGE('',*,*,#858,.F.);
#1095=ORIENTED_EDGE('',*,*,#859,.F.);
#1096=ORIENTED_EDGE('',*,*,#860,.F.);
#1097=ORIENTED_EDGE('',*,*,#861,.F.);
#1098=ORIENTED_EDGE('',*,*,#862,.F.);
#1099=ORIENTED_EDGE('',*,*,#863,.F.);
#1100=ORIENTED_EDGE('',*,*,#864,.F.);
#1101=ORIENTED_EDGE('',*,*,#865,.F.);
#1102=ORIENTED_EDGE('',*,*,#866,.F.);
#1103=ORIENTED_EDGE('',*,*,#867,.F.);
#1104=ORIENTED_EDGE('',*,*,#868,.F.);
#1105=ORIENTED_EDGE('',*,*,#869,.F.);
#1106=ORIENTED_EDGE('',*,*,#870,.F.);
#1107=ORIENTED_EDGE('',*,*,#871,.F.);
#1108=ORIENTED_EDGE('',*,*,#872,.F.);
#1109=ORIENTED_EDGE('',*,*,#873,.F.);
#1110=ORIENTED_EDGE('',*,*,#874,.F.);
#1111=ORIENTED_EDGE('',*,*,#875,.F.);
#1112=ORIENTED_EDGE('',*,*,#876,.F.);
#1113=ORIENTED_EDGE('',*,*,#877,.F.);
#1114=ORIENTED_EDGE('',*,*,#878,.F.);
#1115=ORIENTED_EDGE('',*,*,#841,.T.);
#1116=ORIENTED_EDGE('',*,*,#879,.F.);
#1117=ORIENTED_EDGE('',*,*,#880,.F.);
#1118=ORIENTED_EDGE('',*,*,#881,.F.);
#1119=ORIENTED_EDGE('',*,*,#882,.F.);
#1120=ORIENTED_EDGE('',*,*,#844,.T.);
#1121=ORIENTED_EDGE('',*,*,#883,.F.);
#1122=ORIENTED_EDGE('',*,*,#884,.F.);
#1123=ORIENTED_EDGE('',*,*,#885,.F.);
#1124=ORIENTED_EDGE('',*,*,#886,.F.);
#1125=ORIENTED_EDGE('',*,*,#887,.F.);
#1126=ORIENTED_EDGE('',*,*,#888,.F.);
#1127=ORIENTED_EDGE('',*,*,#889,.F.);
#1128=ORIENTED_EDGE('',*,*,#890,.F.);
#1129=ORIENTED_EDGE('',*,*,#891,.F.);
#1130=ORIENTED_EDGE('',*,*,#892,.F.);
#1131=ORIENTED_EDGE('',*,*,#893,.F.);
#1132=ORIENTED_EDGE('',*,*,#894,.F.);
#1133=ORIENTED_EDGE('',*,*,#895,.T.);
#1134=ORIENTED_EDGE('',*,*,#896,.F.);
#1135=ORIENTED_EDGE('',*,*,#895,.F.);
#1136=ORIENTED_EDGE('',*,*,#897,.F.);
#1137=ORIENTED_EDGE('',*,*,#898,.T.);
#1138=ORIENTED_EDGE('',*,*,#899,.F.);
#1139=ORIENTED_EDGE('',*,*,#898,.F.);
#1140=ORIENTED_EDGE('',*,*,#900,.F.);
#1141=ORIENTED_EDGE('',*,*,#816,.T.);
#1142=ORIENTED_EDGE('',*,*,#901,.F.);
#1143=ORIENTED_EDGE('',*,*,#820,.T.);
#1144=ORIENTED_EDGE('',*,*,#902,.F.);
#1145=ORIENTED_EDGE('',*,*,#825,.T.);
#1146=ORIENTED_EDGE('',*,*,#903,.F.);
#1147=ORIENTED_EDGE('',*,*,#829,.T.);
#1148=ORIENTED_EDGE('',*,*,#904,.F.);
#1149=ORIENTED_EDGE('',*,*,#905,.F.);
#1150=ORIENTED_EDGE('',*,*,#906,.F.);
#1151=ORIENTED_EDGE('',*,*,#847,.T.);
#1152=ORIENTED_EDGE('',*,*,#907,.F.);
#1153=ORIENTED_EDGE('',*,*,#908,.F.);
#1154=ORIENTED_EDGE('',*,*,#909,.F.);
#1155=ORIENTED_EDGE('',*,*,#910,.F.);
#1156=ORIENTED_EDGE('',*,*,#911,.F.);
#1157=ORIENTED_EDGE('',*,*,#912,.F.);
#1158=ORIENTED_EDGE('',*,*,#913,.F.);
#1159=ORIENTED_EDGE('',*,*,#914,.F.);
#1160=ORIENTED_EDGE('',*,*,#849,.T.);
#1161=ORIENTED_EDGE('',*,*,#915,.F.);
#1162=ORIENTED_EDGE('',*,*,#916,.F.);
#1163=ORIENTED_EDGE('',*,*,#917,.F.);
#1164=ORIENTED_EDGE('',*,*,#918,.F.);
#1165=ORIENTED_EDGE('',*,*,#919,.F.);
#1166=ORIENTED_EDGE('',*,*,#851,.T.);
#1167=ORIENTED_EDGE('',*,*,#920,.F.);
#1168=ORIENTED_EDGE('',*,*,#857,.T.);
#1169=ORIENTED_EDGE('',*,*,#921,.F.);
#1170=ORIENTED_EDGE('',*,*,#922,.F.);
#1171=ORIENTED_EDGE('',*,*,#923,.F.);
#1172=ORIENTED_EDGE('',*,*,#924,.F.);
#1173=ORIENTED_EDGE('',*,*,#925,.F.);
#1174=ORIENTED_EDGE('',*,*,#855,.T.);
#1175=ORIENTED_EDGE('',*,*,#926,.F.);
#1176=ORIENTED_EDGE('',*,*,#853,.T.);
#1177=ORIENTED_EDGE('',*,*,#927,.F.);
#1178=ORIENTED_EDGE('',*,*,#928,.F.);
#1179=ORIENTED_EDGE('',*,*,#929,.F.);
#1180=ORIENTED_EDGE('',*,*,#930,.F.);
#1181=ORIENTED_EDGE('',*,*,#931,.F.);
#1182=ORIENTED_EDGE('',*,*,#859,.T.);
#1183=ORIENTED_EDGE('',*,*,#932,.F.);
#1184=ORIENTED_EDGE('',*,*,#865,.T.);
#1185=ORIENTED_EDGE('',*,*,#933,.F.);
#1186=ORIENTED_EDGE('',*,*,#934,.F.);
#1187=ORIENTED_EDGE('',*,*,#935,.F.);
#1188=ORIENTED_EDGE('',*,*,#936,.F.);
#1189=ORIENTED_EDGE('',*,*,#937,.F.);
#1190=ORIENTED_EDGE('',*,*,#863,.T.);
#1191=ORIENTED_EDGE('',*,*,#938,.F.);
#1192=ORIENTED_EDGE('',*,*,#861,.T.);
#1193=ORIENTED_EDGE('',*,*,#939,.F.);
#1194=ORIENTED_EDGE('',*,*,#940,.F.);
#1195=ORIENTED_EDGE('',*,*,#941,.F.);
#1196=ORIENTED_EDGE('',*,*,#942,.F.);
#1197=ORIENTED_EDGE('',*,*,#868,.T.);
#1198=ORIENTED_EDGE('',*,*,#943,.F.);
#1199=ORIENTED_EDGE('',*,*,#872,.T.);
#1200=ORIENTED_EDGE('',*,*,#944,.F.);
#1201=ORIENTED_EDGE('',*,*,#945,.F.);
#1202=ORIENTED_EDGE('',*,*,#884,.T.);
#1203=ORIENTED_EDGE('',*,*,#888,.T.);
#1204=ORIENTED_EDGE('',*,*,#946,.F.);
#1205=ORIENTED_EDGE('',*,*,#947,.F.);
#1206=ORIENTED_EDGE('',*,*,#948,.F.);
#1207=ORIENTED_EDGE('',*,*,#949,.F.);
#1208=ORIENTED_EDGE('',*,*,#893,.T.);
#1209=ORIENTED_EDGE('',*,*,#892,.T.);
#1210=ORIENTED_EDGE('',*,*,#950,.F.);
#1211=ORIENTED_EDGE('',*,*,#951,.F.);
#1212=ORIENTED_EDGE('',*,*,#952,.F.);
#1213=ORIENTED_EDGE('',*,*,#812,.T.);
#1214=ORIENTED_EDGE('',*,*,#953,.F.);
#1215=ORIENTED_EDGE('',*,*,#954,.F.);
#1216=ORIENTED_EDGE('',*,*,#955,.F.);
#1217=ORIENTED_EDGE('',*,*,#950,.T.);
#1218=ORIENTED_EDGE('',*,*,#956,.F.);
#1219=ORIENTED_EDGE('',*,*,#957,.F.);
#1220=ORIENTED_EDGE('',*,*,#958,.F.);
#1221=ORIENTED_EDGE('',*,*,#954,.T.);
#1222=ORIENTED_EDGE('',*,*,#959,.F.);
#1223=ORIENTED_EDGE('',*,*,#960,.F.);
#1224=ORIENTED_EDGE('',*,*,#957,.T.);
#1225=ORIENTED_EDGE('',*,*,#961,.F.);
#1226=ORIENTED_EDGE('',*,*,#948,.T.);
#1227=ORIENTED_EDGE('',*,*,#962,.F.);
#1228=ORIENTED_EDGE('',*,*,#963,.F.);
#1229=ORIENTED_EDGE('',*,*,#964,.F.);
#1230=ORIENTED_EDGE('',*,*,#965,.F.);
#1231=ORIENTED_EDGE('',*,*,#876,.T.);
#1232=ORIENTED_EDGE('',*,*,#966,.F.);
#1233=ORIENTED_EDGE('',*,*,#967,.F.);
#1234=ORIENTED_EDGE('',*,*,#968,.F.);
#1235=ORIENTED_EDGE('',*,*,#969,.F.);
#1236=ORIENTED_EDGE('',*,*,#968,.T.);
#1237=ORIENTED_EDGE('',*,*,#970,.F.);
#1238=ORIENTED_EDGE('',*,*,#971,.F.);
#1239=ORIENTED_EDGE('',*,*,#972,.F.);
#1240=ORIENTED_EDGE('',*,*,#973,.F.);
#1241=ORIENTED_EDGE('',*,*,#974,.F.);
#1242=ORIENTED_EDGE('',*,*,#975,.F.);
#1243=ORIENTED_EDGE('',*,*,#976,.F.);
#1244=ORIENTED_EDGE('',*,*,#873,.T.);
#1245=ORIENTED_EDGE('',*,*,#943,.T.);
#1246=ORIENTED_EDGE('',*,*,#867,.T.);
#1247=ORIENTED_EDGE('',*,*,#977,.F.);
#1248=ORIENTED_EDGE('',*,*,#975,.T.);
#1249=ORIENTED_EDGE('',*,*,#978,.F.);
#1250=ORIENTED_EDGE('',*,*,#979,.F.);
#1251=ORIENTED_EDGE('',*,*,#980,.F.);
#1252=ORIENTED_EDGE('',*,*,#821,.T.);
#1253=ORIENTED_EDGE('',*,*,#901,.T.);
#1254=ORIENTED_EDGE('',*,*,#815,.T.);
#1255=ORIENTED_EDGE('',*,*,#981,.F.);
#1256=ORIENTED_EDGE('',*,*,#894,.T.);
#1257=ORIENTED_EDGE('',*,*,#830,.T.);
#1258=ORIENTED_EDGE('',*,*,#903,.T.);
#1259=ORIENTED_EDGE('',*,*,#824,.T.);
#1260=ORIENTED_EDGE('',*,*,#982,.F.);
#1261=ORIENTED_EDGE('',*,*,#897,.T.);
#1262=ORIENTED_EDGE('',*,*,#983,.F.);
#1263=ORIENTED_EDGE('',*,*,#984,.F.);
#1264=ORIENTED_EDGE('',*,*,#817,.T.);
#1265=ORIENTED_EDGE('',*,*,#900,.T.);
#1266=ORIENTED_EDGE('',*,*,#819,.T.);
#1267=ORIENTED_EDGE('',*,*,#985,.F.);
#1268=ORIENTED_EDGE('',*,*,#986,.F.);
#1269=ORIENTED_EDGE('',*,*,#978,.T.);
#1270=ORIENTED_EDGE('',*,*,#974,.T.);
#1271=ORIENTED_EDGE('',*,*,#987,.F.);
#1272=ORIENTED_EDGE('',*,*,#826,.T.);
#1273=ORIENTED_EDGE('',*,*,#902,.T.);
#1274=ORIENTED_EDGE('',*,*,#828,.T.);
#1275=ORIENTED_EDGE('',*,*,#988,.F.);
#1276=ORIENTED_EDGE('',*,*,#970,.T.);
#1277=ORIENTED_EDGE('',*,*,#967,.T.);
#1278=ORIENTED_EDGE('',*,*,#989,.F.);
#1279=ORIENTED_EDGE('',*,*,#990,.F.);
#1280=ORIENTED_EDGE('',*,*,#845,.T.);
#1281=ORIENTED_EDGE('',*,*,#882,.T.);
#1282=ORIENTED_EDGE('',*,*,#991,.F.);
#1283=ORIENTED_EDGE('',*,*,#879,.T.);
#1284=ORIENTED_EDGE('',*,*,#840,.T.);
#1285=ORIENTED_EDGE('',*,*,#992,.F.);
#1286=ORIENTED_EDGE('',*,*,#993,.F.);
#1287=ORIENTED_EDGE('',*,*,#832,.T.);
#1288=ORIENTED_EDGE('',*,*,#994,.F.);
#1289=ORIENTED_EDGE('',*,*,#836,.T.);
#1290=ORIENTED_EDGE('',*,*,#995,.F.);
#1291=ORIENTED_EDGE('',*,*,#971,.T.);
#1292=ORIENTED_EDGE('',*,*,#988,.T.);
#1293=ORIENTED_EDGE('',*,*,#827,.T.);
#1294=ORIENTED_EDGE('',*,*,#982,.T.);
#1295=ORIENTED_EDGE('',*,*,#823,.T.);
#1296=ORIENTED_EDGE('',*,*,#987,.T.);
#1297=ORIENTED_EDGE('',*,*,#973,.T.);
#1298=ORIENTED_EDGE('',*,*,#996,.F.);
#1299=ORIENTED_EDGE('',*,*,#997,.F.);
#1300=ORIENTED_EDGE('',*,*,#998,.F.);
#1301=ORIENTED_EDGE('',*,*,#992,.T.);
#1302=ORIENTED_EDGE('',*,*,#999,.F.);
#1303=ORIENTED_EDGE('',*,*,#833,.T.);
#1304=ORIENTED_EDGE('',*,*,#993,.T.);
#1305=ORIENTED_EDGE('',*,*,#998,.T.);
#1306=ORIENTED_EDGE('',*,*,#1000,.F.);
#1307=ORIENTED_EDGE('',*,*,#837,.T.);
#1308=ORIENTED_EDGE('',*,*,#994,.T.);
#1309=ORIENTED_EDGE('',*,*,#831,.T.);
#1310=ORIENTED_EDGE('',*,*,#1001,.F.);
#1311=ORIENTED_EDGE('',*,*,#999,.T.);
#1312=ORIENTED_EDGE('',*,*,#995,.T.);
#1313=ORIENTED_EDGE('',*,*,#835,.T.);
#1314=ORIENTED_EDGE('',*,*,#1002,.F.);
#1315=ORIENTED_EDGE('',*,*,#880,.T.);
#1316=ORIENTED_EDGE('',*,*,#991,.T.);
#1317=ORIENTED_EDGE('',*,*,#839,.T.);
#1318=ORIENTED_EDGE('',*,*,#1003,.F.);
#1319=ORIENTED_EDGE('',*,*,#846,.T.);
#1320=ORIENTED_EDGE('',*,*,#990,.T.);
#1321=ORIENTED_EDGE('',*,*,#881,.T.);
#1322=ORIENTED_EDGE('',*,*,#1004,.F.);
#1323=ORIENTED_EDGE('',*,*,#1002,.T.);
#1324=ORIENTED_EDGE('',*,*,#838,.T.);
#1325=ORIENTED_EDGE('',*,*,#1001,.T.);
#1326=ORIENTED_EDGE('',*,*,#834,.T.);
#1327=ORIENTED_EDGE('',*,*,#1000,.T.);
#1328=ORIENTED_EDGE('',*,*,#997,.T.);
#1329=ORIENTED_EDGE('',*,*,#906,.T.);
#1330=ORIENTED_EDGE('',*,*,#1005,.F.);
#1331=ORIENTED_EDGE('',*,*,#908,.T.);
#1332=ORIENTED_EDGE('',*,*,#1006,.F.);
#1333=ORIENTED_EDGE('',*,*,#912,.T.);
#1334=ORIENTED_EDGE('',*,*,#1007,.F.);
#1335=ORIENTED_EDGE('',*,*,#915,.T.);
#1336=ORIENTED_EDGE('',*,*,#848,.T.);
#1337=ORIENTED_EDGE('',*,*,#1003,.T.);
#1338=ORIENTED_EDGE('',*,*,#842,.T.);
#1339=ORIENTED_EDGE('',*,*,#878,.T.);
#1340=ORIENTED_EDGE('',*,*,#1004,.T.);
#1341=ORIENTED_EDGE('',*,*,#883,.T.);
#1342=ORIENTED_EDGE('',*,*,#843,.T.);
#1343=ORIENTED_EDGE('',*,*,#909,.T.);
#1344=ORIENTED_EDGE('',*,*,#1005,.T.);
#1345=ORIENTED_EDGE('',*,*,#905,.T.);
#1346=ORIENTED_EDGE('',*,*,#1008,.F.);
#1347=ORIENTED_EDGE('',*,*,#913,.T.);
#1348=ORIENTED_EDGE('',*,*,#1006,.T.);
#1349=ORIENTED_EDGE('',*,*,#907,.T.);
#1350=ORIENTED_EDGE('',*,*,#1009,.F.);
#1351=ORIENTED_EDGE('',*,*,#916,.T.);
#1352=ORIENTED_EDGE('',*,*,#1007,.T.);
#1353=ORIENTED_EDGE('',*,*,#911,.T.);
#1354=ORIENTED_EDGE('',*,*,#1010,.F.);
#1355=ORIENTED_EDGE('',*,*,#850,.T.);
#1356=ORIENTED_EDGE('',*,*,#917,.T.);
#1357=ORIENTED_EDGE('',*,*,#1010,.T.);
#1358=ORIENTED_EDGE('',*,*,#914,.T.);
#1359=ORIENTED_EDGE('',*,*,#1009,.T.);
#1360=ORIENTED_EDGE('',*,*,#910,.T.);
#1361=ORIENTED_EDGE('',*,*,#1008,.T.);
#1362=ORIENTED_EDGE('',*,*,#904,.T.);
#1363=ORIENTED_EDGE('',*,*,#860,.T.);
#1364=ORIENTED_EDGE('',*,*,#931,.T.);
#1365=ORIENTED_EDGE('',*,*,#1011,.F.);
#1366=ORIENTED_EDGE('',*,*,#933,.T.);
#1367=ORIENTED_EDGE('',*,*,#864,.T.);
#1368=ORIENTED_EDGE('',*,*,#937,.T.);
#1369=ORIENTED_EDGE('',*,*,#1012,.F.);
#1370=ORIENTED_EDGE('',*,*,#939,.T.);
#1371=ORIENTED_EDGE('',*,*,#852,.T.);
#1372=ORIENTED_EDGE('',*,*,#919,.T.);
#1373=ORIENTED_EDGE('',*,*,#1013,.F.);
#1374=ORIENTED_EDGE('',*,*,#921,.T.);
#1375=ORIENTED_EDGE('',*,*,#856,.T.);
#1376=ORIENTED_EDGE('',*,*,#925,.T.);
#1377=ORIENTED_EDGE('',*,*,#1014,.F.);
#1378=ORIENTED_EDGE('',*,*,#927,.T.);
#1379=ORIENTED_EDGE('',*,*,#922,.T.);
#1380=ORIENTED_EDGE('',*,*,#1013,.T.);
#1381=ORIENTED_EDGE('',*,*,#918,.T.);
#1382=ORIENTED_EDGE('',*,*,#1015,.F.);
#1383=ORIENTED_EDGE('',*,*,#1016,.F.);
#1384=ORIENTED_EDGE('',*,*,#928,.T.);
#1385=ORIENTED_EDGE('',*,*,#1014,.T.);
#1386=ORIENTED_EDGE('',*,*,#924,.T.);
#1387=ORIENTED_EDGE('',*,*,#1017,.F.);
#1388=ORIENTED_EDGE('',*,*,#934,.T.);
#1389=ORIENTED_EDGE('',*,*,#1011,.T.);
#1390=ORIENTED_EDGE('',*,*,#930,.T.);
#1391=ORIENTED_EDGE('',*,*,#940,.T.);
#1392=ORIENTED_EDGE('',*,*,#1012,.T.);
#1393=ORIENTED_EDGE('',*,*,#936,.T.);
#1394=ORIENTED_EDGE('',*,*,#1018,.F.);
#1395=ORIENTED_EDGE('',*,*,#926,.T.);
#1396=ORIENTED_EDGE('',*,*,#858,.T.);
#1397=ORIENTED_EDGE('',*,*,#923,.T.);
#1398=ORIENTED_EDGE('',*,*,#1015,.T.);
#1399=ORIENTED_EDGE('',*,*,#920,.T.);
#1400=ORIENTED_EDGE('',*,*,#854,.T.);
#1401=ORIENTED_EDGE('',*,*,#929,.T.);
#1402=ORIENTED_EDGE('',*,*,#1016,.T.);
#1403=ORIENTED_EDGE('',*,*,#932,.T.);
#1404=ORIENTED_EDGE('',*,*,#862,.T.);
#1405=ORIENTED_EDGE('',*,*,#941,.T.);
#1406=ORIENTED_EDGE('',*,*,#1018,.T.);
#1407=ORIENTED_EDGE('',*,*,#938,.T.);
#1408=ORIENTED_EDGE('',*,*,#866,.T.);
#1409=ORIENTED_EDGE('',*,*,#935,.T.);
#1410=ORIENTED_EDGE('',*,*,#1017,.T.);
#1411=ORIENTED_EDGE('',*,*,#1019,.F.);
#1412=ORIENTED_EDGE('',*,*,#1020,.F.);
#1413=ORIENTED_EDGE('',*,*,#963,.T.);
#1414=ORIENTED_EDGE('',*,*,#1021,.F.);
#1415=ORIENTED_EDGE('',*,*,#869,.T.);
#1416=ORIENTED_EDGE('',*,*,#942,.T.);
#1417=ORIENTED_EDGE('',*,*,#871,.T.);
#1418=ORIENTED_EDGE('',*,*,#1022,.F.);
#1419=ORIENTED_EDGE('',*,*,#813,.T.);
#1420=ORIENTED_EDGE('',*,*,#952,.T.);
#1421=ORIENTED_EDGE('',*,*,#1023,.F.);
#1422=ORIENTED_EDGE('',*,*,#1024,.F.);
#1423=ORIENTED_EDGE('',*,*,#1025,.F.);
#1424=ORIENTED_EDGE('',*,*,#1024,.T.);
#1425=ORIENTED_EDGE('',*,*,#1026,.F.);
#1426=ORIENTED_EDGE('',*,*,#1027,.F.);
#1427=ORIENTED_EDGE('',*,*,#1028,.F.);
#1428=ORIENTED_EDGE('',*,*,#1027,.T.);
#1429=ORIENTED_EDGE('',*,*,#1029,.F.);
#1430=ORIENTED_EDGE('',*,*,#1030,.F.);
#1431=ORIENTED_EDGE('',*,*,#1031,.F.);
#1432=ORIENTED_EDGE('',*,*,#1030,.T.);
#1433=ORIENTED_EDGE('',*,*,#1032,.F.);
#1434=ORIENTED_EDGE('',*,*,#944,.T.);
#1435=ORIENTED_EDGE('',*,*,#1033,.F.);
#1436=ORIENTED_EDGE('',*,*,#886,.T.);
#1437=ORIENTED_EDGE('',*,*,#1034,.F.);
#1438=ORIENTED_EDGE('',*,*,#1035,.F.);
#1439=ORIENTED_EDGE('',*,*,#1036,.F.);
#1440=ORIENTED_EDGE('',*,*,#1035,.T.);
#1441=ORIENTED_EDGE('',*,*,#1037,.F.);
#1442=ORIENTED_EDGE('',*,*,#1019,.T.);
#1443=ORIENTED_EDGE('',*,*,#1038,.F.);
#1444=ORIENTED_EDGE('',*,*,#979,.T.);
#1445=ORIENTED_EDGE('',*,*,#986,.T.);
#1446=ORIENTED_EDGE('',*,*,#1039,.F.);
#1447=ORIENTED_EDGE('',*,*,#1040,.F.);
#1448=ORIENTED_EDGE('',*,*,#1039,.T.);
#1449=ORIENTED_EDGE('',*,*,#985,.T.);
#1450=ORIENTED_EDGE('',*,*,#822,.T.);
#1451=ORIENTED_EDGE('',*,*,#981,.T.);
#1452=ORIENTED_EDGE('',*,*,#818,.T.);
#1453=ORIENTED_EDGE('',*,*,#984,.T.);
#1454=ORIENTED_EDGE('',*,*,#1041,.F.);
#1455=ORIENTED_EDGE('',*,*,#1042,.F.);
#1456=ORIENTED_EDGE('',*,*,#1041,.T.);
#1457=ORIENTED_EDGE('',*,*,#983,.T.);
#1458=ORIENTED_EDGE('',*,*,#1043,.F.);
#1459=ORIENTED_EDGE('',*,*,#1044,.F.);
#1460=ORIENTED_EDGE('',*,*,#1043,.T.);
#1461=ORIENTED_EDGE('',*,*,#989,.T.);
#1462=ORIENTED_EDGE('',*,*,#966,.T.);
#1463=ORIENTED_EDGE('',*,*,#875,.T.);
#1464=ORIENTED_EDGE('',*,*,#1045,.F.);
#1465=ORIENTED_EDGE('',*,*,#1046,.F.);
#1466=ORIENTED_EDGE('',*,*,#964,.T.);
#1467=ORIENTED_EDGE('',*,*,#1020,.T.);
#1468=ORIENTED_EDGE('',*,*,#1037,.T.);
#1469=ORIENTED_EDGE('',*,*,#1034,.T.);
#1470=ORIENTED_EDGE('',*,*,#885,.T.);
#1471=ORIENTED_EDGE('',*,*,#945,.T.);
#1472=ORIENTED_EDGE('',*,*,#1032,.T.);
#1473=ORIENTED_EDGE('',*,*,#1029,.T.);
#1474=ORIENTED_EDGE('',*,*,#1026,.T.);
#1475=ORIENTED_EDGE('',*,*,#1023,.T.);
#1476=ORIENTED_EDGE('',*,*,#951,.T.);
#1477=ORIENTED_EDGE('',*,*,#955,.T.);
#1478=ORIENTED_EDGE('',*,*,#958,.T.);
#1479=ORIENTED_EDGE('',*,*,#960,.T.);
#1480=ORIENTED_EDGE('',*,*,#947,.T.);
#1481=ORIENTED_EDGE('',*,*,#891,.T.);
#1482=ORIENTED_EDGE('',*,*,#949,.T.);
#1483=ORIENTED_EDGE('',*,*,#961,.T.);
#1484=ORIENTED_EDGE('',*,*,#959,.T.);
#1485=ORIENTED_EDGE('',*,*,#956,.T.);
#1486=ORIENTED_EDGE('',*,*,#953,.T.);
#1487=ORIENTED_EDGE('',*,*,#814,.T.);
#1488=ORIENTED_EDGE('',*,*,#1025,.T.);
#1489=ORIENTED_EDGE('',*,*,#1028,.T.);
#1490=ORIENTED_EDGE('',*,*,#1031,.T.);
#1491=ORIENTED_EDGE('',*,*,#1033,.T.);
#1492=ORIENTED_EDGE('',*,*,#946,.T.);
#1493=ORIENTED_EDGE('',*,*,#887,.T.);
#1494=ORIENTED_EDGE('',*,*,#1036,.T.);
#1495=ORIENTED_EDGE('',*,*,#1038,.T.);
#1496=ORIENTED_EDGE('',*,*,#1022,.T.);
#1497=ORIENTED_EDGE('',*,*,#874,.T.);
#1498=ORIENTED_EDGE('',*,*,#980,.T.);
#1499=ORIENTED_EDGE('',*,*,#1040,.T.);
#1500=ORIENTED_EDGE('',*,*,#1042,.T.);
#1501=ORIENTED_EDGE('',*,*,#1044,.T.);
#1502=ORIENTED_EDGE('',*,*,#1045,.T.);
#1503=ORIENTED_EDGE('',*,*,#877,.T.);
#1504=ORIENTED_EDGE('',*,*,#969,.T.);
#1505=ORIENTED_EDGE('',*,*,#972,.T.);
#1506=ORIENTED_EDGE('',*,*,#996,.T.);
#1507=ORIENTED_EDGE('',*,*,#976,.T.);
#1508=ORIENTED_EDGE('',*,*,#977,.T.);
#1509=ORIENTED_EDGE('',*,*,#870,.T.);
#1510=ORIENTED_EDGE('',*,*,#1021,.T.);
#1511=ORIENTED_EDGE('',*,*,#962,.T.);
#1512=ORIENTED_EDGE('',*,*,#1047,.F.);
#1513=ORIENTED_EDGE('',*,*,#889,.T.);
#1514=ORIENTED_EDGE('',*,*,#896,.T.);
#1515=ORIENTED_EDGE('',*,*,#899,.T.);
#1516=ORIENTED_EDGE('',*,*,#1047,.T.);
#1517=ORIENTED_EDGE('',*,*,#965,.T.);
#1518=ORIENTED_EDGE('',*,*,#1046,.T.);
#1519=ORIENTED_EDGE('',*,*,#890,.T.);
#1520=PLANE('',#1684);
#1521=PLANE('',#1685);
#1522=PLANE('',#1686);
#1523=PLANE('',#1687);
#1524=PLANE('',#1688);
#1525=PLANE('',#1689);
#1526=PLANE('',#1690);
#1527=PLANE('',#1691);
#1528=PLANE('',#1692);
#1529=PLANE('',#1693);
#1530=PLANE('',#1694);
#1531=PLANE('',#1695);
#1532=PLANE('',#1696);
#1533=PLANE('',#1697);
#1534=PLANE('',#1698);
#1535=PLANE('',#1699);
#1536=PLANE('',#1700);
#1537=PLANE('',#1766);
#1538=PLANE('',#1767);
#1539=PLANE('',#1768);
#1540=PLANE('',#1769);
#1541=PLANE('',#1770);
#1542=PLANE('',#1771);
#1543=PLANE('',#1772);
#1544=PLANE('',#1773);
#1545=PLANE('',#1774);
#1546=PLANE('',#1775);
#1547=PLANE('',#1776);
#1548=PLANE('',#1777);
#1549=PLANE('',#1778);
#1550=PLANE('',#1779);
#1551=PLANE('',#1780);
#1552=PLANE('',#1781);
#1553=PLANE('',#1782);
#1554=PLANE('',#1783);
#1555=PLANE('',#1784);
#1556=PLANE('',#1785);
#1557=PLANE('',#1786);
#1558=PLANE('',#1787);
#1559=PLANE('',#1788);
#1560=PLANE('',#1789);
#1561=PLANE('',#1790);
#1562=PLANE('',#1791);
#1563=PLANE('',#1792);
#1564=PLANE('',#1793);
#1565=PLANE('',#1794);
#1566=PLANE('',#1795);
#1567=PLANE('',#1796);
#1568=PLANE('',#1797);
#1569=PLANE('',#1798);
#1570=PLANE('',#1799);
#1571=PLANE('',#1800);
#1572=PLANE('',#1801);
#1573=PLANE('',#1802);
#1574=PLANE('',#1803);
#1575=PLANE('',#1804);
#1576=PLANE('',#1805);
#1577=PLANE('',#1806);
#1578=PLANE('',#1807);
#1579=PLANE('',#1808);
#1580=PLANE('',#1809);
#1581=PLANE('',#1810);
#1582=PLANE('',#1811);
#1583=ADVANCED_FACE('',(#104),#1520,.T.);
#1584=ADVANCED_FACE('',(#105),#1521,.T.);
#1585=ADVANCED_FACE('',(#106),#1522,.F.);
#1586=ADVANCED_FACE('',(#107),#1523,.F.);
#1587=ADVANCED_FACE('',(#108),#1524,.T.);
#1588=ADVANCED_FACE('',(#109),#1525,.F.);
#1589=ADVANCED_FACE('',(#110),#1526,.T.);
#1590=ADVANCED_FACE('',(#111),#1527,.F.);
#1591=ADVANCED_FACE('',(#112),#1528,.F.);
#1592=ADVANCED_FACE('',(#113),#1529,.T.);
#1593=ADVANCED_FACE('',(#114),#1530,.F.);
#1594=ADVANCED_FACE('',(#115),#1531,.T.);
#1595=ADVANCED_FACE('',(#116),#1532,.T.);
#1596=ADVANCED_FACE('',(#117),#1533,.F.);
#1597=ADVANCED_FACE('',(#118),#1534,.F.);
#1598=ADVANCED_FACE('',(#119),#1535,.T.);
#1599=ADVANCED_FACE('',(#120),#1536,.F.);
#1600=ADVANCED_FACE('',(#121),#83,.F.);
#1601=ADVANCED_FACE('',(#122),#84,.F.);
#1602=ADVANCED_FACE('',(#123),#39,.T.);
#1603=ADVANCED_FACE('',(#124),#40,.F.);
#1604=ADVANCED_FACE('',(#125),#85,.F.);
#1605=ADVANCED_FACE('',(#126),#86,.F.);
#1606=ADVANCED_FACE('',(#127),#87,.F.);
#1607=ADVANCED_FACE('',(#128),#88,.F.);
#1608=ADVANCED_FACE('',(#129),#89,.T.);
#1609=ADVANCED_FACE('',(#130),#90,.T.);
#1610=ADVANCED_FACE('',(#131),#91,.T.);
#1611=ADVANCED_FACE('',(#132),#92,.T.);
#1612=ADVANCED_FACE('',(#133),#93,.F.);
#1613=ADVANCED_FACE('',(#134),#94,.F.);
#1614=ADVANCED_FACE('',(#135),#95,.F.);
#1615=ADVANCED_FACE('',(#136),#96,.F.);
#1616=ADVANCED_FACE('',(#137),#97,.F.);
#1617=ADVANCED_FACE('',(#138),#98,.F.);
#1618=ADVANCED_FACE('',(#139),#99,.F.);
#1619=ADVANCED_FACE('',(#140),#100,.F.);
#1620=ADVANCED_FACE('',(#141),#101,.F.);
#1621=ADVANCED_FACE('',(#142),#102,.T.);
#1622=ADVANCED_FACE('',(#143),#103,.T.);
#1623=ADVANCED_FACE('',(#144),#1537,.F.);
#1624=ADVANCED_FACE('',(#145),#1538,.T.);
#1625=ADVANCED_FACE('',(#146),#1539,.F.);
#1626=ADVANCED_FACE('',(#147),#1540,.F.);
#1627=ADVANCED_FACE('',(#148),#1541,.T.);
#1628=ADVANCED_FACE('',(#149),#1542,.F.);
#1629=ADVANCED_FACE('',(#150),#1543,.F.);
#1630=ADVANCED_FACE('',(#151),#1544,.F.);
#1631=ADVANCED_FACE('',(#152),#1545,.T.);
#1632=ADVANCED_FACE('',(#153,#19),#1546,.F.);
#1633=ADVANCED_FACE('',(#154,#20),#1547,.T.);
#1634=ADVANCED_FACE('',(#155,#21,#22,#23),#1548,.T.);
#1635=ADVANCED_FACE('',(#156),#1549,.F.);
#1636=ADVANCED_FACE('',(#157),#1550,.F.);
#1637=ADVANCED_FACE('',(#158),#1551,.F.);
#1638=ADVANCED_FACE('',(#159),#1552,.T.);
#1639=ADVANCED_FACE('',(#160),#1553,.T.);
#1640=ADVANCED_FACE('',(#161),#1554,.F.);
#1641=ADVANCED_FACE('',(#162),#1555,.T.);
#1642=ADVANCED_FACE('',(#163,#24),#1556,.T.);
#1643=ADVANCED_FACE('',(#164),#1557,.T.);
#1644=ADVANCED_FACE('',(#165),#1558,.F.);
#1645=ADVANCED_FACE('',(#166),#1559,.T.);
#1646=ADVANCED_FACE('',(#167),#1560,.F.);
#1647=ADVANCED_FACE('',(#168),#1561,.F.);
#1648=ADVANCED_FACE('',(#169,#25,#26),#1562,.F.);
#1649=ADVANCED_FACE('',(#170),#1563,.T.);
#1650=ADVANCED_FACE('',(#171),#1564,.F.);
#1651=ADVANCED_FACE('',(#172),#1565,.F.);
#1652=ADVANCED_FACE('',(#173),#1566,.T.);
#1653=ADVANCED_FACE('',(#174),#1567,.T.);
#1654=ADVANCED_FACE('',(#175),#1568,.F.);
#1655=ADVANCED_FACE('',(#176),#1569,.F.);
#1656=ADVANCED_FACE('',(#177),#1570,.F.);
#1657=ADVANCED_FACE('',(#178),#1571,.F.);
#1658=ADVANCED_FACE('',(#179),#1572,.T.);
#1659=ADVANCED_FACE('',(#180),#1573,.F.);
#1660=ADVANCED_FACE('',(#181),#1574,.F.);
#1661=ADVANCED_FACE('',(#182),#1575,.F.);
#1662=ADVANCED_FACE('',(#183),#1576,.T.);
#1663=ADVANCED_FACE('',(#184),#1577,.T.);
#1664=ADVANCED_FACE('',(#185),#1578,.T.);
#1665=ADVANCED_FACE('',(#186),#1579,.T.);
#1666=ADVANCED_FACE('',(#187),#1580,.T.);
#1667=ADVANCED_FACE('',(#188,#27,#28),#1581,.F.);
#1668=ADVANCED_FACE('',(#189),#1582,.T.);
#1669=CLOSED_SHELL('',(#1583,#1584,#1585,#1586,#1587,#1588,#1589,#1590,
#1591,#1592,#1593,#1594,#1595,#1596,#1597,#1598,#1599,#1600,#1601,#1602,
#1603,#1604,#1605,#1606,#1607,#1608,#1609,#1610,#1611,#1612,#1613,#1614,
#1615,#1616,#1617,#1618,#1619,#1620,#1621,#1622,#1623,#1624,#1625,#1626,
#1627,#1628,#1629,#1630,#1631,#1632,#1633,#1634,#1635,#1636,#1637,#1638,
#1639,#1640,#1641,#1642,#1643,#1644,#1645,#1646,#1647,#1648,#1649,#1650,
#1651,#1652,#1653,#1654,#1655,#1656,#1657,#1658,#1659,#1660,#1661,#1662,
#1663,#1664,#1665,#1666,#1667,#1668));
#1670=DERIVED_UNIT_ELEMENT(#1672,1.);
#1671=DERIVED_UNIT_ELEMENT(#2909,-3.);
#1672=(
MASS_UNIT()
NAMED_UNIT(*)
SI_UNIT(.KILO.,.GRAM.)
);
#1673=DERIVED_UNIT((#1670,#1671));
#1674=MEASURE_REPRESENTATION_ITEM('density measure',
POSITIVE_RATIO_MEASURE(7850.),#1673);
#1675=PROPERTY_DEFINITION_REPRESENTATION(#1680,#1677);
#1676=PROPERTY_DEFINITION_REPRESENTATION(#1681,#1678);
#1677=REPRESENTATION('material name',(#1679),#2906);
#1678=REPRESENTATION('density',(#1674),#2906);
#1679=DESCRIPTIVE_REPRESENTATION_ITEM('Steel','Steel');
#1680=PROPERTY_DEFINITION('material property','material name',#2921);
#1681=PROPERTY_DEFINITION('material property','density of part',#2921);
#1682=AXIS2_PLACEMENT_3D('',#2259,#1813,#1814);
#1683=AXIS2_PLACEMENT_3D('',#2260,#1815,#1816);
#1684=AXIS2_PLACEMENT_3D('',#2261,#1817,#1818);
#1685=AXIS2_PLACEMENT_3D('',#2268,#1822,#1823);
#1686=AXIS2_PLACEMENT_3D('',#2277,#1828,#1829);
#1687=AXIS2_PLACEMENT_3D('',#2286,#1834,#1835);
#1688=AXIS2_PLACEMENT_3D('',#2295,#1840,#1841);
#1689=AXIS2_PLACEMENT_3D('',#2304,#1846,#1847);
#1690=AXIS2_PLACEMENT_3D('',#2313,#1852,#1853);
#1691=AXIS2_PLACEMENT_3D('',#2322,#1858,#1859);
#1692=AXIS2_PLACEMENT_3D('',#2331,#1864,#1865);
#1693=AXIS2_PLACEMENT_3D('',#2340,#1870,#1871);
#1694=AXIS2_PLACEMENT_3D('',#2349,#1876,#1877);
#1695=AXIS2_PLACEMENT_3D('',#2358,#1882,#1883);
#1696=AXIS2_PLACEMENT_3D('',#2367,#1888,#1889);
#1697=AXIS2_PLACEMENT_3D('',#2376,#1894,#1895);
#1698=AXIS2_PLACEMENT_3D('',#2385,#1900,#1901);
#1699=AXIS2_PLACEMENT_3D('',#2394,#1906,#1907);
#1700=AXIS2_PLACEMENT_3D('',#2403,#1912,#1913);
#1701=AXIS2_PLACEMENT_3D('',#2410,#1917,#1918);
#1702=AXIS2_PLACEMENT_3D('',#2412,#1919,#1920);
#1703=AXIS2_PLACEMENT_3D('',#2414,#1921,#1922);
#1704=AXIS2_PLACEMENT_3D('',#2416,#1924,#1925);
#1705=AXIS2_PLACEMENT_3D('',#2420,#1927,#1928);
#1706=AXIS2_PLACEMENT_3D('',#2421,#1929,#1930);
#1707=AXIS2_PLACEMENT_3D('',#2422,#1931,#1932);
#1708=AXIS2_PLACEMENT_3D('',#2502,#1933,#1934);
#1709=AXIS2_PLACEMENT_3D('',#2604,#1935,#1936);
#1710=AXIS2_PLACEMENT_3D('',#2606,#1937,#1938);
#1711=AXIS2_PLACEMENT_3D('',#2609,#1940,#1941);
#1712=AXIS2_PLACEMENT_3D('',#2610,#1942,#1943);
#1713=AXIS2_PLACEMENT_3D('',#2612,#1944,#1945);
#1714=AXIS2_PLACEMENT_3D('',#2615,#1947,#1948);
#1715=AXIS2_PLACEMENT_3D('',#2616,#1949,#1950);
#1716=AXIS2_PLACEMENT_3D('',#2617,#1951,#1952);
#1717=AXIS2_PLACEMENT_3D('',#2618,#1953,#1954);
#1718=AXIS2_PLACEMENT_3D('',#2619,#1955,#1956);
#1719=AXIS2_PLACEMENT_3D('',#2620,#1957,#1958);
#1720=AXIS2_PLACEMENT_3D('',#2621,#1959,#1960);
#1721=AXIS2_PLACEMENT_3D('',#2622,#1961,#1962);
#1722=AXIS2_PLACEMENT_3D('',#2624,#1963,#1964);
#1723=AXIS2_PLACEMENT_3D('',#2627,#1966,#1967);
#1724=AXIS2_PLACEMENT_3D('',#2628,#1968,#1969);
#1725=AXIS2_PLACEMENT_3D('',#2633,#1971,#1972);
#1726=AXIS2_PLACEMENT_3D('',#2636,#1974,#1975);
#1727=AXIS2_PLACEMENT_3D('',#2637,#1976,#1977);
#1728=AXIS2_PLACEMENT_3D('',#2642,#1979,#1980);
#1729=AXIS2_PLACEMENT_3D('',#2645,#1982,#1983);
#1730=AXIS2_PLACEMENT_3D('',#2646,#1984,#1985);
#1731=AXIS2_PLACEMENT_3D('',#2648,#1986,#1987);
#1732=AXIS2_PLACEMENT_3D('',#2651,#1989,#1990);
#1733=AXIS2_PLACEMENT_3D('',#2652,#1991,#1992);
#1734=AXIS2_PLACEMENT_3D('',#2656,#1994,#1995);
#1735=AXIS2_PLACEMENT_3D('',#2657,#1996,#1997);
#1736=AXIS2_PLACEMENT_3D('',#2658,#1998,#1999);
#1737=AXIS2_PLACEMENT_3D('',#2660,#2000,#2001);
#1738=AXIS2_PLACEMENT_3D('',#2663,#2003,#2004);
#1739=AXIS2_PLACEMENT_3D('',#2664,#2005,#2006);
#1740=AXIS2_PLACEMENT_3D('',#2668,#2008,#2009);
#1741=AXIS2_PLACEMENT_3D('',#2669,#2010,#2011);
#1742=AXIS2_PLACEMENT_3D('',#2670,#2012,#2013);
#1743=AXIS2_PLACEMENT_3D('',#2672,#2014,#2015);
#1744=AXIS2_PLACEMENT_3D('',#2675,#2017,#2018);
#1745=AXIS2_PLACEMENT_3D('',#2676,#2019,#2020);
#1746=AXIS2_PLACEMENT_3D('',#2680,#2022,#2023);
#1747=AXIS2_PLACEMENT_3D('',#2681,#2024,#2025);
#1748=AXIS2_PLACEMENT_3D('',#2682,#2026,#2027);
#1749=AXIS2_PLACEMENT_3D('',#2684,#2028,#2029);
#1750=AXIS2_PLACEMENT_3D('',#2687,#2031,#2032);
#1751=AXIS2_PLACEMENT_3D('',#2688,#2033,#2034);
#1752=AXIS2_PLACEMENT_3D('',#2692,#2036,#2037);
#1753=AXIS2_PLACEMENT_3D('',#2693,#2038,#2039);
#1754=AXIS2_PLACEMENT_3D('',#2694,#2040,#2041);
#1755=AXIS2_PLACEMENT_3D('',#2696,#2042,#2043);
#1756=AXIS2_PLACEMENT_3D('',#2699,#2045,#2046);
#1757=AXIS2_PLACEMENT_3D('',#2700,#2047,#2048);
#1758=AXIS2_PLACEMENT_3D('',#2701,#2049,#2050);
#1759=AXIS2_PLACEMENT_3D('',#2702,#2051,#2052);
#1760=AXIS2_PLACEMENT_3D('',#2703,#2053,#2054);
#1761=AXIS2_PLACEMENT_3D('',#2707,#2056,#2057);
#1762=AXIS2_PLACEMENT_3D('',#2708,#2058,#2059);
#1763=AXIS2_PLACEMENT_3D('',#2709,#2060,#2061);
#1764=AXIS2_PLACEMENT_3D('',#2711,#2062,#2063);
#1765=AXIS2_PLACEMENT_3D('',#2714,#2065,#2066);
#1766=AXIS2_PLACEMENT_3D('',#2715,#2067,#2068);
#1767=AXIS2_PLACEMENT_3D('',#2723,#2073,#2074);
#1768=AXIS2_PLACEMENT_3D('',#2729,#2078,#2079);
#1769=AXIS2_PLACEMENT_3D('',#2735,#2083,#2084);
#1770=AXIS2_PLACEMENT_3D('',#2738,#2087,#2088);
#1771=AXIS2_PLACEMENT_3D('',#2747,#2093,#2094);
#1772=AXIS2_PLACEMENT_3D('',#2755,#2099,#2100);
#1773=AXIS2_PLACEMENT_3D('',#2761,#2104,#2105);
#1774=AXIS2_PLACEMENT_3D('',#2770,#2110,#2111);
#1775=AXIS2_PLACEMENT_3D('',#2777,#2116,#2117);
#1776=AXIS2_PLACEMENT_3D('',#2779,#2119,#2120);
#1777=AXIS2_PLACEMENT_3D('',#2781,#2122,#2123);
#1778=AXIS2_PLACEMENT_3D('',#2800,#2137,#2138);
#1779=AXIS2_PLACEMENT_3D('',#2802,#2140,#2141);
#1780=AXIS2_PLACEMENT_3D('',#2808,#2145,#2146);
#1781=AXIS2_PLACEMENT_3D('',#2810,#2148,#2149);
#1782=AXIS2_PLACEMENT_3D('',#2812,#2151,#2152);
#1783=AXIS2_PLACEMENT_3D('',#2814,#2154,#2155);
#1784=AXIS2_PLACEMENT_3D('',#2816,#2157,#2158);
#1785=AXIS2_PLACEMENT_3D('',#2818,#2160,#2161);
#1786=AXIS2_PLACEMENT_3D('',#2822,#2165,#2166);
#1787=AXIS2_PLACEMENT_3D('',#2823,#2167,#2168);
#1788=AXIS2_PLACEMENT_3D('',#2824,#2169,#2170);
#1789=AXIS2_PLACEMENT_3D('',#2826,#2172,#2173);
#1790=AXIS2_PLACEMENT_3D('',#2828,#2175,#2176);
#1791=AXIS2_PLACEMENT_3D('',#2830,#2178,#2179);
#1792=AXIS2_PLACEMENT_3D('',#2835,#2184,#2185);
#1793=AXIS2_PLACEMENT_3D('',#2837,#2187,#2188);
#1794=AXIS2_PLACEMENT_3D('',#2839,#2190,#2191);
#1795=AXIS2_PLACEMENT_3D('',#2841,#2193,#2194);
#1796=AXIS2_PLACEMENT_3D('',#2843,#2196,#2197);
#1797=AXIS2_PLACEMENT_3D('',#2844,#2198,#2199);
#1798=AXIS2_PLACEMENT_3D('',#2845,#2200,#2201);
#1799=AXIS2_PLACEMENT_3D('',#2852,#2206,#2207);
#1800=AXIS2_PLACEMENT_3D('',#2858,#2211,#2212);
#1801=AXIS2_PLACEMENT_3D('',#2864,#2216,#2217);
#1802=AXIS2_PLACEMENT_3D('',#2870,#2221,#2222);
#1803=AXIS2_PLACEMENT_3D('',#2873,#2225,#2226);
#1804=AXIS2_PLACEMENT_3D('',#2879,#2230,#2231);
#1805=AXIS2_PLACEMENT_3D('',#2882,#2234,#2235);
#1806=AXIS2_PLACEMENT_3D('',#2886,#2238,#2239);
#1807=AXIS2_PLACEMENT_3D('',#2890,#2242,#2243);
#1808=AXIS2_PLACEMENT_3D('',#2894,#2246,#2247);
#1809=AXIS2_PLACEMENT_3D('',#2896,#2249,#2250);
#1810=AXIS2_PLACEMENT_3D('',#2898,#2252,#2253);
#1811=AXIS2_PLACEMENT_3D('',#2900,#2255,#2256);
#1812=AXIS2_PLACEMENT_3D('',#2901,#2257,#2258);
#1813=DIRECTION('axis',(0.,0.,1.));
#1814=DIRECTION('refdir',(1.,0.,0.));
#1815=DIRECTION('axis',(0.,0.,1.));
#1816=DIRECTION('refdir',(1.,0.,0.));
#1817=DIRECTION('center_axis',(1.38683091696872E-18,-0.0292232650701184,
0.999572909186039));
#1818=DIRECTION('ref_axis',(4.9248103627137E-14,0.999572909186039,0.0292232650701184));
#1819=DIRECTION('',(0.676603555986583,0.736033004106584,0.0215184779236139));
#1820=DIRECTION('',(-0.67660355598651,0.73603300410665,0.0215184779236158));
#1821=DIRECTION('',(-4.9248103627137E-14,-0.999572909186039,-0.0292232650701184));
#1822=DIRECTION('center_axis',(1.38683091696872E-18,-0.0292232650701184,
0.999572909186039));
#1823=DIRECTION('ref_axis',(4.9248103627137E-14,0.999572909186039,0.0292232650701184));
#1824=DIRECTION('',(-4.9248103627137E-14,-0.999572909186039,-0.0292232650701184));
#1825=DIRECTION('',(1.,-4.91342588591947E-14,-1.43786440026011E-15));
#1826=DIRECTION('',(4.9248103627137E-14,0.999572909186039,0.0292232650701184));
#1827=DIRECTION('',(-0.988936364828173,0.148277018386985,0.00433499004655719));
#1828=DIRECTION('center_axis',(1.38683091696872E-18,-0.0292232650701184,
0.999572909186039));
#1829=DIRECTION('ref_axis',(4.9248103627137E-14,0.999572909186039,0.0292232650701184));
#1830=DIRECTION('',(-4.9248103627137E-14,-0.999572909186039,-0.0292232650701184));
#1831=DIRECTION('',(-1.,4.91342588591947E-14,1.43786440026011E-15));
#1832=DIRECTION('',(4.9248103627137E-14,0.999572909186039,0.0292232650701184));
#1833=DIRECTION('',(0.988936364828173,-0.148277018386985,-0.00433499004655719));
#1834=DIRECTION('center_axis',(1.38683091696872E-18,-0.0292232650701184,
0.999572909186039));
#1835=DIRECTION('ref_axis',(4.9248103627137E-14,0.999572909186039,0.0292232650701184));
#1836=DIRECTION('',(-0.988936364828188,-0.148277018386888,-0.00433499004655434));
#1837=DIRECTION('',(4.9248103627137E-14,0.999572909186039,0.0292232650701184));
#1838=DIRECTION('',(1.,-4.91342588591947E-14,-1.43786440026011E-15));
#1839=DIRECTION('',(-4.9248103627137E-14,-0.999572909186039,-0.0292232650701184));
#1840=DIRECTION('center_axis',(1.38683091696872E-18,-0.0292232650701184,
0.999572909186039));
#1841=DIRECTION('ref_axis',(4.9248103627137E-14,0.999572909186039,0.0292232650701184));
#1842=DIRECTION('',(0.988936364828188,0.148277018386888,0.00433499004655434));
#1843=DIRECTION('',(4.9248103627137E-14,0.999572909186039,0.0292232650701184));
#1844=DIRECTION('',(-1.,4.91342588591947E-14,1.43786440026011E-15));
#1845=DIRECTION('',(-4.9248103627137E-14,-0.999572909186039,-0.0292232650701184));
#1846=DIRECTION('center_axis',(-4.65321992731046E-14,-0.934868577307136,
-0.354994004405329));
#1847=DIRECTION('ref_axis',(-1.61285505734586E-14,-0.354994004405329,0.934868577307136));
#1848=DIRECTION('',(1.,-4.92270296867454E-14,-1.44057662511071E-15));
#1849=DIRECTION('',(1.61285505734586E-14,0.354994004405329,-0.934868577307136));
#1850=DIRECTION('',(-1.,4.92270296867454E-14,1.44057662511071E-15));
#1851=DIRECTION('',(-1.61285505734586E-14,-0.354994004405329,0.934868577307136));
#1852=DIRECTION('center_axis',(-4.6531290836509E-14,-0.954011129659166,
0.299771186885001));
#1853=DIRECTION('ref_axis',(1.61311712495013E-14,0.299771186885001,0.954011129659166));
#1854=DIRECTION('',(1.,-4.92270296867454E-14,-1.44057662511071E-15));
#1855=DIRECTION('',(1.61311712495013E-14,0.299771186885001,0.954011129659166));
#1856=DIRECTION('',(-1.,4.92270296867454E-14,1.44057662511071E-15));
#1857=DIRECTION('',(-1.61311712495013E-14,-0.299771186885001,-0.954011129659166));
#1858=DIRECTION('center_axis',(1.38683091696872E-18,-0.0292232650701184,
0.999572909186039));
#1859=DIRECTION('ref_axis',(4.9248103627137E-14,0.999572909186039,0.0292232650701184));
#1860=DIRECTION('',(1.,-4.92270296867454E-14,-1.44057662511071E-15));
#1861=DIRECTION('',(-4.9248103627137E-14,-0.999572909186039,-0.0292232650701184));
#1862=DIRECTION('',(-1.,8.47528573790187E-14,-3.23387119298284E-15));
#1863=DIRECTION('',(4.9248103627137E-14,0.999572909186039,0.0292232650701184));
#1864=DIRECTION('center_axis',(1.38683091696872E-18,-0.0292232650701184,
0.999572909186039));
#1865=DIRECTION('ref_axis',(4.9248103627137E-14,0.999572909186039,0.0292232650701184));
#1866=DIRECTION('',(4.9248103627137E-14,0.999572909186039,0.0292232650701184));
#1867=DIRECTION('',(1.,-1.40349686246745E-14,5.30136180750072E-15));
#1868=DIRECTION('',(-4.9248103627137E-14,-0.999572909186039,-0.0292232650701184));
#1869=DIRECTION('',(-1.,4.92270296867454E-14,1.44057662511071E-15));
#1870=DIRECTION('center_axis',(1.38683091696872E-18,-0.0292232650701184,
0.999572909186039));
#1871=DIRECTION('ref_axis',(4.9248103627137E-14,0.999572909186039,0.0292232650701184));
#1872=DIRECTION('',(-1.,4.92270296867454E-14,1.44057662511071E-15));
#1873=DIRECTION('',(-4.9248103627137E-14,-0.999572909186039,-0.0292232650701184));
#1874=DIRECTION('',(1.,-4.92270296867454E-14,-1.44057662511071E-15));
#1875=DIRECTION('',(4.9248103627137E-14,0.999572909186039,0.0292232650701184));
#1876=DIRECTION('center_axis',(1.38683091696872E-18,-0.0292232650701184,
0.999572909186039));
#1877=DIRECTION('ref_axis',(4.9248103627137E-14,0.999572909186039,0.0292232650701184));
#1878=DIRECTION('',(1.,-4.92270296867454E-14,-1.44057662511071E-15));
#1879=DIRECTION('',(-4.9248103627137E-14,-0.999572909186039,-0.0292232650701184));
#1880=DIRECTION('',(-1.,4.92270296867454E-14,1.44057662511071E-15));
#1881=DIRECTION('',(4.9248103627137E-14,0.999572909186039,0.0292232650701184));
#1882=DIRECTION('center_axis',(1.38683091696872E-18,-0.0292232650701184,
0.999572909186039));
#1883=DIRECTION('ref_axis',(4.9248103627137E-14,0.999572909186039,0.0292232650701184));
#1884=DIRECTION('',(1.,-4.92270296867454E-14,-1.44057662511071E-15));
#1885=DIRECTION('',(4.9248103627137E-14,0.999572909186039,0.0292232650701184));
#1886=DIRECTION('',(-1.,4.92270296867454E-14,1.44057662511071E-15));
#1887=DIRECTION('',(-4.9248103627137E-14,-0.999572909186039,-0.0292232650701184));
#1888=DIRECTION('center_axis',(1.38683091696872E-18,-0.0292232650701184,
0.999572909186039));
#1889=DIRECTION('ref_axis',(4.9248103627137E-14,0.999572909186039,0.0292232650701184));
#1890=DIRECTION('',(1.,-4.92270296867454E-14,-1.44057662511071E-15));
#1891=DIRECTION('',(4.9248103627137E-14,0.999572909186039,0.0292232650701184));
#1892=DIRECTION('',(-1.,4.92270296867454E-14,1.44057662511071E-15));
#1893=DIRECTION('',(-4.9248103627137E-14,-0.999572909186039,-0.0292232650701184));
#1894=DIRECTION('center_axis',(1.38683091696872E-18,-0.0292232650701184,
0.999572909186039));
#1895=DIRECTION('ref_axis',(4.9248103627137E-14,0.999572909186039,0.0292232650701184));
#1896=DIRECTION('',(1.,-4.92270296867454E-14,-1.44057662511071E-15));
#1897=DIRECTION('',(-4.9248103627137E-14,-0.999572909186039,-0.0292232650701184));
#1898=DIRECTION('',(-1.,4.92270296867454E-14,1.44057662511071E-15));
#1899=DIRECTION('',(4.9248103627137E-14,0.999572909186039,0.0292232650701184));
#1900=DIRECTION('center_axis',(4.9248103627137E-14,0.999572909186039,0.0292232650701184));
#1901=DIRECTION('ref_axis',(-1.38683091696855E-18,0.0292232650701184,-0.999572909186039));
#1902=DIRECTION('',(1.,-4.92270296867454E-14,-1.44057662511071E-15));
#1903=DIRECTION('',(-6.20050044838245E-15,-0.0292232650701184,0.999572909186039));
#1904=DIRECTION('',(-1.,4.92270296867454E-14,1.44057662511071E-15));
#1905=DIRECTION('',(-1.38683091696872E-18,0.0292232650701184,-0.999572909186039));
#1906=DIRECTION('center_axis',(4.9248103627137E-14,0.999572909186039,0.0292232650701184));
#1907=DIRECTION('ref_axis',(-1.38683091696855E-18,0.0292232650701184,-0.999572909186039));
#1908=DIRECTION('',(1.,-4.92270296867454E-14,-1.44057662511071E-15));
#1909=DIRECTION('',(6.20050044838245E-15,0.0292232650701184,-0.999572909186039));
#1910=DIRECTION('',(-1.,4.92270296867454E-14,1.44057662511071E-15));
#1911=DIRECTION('',(1.38683091696872E-18,-0.0292232650701184,0.999572909186039));
#1912=DIRECTION('center_axis',(1.38683091696872E-18,-0.0292232650701184,
0.999572909186039));
#1913=DIRECTION('ref_axis',(4.9248103627137E-14,0.999572909186039,0.0292232650701184));
#1914=DIRECTION('',(0.676603536070894,-0.736033022398587,-0.0215184784583943));
#1915=DIRECTION('',(-0.676603536070967,-0.73603302239852,-0.0215184784583923));
#1916=DIRECTION('',(4.9248103627137E-14,0.999572909186039,0.0292232650701184));
#1917=DIRECTION('center_axis',(1.,-8.47528573790187E-14,3.23387119298284E-15));
#1918=DIRECTION('ref_axis',(-5.70924525293979E-15,-0.0292232650701184,0.999572909186039));
#1919=DIRECTION('center_axis',(-1.,4.92270296867454E-14,1.44057662511071E-15));
#1920=DIRECTION('ref_axis',(1.38683091697013E-18,-0.0292232650701184,0.999572909186039));
#1921=DIRECTION('center_axis',(1.,-4.92270296867454E-14,-1.44057662511071E-15));
#1922=DIRECTION('ref_axis',(1.38683091697013E-18,-0.0292232650701184,0.999572909186039));
#1923=DIRECTION('',(-1.,8.47528573790187E-14,-3.23387119298284E-15));
#1924=DIRECTION('center_axis',(1.,-1.40349686246745E-14,5.30136180750072E-15));
#1925=DIRECTION('ref_axis',(-5.70924525294091E-15,-0.0292232650701184,0.999572909186039));
#1926=DIRECTION('',(1.,-1.40349686246745E-14,5.30136180750072E-15));
#1927=DIRECTION('center_axis',(1.,-4.92270296867454E-14,-1.44057662511071E-15));
#1928=DIRECTION('ref_axis',(1.38683091697013E-18,-0.0292232650701184,0.999572909186039));
#1929=DIRECTION('center_axis',(-1.,4.92270296867454E-14,1.44057662511071E-15));
#1930=DIRECTION('ref_axis',(1.38683091697013E-18,-0.0292232650701184,0.999572909186039));
#1931=DIRECTION('center_axis',(-0.623367719841423,-0.132076711106705,-0.770693472298125));
#1932=DIRECTION('ref_axis',(-4.85897741429425E-14,-0.985631234719345,0.168911423964216));
#1933=DIRECTION('center_axis',(0.33826157607858,-0.938868324455217,0.0640732040988184));
#1934=DIRECTION('ref_axis',(4.77836106196699E-15,0.0680867746274299,0.997679402975141));
#1935=DIRECTION('center_axis',(1.,-4.92117453268823E-14,-1.43874235189323E-15));
#1936=DIRECTION('ref_axis',(4.37817802397662E-28,-0.0292232650701184,0.999572909186039));
#1937=DIRECTION('center_axis',(1.,-4.92270296867454E-14,-1.44057662511071E-15));
#1938=DIRECTION('ref_axis',(1.38683091697013E-18,-0.0292232650701184,0.999572909186039));
#1939=DIRECTION('',(1.,-4.92117453268823E-14,-1.43874235189323E-15));
#1940=DIRECTION('center_axis',(-1.,4.92270296867454E-14,1.44057662511071E-15));
#1941=DIRECTION('ref_axis',(1.38683091697013E-18,-0.0292232650701184,0.999572909186039));
#1942=DIRECTION('center_axis',(1.,-4.92423950770392E-14,-1.43963841879972E-15));
#1943=DIRECTION('ref_axis',(-1.5681844820979E-24,-0.0292232650701184,0.999572909186039));
#1944=DIRECTION('center_axis',(1.,-4.92270296867454E-14,-1.44057662511071E-15));
#1945=DIRECTION('ref_axis',(1.38683091697013E-18,-0.0292232650701184,0.999572909186039));
#1946=DIRECTION('',(1.,-4.92423950770392E-14,-1.43963841879972E-15));
#1947=DIRECTION('center_axis',(-1.,4.92270296867454E-14,1.44057662511071E-15));
#1948=DIRECTION('ref_axis',(1.38683091697013E-18,-0.0292232650701184,0.999572909186039));
#1949=DIRECTION('center_axis',(1.,-4.91342588591947E-14,-1.43786440026011E-15));
#1950=DIRECTION('ref_axis',(1.38683091697743E-18,-0.0292232650701184,0.999572909186039));
#1951=DIRECTION('center_axis',(1.,-4.92270296867454E-14,-1.44057662511071E-15));
#1952=DIRECTION('ref_axis',(1.38683091697013E-18,-0.0292232650701184,0.999572909186039));
#1953=DIRECTION('center_axis',(-1.,4.92270296867454E-14,1.44057662511071E-15));
#1954=DIRECTION('ref_axis',(1.38683091697013E-18,-0.0292232650701184,0.999572909186039));
#1955=DIRECTION('center_axis',(-1.,4.91342588591947E-14,1.43786440026011E-15));
#1956=DIRECTION('ref_axis',(-1.38683091697743E-18,0.0292232650701184,-0.999572909186039));
#1957=DIRECTION('center_axis',(1.,-4.92270296867454E-14,-1.44057662511071E-15));
#1958=DIRECTION('ref_axis',(-1.38683091697013E-18,0.0292232650701184,-0.999572909186039));
#1959=DIRECTION('center_axis',(-1.,4.92270296867454E-14,1.44057662511071E-15));
#1960=DIRECTION('ref_axis',(-1.38683091697013E-18,0.0292232650701184,-0.999572909186039));
#1961=DIRECTION('center_axis',(1.,-4.92270296867454E-14,-1.44057662511071E-15));
#1962=DIRECTION('ref_axis',(-4.85428766461096E-14,-0.990190878887686,0.139721234490792));
#1963=DIRECTION('center_axis',(-1.,4.92270296867454E-14,1.44057662511071E-15));
#1964=DIRECTION('ref_axis',(-4.85428766461096E-14,-0.990190878887686,0.139721234490792));
#1965=DIRECTION('',(-1.,4.92270296867454E-14,1.44057662511071E-15));
#1966=DIRECTION('center_axis',(1.,-4.92270296867454E-14,-1.44057662511071E-15));
#1967=DIRECTION('ref_axis',(-4.85428766461096E-14,-0.990190878887686,0.139721234490792));
#1968=DIRECTION('center_axis',(1.,-4.92270296867454E-14,-1.44057662511071E-15));
#1969=DIRECTION('ref_axis',(-1.38683091697013E-18,0.0292232650701184,-0.999572909186039));
#1970=DIRECTION('',(-1.,4.92270296867454E-14,1.44057662511071E-15));
#1971=DIRECTION('center_axis',(1.,-4.92270296867454E-14,-1.44057662511071E-15));
#1972=DIRECTION('ref_axis',(-1.38683091697013E-18,0.0292232650701184,-0.999572909186039));
#1973=DIRECTION('',(1.,-4.92270296867454E-14,-1.44057662511071E-15));
#1974=DIRECTION('center_axis',(-1.,4.92270296867454E-14,1.44057662511071E-15));
#1975=DIRECTION('ref_axis',(-1.38683091697013E-18,0.0292232650701184,-0.999572909186039));
#1976=DIRECTION('center_axis',(1.,-4.92270296867454E-14,-1.44057662511071E-15));
#1977=DIRECTION('ref_axis',(4.85433442804228E-14,0.980336900783777,0.197331094766281));
#1978=DIRECTION('',(-1.,4.92270296867454E-14,1.44057662511071E-15));
#1979=DIRECTION('center_axis',(1.,-4.92270296867454E-14,-1.44057662511071E-15));
#1980=DIRECTION('ref_axis',(4.85433442804228E-14,0.980336900783777,0.197331094766281));
#1981=DIRECTION('',(1.,-4.92270296867454E-14,-1.44057662511071E-15));
#1982=DIRECTION('center_axis',(-1.,4.92270296867454E-14,1.44057662511071E-15));
#1983=DIRECTION('ref_axis',(4.85433442804228E-14,0.980336900783777,0.197331094766281));
#1984=DIRECTION('center_axis',(1.,-4.92270296867454E-14,-1.44057662511071E-15));
#1985=DIRECTION('ref_axis',(4.85433442804228E-14,0.980336900783777,0.197331094766281));
#1986=DIRECTION('center_axis',(1.,-4.92270296867454E-14,-1.44057662511071E-15));
#1987=DIRECTION('ref_axis',(4.85433442804228E-14,0.980336900783777,0.197331094766281));
#1988=DIRECTION('',(1.,-4.92270296867454E-14,-1.44057662511071E-15));
#1989=DIRECTION('center_axis',(-1.,4.92270296867454E-14,1.44057662511071E-15));
#1990=DIRECTION('ref_axis',(4.85433442804228E-14,0.980336900783777,0.197331094766281));
#1991=DIRECTION('center_axis',(-1.,4.92270296867454E-14,1.44057662511071E-15));
#1992=DIRECTION('ref_axis',(-4.9248103627137E-14,-0.999572909186039,-0.0292232650701184));
#1993=DIRECTION('',(1.,-4.92270296867454E-14,-1.44057662511071E-15));
#1994=DIRECTION('center_axis',(1.,-4.92270296867454E-14,-1.44057662511071E-15));
#1995=DIRECTION('ref_axis',(-4.9248103627137E-14,-0.999572909186039,-0.0292232650701184));
#1996=DIRECTION('center_axis',(-1.,4.92270296867454E-14,1.44057662511071E-15));
#1997=DIRECTION('ref_axis',(-4.9248103627137E-14,-0.999572909186039,-0.0292232650701184));
#1998=DIRECTION('center_axis',(-1.,4.92270296867454E-14,1.44057662511071E-15));
#1999=DIRECTION('ref_axis',(-4.9248103627137E-14,-0.999572909186039,-0.0292232650701184));
#2000=DIRECTION('center_axis',(1.,-4.92270296867454E-14,-1.44057662511071E-15));
#2001=DIRECTION('ref_axis',(-4.9248103627137E-14,-0.999572909186039,-0.0292232650701184));
#2002=DIRECTION('',(-1.,4.92270296867454E-14,1.44057662511071E-15));
#2003=DIRECTION('center_axis',(-1.,4.92270296867454E-14,1.44057662511071E-15));
#2004=DIRECTION('ref_axis',(-4.9248103627137E-14,-0.999572909186039,-0.0292232650701184));
#2005=DIRECTION('center_axis',(-1.,4.92270296867454E-14,1.44057662511071E-15));
#2006=DIRECTION('ref_axis',(4.9248103627137E-14,0.999572909186039,0.0292232650701184));
#2007=DIRECTION('',(1.,-4.92270296867454E-14,-1.44057662511071E-15));
#2008=DIRECTION('center_axis',(1.,-4.92270296867454E-14,-1.44057662511071E-15));
#2009=DIRECTION('ref_axis',(4.9248103627137E-14,0.999572909186039,0.0292232650701184));
#2010=DIRECTION('center_axis',(-1.,4.92270296867454E-14,1.44057662511071E-15));
#2011=DIRECTION('ref_axis',(4.9248103627137E-14,0.999572909186039,0.0292232650701184));
#2012=DIRECTION('center_axis',(-1.,4.92270296867454E-14,1.44057662511071E-15));
#2013=DIRECTION('ref_axis',(4.9248103627137E-14,0.999572909186039,0.0292232650701184));
#2014=DIRECTION('center_axis',(1.,-4.92270296867454E-14,-1.44057662511071E-15));
#2015=DIRECTION('ref_axis',(4.9248103627137E-14,0.999572909186039,0.0292232650701184));
#2016=DIRECTION('',(-1.,4.92270296867454E-14,1.44057662511071E-15));
#2017=DIRECTION('center_axis',(-1.,4.92270296867454E-14,1.44057662511071E-15));
#2018=DIRECTION('ref_axis',(4.9248103627137E-14,0.999572909186039,0.0292232650701184));
#2019=DIRECTION('center_axis',(-1.,4.92270296867454E-14,1.44057662511071E-15));
#2020=DIRECTION('ref_axis',(4.9248103627137E-14,0.999572909186039,0.0292232650701184));
#2021=DIRECTION('',(1.,-4.92270296867454E-14,-1.44057662511071E-15));
#2022=DIRECTION('center_axis',(1.,-4.92270296867454E-14,-1.44057662511071E-15));
#2023=DIRECTION('ref_axis',(4.9248103627137E-14,0.999572909186039,0.0292232650701184));
#2024=DIRECTION('center_axis',(-1.,4.92270296867454E-14,1.44057662511071E-15));
#2025=DIRECTION('ref_axis',(4.9248103627137E-14,0.999572909186039,0.0292232650701184));
#2026=DIRECTION('center_axis',(-1.,4.92270296867454E-14,1.44057662511071E-15));
#2027=DIRECTION('ref_axis',(4.9248103627137E-14,0.999572909186039,0.0292232650701184));
#2028=DIRECTION('center_axis',(1.,-4.92270296867454E-14,-1.44057662511071E-15));
#2029=DIRECTION('ref_axis',(4.9248103627137E-14,0.999572909186039,0.0292232650701184));
#2030=DIRECTION('',(-1.,4.92270296867454E-14,1.44057662511071E-15));
#2031=DIRECTION('center_axis',(-1.,4.92270296867454E-14,1.44057662511071E-15));
#2032=DIRECTION('ref_axis',(4.9248103627137E-14,0.999572909186039,0.0292232650701184));
#2033=DIRECTION('center_axis',(-1.,4.92270296867454E-14,1.44057662511071E-15));
#2034=DIRECTION('ref_axis',(-4.9248103627137E-14,-0.999572909186039,-0.0292232650701184));
#2035=DIRECTION('',(1.,-4.92270296867454E-14,-1.44057662511071E-15));
#2036=DIRECTION('center_axis',(1.,-4.92270296867454E-14,-1.44057662511071E-15));
#2037=DIRECTION('ref_axis',(-4.9248103627137E-14,-0.999572909186039,-0.0292232650701184));
#2038=DIRECTION('center_axis',(-1.,4.92270296867454E-14,1.44057662511071E-15));
#2039=DIRECTION('ref_axis',(-4.9248103627137E-14,-0.999572909186039,-0.0292232650701184));
#2040=DIRECTION('center_axis',(-1.,4.92270296867454E-14,1.44057662511071E-15));
#2041=DIRECTION('ref_axis',(-4.9248103627137E-14,-0.999572909186039,-0.0292232650701184));
#2042=DIRECTION('center_axis',(1.,-4.92270296867454E-14,-1.44057662511071E-15));
#2043=DIRECTION('ref_axis',(-4.9248103627137E-14,-0.999572909186039,-0.0292232650701184));
#2044=DIRECTION('',(-1.,4.92270296867454E-14,1.44057662511071E-15));
#2045=DIRECTION('center_axis',(-1.,4.92270296867454E-14,1.44057662511071E-15));
#2046=DIRECTION('ref_axis',(-4.9248103627137E-14,-0.999572909186039,-0.0292232650701184));
#2047=DIRECTION('center_axis',(6.20050044838245E-15,0.0292232650701184,
-0.999572909186039));
#2048=DIRECTION('ref_axis',(-4.9248103627137E-14,-0.999572909186039,-0.0292232650701184));
#2049=DIRECTION('center_axis',(1.38683091696872E-18,-0.0292232650701184,
0.999572909186039));
#2050=DIRECTION('ref_axis',(-4.9248103627137E-14,-0.999572909186039,-0.0292232650701184));
#2051=DIRECTION('center_axis',(-1.38683091696872E-18,0.0292232650701184,
-0.999572909186039));
#2052=DIRECTION('ref_axis',(-4.9248103627137E-14,-0.999572909186039,-0.0292232650701184));
#2053=DIRECTION('center_axis',(1.,-4.92270296867454E-14,-1.44057662511071E-15));
#2054=DIRECTION('ref_axis',(4.92250188553323E-14,0.998208013663512,0.0598394640512877));
#2055=DIRECTION('',(1.,-4.92270296867454E-14,-1.44057662511071E-15));
#2056=DIRECTION('center_axis',(-1.,4.92270296867454E-14,1.44057662511071E-15));
#2057=DIRECTION('ref_axis',(-1.3868309169652E-18,0.0292232650701185,-0.999572909186039));
#2058=DIRECTION('center_axis',(1.,-4.92270296867454E-14,-1.44057662511071E-15));
#2059=DIRECTION('ref_axis',(-1.3868309169652E-18,0.0292232650701185,-0.999572909186039));
#2060=DIRECTION('center_axis',(1.,-4.92270296867454E-14,-1.44057662511071E-15));
#2061=DIRECTION('ref_axis',(-4.92247937604444E-14,-0.999998855425491,0.00151299296381404));
#2062=DIRECTION('center_axis',(-1.,4.92270296867454E-14,1.44057662511071E-15));
#2063=DIRECTION('ref_axis',(-1.3868309169652E-18,0.0292232650701185,-0.999572909186039));
#2064=DIRECTION('',(-1.,4.92270296867454E-14,1.44057662511071E-15));
#2065=DIRECTION('center_axis',(1.,-4.92270296867454E-14,-1.44057662511071E-15));
#2066=DIRECTION('ref_axis',(-1.3868309169652E-18,0.0292232650701185,-0.999572909186039));
#2067=DIRECTION('center_axis',(-0.447213724999365,0.433969480125043,-0.782093584229018));
#2068=DIRECTION('ref_axis',(-4.36595204433843E-14,-0.874407272851707,-0.485192663984154));
#2069=DIRECTION('',(0.891400056423527,0.14437184183383,-0.429607624110235));
#2070=DIRECTION('',(4.37434299893878E-14,0.874407272851707,0.485192663984154));
#2071=DIRECTION('',(-0.87141597083383,-0.0143353208671255,0.490335297884386));
#2072=DIRECTION('',(-4.37434299893878E-14,-0.874407272851707,-0.485192663984154));
#2073=DIRECTION('center_axis',(0.242539572211918,-0.95270865405183,0.183086800196002));
#2074=DIRECTION('ref_axis',(1.06720188242093E-14,0.188721745928721,0.982030601668612));
#2075=DIRECTION('',(0.89454422884235,0.146584274039772,-0.422260196145787));
#2076=DIRECTION('',(1.07049013192748E-14,0.188721745928721,0.982030601668612));
#2077=DIRECTION('',(-1.07049013192748E-14,-0.188721745928721,-0.982030601668612));
#2078=DIRECTION('center_axis',(-0.148340683522716,0.98851395266227,0.0288999481665458));
#2079=DIRECTION('ref_axis',(8.67361737988403E-18,0.0292232650701183,-0.999572909186039));
#2080=DIRECTION('',(0.988936318279399,0.148277328579447,0.00433499911526688));
#2081=DIRECTION('',(1.3868309169705E-18,-0.0292232650701184,0.999572909186039));
#2082=DIRECTION('',(-1.3868309169705E-18,0.0292232650701184,-0.999572909186039));
#2083=DIRECTION('center_axis',(1.38683091696872E-18,-0.0292232650701184,
0.999572909186039));
#2084=DIRECTION('ref_axis',(4.9248103627137E-14,0.999572909186039,0.0292232650701184));
#2085=DIRECTION('',(-4.9248103627137E-14,-0.999572909186039,-0.0292232650701184));
#2086=DIRECTION('',(4.9248103627137E-14,0.999572909186039,0.0292232650701184));
#2087=DIRECTION('center_axis',(1.47182783990811E-8,-0.686140501466792,-0.727469045559259));
#2088=DIRECTION('ref_axis',(-3.48227023345565E-14,-0.727469045559259,0.686140501466792));
#2089=DIRECTION('',(3.48227023339792E-14,0.727469045559259,-0.686140501466792));
#2090=DIRECTION('',(1.,2.08059080466471E-8,6.08276353727874E-10));
#2091=DIRECTION('',(-3.48227023339792E-14,-0.727469045559259,0.686140501466792));
#2092=DIRECTION('',(-0.978231930906818,-0.150960423071723,0.142384128400339));
#2093=DIRECTION('center_axis',(0.447213702150539,-0.433969437871015,0.782093620740334));
#2094=DIRECTION('ref_axis',(4.37982983214624E-14,0.874407302503896,0.4851926105454));
#2095=DIRECTION('',(0.87141599085444,0.0143353198277963,-0.490335262334466));
#2096=DIRECTION('',(-4.37434313720944E-14,-0.874407302503896,-0.4851926105454));
#2097=DIRECTION('',(-0.891400053131261,-0.144371626998066,0.429607703138009));
#2098=DIRECTION('',(4.37434313720944E-14,0.874407302503896,0.4851926105454));
#2099=DIRECTION('center_axis',(0.242539317247496,-0.952708741549959,0.18308668264899));
#2100=DIRECTION('ref_axis',(1.07969189144796E-14,0.188721612364148,0.982030627336376));
#2101=DIRECTION('',(-1.0704894781264E-14,-0.188721612364148,-0.982030627336376));
#2102=DIRECTION('',(-0.894544115709458,-0.146583978717174,0.422260538332707));
#2103=DIRECTION('',(1.0704894781264E-14,0.188721612364148,0.982030627336376));
#2104=DIRECTION('center_axis',(-9.89188851044981E-8,-0.686140857702934,
-0.727468709561224));
#2105=DIRECTION('ref_axis',(-3.48226852276343E-14,-0.727468709561228,0.686140857702937));
#2106=DIRECTION('',(0.978231977155417,0.150960118472227,-0.142384133601515));
#2107=DIRECTION('',(3.48226852806086E-14,0.727468709561228,-0.686140857702937));
#2108=DIRECTION('',(-0.99999999999999,1.39832673615701E-7,4.08811328355166E-9));
#2109=DIRECTION('',(-3.48226852806086E-14,-0.727468709561228,0.686140857702937));
#2110=DIRECTION('center_axis',(1.38683091696872E-18,-0.0292232650701184,
0.999572909186039));
#2111=DIRECTION('ref_axis',(4.9248103627137E-14,0.999572909186039,0.0292232650701184));
#2112=DIRECTION('',(-4.9248103627137E-14,-0.999572909186039,-0.0292232650701184));
#2113=DIRECTION('',(4.9248103627137E-14,0.999572909186039,0.0292232650701184));
#2114=DIRECTION('',(-0.99999999999999,-1.39832575161642E-7,-4.08811040239841E-9));
#2115=DIRECTION('',(-4.9248103627137E-14,-0.999572909186039,-0.0292232650701184));
#2116=DIRECTION('center_axis',(1.,-4.92270296867454E-14,-1.44057662511071E-15));
#2117=DIRECTION('ref_axis',(-1.38683091697013E-18,0.0292232650701184,-0.999572909186039));
#2118=DIRECTION('',(-1.38669169142886E-18,0.0292232678959344,-0.999572909103424));
#2119=DIRECTION('center_axis',(-1.,4.92270296867454E-14,1.44057662511071E-15));
#2120=DIRECTION('ref_axis',(1.38683091697013E-18,-0.0292232650701184,0.999572909186039));
#2121=DIRECTION('',(1.38697014250859E-18,-0.0292232622443025,0.999572909268654));
#2122=DIRECTION('center_axis',(-1.,4.92270296867454E-14,1.44057662511071E-15));
#2123=DIRECTION('ref_axis',(1.38683091697013E-18,-0.0292232650701184,0.999572909186039));
#2124=DIRECTION('',(1.07021874206282E-14,0.245771045378295,-0.969327908013413));
#2125=DIRECTION('',(-1.38669169142886E-18,0.0292232678959344,-0.999572909103424));
#2126=DIRECTION('',(-1.38669169142886E-18,0.0292232678959344,-0.999572909103424));
#2127=DIRECTION('',(-3.48246465558194E-14,-0.686140769249701,-0.727468792989382));
#2128=DIRECTION('',(1.38697014250859E-18,-0.0292232622443025,0.999572909268654));
#2129=DIRECTION('',(1.38697014250859E-18,-0.0292232622443025,0.999572909268654));
#2130=DIRECTION('',(4.3742157062112E-14,0.901259529362618,-0.433279656495747));
#2131=DIRECTION('',(-8.30450680025971E-15,-0.139721226486292,-0.990190880017164));
#2132=DIRECTION('',(-8.30177284376064E-15,-0.197331086841438,0.980336902378961));
#2133=DIRECTION('',(4.9248103627137E-14,0.999572909186039,0.0292232650701184));
#2134=DIRECTION('',(8.30450787038065E-15,0.139721248314912,0.990190876937029));
#2135=DIRECTION('',(-4.9248103627137E-14,-0.999572909186039,-0.0292232650701184));
#2136=DIRECTION('',(8.30177391389188E-15,0.197331108452828,-0.980336898028825));
#2137=DIRECTION('center_axis',(0.14834037319762,-0.988513999272879,-0.0288999467323013));
#2138=DIRECTION('ref_axis',(-6.93889390390723E-18,-0.0292232622443024,0.999572909268654));
#2139=DIRECTION('',(1.38697014250859E-18,-0.0292232622443025,0.999572909268654));
#2140=DIRECTION('center_axis',(1.38683091696872E-18,-0.0292232650701184,
0.999572909186039));
#2141=DIRECTION('ref_axis',(4.9248103627137E-14,0.999572909186039,0.0292232650701184));
#2142=DIRECTION('',(4.9248103627137E-14,0.999572909186039,0.0292232650701184));
#2143=DIRECTION('',(1.,-4.92270296867454E-14,-1.44057662511071E-15));
#2144=DIRECTION('',(-1.,4.92270296867454E-14,1.44057662511071E-15));
#2145=DIRECTION('center_axis',(-4.85428765301698E-14,-0.990190876937029,
0.139721248314912));
#2146=DIRECTION('ref_axis',(8.30450787038065E-15,0.139721248314912,0.990190876937029));
#2147=DIRECTION('',(8.30450787038065E-15,0.139721248314912,0.990190876937029));
#2148=DIRECTION('center_axis',(1.38683091696872E-18,-0.0292232650701184,
0.999572909186039));
#2149=DIRECTION('ref_axis',(4.9248103627137E-14,0.999572909186039,0.0292232650701184));
#2150=DIRECTION('',(-4.9248103627137E-14,-0.999572909186039,-0.0292232650701184));
#2151=DIRECTION('center_axis',(-4.85433441645212E-14,-0.980336898028825,
-0.197331108452828));
#2152=DIRECTION('ref_axis',(-8.30177391389188E-15,-0.197331108452828,0.980336898028825));
#2153=DIRECTION('',(8.30177391389188E-15,0.197331108452828,-0.980336898028825));
#2154=DIRECTION('center_axis',(-4.85433443475326E-14,-0.980336902378961,
-0.197331086841438));
#2155=DIRECTION('ref_axis',(-8.30177284376064E-15,-0.197331086841438,0.980336902378961));
#2156=DIRECTION('',(-8.30177284376064E-15,-0.197331086841438,0.980336902378961));
#2157=DIRECTION('center_axis',(-4.85428767132415E-14,-0.990190880017164,
0.139721226486292));
#2158=DIRECTION('ref_axis',(8.30450680025971E-15,0.139721226486292,0.990190880017164));
#2159=DIRECTION('',(-8.30450680025971E-15,-0.139721226486292,-0.990190880017164));
#2160=DIRECTION('center_axis',(-1.,4.92270296867454E-14,1.44057662511071E-15));
#2161=DIRECTION('ref_axis',(1.38683091697013E-18,-0.0292232650701184,0.999572909186039));
#2162=DIRECTION('',(8.30450719267039E-15,0.139721234490793,0.990190878887686));
#2163=DIRECTION('',(-4.9248103627137E-14,-0.999572909186039,-0.0292232650701184));
#2164=DIRECTION('',(8.3017732361751E-15,0.197331094766281,-0.980336900783777));
#2165=DIRECTION('center_axis',(-1.,4.92270296867454E-14,1.44057662511071E-15));
#2166=DIRECTION('ref_axis',(1.38683091697013E-18,-0.0292232650701184,0.999572909186039));
#2167=DIRECTION('center_axis',(1.,-4.92270296867454E-14,-1.44057662511071E-15));
#2168=DIRECTION('ref_axis',(-1.38683091697013E-18,0.0292232650701184,-0.999572909186039));
#2169=DIRECTION('center_axis',(-4.85428766461096E-14,-0.990190878887687,
0.139721234490793));
#2170=DIRECTION('ref_axis',(8.30450719267039E-15,0.139721234490793,0.990190878887686));
#2171=DIRECTION('',(8.30450719267039E-15,0.139721234490793,0.990190878887686));
#2172=DIRECTION('center_axis',(1.38683091696872E-18,-0.0292232650701184,
0.999572909186039));
#2173=DIRECTION('ref_axis',(4.9248103627137E-14,0.999572909186039,0.0292232650701184));
#2174=DIRECTION('',(-4.9248103627137E-14,-0.999572909186039,-0.0292232650701184));
#2175=DIRECTION('center_axis',(-4.85433442804228E-14,-0.980336900783777,
-0.197331094766281));
#2176=DIRECTION('ref_axis',(-8.3017732361751E-15,-0.197331094766281,0.980336900783777));
#2177=DIRECTION('',(8.3017732361751E-15,0.197331094766281,-0.980336900783777));
#2178=DIRECTION('center_axis',(1.,-4.92270296867454E-14,-1.44057662511071E-15));
#2179=DIRECTION('ref_axis',(-1.38683091697013E-18,0.0292232650701184,-0.999572909186039));
#2180=DIRECTION('',(-1.38683091696872E-18,0.0292232650701184,-0.999572909186039));
#2181=DIRECTION('',(1.38683091696872E-18,-0.0292232650701184,0.999572909186039));
#2182=DIRECTION('',(1.38683091696872E-18,-0.0292232650701184,0.999572909186039));
#2183=DIRECTION('',(-1.38683091696872E-18,0.0292232650701184,-0.999572909186039));
#2184=DIRECTION('center_axis',(4.9248103627137E-14,0.999572909186039,0.0292232650701184));
#2185=DIRECTION('ref_axis',(-1.38683091696855E-18,0.0292232650701184,-0.999572909186039));
#2186=DIRECTION('',(1.38683091696872E-18,-0.0292232650701184,0.999572909186039));
#2187=DIRECTION('center_axis',(4.9248103627137E-14,0.999572909186039,0.0292232650701184));
#2188=DIRECTION('ref_axis',(-1.38683091696855E-18,0.0292232650701184,-0.999572909186039));
#2189=DIRECTION('',(-1.38683091696872E-18,0.0292232650701184,-0.999572909186039));
#2190=DIRECTION('center_axis',(4.9248103627137E-14,0.999572909186039,0.0292232650701184));
#2191=DIRECTION('ref_axis',(-1.38683091696855E-18,0.0292232650701184,-0.999572909186039));
#2192=DIRECTION('',(-1.38683091696872E-18,0.0292232650701184,-0.999572909186039));
#2193=DIRECTION('center_axis',(4.9248103627137E-14,0.999572909186039,0.0292232650701184));
#2194=DIRECTION('ref_axis',(-1.38683091696855E-18,0.0292232650701184,-0.999572909186039));
#2195=DIRECTION('',(1.38683091696872E-18,-0.0292232650701184,0.999572909186039));
#2196=DIRECTION('center_axis',(-1.,4.92270296867454E-14,1.44057662511071E-15));
#2197=DIRECTION('ref_axis',(1.38683091697013E-18,-0.0292232650701184,0.999572909186039));
#2198=DIRECTION('center_axis',(1.,-4.92270296867454E-14,-1.44057662511071E-15));
#2199=DIRECTION('ref_axis',(-1.38683091697013E-18,0.0292232650701184,-0.999572909186039));
#2200=DIRECTION('center_axis',(1.38683091696872E-18,-0.0292232650701184,
0.999572909186039));
#2201=DIRECTION('ref_axis',(4.9248103627137E-14,0.999572909186039,0.0292232650701184));
#2202=DIRECTION('',(1.,-2.08060065007065E-8,-6.08279234881125E-10));
#2203=DIRECTION('',(-4.9248103627137E-14,-0.999572909186039,-0.0292232650701184));
#2204=DIRECTION('',(4.9248103627137E-14,0.999572909186039,0.0292232650701184));
#2205=DIRECTION('',(4.9248103627137E-14,0.999572909186039,0.0292232650701184));
#2206=DIRECTION('center_axis',(-0.447213724999405,-0.387537127287014,-0.806110947169362));
#2207=DIRECTION('ref_axis',(-4.33542091116123E-14,-0.90125950288305,0.433279711575556));
#2208=DIRECTION('',(4.37421556792549E-14,0.901259502883051,-0.433279711575555));
#2209=DIRECTION('',(-0.891400056423513,0.119026903857118,0.437308284355951));
#2210=DIRECTION('',(-4.37421556792549E-14,-0.901259502883051,0.433279711575555));
#2211=DIRECTION('center_axis',(-0.242539572212011,-0.940385211176724,-0.238432821799607));
#2212=DIRECTION('ref_axis',(-1.05887520973624E-14,-0.245771177215189,0.969327874586438));
#2213=DIRECTION('',(1.0702193958721E-14,0.245771177215189,-0.969327874586437));
#2214=DIRECTION('',(-0.894544228842337,0.121664805495953,0.430102659545952));
#2215=DIRECTION('',(-1.0702193958721E-14,-0.245771177215189,0.969327874586437));
#2216=DIRECTION('center_axis',(0.148340683522814,0.988513952662255,0.0288999481665454));
#2217=DIRECTION('ref_axis',(-6.07153216591883E-18,0.0292232650701184,-0.999572909186039));
#2218=DIRECTION('',(-1.38683091696695E-18,0.0292232650701184,-0.999572909186039));
#2219=DIRECTION('',(-0.988936318279385,0.148277328579544,0.00433499911526973));
#2220=DIRECTION('',(1.38683091696695E-18,-0.0292232650701184,0.999572909186039));
#2221=DIRECTION('center_axis',(1.38683091696872E-18,-0.0292232650701184,
0.999572909186039));
#2222=DIRECTION('ref_axis',(4.9248103627137E-14,0.999572909186039,0.0292232650701184));
#2223=DIRECTION('',(-4.9248103627137E-14,-0.999572909186039,-0.0292232650701184));
#2224=DIRECTION('',(4.9248103627137E-14,0.999572909186039,0.0292232650701184));
#2225=DIRECTION('center_axis',(-0.148340686220935,-0.988513951182749,-0.0288999849233801));
#2226=DIRECTION('ref_axis',(1.73472347597681E-17,-0.0292233022501281,0.999572908099053));
#2227=DIRECTION('',(-1.38499908963834E-18,0.0292233022501282,-0.999572908099053));
#2228=DIRECTION('',(-0.978231930906804,0.142384278841474,0.150960281177333));
#2229=DIRECTION('',(1.38499908963834E-18,-0.0292233022501282,0.999572908099053));
#2230=DIRECTION('center_axis',(-1.47183480463873E-8,-0.727468456991219,
0.686141125485723));
#2231=DIRECTION('ref_axis',(3.48246636087402E-14,0.686141125485723,0.727468456991219));
#2232=DIRECTION('',(-3.48246636082295E-14,-0.686141125485723,-0.727468456991219));
#2233=DIRECTION('',(3.48246636082295E-14,0.686141125485723,0.727468456991219));
#2234=DIRECTION('center_axis',(9.89188154571578E-8,-0.727468792989378,0.686140769249698));
#2235=DIRECTION('ref_axis',(3.4824646492719E-14,0.686140769249701,0.727468792989382));
#2236=DIRECTION('',(-0.978231977155403,0.142383974458373,0.150960268574446));
#2237=DIRECTION('',(-3.48246465558194E-14,-0.686140769249701,-0.727468792989382));
#2238=DIRECTION('center_axis',(-0.148340373197718,-0.988513999109462,-0.0288999523214052));
#2239=DIRECTION('ref_axis',(4.33680868994202E-18,-0.0292232678959344,0.999572909103424));
#2240=DIRECTION('',(-0.894544115709444,0.12166449068667,0.430102983895208));
#2241=DIRECTION('',(-1.38669169142886E-18,0.0292232678959344,-0.999572909103424));
#2242=DIRECTION('center_axis',(-0.242539317247589,-0.940385305392687,-0.238432709565144));
#2243=DIRECTION('ref_axis',(-1.07622244449601E-14,-0.245771045378295,0.969327908013413));
#2244=DIRECTION('',(-0.891400053131248,0.119026684771366,0.437308350697703));
#2245=DIRECTION('',(1.07021874206282E-14,0.245771045378295,-0.969327908013413));
#2246=DIRECTION('center_axis',(-0.447213702150579,-0.387537082972106,-0.806110981149769));
#2247=DIRECTION('ref_axis',(-4.36595204433843E-14,-0.901259529362618,0.433279656495747));
#2248=DIRECTION('',(4.3742157062112E-14,0.901259529362618,-0.433279656495747));
#2249=DIRECTION('center_axis',(1.,-4.92270296867454E-14,-1.44057662511071E-15));
#2250=DIRECTION('ref_axis',(-1.38683091697013E-18,0.0292232650701184,-0.999572909186039));
#2251=DIRECTION('',(-1.38866274429878E-18,0.0292232278901087,-0.999572910273024));
#2252=DIRECTION('center_axis',(-1.,4.92270296867454E-14,1.44057662511071E-15));
#2253=DIRECTION('ref_axis',(1.38683091697013E-18,-0.0292232650701184,0.999572909186039));
#2254=DIRECTION('',(1.38866274429878E-18,-0.0292232278901087,0.999572910273024));
#2255=DIRECTION('center_axis',(0.148340686220838,-0.988513953332683,-0.0288999113860567));
#2256=DIRECTION('ref_axis',(-8.67361737988403E-18,-0.0292232278901086,0.999572910273024));
#2257=DIRECTION('',(0.,0.,1.));
#2258=DIRECTION('',(1.,0.,0.));
#2259=CARTESIAN_POINT('',(0.,0.,0.));
#2260=CARTESIAN_POINT('',(0.,0.,0.));
#2261=CARTESIAN_POINT('Origin',(-260.148312063119,0.147919271919001,-62.1966554471277));
#2262=CARTESIAN_POINT('',(-260.433189241856,0.147919271928829,-62.1966554474633));
#2263=CARTESIAN_POINT('',(-260.005877625049,0.612763789986353,-62.183065368362));
#2264=CARTESIAN_POINT('',(-258.292314254357,2.47683793547083,-62.1285677600703));
#2265=CARTESIAN_POINT('',(-260.005877625049,-0.316925246148361,-62.2102455258933));
#2266=CARTESIAN_POINT('',(-258.292314254357,-2.18099939163301,-62.2647431341851));
#2267=CARTESIAN_POINT('',(-260.005877625049,-0.134978738108904,-62.2049261830178));
#2268=CARTESIAN_POINT('Origin',(-291.005871903006,-52.8511344633382,11.4233225959391));
#2269=CARTESIAN_POINT('',(-290.005877625052,-51.5267010259536,11.4620434026484));
#2270=CARTESIAN_POINT('',(-290.00587762532,-54.3255030165266,11.3802183234594));
#2271=CARTESIAN_POINT('',(-290.005877625052,-51.8987272993159,11.4511669350095));
#2272=CARTESIAN_POINT('',(-292.00586618096,-51.5267010259536,11.4620434026484));
#2273=CARTESIAN_POINT('',(-292.00586618096,-51.5267010259536,11.4620434026484));
#2274=CARTESIAN_POINT('',(-292.005866180604,-54.0256330254015,11.3889852479696));
#2275=CARTESIAN_POINT('',(-292.005866180959,-27.4494868123909,12.1659588515834));
#2276=CARTESIAN_POINT('',(-287.353060074294,-54.7232554818262,11.3685897312688));
#2277=CARTESIAN_POINT('Origin',(-291.005871903006,-53.0556972630901,18.4203310537074));
#2278=CARTESIAN_POINT('',(-292.00586618096,-51.7312638257054,18.4590518604167));
#2279=CARTESIAN_POINT('',(-292.00586618063,-54.2301958448939,18.3859937051607));
#2280=CARTESIAN_POINT('',(-292.005866180959,-27.6540496121427,19.1629673093517));
#2281=CARTESIAN_POINT('',(-290.005877625052,-51.7312638257055,18.4590518604167));
#2282=CARTESIAN_POINT('',(-292.00586618096,-51.7312638257054,18.4590518604167));
#2283=CARTESIAN_POINT('',(-290.005877625331,-54.5300658360443,18.3772267806498));
#2284=CARTESIAN_POINT('',(-290.005877625052,-52.1032900990677,18.4481753927777));
#2285=CARTESIAN_POINT('',(-287.353060077197,-54.9278183009235,18.3655981884715));
#2286=CARTESIAN_POINT('Origin',(-291.005871903001,48.5508933406991,21.3908760762845));
#2287=CARTESIAN_POINT('',(-290.005877625326,50.0252619136531,21.4339803493421));
#2288=CARTESIAN_POINT('',(-292.005866180625,49.725391922503,21.4252134248312));
#2289=CARTESIAN_POINT('',(-287.353060077192,50.4230143785321,21.4456089415204));
#2290=CARTESIAN_POINT('',(-290.005877625047,47.2264599033144,21.3521552695752));
#2291=CARTESIAN_POINT('',(-290.005877625047,47.5984861766766,21.3630317372142));
#2292=CARTESIAN_POINT('',(-292.005866180955,47.2264599033145,21.3521552695752));
#2293=CARTESIAN_POINT('',(-290.005877625047,47.2264599033144,21.3521552695752));
#2294=CARTESIAN_POINT('',(-292.005866180956,23.1492456897518,20.6482398206402));
#2295=CARTESIAN_POINT('Origin',(-291.005871903001,48.7554561404509,14.3938676185163));
#2296=CARTESIAN_POINT('',(-292.005866180599,49.9299547025143,14.4282049664858));
#2297=CARTESIAN_POINT('',(-290.005877625315,50.2298246936392,14.436971890996));
#2298=CARTESIAN_POINT('',(-287.353060074289,50.6275771589386,14.4486004831866));
#2299=CARTESIAN_POINT('',(-292.005866180955,47.4310227030664,14.355146811807));
#2300=CARTESIAN_POINT('',(-292.005866180956,23.3538084895037,13.651231362872));
#2301=CARTESIAN_POINT('',(-290.005877625047,47.4310227030663,14.355146811807));
#2302=CARTESIAN_POINT('',(-290.005877625047,47.4310227030663,14.355146811807));
#2303=CARTESIAN_POINT('',(-290.005877625047,47.8030489764285,14.3660232794459));
#2304=CARTESIAN_POINT('Origin',(-291.005871903004,-22.4373316480838,-23.3221443349957));
#2305=CARTESIAN_POINT('',(-292.005866180958,-19.2560822017815,-31.6998918659876));
#2306=CARTESIAN_POINT('',(-290.00587762505,-19.2560822017816,-31.6998918659876));
#2307=CARTESIAN_POINT('',(-291.005871903004,-19.2560822017816,-31.6998918659876));
#2308=CARTESIAN_POINT('',(-292.005866180958,-25.618581094386,-14.9443968040038));
#2309=CARTESIAN_POINT('',(-292.005866180959,-27.6255744261828,-9.6590258470919));
#2310=CARTESIAN_POINT('',(-290.00587762505,-25.6185810943861,-14.9443968040038));
#2311=CARTESIAN_POINT('',(-291.005871903004,-25.618581094386,-14.9443968040038));
#2312=CARTESIAN_POINT('',(-290.00587762505,-25.2252548184158,-15.9802125402438));
#2313=CARTESIAN_POINT('Origin',(-291.005871903002,20.4234847177414,-22.0690761633102));
#2314=CARTESIAN_POINT('',(-292.005866180956,23.1098594465,-13.5197842306805));
#2315=CARTESIAN_POINT('',(-290.005877625048,23.1098594464999,-13.5197842306805));
#2316=CARTESIAN_POINT('',(-291.005871903002,23.1098594465,-13.5197842306805));
#2317=CARTESIAN_POINT('',(-292.005866180956,17.7371099889829,-30.6183680959398));
#2318=CARTESIAN_POINT('',(-292.005866180956,24.8046451771797,-8.12618898139367));
#2319=CARTESIAN_POINT('',(-290.005877625048,17.7371099889828,-30.6183680959398));
#2320=CARTESIAN_POINT('',(-291.005871903002,17.7371099889829,-30.6183680959398));
#2321=CARTESIAN_POINT('',(-290.005877625048,22.7777189508366,-14.5768095330983));
#2322=CARTESIAN_POINT('Origin',(-291.005871903002,22.1891526427685,47.4302914271571));
#2323=CARTESIAN_POINT('',(-292.005866180957,12.428800070688,47.1449401858714));
#2324=CARTESIAN_POINT('',(-290.005877625048,12.4288000706879,47.1449401858714));
#2325=CARTESIAN_POINT('',(-291.005871903002,12.428800070688,47.1449401858714));
#2326=CARTESIAN_POINT('',(-292.005866180956,31.949505214849,47.7156426684427));
#2327=CARTESIAN_POINT('',(-292.005866180957,9.57680301805307,47.0615599090728));
#2328=CARTESIAN_POINT('',(-290.005877625047,31.9495052148489,47.7156426684427));
#2329=CARTESIAN_POINT('',(-292.005866180953,31.949505214849,47.7156426684427));
#2330=CARTESIAN_POINT('',(-290.005877625048,23.4289548859803,47.4665379773136));
#2331=CARTESIAN_POINT('Origin',(-291.005871903005,-28.2602458560933,45.95536535482));
#2332=CARTESIAN_POINT('',(-290.005877625051,-38.0205984281738,45.6700141135344));
#2333=CARTESIAN_POINT('',(-290.00587762505,-18.4998932840129,46.2407165961057));
#2334=CARTESIAN_POINT('',(-290.00587762505,-29.5000480993053,45.9191188046635));
#2335=CARTESIAN_POINT('',(-292.005866180959,-38.0205984281737,45.6700141135344));
#2336=CARTESIAN_POINT('',(-292.005866180956,-38.0205984281737,45.6700141135344));
#2337=CARTESIAN_POINT('',(-292.005866180958,-18.4998932840128,46.2407165961057));
#2338=CARTESIAN_POINT('',(-292.005866180958,-15.6478962313778,46.3240968729043));
#2339=CARTESIAN_POINT('',(-291.005871903004,-18.4998932840128,46.2407165961057));
#2340=CARTESIAN_POINT('Origin',(-291.005871903003,-2.88943028131183,41.6949638450584));
#2341=CARTESIAN_POINT('',(-290.005877625049,-8.98256213142906,41.5168265570959));
#2342=CARTESIAN_POINT('',(-292.005866180958,-8.98256213142896,41.5168265570959));
#2343=CARTESIAN_POINT('',(-292.005866180958,-8.98256213029486,41.516826557129));
#2344=CARTESIAN_POINT('',(-290.005877625049,3.2037015688053,41.8731011330209));
#2345=CARTESIAN_POINT('',(-290.005877625049,-2.88943028131188,41.6949638450584));
#2346=CARTESIAN_POINT('',(-292.005866180957,3.2037015688054,41.8731011330209));
#2347=CARTESIAN_POINT('',(-292.005866180957,3.20370156767131,41.8731011329877));
#2348=CARTESIAN_POINT('',(-292.005866180957,-2.88943025540778,41.6949638458157));
#2349=CARTESIAN_POINT('Origin',(-291.005871903003,1.29713548069051,35.3719996528183));
#2350=CARTESIAN_POINT('',(-292.005866180957,0.79735188589857,35.3573881038917));
#2351=CARTESIAN_POINT('',(-290.005877625049,0.797351885898473,35.3573881038917));
#2352=CARTESIAN_POINT('',(-292.005866180957,0.79735188589857,35.3573881038917));
#2353=CARTESIAN_POINT('',(-292.005866180957,1.79691937337848,35.3866112104542));
#2354=CARTESIAN_POINT('',(-292.005866180957,-0.702010341567122,35.3135531225645));
#2355=CARTESIAN_POINT('',(-290.005877625049,1.79691937337838,35.3866112104542));
#2356=CARTESIAN_POINT('',(-292.005866180957,1.79691937337848,35.3866112104542));
#2357=CARTESIAN_POINT('',(-290.005877625049,1.29713547005132,35.3719996525073));
#2358=CARTESIAN_POINT('Origin',(-291.005871903003,2.90441511180229,-19.6045121397895));
#2359=CARTESIAN_POINT('',(-292.005866180957,3.40420168555374,-19.5899005037707));
#2360=CARTESIAN_POINT('',(-290.005877625049,3.40420168555364,-19.5899005037707));
#2361=CARTESIAN_POINT('',(-292.005866180957,3.40420168555374,-19.5899005037707));
#2362=CARTESIAN_POINT('',(-292.005866180957,2.40462883492645,-19.6191237671288));
#2363=CARTESIAN_POINT('',(-292.005866180957,0.90526928954466,-19.6629586700433));
#2364=CARTESIAN_POINT('',(-290.005877625049,2.40462883492635,-19.6191237671288));
#2365=CARTESIAN_POINT('',(-292.005866180957,2.40462883594688,-19.619123767099));
#2366=CARTESIAN_POINT('',(-290.005877625049,2.9044151011631,-19.6045121401005));
#2367=CARTESIAN_POINT('Origin',(-291.005871903003,-5.0921682808444,-19.8382982638341));
#2368=CARTESIAN_POINT('',(-292.005866180957,-4.59238200396846,-19.8236866364947));
#2369=CARTESIAN_POINT('',(-290.005877625049,-4.59238200396856,-19.8236866364947));
#2370=CARTESIAN_POINT('',(-292.005866180957,-4.59238200498889,-19.8236866365246));
#2371=CARTESIAN_POINT('',(-292.005866180958,-5.59195485459575,-19.8529098998528));
#2372=CARTESIAN_POINT('',(-292.005866180957,-3.09302240677868,-19.7798517320656));
#2373=CARTESIAN_POINT('',(-290.005877625049,-5.59195485459585,-19.8529098998528));
#2374=CARTESIAN_POINT('',(-292.005866180958,-5.59195485459575,-19.8529098998528));
#2375=CARTESIAN_POINT('',(-290.005877625049,-5.09216818509219,-19.8382982610347));
#2376=CARTESIAN_POINT('Origin',(-291.005871903003,-6.69944791195618,35.1382135287737));
#2377=CARTESIAN_POINT('',(-292.005866180958,-7.19923180464407,35.1236019711379));
#2378=CARTESIAN_POINT('',(-290.005877625049,-7.19923180464416,35.1236019711379));
#2379=CARTESIAN_POINT('',(-292.005866180958,-7.19923180464407,35.1236019711379));
#2380=CARTESIAN_POINT('',(-292.005866180957,-6.19966431716415,35.1528250777003));
#2381=CARTESIAN_POINT('',(-292.005866180957,-4.70030203789047,35.1966600605422));
#2382=CARTESIAN_POINT('',(-290.005877625049,-6.19966431716425,35.1528250777003));
#2383=CARTESIAN_POINT('',(-292.005866180957,-6.19966431716415,35.1528250777003));
#2384=CARTESIAN_POINT('',(-290.005877625049,-6.69944781620396,35.1382135315731));
#2385=CARTESIAN_POINT('Origin',(-263.505871903004,-12.2947124906401,55.4259737476802));
#2386=CARTESIAN_POINT('',(-267.005866180958,-12.3239357975143,56.4255480867668));
#2387=CARTESIAN_POINT('',(-260.00587762505,-12.3239357975146,56.4255480867668));
#2388=CARTESIAN_POINT('',(-267.063170881173,-12.3239357975143,56.4255480867668));
#2389=CARTESIAN_POINT('',(-267.005866180958,-12.2654891837656,54.4263994085937));
#2390=CARTESIAN_POINT('',(-267.005866180958,-12.3239357975143,56.4255480867668));
#2391=CARTESIAN_POINT('',(-260.00587762505,-12.2654891837659,54.4263994085937));
#2392=CARTESIAN_POINT('',(-266.896504373452,-12.2654891837656,54.4263994085937));
#2393=CARTESIAN_POINT('',(-260.00587762505,-11.6944227373234,34.8932449907183));
#2394=CARTESIAN_POINT('Origin',(-263.505871903004,-24.289588473298,55.0752945354856));
#2395=CARTESIAN_POINT('',(-267.005866180958,-24.2603651664235,54.0757201963991));
#2396=CARTESIAN_POINT('',(-260.00587762505,-24.2603651664238,54.0757201963991));
#2397=CARTESIAN_POINT('',(-266.896504373453,-24.2603651664235,54.0757201963991));
#2398=CARTESIAN_POINT('',(-267.005866180958,-24.3188117801721,56.0748688745722));
#2399=CARTESIAN_POINT('',(-267.005866180958,-24.3188117801721,56.0748688745722));
#2400=CARTESIAN_POINT('',(-260.00587762505,-24.3188117801725,56.0748688745722));
#2401=CARTESIAN_POINT('',(-267.063170881174,-24.3188117801721,56.0748688745722));
#2402=CARTESIAN_POINT('',(-260.00587762505,-23.6892987199812,34.5425657785237));
#2403=CARTESIAN_POINT('Origin',(-260.454740336638,0.206365746320301,-64.1957993589657));
#2404=CARTESIAN_POINT('',(-261.352473991328,0.206365746330064,-64.1957993592984));
#2405=CARTESIAN_POINT('',(-260.005877625049,-1.25850894243534,-64.2386260711851));
#2406=CARTESIAN_POINT('',(-259.074108592018,-2.27211992877719,-64.2682597499889));
#2407=CARTESIAN_POINT('',(-260.005877625049,1.671240435076,-64.1529726467463));
#2408=CARTESIAN_POINT('',(-259.074108592018,2.68485142141763,-64.1233389679425));
#2409=CARTESIAN_POINT('',(-260.005877625049,-0.0765322637076182,-64.2040700948559));
#2410=CARTESIAN_POINT('Origin',(-292.00586618096,-56.0493853733494,29.9871214052176));
#2411=CARTESIAN_POINT('',(-290.005877625048,24.0424998767985,-10.5516887402647));
#2412=CARTESIAN_POINT('Origin',(-290.005877625055,-56.0493853733496,29.9871214052176));
#2413=CARTESIAN_POINT('',(-292.005866180956,24.0424998767986,-10.5516887402647));
#2414=CARTESIAN_POINT('Origin',(-292.005866180962,-56.0493853733494,29.9871214052176));
#2415=CARTESIAN_POINT('',(-292.005866180953,24.0424998767986,-10.5516887402647));
#2416=CARTESIAN_POINT('Origin',(-292.005866180955,50.8637182053675,33.1128063218828));
#2417=CARTESIAN_POINT('',(-292.005866180959,-26.723029369293,-12.0358571325348));
#2418=CARTESIAN_POINT('',(-290.00587762505,-26.7230293692931,-12.0358571325348));
#2419=CARTESIAN_POINT('',(-292.005866180956,-26.7230293692929,-12.0358571325348));
#2420=CARTESIAN_POINT('Origin',(-292.005866180957,50.8637182053675,33.1128063218828));
#2421=CARTESIAN_POINT('Origin',(-290.005877625049,50.8637182053675,33.1128063218828));
#2422=CARTESIAN_POINT('Origin',(-350.550649800704,5.94452447000541,-15.0415385529302));
#2423=CARTESIAN_POINT('',(-287.992832057776,-48.1899206453366,16.3707301479553));
#2424=CARTESIAN_POINT('',(-282.446821942976,-48.8122062479778,17.1302021383066));
#2425=CARTESIAN_POINT('Ctrl Pts',(-287.992417750015,-48.1859882000203,16.3709545987541));
#2426=CARTESIAN_POINT('Ctrl Pts',(-287.522048755756,-48.2343090175107,16.4374714907872));
#2427=CARTESIAN_POINT('Ctrl Pts',(-287.051931727168,-48.2839503269796,16.5037636223398));
#2428=CARTESIAN_POINT('Ctrl Pts',(-286.581946058319,-48.3348371603448,16.5695831981247));
#2429=CARTESIAN_POINT('Ctrl Pts',(-286.109498545665,-48.3859905453173,16.6357475450922));
#2430=CARTESIAN_POINT('Ctrl Pts',(-285.637183713711,-48.4384023459046,16.7014340994159));
#2431=CARTESIAN_POINT('Ctrl Pts',(-285.164875581347,-48.4919765013992,16.7663881191533));
#2432=CARTESIAN_POINT('Ctrl Pts',(-284.692182361915,-48.5455943375188,16.8313950978623));
#2433=CARTESIAN_POINT('Ctrl Pts',(-284.219495783194,-48.6003762085274,16.8956680770437));
#2434=CARTESIAN_POINT('Ctrl Pts',(-283.746687045695,-48.6562089271477,16.9589527375567));
#2435=CARTESIAN_POINT('Ctrl Pts',(-283.313534638263,-48.707358735867,17.0169294644669));
#2436=CARTESIAN_POINT('Ctrl Pts',(-282.880279630764,-48.759390178673,17.0740765738362));
#2437=CARTESIAN_POINT('Ctrl Pts',(-282.446821942976,-48.8122062479778,17.1302021383066));
#2438=CARTESIAN_POINT('',(-288.005869995657,-52.954478164884,23.4232262235017));
#2439=CARTESIAN_POINT('Ctrl Pts',(-288.005869995657,-52.9544781648839,23.4232262235018));
#2440=CARTESIAN_POINT('Ctrl Pts',(-288.005869995657,-51.8753522432514,21.8086303436481));
#2441=CARTESIAN_POINT('Ctrl Pts',(-288.005869995657,-50.7810727135123,20.1788560320457));
#2442=CARTESIAN_POINT('Ctrl Pts',(-288.005869995657,-49.1919024723615,17.8394168629296));
#2443=CARTESIAN_POINT('Ctrl Pts',(-288.005869995657,-48.7039631031005,17.1247842797389));
#2444=CARTESIAN_POINT('Ctrl Pts',(-288.005869995657,-48.214926656181,16.413166277696));
#2445=CARTESIAN_POINT('',(-260.005877625052,-57.1477503357306,23.1315291700039));
#2446=CARTESIAN_POINT('Ctrl Pts',(-260.005877625052,-57.1477503357305,23.1315291700042));
#2447=CARTESIAN_POINT('Ctrl Pts',(-261.629915135798,-56.9079884865897,23.2665778894372));
#2448=CARTESIAN_POINT('Ctrl Pts',(-263.265267732926,-56.6658931838478,23.3798908272685));
#2449=CARTESIAN_POINT('Ctrl Pts',(-271.290133824228,-55.4747437706516,23.8278609546462));
#2450=CARTESIAN_POINT('Ctrl Pts',(-277.698550909971,-54.5132125129751,23.8327718699239));
#2451=CARTESIAN_POINT('Ctrl Pts',(-284.944730183642,-53.4182560756992,23.5740690274132));
#2452=CARTESIAN_POINT('Ctrl Pts',(-286.459638027321,-53.188949516416,23.5065858137854));
#2453=CARTESIAN_POINT('Ctrl Pts',(-288.005869995657,-52.954478164884,23.4232262235023));
#2454=CARTESIAN_POINT('',(-260.009292213379,-51.8987316756588,18.6105153443164));
#2455=CARTESIAN_POINT('Ctrl Pts',(-260.005877625051,-51.8771554251762,18.5916880392054));
#2456=CARTESIAN_POINT('Ctrl Pts',(-260.005877625051,-53.6433235233779,20.0960214633145));
#2457=CARTESIAN_POINT('Ctrl Pts',(-260.005877625052,-55.3992273114902,21.6127570887063));
#2458=CARTESIAN_POINT('Ctrl Pts',(-260.005877625052,-57.1477503357304,23.1315291700041));
#2459=CARTESIAN_POINT('Ctrl Pts',(-282.446821942293,-48.812206248061,17.130202138395));
#2460=CARTESIAN_POINT('Ctrl Pts',(-281.999704282007,-48.8666867613809,17.1880964422112));
#2461=CARTESIAN_POINT('Ctrl Pts',(-281.552370906239,-48.9220019941529,17.2449035974296));
#2462=CARTESIAN_POINT('Ctrl Pts',(-281.104711758673,-48.9780375799623,17.300419573816));
#2463=CARTESIAN_POINT('Ctrl Pts',(-280.471632201447,-49.0572831042545,17.3789302664729));
#2464=CARTESIAN_POINT('Ctrl Pts',(-279.837901012199,-49.1379684157796,17.4548586561045));
#2465=CARTESIAN_POINT('Ctrl Pts',(-279.203134322825,-49.2199636864821,17.5279007682788));
#2466=CARTESIAN_POINT('Ctrl Pts',(-278.562846302908,-49.3026721688261,17.6015782156899));
#2467=CARTESIAN_POINT('Ctrl Pts',(-277.921504531663,-49.3867132817172,17.6723190274445));
#2468=CARTESIAN_POINT('Ctrl Pts',(-277.27871840796,-49.4719537675125,17.7398273987816));
#2469=CARTESIAN_POINT('Ctrl Pts',(-276.627106914818,-49.5583645940332,17.8082626512308));
#2470=CARTESIAN_POINT('Ctrl Pts',(-275.974010969322,-49.6460077591228,17.8733761851114));
#2471=CARTESIAN_POINT('Ctrl Pts',(-275.319029584626,-49.734747564513,17.9348751614494));
#2472=CARTESIAN_POINT('Ctrl Pts',(-274.92966427235,-49.78750051726,17.9714343197491));
#2473=CARTESIAN_POINT('Ctrl Pts',(-274.539632786113,-49.8406410894484,18.0067164082689));
#2474=CARTESIAN_POINT('Ctrl Pts',(-274.148852219995,-49.8941416826225,18.0406621821754));
#2475=CARTESIAN_POINT('Ctrl Pts',(-273.555732692815,-49.9753438950114,18.0921844509751));
#2476=CARTESIAN_POINT('Ctrl Pts',(-272.960887215359,-50.0573762581349,18.1406259743344));
#2477=CARTESIAN_POINT('Ctrl Pts',(-272.364846955947,-50.1400668812016,18.1857695203569));
#2478=CARTESIAN_POINT('Ctrl Pts',(-271.766922058882,-50.2230189662404,18.2310558071176));
#2479=CARTESIAN_POINT('Ctrl Pts',(-271.167794745105,-50.3066333073432,18.27302304058));
#2480=CARTESIAN_POINT('Ctrl Pts',(-270.568008405562,-50.3907303275093,18.3114854062314));
#2481=CARTESIAN_POINT('Ctrl Pts',(-269.964313385716,-50.4753753901108,18.3501984229584));
#2482=CARTESIAN_POINT('Ctrl Pts',(-269.359950670038,-50.5605092648023,18.3853605597824));
#2483=CARTESIAN_POINT('Ctrl Pts',(-268.755482507767,-50.6459453755066,18.4168190346268));
#2484=CARTESIAN_POINT('Ctrl Pts',(-268.197838497467,-50.7247633155922,18.4458406294189));
#2485=CARTESIAN_POINT('Ctrl Pts',(-267.640104820227,-50.8038383359649,18.4717104585662));
#2486=CARTESIAN_POINT('Ctrl Pts',(-267.082729467826,-50.8830233368748,18.4943377601781));
#2487=CARTESIAN_POINT('Ctrl Pts',(-266.550138815358,-50.9586872339572,18.5159588980292));
#2488=CARTESIAN_POINT('Ctrl Pts',(-266.017875820411,-51.0344518905961,18.5346235378669));
#2489=CARTESIAN_POINT('Ctrl Pts',(-265.485664048977,-51.1103865883567,18.5503809079934));
#2490=CARTESIAN_POINT('Ctrl Pts',(-264.944865230673,-51.1875464653481,18.5663925176596));
#2491=CARTESIAN_POINT('Ctrl Pts',(-264.40411934475,-51.2648822563243,18.5794025582054));
#2492=CARTESIAN_POINT('Ctrl Pts',(-263.863135892974,-51.3424598849084,18.5894367823725));
#2493=CARTESIAN_POINT('Ctrl Pts',(-263.319837891559,-51.4203694224846,18.5995139370764));
#2494=CARTESIAN_POINT('Ctrl Pts',(-262.776300323725,-51.4985232229913,18.6065899676537));
#2495=CARTESIAN_POINT('Ctrl Pts',(-262.232227879663,-51.5769760691233,18.6106614696711));
#2496=CARTESIAN_POINT('Ctrl Pts',(-261.688539201182,-51.6553735779514,18.6147300998241));
#2497=CARTESIAN_POINT('Ctrl Pts',(-261.144316428416,-51.7340700700468,18.6157986113411));
#2498=CARTESIAN_POINT('Ctrl Pts',(-260.599263330203,-51.8131029499313,18.6138313895206));
#2499=CARTESIAN_POINT('Ctrl Pts',(-260.402718924563,-51.8416019538886,18.6131220156179));
#2500=CARTESIAN_POINT('Ctrl Pts',(-260.206066535169,-51.8701445094951,18.6120175893821));
#2501=CARTESIAN_POINT('Ctrl Pts',(-260.009292213378,-51.8987316756588,18.6105153443164));
#2502=CARTESIAN_POINT('Origin',(-237.931971451444,16.7066134210549,-44.1776612451076));
#2503=CARTESIAN_POINT('',(-260.005877625046,52.3639095318547,26.2240496332898));
#2504=CARTESIAN_POINT('',(-260.007430669508,47.4200432865442,21.480565240305));
#2505=CARTESIAN_POINT('Ctrl Pts',(-260.005877625046,52.3639095318525,26.2240496332918));
#2506=CARTESIAN_POINT('Ctrl Pts',(-260.005877625046,51.3409128913889,25.1107803048922));
#2507=CARTESIAN_POINT('Ctrl Pts',(-260.005877625046,50.291601519425,24.0651818199494));
#2508=CARTESIAN_POINT('Ctrl Pts',(-260.005877625046,48.6629665565133,22.5579628245917));
#2509=CARTESIAN_POINT('Ctrl Pts',(-260.005877625046,48.0478122145348,22.0124274035159));
#2510=CARTESIAN_POINT('Ctrl Pts',(-260.005877625047,47.4100591791738,21.471863927346));
#2511=CARTESIAN_POINT('',(-288.005869995652,48.1494404288824,26.6573877005355));
#2512=CARTESIAN_POINT('Ctrl Pts',(-288.005869995652,48.1494404288811,26.6573877005367));
#2513=CARTESIAN_POINT('Ctrl Pts',(-287.096142051413,48.285023647817,26.6893519427284));
#2514=CARTESIAN_POINT('Ctrl Pts',(-286.201016815173,48.4184005158151,26.7218294377963));
#2515=CARTESIAN_POINT('Ctrl Pts',(-282.621036414015,48.9519644693916,26.8471355749229));
#2516=CARTESIAN_POINT('Ctrl Pts',(-279.779218287474,49.3758392300448,26.9354104350315));
#2517=CARTESIAN_POINT('Ctrl Pts',(-273.966309750518,50.246549946286,26.9901216405149));
#2518=CARTESIAN_POINT('Ctrl Pts',(-270.995215861919,50.6934072091727,26.9558470284892));
#2519=CARTESIAN_POINT('Ctrl Pts',(-265.332841408002,51.5504070857221,26.7068558207329));
#2520=CARTESIAN_POINT('Ctrl Pts',(-262.639641087309,51.9603550241053,26.5086519766663));
#2521=CARTESIAN_POINT('Ctrl Pts',(-260.005877625046,52.3639095318534,26.2240496332926));
#2522=CARTESIAN_POINT('',(-287.991563223246,43.813243980648,19.0656444760566));
#2523=CARTESIAN_POINT('Ctrl Pts',(-288.005869995653,43.8394738176433,19.113714389658));
#2524=CARTESIAN_POINT('Ctrl Pts',(-288.005869995653,44.4886114314236,20.1227128615157));
#2525=CARTESIAN_POINT('Ctrl Pts',(-288.005869995653,45.1134167999495,21.1392312987701));
#2526=CARTESIAN_POINT('Ctrl Pts',(-288.005869995653,46.5888891530971,23.6601842405789));
#2527=CARTESIAN_POINT('Ctrl Pts',(-288.005869995653,47.4054663759668,25.1670296924669));
#2528=CARTESIAN_POINT('Ctrl Pts',(-288.005869995653,48.1494404288809,26.6573877005363));
#2529=CARTESIAN_POINT('',(-281.104360578146,44.5336367102888,20.04121145532));
#2530=CARTESIAN_POINT('Ctrl Pts',(-281.104360578146,44.5336367102888,20.04121145532));
#2531=CARTESIAN_POINT('Ctrl Pts',(-281.593097402552,44.4779297521282,19.9756571314897));
#2532=CARTESIAN_POINT('Ctrl Pts',(-282.081545566596,44.4231183059226,19.9088575541419));
#2533=CARTESIAN_POINT('Ctrl Pts',(-282.56981518075,44.3692307006782,19.841117690604));
#2534=CARTESIAN_POINT('Ctrl Pts',(-283.057455903796,44.3154125026523,19.773465075989));
#2535=CARTESIAN_POINT('Ctrl Pts',(-283.544918692899,44.2625159912948,19.7048748574547));
#2536=CARTESIAN_POINT('Ctrl Pts',(-284.032306896827,44.2105493076035,19.6356523858116));
#2537=CARTESIAN_POINT('Ctrl Pts',(-284.519422760183,44.1586116616201,19.5664685939874));
#2538=CARTESIAN_POINT('Ctrl Pts',(-285.006464258872,44.1076029967793,19.496653536555));
#2539=CARTESIAN_POINT('Ctrl Pts',(-285.493526030066,44.0575082379235,19.4265095372504));
#2540=CARTESIAN_POINT('Ctrl Pts',(-285.980831153873,44.0073884500238,19.3563304916201));
#2541=CARTESIAN_POINT('Ctrl Pts',(-286.46815668616,43.9581836348626,19.2858224692494));
#2542=CARTESIAN_POINT('Ctrl Pts',(-286.955586953632,43.9098528546,19.2152814051221));
#2543=CARTESIAN_POINT('Ctrl Pts',(-287.300672800566,43.8756361279154,19.1653404710389));
#2544=CARTESIAN_POINT('Ctrl Pts',(-287.645810931447,43.8418569600593,19.1153828490864));
#2545=CARTESIAN_POINT('Ctrl Pts',(-287.991027650243,43.808492406334,19.0655102307637));
#2546=CARTESIAN_POINT('Ctrl Pts',(-260.007430669508,47.4200432865443,21.480565240305));
#2547=CARTESIAN_POINT('Ctrl Pts',(-260.611620655596,47.3228632126471,21.4902577754867));
#2548=CARTESIAN_POINT('Ctrl Pts',(-261.21483246077,47.2270556277784,21.4946913036967));
#2549=CARTESIAN_POINT('Ctrl Pts',(-261.817496583794,47.1326040671908,21.4941513464113));
#2550=CARTESIAN_POINT('Ctrl Pts',(-261.884677097814,47.1220753097156,21.4940911559892));
#2551=CARTESIAN_POINT('Ctrl Pts',(-261.951850829524,47.1115633802081,21.4939691218612));
#2552=CARTESIAN_POINT('Ctrl Pts',(-262.019018392525,47.1010682391507,21.4937856074479));
#2553=CARTESIAN_POINT('Ctrl Pts',(-262.621796786318,47.0068822364658,21.4921387035203));
#2554=CARTESIAN_POINT('Ctrl Pts',(-263.2240767031,46.9140497495029,21.4855434262507));
#2555=CARTESIAN_POINT('Ctrl Pts',(-263.826314635591,46.8225379957484,21.4742465788891));
#2556=CARTESIAN_POINT('Ctrl Pts',(-263.89115851967,46.8126847845302,21.4730302299658));
#2557=CARTESIAN_POINT('Ctrl Pts',(-263.956001937279,46.8028468632202,21.4717593349594));
#2558=CARTESIAN_POINT('Ctrl Pts',(-264.020845472722,46.7930241752446,21.4704341728832));
#2559=CARTESIAN_POINT('Ctrl Pts',(-264.622441381514,46.7018926714002,21.4581397771801));
#2560=CARTESIAN_POINT('Ctrl Pts',(-265.224045856133,46.6120739668817,21.441177442295));
#2561=CARTESIAN_POINT('Ctrl Pts',(-265.826136574588,46.5235234338518,21.4197593990991));
#2562=CARTESIAN_POINT('Ctrl Pts',(-265.880107804031,46.5155857909204,21.4178394922012));
#2563=CARTESIAN_POINT('Ctrl Pts',(-265.934082953971,46.5076583221856,21.4158837547605));
#2564=CARTESIAN_POINT('Ctrl Pts',(-265.988062376296,46.4997409860675,21.4138923232229));
#2565=CARTESIAN_POINT('Ctrl Pts',(-266.350094653816,46.446640543282,21.4005360762678));
#2566=CARTESIAN_POINT('Ctrl Pts',(-266.712318887295,46.3939965007968,21.3855750056367));
#2567=CARTESIAN_POINT('Ctrl Pts',(-267.074842511063,46.3417974578198,21.3690500477231));
#2568=CARTESIAN_POINT('Ctrl Pts',(-267.634583308695,46.2612015130704,21.3435353156699));
#2569=CARTESIAN_POINT('Ctrl Pts',(-268.195036663257,46.181670403014,21.3142916940265));
#2570=CARTESIAN_POINT('Ctrl Pts',(-268.755595939105,46.1032333001359,21.2814639909397));
#2571=CARTESIAN_POINT('Ctrl Pts',(-268.925820198393,46.079414413689,21.2714952477883));
#2572=CARTESIAN_POINT('Ctrl Pts',(-269.096054207814,46.0556964501556,21.2611963610075));
#2573=CARTESIAN_POINT('Ctrl Pts',(-269.266280940632,46.0320803297196,21.2505723307671));
#2574=CARTESIAN_POINT('Ctrl Pts',(-269.838121333521,45.9527470113562,21.2148831676951));
#2575=CARTESIAN_POINT('Ctrl Pts',(-270.409879827714,45.8745619940973,21.1755206525778));
#2576=CARTESIAN_POINT('Ctrl Pts',(-270.98092756332,45.7975216343161,21.1326654570915));
#2577=CARTESIAN_POINT('Ctrl Pts',(-271.115754160337,45.7793321049746,21.1225471783354));
#2578=CARTESIAN_POINT('Ctrl Pts',(-271.250541119128,45.7612064228728,21.1122344247753));
#2579=CARTESIAN_POINT('Ctrl Pts',(-271.385280133564,45.7431446114076,21.1017299911813));
#2580=CARTESIAN_POINT('Ctrl Pts',(-271.967401418389,45.6651110519341,21.0563470380278));
#2581=CARTESIAN_POINT('Ctrl Pts',(-272.54862835165,45.5882682090576,21.0073818339897));
#2582=CARTESIAN_POINT('Ctrl Pts',(-273.128308221611,45.5125819224517,20.9550467819393));
#2583=CARTESIAN_POINT('Ctrl Pts',(-273.221067528542,45.5004707420339,20.946672223139));
#2584=CARTESIAN_POINT('Ctrl Pts',(-273.313787209961,45.4883892021019,20.9382114812348));
#2585=CARTESIAN_POINT('Ctrl Pts',(-273.406464578565,45.4763371925053,20.9296655460125));
#2586=CARTESIAN_POINT('Ctrl Pts',(-273.65473642474,45.4440512664181,20.9067719836801));
#2587=CARTESIAN_POINT('Ctrl Pts',(-273.902704935923,45.411976598062,20.8832662489059));
#2588=CARTESIAN_POINT('Ctrl Pts',(-274.150319351345,45.3801092341083,20.8591661115262));
#2589=CARTESIAN_POINT('Ctrl Pts',(-274.735655417138,45.3047779275202,20.8021957627895));
#2590=CARTESIAN_POINT('Ctrl Pts',(-275.319011910793,45.2306048123287,20.7419035186934));
#2591=CARTESIAN_POINT('Ctrl Pts',(-275.90077551593,45.1576226498261,20.6786786346193));
#2592=CARTESIAN_POINT('Ctrl Pts',(-276.457877368893,45.0877343006676,20.6181339395574));
#2593=CARTESIAN_POINT('Ctrl Pts',(-277.013518906679,45.0189383614287,20.554899997752));
#2594=CARTESIAN_POINT('Ctrl Pts',(-277.56804741088,44.9512602295221,20.4893241472485));
#2595=CARTESIAN_POINT('Ctrl Pts',(-278.120976534646,44.8837772960215,20.4239374317156));
#2596=CARTESIAN_POINT('Ctrl Pts',(-278.672799334106,44.8174060548041,20.3562223364576));
#2597=CARTESIAN_POINT('Ctrl Pts',(-279.223863000363,44.7521637105701,20.2865283745587));
#2598=CARTESIAN_POINT('Ctrl Pts',(-279.773176262411,44.687128602779,20.2170557892661));
#2599=CARTESIAN_POINT('Ctrl Pts',(-280.321735490366,44.6232155701175,20.145616977894));
#2600=CARTESIAN_POINT('Ctrl Pts',(-280.869883120062,44.5604287597028,20.072562317738));
#2601=CARTESIAN_POINT('Ctrl Pts',(-280.948050320676,44.5514752060618,20.0621445434617));
#2602=CARTESIAN_POINT('Ctrl Pts',(-281.02620914468,44.5425445281918,20.0516939156574));
#2603=CARTESIAN_POINT('Ctrl Pts',(-281.104360577488,44.5336367103639,20.0412114554084));
#2604=CARTESIAN_POINT('Origin',(-260.005877625052,-51.6289806616798,14.9605484781773));
#2605=CARTESIAN_POINT('',(-290.005877625052,-51.5822234429675,13.3612320082326));
#2606=CARTESIAN_POINT('Origin',(-290.005877625052,-51.6289806616783,14.9605484781773));
#2607=CARTESIAN_POINT('',(-260.005877625052,-51.582223442969,13.3612320082326));
#2608=CARTESIAN_POINT('',(-260.005877625052,-51.582223442969,13.3612320082326));
#2609=CARTESIAN_POINT('Origin',(-260.005877625052,-51.6289806616798,14.9605484781773));
#2610=CARTESIAN_POINT('Origin',(-260.005877625047,47.3287394925885,17.8536517828253));
#2611=CARTESIAN_POINT('',(-290.005877625047,47.3754967113008,16.2543353128807));
#2612=CARTESIAN_POINT('Origin',(-290.005877625047,47.32873949259,17.8536517828254));
#2613=CARTESIAN_POINT('',(-260.005877625047,47.3754967112993,16.2543353128806));
#2614=CARTESIAN_POINT('',(-260.005877625047,47.3754967112993,16.2543353128806));
#2615=CARTESIAN_POINT('Origin',(-260.005877625047,47.3287394925885,17.8536517828253));
#2616=CARTESIAN_POINT('Origin',(-292.00586618096,-51.6289824258295,14.9605476315325));
#2617=CARTESIAN_POINT('Origin',(-292.00586618096,-51.6289824258295,14.9605476315325));
#2618=CARTESIAN_POINT('Origin',(-290.005877625052,-51.6289824258296,14.9605476315325));
#2619=CARTESIAN_POINT('Origin',(-290.005877625047,47.3287413031904,17.8536510406911));
#2620=CARTESIAN_POINT('Origin',(-292.005866180955,47.3287413031905,17.8536510406911));
#2621=CARTESIAN_POINT('Origin',(-290.005877625047,47.3287413031904,17.8536510406911));
#2622=CARTESIAN_POINT('Origin',(-292.005866180958,-8.89489230195255,38.5181066963023));
#2623=CARTESIAN_POINT('',(-292.005866180958,-11.8654660612473,38.9372705581841));
#2624=CARTESIAN_POINT('Origin',(-292.005866180958,-8.89489230195255,38.5181066963023));
#2625=CARTESIAN_POINT('',(-290.00587762505,-11.8654660612474,38.9372705581841));
#2626=CARTESIAN_POINT('',(-292.005866180958,-11.8654660612473,38.9372705581841));
#2627=CARTESIAN_POINT('Origin',(-290.005877625049,-8.89489230195265,38.5181066963023));
#2628=CARTESIAN_POINT('Origin',(-292.005866180958,-14.1996286811453,-20.5473617288594));
#2629=CARTESIAN_POINT('',(-290.00587762505,-14.024289098898,-26.5447989044081));
#2630=CARTESIAN_POINT('',(-292.005866180958,-14.0242890988979,-26.5447989044081));
#2631=CARTESIAN_POINT('',(-292.005866180958,-14.0242890988979,-26.5447989044081));
#2632=CARTESIAN_POINT('',(-290.00587762505,-20.1407736773835,-19.7090343599686));
#2633=CARTESIAN_POINT('Origin',(-290.00587762505,-14.1996286811454,-20.5473617288594));
#2634=CARTESIAN_POINT('',(-292.005866180958,-20.1407736773834,-19.7090343599686));
#2635=CARTESIAN_POINT('',(-292.005866180958,-20.1407736775279,-19.7090343609929));
#2636=CARTESIAN_POINT('Origin',(-292.005866180958,-14.1996286811453,-20.5473617288594));
#2637=CARTESIAN_POINT('Origin',(-292.005866180957,12.037743539566,-19.7802915774041));
#2638=CARTESIAN_POINT('',(-290.005877625048,17.9197655128677,-18.5963048943536));
#2639=CARTESIAN_POINT('',(-292.005866180956,17.9197655128678,-18.5963048943536));
#2640=CARTESIAN_POINT('',(-292.005866180956,17.9197655128678,-18.5963048943536));
#2641=CARTESIAN_POINT('',(-290.005877625048,12.2130831479703,-25.7777296122462));
#2642=CARTESIAN_POINT('Origin',(-290.005877625048,12.0377435395659,-19.7802915774041));
#2643=CARTESIAN_POINT('',(-292.005866180957,12.2130831479704,-25.7777296122462));
#2644=CARTESIAN_POINT('',(-292.005866180957,12.2130831469363,-25.7777296122764));
#2645=CARTESIAN_POINT('Origin',(-292.005866180957,12.037743539566,-19.7802915774041));
#2646=CARTESIAN_POINT('Origin',(-292.005866180957,3.29137139601362,38.874381272161));
#2647=CARTESIAN_POINT('',(-290.005877625049,6.23238320982457,39.4663747801845));
#2648=CARTESIAN_POINT('Origin',(-290.005877625049,3.29137139601352,38.874381272161));
#2649=CARTESIAN_POINT('',(-292.005866180957,6.23238320982467,39.4663747801845));
#2650=CARTESIAN_POINT('',(-292.005866180957,6.23238320982467,39.4663747801845));
#2651=CARTESIAN_POINT('Origin',(-292.005866180957,3.29137139601362,38.874381272161));
#2652=CARTESIAN_POINT('Origin',(-292.005866180957,0.855798499647237,33.3582394257186));
#2653=CARTESIAN_POINT('',(-292.005866180957,-1.14335017852587,33.2997928119699));
#2654=CARTESIAN_POINT('',(-290.005877625049,-1.14335017852597,33.2997928119699));
#2655=CARTESIAN_POINT('',(-292.005866180957,-1.14335017852587,33.2997928119699));
#2656=CARTESIAN_POINT('Origin',(-292.005866180957,0.855798499647237,33.3582394257186));
#2657=CARTESIAN_POINT('Origin',(-290.005877625049,0.85579849964714,33.3582394257186));
#2658=CARTESIAN_POINT('Origin',(-292.005866180957,2.34618230058112,-17.6199777699894));
#2659=CARTESIAN_POINT('',(-292.005866180957,0.347036303471475,-17.6784243053551));
#2660=CARTESIAN_POINT('Origin',(-292.005866180957,2.34618230058112,-17.6199777699894));
#2661=CARTESIAN_POINT('',(-290.005877625049,0.347036303471375,-17.6784243053551));
#2662=CARTESIAN_POINT('',(-292.005866180957,0.347036303471475,-17.6784243053551));
#2663=CARTESIAN_POINT('Origin',(-290.005877625049,2.34618230058102,-17.6199777699894));
#2664=CARTESIAN_POINT('Origin',(-292.005866180957,3.34575515018797,-17.5907545066611));
#2665=CARTESIAN_POINT('',(-292.005866180957,5.34490114729762,-17.5323079712953));
#2666=CARTESIAN_POINT('',(-290.005877625049,5.34490114729752,-17.5323079712953));
#2667=CARTESIAN_POINT('',(-292.005866180957,5.34490114729762,-17.5323079712953));
#2668=CARTESIAN_POINT('Origin',(-292.005866180957,3.34575515018797,-17.5907545066611));
#2669=CARTESIAN_POINT('Origin',(-290.005877625049,3.34575515018787,-17.5907545066611));
#2670=CARTESIAN_POINT('Origin',(-292.005866180957,1.85536598712715,33.3874625322811));
#2671=CARTESIAN_POINT('',(-292.005866180957,3.85451466530026,33.4459091460297));
#2672=CARTESIAN_POINT('Origin',(-292.005866180957,1.85536598712715,33.3874625322811));
#2673=CARTESIAN_POINT('',(-290.005877625049,3.85451466530016,33.4459091460297));
#2674=CARTESIAN_POINT('',(-292.005866180957,3.85451466530026,33.4459091460297));
#2675=CARTESIAN_POINT('Origin',(-290.005877625049,1.85536598712705,33.3874625322811));
#2676=CARTESIAN_POINT('Origin',(-292.005866180957,-4.65082854035466,-17.8245406394149));
#2677=CARTESIAN_POINT('',(-292.005866180957,-2.65168254324502,-17.7660941040492));
#2678=CARTESIAN_POINT('',(-290.005877625049,-2.65168254324512,-17.7660941040492));
#2679=CARTESIAN_POINT('',(-292.005866180957,-2.65168254324502,-17.7660941040492));
#2680=CARTESIAN_POINT('Origin',(-292.005866180957,-4.65082854035466,-17.8245406394149));
#2681=CARTESIAN_POINT('Origin',(-290.005877625049,-4.65082854035476,-17.8245406394149));
#2682=CARTESIAN_POINT('Origin',(-292.005866180957,-6.14121770341548,33.1536763995272));
#2683=CARTESIAN_POINT('',(-292.005866180957,-4.14206902524237,33.2121230132759));
#2684=CARTESIAN_POINT('Origin',(-292.005866180957,-6.14121770341548,33.1536763995272));
#2685=CARTESIAN_POINT('',(-290.005877625049,-4.14206902524247,33.2121230132759));
#2686=CARTESIAN_POINT('',(-292.005866180957,-4.14206902524237,33.2121230132759));
#2687=CARTESIAN_POINT('Origin',(-290.005877625049,-6.14121770341558,33.1536763995272));
#2688=CARTESIAN_POINT('Origin',(-292.005866180958,-7.14078519089539,33.1244532929648));
#2689=CARTESIAN_POINT('',(-292.005866180958,-9.1399338690685,33.0660066792161));
#2690=CARTESIAN_POINT('',(-290.005877625049,-9.1399338690686,33.0660066792161));
#2691=CARTESIAN_POINT('',(-292.005866180958,-9.1399338690685,33.0660066792161));
#2692=CARTESIAN_POINT('Origin',(-292.005866180958,-7.14078519089539,33.1244532929648));
#2693=CARTESIAN_POINT('Origin',(-290.005877625049,-7.14078519089549,33.1244532929648));
#2694=CARTESIAN_POINT('Origin',(-292.005866180958,-5.65040138996151,-17.8537639027432));
#2695=CARTESIAN_POINT('',(-292.005866180958,-7.64954738707115,-17.912210438109));
#2696=CARTESIAN_POINT('Origin',(-292.005866180958,-5.65040138996151,-17.8537639027432));
#2697=CARTESIAN_POINT('',(-290.005877625049,-7.64954738707126,-17.912210438109));
#2698=CARTESIAN_POINT('',(-292.005866180958,-7.64954738707115,-17.912210438109));
#2699=CARTESIAN_POINT('Origin',(-290.005877625049,-5.65040138996161,-17.8537639027432));
#2700=CARTESIAN_POINT('Origin',(-267.005866180958,-18.3213737888432,56.2502084806695));
#2701=CARTESIAN_POINT('Origin',(-267.005866180958,-18.2629271750945,54.2510598024964));
#2702=CARTESIAN_POINT('Origin',(-267.005866180958,-18.3213737888432,56.2502084806695));
#2703=CARTESIAN_POINT('Origin',(-260.005877626942,-51.6289825361607,14.9605514053231));
#2704=CARTESIAN_POINT('',(-288.005869995657,-51.5237787022337,11.3620862070565));
#2705=CARTESIAN_POINT('',(-260.005877625052,-51.5237787022351,11.3620862070565));
#2706=CARTESIAN_POINT('',(-260.005877626942,-51.5237787022351,11.3620862070565));
#2707=CARTESIAN_POINT('Origin',(-288.005869995657,-51.6289825361593,14.9605514053231));
#2708=CARTESIAN_POINT('Origin',(-260.005877625052,-51.6289825361607,14.9605514053231));
#2709=CARTESIAN_POINT('Origin',(-259.473100425198,47.3287411928592,17.8536548144816));
#2710=CARTESIAN_POINT('',(-288.005869995652,47.4339450267863,14.2551896162151));
#2711=CARTESIAN_POINT('Origin',(-288.005869995652,47.3287411928607,17.8536548144817));
#2712=CARTESIAN_POINT('',(-260.005877625047,47.4339450267849,14.2551896162151));
#2713=CARTESIAN_POINT('',(-259.473100425198,47.4339450267849,14.2551896162151));
#2714=CARTESIAN_POINT('Origin',(-260.005877625047,47.3287411928593,17.8536548144817));
#2715=CARTESIAN_POINT('Origin',(-271.291335236132,17.9942876556066,-46.0851677942113));
#2716=CARTESIAN_POINT('',(-288.005869995852,42.4907589390494,-22.9348816588154));
#2717=CARTESIAN_POINT('',(-260.005877624743,47.0256593353508,-36.4293952749794));
#2718=CARTESIAN_POINT('',(-274.396426638695,44.694954899467,-29.4939126847538));
#2719=CARTESIAN_POINT('',(-288.005869995134,-0.305668037669764,-46.6818392372002));
#2720=CARTESIAN_POINT('',(-288.005869995654,19.3004176875208,-35.802779491167));
#2721=CARTESIAN_POINT('',(-275.339769841947,-0.0973030134977015,-53.8089016268808));
#2722=CARTESIAN_POINT('',(-260.005877625048,25.7091506494245,-48.2575375568238));
#2723=CARTESIAN_POINT('Origin',(-274.005873810349,47.8564945761594,-13.5599311466157));
#2724=CARTESIAN_POINT('',(-288.005869995652,48.6606739948548,9.17082701234517));
#2725=CARTESIAN_POINT('',(-260.005877625046,53.2488859830713,-4.04627493664759));
#2726=CARTESIAN_POINT('',(-272.288339582177,51.2362233205028,1.75153206713022));
#2727=CARTESIAN_POINT('',(-288.005869995652,46.2166420378454,-3.54691339127385));
#2728=CARTESIAN_POINT('',(-260.005877625046,53.0040925225882,-5.32007975495167));
#2729=CARTESIAN_POINT('Origin',(-274.005873810349,50.7824970067978,8.455163135612));
#2730=CARTESIAN_POINT('',(-288.005869995652,48.5111081510547,14.2866812895237));
#2731=CARTESIAN_POINT('',(-260.005877625046,52.7093198985834,14.4094191644612));
#2732=CARTESIAN_POINT('',(-274.122412843163,50.5927406080364,14.3475393785234));
#2733=CARTESIAN_POINT('',(-288.005869995652,48.5587786102471,12.6561277061762));
#2734=CARTESIAN_POINT('',(-260.005877625046,52.7689315865068,12.3704194778723));
#2735=CARTESIAN_POINT('Origin',(-274.005873810349,49.0220795258023,14.3016199216038));
#2736=CARTESIAN_POINT('',(-288.005869995653,23.4885813440397,13.5551289166198));
#2737=CARTESIAN_POINT('',(-260.005877625048,23.2056833340104,13.5468581807296));
#2738=CARTESIAN_POINT('Origin',(-274.005873810349,45.2588756092012,51.8533275628339));
#2739=CARTESIAN_POINT('',(-260.005877625047,40.883378800457,55.9802464999686));
#2740=CARTESIAN_POINT('',(-260.005877625222,51.7948473401203,45.6886739022197));
#2741=CARTESIAN_POINT('',(-260.005877625047,41.8739556205765,55.0459457486569));
#2742=CARTESIAN_POINT('',(-288.005869995652,40.8833782192018,55.9802464824385));
#2743=CARTESIAN_POINT('',(-272.146505872666,40.8833785485347,55.9802464923271));
#2744=CARTESIAN_POINT('',(-288.005869995444,47.4738979210531,49.764143513729));
#2745=CARTESIAN_POINT('',(-288.005869995652,41.8093461712394,55.10688407741));
#2746=CARTESIAN_POINT('',(-273.703755118816,49.6809954855778,47.6824345693815));
#2747=CARTESIAN_POINT('Origin',(-273.075190674365,18.809560307764,-47.1699893282279));
#2748=CARTESIAN_POINT('',(-292.005866180494,-0.297901085398555,-46.9475054814891));
#2749=CARTESIAN_POINT('',(-277.296802926276,-0.0559281031196146,-55.2241178744358));
#2750=CARTESIAN_POINT('',(-292.005866181206,43.6426778976307,-22.5656823134275));
#2751=CARTESIAN_POINT('',(-292.005866180956,19.5398775701625,-35.9398851355483));
#2752=CARTESIAN_POINT('',(-260.005877624778,48.8254130733189,-37.987985169609));
#2753=CARTESIAN_POINT('',(-276.366256543443,46.1756773973303,-30.1031473959688));
#2754=CARTESIAN_POINT('',(-260.005877625048,26.8756252807169,-50.1675207350007));
#2755=CARTESIAN_POINT('Origin',(-276.005871903001,49.4471862779962,-13.5569539743686));
#2756=CARTESIAN_POINT('',(-292.005866180955,50.0384966301163,10.7155609091553));
#2757=CARTESIAN_POINT('',(-292.005866180955,47.3075976716898,-3.49492820091615));
#2758=CARTESIAN_POINT('',(-260.005877625046,55.2821571260651,-4.38971132612381));
#2759=CARTESIAN_POINT('',(-279.722665249078,52.0512765840138,4.91739964817672));
#2760=CARTESIAN_POINT('',(-260.005877625046,55.0571999607077,-5.56029705529536));
#2761=CARTESIAN_POINT('Origin',(-276.005871903001,46.4883439693523,53.4429608060402));
#2762=CARTESIAN_POINT('',(-292.005866181169,48.8545775865097,51.2111562497467));
#2763=CARTESIAN_POINT('',(-260.00587762482,53.7927948776364,46.5534771369176));
#2764=CARTESIAN_POINT('',(-278.420292053193,50.9510944946968,49.2337416408761));
#2765=CARTESIAN_POINT('',(-292.005866180955,41.6530044636548,58.0036044934588));
#2766=CARTESIAN_POINT('',(-292.005866180955,43.0547019134424,56.6815381592978));
#2767=CARTESIAN_POINT('',(-260.005877625047,41.6529999904536,58.0036043620905));
#2768=CARTESIAN_POINT('',(-273.313167188012,41.6530018507102,58.0036044166965));
#2769=CARTESIAN_POINT('',(-260.005877625047,43.1748406205347,56.5682202394376));
#2770=CARTESIAN_POINT('Origin',(-270.620469859343,-15.8224410193847,56.3232666578602));
#2771=CARTESIAN_POINT('',(-260.005877625049,-9.85800814840307,56.4976413344644));
#2772=CARTESIAN_POINT('',(-292.00586618096,-48.3085629784036,55.3735104729802));
#2773=CARTESIAN_POINT('',(-292.005866180958,-9.5751101383736,56.5059120703546));
#2774=CARTESIAN_POINT('',(-260.005877625051,-48.308558505171,55.3735106031676));
#2775=CARTESIAN_POINT('',(-273.313168936671,-48.3085603654395,55.3735105490013));
#2776=CARTESIAN_POINT('',(-260.005877625049,-9.85800814840307,56.4976413344644));
#2777=CARTESIAN_POINT('Origin',(-290.005877625052,-51.0486015560715,14.9775162179142));
#2778=CARTESIAN_POINT('',(-290.005877625052,-54.4864443439588,16.8851670184821));
#2779=CARTESIAN_POINT('Origin',(-290.005877625047,46.7483603916281,17.83668388421));
#2780=CARTESIAN_POINT('',(-290.005877625047,50.0688833981086,19.9419205869513));
#2781=CARTESIAN_POINT('Origin',(-292.005866180957,-2.12816846493355,15.6562345441522));
#2782=CARTESIAN_POINT('',(-292.00586618096,-53.9170910756958,7.67634119128528));
#2783=CARTESIAN_POINT('',(-292.00586618121,-45.5878539721308,-25.1744039596564));
#2784=CARTESIAN_POINT('',(-292.00586618096,-50.3606574302481,-6.35033302586691));
#2785=CARTESIAN_POINT('',(-292.00586618096,-54.175598290188,16.5185011213251));
#2786=CARTESIAN_POINT('',(-292.005866181174,-55.1010103475084,48.171936525205));
#2787=CARTESIAN_POINT('',(-292.00586618096,-54.175598290188,16.5185011213251));
#2788=CARTESIAN_POINT('',(-292.00586618096,-49.6306291426711,53.9718128629509));
#2789=CARTESIAN_POINT('',(-292.005866180955,49.7799894656181,19.5577208406567));
#2790=CARTESIAN_POINT('',(-292.005866180955,49.7799894656181,19.5577208406567));
#2791=CARTESIAN_POINT('',(-292.005866180958,-20.7448792882739,-37.1176402719075));
#2792=CARTESIAN_POINT('',(-292.005866180958,-22.5115647354713,17.8103872556371));
#2793=CARTESIAN_POINT('',(-292.005866180956,18.094564017047,18.9975379407957));
#2794=CARTESIAN_POINT('',(-292.005866180958,-16.978757965271,46.2851881301164));
#2795=CARTESIAN_POINT('',(-292.005866180957,10.9076647519463,47.1004686518607));
#2796=CARTESIAN_POINT('',(-292.005866180957,-3.03554660666237,46.6928283909886));
#2797=CARTESIAN_POINT('',(-292.005866180958,-21.112525608316,16.9895795030371));
#2798=CARTESIAN_POINT('',(-292.005866180957,-0.759486106399307,-31.1591299809637));
#2799=CARTESIAN_POINT('',(-292.005866180956,16.7458673226102,18.0963980668276));
#2800=CARTESIAN_POINT('Origin',(-283.505871903001,50.9848074216524,21.9768570384361));
#2801=CARTESIAN_POINT('',(-260.005877625046,54.5930310864196,19.181637914173));
#2802=CARTESIAN_POINT('Origin',(-291.005871903003,-3.03554660666242,46.6928283909886));
#2803=CARTESIAN_POINT('',(-290.00587762505,-16.9787579652711,46.2851881301164));
#2804=CARTESIAN_POINT('',(-290.005877625048,10.9076647519461,47.1004686518607));
#2805=CARTESIAN_POINT('',(-290.005877625049,-3.03554660666248,46.6928283909886));
#2806=CARTESIAN_POINT('',(-291.005871903004,-16.9787579652711,46.2851881301164));
#2807=CARTESIAN_POINT('',(-291.005871903003,10.9076647519462,47.1004686518607));
#2808=CARTESIAN_POINT('Origin',(-291.005871903004,-21.2986695298286,15.6703956630563));
#2809=CARTESIAN_POINT('',(-290.00587762505,-22.0980985498432,10.0049200684417));
#2810=CARTESIAN_POINT('Origin',(-291.005871903003,-0.759486106399357,-31.1591299809637));
#2811=CARTESIAN_POINT('',(-290.005877625049,-0.759486106399403,-31.1591299809637));
#2812=CARTESIAN_POINT('Origin',(-291.005871903002,17.0087620992231,16.7903422105901));
#2813=CARTESIAN_POINT('',(-290.005877625048,18.1378116643493,11.1812471364535));
#2814=CARTESIAN_POINT('Origin',(-291.005871903002,18.2356499737433,18.2966257228034));
#2815=CARTESIAN_POINT('',(-290.005877625048,17.6830288017786,21.0420366795078));
#2816=CARTESIAN_POINT('Origin',(-291.005871903004,-22.6114613266529,17.1024297317854));
#2817=CARTESIAN_POINT('',(-290.00587762505,-22.220175244135,19.875436526318));
#2818=CARTESIAN_POINT('Origin',(-290.005877625049,-1.70990786150372,1.34975759281867));
#2819=CARTESIAN_POINT('',(-290.00587762505,-16.4352936217497,6.55134450342144));
#2820=CARTESIAN_POINT('',(-290.005877625049,-0.905602466586841,-26.1612642434498));
#2821=CARTESIAN_POINT('',(-290.005877625048,12.6864420985361,7.40274032901344));
#2822=CARTESIAN_POINT('Origin',(-290.005877625048,25.3139341056318,25.4347019319039));
#2823=CARTESIAN_POINT('Origin',(-290.00587762505,-30.0946733660777,23.8147896589407));
#2824=CARTESIAN_POINT('Origin',(-291.005871903004,-16.0031197981841,9.61411860320846));
#2825=CARTESIAN_POINT('',(-292.005866180958,-16.1620905555526,8.48750821696364));
#2826=CARTESIAN_POINT('Origin',(-291.005871903003,-0.905602466586796,-26.1612642434498));
#2827=CARTESIAN_POINT('',(-292.005866180957,-0.905602440682749,-26.1612642426924));
#2828=CARTESIAN_POINT('Origin',(-291.005871903003,12.0760743613462,10.4350349429154));
#2829=CARTESIAN_POINT('',(-292.005866180957,12.3005919441076,9.31963611782697));
#2830=CARTESIAN_POINT('Origin',(-292.005866180957,-1.82585061340851,5.31554599369208));
#2831=CARTESIAN_POINT('',(-292.005866180957,-3.36104293640922,6.4973627737219));
#2832=CARTESIAN_POINT('',(-292.005866180958,-8.35890778023535,6.35124643966209));
#2833=CARTESIAN_POINT('',(-292.005866180957,-0.36232408969272,6.58503257241593));
#2834=CARTESIAN_POINT('',(-292.005866180957,4.63554075413341,6.73114890647574));
#2835=CARTESIAN_POINT('Origin',(-291.005871903003,-0.39815693752725,7.81068425330741));
#2836=CARTESIAN_POINT('',(-290.005877625049,-0.398156954323636,7.81068482782101));
#2837=CARTESIAN_POINT('Origin',(-291.005871903003,4.59970790629889,7.95680058736722));
#2838=CARTESIAN_POINT('',(-290.005877625049,4.5997078895025,7.95680116188081));
#2839=CARTESIAN_POINT('Origin',(-291.005871903003,-3.39687578424374,7.72301445461337));
#2840=CARTESIAN_POINT('',(-290.005877625049,-3.39687580104013,7.72301502912697));
#2841=CARTESIAN_POINT('Origin',(-291.005871903004,-8.39474062806988,7.57689812055356));
#2842=CARTESIAN_POINT('',(-290.005877625049,-8.39474064486627,7.57689869506717));
#2843=CARTESIAN_POINT('Origin',(-290.005877625049,2.10077528056684,7.88374356438782));
#2844=CARTESIAN_POINT('Origin',(-290.005877625049,-5.89580789929703,7.64995744656405));
#2845=CARTESIAN_POINT('Origin',(-270.287136843902,-15.763994405636,54.324117979687));
#2846=CARTESIAN_POINT('',(-288.005869995657,-47.4220435064168,53.398571126393));
#2847=CARTESIAN_POINT('',(-260.005877625051,-47.422044087706,53.3985711099352));
#2848=CARTESIAN_POINT('',(-272.146505612485,-47.4220438357665,53.3985711170245));
#2849=CARTESIAN_POINT('',(-288.005869995655,-9.51666352462512,54.5067633921815));
#2850=CARTESIAN_POINT('',(-260.005877625049,-9.79956153465439,54.4984926562913));
#2851=CARTESIAN_POINT('',(-260.005877625049,-9.79956153465439,54.4984926562913));
#2852=CARTESIAN_POINT('Origin',(-271.291335236134,-18.6092259165,-47.1552990170416));
#2853=CARTESIAN_POINT('',(-288.005869995856,-44.4163332846146,-25.4756758011792));
#2854=CARTESIAN_POINT('',(-288.005869995656,-20.5138383294881,-36.966779181897));
#2855=CARTESIAN_POINT('',(-260.005877624747,-48.1551174310358,-39.2120768017216));
#2856=CARTESIAN_POINT('',(-274.3964266387,-46.2335756035934,-32.1522765968881));
#2857=CARTESIAN_POINT('',(-260.00587762505,-26.6371176783903,-49.556836214619));
#2858=CARTESIAN_POINT('Origin',(-274.005873810354,-50.3206035639973,-16.4302123801288));
#2859=CARTESIAN_POINT('',(-288.005869995657,-52.4513759827022,6.2147402565693));
#2860=CARTESIAN_POINT('',(-288.005869995657,-49.2685280905858,-6.33849408667378));
#2861=CARTESIAN_POINT('',(-260.005877625052,-56.2595874895457,-7.2478374422984));
#2862=CARTESIAN_POINT('',(-272.288339582182,-54.5890794287428,-1.34235017492157));
#2863=CARTESIAN_POINT('',(-260.005877625052,-55.9710297826794,-8.38591649559301));
#2864=CARTESIAN_POINT('Origin',(-274.005873810354,-54.5277647182892,5.37633850489867));
#2865=CARTESIAN_POINT('',(-288.005869995657,-52.6009418265022,11.3305945337479));
#2866=CARTESIAN_POINT('',(-288.005869995657,-52.5532713673097,9.70004095040034));
#2867=CARTESIAN_POINT('',(-260.005877625052,-56.7991535740336,11.2078566588104));
#2868=CARTESIAN_POINT('',(-274.122412843168,-54.6825742834852,11.2697364447481));
#2869=CARTESIAN_POINT('',(-260.005877625052,-56.7395418861102,9.16885697222146));
#2870=CARTESIAN_POINT('Origin',(-274.005873810354,-53.1119132012511,11.3156559016678));
#2871=CARTESIAN_POINT('',(-288.005869995656,-27.5784150194871,12.0621469066518));
#2872=CARTESIAN_POINT('',(-260.00587762505,-27.8613130295163,12.0538761707616));
#2873=CARTESIAN_POINT('Origin',(-274.005873810354,-55.3042980842356,31.9374428391945));
#2874=CARTESIAN_POINT('',(-288.00586999545,-53.6381521275791,46.8080567558752));
#2875=CARTESIAN_POINT('',(-288.005869995657,-52.9415374111392,22.9805922342646));
#2876=CARTESIAN_POINT('',(-260.005877625227,-57.7136260460606,42.487111399096));
#2877=CARTESIAN_POINT('',(-273.703755118821,-55.719863271912,44.6009612663521));
#2878=CARTESIAN_POINT('',(-260.005877625052,-57.1278079885674,22.4494081086136));
#2879=CARTESIAN_POINT('Origin',(-274.005873810354,-51.5489664787199,49.0230775588545));
#2880=CARTESIAN_POINT('',(-288.005869995657,-48.2954067053569,52.4726039231644));
#2881=CARTESIAN_POINT('',(-260.005877625051,-48.6309732059371,52.1168263386208));
#2882=CARTESIAN_POINT('Origin',(-276.005871903006,-52.8692037757002,50.5381682413487));
#2883=CARTESIAN_POINT('',(-260.005877624826,-59.7586842534185,43.2337143229644));
#2884=CARTESIAN_POINT('',(-278.420292053198,-57.0784227457216,46.075417531948));
#2885=CARTESIAN_POINT('',(-260.005877625051,-50.0185696822026,53.5605010533433));
#2886=CARTESIAN_POINT('Origin',(-283.505871903006,-55.5196881493074,18.8631180839021));
#2887=CARTESIAN_POINT('',(-260.005877625052,-58.2693217161558,-7.70947413163276));
#2888=CARTESIAN_POINT('',(-279.722665249084,-55.5876955312329,1.77049341943508));
#2889=CARTESIAN_POINT('',(-260.005877625052,-58.9584478891215,15.8618751063672));
#2890=CARTESIAN_POINT('Origin',(-276.005871903006,-51.9087522979557,-16.5201709965742));
#2891=CARTESIAN_POINT('',(-260.005877624783,-49.8607419266532,-40.8731490629198));
#2892=CARTESIAN_POINT('',(-276.366256543448,-47.6761765825268,-32.8469768665062));
#2893=CARTESIAN_POINT('',(-260.005877625052,-58.0065966104181,-8.74566933003471));
#2894=CARTESIAN_POINT('Origin',(-273.075190674366,-19.3597291090415,-48.2858971843878));
#2895=CARTESIAN_POINT('',(-260.00587762505,-27.6900157880296,-51.5317044424916));
#2896=CARTESIAN_POINT('Origin',(-288.005869995655,-2.12185890131758,15.4404178363212));
#2897=CARTESIAN_POINT('',(-288.005869995652,48.1705108641912,25.9366789402746));
#2898=CARTESIAN_POINT('Origin',(-260.005877625049,-2.66377246391279,14.6069841580581));
#2899=CARTESIAN_POINT('',(-260.005877625046,52.3806639082093,25.6509705471302));
#2900=CARTESIAN_POINT('Origin',(-274.005873810349,50.0059626875844,35.0162674420383));
#2901=CARTESIAN_POINT('',(0.,0.,0.));
#2902=UNCERTAINTY_MEASURE_WITH_UNIT(LENGTH_MEASURE(0.01),#2908,
'DISTANCE_ACCURACY_VALUE',
'Maximum model space distance between geometric entities at asserted c
onnectivities');
#2903=UNCERTAINTY_MEASURE_WITH_UNIT(LENGTH_MEASURE(0.01),#2908,
'DISTANCE_ACCURACY_VALUE',
'Maximum model space distance between geometric entities at asserted c
onnectivities');
#2904=UNCERTAINTY_MEASURE_WITH_UNIT(LENGTH_MEASURE(0.01),#2908,
'DISTANCE_ACCURACY_VALUE',
'Maximum model space distance between geometric entities at asserted c
onnectivities');
#2905=(
GEOMETRIC_REPRESENTATION_CONTEXT(3)
GLOBAL_UNCERTAINTY_ASSIGNED_CONTEXT((#2902))
GLOBAL_UNIT_ASSIGNED_CONTEXT((#2908,#2910,#2911))
REPRESENTATION_CONTEXT('','3D')
);
#2906=(
GEOMETRIC_REPRESENTATION_CONTEXT(3)
GLOBAL_UNCERTAINTY_ASSIGNED_CONTEXT((#2903))
GLOBAL_UNIT_ASSIGNED_CONTEXT((#2908,#2910,#2911))
REPRESENTATION_CONTEXT('','3D')
);
#2907=(
GEOMETRIC_REPRESENTATION_CONTEXT(3)
GLOBAL_UNCERTAINTY_ASSIGNED_CONTEXT((#2904))
GLOBAL_UNIT_ASSIGNED_CONTEXT((#2908,#2910,#2911))
REPRESENTATION_CONTEXT('','3D')
);
#2908=(
LENGTH_UNIT()
NAMED_UNIT(*)
SI_UNIT(.MILLI.,.METRE.)
);
#2909=(
LENGTH_UNIT()
NAMED_UNIT(*)
SI_UNIT($,.METRE.)
);
#2910=(
NAMED_UNIT(*)
PLANE_ANGLE_UNIT()
SI_UNIT($,.RADIAN.)
);
#2911=(
NAMED_UNIT(*)
SI_UNIT($,.STERADIAN.)
SOLID_ANGLE_UNIT()
);
#2912=SHAPE_DEFINITION_REPRESENTATION(#2914,#2917);
#2913=SHAPE_DEFINITION_REPRESENTATION(#2915,#2918);
#2914=PRODUCT_DEFINITION_SHAPE('',$,#2920);
#2915=PRODUCT_DEFINITION_SHAPE('',$,#2921);
#2916=PRODUCT_DEFINITION_SHAPE($,$,#14);
#2917=SHAPE_REPRESENTATION('',(#1682,#1812),#2905);
#2918=SHAPE_REPRESENTATION('',(#1683),#2906);
#2919=PRODUCT_DEFINITION_CONTEXT('part definition',#2927,'design');
#2920=PRODUCT_DEFINITION('Chassis','Chassis v25',#2922,#2919);
#2921=PRODUCT_DEFINITION('Chassis_1','Chassis',#2923,#2919);
#2922=PRODUCT_DEFINITION_FORMATION('',$,#2929);
#2923=PRODUCT_DEFINITION_FORMATION('',$,#2930);
#2924=PRODUCT_RELATED_PRODUCT_CATEGORY('Chassis v25','Chassis v25',(#2929));
#2925=PRODUCT_RELATED_PRODUCT_CATEGORY('Chassis','Chassis',(#2930));
#2926=APPLICATION_PROTOCOL_DEFINITION('international standard',
'automotive_design',2009,#2927);
#2927=APPLICATION_CONTEXT(
'Core Data for Automotive Mechanical Design Process');
#2928=PRODUCT_CONTEXT('part definition',#2927,'mechanical');
#2929=PRODUCT('Chassis','Chassis v25',$,(#2928));
#2930=PRODUCT('Chassis_1','Chassis',$,(#2928));
#2931=PRESENTATION_STYLE_ASSIGNMENT((#2939));
#2932=PRESENTATION_STYLE_ASSIGNMENT((#2940));
#2933=PRESENTATION_STYLE_ASSIGNMENT((#2941));
#2934=PRESENTATION_STYLE_ASSIGNMENT((#2942));
#2935=PRESENTATION_STYLE_ASSIGNMENT((#2943));
#2936=PRESENTATION_STYLE_ASSIGNMENT((#2944));
#2937=PRESENTATION_STYLE_ASSIGNMENT((#2945));
#2938=PRESENTATION_STYLE_ASSIGNMENT((#2946));
#2939=SURFACE_STYLE_USAGE(.BOTH.,#2947);
#2940=SURFACE_STYLE_USAGE(.BOTH.,#2948);
#2941=SURFACE_STYLE_USAGE(.BOTH.,#2949);
#2942=SURFACE_STYLE_USAGE(.BOTH.,#2950);
#2943=SURFACE_STYLE_USAGE(.BOTH.,#2951);
#2944=SURFACE_STYLE_USAGE(.BOTH.,#2952);
#2945=SURFACE_STYLE_USAGE(.BOTH.,#2953);
#2946=SURFACE_STYLE_USAGE(.BOTH.,#2954);
#2947=SURFACE_SIDE_STYLE('',(#2955));
#2948=SURFACE_SIDE_STYLE('',(#2956));
#2949=SURFACE_SIDE_STYLE('',(#2957));
#2950=SURFACE_SIDE_STYLE('',(#2958));
#2951=SURFACE_SIDE_STYLE('',(#2959));
#2952=SURFACE_SIDE_STYLE('',(#2960));
#2953=SURFACE_SIDE_STYLE('',(#2961));
#2954=SURFACE_SIDE_STYLE('',(#2962));
#2955=SURFACE_STYLE_FILL_AREA(#2963);
#2956=SURFACE_STYLE_FILL_AREA(#2964);
#2957=SURFACE_STYLE_FILL_AREA(#2965);
#2958=SURFACE_STYLE_FILL_AREA(#2966);
#2959=SURFACE_STYLE_FILL_AREA(#2967);
#2960=SURFACE_STYLE_FILL_AREA(#2968);
#2961=SURFACE_STYLE_FILL_AREA(#2969);
#2962=SURFACE_STYLE_FILL_AREA(#2970);
#2963=FILL_AREA_STYLE('Steel - Satin',(#2971));
#2964=FILL_AREA_STYLE('Aluminum - Satin',(#2972));
#2965=FILL_AREA_STYLE('Opaque(50,50,50)',(#2973));
#2966=FILL_AREA_STYLE('Opaque(255,255,255)',(#2974));
#2967=FILL_AREA_STYLE('Opaque(245,245,246)',(#2975));
#2968=FILL_AREA_STYLE('ABS (White) (1)',(#2976));
#2969=FILL_AREA_STYLE('Opaque(250,182,1)',(#2977));
#2970=FILL_AREA_STYLE('ABS (White)',(#2978));
#2971=FILL_AREA_STYLE_COLOUR('Steel - Satin',#2979);
#2972=FILL_AREA_STYLE_COLOUR('Aluminum - Satin',#2980);
#2973=FILL_AREA_STYLE_COLOUR('Opaque(50,50,50)',#2981);
#2974=FILL_AREA_STYLE_COLOUR('Opaque(255,255,255)',#2982);
#2975=FILL_AREA_STYLE_COLOUR('Opaque(245,245,246)',#2983);
#2976=FILL_AREA_STYLE_COLOUR('ABS (White) (1)',#2984);
#2977=FILL_AREA_STYLE_COLOUR('Opaque(250,182,1)',#2985);
#2978=FILL_AREA_STYLE_COLOUR('ABS (White)',#2986);
#2979=COLOUR_RGB('Steel - Satin',0.627450980392157,0.627450980392157,0.627450980392157);
#2980=COLOUR_RGB('Aluminum - Satin',0.96078431372549,0.96078431372549,0.964705882352941);
#2981=COLOUR_RGB('Opaque(50,50,50)',0.196078431372549,0.196078431372549,
0.196078431372549);
#2982=COLOUR_RGB('Opaque(255,255,255)',1.,1.,1.);
#2983=COLOUR_RGB('Opaque(245,245,246)',0.96078431372549,0.96078431372549,
0.964705882352941);
#2984=COLOUR_RGB('ABS (White) (1)',0.905882352941176,0.262745098039216,
0.184313725490196);
#2985=COLOUR_RGB('Opaque(250,182,1)',0.980392156862745,0.713725490196078,
0.00392156862745098);
#2986=COLOUR_RGB('ABS (White)',0.964705882352941,0.964705882352941,0.952941176470588);
ENDSEC;
END-ISO-10303-21;
