ISO-10303-21;
HEADER;
/* Generated by software containing ST-Developer
 * from STEP Tools, Inc. (www.steptools.com) 
 */

FILE_DESCRIPTION(
/* description */ (''),
/* implementation_level */ '2;1');

FILE_NAME(
/* name */ 'TopFrame.step',
/* time_stamp */ '2026-08-13T12:56:12-04:00',
/* author */ (''),
/* organization */ (''),
/* preprocessor_version */ 'ST-DEVELOPER v20.1',
/* originating_system */ 'Autodesk Translation Framework v15.8.0.0',
/* authorisation */ '');

FILE_SCHEMA (('AUTOMOTIVE_DESIGN { 1 0 10303 214 3 1 1 }'));
ENDSEC;

DATA;
#10=MECHANICAL_DESIGN_GEOMETRIC_PRESENTATION_REPRESENTATION('',(#17),#2019);
#11=ITEM_DEFINED_TRANSFORMATION($,$,#1137,#1216);
#12=(
REPRESENTATION_RELATIONSHIP($,$,#2030,#2029)
REPRESENTATION_RELATIONSHIP_WITH_TRANSFORMATION(#11)
SHAPE_REPRESENTATION_RELATIONSHIP()
);
#13=CONTEXT_DEPENDENT_SHAPE_REPRESENTATION(#12,#2028);
#14=NEXT_ASSEMBLY_USAGE_OCCURRENCE('Chassis:1','Chassis:1','Chassis:1',
#2032,#2033,'Chassis:1');
#15=SHAPE_REPRESENTATION_RELATIONSHIP('SRR','None',#2030,#16);
#16=ADVANCED_BREP_SHAPE_REPRESENTATION('',(#18),#2018);
#17=STYLED_ITEM('',(#2045),#18);
#18=MANIFOLD_SOLID_BREP('TopBracket (1)',#1123);
#19=CYLINDRICAL_SURFACE('',#1154,2.);
#20=CYLINDRICAL_SURFACE('',#1160,4.25);
#21=CYLINDRICAL_SURFACE('',#1162,2.25);
#22=CYLINDRICAL_SURFACE('',#1167,2.25);
#23=CYLINDRICAL_SURFACE('',#1207,2.8);
#24=CYLINDRICAL_SURFACE('',#1208,2.8);
#25=CYLINDRICAL_SURFACE('',#1209,2.8);
#26=CYLINDRICAL_SURFACE('',#1210,2.8);
#27=CYLINDRICAL_SURFACE('',#1211,4.25);
#28=CYLINDRICAL_SURFACE('',#1212,2.00000000000001);
#29=FACE_BOUND('',#411,.T.);
#30=FACE_BOUND('',#414,.T.);
#31=FACE_BOUND('',#417,.T.);
#32=FACE_BOUND('',#421,.T.);
#33=FACE_BOUND('',#430,.T.);
#34=FACE_BOUND('',#435,.T.);
#35=FACE_BOUND('',#436,.T.);
#36=FACE_BOUND('',#441,.T.);
#37=FACE_BOUND('',#442,.T.);
#38=FACE_BOUND('',#448,.T.);
#39=FACE_BOUND('',#449,.T.);
#40=FACE_BOUND('',#457,.T.);
#41=FACE_BOUND('',#458,.T.);
#42=FACE_BOUND('',#468,.T.);
#43=CIRCLE('',#1141,2.);
#44=CIRCLE('',#1144,4.25000000000001);
#45=CIRCLE('',#1145,2.24999999999999);
#46=CIRCLE('',#1148,2.250000000001);
#47=CIRCLE('',#1152,4.25);
#48=CIRCLE('',#1153,2.24999999999999);
#49=CIRCLE('',#1155,2.);
#50=CIRCLE('',#1166,2.00000000000001);
#51=CIRCLE('',#1168,2.250000000001);
#52=CIRCLE('',#1172,2.8);
#53=CIRCLE('',#1173,2.8);
#54=CIRCLE('',#1178,2.8);
#55=CIRCLE('',#1179,2.8);
#56=CIRCLE('',#1185,2.8);
#57=CIRCLE('',#1186,2.8);
#58=CIRCLE('',#1194,2.8);
#59=CIRCLE('',#1195,2.8);
#60=CIRCLE('',#1213,2.00000000000001);
#61=LINE('',#1616,#185);
#62=LINE('',#1618,#186);
#63=LINE('',#1620,#187);
#64=LINE('',#1622,#188);
#65=LINE('',#1624,#189);
#66=LINE('',#1626,#190);
#67=LINE('',#1627,#191);
#68=LINE('',#1632,#192);
#69=LINE('',#1634,#193);
#70=LINE('',#1636,#194);
#71=LINE('',#1638,#195);
#72=LINE('',#1640,#196);
#73=LINE('',#1642,#197);
#74=LINE('',#1643,#198);
#75=LINE('',#1646,#199);
#76=LINE('',#1648,#200);
#77=LINE('',#1650,#201);
#78=LINE('',#1656,#202);
#79=LINE('',#1657,#203);
#80=LINE('',#1660,#204);
#81=LINE('',#1661,#205);
#82=LINE('',#1666,#206);
#83=LINE('',#1667,#207);
#84=LINE('',#1669,#208);
#85=LINE('',#1671,#209);
#86=LINE('',#1673,#210);
#87=LINE('',#1675,#211);
#88=LINE('',#1677,#212);
#89=LINE('',#1684,#213);
#90=LINE('',#1686,#214);
#91=LINE('',#1688,#215);
#92=LINE('',#1690,#216);
#93=LINE('',#1692,#217);
#94=LINE('',#1694,#218);
#95=LINE('',#1696,#219);
#96=LINE('',#1698,#220);
#97=LINE('',#1700,#221);
#98=LINE('',#1702,#222);
#99=LINE('',#1704,#223);
#100=LINE('',#1706,#224);
#101=LINE('',#1708,#225);
#102=LINE('',#1710,#226);
#103=LINE('',#1712,#227);
#104=LINE('',#1714,#228);
#105=LINE('',#1716,#229);
#106=LINE('',#1718,#230);
#107=LINE('',#1720,#231);
#108=LINE('',#1722,#232);
#109=LINE('',#1724,#233);
#110=LINE('',#1725,#234);
#111=LINE('',#1727,#235);
#112=LINE('',#1729,#236);
#113=LINE('',#1730,#237);
#114=LINE('',#1733,#238);
#115=LINE('',#1734,#239);
#116=LINE('',#1740,#240);
#117=LINE('',#1742,#241);
#118=LINE('',#1744,#242);
#119=LINE('',#1746,#243);
#120=LINE('',#1801,#244);
#121=LINE('',#1855,#245);
#122=LINE('',#1860,#246);
#123=LINE('',#1862,#247);
#124=LINE('',#1863,#248);
#125=LINE('',#1865,#249);
#126=LINE('',#1868,#250);
#127=LINE('',#1871,#251);
#128=LINE('',#1872,#252);
#129=LINE('',#1874,#253);
#130=LINE('',#1875,#254);
#131=LINE('',#1881,#255);
#132=LINE('',#1885,#256);
#133=LINE('',#1887,#257);
#134=LINE('',#1888,#258);
#135=LINE('',#1891,#259);
#136=LINE('',#1892,#260);
#137=LINE('',#1898,#261);
#138=LINE('',#1902,#262);
#139=LINE('',#1903,#263);
#140=LINE('',#1904,#264);
#141=LINE('',#1907,#265);
#142=LINE('',#1908,#266);
#143=LINE('',#1910,#267);
#144=LINE('',#1916,#268);
#145=LINE('',#1919,#269);
#146=LINE('',#1921,#270);
#147=LINE('',#1922,#271);
#148=LINE('',#1925,#272);
#149=LINE('',#1926,#273);
#150=LINE('',#1929,#274);
#151=LINE('',#1930,#275);
#152=LINE('',#1933,#276);
#153=LINE('',#1934,#277);
#154=LINE('',#1941,#278);
#155=LINE('',#1942,#279);
#156=LINE('',#1945,#280);
#157=LINE('',#1946,#281);
#158=LINE('',#1949,#282);
#159=LINE('',#1950,#283);
#160=LINE('',#1953,#284);
#161=LINE('',#1954,#285);
#162=LINE('',#1955,#286);
#163=LINE('',#1958,#287);
#164=LINE('',#1960,#288);
#165=LINE('',#1961,#289);
#166=LINE('',#1963,#290);
#167=LINE('',#1971,#291);
#168=LINE('',#1973,#292);
#169=LINE('',#1974,#293);
#170=LINE('',#1976,#294);
#171=LINE('',#1978,#295);
#172=LINE('',#1982,#296);
#173=LINE('',#1983,#297);
#174=LINE('',#1986,#298);
#175=LINE('',#1987,#299);
#176=LINE('',#1989,#300);
#177=LINE('',#1993,#301);
#178=LINE('',#1994,#302);
#179=LINE('',#1996,#303);
#180=LINE('',#1999,#304);
#181=LINE('',#2001,#305);
#182=LINE('',#2003,#306);
#183=LINE('',#2005,#307);
#184=LINE('',#2010,#308);
#185=VECTOR('',#1227,10.);
#186=VECTOR('',#1228,10.);
#187=VECTOR('',#1229,10.);
#188=VECTOR('',#1230,10.);
#189=VECTOR('',#1231,10.);
#190=VECTOR('',#1232,10.);
#191=VECTOR('',#1233,10.);
#192=VECTOR('',#1238,10.);
#193=VECTOR('',#1239,10.);
#194=VECTOR('',#1240,10.);
#195=VECTOR('',#1241,10.);
#196=VECTOR('',#1242,10.);
#197=VECTOR('',#1243,10.);
#198=VECTOR('',#1244,10.);
#199=VECTOR('',#1247,1000.);
#200=VECTOR('',#1248,1000.);
#201=VECTOR('',#1249,1000.);
#202=VECTOR('',#1256,1000.);
#203=VECTOR('',#1257,1000.);
#204=VECTOR('',#1260,1000.);
#205=VECTOR('',#1261,1000.);
#206=VECTOR('',#1266,1000.);
#207=VECTOR('',#1267,1000.);
#208=VECTOR('',#1268,1000.);
#209=VECTOR('',#1269,10.);
#210=VECTOR('',#1270,1000.);
#211=VECTOR('',#1271,1000.);
#212=VECTOR('',#1272,1000.);
#213=VECTOR('',#1273,10.);
#214=VECTOR('',#1274,1000.);
#215=VECTOR('',#1275,1000.);
#216=VECTOR('',#1276,1000.);
#217=VECTOR('',#1277,10.);
#218=VECTOR('',#1278,1000.);
#219=VECTOR('',#1279,1000.);
#220=VECTOR('',#1280,1000.);
#221=VECTOR('',#1281,1000.);
#222=VECTOR('',#1282,1000.);
#223=VECTOR('',#1283,1000.);
#224=VECTOR('',#1284,1000.);
#225=VECTOR('',#1285,1000.);
#226=VECTOR('',#1286,1000.);
#227=VECTOR('',#1287,1000.);
#228=VECTOR('',#1288,1000.);
#229=VECTOR('',#1289,10.);
#230=VECTOR('',#1290,1000.);
#231=VECTOR('',#1291,1000.);
#232=VECTOR('',#1292,1000.);
#233=VECTOR('',#1293,1000.);
#234=VECTOR('',#1294,1000.);
#235=VECTOR('',#1295,1000.);
#236=VECTOR('',#1296,1000.);
#237=VECTOR('',#1297,1000.);
#238=VECTOR('',#1300,1000.);
#239=VECTOR('',#1301,10.);
#240=VECTOR('',#1306,1000.);
#241=VECTOR('',#1307,1000.);
#242=VECTOR('',#1308,1000.);
#243=VECTOR('',#1309,10.);
#244=VECTOR('',#1316,2.);
#245=VECTOR('',#1323,1000.);
#246=VECTOR('',#1330,10.);
#247=VECTOR('',#1331,1000.);
#248=VECTOR('',#1332,1000.);
#249=VECTOR('',#1335,2.25);
#250=VECTOR('',#1340,1000.);
#251=VECTOR('',#1343,10.);
#252=VECTOR('',#1344,10.);
#253=VECTOR('',#1345,10.);
#254=VECTOR('',#1346,10.);
#255=VECTOR('',#1353,2.25);
#256=VECTOR('',#1358,1000.);
#257=VECTOR('',#1359,1000.);
#258=VECTOR('',#1360,1000.);
#259=VECTOR('',#1363,1000.);
#260=VECTOR('',#1364,1000.);
#261=VECTOR('',#1371,1000.);
#262=VECTOR('',#1374,1000.);
#263=VECTOR('',#1375,1000.);
#264=VECTOR('',#1376,1000.);
#265=VECTOR('',#1379,1000.);
#266=VECTOR('',#1380,1000.);
#267=VECTOR('',#1383,1000.);
#268=VECTOR('',#1390,1000.);
#269=VECTOR('',#1393,10.);
#270=VECTOR('',#1394,1000.);
#271=VECTOR('',#1395,1000.);
#272=VECTOR('',#1398,1000.);
#273=VECTOR('',#1399,1000.);
#274=VECTOR('',#1402,1000.);
#275=VECTOR('',#1403,1000.);
#276=VECTOR('',#1406,1000.);
#277=VECTOR('',#1407,1000.);
#278=VECTOR('',#1414,10.);
#279=VECTOR('',#1415,1000.);
#280=VECTOR('',#1418,1000.);
#281=VECTOR('',#1419,1000.);
#282=VECTOR('',#1422,1000.);
#283=VECTOR('',#1423,1000.);
#284=VECTOR('',#1426,1000.);
#285=VECTOR('',#1427,10.);
#286=VECTOR('',#1428,10.);
#287=VECTOR('',#1431,10.);
#288=VECTOR('',#1432,10.);
#289=VECTOR('',#1433,10.);
#290=VECTOR('',#1436,1000.);
#291=VECTOR('',#1445,1000.);
#292=VECTOR('',#1446,1000.);
#293=VECTOR('',#1447,1000.);
#294=VECTOR('',#1450,1000.);
#295=VECTOR('',#1453,1000.);
#296=VECTOR('',#1458,1000.);
#297=VECTOR('',#1459,1000.);
#298=VECTOR('',#1462,1000.);
#299=VECTOR('',#1463,1000.);
#300=VECTOR('',#1466,1000.);
#301=VECTOR('',#1471,1000.);
#302=VECTOR('',#1472,1000.);
#303=VECTOR('',#1475,1000.);
#304=VECTOR('',#1480,2.8);
#305=VECTOR('',#1483,2.8);
#306=VECTOR('',#1486,2.8);
#307=VECTOR('',#1489,2.8);
#308=VECTOR('',#1496,2.00000000000001);
#309=PLANE('',#1140);
#310=PLANE('',#1142);
#311=PLANE('',#1143);
#312=PLANE('',#1146);
#313=PLANE('',#1147);
#314=PLANE('',#1149);
#315=PLANE('',#1150);
#316=PLANE('',#1151);
#317=PLANE('',#1158);
#318=PLANE('',#1161);
#319=PLANE('',#1163);
#320=PLANE('',#1165);
#321=PLANE('',#1169);
#322=PLANE('',#1170);
#323=PLANE('',#1171);
#324=PLANE('',#1174);
#325=PLANE('',#1175);
#326=PLANE('',#1176);
#327=PLANE('',#1177);
#328=PLANE('',#1180);
#329=PLANE('',#1181);
#330=PLANE('',#1182);
#331=PLANE('',#1183);
#332=PLANE('',#1184);
#333=PLANE('',#1187);
#334=PLANE('',#1188);
#335=PLANE('',#1189);
#336=PLANE('',#1190);
#337=PLANE('',#1191);
#338=PLANE('',#1192);
#339=PLANE('',#1193);
#340=PLANE('',#1196);
#341=PLANE('',#1197);
#342=PLANE('',#1198);
#343=PLANE('',#1199);
#344=PLANE('',#1200);
#345=PLANE('',#1201);
#346=PLANE('',#1202);
#347=PLANE('',#1203);
#348=PLANE('',#1204);
#349=PLANE('',#1205);
#350=PLANE('',#1206);
#351=PLANE('',#1214);
#352=PLANE('',#1215);
#353=FACE_OUTER_BOUND('',#409,.T.);
#354=FACE_OUTER_BOUND('',#410,.T.);
#355=FACE_OUTER_BOUND('',#412,.T.);
#356=FACE_OUTER_BOUND('',#413,.T.);
#357=FACE_OUTER_BOUND('',#415,.T.);
#358=FACE_OUTER_BOUND('',#416,.T.);
#359=FACE_OUTER_BOUND('',#418,.T.);
#360=FACE_OUTER_BOUND('',#419,.T.);
#361=FACE_OUTER_BOUND('',#420,.T.);
#362=FACE_OUTER_BOUND('',#422,.T.);
#363=FACE_OUTER_BOUND('',#423,.T.);
#364=FACE_OUTER_BOUND('',#424,.T.);
#365=FACE_OUTER_BOUND('',#425,.T.);
#366=FACE_OUTER_BOUND('',#426,.T.);
#367=FACE_OUTER_BOUND('',#427,.T.);
#368=FACE_OUTER_BOUND('',#428,.T.);
#369=FACE_OUTER_BOUND('',#429,.T.);
#370=FACE_OUTER_BOUND('',#431,.T.);
#371=FACE_OUTER_BOUND('',#432,.T.);
#372=FACE_OUTER_BOUND('',#433,.T.);
#373=FACE_OUTER_BOUND('',#434,.T.);
#374=FACE_OUTER_BOUND('',#437,.T.);
#375=FACE_OUTER_BOUND('',#438,.T.);
#376=FACE_OUTER_BOUND('',#439,.T.);
#377=FACE_OUTER_BOUND('',#440,.T.);
#378=FACE_OUTER_BOUND('',#443,.T.);
#379=FACE_OUTER_BOUND('',#444,.T.);
#380=FACE_OUTER_BOUND('',#445,.T.);
#381=FACE_OUTER_BOUND('',#446,.T.);
#382=FACE_OUTER_BOUND('',#447,.T.);
#383=FACE_OUTER_BOUND('',#450,.T.);
#384=FACE_OUTER_BOUND('',#451,.T.);
#385=FACE_OUTER_BOUND('',#452,.T.);
#386=FACE_OUTER_BOUND('',#453,.T.);
#387=FACE_OUTER_BOUND('',#454,.T.);
#388=FACE_OUTER_BOUND('',#455,.T.);
#389=FACE_OUTER_BOUND('',#456,.T.);
#390=FACE_OUTER_BOUND('',#459,.T.);
#391=FACE_OUTER_BOUND('',#460,.T.);
#392=FACE_OUTER_BOUND('',#461,.T.);
#393=FACE_OUTER_BOUND('',#462,.T.);
#394=FACE_OUTER_BOUND('',#463,.T.);
#395=FACE_OUTER_BOUND('',#464,.T.);
#396=FACE_OUTER_BOUND('',#465,.T.);
#397=FACE_OUTER_BOUND('',#466,.T.);
#398=FACE_OUTER_BOUND('',#467,.T.);
#399=FACE_OUTER_BOUND('',#469,.T.);
#400=FACE_OUTER_BOUND('',#470,.T.);
#401=FACE_OUTER_BOUND('',#471,.T.);
#402=FACE_OUTER_BOUND('',#472,.T.);
#403=FACE_OUTER_BOUND('',#473,.T.);
#404=FACE_OUTER_BOUND('',#474,.T.);
#405=FACE_OUTER_BOUND('',#475,.T.);
#406=FACE_OUTER_BOUND('',#476,.T.);
#407=FACE_OUTER_BOUND('',#477,.T.);
#408=FACE_OUTER_BOUND('',#478,.T.);
#409=EDGE_LOOP('',(#753,#754,#755,#756,#757,#758));
#410=EDGE_LOOP('',(#759,#760,#761,#762,#763,#764,#765,#766));
#411=EDGE_LOOP('',(#767));
#412=EDGE_LOOP('',(#768,#769,#770,#771,#772,#773,#774,#775,#776));
#413=EDGE_LOOP('',(#777,#778,#779,#780,#781,#782));
#414=EDGE_LOOP('',(#783));
#415=EDGE_LOOP('',(#784,#785,#786,#787));
#416=EDGE_LOOP('',(#788,#789,#790,#791));
#417=EDGE_LOOP('',(#792));
#418=EDGE_LOOP('',(#793,#794,#795,#796,#797,#798,#799,#800,#801,#802,#803,
#804,#805,#806,#807,#808,#809,#810,#811,#812,#813,#814,#815,#816,#817,#818,
#819,#820,#821,#822,#823,#824,#825,#826,#827,#828,#829,#830));
#419=EDGE_LOOP('',(#831,#832,#833,#834));
#420=EDGE_LOOP('',(#835,#836,#837,#838,#839,#840));
#421=EDGE_LOOP('',(#841));
#422=EDGE_LOOP('',(#842,#843,#844,#845));
#423=EDGE_LOOP('',(#846,#847,#848,#849,#850,#851));
#424=EDGE_LOOP('',(#852,#853,#854,#855,#856));
#425=EDGE_LOOP('',(#857,#858,#859));
#426=EDGE_LOOP('',(#860,#861,#862,#863));
#427=EDGE_LOOP('',(#864,#865,#866,#867));
#428=EDGE_LOOP('',(#868,#869,#870,#871,#872));
#429=EDGE_LOOP('',(#873,#874,#875,#876,#877,#878,#879,#880));
#430=EDGE_LOOP('',(#881));
#431=EDGE_LOOP('',(#882,#883,#884,#885));
#432=EDGE_LOOP('',(#886,#887,#888,#889,#890));
#433=EDGE_LOOP('',(#891,#892,#893,#894));
#434=EDGE_LOOP('',(#895,#896,#897,#898));
#435=EDGE_LOOP('',(#899));
#436=EDGE_LOOP('',(#900));
#437=EDGE_LOOP('',(#901,#902,#903,#904));
#438=EDGE_LOOP('',(#905,#906,#907,#908));
#439=EDGE_LOOP('',(#909,#910,#911,#912));
#440=EDGE_LOOP('',(#913,#914,#915,#916));
#441=EDGE_LOOP('',(#917));
#442=EDGE_LOOP('',(#918));
#443=EDGE_LOOP('',(#919,#920,#921,#922));
#444=EDGE_LOOP('',(#923,#924,#925,#926));
#445=EDGE_LOOP('',(#927,#928,#929,#930));
#446=EDGE_LOOP('',(#931,#932,#933,#934));
#447=EDGE_LOOP('',(#935,#936,#937,#938));
#448=EDGE_LOOP('',(#939));
#449=EDGE_LOOP('',(#940));
#450=EDGE_LOOP('',(#941,#942,#943,#944));
#451=EDGE_LOOP('',(#945,#946,#947,#948));
#452=EDGE_LOOP('',(#949,#950,#951,#952));
#453=EDGE_LOOP('',(#953,#954,#955,#956,#957,#958,#959,#960,#961,#962,#963,
#964,#965,#966,#967,#968,#969,#970,#971,#972,#973,#974));
#454=EDGE_LOOP('',(#975,#976,#977,#978,#979,#980,#981,#982,#983));
#455=EDGE_LOOP('',(#984,#985,#986,#987));
#456=EDGE_LOOP('',(#988,#989,#990,#991));
#457=EDGE_LOOP('',(#992));
#458=EDGE_LOOP('',(#993));
#459=EDGE_LOOP('',(#994,#995,#996,#997));
#460=EDGE_LOOP('',(#998,#999,#1000,#1001));
#461=EDGE_LOOP('',(#1002,#1003,#1004,#1005));
#462=EDGE_LOOP('',(#1006,#1007,#1008,#1009));
#463=EDGE_LOOP('',(#1010,#1011,#1012,#1013));
#464=EDGE_LOOP('',(#1014,#1015,#1016,#1017));
#465=EDGE_LOOP('',(#1018,#1019,#1020,#1021));
#466=EDGE_LOOP('',(#1022,#1023,#1024,#1025));
#467=EDGE_LOOP('',(#1026,#1027,#1028,#1029));
#468=EDGE_LOOP('',(#1030));
#469=EDGE_LOOP('',(#1031,#1032,#1033,#1034));
#470=EDGE_LOOP('',(#1035,#1036,#1037,#1038,#1039));
#471=EDGE_LOOP('',(#1040,#1041,#1042,#1043));
#472=EDGE_LOOP('',(#1044,#1045,#1046,#1047));
#473=EDGE_LOOP('',(#1048,#1049,#1050,#1051));
#474=EDGE_LOOP('',(#1052,#1053,#1054,#1055));
#475=EDGE_LOOP('',(#1056,#1057,#1058));
#476=EDGE_LOOP('',(#1059,#1060,#1061,#1062));
#477=EDGE_LOOP('',(#1063));
#478=EDGE_LOOP('',(#1064));
#479=ELLIPSE('',#1138,230.026546290643,4.55000002953481);
#480=ELLIPSE('',#1139,230.02080775037,4.25);
#481=ELLIPSE('',#1156,230.02080775037,4.25);
#482=ELLIPSE('',#1157,230.026546290643,4.55000002953481);
#483=ELLIPSE('',#1159,6.01040764008572,4.25000000000005);
#484=ELLIPSE('',#1164,6.01040786815251,4.25000000000005);
#485=B_SPLINE_CURVE_WITH_KNOTS('',3,(#1531,#1532,#1533,#1534,#1535,#1536,
#1537,#1538,#1539,#1540),.UNSPECIFIED.,.F.,.F.,(4,2,2,2,4),(0.000801713960569254,
0.0185037689344324,0.0245456743067506,0.0269665294033869,0.029125769909496),
 .UNSPECIFIED.);
#486=B_SPLINE_CURVE_WITH_KNOTS('',3,(#1544,#1545,#1546,#1547,#1548,#1549,
#1550,#1551,#1552,#1553,#1554,#1555,#1556,#1557,#1558,#1559,#1560,#1561,
#1562,#1563,#1564,#1565,#1566,#1567,#1568,#1569,#1570,#1571,#1572,#1573,
#1574,#1575,#1576,#1577,#1578,#1579,#1580,#1581,#1582,#1583,#1584,#1585,
#1586,#1587,#1588,#1589,#1590,#1591,#1592),.UNSPECIFIED.,.F.,.F.,(4,3,3,
3,3,3,3,3,3,3,3,3,3,3,3,3,4),(0.,0.0053504227451497,0.0107777482734528,
0.0117260819911057,0.017156322874687,0.0187923255697644,0.0234503727212318,
0.0288600503759449,0.034224358315772,0.035171079845683,0.0375753340270199,
0.0430088047226933,0.0468884760932648,0.0523477284933147,0.056313529346157,
0.0616941558479223,0.0657390152366475),.UNSPECIFIED.);
#487=B_SPLINE_CURVE_WITH_KNOTS('',3,(#1596,#1597,#1598,#1599,#1600,#1601,
#1602,#1603,#1604,#1605,#1606,#1607,#1608,#1609),.UNSPECIFIED.,.F.,.F.,
(4,2,2,2,2,2,4),(6.7206352131377E-9,0.00860418241547369,0.0170793512660182,
0.0271397724974892,0.040883888252795,0.0601583178554234,0.0602054845861509),
 .UNSPECIFIED.);
#488=B_SPLINE_CURVE_WITH_KNOTS('',3,(#1610,#1611,#1612,#1613),
 .UNSPECIFIED.,.F.,.F.,(4,4),(0.847632349913928,2.2632104037494),
 .UNSPECIFIED.);
#489=B_SPLINE_CURVE_WITH_KNOTS('',3,(#1679,#1680,#1681,#1682),
 .UNSPECIFIED.,.F.,.F.,(4,4),(1.94449355831742,3.16699540699404),
 .UNSPECIFIED.);
#490=B_SPLINE_CURVE_WITH_KNOTS('',3,(#1747,#1748,#1749,#1750,#1751,#1752,
#1753,#1754,#1755,#1756,#1757,#1758,#1759,#1760,#1761,#1762,#1763,#1764,
#1765,#1766,#1767,#1768,#1769,#1770,#1771,#1772,#1773,#1774,#1775,#1776,
#1777,#1778,#1779,#1780,#1781,#1782,#1783,#1784,#1785,#1786,#1787,#1788,
#1789,#1790,#1791,#1792,#1793,#1794,#1795),.UNSPECIFIED.,.F.,.F.,(4,3,3,
3,3,3,3,3,3,3,3,3,3,3,3,3,4),(0.,0.0053504227451497,0.0107777482734528,
0.0117260819911057,0.017156322874687,0.0187923255697644,0.0234503727212318,
0.0288600503759449,0.034224358315772,0.035171079845683,0.0375753340270199,
0.0430088047226933,0.0468884760932648,0.0523477284933147,0.056313529346157,
0.0616941558479223,0.0657390152366475),.UNSPECIFIED.);
#491=B_SPLINE_CURVE_WITH_KNOTS('',3,(#1827,#1828,#1829,#1830,#1831,#1832,
#1833,#1834,#1835,#1836),.UNSPECIFIED.,.F.,.F.,(4,2,2,2,4),(0.000801713960569254,
0.0185037689344324,0.0245456743067506,0.0269665294033869,0.029125769909496),
 .UNSPECIFIED.);
#492=B_SPLINE_CURVE_WITH_KNOTS('',3,(#1838,#1839,#1840,#1841,#1842,#1843,
#1844,#1845,#1846,#1847,#1848,#1849,#1850,#1851),.UNSPECIFIED.,.F.,.F.,
(4,2,2,2,2,2,4),(0.,0.00860417729655444,0.0170794381826066,0.0271402390713384,
0.0408853332532152,0.0601612511632122,0.0602054657351064),.UNSPECIFIED.);
#493=VERTEX_POINT('',#1529);
#494=VERTEX_POINT('',#1530);
#495=VERTEX_POINT('',#1541);
#496=VERTEX_POINT('',#1543);
#497=VERTEX_POINT('',#1593);
#498=VERTEX_POINT('',#1595);
#499=VERTEX_POINT('',#1615);
#500=VERTEX_POINT('',#1617);
#501=VERTEX_POINT('',#1619);
#502=VERTEX_POINT('',#1621);
#503=VERTEX_POINT('',#1623);
#504=VERTEX_POINT('',#1625);
#505=VERTEX_POINT('',#1628);
#506=VERTEX_POINT('',#1631);
#507=VERTEX_POINT('',#1633);
#508=VERTEX_POINT('',#1635);
#509=VERTEX_POINT('',#1637);
#510=VERTEX_POINT('',#1639);
#511=VERTEX_POINT('',#1641);
#512=VERTEX_POINT('',#1645);
#513=VERTEX_POINT('',#1647);
#514=VERTEX_POINT('',#1649);
#515=VERTEX_POINT('',#1652);
#516=VERTEX_POINT('',#1655);
#517=VERTEX_POINT('',#1659);
#518=VERTEX_POINT('',#1662);
#519=VERTEX_POINT('',#1665);
#520=VERTEX_POINT('',#1668);
#521=VERTEX_POINT('',#1670);
#522=VERTEX_POINT('',#1672);
#523=VERTEX_POINT('',#1674);
#524=VERTEX_POINT('',#1676);
#525=VERTEX_POINT('',#1678);
#526=VERTEX_POINT('',#1683);
#527=VERTEX_POINT('',#1685);
#528=VERTEX_POINT('',#1687);
#529=VERTEX_POINT('',#1689);
#530=VERTEX_POINT('',#1691);
#531=VERTEX_POINT('',#1693);
#532=VERTEX_POINT('',#1695);
#533=VERTEX_POINT('',#1697);
#534=VERTEX_POINT('',#1699);
#535=VERTEX_POINT('',#1701);
#536=VERTEX_POINT('',#1703);
#537=VERTEX_POINT('',#1705);
#538=VERTEX_POINT('',#1707);
#539=VERTEX_POINT('',#1709);
#540=VERTEX_POINT('',#1711);
#541=VERTEX_POINT('',#1713);
#542=VERTEX_POINT('',#1715);
#543=VERTEX_POINT('',#1717);
#544=VERTEX_POINT('',#1719);
#545=VERTEX_POINT('',#1721);
#546=VERTEX_POINT('',#1723);
#547=VERTEX_POINT('',#1726);
#548=VERTEX_POINT('',#1728);
#549=VERTEX_POINT('',#1732);
#550=VERTEX_POINT('',#1736);
#551=VERTEX_POINT('',#1737);
#552=VERTEX_POINT('',#1739);
#553=VERTEX_POINT('',#1741);
#554=VERTEX_POINT('',#1743);
#555=VERTEX_POINT('',#1745);
#556=VERTEX_POINT('',#1796);
#557=VERTEX_POINT('',#1799);
#558=VERTEX_POINT('',#1826);
#559=VERTEX_POINT('',#1837);
#560=VERTEX_POINT('',#1859);
#561=VERTEX_POINT('',#1861);
#562=VERTEX_POINT('',#1870);
#563=VERTEX_POINT('',#1873);
#564=VERTEX_POINT('',#1876);
#565=VERTEX_POINT('',#1879);
#566=VERTEX_POINT('',#1884);
#567=VERTEX_POINT('',#1886);
#568=VERTEX_POINT('',#1890);
#569=VERTEX_POINT('',#1893);
#570=VERTEX_POINT('',#1895);
#571=VERTEX_POINT('',#1900);
#572=VERTEX_POINT('',#1901);
#573=VERTEX_POINT('',#1906);
#574=VERTEX_POINT('',#1911);
#575=VERTEX_POINT('',#1913);
#576=VERTEX_POINT('',#1918);
#577=VERTEX_POINT('',#1920);
#578=VERTEX_POINT('',#1924);
#579=VERTEX_POINT('',#1928);
#580=VERTEX_POINT('',#1932);
#581=VERTEX_POINT('',#1935);
#582=VERTEX_POINT('',#1937);
#583=VERTEX_POINT('',#1940);
#584=VERTEX_POINT('',#1944);
#585=VERTEX_POINT('',#1948);
#586=VERTEX_POINT('',#1952);
#587=VERTEX_POINT('',#1957);
#588=VERTEX_POINT('',#1959);
#589=VERTEX_POINT('',#1965);
#590=VERTEX_POINT('',#1967);
#591=VERTEX_POINT('',#1970);
#592=VERTEX_POINT('',#1972);
#593=VERTEX_POINT('',#1981);
#594=VERTEX_POINT('',#1985);
#595=VERTEX_POINT('',#1992);
#596=VERTEX_POINT('',#2008);
#597=EDGE_CURVE('',#493,#494,#485,.T.);
#598=EDGE_CURVE('',#494,#495,#479,.T.);
#599=EDGE_CURVE('',#495,#496,#486,.F.);
#600=EDGE_CURVE('',#496,#497,#480,.T.);
#601=EDGE_CURVE('',#497,#498,#487,.T.);
#602=EDGE_CURVE('',#498,#493,#488,.T.);
#603=EDGE_CURVE('',#499,#494,#61,.T.);
#604=EDGE_CURVE('',#499,#500,#62,.T.);
#605=EDGE_CURVE('',#500,#501,#63,.T.);
#606=EDGE_CURVE('',#501,#502,#64,.T.);
#607=EDGE_CURVE('',#502,#503,#65,.T.);
#608=EDGE_CURVE('',#503,#504,#66,.T.);
#609=EDGE_CURVE('',#504,#495,#67,.T.);
#610=EDGE_CURVE('',#505,#505,#43,.T.);
#611=EDGE_CURVE('',#493,#506,#68,.T.);
#612=EDGE_CURVE('',#506,#507,#69,.T.);
#613=EDGE_CURVE('',#507,#508,#70,.T.);
#614=EDGE_CURVE('',#508,#509,#71,.T.);
#615=EDGE_CURVE('',#509,#510,#72,.T.);
#616=EDGE_CURVE('',#510,#511,#73,.T.);
#617=EDGE_CURVE('',#511,#499,#74,.T.);
#618=EDGE_CURVE('',#512,#504,#75,.T.);
#619=EDGE_CURVE('',#512,#513,#76,.T.);
#620=EDGE_CURVE('',#514,#513,#77,.T.);
#621=EDGE_CURVE('',#496,#514,#44,.T.);
#622=EDGE_CURVE('',#515,#515,#45,.T.);
#623=EDGE_CURVE('',#503,#516,#78,.T.);
#624=EDGE_CURVE('',#512,#516,#79,.T.);
#625=EDGE_CURVE('',#517,#502,#80,.T.);
#626=EDGE_CURVE('',#516,#517,#81,.T.);
#627=EDGE_CURVE('',#518,#518,#46,.T.);
#628=EDGE_CURVE('',#519,#498,#82,.T.);
#629=EDGE_CURVE('',#519,#517,#83,.T.);
#630=EDGE_CURVE('',#520,#501,#84,.T.);
#631=EDGE_CURVE('',#521,#520,#85,.F.);
#632=EDGE_CURVE('',#522,#521,#86,.T.);
#633=EDGE_CURVE('',#523,#522,#87,.T.);
#634=EDGE_CURVE('',#524,#523,#88,.T.);
#635=EDGE_CURVE('',#524,#525,#489,.T.);
#636=EDGE_CURVE('',#526,#525,#89,.F.);
#637=EDGE_CURVE('',#527,#526,#90,.T.);
#638=EDGE_CURVE('',#528,#527,#91,.T.);
#639=EDGE_CURVE('',#529,#528,#92,.T.);
#640=EDGE_CURVE('',#530,#529,#93,.F.);
#641=EDGE_CURVE('',#531,#530,#94,.T.);
#642=EDGE_CURVE('',#532,#531,#95,.T.);
#643=EDGE_CURVE('',#533,#532,#96,.T.);
#644=EDGE_CURVE('',#534,#533,#97,.T.);
#645=EDGE_CURVE('',#534,#535,#98,.T.);
#646=EDGE_CURVE('',#536,#535,#99,.T.);
#647=EDGE_CURVE('',#537,#536,#100,.T.);
#648=EDGE_CURVE('',#538,#537,#101,.T.);
#649=EDGE_CURVE('',#538,#539,#102,.T.);
#650=EDGE_CURVE('',#539,#540,#103,.T.);
#651=EDGE_CURVE('',#540,#541,#104,.T.);
#652=EDGE_CURVE('',#542,#541,#105,.T.);
#653=EDGE_CURVE('',#542,#543,#106,.T.);
#654=EDGE_CURVE('',#543,#544,#107,.T.);
#655=EDGE_CURVE('',#544,#545,#108,.T.);
#656=EDGE_CURVE('',#545,#546,#109,.T.);
#657=EDGE_CURVE('',#546,#510,#110,.T.);
#658=EDGE_CURVE('',#509,#547,#111,.T.);
#659=EDGE_CURVE('',#547,#548,#112,.T.);
#660=EDGE_CURVE('',#548,#506,#113,.T.);
#661=EDGE_CURVE('',#500,#549,#114,.T.);
#662=EDGE_CURVE('',#520,#549,#115,.T.);
#663=EDGE_CURVE('',#550,#551,#47,.T.);
#664=EDGE_CURVE('',#552,#550,#116,.T.);
#665=EDGE_CURVE('',#553,#552,#117,.T.);
#666=EDGE_CURVE('',#553,#554,#118,.T.);
#667=EDGE_CURVE('',#555,#554,#119,.T.);
#668=EDGE_CURVE('',#555,#551,#490,.F.);
#669=EDGE_CURVE('',#556,#556,#48,.T.);
#670=EDGE_CURVE('',#557,#557,#49,.T.);
#671=EDGE_CURVE('',#557,#505,#120,.T.);
#672=EDGE_CURVE('',#525,#558,#491,.T.);
#673=EDGE_CURVE('',#559,#524,#492,.T.);
#674=EDGE_CURVE('',#551,#559,#481,.T.);
#675=EDGE_CURVE('',#558,#555,#482,.T.);
#676=EDGE_CURVE('',#523,#552,#121,.T.);
#677=EDGE_CURVE('',#559,#550,#483,.T.);
#678=EDGE_CURVE('',#560,#542,#122,.T.);
#679=EDGE_CURVE('',#560,#561,#123,.T.);
#680=EDGE_CURVE('',#543,#561,#124,.T.);
#681=EDGE_CURVE('',#518,#515,#125,.T.);
#682=EDGE_CURVE('',#514,#497,#484,.T.);
#683=EDGE_CURVE('',#519,#513,#126,.T.);
#684=EDGE_CURVE('',#562,#554,#127,.T.);
#685=EDGE_CURVE('',#562,#521,#128,.T.);
#686=EDGE_CURVE('',#563,#549,#129,.T.);
#687=EDGE_CURVE('',#563,#558,#130,.T.);
#688=EDGE_CURVE('',#564,#564,#50,.T.);
#689=EDGE_CURVE('',#565,#565,#51,.T.);
#690=EDGE_CURVE('',#565,#556,#131,.T.);
#691=EDGE_CURVE('',#566,#544,#132,.T.);
#692=EDGE_CURVE('',#566,#567,#133,.T.);
#693=EDGE_CURVE('',#545,#567,#134,.T.);
#694=EDGE_CURVE('',#567,#568,#135,.T.);
#695=EDGE_CURVE('',#568,#546,#136,.T.);
#696=EDGE_CURVE('',#569,#569,#52,.T.);
#697=EDGE_CURVE('',#570,#570,#53,.T.);
#698=EDGE_CURVE('',#568,#511,#137,.T.);
#699=EDGE_CURVE('',#571,#572,#138,.T.);
#700=EDGE_CURVE('',#572,#540,#139,.T.);
#701=EDGE_CURVE('',#571,#539,#140,.T.);
#702=EDGE_CURVE('',#572,#573,#141,.T.);
#703=EDGE_CURVE('',#573,#541,#142,.T.);
#704=EDGE_CURVE('',#573,#560,#143,.T.);
#705=EDGE_CURVE('',#574,#574,#54,.T.);
#706=EDGE_CURVE('',#575,#575,#55,.T.);
#707=EDGE_CURVE('',#561,#566,#144,.T.);
#708=EDGE_CURVE('',#535,#576,#145,.T.);
#709=EDGE_CURVE('',#534,#577,#146,.T.);
#710=EDGE_CURVE('',#577,#576,#147,.T.);
#711=EDGE_CURVE('',#578,#533,#148,.T.);
#712=EDGE_CURVE('',#577,#578,#149,.T.);
#713=EDGE_CURVE('',#532,#579,#150,.T.);
#714=EDGE_CURVE('',#578,#579,#151,.T.);
#715=EDGE_CURVE('',#579,#580,#152,.T.);
#716=EDGE_CURVE('',#580,#531,#153,.T.);
#717=EDGE_CURVE('',#581,#581,#56,.T.);
#718=EDGE_CURVE('',#582,#582,#57,.T.);
#719=EDGE_CURVE('',#583,#530,#154,.T.);
#720=EDGE_CURVE('',#580,#583,#155,.T.);
#721=EDGE_CURVE('',#584,#571,#156,.T.);
#722=EDGE_CURVE('',#584,#538,#157,.T.);
#723=EDGE_CURVE('',#585,#537,#158,.T.);
#724=EDGE_CURVE('',#584,#585,#159,.T.);
#725=EDGE_CURVE('',#585,#586,#160,.T.);
#726=EDGE_CURVE('',#576,#586,#161,.T.);
#727=EDGE_CURVE('',#583,#563,#162,.T.);
#728=EDGE_CURVE('',#529,#587,#163,.T.);
#729=EDGE_CURVE('',#587,#588,#164,.F.);
#730=EDGE_CURVE('',#588,#526,#165,.F.);
#731=EDGE_CURVE('',#586,#536,#166,.T.);
#732=EDGE_CURVE('',#589,#589,#58,.T.);
#733=EDGE_CURVE('',#590,#590,#59,.T.);
#734=EDGE_CURVE('',#591,#507,#167,.T.);
#735=EDGE_CURVE('',#592,#591,#168,.T.);
#736=EDGE_CURVE('',#508,#592,#169,.T.);
#737=EDGE_CURVE('',#592,#547,#170,.T.);
#738=EDGE_CURVE('',#591,#548,#171,.T.);
#739=EDGE_CURVE('',#593,#588,#172,.T.);
#740=EDGE_CURVE('',#593,#527,#173,.T.);
#741=EDGE_CURVE('',#587,#594,#174,.T.);
#742=EDGE_CURVE('',#594,#593,#175,.T.);
#743=EDGE_CURVE('',#594,#528,#176,.T.);
#744=EDGE_CURVE('',#562,#595,#177,.T.);
#745=EDGE_CURVE('',#595,#522,#178,.T.);
#746=EDGE_CURVE('',#553,#595,#179,.T.);
#747=EDGE_CURVE('',#582,#590,#180,.T.);
#748=EDGE_CURVE('',#581,#589,#181,.T.);
#749=EDGE_CURVE('',#575,#570,#182,.T.);
#750=EDGE_CURVE('',#574,#569,#183,.T.);
#751=EDGE_CURVE('',#596,#596,#60,.T.);
#752=EDGE_CURVE('',#596,#564,#184,.T.);
#753=ORIENTED_EDGE('',*,*,#597,.T.);
#754=ORIENTED_EDGE('',*,*,#598,.T.);
#755=ORIENTED_EDGE('',*,*,#599,.T.);
#756=ORIENTED_EDGE('',*,*,#600,.T.);
#757=ORIENTED_EDGE('',*,*,#601,.T.);
#758=ORIENTED_EDGE('',*,*,#602,.T.);
#759=ORIENTED_EDGE('',*,*,#598,.F.);
#760=ORIENTED_EDGE('',*,*,#603,.F.);
#761=ORIENTED_EDGE('',*,*,#604,.T.);
#762=ORIENTED_EDGE('',*,*,#605,.T.);
#763=ORIENTED_EDGE('',*,*,#606,.T.);
#764=ORIENTED_EDGE('',*,*,#607,.T.);
#765=ORIENTED_EDGE('',*,*,#608,.T.);
#766=ORIENTED_EDGE('',*,*,#609,.T.);
#767=ORIENTED_EDGE('',*,*,#610,.T.);
#768=ORIENTED_EDGE('',*,*,#597,.F.);
#769=ORIENTED_EDGE('',*,*,#611,.T.);
#770=ORIENTED_EDGE('',*,*,#612,.T.);
#771=ORIENTED_EDGE('',*,*,#613,.T.);
#772=ORIENTED_EDGE('',*,*,#614,.T.);
#773=ORIENTED_EDGE('',*,*,#615,.T.);
#774=ORIENTED_EDGE('',*,*,#616,.T.);
#775=ORIENTED_EDGE('',*,*,#617,.T.);
#776=ORIENTED_EDGE('',*,*,#603,.T.);
#777=ORIENTED_EDGE('',*,*,#609,.F.);
#778=ORIENTED_EDGE('',*,*,#618,.F.);
#779=ORIENTED_EDGE('',*,*,#619,.T.);
#780=ORIENTED_EDGE('',*,*,#620,.F.);
#781=ORIENTED_EDGE('',*,*,#621,.F.);
#782=ORIENTED_EDGE('',*,*,#599,.F.);
#783=ORIENTED_EDGE('',*,*,#622,.T.);
#784=ORIENTED_EDGE('',*,*,#608,.F.);
#785=ORIENTED_EDGE('',*,*,#623,.T.);
#786=ORIENTED_EDGE('',*,*,#624,.F.);
#787=ORIENTED_EDGE('',*,*,#618,.T.);
#788=ORIENTED_EDGE('',*,*,#607,.F.);
#789=ORIENTED_EDGE('',*,*,#625,.F.);
#790=ORIENTED_EDGE('',*,*,#626,.F.);
#791=ORIENTED_EDGE('',*,*,#623,.F.);
#792=ORIENTED_EDGE('',*,*,#627,.T.);
#793=ORIENTED_EDGE('',*,*,#611,.F.);
#794=ORIENTED_EDGE('',*,*,#602,.F.);
#795=ORIENTED_EDGE('',*,*,#628,.F.);
#796=ORIENTED_EDGE('',*,*,#629,.T.);
#797=ORIENTED_EDGE('',*,*,#625,.T.);
#798=ORIENTED_EDGE('',*,*,#606,.F.);
#799=ORIENTED_EDGE('',*,*,#630,.F.);
#800=ORIENTED_EDGE('',*,*,#631,.F.);
#801=ORIENTED_EDGE('',*,*,#632,.F.);
#802=ORIENTED_EDGE('',*,*,#633,.F.);
#803=ORIENTED_EDGE('',*,*,#634,.F.);
#804=ORIENTED_EDGE('',*,*,#635,.T.);
#805=ORIENTED_EDGE('',*,*,#636,.F.);
#806=ORIENTED_EDGE('',*,*,#637,.F.);
#807=ORIENTED_EDGE('',*,*,#638,.F.);
#808=ORIENTED_EDGE('',*,*,#639,.F.);
#809=ORIENTED_EDGE('',*,*,#640,.F.);
#810=ORIENTED_EDGE('',*,*,#641,.F.);
#811=ORIENTED_EDGE('',*,*,#642,.F.);
#812=ORIENTED_EDGE('',*,*,#643,.F.);
#813=ORIENTED_EDGE('',*,*,#644,.F.);
#814=ORIENTED_EDGE('',*,*,#645,.T.);
#815=ORIENTED_EDGE('',*,*,#646,.F.);
#816=ORIENTED_EDGE('',*,*,#647,.F.);
#817=ORIENTED_EDGE('',*,*,#648,.F.);
#818=ORIENTED_EDGE('',*,*,#649,.T.);
#819=ORIENTED_EDGE('',*,*,#650,.T.);
#820=ORIENTED_EDGE('',*,*,#651,.T.);
#821=ORIENTED_EDGE('',*,*,#652,.F.);
#822=ORIENTED_EDGE('',*,*,#653,.T.);
#823=ORIENTED_EDGE('',*,*,#654,.T.);
#824=ORIENTED_EDGE('',*,*,#655,.T.);
#825=ORIENTED_EDGE('',*,*,#656,.T.);
#826=ORIENTED_EDGE('',*,*,#657,.T.);
#827=ORIENTED_EDGE('',*,*,#615,.F.);
#828=ORIENTED_EDGE('',*,*,#658,.T.);
#829=ORIENTED_EDGE('',*,*,#659,.T.);
#830=ORIENTED_EDGE('',*,*,#660,.T.);
#831=ORIENTED_EDGE('',*,*,#605,.F.);
#832=ORIENTED_EDGE('',*,*,#661,.T.);
#833=ORIENTED_EDGE('',*,*,#662,.F.);
#834=ORIENTED_EDGE('',*,*,#630,.T.);
#835=ORIENTED_EDGE('',*,*,#663,.F.);
#836=ORIENTED_EDGE('',*,*,#664,.F.);
#837=ORIENTED_EDGE('',*,*,#665,.F.);
#838=ORIENTED_EDGE('',*,*,#666,.T.);
#839=ORIENTED_EDGE('',*,*,#667,.F.);
#840=ORIENTED_EDGE('',*,*,#668,.T.);
#841=ORIENTED_EDGE('',*,*,#669,.F.);
#842=ORIENTED_EDGE('',*,*,#670,.T.);
#843=ORIENTED_EDGE('',*,*,#671,.T.);
#844=ORIENTED_EDGE('',*,*,#610,.F.);
#845=ORIENTED_EDGE('',*,*,#671,.F.);
#846=ORIENTED_EDGE('',*,*,#672,.F.);
#847=ORIENTED_EDGE('',*,*,#635,.F.);
#848=ORIENTED_EDGE('',*,*,#673,.F.);
#849=ORIENTED_EDGE('',*,*,#674,.F.);
#850=ORIENTED_EDGE('',*,*,#668,.F.);
#851=ORIENTED_EDGE('',*,*,#675,.F.);
#852=ORIENTED_EDGE('',*,*,#673,.T.);
#853=ORIENTED_EDGE('',*,*,#634,.T.);
#854=ORIENTED_EDGE('',*,*,#676,.T.);
#855=ORIENTED_EDGE('',*,*,#664,.T.);
#856=ORIENTED_EDGE('',*,*,#677,.F.);
#857=ORIENTED_EDGE('',*,*,#674,.T.);
#858=ORIENTED_EDGE('',*,*,#677,.T.);
#859=ORIENTED_EDGE('',*,*,#663,.T.);
#860=ORIENTED_EDGE('',*,*,#678,.F.);
#861=ORIENTED_EDGE('',*,*,#679,.T.);
#862=ORIENTED_EDGE('',*,*,#680,.F.);
#863=ORIENTED_EDGE('',*,*,#653,.F.);
#864=ORIENTED_EDGE('',*,*,#627,.F.);
#865=ORIENTED_EDGE('',*,*,#681,.T.);
#866=ORIENTED_EDGE('',*,*,#622,.F.);
#867=ORIENTED_EDGE('',*,*,#681,.F.);
#868=ORIENTED_EDGE('',*,*,#601,.F.);
#869=ORIENTED_EDGE('',*,*,#682,.F.);
#870=ORIENTED_EDGE('',*,*,#620,.T.);
#871=ORIENTED_EDGE('',*,*,#683,.F.);
#872=ORIENTED_EDGE('',*,*,#628,.T.);
#873=ORIENTED_EDGE('',*,*,#675,.T.);
#874=ORIENTED_EDGE('',*,*,#667,.T.);
#875=ORIENTED_EDGE('',*,*,#684,.F.);
#876=ORIENTED_EDGE('',*,*,#685,.T.);
#877=ORIENTED_EDGE('',*,*,#631,.T.);
#878=ORIENTED_EDGE('',*,*,#662,.T.);
#879=ORIENTED_EDGE('',*,*,#686,.F.);
#880=ORIENTED_EDGE('',*,*,#687,.T.);
#881=ORIENTED_EDGE('',*,*,#688,.T.);
#882=ORIENTED_EDGE('',*,*,#689,.T.);
#883=ORIENTED_EDGE('',*,*,#690,.T.);
#884=ORIENTED_EDGE('',*,*,#669,.T.);
#885=ORIENTED_EDGE('',*,*,#690,.F.);
#886=ORIENTED_EDGE('',*,*,#629,.F.);
#887=ORIENTED_EDGE('',*,*,#683,.T.);
#888=ORIENTED_EDGE('',*,*,#619,.F.);
#889=ORIENTED_EDGE('',*,*,#624,.T.);
#890=ORIENTED_EDGE('',*,*,#626,.T.);
#891=ORIENTED_EDGE('',*,*,#691,.F.);
#892=ORIENTED_EDGE('',*,*,#692,.T.);
#893=ORIENTED_EDGE('',*,*,#693,.F.);
#894=ORIENTED_EDGE('',*,*,#655,.F.);
#895=ORIENTED_EDGE('',*,*,#694,.T.);
#896=ORIENTED_EDGE('',*,*,#695,.T.);
#897=ORIENTED_EDGE('',*,*,#656,.F.);
#898=ORIENTED_EDGE('',*,*,#693,.T.);
#899=ORIENTED_EDGE('',*,*,#696,.T.);
#900=ORIENTED_EDGE('',*,*,#697,.T.);
#901=ORIENTED_EDGE('',*,*,#616,.F.);
#902=ORIENTED_EDGE('',*,*,#657,.F.);
#903=ORIENTED_EDGE('',*,*,#695,.F.);
#904=ORIENTED_EDGE('',*,*,#698,.T.);
#905=ORIENTED_EDGE('',*,*,#699,.T.);
#906=ORIENTED_EDGE('',*,*,#700,.T.);
#907=ORIENTED_EDGE('',*,*,#650,.F.);
#908=ORIENTED_EDGE('',*,*,#701,.F.);
#909=ORIENTED_EDGE('',*,*,#700,.F.);
#910=ORIENTED_EDGE('',*,*,#702,.T.);
#911=ORIENTED_EDGE('',*,*,#703,.T.);
#912=ORIENTED_EDGE('',*,*,#651,.F.);
#913=ORIENTED_EDGE('',*,*,#703,.F.);
#914=ORIENTED_EDGE('',*,*,#704,.T.);
#915=ORIENTED_EDGE('',*,*,#678,.T.);
#916=ORIENTED_EDGE('',*,*,#652,.T.);
#917=ORIENTED_EDGE('',*,*,#705,.F.);
#918=ORIENTED_EDGE('',*,*,#706,.F.);
#919=ORIENTED_EDGE('',*,*,#680,.T.);
#920=ORIENTED_EDGE('',*,*,#707,.T.);
#921=ORIENTED_EDGE('',*,*,#691,.T.);
#922=ORIENTED_EDGE('',*,*,#654,.F.);
#923=ORIENTED_EDGE('',*,*,#708,.F.);
#924=ORIENTED_EDGE('',*,*,#645,.F.);
#925=ORIENTED_EDGE('',*,*,#709,.T.);
#926=ORIENTED_EDGE('',*,*,#710,.T.);
#927=ORIENTED_EDGE('',*,*,#709,.F.);
#928=ORIENTED_EDGE('',*,*,#644,.T.);
#929=ORIENTED_EDGE('',*,*,#711,.F.);
#930=ORIENTED_EDGE('',*,*,#712,.F.);
#931=ORIENTED_EDGE('',*,*,#711,.T.);
#932=ORIENTED_EDGE('',*,*,#643,.T.);
#933=ORIENTED_EDGE('',*,*,#713,.T.);
#934=ORIENTED_EDGE('',*,*,#714,.F.);
#935=ORIENTED_EDGE('',*,*,#715,.F.);
#936=ORIENTED_EDGE('',*,*,#713,.F.);
#937=ORIENTED_EDGE('',*,*,#642,.T.);
#938=ORIENTED_EDGE('',*,*,#716,.F.);
#939=ORIENTED_EDGE('',*,*,#717,.T.);
#940=ORIENTED_EDGE('',*,*,#718,.T.);
#941=ORIENTED_EDGE('',*,*,#716,.T.);
#942=ORIENTED_EDGE('',*,*,#641,.T.);
#943=ORIENTED_EDGE('',*,*,#719,.F.);
#944=ORIENTED_EDGE('',*,*,#720,.F.);
#945=ORIENTED_EDGE('',*,*,#721,.T.);
#946=ORIENTED_EDGE('',*,*,#701,.T.);
#947=ORIENTED_EDGE('',*,*,#649,.F.);
#948=ORIENTED_EDGE('',*,*,#722,.F.);
#949=ORIENTED_EDGE('',*,*,#722,.T.);
#950=ORIENTED_EDGE('',*,*,#648,.T.);
#951=ORIENTED_EDGE('',*,*,#723,.F.);
#952=ORIENTED_EDGE('',*,*,#724,.F.);
#953=ORIENTED_EDGE('',*,*,#617,.F.);
#954=ORIENTED_EDGE('',*,*,#698,.F.);
#955=ORIENTED_EDGE('',*,*,#694,.F.);
#956=ORIENTED_EDGE('',*,*,#692,.F.);
#957=ORIENTED_EDGE('',*,*,#707,.F.);
#958=ORIENTED_EDGE('',*,*,#679,.F.);
#959=ORIENTED_EDGE('',*,*,#704,.F.);
#960=ORIENTED_EDGE('',*,*,#702,.F.);
#961=ORIENTED_EDGE('',*,*,#699,.F.);
#962=ORIENTED_EDGE('',*,*,#721,.F.);
#963=ORIENTED_EDGE('',*,*,#724,.T.);
#964=ORIENTED_EDGE('',*,*,#725,.T.);
#965=ORIENTED_EDGE('',*,*,#726,.F.);
#966=ORIENTED_EDGE('',*,*,#710,.F.);
#967=ORIENTED_EDGE('',*,*,#712,.T.);
#968=ORIENTED_EDGE('',*,*,#714,.T.);
#969=ORIENTED_EDGE('',*,*,#715,.T.);
#970=ORIENTED_EDGE('',*,*,#720,.T.);
#971=ORIENTED_EDGE('',*,*,#727,.T.);
#972=ORIENTED_EDGE('',*,*,#686,.T.);
#973=ORIENTED_EDGE('',*,*,#661,.F.);
#974=ORIENTED_EDGE('',*,*,#604,.F.);
#975=ORIENTED_EDGE('',*,*,#672,.T.);
#976=ORIENTED_EDGE('',*,*,#687,.F.);
#977=ORIENTED_EDGE('',*,*,#727,.F.);
#978=ORIENTED_EDGE('',*,*,#719,.T.);
#979=ORIENTED_EDGE('',*,*,#640,.T.);
#980=ORIENTED_EDGE('',*,*,#728,.T.);
#981=ORIENTED_EDGE('',*,*,#729,.T.);
#982=ORIENTED_EDGE('',*,*,#730,.T.);
#983=ORIENTED_EDGE('',*,*,#636,.T.);
#984=ORIENTED_EDGE('',*,*,#723,.T.);
#985=ORIENTED_EDGE('',*,*,#647,.T.);
#986=ORIENTED_EDGE('',*,*,#731,.F.);
#987=ORIENTED_EDGE('',*,*,#725,.F.);
#988=ORIENTED_EDGE('',*,*,#731,.T.);
#989=ORIENTED_EDGE('',*,*,#646,.T.);
#990=ORIENTED_EDGE('',*,*,#708,.T.);
#991=ORIENTED_EDGE('',*,*,#726,.T.);
#992=ORIENTED_EDGE('',*,*,#732,.F.);
#993=ORIENTED_EDGE('',*,*,#733,.F.);
#994=ORIENTED_EDGE('',*,*,#613,.F.);
#995=ORIENTED_EDGE('',*,*,#734,.F.);
#996=ORIENTED_EDGE('',*,*,#735,.F.);
#997=ORIENTED_EDGE('',*,*,#736,.F.);
#998=ORIENTED_EDGE('',*,*,#614,.F.);
#999=ORIENTED_EDGE('',*,*,#736,.T.);
#1000=ORIENTED_EDGE('',*,*,#737,.T.);
#1001=ORIENTED_EDGE('',*,*,#658,.F.);
#1002=ORIENTED_EDGE('',*,*,#737,.F.);
#1003=ORIENTED_EDGE('',*,*,#735,.T.);
#1004=ORIENTED_EDGE('',*,*,#738,.T.);
#1005=ORIENTED_EDGE('',*,*,#659,.F.);
#1006=ORIENTED_EDGE('',*,*,#612,.F.);
#1007=ORIENTED_EDGE('',*,*,#660,.F.);
#1008=ORIENTED_EDGE('',*,*,#738,.F.);
#1009=ORIENTED_EDGE('',*,*,#734,.T.);
#1010=ORIENTED_EDGE('',*,*,#739,.F.);
#1011=ORIENTED_EDGE('',*,*,#740,.T.);
#1012=ORIENTED_EDGE('',*,*,#637,.T.);
#1013=ORIENTED_EDGE('',*,*,#730,.F.);
#1014=ORIENTED_EDGE('',*,*,#741,.T.);
#1015=ORIENTED_EDGE('',*,*,#742,.T.);
#1016=ORIENTED_EDGE('',*,*,#739,.T.);
#1017=ORIENTED_EDGE('',*,*,#729,.F.);
#1018=ORIENTED_EDGE('',*,*,#639,.T.);
#1019=ORIENTED_EDGE('',*,*,#743,.F.);
#1020=ORIENTED_EDGE('',*,*,#741,.F.);
#1021=ORIENTED_EDGE('',*,*,#728,.F.);
#1022=ORIENTED_EDGE('',*,*,#743,.T.);
#1023=ORIENTED_EDGE('',*,*,#638,.T.);
#1024=ORIENTED_EDGE('',*,*,#740,.F.);
#1025=ORIENTED_EDGE('',*,*,#742,.F.);
#1026=ORIENTED_EDGE('',*,*,#632,.T.);
#1027=ORIENTED_EDGE('',*,*,#685,.F.);
#1028=ORIENTED_EDGE('',*,*,#744,.T.);
#1029=ORIENTED_EDGE('',*,*,#745,.T.);
#1030=ORIENTED_EDGE('',*,*,#689,.F.);
#1031=ORIENTED_EDGE('',*,*,#746,.T.);
#1032=ORIENTED_EDGE('',*,*,#744,.F.);
#1033=ORIENTED_EDGE('',*,*,#684,.T.);
#1034=ORIENTED_EDGE('',*,*,#666,.F.);
#1035=ORIENTED_EDGE('',*,*,#633,.T.);
#1036=ORIENTED_EDGE('',*,*,#745,.F.);
#1037=ORIENTED_EDGE('',*,*,#746,.F.);
#1038=ORIENTED_EDGE('',*,*,#665,.T.);
#1039=ORIENTED_EDGE('',*,*,#676,.F.);
#1040=ORIENTED_EDGE('',*,*,#718,.F.);
#1041=ORIENTED_EDGE('',*,*,#747,.T.);
#1042=ORIENTED_EDGE('',*,*,#733,.T.);
#1043=ORIENTED_EDGE('',*,*,#747,.F.);
#1044=ORIENTED_EDGE('',*,*,#717,.F.);
#1045=ORIENTED_EDGE('',*,*,#748,.T.);
#1046=ORIENTED_EDGE('',*,*,#732,.T.);
#1047=ORIENTED_EDGE('',*,*,#748,.F.);
#1048=ORIENTED_EDGE('',*,*,#706,.T.);
#1049=ORIENTED_EDGE('',*,*,#749,.T.);
#1050=ORIENTED_EDGE('',*,*,#697,.F.);
#1051=ORIENTED_EDGE('',*,*,#749,.F.);
#1052=ORIENTED_EDGE('',*,*,#705,.T.);
#1053=ORIENTED_EDGE('',*,*,#750,.T.);
#1054=ORIENTED_EDGE('',*,*,#696,.F.);
#1055=ORIENTED_EDGE('',*,*,#750,.F.);
#1056=ORIENTED_EDGE('',*,*,#600,.F.);
#1057=ORIENTED_EDGE('',*,*,#621,.T.);
#1058=ORIENTED_EDGE('',*,*,#682,.T.);
#1059=ORIENTED_EDGE('',*,*,#751,.T.);
#1060=ORIENTED_EDGE('',*,*,#752,.T.);
#1061=ORIENTED_EDGE('',*,*,#688,.F.);
#1062=ORIENTED_EDGE('',*,*,#752,.F.);
#1063=ORIENTED_EDGE('',*,*,#751,.F.);
#1064=ORIENTED_EDGE('',*,*,#670,.F.);
#1065=B_SPLINE_SURFACE_WITH_KNOTS('',3,3,((#1505,#1506,#1507,#1508),(#1509,
#1510,#1511,#1512),(#1513,#1514,#1515,#1516),(#1517,#1518,#1519,#1520),
(#1521,#1522,#1523,#1524),(#1525,#1526,#1527,#1528)),.UNSPECIFIED.,.F.,
 .F.,.F.,(4,1,1,4),(4,4),(0.,0.285714285714286,0.571428571428571,1.),(0.956574293697028,
1.07892833602977),.UNSPECIFIED.);
#1066=B_SPLINE_SURFACE_WITH_KNOTS('',3,3,((#1802,#1803,#1804,#1805),(#1806,
#1807,#1808,#1809),(#1810,#1811,#1812,#1813),(#1814,#1815,#1816,#1817),
(#1818,#1819,#1820,#1821),(#1822,#1823,#1824,#1825)),.UNSPECIFIED.,.F.,
 .F.,.F.,(4,1,1,4),(4,4),(0.,0.285714285714286,0.571428571428571,1.),(0.956574293697028,
1.07892833602977),.UNSPECIFIED.);
#1067=ADVANCED_FACE('',(#353),#1065,.F.);
#1068=ADVANCED_FACE('',(#354,#29),#309,.T.);
#1069=ADVANCED_FACE('',(#355),#310,.T.);
#1070=ADVANCED_FACE('',(#356,#30),#311,.T.);
#1071=ADVANCED_FACE('',(#357),#312,.F.);
#1072=ADVANCED_FACE('',(#358,#31),#313,.T.);
#1073=ADVANCED_FACE('',(#359),#314,.F.);
#1074=ADVANCED_FACE('',(#360),#315,.T.);
#1075=ADVANCED_FACE('',(#361,#32),#316,.T.);
#1076=ADVANCED_FACE('',(#362),#19,.F.);
#1077=ADVANCED_FACE('',(#363),#1066,.T.);
#1078=ADVANCED_FACE('',(#364),#317,.T.);
#1079=ADVANCED_FACE('',(#365),#20,.F.);
#1080=ADVANCED_FACE('',(#366),#318,.T.);
#1081=ADVANCED_FACE('',(#367),#21,.F.);
#1082=ADVANCED_FACE('',(#368),#319,.T.);
#1083=ADVANCED_FACE('',(#369,#33),#320,.F.);
#1084=ADVANCED_FACE('',(#370),#22,.F.);
#1085=ADVANCED_FACE('',(#371),#321,.F.);
#1086=ADVANCED_FACE('',(#372),#322,.F.);
#1087=ADVANCED_FACE('',(#373,#34,#35),#323,.F.);
#1088=ADVANCED_FACE('',(#374),#324,.T.);
#1089=ADVANCED_FACE('',(#375),#325,.T.);
#1090=ADVANCED_FACE('',(#376),#326,.F.);
#1091=ADVANCED_FACE('',(#377,#36,#37),#327,.T.);
#1092=ADVANCED_FACE('',(#378),#328,.T.);
#1093=ADVANCED_FACE('',(#379),#329,.T.);
#1094=ADVANCED_FACE('',(#380),#330,.T.);
#1095=ADVANCED_FACE('',(#381),#331,.F.);
#1096=ADVANCED_FACE('',(#382,#38,#39),#332,.F.);
#1097=ADVANCED_FACE('',(#383),#333,.T.);
#1098=ADVANCED_FACE('',(#384),#334,.F.);
#1099=ADVANCED_FACE('',(#385),#335,.T.);
#1100=ADVANCED_FACE('',(#386),#336,.F.);
#1101=ADVANCED_FACE('',(#387),#337,.F.);
#1102=ADVANCED_FACE('',(#388),#338,.F.);
#1103=ADVANCED_FACE('',(#389,#40,#41),#339,.T.);
#1104=ADVANCED_FACE('',(#390),#340,.F.);
#1105=ADVANCED_FACE('',(#391),#341,.T.);
#1106=ADVANCED_FACE('',(#392),#342,.T.);
#1107=ADVANCED_FACE('',(#393),#343,.F.);
#1108=ADVANCED_FACE('',(#394),#344,.F.);
#1109=ADVANCED_FACE('',(#395),#345,.F.);
#1110=ADVANCED_FACE('',(#396),#346,.T.);
#1111=ADVANCED_FACE('',(#397),#347,.T.);
#1112=ADVANCED_FACE('',(#398,#42),#348,.T.);
#1113=ADVANCED_FACE('',(#399),#349,.F.);
#1114=ADVANCED_FACE('',(#400),#350,.F.);
#1115=ADVANCED_FACE('',(#401),#23,.F.);
#1116=ADVANCED_FACE('',(#402),#24,.F.);
#1117=ADVANCED_FACE('',(#403),#25,.F.);
#1118=ADVANCED_FACE('',(#404),#26,.F.);
#1119=ADVANCED_FACE('',(#405),#27,.F.);
#1120=ADVANCED_FACE('',(#406),#28,.F.);
#1121=ADVANCED_FACE('',(#407),#351,.F.);
#1122=ADVANCED_FACE('',(#408),#352,.F.);
#1123=CLOSED_SHELL('',(#1067,#1068,#1069,#1070,#1071,#1072,#1073,#1074,
#1075,#1076,#1077,#1078,#1079,#1080,#1081,#1082,#1083,#1084,#1085,#1086,
#1087,#1088,#1089,#1090,#1091,#1092,#1093,#1094,#1095,#1096,#1097,#1098,
#1099,#1100,#1101,#1102,#1103,#1104,#1105,#1106,#1107,#1108,#1109,#1110,
#1111,#1112,#1113,#1114,#1115,#1116,#1117,#1118,#1119,#1120,#1121,#1122));
#1124=DERIVED_UNIT_ELEMENT(#1126,1.);
#1125=DERIVED_UNIT_ELEMENT(#2021,-3.);
#1126=(
MASS_UNIT()
NAMED_UNIT(*)
SI_UNIT(.KILO.,.GRAM.)
);
#1127=DERIVED_UNIT((#1124,#1125));
#1128=MEASURE_REPRESENTATION_ITEM('density measure',
POSITIVE_RATIO_MEASURE(7850.),#1127);
#1129=PROPERTY_DEFINITION_REPRESENTATION(#1134,#1131);
#1130=PROPERTY_DEFINITION_REPRESENTATION(#1135,#1132);
#1131=REPRESENTATION('material name',(#1133),#2018);
#1132=REPRESENTATION('density',(#1128),#2018);
#1133=DESCRIPTIVE_REPRESENTATION_ITEM('Steel','Steel');
#1134=PROPERTY_DEFINITION('material property','material name',#2033);
#1135=PROPERTY_DEFINITION('material property','density of part',#2033);
#1136=AXIS2_PLACEMENT_3D('',#1503,#1217,#1218);
#1137=AXIS2_PLACEMENT_3D('',#1504,#1219,#1220);
#1138=AXIS2_PLACEMENT_3D('',#1542,#1221,#1222);
#1139=AXIS2_PLACEMENT_3D('',#1594,#1223,#1224);
#1140=AXIS2_PLACEMENT_3D('',#1614,#1225,#1226);
#1141=AXIS2_PLACEMENT_3D('',#1629,#1234,#1235);
#1142=AXIS2_PLACEMENT_3D('',#1630,#1236,#1237);
#1143=AXIS2_PLACEMENT_3D('',#1644,#1245,#1246);
#1144=AXIS2_PLACEMENT_3D('',#1651,#1250,#1251);
#1145=AXIS2_PLACEMENT_3D('',#1653,#1252,#1253);
#1146=AXIS2_PLACEMENT_3D('',#1654,#1254,#1255);
#1147=AXIS2_PLACEMENT_3D('',#1658,#1258,#1259);
#1148=AXIS2_PLACEMENT_3D('',#1663,#1262,#1263);
#1149=AXIS2_PLACEMENT_3D('',#1664,#1264,#1265);
#1150=AXIS2_PLACEMENT_3D('',#1731,#1298,#1299);
#1151=AXIS2_PLACEMENT_3D('',#1735,#1302,#1303);
#1152=AXIS2_PLACEMENT_3D('',#1738,#1304,#1305);
#1153=AXIS2_PLACEMENT_3D('',#1797,#1310,#1311);
#1154=AXIS2_PLACEMENT_3D('',#1798,#1312,#1313);
#1155=AXIS2_PLACEMENT_3D('',#1800,#1314,#1315);
#1156=AXIS2_PLACEMENT_3D('',#1852,#1317,#1318);
#1157=AXIS2_PLACEMENT_3D('',#1853,#1319,#1320);
#1158=AXIS2_PLACEMENT_3D('',#1854,#1321,#1322);
#1159=AXIS2_PLACEMENT_3D('',#1856,#1324,#1325);
#1160=AXIS2_PLACEMENT_3D('',#1857,#1326,#1327);
#1161=AXIS2_PLACEMENT_3D('',#1858,#1328,#1329);
#1162=AXIS2_PLACEMENT_3D('',#1864,#1333,#1334);
#1163=AXIS2_PLACEMENT_3D('',#1866,#1336,#1337);
#1164=AXIS2_PLACEMENT_3D('',#1867,#1338,#1339);
#1165=AXIS2_PLACEMENT_3D('',#1869,#1341,#1342);
#1166=AXIS2_PLACEMENT_3D('',#1877,#1347,#1348);
#1167=AXIS2_PLACEMENT_3D('',#1878,#1349,#1350);
#1168=AXIS2_PLACEMENT_3D('',#1880,#1351,#1352);
#1169=AXIS2_PLACEMENT_3D('',#1882,#1354,#1355);
#1170=AXIS2_PLACEMENT_3D('',#1883,#1356,#1357);
#1171=AXIS2_PLACEMENT_3D('',#1889,#1361,#1362);
#1172=AXIS2_PLACEMENT_3D('',#1894,#1365,#1366);
#1173=AXIS2_PLACEMENT_3D('',#1896,#1367,#1368);
#1174=AXIS2_PLACEMENT_3D('',#1897,#1369,#1370);
#1175=AXIS2_PLACEMENT_3D('',#1899,#1372,#1373);
#1176=AXIS2_PLACEMENT_3D('',#1905,#1377,#1378);
#1177=AXIS2_PLACEMENT_3D('',#1909,#1381,#1382);
#1178=AXIS2_PLACEMENT_3D('',#1912,#1384,#1385);
#1179=AXIS2_PLACEMENT_3D('',#1914,#1386,#1387);
#1180=AXIS2_PLACEMENT_3D('',#1915,#1388,#1389);
#1181=AXIS2_PLACEMENT_3D('',#1917,#1391,#1392);
#1182=AXIS2_PLACEMENT_3D('',#1923,#1396,#1397);
#1183=AXIS2_PLACEMENT_3D('',#1927,#1400,#1401);
#1184=AXIS2_PLACEMENT_3D('',#1931,#1404,#1405);
#1185=AXIS2_PLACEMENT_3D('',#1936,#1408,#1409);
#1186=AXIS2_PLACEMENT_3D('',#1938,#1410,#1411);
#1187=AXIS2_PLACEMENT_3D('',#1939,#1412,#1413);
#1188=AXIS2_PLACEMENT_3D('',#1943,#1416,#1417);
#1189=AXIS2_PLACEMENT_3D('',#1947,#1420,#1421);
#1190=AXIS2_PLACEMENT_3D('',#1951,#1424,#1425);
#1191=AXIS2_PLACEMENT_3D('',#1956,#1429,#1430);
#1192=AXIS2_PLACEMENT_3D('',#1962,#1434,#1435);
#1193=AXIS2_PLACEMENT_3D('',#1964,#1437,#1438);
#1194=AXIS2_PLACEMENT_3D('',#1966,#1439,#1440);
#1195=AXIS2_PLACEMENT_3D('',#1968,#1441,#1442);
#1196=AXIS2_PLACEMENT_3D('',#1969,#1443,#1444);
#1197=AXIS2_PLACEMENT_3D('',#1975,#1448,#1449);
#1198=AXIS2_PLACEMENT_3D('',#1977,#1451,#1452);
#1199=AXIS2_PLACEMENT_3D('',#1979,#1454,#1455);
#1200=AXIS2_PLACEMENT_3D('',#1980,#1456,#1457);
#1201=AXIS2_PLACEMENT_3D('',#1984,#1460,#1461);
#1202=AXIS2_PLACEMENT_3D('',#1988,#1464,#1465);
#1203=AXIS2_PLACEMENT_3D('',#1990,#1467,#1468);
#1204=AXIS2_PLACEMENT_3D('',#1991,#1469,#1470);
#1205=AXIS2_PLACEMENT_3D('',#1995,#1473,#1474);
#1206=AXIS2_PLACEMENT_3D('',#1997,#1476,#1477);
#1207=AXIS2_PLACEMENT_3D('',#1998,#1478,#1479);
#1208=AXIS2_PLACEMENT_3D('',#2000,#1481,#1482);
#1209=AXIS2_PLACEMENT_3D('',#2002,#1484,#1485);
#1210=AXIS2_PLACEMENT_3D('',#2004,#1487,#1488);
#1211=AXIS2_PLACEMENT_3D('',#2006,#1490,#1491);
#1212=AXIS2_PLACEMENT_3D('',#2007,#1492,#1493);
#1213=AXIS2_PLACEMENT_3D('',#2009,#1494,#1495);
#1214=AXIS2_PLACEMENT_3D('',#2011,#1497,#1498);
#1215=AXIS2_PLACEMENT_3D('',#2012,#1499,#1500);
#1216=AXIS2_PLACEMENT_3D('',#2013,#1501,#1502);
#1217=DIRECTION('axis',(0.,0.,1.));
#1218=DIRECTION('refdir',(1.,0.,0.));
#1219=DIRECTION('axis',(0.,0.,1.));
#1220=DIRECTION('refdir',(1.,0.,0.));
#1221=DIRECTION('center_axis',(-0.229186629383936,-0.905182482088773,0.357935976162271));
#1222=DIRECTION('ref_axis',(-0.96871545915265,0.248072998203931,0.00708143776243631));
#1223=DIRECTION('center_axis',(0.230449615072972,0.904858231588958,-0.357944905870197));
#1224=DIRECTION('ref_axis',(-0.968415781987478,0.249253122435782,0.00661469225244768));
#1225=DIRECTION('center_axis',(-0.229186629383936,-0.905182482088773,0.357935976162271));
#1226=DIRECTION('ref_axis',(0.842156433225432,-3.7470027081099E-15,0.539233290864926));
#1227=DIRECTION('',(0.0167574605462739,-0.37133852874934,-0.928346317158805));
#1228=DIRECTION('',(-0.969409620168729,0.245448545166436,0.));
#1229=DIRECTION('',(0.0278135031912508,-0.373663671261512,-0.927147167293089));
#1230=DIRECTION('',(0.969409620168729,-0.245448545166436,0.));
#1231=DIRECTION('',(-0.0952051899830522,-0.345114900438219,-0.933719271138713));
#1232=DIRECTION('',(0.969409534968295,-0.245448881667312,-9.05529258119234E-7));
#1233=DIRECTION('',(0.0952042441821816,0.345115142643322,0.933719278053088));
#1234=DIRECTION('center_axis',(0.229186629383936,0.905182482088773,-0.357935976162271));
#1235=DIRECTION('ref_axis',(1.01307850997045E-15,-0.36772386663474,-0.929935028863413));
#1236=DIRECTION('center_axis',(7.92720549231202E-10,-0.928476690229952,
0.371390677992373));
#1237=DIRECTION('ref_axis',(1.,-4.34374758519009E-15,-2.13447625175951E-9));
#1238=DIRECTION('',(1.,8.53786161325032E-10,0.));
#1239=DIRECTION('',(1.61322736019227E-15,-0.371390677992373,-0.928476690229952));
#1240=DIRECTION('',(1.,7.36024020440905E-10,-2.94405350703857E-10));
#1241=DIRECTION('',(-1.61322736019227E-15,0.371390677992373,0.928476690229952));
#1242=DIRECTION('',(1.,8.53786161325032E-10,0.));
#1243=DIRECTION('',(-1.61322736019227E-15,0.371390677992373,0.928476690229952));
#1244=DIRECTION('',(-1.,-8.53786161325032E-10,0.));
#1245=DIRECTION('center_axis',(0.963992543982934,-0.265929267184547,3.79453185498356E-8));
#1246=DIRECTION('ref_axis',(-5.29395592033938E-22,1.42689516470189E-7,0.99999999999999));
#1247=DIRECTION('',(-0.265929267184547,-0.963992543982934,-2.42855560694237E-13));
#1248=DIRECTION('',(-3.65790012484019E-8,1.00907813135583E-8,0.999999999999999));
#1249=DIRECTION('',(0.265929267184547,0.963992543982934,0.));
#1250=DIRECTION('center_axis',(-0.963992543982934,0.265929267184547,-3.7945318549836E-8));
#1251=DIRECTION('ref_axis',(-0.265929267184547,-0.963992543982934,6.78288102293483E-23));
#1252=DIRECTION('center_axis',(-0.963992543982934,0.265929267184547,-3.7945318549836E-8));
#1253=DIRECTION('ref_axis',(-0.265929267184547,-0.963992543982934,-2.59734712341651E-22));
#1254=DIRECTION('center_axis',(8.73119317178152E-7,-2.40861015457739E-7,
0.99999999999959));
#1255=DIRECTION('ref_axis',(-0.999999999999619,-4.34374758384406E-15,8.73119317178176E-7));
#1256=DIRECTION('',(0.265929523053581,0.96399247339826,2.45026760777223E-15));
#1257=DIRECTION('',(-0.963992473397863,0.265929523053476,9.05732505101244E-7));
#1258=DIRECTION('center_axis',(-0.963992473397865,0.265929523053472,9.05732504770449E-7));
#1259=DIRECTION('ref_axis',(-0.265929523053581,-0.96399247339826,7.94093388050907E-23));
#1260=DIRECTION('',(-0.265929523050223,-0.963992473399186,0.));
#1261=DIRECTION('',(8.73119317745206E-7,-2.40861012158251E-7,0.99999999999959));
#1262=DIRECTION('center_axis',(0.963992473397865,-0.265929523053472,-9.05732504770449E-7));
#1263=DIRECTION('ref_axis',(-8.73119381441731E-7,2.40860781258838E-7,-0.99999999999959));
#1264=DIRECTION('center_axis',(0.,0.,1.));
#1265=DIRECTION('ref_axis',(-4.34374758384592E-15,1.,0.));
#1266=DIRECTION('',(-0.265929267184547,-0.963992543982934,0.));
#1267=DIRECTION('',(-0.963992473398259,0.265929523053583,0.));
#1268=DIRECTION('',(4.3437475834151E-15,-1.,0.));
#1269=DIRECTION('',(0.969409620168729,0.245448545166436,0.));
#1270=DIRECTION('',(-0.265929523050232,0.963992473399184,0.));
#1271=DIRECTION('',(-0.963992473398257,-0.265929523053592,0.));
#1272=DIRECTION('',(0.265929267184555,-0.963992543982932,0.));
#1273=DIRECTION('',(1.,-8.53786161325032E-10,0.));
#1274=DIRECTION('',(-4.34374758384592E-15,1.,0.));
#1275=DIRECTION('',(-1.,4.33194473172374E-13,0.));
#1276=DIRECTION('',(4.34374758384592E-15,-1.,0.));
#1277=DIRECTION('',(1.,-8.53786161325032E-10,0.));
#1278=DIRECTION('',(-4.34374758384592E-15,1.,0.));
#1279=DIRECTION('',(-1.,-4.34374758384592E-15,0.));
#1280=DIRECTION('',(4.34374758384592E-15,-1.,0.));
#1281=DIRECTION('',(-1.,-4.34374758384592E-15,0.));
#1282=DIRECTION('',(4.34374758384592E-15,-1.,0.));
#1283=DIRECTION('',(1.,4.34374758384592E-15,0.));
#1284=DIRECTION('',(0.88917799715964,-0.457561459661073,0.));
#1285=DIRECTION('',(1.,4.34374758384592E-15,0.));
#1286=DIRECTION('',(4.76452840431147E-15,-1.,0.));
#1287=DIRECTION('',(1.,4.34374758384592E-15,0.));
#1288=DIRECTION('',(0.889177997159636,0.457561459661081,0.));
#1289=DIRECTION('',(-1.,-4.2632564145606E-15,0.));
#1290=DIRECTION('',(4.34374758384592E-15,-1.,0.));
#1291=DIRECTION('',(-1.,-4.34374758384592E-15,0.));
#1292=DIRECTION('',(-4.34374758384592E-15,1.,0.));
#1293=DIRECTION('',(-1.,-4.34374758384592E-15,0.));
#1294=DIRECTION('',(4.34374758384592E-15,-1.,0.));
#1295=DIRECTION('',(-4.34374758384592E-15,1.,0.));
#1296=DIRECTION('',(-1.,-4.41881968340066E-13,0.));
#1297=DIRECTION('',(4.34374758384592E-15,-1.,0.));
#1298=DIRECTION('center_axis',(-0.999550332986397,-4.34179434341142E-15,
-0.0299855269552292));
#1299=DIRECTION('ref_axis',(-4.3437475834151E-15,1.,-2.46519032881566E-32));
#1300=DIRECTION('',(-4.3437475834151E-15,1.,0.));
#1301=DIRECTION('',(-0.0278135031912476,-0.373663671261511,0.92714716729309));
#1302=DIRECTION('center_axis',(0.963992543982932,0.265929267184555,3.79453185498356E-8));
#1303=DIRECTION('ref_axis',(6.61744490042422E-22,-1.42689516470189E-7,0.99999999999999));
#1304=DIRECTION('center_axis',(-0.963992543982932,-0.265929267184555,-3.7945318549836E-8));
#1305=DIRECTION('ref_axis',(0.265929267184555,-0.963992543982932,-8.9335506155727E-23));
#1306=DIRECTION('',(-0.265929267184555,0.963992543982932,-4.73817317854227E-17));
#1307=DIRECTION('',(-3.65790012484018E-8,-1.00907813135586E-8,0.999999999999999));
#1308=DIRECTION('',(-0.265929267184555,0.963992543982932,-2.42855560694237E-13));
#1309=DIRECTION('',(-0.0952042441821844,0.345115142643322,-0.933719278053088));
#1310=DIRECTION('center_axis',(0.963992543982932,0.265929267184555,3.7945318549836E-8));
#1311=DIRECTION('ref_axis',(-0.265929267184555,0.963992543982932,-2.49808544991014E-22));
#1312=DIRECTION('center_axis',(0.229186629383928,0.905182482088775,-0.357935976162271));
#1313=DIRECTION('ref_axis',(1.01307850997045E-15,-0.36772386663474,-0.929935028863413));
#1314=DIRECTION('center_axis',(0.229186629383928,0.905182482088775,-0.357935976162271));
#1315=DIRECTION('ref_axis',(9.85322934354826E-16,-0.36772386663474,-0.929935028863413));
#1316=DIRECTION('',(-0.229186629383928,-0.905182482088775,0.357935976162271));
#1317=DIRECTION('center_axis',(-0.230449615072972,0.904858231588958,0.357944905870197));
#1318=DIRECTION('ref_axis',(-0.968415781987478,-0.249253122435782,0.00661469225244768));
#1319=DIRECTION('center_axis',(0.229186629383936,-0.905182482088773,-0.357935976162271));
#1320=DIRECTION('ref_axis',(-0.96871545915265,-0.248072998203931,0.00708143776243631));
#1321=DIRECTION('center_axis',(0.681645690728857,0.188040395277419,-0.707106754355162));
#1322=DIRECTION('ref_axis',(0.265929267184555,-0.963992543982932,-3.60822483003176E-16));
#1323=DIRECTION('',(-0.681645589087459,-0.188040561933645,-0.707106808017919));
#1324=DIRECTION('center_axis',(0.681645690728857,0.188040395277418,-0.707106754355162));
#1325=DIRECTION('ref_axis',(0.681645638998349,0.18804038100691,0.707106808017932));
#1326=DIRECTION('center_axis',(0.963992543982932,0.265929267184555,3.7945318549836E-8));
#1327=DIRECTION('ref_axis',(0.248166644211145,-0.899603157083764,0.359343118016615));
#1328=DIRECTION('center_axis',(1.,4.34374758384592E-15,0.));
#1329=DIRECTION('ref_axis',(4.34374758384592E-15,-1.,0.));
#1330=DIRECTION('',(0.,0.,-1.));
#1331=DIRECTION('',(4.34374758384592E-15,-1.,0.));
#1332=DIRECTION('',(-1.61322838923794E-15,0.371390914895106,0.928476595468823));
#1333=DIRECTION('center_axis',(-0.963992543982934,0.265929267184547,-3.7945318549836E-8));
#1334=DIRECTION('ref_axis',(0.265929267184547,0.963992543982934,-2.03486430688045E-22));
#1335=DIRECTION('',(0.963992543982934,-0.265929267184547,3.7945318549836E-8));
#1336=DIRECTION('center_axis',(0.681645664863605,-0.188040388142162,-0.707106781186547));
#1337=DIRECTION('ref_axis',(0.265929267184547,0.963992543982935,3.88578058618805E-16));
#1338=DIRECTION('center_axis',(0.681645664863608,-0.188040388142155,-0.707106781186546));
#1339=DIRECTION('ref_axis',(0.681645664863603,-0.188040388142161,0.707106781186549));
#1340=DIRECTION('',(-0.681645614952713,0.188040569068897,-0.707106781186535));
#1341=DIRECTION('center_axis',(0.229186629383936,-0.905182482088773,-0.357935976162271));
#1342=DIRECTION('ref_axis',(0.842156433225432,3.7470027081099E-15,0.539233290864926));
#1343=DIRECTION('',(0.969409534968295,0.245448881667312,-9.05529258119234E-7));
#1344=DIRECTION('',(0.0952051899830555,-0.345114900438218,0.933719271138713));
#1345=DIRECTION('',(-0.969409620168729,-0.245448545166436,0.));
#1346=DIRECTION('',(0.0167574605462739,0.37133852874934,-0.928346317158805));
#1347=DIRECTION('center_axis',(0.229186629383936,-0.905182482088773,-0.357935976162271));
#1348=DIRECTION('ref_axis',(1.37390099297363E-15,-0.36772386663474,0.929935028863413));
#1349=DIRECTION('center_axis',(-0.963992543982932,-0.265929267184555,-3.7945318549836E-8));
#1350=DIRECTION('ref_axis',(0.265929267184555,-0.963992543982932,-1.90251540887196E-22));
#1351=DIRECTION('center_axis',(-0.963992473397862,-0.265929523053481,9.05732504770449E-7));
#1352=DIRECTION('ref_axis',(8.73119381441729E-7,2.40860781258846E-7,0.99999999999959));
#1353=DIRECTION('',(0.963992543982931,0.265929267184555,3.7945318549836E-8));
#1354=DIRECTION('center_axis',(-0.265929523053585,-0.963992473398259,8.81213991656573E-16));
#1355=DIRECTION('ref_axis',(0.963992473398259,-0.265929523053585,0.));
#1356=DIRECTION('center_axis',(1.,4.34374758384592E-15,0.));
#1357=DIRECTION('ref_axis',(4.34374758384592E-15,-1.,0.));
#1358=DIRECTION('',(1.61322838923794E-15,-0.371390914895106,-0.928476595468823));
#1359=DIRECTION('',(-4.34374758384592E-15,1.,0.));
#1360=DIRECTION('',(0.,0.,1.));
#1361=DIRECTION('center_axis',(-4.34374758384592E-15,1.,0.));
#1362=DIRECTION('ref_axis',(-1.,-4.34374758384592E-15,0.));
#1363=DIRECTION('',(-1.,-4.34374758384592E-15,0.));
#1364=DIRECTION('',(0.,0.,-1.));
#1365=DIRECTION('center_axis',(-4.34374758384592E-15,1.,0.));
#1366=DIRECTION('ref_axis',(0.,0.,-1.));
#1367=DIRECTION('center_axis',(-4.34374758384592E-15,1.,0.));
#1368=DIRECTION('ref_axis',(0.,0.,-1.));
#1369=DIRECTION('center_axis',(1.,4.34374758384592E-15,0.));
#1370=DIRECTION('ref_axis',(4.34374758384592E-15,-1.,0.));
#1371=DIRECTION('',(4.34374758384592E-15,-1.,0.));
#1372=DIRECTION('center_axis',(-4.34374758384592E-15,1.,0.));
#1373=DIRECTION('ref_axis',(-1.,-4.34374758384592E-15,0.));
#1374=DIRECTION('',(1.,4.34374758384592E-15,0.));
#1375=DIRECTION('',(0.,0.,-1.));
#1376=DIRECTION('',(0.0299876812540911,1.302589179926E-16,-0.999550268357226));
#1377=DIRECTION('center_axis',(0.457561459661081,-0.889177997159636,0.));
#1378=DIRECTION('ref_axis',(0.,0.,1.));
#1379=DIRECTION('',(0.889177997159636,0.457561459661081,0.));
#1380=DIRECTION('',(0.,0.,-1.));
#1381=DIRECTION('center_axis',(-4.34374758384592E-15,1.,0.));
#1382=DIRECTION('ref_axis',(-1.,-4.34374758384592E-15,0.));
#1383=DIRECTION('',(1.,4.34374758384592E-15,0.));
#1384=DIRECTION('center_axis',(-4.34374758384592E-15,1.,0.));
#1385=DIRECTION('ref_axis',(0.,0.,-1.));
#1386=DIRECTION('center_axis',(-4.34374758384592E-15,1.,0.));
#1387=DIRECTION('ref_axis',(0.,0.,-1.));
#1388=DIRECTION('center_axis',(4.03306796822519E-15,-0.928476595468823,
0.371390914895106));
#1389=DIRECTION('ref_axis',(-1.61322838923794E-15,0.371390914895106,0.928476595468823));
#1390=DIRECTION('',(-1.,-4.34374758384592E-15,0.));
#1391=DIRECTION('center_axis',(1.,4.34374758384592E-15,0.));
#1392=DIRECTION('ref_axis',(4.34374758384592E-15,-1.,0.));
#1393=DIRECTION('',(0.,0.,1.));
#1394=DIRECTION('',(1.61322838923794E-15,-0.371390914895106,0.928476595468823));
#1395=DIRECTION('',(4.34374758384592E-15,-1.,0.));
#1396=DIRECTION('center_axis',(-4.03306796822519E-15,0.928476595468823,
0.371390914895106));
#1397=DIRECTION('ref_axis',(1.61322838923794E-15,-0.371390914895106,0.928476595468823));
#1398=DIRECTION('',(-1.61322838923794E-15,0.371390914895106,-0.928476595468823));
#1399=DIRECTION('',(-1.,-4.34374758384592E-15,0.));
#1400=DIRECTION('center_axis',(1.,4.34374758384592E-15,0.));
#1401=DIRECTION('ref_axis',(-4.34374758384592E-15,1.,0.));
#1402=DIRECTION('',(0.,0.,1.));
#1403=DIRECTION('',(4.34374758384592E-15,-1.,0.));
#1404=DIRECTION('center_axis',(4.34374758384592E-15,-1.,0.));
#1405=DIRECTION('ref_axis',(-1.,-4.34374758384592E-15,0.));
#1406=DIRECTION('',(-1.,-4.34374758384592E-15,0.));
#1407=DIRECTION('',(0.,0.,-1.));
#1408=DIRECTION('center_axis',(4.34374758384592E-15,-1.,0.));
#1409=DIRECTION('ref_axis',(0.,0.,1.));
#1410=DIRECTION('center_axis',(4.34374758384592E-15,-1.,0.));
#1411=DIRECTION('ref_axis',(0.,0.,1.));
#1412=DIRECTION('center_axis',(1.,4.34374758384592E-15,0.));
#1413=DIRECTION('ref_axis',(-4.34374758384592E-15,1.,0.));
#1414=DIRECTION('',(-1.61322736019227E-15,0.371390677992373,-0.928476690229952));
#1415=DIRECTION('',(-4.34374758384592E-15,1.,0.));
#1416=DIRECTION('center_axis',(-0.999550268357226,-4.76238564512516E-15,
-0.0299876812540911));
#1417=DIRECTION('ref_axis',(-4.76452840431147E-15,1.,-1.23259516440783E-31));
#1418=DIRECTION('',(4.76452840431147E-15,-1.,0.));
#1419=DIRECTION('',(0.0299876812540911,1.302589179926E-16,-0.999550268357226));
#1420=DIRECTION('center_axis',(4.34374758384592E-15,-1.,0.));
#1421=DIRECTION('ref_axis',(-1.,-4.34374758384592E-15,0.));
#1422=DIRECTION('',(0.,0.,-1.));
#1423=DIRECTION('',(1.,4.34374758384592E-15,0.));
#1424=DIRECTION('center_axis',(0.,0.,-1.));
#1425=DIRECTION('ref_axis',(4.34374758384592E-15,-1.,0.));
#1426=DIRECTION('',(0.88917799715964,-0.457561459661073,0.));
#1427=DIRECTION('',(-1.,-4.2632564145606E-15,0.));
#1428=DIRECTION('',(-1.,8.53786161325032E-10,0.));
#1429=DIRECTION('center_axis',(-7.92720549231202E-10,-0.928476690229952,
-0.371390677992373));
#1430=DIRECTION('ref_axis',(1.,4.34374758519009E-15,-2.13447625175951E-9));
#1431=DIRECTION('',(-1.61322736019227E-15,0.371390677992373,-0.928476690229952));
#1432=DIRECTION('',(1.,-7.36022822174546E-10,-2.94408346369739E-10));
#1433=DIRECTION('',(-1.61322736019227E-15,0.371390677992373,-0.928476690229952));
#1434=DIRECTION('center_axis',(0.457561459661073,0.88917799715964,0.));
#1435=DIRECTION('ref_axis',(0.,0.,1.));
#1436=DIRECTION('',(0.,0.,-1.));
#1437=DIRECTION('center_axis',(4.34374758384592E-15,-1.,0.));
#1438=DIRECTION('ref_axis',(-1.,-4.34374758384592E-15,0.));
#1439=DIRECTION('center_axis',(4.34374758384592E-15,-1.,0.));
#1440=DIRECTION('ref_axis',(0.,0.,1.));
#1441=DIRECTION('center_axis',(4.34374758384592E-15,-1.,0.));
#1442=DIRECTION('ref_axis',(0.,0.,1.));
#1443=DIRECTION('center_axis',(-1.61321544929555E-15,0.371387935913906,
0.928477787056647));
#1444=DIRECTION('ref_axis',(1.,4.34374758384592E-15,-2.36658271566304E-30));
#1445=DIRECTION('',(4.03307314418192E-15,-0.928477787056647,0.371387935913906));
#1446=DIRECTION('',(-1.,-3.81532368662378E-13,1.50874157018494E-13));
#1447=DIRECTION('',(-4.03307314418192E-15,0.928477787056647,-0.371387935913906));
#1448=DIRECTION('center_axis',(1.,4.34374758384592E-15,0.));
#1449=DIRECTION('ref_axis',(4.34374758384592E-15,-1.,0.));
#1450=DIRECTION('',(-1.61322589829836E-15,0.371390341441071,0.928476824850402));
#1451=DIRECTION('center_axis',(-4.10277166923031E-13,0.928476824850402,
-0.371390341441071));
#1452=DIRECTION('ref_axis',(1.,4.34374758384613E-15,-1.09384669612602E-12));
#1453=DIRECTION('',(-1.61322589829836E-15,0.371390341441071,0.928476824850402));
#1454=DIRECTION('center_axis',(1.,4.34374758384592E-15,0.));
#1455=DIRECTION('ref_axis',(4.34374758384592E-15,-1.,0.));
#1456=DIRECTION('center_axis',(1.,4.34374758384592E-15,0.));
#1457=DIRECTION('ref_axis',(-4.34374758384592E-15,1.,0.));
#1458=DIRECTION('',(-4.03307314418192E-15,0.928477787056647,0.371387935913906));
#1459=DIRECTION('',(1.61322589829836E-15,-0.371390341441071,0.928476824850402));
#1460=DIRECTION('center_axis',(1.61321544929555E-15,-0.371387935913906,
0.928477787056647));
#1461=DIRECTION('ref_axis',(1.,4.34374758384592E-15,2.36658271566304E-30));
#1462=DIRECTION('',(4.03307314418192E-15,-0.928477787056647,-0.371387935913906));
#1463=DIRECTION('',(-1.,3.72844873494686E-13,1.50874157018494E-13));
#1464=DIRECTION('center_axis',(1.,4.34374758384592E-15,0.));
#1465=DIRECTION('ref_axis',(-4.34374758384592E-15,1.,0.));
#1466=DIRECTION('',(1.61322589829836E-15,-0.371390341441071,0.928476824850402));
#1467=DIRECTION('center_axis',(-4.02211028993829E-13,-0.928476824850402,
-0.371390341441071));
#1468=DIRECTION('ref_axis',(1.,4.34374758384603E-15,-1.09384669612602E-12));
#1469=DIRECTION('center_axis',(-0.963992473397862,-0.265929523053481,9.05732504770449E-7));
#1470=DIRECTION('ref_axis',(-0.26592952305359,0.963992473398258,2.64697796016969E-22));
#1471=DIRECTION('',(0.26592952305359,-0.963992473398258,2.45026760777223E-15));
#1472=DIRECTION('',(8.73119317745204E-7,2.40861012158258E-7,0.99999999999959));
#1473=DIRECTION('center_axis',(8.7311931717815E-7,2.40861015457747E-7,0.99999999999959));
#1474=DIRECTION('ref_axis',(-0.999999999999619,-4.34374758384451E-15,8.73119317178176E-7));
#1475=DIRECTION('',(-0.963992473397861,-0.265929523053484,9.05732505101244E-7));
#1476=DIRECTION('center_axis',(-0.265929523053593,0.963992473398257,8.81213991656573E-16));
#1477=DIRECTION('ref_axis',(0.963992473398257,0.265929523053593,-4.93038065763132E-32));
#1478=DIRECTION('center_axis',(-4.34374758384592E-15,1.,0.));
#1479=DIRECTION('ref_axis',(0.,0.,-1.));
#1480=DIRECTION('',(4.34374758384592E-15,-1.,0.));
#1481=DIRECTION('center_axis',(-4.34374758384592E-15,1.,0.));
#1482=DIRECTION('ref_axis',(0.,0.,-1.));
#1483=DIRECTION('',(4.34374758384592E-15,-1.,0.));
#1484=DIRECTION('center_axis',(-4.34374758384592E-15,1.,0.));
#1485=DIRECTION('ref_axis',(0.,0.,-1.));
#1486=DIRECTION('',(4.34374758384592E-15,-1.,0.));
#1487=DIRECTION('center_axis',(-4.34374758384592E-15,1.,0.));
#1488=DIRECTION('ref_axis',(0.,0.,-1.));
#1489=DIRECTION('',(4.34374758384592E-15,-1.,0.));
#1490=DIRECTION('center_axis',(0.963992543982934,-0.265929267184547,3.7945318549836E-8));
#1491=DIRECTION('ref_axis',(0.265929267184547,0.963992543982934,-3.30872245021211E-23));
#1492=DIRECTION('center_axis',(0.229186629383936,-0.905182482088773,-0.357935976162271));
#1493=DIRECTION('ref_axis',(1.37390099297363E-15,-0.36772386663474,0.929935028863413));
#1494=DIRECTION('center_axis',(0.229186629383936,-0.905182482088773,-0.357935976162271));
#1495=DIRECTION('ref_axis',(1.38777878078145E-15,-0.36772386663474,0.929935028863413));
#1496=DIRECTION('',(-0.229186629383936,0.905182482088773,0.357935976162271));
#1497=DIRECTION('center_axis',(0.229186629383936,-0.905182482088773,-0.357935976162271));
#1498=DIRECTION('ref_axis',(1.62370117351429E-15,-0.36772386663474,0.929935028863413));
#1499=DIRECTION('center_axis',(0.229186629383928,0.905182482088775,-0.357935976162271));
#1500=DIRECTION('ref_axis',(1.56819002228303E-15,-0.36772386663474,-0.929935028863413));
#1501=DIRECTION('',(0.,0.,1.));
#1502=DIRECTION('',(1.,0.,0.));
#1503=CARTESIAN_POINT('',(0.,0.,0.));
#1504=CARTESIAN_POINT('',(0.,0.,0.));
#1505=CARTESIAN_POINT('Ctrl Pts',(-139.700436268373,-87.7969143091441,94.7766611758462));
#1506=CARTESIAN_POINT('Ctrl Pts',(-132.266444179349,-89.6733688211923,94.8192244410085));
#1507=CARTESIAN_POINT('Ctrl Pts',(-124.512589677558,-91.6353574850957,94.8514953080131));
#1508=CARTESIAN_POINT('Ctrl Pts',(-116.496782308888,-93.668227217986,94.8732327623744));
#1509=CARTESIAN_POINT('Ctrl Pts',(-139.715067556687,-87.855633933398,94.7613369548455));
#1510=CARTESIAN_POINT('Ctrl Pts',(-132.281012375749,-89.731590058101,94.8066619327445));
#1511=CARTESIAN_POINT('Ctrl Pts',(-124.527031599115,-91.6928892078486,94.8415686107074));
#1512=CARTESIAN_POINT('Ctrl Pts',(-116.511051220997,-93.7249245589153,94.8658444451995));
#1513=CARTESIAN_POINT('Ctrl Pts',(-139.746787766163,-87.9819176563107,94.7698093322067));
#1514=CARTESIAN_POINT('Ctrl Pts',(-132.312082451761,-89.8549814764915,94.8195232515138));
#1515=CARTESIAN_POINT('Ctrl Pts',(-124.557401765233,-91.8132900664511,94.8585242615694));
#1516=CARTESIAN_POINT('Ctrl Pts',(-116.540644138345,-93.8420963836203,94.8865866566411));
#1517=CARTESIAN_POINT('Ctrl Pts',(-139.790928785644,-88.1543795485568,94.9154870693822));
#1518=CARTESIAN_POINT('Ctrl Pts',(-132.354429138961,-90.0206197514458,94.9663503260709));
#1519=CARTESIAN_POINT('Ctrl Pts',(-124.597949663582,-91.9721159404885,95.0061611671168));
#1520=CARTESIAN_POINT('Ctrl Pts',(-116.579439126043,-93.9943112160246,95.0346897496239));
#1521=CARTESIAN_POINT('Ctrl Pts',(-139.796430856672,-88.1721192419571,95.0874248199909));
#1522=CARTESIAN_POINT('Ctrl Pts',(-132.359227935378,-90.0364067077789,95.1346314145414));
#1523=CARTESIAN_POINT('Ctrl Pts',(-124.602165610535,-91.9863293557925,95.1707990936885));
#1524=CARTESIAN_POINT('Ctrl Pts',(-116.583050692039,-94.0067862370265,95.1957067652628));
#1525=CARTESIAN_POINT('Ctrl Pts',(-139.788782228117,-88.1394825817731,95.1748569267206));
#1526=CARTESIAN_POINT('Ctrl Pts',(-132.351636006734,-90.0045033760407,95.2204246374234));
#1527=CARTESIAN_POINT('Ctrl Pts',(-124.59457844484,-91.9548809593848,95.2549734267872));
#1528=CARTESIAN_POINT('Ctrl Pts',(-116.575543010328,-93.9760489661176,95.2782452676975));
#1529=CARTESIAN_POINT('',(-116.577335117463,-93.9853000827681,95.0923085212707));
#1530=CARTESIAN_POINT('',(-116.832737860216,-93.9112255936086,95.2774947437669));
#1531=CARTESIAN_POINT('Ctrl Pts',(-116.577335117463,-93.9853000827681,95.0923085212707));
#1532=CARTESIAN_POINT('Ctrl Pts',(-116.634078491377,-93.9769112037641,95.1132807187947));
#1533=CARTESIAN_POINT('Ctrl Pts',(-116.70983407953,-93.9642170539204,95.1450160934028));
#1534=CARTESIAN_POINT('Ctrl Pts',(-116.782994763846,-93.9433127410092,95.1972768755696));
#1535=CARTESIAN_POINT('Ctrl Pts',(-116.801924277754,-93.9368589701056,95.2134113027866));
#1536=CARTESIAN_POINT('Ctrl Pts',(-116.820415991917,-93.9267418249652,95.2387041655477));
#1537=CARTESIAN_POINT('Ctrl Pts',(-116.824971505688,-93.923623364959,95.2465003155329));
#1538=CARTESIAN_POINT('Ctrl Pts',(-116.830937348771,-93.9173872148735,95.2620906906796));
#1539=CARTESIAN_POINT('Ctrl Pts',(-116.832597095408,-93.9143448846496,95.2696965162041));
#1540=CARTESIAN_POINT('Ctrl Pts',(-116.832737860216,-93.9112255936086,95.2774947437669));
#1541=CARTESIAN_POINT('',(-139.787486247758,-88.1398075761504,95.1748648671161));
#1542=CARTESIAN_POINT('Origin',(-11.7205921110401,-122.309676247384,90.7641689920096));
#1543=CARTESIAN_POINT('',(-139.693385819741,-87.7986939527951,94.7767015395057));
#1544=CARTESIAN_POINT('Ctrl Pts',(-139.69338581963,-87.7986939528249,94.7767015395019));
#1545=CARTESIAN_POINT('Ctrl Pts',(-139.697983435563,-87.8153602929148,94.7723228287301));
#1546=CARTESIAN_POINT('Ctrl Pts',(-139.702661150414,-87.8323144361401,94.769554361511));
#1547=CARTESIAN_POINT('Ctrl Pts',(-139.707363947343,-87.8493588986334,94.7683430696594));
#1548=CARTESIAN_POINT('Ctrl Pts',(-139.712134338589,-87.866648344872,94.767114367648));
#1549=CARTESIAN_POINT('Ctrl Pts',(-139.716930898133,-87.8840321611765,94.7674879199749));
#1550=CARTESIAN_POINT('Ctrl Pts',(-139.721697601377,-87.9013085345712,94.7694602467529));
#1551=CARTESIAN_POINT('Ctrl Pts',(-139.722530502477,-87.9043272898169,94.7698048776353));
#1552=CARTESIAN_POINT('Ctrl Pts',(-139.723362487515,-87.9073427436073,94.770198448486));
#1553=CARTESIAN_POINT('Ctrl Pts',(-139.724193248948,-87.9103537808558,94.7706411011568));
#1554=CARTESIAN_POINT('Ctrl Pts',(-139.728950260763,-87.9275952405492,94.7731757686324));
#1555=CARTESIAN_POINT('Ctrl Pts',(-139.733625645196,-87.9445417538339,94.7772934317296));
#1556=CARTESIAN_POINT('Ctrl Pts',(-139.738164639581,-87.9609939174867,94.7829677942485));
#1557=CARTESIAN_POINT('Ctrl Pts',(-139.739532130859,-87.9659505639141,94.7846773449983));
#1558=CARTESIAN_POINT('Ctrl Pts',(-139.740887235751,-87.9708623044278,94.7865285493287));
#1559=CARTESIAN_POINT('Ctrl Pts',(-139.742228415595,-87.9757234998857,94.7885216005425));
#1560=CARTESIAN_POINT('Ctrl Pts',(-139.74604703947,-87.9895643558476,94.7941962406621));
#1561=CARTESIAN_POINT('Ctrl Pts',(-139.749753060028,-88.0029966266989,94.8010191027993));
#1562=CARTESIAN_POINT('Ctrl Pts',(-139.75331354443,-88.0159026168447,94.808905876985));
#1563=CARTESIAN_POINT('Ctrl Pts',(-139.757448554721,-88.030891139767,94.8180652746236));
#1564=CARTESIAN_POINT('Ctrl Pts',(-139.761351216051,-88.0450393139149,94.8285784373524));
#1565=CARTESIAN_POINT('Ctrl Pts',(-139.764975533944,-88.058179939934,94.8402822905593));
#1566=CARTESIAN_POINT('Ctrl Pts',(-139.768569455522,-88.071210358563,94.8518879862571));
#1567=CARTESIAN_POINT('Ctrl Pts',(-139.771889987323,-88.0832512471155,94.8646655161602));
#1568=CARTESIAN_POINT('Ctrl Pts',(-139.774884776808,-88.0941087136928,94.8784941625311));
#1569=CARTESIAN_POINT('Ctrl Pts',(-139.775413313147,-88.0960248970075,94.8809347154217));
#1570=CARTESIAN_POINT('Ctrl Pts',(-139.775931677831,-88.0979041157445,94.8834080821985));
#1571=CARTESIAN_POINT('Ctrl Pts',(-139.776439547361,-88.0997451594938,94.8859136876615));
#1572=CARTESIAN_POINT('Ctrl Pts',(-139.777729311459,-88.1044205967713,94.8922768179178));
#1573=CARTESIAN_POINT('Ctrl Pts',(-139.77894641318,-88.1088318210423,94.8988231314679));
#1574=CARTESIAN_POINT('Ctrl Pts',(-139.780086928916,-88.1129638978824,94.905539617917));
#1575=CARTESIAN_POINT('Ctrl Pts',(-139.782664426287,-88.1223021444776,94.9207184757028));
#1576=CARTESIAN_POINT('Ctrl Pts',(-139.784851577736,-88.1302179427536,94.9367646677904));
#1577=CARTESIAN_POINT('Ctrl Pts',(-139.786645658884,-88.1367104646318,94.953453555288));
#1578=CARTESIAN_POINT('Ctrl Pts',(-139.787926690043,-88.1413463323239,94.9653699532328));
#1579=CARTESIAN_POINT('Ctrl Pts',(-139.789007092716,-88.1452556368814,94.9776148767018));
#1580=CARTESIAN_POINT('Ctrl Pts',(-139.789882190166,-88.1484232530748,94.9901118611781));
#1581=CARTESIAN_POINT('Ctrl Pts',(-139.791113577415,-88.1528805420188,95.0076969053687));
#1582=CARTESIAN_POINT('Ctrl Pts',(-139.791929147161,-88.1558357855435,95.025640127158));
#1583=CARTESIAN_POINT('Ctrl Pts',(-139.792325018002,-88.1572757153734,95.0437194833902));
#1584=CARTESIAN_POINT('Ctrl Pts',(-139.792612593078,-88.1583217331299,95.0568529897956));
#1585=CARTESIAN_POINT('Ctrl Pts',(-139.792678448326,-88.1585671301694,95.0700589685272));
#1586=CARTESIAN_POINT('Ctrl Pts',(-139.792516918892,-88.1579901300735,95.0832536917909));
#1587=CARTESIAN_POINT('Ctrl Pts',(-139.792297762765,-88.1572072813822,95.1011557197319));
#1588=CARTESIAN_POINT('Ctrl Pts',(-139.791662026894,-88.1549178327469,95.1189113770284));
#1589=CARTESIAN_POINT('Ctrl Pts',(-139.790602524737,-88.1510887263877,95.136312788355));
#1590=CARTESIAN_POINT('Ctrl Pts',(-139.789806049225,-88.1482102146007,95.1493942133449));
#1591=CARTESIAN_POINT('Ctrl Pts',(-139.78876986078,-88.1444606698189,95.1622757775018));
#1592=CARTESIAN_POINT('Ctrl Pts',(-139.787486247754,-88.1398075761514,95.1748648671159));
#1593=CARTESIAN_POINT('',(-131.681921717566,-89.8227144772415,94.8180128860966));
#1594=CARTESIAN_POINT('Origin',(-11.651836115456,-122.038121476023,90.6567881885893));
#1595=CARTESIAN_POINT('',(-131.511653984662,-90.2369554162817,95.0923085212707));
#1596=CARTESIAN_POINT('Ctrl Pts',(-131.681921452416,-89.8227146104874,94.8180128740659));
#1597=CARTESIAN_POINT('Ctrl Pts',(-131.694748024411,-89.8477226370118,94.8122985204658));
#1598=CARTESIAN_POINT('Ctrl Pts',(-131.70414434289,-89.8746097351022,94.8103906058031));
#1599=CARTESIAN_POINT('Ctrl Pts',(-131.714915652661,-89.9303067083043,94.814818598763));
#1600=CARTESIAN_POINT('Ctrl Pts',(-131.716165582391,-89.9578110648742,94.8209278892094));
#1601=CARTESIAN_POINT('Ctrl Pts',(-131.711060369074,-90.0159458452382,94.8413090163225));
#1602=CARTESIAN_POINT('Ctrl Pts',(-131.703337321272,-90.0452587141144,94.8565491265603));
#1603=CARTESIAN_POINT('Ctrl Pts',(-131.677134448402,-90.1076629719469,94.898403619192));
#1604=CARTESIAN_POINT('Ctrl Pts',(-131.655780188125,-90.1382474082902,94.9271222636252));
#1605=CARTESIAN_POINT('Ctrl Pts',(-131.596990460507,-90.1979733907068,94.9996780094484));
#1606=CARTESIAN_POINT('Ctrl Pts',(-131.555682039116,-90.2225534732993,95.0460355830232));
#1607=CARTESIAN_POINT('Ctrl Pts',(-131.511867801898,-90.2368856491122,95.0920835260331));
#1608=CARTESIAN_POINT('Ctrl Pts',(-131.511760823758,-90.2369205767004,95.0921959404304));
#1609=CARTESIAN_POINT('Ctrl Pts',(-131.511653824238,-90.236955445004,95.0923083596722));
#1610=CARTESIAN_POINT('Ctrl Pts',(-131.511653984662,-90.2369554162817,95.0923085212707));
#1611=CARTESIAN_POINT('Ctrl Pts',(-126.799702368121,-91.4192356311059,95.0923085212707));
#1612=CARTESIAN_POINT('Ctrl Pts',(-121.734474881539,-92.6896490962818,95.0923085212707));
#1613=CARTESIAN_POINT('Ctrl Pts',(-116.577335117463,-93.9853000827681,95.0923085212707));
#1614=CARTESIAN_POINT('Origin',(-147.021102081771,-88.346580902062,90.020268105382));
#1615=CARTESIAN_POINT('',(-117.002683465539,-90.145299910894,104.692308902741));
#1616=CARTESIAN_POINT('',(-116.735622710937,-96.0632579109688,89.8974139776888));
#1617=CARTESIAN_POINT('',(-165.293987466483,-77.9182391673058,104.692308902741));
#1618=CARTESIAN_POINT('',(-161.811057807683,-78.8000955053117,104.692308902741));
#1619=CARTESIAN_POINT('',(-165.005996896415,-81.787281227937,95.0923085212707));
#1620=CARTESIAN_POINT('',(-165.306693122277,-77.7475435898073,105.115844647098));
#1621=CARTESIAN_POINT('',(-148.716472658751,-85.9116884366174,95.0923085212707));
#1622=CARTESIAN_POINT('',(-143.178141594168,-87.3139597512094,95.0923085212707));
#1623=CARTESIAN_POINT('',(-150.373977849193,-91.9200766229103,78.836424376875));
#1624=CARTESIAN_POINT('',(-152.053247982448,-98.0073618323718,62.3670818426222));
#1625=CARTESIAN_POINT('',(-141.453393451201,-94.1787169450085,78.836416044122));
#1626=CARTESIAN_POINT('',(-135.342489193812,-95.7259625227005,78.8364103359024));
#1627=CARTESIAN_POINT('',(-140.375470561395,-90.271249215291,89.408186148624));
#1628=CARTESIAN_POINT('',(-145.416701297388,-89.6327399987091,87.7950056882023));
#1629=CARTESIAN_POINT('Origin',(-145.416701297388,-90.3681877319786,85.9351356304755));
#1630=CARTESIAN_POINT('Origin',(-51.4599441596252,-96.9521962593733,87.6750679787207));
#1631=CARTESIAN_POINT('',(-53.1766817569737,-93.9853000286375,95.0923085212707));
#1632=CARTESIAN_POINT('',(-95.7347473401729,-93.985300064973,95.0923085212707));
#1633=CARTESIAN_POINT('',(-53.1766817569737,-99.6103653357014,81.0296453255689));
#1634=CARTESIAN_POINT('',(-53.1766817569729,-96.8248764012968,87.9933676259473));
#1635=CARTESIAN_POINT('',(-43.1766817569737,-99.6103653283412,81.0296453226248));
#1636=CARTESIAN_POINT('',(-49.818312957764,-99.6103653332297,81.0296453245801));
#1637=CARTESIAN_POINT('',(-43.1766817569738,-93.9853000200996,95.0923085212707));
#1638=CARTESIAN_POINT('',(-43.1766817569729,-96.8248763939366,87.9933676230033));
#1639=CARTESIAN_POINT('',(-31.2000010013584,-93.9853000098741,95.0923085212707));
#1640=CARTESIAN_POINT('',(-95.7347473401729,-93.985300064973,95.0923085212707));
#1641=CARTESIAN_POINT('',(-31.2000010013584,-90.1452998376368,104.692308902741));
#1642=CARTESIAN_POINT('',(-31.2000010013576,-94.312943934802,94.2731987131423));
#1643=CARTESIAN_POINT('',(-107.218181847715,-90.1452999025401,104.692308902741));
#1644=CARTESIAN_POINT('Origin',(-139.907483816147,-88.5747992992406,88.0875778198247));
#1645=CARTESIAN_POINT('',(-137.113480777086,-78.4465506299703,78.836416044126));
#1646=CARTESIAN_POINT('',(-139.907483477748,-88.5747993925897,78.8364160441234));
#1647=CARTESIAN_POINT('',(-137.113481059489,-78.4465505520658,86.5567749392216));
#1648=CARTESIAN_POINT('',(-137.113481115484,-78.4465505366188,88.0875778198246));
#1649=CARTESIAN_POINT('',(-139.118296462361,-85.7139984749375,86.5567749392215));
#1650=CARTESIAN_POINT('',(-139.907483760151,-88.5747993146875,86.5567749392216));
#1651=CARTESIAN_POINT('Origin',(-139.415903732593,-86.7928230699138,90.6567831594547));
#1652=CARTESIAN_POINT('',(-140.014244364285,-88.96180635442,90.6567831594547));
#1653=CARTESIAN_POINT('Origin',(-139.415903513119,-86.7928231304584,90.6567831594547));
#1654=CARTESIAN_POINT('Origin',(-118.706099299208,-83.5244597549466,78.8363987492153));
#1655=CARTESIAN_POINT('',(-145.982222165068,-75.9999960847074,78.836424376875));
#1656=CARTESIAN_POINT('',(-115.475810939038,34.5855097087193,78.8364243768753));
#1657=CARTESIAN_POINT('',(-118.706099299208,-83.5244597549466,78.8363987492153));
#1658=CARTESIAN_POINT('Origin',(-115.475899075195,34.5855340221938,-22.1075763537383));
#1659=CARTESIAN_POINT('',(-145.982207971749,-76.000000000114,95.0923085212707));
#1660=CARTESIAN_POINT('',(-145.982207971757,-76.0000000001118,95.0923085212707));
#1661=CARTESIAN_POINT('',(-145.982207971757,-76.0000000001118,95.0922906472058));
#1662=CARTESIAN_POINT('',(-148.882978659186,-86.5152562990096,90.6567828103545));
#1663=CARTESIAN_POINT('Origin',(-148.284637232315,-84.3462732338625,90.6567828103577));
#1664=CARTESIAN_POINT('Origin',(-140.009550522491,-88.9447897074052,95.0923085212707));
#1665=CARTESIAN_POINT('',(-128.885290929955,-80.716400926548,95.0923085212707));
#1666=CARTESIAN_POINT('',(-131.781359478259,-91.2146379840387,95.0923085212707));
#1667=CARTESIAN_POINT('',(-137.113481371717,-78.4465504659338,95.0923085212707));
#1668=CARTESIAN_POINT('',(-165.005996896415,81.787281227937,95.0923085212707));
#1669=CARTESIAN_POINT('',(-165.005996896415,-15.4426910018427,95.0923085212707));
#1670=CARTESIAN_POINT('',(-148.716472658751,85.9116884366174,95.0923085212707));
#1671=CARTESIAN_POINT('',(-164.341680950886,81.9554819337777,95.0923085212707));
#1672=CARTESIAN_POINT('',(-145.98220797175,76.000000000113,95.0923085212707));
#1673=CARTESIAN_POINT('',(-145.982207971758,76.0000000001109,95.0923085212707));
#1674=CARTESIAN_POINT('',(-128.885291242177,80.7164008404171,95.0923085212707));
#1675=CARTESIAN_POINT('',(-137.113481371718,78.4465504659329,95.0923085212707));
#1676=CARTESIAN_POINT('',(-131.511653984662,90.2369554162817,95.0923085212707));
#1677=CARTESIAN_POINT('',(-86.178684649382,-74.0948795054032,95.0923085212707));
#1678=CARTESIAN_POINT('',(-116.577335117463,93.9853000827681,95.0923085212707));
#1679=CARTESIAN_POINT('Ctrl Pts',(-131.511653984662,90.2369554162817,95.0923085212707));
#1680=CARTESIAN_POINT('Ctrl Pts',(-126.944892959266,91.3828057232338,95.0923085212707));
#1681=CARTESIAN_POINT('Ctrl Pts',(-122.031037558453,92.6151423459362,95.0923085212707));
#1682=CARTESIAN_POINT('Ctrl Pts',(-116.577335117463,93.9853000827681,95.0923085212707));
#1683=CARTESIAN_POINT('',(-53.1766817569737,93.9853000286375,95.0923085212707));
#1684=CARTESIAN_POINT('',(-95.7347472642331,93.985300064973,95.0923085212707));
#1685=CARTESIAN_POINT('',(-53.1766817569737,89.946428994569,95.0923085212707));
#1686=CARTESIAN_POINT('',(-53.1766817569735,55.4434020089853,95.0923085212707));
#1687=CARTESIAN_POINT('',(-43.1766817569737,89.946428994114,95.0923085215757));
#1688=CARTESIAN_POINT('',(-78.5518097973249,89.94642899458,95.0923085212707));
#1689=CARTESIAN_POINT('',(-43.1766817569738,93.9853000200996,95.0923085212707));
#1690=CARTESIAN_POINT('',(-43.1766817569736,55.4434020089854,95.0923085212707));
#1691=CARTESIAN_POINT('',(-31.2000010013584,93.9853000098741,95.0923085212707));
#1692=CARTESIAN_POINT('',(-95.7347472642331,93.985300064973,95.0923085212707));
#1693=CARTESIAN_POINT('',(-31.2000010013583,79.2560949325562,95.0923085212707));
#1694=CARTESIAN_POINT('',(-31.2000010013582,52.3344153928507,95.0923085212707));
#1695=CARTESIAN_POINT('',(-0.800000190735246,79.2560949325563,95.0923085212707));
#1696=CARTESIAN_POINT('',(-140.009550522492,79.2560949325558,95.0923085212707));
#1697=CARTESIAN_POINT('',(-0.800000190735313,94.793076220335,95.0923085212707));
#1698=CARTESIAN_POINT('',(-0.800000190735126,52.3344153928509,95.0923085212707));
#1699=CARTESIAN_POINT('',(41.8000009059902,94.7930762203352,95.0923085212707));
#1700=CARTESIAN_POINT('',(-108.926931196046,94.7930762203346,95.0923085212707));
#1701=CARTESIAN_POINT('',(41.8000009059904,58.6426877975467,95.0923085212707));
#1702=CARTESIAN_POINT('',(41.8000009059907,-15.4426884651181,95.0923085212707));
#1703=CARTESIAN_POINT('',(-66.3834593296054,58.6426877975463,95.0923085212707));
#1704=CARTESIAN_POINT('',(-62.8005566863183,58.6426877975463,95.0923085212707));
#1705=CARTESIAN_POINT('',(-94.1726181507113,72.9426908493039,95.0923085212707));
#1706=CARTESIAN_POINT('',(-81.360944654578,66.3499410913054,95.0923085212707));
#1707=CARTESIAN_POINT('',(-157.708737711845,72.9426908493037,95.0923085212087));
#1708=CARTESIAN_POINT('',(-120.591893699563,72.9426908493038,95.0923085212707));
#1709=CARTESIAN_POINT('',(-157.708737711845,-72.9426908493047,95.0923085212087));
#1710=CARTESIAN_POINT('',(-157.708737712264,-15.4426901308451,95.0923085212707));
#1711=CARTESIAN_POINT('',(-94.1726181507107,-72.9426908493045,95.0923085212707));
#1712=CARTESIAN_POINT('',(-120.591893699563,-72.9426908493046,95.0923085212707));
#1713=CARTESIAN_POINT('',(-66.3834593296048,-58.6426877975465,95.0923085212707));
#1714=CARTESIAN_POINT('',(-81.3609446545774,-66.3499410913058,95.0923085212707));
#1715=CARTESIAN_POINT('',(41.8000009059909,-58.6426877975461,95.0923085212707));
#1716=CARTESIAN_POINT('',(-53.487227773033,-58.6426877975465,95.0923085212707));
#1717=CARTESIAN_POINT('',(41.800000905991,-94.7930762203345,95.0923085212707));
#1718=CARTESIAN_POINT('',(41.8000009059907,-15.4426884651181,95.0923085212707));
#1719=CARTESIAN_POINT('',(-0.800000190734491,-94.7930762203347,95.0923085212707));
#1720=CARTESIAN_POINT('',(18.0000003576283,-94.7930762203346,95.0923085212707));
#1721=CARTESIAN_POINT('',(-0.800000190734558,-79.256094932556,95.0923085212707));
#1722=CARTESIAN_POINT('',(-0.800000190734673,-52.3344153928505,95.0923085212707));
#1723=CARTESIAN_POINT('',(-31.2000010013577,-79.2560949325562,95.0923085212707));
#1724=CARTESIAN_POINT('',(-8.66666690508485,-79.2560949325561,95.0923085212707));
#1725=CARTESIAN_POINT('',(-31.2000010013578,-52.3344153928507,95.0923085212707));
#1726=CARTESIAN_POINT('',(-43.1766817569729,-89.946428994114,95.0923085215757));
#1727=CARTESIAN_POINT('',(-43.1766817569731,-55.4434020089854,95.0923085212707));
#1728=CARTESIAN_POINT('',(-53.1766817569729,-89.9464289941185,95.0923085215757));
#1729=CARTESIAN_POINT('',(-78.5518097973241,-89.9464289945804,95.0923085212707));
#1730=CARTESIAN_POINT('',(-53.1766817569731,-55.4434020089855,95.0923085212707));
#1731=CARTESIAN_POINT('Origin',(-165.150999709802,-15.442688465119,99.9258940914285));
#1732=CARTESIAN_POINT('',(-165.293987466483,77.9182391673058,104.692308902741));
#1733=CARTESIAN_POINT('',(-165.293987466483,-15.442688465119,104.692308902741));
#1734=CARTESIAN_POINT('',(-165.467187373025,75.5913653285372,110.465828391481));
#1735=CARTESIAN_POINT('Origin',(-139.907483816147,88.5747992992396,88.0875778198247));
#1736=CARTESIAN_POINT('',(-139.118296777908,85.71399961879,86.556774615338));
#1737=CARTESIAN_POINT('',(-139.693385819741,87.7986939527951,94.7767015395057));
#1738=CARTESIAN_POINT('Origin',(-139.415903732594,86.7928230699128,90.6567831594547));
#1739=CARTESIAN_POINT('',(-137.11348105949,78.4465505520649,86.5567746153381));
#1740=CARTESIAN_POINT('',(-94.4068750691721,-76.3647276097766,86.5567746153381));
#1741=CARTESIAN_POINT('',(-137.113480777087,78.4465506299694,78.836416044126));
#1742=CARTESIAN_POINT('',(-137.113481371709,78.4465504659352,95.0922642949818));
#1743=CARTESIAN_POINT('',(-141.453393451201,94.1787169450085,78.836416044122));
#1744=CARTESIAN_POINT('',(-139.907483477748,88.5747993925888,78.8364160441234));
#1745=CARTESIAN_POINT('',(-139.787486247758,88.1398075761504,95.1748648671161));
#1746=CARTESIAN_POINT('',(-140.375470561395,90.2712492152909,89.4081861486241));
#1747=CARTESIAN_POINT('Ctrl Pts',(-139.69338581963,87.7986939528249,94.7767015395019));
#1748=CARTESIAN_POINT('Ctrl Pts',(-139.697983435563,87.8153602929148,94.7723228287301));
#1749=CARTESIAN_POINT('Ctrl Pts',(-139.702661150414,87.8323144361401,94.769554361511));
#1750=CARTESIAN_POINT('Ctrl Pts',(-139.707363947343,87.8493588986334,94.7683430696594));
#1751=CARTESIAN_POINT('Ctrl Pts',(-139.712134338589,87.866648344872,94.767114367648));
#1752=CARTESIAN_POINT('Ctrl Pts',(-139.716930898133,87.8840321611765,94.7674879199749));
#1753=CARTESIAN_POINT('Ctrl Pts',(-139.721697601377,87.9013085345712,94.7694602467529));
#1754=CARTESIAN_POINT('Ctrl Pts',(-139.722530502477,87.9043272898169,94.7698048776353));
#1755=CARTESIAN_POINT('Ctrl Pts',(-139.723362487515,87.9073427436073,94.770198448486));
#1756=CARTESIAN_POINT('Ctrl Pts',(-139.724193248948,87.9103537808558,94.7706411011568));
#1757=CARTESIAN_POINT('Ctrl Pts',(-139.728950260763,87.9275952405492,94.7731757686324));
#1758=CARTESIAN_POINT('Ctrl Pts',(-139.733625645196,87.9445417538339,94.7772934317296));
#1759=CARTESIAN_POINT('Ctrl Pts',(-139.738164639581,87.9609939174867,94.7829677942485));
#1760=CARTESIAN_POINT('Ctrl Pts',(-139.739532130859,87.9659505639141,94.7846773449983));
#1761=CARTESIAN_POINT('Ctrl Pts',(-139.740887235751,87.9708623044278,94.7865285493287));
#1762=CARTESIAN_POINT('Ctrl Pts',(-139.742228415595,87.9757234998857,94.7885216005425));
#1763=CARTESIAN_POINT('Ctrl Pts',(-139.74604703947,87.9895643558476,94.7941962406621));
#1764=CARTESIAN_POINT('Ctrl Pts',(-139.749753060028,88.0029966266989,94.8010191027993));
#1765=CARTESIAN_POINT('Ctrl Pts',(-139.75331354443,88.0159026168447,94.808905876985));
#1766=CARTESIAN_POINT('Ctrl Pts',(-139.757448554721,88.030891139767,94.8180652746236));
#1767=CARTESIAN_POINT('Ctrl Pts',(-139.761351216051,88.0450393139149,94.8285784373524));
#1768=CARTESIAN_POINT('Ctrl Pts',(-139.764975533944,88.058179939934,94.8402822905593));
#1769=CARTESIAN_POINT('Ctrl Pts',(-139.768569455522,88.071210358563,94.8518879862571));
#1770=CARTESIAN_POINT('Ctrl Pts',(-139.771889987323,88.0832512471155,94.8646655161602));
#1771=CARTESIAN_POINT('Ctrl Pts',(-139.774884776808,88.0941087136928,94.8784941625311));
#1772=CARTESIAN_POINT('Ctrl Pts',(-139.775413313147,88.0960248970075,94.8809347154217));
#1773=CARTESIAN_POINT('Ctrl Pts',(-139.775931677831,88.0979041157445,94.8834080821985));
#1774=CARTESIAN_POINT('Ctrl Pts',(-139.776439547361,88.0997451594938,94.8859136876615));
#1775=CARTESIAN_POINT('Ctrl Pts',(-139.777729311459,88.1044205967713,94.8922768179178));
#1776=CARTESIAN_POINT('Ctrl Pts',(-139.77894641318,88.1088318210423,94.8988231314679));
#1777=CARTESIAN_POINT('Ctrl Pts',(-139.780086928916,88.1129638978824,94.905539617917));
#1778=CARTESIAN_POINT('Ctrl Pts',(-139.782664426287,88.1223021444776,94.9207184757028));
#1779=CARTESIAN_POINT('Ctrl Pts',(-139.784851577736,88.1302179427536,94.9367646677904));
#1780=CARTESIAN_POINT('Ctrl Pts',(-139.786645658884,88.1367104646318,94.953453555288));
#1781=CARTESIAN_POINT('Ctrl Pts',(-139.787926690043,88.1413463323239,94.9653699532328));
#1782=CARTESIAN_POINT('Ctrl Pts',(-139.789007092716,88.1452556368814,94.9776148767018));
#1783=CARTESIAN_POINT('Ctrl Pts',(-139.789882190166,88.1484232530748,94.9901118611781));
#1784=CARTESIAN_POINT('Ctrl Pts',(-139.791113577415,88.1528805420188,95.0076969053687));
#1785=CARTESIAN_POINT('Ctrl Pts',(-139.791929147161,88.1558357855435,95.025640127158));
#1786=CARTESIAN_POINT('Ctrl Pts',(-139.792325018002,88.1572757153734,95.0437194833902));
#1787=CARTESIAN_POINT('Ctrl Pts',(-139.792612593078,88.1583217331299,95.0568529897956));
#1788=CARTESIAN_POINT('Ctrl Pts',(-139.792678448326,88.1585671301694,95.0700589685272));
#1789=CARTESIAN_POINT('Ctrl Pts',(-139.792516918892,88.1579901300735,95.0832536917909));
#1790=CARTESIAN_POINT('Ctrl Pts',(-139.792297762765,88.1572072813822,95.1011557197319));
#1791=CARTESIAN_POINT('Ctrl Pts',(-139.791662026894,88.1549178327469,95.1189113770284));
#1792=CARTESIAN_POINT('Ctrl Pts',(-139.790602524737,88.1510887263877,95.136312788355));
#1793=CARTESIAN_POINT('Ctrl Pts',(-139.789806049225,88.1482102146007,95.1493942133449));
#1794=CARTESIAN_POINT('Ctrl Pts',(-139.78876986078,88.1444606698189,95.1622757775018));
#1795=CARTESIAN_POINT('Ctrl Pts',(-139.787486247754,88.1398075761514,95.1748648671159));
#1796=CARTESIAN_POINT('',(-140.014244364285,88.9618063544191,90.6567831594547));
#1797=CARTESIAN_POINT('Origin',(-139.41590351312,86.7928231304575,90.6567831594547));
#1798=CARTESIAN_POINT('Origin',(-143.296724975587,-81.995249772658,82.6242278509747));
#1799=CARTESIAN_POINT('',(-143.296724975587,-81.2598020393885,84.4840979087015));
#1800=CARTESIAN_POINT('Origin',(-143.296724975587,-81.995249772658,82.6242278509747));
#1801=CARTESIAN_POINT('',(-143.296724975587,-81.2598020393885,84.4840979087015));
#1802=CARTESIAN_POINT('Ctrl Pts',(-139.700436268373,87.7969143091441,94.7766611758462));
#1803=CARTESIAN_POINT('Ctrl Pts',(-132.266444179349,89.6733688211923,94.8192244410085));
#1804=CARTESIAN_POINT('Ctrl Pts',(-124.512589677558,91.6353574850957,94.8514953080131));
#1805=CARTESIAN_POINT('Ctrl Pts',(-116.496782308888,93.668227217986,94.8732327623744));
#1806=CARTESIAN_POINT('Ctrl Pts',(-139.715067556687,87.855633933398,94.7613369548455));
#1807=CARTESIAN_POINT('Ctrl Pts',(-132.281012375749,89.731590058101,94.8066619327445));
#1808=CARTESIAN_POINT('Ctrl Pts',(-124.527031599115,91.6928892078486,94.8415686107074));
#1809=CARTESIAN_POINT('Ctrl Pts',(-116.511051220997,93.7249245589153,94.8658444451995));
#1810=CARTESIAN_POINT('Ctrl Pts',(-139.746787766163,87.9819176563107,94.7698093322067));
#1811=CARTESIAN_POINT('Ctrl Pts',(-132.312082451761,89.8549814764915,94.8195232515138));
#1812=CARTESIAN_POINT('Ctrl Pts',(-124.557401765233,91.8132900664511,94.8585242615694));
#1813=CARTESIAN_POINT('Ctrl Pts',(-116.540644138345,93.8420963836203,94.8865866566411));
#1814=CARTESIAN_POINT('Ctrl Pts',(-139.790928785644,88.1543795485568,94.9154870693822));
#1815=CARTESIAN_POINT('Ctrl Pts',(-132.354429138961,90.0206197514458,94.9663503260709));
#1816=CARTESIAN_POINT('Ctrl Pts',(-124.597949663582,91.9721159404885,95.0061611671168));
#1817=CARTESIAN_POINT('Ctrl Pts',(-116.579439126043,93.9943112160246,95.0346897496239));
#1818=CARTESIAN_POINT('Ctrl Pts',(-139.796430856672,88.1721192419571,95.0874248199909));
#1819=CARTESIAN_POINT('Ctrl Pts',(-132.359227935378,90.0364067077789,95.1346314145414));
#1820=CARTESIAN_POINT('Ctrl Pts',(-124.602165610535,91.9863293557925,95.1707990936885));
#1821=CARTESIAN_POINT('Ctrl Pts',(-116.583050692039,94.0067862370265,95.1957067652628));
#1822=CARTESIAN_POINT('Ctrl Pts',(-139.788782228117,88.1394825817731,95.1748569267206));
#1823=CARTESIAN_POINT('Ctrl Pts',(-132.351636006734,90.0045033760407,95.2204246374234));
#1824=CARTESIAN_POINT('Ctrl Pts',(-124.59457844484,91.9548809593848,95.2549734267872));
#1825=CARTESIAN_POINT('Ctrl Pts',(-116.575543010328,93.9760489661176,95.2782452676975));
#1826=CARTESIAN_POINT('',(-116.832737860216,93.9112255936086,95.2774947437669));
#1827=CARTESIAN_POINT('Ctrl Pts',(-116.577335117463,93.9853000827681,95.0923085212707));
#1828=CARTESIAN_POINT('Ctrl Pts',(-116.634078491377,93.9769112037641,95.1132807187947));
#1829=CARTESIAN_POINT('Ctrl Pts',(-116.70983407953,93.9642170539204,95.1450160934028));
#1830=CARTESIAN_POINT('Ctrl Pts',(-116.782994763846,93.9433127410092,95.1972768755696));
#1831=CARTESIAN_POINT('Ctrl Pts',(-116.801924277754,93.9368589701056,95.2134113027866));
#1832=CARTESIAN_POINT('Ctrl Pts',(-116.820415991917,93.9267418249652,95.2387041655477));
#1833=CARTESIAN_POINT('Ctrl Pts',(-116.824971505688,93.923623364959,95.2465003155329));
#1834=CARTESIAN_POINT('Ctrl Pts',(-116.830937348771,93.9173872148735,95.2620906906796));
#1835=CARTESIAN_POINT('Ctrl Pts',(-116.832597095408,93.9143448846496,95.2696965162041));
#1836=CARTESIAN_POINT('Ctrl Pts',(-116.832737860216,93.9112255936086,95.2774947437669));
#1837=CARTESIAN_POINT('',(-131.681921717566,89.8227144772415,94.8180128860966));
#1838=CARTESIAN_POINT('Ctrl Pts',(-131.681921717567,89.8227144772414,94.8180128860967));
#1839=CARTESIAN_POINT('Ctrl Pts',(-131.694748295075,89.8477225019662,94.8122985262692));
#1840=CARTESIAN_POINT('Ctrl Pts',(-131.70414463903,89.874609664654,94.8103906040808));
#1841=CARTESIAN_POINT('Ctrl Pts',(-131.71491600586,89.9303069370606,94.8148186219401));
#1842=CARTESIAN_POINT('Ctrl Pts',(-131.716165904129,89.9578115826442,94.8209280200359));
#1843=CARTESIAN_POINT('Ctrl Pts',(-131.7110603976,90.0159477737997,94.8413098065202));
#1844=CARTESIAN_POINT('Ctrl Pts',(-131.703336800514,90.0452616080079,94.8565507041303));
#1845=CARTESIAN_POINT('Ctrl Pts',(-131.677131697368,90.1076687744667,94.8984081233972));
#1846=CARTESIAN_POINT('Ctrl Pts',(-131.655775176627,90.1382546189534,94.927129323547));
#1847=CARTESIAN_POINT('Ctrl Pts',(-131.596979293171,90.197982324639,94.9996914673259));
#1848=CARTESIAN_POINT('Ctrl Pts',(-131.555666475759,90.2225620040805,95.0460531749418));
#1849=CARTESIAN_POINT('Ctrl Pts',(-131.511854570239,90.2368899926674,95.0920977602004));
#1850=CARTESIAN_POINT('Ctrl Pts',(-131.511754286844,90.2369227305222,95.0922031386068));
#1851=CARTESIAN_POINT('Ctrl Pts',(-131.511653984662,90.2369554162817,95.0923085212708));
#1852=CARTESIAN_POINT('Origin',(-11.651836115456,122.038121476023,90.6567881885893));
#1853=CARTESIAN_POINT('Origin',(-11.7205921110401,122.309676247384,90.7641689920096));
#1854=CARTESIAN_POINT('Origin',(-87.8827986175516,-74.5649804222442,93.3245416353828));
#1855=CARTESIAN_POINT('',(-130.589425631065,80.2462938035244,93.3245203224602));
#1856=CARTESIAN_POINT('Origin',(-135.463526065799,87.8831353375003,90.6567833150308));
#1857=CARTESIAN_POINT('Origin',(32.4502329176811,134.204222731172,90.6567899245644));
#1858=CARTESIAN_POINT('Origin',(41.8000009059907,-15.4426884651181,99.8923087120057));
#1859=CARTESIAN_POINT('',(41.8000009059909,-58.6426877975461,104.692308902741));
#1860=CARTESIAN_POINT('',(41.8000009059909,-58.6426877975461,97.4923086166382));
#1861=CARTESIAN_POINT('',(41.800000905991,-90.9530732067236,104.692308902741));
#1862=CARTESIAN_POINT('',(41.8000009059907,-15.4426884651181,104.692308902741));
#1863=CARTESIAN_POINT('',(41.800000905991,-82.1930077184711,126.592456306491));
#1864=CARTESIAN_POINT('Origin',(-211.427617193762,-66.9275011761261,90.6567803248815));
#1865=CARTESIAN_POINT('',(-212.025958044927,-69.0964844000877,90.6567803248815));
#1866=CARTESIAN_POINT('Origin',(-138.203369727319,-89.0449002493667,88.324541758031));
#1867=CARTESIAN_POINT('Origin',(-135.463526078072,-87.8831353341155,90.6567833150308));
#1868=CARTESIAN_POINT('',(-123.795708985593,-82.1204265142531,100.371999063272));
#1869=CARTESIAN_POINT('Origin',(-147.021102081771,88.346580902062,90.020268105382));
#1870=CARTESIAN_POINT('',(-150.373977849193,91.9200766229103,78.836424376875));
#1871=CARTESIAN_POINT('',(-135.342489193812,95.7259625227005,78.8364103359024));
#1872=CARTESIAN_POINT('',(-152.053247982449,98.0073618323713,62.3670818426224));
#1873=CARTESIAN_POINT('',(-117.002683465539,90.145299910894,104.692308902741));
#1874=CARTESIAN_POINT('',(-165.485493890723,77.8697509201896,104.692308902741));
#1875=CARTESIAN_POINT('',(-116.735622710937,96.0632579109688,89.8974139776888));
#1876=CARTESIAN_POINT('',(-145.416701297389,91.1036354652477,84.0752655727489));
#1877=CARTESIAN_POINT('Origin',(-145.416701297389,90.3681877319782,85.9351356304757));
#1878=CARTESIAN_POINT('Origin',(-211.427617193763,66.9275011761246,90.6567803248815));
#1879=CARTESIAN_POINT('',(-148.882978659187,86.5152562990086,90.6567828103545));
#1880=CARTESIAN_POINT('Origin',(-148.284637232316,84.3462732338616,90.6567828103577));
#1881=CARTESIAN_POINT('',(-212.025958044928,69.0964844000862,90.6567803248815));
#1882=CARTESIAN_POINT('Origin',(-118.706085105897,-83.524463670351,95.0922650195461));
#1883=CARTESIAN_POINT('Origin',(-0.800000190734513,-89.2261397838592,99.8923087120057));
#1884=CARTESIAN_POINT('',(-0.800000190734504,-90.9530732067238,104.692308902741));
#1885=CARTESIAN_POINT('',(-0.800000190734496,-92.9176416565216,99.7808914375372));
#1886=CARTESIAN_POINT('',(-0.800000190734558,-79.256094932556,104.692308902741));
#1887=CARTESIAN_POINT('',(-0.800000190734673,-52.3344137794091,104.692308902741));
#1888=CARTESIAN_POINT('',(-0.800000190734558,-79.256094932556,102.852376778921));
#1889=CARTESIAN_POINT('Origin',(-8.66666690508485,-79.2560949325561,102.852376778921));
#1890=CARTESIAN_POINT('',(-31.2000010013577,-79.2560949325562,104.692308902741));
#1891=CARTESIAN_POINT('',(-162.976419593774,-79.2560949325567,104.692308902741));
#1892=CARTESIAN_POINT('',(-31.2000010013577,-79.2560949325562,99.8923087120057));
#1893=CARTESIAN_POINT('',(-6.00000059604611,-79.2560949325561,102.342307754799));
#1894=CARTESIAN_POINT('Origin',(-6.00000059604611,-79.2560949325561,99.5423077547987));
#1895=CARTESIAN_POINT('',(-26.0000005960461,-79.2560949325561,102.342307754799));
#1896=CARTESIAN_POINT('Origin',(-26.0000005960461,-79.2560949325561,99.5423077547987));
#1897=CARTESIAN_POINT('Origin',(-31.2000010013576,-89.2261397838593,99.8923087120057));
#1898=CARTESIAN_POINT('',(-31.2000010013578,-52.3344137794093,104.692308902741));
#1899=CARTESIAN_POINT('Origin',(-132.256856203079,-72.9426908493046,100.747257709504));
#1900=CARTESIAN_POINT('',(-157.996748991528,-72.9426908493047,104.692308902741));
#1901=CARTESIAN_POINT('',(-94.1726181507107,-72.9426908493045,104.692308902741));
#1902=CARTESIAN_POINT('',(-91.9256714613807,-72.9426908493045,104.692308902741));
#1903=CARTESIAN_POINT('',(-94.1726181507107,-72.9426908493045,100.319783210755));
#1904=CARTESIAN_POINT('',(-157.875422425102,-72.9426908493047,100.648248243199));
#1905=CARTESIAN_POINT('Origin',(-80.2780387401578,-65.7926893234255,99.8923087120057));
#1906=CARTESIAN_POINT('',(-66.3834593296048,-58.6426877975465,104.692308902741));
#1907=CARTESIAN_POINT('',(-58.6963534085002,-54.6869855455052,104.692308902741));
#1908=CARTESIAN_POINT('',(-66.3834593296048,-58.6426877975465,99.8923087120057));
#1909=CARTESIAN_POINT('Origin',(-16.6741821765897,-58.6426877975463,99.8923087120057));
#1910=CARTESIAN_POINT('',(-34.1343344481365,-58.6426877975464,104.692308902741));
#1911=CARTESIAN_POINT('',(-6.0000005960462,-58.6426877975463,102.342307754799));
#1912=CARTESIAN_POINT('Origin',(-6.0000005960462,-58.6426877975463,99.5423077547987));
#1913=CARTESIAN_POINT('',(-26.0000005960462,-58.6426877975464,102.342307754799));
#1914=CARTESIAN_POINT('Origin',(-26.0000005960462,-58.6426877975464,99.5423077547987));
#1915=CARTESIAN_POINT('Origin',(18.0000003576283,-92.9176416565215,99.7808914375372));
#1916=CARTESIAN_POINT('',(18.0000003576283,-90.9530732067237,104.692308902741));
#1917=CARTESIAN_POINT('Origin',(41.8000009059907,-15.4426884651181,99.8923087120057));
#1918=CARTESIAN_POINT('',(41.8000009059904,58.6426877975467,104.692308902741));
#1919=CARTESIAN_POINT('',(41.8000009059904,58.6426877975467,102.292308807373));
#1920=CARTESIAN_POINT('',(41.8000009059902,90.9530732067243,104.692308902741));
#1921=CARTESIAN_POINT('',(41.8000009059902,92.9176416565221,99.7808914375372));
#1922=CARTESIAN_POINT('',(41.8000009059907,-15.4426884651181,104.692308902741));
#1923=CARTESIAN_POINT('Origin',(18.0000003576275,92.917641656522,99.7808914375372));
#1924=CARTESIAN_POINT('',(-0.800000190735295,90.9530732067241,104.692308902741));
#1925=CARTESIAN_POINT('',(-0.800000190735304,92.3700485598108,101.149873159344));
#1926=CARTESIAN_POINT('',(-51.594486719684,90.9530732067239,104.692308902741));
#1927=CARTESIAN_POINT('Origin',(-0.80000019073529,89.2261397838595,99.8923087120057));
#1928=CARTESIAN_POINT('',(-0.800000190735246,79.2560949325563,104.692308902741));
#1929=CARTESIAN_POINT('',(-0.800000190735246,79.2560949325563,99.8923087120057));
#1930=CARTESIAN_POINT('',(-0.800000190735126,52.3344137794095,104.692308902741));
#1931=CARTESIAN_POINT('Origin',(-8.66666690508555,79.2560949325563,102.852376778921));
#1932=CARTESIAN_POINT('',(-31.2000010013583,79.2560949325562,104.692308902741));
#1933=CARTESIAN_POINT('',(-8.66666690508555,79.2560949325563,104.692308902741));
#1934=CARTESIAN_POINT('',(-31.2000010013583,79.2560949325562,102.852376778921));
#1935=CARTESIAN_POINT('',(-6.0000005960468,79.2560949325563,102.342307754799));
#1936=CARTESIAN_POINT('Origin',(-6.0000005960468,79.2560949325563,99.5423077547987));
#1937=CARTESIAN_POINT('',(-26.0000005960468,79.2560949325562,102.342307754799));
#1938=CARTESIAN_POINT('Origin',(-26.0000005960468,79.2560949325562,99.5423077547987));
#1939=CARTESIAN_POINT('Origin',(-31.2000010013584,89.2261397838593,99.8923087120057));
#1940=CARTESIAN_POINT('',(-31.2000010013584,90.1452998376368,104.692308902741));
#1941=CARTESIAN_POINT('',(-31.2000010013584,94.312943934802,94.2731987131423));
#1942=CARTESIAN_POINT('',(-31.2000010013582,52.3344137794093,104.692308902741));
#1943=CARTESIAN_POINT('Origin',(-157.895492474238,-15.4426892598475,101.317223707835));
#1944=CARTESIAN_POINT('',(-157.996748991528,72.9426908493037,104.692308902741));
#1945=CARTESIAN_POINT('',(-157.996748991528,-15.4426888528961,104.692308902741));
#1946=CARTESIAN_POINT('',(-157.875422425102,72.9426908493037,100.648248243199));
#1947=CARTESIAN_POINT('Origin',(-132.256856203079,72.9426908493038,100.747257709504));
#1948=CARTESIAN_POINT('',(-94.1726181507113,72.9426908493039,104.692308902741));
#1949=CARTESIAN_POINT('',(-94.1726181507113,72.9426908493039,100.319783210755));
#1950=CARTESIAN_POINT('',(-91.9256714613813,72.9426908493039,104.692308902741));
#1951=CARTESIAN_POINT('Origin',(-162.976419593774,-15.4426884459447,104.692308902741));
#1952=CARTESIAN_POINT('',(-66.3834593296054,58.6426877975463,104.692308902741));
#1953=CARTESIAN_POINT('',(-58.6963534085007,54.686985545505,104.692308902741));
#1954=CARTESIAN_POINT('',(-64.9706623086747,58.6426877975463,104.692308902741));
#1955=CARTESIAN_POINT('',(-107.218181834531,90.1452999025401,104.692308902741));
#1956=CARTESIAN_POINT('Origin',(-51.4599441596252,96.9521962593733,87.6750679787207));
#1957=CARTESIAN_POINT('',(-43.1766817569737,99.6103653283412,81.0296453226248));
#1958=CARTESIAN_POINT('',(-43.1766817569737,96.8248763939366,87.9933676230033));
#1959=CARTESIAN_POINT('',(-53.1766817569737,99.6103653357014,81.0296453255689));
#1960=CARTESIAN_POINT('',(-49.8183129577644,99.6103653332297,81.0296453245801));
#1961=CARTESIAN_POINT('',(-53.1766817569737,96.8248764012968,87.9933676259474));
#1962=CARTESIAN_POINT('Origin',(-80.2780387401584,65.7926893234251,99.8923087120057));
#1963=CARTESIAN_POINT('',(-66.3834593296054,58.6426877975463,99.8923087120057));
#1964=CARTESIAN_POINT('Origin',(-16.6741821765903,58.6426877975465,99.8923087120057));
#1965=CARTESIAN_POINT('',(-6.00000059604671,58.6426877975465,102.342307754799));
#1966=CARTESIAN_POINT('Origin',(-6.00000059604671,58.6426877975465,99.5423077547987));
#1967=CARTESIAN_POINT('',(-26.0000005960467,58.6426877975464,102.342307754799));
#1968=CARTESIAN_POINT('Origin',(-26.0000005960467,58.6426877975464,99.5423077547987));
#1969=CARTESIAN_POINT('Origin',(-48.1766817569729,-98.3569192886354,80.5282711982727));
#1970=CARTESIAN_POINT('',(-53.1766817569729,-96.1285702503555,79.6369392123497));
#1971=CARTESIAN_POINT('',(-53.1766817569729,-98.3569090558626,80.5282671051987));
#1972=CARTESIAN_POINT('',(-43.1766817569729,-96.1285702503517,79.6369392123487));
#1973=CARTESIAN_POINT('',(-48.1766850778036,-96.128570251086,79.6369392126417));
#1974=CARTESIAN_POINT('',(-43.1766817569729,-98.3569090558625,80.5282671051987));
#1975=CARTESIAN_POINT('Origin',(-43.1766817569729,-95.4441130161285,87.8102898597717));
#1976=CARTESIAN_POINT('',(-43.1766817569729,-93.6555430170213,85.8195137651777));
#1977=CARTESIAN_POINT('Origin',(-48.1766883986333,-94.0953181471144,84.7200747898647));
#1978=CARTESIAN_POINT('',(-53.1766817569729,-93.6555430170252,85.8195137651787));
#1979=CARTESIAN_POINT('Origin',(-53.1766817569729,-95.4441130161286,87.8102898597717));
#1980=CARTESIAN_POINT('Origin',(-53.1766817569737,95.4441130161284,87.8102898597717));
#1981=CARTESIAN_POINT('',(-53.1766817569737,96.1285702503553,79.6369392123497));
#1982=CARTESIAN_POINT('',(-53.1766817569737,98.3569090558624,80.5282671051987));
#1983=CARTESIAN_POINT('',(-53.1766817569737,93.655543017025,85.8195137651787));
#1984=CARTESIAN_POINT('Origin',(-48.1766817569737,98.3569192886353,80.5282711982727));
#1985=CARTESIAN_POINT('',(-43.1766817569737,96.1285702503517,79.6369392123487));
#1986=CARTESIAN_POINT('',(-43.1766817569737,98.3569090558625,80.5282671051987));
#1987=CARTESIAN_POINT('',(-48.1766850778044,96.1285702510859,79.6369392126417));
#1988=CARTESIAN_POINT('Origin',(-43.1766817569737,95.4441130161285,87.8102898597717));
#1989=CARTESIAN_POINT('',(-43.1766817569737,93.6555430170213,85.8195137651777));
#1990=CARTESIAN_POINT('Origin',(-48.1766883986341,94.0953181471143,84.7200747898647));
#1991=CARTESIAN_POINT('Origin',(-115.475899075195,-34.5855340221945,-22.1075763537383));
#1992=CARTESIAN_POINT('',(-145.982222165069,75.9999960847065,78.836424376875));
#1993=CARTESIAN_POINT('',(-115.475810939038,-34.58550970872,78.8364243768753));
#1994=CARTESIAN_POINT('',(-145.982207971758,76.0000000001109,95.0922906472058));
#1995=CARTESIAN_POINT('Origin',(-118.706099299208,83.5244597549459,78.8363987492153));
#1996=CARTESIAN_POINT('',(-118.706099299208,83.5244597549459,78.8363987492153));
#1997=CARTESIAN_POINT('Origin',(-118.706085105898,83.5244636703503,95.0922650195461));
#1998=CARTESIAN_POINT('Origin',(-26.0000005960469,100.306723675997,99.5423077547987));
#1999=CARTESIAN_POINT('',(-26.0000005960469,100.306723675997,102.342307754799));
#2000=CARTESIAN_POINT('Origin',(-6.00000059604689,100.306723675997,99.5423077547987));
#2001=CARTESIAN_POINT('',(-6.00000059604689,100.306723675997,102.342307754799));
#2002=CARTESIAN_POINT('Origin',(-26.0000005960469,100.306723675997,99.5423077547987));
#2003=CARTESIAN_POINT('',(-26.0000005960469,100.306723675997,102.342307754799));
#2004=CARTESIAN_POINT('Origin',(-6.00000059604689,100.306723675997,99.5423077547987));
#2005=CARTESIAN_POINT('',(-6.00000059604689,100.306723675997,102.342307754799));
#2006=CARTESIAN_POINT('Origin',(32.4502329176823,-134.204222731171,90.6567899245644));
#2007=CARTESIAN_POINT('Origin',(-143.296724975588,81.995249772657,82.6242278509747));
#2008=CARTESIAN_POINT('',(-143.296724975588,82.7306975059265,80.7643577932478));
#2009=CARTESIAN_POINT('Origin',(-143.296724975588,81.995249772657,82.6242278509747));
#2010=CARTESIAN_POINT('',(-143.296724975588,82.7306975059265,80.7643577932479));
#2011=CARTESIAN_POINT('Origin',(-143.296724975588,81.995249772657,82.6242278509747));
#2012=CARTESIAN_POINT('Origin',(-143.296724975587,-81.995249772658,82.6242278509747));
#2013=CARTESIAN_POINT('',(0.,0.,0.));
#2014=UNCERTAINTY_MEASURE_WITH_UNIT(LENGTH_MEASURE(0.01),#2020,
'DISTANCE_ACCURACY_VALUE',
'Maximum model space distance between geometric entities at asserted c
onnectivities');
#2015=UNCERTAINTY_MEASURE_WITH_UNIT(LENGTH_MEASURE(0.01),#2020,
'DISTANCE_ACCURACY_VALUE',
'Maximum model space distance between geometric entities at asserted c
onnectivities');
#2016=UNCERTAINTY_MEASURE_WITH_UNIT(LENGTH_MEASURE(0.01),#2020,
'DISTANCE_ACCURACY_VALUE',
'Maximum model space distance between geometric entities at asserted c
onnectivities');
#2017=(
GEOMETRIC_REPRESENTATION_CONTEXT(3)
GLOBAL_UNCERTAINTY_ASSIGNED_CONTEXT((#2014))
GLOBAL_UNIT_ASSIGNED_CONTEXT((#2020,#2022,#2023))
REPRESENTATION_CONTEXT('','3D')
);
#2018=(
GEOMETRIC_REPRESENTATION_CONTEXT(3)
GLOBAL_UNCERTAINTY_ASSIGNED_CONTEXT((#2015))
GLOBAL_UNIT_ASSIGNED_CONTEXT((#2020,#2022,#2023))
REPRESENTATION_CONTEXT('','3D')
);
#2019=(
GEOMETRIC_REPRESENTATION_CONTEXT(3)
GLOBAL_UNCERTAINTY_ASSIGNED_CONTEXT((#2016))
GLOBAL_UNIT_ASSIGNED_CONTEXT((#2020,#2022,#2023))
REPRESENTATION_CONTEXT('','3D')
);
#2020=(
LENGTH_UNIT()
NAMED_UNIT(*)
SI_UNIT(.MILLI.,.METRE.)
);
#2021=(
LENGTH_UNIT()
NAMED_UNIT(*)
SI_UNIT($,.METRE.)
);
#2022=(
NAMED_UNIT(*)
PLANE_ANGLE_UNIT()
SI_UNIT($,.RADIAN.)
);
#2023=(
NAMED_UNIT(*)
SI_UNIT($,.STERADIAN.)
SOLID_ANGLE_UNIT()
);
#2024=SHAPE_DEFINITION_REPRESENTATION(#2026,#2029);
#2025=SHAPE_DEFINITION_REPRESENTATION(#2027,#2030);
#2026=PRODUCT_DEFINITION_SHAPE('',$,#2032);
#2027=PRODUCT_DEFINITION_SHAPE('',$,#2033);
#2028=PRODUCT_DEFINITION_SHAPE($,$,#14);
#2029=SHAPE_REPRESENTATION('',(#1136,#1216),#2017);
#2030=SHAPE_REPRESENTATION('',(#1137),#2018);
#2031=PRODUCT_DEFINITION_CONTEXT('part definition',#2039,'design');
#2032=PRODUCT_DEFINITION('Chassis','Chassis v25',#2034,#2031);
#2033=PRODUCT_DEFINITION('Chassis_1','Chassis',#2035,#2031);
#2034=PRODUCT_DEFINITION_FORMATION('',$,#2041);
#2035=PRODUCT_DEFINITION_FORMATION('',$,#2042);
#2036=PRODUCT_RELATED_PRODUCT_CATEGORY('Chassis v25','Chassis v25',(#2041));
#2037=PRODUCT_RELATED_PRODUCT_CATEGORY('Chassis','Chassis',(#2042));
#2038=APPLICATION_PROTOCOL_DEFINITION('international standard',
'automotive_design',2009,#2039);
#2039=APPLICATION_CONTEXT(
'Core Data for Automotive Mechanical Design Process');
#2040=PRODUCT_CONTEXT('part definition',#2039,'mechanical');
#2041=PRODUCT('Chassis','Chassis v25',$,(#2040));
#2042=PRODUCT('Chassis_1','Chassis',$,(#2040));
#2043=PRESENTATION_STYLE_ASSIGNMENT((#2051));
#2044=PRESENTATION_STYLE_ASSIGNMENT((#2052));
#2045=PRESENTATION_STYLE_ASSIGNMENT((#2053));
#2046=PRESENTATION_STYLE_ASSIGNMENT((#2054));
#2047=PRESENTATION_STYLE_ASSIGNMENT((#2055));
#2048=PRESENTATION_STYLE_ASSIGNMENT((#2056));
#2049=PRESENTATION_STYLE_ASSIGNMENT((#2057));
#2050=PRESENTATION_STYLE_ASSIGNMENT((#2058));
#2051=SURFACE_STYLE_USAGE(.BOTH.,#2059);
#2052=SURFACE_STYLE_USAGE(.BOTH.,#2060);
#2053=SURFACE_STYLE_USAGE(.BOTH.,#2061);
#2054=SURFACE_STYLE_USAGE(.BOTH.,#2062);
#2055=SURFACE_STYLE_USAGE(.BOTH.,#2063);
#2056=SURFACE_STYLE_USAGE(.BOTH.,#2064);
#2057=SURFACE_STYLE_USAGE(.BOTH.,#2065);
#2058=SURFACE_STYLE_USAGE(.BOTH.,#2066);
#2059=SURFACE_SIDE_STYLE('',(#2067));
#2060=SURFACE_SIDE_STYLE('',(#2068));
#2061=SURFACE_SIDE_STYLE('',(#2069));
#2062=SURFACE_SIDE_STYLE('',(#2070));
#2063=SURFACE_SIDE_STYLE('',(#2071));
#2064=SURFACE_SIDE_STYLE('',(#2072));
#2065=SURFACE_SIDE_STYLE('',(#2073));
#2066=SURFACE_SIDE_STYLE('',(#2074));
#2067=SURFACE_STYLE_FILL_AREA(#2075);
#2068=SURFACE_STYLE_FILL_AREA(#2076);
#2069=SURFACE_STYLE_FILL_AREA(#2077);
#2070=SURFACE_STYLE_FILL_AREA(#2078);
#2071=SURFACE_STYLE_FILL_AREA(#2079);
#2072=SURFACE_STYLE_FILL_AREA(#2080);
#2073=SURFACE_STYLE_FILL_AREA(#2081);
#2074=SURFACE_STYLE_FILL_AREA(#2082);
#2075=FILL_AREA_STYLE('Steel - Satin',(#2083));
#2076=FILL_AREA_STYLE('Aluminum - Satin',(#2084));
#2077=FILL_AREA_STYLE('Opaque(50,50,50)',(#2085));
#2078=FILL_AREA_STYLE('Opaque(255,255,255)',(#2086));
#2079=FILL_AREA_STYLE('Opaque(245,245,246)',(#2087));
#2080=FILL_AREA_STYLE('ABS (White) (1)',(#2088));
#2081=FILL_AREA_STYLE('Opaque(250,182,1)',(#2089));
#2082=FILL_AREA_STYLE('ABS (White)',(#2090));
#2083=FILL_AREA_STYLE_COLOUR('Steel - Satin',#2091);
#2084=FILL_AREA_STYLE_COLOUR('Aluminum - Satin',#2092);
#2085=FILL_AREA_STYLE_COLOUR('Opaque(50,50,50)',#2093);
#2086=FILL_AREA_STYLE_COLOUR('Opaque(255,255,255)',#2094);
#2087=FILL_AREA_STYLE_COLOUR('Opaque(245,245,246)',#2095);
#2088=FILL_AREA_STYLE_COLOUR('ABS (White) (1)',#2096);
#2089=FILL_AREA_STYLE_COLOUR('Opaque(250,182,1)',#2097);
#2090=FILL_AREA_STYLE_COLOUR('ABS (White)',#2098);
#2091=COLOUR_RGB('Steel - Satin',0.627450980392157,0.627450980392157,0.627450980392157);
#2092=COLOUR_RGB('Aluminum - Satin',0.96078431372549,0.96078431372549,0.964705882352941);
#2093=COLOUR_RGB('Opaque(50,50,50)',0.196078431372549,0.196078431372549,
0.196078431372549);
#2094=COLOUR_RGB('Opaque(255,255,255)',1.,1.,1.);
#2095=COLOUR_RGB('Opaque(245,245,246)',0.96078431372549,0.96078431372549,
0.964705882352941);
#2096=COLOUR_RGB('ABS (White) (1)',0.905882352941176,0.262745098039216,
0.184313725490196);
#2097=COLOUR_RGB('Opaque(250,182,1)',0.980392156862745,0.713725490196078,
0.00392156862745098);
#2098=COLOUR_RGB('ABS (White)',0.964705882352941,0.964705882352941,0.952941176470588);
ENDSEC;
END-ISO-10303-21;
