ISO-10303-21;
HEADER;
/* Generated by software containing ST-Developer
 * from STEP Tools, Inc. (www.steptools.com) 
 */

FILE_DESCRIPTION(
/* description */ (''),
/* implementation_level */ '2;1');

FILE_NAME(
/* name */ 'ActuatorArm.step',
/* time_stamp */ '2026-08-13T12:50:26-04:00',
/* author */ (''),
/* organization */ (''),
/* preprocessor_version */ 'ST-DEVELOPER v20.1',
/* originating_system */ 'Autodesk Translation Framework v15.8.0.0',
/* authorisation */ '');

FILE_SCHEMA (('AUTOMOTIVE_DESIGN { 1 0 10303 214 3 1 1 }'));
ENDSEC;

DATA;
#10=MECHANICAL_DESIGN_GEOMETRIC_PRESENTATION_REPRESENTATION('',(#17),#2260);
#11=ITEM_DEFINED_TRANSFORMATION($,$,#1287,#1402);
#12=(
REPRESENTATION_RELATIONSHIP($,$,#2271,#2270)
REPRESENTATION_RELATIONSHIP_WITH_TRANSFORMATION(#11)
SHAPE_REPRESENTATION_RELATIONSHIP()
);
#13=CONTEXT_DEPENDENT_SHAPE_REPRESENTATION(#12,#2269);
#14=NEXT_ASSEMBLY_USAGE_OCCURRENCE('NewActuatorArm v1:1',
'NewActuatorArm v1:1','NewActuatorArm v1:1',#2273,#2274,
'NewActuatorArm v1:1');
#15=SHAPE_REPRESENTATION_RELATIONSHIP('SRR','None',#2271,#16);
#16=ADVANCED_BREP_SHAPE_REPRESENTATION('',(#18),#2259);
#17=STYLED_ITEM('',(#2288),#18);
#18=MANIFOLD_SOLID_BREP('Body1',#1273);
#19=B_SPLINE_SURFACE_WITH_KNOTS('',3,3,((#2002,#2003,#2004,#2005),(#2006,
#2007,#2008,#2009),(#2010,#2011,#2012,#2013),(#2014,#2015,#2016,#2017),
(#2018,#2019,#2020,#2021)),.UNSPECIFIED.,.F.,.F.,.F.,(4,1,4),(4,4),(0.,
0.263198731920713,0.614130374481663),(-2.22044604925031E-16,0.200082010176067),
 .UNSPECIFIED.);
#20=B_SPLINE_SURFACE_WITH_KNOTS('',3,3,((#2078,#2079,#2080,#2081),(#2082,
#2083,#2084,#2085),(#2086,#2087,#2088,#2089),(#2090,#2091,#2092,#2093),
(#2094,#2095,#2096,#2097)),.UNSPECIFIED.,.F.,.F.,.F.,(4,1,4),(4,4),(-6.38375999468695E-16,
0.263198731920713,0.614130374481664),(-2.06795153138257E-24,0.200077791270919),
 .UNSPECIFIED.);
#21=B_SPLINE_SURFACE_WITH_KNOTS('',3,3,((#2194,#2195,#2196,#2197),(#2198,
#2199,#2200,#2201),(#2202,#2203,#2204,#2205),(#2206,#2207,#2208,#2209),
(#2210,#2211,#2212,#2213)),.UNSPECIFIED.,.F.,.F.,.F.,(4,1,4),(4,4),(0.,
0.203719019669865,0.475344379229685),(-8.40546564174028E-5,0.2),
 .UNSPECIFIED.);
#22=B_SPLINE_SURFACE_WITH_KNOTS('',3,3,((#2234,#2235,#2236,#2237),(#2238,
#2239,#2240,#2241),(#2242,#2243,#2244,#2245),(#2246,#2247,#2248,#2249),
(#2250,#2251,#2252,#2253)),.UNSPECIFIED.,.F.,.F.,.F.,(4,1,4),(4,4),(-0.253702002050453,
0.0179233575093674,0.221642377179232),(-9.9323310811077E-5,0.2),
 .UNSPECIFIED.);
#23=FACE_BOUND('',#223,.T.);
#24=FACE_BOUND('',#224,.T.);
#25=FACE_BOUND('',#225,.T.);
#26=FACE_BOUND('',#226,.T.);
#27=FACE_BOUND('',#228,.T.);
#28=FACE_BOUND('',#229,.T.);
#29=FACE_BOUND('',#230,.T.);
#30=FACE_BOUND('',#231,.T.);
#31=FACE_BOUND('',#267,.T.);
#32=FACE_BOUND('',#268,.T.);
#33=FACE_BOUND('',#269,.T.);
#34=FACE_BOUND('',#270,.T.);
#35=FACE_BOUND('',#271,.T.);
#36=FACE_BOUND('',#272,.T.);
#37=FACE_BOUND('',#273,.T.);
#38=FACE_BOUND('',#274,.T.);
#39=FACE_BOUND('',#275,.T.);
#40=FACE_BOUND('',#276,.T.);
#41=FACE_BOUND('',#277,.T.);
#42=FACE_BOUND('',#278,.T.);
#43=FACE_BOUND('',#292,.T.);
#44=FACE_BOUND('',#293,.T.);
#45=FACE_BOUND('',#294,.T.);
#46=FACE_BOUND('',#295,.T.);
#47=FACE_BOUND('',#296,.T.);
#48=FACE_BOUND('',#297,.T.);
#49=FACE_BOUND('',#298,.T.);
#50=FACE_BOUND('',#299,.T.);
#51=FACE_BOUND('',#300,.T.);
#52=FACE_BOUND('',#301,.T.);
#53=FACE_BOUND('',#302,.T.);
#54=FACE_BOUND('',#303,.T.);
#55=CIRCLE('',#1292,4.);
#56=CIRCLE('',#1297,2.);
#57=CIRCLE('',#1299,4.);
#58=CIRCLE('',#1302,21.);
#59=CIRCLE('',#1303,2.1);
#60=CIRCLE('',#1304,2.1);
#61=CIRCLE('',#1305,2.1);
#62=CIRCLE('',#1306,2.1);
#63=CIRCLE('',#1308,21.);
#64=CIRCLE('',#1309,2.1);
#65=CIRCLE('',#1310,2.1);
#66=CIRCLE('',#1311,2.1);
#67=CIRCLE('',#1312,2.1);
#68=CIRCLE('',#1319,3.5);
#69=CIRCLE('',#1320,3.5);
#70=CIRCLE('',#1322,3.5);
#71=CIRCLE('',#1323,3.5);
#72=CIRCLE('',#1325,3.5);
#73=CIRCLE('',#1326,3.5);
#74=CIRCLE('',#1328,3.5);
#75=CIRCLE('',#1329,3.5);
#76=CIRCLE('',#1331,3.5);
#77=CIRCLE('',#1332,3.5);
#78=CIRCLE('',#1334,3.5);
#79=CIRCLE('',#1335,3.5);
#80=CIRCLE('',#1337,2.00000000000001);
#81=CIRCLE('',#1340,4.00000000000001);
#82=CIRCLE('',#1347,2.00000000000001);
#83=CIRCLE('',#1351,4.00000000000001);
#84=CIRCLE('',#1357,5.);
#85=CIRCLE('',#1358,3.);
#86=CIRCLE('',#1360,3.);
#87=CIRCLE('',#1362,5.);
#88=CIRCLE('',#1366,17.5);
#89=CIRCLE('',#1367,2.09999999999999);
#90=CIRCLE('',#1368,2.09999999999999);
#91=CIRCLE('',#1369,2.1);
#92=CIRCLE('',#1370,2.09999999999999);
#93=CIRCLE('',#1371,2.09999999999999);
#94=CIRCLE('',#1372,2.09999999999999);
#95=CIRCLE('',#1374,17.5);
#96=CIRCLE('',#1380,2.09999999999999);
#97=CIRCLE('',#1382,2.1);
#98=CIRCLE('',#1384,2.09999999999999);
#99=CIRCLE('',#1386,2.09999999999999);
#100=CIRCLE('',#1388,2.09999999999999);
#101=CIRCLE('',#1390,2.09999999999999);
#102=B_SPLINE_CURVE_WITH_KNOTS('',3,(#1772,#1773,#1774,#1775,#1776,#1777,
#1778,#1779,#1780,#1781),.UNSPECIFIED.,.F.,.F.,(4,2,2,2,4),(-1.06889088882415,
-0.98900285019471,-0.90911481156527,-0.833649615937372,-0.758184420309475),
 .UNSPECIFIED.);
#103=B_SPLINE_CURVE_WITH_KNOTS('',3,(#1785,#1786,#1787,#1788,#1789,#1790,
#1791,#1792,#1793,#1794,#1795,#1796,#1797,#1798,#1799,#1800),
 .UNSPECIFIED.,.F.,.F.,(4,2,2,2,2,2,2,4),(-0.4114382854995,-0.335563655976697,
-0.259689026453895,-0.220022518183626,-0.180356009913357,-0.135267007435018,
-0.0901780049566785,0.),.UNSPECIFIED.);
#104=B_SPLINE_CURVE_WITH_KNOTS('',3,(#1835,#1836,#1837,#1838,#1839,#1840,
#1841,#1842,#1843,#1844),.UNSPECIFIED.,.F.,.F.,(4,2,2,2,4),(0.,0.0870008585853997,
0.173753359098897,0.260639086139952,0.347521016709684),.UNSPECIFIED.);
#105=B_SPLINE_CURVE_WITH_KNOTS('',3,(#1909,#1910,#1911,#1912,#1913),
 .UNSPECIFIED.,.F.,.F.,(4,1,4),(0.,0.673198425769242,1.5707963267949),
 .UNSPECIFIED.);
#106=B_SPLINE_CURVE_WITH_KNOTS('',3,(#1918,#1919,#1920,#1921,#1922),
 .UNSPECIFIED.,.F.,.F.,(4,1,4),(0.,0.897597901025655,1.5707963267949),
 .UNSPECIFIED.);
#107=B_SPLINE_CURVE_WITH_KNOTS('',3,(#1969,#1970,#1971,#1972,#1973,#1974,
#1975,#1976,#1977,#1978),.UNSPECIFIED.,.F.,.F.,(4,2,2,2,4),(0.,0.130747060847292,
0.261214600127298,0.326340220538581,0.523104644094742),.UNSPECIFIED.);
#108=B_SPLINE_CURVE_WITH_KNOTS('',3,(#2023,#2024,#2025,#2026,#2027),
 .UNSPECIFIED.,.F.,.F.,(4,1,4),(0.,0.673198425769242,1.5707963267949),
 .UNSPECIFIED.);
#109=B_SPLINE_CURVE_WITH_KNOTS('',3,(#2043,#2044,#2045,#2046,#2047,#2048,
#2049,#2050,#2051,#2052),.UNSPECIFIED.,.F.,.F.,(4,2,2,2,4),(0.,0.13074539998438,
0.261213361688835,0.326339461113318,0.523102460151759),.UNSPECIFIED.);
#110=B_SPLINE_CURVE_WITH_KNOTS('',3,(#2099,#2100,#2101,#2102,#2103),
 .UNSPECIFIED.,.F.,.F.,(4,1,4),(0.,0.897597901025655,1.5707963267949),
 .UNSPECIFIED.);
#111=B_SPLINE_CURVE_WITH_KNOTS('',3,(#2154,#2155,#2156,#2157,#2158,#2159,
#2160,#2161,#2162,#2163,#2164,#2165),.UNSPECIFIED.,.F.,.F.,(4,2,2,2,2,4),
(-0.347202220055115,-0.260212532714027,-0.173464524442989,-0.130173819814946,
-0.0650301741414332,0.),.UNSPECIFIED.);
#112=CYLINDRICAL_SURFACE('',#1290,2.);
#113=CYLINDRICAL_SURFACE('',#1296,2.);
#114=CYLINDRICAL_SURFACE('',#1314,4.);
#115=CYLINDRICAL_SURFACE('',#1316,4.);
#116=CYLINDRICAL_SURFACE('',#1318,3.5);
#117=CYLINDRICAL_SURFACE('',#1321,3.5);
#118=CYLINDRICAL_SURFACE('',#1324,3.5);
#119=CYLINDRICAL_SURFACE('',#1327,3.5);
#120=CYLINDRICAL_SURFACE('',#1330,3.5);
#121=CYLINDRICAL_SURFACE('',#1333,3.5);
#122=CYLINDRICAL_SURFACE('',#1336,2.00000000000001);
#123=CYLINDRICAL_SURFACE('',#1344,4.00000000000001);
#124=CYLINDRICAL_SURFACE('',#1346,1.99999999999999);
#125=CYLINDRICAL_SURFACE('',#1354,4.);
#126=CYLINDRICAL_SURFACE('',#1359,3.);
#127=CYLINDRICAL_SURFACE('',#1364,5.);
#128=CYLINDRICAL_SURFACE('',#1373,17.5);
#129=CYLINDRICAL_SURFACE('',#1375,2.);
#130=CYLINDRICAL_SURFACE('',#1379,2.09999999999999);
#131=CYLINDRICAL_SURFACE('',#1381,2.1);
#132=CYLINDRICAL_SURFACE('',#1383,2.09999999999999);
#133=CYLINDRICAL_SURFACE('',#1385,2.09999999999999);
#134=CYLINDRICAL_SURFACE('',#1387,2.09999999999999);
#135=CYLINDRICAL_SURFACE('',#1389,2.09999999999999);
#136=CYLINDRICAL_SURFACE('',#1395,21.);
#137=CYLINDRICAL_SURFACE('',#1398,2.1);
#138=CYLINDRICAL_SURFACE('',#1399,2.1);
#139=CYLINDRICAL_SURFACE('',#1400,2.1);
#140=CYLINDRICAL_SURFACE('',#1401,2.1);
#141=FACE_OUTER_BOUND('',#212,.T.);
#142=FACE_OUTER_BOUND('',#213,.T.);
#143=FACE_OUTER_BOUND('',#214,.T.);
#144=FACE_OUTER_BOUND('',#215,.T.);
#145=FACE_OUTER_BOUND('',#216,.T.);
#146=FACE_OUTER_BOUND('',#217,.T.);
#147=FACE_OUTER_BOUND('',#218,.T.);
#148=FACE_OUTER_BOUND('',#219,.T.);
#149=FACE_OUTER_BOUND('',#220,.T.);
#150=FACE_OUTER_BOUND('',#221,.T.);
#151=FACE_OUTER_BOUND('',#222,.T.);
#152=FACE_OUTER_BOUND('',#227,.T.);
#153=FACE_OUTER_BOUND('',#232,.T.);
#154=FACE_OUTER_BOUND('',#233,.T.);
#155=FACE_OUTER_BOUND('',#234,.T.);
#156=FACE_OUTER_BOUND('',#235,.T.);
#157=FACE_OUTER_BOUND('',#236,.T.);
#158=FACE_OUTER_BOUND('',#237,.T.);
#159=FACE_OUTER_BOUND('',#238,.T.);
#160=FACE_OUTER_BOUND('',#239,.T.);
#161=FACE_OUTER_BOUND('',#240,.T.);
#162=FACE_OUTER_BOUND('',#241,.T.);
#163=FACE_OUTER_BOUND('',#242,.T.);
#164=FACE_OUTER_BOUND('',#243,.T.);
#165=FACE_OUTER_BOUND('',#244,.T.);
#166=FACE_OUTER_BOUND('',#245,.T.);
#167=FACE_OUTER_BOUND('',#246,.T.);
#168=FACE_OUTER_BOUND('',#247,.T.);
#169=FACE_OUTER_BOUND('',#248,.T.);
#170=FACE_OUTER_BOUND('',#249,.T.);
#171=FACE_OUTER_BOUND('',#250,.T.);
#172=FACE_OUTER_BOUND('',#251,.T.);
#173=FACE_OUTER_BOUND('',#252,.T.);
#174=FACE_OUTER_BOUND('',#253,.T.);
#175=FACE_OUTER_BOUND('',#254,.T.);
#176=FACE_OUTER_BOUND('',#255,.T.);
#177=FACE_OUTER_BOUND('',#256,.T.);
#178=FACE_OUTER_BOUND('',#257,.T.);
#179=FACE_OUTER_BOUND('',#258,.T.);
#180=FACE_OUTER_BOUND('',#259,.T.);
#181=FACE_OUTER_BOUND('',#260,.T.);
#182=FACE_OUTER_BOUND('',#261,.T.);
#183=FACE_OUTER_BOUND('',#262,.T.);
#184=FACE_OUTER_BOUND('',#263,.T.);
#185=FACE_OUTER_BOUND('',#264,.T.);
#186=FACE_OUTER_BOUND('',#265,.T.);
#187=FACE_OUTER_BOUND('',#266,.T.);
#188=FACE_OUTER_BOUND('',#279,.T.);
#189=FACE_OUTER_BOUND('',#280,.T.);
#190=FACE_OUTER_BOUND('',#281,.T.);
#191=FACE_OUTER_BOUND('',#282,.T.);
#192=FACE_OUTER_BOUND('',#283,.T.);
#193=FACE_OUTER_BOUND('',#284,.T.);
#194=FACE_OUTER_BOUND('',#285,.T.);
#195=FACE_OUTER_BOUND('',#286,.T.);
#196=FACE_OUTER_BOUND('',#287,.T.);
#197=FACE_OUTER_BOUND('',#288,.T.);
#198=FACE_OUTER_BOUND('',#289,.T.);
#199=FACE_OUTER_BOUND('',#290,.T.);
#200=FACE_OUTER_BOUND('',#291,.T.);
#201=FACE_OUTER_BOUND('',#304,.T.);
#202=FACE_OUTER_BOUND('',#305,.T.);
#203=FACE_OUTER_BOUND('',#306,.T.);
#204=FACE_OUTER_BOUND('',#307,.T.);
#205=FACE_OUTER_BOUND('',#308,.T.);
#206=FACE_OUTER_BOUND('',#309,.T.);
#207=FACE_OUTER_BOUND('',#310,.T.);
#208=FACE_OUTER_BOUND('',#311,.T.);
#209=FACE_OUTER_BOUND('',#312,.T.);
#210=FACE_OUTER_BOUND('',#313,.T.);
#211=FACE_OUTER_BOUND('',#314,.T.);
#212=EDGE_LOOP('',(#820,#821,#822,#823));
#213=EDGE_LOOP('',(#824,#825,#826,#827));
#214=EDGE_LOOP('',(#828,#829,#830,#831));
#215=EDGE_LOOP('',(#832,#833,#834));
#216=EDGE_LOOP('',(#835,#836,#837,#838));
#217=EDGE_LOOP('',(#839,#840,#841,#842));
#218=EDGE_LOOP('',(#843,#844,#845,#846,#847));
#219=EDGE_LOOP('',(#848,#849,#850,#851));
#220=EDGE_LOOP('',(#852,#853,#854,#855));
#221=EDGE_LOOP('',(#856,#857,#858,#859,#860));
#222=EDGE_LOOP('',(#861,#862,#863,#864,#865,#866,#867,#868));
#223=EDGE_LOOP('',(#869));
#224=EDGE_LOOP('',(#870));
#225=EDGE_LOOP('',(#871));
#226=EDGE_LOOP('',(#872));
#227=EDGE_LOOP('',(#873,#874,#875,#876,#877,#878,#879,#880));
#228=EDGE_LOOP('',(#881));
#229=EDGE_LOOP('',(#882));
#230=EDGE_LOOP('',(#883));
#231=EDGE_LOOP('',(#884));
#232=EDGE_LOOP('',(#885,#886,#887,#888,#889));
#233=EDGE_LOOP('',(#890,#891,#892,#893,#894));
#234=EDGE_LOOP('',(#895,#896,#897,#898,#899));
#235=EDGE_LOOP('',(#900,#901,#902,#903));
#236=EDGE_LOOP('',(#904,#905,#906,#907,#908));
#237=EDGE_LOOP('',(#909,#910,#911,#912));
#238=EDGE_LOOP('',(#913,#914,#915,#916));
#239=EDGE_LOOP('',(#917,#918,#919,#920));
#240=EDGE_LOOP('',(#921,#922,#923,#924));
#241=EDGE_LOOP('',(#925,#926,#927,#928));
#242=EDGE_LOOP('',(#929,#930,#931,#932));
#243=EDGE_LOOP('',(#933,#934,#935,#936));
#244=EDGE_LOOP('',(#937,#938,#939,#940));
#245=EDGE_LOOP('',(#941,#942,#943,#944,#945,#946));
#246=EDGE_LOOP('',(#947,#948,#949,#950));
#247=EDGE_LOOP('',(#951,#952,#953,#954));
#248=EDGE_LOOP('',(#955,#956,#957,#958));
#249=EDGE_LOOP('',(#959,#960,#961,#962));
#250=EDGE_LOOP('',(#963,#964,#965,#966));
#251=EDGE_LOOP('',(#967,#968,#969,#970));
#252=EDGE_LOOP('',(#971,#972,#973,#974));
#253=EDGE_LOOP('',(#975,#976,#977,#978));
#254=EDGE_LOOP('',(#979,#980,#981,#982));
#255=EDGE_LOOP('',(#983,#984,#985,#986,#987,#988));
#256=EDGE_LOOP('',(#989,#990,#991,#992));
#257=EDGE_LOOP('',(#993,#994,#995,#996));
#258=EDGE_LOOP('',(#997,#998,#999,#1000));
#259=EDGE_LOOP('',(#1001,#1002,#1003,#1004));
#260=EDGE_LOOP('',(#1005,#1006,#1007,#1008));
#261=EDGE_LOOP('',(#1009,#1010,#1011,#1012));
#262=EDGE_LOOP('',(#1013,#1014,#1015,#1016,#1017,#1018));
#263=EDGE_LOOP('',(#1019,#1020,#1021,#1022));
#264=EDGE_LOOP('',(#1023,#1024,#1025,#1026));
#265=EDGE_LOOP('',(#1027,#1028,#1029,#1030,#1031,#1032));
#266=EDGE_LOOP('',(#1033,#1034,#1035,#1036,#1037,#1038));
#267=EDGE_LOOP('',(#1039));
#268=EDGE_LOOP('',(#1040));
#269=EDGE_LOOP('',(#1041));
#270=EDGE_LOOP('',(#1042));
#271=EDGE_LOOP('',(#1043));
#272=EDGE_LOOP('',(#1044));
#273=EDGE_LOOP('',(#1045));
#274=EDGE_LOOP('',(#1046));
#275=EDGE_LOOP('',(#1047));
#276=EDGE_LOOP('',(#1048));
#277=EDGE_LOOP('',(#1049));
#278=EDGE_LOOP('',(#1050));
#279=EDGE_LOOP('',(#1051,#1052,#1053,#1054));
#280=EDGE_LOOP('',(#1055,#1056,#1057,#1058));
#281=EDGE_LOOP('',(#1059,#1060,#1061,#1062,#1063));
#282=EDGE_LOOP('',(#1064,#1065,#1066,#1067));
#283=EDGE_LOOP('',(#1068,#1069,#1070,#1071));
#284=EDGE_LOOP('',(#1072,#1073,#1074,#1075));
#285=EDGE_LOOP('',(#1076,#1077,#1078,#1079));
#286=EDGE_LOOP('',(#1080,#1081,#1082,#1083));
#287=EDGE_LOOP('',(#1084,#1085,#1086,#1087));
#288=EDGE_LOOP('',(#1088,#1089,#1090,#1091));
#289=EDGE_LOOP('',(#1092,#1093,#1094,#1095));
#290=EDGE_LOOP('',(#1096,#1097,#1098,#1099,#1100));
#291=EDGE_LOOP('',(#1101,#1102,#1103,#1104,#1105,#1106));
#292=EDGE_LOOP('',(#1107));
#293=EDGE_LOOP('',(#1108));
#294=EDGE_LOOP('',(#1109));
#295=EDGE_LOOP('',(#1110));
#296=EDGE_LOOP('',(#1111));
#297=EDGE_LOOP('',(#1112));
#298=EDGE_LOOP('',(#1113));
#299=EDGE_LOOP('',(#1114));
#300=EDGE_LOOP('',(#1115));
#301=EDGE_LOOP('',(#1116));
#302=EDGE_LOOP('',(#1117));
#303=EDGE_LOOP('',(#1118));
#304=EDGE_LOOP('',(#1119,#1120,#1121,#1122));
#305=EDGE_LOOP('',(#1123,#1124,#1125,#1126));
#306=EDGE_LOOP('',(#1127,#1128,#1129,#1130));
#307=EDGE_LOOP('',(#1131,#1132,#1133,#1134));
#308=EDGE_LOOP('',(#1135,#1136,#1137,#1138));
#309=EDGE_LOOP('',(#1139,#1140,#1141,#1142));
#310=EDGE_LOOP('',(#1143,#1144,#1145,#1146));
#311=EDGE_LOOP('',(#1147,#1148,#1149,#1150));
#312=EDGE_LOOP('',(#1151,#1152,#1153,#1154));
#313=EDGE_LOOP('',(#1155,#1156,#1157,#1158));
#314=EDGE_LOOP('',(#1159,#1160,#1161,#1162,#1163));
#315=LINE('',#1757,#430);
#316=LINE('',#1759,#431);
#317=LINE('',#1761,#432);
#318=LINE('',#1762,#433);
#319=LINE('',#1765,#434);
#320=LINE('',#1767,#435);
#321=LINE('',#1768,#436);
#322=LINE('',#1783,#437);
#323=LINE('',#1801,#438);
#324=LINE('',#1804,#439);
#325=LINE('',#1808,#440);
#326=LINE('',#1810,#441);
#327=LINE('',#1811,#442);
#328=LINE('',#1814,#443);
#329=LINE('',#1816,#444);
#330=LINE('',#1817,#445);
#331=LINE('',#1821,#446);
#332=LINE('',#1823,#447);
#333=LINE('',#1825,#448);
#334=LINE('',#1827,#449);
#335=LINE('',#1828,#450);
#336=LINE('',#1830,#451);
#337=LINE('',#1834,#452);
#338=LINE('',#1848,#453);
#339=LINE('',#1850,#454);
#340=LINE('',#1851,#455);
#341=LINE('',#1854,#456);
#342=LINE('',#1856,#457);
#343=LINE('',#1857,#458);
#344=LINE('',#1859,#459);
#345=LINE('',#1861,#460);
#346=LINE('',#1864,#461);
#347=LINE('',#1875,#462);
#348=LINE('',#1877,#463);
#349=LINE('',#1881,#464);
#350=LINE('',#1882,#465);
#351=LINE('',#1884,#466);
#352=LINE('',#1886,#467);
#353=LINE('',#1887,#468);
#354=LINE('',#1899,#469);
#355=LINE('',#1901,#470);
#356=LINE('',#1903,#471);
#357=LINE('',#1905,#472);
#358=LINE('',#1906,#473);
#359=LINE('',#1908,#474);
#360=LINE('',#1915,#475);
#361=LINE('',#1916,#476);
#362=LINE('',#1924,#477);
#363=LINE('',#1929,#478);
#364=LINE('',#1935,#479);
#365=LINE('',#1941,#480);
#366=LINE('',#1947,#481);
#367=LINE('',#1953,#482);
#368=LINE('',#1959,#483);
#369=LINE('',#1964,#484);
#370=LINE('',#1968,#485);
#371=LINE('',#1982,#486);
#372=LINE('',#1984,#487);
#373=LINE('',#1986,#488);
#374=LINE('',#1987,#489);
#375=LINE('',#1989,#490);
#376=LINE('',#1993,#491);
#377=LINE('',#1995,#492);
#378=LINE('',#1996,#493);
#379=LINE('',#1999,#494);
#380=LINE('',#2000,#495);
#381=LINE('',#2001,#496);
#382=LINE('',#2028,#497);
#383=LINE('',#2031,#498);
#384=LINE('',#2032,#499);
#385=LINE('',#2034,#500);
#386=LINE('',#2036,#501);
#387=LINE('',#2041,#502);
#388=LINE('',#2054,#503);
#389=LINE('',#2058,#504);
#390=LINE('',#2060,#505);
#391=LINE('',#2062,#506);
#392=LINE('',#2063,#507);
#393=LINE('',#2066,#508);
#394=LINE('',#2068,#509);
#395=LINE('',#2069,#510);
#396=LINE('',#2072,#511);
#397=LINE('',#2074,#512);
#398=LINE('',#2076,#513);
#399=LINE('',#2104,#514);
#400=LINE('',#2105,#515);
#401=LINE('',#2108,#516);
#402=LINE('',#2109,#517);
#403=LINE('',#2111,#518);
#404=LINE('',#2113,#519);
#405=LINE('',#2118,#520);
#406=LINE('',#2122,#521);
#407=LINE('',#2125,#522);
#408=LINE('',#2126,#523);
#409=LINE('',#2130,#524);
#410=LINE('',#2132,#525);
#411=LINE('',#2133,#526);
#412=LINE('',#2135,#527);
#413=LINE('',#2136,#528);
#414=LINE('',#2167,#529);
#415=LINE('',#2172,#530);
#416=LINE('',#2176,#531);
#417=LINE('',#2180,#532);
#418=LINE('',#2184,#533);
#419=LINE('',#2188,#534);
#420=LINE('',#2192,#535);
#421=LINE('',#2214,#536);
#422=LINE('',#2218,#537);
#423=LINE('',#2220,#538);
#424=LINE('',#2222,#539);
#425=LINE('',#2225,#540);
#426=LINE('',#2227,#541);
#427=LINE('',#2229,#542);
#428=LINE('',#2231,#543);
#429=LINE('',#2233,#544);
#430=VECTOR('',#1409,10.);
#431=VECTOR('',#1410,10.);
#432=VECTOR('',#1411,10.);
#433=VECTOR('',#1412,10.);
#434=VECTOR('',#1415,10.);
#435=VECTOR('',#1416,10.);
#436=VECTOR('',#1417,10.);
#437=VECTOR('',#1420,10.);
#438=VECTOR('',#1421,10.);
#439=VECTOR('',#1424,10.);
#440=VECTOR('',#1429,10.);
#441=VECTOR('',#1430,10.);
#442=VECTOR('',#1431,10.);
#443=VECTOR('',#1434,10.);
#444=VECTOR('',#1435,10.);
#445=VECTOR('',#1436,10.);
#446=VECTOR('',#1439,10.);
#447=VECTOR('',#1440,10.);
#448=VECTOR('',#1441,10.);
#449=VECTOR('',#1442,10.);
#450=VECTOR('',#1443,10.);
#451=VECTOR('',#1446,10.);
#452=VECTOR('',#1449,10.);
#453=VECTOR('',#1454,10.);
#454=VECTOR('',#1457,10.);
#455=VECTOR('',#1458,10.);
#456=VECTOR('',#1461,10.);
#457=VECTOR('',#1462,10.);
#458=VECTOR('',#1463,10.);
#459=VECTOR('',#1464,10.);
#460=VECTOR('',#1465,10.);
#461=VECTOR('',#1468,10.);
#462=VECTOR('',#1479,10.);
#463=VECTOR('',#1480,10.);
#464=VECTOR('',#1483,10.);
#465=VECTOR('',#1484,10.);
#466=VECTOR('',#1485,10.);
#467=VECTOR('',#1486,10.);
#468=VECTOR('',#1487,10.);
#469=VECTOR('',#1498,10.);
#470=VECTOR('',#1499,10.);
#471=VECTOR('',#1500,10.);
#472=VECTOR('',#1501,10.);
#473=VECTOR('',#1502,10.);
#474=VECTOR('',#1505,10.);
#475=VECTOR('',#1508,10.);
#476=VECTOR('',#1509,10.);
#477=VECTOR('',#1514,10.);
#478=VECTOR('',#1519,3.5);
#479=VECTOR('',#1526,3.5);
#480=VECTOR('',#1533,3.5);
#481=VECTOR('',#1540,3.5);
#482=VECTOR('',#1547,3.5);
#483=VECTOR('',#1554,3.5);
#484=VECTOR('',#1559,10.);
#485=VECTOR('',#1562,10.);
#486=VECTOR('',#1565,10.);
#487=VECTOR('',#1566,2.88);
#488=VECTOR('',#1567,10.);
#489=VECTOR('',#1568,10.);
#490=VECTOR('',#1571,10.);
#491=VECTOR('',#1574,10.);
#492=VECTOR('',#1575,10.);
#493=VECTOR('',#1576,10.);
#494=VECTOR('',#1579,10.);
#495=VECTOR('',#1580,10.);
#496=VECTOR('',#1581,10.);
#497=VECTOR('',#1582,10.);
#498=VECTOR('',#1585,10.);
#499=VECTOR('',#1586,10.);
#500=VECTOR('',#1589,10.);
#501=VECTOR('',#1592,10.);
#502=VECTOR('',#1597,10.);
#503=VECTOR('',#1598,10.);
#504=VECTOR('',#1603,10.);
#505=VECTOR('',#1604,2.88);
#506=VECTOR('',#1605,10.);
#507=VECTOR('',#1606,2.88);
#508=VECTOR('',#1609,10.);
#509=VECTOR('',#1610,10.);
#510=VECTOR('',#1611,10.);
#511=VECTOR('',#1614,10.);
#512=VECTOR('',#1615,10.);
#513=VECTOR('',#1616,10.);
#514=VECTOR('',#1619,10.);
#515=VECTOR('',#1620,10.);
#516=VECTOR('',#1623,10.);
#517=VECTOR('',#1624,10.);
#518=VECTOR('',#1627,10.);
#519=VECTOR('',#1630,10.);
#520=VECTOR('',#1635,10.);
#521=VECTOR('',#1642,10.);
#522=VECTOR('',#1645,10.);
#523=VECTOR('',#1646,10.);
#524=VECTOR('',#1651,10.);
#525=VECTOR('',#1654,10.);
#526=VECTOR('',#1655,10.);
#527=VECTOR('',#1658,10.);
#528=VECTOR('',#1659,10.);
#529=VECTOR('',#1684,10.);
#530=VECTOR('',#1691,2.09999999999999);
#531=VECTOR('',#1696,2.1);
#532=VECTOR('',#1701,2.09999999999999);
#533=VECTOR('',#1706,2.09999999999999);
#534=VECTOR('',#1711,2.09999999999999);
#535=VECTOR('',#1716,2.09999999999999);
#536=VECTOR('',#1719,10.);
#537=VECTOR('',#1726,10.);
#538=VECTOR('',#1729,10.);
#539=VECTOR('',#1732,10.);
#540=VECTOR('',#1737,10.);
#541=VECTOR('',#1740,2.1);
#542=VECTOR('',#1743,2.1);
#543=VECTOR('',#1746,2.1);
#544=VECTOR('',#1749,2.1);
#545=VERTEX_POINT('',#1755);
#546=VERTEX_POINT('',#1756);
#547=VERTEX_POINT('',#1758);
#548=VERTEX_POINT('',#1760);
#549=VERTEX_POINT('',#1764);
#550=VERTEX_POINT('',#1766);
#551=VERTEX_POINT('',#1770);
#552=VERTEX_POINT('',#1771);
#553=VERTEX_POINT('',#1782);
#554=VERTEX_POINT('',#1784);
#555=VERTEX_POINT('',#1803);
#556=VERTEX_POINT('',#1807);
#557=VERTEX_POINT('',#1809);
#558=VERTEX_POINT('',#1813);
#559=VERTEX_POINT('',#1815);
#560=VERTEX_POINT('',#1819);
#561=VERTEX_POINT('',#1820);
#562=VERTEX_POINT('',#1822);
#563=VERTEX_POINT('',#1824);
#564=VERTEX_POINT('',#1826);
#565=VERTEX_POINT('',#1831);
#566=VERTEX_POINT('',#1833);
#567=VERTEX_POINT('',#1846);
#568=VERTEX_POINT('',#1853);
#569=VERTEX_POINT('',#1855);
#570=VERTEX_POINT('',#1858);
#571=VERTEX_POINT('',#1860);
#572=VERTEX_POINT('',#1862);
#573=VERTEX_POINT('',#1865);
#574=VERTEX_POINT('',#1867);
#575=VERTEX_POINT('',#1869);
#576=VERTEX_POINT('',#1871);
#577=VERTEX_POINT('',#1874);
#578=VERTEX_POINT('',#1876);
#579=VERTEX_POINT('',#1878);
#580=VERTEX_POINT('',#1880);
#581=VERTEX_POINT('',#1883);
#582=VERTEX_POINT('',#1885);
#583=VERTEX_POINT('',#1888);
#584=VERTEX_POINT('',#1890);
#585=VERTEX_POINT('',#1892);
#586=VERTEX_POINT('',#1894);
#587=VERTEX_POINT('',#1897);
#588=VERTEX_POINT('',#1898);
#589=VERTEX_POINT('',#1900);
#590=VERTEX_POINT('',#1902);
#591=VERTEX_POINT('',#1904);
#592=VERTEX_POINT('',#1926);
#593=VERTEX_POINT('',#1928);
#594=VERTEX_POINT('',#1932);
#595=VERTEX_POINT('',#1934);
#596=VERTEX_POINT('',#1938);
#597=VERTEX_POINT('',#1940);
#598=VERTEX_POINT('',#1944);
#599=VERTEX_POINT('',#1946);
#600=VERTEX_POINT('',#1950);
#601=VERTEX_POINT('',#1952);
#602=VERTEX_POINT('',#1956);
#603=VERTEX_POINT('',#1958);
#604=VERTEX_POINT('',#1962);
#605=VERTEX_POINT('',#1963);
#606=VERTEX_POINT('',#1965);
#607=VERTEX_POINT('',#1967);
#608=VERTEX_POINT('',#1980);
#609=VERTEX_POINT('',#1981);
#610=VERTEX_POINT('',#1983);
#611=VERTEX_POINT('',#1985);
#612=VERTEX_POINT('',#1990);
#613=VERTEX_POINT('',#1992);
#614=VERTEX_POINT('',#1994);
#615=VERTEX_POINT('',#1998);
#616=VERTEX_POINT('',#2022);
#617=VERTEX_POINT('',#2030);
#618=VERTEX_POINT('',#2039);
#619=VERTEX_POINT('',#2040);
#620=VERTEX_POINT('',#2042);
#621=VERTEX_POINT('',#2053);
#622=VERTEX_POINT('',#2057);
#623=VERTEX_POINT('',#2059);
#624=VERTEX_POINT('',#2061);
#625=VERTEX_POINT('',#2065);
#626=VERTEX_POINT('',#2067);
#627=VERTEX_POINT('',#2071);
#628=VERTEX_POINT('',#2073);
#629=VERTEX_POINT('',#2075);
#630=VERTEX_POINT('',#2098);
#631=VERTEX_POINT('',#2107);
#632=VERTEX_POINT('',#2116);
#633=VERTEX_POINT('',#2117);
#634=VERTEX_POINT('',#2123);
#635=VERTEX_POINT('',#2128);
#636=VERTEX_POINT('',#2139);
#637=VERTEX_POINT('',#2141);
#638=VERTEX_POINT('',#2143);
#639=VERTEX_POINT('',#2145);
#640=VERTEX_POINT('',#2147);
#641=VERTEX_POINT('',#2149);
#642=VERTEX_POINT('',#2171);
#643=VERTEX_POINT('',#2175);
#644=VERTEX_POINT('',#2179);
#645=VERTEX_POINT('',#2183);
#646=VERTEX_POINT('',#2187);
#647=VERTEX_POINT('',#2191);
#648=EDGE_CURVE('',#545,#546,#315,.T.);
#649=EDGE_CURVE('',#546,#547,#316,.T.);
#650=EDGE_CURVE('',#548,#547,#317,.T.);
#651=EDGE_CURVE('',#545,#548,#318,.T.);
#652=EDGE_CURVE('',#547,#549,#319,.T.);
#653=EDGE_CURVE('',#549,#550,#320,.T.);
#654=EDGE_CURVE('',#550,#548,#321,.T.);
#655=EDGE_CURVE('',#551,#552,#102,.F.);
#656=EDGE_CURVE('',#551,#553,#322,.T.);
#657=EDGE_CURVE('',#554,#553,#103,.F.);
#658=EDGE_CURVE('',#554,#552,#323,.T.);
#659=EDGE_CURVE('',#555,#554,#324,.T.);
#660=EDGE_CURVE('',#552,#555,#55,.T.);
#661=EDGE_CURVE('',#551,#556,#325,.T.);
#662=EDGE_CURVE('',#557,#556,#326,.T.);
#663=EDGE_CURVE('',#553,#557,#327,.T.);
#664=EDGE_CURVE('',#556,#558,#328,.T.);
#665=EDGE_CURVE('',#558,#559,#329,.T.);
#666=EDGE_CURVE('',#559,#557,#330,.T.);
#667=EDGE_CURVE('',#560,#561,#331,.T.);
#668=EDGE_CURVE('',#561,#562,#332,.T.);
#669=EDGE_CURVE('',#563,#562,#333,.T.);
#670=EDGE_CURVE('',#564,#563,#334,.T.);
#671=EDGE_CURVE('',#560,#564,#335,.T.);
#672=EDGE_CURVE('',#546,#560,#336,.T.);
#673=EDGE_CURVE('',#546,#565,#56,.T.);
#674=EDGE_CURVE('',#565,#566,#337,.T.);
#675=EDGE_CURVE('',#566,#560,#104,.T.);
#676=EDGE_CURVE('',#567,#545,#57,.T.);
#677=EDGE_CURVE('',#565,#567,#338,.T.);
#678=EDGE_CURVE('',#562,#545,#339,.T.);
#679=EDGE_CURVE('',#550,#563,#340,.T.);
#680=EDGE_CURVE('',#565,#568,#341,.T.);
#681=EDGE_CURVE('',#569,#568,#342,.T.);
#682=EDGE_CURVE('',#569,#554,#343,.T.);
#683=EDGE_CURVE('',#570,#554,#344,.T.);
#684=EDGE_CURVE('',#570,#571,#345,.T.);
#685=EDGE_CURVE('',#572,#571,#58,.T.);
#686=EDGE_CURVE('',#566,#572,#346,.T.);
#687=EDGE_CURVE('',#573,#573,#59,.T.);
#688=EDGE_CURVE('',#574,#574,#60,.T.);
#689=EDGE_CURVE('',#575,#575,#61,.T.);
#690=EDGE_CURVE('',#576,#576,#62,.T.);
#691=EDGE_CURVE('',#577,#567,#347,.T.);
#692=EDGE_CURVE('',#577,#578,#348,.T.);
#693=EDGE_CURVE('',#578,#579,#63,.T.);
#694=EDGE_CURVE('',#579,#580,#349,.T.);
#695=EDGE_CURVE('',#555,#580,#350,.T.);
#696=EDGE_CURVE('',#555,#581,#351,.T.);
#697=EDGE_CURVE('',#582,#581,#352,.T.);
#698=EDGE_CURVE('',#582,#567,#353,.T.);
#699=EDGE_CURVE('',#583,#583,#64,.T.);
#700=EDGE_CURVE('',#584,#584,#65,.T.);
#701=EDGE_CURVE('',#585,#585,#66,.T.);
#702=EDGE_CURVE('',#586,#586,#67,.T.);
#703=EDGE_CURVE('',#587,#588,#354,.T.);
#704=EDGE_CURVE('',#588,#589,#355,.T.);
#705=EDGE_CURVE('',#589,#590,#356,.T.);
#706=EDGE_CURVE('',#590,#591,#357,.T.);
#707=EDGE_CURVE('',#587,#591,#358,.T.);
#708=EDGE_CURVE('',#551,#587,#359,.T.);
#709=EDGE_CURVE('',#580,#587,#105,.T.);
#710=EDGE_CURVE('',#589,#553,#360,.T.);
#711=EDGE_CURVE('',#590,#559,#361,.T.);
#712=EDGE_CURVE('',#562,#577,#106,.T.);
#713=EDGE_CURVE('',#564,#549,#362,.T.);
#714=EDGE_CURVE('',#592,#592,#68,.T.);
#715=EDGE_CURVE('',#592,#593,#363,.T.);
#716=EDGE_CURVE('',#593,#593,#69,.T.);
#717=EDGE_CURVE('',#594,#594,#70,.T.);
#718=EDGE_CURVE('',#594,#595,#364,.T.);
#719=EDGE_CURVE('',#595,#595,#71,.T.);
#720=EDGE_CURVE('',#596,#596,#72,.T.);
#721=EDGE_CURVE('',#596,#597,#365,.T.);
#722=EDGE_CURVE('',#597,#597,#73,.T.);
#723=EDGE_CURVE('',#598,#598,#74,.T.);
#724=EDGE_CURVE('',#598,#599,#366,.T.);
#725=EDGE_CURVE('',#599,#599,#75,.T.);
#726=EDGE_CURVE('',#600,#600,#76,.T.);
#727=EDGE_CURVE('',#600,#601,#367,.T.);
#728=EDGE_CURVE('',#601,#601,#77,.T.);
#729=EDGE_CURVE('',#602,#602,#78,.T.);
#730=EDGE_CURVE('',#602,#603,#368,.T.);
#731=EDGE_CURVE('',#603,#603,#79,.T.);
#732=EDGE_CURVE('',#604,#605,#369,.T.);
#733=EDGE_CURVE('',#604,#606,#80,.T.);
#734=EDGE_CURVE('',#607,#606,#370,.T.);
#735=EDGE_CURVE('',#607,#605,#107,.T.);
#736=EDGE_CURVE('',#608,#609,#371,.T.);
#737=EDGE_CURVE('',#609,#610,#372,.T.);
#738=EDGE_CURVE('',#610,#611,#373,.T.);
#739=EDGE_CURVE('',#608,#611,#374,.T.);
#740=EDGE_CURVE('',#609,#604,#375,.T.);
#741=EDGE_CURVE('',#612,#609,#81,.T.);
#742=EDGE_CURVE('',#612,#613,#376,.T.);
#743=EDGE_CURVE('',#613,#614,#377,.F.);
#744=EDGE_CURVE('',#606,#614,#378,.T.);
#745=EDGE_CURVE('',#611,#615,#379,.T.);
#746=EDGE_CURVE('',#605,#615,#380,.T.);
#747=EDGE_CURVE('',#608,#605,#381,.T.);
#748=EDGE_CURVE('',#616,#608,#108,.T.);
#749=EDGE_CURVE('',#616,#607,#382,.T.);
#750=EDGE_CURVE('',#617,#604,#383,.T.);
#751=EDGE_CURVE('',#610,#617,#384,.T.);
#752=EDGE_CURVE('',#615,#617,#385,.T.);
#753=EDGE_CURVE('',#612,#616,#386,.T.);
#754=EDGE_CURVE('',#618,#619,#387,.T.);
#755=EDGE_CURVE('',#618,#620,#109,.T.);
#756=EDGE_CURVE('',#621,#620,#388,.T.);
#757=EDGE_CURVE('',#621,#619,#82,.T.);
#758=EDGE_CURVE('',#619,#622,#389,.T.);
#759=EDGE_CURVE('',#622,#623,#390,.T.);
#760=EDGE_CURVE('',#623,#624,#391,.T.);
#761=EDGE_CURVE('',#619,#624,#392,.T.);
#762=EDGE_CURVE('',#622,#625,#393,.T.);
#763=EDGE_CURVE('',#625,#626,#394,.T.);
#764=EDGE_CURVE('',#626,#623,#395,.T.);
#765=EDGE_CURVE('',#621,#627,#396,.T.);
#766=EDGE_CURVE('',#628,#627,#397,.F.);
#767=EDGE_CURVE('',#629,#628,#398,.T.);
#768=EDGE_CURVE('',#629,#622,#83,.T.);
#769=EDGE_CURVE('',#630,#625,#110,.T.);
#770=EDGE_CURVE('',#620,#630,#399,.T.);
#771=EDGE_CURVE('',#625,#618,#400,.T.);
#772=EDGE_CURVE('',#631,#618,#401,.T.);
#773=EDGE_CURVE('',#626,#631,#402,.T.);
#774=EDGE_CURVE('',#624,#631,#403,.T.);
#775=EDGE_CURVE('',#630,#629,#404,.T.);
#776=EDGE_CURVE('',#632,#633,#405,.T.);
#777=EDGE_CURVE('',#614,#632,#84,.T.);
#778=EDGE_CURVE('',#633,#613,#85,.F.);
#779=EDGE_CURVE('',#628,#613,#406,.T.);
#780=EDGE_CURVE('',#628,#634,#86,.T.);
#781=EDGE_CURVE('',#634,#569,#407,.T.);
#782=EDGE_CURVE('',#568,#633,#408,.T.);
#783=EDGE_CURVE('',#635,#627,#87,.F.);
#784=EDGE_CURVE('',#634,#635,#409,.F.);
#785=EDGE_CURVE('',#581,#635,#410,.T.);
#786=EDGE_CURVE('',#569,#581,#411,.T.);
#787=EDGE_CURVE('',#632,#582,#412,.T.);
#788=EDGE_CURVE('',#614,#627,#413,.T.);
#789=EDGE_CURVE('',#630,#616,#88,.T.);
#790=EDGE_CURVE('',#636,#636,#89,.T.);
#791=EDGE_CURVE('',#637,#637,#90,.T.);
#792=EDGE_CURVE('',#638,#638,#91,.T.);
#793=EDGE_CURVE('',#639,#639,#92,.T.);
#794=EDGE_CURVE('',#640,#640,#93,.T.);
#795=EDGE_CURVE('',#641,#641,#94,.T.);
#796=EDGE_CURVE('',#620,#607,#95,.T.);
#797=EDGE_CURVE('',#570,#589,#111,.T.);
#798=EDGE_CURVE('',#591,#558,#414,.T.);
#799=EDGE_CURVE('',#641,#642,#415,.T.);
#800=EDGE_CURVE('',#642,#642,#96,.T.);
#801=EDGE_CURVE('',#638,#643,#416,.T.);
#802=EDGE_CURVE('',#643,#643,#97,.T.);
#803=EDGE_CURVE('',#636,#644,#417,.T.);
#804=EDGE_CURVE('',#644,#644,#98,.T.);
#805=EDGE_CURVE('',#637,#645,#418,.T.);
#806=EDGE_CURVE('',#645,#645,#99,.T.);
#807=EDGE_CURVE('',#639,#646,#419,.T.);
#808=EDGE_CURVE('',#646,#646,#100,.T.);
#809=EDGE_CURVE('',#640,#647,#420,.T.);
#810=EDGE_CURVE('',#647,#647,#101,.T.);
#811=EDGE_CURVE('',#570,#580,#421,.T.);
#812=EDGE_CURVE('',#568,#582,#422,.T.);
#813=EDGE_CURVE('',#571,#579,#423,.T.);
#814=EDGE_CURVE('',#572,#578,#424,.T.);
#815=EDGE_CURVE('',#566,#577,#425,.T.);
#816=EDGE_CURVE('',#573,#583,#426,.T.);
#817=EDGE_CURVE('',#574,#584,#427,.T.);
#818=EDGE_CURVE('',#575,#585,#428,.T.);
#819=EDGE_CURVE('',#576,#586,#429,.T.);
#820=ORIENTED_EDGE('',*,*,#648,.T.);
#821=ORIENTED_EDGE('',*,*,#649,.T.);
#822=ORIENTED_EDGE('',*,*,#650,.F.);
#823=ORIENTED_EDGE('',*,*,#651,.F.);
#824=ORIENTED_EDGE('',*,*,#650,.T.);
#825=ORIENTED_EDGE('',*,*,#652,.T.);
#826=ORIENTED_EDGE('',*,*,#653,.T.);
#827=ORIENTED_EDGE('',*,*,#654,.T.);
#828=ORIENTED_EDGE('',*,*,#655,.F.);
#829=ORIENTED_EDGE('',*,*,#656,.T.);
#830=ORIENTED_EDGE('',*,*,#657,.F.);
#831=ORIENTED_EDGE('',*,*,#658,.T.);
#832=ORIENTED_EDGE('',*,*,#658,.F.);
#833=ORIENTED_EDGE('',*,*,#659,.F.);
#834=ORIENTED_EDGE('',*,*,#660,.F.);
#835=ORIENTED_EDGE('',*,*,#656,.F.);
#836=ORIENTED_EDGE('',*,*,#661,.T.);
#837=ORIENTED_EDGE('',*,*,#662,.F.);
#838=ORIENTED_EDGE('',*,*,#663,.F.);
#839=ORIENTED_EDGE('',*,*,#662,.T.);
#840=ORIENTED_EDGE('',*,*,#664,.T.);
#841=ORIENTED_EDGE('',*,*,#665,.T.);
#842=ORIENTED_EDGE('',*,*,#666,.T.);
#843=ORIENTED_EDGE('',*,*,#667,.T.);
#844=ORIENTED_EDGE('',*,*,#668,.T.);
#845=ORIENTED_EDGE('',*,*,#669,.F.);
#846=ORIENTED_EDGE('',*,*,#670,.F.);
#847=ORIENTED_EDGE('',*,*,#671,.F.);
#848=ORIENTED_EDGE('',*,*,#672,.F.);
#849=ORIENTED_EDGE('',*,*,#673,.T.);
#850=ORIENTED_EDGE('',*,*,#674,.T.);
#851=ORIENTED_EDGE('',*,*,#675,.T.);
#852=ORIENTED_EDGE('',*,*,#648,.F.);
#853=ORIENTED_EDGE('',*,*,#676,.F.);
#854=ORIENTED_EDGE('',*,*,#677,.F.);
#855=ORIENTED_EDGE('',*,*,#673,.F.);
#856=ORIENTED_EDGE('',*,*,#678,.T.);
#857=ORIENTED_EDGE('',*,*,#651,.T.);
#858=ORIENTED_EDGE('',*,*,#654,.F.);
#859=ORIENTED_EDGE('',*,*,#679,.T.);
#860=ORIENTED_EDGE('',*,*,#669,.T.);
#861=ORIENTED_EDGE('',*,*,#674,.F.);
#862=ORIENTED_EDGE('',*,*,#680,.T.);
#863=ORIENTED_EDGE('',*,*,#681,.F.);
#864=ORIENTED_EDGE('',*,*,#682,.T.);
#865=ORIENTED_EDGE('',*,*,#683,.F.);
#866=ORIENTED_EDGE('',*,*,#684,.T.);
#867=ORIENTED_EDGE('',*,*,#685,.F.);
#868=ORIENTED_EDGE('',*,*,#686,.F.);
#869=ORIENTED_EDGE('',*,*,#687,.F.);
#870=ORIENTED_EDGE('',*,*,#688,.F.);
#871=ORIENTED_EDGE('',*,*,#689,.F.);
#872=ORIENTED_EDGE('',*,*,#690,.F.);
#873=ORIENTED_EDGE('',*,*,#691,.F.);
#874=ORIENTED_EDGE('',*,*,#692,.T.);
#875=ORIENTED_EDGE('',*,*,#693,.T.);
#876=ORIENTED_EDGE('',*,*,#694,.T.);
#877=ORIENTED_EDGE('',*,*,#695,.F.);
#878=ORIENTED_EDGE('',*,*,#696,.T.);
#879=ORIENTED_EDGE('',*,*,#697,.F.);
#880=ORIENTED_EDGE('',*,*,#698,.T.);
#881=ORIENTED_EDGE('',*,*,#699,.T.);
#882=ORIENTED_EDGE('',*,*,#700,.T.);
#883=ORIENTED_EDGE('',*,*,#701,.T.);
#884=ORIENTED_EDGE('',*,*,#702,.T.);
#885=ORIENTED_EDGE('',*,*,#703,.T.);
#886=ORIENTED_EDGE('',*,*,#704,.T.);
#887=ORIENTED_EDGE('',*,*,#705,.T.);
#888=ORIENTED_EDGE('',*,*,#706,.T.);
#889=ORIENTED_EDGE('',*,*,#707,.F.);
#890=ORIENTED_EDGE('',*,*,#708,.F.);
#891=ORIENTED_EDGE('',*,*,#655,.T.);
#892=ORIENTED_EDGE('',*,*,#660,.T.);
#893=ORIENTED_EDGE('',*,*,#695,.T.);
#894=ORIENTED_EDGE('',*,*,#709,.T.);
#895=ORIENTED_EDGE('',*,*,#710,.T.);
#896=ORIENTED_EDGE('',*,*,#663,.T.);
#897=ORIENTED_EDGE('',*,*,#666,.F.);
#898=ORIENTED_EDGE('',*,*,#711,.F.);
#899=ORIENTED_EDGE('',*,*,#705,.F.);
#900=ORIENTED_EDGE('',*,*,#678,.F.);
#901=ORIENTED_EDGE('',*,*,#712,.T.);
#902=ORIENTED_EDGE('',*,*,#691,.T.);
#903=ORIENTED_EDGE('',*,*,#676,.T.);
#904=ORIENTED_EDGE('',*,*,#672,.T.);
#905=ORIENTED_EDGE('',*,*,#671,.T.);
#906=ORIENTED_EDGE('',*,*,#713,.T.);
#907=ORIENTED_EDGE('',*,*,#652,.F.);
#908=ORIENTED_EDGE('',*,*,#649,.F.);
#909=ORIENTED_EDGE('',*,*,#714,.F.);
#910=ORIENTED_EDGE('',*,*,#715,.T.);
#911=ORIENTED_EDGE('',*,*,#716,.F.);
#912=ORIENTED_EDGE('',*,*,#715,.F.);
#913=ORIENTED_EDGE('',*,*,#717,.F.);
#914=ORIENTED_EDGE('',*,*,#718,.T.);
#915=ORIENTED_EDGE('',*,*,#719,.F.);
#916=ORIENTED_EDGE('',*,*,#718,.F.);
#917=ORIENTED_EDGE('',*,*,#720,.F.);
#918=ORIENTED_EDGE('',*,*,#721,.T.);
#919=ORIENTED_EDGE('',*,*,#722,.F.);
#920=ORIENTED_EDGE('',*,*,#721,.F.);
#921=ORIENTED_EDGE('',*,*,#723,.F.);
#922=ORIENTED_EDGE('',*,*,#724,.T.);
#923=ORIENTED_EDGE('',*,*,#725,.F.);
#924=ORIENTED_EDGE('',*,*,#724,.F.);
#925=ORIENTED_EDGE('',*,*,#726,.F.);
#926=ORIENTED_EDGE('',*,*,#727,.T.);
#927=ORIENTED_EDGE('',*,*,#728,.F.);
#928=ORIENTED_EDGE('',*,*,#727,.F.);
#929=ORIENTED_EDGE('',*,*,#729,.F.);
#930=ORIENTED_EDGE('',*,*,#730,.T.);
#931=ORIENTED_EDGE('',*,*,#731,.F.);
#932=ORIENTED_EDGE('',*,*,#730,.F.);
#933=ORIENTED_EDGE('',*,*,#732,.F.);
#934=ORIENTED_EDGE('',*,*,#733,.T.);
#935=ORIENTED_EDGE('',*,*,#734,.F.);
#936=ORIENTED_EDGE('',*,*,#735,.T.);
#937=ORIENTED_EDGE('',*,*,#736,.T.);
#938=ORIENTED_EDGE('',*,*,#737,.T.);
#939=ORIENTED_EDGE('',*,*,#738,.T.);
#940=ORIENTED_EDGE('',*,*,#739,.F.);
#941=ORIENTED_EDGE('',*,*,#740,.F.);
#942=ORIENTED_EDGE('',*,*,#741,.F.);
#943=ORIENTED_EDGE('',*,*,#742,.T.);
#944=ORIENTED_EDGE('',*,*,#743,.T.);
#945=ORIENTED_EDGE('',*,*,#744,.F.);
#946=ORIENTED_EDGE('',*,*,#733,.F.);
#947=ORIENTED_EDGE('',*,*,#739,.T.);
#948=ORIENTED_EDGE('',*,*,#745,.T.);
#949=ORIENTED_EDGE('',*,*,#746,.F.);
#950=ORIENTED_EDGE('',*,*,#747,.F.);
#951=ORIENTED_EDGE('',*,*,#748,.T.);
#952=ORIENTED_EDGE('',*,*,#747,.T.);
#953=ORIENTED_EDGE('',*,*,#735,.F.);
#954=ORIENTED_EDGE('',*,*,#749,.F.);
#955=ORIENTED_EDGE('',*,*,#740,.T.);
#956=ORIENTED_EDGE('',*,*,#750,.F.);
#957=ORIENTED_EDGE('',*,*,#751,.F.);
#958=ORIENTED_EDGE('',*,*,#737,.F.);
#959=ORIENTED_EDGE('',*,*,#738,.F.);
#960=ORIENTED_EDGE('',*,*,#751,.T.);
#961=ORIENTED_EDGE('',*,*,#752,.F.);
#962=ORIENTED_EDGE('',*,*,#745,.F.);
#963=ORIENTED_EDGE('',*,*,#736,.F.);
#964=ORIENTED_EDGE('',*,*,#748,.F.);
#965=ORIENTED_EDGE('',*,*,#753,.F.);
#966=ORIENTED_EDGE('',*,*,#741,.T.);
#967=ORIENTED_EDGE('',*,*,#732,.T.);
#968=ORIENTED_EDGE('',*,*,#746,.T.);
#969=ORIENTED_EDGE('',*,*,#752,.T.);
#970=ORIENTED_EDGE('',*,*,#750,.T.);
#971=ORIENTED_EDGE('',*,*,#754,.F.);
#972=ORIENTED_EDGE('',*,*,#755,.T.);
#973=ORIENTED_EDGE('',*,*,#756,.F.);
#974=ORIENTED_EDGE('',*,*,#757,.T.);
#975=ORIENTED_EDGE('',*,*,#758,.T.);
#976=ORIENTED_EDGE('',*,*,#759,.T.);
#977=ORIENTED_EDGE('',*,*,#760,.T.);
#978=ORIENTED_EDGE('',*,*,#761,.F.);
#979=ORIENTED_EDGE('',*,*,#762,.T.);
#980=ORIENTED_EDGE('',*,*,#763,.T.);
#981=ORIENTED_EDGE('',*,*,#764,.T.);
#982=ORIENTED_EDGE('',*,*,#759,.F.);
#983=ORIENTED_EDGE('',*,*,#758,.F.);
#984=ORIENTED_EDGE('',*,*,#757,.F.);
#985=ORIENTED_EDGE('',*,*,#765,.T.);
#986=ORIENTED_EDGE('',*,*,#766,.F.);
#987=ORIENTED_EDGE('',*,*,#767,.F.);
#988=ORIENTED_EDGE('',*,*,#768,.T.);
#989=ORIENTED_EDGE('',*,*,#769,.F.);
#990=ORIENTED_EDGE('',*,*,#770,.F.);
#991=ORIENTED_EDGE('',*,*,#755,.F.);
#992=ORIENTED_EDGE('',*,*,#771,.F.);
#993=ORIENTED_EDGE('',*,*,#763,.F.);
#994=ORIENTED_EDGE('',*,*,#771,.T.);
#995=ORIENTED_EDGE('',*,*,#772,.F.);
#996=ORIENTED_EDGE('',*,*,#773,.F.);
#997=ORIENTED_EDGE('',*,*,#764,.F.);
#998=ORIENTED_EDGE('',*,*,#773,.T.);
#999=ORIENTED_EDGE('',*,*,#774,.F.);
#1000=ORIENTED_EDGE('',*,*,#760,.F.);
#1001=ORIENTED_EDGE('',*,*,#762,.F.);
#1002=ORIENTED_EDGE('',*,*,#768,.F.);
#1003=ORIENTED_EDGE('',*,*,#775,.F.);
#1004=ORIENTED_EDGE('',*,*,#769,.T.);
#1005=ORIENTED_EDGE('',*,*,#754,.T.);
#1006=ORIENTED_EDGE('',*,*,#761,.T.);
#1007=ORIENTED_EDGE('',*,*,#774,.T.);
#1008=ORIENTED_EDGE('',*,*,#772,.T.);
#1009=ORIENTED_EDGE('',*,*,#776,.F.);
#1010=ORIENTED_EDGE('',*,*,#777,.F.);
#1011=ORIENTED_EDGE('',*,*,#743,.F.);
#1012=ORIENTED_EDGE('',*,*,#778,.F.);
#1013=ORIENTED_EDGE('',*,*,#778,.T.);
#1014=ORIENTED_EDGE('',*,*,#779,.F.);
#1015=ORIENTED_EDGE('',*,*,#780,.T.);
#1016=ORIENTED_EDGE('',*,*,#781,.T.);
#1017=ORIENTED_EDGE('',*,*,#681,.T.);
#1018=ORIENTED_EDGE('',*,*,#782,.T.);
#1019=ORIENTED_EDGE('',*,*,#780,.F.);
#1020=ORIENTED_EDGE('',*,*,#766,.T.);
#1021=ORIENTED_EDGE('',*,*,#783,.F.);
#1022=ORIENTED_EDGE('',*,*,#784,.F.);
#1023=ORIENTED_EDGE('',*,*,#784,.T.);
#1024=ORIENTED_EDGE('',*,*,#785,.F.);
#1025=ORIENTED_EDGE('',*,*,#786,.F.);
#1026=ORIENTED_EDGE('',*,*,#781,.F.);
#1027=ORIENTED_EDGE('',*,*,#787,.T.);
#1028=ORIENTED_EDGE('',*,*,#697,.T.);
#1029=ORIENTED_EDGE('',*,*,#785,.T.);
#1030=ORIENTED_EDGE('',*,*,#783,.T.);
#1031=ORIENTED_EDGE('',*,*,#788,.F.);
#1032=ORIENTED_EDGE('',*,*,#777,.T.);
#1033=ORIENTED_EDGE('',*,*,#753,.T.);
#1034=ORIENTED_EDGE('',*,*,#789,.F.);
#1035=ORIENTED_EDGE('',*,*,#775,.T.);
#1036=ORIENTED_EDGE('',*,*,#767,.T.);
#1037=ORIENTED_EDGE('',*,*,#779,.T.);
#1038=ORIENTED_EDGE('',*,*,#742,.F.);
#1039=ORIENTED_EDGE('',*,*,#790,.F.);
#1040=ORIENTED_EDGE('',*,*,#791,.F.);
#1041=ORIENTED_EDGE('',*,*,#792,.F.);
#1042=ORIENTED_EDGE('',*,*,#793,.F.);
#1043=ORIENTED_EDGE('',*,*,#794,.F.);
#1044=ORIENTED_EDGE('',*,*,#795,.F.);
#1045=ORIENTED_EDGE('',*,*,#729,.T.);
#1046=ORIENTED_EDGE('',*,*,#726,.T.);
#1047=ORIENTED_EDGE('',*,*,#723,.T.);
#1048=ORIENTED_EDGE('',*,*,#720,.T.);
#1049=ORIENTED_EDGE('',*,*,#717,.T.);
#1050=ORIENTED_EDGE('',*,*,#714,.T.);
#1051=ORIENTED_EDGE('',*,*,#749,.T.);
#1052=ORIENTED_EDGE('',*,*,#796,.F.);
#1053=ORIENTED_EDGE('',*,*,#770,.T.);
#1054=ORIENTED_EDGE('',*,*,#789,.T.);
#1055=ORIENTED_EDGE('',*,*,#710,.F.);
#1056=ORIENTED_EDGE('',*,*,#797,.F.);
#1057=ORIENTED_EDGE('',*,*,#683,.T.);
#1058=ORIENTED_EDGE('',*,*,#657,.T.);
#1059=ORIENTED_EDGE('',*,*,#708,.T.);
#1060=ORIENTED_EDGE('',*,*,#707,.T.);
#1061=ORIENTED_EDGE('',*,*,#798,.T.);
#1062=ORIENTED_EDGE('',*,*,#664,.F.);
#1063=ORIENTED_EDGE('',*,*,#661,.F.);
#1064=ORIENTED_EDGE('',*,*,#713,.F.);
#1065=ORIENTED_EDGE('',*,*,#670,.T.);
#1066=ORIENTED_EDGE('',*,*,#679,.F.);
#1067=ORIENTED_EDGE('',*,*,#653,.F.);
#1068=ORIENTED_EDGE('',*,*,#711,.T.);
#1069=ORIENTED_EDGE('',*,*,#665,.F.);
#1070=ORIENTED_EDGE('',*,*,#798,.F.);
#1071=ORIENTED_EDGE('',*,*,#706,.F.);
#1072=ORIENTED_EDGE('',*,*,#795,.T.);
#1073=ORIENTED_EDGE('',*,*,#799,.T.);
#1074=ORIENTED_EDGE('',*,*,#800,.F.);
#1075=ORIENTED_EDGE('',*,*,#799,.F.);
#1076=ORIENTED_EDGE('',*,*,#792,.T.);
#1077=ORIENTED_EDGE('',*,*,#801,.T.);
#1078=ORIENTED_EDGE('',*,*,#802,.F.);
#1079=ORIENTED_EDGE('',*,*,#801,.F.);
#1080=ORIENTED_EDGE('',*,*,#790,.T.);
#1081=ORIENTED_EDGE('',*,*,#803,.T.);
#1082=ORIENTED_EDGE('',*,*,#804,.F.);
#1083=ORIENTED_EDGE('',*,*,#803,.F.);
#1084=ORIENTED_EDGE('',*,*,#791,.T.);
#1085=ORIENTED_EDGE('',*,*,#805,.T.);
#1086=ORIENTED_EDGE('',*,*,#806,.F.);
#1087=ORIENTED_EDGE('',*,*,#805,.F.);
#1088=ORIENTED_EDGE('',*,*,#793,.T.);
#1089=ORIENTED_EDGE('',*,*,#807,.T.);
#1090=ORIENTED_EDGE('',*,*,#808,.F.);
#1091=ORIENTED_EDGE('',*,*,#807,.F.);
#1092=ORIENTED_EDGE('',*,*,#794,.T.);
#1093=ORIENTED_EDGE('',*,*,#809,.T.);
#1094=ORIENTED_EDGE('',*,*,#810,.F.);
#1095=ORIENTED_EDGE('',*,*,#809,.F.);
#1096=ORIENTED_EDGE('',*,*,#703,.F.);
#1097=ORIENTED_EDGE('',*,*,#709,.F.);
#1098=ORIENTED_EDGE('',*,*,#811,.F.);
#1099=ORIENTED_EDGE('',*,*,#797,.T.);
#1100=ORIENTED_EDGE('',*,*,#704,.F.);
#1101=ORIENTED_EDGE('',*,*,#734,.T.);
#1102=ORIENTED_EDGE('',*,*,#744,.T.);
#1103=ORIENTED_EDGE('',*,*,#788,.T.);
#1104=ORIENTED_EDGE('',*,*,#765,.F.);
#1105=ORIENTED_EDGE('',*,*,#756,.T.);
#1106=ORIENTED_EDGE('',*,*,#796,.T.);
#1107=ORIENTED_EDGE('',*,*,#810,.T.);
#1108=ORIENTED_EDGE('',*,*,#808,.T.);
#1109=ORIENTED_EDGE('',*,*,#800,.T.);
#1110=ORIENTED_EDGE('',*,*,#806,.T.);
#1111=ORIENTED_EDGE('',*,*,#804,.T.);
#1112=ORIENTED_EDGE('',*,*,#802,.T.);
#1113=ORIENTED_EDGE('',*,*,#731,.T.);
#1114=ORIENTED_EDGE('',*,*,#728,.T.);
#1115=ORIENTED_EDGE('',*,*,#725,.T.);
#1116=ORIENTED_EDGE('',*,*,#722,.T.);
#1117=ORIENTED_EDGE('',*,*,#719,.T.);
#1118=ORIENTED_EDGE('',*,*,#716,.T.);
#1119=ORIENTED_EDGE('',*,*,#659,.T.);
#1120=ORIENTED_EDGE('',*,*,#682,.F.);
#1121=ORIENTED_EDGE('',*,*,#786,.T.);
#1122=ORIENTED_EDGE('',*,*,#696,.F.);
#1123=ORIENTED_EDGE('',*,*,#776,.T.);
#1124=ORIENTED_EDGE('',*,*,#782,.F.);
#1125=ORIENTED_EDGE('',*,*,#812,.T.);
#1126=ORIENTED_EDGE('',*,*,#787,.F.);
#1127=ORIENTED_EDGE('',*,*,#684,.F.);
#1128=ORIENTED_EDGE('',*,*,#811,.T.);
#1129=ORIENTED_EDGE('',*,*,#694,.F.);
#1130=ORIENTED_EDGE('',*,*,#813,.F.);
#1131=ORIENTED_EDGE('',*,*,#685,.T.);
#1132=ORIENTED_EDGE('',*,*,#813,.T.);
#1133=ORIENTED_EDGE('',*,*,#693,.F.);
#1134=ORIENTED_EDGE('',*,*,#814,.F.);
#1135=ORIENTED_EDGE('',*,*,#677,.T.);
#1136=ORIENTED_EDGE('',*,*,#698,.F.);
#1137=ORIENTED_EDGE('',*,*,#812,.F.);
#1138=ORIENTED_EDGE('',*,*,#680,.F.);
#1139=ORIENTED_EDGE('',*,*,#686,.T.);
#1140=ORIENTED_EDGE('',*,*,#814,.T.);
#1141=ORIENTED_EDGE('',*,*,#692,.F.);
#1142=ORIENTED_EDGE('',*,*,#815,.F.);
#1143=ORIENTED_EDGE('',*,*,#687,.T.);
#1144=ORIENTED_EDGE('',*,*,#816,.T.);
#1145=ORIENTED_EDGE('',*,*,#699,.F.);
#1146=ORIENTED_EDGE('',*,*,#816,.F.);
#1147=ORIENTED_EDGE('',*,*,#688,.T.);
#1148=ORIENTED_EDGE('',*,*,#817,.T.);
#1149=ORIENTED_EDGE('',*,*,#700,.F.);
#1150=ORIENTED_EDGE('',*,*,#817,.F.);
#1151=ORIENTED_EDGE('',*,*,#689,.T.);
#1152=ORIENTED_EDGE('',*,*,#818,.T.);
#1153=ORIENTED_EDGE('',*,*,#701,.F.);
#1154=ORIENTED_EDGE('',*,*,#818,.F.);
#1155=ORIENTED_EDGE('',*,*,#690,.T.);
#1156=ORIENTED_EDGE('',*,*,#819,.T.);
#1157=ORIENTED_EDGE('',*,*,#702,.F.);
#1158=ORIENTED_EDGE('',*,*,#819,.F.);
#1159=ORIENTED_EDGE('',*,*,#667,.F.);
#1160=ORIENTED_EDGE('',*,*,#675,.F.);
#1161=ORIENTED_EDGE('',*,*,#815,.T.);
#1162=ORIENTED_EDGE('',*,*,#712,.F.);
#1163=ORIENTED_EDGE('',*,*,#668,.F.);
#1164=PLANE('',#1288);
#1165=PLANE('',#1289);
#1166=PLANE('',#1291);
#1167=PLANE('',#1293);
#1168=PLANE('',#1294);
#1169=PLANE('',#1295);
#1170=PLANE('',#1298);
#1171=PLANE('',#1300);
#1172=PLANE('',#1301);
#1173=PLANE('',#1307);
#1174=PLANE('',#1313);
#1175=PLANE('',#1315);
#1176=PLANE('',#1317);
#1177=PLANE('',#1338);
#1178=PLANE('',#1339);
#1179=PLANE('',#1341);
#1180=PLANE('',#1342);
#1181=PLANE('',#1343);
#1182=PLANE('',#1345);
#1183=PLANE('',#1348);
#1184=PLANE('',#1349);
#1185=PLANE('',#1350);
#1186=PLANE('',#1352);
#1187=PLANE('',#1353);
#1188=PLANE('',#1355);
#1189=PLANE('',#1356);
#1190=PLANE('',#1361);
#1191=PLANE('',#1363);
#1192=PLANE('',#1365);
#1193=PLANE('',#1376);
#1194=PLANE('',#1377);
#1195=PLANE('',#1378);
#1196=PLANE('',#1391);
#1197=PLANE('',#1392);
#1198=PLANE('',#1393);
#1199=PLANE('',#1394);
#1200=PLANE('',#1396);
#1201=PLANE('',#1397);
#1202=ADVANCED_FACE('',(#141),#1164,.T.);
#1203=ADVANCED_FACE('',(#142),#1165,.T.);
#1204=ADVANCED_FACE('',(#143),#112,.F.);
#1205=ADVANCED_FACE('',(#144),#1166,.T.);
#1206=ADVANCED_FACE('',(#145),#1167,.T.);
#1207=ADVANCED_FACE('',(#146),#1168,.T.);
#1208=ADVANCED_FACE('',(#147),#1169,.T.);
#1209=ADVANCED_FACE('',(#148),#113,.F.);
#1210=ADVANCED_FACE('',(#149),#1170,.T.);
#1211=ADVANCED_FACE('',(#150),#1171,.T.);
#1212=ADVANCED_FACE('',(#151,#23,#24,#25,#26),#1172,.F.);
#1213=ADVANCED_FACE('',(#152,#27,#28,#29,#30),#1173,.T.);
#1214=ADVANCED_FACE('',(#153),#1174,.T.);
#1215=ADVANCED_FACE('',(#154),#114,.T.);
#1216=ADVANCED_FACE('',(#155),#1175,.F.);
#1217=ADVANCED_FACE('',(#156),#115,.T.);
#1218=ADVANCED_FACE('',(#157),#1176,.F.);
#1219=ADVANCED_FACE('',(#158),#116,.F.);
#1220=ADVANCED_FACE('',(#159),#117,.F.);
#1221=ADVANCED_FACE('',(#160),#118,.F.);
#1222=ADVANCED_FACE('',(#161),#119,.F.);
#1223=ADVANCED_FACE('',(#162),#120,.F.);
#1224=ADVANCED_FACE('',(#163),#121,.F.);
#1225=ADVANCED_FACE('',(#164),#122,.F.);
#1226=ADVANCED_FACE('',(#165),#1177,.F.);
#1227=ADVANCED_FACE('',(#166),#1178,.T.);
#1228=ADVANCED_FACE('',(#167),#1179,.T.);
#1229=ADVANCED_FACE('',(#168),#19,.T.);
#1230=ADVANCED_FACE('',(#169),#1180,.T.);
#1231=ADVANCED_FACE('',(#170),#1181,.T.);
#1232=ADVANCED_FACE('',(#171),#123,.T.);
#1233=ADVANCED_FACE('',(#172),#1182,.T.);
#1234=ADVANCED_FACE('',(#173),#124,.F.);
#1235=ADVANCED_FACE('',(#174),#1183,.T.);
#1236=ADVANCED_FACE('',(#175),#1184,.F.);
#1237=ADVANCED_FACE('',(#176),#1185,.T.);
#1238=ADVANCED_FACE('',(#177),#20,.T.);
#1239=ADVANCED_FACE('',(#178),#1186,.T.);
#1240=ADVANCED_FACE('',(#179),#1187,.T.);
#1241=ADVANCED_FACE('',(#180),#125,.T.);
#1242=ADVANCED_FACE('',(#181),#1188,.T.);
#1243=ADVANCED_FACE('',(#182),#1189,.F.);
#1244=ADVANCED_FACE('',(#183),#126,.F.);
#1245=ADVANCED_FACE('',(#184),#1190,.T.);
#1246=ADVANCED_FACE('',(#185),#1191,.T.);
#1247=ADVANCED_FACE('',(#186),#127,.T.);
#1248=ADVANCED_FACE('',(#187,#31,#32,#33,#34,#35,#36,#37,#38,#39,#40,#41,
#42),#1192,.F.);
#1249=ADVANCED_FACE('',(#188),#128,.T.);
#1250=ADVANCED_FACE('',(#189),#129,.F.);
#1251=ADVANCED_FACE('',(#190),#1193,.T.);
#1252=ADVANCED_FACE('',(#191),#1194,.T.);
#1253=ADVANCED_FACE('',(#192),#1195,.T.);
#1254=ADVANCED_FACE('',(#193),#130,.F.);
#1255=ADVANCED_FACE('',(#194),#131,.F.);
#1256=ADVANCED_FACE('',(#195),#132,.F.);
#1257=ADVANCED_FACE('',(#196),#133,.F.);
#1258=ADVANCED_FACE('',(#197),#134,.F.);
#1259=ADVANCED_FACE('',(#198),#135,.F.);
#1260=ADVANCED_FACE('',(#199),#21,.T.);
#1261=ADVANCED_FACE('',(#200,#43,#44,#45,#46,#47,#48,#49,#50,#51,#52,#53,
#54),#1196,.T.);
#1262=ADVANCED_FACE('',(#201),#1197,.T.);
#1263=ADVANCED_FACE('',(#202),#1198,.T.);
#1264=ADVANCED_FACE('',(#203),#1199,.T.);
#1265=ADVANCED_FACE('',(#204),#136,.T.);
#1266=ADVANCED_FACE('',(#205),#1200,.T.);
#1267=ADVANCED_FACE('',(#206),#1201,.T.);
#1268=ADVANCED_FACE('',(#207),#137,.F.);
#1269=ADVANCED_FACE('',(#208),#138,.F.);
#1270=ADVANCED_FACE('',(#209),#139,.F.);
#1271=ADVANCED_FACE('',(#210),#140,.F.);
#1272=ADVANCED_FACE('',(#211),#22,.T.);
#1273=CLOSED_SHELL('',(#1202,#1203,#1204,#1205,#1206,#1207,#1208,#1209,
#1210,#1211,#1212,#1213,#1214,#1215,#1216,#1217,#1218,#1219,#1220,#1221,
#1222,#1223,#1224,#1225,#1226,#1227,#1228,#1229,#1230,#1231,#1232,#1233,
#1234,#1235,#1236,#1237,#1238,#1239,#1240,#1241,#1242,#1243,#1244,#1245,
#1246,#1247,#1248,#1249,#1250,#1251,#1252,#1253,#1254,#1255,#1256,#1257,
#1258,#1259,#1260,#1261,#1262,#1263,#1264,#1265,#1266,#1267,#1268,#1269,
#1270,#1271,#1272));
#1274=DERIVED_UNIT_ELEMENT(#1276,1.);
#1275=DERIVED_UNIT_ELEMENT(#2262,-3.);
#1276=(
MASS_UNIT()
NAMED_UNIT(*)
SI_UNIT(.KILO.,.GRAM.)
);
#1277=DERIVED_UNIT((#1274,#1275));
#1278=MEASURE_REPRESENTATION_ITEM('density measure',
POSITIVE_RATIO_MEASURE(7850.),#1277);
#1279=PROPERTY_DEFINITION_REPRESENTATION(#1284,#1281);
#1280=PROPERTY_DEFINITION_REPRESENTATION(#1285,#1282);
#1281=REPRESENTATION('material name',(#1283),#2259);
#1282=REPRESENTATION('density',(#1278),#2259);
#1283=DESCRIPTIVE_REPRESENTATION_ITEM('Steel','Steel');
#1284=PROPERTY_DEFINITION('material property','material name',#2274);
#1285=PROPERTY_DEFINITION('material property','density of part',#2274);
#1286=AXIS2_PLACEMENT_3D('',#1752,#1403,#1404);
#1287=AXIS2_PLACEMENT_3D('',#1753,#1405,#1406);
#1288=AXIS2_PLACEMENT_3D('',#1754,#1407,#1408);
#1289=AXIS2_PLACEMENT_3D('',#1763,#1413,#1414);
#1290=AXIS2_PLACEMENT_3D('',#1769,#1418,#1419);
#1291=AXIS2_PLACEMENT_3D('',#1802,#1422,#1423);
#1292=AXIS2_PLACEMENT_3D('',#1805,#1425,#1426);
#1293=AXIS2_PLACEMENT_3D('',#1806,#1427,#1428);
#1294=AXIS2_PLACEMENT_3D('',#1812,#1432,#1433);
#1295=AXIS2_PLACEMENT_3D('',#1818,#1437,#1438);
#1296=AXIS2_PLACEMENT_3D('',#1829,#1444,#1445);
#1297=AXIS2_PLACEMENT_3D('',#1832,#1447,#1448);
#1298=AXIS2_PLACEMENT_3D('',#1845,#1450,#1451);
#1299=AXIS2_PLACEMENT_3D('',#1847,#1452,#1453);
#1300=AXIS2_PLACEMENT_3D('',#1849,#1455,#1456);
#1301=AXIS2_PLACEMENT_3D('',#1852,#1459,#1460);
#1302=AXIS2_PLACEMENT_3D('',#1863,#1466,#1467);
#1303=AXIS2_PLACEMENT_3D('',#1866,#1469,#1470);
#1304=AXIS2_PLACEMENT_3D('',#1868,#1471,#1472);
#1305=AXIS2_PLACEMENT_3D('',#1870,#1473,#1474);
#1306=AXIS2_PLACEMENT_3D('',#1872,#1475,#1476);
#1307=AXIS2_PLACEMENT_3D('',#1873,#1477,#1478);
#1308=AXIS2_PLACEMENT_3D('',#1879,#1481,#1482);
#1309=AXIS2_PLACEMENT_3D('',#1889,#1488,#1489);
#1310=AXIS2_PLACEMENT_3D('',#1891,#1490,#1491);
#1311=AXIS2_PLACEMENT_3D('',#1893,#1492,#1493);
#1312=AXIS2_PLACEMENT_3D('',#1895,#1494,#1495);
#1313=AXIS2_PLACEMENT_3D('',#1896,#1496,#1497);
#1314=AXIS2_PLACEMENT_3D('',#1907,#1503,#1504);
#1315=AXIS2_PLACEMENT_3D('',#1914,#1506,#1507);
#1316=AXIS2_PLACEMENT_3D('',#1917,#1510,#1511);
#1317=AXIS2_PLACEMENT_3D('',#1923,#1512,#1513);
#1318=AXIS2_PLACEMENT_3D('',#1925,#1515,#1516);
#1319=AXIS2_PLACEMENT_3D('',#1927,#1517,#1518);
#1320=AXIS2_PLACEMENT_3D('',#1930,#1520,#1521);
#1321=AXIS2_PLACEMENT_3D('',#1931,#1522,#1523);
#1322=AXIS2_PLACEMENT_3D('',#1933,#1524,#1525);
#1323=AXIS2_PLACEMENT_3D('',#1936,#1527,#1528);
#1324=AXIS2_PLACEMENT_3D('',#1937,#1529,#1530);
#1325=AXIS2_PLACEMENT_3D('',#1939,#1531,#1532);
#1326=AXIS2_PLACEMENT_3D('',#1942,#1534,#1535);
#1327=AXIS2_PLACEMENT_3D('',#1943,#1536,#1537);
#1328=AXIS2_PLACEMENT_3D('',#1945,#1538,#1539);
#1329=AXIS2_PLACEMENT_3D('',#1948,#1541,#1542);
#1330=AXIS2_PLACEMENT_3D('',#1949,#1543,#1544);
#1331=AXIS2_PLACEMENT_3D('',#1951,#1545,#1546);
#1332=AXIS2_PLACEMENT_3D('',#1954,#1548,#1549);
#1333=AXIS2_PLACEMENT_3D('',#1955,#1550,#1551);
#1334=AXIS2_PLACEMENT_3D('',#1957,#1552,#1553);
#1335=AXIS2_PLACEMENT_3D('',#1960,#1555,#1556);
#1336=AXIS2_PLACEMENT_3D('',#1961,#1557,#1558);
#1337=AXIS2_PLACEMENT_3D('',#1966,#1560,#1561);
#1338=AXIS2_PLACEMENT_3D('',#1979,#1563,#1564);
#1339=AXIS2_PLACEMENT_3D('',#1988,#1569,#1570);
#1340=AXIS2_PLACEMENT_3D('',#1991,#1572,#1573);
#1341=AXIS2_PLACEMENT_3D('',#1997,#1577,#1578);
#1342=AXIS2_PLACEMENT_3D('',#2029,#1583,#1584);
#1343=AXIS2_PLACEMENT_3D('',#2033,#1587,#1588);
#1344=AXIS2_PLACEMENT_3D('',#2035,#1590,#1591);
#1345=AXIS2_PLACEMENT_3D('',#2037,#1593,#1594);
#1346=AXIS2_PLACEMENT_3D('',#2038,#1595,#1596);
#1347=AXIS2_PLACEMENT_3D('',#2055,#1599,#1600);
#1348=AXIS2_PLACEMENT_3D('',#2056,#1601,#1602);
#1349=AXIS2_PLACEMENT_3D('',#2064,#1607,#1608);
#1350=AXIS2_PLACEMENT_3D('',#2070,#1612,#1613);
#1351=AXIS2_PLACEMENT_3D('',#2077,#1617,#1618);
#1352=AXIS2_PLACEMENT_3D('',#2106,#1621,#1622);
#1353=AXIS2_PLACEMENT_3D('',#2110,#1625,#1626);
#1354=AXIS2_PLACEMENT_3D('',#2112,#1628,#1629);
#1355=AXIS2_PLACEMENT_3D('',#2114,#1631,#1632);
#1356=AXIS2_PLACEMENT_3D('',#2115,#1633,#1634);
#1357=AXIS2_PLACEMENT_3D('',#2119,#1636,#1637);
#1358=AXIS2_PLACEMENT_3D('',#2120,#1638,#1639);
#1359=AXIS2_PLACEMENT_3D('',#2121,#1640,#1641);
#1360=AXIS2_PLACEMENT_3D('',#2124,#1643,#1644);
#1361=AXIS2_PLACEMENT_3D('',#2127,#1647,#1648);
#1362=AXIS2_PLACEMENT_3D('',#2129,#1649,#1650);
#1363=AXIS2_PLACEMENT_3D('',#2131,#1652,#1653);
#1364=AXIS2_PLACEMENT_3D('',#2134,#1656,#1657);
#1365=AXIS2_PLACEMENT_3D('',#2137,#1660,#1661);
#1366=AXIS2_PLACEMENT_3D('',#2138,#1662,#1663);
#1367=AXIS2_PLACEMENT_3D('',#2140,#1664,#1665);
#1368=AXIS2_PLACEMENT_3D('',#2142,#1666,#1667);
#1369=AXIS2_PLACEMENT_3D('',#2144,#1668,#1669);
#1370=AXIS2_PLACEMENT_3D('',#2146,#1670,#1671);
#1371=AXIS2_PLACEMENT_3D('',#2148,#1672,#1673);
#1372=AXIS2_PLACEMENT_3D('',#2150,#1674,#1675);
#1373=AXIS2_PLACEMENT_3D('',#2151,#1676,#1677);
#1374=AXIS2_PLACEMENT_3D('',#2152,#1678,#1679);
#1375=AXIS2_PLACEMENT_3D('',#2153,#1680,#1681);
#1376=AXIS2_PLACEMENT_3D('',#2166,#1682,#1683);
#1377=AXIS2_PLACEMENT_3D('',#2168,#1685,#1686);
#1378=AXIS2_PLACEMENT_3D('',#2169,#1687,#1688);
#1379=AXIS2_PLACEMENT_3D('',#2170,#1689,#1690);
#1380=AXIS2_PLACEMENT_3D('',#2173,#1692,#1693);
#1381=AXIS2_PLACEMENT_3D('',#2174,#1694,#1695);
#1382=AXIS2_PLACEMENT_3D('',#2177,#1697,#1698);
#1383=AXIS2_PLACEMENT_3D('',#2178,#1699,#1700);
#1384=AXIS2_PLACEMENT_3D('',#2181,#1702,#1703);
#1385=AXIS2_PLACEMENT_3D('',#2182,#1704,#1705);
#1386=AXIS2_PLACEMENT_3D('',#2185,#1707,#1708);
#1387=AXIS2_PLACEMENT_3D('',#2186,#1709,#1710);
#1388=AXIS2_PLACEMENT_3D('',#2189,#1712,#1713);
#1389=AXIS2_PLACEMENT_3D('',#2190,#1714,#1715);
#1390=AXIS2_PLACEMENT_3D('',#2193,#1717,#1718);
#1391=AXIS2_PLACEMENT_3D('',#2215,#1720,#1721);
#1392=AXIS2_PLACEMENT_3D('',#2216,#1722,#1723);
#1393=AXIS2_PLACEMENT_3D('',#2217,#1724,#1725);
#1394=AXIS2_PLACEMENT_3D('',#2219,#1727,#1728);
#1395=AXIS2_PLACEMENT_3D('',#2221,#1730,#1731);
#1396=AXIS2_PLACEMENT_3D('',#2223,#1733,#1734);
#1397=AXIS2_PLACEMENT_3D('',#2224,#1735,#1736);
#1398=AXIS2_PLACEMENT_3D('',#2226,#1738,#1739);
#1399=AXIS2_PLACEMENT_3D('',#2228,#1741,#1742);
#1400=AXIS2_PLACEMENT_3D('',#2230,#1744,#1745);
#1401=AXIS2_PLACEMENT_3D('',#2232,#1747,#1748);
#1402=AXIS2_PLACEMENT_3D('',#2254,#1750,#1751);
#1403=DIRECTION('axis',(0.,0.,1.));
#1404=DIRECTION('refdir',(1.,0.,0.));
#1405=DIRECTION('axis',(0.,0.,1.));
#1406=DIRECTION('refdir',(1.,0.,0.));
#1407=DIRECTION('center_axis',(-1.63268091856641E-16,1.,6.12323399573677E-17));
#1408=DIRECTION('ref_axis',(0.,-6.12323399573677E-17,1.));
#1409=DIRECTION('',(0.,-6.12323399573677E-17,1.));
#1410=DIRECTION('',(1.,1.63268091856641E-16,0.));
#1411=DIRECTION('',(0.,-6.12323399573677E-17,1.));
#1412=DIRECTION('',(1.,1.63268091856641E-16,0.));
#1413=DIRECTION('center_axis',(1.,1.63268091856641E-16,0.));
#1414=DIRECTION('ref_axis',(0.,0.,-1.));
#1415=DIRECTION('',(1.97372984116308E-16,-1.,-6.12323399573677E-17));
#1416=DIRECTION('',(0.,6.12323399573677E-17,-1.));
#1417=DIRECTION('',(-1.97372984116308E-16,1.,6.12323399573677E-17));
#1418=DIRECTION('center_axis',(0.,-1.71512449944288E-15,1.));
#1419=DIRECTION('ref_axis',(-0.707106781186548,-0.707106781186547,-1.21277616413524E-15));
#1420=DIRECTION('',(0.,1.71512449944288E-15,-1.));
#1421=DIRECTION('',(0.,-1.71512449944288E-15,1.));
#1422=DIRECTION('center_axis',(1.,0.,0.));
#1423=DIRECTION('ref_axis',(0.,0.,-1.));
#1424=DIRECTION('',(0.,-1.,0.));
#1425=DIRECTION('center_axis',(-1.,0.,0.));
#1426=DIRECTION('ref_axis',(0.,-1.73472347597681E-15,1.));
#1427=DIRECTION('center_axis',(-1.63268091856641E-16,1.,1.71512449944288E-15));
#1428=DIRECTION('ref_axis',(0.,-1.71512449944288E-15,1.));
#1429=DIRECTION('',(1.,1.63268091856641E-16,0.));
#1430=DIRECTION('',(0.,-1.71512449944288E-15,1.));
#1431=DIRECTION('',(1.,1.63268091856641E-16,0.));
#1432=DIRECTION('center_axis',(1.,1.63268091856641E-16,0.));
#1433=DIRECTION('ref_axis',(0.,0.,-1.));
#1434=DIRECTION('',(0.,-1.,-1.71512449944288E-15));
#1435=DIRECTION('',(0.,1.71512449944288E-15,-1.));
#1436=DIRECTION('',(0.,1.,1.71512449944288E-15));
#1437=DIRECTION('center_axis',(-0.951708617760551,-0.307002779922758,-1.87984985880873E-17));
#1438=DIRECTION('ref_axis',(-0.307002779922758,0.951708617760551,5.82753456230705E-17));
#1439=DIRECTION('',(0.,6.12323399573677E-17,-1.));
#1440=DIRECTION('',(0.,6.12323399573677E-17,-1.));
#1441=DIRECTION('',(-0.307002779922758,0.951708617760551,5.82753456230705E-17));
#1442=DIRECTION('',(0.,6.12323399573677E-17,-1.));
#1443=DIRECTION('',(0.307002779922758,-0.951708617760551,-5.82753456230705E-17));
#1444=DIRECTION('center_axis',(-1.,0.,0.));
#1445=DIRECTION('ref_axis',(0.,1.,0.));
#1446=DIRECTION('',(-1.,0.,0.));
#1447=DIRECTION('center_axis',(1.,0.,0.));
#1448=DIRECTION('ref_axis',(0.,0.,-1.));
#1449=DIRECTION('',(-1.,0.,0.));
#1450=DIRECTION('center_axis',(1.,0.,0.));
#1451=DIRECTION('ref_axis',(0.,0.,-1.));
#1452=DIRECTION('center_axis',(-1.,0.,0.));
#1453=DIRECTION('ref_axis',(0.,1.,0.));
#1454=DIRECTION('',(0.,1.,0.));
#1455=DIRECTION('center_axis',(0.,6.12323399573677E-17,-1.));
#1456=DIRECTION('ref_axis',(1.,0.,0.));
#1457=DIRECTION('',(1.,0.,0.));
#1458=DIRECTION('',(-1.,0.,0.));
#1459=DIRECTION('center_axis',(0.,1.,0.));
#1460=DIRECTION('ref_axis',(1.,0.,0.));
#1461=DIRECTION('',(1.,0.,0.));
#1462=DIRECTION('',(-4.53513674956646E-9,0.,-1.));
#1463=DIRECTION('',(-1.,0.,0.));
#1464=DIRECTION('',(1.,0.,0.));
#1465=DIRECTION('',(0.,0.,1.));
#1466=DIRECTION('center_axis',(0.,1.,0.));
#1467=DIRECTION('ref_axis',(1.,0.,0.));
#1468=DIRECTION('',(0.,0.,-1.));
#1469=DIRECTION('center_axis',(0.,-1.,0.));
#1470=DIRECTION('ref_axis',(1.,0.,0.));
#1471=DIRECTION('center_axis',(0.,-1.,0.));
#1472=DIRECTION('ref_axis',(1.,0.,0.));
#1473=DIRECTION('center_axis',(0.,-1.,0.));
#1474=DIRECTION('ref_axis',(1.,0.,0.));
#1475=DIRECTION('center_axis',(0.,-1.,0.));
#1476=DIRECTION('ref_axis',(1.,0.,0.));
#1477=DIRECTION('center_axis',(0.,1.,0.));
#1478=DIRECTION('ref_axis',(1.,0.,0.));
#1479=DIRECTION('',(1.,0.,0.));
#1480=DIRECTION('',(0.,0.,-1.));
#1481=DIRECTION('center_axis',(0.,1.,0.));
#1482=DIRECTION('ref_axis',(1.,0.,0.));
#1483=DIRECTION('',(0.,0.,-1.));
#1484=DIRECTION('',(-1.,0.,0.));
#1485=DIRECTION('',(1.,0.,0.));
#1486=DIRECTION('',(4.53513674956646E-9,0.,1.));
#1487=DIRECTION('',(-1.,0.,0.));
#1488=DIRECTION('center_axis',(0.,-1.,0.));
#1489=DIRECTION('ref_axis',(1.,0.,0.));
#1490=DIRECTION('center_axis',(0.,-1.,0.));
#1491=DIRECTION('ref_axis',(1.,0.,0.));
#1492=DIRECTION('center_axis',(0.,-1.,0.));
#1493=DIRECTION('ref_axis',(1.,0.,0.));
#1494=DIRECTION('center_axis',(0.,-1.,0.));
#1495=DIRECTION('ref_axis',(1.,0.,0.));
#1496=DIRECTION('center_axis',(-0.951708617760551,-0.307002779922758,-5.26547989242594E-16));
#1497=DIRECTION('ref_axis',(0.307002779922758,-0.951708617760551,-1.63229876665204E-15));
#1498=DIRECTION('',(0.,1.71512449944288E-15,-1.));
#1499=DIRECTION('',(0.,1.71512449944288E-15,-1.));
#1500=DIRECTION('',(0.307002779922758,-0.951708617760551,-1.63229876665204E-15));
#1501=DIRECTION('',(0.,-1.71512449944288E-15,1.));
#1502=DIRECTION('',(0.307002779922758,-0.951708617760551,-1.63229876665204E-15));
#1503=DIRECTION('center_axis',(1.,0.,0.));
#1504=DIRECTION('ref_axis',(0.,1.,0.));
#1505=DIRECTION('',(-1.,0.,0.));
#1506=DIRECTION('center_axis',(0.,-1.71512449944288E-15,1.));
#1507=DIRECTION('ref_axis',(1.,0.,0.));
#1508=DIRECTION('',(1.,1.63268091856641E-16,0.));
#1509=DIRECTION('',(1.,0.,0.));
#1510=DIRECTION('center_axis',(-1.,0.,0.));
#1511=DIRECTION('ref_axis',(0.,1.,0.));
#1512=DIRECTION('center_axis',(0.,6.12323399573677E-17,-1.));
#1513=DIRECTION('ref_axis',(1.,0.,0.));
#1514=DIRECTION('',(1.,0.,0.));
#1515=DIRECTION('center_axis',(1.,0.,-7.40148683083438E-16));
#1516=DIRECTION('ref_axis',(-2.09736678440024E-46,-1.,-2.83371008060525E-31));
#1517=DIRECTION('center_axis',(1.,6.12323399573677E-17,-4.53513675888557E-9));
#1518=DIRECTION('ref_axis',(6.12323399573677E-17,-1.,-3.28692043857394E-31));
#1519=DIRECTION('',(1.,0.,-7.40148683083438E-16));
#1520=DIRECTION('center_axis',(-1.,-6.12323399573677E-17,4.53513675888557E-9));
#1521=DIRECTION('ref_axis',(6.12323399573677E-17,-1.,-3.28692043857394E-31));
#1522=DIRECTION('center_axis',(1.,-7.40148683083438E-16,-7.40148683083438E-16));
#1523=DIRECTION('ref_axis',(-7.40148683083438E-16,-1.,2.64449065009622E-31));
#1524=DIRECTION('center_axis',(1.,6.12323399573677E-17,-4.53513675888557E-9));
#1525=DIRECTION('ref_axis',(6.12323399573677E-17,-1.,-3.28692044316572E-31));
#1526=DIRECTION('',(1.,-7.40148683083438E-16,-7.40148683083438E-16));
#1527=DIRECTION('center_axis',(-1.,-6.12323399573677E-17,4.53513675888557E-9));
#1528=DIRECTION('ref_axis',(6.12323399573677E-17,-1.,-3.28692044316572E-31));
#1529=DIRECTION('center_axis',(1.,-7.40148683083438E-16,0.));
#1530=DIRECTION('ref_axis',(-7.40148683083438E-16,-1.,0.));
#1531=DIRECTION('center_axis',(1.,6.12323399573677E-17,-4.53513675888557E-9));
#1532=DIRECTION('ref_axis',(6.12323399573677E-17,-1.,-4.59177480789956E-40));
#1533=DIRECTION('',(1.,-7.40148683083438E-16,0.));
#1534=DIRECTION('center_axis',(-1.,-6.12323399573677E-17,4.53513675888557E-9));
#1535=DIRECTION('ref_axis',(6.12323399573677E-17,-1.,-4.59177480789956E-40));
#1536=DIRECTION('center_axis',(1.,0.,0.));
#1537=DIRECTION('ref_axis',(0.,-1.,0.));
#1538=DIRECTION('center_axis',(1.,6.12323399573677E-17,-4.53513675888557E-9));
#1539=DIRECTION('ref_axis',(6.12323399573677E-17,-1.,0.));
#1540=DIRECTION('',(1.,0.,0.));
#1541=DIRECTION('center_axis',(-1.,-6.12323399573677E-17,4.53513675888557E-9));
#1542=DIRECTION('ref_axis',(6.12323399573677E-17,-1.,0.));
#1543=DIRECTION('center_axis',(1.,-7.40148683083438E-16,-7.40148683083438E-16));
#1544=DIRECTION('ref_axis',(-7.40148683083438E-16,-1.,2.64449065009622E-31));
#1545=DIRECTION('center_axis',(1.,6.12323399573677E-17,-4.53513675888557E-9));
#1546=DIRECTION('ref_axis',(6.12323399573677E-17,-1.,-3.28692044316572E-31));
#1547=DIRECTION('',(1.,-7.40148683083438E-16,-7.40148683083438E-16));
#1548=DIRECTION('center_axis',(-1.,-6.12323399573677E-17,4.53513675888557E-9));
#1549=DIRECTION('ref_axis',(6.12323399573677E-17,-1.,-3.28692044316572E-31));
#1550=DIRECTION('center_axis',(1.,-7.40148683083437E-16,0.));
#1551=DIRECTION('ref_axis',(-7.40148683083437E-16,-1.,0.));
#1552=DIRECTION('center_axis',(1.,6.12323399573677E-17,-4.53513675888557E-9));
#1553=DIRECTION('ref_axis',(6.12323399573677E-17,-1.,-4.59177480789956E-40));
#1554=DIRECTION('',(1.,-7.40148683083437E-16,0.));
#1555=DIRECTION('center_axis',(-1.,-6.12323399573677E-17,4.53513675888557E-9));
#1556=DIRECTION('ref_axis',(6.12323399573677E-17,-1.,-4.59177480789956E-40));
#1557=DIRECTION('center_axis',(8.17998053791628E-17,-1.,4.53513675888557E-9));
#1558=DIRECTION('ref_axis',(-1.,-6.12323399573677E-17,4.53513675888557E-9));
#1559=DIRECTION('',(8.17998047485852E-17,-1.,4.53513669765323E-9));
#1560=DIRECTION('center_axis',(-8.17998053791628E-17,1.,-4.53513675888557E-9));
#1561=DIRECTION('ref_axis',(-4.53513671061499E-9,-4.53513675888557E-9,-1.));
#1562=DIRECTION('',(-8.17998053606599E-17,1.,-4.53513675480568E-9));
#1563=DIRECTION('center_axis',(4.53513652823308E-9,4.53513633743779E-9,
1.));
#1564=DIRECTION('ref_axis',(1.,4.53513682011791E-9,-4.53513654880054E-9));
#1565=DIRECTION('',(-8.1799803094224E-17,1.,-4.53513633743779E-9));
#1566=DIRECTION('',(1.,6.12323378040381E-17,-4.53513723435065E-9));
#1567=DIRECTION('',(1.12071638145001E-16,-1.,4.53513705340176E-9));
#1568=DIRECTION('',(1.,6.12323384933553E-17,-4.53513682011791E-9));
#1569=DIRECTION('center_axis',(-8.17998053791628E-17,1.,-4.53513675888557E-9));
#1570=DIRECTION('ref_axis',(0.,4.53513675888557E-9,1.));
#1571=DIRECTION('',(4.53513682011791E-9,4.53513669765323E-9,1.));
#1572=DIRECTION('center_axis',(8.17998053791628E-17,-1.,4.53513675888557E-9));
#1573=DIRECTION('ref_axis',(-1.,-6.12323452112945E-17,4.53513560039198E-9));
#1574=DIRECTION('',(4.53513675888557E-9,4.53513675888557E-9,1.));
#1575=DIRECTION('',(-1.,-6.12323404427668E-17,4.53513665185482E-9));
#1576=DIRECTION('',(4.53513675888557E-9,4.53513675888557E-9,1.));
#1577=DIRECTION('center_axis',(8.17998039214046E-17,-1.,4.53513669765323E-9));
#1578=DIRECTION('ref_axis',(1.,6.12323384996095E-17,-4.53513682011791E-9));
#1579=DIRECTION('',(4.53513677184735E-9,4.53513669765323E-9,1.));
#1580=DIRECTION('',(1.,6.12323384933553E-17,-4.53513682011791E-9));
#1581=DIRECTION('',(4.53513677184735E-9,4.53513669765323E-9,1.));
#1582=DIRECTION('',(1.,6.12323399573677E-17,-4.53513675888557E-9));
#1583=DIRECTION('center_axis',(-8.17998039214046E-17,1.,-4.53513669765323E-9));
#1584=DIRECTION('ref_axis',(-1.,-6.12323384996095E-17,4.53513682011791E-9));
#1585=DIRECTION('',(-1.,-6.12323384933553E-17,4.53513682011791E-9));
#1586=DIRECTION('',(4.53513677184735E-9,4.53513669765323E-9,1.));
#1587=DIRECTION('center_axis',(1.,9.15041718897716E-17,-4.53513677184735E-9));
#1588=DIRECTION('ref_axis',(-1.12071638706021E-16,1.,-4.53513705340176E-9));
#1589=DIRECTION('',(-1.12071638145001E-16,1.,-4.53513705340176E-9));
#1590=DIRECTION('center_axis',(8.17998053791628E-17,-1.,4.53513675888557E-9));
#1591=DIRECTION('ref_axis',(-1.,-6.12323399573677E-17,4.53513675888557E-9));
#1592=DIRECTION('',(8.17998053606599E-17,-1.,4.53513675480568E-9));
#1593=DIRECTION('center_axis',(4.53513677184735E-9,4.53513669765323E-9,
1.));
#1594=DIRECTION('ref_axis',(1.,4.53513682011791E-9,-4.53513679241482E-9));
#1595=DIRECTION('center_axis',(-8.17998053791628E-17,1.,-4.53513675888557E-9));
#1596=DIRECTION('ref_axis',(-1.,-6.12323399573677E-17,4.53513675888557E-9));
#1597=DIRECTION('',(-8.17998047485852E-17,1.,-4.53513682011791E-9));
#1598=DIRECTION('',(8.17998058268091E-17,-1.,4.53513685759182E-9));
#1599=DIRECTION('center_axis',(-8.17998053791628E-17,1.,-4.53513675888557E-9));
#1600=DIRECTION('ref_axis',(-1.,-6.12323401762814E-17,4.53513671061498E-9));
#1601=DIRECTION('center_axis',(-8.17998055757658E-17,1.,-4.53513682011791E-9));
#1602=DIRECTION('ref_axis',(1.,6.12323273446849E-17,-4.53513952210733E-9));
#1603=DIRECTION('',(4.53513847401007E-9,4.53513682011791E-9,1.));
#1604=DIRECTION('',(1.,6.12323270334572E-17,-4.53513952210733E-9));
#1605=DIRECTION('',(-4.53513842573951E-9,-4.53513682011791E-9,-1.));
#1606=DIRECTION('',(1.,6.12323270334572E-17,-4.53513952210733E-9));
#1607=DIRECTION('center_axis',(-4.53513911634585E-9,-4.53513701084042E-9,
-1.));
#1608=DIRECTION('ref_axis',(-1.,4.53513669765324E-9,4.53513909577838E-9));
#1609=DIRECTION('',(8.17998055757658E-17,-1.,4.53513701084042E-9));
#1610=DIRECTION('',(1.,6.12323318759104E-17,-4.53513847401007E-9));
#1611=DIRECTION('',(-2.70100377295349E-16,1.,-4.53513656700102E-9));
#1612=DIRECTION('center_axis',(-8.17998053791628E-17,1.,-4.53513675888557E-9));
#1613=DIRECTION('ref_axis',(0.,4.53513675888557E-9,1.));
#1614=DIRECTION('',(-4.53513675888557E-9,-4.53513675888557E-9,-1.));
#1615=DIRECTION('',(-1.,-6.12323374093792E-17,4.53513732071834E-9));
#1616=DIRECTION('',(-4.53513675888557E-9,-4.53513675888557E-9,-1.));
#1617=DIRECTION('center_axis',(-8.17998053791628E-17,1.,-4.53513675888557E-9));
#1618=DIRECTION('ref_axis',(-1.,-6.12323603163344E-17,4.53513226972289E-9));
#1619=DIRECTION('',(-1.,-6.12323399573677E-17,4.53513675888557E-9));
#1620=DIRECTION('',(-4.53513842573951E-9,-4.53513682011791E-9,-1.));
#1621=DIRECTION('center_axis',(8.17998047485852E-17,-1.,4.53513682011791E-9));
#1622=DIRECTION('ref_axis',(-1.,-6.12323312707688E-17,4.53513847401007E-9));
#1623=DIRECTION('',(-1.,-6.12323318759104E-17,4.53513847401007E-9));
#1624=DIRECTION('',(-4.53513842573951E-9,-4.53513682011791E-9,-1.));
#1625=DIRECTION('center_axis',(1.,2.49532906077035E-16,-4.53513842573951E-9));
#1626=DIRECTION('ref_axis',(2.70100378188018E-16,-1.,4.53513656700102E-9));
#1627=DIRECTION('',(2.70100377295349E-16,-1.,4.53513656700102E-9));
#1628=DIRECTION('center_axis',(-8.17998053791628E-17,1.,-4.53513675888557E-9));
#1629=DIRECTION('ref_axis',(-1.,-6.12323399573677E-17,4.53513675888557E-9));
#1630=DIRECTION('',(-8.17998058268091E-17,1.,-4.53513685759182E-9));
#1631=DIRECTION('center_axis',(-4.53513842573951E-9,-4.53513682011791E-9,
-1.));
#1632=DIRECTION('ref_axis',(-1.,4.53513669765324E-9,4.53513840517204E-9));
#1633=DIRECTION('center_axis',(4.53513665185482E-9,-3.76877790684971E-17,
1.));
#1634=DIRECTION('ref_axis',(1.,0.,-4.53513665185482E-9));
#1635=DIRECTION('',(-1.70919232214299E-25,-1.,-3.76877790684971E-17));
#1636=DIRECTION('center_axis',(4.53513665185482E-9,-3.76877790684971E-17,
1.));
#1637=DIRECTION('ref_axis',(1.70919228180548E-25,1.,3.76877790684971E-17));
#1638=DIRECTION('center_axis',(4.53513665185482E-9,-3.76877790684971E-17,
1.));
#1639=DIRECTION('ref_axis',(1.70919228180548E-25,1.,3.76877790684971E-17));
#1640=DIRECTION('center_axis',(-4.53513675888557E-9,0.,-1.));
#1641=DIRECTION('ref_axis',(0.,1.,0.));
#1642=DIRECTION('',(-4.53513675888557E-9,1.10519510653343E-17,-1.));
#1643=DIRECTION('center_axis',(4.53513732071834E-9,1.53671366657899E-16,
1.));
#1644=DIRECTION('ref_axis',(-6.9692075005603E-25,1.,-1.53671366657899E-16));
#1645=DIRECTION('',(-4.53513675888557E-9,0.,-1.));
#1646=DIRECTION('',(-4.53513675888557E-9,0.,-1.));
#1647=DIRECTION('center_axis',(4.53513732071834E-9,1.53671366657899E-16,
1.));
#1648=DIRECTION('ref_axis',(1.,0.,-4.53513732071834E-9));
#1649=DIRECTION('center_axis',(4.53513732071834E-9,1.53671366657899E-16,
1.));
#1650=DIRECTION('ref_axis',(-6.9692075005603E-25,1.,-1.53671366657899E-16));
#1651=DIRECTION('',(6.96920663718421E-25,-1.,1.53671366657899E-16));
#1652=DIRECTION('center_axis',(-1.,0.,4.53513675888557E-9));
#1653=DIRECTION('ref_axis',(4.53513675888557E-9,0.,1.));
#1654=DIRECTION('',(4.53513675888557E-9,0.,1.));
#1655=DIRECTION('',(0.,1.,0.));
#1656=DIRECTION('center_axis',(-4.53513675888557E-9,0.,-1.));
#1657=DIRECTION('ref_axis',(0.,1.,0.));
#1658=DIRECTION('',(4.53513675888557E-9,0.,1.));
#1659=DIRECTION('',(4.53513675888557E-9,-1.10519510653343E-17,1.));
#1660=DIRECTION('center_axis',(1.,6.12323399573677E-17,-4.53513675888557E-9));
#1661=DIRECTION('ref_axis',(8.17998053791628E-17,-1.,4.53513675888557E-9));
#1662=DIRECTION('center_axis',(1.,6.12323399573677E-17,-4.53513675888557E-9));
#1663=DIRECTION('ref_axis',(8.17998053791628E-17,-1.,4.53513675888557E-9));
#1664=DIRECTION('center_axis',(-1.,-6.12323399573677E-17,4.53513675888557E-9));
#1665=DIRECTION('ref_axis',(8.17998053791628E-17,-1.,4.53513675888557E-9));
#1666=DIRECTION('center_axis',(-1.,-6.12323399573677E-17,4.53513675888557E-9));
#1667=DIRECTION('ref_axis',(8.17998053791628E-17,-1.,4.53513675888557E-9));
#1668=DIRECTION('center_axis',(-1.,-6.12323399573677E-17,4.53513675888557E-9));
#1669=DIRECTION('ref_axis',(8.17998053791628E-17,-1.,4.53513675888557E-9));
#1670=DIRECTION('center_axis',(-1.,-6.12323399573677E-17,4.53513675888557E-9));
#1671=DIRECTION('ref_axis',(8.17998053791628E-17,-1.,4.53513675888557E-9));
#1672=DIRECTION('center_axis',(-1.,-6.12323399573677E-17,4.53513675888557E-9));
#1673=DIRECTION('ref_axis',(8.17998053791628E-17,-1.,4.53513675888557E-9));
#1674=DIRECTION('center_axis',(-1.,-6.12323399573677E-17,4.53513675888557E-9));
#1675=DIRECTION('ref_axis',(8.17998053791628E-17,-1.,4.53513675888557E-9));
#1676=DIRECTION('center_axis',(1.,6.12323399573677E-17,-4.53513675888557E-9));
#1677=DIRECTION('ref_axis',(8.17998053791628E-17,-1.,4.53513675888557E-9));
#1678=DIRECTION('center_axis',(1.,6.12323399573677E-17,-4.53513675888557E-9));
#1679=DIRECTION('ref_axis',(8.17998053791628E-17,-1.,4.53513675888557E-9));
#1680=DIRECTION('center_axis',(1.,0.,0.));
#1681=DIRECTION('ref_axis',(0.,1.,0.));
#1682=DIRECTION('center_axis',(0.,-1.71512449944288E-15,1.));
#1683=DIRECTION('ref_axis',(1.,0.,0.));
#1684=DIRECTION('',(1.,0.,0.));
#1685=DIRECTION('center_axis',(0.,-1.,-6.12323399573677E-17));
#1686=DIRECTION('ref_axis',(-1.,0.,0.));
#1687=DIRECTION('center_axis',(0.,-1.,-1.71512449944288E-15));
#1688=DIRECTION('ref_axis',(1.,0.,0.));
#1689=DIRECTION('center_axis',(1.,6.12323399573677E-17,-4.53513675888557E-9));
#1690=DIRECTION('ref_axis',(8.17998053791628E-17,-1.,4.53513675888557E-9));
#1691=DIRECTION('',(1.,6.12323399573677E-17,-4.53513675888557E-9));
#1692=DIRECTION('center_axis',(-1.,-6.12323399573677E-17,4.53513675888557E-9));
#1693=DIRECTION('ref_axis',(8.17998053791628E-17,-1.,4.53513675888557E-9));
#1694=DIRECTION('center_axis',(1.,6.12323399573677E-17,-4.53513675888557E-9));
#1695=DIRECTION('ref_axis',(8.17998053791628E-17,-1.,4.53513675888557E-9));
#1696=DIRECTION('',(1.,6.12323399573677E-17,-4.53513675888557E-9));
#1697=DIRECTION('center_axis',(-1.,-6.12323399573677E-17,4.53513675888557E-9));
#1698=DIRECTION('ref_axis',(8.17998053791628E-17,-1.,4.53513675888557E-9));
#1699=DIRECTION('center_axis',(1.,6.12323399573677E-17,-4.53513675888557E-9));
#1700=DIRECTION('ref_axis',(8.17998053791628E-17,-1.,4.53513675888557E-9));
#1701=DIRECTION('',(1.,6.12323399573677E-17,-4.53513675888557E-9));
#1702=DIRECTION('center_axis',(-1.,-6.12323399573677E-17,4.53513675888557E-9));
#1703=DIRECTION('ref_axis',(8.17998053791628E-17,-1.,4.53513675888557E-9));
#1704=DIRECTION('center_axis',(1.,6.12323399573677E-17,-4.53513675888557E-9));
#1705=DIRECTION('ref_axis',(8.17998053791628E-17,-1.,4.53513675888557E-9));
#1706=DIRECTION('',(1.,6.12323399573677E-17,-4.53513675888557E-9));
#1707=DIRECTION('center_axis',(-1.,-6.12323399573677E-17,4.53513675888557E-9));
#1708=DIRECTION('ref_axis',(8.17998053791628E-17,-1.,4.53513675888557E-9));
#1709=DIRECTION('center_axis',(1.,6.12323399573677E-17,-4.53513675888557E-9));
#1710=DIRECTION('ref_axis',(8.17998053791628E-17,-1.,4.53513675888557E-9));
#1711=DIRECTION('',(1.,6.12323399573677E-17,-4.53513675888557E-9));
#1712=DIRECTION('center_axis',(-1.,-6.12323399573677E-17,4.53513675888557E-9));
#1713=DIRECTION('ref_axis',(8.17998053791628E-17,-1.,4.53513675888557E-9));
#1714=DIRECTION('center_axis',(1.,6.12323399573677E-17,-4.53513675888557E-9));
#1715=DIRECTION('ref_axis',(8.17998053791628E-17,-1.,4.53513675888557E-9));
#1716=DIRECTION('',(1.,6.12323399573677E-17,-4.53513675888557E-9));
#1717=DIRECTION('center_axis',(-1.,-6.12323399573677E-17,4.53513675888557E-9));
#1718=DIRECTION('ref_axis',(8.17998053791628E-17,-1.,4.53513675888557E-9));
#1719=DIRECTION('',(0.,1.,0.));
#1720=DIRECTION('center_axis',(1.,6.12323399573677E-17,-4.53513675888557E-9));
#1721=DIRECTION('ref_axis',(8.17998053791628E-17,-1.,4.53513675888557E-9));
#1722=DIRECTION('center_axis',(0.,0.,1.));
#1723=DIRECTION('ref_axis',(1.,0.,0.));
#1724=DIRECTION('center_axis',(-1.,0.,4.53513675888557E-9));
#1725=DIRECTION('ref_axis',(4.53513675888557E-9,0.,1.));
#1726=DIRECTION('',(0.,1.,0.));
#1727=DIRECTION('center_axis',(1.,0.,0.));
#1728=DIRECTION('ref_axis',(0.,0.,-1.));
#1729=DIRECTION('',(0.,1.,0.));
#1730=DIRECTION('center_axis',(0.,1.,0.));
#1731=DIRECTION('ref_axis',(-1.,0.,-1.22464679914735E-16));
#1732=DIRECTION('',(0.,1.,0.));
#1733=DIRECTION('center_axis',(0.,0.,-1.));
#1734=DIRECTION('ref_axis',(-1.,0.,0.));
#1735=DIRECTION('center_axis',(1.,0.,0.));
#1736=DIRECTION('ref_axis',(0.,0.,-1.));
#1737=DIRECTION('',(0.,1.,0.));
#1738=DIRECTION('center_axis',(0.,1.,0.));
#1739=DIRECTION('ref_axis',(1.,0.,0.));
#1740=DIRECTION('',(0.,1.,0.));
#1741=DIRECTION('center_axis',(0.,1.,0.));
#1742=DIRECTION('ref_axis',(1.,0.,0.));
#1743=DIRECTION('',(0.,1.,0.));
#1744=DIRECTION('center_axis',(0.,1.,0.));
#1745=DIRECTION('ref_axis',(1.,0.,0.));
#1746=DIRECTION('',(0.,1.,0.));
#1747=DIRECTION('center_axis',(0.,1.,0.));
#1748=DIRECTION('ref_axis',(1.,0.,0.));
#1749=DIRECTION('',(0.,1.,0.));
#1750=DIRECTION('',(0.014980707820841,-5.72501072524062E-16,-0.999887782900255));
#1751=DIRECTION('',(0.999887782900255,-5.43793455032752E-15,0.014980707820841));
#1752=CARTESIAN_POINT('',(0.,0.,0.));
#1753=CARTESIAN_POINT('',(0.,0.,0.));
#1754=CARTESIAN_POINT('Origin',(13.5000002086163,-2.,20.0000004842877));
#1755=CARTESIAN_POINT('',(13.5000002086163,-2.,20.0000004842877));
#1756=CARTESIAN_POINT('',(13.5000002086163,-2.,22.0000004842877));
#1757=CARTESIAN_POINT('',(13.5000002086163,-2.,22.0000004842877));
#1758=CARTESIAN_POINT('',(16.9000002086163,-2.,22.0000004842877));
#1759=CARTESIAN_POINT('',(13.5000002086163,-2.,22.0000004842877));
#1760=CARTESIAN_POINT('',(16.9000002086163,-2.,20.0000004842877));
#1761=CARTESIAN_POINT('',(16.9000002086163,-2.,22.0000004842877));
#1762=CARTESIAN_POINT('',(13.5000002086163,-2.,20.0000004842877));
#1763=CARTESIAN_POINT('Origin',(16.9000002086163,2.5238934211693,22.0000004842877));
#1764=CARTESIAN_POINT('',(16.9000002086163,-12.9761068097987,22.0000004842877));
#1765=CARTESIAN_POINT('',(16.9000002086163,-8.72610646707199,22.0000004842877));
#1766=CARTESIAN_POINT('',(16.9000002086163,-12.9761068097987,20.0000004842877));
#1767=CARTESIAN_POINT('',(16.9000002086163,-12.9761068097987,22.0000004842877));
#1768=CARTESIAN_POINT('',(16.9000002086163,-8.72610646707199,20.0000004842877));
#1769=CARTESIAN_POINT('Origin',(15.5000002086163,-1.36328856700295E-15,
49.5000007078052));
#1770=CARTESIAN_POINT('',(15.5000002086163,-2.,51.5000007078052));
#1771=CARTESIAN_POINT('',(13.5000002086163,-3.9984752555884E-15,50.9641023229429));
#1772=CARTESIAN_POINT('Ctrl Pts',(13.5000002086163,-4.05925293378573E-15,
50.964102322943));
#1773=CARTESIAN_POINT('Ctrl Pts',(13.5000002086163,-0.2306169030387,51.097249053992));
#1774=CARTESIAN_POINT('Ctrl Pts',(13.5429629236967,-0.491962677266085,51.2141335798599));
#1775=CARTESIAN_POINT('Ctrl Pts',(13.7418845402493,-0.990480756287845,51.3794117340068));
#1776=CARTESIAN_POINT('Ctrl Pts',(13.8985120454382,-1.22693896156807,51.4291503693361));
#1777=CARTESIAN_POINT('Ctrl Pts',(14.2626931597632,-1.59112007589313,51.4830647323603));
#1778=CARTESIAN_POINT('Ctrl Pts',(14.4873226823226,-1.7451842378765,51.4931864543611));
#1779=CARTESIAN_POINT('Ctrl Pts',(14.9802147574371,-1.94961714009704,51.5009912040597));
#1780=CARTESIAN_POINT('Ctrl Pts',(15.2484495565233,-2.00000000000001,51.5000007078052));
#1781=CARTESIAN_POINT('Ctrl Pts',(15.5000002086163,-2.00000000000001,51.5000007078052));
#1782=CARTESIAN_POINT('',(15.5000002086163,-2.,49.5000007078052));
#1783=CARTESIAN_POINT('',(15.5000002086163,-2.,49.5000007078052));
#1784=CARTESIAN_POINT('',(13.5000002086163,0.,47.5000007078052));
#1785=CARTESIAN_POINT('Ctrl Pts',(15.5000002086163,-2.,49.5000007078052));
#1786=CARTESIAN_POINT('Ctrl Pts',(15.2470847768736,-2.,49.5000007078052));
#1787=CARTESIAN_POINT('Ctrl Pts',(14.9776685415459,-1.94899031844224,49.5020034594931));
#1788=CARTESIAN_POINT('Ctrl Pts',(14.484357634788,-1.74352037678031,49.4861617350325));
#1789=CARTESIAN_POINT('Ctrl Pts',(14.2605715679141,-1.58899848404403,49.4658323894738));
#1790=CARTESIAN_POINT('Ctrl Pts',(13.9944108123896,-1.32283772851951,49.3843001244312));
#1791=CARTESIAN_POINT('Ctrl Pts',(13.906241930699,-1.21547316670369,49.3438173069944));
#1792=CARTESIAN_POINT('Ctrl Pts',(13.7602584634958,-0.99535871211645,49.2337359858295));
#1793=CARTESIAN_POINT('Ctrl Pts',(13.7022138330462,-0.882973566320018,49.1637140495934));
#1794=CARTESIAN_POINT('Ctrl Pts',(13.6117518310843,-0.670527651659241,49.0009258790804));
#1795=CARTESIAN_POINT('Ctrl Pts',(13.5778688625944,-0.561640679026444,48.8979442028932));
#1796=CARTESIAN_POINT('Ctrl Pts',(13.5313782154935,-0.366819580723423,48.6644084033358));
#1797=CARTESIAN_POINT('Ctrl Pts',(13.518585170967,-0.280892935005332,48.5338849791929));
#1798=CARTESIAN_POINT('Ctrl Pts',(13.4963913548212,-0.0719384434303258,
48.1160885799412));
#1799=CARTESIAN_POINT('Ctrl Pts',(13.5000002086163,0.,47.8005940576608));
#1800=CARTESIAN_POINT('Ctrl Pts',(13.5000002086163,0.,47.5000007078052));
#1801=CARTESIAN_POINT('',(13.5000002086163,-1.36328856700295E-15,49.5000007078052));
#1802=CARTESIAN_POINT('Origin',(13.5000002086163,-2.,49.5000007078052));
#1803=CARTESIAN_POINT('',(13.5000002086163,2.,47.5000007078052));
#1804=CARTESIAN_POINT('',(13.5000002086163,0.,47.5000007078052));
#1805=CARTESIAN_POINT('Origin',(13.5000002086163,-2.,47.5000007078052));
#1806=CARTESIAN_POINT('Origin',(13.5000002086163,-2.,49.5000007078052));
#1807=CARTESIAN_POINT('',(16.9000002086163,-2.,51.5000007078052));
#1808=CARTESIAN_POINT('',(13.5000002086163,-2.,51.5000007078052));
#1809=CARTESIAN_POINT('',(16.9000002086163,-2.,49.5000007078052));
#1810=CARTESIAN_POINT('',(16.9000002086163,-2.,49.5000007078052));
#1811=CARTESIAN_POINT('',(13.5000002086163,-2.,49.5000007078052));
#1812=CARTESIAN_POINT('Origin',(16.9000002086163,-1.81181423413528,49.5000007078052));
#1813=CARTESIAN_POINT('',(16.9000002086163,-12.9761068097987,51.5000007078051));
#1814=CARTESIAN_POINT('',(16.9000002086163,-8.72610646707199,51.5000007078051));
#1815=CARTESIAN_POINT('',(16.9000002086163,-12.9761068097987,49.5000007078051));
#1816=CARTESIAN_POINT('',(16.9000002086163,-12.9761068097987,49.5000007078051));
#1817=CARTESIAN_POINT('',(16.9000002086163,-8.72610646707199,49.5000007078051));
#1818=CARTESIAN_POINT('Origin',(6.18044834138351,0.414503816945206,22.0000004842877));
#1819=CARTESIAN_POINT('',(6.9593205403981,-2.,22.0000004842877));
#1820=CARTESIAN_POINT('',(6.9593205403981,-2.,21.1200004842877));
#1821=CARTESIAN_POINT('',(6.9593205403981,-2.,22.0000004842877));
#1822=CARTESIAN_POINT('',(6.9593205403981,-2.,20.0000004842877));
#1823=CARTESIAN_POINT('',(6.9593205403981,-2.,22.0000004842877));
#1824=CARTESIAN_POINT('',(10.5000001564622,-12.9761068097987,20.0000004842877));
#1825=CARTESIAN_POINT('',(5.50000008195639,2.5238934211693,20.0000004842877));
#1826=CARTESIAN_POINT('',(10.5000001564622,-12.9761068097987,22.0000004842877));
#1827=CARTESIAN_POINT('',(10.5000001564622,-12.9761068097987,22.0000004842877));
#1828=CARTESIAN_POINT('',(5.50000008195639,2.5238934211693,22.0000004842877));
#1829=CARTESIAN_POINT('Origin',(9.50000014528633,-2.,24.0000004842877));
#1830=CARTESIAN_POINT('',(3.77575670294453,-2.,22.0000004842877));
#1831=CARTESIAN_POINT('',(13.5000002086163,0.,24.0000004842877));
#1832=CARTESIAN_POINT('Origin',(13.5000002086163,-2.,24.0000004842877));
#1833=CARTESIAN_POINT('',(5.50000008195639,0.,24.0000004842877));
#1834=CARTESIAN_POINT('',(3.77575670294453,0.,24.0000004842877));
#1835=CARTESIAN_POINT('Ctrl Pts',(5.50000008195639,1.12757025938492E-16,
24.0000004842877));
#1836=CARTESIAN_POINT('Ctrl Pts',(5.62217341887482,1.2885541866577E-16,
23.7369884395328));
#1837=CARTESIAN_POINT('Ctrl Pts',(5.74283047882548,-0.0518810626125109,
23.4765141176152));
#1838=CARTESIAN_POINT('Ctrl Pts',(5.98654785470988,-0.253227964470903,22.9912397226449));
#1839=CARTESIAN_POINT('Ctrl Pts',(6.10761826377554,-0.40041081096721,22.7711698213189));
#1840=CARTESIAN_POINT('Ctrl Pts',(6.35199040051275,-0.771391266109635,22.4001748191333));
#1841=CARTESIAN_POINT('Ctrl Pts',(6.47261768823943,-0.991836191248732,22.2528237224249));
#1842=CARTESIAN_POINT('Ctrl Pts',(6.71629062526783,-1.47725684755143,22.0517308757804));
#1843=CARTESIAN_POINT('Ctrl Pts',(6.83732899910933,-1.73737932083667,22.0000004842877));
#1844=CARTESIAN_POINT('Ctrl Pts',(6.9593205403981,-2.,22.0000004842877));
#1845=CARTESIAN_POINT('Origin',(13.5000002086163,-2.,20.0000004842877));
#1846=CARTESIAN_POINT('',(13.5000002086163,2.,24.0000004842877));
#1847=CARTESIAN_POINT('Origin',(13.5000002086163,-2.,24.0000004842877));
#1848=CARTESIAN_POINT('',(13.5000002086163,0.,24.0000004842877));
#1849=CARTESIAN_POINT('Origin',(7.55151340588905,27.0785884467988,20.0000004842877));
#1850=CARTESIAN_POINT('',(3.77575670294453,-2.,20.0000004842877));
#1851=CARTESIAN_POINT('',(10.5000001564622,-12.9761068097987,20.0000004842877));
#1852=CARTESIAN_POINT('Origin',(7.55151340588905,0.,48.5546955099172));
#1853=CARTESIAN_POINT('',(14.0000001033581,-1.08605505705762E-18,24.0000004842877));
#1854=CARTESIAN_POINT('',(13.5000002086163,0.,24.0000004842877));
#1855=CARTESIAN_POINT('',(14.0000001743819,-2.96461531539005E-20,47.5000007078052));
#1856=CARTESIAN_POINT('',(14.0000000522781,0.,24.2773477085903));
#1857=CARTESIAN_POINT('',(13.5000002086163,0.,47.5000007078052));
#1858=CARTESIAN_POINT('',(5.50000008195639,0.,47.5000007078052));
#1859=CARTESIAN_POINT('',(3.77575670294453,0.,47.5000007078052));
#1860=CARTESIAN_POINT('',(5.50000008195639,0.,56.0169687733166));
#1861=CARTESIAN_POINT('',(5.50000008195639,0.,47.5000007078052));
#1862=CARTESIAN_POINT('',(5.50000008195639,0.,15.4830324187763));
#1863=CARTESIAN_POINT('Origin',(0.,0.,35.7500005960464));
#1864=CARTESIAN_POINT('',(5.50000008195639,0.,24.0000004842877));
#1865=CARTESIAN_POINT('',(-2.1,0.,50.9250005960465));
#1866=CARTESIAN_POINT('Origin',(-9.29146116417567E-16,0.,50.9250005960465));
#1867=CARTESIAN_POINT('',(-15.2419355024289,0.,43.3375005960465));
#1868=CARTESIAN_POINT('Origin',(-13.1419355024289,0.,43.3375005960465));
#1869=CARTESIAN_POINT('',(-15.2419355024289,0.,28.1625005960464));
#1870=CARTESIAN_POINT('Origin',(-13.1419355024289,0.,28.1625005960464));
#1871=CARTESIAN_POINT('',(-2.09999999999999,0.,20.5750005960464));
#1872=CARTESIAN_POINT('Origin',(6.82581815595793E-15,0.,20.5750005960464));
#1873=CARTESIAN_POINT('Origin',(7.55151340588905,2.,48.5546955099172));
#1874=CARTESIAN_POINT('',(5.50000008195639,2.,24.0000004842877));
#1875=CARTESIAN_POINT('',(3.77575670294453,2.,24.0000004842877));
#1876=CARTESIAN_POINT('',(5.50000008195639,2.,15.4830324187763));
#1877=CARTESIAN_POINT('',(5.50000008195639,2.,24.0000004842877));
#1878=CARTESIAN_POINT('',(5.50000008195638,2.,56.0169687733166));
#1879=CARTESIAN_POINT('Origin',(0.,2.,35.7500005960464));
#1880=CARTESIAN_POINT('',(5.50000008195639,2.,47.5000007078052));
#1881=CARTESIAN_POINT('',(5.50000008195639,2.,47.5000007078052));
#1882=CARTESIAN_POINT('',(3.77575670294453,2.,47.5000007078052));
#1883=CARTESIAN_POINT('',(14.0000001743819,2.,47.5000007078052));
#1884=CARTESIAN_POINT('',(13.5000002086163,2.,47.5000007078052));
#1885=CARTESIAN_POINT('',(14.0000001033581,2.,24.0000004842877));
#1886=CARTESIAN_POINT('',(14.0000000522781,2.,24.2773477085903));
#1887=CARTESIAN_POINT('',(13.5000002086163,2.,24.0000004842877));
#1888=CARTESIAN_POINT('',(-2.1,2.,50.9250005960465));
#1889=CARTESIAN_POINT('Origin',(-9.29146116417567E-16,2.,50.9250005960465));
#1890=CARTESIAN_POINT('',(-15.2419355024289,2.,43.3375005960465));
#1891=CARTESIAN_POINT('Origin',(-13.1419355024289,2.,43.3375005960465));
#1892=CARTESIAN_POINT('',(-15.2419355024289,2.,28.1625005960464));
#1893=CARTESIAN_POINT('Origin',(-13.1419355024289,2.,28.1625005960464));
#1894=CARTESIAN_POINT('',(-2.09999999999999,2.,20.5750005960464));
#1895=CARTESIAN_POINT('Origin',(6.82581815595793E-15,2.,20.5750005960464));
#1896=CARTESIAN_POINT('Origin',(5.50000008195639,2.5238934211693,49.5000007078052));
#1897=CARTESIAN_POINT('',(6.9593205403981,-2.,51.5000007078052));
#1898=CARTESIAN_POINT('',(6.9593205403981,-2.,50.3800007078052));
#1899=CARTESIAN_POINT('',(6.9593205403981,-2.,49.5000007078052));
#1900=CARTESIAN_POINT('',(6.9593205403981,-2.,49.5000007078052));
#1901=CARTESIAN_POINT('',(6.9593205403981,-2.,49.5000007078052));
#1902=CARTESIAN_POINT('',(10.5000001564622,-12.9761068097987,49.5000007078051));
#1903=CARTESIAN_POINT('',(5.50000008195639,2.5238934211693,49.5000007078052));
#1904=CARTESIAN_POINT('',(10.5000001564622,-12.9761068097987,51.5000007078051));
#1905=CARTESIAN_POINT('',(10.5000001564622,-12.9761068097987,49.5000007078051));
#1906=CARTESIAN_POINT('',(5.50000008195639,2.5238934211693,51.5000007078052));
#1907=CARTESIAN_POINT('Origin',(9.50000014528633,-2.,47.5000007078052));
#1908=CARTESIAN_POINT('',(3.77575670294453,-2.,51.5000007078052));
#1909=CARTESIAN_POINT('Ctrl Pts',(5.50000008195639,2.,47.5000007078052));
#1910=CARTESIAN_POINT('Ctrl Pts',(5.70847443316234,2.,48.3975986088308));
#1911=CARTESIAN_POINT('Ctrl Pts',(6.19491458597625,1.26882830962974,50.4956349719617));
#1912=CARTESIAN_POINT('Ctrl Pts',(6.68135473879015,-0.803202798632464,51.5000007078052));
#1913=CARTESIAN_POINT('Ctrl Pts',(6.9593205403981,-2.,51.5000007078052));
#1914=CARTESIAN_POINT('Origin',(7.55151340588905,1.46919861905725,49.5000007078052));
#1915=CARTESIAN_POINT('',(13.5000002086163,-2.,49.5000007078052));
#1916=CARTESIAN_POINT('',(10.5000001564622,-12.9761068097987,49.5000007078051));
#1917=CARTESIAN_POINT('Origin',(9.50000014528633,-2.,24.0000004842877));
#1918=CARTESIAN_POINT('Ctrl Pts',(6.9593205403981,-2.,20.0000004842877));
#1919=CARTESIAN_POINT('Ctrl Pts',(6.68135473879015,-0.803202798632457,20.0000004842877));
#1920=CARTESIAN_POINT('Ctrl Pts',(6.19491458597625,1.26919171264719,21.0038836211503));
#1921=CARTESIAN_POINT('Ctrl Pts',(5.70847443316234,2.,23.1024025832621));
#1922=CARTESIAN_POINT('Ctrl Pts',(5.50000008195639,2.,24.0000004842877));
#1923=CARTESIAN_POINT('Origin',(7.55151340588905,27.0785884467988,22.0000004842877));
#1924=CARTESIAN_POINT('',(10.5000001564622,-12.9761068097987,22.0000004842877));
#1925=CARTESIAN_POINT('Origin',(16.999999942177,-46.2109241942249,26.4244422685406));
#1926=CARTESIAN_POINT('',(17.0000000620155,-42.7109241942249,26.4244422685406));
#1927=CARTESIAN_POINT('Origin',(17.0000000620155,-46.2109241942249,26.4244422685406));
#1928=CARTESIAN_POINT('',(19.0000000620155,-42.7109241942249,26.4244422685406));
#1929=CARTESIAN_POINT('',(16.999999942177,-42.7109241942249,26.4244422685406));
#1930=CARTESIAN_POINT('Origin',(19.0000000620155,-46.2109241942249,26.4244422685406));
#1931=CARTESIAN_POINT('Origin',(16.999999942177,-35.2285812119557,26.4234738656126));
#1932=CARTESIAN_POINT('',(17.0000000620111,-31.7285812119557,26.4234738656126));
#1933=CARTESIAN_POINT('Origin',(17.0000000620111,-35.2285812119557,26.4234738656126));
#1934=CARTESIAN_POINT('',(19.0000000620111,-31.7285812119557,26.4234738656126));
#1935=CARTESIAN_POINT('',(16.999999942177,-31.7285812119557,26.4234738656126));
#1936=CARTESIAN_POINT('Origin',(19.0000000620111,-35.2285812119557,26.4234738656126));
#1937=CARTESIAN_POINT('Origin',(16.999999942177,-24.2295579513134,45.0632044916777));
#1938=CARTESIAN_POINT('',(17.0000001465448,-20.7295579513134,45.0632044916777));
#1939=CARTESIAN_POINT('Origin',(17.0000001465448,-24.2295579513134,45.0632044916777));
#1940=CARTESIAN_POINT('',(19.0000001465448,-20.7295579513134,45.0632044916777));
#1941=CARTESIAN_POINT('',(16.999999942177,-20.7295579513134,45.0632044916777));
#1942=CARTESIAN_POINT('Origin',(19.0000001465448,-24.2295579513134,45.0632044916777));
#1943=CARTESIAN_POINT('Origin',(16.999999942177,-46.2109241942249,45.0755589235524));
#1944=CARTESIAN_POINT('',(17.0000001466008,-42.7109241942249,45.0755589235524));
#1945=CARTESIAN_POINT('Origin',(17.0000001466008,-46.2109241942249,45.0755589235524));
#1946=CARTESIAN_POINT('',(19.0000001466008,-42.7109241942249,45.0755589235524));
#1947=CARTESIAN_POINT('',(16.999999942177,-42.7109241942249,45.0755589235524));
#1948=CARTESIAN_POINT('Origin',(19.0000001466008,-46.2109241942249,45.0755589235524));
#1949=CARTESIAN_POINT('Origin',(16.999999942177,-24.2295579513134,26.4367967004153));
#1950=CARTESIAN_POINT('',(17.0000000620715,-20.7295579513134,26.4367967004153));
#1951=CARTESIAN_POINT('Origin',(17.0000000620715,-24.2295579513134,26.4367967004153));
#1952=CARTESIAN_POINT('',(19.0000000620715,-20.7295579513134,26.4367967004153));
#1953=CARTESIAN_POINT('',(16.999999942177,-20.7295579513134,26.4367967004153));
#1954=CARTESIAN_POINT('Origin',(19.0000000620715,-24.2295579513134,26.4367967004153));
#1955=CARTESIAN_POINT('Origin',(16.999999942177,-35.2285812119557,45.0765273264803));
#1956=CARTESIAN_POINT('',(17.0000001466052,-31.7285812119557,45.0765273264803));
#1957=CARTESIAN_POINT('Origin',(17.0000001466052,-35.2285812119557,45.0765273264803));
#1958=CARTESIAN_POINT('',(19.0000001466052,-31.7285812119557,45.0765273264803));
#1959=CARTESIAN_POINT('',(16.999999942177,-31.7285812119557,45.0765273264803));
#1960=CARTESIAN_POINT('Origin',(19.0000001466052,-35.2285812119557,45.0765273264803));
#1961=CARTESIAN_POINT('Origin',(21.0000000272108,-37.5293110690717,18.7500007485359));
#1962=CARTESIAN_POINT('',(21.0000000181405,-2.99999999092974,16.7500005919407));
#1963=CARTESIAN_POINT('',(21.0000000181405,-67.9053102338953,16.7500008862952));
#1964=CARTESIAN_POINT('',(21.0000000181405,-37.1570585397392,16.7500007468477));
#1965=CARTESIAN_POINT('',(19.0000000272108,-2.99999998239032,18.750000601011));
#1966=CARTESIAN_POINT('Origin',(21.0000000272108,-2.99999998185946,18.7500005919407));
#1967=CARTESIAN_POINT('',(19.0000000272108,-72.058622156284,18.7500009142013));
#1968=CARTESIAN_POINT('',(19.0000000272108,3.27158819371325,18.7500005725685));
#1969=CARTESIAN_POINT('Ctrl Pts',(19.0000000272108,-72.058622156284,18.7500009142013));
#1970=CARTESIAN_POINT('Ctrl Pts',(19.0000000260184,-71.7110351337701,18.48708378572));
#1971=CARTESIAN_POINT('Ctrl Pts',(19.0518426886211,-71.3676307826435,18.2266344441952));
#1972=CARTESIAN_POINT('Ctrl Pts',(19.2532775712107,-70.6735945303291,17.741093353753));
#1973=CARTESIAN_POINT('Ctrl Pts',(19.4005271049386,-70.3290405651711,17.5210697522688));
#1974=CARTESIAN_POINT('Ctrl Pts',(19.6781306277147,-69.8086253012714,17.2434316695337));
#1975=CARTESIAN_POINT('Ctrl Pts',(19.7794969967118,-69.6358685601486,17.1601795140089));
#1976=CARTESIAN_POINT('Ctrl Pts',(20.2174089823392,-68.9398965667092,16.8673990540183));
#1977=CARTESIAN_POINT('Ctrl Pts',(20.6044322712661,-68.4282667161486,16.7500008904608));
#1978=CARTESIAN_POINT('Ctrl Pts',(21.0000000181405,-67.9053102338953,16.7500008862952));
#1979=CARTESIAN_POINT('Origin',(21.5675439104953,-36.7848060104066,14.7500007425856));
#1980=CARTESIAN_POINT('',(21.0000000090703,-67.9053102429656,14.7500008862952));
#1981=CARTESIAN_POINT('',(21.0000000090703,-3.00000000000002,14.7500005919407));
#1982=CARTESIAN_POINT('',(21.0000000090703,-37.1570585488095,14.7500007468477));
#1983=CARTESIAN_POINT('',(27.0000000090703,-3.00000000000001,14.7500005647299));
#1984=CARTESIAN_POINT('',(11.9522131667316,-3.00000000000002,14.7500006329737));
#1985=CARTESIAN_POINT('',(27.0000000090703,-67.9053102429656,14.7500008590844));
#1986=CARTESIAN_POINT('',(27.0000000090703,-3.00000000000001,14.7500005647299));
#1987=CARTESIAN_POINT('',(21.0000000090703,-67.9053102429656,14.7500008862952));
#1988=CARTESIAN_POINT('Origin',(21.0000000090703,-3.00000000000001,14.7500005919407));
#1989=CARTESIAN_POINT('',(21.0000000116099,-2.99999999746034,15.3100005919407));
#1990=CARTESIAN_POINT('',(17.0000000272108,-2.99999998185945,18.7500006100813));
#1991=CARTESIAN_POINT('Origin',(21.0000000272108,-2.99999998185947,18.7500005919407));
#1992=CARTESIAN_POINT('',(17.0000000453514,-2.99999997562365,22.7500006100813));
#1993=CARTESIAN_POINT('',(17.0000000857247,-2.99999992334555,31.6523480670167));
#1994=CARTESIAN_POINT('',(19.0000000453514,-2.99999997562365,22.750000601011));
#1995=CARTESIAN_POINT('',(18.7476934252104,-2.99999996371892,22.7500006021553));
#1996=CARTESIAN_POINT('',(19.0000000857247,-2.99999992334555,31.6523480579464));
#1997=CARTESIAN_POINT('Origin',(21.0000000090703,-67.9053102429656,14.7500008862952));
#1998=CARTESIAN_POINT('',(27.0000000181405,-67.9053102338953,16.7500008590844));
#1999=CARTESIAN_POINT('',(27.0000000090703,-67.9053102429656,14.7500008590844));
#2000=CARTESIAN_POINT('',(21.0000000181405,-67.9053102338953,16.7500008862952));
#2001=CARTESIAN_POINT('',(21.0000000090703,-67.9053102429656,14.7500008862952));
#2002=CARTESIAN_POINT('Ctrl Pts',(17.0000000272108,-72.058622156284,18.7500009232716));
#2003=CARTESIAN_POINT('Ctrl Pts',(17.6669400611311,-72.058622156284,18.750000920247));
#2004=CARTESIAN_POINT('Ctrl Pts',(18.3338800950512,-72.058622156284,18.7500009172222));
#2005=CARTESIAN_POINT('Ctrl Pts',(19.0008201289715,-72.058622156284,18.7500009141976));
#2006=CARTESIAN_POINT('Ctrl Pts',(17.0000000231401,-71.465291884432,17.8524030195551));
#2007=CARTESIAN_POINT('Ctrl Pts',(17.6674047552952,-71.4652918837555,18.0015649134551));
#2008=CARTESIAN_POINT('Ctrl Pts',(18.3334148231329,-71.4652918830724,18.1522247114637));
#2009=CARTESIAN_POINT('Ctrl Pts',(19.0008206990546,-71.4652918823958,18.30138537693));
#2010=CARTESIAN_POINT('Ctrl Pts',(17.7312171372768,-70.0808545834603,15.7544269821984));
#2011=CARTESIAN_POINT('Ctrl Pts',(18.2760172495471,-70.0808545811964,16.253613772795));
#2012=CARTESIAN_POINT('Ctrl Pts',(18.8214789247876,-70.0808545789287,16.7536416621956));
#2013=CARTESIAN_POINT('Ctrl Pts',(19.366278494509,-70.0808545766648,17.2528277630056));
#2014=CARTESIAN_POINT('Ctrl Pts',(19.8032028077027,-68.6964172775292,14.7500008953106));
#2015=CARTESIAN_POINT('Ctrl Pts',(20.0035526211221,-68.6964172744956,15.4188946415048));
#2016=CARTESIAN_POINT('Ctrl Pts',(20.2014959915545,-68.6964172714887,16.0819248447968));
#2017=CARTESIAN_POINT('Ctrl Pts',(20.401847778502,-68.6964172684552,16.7508233996928));
#2018=CARTESIAN_POINT('Ctrl Pts',(21.0000000090703,-67.9053102429656,14.7500008862952));
#2019=CARTESIAN_POINT('Ctrl Pts',(21.0000000120949,-67.9053102399409,15.4169409202155));
#2020=CARTESIAN_POINT('Ctrl Pts',(21.0000000151196,-67.9053102369162,16.0838809541356));
#2021=CARTESIAN_POINT('Ctrl Pts',(21.0000000181442,-67.9053102338916,16.7508209880559));
#2022=CARTESIAN_POINT('',(17.0000000272108,-72.058622156284,18.7500009232716));
#2023=CARTESIAN_POINT('Ctrl Pts',(17.0000000272108,-72.058622156284,18.7500009232716));
#2024=CARTESIAN_POINT('Ctrl Pts',(17.0000000231401,-71.465291884432,17.8524030195551));
#2025=CARTESIAN_POINT('Ctrl Pts',(17.7312171372767,-70.0808545834603,15.7544269821984));
#2026=CARTESIAN_POINT('Ctrl Pts',(19.8032028077027,-68.6964172775292,14.7500008953106));
#2027=CARTESIAN_POINT('Ctrl Pts',(21.0000000090703,-67.9053102429656,14.7500008862952));
#2028=CARTESIAN_POINT('',(17.0000000272108,-72.058622156284,18.7500009232716));
#2029=CARTESIAN_POINT('Origin',(27.0000000090703,-3.00000000000001,14.7500005647299));
#2030=CARTESIAN_POINT('',(27.0000000181405,-2.99999999092974,16.7500005647299));
#2031=CARTESIAN_POINT('',(21.0000000181405,-2.99999999092974,16.7500005919407));
#2032=CARTESIAN_POINT('',(27.0000000090703,-3.00000000000001,14.7500005647299));
#2033=CARTESIAN_POINT('Origin',(27.0000000090703,-67.9053102429656,14.7500008590844));
#2034=CARTESIAN_POINT('',(27.0000000181405,-2.99999999092974,16.7500005647299));
#2035=CARTESIAN_POINT('Origin',(21.0000000272108,-37.5293110690717,18.7500007485359));
#2036=CARTESIAN_POINT('',(17.0000000272108,3.27158819371325,18.7500005816388));
#2037=CARTESIAN_POINT('Origin',(21.5675439195656,-36.7848060013363,16.7500007425856));
#2038=CARTESIAN_POINT('Origin',(21.0000001814055,-37.5293110101149,52.7500007485359));
#2039=CARTESIAN_POINT('',(21.0000001904757,-67.9053100615601,54.7500008862952));
#2040=CARTESIAN_POINT('',(21.0000001904757,-3.00000000907021,54.7500005919407));
#2041=CARTESIAN_POINT('',(21.0000001904758,-37.1570584625074,54.7500007468477));
#2042=CARTESIAN_POINT('',(19.0000001814055,-72.0586220020894,52.7500009142013));
#2043=CARTESIAN_POINT('Ctrl Pts',(21.0000001904757,-67.9053100615601,54.7500008862952));
#2044=CARTESIAN_POINT('Ctrl Pts',(20.7370864033729,-68.2528926699137,54.7500008890639));
#2045=CARTESIAN_POINT('Ctrl Pts',(20.4766409458092,-68.5963036216468,54.6981594960031));
#2046=CARTESIAN_POINT('Ctrl Pts',(19.9911039556371,-69.2903402977483,54.4967297691125));
#2047=CARTESIAN_POINT('Ctrl Pts',(19.7710773242831,-69.6348922838224,54.3494809666072));
#2048=CARTESIAN_POINT('Ctrl Pts',(19.4934329456725,-70.1553065210523,54.0718728527876));
#2049=CARTESIAN_POINT('Ctrl Pts',(19.4101790393367,-70.32806296833,53.9705044884521));
#2050=CARTESIAN_POINT('Ctrl Pts',(19.1173969553144,-71.0240295795282,53.5325892494587));
#2051=CARTESIAN_POINT('Ctrl Pts',(19.0000001831995,-71.5356692169321,53.1455658608393));
#2052=CARTESIAN_POINT('Ctrl Pts',(19.0000001814055,-72.0586220020894,52.7500009142013));
#2053=CARTESIAN_POINT('',(19.0000001814055,-3.00000001814055,52.750000601011));
#2054=CARTESIAN_POINT('',(19.0000001814055,-31.2577227393044,52.7500007291636));
#2055=CARTESIAN_POINT('Origin',(21.0000001814055,-3.00000001814049,52.7500005919407));
#2056=CARTESIAN_POINT('Origin',(16.4761067783767,-2.99999999999994,56.7500006124572));
#2057=CARTESIAN_POINT('',(21.000000199546,-2.99999999999994,56.7500005919408));
#2058=CARTESIAN_POINT('',(21.0000001970064,-3.00000000253962,56.1900005919408));
#2059=CARTESIAN_POINT('',(27.000000199546,-2.99999999999999,56.7500005647299));
#2060=CARTESIAN_POINT('',(11.9522133572074,-2.99999999999994,56.7500006329737));
#2061=CARTESIAN_POINT('',(27.0000001904757,-3.00000000907027,54.7500005647299));
#2062=CARTESIAN_POINT('',(27.000000199546,-2.99999999999999,56.7500005647299));
#2063=CARTESIAN_POINT('',(11.9522133481371,-3.00000000907022,54.7500006329737));
#2064=CARTESIAN_POINT('Origin',(21.5675441005564,-36.7848059148999,56.7500007425856));
#2065=CARTESIAN_POINT('',(21.000000199546,-67.9053100524898,56.7500008862952));
#2066=CARTESIAN_POINT('',(21.000000199546,-37.1570584534371,56.7500007468477));
#2067=CARTESIAN_POINT('',(27.000000199546,-67.9053100524898,56.7500008590844));
#2068=CARTESIAN_POINT('',(21.000000199546,-67.9053100524898,56.7500008862952));
#2069=CARTESIAN_POINT('',(27.000000199546,-67.9053100524898,56.7500008590844));
#2070=CARTESIAN_POINT('Origin',(21.0000001904757,-3.00000000907021,54.7500005919408));
#2071=CARTESIAN_POINT('',(19.0000001632649,-3.00000002433375,48.750000601011));
#2072=CARTESIAN_POINT('',(19.0000001764275,-3.00000002311849,51.6523480579464));
#2073=CARTESIAN_POINT('',(17.0000001632649,-3.00000002437632,48.7500006100813));
#2074=CARTESIAN_POINT('',(18.747693543124,-3.00000003628103,48.7500006021553));
#2075=CARTESIAN_POINT('',(17.0000001814055,-3.00000001814049,52.7500006100813));
#2076=CARTESIAN_POINT('',(17.0000001764275,-3.00000002311849,51.6523480670167));
#2077=CARTESIAN_POINT('Origin',(21.0000001814055,-3.00000001814049,52.7500005919407));
#2078=CARTESIAN_POINT('Ctrl Pts',(21.000000199546,-67.9053100524898,56.7500008862952));
#2079=CARTESIAN_POINT('Ctrl Pts',(21.0000001965214,-67.9053100555144,56.0830749153921));
#2080=CARTESIAN_POINT('Ctrl Pts',(21.0000001934969,-67.905310058539,55.4161489444891));
#2081=CARTESIAN_POINT('Ctrl Pts',(21.0000001904722,-67.9053100615637,54.749222973586));
#2082=CARTESIAN_POINT('Ctrl Pts',(20.1024022985204,-68.4986403284125,56.7500008930568));
#2083=CARTESIAN_POINT('Ctrl Pts',(20.2515610472107,-68.4986403314393,56.0826102337174));
#2084=CARTESIAN_POINT('Ctrl Pts',(20.402217636841,-68.4986403344596,55.4166141798805));
#2085=CARTESIAN_POINT('Ctrl Pts',(20.5513752203418,-68.4986403374863,54.7492224356599));
#2086=CARTESIAN_POINT('Ctrl Pts',(18.0045596625859,-69.8830776422155,56.0186833370003));
#2087=CARTESIAN_POINT('Ctrl Pts',(18.50373592739,-69.8830776446862,55.4738947123195));
#2088=CARTESIAN_POINT('Ctrl Pts',(19.0036865060611,-69.8830776471596,54.9284948157442));
#2089=CARTESIAN_POINT('Ctrl Pts',(19.5028621685166,-69.8830776496303,54.3837066665796));
#2090=CARTESIAN_POINT('Ctrl Pts',(17.0000001868331,-71.2675149620981,53.9467981210514));
#2091=CARTESIAN_POINT('Ctrl Pts',(17.6688798288143,-71.2675149630067,53.746452532184));
#2092=CARTESIAN_POINT('Ctrl Pts',(18.3318961751667,-71.2675149639044,53.5485132848207));
#2093=CARTESIAN_POINT('Ctrl Pts',(19.0007803782802,-71.267514964813,53.3481658240297));
#2094=CARTESIAN_POINT('Ctrl Pts',(17.0000001814055,-72.0586220020894,52.7500009232716));
#2095=CARTESIAN_POINT('Ctrl Pts',(17.6669261523085,-72.0586220020894,52.750000920247));
#2096=CARTESIAN_POINT('Ctrl Pts',(18.3338521232116,-72.0586220020894,52.7500009172224));
#2097=CARTESIAN_POINT('Ctrl Pts',(19.0007780941147,-72.0586220020894,52.7500009141978));
#2098=CARTESIAN_POINT('',(17.0000001814055,-72.0586220020894,52.7500009232716));
#2099=CARTESIAN_POINT('Ctrl Pts',(17.0000001814055,-72.0586220020894,52.7500009232716));
#2100=CARTESIAN_POINT('Ctrl Pts',(17.0000001868331,-71.2675149620981,53.9467981210514));
#2101=CARTESIAN_POINT('Ctrl Pts',(18.0045596625858,-69.8830776422155,56.0186833370002));
#2102=CARTESIAN_POINT('Ctrl Pts',(20.1024022985204,-68.4986403284125,56.7500008930568));
#2103=CARTESIAN_POINT('Ctrl Pts',(21.000000199546,-67.9053100524898,56.7500008862952));
#2104=CARTESIAN_POINT('',(17.0000001814055,-72.0586220020894,52.7500009232716));
#2105=CARTESIAN_POINT('',(21.000000199546,-67.9053100524898,56.7500008862952));
#2106=CARTESIAN_POINT('Origin',(27.000000199546,-67.9053100524898,56.7500008590844));
#2107=CARTESIAN_POINT('',(27.0000001904757,-67.9053100615601,54.7500008590844));
#2108=CARTESIAN_POINT('',(21.0000001904757,-67.9053100615601,54.7500008862952));
#2109=CARTESIAN_POINT('',(27.000000199546,-67.9053100524898,56.7500008590844));
#2110=CARTESIAN_POINT('Origin',(27.000000199546,-3.,56.7500005647299));
#2111=CARTESIAN_POINT('',(27.0000001904757,-67.9053100615601,54.7500008590844));
#2112=CARTESIAN_POINT('Origin',(21.0000001814055,-37.5293110101149,52.7500007485359));
#2113=CARTESIAN_POINT('',(17.0000001814055,-31.2577227393044,52.7500007382339));
#2114=CARTESIAN_POINT('Origin',(21.5675440914861,-36.7848059239702,54.7500007425856));
#2115=CARTESIAN_POINT('Origin',(16.4953868050695,-0.504613240281842,22.7500006123698));
#2116=CARTESIAN_POINT('',(14.0000000453514,2.,22.7500006236867));
#2117=CARTESIAN_POINT('',(14.0000000453514,0.,22.7500006236867));
#2118=CARTESIAN_POINT('',(14.0000000453514,-0.252306620140921,22.7500006236867));
#2119=CARTESIAN_POINT('Origin',(14.0000000453514,-3.,22.7500006236867));
#2120=CARTESIAN_POINT('Origin',(14.0000000453514,-3.,22.7500006236867));
#2121=CARTESIAN_POINT('Origin',(14.0000001043081,-3.,35.7500005960464));
#2122=CARTESIAN_POINT('',(17.0000000522781,-3.,24.2773476949849));
#2123=CARTESIAN_POINT('',(14.0000001632649,0.,48.7500006236867));
#2124=CARTESIAN_POINT('Origin',(14.0000001632649,-3.,48.7500006236867));
#2125=CARTESIAN_POINT('',(14.0000002086163,0.,58.7500005960464));
#2126=CARTESIAN_POINT('',(14.0000002086163,0.,58.7500005960464));
#2127=CARTESIAN_POINT('Origin',(16.4953869229831,-0.504613240281843,48.7500006123698));
#2128=CARTESIAN_POINT('',(14.0000001632649,2.,48.7500006236867));
#2129=CARTESIAN_POINT('Origin',(14.0000001632649,-3.,48.7500006236867));
#2130=CARTESIAN_POINT('',(14.0000001632649,-0.252306620140921,48.7500006236867));
#2131=CARTESIAN_POINT('Origin',(14.000000157596,0.,47.5000007078052));
#2132=CARTESIAN_POINT('',(14.0000002086163,2.,58.7500005960464));
#2133=CARTESIAN_POINT('',(14.0000002086163,0.,47.5000007078052));
#2134=CARTESIAN_POINT('Origin',(14.0000001043081,-3.,35.7500005960464));
#2135=CARTESIAN_POINT('',(14.0000002086163,2.,58.7500005960464));
#2136=CARTESIAN_POINT('',(19.0000000522781,-3.,24.2773476859146));
#2137=CARTESIAN_POINT('Origin',(17.0000001623792,9.54317650445432,48.554695467067));
#2138=CARTESIAN_POINT('Origin',(17.0000001043081,-67.9053101477277,35.7500009044357));
#2139=CARTESIAN_POINT('',(17.0000001514779,-59.8003101005579,46.1509659671296));
#2140=CARTESIAN_POINT('Origin',(17.0000001514779,-61.9003101005579,46.1509659766533));
#2141=CARTESIAN_POINT('',(17.0000001514779,-71.8103101005579,46.1509660215965));
#2142=CARTESIAN_POINT('Origin',(17.0000001514779,-73.9103101005579,46.1509660311203));
#2143=CARTESIAN_POINT('',(17.0000001043081,-53.7953101477277,35.750000840445));
#2144=CARTESIAN_POINT('Origin',(17.0000001043081,-55.8953101477277,35.7500008499688));
#2145=CARTESIAN_POINT('',(17.0000001043081,-77.8153101477277,35.750000949379));
#2146=CARTESIAN_POINT('Origin',(17.0000001043081,-79.9153101477277,35.7500009589027));
#2147=CARTESIAN_POINT('',(17.0000000571383,-71.8103101948975,25.3490358226944));
#2148=CARTESIAN_POINT('Origin',(17.0000000571383,-73.9103101948975,25.3490358322181));
#2149=CARTESIAN_POINT('',(17.0000000571383,-59.8003101948975,25.3490357682274));
#2150=CARTESIAN_POINT('Origin',(17.0000000571383,-61.9003101948975,25.3490357777511));
#2151=CARTESIAN_POINT('Origin',(17.0000001043081,-67.9053101477277,35.7500009044357));
#2152=CARTESIAN_POINT('Origin',(19.0000001043081,-67.9053101477277,35.7500008953655));
#2153=CARTESIAN_POINT('Origin',(9.50000014528633,-2.,47.5000007078052));
#2154=CARTESIAN_POINT('Ctrl Pts',(5.50000008195639,-3.72965547335014E-16,
47.5000007078052));
#2155=CARTESIAN_POINT('Ctrl Pts',(5.62216676066297,1.09924221620082E-16,
47.7629984189096));
#2156=CARTESIAN_POINT('Ctrl Pts',(5.74283188791978,-0.0518754559664223,
48.0234581714155));
#2157=CARTESIAN_POINT('Ctrl Pts',(5.98655396125563,-0.253206939784148,48.5087261418701));
#2158=CARTESIAN_POINT('Ctrl Pts',(6.10762168366993,-0.400389092905676,48.7288051949917));
#2159=CARTESIAN_POINT('Ctrl Pts',(6.29063546437328,-0.678240010693114,49.0066736950909));
#2160=CARTESIAN_POINT('Ctrl Pts',(6.35133434179131,-0.779617348730512,49.0899059705452));
#2161=CARTESIAN_POINT('Ctrl Pts',(6.50353355871919,-1.05217281793178,49.2721233758007));
#2162=CARTESIAN_POINT('Ctrl Pts',(6.5942854984767,-1.23119439976449,49.3568086230832));
#2163=CARTESIAN_POINT('Ctrl Pts',(6.77697213451167,-1.60786119835719,49.4710130878731));
#2164=CARTESIAN_POINT('Ctrl Pts',(6.86800013845693,-1.80340746804332,49.5000007078052));
#2165=CARTESIAN_POINT('Ctrl Pts',(6.9593205403981,-2.,49.5000007078052));
#2166=CARTESIAN_POINT('Origin',(7.55151340588905,1.46919861905725,51.5000007078052));
#2167=CARTESIAN_POINT('',(10.5000001564622,-12.9761068097987,51.5000007078051));
#2168=CARTESIAN_POINT('Origin',(13.5000002086163,-12.9761068097987,22.0000004842877));
#2169=CARTESIAN_POINT('Origin',(10.5000001564622,-12.9761068097987,49.5000007078051));
#2170=CARTESIAN_POINT('Origin',(17.0000000571383,-61.9003101948975,25.3490357777511));
#2171=CARTESIAN_POINT('',(19.0000000571383,-59.8003101948975,25.3490357591571));
#2172=CARTESIAN_POINT('',(17.0000000571383,-59.8003101948975,25.3490357682273));
#2173=CARTESIAN_POINT('Origin',(19.0000000571383,-61.9003101948975,25.3490357686809));
#2174=CARTESIAN_POINT('Origin',(17.0000001043081,-55.8953101477277,35.7500008499688));
#2175=CARTESIAN_POINT('',(19.0000001043081,-53.7953101477277,35.7500008313747));
#2176=CARTESIAN_POINT('',(17.0000001043081,-53.7953101477277,35.750000840445));
#2177=CARTESIAN_POINT('Origin',(19.0000001043081,-55.8953101477277,35.7500008408985));
#2178=CARTESIAN_POINT('Origin',(17.0000001514779,-61.9003101005579,46.1509659766533));
#2179=CARTESIAN_POINT('',(19.0000001514779,-59.8003101005579,46.1509659580593));
#2180=CARTESIAN_POINT('',(17.0000001514779,-59.8003101005579,46.1509659671295));
#2181=CARTESIAN_POINT('Origin',(19.0000001514779,-61.9003101005579,46.1509659675831));
#2182=CARTESIAN_POINT('Origin',(17.0000001514779,-73.9103101005579,46.1509660311203));
#2183=CARTESIAN_POINT('',(19.0000001514779,-71.8103101005579,46.1509660125263));
#2184=CARTESIAN_POINT('',(17.0000001514779,-71.8103101005579,46.1509660215965));
#2185=CARTESIAN_POINT('Origin',(19.0000001514779,-73.9103101005579,46.1509660220501));
#2186=CARTESIAN_POINT('Origin',(17.0000001043081,-79.9153101477277,35.7500009589027));
#2187=CARTESIAN_POINT('',(19.0000001043081,-77.8153101477277,35.7500009403087));
#2188=CARTESIAN_POINT('',(17.0000001043081,-77.8153101477277,35.7500009493789));
#2189=CARTESIAN_POINT('Origin',(19.0000001043081,-79.9153101477277,35.7500009498325));
#2190=CARTESIAN_POINT('Origin',(17.0000000571383,-73.9103101948975,25.3490358322181));
#2191=CARTESIAN_POINT('',(19.0000000571383,-71.8103101948975,25.3490358136241));
#2192=CARTESIAN_POINT('',(17.0000000571383,-71.8103101948975,25.3490358226943));
#2193=CARTESIAN_POINT('Origin',(19.0000000571383,-73.9103101948975,25.3490358231479));
#2194=CARTESIAN_POINT('Ctrl Pts',(5.50000008195639,-0.000840546564174028,
47.5000007078052));
#2195=CARTESIAN_POINT('Ctrl Pts',(5.50000008195639,0.666106302290551,47.5000007078052));
#2196=CARTESIAN_POINT('Ctrl Pts',(5.50000008195639,1.33305315114527,47.5000007078052));
#2197=CARTESIAN_POINT('Ctrl Pts',(5.50000008195639,2.,47.5000007078052));
#2198=CARTESIAN_POINT('Ctrl Pts',(5.70847443316234,-0.000841132962546231,
47.9486116699165));
#2199=CARTESIAN_POINT('Ctrl Pts',(5.70847443316234,0.666571590503244,48.0977738319273));
#2200=CARTESIAN_POINT('Ctrl Pts',(5.70847443316234,1.33258844883847,48.2484351877361));
#2201=CARTESIAN_POINT('Ctrl Pts',(5.70847443316234,2.,48.3975986088308));
#2202=CARTESIAN_POINT('Ctrl Pts',(6.19491458597625,-0.366272458067297,48.9971887137032));
#2203=CARTESIAN_POINT('Ctrl Pts',(6.19491458597625,0.178532643625669,49.4963798751911));
#2204=CARTESIAN_POINT('Ctrl Pts',(6.19491458597625,0.724022632740489,49.996443078098));
#2205=CARTESIAN_POINT('Ctrl Pts',(6.19491458597625,1.26882830962974,50.4956349719617));
#2206=CARTESIAN_POINT('Ctrl Pts',(6.68135473879015,-1.40185390206936,49.499157695865));
#2207=CARTESIAN_POINT('Ctrl Pts',(6.68135473879015,-1.20150002169806,50.1680632065472));
#2208=CARTESIAN_POINT('Ctrl Pts',(6.68135473879015,-1.00355465623508,50.8311001258044));
#2209=CARTESIAN_POINT('Ctrl Pts',(6.68135473879015,-0.803202798632466,51.5000007078052));
#2210=CARTESIAN_POINT('Ctrl Pts',(6.9593205403981,-2.,49.499160161241));
#2211=CARTESIAN_POINT('Ctrl Pts',(6.9593205403981,-2.,50.1661070100957));
#2212=CARTESIAN_POINT('Ctrl Pts',(6.9593205403981,-2.00000000000001,50.8330538589504));
#2213=CARTESIAN_POINT('Ctrl Pts',(6.9593205403981,-2.00000000000001,51.5000007078052));
#2214=CARTESIAN_POINT('',(5.50000008195639,0.,47.5000007078052));
#2215=CARTESIAN_POINT('Origin',(19.0000001623792,9.54317650445432,48.5546954579968));
#2216=CARTESIAN_POINT('Origin',(9.60302672982172,0.,47.5000007078052));
#2217=CARTESIAN_POINT('Origin',(14.000000033322,0.,20.097524783352));
#2218=CARTESIAN_POINT('',(14.0000002086163,0.,24.0000004842877));
#2219=CARTESIAN_POINT('Origin',(5.50000008195639,0.,56.0169687733166));
#2220=CARTESIAN_POINT('',(5.50000008195639,0.,56.0169687733166));
#2221=CARTESIAN_POINT('Origin',(0.,0.,35.7500005960464));
#2222=CARTESIAN_POINT('',(5.50000008195639,0.,15.4830324187763));
#2223=CARTESIAN_POINT('Origin',(14.0000002086163,0.,24.0000004842877));
#2224=CARTESIAN_POINT('Origin',(5.50000008195639,0.,24.0000004842877));
#2225=CARTESIAN_POINT('',(5.50000008195639,0.,24.0000004842877));
#2226=CARTESIAN_POINT('Origin',(-9.29146116417567E-16,0.,50.9250005960465));
#2227=CARTESIAN_POINT('',(-2.1,0.,50.9250005960465));
#2228=CARTESIAN_POINT('Origin',(-13.1419355024289,0.,43.3375005960465));
#2229=CARTESIAN_POINT('',(-15.2419355024289,0.,43.3375005960465));
#2230=CARTESIAN_POINT('Origin',(-13.1419355024289,0.,28.1625005960464));
#2231=CARTESIAN_POINT('',(-15.2419355024289,0.,28.1625005960464));
#2232=CARTESIAN_POINT('Origin',(6.82581815595793E-15,0.,20.5750005960464));
#2233=CARTESIAN_POINT('',(-2.09999999999999,0.,20.5750005960464));
#2234=CARTESIAN_POINT('Ctrl Pts',(6.9593205403981,-2.,22.0009937173958));
#2235=CARTESIAN_POINT('Ctrl Pts',(6.9593205403981,-2.,21.3339959730265));
#2236=CARTESIAN_POINT('Ctrl Pts',(6.9593205403981,-2.,20.6669982286571));
#2237=CARTESIAN_POINT('Ctrl Pts',(6.9593205403981,-2.,20.0000004842877));
#2238=CARTESIAN_POINT('Ctrl Pts',(6.68135473879015,-1.4018997698468,22.0009966312779));
#2239=CARTESIAN_POINT('Ctrl Pts',(6.68135473879015,-1.20153023258095,21.3320391797979));
#2240=CARTESIAN_POINT('Ctrl Pts',(6.68135473879015,-1.00356994532583,20.6689521108948));
#2241=CARTESIAN_POINT('Ctrl Pts',(6.68135473879015,-0.803202798632458,20.0000004842877));
#2242=CARTESIAN_POINT('Ctrl Pts',(6.19491458597625,-0.366215480606026,22.5026854603358));
#2243=CARTESIAN_POINT('Ctrl Pts',(6.19491458597625,0.178630910621879,22.0034565779893));
#2244=CARTESIAN_POINT('Ctrl Pts',(6.19491458597625,0.724344460982736,21.5031136089466));
#2245=CARTESIAN_POINT('Ctrl Pts',(6.19491458597625,1.26919171264719,21.0038836211503));
#2246=CARTESIAN_POINT('Ctrl Pts',(5.70847443316234,-0.000993926185221889,
23.5514236703812));
#2247=CARTESIAN_POINT('Ctrl Pts',(5.70847443316234,0.666469941419462,23.4022503544721));
#2248=CARTESIAN_POINT('Ctrl Pts',(5.70847443316234,1.33253751786184,23.2515773871966));
#2249=CARTESIAN_POINT('Ctrl Pts',(5.70847443316234,2.,23.1024025832621));
#2250=CARTESIAN_POINT('Ctrl Pts',(5.50000008195639,-0.00099323310811077,
24.0000004842877));
#2251=CARTESIAN_POINT('Ctrl Pts',(5.50000008195639,0.66600451126126,24.0000004842877));
#2252=CARTESIAN_POINT('Ctrl Pts',(5.50000008195639,1.33300225563063,24.0000004842877));
#2253=CARTESIAN_POINT('Ctrl Pts',(5.50000008195639,2.,24.0000004842877));
#2254=CARTESIAN_POINT('',(-97.4025211238724,-122.911472167968,-4.8725905469316));
#2255=UNCERTAINTY_MEASURE_WITH_UNIT(LENGTH_MEASURE(0.01),#2261,
'DISTANCE_ACCURACY_VALUE',
'Maximum model space distance between geometric entities at asserted c
onnectivities');
#2256=UNCERTAINTY_MEASURE_WITH_UNIT(LENGTH_MEASURE(0.01),#2261,
'DISTANCE_ACCURACY_VALUE',
'Maximum model space distance between geometric entities at asserted c
onnectivities');
#2257=UNCERTAINTY_MEASURE_WITH_UNIT(LENGTH_MEASURE(0.01),#2261,
'DISTANCE_ACCURACY_VALUE',
'Maximum model space distance between geometric entities at asserted c
onnectivities');
#2258=(
GEOMETRIC_REPRESENTATION_CONTEXT(3)
GLOBAL_UNCERTAINTY_ASSIGNED_CONTEXT((#2255))
GLOBAL_UNIT_ASSIGNED_CONTEXT((#2261,#2263,#2264))
REPRESENTATION_CONTEXT('','3D')
);
#2259=(
GEOMETRIC_REPRESENTATION_CONTEXT(3)
GLOBAL_UNCERTAINTY_ASSIGNED_CONTEXT((#2256))
GLOBAL_UNIT_ASSIGNED_CONTEXT((#2261,#2263,#2264))
REPRESENTATION_CONTEXT('','3D')
);
#2260=(
GEOMETRIC_REPRESENTATION_CONTEXT(3)
GLOBAL_UNCERTAINTY_ASSIGNED_CONTEXT((#2257))
GLOBAL_UNIT_ASSIGNED_CONTEXT((#2261,#2263,#2264))
REPRESENTATION_CONTEXT('','3D')
);
#2261=(
LENGTH_UNIT()
NAMED_UNIT(*)
SI_UNIT(.MILLI.,.METRE.)
);
#2262=(
LENGTH_UNIT()
NAMED_UNIT(*)
SI_UNIT($,.METRE.)
);
#2263=(
NAMED_UNIT(*)
PLANE_ANGLE_UNIT()
SI_UNIT($,.RADIAN.)
);
#2264=(
NAMED_UNIT(*)
SI_UNIT($,.STERADIAN.)
SOLID_ANGLE_UNIT()
);
#2265=SHAPE_DEFINITION_REPRESENTATION(#2267,#2270);
#2266=SHAPE_DEFINITION_REPRESENTATION(#2268,#2271);
#2267=PRODUCT_DEFINITION_SHAPE('',$,#2273);
#2268=PRODUCT_DEFINITION_SHAPE('',$,#2274);
#2269=PRODUCT_DEFINITION_SHAPE($,$,#14);
#2270=SHAPE_REPRESENTATION('',(#1286,#1402),#2258);
#2271=SHAPE_REPRESENTATION('',(#1287),#2259);
#2272=PRODUCT_DEFINITION_CONTEXT('part definition',#2280,'design');
#2273=PRODUCT_DEFINITION('Leg (right)','Leg (right) v74',#2275,#2272);
#2274=PRODUCT_DEFINITION('Leg (right)_1','NewActuatorArm v1',#2276,#2272);
#2275=PRODUCT_DEFINITION_FORMATION('',$,#2282);
#2276=PRODUCT_DEFINITION_FORMATION('',$,#2283);
#2277=PRODUCT_RELATED_PRODUCT_CATEGORY('Leg (right) v74',
'Leg (right) v74',(#2282));
#2278=PRODUCT_RELATED_PRODUCT_CATEGORY('NewActuatorArm v1',
'NewActuatorArm v1',(#2283));
#2279=APPLICATION_PROTOCOL_DEFINITION('international standard',
'automotive_design',2009,#2280);
#2280=APPLICATION_CONTEXT(
'Core Data for Automotive Mechanical Design Process');
#2281=PRODUCT_CONTEXT('part definition',#2280,'mechanical');
#2282=PRODUCT('Leg (right)','Leg (right) v74',$,(#2281));
#2283=PRODUCT('Leg (right)_1','NewActuatorArm v1',$,(#2281));
#2284=PRESENTATION_STYLE_ASSIGNMENT((#2289));
#2285=PRESENTATION_STYLE_ASSIGNMENT((#2290));
#2286=PRESENTATION_STYLE_ASSIGNMENT((#2291));
#2287=PRESENTATION_STYLE_ASSIGNMENT((#2292));
#2288=PRESENTATION_STYLE_ASSIGNMENT((#2293));
#2289=SURFACE_STYLE_USAGE(.BOTH.,#2294);
#2290=SURFACE_STYLE_USAGE(.BOTH.,#2295);
#2291=SURFACE_STYLE_USAGE(.BOTH.,#2296);
#2292=SURFACE_STYLE_USAGE(.BOTH.,#2297);
#2293=SURFACE_STYLE_USAGE(.BOTH.,#2298);
#2294=SURFACE_SIDE_STYLE('',(#2299));
#2295=SURFACE_SIDE_STYLE('',(#2300));
#2296=SURFACE_SIDE_STYLE('',(#2301));
#2297=SURFACE_SIDE_STYLE('',(#2302));
#2298=SURFACE_SIDE_STYLE('',(#2303));
#2299=SURFACE_STYLE_FILL_AREA(#2304);
#2300=SURFACE_STYLE_FILL_AREA(#2305);
#2301=SURFACE_STYLE_FILL_AREA(#2306);
#2302=SURFACE_STYLE_FILL_AREA(#2307);
#2303=SURFACE_STYLE_FILL_AREA(#2308);
#2304=FILL_AREA_STYLE('Steel - Satin',(#2309));
#2305=FILL_AREA_STYLE('Plate',(#2310));
#2306=FILL_AREA_STYLE('ABS (White)',(#2311));
#2307=FILL_AREA_STYLE('Aluminum - Satin',(#2312));
#2308=FILL_AREA_STYLE('Opaque(160,160,160)',(#2313));
#2309=FILL_AREA_STYLE_COLOUR('Steel - Satin',#2314);
#2310=FILL_AREA_STYLE_COLOUR('Plate',#2315);
#2311=FILL_AREA_STYLE_COLOUR('ABS (White)',#2316);
#2312=FILL_AREA_STYLE_COLOUR('Aluminum - Satin',#2317);
#2313=FILL_AREA_STYLE_COLOUR('Opaque(160,160,160)',#2318);
#2314=COLOUR_RGB('Steel - Satin',0.627450980392157,0.627450980392157,0.627450980392157);
#2315=COLOUR_RGB('Plate',0.6,0.6,0.6);
#2316=COLOUR_RGB('ABS (White)',0.964705882352941,0.964705882352941,0.952941176470588);
#2317=COLOUR_RGB('Aluminum - Satin',0.96078431372549,0.96078431372549,0.964705882352941);
#2318=COLOUR_RGB('Opaque(160,160,160)',0.627450980392157,0.627450980392157,
0.627450980392157);
ENDSEC;
END-ISO-10303-21;
